expediente_id,municipio,tipo_proceso,despacho,anio_radicacion,ivf_score,carga_despacho,n_audiencias,apelacion,duracion_dias,terminado,tipo_proceso_enc,municipio_enc,despacho_enc,duracion_estimada,p75_duracion,riesgo
EXP-01949,CALI,SUSTANCIAS,Juzgado_1_Familia,2024,70.34,1.35,10,0,587,1,2,8,2,518,333.0,Alto
EXP-06238,CALI,SUSTANCIAS,Juzgado_1_Familia,2024,70.34,1.35,10,0,557,1,2,8,2,518,333.0,Alto
EXP-04484,CALI,SUSTANCIAS,Juzgado_1_Familia,2021,70.34,1.35,9,0,532,1,2,8,2,516,333.0,Alto
EXP-08061,CALI,SUSTANCIAS,Juzgado_1_Familia,2021,70.34,1.35,8,0,542,1,2,8,2,513,333.0,Alto
EXP-08249,CALI,VIF,Juzgado_1_Familia,2020,70.34,1.35,10,0,502,1,3,8,2,511,327.75,Alto
EXP-11659,CALI,SUSTANCIAS,Juzgado_1_Familia,2022,70.34,1.35,17,0,626,1,2,8,2,511,333.0,Alto
EXP-07831,CALI,VIF,Juzgado_1_Familia,2023,70.34,1.35,11,0,522,1,3,8,2,510,327.75,Alto
EXP-07178,CALI,VIF,Juzgado_1_Familia,2023,70.34,1.35,10,0,527,1,3,8,2,505,327.75,Alto
EXP-10577,CALI,VIF,Juzgado_1_Familia,2023,70.34,1.35,10,0,539,1,3,8,2,505,327.75,Alto
EXP-00380,CALI,VIF,Juzgado_1_Familia,2021,70.34,1.35,13,0,563,1,3,8,2,503,327.75,Alto
EXP-02038,CALI,VIF,Juzgado_1_Familia,2023,70.34,1.35,12,0,554,1,3,8,2,502,327.75,Alto
EXP-08486,CALI,VIF,Juzgado_1_Familia,2023,70.34,1.35,17,0,613,1,3,8,2,501,327.75,Alto
EXP-04303,CALI,VIF,Juzgado_1_Familia,2022,70.34,1.35,10,0,557,1,3,8,2,496,327.75,Alto
EXP-11674,CALI,VIF,Juzgado_1_Familia,2022,70.34,1.35,10,0,516,1,3,8,2,496,327.75,Alto
EXP-00313,CALI,VIF,Juzgado_1_Familia,2021,70.34,1.35,8,0,526,1,3,8,2,495,327.75,Alto
EXP-01882,CALI,VIF,Juzgado_1_Familia,2021,70.34,1.35,8,0,541,1,3,8,2,495,327.75,Alto
EXP-05690,CALI,VIF,Juzgado_1_Familia,2024,70.34,1.35,9,0,531,1,3,8,2,492,327.75,Alto
EXP-08381,CALI,VIF,Juzgado_1_Familia,2024,70.34,1.35,9,0,526,1,3,8,2,492,327.75,Alto
EXP-06560,CALI,SUSTANCIAS,Juzgado_2_Familia,2020,70.34,1.2,9,0,504,1,2,8,3,487,319.0,Alto
EXP-03497,CALI,VIF,Juzgado_Penal_Municipal_1,2024,70.34,1.25,20,0,627,1,3,8,5,486,300.0,Alto
EXP-09889,CALI,VIF,Juzgado_2_Familia,2021,70.34,1.2,11,0,467,1,3,8,3,486,309.0,Alto
EXP-09766,CALI,VIF,Juzgado_Penal_Municipal_1,2021,70.34,1.25,11,0,368,0,3,8,5,485,300.0,Alto
EXP-00160,CALI,VIF,Juzgado_Penal_Municipal_1,2023,70.34,1.25,16,0,578,1,3,8,5,483,300.0,Alto
EXP-04262,CALI,SUSTANCIAS,Juzgado_2_Familia,2023,70.34,1.2,10,0,511,1,2,8,3,483,319.0,Alto
EXP-10166,CALI,VIF,Juzgado_2_Familia,2021,70.34,1.2,12,0,508,1,3,8,3,481,309.0,Alto
EXP-00246,CALI,VIF,Juzgado_Penal_Municipal_1,2024,70.34,1.25,11,0,511,1,3,8,5,480,300.0,Alto
EXP-01068,CALI,VIF,Juzgado_Penal_Municipal_1,2023,70.34,1.25,11,0,433,0,3,8,5,480,300.0,Alto
EXP-10482,CALI,VIF,Juzgado_Penal_Municipal_1,2024,70.34,1.25,11,0,546,1,3,8,5,480,300.0,Alto
EXP-06478,CALI,VIF,Juzgado_Penal_Municipal_1,2021,70.34,1.25,12,0,501,1,3,8,5,479,300.0,Alto
EXP-05989,CALI,VIF,Juzgado_2_Familia,2023,70.34,1.2,11,0,511,1,3,8,3,476,309.0,Alto
EXP-06702,CALI,VIF,Juzgado_2_Familia,2024,70.34,1.2,11,0,505,1,3,8,3,476,309.0,Alto
EXP-07995,CALI,VIF,Juzgado_2_Familia,2022,70.34,1.2,11,0,474,1,3,8,3,475,309.0,Alto
EXP-10098,CALI,VIF,Juzgado_Penal_Municipal_1,2024,70.34,1.25,12,0,536,1,3,8,5,474,300.0,Alto
EXP-07357,CALI,VIF,Juzgado_Penal_Municipal_2,2022,70.34,1.05,16,0,537,1,3,8,6,473,272.5,Alto
EXP-03983,CALI,VIF,Juzgado_Penal_Municipal_2,2024,70.34,1.05,18,0,429,0,3,8,6,471,272.5,Alto
EXP-11509,CALI,VIF,Comisaria_1_Familia,2022,70.34,1.1,11,0,490,1,3,8,0,471,286.0,Alto
EXP-02833,CALI,VIF,Comisaria_1_Familia,2020,70.34,1.1,10,0,490,1,3,8,0,470,286.0,Alto
EXP-02913,CALI,SUSTANCIAS,Juzgado_Penal_Municipal_2,2022,70.34,1.05,11,0,532,1,2,8,6,470,283.5,Alto
EXP-07913,CALI,VIF,Juzgado_2_Familia,2023,70.34,1.2,10,0,493,1,3,8,3,470,309.0,Alto
EXP-11356,CALI,VIF,Juzgado_2_Familia,2023,70.34,1.2,10,0,504,1,3,8,3,470,309.0,Alto
EXP-03138,CALI,VIF,Juzgado_2_Familia,2022,70.34,1.2,10,0,500,1,3,8,3,469,309.0,Alto
EXP-01011,CALI,VIF,Juzgado_2_Familia,2021,70.34,1.2,8,0,521,1,3,8,3,468,309.0,Alto
EXP-01869,CALI,VIF,Juzgado_2_Familia,2021,70.34,1.2,8,0,437,1,3,8,3,468,309.0,Alto
EXP-03062,CALI,VIF,Juzgado_2_Familia,2020,70.34,1.2,9,0,454,1,3,8,3,468,309.0,Alto
EXP-08310,CALI,VIF,Juzgado_2_Familia,2021,70.34,1.2,8,0,461,1,3,8,3,468,309.0,Alto
EXP-09394,CALI,VIF,Juzgado_2_Familia,2023,70.34,1.2,12,0,412,0,3,8,3,468,309.0,Alto
EXP-11348,CALI,VIF,Juzgado_2_Familia,2021,70.34,1.2,9,0,524,1,3,8,3,468,309.0,Alto
EXP-06698,CALI,VIF,Juzgado_2_Familia,2020,70.34,1.2,8,0,456,1,3,8,3,467,309.0,Alto
EXP-09822,CALI,VIF,Juzgado_Penal_Municipal_2,2024,70.34,1.05,16,0,533,1,3,8,6,467,272.5,Alto
EXP-02163,CALI,VIF,Juzgado_2_Familia,2022,70.34,1.2,16,0,330,0,3,8,3,466,309.0,Alto
EXP-03733,CALI,VIF,Juzgado_Penal_Municipal_1,2021,70.34,1.25,8,0,468,1,3,8,5,465,300.0,Alto
EXP-08490,CALI,SUSTANCIAS,Comisaria_1_Familia,2022,70.34,1.1,8,0,514,1,2,8,0,465,293.0,Alto
EXP-09832,CALI,VIF,Juzgado_Penal_Municipal_2,2023,70.34,1.05,19,0,556,1,3,8,6,465,272.5,Alto
EXP-11056,CALI,SUSTANCIAS,Juzgado_3_Familia,2024,70.34,0.95,16,0,538,1,2,8,4,465,279.5,Alto
EXP-04643,CALI,VIF,Juzgado_3_Familia,2023,70.34,0.95,17,0,492,1,3,8,4,464,255.75,Alto
EXP-04683,CALI,VIF,Juzgado_2_Familia,2024,70.34,1.2,17,0,556,1,3,8,3,464,309.0,Alto
EXP-04761,CALI,SUSTANCIAS,Comisaria_1_Familia,2024,70.34,1.1,9,0,524,1,2,8,0,464,293.0,Alto
EXP-09362,CALI,VIF,Juzgado_3_Familia,2023,70.34,0.95,16,0,505,1,3,8,4,464,255.75,Alto
EXP-00891,CALI,VIF,Comisaria_1_Familia,2024,70.34,1.1,12,0,486,1,3,8,0,462,286.0,Alto
EXP-01636,CALI,VIF,Comisaria_1_Familia,2022,70.34,1.1,10,0,474,1,3,8,0,462,286.0,Alto
EXP-03092,CALI,VIF,Comisaria_1_Familia,2024,70.34,1.1,12,0,499,1,3,8,0,462,286.0,Alto
EXP-05363,CALI,VIF,Comisaria_1_Familia,2022,70.34,1.1,10,0,482,1,3,8,0,462,286.0,Alto
EXP-09166,CALI,VIF,Comisaria_1_Familia,2022,70.34,1.1,10,0,496,1,3,8,0,462,286.0,Alto
EXP-09604,CALI,VIF,Juzgado_Penal_Municipal_1,2023,70.34,1.25,9,0,453,1,3,8,5,462,300.0,Alto
EXP-01097,CALI,VIF,Juzgado_Penal_Municipal_1,2024,70.34,1.25,8,0,491,1,3,8,5,459,300.0,Alto
EXP-03108,CALI,VIF,Juzgado_Penal_Municipal_1,2024,70.34,1.25,8,0,478,1,3,8,5,459,300.0,Alto
EXP-06918,CALI,VIF,Juzgado_Penal_Municipal_1,2023,70.34,1.25,8,0,400,0,3,8,5,459,300.0,Alto
EXP-07248,CALI,VIF,Juzgado_Penal_Municipal_1,2024,70.34,1.25,8,0,483,1,3,8,5,459,300.0,Alto
EXP-07311,CALI,VIF,Juzgado_Penal_Municipal_1,2024,70.34,1.25,8,0,508,1,3,8,5,459,300.0,Alto
EXP-08252,CALI,SUSTANCIAS,Comisaria_1_Familia,2020,70.34,1.1,7,0,469,1,2,8,0,459,293.0,Alto
EXP-00985,CALI,VIF,Comisaria_1_Familia,2021,70.34,1.1,9,0,453,1,3,8,0,458,286.0,Alto
EXP-02611,CALI,VIF,Juzgado_Penal_Municipal_1,2022,70.34,1.25,9,0,206,0,3,8,5,457,300.0,Alto
EXP-06662,CALI,VIF,Comisaria_1_Familia,2020,70.34,1.1,9,0,468,1,3,8,0,457,286.0,Alto
EXP-06881,CALI,VIF,Comisaria_1_Familia,2023,70.34,1.1,13,0,529,1,3,8,0,456,286.0,Alto
EXP-08846,CALI,VIF,Comisaria_1_Familia,2023,70.34,1.1,13,0,493,1,3,8,0,456,286.0,Alto
EXP-00011,CALI,VIF,Juzgado_3_Familia,2020,70.34,0.95,19,0,353,0,3,8,4,455,255.75,Alto
EXP-07333,CALI,VIF,Juzgado_Penal_Municipal_1,2022,70.34,1.25,8,0,495,1,3,8,5,454,300.0,Alto
EXP-10845,CALI,VIF,Juzgado_Penal_Municipal_1,2022,70.34,1.25,8,0,515,1,3,8,5,454,300.0,Alto
EXP-11144,CALI,VIF,Juzgado_Penal_Municipal_1,2022,70.34,1.25,8,0,501,1,3,8,5,454,300.0,Alto
EXP-00744,CALI,SUSTANCIAS,Juzgado_Penal_Municipal_2,2022,70.34,1.05,13,0,536,1,2,8,6,453,283.5,Alto
EXP-00924,CALI,VIF,Juzgado_Penal_Municipal_2,2020,70.34,1.05,11,0,460,1,3,8,6,453,272.5,Alto
EXP-04911,CALI,VIF,Juzgado_Penal_Municipal_2,2020,70.34,1.05,11,0,479,1,3,8,6,453,272.5,Alto
EXP-08008,CALI,SUSTANCIAS,Juzgado_Penal_Municipal_2,2020,70.34,1.05,8,0,365,0,2,8,6,453,283.5,Alto
EXP-10652,CALI,VIF,Juzgado_3_Familia,2022,70.34,0.95,11,0,469,1,3,8,4,453,255.75,Alto
EXP-00727,CALI,VIF,Juzgado_3_Familia,2024,70.34,0.95,11,0,481,1,3,8,4,450,255.75,Alto
EXP-04173,CALI,VIF,Juzgado_3_Familia,2022,70.34,0.95,12,0,458,1,3,8,4,449,255.75,Alto
EXP-06604,CALI,VIF,Juzgado_3_Familia,2022,70.34,0.95,12,0,475,1,3,8,4,449,255.75,Alto
EXP-06928,CALI,VIF,Juzgado_3_Familia,2022,70.34,0.95,12,0,456,1,3,8,4,449,255.75,Alto
EXP-03328,CALI,VIF,Juzgado_Penal_Municipal_2,2022,70.34,1.05,12,0,415,0,3,8,6,448,272.5,Alto
EXP-03638,CALI,VIF,Juzgado_Penal_Municipal_2,2023,70.34,1.05,11,0,518,1,3,8,6,448,272.5,Alto
EXP-11258,CALI,VIF,Comisaria_1_Familia,2022,70.34,1.1,8,0,476,1,3,8,0,448,286.0,Alto
EXP-02291,CALI,SUSTANCIAS,Comisaria_2_Familia,2024,70.34,0.9,11,0,479,1,2,8,1,447,288.0,Alto
EXP-06319,CALI,SUSTANCIAS,Comisaria_2_Familia,2024,70.34,0.9,11,0,503,1,2,8,1,447,288.0,Alto
EXP-06663,CALI,VIF,Juzgado_3_Familia,2024,70.34,0.95,12,0,466,1,3,8,4,447,255.75,Alto
EXP-09568,CALI,SUSTANCIAS,Comisaria_2_Familia,2021,70.34,0.9,14,0,501,1,2,8,1,447,288.0,Alto
EXP-10016,CALI,SUSTANCIAS,Comisaria_2_Familia,2023,70.34,0.9,11,0,476,1,2,8,1,447,288.0,Alto
EXP-10228,CALI,VIF,Juzgado_Penal_Municipal_2,2021,70.34,1.05,10,0,481,1,3,8,6,446,272.5,Alto
EXP-11188,CALI,VIF,Comisaria_1_Familia,2024,70.34,1.1,9,0,483,1,3,8,0,446,286.0,Alto
EXP-00189,CALI,VIF,Comisaria_1_Familia,2024,70.34,1.1,8,0,482,1,3,8,0,445,286.0,Alto
EXP-05101,CALI,VIF,Comisaria_1_Familia,2024,70.34,1.1,8,0,463,1,3,8,0,445,286.0,Alto
EXP-06303,CALI,SUSTANCIAS,Comisaria_1_Familia,2024,70.34,1.1,7,0,494,1,2,8,0,445,293.0,Alto
EXP-06823,CALI,VIF,Comisaria_1_Familia,2024,70.34,1.1,8,0,322,0,3,8,0,445,286.0,Alto
EXP-07047,CALI,VIF,Comisaria_1_Familia,2023,70.34,1.1,8,0,472,1,3,8,0,445,286.0,Alto
EXP-07708,CALI,SUSTANCIAS,Juzgado_Penal_Municipal_2,2022,70.34,1.05,8,0,484,1,2,8,6,445,283.5,Alto
EXP-10963,CALI,VIF,Comisaria_1_Familia,2023,70.34,1.1,8,0,447,1,3,8,0,445,286.0,Alto
EXP-00914,CALI,VIF,Juzgado_Penal_Municipal_2,2023,70.34,1.05,12,0,536,1,3,8,6,444,272.5,Alto
EXP-06105,CALI,SUSTANCIAS,Juzgado_Penal_Municipal_2,2024,70.34,1.05,9,0,308,0,2,8,6,443,283.5,Alto
EXP-04201,CALI,SUSTANCIAS,Comisaria_2_Familia,2021,70.34,0.9,9,0,436,1,2,8,1,442,288.0,Alto
EXP-11395,CALI,VIF,Juzgado_3_Familia,2024,70.34,0.95,22,0,541,1,3,8,4,442,255.75,Alto
EXP-01028,CALI,VIF,Comisaria_2_Familia,2022,70.34,0.9,18,0,525,1,3,8,1,441,240.0,Alto
EXP-05693,CALI,VIF,Juzgado_Penal_Municipal_2,2024,70.34,1.05,13,0,517,1,3,8,6,441,272.5,Alto
EXP-09715,CALI,SUSTANCIAS,Juzgado_Penal_Municipal_2,2024,70.34,1.05,8,0,482,1,2,8,6,441,283.5,Alto
EXP-10557,CALI,VIF,Juzgado_Penal_Municipal_2,2024,70.34,1.05,13,0,510,1,3,8,6,441,272.5,Alto
EXP-05271,CALI,VIF,Comisaria_1_Familia,2021,70.34,1.1,7,0,451,1,3,8,0,440,286.0,Alto
EXP-05991,CALI,VIF,Comisaria_1_Familia,2021,70.34,1.1,7,0,445,1,3,8,0,440,286.0,Alto
EXP-11970,CALI,SUSTANCIAS,Juzgado_3_Familia,2024,70.34,0.95,9,0,484,1,2,8,4,438,279.5,Alto
EXP-00979,CALI,VIF,Juzgado_Penal_Municipal_2,2021,70.34,1.05,9,0,481,1,3,8,6,435,272.5,Alto
EXP-01599,CALI,VIF,Juzgado_Penal_Municipal_2,2022,70.34,1.05,15,0,385,0,3,8,6,435,272.5,Alto
EXP-07354,CALI,VIF,Comisaria_2_Familia,2022,70.34,0.9,11,0,461,1,3,8,1,435,240.0,Alto
EXP-03992,CALI,SUSTANCIAS,Comisaria_2_Familia,2023,70.34,0.9,10,0,484,1,2,8,1,433,288.0,Alto
EXP-05673,CALI,SUSTANCIAS,Juzgado_3_Familia,2024,70.34,0.95,8,0,476,1,2,8,4,433,279.5,Alto
EXP-02431,CALI,VIF,Comisaria_2_Familia,2023,70.34,0.9,11,0,352,0,3,8,1,431,240.0,Alto
EXP-10367,CALI,VIF,Comisaria_2_Familia,2024,70.34,0.9,11,0,466,1,3,8,1,431,240.0,Alto
EXP-02049,CALI,VIF,Juzgado_3_Familia,2021,70.34,0.95,8,0,443,1,3,8,4,430,255.75,Alto
EXP-11794,CALI,VIF,Comisaria_2_Familia,2021,70.34,0.9,13,0,440,1,3,8,1,430,240.0,Alto
EXP-00422,CALI,VIF,Juzgado_Penal_Municipal_2,2020,70.34,1.05,9,0,451,1,3,8,6,429,272.5,Alto
EXP-05810,CALI,SUSTANCIAS,Juzgado_3_Familia,2021,70.34,0.95,7,0,445,1,2,8,4,429,279.5,Alto
EXP-06925,CALI,SUSTANCIAS,Juzgado_3_Familia,2021,70.34,0.95,7,0,453,1,2,8,4,429,279.5,Alto
EXP-04955,CALI,VIF,Comisaria_2_Familia,2022,70.34,0.9,12,0,443,1,3,8,1,428,240.0,Alto
EXP-01821,CALI,VIF,Juzgado_Penal_Municipal_2,2022,70.34,1.05,9,0,474,1,3,8,6,426,272.5,Alto
EXP-03135,CALI,VIF,Juzgado_Penal_Municipal_2,2022,70.34,1.05,9,0,478,1,3,8,6,426,272.5,Alto
EXP-07990,CALI,VIF,Juzgado_3_Familia,2022,70.34,0.95,9,0,445,1,3,8,4,426,255.75,Alto
EXP-00996,CALI,VIF,Comisaria_2_Familia,2023,70.34,0.9,12,0,479,1,3,8,1,425,240.0,Alto
EXP-02276,CALI,VIF,Comisaria_2_Familia,2024,70.34,0.9,12,0,472,1,3,8,1,425,240.0,Alto
EXP-06160,CALI,VIF,Comisaria_2_Familia,2024,70.34,0.9,12,0,476,1,3,8,1,425,240.0,Alto
EXP-06254,CALI,VIF,Comisaria_2_Familia,2024,70.34,0.9,12,0,473,1,3,8,1,425,240.0,Alto
EXP-00382,CALI,VIF,Juzgado_3_Familia,2024,70.34,0.95,9,0,484,1,3,8,4,424,255.75,Alto
EXP-06767,CALI,VIF,Juzgado_3_Familia,2024,70.34,0.95,9,0,457,1,3,8,4,424,255.75,Alto
EXP-07956,CALI,VIF,Juzgado_Penal_Municipal_2,2024,70.34,1.05,9,0,508,1,3,8,6,423,272.5,Alto
EXP-08728,CALI,VIF,Juzgado_3_Familia,2024,70.34,0.95,15,0,474,1,3,8,4,423,255.75,Alto
EXP-10465,CALI,VIF,Juzgado_Penal_Municipal_2,2023,70.34,1.05,9,0,272,0,3,8,6,423,272.5,Alto
EXP-01651,CALI,VIF,Juzgado_Penal_Municipal_2,2023,70.34,1.05,8,0,442,1,3,8,6,421,272.5,Alto
EXP-05411,CALI,VIF,Juzgado_3_Familia,2022,70.34,0.95,8,0,429,1,3,8,4,421,255.75,Alto
EXP-08154,CALI,VIF,Juzgado_Penal_Municipal_2,2024,70.34,1.05,8,0,411,0,3,8,6,421,272.5,Alto
EXP-06012,CALI,VIF,Comisaria_2_Familia,2023,70.34,0.9,10,0,309,0,3,8,1,419,240.0,Alto
EXP-07348,CALI,VIF,Comisaria_2_Familia,2024,70.34,0.9,10,0,340,0,3,8,1,419,240.0,Alto
EXP-05642,CALI,VIF,Comisaria_2_Familia,2020,70.34,0.9,9,0,420,1,3,8,1,418,240.0,Alto
EXP-09686,CALI,VIF,Juzgado_3_Familia,2024,70.34,0.95,8,0,460,1,3,8,4,418,255.75,Alto
EXP-00326,CALI,VIF,Comisaria_2_Familia,2020,70.34,0.9,8,0,389,1,3,8,1,413,240.0,Alto
EXP-04705,CALI,VIF,Comisaria_2_Familia,2020,70.34,0.9,8,0,437,1,3,8,1,413,240.0,Alto
EXP-00126,CALI,VIF,Comisaria_2_Familia,2024,70.34,0.9,9,0,440,1,3,8,1,408,240.0,Alto
EXP-01814,CALI,VIF,Comisaria_2_Familia,2024,70.34,0.9,9,0,415,1,3,8,1,408,240.0,Alto
EXP-05261,CALI,VIF,Comisaria_2_Familia,2024,70.34,0.9,9,0,480,1,3,8,1,408,240.0,Alto
EXP-07839,CALI,VIF,Comisaria_2_Familia,2023,70.34,0.9,9,0,470,1,3,8,1,408,240.0,Alto
EXP-08301,CALI,VIF,Comisaria_2_Familia,2024,70.34,0.9,9,0,426,1,3,8,1,408,240.0,Alto
EXP-05241,CALI,VIF,Comisaria_2_Familia,2024,70.34,0.9,8,0,420,1,3,8,1,403,240.0,Alto
EXP-00187,CALI,VIF,Juzgado_3_Familia,2022,70.34,0.95,7,0,418,1,3,8,4,401,255.75,Alto
EXP-04456,CALI,VIF,Juzgado_3_Familia,2022,70.34,0.95,7,0,421,1,3,8,4,401,255.75,Alto
EXP-05781,CALI,VIF,Juzgado_3_Familia,2022,70.34,0.95,7,0,342,0,3,8,4,401,255.75,Alto
EXP-09495,CALI,VIF,Juzgado_3_Familia,2022,70.34,0.95,7,0,421,1,3,8,4,401,255.75,Alto
EXP-08098,CALI,VIF,Juzgado_3_Familia,2021,70.34,0.95,5,0,470,1,3,8,4,399,255.75,Alto
EXP-00771,CALI,VIF,Juzgado_3_Familia,2024,70.34,0.95,7,0,444,1,3,8,4,398,255.75,Alto
EXP-04745,CALI,VIF,Juzgado_3_Familia,2023,70.34,0.95,7,0,437,1,3,8,4,398,255.75,Alto
EXP-05047,CALI,VIF,Juzgado_3_Familia,2024,70.34,0.95,7,0,439,1,3,8,4,398,255.75,Alto
EXP-07171,CALI,VIF,Juzgado_3_Familia,2023,70.34,0.95,7,0,257,0,3,8,4,398,255.75,Alto
EXP-07724,CALI,VIF,Juzgado_3_Familia,2023,70.34,0.95,7,0,376,0,3,8,4,398,255.75,Alto
EXP-04859,CALI,VIF,Comisaria_2_Familia,2021,70.34,0.9,7,0,431,1,3,8,1,397,240.0,Alto
EXP-10944,CALI,VIF,Juzgado_3_Familia,2020,70.34,0.95,5,0,392,1,3,8,4,396,255.75,Alto
EXP-03533,CALI,VIF,Juzgado_3_Familia,2021,70.34,0.95,4,0,386,1,3,8,4,393,255.75,Alto
EXP-03872,CALI,VIF,Juzgado_3_Familia,2021,70.34,0.95,4,0,383,1,3,8,4,393,255.75,Alto
EXP-11200,CALI,VIF,Juzgado_3_Familia,2021,70.34,0.95,4,0,397,1,3,8,4,393,255.75,Alto
EXP-11485,CALI,VIF,Juzgado_3_Familia,2021,70.34,0.95,4,0,397,1,3,8,4,393,255.75,Alto
EXP-01461,CALI,VIF,Juzgado_3_Familia,2024,70.34,0.95,5,0,442,1,3,8,4,392,255.75,Alto
EXP-02704,CALI,VIF,Juzgado_3_Familia,2023,70.34,0.95,5,0,421,1,3,8,4,392,255.75,Alto
EXP-04713,CALI,VIF,Juzgado_3_Familia,2024,70.34,0.95,5,0,459,1,3,8,4,392,255.75,Alto
EXP-08306,CALI,VIF,Juzgado_3_Familia,2024,70.34,0.95,5,0,420,1,3,8,4,392,255.75,Alto
EXP-10179,CALI,VIF,Juzgado_3_Familia,2024,70.34,0.95,5,0,450,1,3,8,4,392,255.75,Alto
EXP-05314,CALI,VIF,Juzgado_3_Familia,2022,70.34,0.95,5,0,398,1,3,8,4,391,255.75,Alto
EXP-05393,CALI,VIF,Juzgado_3_Familia,2022,70.34,0.95,5,0,290,0,3,8,4,391,255.75,Alto
EXP-10175,CALI,VIF,Juzgado_3_Familia,2022,70.34,0.95,5,0,429,1,3,8,4,391,255.75,Alto
EXP-00093,CALI,VIF,Juzgado_3_Familia,2020,70.34,0.95,4,0,433,1,3,8,4,390,255.75,Alto
EXP-03573,CALI,VIF,Juzgado_3_Familia,2023,70.34,0.95,6,0,413,1,3,8,4,390,255.75,Alto
EXP-06182,CALI,VIF,Juzgado_3_Familia,2022,70.34,0.95,6,0,430,1,3,8,4,390,255.75,Alto
EXP-07596,CALI,VIF,Juzgado_3_Familia,2020,70.34,0.95,4,0,397,1,3,8,4,390,255.75,Alto
EXP-09959,CALI,VIF,Juzgado_3_Familia,2020,70.34,0.95,4,0,393,1,3,8,4,390,255.75,Alto
EXP-10965,CALI,VIF,Juzgado_3_Familia,2022,70.34,0.95,6,0,406,1,3,8,4,390,255.75,Alto
EXP-10988,CALI,VIF,Juzgado_3_Familia,2022,70.34,0.95,6,0,422,1,3,8,4,390,255.75,Alto
EXP-11290,CALI,VIF,Juzgado_3_Familia,2024,70.34,0.95,6,0,449,1,3,8,4,390,255.75,Alto
EXP-01457,CALI,VIF,Juzgado_3_Familia,2023,70.34,0.95,4,0,402,1,3,8,4,389,255.75,Alto
EXP-05408,CALI,VIF,Juzgado_3_Familia,2024,70.34,0.95,4,0,334,0,3,8,4,389,255.75,Alto
EXP-06463,CALI,VIF,Juzgado_3_Familia,2024,70.34,0.95,4,0,428,1,3,8,4,389,255.75,Alto
EXP-01666,CALI,VIF,Juzgado_3_Familia,2022,70.34,0.95,4,0,421,1,3,8,4,388,255.75,Alto
EXP-02105,CALI,VIF,Juzgado_3_Familia,2022,70.34,0.95,4,0,408,1,3,8,4,388,255.75,Alto
EXP-02114,CALI,VIF,Juzgado_3_Familia,2021,70.34,0.95,3,0,414,1,3,8,4,388,255.75,Alto
EXP-02199,CALI,VIF,Juzgado_3_Familia,2022,70.34,0.95,4,0,404,1,3,8,4,388,255.75,Alto
EXP-04850,CALI,VIF,Juzgado_3_Familia,2021,70.34,0.95,3,0,380,1,3,8,4,388,255.75,Alto
EXP-06538,CALI,VIF,Juzgado_3_Familia,2022,70.34,0.95,4,0,436,1,3,8,4,388,255.75,Alto
EXP-08633,CALI,VIF,Comisaria_2_Familia,2022,70.34,0.9,7,0,418,1,3,8,1,388,240.0,Alto
EXP-09424,CALI,VIF,Comisaria_2_Familia,2022,70.34,0.9,7,0,287,0,3,8,1,388,240.0,Alto
EXP-10693,CALI,VIF,Juzgado_3_Familia,2022,70.34,0.95,4,0,402,1,3,8,4,388,255.75,Alto
EXP-10950,CALI,VIF,Juzgado_3_Familia,2022,70.34,0.95,4,0,417,1,3,8,4,388,255.75,Alto
EXP-04240,CALI,VIF,Juzgado_3_Familia,2020,70.34,0.95,3,0,395,1,3,8,4,385,255.75,Alto
EXP-00084,CALI,VIF,Comisaria_2_Familia,2023,70.34,0.9,7,0,409,1,3,8,1,384,240.0,Alto
EXP-02609,CALI,VIF,Comisaria_2_Familia,2024,70.34,0.9,7,0,449,1,3,8,1,384,240.0,Alto
EXP-02703,CALI,VIF,Comisaria_2_Familia,2023,70.34,0.9,7,0,408,1,3,8,1,384,240.0,Alto
EXP-02970,CALI,VIF,Juzgado_3_Familia,2024,70.34,0.95,3,0,422,1,3,8,4,384,255.75,Alto
EXP-04656,CALI,VIF,Comisaria_2_Familia,2024,70.34,0.9,7,0,179,0,3,8,1,384,240.0,Alto
EXP-05435,CALI,VIF,Juzgado_3_Familia,2023,70.34,0.95,3,0,396,1,3,8,4,384,255.75,Alto
EXP-05669,CALI,VIF,Juzgado_3_Familia,2023,70.34,0.95,3,0,410,1,3,8,4,384,255.75,Alto
EXP-06542,CALI,VIF,Juzgado_3_Familia,2023,70.34,0.95,3,0,410,1,3,8,4,384,255.75,Alto
EXP-06994,CALI,VIF,Juzgado_3_Familia,2023,70.34,0.95,3,0,403,1,3,8,4,384,255.75,Alto
EXP-08579,CALI,VIF,Juzgado_3_Familia,2023,70.34,0.95,3,0,413,1,3,8,4,384,255.75,Alto
EXP-09105,CALI,VIF,Juzgado_3_Familia,2024,70.34,0.95,3,0,401,1,3,8,4,384,255.75,Alto
EXP-09439,CALI,VIF,Juzgado_3_Familia,2023,70.34,0.95,3,0,446,1,3,8,4,384,255.75,Alto
EXP-09790,CALI,VIF,Comisaria_2_Familia,2024,70.34,0.9,7,0,443,1,3,8,1,384,240.0,Alto
EXP-11320,CALI,VIF,Comisaria_2_Familia,2024,70.34,0.9,7,0,432,1,3,8,1,384,240.0,Alto
EXP-11907,CALI,VIF,Comisaria_2_Familia,2024,70.34,0.9,7,0,418,1,3,8,1,384,240.0,Alto
EXP-10331,CALI,VIF,Comisaria_2_Familia,2021,70.34,0.9,6,0,413,1,3,8,1,383,240.0,Alto
EXP-10395,CALI,VIF,Comisaria_2_Familia,2021,70.34,0.9,5,0,428,1,3,8,1,382,240.0,Alto
EXP-11992,CALI,VIF,Comisaria_2_Familia,2021,70.34,0.9,5,0,394,1,3,8,1,382,240.0,Alto
EXP-01532,CALI,VIF,Comisaria_2_Familia,2020,70.34,0.9,6,0,393,1,3,8,1,381,240.0,Alto
EXP-00550,CALI,VIF,Comisaria_2_Familia,2022,70.34,0.9,6,0,216,0,3,8,1,374,240.0,Alto
EXP-00693,CALI,VIF,Comisaria_2_Familia,2023,70.34,0.9,5,0,390,1,3,8,1,374,240.0,Alto
EXP-01566,CALI,VIF,Comisaria_2_Familia,2024,70.34,0.9,5,0,415,1,3,8,1,374,240.0,Alto
EXP-02092,CALI,VIF,Comisaria_2_Familia,2022,70.34,0.9,6,0,384,1,3,8,1,374,240.0,Alto
EXP-03043,CALI,VIF,Comisaria_2_Familia,2022,70.34,0.9,5,0,413,1,3,8,1,374,240.0,Alto
EXP-03448,CALI,VIF,Comisaria_2_Familia,2024,70.34,0.9,5,0,418,1,3,8,1,374,240.0,Alto
EXP-04636,CALI,VIF,Comisaria_2_Familia,2022,70.34,0.9,6,0,439,1,3,8,1,374,240.0,Alto
EXP-04967,CALI,VIF,Comisaria_2_Familia,2022,70.34,0.9,5,0,395,1,3,8,1,374,240.0,Alto
EXP-06267,CALI,VIF,Comisaria_2_Familia,2024,70.34,0.9,5,0,425,1,3,8,1,374,240.0,Alto
EXP-10020,CALI,VIF,Comisaria_2_Familia,2024,70.34,0.9,6,0,412,1,3,8,1,374,240.0,Alto
EXP-01538,CALI,VIF,Comisaria_2_Familia,2020,70.34,0.9,4,0,395,1,3,8,1,370,240.0,Alto
EXP-07356,CALI,VIF,Comisaria_2_Familia,2020,70.34,0.9,4,0,376,1,3,8,1,370,240.0,Alto
EXP-11876,CALI,VIF,Comisaria_2_Familia,2020,70.34,0.9,4,0,394,1,3,8,1,370,240.0,Alto
EXP-02925,CALI,VIF,Comisaria_2_Familia,2024,70.34,0.9,4,0,220,0,3,8,1,367,240.0,Alto
EXP-03597,CALI,VIF,Comisaria_2_Familia,2024,70.34,0.9,4,0,438,1,3,8,1,367,240.0,Alto
EXP-05361,CALI,VIF,Comisaria_2_Familia,2024,70.34,0.9,4,0,405,1,3,8,1,367,240.0,Alto
EXP-07347,CALI,VIF,Comisaria_2_Familia,2024,70.34,0.9,4,0,379,1,3,8,1,367,240.0,Alto
EXP-07564,CALI,VIF,Comisaria_2_Familia,2024,70.34,0.9,4,0,428,1,3,8,1,367,240.0,Alto
EXP-09236,CALI,VIF,Comisaria_2_Familia,2024,70.34,0.9,4,0,421,1,3,8,1,367,240.0,Alto
EXP-00976,CALI,VIF,Comisaria_2_Familia,2022,70.34,0.9,4,0,410,1,3,8,1,366,240.0,Alto
EXP-03989,CALI,VIF,Comisaria_2_Familia,2022,70.34,0.9,4,0,398,1,3,8,1,366,240.0,Alto
EXP-07696,CALI,VIF,Comisaria_2_Familia,2022,70.34,0.9,4,0,406,1,3,8,1,366,240.0,Alto
EXP-07920,CALI,VIF,Comisaria_2_Familia,2022,70.34,0.9,4,0,179,0,3,8,1,366,240.0,Alto
EXP-08906,CALI,VIF,Comisaria_2_Familia,2022,70.34,0.9,4,0,398,1,3,8,1,366,240.0,Alto
EXP-06610,CALI,VIF,Comisaria_2_Familia,2020,70.34,0.9,3,0,369,1,3,8,1,364,240.0,Alto
EXP-08644,CALI,VIF,Comisaria_2_Familia,2020,70.34,0.9,3,0,387,1,3,8,1,364,240.0,Alto
EXP-00117,CALI,VIF,Comisaria_2_Familia,2023,70.34,0.9,3,0,385,1,3,8,1,361,240.0,Alto
EXP-01601,CALI,VIF,Comisaria_2_Familia,2023,70.34,0.9,3,0,395,1,3,8,1,361,240.0,Alto
EXP-03267,CALI,VIF,Comisaria_2_Familia,2023,70.34,0.9,3,0,389,1,3,8,1,361,240.0,Alto
EXP-05118,CALI,VIF,Comisaria_2_Familia,2023,70.34,0.9,3,0,397,1,3,8,1,361,240.0,Alto
EXP-05273,CALI,VIF,Comisaria_2_Familia,2024,70.34,0.9,3,0,197,0,3,8,1,361,240.0,Alto
EXP-07442,CALI,VIF,Comisaria_2_Familia,2023,70.34,0.9,3,0,174,0,3,8,1,361,240.0,Alto
EXP-07498,CALI,VIF,Comisaria_2_Familia,2024,70.34,0.9,3,0,387,1,3,8,1,361,240.0,Alto
EXP-08898,CALI,VIF,Comisaria_2_Familia,2024,70.34,0.9,3,0,297,0,3,8,1,361,240.0,Alto
EXP-10986,CALI,VIF,Comisaria_2_Familia,2023,70.34,0.9,21,0,302,0,3,8,1,361,240.0,Alto
EXP-11205,CALI,VIF,Comisaria_2_Familia,2023,70.34,0.9,3,0,350,1,3,8,1,361,240.0,Alto
EXP-11249,CALI,VIF,Comisaria_2_Familia,2022,70.34,0.9,3,0,405,1,3,8,1,361,240.0,Alto
EXP-06464,CALI,HURTO_PATRIMONIAL,Juzgado_1_Familia,2021,70.34,1.35,8,1,627,0,1,8,2,655,543.0,Medio
EXP-05127,CALI,HURTO_PATRIMONIAL,Juzgado_1_Familia,2021,70.34,1.35,7,1,480,0,1,8,2,650,543.0,Medio
EXP-11414,CALI,ALIMENTOS,Juzgado_Penal_Municipal_1,2020,70.34,1.25,13,1,717,1,0,8,5,647,483.25,Medio
EXP-04648,CALI,HURTO_PATRIMONIAL,Juzgado_1_Familia,2024,70.34,1.35,5,1,476,0,1,8,2,642,543.0,Medio
EXP-04598,CALI,HURTO_PATRIMONIAL,Comisaria_1_Familia,2024,70.34,1.1,11,1,659,0,1,8,0,641,498.75,Medio
EXP-06835,CALI,HURTO_PATRIMONIAL,Juzgado_2_Familia,2020,70.34,1.2,9,1,629,0,1,8,3,641,516.0,Medio
EXP-07624,CALI,HURTO_PATRIMONIAL,Juzgado_1_Familia,2023,70.34,1.35,4,1,702,1,1,8,2,640,543.0,Medio
EXP-04983,CALI,HURTO_PATRIMONIAL,Juzgado_1_Familia,2024,70.34,1.35,2,1,320,0,1,8,2,639,543.0,Medio
EXP-07361,CALI,HURTO_PATRIMONIAL,Juzgado_1_Familia,2020,70.34,1.35,1,1,671,1,1,8,2,638,543.0,Medio
EXP-03970,CALI,ALIMENTOS,Juzgado_1_Familia,2024,70.34,1.35,8,1,718,1,0,8,2,637,515.0,Medio
EXP-05576,CALI,ALIMENTOS,Juzgado_1_Familia,2024,70.34,1.35,8,1,692,1,0,8,2,637,515.0,Medio
EXP-08855,CALI,HURTO_PATRIMONIAL,Juzgado_1_Familia,2023,70.34,1.35,3,1,397,0,1,8,2,637,543.0,Medio
EXP-00562,CALI,HURTO_PATRIMONIAL,Juzgado_1_Familia,2023,70.34,1.35,1,1,682,0,1,8,2,636,543.0,Medio
EXP-01181,CALI,HURTO_PATRIMONIAL,Juzgado_1_Familia,2024,70.34,1.35,1,1,508,0,1,8,2,636,543.0,Medio
EXP-05046,CALI,HURTO_PATRIMONIAL,Juzgado_1_Familia,2023,70.34,1.35,1,1,629,0,1,8,2,636,543.0,Medio
EXP-07204,CALI,HURTO_PATRIMONIAL,Juzgado_1_Familia,2023,70.34,1.35,1,1,721,1,1,8,2,636,543.0,Medio
EXP-08016,CALI,HURTO_PATRIMONIAL,Juzgado_1_Familia,2023,70.34,1.35,1,1,340,0,1,8,2,636,543.0,Medio
EXP-08697,CALI,HURTO_PATRIMONIAL,Juzgado_1_Familia,2023,70.34,1.35,1,1,730,1,1,8,2,636,543.0,Medio
EXP-09611,CALI,HURTO_PATRIMONIAL,Juzgado_1_Familia,2023,70.34,1.35,1,1,460,0,1,8,2,636,543.0,Medio
EXP-00806,CALI,ALIMENTOS,Juzgado_1_Familia,2023,70.34,1.35,9,1,726,1,0,8,2,635,515.0,Medio
EXP-05442,CALI,HURTO_PATRIMONIAL,Juzgado_Penal_Municipal_1,2020,70.34,1.25,9,1,503,0,1,8,5,635,522.0,Medio
EXP-01917,CALI,HURTO_PATRIMONIAL,Juzgado_3_Familia,2021,70.34,0.95,11,1,710,1,1,8,4,634,451.0,Medio
EXP-07291,CALI,HURTO_PATRIMONIAL,Juzgado_1_Familia,2021,70.34,1.35,3,1,456,0,1,8,2,633,543.0,Medio
EXP-05334,CALI,ALIMENTOS,Juzgado_1_Familia,2024,70.34,1.35,7,1,548,0,0,8,2,632,515.0,Medio
EXP-06023,CALI,ALIMENTOS,Juzgado_1_Familia,2024,70.34,1.35,7,1,710,1,0,8,2,632,515.0,Medio
EXP-06513,CALI,HURTO_PATRIMONIAL,Comisaria_1_Familia,2024,70.34,1.1,7,1,432,0,1,8,0,632,498.75,Medio
EXP-06576,CALI,HURTO_PATRIMONIAL,Comisaria_1_Familia,2020,70.34,1.1,5,1,668,1,1,8,0,632,498.75,Medio
EXP-08229,CALI,HURTO_PATRIMONIAL,Comisaria_1_Familia,2021,70.34,1.1,6,1,707,1,1,8,0,632,498.75,Medio
EXP-09173,CALI,HURTO_PATRIMONIAL,Comisaria_1_Familia,2023,70.34,1.1,7,1,720,1,1,8,0,632,498.75,Medio
EXP-10904,CALI,ALIMENTOS,Juzgado_1_Familia,2023,70.34,1.35,7,1,715,1,0,8,2,632,515.0,Medio
EXP-10368,CALI,HURTO_PATRIMONIAL,Juzgado_2_Familia,2023,70.34,1.2,8,1,525,0,1,8,3,631,516.0,Medio
EXP-01317,CALI,HURTO_PATRIMONIAL,Juzgado_1_Familia,2022,70.34,1.35,1,1,353,0,1,8,2,628,543.0,Medio
EXP-03113,CALI,HURTO_PATRIMONIAL,Juzgado_1_Familia,2022,70.34,1.35,1,1,698,1,1,8,2,628,543.0,Medio
EXP-01150,CALI,HURTO_PATRIMONIAL,Juzgado_Penal_Municipal_1,2023,70.34,1.25,8,1,431,0,1,8,5,626,522.0,Medio
EXP-01315,CALI,HURTO_PATRIMONIAL,Juzgado_1_Familia,2020,70.34,1.35,14,1,538,0,1,8,2,626,543.0,Medio
EXP-00264,CALI,HURTO_PATRIMONIAL,Comisaria_1_Familia,2023,70.34,1.1,5,1,695,1,1,8,0,625,498.75,Medio
EXP-04681,CALI,HURTO_PATRIMONIAL,Comisaria_1_Familia,2023,70.34,1.1,5,1,651,1,1,8,0,625,498.75,Medio
EXP-06246,CALI,HURTO_PATRIMONIAL,Juzgado_1_Familia,2022,70.34,1.35,5,1,605,0,1,8,2,625,543.0,Medio
EXP-11912,CALI,HURTO_PATRIMONIAL,Juzgado_Penal_Municipal_2,2020,70.34,1.05,8,1,681,1,1,8,6,625,478.0,Medio
EXP-04111,CALI,HURTO_PATRIMONIAL,Juzgado_1_Familia,2022,70.34,1.35,3,1,666,1,1,8,2,624,543.0,Medio
EXP-07130,CALI,HURTO_PATRIMONIAL,Juzgado_Penal_Municipal_2,2021,70.34,1.05,7,1,704,1,1,8,6,624,478.0,Medio
EXP-09275,CALI,HURTO_PATRIMONIAL,Comisaria_1_Familia,2020,70.34,1.1,1,1,677,1,1,8,0,624,498.75,Medio
EXP-00328,CALI,HURTO_PATRIMONIAL,Comisaria_1_Familia,2024,70.34,1.1,4,1,677,1,1,8,0,623,498.75,Medio
EXP-02767,CALI,HURTO_PATRIMONIAL,Comisaria_1_Familia,2023,70.34,1.1,3,1,678,1,1,8,0,622,498.75,Medio
EXP-05255,CALI,HURTO_PATRIMONIAL,Comisaria_1_Familia,2022,70.34,1.1,5,1,688,1,1,8,0,622,498.75,Medio
EXP-07046,CALI,HURTO_PATRIMONIAL,Comisaria_1_Familia,2024,70.34,1.1,3,1,687,1,1,8,0,622,498.75,Medio
EXP-09429,CALI,HURTO_PATRIMONIAL,Comisaria_1_Familia,2022,70.34,1.1,5,1,686,1,1,8,0,622,498.75,Medio
EXP-09627,CALI,HURTO_PATRIMONIAL,Comisaria_1_Familia,2024,70.34,1.1,3,1,684,1,1,8,0,622,498.75,Medio
EXP-10325,CALI,HURTO_PATRIMONIAL,Comisaria_1_Familia,2024,70.34,1.1,3,1,727,1,1,8,0,622,498.75,Medio
EXP-03084,CALI,HURTO_PATRIMONIAL,Juzgado_1_Familia,2023,70.34,1.35,11,0,667,1,1,8,2,621,543.0,Medio
EXP-07494,CALI,HURTO_PATRIMONIAL,Comisaria_1_Familia,2021,70.34,1.1,2,1,655,1,1,8,0,621,498.75,Medio
EXP-09196,CALI,HURTO_PATRIMONIAL,Comisaria_1_Familia,2021,70.34,1.1,2,1,685,1,1,8,0,621,498.75,Medio
EXP-10752,CALI,ALIMENTOS,Juzgado_1_Familia,2022,70.34,1.35,9,1,622,0,0,8,2,621,515.0,Medio
EXP-03185,CALI,ALIMENTOS,Juzgado_Penal_Municipal_1,2021,70.34,1.25,8,1,708,1,0,8,5,620,483.25,Medio
EXP-05475,CALI,HURTO_PATRIMONIAL,Comisaria_1_Familia,2022,70.34,1.1,1,1,636,1,1,8,0,620,498.75,Medio
EXP-07175,CALI,ALIMENTOS,Juzgado_Penal_Municipal_1,2021,70.34,1.25,8,1,712,1,0,8,5,620,483.25,Medio
EXP-08507,CALI,HURTO_PATRIMONIAL,Comisaria_1_Familia,2022,70.34,1.1,1,1,670,1,1,8,0,620,498.75,Medio
EXP-09442,CALI,HURTO_PATRIMONIAL,Juzgado_3_Familia,2021,70.34,0.95,8,1,656,1,1,8,4,620,451.0,Medio
EXP-03427,CALI,ALIMENTOS,Comisaria_1_Familia,2021,70.34,1.1,8,1,679,1,0,8,0,619,459.0,Medio
EXP-04844,CALI,HURTO_PATRIMONIAL,Juzgado_2_Familia,2020,70.34,1.2,1,1,698,1,1,8,3,618,516.0,Medio
EXP-06356,CALI,HURTO_PATRIMONIAL,Juzgado_2_Familia,2024,70.34,1.2,5,1,691,1,1,8,3,618,516.0,Medio
EXP-10791,CALI,HURTO_PATRIMONIAL,Juzgado_2_Familia,2020,70.34,1.2,1,1,596,1,1,8,3,618,516.0,Medio
EXP-02100,CALI,ALIMENTOS,Juzgado_Penal_Municipal_1,2020,70.34,1.25,7,1,714,1,0,8,5,617,483.25,Medio
EXP-03291,CALI,ALIMENTOS,Juzgado_1_Familia,2024,70.34,1.35,5,1,690,1,0,8,2,617,515.0,Medio
EXP-04657,CALI,ALIMENTOS,Juzgado_1_Familia,2023,70.34,1.35,5,1,694,1,0,8,2,617,515.0,Medio
EXP-08545,CALI,ALIMENTOS,Juzgado_1_Familia,2024,70.34,1.35,5,1,725,1,0,8,2,617,515.0,Medio
EXP-09317,CALI,ALIMENTOS,Juzgado_1_Familia,2024,70.34,1.35,5,1,668,1,0,8,2,617,515.0,Medio
EXP-11325,CALI,HURTO_PATRIMONIAL,Comisaria_2_Familia,2023,70.34,0.9,11,1,659,1,1,8,1,617,445.0,Medio
EXP-00606,CALI,ALIMENTOS,Comisaria_1_Familia,2021,70.34,1.1,10,1,657,1,0,8,0,616,459.0,Medio
EXP-02348,CALI,HURTO_PATRIMONIAL,Comisaria_1_Familia,2022,70.34,1.1,2,1,689,1,1,8,0,616,498.75,Medio
EXP-02449,CALI,HURTO_PATRIMONIAL,Comisaria_1_Familia,2023,70.34,1.1,2,1,526,0,1,8,0,616,498.75,Medio
EXP-03890,CALI,HURTO_PATRIMONIAL,Comisaria_1_Familia,2023,70.34,1.1,1,1,657,1,1,8,0,616,498.75,Medio
EXP-06008,CALI,HURTO_PATRIMONIAL,Comisaria_1_Familia,2023,70.34,1.1,2,1,708,1,1,8,0,616,498.75,Medio
EXP-07108,CALI,HURTO_PATRIMONIAL,Comisaria_1_Familia,2024,70.34,1.1,1,1,717,1,1,8,0,616,498.75,Medio
EXP-10443,CALI,HURTO_PATRIMONIAL,Comisaria_1_Familia,2023,70.34,1.1,2,1,668,1,1,8,0,616,498.75,Medio
EXP-00186,CALI,HURTO_PATRIMONIAL,Juzgado_Penal_Municipal_1,2023,70.34,1.25,1,1,656,1,1,8,5,615,522.0,Medio
EXP-05719,CALI,ALIMENTOS,Juzgado_Penal_Municipal_1,2023,70.34,1.25,12,1,580,0,0,8,5,615,483.25,Medio
EXP-09198,CALI,HURTO_PATRIMONIAL,Juzgado_Penal_Municipal_1,2024,70.34,1.25,1,1,334,0,1,8,5,615,522.0,Medio
EXP-00143,CALI,ALIMENTOS,Juzgado_1_Familia,2024,70.34,1.35,6,1,712,1,0,8,2,614,515.0,Medio
EXP-05839,CALI,HURTO_PATRIMONIAL,Juzgado_Penal_Municipal_1,2020,70.34,1.25,1,1,690,1,1,8,5,614,522.0,Medio
EXP-11664,CALI,ALIMENTOS,Juzgado_1_Familia,2023,70.34,1.35,6,1,712,1,0,8,2,614,515.0,Medio
EXP-11984,CALI,ALIMENTOS,Juzgado_Penal_Municipal_1,2024,70.34,1.25,14,1,343,0,0,8,5,614,483.25,Medio
EXP-06741,CALI,HURTO_PATRIMONIAL,Juzgado_Penal_Municipal_1,2023,70.34,1.25,5,1,684,0,1,8,5,613,522.0,Medio
EXP-07945,YUMBO,ALIMENTOS,Juzgado_1_Familia,2020,3.5,1.35,18,1,618,1,0,40,2,613,515.0,Medio
EXP-09793,CALI,HURTO_PATRIMONIAL,Juzgado_Penal_Municipal_1,2023,70.34,1.25,5,1,461,0,1,8,5,613,522.0,Medio
EXP-09805,CALI,HURTO_PATRIMONIAL,Comisaria_2_Familia,2021,70.34,0.9,7,1,638,1,1,8,1,613,445.0,Medio
EXP-02597,CALI,HURTO_PATRIMONIAL,Juzgado_Penal_Municipal_2,2022,70.34,1.05,9,1,323,0,1,8,6,612,478.0,Medio
EXP-02750,CALI,HURTO_PATRIMONIAL,Juzgado_Penal_Municipal_2,2021,70.34,1.05,4,1,450,0,1,8,6,612,478.0,Medio
EXP-03829,CALI,HURTO_PATRIMONIAL,Juzgado_Penal_Municipal_1,2023,70.34,1.25,4,1,474,0,1,8,5,612,522.0,Medio
EXP-05211,CALI,HURTO_PATRIMONIAL,Juzgado_Penal_Municipal_2,2022,70.34,1.05,9,1,723,1,1,8,6,612,478.0,Medio
EXP-05278,CALI,HURTO_PATRIMONIAL,Comisaria_2_Familia,2022,70.34,0.9,8,1,641,1,1,8,1,612,445.0,Medio
EXP-06327,CALI,ALIMENTOS,Juzgado_1_Familia,2024,70.34,1.35,2,1,699,1,0,8,2,612,515.0,Medio
EXP-00862,CALI,HURTO_PATRIMONIAL,Juzgado_2_Familia,2023,70.34,1.2,1,1,717,1,1,8,3,611,516.0,Medio
EXP-03405,CALI,HURTO_PATRIMONIAL,Juzgado_2_Familia,2023,70.34,1.2,1,1,686,1,1,8,3,611,516.0,Medio
EXP-04486,CALI,HURTO_PATRIMONIAL,Juzgado_2_Familia,2022,70.34,1.2,1,1,712,1,1,8,3,611,516.0,Medio
EXP-04581,CALI,HURTO_PATRIMONIAL,Juzgado_2_Familia,2024,70.34,1.2,2,1,697,0,1,8,3,611,516.0,Medio
EXP-06305,CALI,HURTO_PATRIMONIAL,Juzgado_2_Familia,2023,70.34,1.2,2,1,655,1,1,8,3,611,516.0,Medio
EXP-06995,CALI,HURTO_PATRIMONIAL,Juzgado_Penal_Municipal_1,2024,70.34,1.25,2,1,408,0,1,8,5,611,522.0,Medio
EXP-07044,CALI,HURTO_PATRIMONIAL,Juzgado_2_Familia,2022,70.34,1.2,1,1,674,1,1,8,3,611,516.0,Medio
EXP-09772,CALI,HURTO_PATRIMONIAL,Juzgado_2_Familia,2024,70.34,1.2,2,1,723,1,1,8,3,611,516.0,Medio
EXP-04156,CALI,HURTO_PATRIMONIAL,Juzgado_Penal_Municipal_2,2021,70.34,1.05,1,1,447,0,1,8,6,610,478.0,Medio
EXP-05188,CALI,ALIMENTOS,Juzgado_1_Familia,2024,70.34,1.35,4,1,706,1,0,8,2,610,515.0,Medio
EXP-07566,CALI,ALIMENTOS,Juzgado_1_Familia,2024,70.34,1.35,4,1,682,1,0,8,2,610,515.0,Medio
EXP-08171,CALI,ALIMENTOS,Juzgado_1_Familia,2024,70.34,1.35,4,1,380,0,0,8,2,610,515.0,Medio
EXP-09434,CALI,ALIMENTOS,Juzgado_Penal_Municipal_2,2021,70.34,1.05,8,1,421,0,0,8,6,610,439.0,Medio
EXP-01799,CALI,ALIMENTOS,Comisaria_1_Familia,2022,70.34,1.1,8,1,414,0,0,8,0,609,459.0,Medio
EXP-03824,CALI,ALIMENTOS,Juzgado_1_Familia,2024,70.34,1.35,3,1,689,1,0,8,2,609,515.0,Medio
EXP-04421,CALI,HURTO_PATRIMONIAL,Juzgado_2_Familia,2022,70.34,1.2,4,1,696,1,1,8,3,609,516.0,Medio
EXP-05356,CALI,ALIMENTOS,Juzgado_1_Familia,2024,70.34,1.35,3,1,683,1,0,8,2,609,515.0,Medio
EXP-06338,CALI,ALIMENTOS,Juzgado_1_Familia,2024,70.34,1.35,3,1,401,0,0,8,2,609,515.0,Medio
EXP-08606,CALI,ALIMENTOS,Juzgado_1_Familia,2024,70.34,1.35,3,1,397,0,0,8,2,609,515.0,Medio
EXP-00107,CALI,ALIMENTOS,Comisaria_1_Familia,2023,70.34,1.1,8,1,662,1,0,8,0,608,459.0,Medio
EXP-00205,CALI,ALIMENTOS,Comisaria_1_Familia,2024,70.34,1.1,8,1,345,0,0,8,0,608,459.0,Medio
EXP-00805,CALI,HURTO_PATRIMONIAL,Juzgado_Penal_Municipal_1,2021,70.34,1.25,3,1,443,0,1,8,5,608,522.0,Medio
EXP-01641,CALI,HURTO_PATRIMONIAL,Comisaria_1_Familia,2024,70.34,1.1,13,1,615,0,1,8,0,608,498.75,Medio
EXP-03158,CALI,HURTO_PATRIMONIAL,Juzgado_Penal_Municipal_1,2021,70.34,1.25,2,1,716,1,1,8,5,608,522.0,Medio
EXP-06018,CALI,ALIMENTOS,Juzgado_2_Familia,2024,70.34,1.2,8,1,701,1,0,8,3,608,474.25,Medio
EXP-06721,CALI,HURTO_PATRIMONIAL,Juzgado_Penal_Municipal_1,2021,70.34,1.25,3,1,621,0,1,8,5,608,522.0,Medio
EXP-07160,CALI,ALIMENTOS,Juzgado_1_Familia,2021,70.34,1.35,6,1,360,0,0,8,2,608,515.0,Medio
EXP-08465,CALI,ALIMENTOS,Comisaria_1_Familia,2024,70.34,1.1,8,1,678,1,0,8,0,608,459.0,Medio
EXP-08864,CALI,HURTO_PATRIMONIAL,Juzgado_Penal_Municipal_1,2021,70.34,1.25,2,1,728,1,1,8,5,608,522.0,Medio
EXP-00230,CALI,ALIMENTOS,Juzgado_Penal_Municipal_2,2021,70.34,1.05,9,1,700,1,0,8,6,607,439.0,Medio
EXP-02454,CALI,ALIMENTOS,Juzgado_Penal_Municipal_2,2020,70.34,1.05,8,1,645,1,0,8,6,607,439.0,Medio
EXP-03277,CALI,ALIMENTOS,Juzgado_1_Familia,2020,70.34,1.35,5,1,682,0,0,8,2,607,515.0,Medio
EXP-07486,CALI,ALIMENTOS,Comisaria_1_Familia,2023,70.34,1.1,9,1,632,1,0,8,0,607,459.0,Medio
EXP-11126,CALI,ALIMENTOS,Juzgado_Penal_Municipal_2,2021,70.34,1.05,9,1,653,1,0,8,6,607,439.0,Medio
EXP-11309,CALI,ALIMENTOS,Comisaria_1_Familia,2024,70.34,1.1,9,1,667,1,0,8,0,607,459.0,Medio
EXP-00576,CALI,ALIMENTOS,Juzgado_1_Familia,2023,70.34,1.35,1,1,458,0,0,8,2,606,515.0,Medio
EXP-02087,CALI,ALIMENTOS,Juzgado_Penal_Municipal_1,2022,70.34,1.25,9,1,687,1,0,8,5,606,483.25,Medio
EXP-03026,CALI,ALIMENTOS,Juzgado_Penal_Municipal_1,2022,70.34,1.25,9,1,680,1,0,8,5,606,483.25,Medio
EXP-04616,CALI,ALIMENTOS,Comisaria_1_Familia,2022,70.34,1.1,10,1,691,1,0,8,0,606,459.0,Medio
EXP-05029,CALI,HURTO_PATRIMONIAL,Juzgado_Penal_Municipal_2,2022,70.34,1.05,5,1,606,1,1,8,6,606,478.0,Medio
EXP-08269,CALI,ALIMENTOS,Juzgado_1_Familia,2023,70.34,1.35,1,1,611,0,0,8,2,606,515.0,Medio
EXP-08479,CALI,HURTO_PATRIMONIAL,Juzgado_Penal_Municipal_2,2024,70.34,1.05,5,1,670,1,1,8,6,606,478.0,Medio
EXP-00131,CALI,HURTO_PATRIMONIAL,Juzgado_Penal_Municipal_2,2022,70.34,1.05,1,1,631,1,1,8,6,605,478.0,Medio
EXP-01207,CALI,HURTO_PATRIMONIAL,Juzgado_1_Familia,2021,70.34,1.35,10,0,571,1,1,8,2,605,543.0,Medio
EXP-05205,CALI,HURTO_PATRIMONIAL,Juzgado_Penal_Municipal_2,2022,70.34,1.05,1,1,640,1,1,8,6,605,478.0,Medio
EXP-07477,CALI,ALIMENTOS,Juzgado_2_Familia,2022,70.34,1.2,8,1,721,1,0,8,3,605,474.25,Medio
EXP-09757,CALI,HURTO_PATRIMONIAL,Juzgado_Penal_Municipal_2,2022,70.34,1.05,1,1,712,1,1,8,6,605,478.0,Medio
EXP-11812,CALI,ALIMENTOS,Comisaria_1_Familia,2023,70.34,1.1,7,1,658,1,0,8,0,605,459.0,Medio
EXP-01487,CALI,HURTO_PATRIMONIAL,Juzgado_Penal_Municipal_2,2024,70.34,1.05,4,1,687,1,1,8,6,604,478.0,Medio
EXP-06271,CALI,HURTO_PATRIMONIAL,Juzgado_3_Familia,2021,70.34,0.95,14,1,726,1,1,8,4,604,451.0,Medio
EXP-08014,CALI,ALIMENTOS,Comisaria_1_Familia,2022,70.34,1.1,12,1,662,0,0,8,0,604,459.0,Medio
EXP-09683,CALI,ALIMENTOS,Juzgado_2_Familia,2024,70.34,1.2,7,1,544,0,0,8,3,604,474.25,Medio
EXP-11578,CALI,ALIMENTOS,Juzgado_2_Familia,2023,70.34,1.2,7,1,707,1,0,8,3,604,474.25,Medio
EXP-08903,CALI,HURTO_PATRIMONIAL,Juzgado_3_Familia,2024,70.34,0.95,10,1,361,0,1,8,4,603,451.0,Medio
EXP-09238,CALI,HURTO_PATRIMONIAL,Juzgado_Penal_Municipal_1,2022,70.34,1.25,1,1,637,1,1,8,5,603,522.0,Medio
EXP-11113,CALI,ALIMENTOS,Comisaria_2_Familia,2023,70.34,0.9,16,1,703,1,0,8,1,603,406.0,Medio
EXP-05066,CALI,HURTO_PATRIMONIAL,Juzgado_Penal_Municipal_2,2024,70.34,1.05,6,1,688,1,1,8,6,602,478.0,Medio
EXP-05379,CALI,HURTO_PATRIMONIAL,Juzgado_Penal_Municipal_2,2024,70.34,1.05,6,1,714,1,1,8,6,602,478.0,Medio
EXP-09118,CALI,HURTO_PATRIMONIAL,Juzgado_Penal_Municipal_2,2024,70.34,1.05,1,1,695,1,1,8,6,601,478.0,Medio
EXP-09834,CALI,HURTO_PATRIMONIAL,Juzgado_Penal_Municipal_2,2024,70.34,1.05,1,1,645,1,1,8,6,601,478.0,Medio
EXP-00508,CALI,HURTO_PATRIMONIAL,Juzgado_1_Familia,2024,70.34,1.35,8,0,434,0,1,8,2,600,543.0,Medio
EXP-00672,CALI,ALIMENTOS,Juzgado_1_Familia,2021,70.34,1.35,2,1,688,1,0,8,2,600,515.0,Medio
EXP-02654,CALI,HURTO_PATRIMONIAL,Juzgado_Penal_Municipal_2,2024,70.34,1.05,3,1,702,1,1,8,6,600,478.0,Medio
EXP-04020,CALI,ALIMENTOS,Juzgado_1_Familia,2021,70.34,1.35,2,1,698,1,0,8,2,600,515.0,Medio
EXP-05738,CALI,HURTO_PATRIMONIAL,Juzgado_Penal_Municipal_1,2022,70.34,1.25,5,1,312,0,1,8,5,600,522.0,Medio
EXP-08020,CALI,ALIMENTOS,Juzgado_1_Familia,2022,70.34,1.35,2,1,679,1,0,8,2,600,515.0,Medio
EXP-08863,CALI,HURTO_PATRIMONIAL,Juzgado_Penal_Municipal_1,2022,70.34,1.25,4,1,489,0,1,8,5,600,522.0,Medio
EXP-09277,CALI,HURTO_PATRIMONIAL,Juzgado_1_Familia,2023,70.34,1.35,8,0,641,1,1,8,2,600,543.0,Medio
EXP-03735,CALI,ALIMENTOS,Juzgado_1_Familia,2021,70.34,1.35,16,0,615,1,0,8,2,599,515.0,Medio
EXP-04701,CALI,ALIMENTOS,Juzgado_1_Familia,2022,70.34,1.35,6,1,706,1,0,8,2,599,515.0,Medio
EXP-05513,CALI,ALIMENTOS,Juzgado_1_Familia,2022,70.34,1.35,1,1,691,1,0,8,2,599,515.0,Medio
EXP-05543,CALI,ALIMENTOS,Juzgado_1_Familia,2022,70.34,1.35,1,1,712,1,0,8,2,599,515.0,Medio
EXP-10603,CALI,HURTO_PATRIMONIAL,Juzgado_Penal_Municipal_1,2022,70.34,1.25,3,1,678,1,1,8,5,599,522.0,Medio
EXP-02560,CALI,ALIMENTOS,Juzgado_1_Familia,2021,70.34,1.35,4,1,317,0,0,8,2,598,515.0,Medio
EXP-05898,CALI,ALIMENTOS,Juzgado_1_Familia,2021,70.34,1.35,1,1,697,1,0,8,2,598,515.0,Medio
EXP-05922,CALI,ALIMENTOS,Comisaria_1_Familia,2021,70.34,1.1,6,1,626,1,0,8,0,598,459.0,Medio
EXP-09313,CALI,ALIMENTOS,Juzgado_1_Familia,2021,70.34,1.35,4,1,663,1,0,8,2,598,515.0,Medio
EXP-10114,CALI,ALIMENTOS,Juzgado_Penal_Municipal_2,2022,70.34,1.05,8,1,684,1,0,8,6,598,439.0,Medio
EXP-11550,CALI,ALIMENTOS,Juzgado_1_Familia,2021,70.34,1.35,1,1,665,1,0,8,2,598,515.0,Medio
EXP-00817,CALI,HURTO_PATRIMONIAL,Juzgado_3_Familia,2021,70.34,0.95,6,1,671,1,1,8,4,596,451.0,Medio
EXP-01069,CALI,HURTO_PATRIMONIAL,Juzgado_Penal_Municipal_2,2024,70.34,1.05,2,1,669,1,1,8,6,596,478.0,Medio
EXP-01205,CALI,HURTO_PATRIMONIAL,Comisaria_2_Familia,2024,70.34,0.9,7,1,631,1,1,8,1,596,445.0,Medio
EXP-01272,CALI,ALIMENTOS,Juzgado_1_Familia,2022,70.34,1.35,3,1,665,1,0,8,2,596,515.0,Medio
EXP-01828,CALI,ALIMENTOS,Juzgado_Penal_Municipal_2,2023,70.34,1.05,8,1,629,1,0,8,6,596,439.0,Medio
EXP-02243,CALI,HURTO_PATRIMONIAL,Juzgado_3_Familia,2021,70.34,0.95,1,1,612,1,1,8,4,596,451.0,Medio
EXP-02257,CALI,HURTO_PATRIMONIAL,Juzgado_Penal_Municipal_2,2024,70.34,1.05,2,1,692,1,1,8,6,596,478.0,Medio
EXP-10241,CALI,HURTO_PATRIMONIAL,Comisaria_2_Familia,2021,70.34,0.9,5,1,643,1,1,8,1,596,445.0,Medio
EXP-11412,CALI,HURTO_PATRIMONIAL,Comisaria_2_Familia,2023,70.34,0.9,7,1,698,1,1,8,1,596,445.0,Medio
EXP-04515,CALI,ALIMENTOS,Juzgado_1_Familia,2022,70.34,1.35,4,1,715,1,0,8,2,595,515.0,Medio
EXP-09699,CALI,ALIMENTOS,Juzgado_3_Familia,2021,70.34,0.95,10,1,654,1,0,8,4,595,410.0,Medio
EXP-10956,CALI,ALIMENTOS,Juzgado_Penal_Municipal_2,2022,70.34,1.05,9,1,678,1,0,8,6,595,439.0,Medio
EXP-01056,CALI,ALIMENTOS,Juzgado_Penal_Municipal_2,2023,70.34,1.05,9,1,337,0,0,8,6,594,439.0,Medio
EXP-09618,CALI,HURTO_PATRIMONIAL,Juzgado_3_Familia,2020,70.34,0.95,6,1,656,1,1,8,4,594,451.0,Medio
EXP-11413,CALI,ALIMENTOS,Comisaria_2_Familia,2022,70.34,0.9,20,1,577,0,0,8,1,594,406.0,Medio
EXP-01409,CALI,ALIMENTOS,Juzgado_Penal_Municipal_1,2023,70.34,1.25,5,1,692,1,0,8,5,593,483.25,Medio
EXP-01477,CALI,ALIMENTOS,Juzgado_Penal_Municipal_1,2024,70.34,1.25,5,1,407,0,0,8,5,593,483.25,Medio
EXP-05707,CALI,ALIMENTOS,Juzgado_Penal_Municipal_2,2021,70.34,1.05,6,1,622,1,0,8,6,593,439.0,Medio
EXP-07352,CALI,ALIMENTOS,Juzgado_Penal_Municipal_1,2023,70.34,1.25,5,1,696,1,0,8,5,593,483.25,Medio
EXP-08158,CALI,ALIMENTOS,Juzgado_Penal_Municipal_2,2022,70.34,1.05,7,1,657,1,0,8,6,593,439.0,Medio
EXP-02324,CALI,ALIMENTOS,Comisaria_1_Familia,2024,70.34,1.1,5,1,661,1,0,8,0,592,459.0,Medio
EXP-03294,CALI,ALIMENTOS,Juzgado_Penal_Municipal_1,2021,70.34,1.25,6,1,489,0,0,8,5,592,483.25,Medio
EXP-06472,CALI,HURTO_PATRIMONIAL,Juzgado_3_Familia,2023,70.34,0.95,7,1,429,0,1,8,4,592,451.0,Medio
EXP-08974,CALI,HURTO_PATRIMONIAL,Juzgado_3_Familia,2023,70.34,0.95,7,1,664,1,1,8,4,592,451.0,Medio
EXP-10848,CALI,ALIMENTOS,Juzgado_Penal_Municipal_1,2020,70.34,1.25,5,1,643,1,0,8,5,591,483.25,Medio
EXP-00577,CALI,HURTO_PATRIMONIAL,Juzgado_3_Familia,2022,70.34,0.95,1,1,594,1,1,8,4,590,451.0,Medio
EXP-02495,CALI,ALIMENTOS,Juzgado_Penal_Municipal_1,2023,70.34,1.25,6,1,694,1,0,8,5,590,483.25,Medio
EXP-03126,CALI,ALIMENTOS,Juzgado_Penal_Municipal_1,2024,70.34,1.25,6,1,580,0,0,8,5,590,483.25,Medio
EXP-05769,CALI,ALIMENTOS,Juzgado_Penal_Municipal_1,2024,70.34,1.25,6,1,616,0,0,8,5,590,483.25,Medio
EXP-08379,CALI,ALIMENTOS,Juzgado_Penal_Municipal_1,2020,70.34,1.25,16,0,634,1,0,8,5,590,483.25,Medio
EXP-09652,CALI,HURTO_PATRIMONIAL,Juzgado_3_Familia,2022,70.34,0.95,1,1,641,1,1,8,4,590,451.0,Medio
EXP-11129,EL CERRITO,ALIMENTOS,Juzgado_Penal_Municipal_1,2023,1.1,1.25,19,1,563,1,0,15,5,590,483.25,Medio
EXP-11860,CALI,ALIMENTOS,Juzgado_Penal_Municipal_1,2024,70.34,1.25,6,1,695,1,0,8,5,590,483.25,Medio
EXP-02027,CALI,ALIMENTOS,Comisaria_2_Familia,2022,70.34,0.9,8,1,661,1,0,8,1,589,406.0,Medio
EXP-03408,CALI,ALIMENTOS,Comisaria_1_Familia,2024,70.34,1.1,6,1,494,0,0,8,0,589,459.0,Medio
EXP-03726,CALI,HURTO_PATRIMONIAL,Juzgado_2_Familia,2022,70.34,1.2,13,1,368,0,1,8,3,589,516.0,Medio
EXP-06357,CALI,ALIMENTOS,Juzgado_2_Familia,2023,70.34,1.2,5,1,662,1,0,8,3,589,474.25,Medio
EXP-08865,CALI,ALIMENTOS,Juzgado_2_Familia,2024,70.34,1.2,5,1,686,1,0,8,3,589,474.25,Medio
EXP-09044,CALI,ALIMENTOS,Comisaria_1_Familia,2022,70.34,1.1,6,1,567,0,0,8,0,589,459.0,Medio
EXP-11630,CALI,ALIMENTOS,Comisaria_2_Familia,2022,70.34,0.9,8,1,602,1,0,8,1,589,406.0,Medio
EXP-11835,CALI,ALIMENTOS,Juzgado_Penal_Municipal_2,2020,70.34,1.05,6,1,611,1,0,8,6,589,439.0,Medio
EXP-01147,CALI,ALIMENTOS,Juzgado_3_Familia,2022,70.34,0.95,8,1,617,1,0,8,4,588,410.0,Medio
EXP-03157,CALI,ALIMENTOS,Juzgado_1_Familia,2024,70.34,1.35,11,0,594,1,0,8,2,588,515.0,Medio
EXP-07188,CALI,ALIMENTOS,Juzgado_1_Familia,2024,70.34,1.35,11,0,619,1,0,8,2,588,515.0,Medio
EXP-08713,CALI,HURTO_PATRIMONIAL,Juzgado_1_Familia,2022,70.34,1.35,12,0,279,0,1,8,2,588,543.0,Medio
EXP-10026,CALI,ALIMENTOS,Juzgado_1_Familia,2023,70.34,1.35,11,0,618,1,0,8,2,588,515.0,Medio
EXP-01320,CALI,HURTO_PATRIMONIAL,Juzgado_1_Familia,2024,70.34,1.35,14,1,643,0,1,8,2,587,543.0,Medio
EXP-02467,CALI,ALIMENTOS,Juzgado_Penal_Municipal_1,2024,70.34,1.25,4,1,359,0,0,8,5,587,483.25,Medio
EXP-02511,CALI,ALIMENTOS,Juzgado_Penal_Municipal_1,2023,70.34,1.25,1,1,642,1,0,8,5,587,483.25,Medio
EXP-03116,CALI,ALIMENTOS,Juzgado_Penal_Municipal_1,2024,70.34,1.25,1,1,657,1,0,8,5,587,483.25,Medio
EXP-03842,CALI,HURTO_PATRIMONIAL,Comisaria_2_Familia,2021,70.34,0.9,1,1,589,1,1,8,1,587,445.0,Medio
EXP-04122,CALI,ALIMENTOS,Juzgado_Penal_Municipal_1,2024,70.34,1.25,4,1,693,1,0,8,5,587,483.25,Medio
EXP-04577,CALI,ALIMENTOS,Juzgado_Penal_Municipal_1,2023,70.34,1.25,4,1,689,1,0,8,5,587,483.25,Medio
EXP-04647,CALI,HURTO_PATRIMONIAL,Juzgado_Penal_Municipal_1,2023,70.34,1.25,17,1,616,0,1,8,5,587,522.0,Medio
EXP-05043,CALI,ALIMENTOS,Juzgado_Penal_Municipal_1,2023,70.34,1.25,1,1,650,1,0,8,5,587,483.25,Medio
EXP-05946,CALI,ALIMENTOS,Juzgado_Penal_Municipal_1,2023,70.34,1.25,4,1,305,0,0,8,5,587,483.25,Medio
EXP-06414,CALI,HURTO_PATRIMONIAL,Comisaria_2_Familia,2021,70.34,0.9,1,1,633,1,1,8,1,587,445.0,Medio
EXP-07613,CALI,ALIMENTOS,Juzgado_Penal_Municipal_1,2024,70.34,1.25,2,1,670,1,0,8,5,587,483.25,Medio
EXP-10080,CALI,ALIMENTOS,Juzgado_Penal_Municipal_1,2023,70.34,1.25,1,1,654,1,0,8,5,587,483.25,Medio
EXP-10338,CALI,ALIMENTOS,Juzgado_Penal_Municipal_1,2024,70.34,1.25,4,1,703,1,0,8,5,587,483.25,Medio
EXP-00724,CALI,ALIMENTOS,Comisaria_1_Familia,2024,70.34,1.1,3,1,627,1,0,8,0,586,459.0,Medio
EXP-02473,CALI,ALIMENTOS,Comisaria_1_Familia,2021,70.34,1.1,3,1,315,0,0,8,0,586,459.0,Medio
EXP-03634,CALI,ALIMENTOS,Comisaria_1_Familia,2024,70.34,1.1,3,1,597,1,0,8,0,586,459.0,Medio
EXP-05053,CALI,ALIMENTOS,Comisaria_1_Familia,2020,70.34,1.1,4,1,658,1,0,8,0,586,459.0,Medio
EXP-05059,CALI,ALIMENTOS,Comisaria_1_Familia,2021,70.34,1.1,3,1,671,1,0,8,0,586,459.0,Medio
EXP-05529,CALI,ALIMENTOS,Comisaria_1_Familia,2024,70.34,1.1,3,1,620,1,0,8,0,586,459.0,Medio
EXP-07174,CALI,ALIMENTOS,Comisaria_1_Familia,2023,70.34,1.1,3,1,640,1,0,8,0,586,459.0,Medio
EXP-07772,CALI,ALIMENTOS,Comisaria_1_Familia,2024,70.34,1.1,3,1,323,0,0,8,0,586,459.0,Medio
EXP-08197,CALI,ALIMENTOS,Comisaria_1_Familia,2021,70.34,1.1,3,1,379,0,0,8,0,586,459.0,Medio
EXP-09595,CALI,ALIMENTOS,Juzgado_Penal_Municipal_1,2024,70.34,1.25,3,1,661,1,0,8,5,586,483.25,Medio
EXP-10094,CALI,HURTO_PATRIMONIAL,Comisaria_1_Familia,2021,70.34,1.1,11,0,590,1,1,8,0,586,498.75,Medio
EXP-11279,LA VICTORIA,HURTO_PATRIMONIAL,Juzgado_1_Familia,2023,0.1666666666666666,1.35,9,1,595,1,1,24,2,586,543.0,Medio
EXP-11388,CALI,ALIMENTOS,Juzgado_Penal_Municipal_2,2024,70.34,1.05,10,1,667,1,0,8,6,586,439.0,Medio
EXP-11518,CALI,ALIMENTOS,Juzgado_Penal_Municipal_1,2024,70.34,1.25,3,1,602,1,0,8,5,586,483.25,Medio
EXP-00057,CALI,ALIMENTOS,Juzgado_Penal_Municipal_2,2022,70.34,1.05,5,1,643,1,0,8,6,585,439.0,Medio
EXP-00114,CALI,ALIMENTOS,Comisaria_1_Familia,2024,70.34,1.1,4,1,643,1,0,8,0,585,459.0,Medio
EXP-00587,CALI,ALIMENTOS,Juzgado_2_Familia,2024,70.34,1.2,6,1,683,1,0,8,3,585,474.25,Medio
EXP-01640,CALI,ALIMENTOS,Comisaria_1_Familia,2024,70.34,1.1,4,1,648,1,0,8,0,585,459.0,Medio
EXP-04343,CALI,ALIMENTOS,Comisaria_1_Familia,2024,70.34,1.1,4,1,650,1,0,8,0,585,459.0,Medio
EXP-04533,CALI,HURTO_PATRIMONIAL,Juzgado_3_Familia,2024,70.34,0.95,1,1,596,1,1,8,4,585,451.0,Medio
EXP-05156,CALI,HURTO_PATRIMONIAL,Juzgado_3_Familia,2022,70.34,0.95,5,1,456,0,1,8,4,585,451.0,Medio
EXP-05541,CALI,HURTO_PATRIMONIAL,Juzgado_3_Familia,2022,70.34,0.95,5,1,679,1,1,8,4,585,451.0,Medio
EXP-08883,CALI,ALIMENTOS,Juzgado_2_Familia,2024,70.34,1.2,6,1,637,1,0,8,3,585,474.25,Medio
EXP-09539,CALI,HURTO_PATRIMONIAL,Juzgado_3_Familia,2022,70.34,0.95,4,1,642,1,1,8,4,585,451.0,Medio
EXP-09666,CALI,ALIMENTOS,Comisaria_1_Familia,2023,70.34,1.1,4,1,639,1,0,8,0,585,459.0,Medio
EXP-09705,CALI,ALIMENTOS,Juzgado_Penal_Municipal_2,2024,70.34,1.05,5,1,704,1,0,8,6,585,439.0,Medio
EXP-09856,CALI,ALIMENTOS,Juzgado_2_Familia,2023,70.34,1.2,6,1,372,0,0,8,3,585,474.25,Medio
EXP-02444,CALI,ALIMENTOS,Comisaria_1_Familia,2022,70.34,1.1,3,1,614,1,0,8,0,584,459.0,Medio
EXP-03991,CALI,HURTO_PATRIMONIAL,Comisaria_2_Familia,2022,70.34,0.9,1,1,604,1,1,8,1,584,445.0,Medio
EXP-08516,CALI,HURTO_PATRIMONIAL,Juzgado_Penal_Municipal_1,2020,70.34,1.25,10,0,611,1,1,8,5,584,522.0,Medio
EXP-09420,CALI,ALIMENTOS,Comisaria_2_Familia,2024,70.34,0.9,9,1,649,1,0,8,1,584,406.0,Medio
EXP-09674,CALI,ALIMENTOS,Comisaria_1_Familia,2022,70.34,1.1,3,1,637,1,0,8,0,584,459.0,Medio
EXP-11416,CALI,ALIMENTOS,Comisaria_1_Familia,2024,70.34,1.1,14,1,720,1,0,8,0,584,459.0,Medio
EXP-00485,CALI,ALIMENTOS,Comisaria_1_Familia,2022,70.34,1.1,1,1,660,1,0,8,0,583,459.0,Medio
EXP-01867,CALI,HURTO_PATRIMONIAL,Juzgado_Penal_Municipal_1,2023,70.34,1.25,12,0,692,1,1,8,5,583,522.0,Medio
EXP-03175,CALI,ALIMENTOS,Comisaria_1_Familia,2022,70.34,1.1,1,1,602,1,0,8,0,583,459.0,Medio
EXP-03206,CALI,ALIMENTOS,Juzgado_2_Familia,2021,70.34,1.2,17,1,413,0,0,8,3,583,474.25,Medio
EXP-03302,CALI,ALIMENTOS,Comisaria_1_Familia,2021,70.34,1.1,2,1,669,1,0,8,0,583,459.0,Medio
EXP-03335,CALI,ALIMENTOS,Juzgado_1_Familia,2021,70.34,1.35,14,0,507,0,0,8,2,583,515.0,Medio
EXP-03956,CALI,ALIMENTOS,Comisaria_1_Familia,2021,70.34,1.1,2,1,615,1,0,8,0,583,459.0,Medio
EXP-04552,CALI,HURTO_PATRIMONIAL,Juzgado_3_Familia,2024,70.34,0.95,4,1,666,1,1,8,4,583,451.0,Medio
EXP-05429,CALI,ALIMENTOS,Comisaria_2_Familia,2024,70.34,0.9,8,1,608,1,0,8,1,583,406.0,Medio
EXP-06817,CALI,ALIMENTOS,Comisaria_2_Familia,2023,70.34,0.9,8,1,654,1,0,8,1,583,406.0,Medio
EXP-06833,CALI,ALIMENTOS,Comisaria_1_Familia,2021,70.34,1.1,2,1,615,1,0,8,0,583,459.0,Medio
EXP-07012,CALI,ALIMENTOS,Juzgado_2_Familia,2024,70.34,1.2,3,1,306,0,0,8,3,583,474.25,Medio
EXP-08521,CALI,ALIMENTOS,Comisaria_1_Familia,2022,70.34,1.1,1,1,565,1,0,8,0,583,459.0,Medio
EXP-09628,CALI,ALIMENTOS,Juzgado_2_Familia,2024,70.34,1.2,3,1,656,1,0,8,3,583,474.25,Medio
EXP-10754,CALI,ALIMENTOS,Juzgado_2_Familia,2024,70.34,1.2,3,1,678,1,0,8,3,583,474.25,Medio
EXP-00638,CALI,ALIMENTOS,Juzgado_2_Familia,2023,70.34,1.2,4,1,661,1,0,8,3,582,474.25,Medio
EXP-04168,CALI,ALIMENTOS,Juzgado_Penal_Municipal_1,2021,70.34,1.25,2,1,672,1,0,8,5,582,483.25,Medio
EXP-05124,CALI,ALIMENTOS,Juzgado_Penal_Municipal_1,2020,70.34,1.25,1,1,645,1,0,8,5,582,483.25,Medio
EXP-05704,CALI,ALIMENTOS,Juzgado_Penal_Municipal_1,2021,70.34,1.25,3,1,672,1,0,8,5,582,483.25,Medio
EXP-02074,CALI,ALIMENTOS,Juzgado_2_Familia,2021,70.34,1.2,3,1,493,0,0,8,3,581,474.25,Medio
EXP-04791,CALI,ALIMENTOS,Juzgado_Penal_Municipal_1,2022,70.34,1.25,5,1,341,0,0,8,5,581,483.25,Medio
EXP-04927,CALI,ALIMENTOS,Comisaria_1_Familia,2024,70.34,1.1,2,1,579,1,0,8,0,581,459.0,Medio
EXP-05040,CALI,HURTO_PATRIMONIAL,Juzgado_1_Familia,2023,70.34,1.35,5,0,633,1,1,8,2,581,543.0,Medio
EXP-05711,CALI,ALIMENTOS,Juzgado_Penal_Municipal_1,2022,70.34,1.25,5,1,712,1,0,8,5,581,483.25,Medio
EXP-06355,CALI,ALIMENTOS,Comisaria_1_Familia,2024,70.34,1.1,2,1,702,1,0,8,0,581,459.0,Medio
EXP-08624,CALI,ALIMENTOS,Juzgado_2_Familia,2021,70.34,1.2,3,1,646,1,0,8,3,581,474.25,Medio
EXP-09235,JAMUNDI,ALIMENTOS,Juzgado_Penal_Municipal_1,2023,2.64,1.25,16,1,622,1,0,21,5,581,483.25,Medio
EXP-10117,CALI,ALIMENTOS,Comisaria_1_Familia,2022,70.34,1.1,2,1,621,1,0,8,0,581,459.0,Medio
EXP-10330,CALI,ALIMENTOS,Comisaria_1_Familia,2024,70.34,1.1,2,1,612,1,0,8,0,581,459.0,Medio
EXP-10636,CALI,ALIMENTOS,Comisaria_1_Familia,2023,70.34,1.1,2,1,629,1,0,8,0,581,459.0,Medio
EXP-10768,CALI,HURTO_PATRIMONIAL,Juzgado_3_Familia,2022,70.34,0.95,3,1,329,0,1,8,4,581,451.0,Medio
EXP-11145,CALI,HURTO_PATRIMONIAL,Juzgado_1_Familia,2023,70.34,1.35,5,0,637,1,1,8,2,581,543.0,Medio
EXP-11208,CALI,ALIMENTOS,Juzgado_2_Familia,2021,70.34,1.2,3,1,577,1,0,8,3,581,474.25,Medio
EXP-11687,CALI,ALIMENTOS,Juzgado_Penal_Municipal_1,2022,70.34,1.25,5,1,675,1,0,8,5,581,483.25,Medio
EXP-00704,CALI,HURTO_PATRIMONIAL,Juzgado_3_Familia,2022,70.34,0.95,2,1,672,1,1,8,4,580,451.0,Medio
EXP-01407,CALI,ALIMENTOS,Comisaria_1_Familia,2020,70.34,1.1,1,1,602,1,0,8,0,580,459.0,Medio
EXP-02839,CALI,ALIMENTOS,Juzgado_2_Familia,2023,70.34,1.2,2,1,516,0,0,8,3,580,474.25,Medio
EXP-04244,CALI,HURTO_PATRIMONIAL,Juzgado_1_Familia,2024,70.34,1.35,13,0,347,0,1,8,2,580,543.0,Medio
EXP-04315,CALI,ALIMENTOS,Juzgado_Penal_Municipal_1,2023,70.34,1.25,13,0,638,1,0,8,5,580,483.25,Medio
EXP-05263,CALI,ALIMENTOS,Juzgado_2_Familia,2020,70.34,1.2,4,1,658,1,0,8,3,580,474.25,Medio
EXP-07601,CALI,ALIMENTOS,Juzgado_2_Familia,2023,70.34,1.2,2,1,662,1,0,8,3,580,474.25,Medio
EXP-07610,CALI,HURTO_PATRIMONIAL,Comisaria_2_Familia,2020,70.34,0.9,3,1,632,1,1,8,1,580,445.0,Medio
EXP-08209,CALI,ALIMENTOS,Juzgado_2_Familia,2020,70.34,1.2,4,1,655,1,0,8,3,580,474.25,Medio
EXP-11432,CALI,HURTO_PATRIMONIAL,Juzgado_3_Familia,2022,70.34,0.95,2,1,610,1,1,8,4,580,451.0,Medio
EXP-01001,CALI,ALIMENTOS,Juzgado_3_Familia,2022,70.34,0.95,7,1,662,1,0,8,4,579,410.0,Medio
EXP-01331,CALI,ALIMENTOS,Juzgado_2_Familia,2022,70.34,1.2,6,1,339,0,0,8,3,579,474.25,Medio
EXP-01565,CALI,ALIMENTOS,Juzgado_Penal_Municipal_2,2021,70.34,1.05,1,1,630,1,0,8,6,579,439.0,Medio
EXP-01861,CALI,ALIMENTOS,Juzgado_Penal_Municipal_2,2021,70.34,1.05,1,1,617,1,0,8,6,579,439.0,Medio
EXP-02646,CALI,ALIMENTOS,Juzgado_Penal_Municipal_2,2022,70.34,1.05,4,1,607,1,0,8,6,579,439.0,Medio
EXP-02706,CALI,ALIMENTOS,Comisaria_2_Familia,2022,70.34,0.9,12,1,661,1,0,8,1,579,406.0,Medio
EXP-03827,CALI,ALIMENTOS,Juzgado_Penal_Municipal_1,2021,70.34,1.25,15,0,676,1,0,8,5,579,483.25,Medio
EXP-04282,CALI,ALIMENTOS,Juzgado_Penal_Municipal_2,2021,70.34,1.05,1,1,609,1,0,8,6,579,439.0,Medio
EXP-04336,CALI,ALIMENTOS,Comisaria_1_Familia,2024,70.34,1.1,1,1,598,1,0,8,0,579,459.0,Medio
EXP-05185,CALI,HURTO_PATRIMONIAL,Comisaria_2_Familia,2024,70.34,0.9,4,1,638,1,1,8,1,579,445.0,Medio
EXP-05320,CALI,ALIMENTOS,Juzgado_Penal_Municipal_2,2022,70.34,1.05,4,1,657,1,0,8,6,579,439.0,Medio
EXP-09256,CALI,HURTO_PATRIMONIAL,Juzgado_3_Familia,2024,70.34,0.95,3,1,594,1,1,8,4,579,451.0,Medio
EXP-10452,CALI,ALIMENTOS,Comisaria_1_Familia,2024,70.34,1.1,1,1,591,1,0,8,0,579,459.0,Medio
EXP-10560,CALI,ALIMENTOS,Juzgado_Penal_Municipal_2,2021,70.34,1.05,1,1,605,1,0,8,6,579,439.0,Medio
EXP-10955,CALI,ALIMENTOS,Comisaria_1_Familia,2023,70.34,1.1,1,1,605,1,0,8,0,579,459.0,Medio
EXP-02952,CALI,ALIMENTOS,Juzgado_2_Familia,2021,70.34,1.2,1,1,625,1,0,8,3,578,474.25,Medio
EXP-05955,CALI,ALIMENTOS,Juzgado_2_Familia,2021,70.34,1.2,1,1,646,1,0,8,3,578,474.25,Medio
EXP-06757,CALI,ALIMENTOS,Comisaria_2_Familia,2022,70.34,0.9,7,1,601,1,0,8,1,578,406.0,Medio
EXP-08039,CALI,ALIMENTOS,Juzgado_2_Familia,2021,70.34,1.2,1,1,319,0,0,8,3,578,474.25,Medio
EXP-08419,CALI,ALIMENTOS,Comisaria_1_Familia,2020,70.34,1.1,2,1,245,0,0,8,0,578,459.0,Medio
EXP-09771,CALI,HURTO_PATRIMONIAL,Comisaria_2_Familia,2023,70.34,0.9,13,1,718,1,1,8,1,578,445.0,Medio
EXP-10281,CALI,ALIMENTOS,Juzgado_Penal_Municipal_2,2023,70.34,1.05,4,1,628,1,0,8,6,578,439.0,Medio
EXP-11071,CALI,ALIMENTOS,Juzgado_Penal_Municipal_2,2024,70.34,1.05,4,1,621,1,0,8,6,578,439.0,Medio
EXP-11465,CALI,HURTO_PATRIMONIAL,Juzgado_2_Familia,2020,70.34,1.2,10,0,566,1,1,8,3,578,516.0,Medio
EXP-01189,CALI,ALIMENTOS,Juzgado_Penal_Municipal_2,2020,70.34,1.05,4,1,625,1,0,8,6,577,439.0,Medio
EXP-02947,CALI,ALIMENTOS,Juzgado_2_Familia,2022,70.34,1.2,1,1,619,1,0,8,3,577,474.25,Medio
EXP-05912,CALI,ALIMENTOS,Juzgado_Penal_Municipal_1,2022,70.34,1.25,4,1,669,1,0,8,5,577,483.25,Medio
EXP-06215,CALI,ALIMENTOS,Juzgado_Penal_Municipal_1,2022,70.34,1.25,4,1,703,1,0,8,5,577,483.25,Medio
EXP-06500,CALI,ALIMENTOS,Juzgado_2_Familia,2022,70.34,1.2,1,1,391,0,0,8,3,577,474.25,Medio
EXP-07641,CALI,ALIMENTOS,Juzgado_Penal_Municipal_2,2020,70.34,1.05,4,1,647,1,0,8,6,577,439.0,Medio
EXP-08729,CALI,ALIMENTOS,Juzgado_2_Familia,2022,70.34,1.2,4,1,667,1,0,8,3,577,474.25,Medio
EXP-10207,CALI,ALIMENTOS,Juzgado_Penal_Municipal_1,2022,70.34,1.25,1,1,353,0,0,8,5,577,483.25,Medio
EXP-00214,CALI,ALIMENTOS,Juzgado_2_Familia,2023,70.34,1.2,1,1,485,0,0,8,3,576,474.25,Medio
EXP-00243,CALI,ALIMENTOS,Juzgado_1_Familia,2020,70.34,1.35,12,0,614,1,0,8,2,576,515.0,Medio
EXP-00667,CALI,ALIMENTOS,Juzgado_Penal_Municipal_2,2022,70.34,1.05,3,1,596,1,0,8,6,576,439.0,Medio
EXP-00900,CALI,ALIMENTOS,Juzgado_2_Familia,2020,70.34,1.2,1,1,623,1,0,8,3,576,474.25,Medio
EXP-01488,CALI,ALIMENTOS,Juzgado_Penal_Municipal_2,2022,70.34,1.05,1,1,548,1,0,8,6,576,439.0,Medio
EXP-02972,CALI,ALIMENTOS,Juzgado_Penal_Municipal_1,2022,70.34,1.25,3,1,703,1,0,8,5,576,483.25,Medio
EXP-03704,CALI,ALIMENTOS,Juzgado_Penal_Municipal_2,2022,70.34,1.05,1,1,586,1,0,8,6,576,439.0,Medio
EXP-04105,CALI,ALIMENTOS,Juzgado_2_Familia,2022,70.34,1.2,2,1,654,1,0,8,3,576,474.25,Medio
EXP-05680,CALI,ALIMENTOS,Juzgado_2_Familia,2020,70.34,1.2,1,1,678,1,0,8,3,576,474.25,Medio
EXP-07082,CALI,HURTO_PATRIMONIAL,Juzgado_Penal_Municipal_1,2021,70.34,1.25,8,0,668,1,1,8,5,576,522.0,Medio
EXP-07328,CALI,ALIMENTOS,Juzgado_2_Familia,2023,70.34,1.2,1,1,611,1,0,8,3,576,474.25,Medio
EXP-07523,CALI,ALIMENTOS,Juzgado_2_Familia,2024,70.34,1.2,1,1,621,1,0,8,3,576,474.25,Medio
EXP-08442,CALI,ALIMENTOS,Juzgado_2_Familia,2023,70.34,1.2,1,1,610,1,0,8,3,576,474.25,Medio
EXP-08444,CALI,HURTO_PATRIMONIAL,Juzgado_Penal_Municipal_1,2020,70.34,1.25,8,0,654,1,1,8,5,576,522.0,Medio
EXP-08893,CALI,ALIMENTOS,Juzgado_2_Familia,2024,70.34,1.2,1,1,669,1,0,8,3,576,474.25,Medio
EXP-00461,CALI,ALIMENTOS,Juzgado_Penal_Municipal_2,2023,70.34,1.05,3,1,623,1,0,8,6,575,439.0,Medio
EXP-02846,CALI,HURTO_PATRIMONIAL,Comisaria_2_Familia,2023,70.34,0.9,3,1,673,1,1,8,1,575,445.0,Medio
EXP-05919,CALI,ALIMENTOS,Juzgado_Penal_Municipal_2,2020,70.34,1.05,1,1,614,1,0,8,6,575,439.0,Medio
EXP-09061,CALI,HURTO_PATRIMONIAL,Comisaria_2_Familia,2023,70.34,0.9,1,1,630,1,1,8,1,575,445.0,Medio
EXP-10430,CALI,ALIMENTOS,Juzgado_3_Familia,2024,70.34,0.95,7,1,629,1,0,8,4,575,410.0,Medio
EXP-10819,CALI,HURTO_PATRIMONIAL,Comisaria_2_Familia,2024,70.34,0.9,3,1,607,1,1,8,1,575,445.0,Medio
EXP-00412,CALI,ALIMENTOS,Juzgado_Penal_Municipal_2,2024,70.34,1.05,1,1,609,1,0,8,6,574,439.0,Medio
EXP-02056,CALI,ALIMENTOS,Juzgado_Penal_Municipal_2,2023,70.34,1.05,1,1,500,0,0,8,6,574,439.0,Medio
EXP-02633,CALI,ALIMENTOS,Juzgado_Penal_Municipal_2,2024,70.34,1.05,1,1,603,1,0,8,6,574,439.0,Medio
EXP-03045,CALI,ALIMENTOS,Juzgado_Penal_Municipal_2,2022,70.34,1.05,2,1,619,1,0,8,6,574,439.0,Medio
EXP-04815,CALI,ALIMENTOS,Juzgado_Penal_Municipal_2,2024,70.34,1.05,1,1,596,1,0,8,6,574,439.0,Medio
EXP-06643,CALI,HURTO_PATRIMONIAL,Juzgado_2_Familia,2023,70.34,1.2,9,0,626,1,1,8,3,574,516.0,Medio
EXP-09602,CALI,ALIMENTOS,Juzgado_Penal_Municipal_2,2024,70.34,1.05,1,1,637,1,0,8,6,574,439.0,Medio
EXP-02175,CALI,HURTO_PATRIMONIAL,Comisaria_1_Familia,2021,70.34,1.1,9,0,560,1,1,8,0,573,498.75,Medio
EXP-05427,CALIMA,ALIMENTOS,Juzgado_Penal_Municipal_1,2023,0.3199999999999999,1.25,19,1,629,1,0,9,5,573,483.25,Medio
EXP-08800,CALI,ALIMENTOS,Juzgado_1_Familia,2024,70.34,1.35,12,0,615,1,0,8,2,573,515.0,Medio
EXP-10193,CALI,HURTO_PATRIMONIAL,Juzgado_Penal_Municipal_1,2022,70.34,1.25,9,0,669,1,1,8,5,573,522.0,Medio
EXP-00282,CALI,HURTO_PATRIMONIAL,Comisaria_2_Familia,2022,70.34,0.9,2,1,638,1,1,8,1,572,445.0,Medio
EXP-00386,CALI,ALIMENTOS,Comisaria_2_Familia,2024,70.34,0.9,7,1,384,0,0,8,1,572,406.0,Medio
EXP-01098,CALI,ALIMENTOS,Juzgado_Penal_Municipal_2,2024,70.34,1.05,2,1,248,0,0,8,6,572,439.0,Medio
EXP-01988,CALI,ALIMENTOS,Juzgado_Penal_Municipal_2,2024,70.34,1.05,2,1,616,1,0,8,6,572,439.0,Medio
EXP-04612,CALI,ALIMENTOS,Comisaria_2_Familia,2024,70.34,0.9,7,1,629,1,0,8,1,572,406.0,Medio
EXP-08195,CALI,ALIMENTOS,Juzgado_Penal_Municipal_2,2023,70.34,1.05,2,1,626,1,0,8,6,572,439.0,Medio
EXP-02290,CALI,HURTO_PATRIMONIAL,Juzgado_2_Familia,2023,70.34,1.2,10,0,619,1,1,8,3,571,516.0,Medio
EXP-05121,CALI,HURTO_PATRIMONIAL,Juzgado_1_Familia,2021,70.34,1.35,5,0,630,1,1,8,2,571,543.0,Medio
EXP-10787,CARTAGO,HURTO_PATRIMONIAL,Juzgado_1_Familia,2023,5.56,1.35,12,1,647,1,1,11,2,570,543.0,Medio
EXP-03262,CALI,ALIMENTOS,Juzgado_Penal_Municipal_2,2020,70.34,1.05,2,1,634,1,0,8,6,569,439.0,Medio
EXP-03282,CALI,HURTO_PATRIMONIAL,Juzgado_1_Familia,2024,70.34,1.35,4,0,586,1,1,8,2,569,543.0,Medio
EXP-03345,CALI,HURTO_PATRIMONIAL,Juzgado_2_Familia,2024,70.34,1.2,8,0,582,1,1,8,3,569,516.0,Medio
EXP-05877,CALI,HURTO_PATRIMONIAL,Juzgado_1_Familia,2023,70.34,1.35,4,0,638,1,1,8,2,569,543.0,Medio
EXP-07530,CALI,HURTO_PATRIMONIAL,Juzgado_1_Familia,2024,70.34,1.35,4,0,581,1,1,8,2,569,543.0,Medio
EXP-11507,CALI,HURTO_PATRIMONIAL,Juzgado_1_Familia,2024,70.34,1.35,4,0,640,1,1,8,2,569,543.0,Medio
EXP-11668,CALI,HURTO_PATRIMONIAL,Juzgado_1_Familia,2024,70.34,1.35,2,0,493,0,1,8,2,569,543.0,Medio
EXP-01969,CALI,HURTO_PATRIMONIAL,Juzgado_1_Familia,2024,70.34,1.35,1,0,643,1,1,8,2,568,543.0,Medio
EXP-02510,CALI,HURTO_PATRIMONIAL,Juzgado_1_Familia,2023,70.34,1.35,1,0,618,1,1,8,2,568,543.0,Medio
EXP-05223,CALI,HURTO_PATRIMONIAL,Juzgado_1_Familia,2024,70.34,1.35,1,0,560,1,1,8,2,568,543.0,Medio
EXP-08280,CALI,HURTO_PATRIMONIAL,Juzgado_2_Familia,2024,70.34,1.2,12,0,675,1,1,8,3,568,516.0,Medio
EXP-09626,CALI,HURTO_PATRIMONIAL,Comisaria_2_Familia,2020,70.34,0.9,2,1,656,1,1,8,1,568,445.0,Medio
EXP-09629,CALI,HURTO_PATRIMONIAL,Juzgado_1_Familia,2024,70.34,1.35,1,0,610,1,1,8,2,568,543.0,Medio
EXP-10125,CALI,HURTO_PATRIMONIAL,Juzgado_1_Familia,2023,70.34,1.35,1,0,597,1,1,8,2,568,543.0,Medio
EXP-00749,CALI,HURTO_PATRIMONIAL,Juzgado_1_Familia,2024,70.34,1.35,3,0,613,1,1,8,2,567,543.0,Medio
EXP-02890,CALI,ALIMENTOS,Juzgado_1_Familia,2024,70.34,1.35,8,0,591,1,0,8,2,567,515.0,Medio
EXP-03305,CALI,ALIMENTOS,Juzgado_1_Familia,2023,70.34,1.35,8,0,562,1,0,8,2,567,515.0,Medio
EXP-05020,CALI,HURTO_PATRIMONIAL,Juzgado_1_Familia,2023,70.34,1.35,3,0,656,1,1,8,2,567,543.0,Medio
EXP-08132,CALI,HURTO_PATRIMONIAL,Juzgado_2_Familia,2020,70.34,1.2,7,0,609,1,1,8,3,567,516.0,Medio
EXP-11132,CALI,ALIMENTOS,Juzgado_1_Familia,2024,70.34,1.35,8,0,593,1,0,8,2,567,515.0,Medio
EXP-11940,CALI,HURTO_PATRIMONIAL,Juzgado_Penal_Municipal_1,2024,70.34,1.25,13,0,669,1,1,8,5,567,522.0,Medio
EXP-01100,CALI,HURTO_PATRIMONIAL,Comisaria_2_Familia,2023,70.34,0.9,2,1,461,0,1,8,1,566,445.0,Medio
EXP-02055,CALI,ALIMENTOS,Comisaria_2_Familia,2021,70.34,0.9,5,1,605,1,0,8,1,566,406.0,Medio
EXP-05280,CALI,HURTO_PATRIMONIAL,Comisaria_2_Familia,2023,70.34,0.9,2,1,596,1,1,8,1,566,445.0,Medio
EXP-05779,CALI,HURTO_PATRIMONIAL,Juzgado_2_Familia,2021,70.34,1.2,7,0,602,1,1,8,3,566,516.0,Medio
EXP-09779,CALI,HURTO_PATRIMONIAL,Juzgado_Penal_Municipal_1,2024,70.34,1.25,7,0,602,1,1,8,5,566,522.0,Medio
EXP-11785,CALI,HURTO_PATRIMONIAL,Comisaria_2_Familia,2023,70.34,0.9,2,1,376,0,1,8,1,566,445.0,Medio
EXP-03314,CALI,HURTO_PATRIMONIAL,Juzgado_2_Familia,2022,70.34,1.2,10,0,579,1,1,8,3,565,516.0,Medio
EXP-04359,CALI,ALIMENTOS,Comisaria_2_Familia,2020,70.34,0.9,6,1,636,1,0,8,1,565,406.0,Medio
EXP-07177,CALI,HURTO_PATRIMONIAL,Comisaria_1_Familia,2024,70.34,1.1,9,0,257,0,1,8,0,565,498.75,Medio
EXP-09030,CANDELARIA,HURTO_PATRIMONIAL,Juzgado_1_Familia,2023,3.08,1.35,13,1,619,1,1,10,2,565,543.0,Medio
EXP-11332,CALI,HURTO_PATRIMONIAL,Juzgado_2_Familia,2022,70.34,1.2,10,0,520,0,1,8,3,565,516.0,Medio
EXP-01078,CALI,ALIMENTOS,Juzgado_3_Familia,2022,70.34,0.95,1,1,596,1,0,8,4,564,410.0,Medio
EXP-03498,CALI,ALIMENTOS,Juzgado_3_Familia,2022,70.34,0.95,1,1,572,1,0,8,4,564,410.0,Medio
EXP-03543,CALI,ALIMENTOS,Juzgado_3_Familia,2022,70.34,0.95,1,1,590,1,0,8,4,564,410.0,Medio
EXP-06214,CALI,HURTO_PATRIMONIAL,Juzgado_2_Familia,2022,70.34,1.2,8,0,614,1,1,8,3,564,516.0,Medio
EXP-06309,EL DOVIO,HURTO_PATRIMONIAL,Juzgado_Penal_Municipal_1,2023,0.1,1.25,12,1,567,1,1,16,5,564,522.0,Medio
EXP-10257,CALI,ALIMENTOS,Juzgado_3_Familia,2022,70.34,0.95,1,1,584,1,0,8,4,564,410.0,Medio
EXP-11447,CALI,HURTO_PATRIMONIAL,Juzgado_Penal_Municipal_1,2022,70.34,1.25,8,0,614,1,1,8,5,564,522.0,Medio
EXP-01180,CALI,HURTO_PATRIMONIAL,Comisaria_1_Familia,2021,70.34,1.1,7,0,531,1,1,8,0,563,498.75,Medio
EXP-02086,CALI,HURTO_PATRIMONIAL,Comisaria_1_Familia,2022,70.34,1.1,10,0,638,1,1,8,0,563,498.75,Medio
EXP-07007,CALI,ALIMENTOS,Juzgado_1_Familia,2021,70.34,1.35,10,0,636,1,0,8,2,563,515.0,Medio
EXP-08705,CALI,HURTO_PATRIMONIAL,Comisaria_1_Familia,2021,70.34,1.1,7,0,549,1,1,8,0,563,498.75,Medio
EXP-09042,CALI,ALIMENTOS,Juzgado_3_Familia,2021,70.34,0.95,4,1,591,1,0,8,4,563,410.0,Medio
EXP-11634,CALI,HURTO_PATRIMONIAL,Comisaria_1_Familia,2022,70.34,1.1,10,0,631,1,1,8,0,563,498.75,Medio
EXP-01023,CALI,ALIMENTOS,Juzgado_3_Familia,2022,70.34,0.95,5,1,611,1,0,8,4,562,410.0,Medio
EXP-00390,CALI,ALIMENTOS,Juzgado_1_Familia,2024,70.34,1.35,7,0,589,1,0,8,2,561,515.0,Medio
EXP-02932,CALI,ALIMENTOS,Juzgado_1_Familia,2023,70.34,1.35,7,0,590,1,0,8,2,561,515.0,Medio
EXP-02946,CALI,ALIMENTOS,Juzgado_1_Familia,2021,70.34,1.35,8,0,601,1,0,8,2,561,515.0,Medio
EXP-03065,CALI,ALIMENTOS,Juzgado_1_Familia,2023,70.34,1.35,7,0,609,1,0,8,2,561,515.0,Medio
EXP-03341,CALI,ALIMENTOS,Juzgado_1_Familia,2023,70.34,1.35,7,0,602,1,0,8,2,561,515.0,Medio
EXP-04207,CALI,ALIMENTOS,Juzgado_3_Familia,2024,70.34,0.95,5,1,624,1,0,8,4,561,410.0,Medio
EXP-05122,CALI,HURTO_PATRIMONIAL,Comisaria_1_Familia,2024,70.34,1.1,8,0,564,1,1,8,0,561,498.75,Medio
EXP-05742,CALI,ALIMENTOS,Juzgado_1_Familia,2023,70.34,1.35,7,0,608,1,0,8,2,561,515.0,Medio
EXP-06584,CALI,ALIMENTOS,Juzgado_1_Familia,2021,70.34,1.35,8,0,557,1,0,8,2,561,515.0,Medio
EXP-07283,CALI,ALIMENTOS,Juzgado_3_Familia,2021,70.34,0.95,3,1,617,1,0,8,4,561,410.0,Medio
EXP-07405,CALI,ALIMENTOS,Juzgado_3_Familia,2021,70.34,0.95,3,1,575,1,0,8,4,561,410.0,Medio
EXP-08068,CALI,ALIMENTOS,Juzgado_3_Familia,2023,70.34,0.95,5,1,258,0,0,8,4,561,410.0,Medio
EXP-10829,CALI,ALIMENTOS,Juzgado_1_Familia,2023,70.34,1.35,7,0,355,0,0,8,2,561,515.0,Medio
EXP-01628,CALI,ALIMENTOS,Juzgado_3_Familia,2023,70.34,0.95,1,1,616,1,0,8,4,560,410.0,Medio
EXP-03413,TULUA,HURTO_PATRIMONIAL,Juzgado_1_Familia,2024,3.34,1.35,12,1,673,1,1,36,2,560,543.0,Medio
EXP-04001,CALI,HURTO_PATRIMONIAL,Juzgado_2_Familia,2024,70.34,1.2,7,0,593,1,1,8,3,560,516.0,Medio
EXP-04774,CALI,ALIMENTOS,Juzgado_3_Familia,2024,70.34,0.95,1,1,617,1,0,8,4,560,410.0,Medio
EXP-04982,CALI,HURTO_PATRIMONIAL,Juzgado_1_Familia,2022,70.34,1.35,5,0,603,1,1,8,2,560,543.0,Medio
EXP-09184,CALI,ALIMENTOS,Juzgado_3_Familia,2024,70.34,0.95,1,1,606,1,0,8,4,560,410.0,Medio
EXP-10762,CALI,ALIMENTOS,Juzgado_3_Familia,2022,70.34,0.95,6,1,607,1,0,8,4,560,410.0,Medio
EXP-11213,CALI,ALIMENTOS,Juzgado_3_Familia,2023,70.34,0.95,1,1,572,1,0,8,4,560,410.0,Medio
EXP-02023,CALI,ALIMENTOS,Juzgado_3_Familia,2020,70.34,0.95,4,1,585,1,0,8,4,559,410.0,Medio
EXP-03612,TORO,HURTO_PATRIMONIAL,Juzgado_Penal_Municipal_1,2022,0.1333333333333333,1.25,11,1,629,1,1,34,5,559,522.0,Medio
EXP-10089,CALI,HURTO_PATRIMONIAL,Juzgado_Penal_Municipal_1,2021,70.34,1.25,16,0,536,0,1,8,5,559,522.0,Medio
EXP-01017,CALI,ALIMENTOS,Comisaria_2_Familia,2021,70.34,0.9,1,1,572,1,0,8,1,558,406.0,Medio
EXP-01623,YUMBO,HURTO_PATRIMONIAL,Juzgado_1_Familia,2024,3.5,1.35,12,1,595,1,1,40,2,558,543.0,Medio
EXP-04589,CALI,ALIMENTOS,Juzgado_Penal_Municipal_1,2022,70.34,1.25,14,0,589,1,0,8,5,558,483.25,Medio
EXP-08707,CALI,ALIMENTOS,Juzgado_3_Familia,2024,70.34,0.95,6,1,621,1,0,8,4,558,410.0,Medio
EXP-10019,CALI,HURTO_PATRIMONIAL,Juzgado_1_Familia,2020,70.34,1.35,4,0,580,1,1,8,2,558,543.0,Medio
EXP-02063,CALI,ALIMENTOS,Juzgado_Penal_Municipal_2,2023,70.34,1.05,16,0,589,1,0,8,6,557,439.0,Medio
EXP-02345,CALI,HURTO_PATRIMONIAL,Juzgado_1_Familia,2021,70.34,1.35,2,0,600,1,1,8,2,557,543.0,Medio
EXP-03838,CALI,ALIMENTOS,Juzgado_3_Familia,2022,70.34,0.95,3,1,565,1,0,8,4,557,410.0,Medio
EXP-04047,CALI,ALIMENTOS,Comisaria_2_Familia,2022,70.34,0.9,1,1,558,1,0,8,1,557,406.0,Medio
EXP-04993,CALI,ALIMENTOS,Juzgado_3_Familia,2022,70.34,0.95,3,1,571,1,0,8,4,557,410.0,Medio
EXP-10255,CALI,ALIMENTOS,Comisaria_2_Familia,2022,70.34,0.9,1,1,596,1,0,8,1,557,406.0,Medio
EXP-01489,CALI,ALIMENTOS,Juzgado_3_Familia,2023,70.34,0.95,4,1,640,1,0,8,4,556,410.0,Medio
EXP-01512,CALI,ALIMENTOS,Juzgado_Penal_Municipal_1,2022,70.34,1.25,11,0,594,1,0,8,5,556,483.25,Medio
EXP-01706,CALI,ALIMENTOS,Juzgado_3_Familia,2022,70.34,0.95,2,1,614,1,0,8,4,556,410.0,Medio
EXP-01755,CALI,ALIMENTOS,Comisaria_2_Familia,2024,70.34,0.9,5,1,668,1,0,8,1,556,406.0,Medio
EXP-08172,CALI,ALIMENTOS,Juzgado_1_Familia,2020,70.34,1.35,7,0,593,1,0,8,2,556,515.0,Medio
EXP-09383,CALI,ALIMENTOS,Comisaria_2_Familia,2024,70.34,0.9,5,1,491,0,0,8,1,556,406.0,Medio
EXP-10663,CALI,HURTO_PATRIMONIAL,Juzgado_1_Familia,2021,70.34,1.35,3,0,634,1,1,8,2,556,543.0,Medio
EXP-10800,CALI,ALIMENTOS,Comisaria_2_Familia,2024,70.34,0.9,5,1,245,0,0,8,1,556,406.0,Medio
EXP-03087,CALI,ALIMENTOS,Juzgado_1_Familia,2021,70.34,1.35,7,0,586,1,0,8,2,555,515.0,Medio
EXP-03152,GUADALAJARA DE BUGA,HURTO_PATRIMONIAL,Juzgado_1_Familia,2024,6.6,1.35,12,1,595,1,1,20,2,555,543.0,Medio
EXP-05117,CALI,HURTO_PATRIMONIAL,Juzgado_Penal_Municipal_1,2022,70.34,1.25,7,0,630,1,1,8,5,555,522.0,Medio
EXP-05296,CALI,ALIMENTOS,Juzgado_3_Familia,2023,70.34,0.95,3,1,563,1,0,8,4,555,410.0,Medio
EXP-10245,ANSERMANUEVO,HURTO_PATRIMONIAL,Juzgado_1_Familia,2023,0.2,1.35,8,1,591,1,1,2,2,555,543.0,Medio
EXP-11111,CALI,ALIMENTOS,Juzgado_3_Familia,2024,70.34,0.95,3,1,609,1,0,8,4,555,410.0,Medio
EXP-02237,EL DOVIO,HURTO_PATRIMONIAL,Juzgado_2_Familia,2021,0.1,1.2,12,1,564,1,1,16,3,554,516.0,Medio
EXP-03133,CALI,ALIMENTOS,Comisaria_2_Familia,2024,70.34,0.9,6,1,392,0,0,8,1,554,406.0,Medio
EXP-04458,CALI,HURTO_PATRIMONIAL,Juzgado_Penal_Municipal_2,2024,70.34,1.05,22,1,595,0,1,8,6,554,478.0,Medio
EXP-06954,CALI,HURTO_PATRIMONIAL,Comisaria_1_Familia,2023,70.34,1.1,7,0,527,1,1,8,0,554,498.75,Medio
EXP-08558,CALI,HURTO_PATRIMONIAL,Juzgado_1_Familia,2021,70.34,1.35,1,0,610,1,1,8,2,554,543.0,Medio
EXP-08609,CALI,HURTO_PATRIMONIAL,Juzgado_1_Familia,2021,70.34,1.35,1,0,627,1,1,8,2,554,543.0,Medio
EXP-09887,CALI,ALIMENTOS,Comisaria_2_Familia,2023,70.34,0.9,6,1,417,0,0,8,1,554,406.0,Medio
EXP-11426,CALI,HURTO_PATRIMONIAL,Juzgado_1_Familia,2021,70.34,1.35,1,0,597,1,1,8,2,554,543.0,Medio
EXP-00280,CALI,ALIMENTOS,Juzgado_3_Familia,2023,70.34,0.95,2,1,583,1,0,8,4,553,410.0,Medio
EXP-04390,CALI,HURTO_PATRIMONIAL,Comisaria_1_Familia,2022,70.34,1.1,7,0,634,1,1,8,0,553,498.75,Medio
EXP-05143,CALI,ALIMENTOS,Juzgado_3_Familia,2023,70.34,0.95,2,1,616,1,0,8,4,553,410.0,Medio
EXP-05554,PALMIRA,HURTO_PATRIMONIAL,Juzgado_1_Familia,2021,11.54,1.35,10,1,664,1,1,26,2,553,543.0,Medio
EXP-09869,CALI,ALIMENTOS,Juzgado_3_Familia,2023,70.34,0.95,2,1,583,1,0,8,4,553,410.0,Medio
EXP-09937,ALCALA,HURTO_PATRIMONIAL,Juzgado_1_Familia,2023,0.22,1.35,16,1,644,1,1,0,2,553,543.0,Medio
EXP-00236,ALCALA,HURTO_PATRIMONIAL,Juzgado_1_Familia,2024,0.22,1.35,7,1,421,0,1,0,2,552,543.0,Medio
EXP-00349,PALMIRA,HURTO_PATRIMONIAL,Juzgado_1_Familia,2024,11.54,1.35,9,1,628,1,1,26,2,552,543.0,Medio
EXP-04065,CALI,HURTO_PATRIMONIAL,Juzgado_1_Familia,2022,70.34,1.35,1,0,623,1,1,8,2,552,543.0,Medio
EXP-08145,CALI,ALIMENTOS,Juzgado_1_Familia,2022,70.34,1.35,8,0,573,1,0,8,2,552,515.0,Medio
EXP-08917,CALI,HURTO_PATRIMONIAL,Juzgado_1_Familia,2022,70.34,1.35,1,0,623,1,1,8,2,552,543.0,Medio
EXP-10620,CALI,HURTO_PATRIMONIAL,Juzgado_1_Familia,2022,70.34,1.35,2,0,657,1,1,8,2,552,543.0,Medio
EXP-03054,YUMBO,HURTO_PATRIMONIAL,Juzgado_1_Familia,2021,3.5,1.35,10,1,570,1,1,40,2,551,543.0,Medio
EXP-05386,GUADALAJARA DE BUGA,ALIMENTOS,Juzgado_1_Familia,2021,6.6,1.35,15,1,615,1,0,20,2,551,515.0,Medio
EXP-02203,CALI,HURTO_PATRIMONIAL,Juzgado_Penal_Municipal_1,2023,70.34,1.25,5,0,624,1,1,8,5,550,522.0,Medio
EXP-07984,CALI,ALIMENTOS,Juzgado_Penal_Municipal_1,2024,70.34,1.25,9,0,632,1,0,8,5,550,483.25,Medio
EXP-08386,CALI,ALIMENTOS,Juzgado_Penal_Municipal_1,2023,70.34,1.25,9,0,611,1,0,8,5,550,483.25,Medio
EXP-11594,CALI,HURTO_PATRIMONIAL,Juzgado_Penal_Municipal_1,2024,70.34,1.25,5,0,575,1,1,8,5,550,522.0,Medio
EXP-00192,CALI,HURTO_PATRIMONIAL,Juzgado_1_Familia,2022,70.34,1.35,3,0,612,1,1,8,2,549,543.0,Medio
EXP-05558,CALI,HURTO_PATRIMONIAL,Juzgado_1_Familia,2022,70.34,1.35,3,0,573,1,1,8,2,549,543.0,Medio
EXP-06782,CALI,ALIMENTOS,Juzgado_3_Familia,2020,70.34,0.95,2,1,237,0,0,8,4,549,410.0,Medio
EXP-10291,BUENAVENTURA,HURTO_PATRIMONIAL,Juzgado_1_Familia,2022,3.34,1.35,9,1,577,1,1,5,2,548,543.0,Medio
EXP-01522,CALI,ALIMENTOS,Comisaria_2_Familia,2024,70.34,0.9,1,1,368,0,0,8,1,547,406.0,Medio
EXP-02233,CALI,ALIMENTOS,Comisaria_2_Familia,2024,70.34,0.9,1,1,595,1,0,8,1,547,406.0,Medio
EXP-07849,CALI,ALIMENTOS,Comisaria_2_Familia,2023,70.34,0.9,1,1,568,1,0,8,1,547,406.0,Medio
EXP-01963,EL CAIRO,ALIMENTOS,Juzgado_2_Familia,2024,0.1,1.2,16,1,595,1,0,14,3,546,474.25,Medio
EXP-02376,CALI,ALIMENTOS,Comisaria_2_Familia,2021,70.34,0.9,2,1,348,0,0,8,1,546,406.0,Medio
EXP-02778,CALI,ALIMENTOS,Comisaria_2_Familia,2024,70.34,0.9,4,1,595,1,0,8,1,546,406.0,Medio
EXP-03932,CALI,ALIMENTOS,Comisaria_2_Familia,2023,70.34,0.9,3,1,597,1,0,8,1,546,406.0,Medio
EXP-04620,CALI,ALIMENTOS,Comisaria_2_Familia,2023,70.34,0.9,3,1,620,1,0,8,1,546,406.0,Medio
EXP-05366,CALI,ALIMENTOS,Comisaria_2_Familia,2023,70.34,0.9,3,1,589,1,0,8,1,546,406.0,Medio
EXP-05728,LA VICTORIA,HURTO_PATRIMONIAL,Juzgado_1_Familia,2023,0.1666666666666666,1.35,4,1,538,1,1,24,2,546,543.0,Medio
EXP-06386,CALI,HURTO_PATRIMONIAL,Juzgado_Penal_Municipal_1,2024,70.34,1.25,6,0,602,1,1,8,5,546,522.0,Medio
EXP-08968,CALI,ALIMENTOS,Comisaria_2_Familia,2021,70.34,0.9,2,1,601,1,0,8,1,546,406.0,Medio
EXP-09851,CALI,ALIMENTOS,Comisaria_2_Familia,2024,70.34,0.9,4,1,604,1,0,8,1,546,406.0,Medio
EXP-11138,CALI,HURTO_PATRIMONIAL,Juzgado_Penal_Municipal_1,2024,70.34,1.25,6,0,547,1,1,8,5,546,522.0,Medio
EXP-03171,CALI,ALIMENTOS,Juzgado_2_Familia,2023,70.34,1.2,11,0,624,1,0,8,3,545,474.25,Medio
EXP-04923,CALI,ALIMENTOS,Juzgado_2_Familia,2023,70.34,1.2,11,0,615,1,0,8,3,545,474.25,Medio
EXP-11983,ANSERMANUEVO,HURTO_PATRIMONIAL,Juzgado_1_Familia,2022,0.2,1.35,7,1,578,1,1,2,2,545,543.0,Medio
EXP-02848,CAICEDONIA,ALIMENTOS,Juzgado_Penal_Municipal_2,2024,1.28,1.05,19,1,596,1,0,7,6,544,439.0,Medio
EXP-02876,EL AGUILA,HURTO_PATRIMONIAL,Juzgado_1_Familia,2024,0.1666666666666666,1.35,5,1,543,1,1,13,2,544,543.0,Medio
EXP-03372,CALI,ALIMENTOS,Juzgado_Penal_Municipal_1,2023,70.34,1.25,10,0,599,1,0,8,5,544,483.25,Medio
EXP-03731,CALI,ALIMENTOS,Juzgado_1_Familia,2024,70.34,1.35,5,0,582,1,0,8,2,544,515.0,Medio
EXP-04740,CALI,ALIMENTOS,Juzgado_1_Familia,2024,70.34,1.35,5,0,537,1,0,8,2,544,515.0,Medio
EXP-07547,CALI,ALIMENTOS,Juzgado_Penal_Municipal_1,2024,70.34,1.25,8,0,227,0,0,8,5,544,483.25,Medio
EXP-08934,CALI,ALIMENTOS,Juzgado_Penal_Municipal_1,2023,70.34,1.25,8,0,477,0,0,8,5,544,483.25,Medio
EXP-09085,CALI,ALIMENTOS,Juzgado_1_Familia,2023,70.34,1.35,5,0,550,1,0,8,2,544,515.0,Medio
EXP-09624,CALI,ALIMENTOS,Juzgado_Penal_Municipal_1,2023,70.34,1.25,10,0,583,1,0,8,5,544,483.25,Medio
EXP-10174,CALI,ALIMENTOS,Juzgado_1_Familia,2024,70.34,1.35,5,0,494,0,0,8,2,544,515.0,Medio
EXP-10336,CALI,ALIMENTOS,Juzgado_1_Familia,2024,70.34,1.35,5,0,511,0,0,8,2,544,515.0,Medio
EXP-08347,CALI,HURTO_PATRIMONIAL,Juzgado_2_Familia,2023,70.34,1.2,5,0,593,1,1,8,3,543,516.0,Medio
EXP-10289,CALI,HURTO_PATRIMONIAL,Juzgado_2_Familia,2020,70.34,1.2,5,0,577,1,1,8,3,543,516.0,Medio
EXP-11575,CALI,HURTO_PATRIMONIAL,Juzgado_2_Familia,2020,70.34,1.2,5,0,547,1,1,8,3,543,516.0,Medio
EXP-00008,CALI,ALIMENTOS,Juzgado_1_Familia,2024,70.34,1.35,6,0,562,1,0,8,2,542,515.0,Medio
EXP-04833,CALI,HURTO_PATRIMONIAL,Comisaria_1_Familia,2020,70.34,1.1,6,0,592,1,1,8,0,542,498.75,Medio
EXP-05849,VERSALLES,HURTO_PATRIMONIAL,Juzgado_Penal_Municipal_1,2024,0.1333333333333333,1.25,9,1,557,1,1,37,5,542,522.0,Medio
EXP-07517,CALI,ALIMENTOS,Juzgado_1_Familia,2023,70.34,1.35,6,0,455,0,0,8,2,542,515.0,Medio
EXP-07589,CALI,ALIMENTOS,Juzgado_1_Familia,2023,70.34,1.35,6,0,421,0,0,8,2,542,515.0,Medio
EXP-08030,CALI,ALIMENTOS,Juzgado_1_Familia,2024,70.34,1.35,6,0,548,1,0,8,2,542,515.0,Medio
EXP-08033,CALI,ALIMENTOS,Juzgado_1_Familia,2023,70.34,1.35,6,0,568,1,0,8,2,542,515.0,Medio
EXP-09488,CALI,HURTO_PATRIMONIAL,Juzgado_Penal_Municipal_1,2020,70.34,1.25,6,0,622,1,1,8,5,542,522.0,Medio
EXP-09979,GUACARI,ALIMENTOS,Comisaria_1_Familia,2021,1.48,1.1,18,1,558,1,0,19,0,542,459.0,Medio
EXP-05048,CALI,HURTO_PATRIMONIAL,Juzgado_Penal_Municipal_1,2024,70.34,1.25,4,0,613,1,1,8,5,541,522.0,Medio
EXP-05254,CALI,HURTO_PATRIMONIAL,Juzgado_Penal_Municipal_1,2024,70.34,1.25,4,0,569,1,1,8,5,541,522.0,Medio
EXP-05376,CALI,HURTO_PATRIMONIAL,Juzgado_Penal_Municipal_1,2024,70.34,1.25,4,0,579,1,1,8,5,541,522.0,Medio
EXP-05601,YUMBO,ALIMENTOS,Juzgado_1_Familia,2024,3.5,1.35,13,1,585,1,0,40,2,541,515.0,Medio
EXP-06589,PALMIRA,ALIMENTOS,Juzgado_2_Familia,2020,11.54,1.2,17,1,564,1,0,26,3,541,474.25,Medio
EXP-07718,CALI,HURTO_PATRIMONIAL,Juzgado_Penal_Municipal_1,2023,70.34,1.25,4,0,557,1,1,8,5,541,522.0,Medio
EXP-11997,CALI,HURTO_PATRIMONIAL,Juzgado_Penal_Municipal_1,2023,70.34,1.25,4,0,399,0,1,8,5,541,522.0,Medio
EXP-00990,CALI,ALIMENTOS,Comisaria_2_Familia,2023,70.34,0.9,2,1,585,1,0,8,1,540,406.0,Medio
EXP-01088,CALI,ALIMENTOS,Comisaria_2_Familia,2023,70.34,0.9,2,1,572,1,0,8,1,540,406.0,Medio
EXP-02267,CALI,ALIMENTOS,Comisaria_2_Familia,2023,70.34,0.9,2,1,570,1,0,8,1,540,406.0,Medio
EXP-02479,CALI,ALIMENTOS,Comisaria_2_Familia,2024,70.34,0.9,2,1,585,1,0,8,1,540,406.0,Medio
EXP-03088,CALI,HURTO_PATRIMONIAL,Juzgado_Penal_Municipal_1,2024,70.34,1.25,1,0,565,1,1,8,5,540,522.0,Medio
EXP-05476,CALI,ALIMENTOS,Juzgado_Penal_Municipal_1,2022,70.34,1.25,9,0,567,1,0,8,5,540,483.25,Medio
EXP-06960,CALI,ALIMENTOS,Comisaria_2_Familia,2023,70.34,0.9,2,1,564,1,0,8,1,540,406.0,Medio
EXP-07655,CALI,HURTO_PATRIMONIAL,Juzgado_Penal_Municipal_1,2024,70.34,1.25,1,0,535,1,1,8,5,540,522.0,Medio
EXP-10946,CALI,ALIMENTOS,Comisaria_2_Familia,2023,70.34,0.9,2,1,247,0,0,8,1,540,406.0,Medio
EXP-11558,CALI,ALIMENTOS,Comisaria_2_Familia,2024,70.34,0.9,2,1,574,1,0,8,1,540,406.0,Medio
EXP-07476,CALI,HURTO_PATRIMONIAL,Juzgado_Penal_Municipal_1,2023,70.34,1.25,3,0,558,1,1,8,5,539,522.0,Medio
EXP-08584,CALI,ALIMENTOS,Juzgado_Penal_Municipal_1,2020,70.34,1.25,7,0,573,1,0,8,5,539,483.25,Medio
EXP-11947,CALI,HURTO_PATRIMONIAL,Juzgado_Penal_Municipal_1,2023,70.34,1.25,3,0,584,1,1,8,5,539,522.0,Medio
EXP-00391,CALI,HURTO_PATRIMONIAL,Juzgado_Penal_Municipal_1,2024,70.34,1.25,2,0,610,1,1,8,5,538,522.0,Medio
EXP-03037,CALI,ALIMENTOS,Juzgado_Penal_Municipal_1,2021,70.34,1.25,7,0,569,1,0,8,5,538,483.25,Medio
EXP-06176,CALI,HURTO_PATRIMONIAL,Comisaria_1_Familia,2024,70.34,1.1,5,0,527,1,1,8,0,538,498.75,Medio
EXP-06771,CALI,HURTO_PATRIMONIAL,Juzgado_2_Familia,2024,70.34,1.2,6,0,591,1,1,8,3,538,516.0,Medio
EXP-08483,CALI,HURTO_PATRIMONIAL,Juzgado_Penal_Municipal_1,2024,70.34,1.25,2,0,279,0,1,8,5,538,522.0,Medio
EXP-08794,CALI,ALIMENTOS,Juzgado_Penal_Municipal_1,2021,70.34,1.25,7,0,559,1,0,8,5,538,483.25,Medio
EXP-09103,CALI,HURTO_PATRIMONIAL,Comisaria_1_Familia,2024,70.34,1.1,5,0,584,1,1,8,0,538,498.75,Medio
EXP-09742,CALI,HURTO_PATRIMONIAL,Juzgado_2_Familia,2024,70.34,1.2,6,0,633,1,1,8,3,538,516.0,Medio
EXP-11008,CALI,HURTO_PATRIMONIAL,Juzgado_2_Familia,2023,70.34,1.2,6,0,614,1,1,8,3,538,516.0,Medio
EXP-03768,CALI,HURTO_PATRIMONIAL,Juzgado_Penal_Municipal_2,2024,70.34,1.05,11,0,645,1,1,8,6,537,478.0,Medio
EXP-04776,CALI,ALIMENTOS,Juzgado_Penal_Municipal_1,2024,70.34,1.25,7,0,593,1,0,8,5,537,483.25,Medio
EXP-06192,CALI,ALIMENTOS,Juzgado_Penal_Municipal_1,2024,70.34,1.25,7,0,428,0,0,8,5,537,483.25,Medio
EXP-09839,CALI,ALIMENTOS,Comisaria_1_Familia,2022,70.34,1.1,11,0,613,1,0,8,0,537,459.0,Medio
EXP-03620,ROLDANILLO,ALIMENTOS,Comisaria_1_Familia,2024,1.26,1.1,16,1,581,1,0,30,0,536,459.0,Medio
EXP-06791,FLORIDA,ALIMENTOS,Juzgado_1_Familia,2024,0.8,1.35,13,1,565,1,0,17,2,535,515.0,Medio
EXP-00403,PALMIRA,ALIMENTOS,Juzgado_2_Familia,2024,11.54,1.2,17,1,608,1,0,26,3,534,474.25,Medio
EXP-07085,CALI,HURTO_PATRIMONIAL,Juzgado_Penal_Municipal_2,2021,70.34,1.05,10,0,547,1,1,8,6,534,478.0,Medio
EXP-09734,TRUJILLO,ALIMENTOS,Juzgado_1_Familia,2024,0.225,1.35,16,1,445,0,0,35,2,534,515.0,Medio
EXP-02942,CALI,ALIMENTOS,Juzgado_1_Familia,2020,70.34,1.35,6,0,519,1,0,8,2,533,515.0,Medio
EXP-04236,CARTAGO,HURTO_PATRIMONIAL,Juzgado_2_Familia,2022,5.56,1.2,11,1,565,1,1,11,3,533,516.0,Medio
EXP-07389,JAMUNDI,HURTO_PATRIMONIAL,Juzgado_Penal_Municipal_1,2023,2.64,1.25,13,1,583,1,1,21,5,533,522.0,Medio
EXP-09293,EL AGUILA,HURTO_PATRIMONIAL,Juzgado_2_Familia,2024,0.1666666666666666,1.2,9,1,516,1,1,13,3,533,516.0,Medio
EXP-00182,CALI,HURTO_PATRIMONIAL,Comisaria_1_Familia,2022,70.34,1.1,6,0,548,1,1,8,0,532,498.75,Medio
EXP-03166,CALI,HURTO_PATRIMONIAL,Juzgado_2_Familia,2024,70.34,1.2,4,0,426,0,1,8,3,532,516.0,Medio
EXP-05331,CALI,HURTO_PATRIMONIAL,Juzgado_2_Familia,2024,70.34,1.2,4,0,545,1,1,8,3,532,516.0,Medio
EXP-06650,CALI,HURTO_PATRIMONIAL,Juzgado_2_Familia,2023,70.34,1.2,4,0,516,1,1,8,3,532,516.0,Medio
EXP-09883,CALI,HURTO_PATRIMONIAL,Juzgado_2_Familia,2024,70.34,1.2,4,0,612,1,1,8,3,532,516.0,Medio
EXP-11280,CALI,HURTO_PATRIMONIAL,Juzgado_2_Familia,2023,70.34,1.2,4,0,577,1,1,8,3,532,516.0,Medio
EXP-11756,CALI,HURTO_PATRIMONIAL,Juzgado_2_Familia,2024,70.34,1.2,4,0,572,1,1,8,3,532,516.0,Medio
EXP-04174,CALI,HURTO_PATRIMONIAL,Juzgado_Penal_Municipal_1,2021,70.34,1.25,4,0,545,1,1,8,5,531,522.0,Medio
EXP-04786,CALI,HURTO_PATRIMONIAL,Juzgado_Penal_Municipal_1,2020,70.34,1.25,3,0,586,1,1,8,5,531,522.0,Medio
EXP-06801,CALI,HURTO_PATRIMONIAL,Juzgado_Penal_Municipal_1,2021,70.34,1.25,4,0,527,1,1,8,5,531,522.0,Medio
EXP-07377,CALI,HURTO_PATRIMONIAL,Juzgado_Penal_Municipal_1,2020,70.34,1.25,2,0,586,1,1,8,5,531,522.0,Medio
EXP-09052,CALI,HURTO_PATRIMONIAL,Juzgado_Penal_Municipal_1,2021,70.34,1.25,4,0,619,1,1,8,5,531,522.0,Medio
EXP-09574,CALI,HURTO_PATRIMONIAL,Juzgado_Penal_Municipal_1,2022,70.34,1.25,6,0,300,0,1,8,5,531,522.0,Medio
EXP-10466,CALI,ALIMENTOS,Juzgado_2_Familia,2024,70.34,1.2,8,0,549,1,0,8,3,530,474.25,Medio
EXP-02741,CALI,ALIMENTOS,Juzgado_2_Familia,2021,70.34,1.2,7,0,559,1,0,8,3,529,474.25,Medio
EXP-04610,CALI,ALIMENTOS,Juzgado_2_Familia,2021,70.34,1.2,7,0,520,1,0,8,3,529,474.25,Medio
EXP-06302,CALI,HURTO_PATRIMONIAL,Comisaria_1_Familia,2024,70.34,1.1,3,0,551,1,1,8,0,529,498.75,Medio
EXP-06780,CALI,HURTO_PATRIMONIAL,Comisaria_1_Familia,2024,70.34,1.1,3,0,531,1,1,8,0,529,498.75,Medio
EXP-08677,CALI,HURTO_PATRIMONIAL,Juzgado_2_Familia,2020,70.34,1.2,4,0,587,1,1,8,3,529,516.0,Medio
EXP-09257,CALI,HURTO_PATRIMONIAL,Juzgado_Penal_Municipal_1,2021,70.34,1.25,3,0,567,1,1,8,5,529,522.0,Medio
EXP-09328,CALI,HURTO_PATRIMONIAL,Juzgado_Penal_Municipal_1,2021,70.34,1.25,3,0,536,1,1,8,5,529,522.0,Medio
EXP-09447,CALI,HURTO_PATRIMONIAL,Comisaria_1_Familia,2024,70.34,1.1,3,0,485,1,1,8,0,529,498.75,Medio
EXP-11723,CALI,HURTO_PATRIMONIAL,Juzgado_Penal_Municipal_1,2021,70.34,1.25,3,0,578,1,1,8,5,529,522.0,Medio
EXP-01843,CALI,ALIMENTOS,Juzgado_Penal_Municipal_1,2022,70.34,1.25,7,0,561,1,0,8,5,528,483.25,Medio
EXP-01942,CALI,HURTO_PATRIMONIAL,Juzgado_2_Familia,2021,70.34,1.2,4,0,571,1,1,8,3,528,516.0,Medio
EXP-02466,CALI,HURTO_PATRIMONIAL,Juzgado_2_Familia,2021,70.34,1.2,4,0,307,0,1,8,3,528,516.0,Medio
EXP-05075,CALI,HURTO_PATRIMONIAL,Comisaria_1_Familia,2020,70.34,1.1,3,0,524,1,1,8,0,528,498.75,Medio
EXP-05225,GUACARI,HURTO_PATRIMONIAL,Comisaria_1_Familia,2024,1.48,1.1,16,1,588,1,1,19,0,528,498.75,Medio
EXP-05423,GUACARI,HURTO_PATRIMONIAL,Comisaria_1_Familia,2024,1.48,1.1,16,1,574,1,1,19,0,528,498.75,Medio
EXP-01937,CALI,ALIMENTOS,Juzgado_1_Familia,2024,70.34,1.35,4,0,557,1,0,8,2,527,515.0,Medio
EXP-02061,CALI,ALIMENTOS,Juzgado_3_Familia,2023,70.34,0.95,25,0,616,1,0,8,4,527,410.0,Medio
EXP-02699,CALI,ALIMENTOS,Juzgado_1_Familia,2023,70.34,1.35,4,0,545,1,0,8,2,527,515.0,Medio
EXP-03595,CALI,ALIMENTOS,Juzgado_2_Familia,2024,70.34,1.2,10,0,552,1,0,8,3,527,474.25,Medio
EXP-05061,CALI,ALIMENTOS,Juzgado_1_Familia,2023,70.34,1.35,4,0,553,1,0,8,2,527,515.0,Medio
EXP-10101,CALI,HURTO_PATRIMONIAL,Comisaria_1_Familia,2021,70.34,1.1,4,0,582,1,1,8,0,527,498.75,Medio
EXP-10138,CALI,HURTO_PATRIMONIAL,Juzgado_Penal_Municipal_2,2023,70.34,1.05,9,0,580,1,1,8,6,527,478.0,Medio
EXP-11464,CALI,ALIMENTOS,Juzgado_1_Familia,2023,70.34,1.35,4,0,458,0,0,8,2,527,515.0,Medio
EXP-11813,CALI,ALIMENTOS,Juzgado_2_Familia,2023,70.34,1.2,10,0,614,1,0,8,3,527,474.25,Medio
EXP-00605,CALI,ALIMENTOS,Juzgado_1_Familia,2023,70.34,1.35,2,0,555,1,0,8,2,526,515.0,Medio
EXP-01014,CALI,ALIMENTOS,Juzgado_1_Familia,2023,70.34,1.35,2,0,527,1,0,8,2,526,515.0,Medio
EXP-01048,CALI,ALIMENTOS,Comisaria_1_Familia,2021,70.34,1.1,10,0,555,1,0,8,0,526,459.0,Medio
EXP-02726,CALI,ALIMENTOS,Juzgado_1_Familia,2024,70.34,1.35,2,0,593,1,0,8,2,526,515.0,Medio
EXP-04397,CALI,ALIMENTOS,Juzgado_1_Familia,2024,70.34,1.35,2,0,551,1,0,8,2,526,515.0,Medio
EXP-05030,CALI,ALIMENTOS,Juzgado_1_Familia,2024,70.34,1.35,2,0,550,1,0,8,2,526,515.0,Medio
EXP-05212,CALI,HURTO_PATRIMONIAL,Juzgado_Penal_Municipal_1,2022,70.34,1.25,4,0,411,0,1,8,5,526,522.0,Medio
EXP-06381,CALI,ALIMENTOS,Juzgado_1_Familia,2023,70.34,1.35,2,0,533,1,0,8,2,526,515.0,Medio
EXP-07033,CALI,ALIMENTOS,Juzgado_1_Familia,2023,70.34,1.35,2,0,545,1,0,8,2,526,515.0,Medio
EXP-07109,CALI,ALIMENTOS,Juzgado_1_Familia,2023,70.34,1.35,2,0,523,1,0,8,2,526,515.0,Medio
EXP-07138,CALI,ALIMENTOS,Juzgado_1_Familia,2023,70.34,1.35,2,0,581,1,0,8,2,526,515.0,Medio
EXP-09276,CALI,ALIMENTOS,Juzgado_1_Familia,2024,70.34,1.35,2,0,578,1,0,8,2,526,515.0,Medio
EXP-09316,OBANDO,HURTO_PATRIMONIAL,Juzgado_2_Familia,2020,0.38,1.2,12,1,588,1,1,25,3,526,516.0,Medio
EXP-11059,CALI,ALIMENTOS,Juzgado_1_Familia,2024,70.34,1.35,2,0,591,1,0,8,2,526,515.0,Medio
EXP-11245,CALI,ALIMENTOS,Juzgado_1_Familia,2023,70.34,1.35,2,0,533,1,0,8,2,526,515.0,Medio
EXP-11927,CALI,ALIMENTOS,Juzgado_1_Familia,2024,70.34,1.35,2,0,535,1,0,8,2,526,515.0,Medio
EXP-09245,CALI,ALIMENTOS,Juzgado_1_Familia,2022,70.34,1.35,5,0,466,0,0,8,2,525,515.0,Medio
EXP-00738,CALI,ALIMENTOS,Juzgado_1_Familia,2023,70.34,1.35,1,0,566,1,0,8,2,524,515.0,Medio
EXP-00961,CALI,ALIMENTOS,Juzgado_1_Familia,2023,70.34,1.35,1,0,559,1,0,8,2,524,515.0,Medio
EXP-01525,CALI,ALIMENTOS,Juzgado_1_Familia,2024,70.34,1.35,1,0,562,1,0,8,2,524,515.0,Medio
EXP-01726,CALI,ALIMENTOS,Juzgado_1_Familia,2023,70.34,1.35,3,0,588,1,0,8,2,524,515.0,Medio
EXP-01904,CALI,ALIMENTOS,Juzgado_1_Familia,2024,70.34,1.35,1,0,575,1,0,8,2,524,515.0,Medio
EXP-02254,CALI,ALIMENTOS,Juzgado_1_Familia,2024,70.34,1.35,1,0,504,1,0,8,2,524,515.0,Medio
EXP-04385,CALI,ALIMENTOS,Juzgado_1_Familia,2024,70.34,1.35,1,0,254,0,0,8,2,524,515.0,Medio
EXP-04981,CALI,HURTO_PATRIMONIAL,Juzgado_Penal_Municipal_1,2022,70.34,1.25,2,0,550,1,1,8,5,524,522.0,Medio
EXP-06118,CALI,HURTO_PATRIMONIAL,Juzgado_Penal_Municipal_2,2022,70.34,1.05,8,0,516,1,1,8,6,524,478.0,Medio
EXP-06558,CALI,ALIMENTOS,Juzgado_1_Familia,2023,70.34,1.35,3,0,559,1,0,8,2,524,515.0,Medio
EXP-07569,CALI,ALIMENTOS,Juzgado_1_Familia,2024,70.34,1.35,3,0,545,1,0,8,2,524,515.0,Medio
EXP-07894,CALI,ALIMENTOS,Juzgado_1_Familia,2023,70.34,1.35,3,0,576,1,0,8,2,524,515.0,Medio
EXP-09058,CALI,ALIMENTOS,Juzgado_1_Familia,2022,70.34,1.35,6,0,564,1,0,8,2,524,515.0,Medio
EXP-09546,CALI,ALIMENTOS,Juzgado_1_Familia,2024,70.34,1.35,1,0,557,1,0,8,2,524,515.0,Medio
EXP-09617,CALI,ALIMENTOS,Juzgado_1_Familia,2024,70.34,1.35,1,0,534,1,0,8,2,524,515.0,Medio
EXP-09722,CALI,ALIMENTOS,Juzgado_1_Familia,2024,70.34,1.35,3,0,589,1,0,8,2,524,515.0,Medio
EXP-09963,CALI,HURTO_PATRIMONIAL,Juzgado_2_Familia,2024,70.34,1.2,2,0,564,1,1,8,3,524,516.0,Medio
EXP-10188,CALI,ALIMENTOS,Juzgado_1_Familia,2024,70.34,1.35,1,0,571,1,0,8,2,524,515.0,Medio
EXP-10574,CALI,ALIMENTOS,Juzgado_1_Familia,2024,70.34,1.35,3,0,532,1,0,8,2,524,515.0,Medio
EXP-10947,CALI,ALIMENTOS,Juzgado_1_Familia,2024,70.34,1.35,1,0,520,1,0,8,2,524,515.0,Medio
EXP-10990,CALI,ALIMENTOS,Juzgado_1_Familia,2023,70.34,1.35,1,0,527,1,0,8,2,524,515.0,Medio
EXP-11823,CALI,ALIMENTOS,Juzgado_1_Familia,2024,70.34,1.35,3,0,566,1,0,8,2,524,515.0,Medio
EXP-02016,CALI,HURTO_PATRIMONIAL,Juzgado_2_Familia,2024,70.34,1.2,1,0,536,1,1,8,3,523,516.0,Medio
EXP-04626,CALI,ALIMENTOS,Juzgado_2_Familia,2023,70.34,1.2,7,0,605,1,0,8,3,523,474.25,Medio
EXP-06030,CALI,ALIMENTOS,Juzgado_2_Familia,2024,70.34,1.2,7,0,601,1,0,8,3,523,474.25,Medio
EXP-06808,CALI,HURTO_PATRIMONIAL,Juzgado_Penal_Municipal_1,2022,70.34,1.25,1,0,388,0,1,8,5,523,522.0,Medio
EXP-07932,CALI,HURTO_PATRIMONIAL,Juzgado_Penal_Municipal_1,2022,70.34,1.25,1,0,541,1,1,8,5,523,522.0,Medio
EXP-08436,CALI,ALIMENTOS,Juzgado_2_Familia,2022,70.34,1.2,10,0,553,1,0,8,3,523,474.25,Medio
EXP-08500,CALI,HURTO_PATRIMONIAL,Juzgado_Penal_Municipal_1,2022,70.34,1.25,1,0,536,1,1,8,5,523,522.0,Medio
EXP-09162,CALI,HURTO_PATRIMONIAL,Juzgado_Penal_Municipal_2,2023,70.34,1.05,8,0,597,1,1,8,6,523,478.0,Medio
EXP-09411,CALI,HURTO_PATRIMONIAL,Juzgado_2_Familia,2023,70.34,1.2,1,0,553,1,1,8,3,523,516.0,Medio
EXP-10142,CALI,HURTO_PATRIMONIAL,Comisaria_1_Familia,2022,70.34,1.1,3,0,543,1,1,8,0,523,498.75,Medio
EXP-10874,CALI,HURTO_PATRIMONIAL,Juzgado_Penal_Municipal_1,2021,70.34,1.25,1,0,594,1,1,8,5,523,522.0,Medio
EXP-01594,CALI,HURTO_PATRIMONIAL,Juzgado_2_Familia,2022,70.34,1.2,3,0,575,1,1,8,3,522,516.0,Medio
EXP-05586,CALI,HURTO_PATRIMONIAL,Juzgado_2_Familia,2020,70.34,1.2,2,0,555,1,1,8,3,522,516.0,Medio
EXP-05954,CALI,ALIMENTOS,Juzgado_Penal_Municipal_2,2023,70.34,1.05,13,0,593,1,0,8,6,521,439.0,Medio
EXP-11964,CALI,HURTO_PATRIMONIAL,Juzgado_3_Familia,2020,70.34,0.95,12,0,515,0,1,8,4,521,451.0,Medio
EXP-02800,CALI,ALIMENTOS,Juzgado_2_Familia,2022,70.34,1.2,7,0,521,1,0,8,3,520,474.25,Medio
EXP-04363,CALI,ALIMENTOS,Comisaria_1_Familia,2024,70.34,1.1,9,0,516,1,0,8,0,520,459.0,Medio
EXP-07154,CALI,HURTO_PATRIMONIAL,Comisaria_1_Familia,2020,70.34,1.1,2,0,473,1,1,8,0,520,498.75,Medio
EXP-10324,CALI,ALIMENTOS,Comisaria_1_Familia,2022,70.34,1.1,9,0,512,1,0,8,0,520,459.0,Medio
EXP-11262,CALI,HURTO_PATRIMONIAL,Juzgado_2_Familia,2021,70.34,1.2,2,0,522,1,1,8,3,520,516.0,Medio
EXP-11885,CALI,HURTO_PATRIMONIAL,Juzgado_2_Familia,2021,70.34,1.2,2,0,560,1,1,8,3,520,516.0,Medio
EXP-00758,CALI,HURTO_PATRIMONIAL,Comisaria_1_Familia,2024,70.34,1.1,2,0,464,1,1,8,0,519,498.75,Medio
EXP-01167,CALI,HURTO_PATRIMONIAL,Comisaria_1_Familia,2024,70.34,1.1,2,0,522,1,1,8,0,519,498.75,Medio
EXP-03115,DAGUA,ALIMENTOS,Juzgado_1_Familia,2021,1.3666666666666665,1.35,11,1,563,1,0,12,2,519,515.0,Medio
EXP-05632,CALI,HURTO_PATRIMONIAL,Comisaria_1_Familia,2024,70.34,1.1,1,0,508,1,1,8,0,519,498.75,Medio
EXP-07487,CALI,ALIMENTOS,Comisaria_2_Familia,2022,70.34,0.9,18,0,586,1,0,8,1,519,406.0,Medio
EXP-08151,CALI,HURTO_PATRIMONIAL,Comisaria_1_Familia,2023,70.34,1.1,2,0,583,1,1,8,0,519,498.75,Medio
EXP-10570,CALI,HURTO_PATRIMONIAL,Juzgado_2_Familia,2020,70.34,1.2,1,0,559,1,1,8,3,519,516.0,Medio
EXP-11689,CALI,HURTO_PATRIMONIAL,Juzgado_2_Familia,2020,70.34,1.2,1,0,319,0,1,8,3,519,516.0,Medio
EXP-03725,TULUA,HURTO_PATRIMONIAL,Juzgado_3_Familia,2024,3.34,0.95,17,1,523,1,1,36,4,518,451.0,Medio
EXP-06424,CALI,ALIMENTOS,Comisaria_1_Familia,2024,70.34,1.1,8,0,569,1,0,8,0,518,459.0,Medio
EXP-09506,GUADALAJARA DE BUGA,HURTO_PATRIMONIAL,Juzgado_2_Familia,2020,6.6,1.2,7,1,545,1,1,20,3,518,516.0,Medio
EXP-09808,CALI,ALIMENTOS,Comisaria_1_Familia,2024,70.34,1.1,8,0,512,1,0,8,0,518,459.0,Medio
EXP-10906,CALI,ALIMENTOS,Comisaria_1_Familia,2022,70.34,1.1,10,0,429,0,0,8,0,518,459.0,Medio
EXP-02053,CALI,ALIMENTOS,Comisaria_1_Familia,2024,70.34,1.1,10,0,555,1,0,8,0,517,459.0,Medio
EXP-02949,CALI,ALIMENTOS,Juzgado_Penal_Municipal_1,2023,70.34,1.25,5,0,521,1,0,8,5,517,483.25,Medio
EXP-03662,CALI,ALIMENTOS,Juzgado_Penal_Municipal_1,2024,70.34,1.25,5,0,554,1,0,8,5,517,483.25,Medio
EXP-05216,CALI,ALIMENTOS,Comisaria_1_Familia,2024,70.34,1.1,10,0,600,1,0,8,0,517,459.0,Medio
EXP-06873,CALI,HURTO_PATRIMONIAL,Comisaria_1_Familia,2021,70.34,1.1,1,0,526,1,1,8,0,517,498.75,Medio
EXP-08671,CALI,HURTO_PATRIMONIAL,Comisaria_1_Familia,2022,70.34,1.1,1,0,567,1,1,8,0,517,498.75,Medio
EXP-08796,GUADALAJARA DE BUGA,HURTO_PATRIMONIAL,Juzgado_2_Familia,2021,6.6,1.2,7,1,516,1,1,20,3,517,516.0,Medio
EXP-09268,CALI,HURTO_PATRIMONIAL,Comisaria_1_Familia,2022,70.34,1.1,1,0,575,1,1,8,0,517,498.75,Medio
EXP-09347,CALI,HURTO_PATRIMONIAL,Comisaria_1_Familia,2022,70.34,1.1,1,0,582,1,1,8,0,517,498.75,Medio
EXP-09563,CALI,ALIMENTOS,Juzgado_Penal_Municipal_1,2023,70.34,1.25,5,0,531,1,0,8,5,517,483.25,Medio
EXP-11817,CALI,HURTO_PATRIMONIAL,Comisaria_1_Familia,2021,70.34,1.1,1,0,521,1,1,8,0,517,498.75,Medio
EXP-03083,CALI,HURTO_PATRIMONIAL,Comisaria_1_Familia,2022,70.34,1.1,2,0,599,1,1,8,0,516,498.75,Medio
EXP-07100,CALI,ALIMENTOS,Juzgado_2_Familia,2024,70.34,1.2,14,0,596,1,0,8,3,516,474.25,Medio
EXP-00898,CALI,HURTO_PATRIMONIAL,Juzgado_Penal_Municipal_2,2024,70.34,1.05,13,0,574,1,1,8,6,515,478.0,Medio
EXP-01916,CALI,HURTO_PATRIMONIAL,Juzgado_Penal_Municipal_2,2024,70.34,1.05,7,0,569,1,1,8,6,515,478.0,Medio
EXP-02516,CALI,HURTO_PATRIMONIAL,Juzgado_Penal_Municipal_2,2024,70.34,1.05,7,0,557,1,1,8,6,515,478.0,Medio
EXP-09941,CANDELARIA,ALIMENTOS,Juzgado_Penal_Municipal_1,2024,3.08,1.25,14,1,574,1,0,10,5,515,483.25,Medio
EXP-10139,CALI,ALIMENTOS,Juzgado_Penal_Municipal_1,2023,70.34,1.25,6,0,600,1,0,8,5,514,483.25,Medio
EXP-01507,CALI,ALIMENTOS,Comisaria_1_Familia,2023,70.34,1.1,7,0,484,1,0,8,0,513,459.0,Medio
EXP-06216,CALI,ALIMENTOS,Comisaria_1_Familia,2024,70.34,1.1,7,0,538,1,0,8,0,513,459.0,Medio
EXP-07334,CALI,ALIMENTOS,Comisaria_1_Familia,2024,70.34,1.1,7,0,528,1,0,8,0,513,459.0,Medio
EXP-09051,CALI,HURTO_PATRIMONIAL,Juzgado_Penal_Municipal_2,2022,70.34,1.05,13,0,282,0,1,8,6,513,478.0,Medio
EXP-10890,CARTAGO,ALIMENTOS,Juzgado_Penal_Municipal_1,2024,5.56,1.25,15,1,555,1,0,11,5,513,483.25,Medio
EXP-11738,CALI,ALIMENTOS,Comisaria_1_Familia,2023,70.34,1.1,7,0,527,1,0,8,0,513,459.0,Medio
EXP-04824,VERSALLES,ALIMENTOS,Comisaria_1_Familia,2022,0.1333333333333333,1.1,17,1,489,1,0,37,0,512,459.0,Medio
EXP-06071,CALI,ALIMENTOS,Juzgado_Penal_Municipal_1,2020,70.34,1.25,6,0,529,1,0,8,5,512,483.25,Medio
EXP-00419,CALI,ALIMENTOS,Juzgado_Penal_Municipal_1,2021,70.34,1.25,5,0,517,1,0,8,5,511,483.25,Medio
EXP-01428,CALI,ALIMENTOS,Juzgado_Penal_Municipal_1,2020,70.34,1.25,5,0,550,1,0,8,5,511,483.25,Medio
EXP-02484,CALI,ALIMENTOS,Juzgado_Penal_Municipal_1,2021,70.34,1.25,5,0,403,0,0,8,5,511,483.25,Medio
EXP-10024,CALI,ALIMENTOS,Juzgado_Penal_Municipal_1,2021,70.34,1.25,5,0,539,1,0,8,5,511,483.25,Medio
EXP-03882,CALI,ALIMENTOS,Juzgado_Penal_Municipal_2,2022,70.34,1.05,11,0,499,1,0,8,6,509,439.0,Medio
EXP-04483,CALI,HURTO_PATRIMONIAL,Juzgado_Penal_Municipal_2,2024,70.34,1.05,5,0,572,1,1,8,6,509,478.0,Medio
EXP-01183,DAGUA,ALIMENTOS,Juzgado_2_Familia,2023,1.3666666666666665,1.2,13,1,493,1,0,12,3,508,474.25,Medio
EXP-07431,LA UNION,ALIMENTOS,Comisaria_1_Familia,2024,0.575,1.1,16,1,543,1,0,23,0,508,459.0,Medio
EXP-00221,CALI,ALIMENTOS,Juzgado_Penal_Municipal_2,2024,70.34,1.05,11,0,319,0,0,8,6,507,439.0,Medio
EXP-04686,CALI,ALIMENTOS,Juzgado_Penal_Municipal_2,2024,70.34,1.05,11,0,544,1,0,8,6,507,439.0,Medio
EXP-07795,CARTAGO,ALIMENTOS,Juzgado_Penal_Municipal_1,2020,5.56,1.25,12,1,541,1,0,11,5,507,483.25,Medio
EXP-10983,CALI,HURTO_PATRIMONIAL,Juzgado_Penal_Municipal_2,2022,70.34,1.05,5,0,543,1,1,8,6,507,478.0,Medio
EXP-11067,CALI,HURTO_PATRIMONIAL,Juzgado_3_Familia,2022,70.34,0.95,10,0,528,1,1,8,4,507,451.0,Medio
EXP-02222,CALI,HURTO_PATRIMONIAL,Juzgado_3_Familia,2023,70.34,0.95,9,0,588,1,1,8,4,506,451.0,Medio
EXP-04887,CALI,ALIMENTOS,Juzgado_2_Familia,2024,70.34,1.2,5,0,528,1,0,8,3,505,474.25,Medio
EXP-09273,CALI,ALIMENTOS,Juzgado_Penal_Municipal_1,2022,70.34,1.25,5,0,588,1,0,8,5,505,483.25,Medio
EXP-10148,CALI,ALIMENTOS,Juzgado_Penal_Municipal_1,2022,70.34,1.25,5,0,535,1,0,8,5,505,483.25,Medio
EXP-11800,CALI,ALIMENTOS,Juzgado_2_Familia,2024,70.34,1.2,5,0,556,1,0,8,3,505,474.25,Medio
EXP-01302,CALI,ALIMENTOS,Juzgado_2_Familia,2021,70.34,1.2,5,0,516,1,0,8,3,504,474.25,Medio
EXP-03877,CALI,ALIMENTOS,Juzgado_2_Familia,2021,70.34,1.2,5,0,564,1,0,8,3,504,474.25,Medio
EXP-01674,CAICEDONIA,ALIMENTOS,Juzgado_2_Familia,2021,1.28,1.2,14,1,513,1,0,7,3,503,474.25,Medio
EXP-04838,CALI,ALIMENTOS,Juzgado_Penal_Municipal_1,2023,70.34,1.25,4,0,500,1,0,8,5,503,483.25,Medio
EXP-07306,CALI,ALIMENTOS,Juzgado_Penal_Municipal_1,2023,70.34,1.25,4,0,561,1,0,8,5,503,483.25,Medio
EXP-08909,CALI,ALIMENTOS,Juzgado_Penal_Municipal_1,2023,70.34,1.25,4,0,365,0,0,8,5,503,483.25,Medio
EXP-08973,CALI,ALIMENTOS,Juzgado_Penal_Municipal_1,2024,70.34,1.25,4,0,546,1,0,8,5,503,483.25,Medio
EXP-10429,CALI,ALIMENTOS,Juzgado_Penal_Municipal_1,2023,70.34,1.25,4,0,538,1,0,8,5,503,483.25,Medio
EXP-10495,CALI,ALIMENTOS,Juzgado_Penal_Municipal_1,2024,70.34,1.25,4,0,502,1,0,8,5,503,483.25,Medio
EXP-01029,CALI,ALIMENTOS,Juzgado_2_Familia,2023,70.34,1.2,6,0,546,1,0,8,3,502,474.25,Medio
EXP-04462,CALI,ALIMENTOS,Juzgado_2_Familia,2024,70.34,1.2,6,0,409,0,0,8,3,502,474.25,Medio
EXP-09782,CALI,HURTO_PATRIMONIAL,Comisaria_2_Familia,2020,70.34,0.9,9,0,498,1,1,8,1,502,445.0,Medio
EXP-10258,CALI,ALIMENTOS,Juzgado_Penal_Municipal_2,2021,70.34,1.05,8,0,527,1,0,8,6,502,439.0,Medio
EXP-03649,CALI,ALIMENTOS,Comisaria_1_Familia,2020,70.34,1.1,6,0,531,1,0,8,0,501,459.0,Medio
EXP-05886,CALI,HURTO_PATRIMONIAL,Juzgado_Penal_Municipal_2,2024,70.34,1.05,4,0,532,1,1,8,6,501,478.0,Medio
EXP-06792,CALI,HURTO_PATRIMONIAL,Juzgado_Penal_Municipal_2,2023,70.34,1.05,4,0,589,1,1,8,6,501,478.0,Medio
EXP-08453,CALI,HURTO_PATRIMONIAL,Juzgado_Penal_Municipal_2,2021,70.34,1.05,4,0,530,1,1,8,6,501,478.0,Medio
EXP-11220,CALI,HURTO_PATRIMONIAL,Juzgado_Penal_Municipal_2,2024,70.34,1.05,4,0,504,1,1,8,6,501,478.0,Medio
EXP-01504,CALI,ALIMENTOS,Juzgado_Penal_Municipal_2,2020,70.34,1.05,9,0,537,1,0,8,6,500,439.0,Medio
EXP-04665,CALI,ALIMENTOS,Comisaria_1_Familia,2021,70.34,1.1,6,0,522,1,0,8,0,500,459.0,Medio
EXP-07003,CALI,ALIMENTOS,Comisaria_1_Familia,2021,70.34,1.1,6,0,512,1,0,8,0,500,459.0,Medio
EXP-07941,CANDELARIA,HURTO_PATRIMONIAL,Comisaria_1_Familia,2023,3.08,1.1,9,1,521,1,1,10,0,500,498.75,Medio
EXP-09250,CALI,ALIMENTOS,Juzgado_Penal_Municipal_2,2020,70.34,1.05,9,0,303,0,0,8,6,500,439.0,Medio
EXP-10776,CALI,HURTO_PATRIMONIAL,Comisaria_2_Familia,2024,70.34,0.9,11,0,569,1,1,8,1,500,445.0,Medio
EXP-00525,EL AGUILA,HURTO_PATRIMONIAL,Juzgado_3_Familia,2023,0.1666666666666666,0.95,12,1,550,1,1,13,4,499,451.0,Medio
EXP-01209,CALI,ALIMENTOS,Juzgado_Penal_Municipal_1,2024,70.34,1.25,3,0,256,0,0,8,5,499,483.25,Medio
EXP-01434,CALI,ALIMENTOS,Juzgado_Penal_Municipal_1,2023,70.34,1.25,1,0,482,1,0,8,5,499,483.25,Medio
EXP-01537,CALI,HURTO_PATRIMONIAL,Juzgado_3_Familia,2024,70.34,0.95,8,0,527,1,1,8,4,499,451.0,Medio
EXP-02024,CALI,ALIMENTOS,Juzgado_Penal_Municipal_1,2023,70.34,1.25,3,0,522,1,0,8,5,499,483.25,Medio
EXP-02051,CALI,ALIMENTOS,Juzgado_Penal_Municipal_1,2023,70.34,1.25,3,0,439,0,0,8,5,499,483.25,Medio
EXP-02334,CALI,ALIMENTOS,Juzgado_Penal_Municipal_1,2023,70.34,1.25,1,0,556,1,0,8,5,499,483.25,Medio
EXP-03202,CALI,ALIMENTOS,Juzgado_Penal_Municipal_1,2024,70.34,1.25,1,0,341,0,0,8,5,499,483.25,Medio
EXP-03965,CALI,ALIMENTOS,Juzgado_Penal_Municipal_1,2024,70.34,1.25,1,0,489,1,0,8,5,499,483.25,Medio
EXP-04734,CALI,ALIMENTOS,Juzgado_Penal_Municipal_1,2023,70.34,1.25,3,0,495,1,0,8,5,499,483.25,Medio
EXP-06431,CALI,ALIMENTOS,Juzgado_Penal_Municipal_1,2024,70.34,1.25,1,0,523,1,0,8,5,499,483.25,Medio
EXP-06686,CALI,ALIMENTOS,Juzgado_Penal_Municipal_1,2023,70.34,1.25,1,0,572,1,0,8,5,499,483.25,Medio
EXP-06969,CALI,ALIMENTOS,Juzgado_Penal_Municipal_1,2024,70.34,1.25,3,0,542,1,0,8,5,499,483.25,Medio
EXP-07006,CALI,ALIMENTOS,Juzgado_Penal_Municipal_1,2023,70.34,1.25,3,0,527,1,0,8,5,499,483.25,Medio
EXP-08029,CALI,ALIMENTOS,Juzgado_Penal_Municipal_1,2024,70.34,1.25,2,0,538,1,0,8,5,499,483.25,Medio
EXP-09463,CALI,ALIMENTOS,Juzgado_Penal_Municipal_1,2024,70.34,1.25,1,0,538,1,0,8,5,499,483.25,Medio
EXP-10779,CALI,ALIMENTOS,Juzgado_Penal_Municipal_1,2024,70.34,1.25,2,0,533,1,0,8,5,499,483.25,Medio
EXP-11887,CALI,ALIMENTOS,Juzgado_Penal_Municipal_1,2023,70.34,1.25,3,0,528,1,0,8,5,499,483.25,Medio
EXP-03758,CALI,HURTO_PATRIMONIAL,Juzgado_Penal_Municipal_2,2023,70.34,1.05,3,0,479,1,1,8,6,498,478.0,Medio
EXP-04177,PALMIRA,ALIMENTOS,Juzgado_Penal_Municipal_2,2022,11.54,1.05,15,1,579,1,0,26,6,498,439.0,Medio
EXP-04180,CALI,HURTO_PATRIMONIAL,Juzgado_Penal_Municipal_2,2021,70.34,1.05,3,0,549,1,1,8,6,498,478.0,Medio
EXP-06047,CALI,HURTO_PATRIMONIAL,Juzgado_Penal_Municipal_2,2023,70.34,1.05,3,0,507,1,1,8,6,498,478.0,Medio
EXP-06968,CALI,HURTO_PATRIMONIAL,Juzgado_Penal_Municipal_2,2024,70.34,1.05,3,0,550,1,1,8,6,498,478.0,Medio
EXP-07028,CALI,ALIMENTOS,Juzgado_2_Familia,2022,70.34,1.2,5,0,582,1,0,8,3,498,474.25,Medio
EXP-07488,CALI,ALIMENTOS,Juzgado_Penal_Municipal_2,2024,70.34,1.05,12,0,540,1,0,8,6,498,439.0,Medio
EXP-07767,CALI,SUSTANCIAS,Juzgado_1_Familia,2021,70.34,1.35,21,0,619,1,2,8,2,498,333.0,Medio
EXP-09717,CALI,ALIMENTOS,Comisaria_1_Familia,2020,70.34,1.1,5,0,504,1,0,8,0,498,459.0,Medio
EXP-10168,CALI,HURTO_PATRIMONIAL,Juzgado_Penal_Municipal_2,2020,70.34,1.05,4,0,505,1,1,8,6,498,478.0,Medio
EXP-00198,ROLDANILLO,ALIMENTOS,Juzgado_Penal_Municipal_2,2024,1.26,1.05,15,1,531,1,0,30,6,497,439.0,Medio
EXP-00385,YOTOCO,ALIMENTOS,Juzgado_2_Familia,2022,0.58,1.2,14,1,494,1,0,39,3,497,474.25,Medio
EXP-11797,CALI,ALIMENTOS,Comisaria_1_Familia,2023,70.34,1.1,5,0,577,1,0,8,0,497,459.0,Medio
EXP-01102,EL DOVIO,HURTO_PATRIMONIAL,Juzgado_Penal_Municipal_2,2024,0.1,1.05,9,1,501,1,1,16,6,496,478.0,Medio
EXP-03167,CAICEDONIA,ALIMENTOS,Comisaria_1_Familia,2021,1.28,1.1,14,1,509,1,0,7,0,496,459.0,Medio
EXP-01711,CALI,HURTO_PATRIMONIAL,Juzgado_Penal_Municipal_2,2022,70.34,1.05,3,0,492,1,1,8,6,495,478.0,Medio
EXP-05978,CALI,HURTO_PATRIMONIAL,Juzgado_Penal_Municipal_2,2022,70.34,1.05,3,0,554,1,1,8,6,495,478.0,Medio
EXP-07674,CALI,ALIMENTOS,Comisaria_1_Familia,2024,70.34,1.1,6,0,511,1,0,8,0,495,459.0,Medio
EXP-07769,CALI,ALIMENTOS,Comisaria_1_Familia,2023,70.34,1.1,6,0,528,1,0,8,0,495,459.0,Medio
EXP-08504,CALI,ALIMENTOS,Comisaria_1_Familia,2024,70.34,1.1,6,0,543,1,0,8,0,495,459.0,Medio
EXP-09401,CALI,ALIMENTOS,Comisaria_1_Familia,2023,70.34,1.1,6,0,516,1,0,8,0,495,459.0,Medio
EXP-09621,CALI,HURTO_PATRIMONIAL,Juzgado_Penal_Municipal_2,2022,70.34,1.05,3,0,527,1,1,8,6,495,478.0,Medio
EXP-10050,CANDELARIA,ALIMENTOS,Juzgado_Penal_Municipal_1,2020,3.08,1.25,11,1,553,1,0,10,5,495,483.25,Medio
EXP-10847,CALI,ALIMENTOS,Comisaria_1_Familia,2023,70.34,1.1,6,0,530,1,0,8,0,495,459.0,Medio
EXP-11017,CALI,ALIMENTOS,Comisaria_1_Familia,2024,70.34,1.1,6,0,494,1,0,8,0,495,459.0,Medio
EXP-00346,TULUA,HURTO_PATRIMONIAL,Comisaria_2_Familia,2023,3.34,0.9,16,1,565,1,1,36,1,494,445.0,Medio
EXP-01222,CALI,ALIMENTOS,Juzgado_Penal_Municipal_2,2023,70.34,1.05,9,0,571,1,0,8,6,494,439.0,Medio
EXP-05788,YUMBO,ALIMENTOS,Juzgado_Penal_Municipal_2,2023,3.5,1.05,14,1,495,1,0,40,6,494,439.0,Medio
EXP-05906,GUACARI,HURTO_PATRIMONIAL,Juzgado_Penal_Municipal_2,2021,1.48,1.05,12,1,503,1,1,19,6,494,478.0,Medio
EXP-07614,CALI,SUSTANCIAS,Juzgado_Penal_Municipal_1,2021,70.34,1.25,12,0,563,1,2,8,5,494,332.0,Medio
EXP-09305,CALI,ALIMENTOS,Juzgado_Penal_Municipal_2,2020,70.34,1.05,7,0,481,1,0,8,6,494,439.0,Medio
EXP-11530,DAGUA,HURTO_PATRIMONIAL,Comisaria_2_Familia,2022,1.3666666666666665,0.9,16,1,479,1,1,12,1,494,445.0,Medio
EXP-06308,JAMUNDI,HURTO_PATRIMONIAL,Comisaria_2_Familia,2024,2.64,0.9,17,1,545,1,1,21,1,493,445.0,Medio
EXP-07267,CALI,ALIMENTOS,Juzgado_Penal_Municipal_1,2021,70.34,1.25,4,0,497,1,0,8,5,493,483.25,Medio
EXP-08282,CALI,ALIMENTOS,Juzgado_3_Familia,2020,70.34,0.95,12,0,507,1,0,8,4,493,410.0,Medio
EXP-10293,CALI,ALIMENTOS,Juzgado_Penal_Municipal_1,2021,70.34,1.25,4,0,537,1,0,8,5,493,483.25,Medio
EXP-00339,CALI,ALIMENTOS,Comisaria_1_Familia,2024,70.34,1.1,22,0,679,1,0,8,0,492,459.0,Medio
EXP-02987,RIOFRIO,ALIMENTOS,Juzgado_2_Familia,2022,0.175,1.2,11,1,543,1,0,29,3,492,474.25,Medio
EXP-06223,CALI,HURTO_PATRIMONIAL,Comisaria_2_Familia,2022,70.34,0.9,9,0,495,1,1,8,1,492,445.0,Medio
EXP-07101,CALI,ALIMENTOS,Juzgado_Penal_Municipal_2,2024,70.34,1.05,8,0,344,0,0,8,6,492,439.0,Medio
EXP-08320,CALI,ALIMENTOS,Juzgado_3_Familia,2024,70.34,0.95,11,0,515,1,0,8,4,492,410.0,Medio
EXP-08566,CALI,ALIMENTOS,Juzgado_Penal_Municipal_2,2023,70.34,1.05,8,0,528,1,0,8,6,492,439.0,Medio
EXP-01224,TULUA,ALIMENTOS,Juzgado_2_Familia,2023,3.34,1.2,11,1,507,1,0,36,3,491,474.25,Medio
EXP-01819,GINEBRA,ALIMENTOS,Juzgado_Penal_Municipal_1,2022,0.6,1.25,12,1,544,1,0,18,5,491,483.25,Medio
EXP-01234,CALI,SUSTANCIAS,Juzgado_Penal_Municipal_1,2023,70.34,1.25,10,0,529,1,2,8,5,490,332.0,Medio
EXP-02047,CALI,ALIMENTOS,Juzgado_Penal_Municipal_1,2022,70.34,1.25,4,0,554,1,0,8,5,490,483.25,Medio
EXP-03999,CALI,SUSTANCIAS,Juzgado_Penal_Municipal_1,2024,70.34,1.25,10,0,448,0,2,8,5,490,332.0,Medio
EXP-04146,CALI,ALIMENTOS,Juzgado_Penal_Municipal_1,2022,70.34,1.25,4,0,511,1,0,8,5,490,483.25,Medio
EXP-04825,CALI,ALIMENTOS,Juzgado_Penal_Municipal_1,2022,70.34,1.25,4,0,491,1,0,8,5,490,483.25,Medio
EXP-05453,CALI,ALIMENTOS,Juzgado_Penal_Municipal_1,2021,70.34,1.25,3,0,478,1,0,8,5,490,483.25,Medio
EXP-08344,CALI,ALIMENTOS,Juzgado_Penal_Municipal_1,2021,70.34,1.25,3,0,524,1,0,8,5,490,483.25,Medio
EXP-09266,CALI,ALIMENTOS,Juzgado_Penal_Municipal_1,2021,70.34,1.25,3,0,477,1,0,8,5,490,483.25,Medio
EXP-11102,CALI,SUSTANCIAS,Juzgado_Penal_Municipal_1,2023,70.34,1.25,10,0,299,0,2,8,5,490,332.0,Medio
EXP-00786,CALI,HURTO_PATRIMONIAL,Juzgado_Penal_Municipal_2,2023,70.34,1.05,1,0,518,1,1,8,6,489,478.0,Medio
EXP-05821,CALI,ALIMENTOS,Juzgado_Penal_Municipal_1,2020,70.34,1.25,3,0,512,1,0,8,5,489,483.25,Medio
EXP-07157,CALI,ALIMENTOS,Juzgado_Penal_Municipal_1,2020,70.34,1.25,2,0,547,1,0,8,5,489,483.25,Medio
EXP-07508,CALI,ALIMENTOS,Juzgado_Penal_Municipal_1,2020,70.34,1.25,2,0,493,1,0,8,5,489,483.25,Medio
EXP-07828,CALI,ALIMENTOS,Juzgado_Penal_Municipal_1,2020,70.34,1.25,2,0,499,1,0,8,5,489,483.25,Medio
EXP-08393,CALI,HURTO_PATRIMONIAL,Comisaria_2_Familia,2024,70.34,0.9,10,0,550,1,1,8,1,489,445.0,Medio
EXP-08825,CALI,ALIMENTOS,Juzgado_Penal_Municipal_1,2020,70.34,1.25,2,0,467,1,0,8,5,489,483.25,Medio
EXP-00933,CALI,HURTO_PATRIMONIAL,Juzgado_Penal_Municipal_2,2024,70.34,1.05,2,0,525,1,1,8,6,488,478.0,Medio
EXP-01045,YOTOCO,ALIMENTOS,Comisaria_1_Familia,2023,0.58,1.1,13,1,523,1,0,39,0,488,459.0,Medio
EXP-02426,CALI,HURTO_PATRIMONIAL,Juzgado_Penal_Municipal_2,2023,70.34,1.05,2,0,505,1,1,8,6,488,478.0,Medio
EXP-06307,CALI,SUSTANCIAS,Juzgado_1_Familia,2020,70.34,1.35,7,0,515,1,2,8,2,488,333.0,Medio
EXP-08080,CALI,HURTO_PATRIMONIAL,Juzgado_Penal_Municipal_2,2023,70.34,1.05,2,0,510,1,1,8,6,488,478.0,Medio
EXP-08950,CALI,SUSTANCIAS,Juzgado_Penal_Municipal_1,2023,70.34,1.25,12,0,419,0,2,8,5,488,332.0,Medio
EXP-10664,CALI,HURTO_PATRIMONIAL,Juzgado_Penal_Municipal_2,2023,70.34,1.05,2,0,533,1,1,8,6,488,478.0,Medio
EXP-11218,CALI,ALIMENTOS,Juzgado_Penal_Municipal_1,2021,70.34,1.25,2,0,396,0,0,8,5,488,483.25,Medio
EXP-00659,CALI,HURTO_PATRIMONIAL,Juzgado_Penal_Municipal_2,2022,70.34,1.05,1,0,482,1,1,8,6,487,478.0,Medio
EXP-00769,CALI,ALIMENTOS,Juzgado_Penal_Municipal_1,2022,70.34,1.25,3,0,364,0,0,8,5,487,483.25,Medio
EXP-01446,CALI,ALIMENTOS,Juzgado_Penal_Municipal_2,2024,70.34,1.05,7,0,515,1,0,8,6,487,439.0,Medio
EXP-03068,CALI,ALIMENTOS,Juzgado_Penal_Municipal_2,2023,70.34,1.05,10,0,504,1,0,8,6,487,439.0,Medio
EXP-03218,CALI,VIF,Juzgado_1_Familia,2023,70.34,1.35,8,0,523,1,3,8,2,487,327.75,Medio
EXP-03807,CALI,ALIMENTOS,Juzgado_Penal_Municipal_2,2024,70.34,1.05,7,0,519,1,0,8,6,487,439.0,Medio
EXP-06195,CALI,SUSTANCIAS,Juzgado_Penal_Municipal_1,2021,70.34,1.25,9,0,541,1,2,8,5,487,332.0,Medio
EXP-06656,CALI,ALIMENTOS,Juzgado_Penal_Municipal_2,2024,70.34,1.05,10,0,546,1,0,8,6,487,439.0,Medio
EXP-07563,CALI,VIF,Juzgado_1_Familia,2023,70.34,1.35,8,0,492,1,3,8,2,487,327.75,Medio
EXP-08046,CALI,ALIMENTOS,Juzgado_Penal_Municipal_1,2022,70.34,1.25,3,0,252,0,0,8,5,487,483.25,Medio
EXP-08750,CALI,HURTO_PATRIMONIAL,Juzgado_Penal_Municipal_2,2022,70.34,1.05,1,0,525,1,1,8,6,487,478.0,Medio
EXP-08821,CALI,ALIMENTOS,Juzgado_2_Familia,2024,70.34,1.2,3,0,526,1,0,8,3,487,474.25,Medio
EXP-09078,CALI,ALIMENTOS,Juzgado_2_Familia,2023,70.34,1.2,3,0,515,1,0,8,3,487,474.25,Medio
EXP-09451,CALI,ALIMENTOS,Juzgado_Penal_Municipal_2,2023,70.34,1.05,7,0,539,1,0,8,6,487,439.0,Medio
EXP-09672,CALI,ALIMENTOS,Juzgado_Penal_Municipal_2,2023,70.34,1.05,10,0,342,0,0,8,6,487,439.0,Medio
EXP-09815,CALI,VIF,Juzgado_1_Familia,2023,70.34,1.35,8,0,536,1,3,8,2,487,327.75,Medio
EXP-09826,CALI,ALIMENTOS,Juzgado_Penal_Municipal_1,2022,70.34,1.25,2,0,522,1,0,8,5,487,483.25,Medio
EXP-10599,CALI,ALIMENTOS,Juzgado_2_Familia,2023,70.34,1.2,3,0,507,1,0,8,3,487,474.25,Medio
EXP-10879,CALI,HURTO_PATRIMONIAL,Juzgado_Penal_Municipal_2,2022,70.34,1.05,2,0,454,0,1,8,6,487,478.0,Medio
EXP-11673,CALI,VIF,Juzgado_1_Familia,2024,70.34,1.35,8,0,525,1,3,8,2,487,327.75,Medio
EXP-11767,CALI,HURTO_PATRIMONIAL,Juzgado_Penal_Municipal_2,2022,70.34,1.05,2,0,506,1,1,8,6,487,478.0,Medio
EXP-11831,CALI,HURTO_PATRIMONIAL,Juzgado_Penal_Municipal_2,2022,70.34,1.05,2,0,521,1,1,8,6,487,478.0,Medio
EXP-11923,CALI,ALIMENTOS,Juzgado_2_Familia,2023,70.34,1.2,3,0,532,1,0,8,3,487,474.25,Medio
EXP-11929,CALI,ALIMENTOS,Juzgado_Penal_Municipal_1,2022,70.34,1.25,3,0,436,0,0,8,5,487,483.25,Medio
EXP-00088,CALI,SUSTANCIAS,Juzgado_Penal_Municipal_1,2021,70.34,1.25,18,0,343,0,2,8,5,486,332.0,Medio
EXP-00290,CALI,HURTO_PATRIMONIAL,Comisaria_2_Familia,2021,70.34,0.9,7,0,514,1,1,8,1,486,445.0,Medio
EXP-00655,PALMIRA,ALIMENTOS,Juzgado_Penal_Municipal_1,2022,11.54,1.25,35,0,608,1,0,26,5,486,483.25,Medio
EXP-01350,CALI,HURTO_PATRIMONIAL,Comisaria_2_Familia,2021,70.34,0.9,7,0,501,1,1,8,1,486,445.0,Medio
EXP-01444,PALMIRA,ALIMENTOS,Juzgado_Penal_Municipal_1,2024,11.54,1.25,7,1,564,1,0,26,5,486,483.25,Medio
EXP-06058,CALI,HURTO_PATRIMONIAL,Juzgado_Penal_Municipal_2,2020,70.34,1.05,2,0,502,1,1,8,6,486,478.0,Medio
EXP-07009,CALI,HURTO_PATRIMONIAL,Juzgado_Penal_Municipal_2,2020,70.34,1.05,1,0,484,1,1,8,6,486,478.0,Medio
EXP-10161,CALI,HURTO_PATRIMONIAL,Juzgado_Penal_Municipal_2,2020,70.34,1.05,1,0,507,1,1,8,6,486,478.0,Medio
EXP-00716,CALI,ALIMENTOS,Juzgado_2_Familia,2021,70.34,1.2,4,0,500,1,0,8,3,485,474.25,Medio
EXP-02021,CALI,HURTO_PATRIMONIAL,Comisaria_2_Familia,2024,70.34,0.9,12,0,550,1,1,8,1,485,445.0,Medio
EXP-02418,CALI,ALIMENTOS,Juzgado_Penal_Municipal_1,2022,70.34,1.25,1,0,563,1,0,8,5,485,483.25,Medio
EXP-03818,CALI,ALIMENTOS,Juzgado_2_Familia,2020,70.34,1.2,4,0,313,0,0,8,3,485,474.25,Medio
EXP-04771,CALI,HURTO_PATRIMONIAL,Juzgado_Penal_Municipal_2,2021,70.34,1.05,1,0,514,1,1,8,6,485,478.0,Medio
EXP-05184,OBANDO,ALIMENTOS,Comisaria_1_Familia,2023,0.38,1.1,13,1,526,1,0,25,0,485,459.0,Medio
EXP-05354,CALI,ALIMENTOS,Juzgado_2_Familia,2021,70.34,1.2,4,0,480,0,0,8,3,485,474.25,Medio
EXP-06778,CALI,ALIMENTOS,Juzgado_3_Familia,2022,70.34,0.95,12,0,242,0,0,8,4,485,410.0,Medio
EXP-07766,CALI,ALIMENTOS,Juzgado_2_Familia,2021,70.34,1.2,4,0,430,0,0,8,3,485,474.25,Medio
EXP-07871,TULUA,ALIMENTOS,Comisaria_1_Familia,2022,3.34,1.1,13,1,528,1,0,36,0,485,459.0,Medio
EXP-09485,CARTAGO,ALIMENTOS,Juzgado_Penal_Municipal_1,2024,5.56,1.25,9,1,503,1,0,11,5,485,483.25,Medio
EXP-01953,CALI,ALIMENTOS,Juzgado_3_Familia,2020,70.34,0.95,8,0,475,1,0,8,4,484,410.0,Medio
EXP-04751,CALI,ALIMENTOS,Juzgado_3_Familia,2021,70.34,0.95,8,0,505,1,0,8,4,484,410.0,Medio
EXP-04934,CALI,HURTO_PATRIMONIAL,Comisaria_2_Familia,2024,70.34,0.9,8,0,553,1,1,8,1,484,445.0,Medio
EXP-07863,CALI,ALIMENTOS,Juzgado_3_Familia,2021,70.34,0.95,8,0,505,1,0,8,4,484,410.0,Medio
EXP-00159,CALI,ALIMENTOS,Comisaria_1_Familia,2023,70.34,1.1,3,0,519,1,0,8,0,483,459.0,Medio
EXP-00561,CALI,ALIMENTOS,Comisaria_1_Familia,2024,70.34,1.1,3,0,375,0,0,8,0,483,459.0,Medio
EXP-01793,CALI,VIF,Juzgado_1_Familia,2022,70.34,1.35,9,0,527,1,3,8,2,483,327.75,Medio
EXP-03156,CALI,ALIMENTOS,Comisaria_1_Familia,2024,70.34,1.1,3,0,517,1,0,8,0,483,459.0,Medio
EXP-03199,CALI,ALIMENTOS,Juzgado_2_Familia,2022,70.34,1.2,4,0,513,1,0,8,3,483,474.25,Medio
EXP-03485,CALI,ALIMENTOS,Comisaria_1_Familia,2023,70.34,1.1,3,0,513,1,0,8,0,483,459.0,Medio
EXP-04562,CALI,HURTO_PATRIMONIAL,Comisaria_2_Familia,2021,70.34,0.9,13,0,552,1,1,8,1,483,445.0,Medio
EXP-07005,CALI,ALIMENTOS,Comisaria_1_Familia,2023,70.34,1.1,3,0,521,1,0,8,0,483,459.0,Medio
EXP-07167,CALIMA,HURTO_PATRIMONIAL,Juzgado_3_Familia,2020,0.3199999999999999,0.95,17,1,484,1,1,9,4,483,451.0,Medio
EXP-07723,CALI,ALIMENTOS,Comisaria_1_Familia,2023,70.34,1.1,3,0,516,1,0,8,0,483,459.0,Medio
EXP-08085,CALI,ALIMENTOS,Comisaria_1_Familia,2024,70.34,1.1,3,0,460,1,0,8,0,483,459.0,Medio
EXP-09662,CALI,ALIMENTOS,Juzgado_2_Familia,2020,70.34,1.2,3,0,315,0,0,8,3,483,474.25,Medio
EXP-09904,CALI,ALIMENTOS,Juzgado_2_Familia,2021,70.34,1.2,3,0,534,1,0,8,3,483,474.25,Medio
EXP-10075,CALI,HURTO_PATRIMONIAL,Juzgado_3_Familia,2021,70.34,0.95,6,0,514,1,1,8,4,483,451.0,Medio
EXP-10464,CALI,ALIMENTOS,Juzgado_2_Familia,2021,70.34,1.2,3,0,515,1,0,8,3,483,474.25,Medio
EXP-09289,CALI,SUSTANCIAS,Juzgado_Penal_Municipal_1,2024,70.34,1.25,9,0,519,1,2,8,5,482,332.0,Medio
EXP-11592,CALI,ALIMENTOS,Juzgado_Penal_Municipal_2,2021,70.34,1.05,5,0,482,1,0,8,6,482,439.0,Medio
EXP-00376,CALI,ALIMENTOS,Juzgado_2_Familia,2023,70.34,1.2,2,0,505,1,0,8,3,481,474.25,Medio
EXP-01933,CALI,ALIMENTOS,Juzgado_Penal_Municipal_2,2020,70.34,1.05,6,0,481,1,0,8,6,481,439.0,Medio
EXP-01958,CALI,ALIMENTOS,Comisaria_1_Familia,2023,70.34,1.1,4,0,506,1,0,8,0,481,459.0,Medio
EXP-02649,CALI,ALIMENTOS,Comisaria_1_Familia,2024,70.34,1.1,4,0,490,1,0,8,0,481,459.0,Medio
EXP-03021,OBANDO,ALIMENTOS,Comisaria_1_Familia,2024,0.38,1.1,15,1,562,1,0,25,0,481,459.0,Medio
EXP-03442,CALI,ALIMENTOS,Comisaria_1_Familia,2024,70.34,1.1,4,0,295,0,0,8,0,481,459.0,Medio
EXP-04614,CALI,ALIMENTOS,Comisaria_1_Familia,2024,70.34,1.1,4,0,494,1,0,8,0,481,459.0,Medio
EXP-05036,CALI,ALIMENTOS,Juzgado_2_Familia,2024,70.34,1.2,2,0,551,1,0,8,3,481,474.25,Medio
EXP-05298,CALI,ALIMENTOS,Juzgado_Penal_Municipal_2,2024,70.34,1.05,5,0,350,0,0,8,6,481,439.0,Medio
EXP-06398,CALI,ALIMENTOS,Juzgado_2_Familia,2024,70.34,1.2,2,0,506,1,0,8,3,481,474.25,Medio
EXP-09943,CALI,ALIMENTOS,Juzgado_2_Familia,2024,70.34,1.2,2,0,518,1,0,8,3,481,474.25,Medio
EXP-10062,CALI,ALIMENTOS,Juzgado_Penal_Municipal_2,2024,70.34,1.05,5,0,540,1,0,8,6,481,439.0,Medio
EXP-10553,CALI,ALIMENTOS,Juzgado_2_Familia,2023,70.34,1.2,2,0,536,1,0,8,3,481,474.25,Medio
EXP-10846,CALI,ALIMENTOS,Juzgado_2_Familia,2024,70.34,1.2,2,0,497,1,0,8,3,481,474.25,Medio
EXP-11411,CALI,ALIMENTOS,Comisaria_1_Familia,2023,70.34,1.1,4,0,212,0,0,8,0,481,459.0,Medio
EXP-00428,CALI,ALIMENTOS,Comisaria_1_Familia,2020,70.34,1.1,3,0,514,1,0,8,0,480,459.0,Medio
EXP-00675,GUADALAJARA DE BUGA,HURTO_PATRIMONIAL,Juzgado_Penal_Municipal_2,2021,6.6,1.05,7,1,514,1,1,20,6,480,478.0,Medio
EXP-03047,CALI,SUSTANCIAS,Juzgado_1_Familia,2024,70.34,1.35,7,0,300,0,2,8,2,480,333.0,Medio
EXP-05201,CALI,ALIMENTOS,Comisaria_1_Familia,2021,70.34,1.1,4,0,445,0,0,8,0,480,459.0,Medio
EXP-05292,CALI,ALIMENTOS,Juzgado_2_Familia,2022,70.34,1.2,3,0,498,1,0,8,3,480,474.25,Medio
EXP-08618,FLORIDA,ALIMENTOS,Juzgado_2_Familia,2024,0.8,1.2,14,1,519,1,0,17,3,480,474.25,Medio
EXP-10592,CALI,SUSTANCIAS,Juzgado_1_Familia,2024,70.34,1.35,7,0,537,1,2,8,2,480,333.0,Medio
EXP-00375,CALI,ALIMENTOS,Juzgado_Penal_Municipal_2,2022,70.34,1.05,5,0,503,1,0,8,6,479,439.0,Medio
EXP-01182,CALI,ALIMENTOS,Comisaria_1_Familia,2022,70.34,1.1,3,0,483,1,0,8,0,479,459.0,Medio
EXP-01646,CALI,ALIMENTOS,Comisaria_1_Familia,2020,70.34,1.1,4,0,539,1,0,8,0,479,459.0,Medio
EXP-05525,CALI,ALIMENTOS,Juzgado_2_Familia,2023,70.34,1.2,1,0,491,1,0,8,3,479,474.25,Medio
EXP-06184,CALI,ALIMENTOS,Juzgado_2_Familia,2024,70.34,1.2,1,0,489,1,0,8,3,479,474.25,Medio
EXP-07903,CALI,ALIMENTOS,Juzgado_2_Familia,2023,70.34,1.2,1,0,515,1,0,8,3,479,474.25,Medio
EXP-08127,CALI,ALIMENTOS,Juzgado_2_Familia,2023,70.34,1.2,1,0,507,1,0,8,3,479,474.25,Medio
EXP-08894,PALMIRA,ALIMENTOS,Juzgado_2_Familia,2020,11.54,1.2,7,1,508,1,0,26,3,479,474.25,Medio
EXP-09124,CALI,ALIMENTOS,Comisaria_1_Familia,2022,70.34,1.1,3,0,518,1,0,8,0,479,459.0,Medio
EXP-09886,CALI,ALIMENTOS,Juzgado_2_Familia,2024,70.34,1.2,1,0,510,1,0,8,3,479,474.25,Medio
EXP-11985,CALI,ALIMENTOS,Juzgado_Penal_Municipal_2,2022,70.34,1.05,5,0,467,0,0,8,6,479,439.0,Medio
EXP-00217,CALI,ALIMENTOS,Comisaria_1_Familia,2022,70.34,1.1,4,0,526,1,0,8,0,478,459.0,Medio
EXP-05217,CALI,ALIMENTOS,Juzgado_3_Familia,2024,70.34,0.95,9,0,512,1,0,8,4,478,410.0,Medio
EXP-05466,CALI,VIF,Juzgado_1_Familia,2022,70.34,1.35,8,0,506,1,3,8,2,478,327.75,Medio
EXP-06539,CALI,ALIMENTOS,Juzgado_Penal_Municipal_2,2023,70.34,1.05,6,0,473,1,0,8,6,478,439.0,Medio
EXP-06561,CALI,ALIMENTOS,Comisaria_1_Familia,2022,70.34,1.1,4,0,411,0,0,8,0,478,459.0,Medio
EXP-07479,EL CERRITO,ALIMENTOS,Juzgado_Penal_Municipal_2,2024,1.1,1.05,15,1,549,1,0,15,6,478,439.0,Medio
EXP-08087,ARGELIA,ALIMENTOS,Comisaria_1_Familia,2021,0.2,1.1,16,1,518,1,0,3,0,478,459.0,Medio
EXP-10355,CALI,ALIMENTOS,Comisaria_1_Familia,2022,70.34,1.1,4,0,466,1,0,8,0,478,459.0,Medio
EXP-10360,CALI,VIF,Juzgado_1_Familia,2022,70.34,1.35,8,0,536,1,3,8,2,478,327.75,Medio
EXP-00541,CALI,HURTO_PATRIMONIAL,Juzgado_3_Familia,2024,70.34,0.95,5,0,544,1,1,8,4,477,451.0,Medio
EXP-01334,CALI,HURTO_PATRIMONIAL,Juzgado_3_Familia,2024,70.34,0.95,5,0,484,1,1,8,4,477,451.0,Medio
EXP-03173,CALI,HURTO_PATRIMONIAL,Juzgado_3_Familia,2022,70.34,0.95,5,0,462,1,1,8,4,477,451.0,Medio
EXP-03846,CALI,HURTO_PATRIMONIAL,Juzgado_3_Familia,2023,70.34,0.95,5,0,517,1,1,8,4,477,451.0,Medio
EXP-05522,CALI,HURTO_PATRIMONIAL,Juzgado_3_Familia,2022,70.34,0.95,5,0,516,1,1,8,4,477,451.0,Medio
EXP-06630,CALI,ALIMENTOS,Juzgado_Penal_Municipal_2,2022,70.34,1.05,6,0,505,1,0,8,6,477,439.0,Medio
EXP-07928,CALI,HURTO_PATRIMONIAL,Juzgado_3_Familia,2023,70.34,0.95,5,0,478,1,1,8,4,477,451.0,Medio
EXP-08357,CALI,HURTO_PATRIMONIAL,Juzgado_3_Familia,2023,70.34,0.95,5,0,511,1,1,8,4,477,451.0,Medio
EXP-08723,CALI,HURTO_PATRIMONIAL,Juzgado_3_Familia,2023,70.34,0.95,5,0,399,0,1,8,4,477,451.0,Medio
EXP-09365,CALI,SUSTANCIAS,Juzgado_2_Familia,2020,70.34,1.2,20,0,627,1,2,8,3,477,319.0,Medio
EXP-10742,CALI,ALIMENTOS,Juzgado_3_Familia,2022,70.34,0.95,8,0,504,1,0,8,4,477,410.0,Medio
EXP-02296,YOTOCO,ALIMENTOS,Juzgado_3_Familia,2023,0.58,0.95,13,1,491,1,0,39,4,476,410.0,Medio
EXP-11660,CALI,ALIMENTOS,Juzgado_2_Familia,2021,70.34,1.2,2,0,526,1,0,8,3,476,474.25,Medio
EXP-00389,CALI,ALIMENTOS,Comisaria_2_Familia,2020,70.34,0.9,10,0,495,1,0,8,1,475,406.0,Medio
EXP-01201,CALI,ALIMENTOS,Comisaria_1_Familia,2023,70.34,1.1,2,0,470,1,0,8,0,475,459.0,Medio
EXP-01355,CALI,ALIMENTOS,Juzgado_2_Familia,2022,70.34,1.2,2,0,510,1,0,8,3,475,474.25,Medio
EXP-03431,CALI,ALIMENTOS,Juzgado_2_Familia,2022,70.34,1.2,2,0,502,1,0,8,3,475,474.25,Medio
EXP-04857,CALI,ALIMENTOS,Comisaria_1_Familia,2024,70.34,1.1,2,0,504,1,0,8,0,475,459.0,Medio
EXP-05152,CALI,ALIMENTOS,Comisaria_1_Familia,2023,70.34,1.1,2,0,496,1,0,8,0,475,459.0,Medio
EXP-06784,CALI,ALIMENTOS,Juzgado_2_Familia,2020,70.34,1.2,2,0,513,1,0,8,3,475,474.25,Medio
EXP-09082,CALI,ALIMENTOS,Comisaria_1_Familia,2023,70.34,1.1,2,0,404,0,0,8,0,475,459.0,Medio
EXP-09149,CALI,SUSTANCIAS,Juzgado_2_Familia,2024,70.34,1.2,9,0,538,1,2,8,3,475,319.0,Medio
EXP-10362,CALI,ALIMENTOS,Comisaria_2_Familia,2021,70.34,0.9,10,0,361,0,0,8,1,475,406.0,Medio
EXP-10398,EL CAIRO,ALIMENTOS,Juzgado_2_Familia,2023,0.1,1.2,8,1,485,1,0,14,3,475,474.25,Medio
EXP-00039,CALI,HURTO_PATRIMONIAL,Juzgado_3_Familia,2024,70.34,0.95,6,0,554,1,1,8,4,474,451.0,Medio
EXP-00948,CALI,SUSTANCIAS,Juzgado_1_Familia,2021,70.34,1.35,6,0,535,1,2,8,2,474,333.0,Medio
EXP-00980,CALI,SUSTANCIAS,Juzgado_1_Familia,2024,70.34,1.35,5,0,529,1,2,8,2,474,333.0,Medio
EXP-01299,CALI,SUSTANCIAS,Juzgado_1_Familia,2021,70.34,1.35,6,0,536,1,2,8,2,474,333.0,Medio
EXP-01581,CALI,SUSTANCIAS,Juzgado_2_Familia,2024,70.34,1.2,8,0,497,1,2,8,3,474,319.0,Medio
EXP-01733,CALI,SUSTANCIAS,Juzgado_2_Familia,2024,70.34,1.2,8,0,514,1,2,8,3,474,319.0,Medio
EXP-02413,CALI,HURTO_PATRIMONIAL,Juzgado_3_Familia,2022,70.34,0.95,6,0,462,1,1,8,4,474,451.0,Medio
EXP-02808,CALI,HURTO_PATRIMONIAL,Juzgado_3_Familia,2024,70.34,0.95,6,0,503,1,1,8,4,474,451.0,Medio
EXP-03806,CALI,SUSTANCIAS,Juzgado_1_Familia,2024,70.34,1.35,5,0,506,1,2,8,2,474,333.0,Medio
EXP-08092,CALI,HURTO_PATRIMONIAL,Juzgado_3_Familia,2024,70.34,0.95,6,0,225,0,1,8,4,474,451.0,Medio
EXP-08708,CALI,HURTO_PATRIMONIAL,Juzgado_3_Familia,2024,70.34,0.95,6,0,541,1,1,8,4,474,451.0,Medio
EXP-11390,CALI,HURTO_PATRIMONIAL,Juzgado_3_Familia,2023,70.34,0.95,6,0,518,1,1,8,4,474,451.0,Medio
EXP-00488,CALI,ALIMENTOS,Comisaria_1_Familia,2023,70.34,1.1,1,0,467,1,0,8,0,473,459.0,Medio
EXP-00568,CALI,HURTO_PATRIMONIAL,Juzgado_3_Familia,2021,70.34,0.95,4,0,442,1,1,8,4,473,451.0,Medio
EXP-01810,CALI,ALIMENTOS,Comisaria_1_Familia,2023,70.34,1.1,1,0,304,0,0,8,0,473,459.0,Medio
EXP-02253,CALI,ALIMENTOS,Juzgado_3_Familia,2024,70.34,0.95,10,0,513,1,0,8,4,473,410.0,Medio
EXP-02863,CALI,ALIMENTOS,Comisaria_1_Familia,2021,70.34,1.1,2,0,504,1,0,8,0,473,459.0,Medio
EXP-04222,CALI,HURTO_PATRIMONIAL,Juzgado_3_Familia,2020,70.34,0.95,4,0,494,1,1,8,4,473,451.0,Medio
EXP-04540,CALI,ALIMENTOS,Comisaria_1_Familia,2023,70.34,1.1,1,0,482,1,0,8,0,473,459.0,Medio
EXP-04678,CALI,ALIMENTOS,Comisaria_1_Familia,2021,70.34,1.1,2,0,464,1,0,8,0,473,459.0,Medio
EXP-04719,CALI,ALIMENTOS,Comisaria_1_Familia,2023,70.34,1.1,1,0,466,1,0,8,0,473,459.0,Medio
EXP-07150,CALI,ALIMENTOS,Comisaria_1_Familia,2024,70.34,1.1,1,0,485,1,0,8,0,473,459.0,Medio
EXP-08124,CALI,ALIMENTOS,Comisaria_1_Familia,2023,70.34,1.1,1,0,479,1,0,8,0,473,459.0,Medio
EXP-09247,CALI,HURTO_PATRIMONIAL,Juzgado_3_Familia,2021,70.34,0.95,4,0,507,1,1,8,4,473,451.0,Medio
EXP-09306,CALI,ALIMENTOS,Comisaria_1_Familia,2024,70.34,1.1,1,0,512,1,0,8,0,473,459.0,Medio
EXP-09857,FLORIDA,ALIMENTOS,Comisaria_2_Familia,2023,0.8,0.9,17,1,534,1,0,17,1,473,406.0,Medio
EXP-00255,CALI,ALIMENTOS,Comisaria_1_Familia,2022,70.34,1.1,2,0,480,1,0,8,0,472,459.0,Medio
EXP-07011,CALI,VIF,Juzgado_1_Familia,2021,70.34,1.35,7,0,517,1,3,8,2,472,327.75,Medio
EXP-07896,CALI,ALIMENTOS,Comisaria_1_Familia,2022,70.34,1.1,1,0,496,1,0,8,0,472,459.0,Medio
EXP-11165,CALI,VIF,Juzgado_1_Familia,2021,70.34,1.35,7,0,508,1,3,8,2,472,327.75,Medio
EXP-04498,CALI,SUSTANCIAS,Juzgado_1_Familia,2023,70.34,1.35,6,0,451,0,2,8,2,471,333.0,Medio
EXP-10346,CALI,SUSTANCIAS,Juzgado_1_Familia,2023,70.34,1.35,6,0,553,1,2,8,2,471,333.0,Medio
EXP-00892,LA VICTORIA,HURTO_PATRIMONIAL,Juzgado_3_Familia,2024,0.1666666666666666,0.95,8,1,436,1,1,24,4,470,451.0,Medio
EXP-01305,CALI,HURTO_PATRIMONIAL,Juzgado_3_Familia,2024,70.34,0.95,4,0,479,1,1,8,4,470,451.0,Medio
EXP-02383,CALI,SUSTANCIAS,Juzgado_1_Familia,2022,70.34,1.35,7,0,219,0,2,8,2,470,333.0,Medio
EXP-02556,CALI,ALIMENTOS,Comisaria_1_Familia,2021,70.34,1.1,1,0,474,1,0,8,0,470,459.0,Medio
EXP-03409,CALI,SUSTANCIAS,Juzgado_Penal_Municipal_1,2022,70.34,1.25,8,0,557,1,2,8,5,470,332.0,Medio
EXP-06239,CALI,ALIMENTOS,Comisaria_1_Familia,2021,70.34,1.1,1,0,466,1,0,8,0,470,459.0,Medio
EXP-06412,CALI,ALIMENTOS,Comisaria_1_Familia,2021,70.34,1.1,1,0,467,1,0,8,0,470,459.0,Medio
EXP-07026,CALI,SUSTANCIAS,Juzgado_Penal_Municipal_1,2022,70.34,1.25,8,0,528,1,2,8,5,470,332.0,Medio
EXP-07093,SIN_DATO,HURTO_PATRIMONIAL,Juzgado_3_Familia,2022,2.2,0.95,13,1,528,1,1,33,4,470,451.0,Medio
EXP-09272,CALI,HURTO_PATRIMONIAL,Juzgado_3_Familia,2024,70.34,0.95,4,0,500,1,1,8,4,470,451.0,Medio
EXP-10095,CALI,ALIMENTOS,Comisaria_1_Familia,2021,70.34,1.1,1,0,482,1,0,8,0,470,459.0,Medio
EXP-10932,CALI,ALIMENTOS,Comisaria_1_Familia,2021,70.34,1.1,1,0,475,1,0,8,0,470,459.0,Medio
EXP-11656,CALI,SUSTANCIAS,Juzgado_Penal_Municipal_1,2022,70.34,1.25,8,0,516,1,2,8,5,470,332.0,Medio
EXP-03702,CALI,ALIMENTOS,Comisaria_1_Familia,2020,70.34,1.1,1,0,488,1,0,8,0,469,459.0,Medio
EXP-03917,CALI,ALIMENTOS,Comisaria_1_Familia,2020,70.34,1.1,1,0,469,1,0,8,0,469,459.0,Medio
EXP-06075,TULUA,HURTO_PATRIMONIAL,Juzgado_3_Familia,2024,3.34,0.95,13,1,514,1,1,36,4,469,451.0,Medio
EXP-08298,CALI,ALIMENTOS,Comisaria_1_Familia,2020,70.34,1.1,1,0,444,1,0,8,0,469,459.0,Medio
EXP-11721,CANDELARIA,ALIMENTOS,Comisaria_2_Familia,2023,3.08,0.9,17,1,510,1,0,10,1,469,406.0,Medio
EXP-00384,CALI,HURTO_PATRIMONIAL,Juzgado_3_Familia,2021,70.34,0.95,3,0,534,1,1,8,4,468,451.0,Medio
EXP-07388,CALI,HURTO_PATRIMONIAL,Juzgado_3_Familia,2021,70.34,0.95,3,0,427,1,1,8,4,468,451.0,Medio
EXP-01848,CALI,SUSTANCIAS,Juzgado_1_Familia,2024,70.34,1.35,4,0,528,1,2,8,2,467,333.0,Medio
EXP-04869,CALI,ALIMENTOS,Juzgado_Penal_Municipal_2,2023,70.34,1.05,4,0,465,1,0,8,6,467,439.0,Medio
EXP-06285,CALI,SUSTANCIAS,Juzgado_1_Familia,2023,70.34,1.35,4,0,315,0,2,8,2,467,333.0,Medio
EXP-06853,CALI,HURTO_PATRIMONIAL,Comisaria_2_Familia,2021,70.34,0.9,6,0,510,1,1,8,1,467,445.0,Medio
EXP-07133,GUADALAJARA DE BUGA,HURTO_PATRIMONIAL,Juzgado_3_Familia,2020,6.6,0.95,9,1,449,1,1,20,4,467,451.0,Medio
EXP-09125,CALI,SUSTANCIAS,Juzgado_2_Familia,2020,70.34,1.2,7,0,485,1,2,8,3,467,319.0,Medio
EXP-09867,CALI,ALIMENTOS,Juzgado_Penal_Municipal_2,2024,70.34,1.05,4,0,481,1,0,8,6,467,439.0,Medio
EXP-10363,TULUA,ALIMENTOS,Comisaria_1_Familia,2020,3.34,1.1,12,1,491,1,0,36,0,467,459.0,Medio
EXP-11425,CAICEDONIA,ALIMENTOS,Comisaria_1_Familia,2020,1.28,1.1,12,1,490,1,0,7,0,467,459.0,Medio
EXP-01153,ZARZAL,ALIMENTOS,Comisaria_1_Familia,2023,1.12,1.1,12,1,509,1,0,41,0,466,459.0,Medio
EXP-04387,CALI,ALIMENTOS,Juzgado_3_Familia,2023,70.34,0.95,7,0,487,1,0,8,4,466,410.0,Medio
EXP-04765,CALI,HURTO_PATRIMONIAL,Juzgado_3_Familia,2023,70.34,0.95,3,0,511,1,1,8,4,466,451.0,Medio
EXP-05365,GINEBRA,ALIMENTOS,Comisaria_1_Familia,2020,0.6,1.1,14,1,545,1,0,18,0,466,459.0,Medio
EXP-10535,CARTAGO,HURTO_PATRIMONIAL,Juzgado_3_Familia,2022,5.56,0.95,12,1,528,1,1,11,4,466,451.0,Medio
EXP-11400,CALI,ALIMENTOS,Comisaria_2_Familia,2022,70.34,0.9,8,0,508,1,0,8,1,466,406.0,Medio
EXP-11924,CALI,HURTO_PATRIMONIAL,Juzgado_3_Familia,2024,70.34,0.95,3,0,476,1,1,8,4,466,451.0,Medio
EXP-00582,CALI,ALIMENTOS,Juzgado_Penal_Municipal_2,2022,70.34,1.05,4,0,458,1,0,8,6,465,439.0,Medio
EXP-01255,CALI,ALIMENTOS,Juzgado_Penal_Municipal_2,2022,70.34,1.05,4,0,459,1,0,8,6,465,439.0,Medio
EXP-05123,CALI,VIF,Juzgado_1_Familia,2023,70.34,1.35,7,0,488,1,3,8,2,465,327.75,Medio
EXP-05873,CALI,ALIMENTOS,Juzgado_Penal_Municipal_2,2022,70.34,1.05,4,0,474,1,0,8,6,465,439.0,Medio
EXP-08050,CALI,VIF,Juzgado_1_Familia,2024,70.34,1.35,7,0,228,0,3,8,2,465,327.75,Medio
EXP-08273,CALI,VIF,Juzgado_1_Familia,2024,70.34,1.35,7,0,471,1,3,8,2,465,327.75,Medio
EXP-09153,CALI,ALIMENTOS,Comisaria_2_Familia,2020,70.34,0.9,7,0,477,1,0,8,1,465,406.0,Medio
EXP-10302,CALI,VIF,Juzgado_1_Familia,2023,70.34,1.35,7,0,283,0,3,8,2,465,327.75,Medio
EXP-11025,GUADALAJARA DE BUGA,HURTO_PATRIMONIAL,Comisaria_2_Familia,2020,6.6,0.9,10,1,499,1,1,20,1,465,445.0,Medio
EXP-00950,CALI,VIF,Juzgado_1_Familia,2024,70.34,1.35,14,0,379,0,3,8,2,464,327.75,Medio
EXP-02359,CALI,SUSTANCIAS,Juzgado_1_Familia,2021,70.34,1.35,4,0,523,1,2,8,2,464,333.0,Medio
EXP-02385,CALI,SUSTANCIAS,Juzgado_1_Familia,2021,70.34,1.35,4,0,509,1,2,8,2,464,333.0,Medio
EXP-02957,CALI,ALIMENTOS,Comisaria_2_Familia,2023,70.34,0.9,9,0,490,1,0,8,1,464,406.0,Medio
EXP-07821,CALI,ALIMENTOS,Comisaria_2_Familia,2023,70.34,0.9,9,0,476,1,0,8,1,464,406.0,Medio
EXP-08312,TORO,ALIMENTOS,Comisaria_1_Familia,2024,0.1333333333333333,1.1,13,1,504,1,0,34,0,464,459.0,Medio
EXP-03981,CALI,ALIMENTOS,Juzgado_Penal_Municipal_2,2024,70.34,1.05,3,0,451,1,0,8,6,463,439.0,Medio
EXP-04084,CALI,ALIMENTOS,Juzgado_Penal_Municipal_2,2024,70.34,1.05,3,0,483,1,0,8,6,463,439.0,Medio
EXP-04851,CALI,HURTO_PATRIMONIAL,Juzgado_3_Familia,2024,70.34,0.95,15,0,587,1,1,8,4,463,451.0,Medio
EXP-06734,CALI,ALIMENTOS,Juzgado_Penal_Municipal_2,2023,70.34,1.05,3,0,461,1,0,8,6,463,439.0,Medio
EXP-07643,CALI,ALIMENTOS,Juzgado_Penal_Municipal_2,2023,70.34,1.05,3,0,492,1,0,8,6,463,439.0,Medio
EXP-08778,DAGUA,HURTO_PATRIMONIAL,Comisaria_2_Familia,2021,1.3666666666666665,0.9,12,1,480,1,1,12,1,463,445.0,Medio
EXP-08798,JAMUNDI,ALIMENTOS,Comisaria_1_Familia,2022,2.64,1.1,11,1,508,1,0,21,0,463,459.0,Medio
EXP-09689,GUADALAJARA DE BUGA,HURTO_PATRIMONIAL,Juzgado_3_Familia,2020,6.6,0.95,8,1,482,1,1,20,4,463,451.0,Medio
EXP-09914,CALI,ALIMENTOS,Juzgado_Penal_Municipal_2,2023,70.34,1.05,3,0,517,1,0,8,6,463,439.0,Medio
EXP-10417,SIN_DATO,HURTO_PATRIMONIAL,Comisaria_2_Familia,2020,2.2,0.9,14,1,487,1,1,33,1,463,445.0,Medio
EXP-01529,CALI,ALIMENTOS,Comisaria_2_Familia,2024,70.34,0.9,10,0,491,1,0,8,1,462,406.0,Medio
EXP-04558,CALI,ALIMENTOS,Juzgado_Penal_Municipal_2,2020,70.34,1.05,4,0,511,1,0,8,6,462,439.0,Medio
EXP-11792,CALI,ALIMENTOS,Juzgado_Penal_Municipal_2,2020,70.34,1.05,4,0,522,1,0,8,6,462,439.0,Medio
EXP-04219,CALI,ALIMENTOS,Juzgado_Penal_Municipal_2,2021,70.34,1.05,3,0,439,1,0,8,6,461,439.0,Medio
EXP-11806,CALI,ALIMENTOS,Comisaria_2_Familia,2024,70.34,0.9,8,0,520,1,0,8,1,461,406.0,Medio
EXP-02337,CALI,VIF,Juzgado_1_Familia,2021,70.34,1.35,5,0,533,1,3,8,2,460,327.75,Medio
EXP-04197,CALI,VIF,Juzgado_1_Familia,2021,70.34,1.35,5,0,485,1,3,8,2,460,327.75,Medio
EXP-04221,CALI,SUSTANCIAS,Juzgado_1_Familia,2024,70.34,1.35,3,0,345,0,2,8,2,460,333.0,Medio
EXP-05925,CAICEDONIA,ALIMENTOS,Comisaria_1_Familia,2023,1.28,1.1,11,1,492,1,0,7,0,460,459.0,Medio
EXP-06032,GUADALAJARA DE BUGA,ALIMENTOS,Comisaria_1_Familia,2022,6.6,1.1,12,1,542,1,0,20,0,460,459.0,Medio
EXP-06042,CARTAGO,HURTO_PATRIMONIAL,Comisaria_2_Familia,2023,5.56,0.9,9,1,477,1,1,11,1,460,445.0,Medio
EXP-06905,CALI,SUSTANCIAS,Juzgado_1_Familia,2024,70.34,1.35,2,0,486,1,2,8,2,460,333.0,Medio
EXP-07950,CALI,SUSTANCIAS,Juzgado_1_Familia,2020,70.34,1.35,3,0,481,1,2,8,2,460,333.0,Medio
EXP-07973,CALI,SUSTANCIAS,Juzgado_1_Familia,2020,70.34,1.35,3,0,487,1,2,8,2,460,333.0,Medio
EXP-09530,SIN_DATO,ALIMENTOS,Comisaria_1_Familia,2024,2.2,1.1,11,1,457,1,0,33,0,460,459.0,Medio
EXP-10732,CALI,SUSTANCIAS,Juzgado_1_Familia,2024,70.34,1.35,2,0,503,1,2,8,2,460,333.0,Medio
EXP-01519,CALI,VIF,Juzgado_1_Familia,2020,70.34,1.35,5,0,465,1,3,8,2,459,327.75,Medio
EXP-05908,CALI,HURTO_PATRIMONIAL,Comisaria_2_Familia,2024,70.34,0.9,5,0,313,0,1,8,1,459,445.0,Medio
EXP-07066,SEVILLA,HURTO_PATRIMONIAL,Juzgado_3_Familia,2022,1.62,0.95,9,1,485,1,1,32,4,459,451.0,Medio
EXP-07782,CALI,SUSTANCIAS,Juzgado_1_Familia,2022,70.34,1.35,5,0,476,1,2,8,2,459,333.0,Medio
EXP-09804,CALI,SUSTANCIAS,Juzgado_1_Familia,2021,70.34,1.35,3,0,275,0,2,8,2,459,333.0,Medio
EXP-10076,CALI,SUSTANCIAS,Juzgado_Penal_Municipal_1,2023,70.34,1.25,7,0,531,1,2,8,5,459,332.0,Medio
EXP-01154,CALI,SUSTANCIAS,Juzgado_1_Familia,2021,70.34,1.35,2,0,481,1,2,8,2,458,333.0,Medio
EXP-01215,CALI,VIF,Juzgado_2_Familia,2024,70.34,1.2,9,0,476,1,3,8,3,458,309.0,Medio
EXP-01262,CALI,VIF,Juzgado_1_Familia,2024,70.34,1.35,5,0,484,1,3,8,2,458,327.75,Medio
EXP-03061,CALI,VIF,Juzgado_2_Familia,2024,70.34,1.2,9,0,475,1,3,8,3,458,309.0,Medio
EXP-03377,CALI,VIF,Juzgado_1_Familia,2024,70.34,1.35,5,0,466,1,3,8,2,458,327.75,Medio
EXP-03507,JAMUNDI,HURTO_PATRIMONIAL,Comisaria_2_Familia,2023,2.64,0.9,9,1,468,1,1,21,1,458,445.0,Medio
EXP-03777,CALI,VIF,Juzgado_1_Familia,2024,70.34,1.35,5,0,217,0,3,8,2,458,327.75,Medio
EXP-05039,CALI,VIF,Juzgado_2_Familia,2024,70.34,1.2,9,0,499,1,3,8,3,458,309.0,Medio
EXP-05446,CALI,VIF,Juzgado_1_Familia,2023,70.34,1.35,5,0,471,1,3,8,2,458,327.75,Medio
EXP-05569,CALI,VIF,Juzgado_2_Familia,2024,70.34,1.2,9,0,502,1,3,8,3,458,309.0,Medio
EXP-05668,CALI,VIF,Juzgado_2_Familia,2023,70.34,1.2,9,0,294,0,3,8,3,458,309.0,Medio
EXP-07036,CALI,HURTO_PATRIMONIAL,Comisaria_2_Familia,2022,70.34,0.9,5,0,308,0,1,8,1,458,445.0,Medio
EXP-07991,CALI,VIF,Juzgado_2_Familia,2023,70.34,1.2,9,0,497,1,3,8,3,458,309.0,Medio
EXP-08576,CALI,VIF,Juzgado_1_Familia,2024,70.34,1.35,5,0,445,0,3,8,2,458,327.75,Medio
EXP-10411,CALI,ALIMENTOS,Juzgado_3_Familia,2020,70.34,0.95,6,0,513,1,0,8,4,458,410.0,Medio
EXP-02438,CALI,HURTO_PATRIMONIAL,Comisaria_2_Familia,2024,70.34,0.9,6,0,537,1,1,8,1,457,445.0,Medio
EXP-11597,ZARZAL,HURTO_PATRIMONIAL,Comisaria_2_Familia,2023,1.12,0.9,8,1,499,1,1,41,1,457,445.0,Medio
EXP-00028,CALI,VIF,Juzgado_2_Familia,2022,70.34,1.2,8,0,503,1,3,8,3,456,309.0,Medio
EXP-00083,CALI,VIF,Juzgado_2_Familia,2023,70.34,1.2,8,0,479,1,3,8,3,456,309.0,Medio
EXP-00831,CALI,VIF,Juzgado_2_Familia,2022,70.34,1.2,9,0,512,1,3,8,3,456,309.0,Medio
EXP-01050,CALI,VIF,Juzgado_1_Familia,2023,70.34,1.35,6,0,529,1,3,8,2,456,327.75,Medio
EXP-03052,CALI,VIF,Juzgado_1_Familia,2023,70.34,1.35,6,0,426,0,3,8,2,456,327.75,Medio
EXP-04126,CALI,VIF,Juzgado_1_Familia,2023,70.34,1.35,6,0,490,1,3,8,2,456,327.75,Medio
EXP-04132,CALI,HURTO_PATRIMONIAL,Juzgado_3_Familia,2023,70.34,0.95,1,0,262,0,1,8,4,456,451.0,Medio
EXP-04591,CALI,HURTO_PATRIMONIAL,Juzgado_3_Familia,2023,70.34,0.95,1,0,480,1,1,8,4,456,451.0,Medio
EXP-04885,CALI,HURTO_PATRIMONIAL,Juzgado_3_Familia,2024,70.34,0.95,1,0,480,1,1,8,4,456,451.0,Medio
EXP-05504,CALI,VIF,Juzgado_1_Familia,2023,70.34,1.35,6,0,499,1,3,8,2,456,327.75,Medio
EXP-05686,CALI,VIF,Juzgado_1_Familia,2024,70.34,1.35,6,0,507,1,3,8,2,456,327.75,Medio
EXP-06341,CALI,HURTO_PATRIMONIAL,Juzgado_3_Familia,2020,70.34,0.95,1,0,476,1,1,8,4,456,451.0,Medio
EXP-06697,CALI,HURTO_PATRIMONIAL,Juzgado_3_Familia,2022,70.34,0.95,1,0,475,1,1,8,4,456,451.0,Medio
EXP-07198,CALI,HURTO_PATRIMONIAL,Juzgado_3_Familia,2024,70.34,0.95,1,0,443,1,1,8,4,456,451.0,Medio
EXP-08623,CALI,HURTO_PATRIMONIAL,Juzgado_3_Familia,2024,70.34,0.95,1,0,451,1,1,8,4,456,451.0,Medio
EXP-09172,CALI,HURTO_PATRIMONIAL,Juzgado_3_Familia,2020,70.34,0.95,2,0,503,1,1,8,4,456,451.0,Medio
EXP-09702,CALI,VIF,Juzgado_1_Familia,2023,70.34,1.35,6,0,498,1,3,8,2,456,327.75,Medio
EXP-11662,CALI,VIF,Juzgado_1_Familia,2023,70.34,1.35,6,0,519,1,3,8,2,456,327.75,Medio
EXP-11774,CALI,HURTO_PATRIMONIAL,Juzgado_3_Familia,2023,70.34,0.95,1,0,478,1,1,8,4,456,451.0,Medio
EXP-11931,CALI,HURTO_PATRIMONIAL,Juzgado_3_Familia,2024,70.34,0.95,1,0,503,1,1,8,4,456,451.0,Medio
EXP-01858,CALI,ALIMENTOS,Juzgado_Penal_Municipal_2,2023,70.34,1.05,2,0,341,0,0,8,6,455,439.0,Medio
EXP-02497,TRUJILLO,HURTO_PATRIMONIAL,Comisaria_2_Familia,2022,0.225,0.9,9,1,477,1,1,35,1,455,445.0,Medio
EXP-03137,CALI,HURTO_PATRIMONIAL,Juzgado_3_Familia,2021,70.34,0.95,2,0,280,0,1,8,4,455,451.0,Medio
EXP-04131,CALI,VIF,Juzgado_2_Familia,2023,70.34,1.2,16,0,514,1,3,8,3,455,309.0,Medio
EXP-04200,CALI,HURTO_PATRIMONIAL,Juzgado_3_Familia,2021,70.34,0.95,1,0,481,1,1,8,4,455,451.0,Medio
EXP-05804,CALI,SUSTANCIAS,Juzgado_1_Familia,2023,70.34,1.35,1,0,475,1,2,8,2,455,333.0,Medio
EXP-05850,CALI,ALIMENTOS,Juzgado_Penal_Municipal_2,2024,70.34,1.05,2,0,467,1,0,8,6,455,439.0,Medio
EXP-06145,CALI,ALIMENTOS,Juzgado_Penal_Municipal_2,2024,70.34,1.05,2,0,457,1,0,8,6,455,439.0,Medio
EXP-06384,CALI,SUSTANCIAS,Juzgado_2_Familia,2023,70.34,1.2,7,0,363,0,2,8,3,455,319.0,Medio
EXP-08828,CALI,SUSTANCIAS,Juzgado_1_Familia,2024,70.34,1.35,1,0,462,1,2,8,2,455,333.0,Medio
EXP-08998,CALI,SUSTANCIAS,Juzgado_2_Familia,2024,70.34,1.2,7,0,509,1,2,8,3,455,319.0,Medio
EXP-10253,CALI,HURTO_PATRIMONIAL,Juzgado_3_Familia,2021,70.34,0.95,1,0,516,1,1,8,4,455,451.0,Medio
EXP-10393,CALI,VIF,Juzgado_1_Familia,2023,70.34,1.35,15,0,368,0,3,8,2,455,327.75,Medio
EXP-11786,CALI,ALIMENTOS,Juzgado_Penal_Municipal_2,2024,70.34,1.05,2,0,244,0,0,8,6,455,439.0,Medio
EXP-00442,CALI,ALIMENTOS,Juzgado_Penal_Municipal_2,2024,70.34,1.05,1,0,426,1,0,8,6,454,439.0,Medio
EXP-00634,GUADALAJARA DE BUGA,HURTO_PATRIMONIAL,Juzgado_3_Familia,2024,6.6,0.95,8,1,394,0,1,20,4,454,451.0,Medio
EXP-02153,CALI,HURTO_PATRIMONIAL,Juzgado_3_Familia,2022,70.34,0.95,2,0,552,1,1,8,4,454,451.0,Medio
EXP-02543,CALI,ALIMENTOS,Juzgado_Penal_Municipal_2,2024,70.34,1.05,1,0,452,1,0,8,6,454,439.0,Medio
EXP-03415,CALI,ALIMENTOS,Juzgado_Penal_Municipal_2,2023,70.34,1.05,1,0,449,1,0,8,6,454,439.0,Medio
EXP-03640,PALMIRA,HURTO_PATRIMONIAL,Juzgado_3_Familia,2021,11.54,0.95,7,1,476,1,1,26,4,454,451.0,Medio
EXP-04289,GUADALAJARA DE BUGA,ALIMENTOS,Juzgado_Penal_Municipal_2,2023,6.6,1.05,11,1,517,1,0,20,6,454,439.0,Medio
EXP-04575,CALI,ALIMENTOS,Juzgado_Penal_Municipal_2,2024,70.34,1.05,1,0,475,1,0,8,6,454,439.0,Medio
EXP-05374,CALI,ALIMENTOS,Juzgado_Penal_Municipal_2,2023,70.34,1.05,1,0,465,1,0,8,6,454,439.0,Medio
EXP-06382,CALI,ALIMENTOS,Juzgado_Penal_Municipal_2,2023,70.34,1.05,1,0,507,1,0,8,6,454,439.0,Medio
EXP-06700,CALI,ALIMENTOS,Juzgado_Penal_Municipal_2,2024,70.34,1.05,1,0,475,1,0,8,6,454,439.0,Medio
EXP-08845,CALI,ALIMENTOS,Juzgado_Penal_Municipal_2,2024,70.34,1.05,1,0,479,1,0,8,6,454,439.0,Medio
EXP-08858,CALI,ALIMENTOS,Juzgado_Penal_Municipal_2,2024,70.34,1.05,1,0,445,1,0,8,6,454,439.0,Medio
EXP-09221,CALI,ALIMENTOS,Juzgado_Penal_Municipal_2,2023,70.34,1.05,1,0,493,1,0,8,6,454,439.0,Medio
EXP-09430,CALI,HURTO_PATRIMONIAL,Juzgado_3_Familia,2022,70.34,0.95,2,0,507,1,1,8,4,454,451.0,Medio
EXP-10778,CALI,ALIMENTOS,Juzgado_Penal_Municipal_2,2024,70.34,1.05,1,0,464,1,0,8,6,454,439.0,Medio
EXP-11203,CALI,ALIMENTOS,Juzgado_Penal_Municipal_2,2024,70.34,1.05,1,0,486,1,0,8,6,454,439.0,Medio
EXP-11679,CALI,ALIMENTOS,Juzgado_Penal_Municipal_2,2023,70.34,1.05,1,0,451,1,0,8,6,454,439.0,Medio
EXP-00451,CALI,ALIMENTOS,Juzgado_3_Familia,2023,70.34,0.95,5,0,475,1,0,8,4,453,410.0,Medio
EXP-01676,CALI,ALIMENTOS,Juzgado_Penal_Municipal_2,2022,70.34,1.05,2,0,234,0,0,8,6,453,439.0,Medio
EXP-01721,CALI,ALIMENTOS,Juzgado_3_Familia,2024,70.34,0.95,5,0,450,1,0,8,4,453,410.0,Medio
EXP-03741,FLORIDA,HURTO_PATRIMONIAL,Comisaria_2_Familia,2024,0.8,0.9,9,1,313,0,1,17,1,453,445.0,Medio
EXP-05580,CALI,HURTO_PATRIMONIAL,Juzgado_3_Familia,2024,70.34,0.95,2,0,517,1,1,8,4,453,451.0,Medio
EXP-05735,CALI,ALIMENTOS,Juzgado_3_Familia,2023,70.34,0.95,5,0,500,1,0,8,4,453,410.0,Medio
EXP-06462,CALI,ALIMENTOS,Juzgado_3_Familia,2023,70.34,0.95,5,0,516,1,0,8,4,453,410.0,Medio
EXP-06866,DAGUA,ALIMENTOS,Juzgado_Penal_Municipal_2,2023,1.3666666666666665,1.05,12,1,494,1,0,12,6,453,439.0,Medio
EXP-00613,CALI,VIF,Juzgado_1_Familia,2024,70.34,1.35,4,0,483,1,3,8,2,452,327.75,Medio
EXP-00656,CALI,VIF,Juzgado_1_Familia,2024,70.34,1.35,4,0,489,1,3,8,2,452,327.75,Medio
EXP-01365,CALI,VIF,Juzgado_1_Familia,2024,70.34,1.35,4,0,278,0,3,8,2,452,327.75,Medio
EXP-01967,CALI,ALIMENTOS,Juzgado_Penal_Municipal_2,2022,70.34,1.05,1,0,488,1,0,8,6,452,439.0,Medio
EXP-02712,CALI,VIF,Juzgado_1_Familia,2023,70.34,1.35,4,0,462,1,3,8,2,452,327.75,Medio
EXP-03476,CALI,VIF,Juzgado_1_Familia,2023,70.34,1.35,4,0,470,0,3,8,2,452,327.75,Medio
EXP-03817,CALI,VIF,Juzgado_1_Familia,2023,70.34,1.35,4,0,390,0,3,8,2,452,327.75,Medio
EXP-03996,CALI,VIF,Juzgado_1_Familia,2023,70.34,1.35,4,0,485,1,3,8,2,452,327.75,Medio
EXP-04645,CALI,VIF,Juzgado_1_Familia,2024,70.34,1.35,4,0,492,1,3,8,2,452,327.75,Medio
EXP-05173,CALI,VIF,Juzgado_1_Familia,2024,70.34,1.35,4,0,508,1,3,8,2,452,327.75,Medio
EXP-06125,CALI,ALIMENTOS,Juzgado_Penal_Municipal_2,2022,70.34,1.05,1,0,480,1,0,8,6,452,439.0,Medio
EXP-08329,JAMUNDI,ALIMENTOS,Comisaria_2_Familia,2021,2.64,0.9,15,1,464,1,0,21,1,452,406.0,Medio
EXP-09046,GINEBRA,HURTO_PATRIMONIAL,Comisaria_2_Familia,2022,0.6,0.9,10,1,508,1,1,18,1,452,445.0,Medio
EXP-09467,CALI,ALIMENTOS,Juzgado_Penal_Municipal_2,2022,70.34,1.05,1,0,521,1,0,8,6,452,439.0,Medio
EXP-10461,CALI,VIF,Juzgado_1_Familia,2024,70.34,1.35,4,0,478,1,3,8,2,452,327.75,Medio
EXP-11160,CALI,ALIMENTOS,Comisaria_2_Familia,2024,70.34,0.9,7,0,524,1,0,8,1,452,406.0,Medio
EXP-02785,CALI,VIF,Juzgado_2_Familia,2021,70.34,1.2,7,0,474,1,3,8,3,451,309.0,Medio
EXP-03555,CALI,VIF,Juzgado_2_Familia,2021,70.34,1.2,7,0,467,1,3,8,3,451,309.0,Medio
EXP-03665,CALI,VIF,Juzgado_2_Familia,2021,70.34,1.2,7,0,480,1,3,8,3,451,309.0,Medio
EXP-06645,CALI,VIF,Juzgado_1_Familia,2021,70.34,1.35,4,0,468,1,3,8,2,451,327.75,Medio
EXP-08041,CALI,SUSTANCIAS,Juzgado_1_Familia,2021,70.34,1.35,1,0,460,1,2,8,2,451,333.0,Medio
EXP-08957,CALI,VIF,Juzgado_2_Familia,2021,70.34,1.2,7,0,471,1,3,8,3,451,309.0,Medio
EXP-09643,CALI,HURTO_PATRIMONIAL,Comisaria_2_Familia,2020,70.34,0.9,4,0,201,0,1,8,1,451,445.0,Medio
EXP-10635,ZARZAL,ALIMENTOS,Juzgado_Penal_Municipal_2,2024,1.12,1.05,11,1,459,1,0,41,6,451,439.0,Medio
EXP-06062,CALI,VIF,Juzgado_1_Familia,2020,70.34,1.35,4,0,496,1,3,8,2,450,327.75,Medio
EXP-06943,CALI,ALIMENTOS,Juzgado_3_Familia,2023,70.34,0.95,6,0,213,0,0,8,4,450,410.0,Medio
EXP-01412,CALI,ALIMENTOS,Juzgado_Penal_Municipal_2,2021,70.34,1.05,1,0,453,1,0,8,6,448,439.0,Medio
EXP-02964,DAGUA,ALIMENTOS,Juzgado_Penal_Municipal_2,2024,1.3666666666666665,1.05,11,1,430,1,0,12,6,448,439.0,Medio
EXP-03980,CALI,ALIMENTOS,Juzgado_Penal_Municipal_2,2021,70.34,1.05,1,0,237,0,0,8,6,448,439.0,Medio
EXP-07981,CALI,ALIMENTOS,Juzgado_Penal_Municipal_2,2020,70.34,1.05,2,0,484,1,0,8,6,448,439.0,Medio
EXP-00113,CALI,HURTO_PATRIMONIAL,Comisaria_2_Familia,2022,70.34,0.9,4,0,473,1,1,8,1,447,445.0,Medio
EXP-00338,CALI,VIF,Juzgado_Penal_Municipal_1,2021,70.34,1.25,7,0,488,1,3,8,5,447,300.0,Medio
EXP-00483,CALI,HURTO_PATRIMONIAL,Comisaria_2_Familia,2022,70.34,0.9,4,0,439,1,1,8,1,447,445.0,Medio
EXP-00946,CALI,HURTO_PATRIMONIAL,Comisaria_2_Familia,2022,70.34,0.9,4,0,314,0,1,8,1,447,445.0,Medio
EXP-07245,CALI,HURTO_PATRIMONIAL,Comisaria_2_Familia,2021,70.34,0.9,3,0,523,1,1,8,1,447,445.0,Medio
EXP-08378,CALI,ALIMENTOS,Juzgado_Penal_Municipal_2,2020,70.34,1.05,1,0,437,1,0,8,6,447,439.0,Medio
EXP-10503,CALI,HURTO_PATRIMONIAL,Comisaria_2_Familia,2022,70.34,0.9,4,0,518,1,1,8,1,447,445.0,Medio
EXP-00240,CALI,ALIMENTOS,Comisaria_2_Familia,2020,70.34,0.9,6,0,523,1,0,8,1,446,406.0,Medio
EXP-00778,CALI,SUSTANCIAS,Juzgado_Penal_Municipal_1,2023,70.34,1.25,5,0,466,1,2,8,5,446,332.0,Medio
EXP-00842,CAICEDONIA,ALIMENTOS,Juzgado_Penal_Municipal_2,2024,1.28,1.05,11,1,498,1,0,7,6,446,439.0,Medio
EXP-01270,CALI,SUSTANCIAS,Juzgado_Penal_Municipal_1,2024,70.34,1.25,5,0,506,1,2,8,5,446,332.0,Medio
EXP-02723,PALMIRA,ALIMENTOS,Juzgado_Penal_Municipal_2,2022,11.54,1.05,12,1,285,0,0,26,6,446,439.0,Medio
EXP-05618,CALI,ALIMENTOS,Comisaria_2_Familia,2020,70.34,0.9,6,0,446,1,0,8,1,446,406.0,Medio
EXP-10133,CALI,ALIMENTOS,Comisaria_2_Familia,2020,70.34,0.9,6,0,471,1,0,8,1,446,406.0,Medio
EXP-11278,CALI,ALIMENTOS,Comisaria_2_Familia,2020,70.34,0.9,6,0,462,1,0,8,1,446,406.0,Medio
EXP-01870,CALI,VIF,Juzgado_1_Familia,2023,70.34,1.35,2,0,447,1,3,8,2,445,327.75,Medio
EXP-02842,CALI,VIF,Juzgado_1_Familia,2024,70.34,1.35,2,0,450,1,3,8,2,445,327.75,Medio
EXP-03810,CALI,VIF,Juzgado_1_Familia,2023,70.34,1.35,2,0,480,1,3,8,2,445,327.75,Medio
EXP-05120,CALI,VIF,Juzgado_1_Familia,2022,70.34,1.35,5,0,469,1,3,8,2,445,327.75,Medio
EXP-05287,CALI,VIF,Juzgado_1_Familia,2022,70.34,1.35,5,0,515,1,3,8,2,445,327.75,Medio
EXP-05391,CALI,VIF,Juzgado_1_Familia,2023,70.34,1.35,2,0,458,1,3,8,2,445,327.75,Medio
EXP-05548,CALI,VIF,Juzgado_1_Familia,2024,70.34,1.35,2,0,451,1,3,8,2,445,327.75,Medio
EXP-05700,CALI,VIF,Juzgado_1_Familia,2024,70.34,1.35,2,0,272,0,3,8,2,445,327.75,Medio
EXP-08963,CALI,VIF,Juzgado_1_Familia,2022,70.34,1.35,5,0,235,0,3,8,2,445,327.75,Medio
EXP-09612,CALI,VIF,Juzgado_1_Familia,2024,70.34,1.35,2,0,462,1,3,8,2,445,327.75,Medio
EXP-11238,CALI,VIF,Juzgado_1_Familia,2022,70.34,1.35,5,0,501,1,3,8,2,445,327.75,Medio
EXP-11513,CALI,VIF,Juzgado_1_Familia,2023,70.34,1.35,2,0,451,1,3,8,2,445,327.75,Medio
EXP-11976,CALI,VIF,Juzgado_1_Familia,2024,70.34,1.35,2,0,476,1,3,8,2,445,327.75,Medio
EXP-01080,CALI,VIF,Juzgado_1_Familia,2021,70.34,1.35,2,0,464,1,3,8,2,444,327.75,Medio
EXP-01643,PALMIRA,ALIMENTOS,Juzgado_Penal_Municipal_2,2023,11.54,1.05,8,1,504,1,0,26,6,444,439.0,Medio
EXP-00036,CALI,ALIMENTOS,Comisaria_2_Familia,2020,70.34,0.9,5,0,472,1,0,8,1,443,406.0,Medio
EXP-00323,CALI,VIF,Juzgado_1_Familia,2021,70.34,1.35,3,0,452,1,3,8,2,443,327.75,Medio
EXP-00784,CALI,VIF,Juzgado_1_Familia,2022,70.34,1.35,6,0,321,0,3,8,2,443,327.75,Medio
EXP-02035,CALI,VIF,Juzgado_1_Familia,2021,70.34,1.35,3,0,459,1,3,8,2,443,327.75,Medio
EXP-03903,CALI,VIF,Juzgado_1_Familia,2021,70.34,1.35,3,0,461,1,3,8,2,443,327.75,Medio
EXP-07842,CALI,VIF,Juzgado_1_Familia,2021,70.34,1.35,3,0,457,1,3,8,2,443,327.75,Medio
EXP-00294,CALI,VIF,Juzgado_Penal_Municipal_1,2023,70.34,1.25,7,0,490,1,3,8,5,442,300.0,Medio
EXP-00851,EL CAIRO,ALIMENTOS,Juzgado_Penal_Municipal_2,2022,0.1,1.05,8,1,496,1,0,14,6,442,439.0,Medio
EXP-01368,CALI,VIF,Juzgado_1_Familia,2024,70.34,1.35,3,0,441,1,3,8,2,442,327.75,Medio
EXP-02258,CALI,VIF,Juzgado_1_Familia,2024,70.34,1.35,3,0,469,1,3,8,2,442,327.75,Medio
EXP-02378,CALI,VIF,Juzgado_1_Familia,2024,70.34,1.35,3,0,460,1,3,8,2,442,327.75,Medio
EXP-03203,CALI,VIF,Juzgado_1_Familia,2023,70.34,1.35,3,0,467,1,3,8,2,442,327.75,Medio
EXP-04097,CALI,VIF,Juzgado_Penal_Municipal_1,2023,70.34,1.25,7,0,486,1,3,8,5,442,300.0,Medio
EXP-04286,CALI,VIF,Juzgado_1_Familia,2024,70.34,1.35,3,0,225,0,3,8,2,442,327.75,Medio
EXP-05359,CALI,VIF,Juzgado_1_Familia,2023,70.34,1.35,3,0,202,0,3,8,2,442,327.75,Medio
EXP-05998,CALI,VIF,Juzgado_1_Familia,2024,70.34,1.35,3,0,498,1,3,8,2,442,327.75,Medio
EXP-06681,CALI,VIF,Juzgado_1_Familia,2023,70.34,1.35,3,0,460,1,3,8,2,442,327.75,Medio
EXP-06777,CALI,VIF,Juzgado_1_Familia,2023,70.34,1.35,3,0,480,1,3,8,2,442,327.75,Medio
EXP-07504,TRUJILLO,ALIMENTOS,Juzgado_Penal_Municipal_2,2023,0.225,1.05,9,1,504,1,0,35,6,442,439.0,Medio
EXP-07579,CALI,VIF,Juzgado_1_Familia,2024,70.34,1.35,3,0,494,1,3,8,2,442,327.75,Medio
EXP-08495,PALMIRA,ALIMENTOS,Juzgado_Penal_Municipal_2,2022,11.54,1.05,9,1,445,1,0,26,6,442,439.0,Medio
EXP-09336,CALI,ALIMENTOS,Juzgado_3_Familia,2021,70.34,0.95,4,0,319,0,0,8,4,442,410.0,Medio
EXP-09408,CALI,ALIMENTOS,Juzgado_3_Familia,2021,70.34,0.95,4,0,464,1,0,8,4,442,410.0,Medio
EXP-09487,CALI,VIF,Juzgado_Penal_Municipal_1,2024,70.34,1.25,7,0,286,0,3,8,5,442,300.0,Medio
EXP-10049,PALMIRA,ALIMENTOS,Juzgado_3_Familia,2024,11.54,0.95,14,1,511,1,0,26,4,442,410.0,Medio
EXP-11573,CALI,VIF,Juzgado_1_Familia,2024,70.34,1.35,3,0,336,0,3,8,2,442,327.75,Medio
EXP-11749,RIOFRIO,ALIMENTOS,Juzgado_Penal_Municipal_2,2024,0.175,1.05,10,1,474,1,0,29,6,442,439.0,Medio
EXP-01516,CALI,VIF,Juzgado_1_Familia,2023,70.34,1.35,1,0,484,1,3,8,2,441,327.75,Medio
EXP-01642,CALI,ALIMENTOS,Juzgado_3_Familia,2022,70.34,0.95,4,0,470,1,0,8,4,441,410.0,Medio
EXP-02794,CALI,VIF,Juzgado_1_Familia,2020,70.34,1.35,3,0,445,1,3,8,2,441,327.75,Medio
EXP-03778,CALI,ALIMENTOS,Juzgado_3_Familia,2022,70.34,0.95,4,0,512,1,0,8,4,441,410.0,Medio
EXP-03812,CARTAGO,ALIMENTOS,Juzgado_Penal_Municipal_2,2023,5.56,1.05,9,1,486,1,0,11,6,441,439.0,Medio
EXP-04398,CALI,SUSTANCIAS,Juzgado_Penal_Municipal_1,2023,70.34,1.25,4,0,499,1,2,8,5,441,332.0,Medio
EXP-05598,CALI,VIF,Juzgado_1_Familia,2023,70.34,1.35,1,0,481,1,3,8,2,441,327.75,Medio
EXP-05674,CALI,VIF,Juzgado_1_Familia,2023,70.34,1.35,1,0,466,1,3,8,2,441,327.75,Medio
EXP-05831,CALI,ALIMENTOS,Juzgado_3_Familia,2023,70.34,0.95,4,0,467,1,0,8,4,441,410.0,Medio
EXP-06233,CALI,SUSTANCIAS,Juzgado_Penal_Municipal_1,2023,70.34,1.25,4,0,536,1,2,8,5,441,332.0,Medio
EXP-06660,CALI,ALIMENTOS,Juzgado_3_Familia,2022,70.34,0.95,4,0,446,1,0,8,4,441,410.0,Medio
EXP-06990,CALI,VIF,Juzgado_1_Familia,2023,70.34,1.35,1,0,451,1,3,8,2,441,327.75,Medio
EXP-07840,CALI,ALIMENTOS,Juzgado_3_Familia,2022,70.34,0.95,4,0,449,1,0,8,4,441,410.0,Medio
EXP-08407,CALI,SUSTANCIAS,Juzgado_Penal_Municipal_1,2024,70.34,1.25,4,0,490,1,2,8,5,441,332.0,Medio
EXP-10288,CALI,ALIMENTOS,Juzgado_3_Familia,2022,70.34,0.95,4,0,517,1,0,8,4,441,410.0,Medio
EXP-10548,CALI,VIF,Juzgado_1_Familia,2024,70.34,1.35,1,0,491,1,3,8,2,441,327.75,Medio
EXP-10655,CALI,ALIMENTOS,Juzgado_3_Familia,2023,70.34,0.95,4,0,413,1,0,8,4,441,410.0,Medio
EXP-10733,CALI,VIF,Juzgado_1_Familia,2024,70.34,1.35,1,0,421,1,3,8,2,441,327.75,Medio
EXP-10824,CALI,ALIMENTOS,Juzgado_3_Familia,2024,70.34,0.95,4,0,462,1,0,8,4,441,410.0,Medio
EXP-10995,CALI,SUSTANCIAS,Juzgado_Penal_Municipal_1,2024,70.34,1.25,4,0,492,1,2,8,5,441,332.0,Medio
EXP-11345,CALI,VIF,Juzgado_1_Familia,2023,70.34,1.35,1,0,494,1,3,8,2,441,327.75,Medio
EXP-11853,CALI,ALIMENTOS,Juzgado_3_Familia,2022,70.34,0.95,4,0,454,1,0,8,4,441,410.0,Medio
EXP-07710,CALI,VIF,Juzgado_2_Familia,2024,70.34,1.2,7,0,461,1,3,8,3,440,309.0,Medio
EXP-08238,CALI,VIF,Juzgado_2_Familia,2023,70.34,1.2,7,0,281,0,3,8,3,440,309.0,Medio
EXP-08406,CALI,VIF,Juzgado_2_Familia,2023,70.34,1.2,7,0,499,1,3,8,3,440,309.0,Medio
EXP-01228,CALI,VIF,Juzgado_2_Familia,2022,70.34,1.2,7,0,509,1,3,8,3,439,309.0,Medio
EXP-02327,CALI,VIF,Juzgado_1_Familia,2022,70.34,1.35,4,0,459,1,3,8,2,439,327.75,Medio
EXP-03567,CALI,VIF,Juzgado_2_Familia,2022,70.34,1.2,7,0,474,1,3,8,3,439,309.0,Medio
EXP-05192,CALI,VIF,Juzgado_1_Familia,2022,70.34,1.35,4,0,250,0,3,8,2,439,327.75,Medio
EXP-05589,CALI,VIF,Juzgado_2_Familia,2022,70.34,1.2,7,0,488,1,3,8,3,439,309.0,Medio
EXP-10071,CALI,SUSTANCIAS,Juzgado_2_Familia,2023,70.34,1.2,6,0,445,1,2,8,3,439,319.0,Medio
EXP-00007,CALI,ALIMENTOS,Comisaria_2_Familia,2022,70.34,0.9,5,0,462,1,0,8,1,438,406.0,Medio
EXP-01600,CALI,ALIMENTOS,Juzgado_3_Familia,2024,70.34,0.95,3,0,462,1,0,8,4,438,410.0,Medio
EXP-05057,CALI,ALIMENTOS,Juzgado_3_Familia,2020,70.34,0.95,3,0,499,1,0,8,4,438,410.0,Medio
EXP-05196,CALI,ALIMENTOS,Juzgado_3_Familia,2020,70.34,0.95,3,0,487,1,0,8,4,438,410.0,Medio
EXP-05891,CALI,ALIMENTOS,Juzgado_3_Familia,2021,70.34,0.95,3,0,463,1,0,8,4,438,410.0,Medio
EXP-08777,CALI,ALIMENTOS,Juzgado_3_Familia,2024,70.34,0.95,3,0,446,1,0,8,4,438,410.0,Medio
EXP-09663,CALI,ALIMENTOS,Comisaria_2_Familia,2022,70.34,0.9,6,0,431,1,0,8,1,438,406.0,Medio
EXP-11382,CALI,ALIMENTOS,Juzgado_3_Familia,2023,70.34,0.95,3,0,493,1,0,8,4,438,410.0,Medio
EXP-02583,CALI,VIF,Juzgado_1_Familia,2020,70.34,1.35,1,0,462,1,3,8,2,437,327.75,Medio
EXP-03459,CALI,SUSTANCIAS,Juzgado_2_Familia,2020,70.34,1.2,4,0,455,1,2,8,3,437,319.0,Medio
EXP-03471,CALI,ALIMENTOS,Juzgado_3_Familia,2022,70.34,0.95,3,0,466,1,0,8,4,437,410.0,Medio
EXP-03666,CALI,VIF,Juzgado_1_Familia,2021,70.34,1.35,1,0,455,1,3,8,2,437,327.75,Medio
EXP-04246,CALI,ALIMENTOS,Juzgado_3_Familia,2022,70.34,0.95,3,0,444,1,0,8,4,437,410.0,Medio
EXP-04910,CALI,VIF,Juzgado_2_Familia,2022,70.34,1.2,14,0,275,0,3,8,3,437,309.0,Medio
EXP-05083,CALI,VIF,Juzgado_1_Familia,2021,70.34,1.35,1,0,489,1,3,8,2,437,327.75,Medio
EXP-05439,CALI,ALIMENTOS,Comisaria_2_Familia,2024,70.34,0.9,5,0,451,1,0,8,1,437,406.0,Medio
EXP-05510,CALI,VIF,Juzgado_1_Familia,2021,70.34,1.35,1,0,457,1,3,8,2,437,327.75,Medio
EXP-06287,CALI,ALIMENTOS,Comisaria_2_Familia,2024,70.34,0.9,5,0,454,1,0,8,1,437,406.0,Medio
EXP-07813,CALI,ALIMENTOS,Comisaria_2_Familia,2024,70.34,0.9,5,0,457,1,0,8,1,437,406.0,Medio
EXP-08065,CALI,ALIMENTOS,Juzgado_3_Familia,2022,70.34,0.95,3,0,430,1,0,8,4,437,410.0,Medio
EXP-09029,CALI,VIF,Juzgado_1_Familia,2020,70.34,1.35,1,0,450,1,3,8,2,437,327.75,Medio
EXP-09047,CALI,SUSTANCIAS,Juzgado_Penal_Municipal_1,2023,70.34,1.25,3,0,444,1,2,8,5,437,332.0,Medio
EXP-09988,CALI,ALIMENTOS,Comisaria_2_Familia,2023,70.34,0.9,5,0,447,1,0,8,1,437,406.0,Medio
EXP-10782,CALI,SUSTANCIAS,Juzgado_2_Familia,2020,70.34,1.2,4,0,472,1,2,8,3,437,319.0,Medio
EXP-02485,CALI,SUSTANCIAS,Juzgado_2_Familia,2023,70.34,1.2,4,0,456,1,2,8,3,435,319.0,Medio
EXP-02779,CALI,ALIMENTOS,Comisaria_2_Familia,2024,70.34,0.9,6,0,445,1,0,8,1,435,406.0,Medio
EXP-01013,CALI,SUSTANCIAS,Juzgado_Penal_Municipal_1,2024,70.34,1.25,2,0,420,0,2,8,5,434,332.0,Medio
EXP-02295,CALI,SUSTANCIAS,Juzgado_Penal_Municipal_1,2021,70.34,1.25,3,0,499,1,2,8,5,434,332.0,Medio
EXP-02381,CALI,SUSTANCIAS,Juzgado_Penal_Municipal_1,2021,70.34,1.25,3,0,444,1,2,8,5,434,332.0,Medio
EXP-04659,CALI,SUSTANCIAS,Juzgado_Penal_Municipal_1,2023,70.34,1.25,2,0,502,1,2,8,5,434,332.0,Medio
EXP-05049,CALI,VIF,Juzgado_1_Familia,2022,70.34,1.35,2,0,487,1,3,8,2,434,327.75,Medio
EXP-06199,CALI,SUSTANCIAS,Juzgado_Penal_Municipal_1,2024,70.34,1.25,2,0,476,1,2,8,5,434,332.0,Medio
EXP-07591,CALI,SUSTANCIAS,Juzgado_Penal_Municipal_1,2021,70.34,1.25,3,0,391,0,2,8,5,434,332.0,Medio
EXP-07621,CALI,VIF,Juzgado_1_Familia,2022,70.34,1.35,2,0,203,0,3,8,2,434,327.75,Medio
EXP-00500,CALI,SUSTANCIAS,Juzgado_Penal_Municipal_1,2024,70.34,1.25,1,0,480,1,2,8,5,433,332.0,Medio
EXP-01229,CALI,SUSTANCIAS,Juzgado_2_Familia,2022,70.34,1.2,6,0,493,1,2,8,3,433,319.0,Medio
EXP-02136,CANDELARIA,ALIMENTOS,Juzgado_3_Familia,2023,3.08,0.95,15,1,281,0,0,10,4,433,410.0,Medio
EXP-02234,CALI,SUSTANCIAS,Juzgado_Penal_Municipal_1,2024,70.34,1.25,1,0,479,1,2,8,5,433,332.0,Medio
EXP-07765,CALI,SUSTANCIAS,Juzgado_Penal_Municipal_1,2024,70.34,1.25,1,0,330,0,2,8,5,433,332.0,Medio
EXP-08052,CALI,VIF,Juzgado_2_Familia,2021,70.34,1.2,5,0,463,1,3,8,3,433,309.0,Medio
EXP-08384,CALI,VIF,Juzgado_2_Familia,2021,70.34,1.2,5,0,398,0,3,8,3,433,309.0,Medio
EXP-09659,CALI,SUSTANCIAS,Juzgado_Penal_Municipal_1,2023,70.34,1.25,1,0,480,1,2,8,5,433,332.0,Medio
EXP-09831,CALI,SUSTANCIAS,Juzgado_2_Familia,2023,70.34,1.2,3,0,480,1,2,8,3,433,319.0,Medio
EXP-10184,CALI,SUSTANCIAS,Juzgado_Penal_Municipal_1,2023,70.34,1.25,1,0,462,1,2,8,5,433,332.0,Medio
EXP-10737,CALI,SUSTANCIAS,Juzgado_2_Familia,2024,70.34,1.2,3,0,344,0,2,8,3,433,319.0,Medio
EXP-11439,CALI,SUSTANCIAS,Comisaria_1_Familia,2024,70.34,1.1,5,0,457,1,2,8,0,433,293.0,Medio
EXP-11559,CALI,SUSTANCIAS,Comisaria_1_Familia,2024,70.34,1.1,5,0,476,1,2,8,0,433,293.0,Medio
EXP-11979,CALI,SUSTANCIAS,Juzgado_2_Familia,2022,70.34,1.2,6,0,338,0,2,8,3,433,319.0,Medio
EXP-04012,CALI,SUSTANCIAS,Juzgado_Penal_Municipal_1,2022,70.34,1.25,6,0,315,0,2,8,5,432,332.0,Medio
EXP-01759,CALI,VIF,Juzgado_2_Familia,2020,70.34,1.2,5,0,463,1,3,8,3,431,309.0,Medio
EXP-04920,CALI,SUSTANCIAS,Comisaria_1_Familia,2024,70.34,1.1,6,0,220,0,2,8,0,431,293.0,Medio
EXP-07616,CALI,VIF,Juzgado_2_Familia,2021,70.34,1.2,6,0,508,1,3,8,3,431,309.0,Medio
EXP-09816,CARTAGO,ALIMENTOS,Juzgado_3_Familia,2020,5.56,0.95,11,1,461,1,0,11,4,431,410.0,Medio
EXP-00364,CALI,ALIMENTOS,Juzgado_3_Familia,2024,70.34,0.95,1,0,360,0,0,8,4,430,410.0,Medio
EXP-00532,CALI,ALIMENTOS,Juzgado_3_Familia,2023,70.34,0.95,1,0,451,1,0,8,4,430,410.0,Medio
EXP-00573,CALI,SUSTANCIAS,Comisaria_1_Familia,2021,70.34,1.1,4,0,485,1,2,8,0,430,293.0,Medio
EXP-01742,CALI,ALIMENTOS,Juzgado_3_Familia,2024,70.34,0.95,1,0,468,1,0,8,4,430,410.0,Medio
EXP-01774,CALI,ALIMENTOS,Juzgado_3_Familia,2024,70.34,0.95,1,0,438,1,0,8,4,430,410.0,Medio
EXP-02772,CALI,ALIMENTOS,Juzgado_3_Familia,2023,70.34,0.95,1,0,434,1,0,8,4,430,410.0,Medio
EXP-05076,CALI,ALIMENTOS,Juzgado_3_Familia,2024,70.34,0.95,1,0,454,1,0,8,4,430,410.0,Medio
EXP-05100,CALI,VIF,Juzgado_1_Familia,2022,70.34,1.35,3,0,277,0,3,8,2,430,327.75,Medio
EXP-06165,CALI,VIF,Juzgado_1_Familia,2022,70.34,1.35,3,0,481,1,3,8,2,430,327.75,Medio
EXP-07901,CALI,SUSTANCIAS,Comisaria_1_Familia,2022,70.34,1.1,5,0,228,0,2,8,0,430,293.0,Medio
EXP-08360,CALI,VIF,Juzgado_1_Familia,2022,70.34,1.35,1,0,462,1,3,8,2,430,327.75,Medio
EXP-09135,CALI,ALIMENTOS,Juzgado_3_Familia,2023,70.34,0.95,1,0,439,1,0,8,4,430,410.0,Medio
EXP-09459,CALI,ALIMENTOS,Juzgado_3_Familia,2024,70.34,0.95,1,0,420,1,0,8,4,430,410.0,Medio
EXP-10536,CALI,ALIMENTOS,Juzgado_3_Familia,2024,70.34,0.95,1,0,414,1,0,8,4,430,410.0,Medio
EXP-11506,CALI,ALIMENTOS,Juzgado_3_Familia,2023,70.34,0.95,1,0,460,1,0,8,4,430,410.0,Medio
EXP-00147,CALI,VIF,Juzgado_Penal_Municipal_1,2023,70.34,1.25,5,0,477,1,3,8,5,429,300.0,Medio
EXP-00902,CALI,VIF,Juzgado_Penal_Municipal_1,2024,70.34,1.25,5,0,474,1,3,8,5,429,300.0,Medio
EXP-03617,CALI,ALIMENTOS,Juzgado_3_Familia,2022,70.34,0.95,1,0,442,1,0,8,4,429,410.0,Medio
EXP-03706,CALI,SUSTANCIAS,Comisaria_1_Familia,2020,70.34,1.1,3,0,469,1,2,8,0,429,293.0,Medio
EXP-04904,CALI,VIF,Juzgado_Penal_Municipal_1,2024,70.34,1.25,5,0,452,1,3,8,5,429,300.0,Medio
EXP-05210,CALI,ALIMENTOS,Juzgado_3_Familia,2022,70.34,0.95,1,0,468,1,0,8,4,429,410.0,Medio
EXP-05963,CALI,VIF,Juzgado_Penal_Municipal_1,2023,70.34,1.25,5,0,505,1,3,8,5,429,300.0,Medio
EXP-06983,CALI,VIF,Juzgado_2_Familia,2024,70.34,1.2,14,0,525,1,3,8,3,429,309.0,Medio
EXP-08685,CALI,VIF,Juzgado_Penal_Municipal_1,2024,70.34,1.25,5,0,481,1,3,8,5,429,300.0,Medio
EXP-11304,CALI,ALIMENTOS,Juzgado_3_Familia,2022,70.34,0.95,1,0,445,1,0,8,4,429,410.0,Medio
EXP-11859,CALI,ALIMENTOS,Juzgado_3_Familia,2022,70.34,0.95,1,0,461,1,0,8,4,429,410.0,Medio
EXP-06284,CALI,SUSTANCIAS,Comisaria_1_Familia,2021,70.34,1.1,3,0,463,1,2,8,0,428,293.0,Medio
EXP-11263,CALI,VIF,Juzgado_Penal_Municipal_1,2020,70.34,1.25,5,0,438,1,3,8,5,428,300.0,Medio
EXP-01007,CALI,VIF,Juzgado_Penal_Municipal_1,2021,70.34,1.25,6,0,236,0,3,8,5,427,300.0,Medio
EXP-02115,CALI,VIF,Comisaria_1_Familia,2024,70.34,1.1,7,0,450,1,3,8,0,427,286.0,Medio
EXP-03112,CALI,VIF,Juzgado_2_Familia,2023,70.34,1.2,5,0,473,1,3,8,3,427,309.0,Medio
EXP-04260,CALI,VIF,Juzgado_2_Familia,2024,70.34,1.2,5,0,461,1,3,8,3,427,309.0,Medio
EXP-04516,CALI,VIF,Juzgado_2_Familia,2024,70.34,1.2,5,0,465,1,3,8,3,427,309.0,Medio
EXP-05233,CALI,VIF,Juzgado_2_Familia,2024,70.34,1.2,5,0,469,1,3,8,3,427,309.0,Medio
EXP-06019,CALI,SUSTANCIAS,Juzgado_2_Familia,2022,70.34,1.2,3,0,452,1,2,8,3,427,319.0,Medio
EXP-06587,CALI,VIF,Comisaria_1_Familia,2024,70.34,1.1,7,0,305,0,3,8,0,427,286.0,Medio
EXP-02000,CALI,ALIMENTOS,Juzgado_3_Familia,2023,70.34,0.95,2,0,473,1,0,8,4,426,410.0,Medio
EXP-02126,CALI,ALIMENTOS,Juzgado_3_Familia,2021,70.34,0.95,1,0,440,1,0,8,4,426,410.0,Medio
EXP-02244,CALI,ALIMENTOS,Juzgado_3_Familia,2023,70.34,0.95,2,0,208,0,0,8,4,426,410.0,Medio
EXP-03040,CALI,VIF,Juzgado_Penal_Municipal_1,2024,70.34,1.25,6,0,280,0,3,8,5,426,300.0,Medio
EXP-04258,CALI,SUSTANCIAS,Juzgado_Penal_Municipal_1,2022,70.34,1.25,3,0,322,0,2,8,5,426,332.0,Medio
EXP-04391,CALI,VIF,Juzgado_Penal_Municipal_1,2024,70.34,1.25,6,0,495,1,3,8,5,426,300.0,Medio
EXP-04494,CALI,ALIMENTOS,Juzgado_3_Familia,2024,70.34,0.95,2,0,410,1,0,8,4,426,410.0,Medio
EXP-04618,CALI,ALIMENTOS,Juzgado_3_Familia,2021,70.34,0.95,1,0,465,1,0,8,4,426,410.0,Medio
EXP-05581,CALI,ALIMENTOS,Juzgado_3_Familia,2024,70.34,0.95,2,0,458,1,0,8,4,426,410.0,Medio
EXP-05629,CALI,ALIMENTOS,Juzgado_3_Familia,2022,70.34,0.95,2,0,453,1,0,8,4,426,410.0,Medio
EXP-05814,CALI,VIF,Juzgado_Penal_Municipal_1,2023,70.34,1.25,6,0,502,1,3,8,5,426,300.0,Medio
EXP-06174,CALI,SUSTANCIAS,Juzgado_Penal_Municipal_1,2022,70.34,1.25,3,0,283,0,2,8,5,426,332.0,Medio
EXP-08015,CALI,SUSTANCIAS,Juzgado_2_Familia,2021,70.34,1.2,2,0,442,1,2,8,3,426,319.0,Medio
EXP-08416,CALI,ALIMENTOS,Juzgado_3_Familia,2022,70.34,0.95,2,0,481,1,0,8,4,426,410.0,Medio
EXP-09422,CALI,VIF,Juzgado_Penal_Municipal_1,2024,70.34,1.25,6,0,483,1,3,8,5,426,300.0,Medio
EXP-10318,CALI,SUSTANCIAS,Comisaria_1_Familia,2023,70.34,1.1,4,0,471,1,2,8,0,426,293.0,Medio
EXP-00860,CALI,ALIMENTOS,Juzgado_3_Familia,2020,70.34,0.95,2,0,459,1,0,8,4,425,410.0,Medio
EXP-03318,CALI,ALIMENTOS,Juzgado_3_Familia,2021,70.34,0.95,2,0,476,1,0,8,4,425,410.0,Medio
EXP-03847,CALI,ALIMENTOS,Juzgado_3_Familia,2020,70.34,0.95,2,0,434,1,0,8,4,425,410.0,Medio
EXP-08281,CALI,ALIMENTOS,Juzgado_3_Familia,2021,70.34,0.95,2,0,416,1,0,8,4,425,410.0,Medio
EXP-10649,CALI,ALIMENTOS,Juzgado_3_Familia,2021,70.34,0.95,2,0,463,1,0,8,4,425,410.0,Medio
EXP-00494,CALI,VIF,Juzgado_Penal_Municipal_1,2024,70.34,1.25,4,0,461,1,3,8,5,424,300.0,Medio
EXP-00917,CALI,ALIMENTOS,Comisaria_2_Familia,2021,70.34,0.9,4,0,419,1,0,8,1,424,406.0,Medio
EXP-01896,CALI,SUSTANCIAS,Juzgado_Penal_Municipal_2,2021,70.34,1.05,6,0,466,1,2,8,6,424,283.5,Medio
EXP-02398,CALI,SUSTANCIAS,Juzgado_2_Familia,2024,70.34,1.2,2,0,519,1,2,8,3,424,319.0,Medio
EXP-03799,CALI,VIF,Juzgado_2_Familia,2023,70.34,1.2,6,0,487,1,3,8,3,424,309.0,Medio
EXP-03855,CALI,VIF,Juzgado_2_Familia,2024,70.34,1.2,6,0,487,1,3,8,3,424,309.0,Medio
EXP-03908,CALI,VIF,Juzgado_Penal_Municipal_1,2024,70.34,1.25,4,0,464,1,3,8,5,424,300.0,Medio
EXP-05927,CALI,VIF,Juzgado_2_Familia,2024,70.34,1.2,6,0,464,1,3,8,3,424,309.0,Medio
EXP-07211,CALI,SUSTANCIAS,Comisaria_1_Familia,2023,70.34,1.1,3,0,479,1,2,8,0,424,293.0,Medio
EXP-07915,CALI,VIF,Juzgado_Penal_Municipal_1,2023,70.34,1.25,4,0,493,1,3,8,5,424,300.0,Medio
EXP-09011,CALI,VIF,Juzgado_2_Familia,2024,70.34,1.2,6,0,480,1,3,8,3,424,309.0,Medio
EXP-10644,CALI,VIF,Juzgado_Penal_Municipal_1,2024,70.34,1.25,4,0,348,0,3,8,5,424,300.0,Medio
EXP-11857,CALI,VIF,Juzgado_2_Familia,2024,70.34,1.2,6,0,219,0,3,8,3,424,309.0,Medio
EXP-11867,CALI,VIF,Juzgado_2_Familia,2023,70.34,1.2,6,0,329,0,3,8,3,424,309.0,Medio
EXP-11968,CALI,VIF,Juzgado_Penal_Municipal_1,2024,70.34,1.25,4,0,471,1,3,8,5,424,300.0,Medio
EXP-12000,CALI,ALIMENTOS,Comisaria_2_Familia,2021,70.34,0.9,4,0,440,1,0,8,1,424,406.0,Medio
EXP-01352,CALI,VIF,Comisaria_1_Familia,2021,70.34,1.1,6,0,458,1,3,8,0,423,286.0,Medio
EXP-01603,CALI,VIF,Juzgado_2_Familia,2021,70.34,1.2,4,0,381,0,3,8,3,423,309.0,Medio
EXP-03225,CALI,SUSTANCIAS,Comisaria_2_Familia,2023,70.34,0.9,8,0,183,0,2,8,1,423,288.0,Medio
EXP-04768,CALI,VIF,Juzgado_2_Familia,2021,70.34,1.2,4,0,433,1,3,8,3,423,309.0,Medio
EXP-05098,CALI,SUSTANCIAS,Comisaria_1_Familia,2022,70.34,1.1,4,0,414,1,2,8,0,423,293.0,Medio
EXP-06181,CALI,SUSTANCIAS,Juzgado_Penal_Municipal_1,2021,70.34,1.25,1,0,444,1,2,8,5,423,332.0,Medio
EXP-00194,CALI,VIF,Juzgado_2_Familia,2020,70.34,1.2,4,0,451,1,3,8,3,422,309.0,Medio
EXP-00547,CALI,ALIMENTOS,Comisaria_2_Familia,2021,70.34,0.9,3,0,452,1,0,8,1,422,406.0,Medio
EXP-01196,CALI,VIF,Juzgado_2_Familia,2022,70.34,1.2,5,0,446,1,3,8,3,422,309.0,Medio
EXP-01693,CALI,ALIMENTOS,Comisaria_2_Familia,2020,70.34,0.9,3,0,462,1,0,8,1,422,406.0,Medio
EXP-03011,CALI,ALIMENTOS,Comisaria_2_Familia,2022,70.34,0.9,4,0,471,1,0,8,1,422,406.0,Medio
EXP-04505,CALI,VIF,Comisaria_1_Familia,2021,70.34,1.1,5,0,454,1,3,8,0,422,286.0,Medio
EXP-05206,CALI,ALIMENTOS,Comisaria_2_Familia,2022,70.34,0.9,4,0,444,1,0,8,1,422,406.0,Medio
EXP-05903,CALI,VIF,Juzgado_2_Familia,2022,70.34,1.2,5,0,456,1,3,8,3,422,309.0,Medio
EXP-07946,CALI,ALIMENTOS,Comisaria_2_Familia,2022,70.34,0.9,4,0,442,1,0,8,1,422,406.0,Medio
EXP-08175,CALI,ALIMENTOS,Comisaria_2_Familia,2022,70.34,0.9,4,0,412,1,0,8,1,422,406.0,Medio
EXP-08373,CALI,VIF,Comisaria_1_Familia,2021,70.34,1.1,5,0,456,1,3,8,0,422,286.0,Medio
EXP-09968,CALI,ALIMENTOS,Comisaria_2_Familia,2022,70.34,0.9,4,0,261,0,0,8,1,422,406.0,Medio
EXP-10306,CALI,ALIMENTOS,Comisaria_2_Familia,2022,70.34,0.9,4,0,453,1,0,8,1,422,406.0,Medio
EXP-11007,CALI,VIF,Juzgado_2_Familia,2022,70.34,1.2,5,0,474,1,3,8,3,422,309.0,Medio
EXP-11086,CALI,ALIMENTOS,Comisaria_2_Familia,2021,70.34,0.9,3,0,454,1,0,8,1,422,406.0,Medio
EXP-00086,CALI,VIF,Juzgado_Penal_Municipal_1,2021,70.34,1.25,4,0,471,1,3,8,5,421,300.0,Medio
EXP-00292,SAN PEDRO,ALIMENTOS,Juzgado_3_Familia,2021,0.3,0.95,10,1,449,1,0,31,4,421,410.0,Medio
EXP-01797,CALI,VIF,Juzgado_2_Familia,2024,70.34,1.2,4,0,467,1,3,8,3,421,309.0,Medio
EXP-02758,CALI,ALIMENTOS,Comisaria_2_Familia,2024,70.34,0.9,4,0,459,1,0,8,1,421,406.0,Medio
EXP-03330,CALI,VIF,Juzgado_2_Familia,2024,70.34,1.2,15,0,553,1,3,8,3,421,309.0,Medio
EXP-03652,CALI,VIF,Juzgado_2_Familia,2024,70.34,1.2,4,0,454,1,3,8,3,421,309.0,Medio
EXP-04215,CALI,ALIMENTOS,Comisaria_2_Familia,2023,70.34,0.9,4,0,475,1,0,8,1,421,406.0,Medio
EXP-04546,CALI,VIF,Juzgado_2_Familia,2024,70.34,1.2,4,0,449,1,3,8,3,421,309.0,Medio
EXP-05299,CALI,VIF,Juzgado_Penal_Municipal_1,2021,70.34,1.25,4,0,247,0,3,8,5,421,300.0,Medio
EXP-05636,CALI,ALIMENTOS,Comisaria_2_Familia,2024,70.34,0.9,4,0,459,1,0,8,1,421,406.0,Medio
EXP-06209,CALI,VIF,Juzgado_2_Familia,2024,70.34,1.2,15,0,544,1,3,8,3,421,309.0,Medio
EXP-06588,CALI,ALIMENTOS,Comisaria_2_Familia,2023,70.34,0.9,4,0,470,1,0,8,1,421,406.0,Medio
EXP-07367,CALI,SUSTANCIAS,Comisaria_1_Familia,2020,70.34,1.1,2,0,446,1,2,8,0,421,293.0,Medio
EXP-07430,CALI,VIF,Comisaria_1_Familia,2020,70.34,1.1,5,0,429,1,3,8,0,421,286.0,Medio
EXP-07985,CALI,SUSTANCIAS,Comisaria_1_Familia,2022,70.34,1.1,3,0,260,0,2,8,0,421,293.0,Medio
EXP-08634,CALI,VIF,Juzgado_2_Familia,2023,70.34,1.2,4,0,446,1,3,8,3,421,309.0,Medio
EXP-08724,CALI,VIF,Juzgado_2_Familia,2024,70.34,1.2,4,0,460,1,3,8,3,421,309.0,Medio
EXP-09186,CALI,VIF,Comisaria_1_Familia,2023,70.34,1.1,15,0,262,0,3,8,0,421,286.0,Medio
EXP-09776,CALI,VIF,Juzgado_2_Familia,2023,70.34,1.2,4,0,375,0,3,8,3,421,309.0,Medio
EXP-11162,CALI,ALIMENTOS,Comisaria_2_Familia,2024,70.34,0.9,4,0,482,1,0,8,1,421,406.0,Medio
EXP-11378,CALI,VIF,Juzgado_2_Familia,2024,70.34,1.2,4,0,436,1,3,8,3,421,309.0,Medio
EXP-11385,CALI,SUSTANCIAS,Juzgado_2_Familia,2020,70.34,1.2,1,0,441,1,2,8,3,421,319.0,Medio
EXP-11504,CALI,VIF,Juzgado_2_Familia,2024,70.34,1.2,4,0,479,1,3,8,3,421,309.0,Medio
EXP-11958,CALI,VIF,Juzgado_2_Familia,2024,70.34,1.2,4,0,445,1,3,8,3,421,309.0,Medio
EXP-00472,CALI,VIF,Juzgado_Penal_Municipal_1,2022,70.34,1.25,5,0,472,1,3,8,5,420,300.0,Medio
EXP-01395,CALI,SUSTANCIAS,Juzgado_2_Familia,2021,70.34,1.2,1,0,412,1,2,8,3,420,319.0,Medio
EXP-01639,CALI,VIF,Juzgado_2_Familia,2022,70.34,1.2,6,0,347,0,3,8,3,420,309.0,Medio
EXP-03001,CALI,SUSTANCIAS,Juzgado_Penal_Municipal_2,2024,70.34,1.05,7,0,486,1,2,8,6,420,283.5,Medio
EXP-03213,CALI,VIF,Juzgado_Penal_Municipal_1,2022,70.34,1.25,5,0,475,1,3,8,5,420,300.0,Medio
EXP-04136,CALI,SUSTANCIAS,Juzgado_2_Familia,2021,70.34,1.2,1,0,444,1,2,8,3,420,319.0,Medio
EXP-04666,CALI,VIF,Juzgado_2_Familia,2022,70.34,1.2,6,0,286,0,3,8,3,420,309.0,Medio
EXP-04700,CALI,VIF,Juzgado_2_Familia,2022,70.34,1.2,6,0,219,0,3,8,3,420,309.0,Medio
EXP-04730,CALI,SUSTANCIAS,Juzgado_Penal_Municipal_1,2022,70.34,1.25,1,0,263,0,2,8,5,420,332.0,Medio
EXP-05248,CALI,SUSTANCIAS,Juzgado_2_Familia,2021,70.34,1.2,1,0,371,0,2,8,3,420,319.0,Medio
EXP-06980,CALI,VIF,Juzgado_Penal_Municipal_1,2022,70.34,1.25,5,0,473,1,3,8,5,420,300.0,Medio
EXP-07735,CALI,VIF,Juzgado_2_Familia,2022,70.34,1.2,6,0,474,1,3,8,3,420,309.0,Medio
EXP-08086,CALI,VIF,Juzgado_Penal_Municipal_1,2022,70.34,1.25,5,0,474,1,3,8,5,420,300.0,Medio
EXP-08118,CALI,VIF,Juzgado_2_Familia,2022,70.34,1.2,6,0,460,1,3,8,3,420,309.0,Medio
EXP-08978,CALI,VIF,Juzgado_Penal_Municipal_1,2020,70.34,1.25,4,0,462,1,3,8,5,420,300.0,Medio
EXP-11790,CALI,VIF,Juzgado_Penal_Municipal_1,2020,70.34,1.25,4,0,447,1,3,8,5,420,300.0,Medio
EXP-00722,CALI,ALIMENTOS,Comisaria_2_Familia,2023,70.34,0.9,3,0,440,1,0,8,1,419,406.0,Medio
EXP-01148,CALI,SUSTANCIAS,Juzgado_2_Familia,2023,70.34,1.2,1,0,449,1,2,8,3,419,319.0,Medio
EXP-02176,CALI,ALIMENTOS,Comisaria_2_Familia,2024,70.34,0.9,3,0,461,1,0,8,1,419,406.0,Medio
EXP-03816,CALI,SUSTANCIAS,Juzgado_2_Familia,2024,70.34,1.2,1,0,478,1,2,8,3,419,319.0,Medio
EXP-05740,CALI,ALIMENTOS,Comisaria_2_Familia,2024,70.34,0.9,3,0,371,0,0,8,1,419,406.0,Medio
EXP-07664,CALI,SUSTANCIAS,Juzgado_3_Familia,2022,70.34,0.95,7,0,438,1,2,8,4,419,279.5,Medio
EXP-08401,CALI,ALIMENTOS,Comisaria_2_Familia,2023,70.34,0.9,3,0,440,1,0,8,1,419,406.0,Medio
EXP-09882,CALI,SUSTANCIAS,Juzgado_2_Familia,2023,70.34,1.2,1,0,475,1,2,8,3,419,319.0,Medio
EXP-10505,CALI,ALIMENTOS,Comisaria_2_Familia,2023,70.34,0.9,3,0,420,1,0,8,1,419,406.0,Medio
EXP-11077,CALI,SUSTANCIAS,Comisaria_2_Familia,2024,70.34,0.9,13,0,466,1,2,8,1,419,288.0,Medio
EXP-01104,CALI,VIF,Juzgado_Penal_Municipal_1,2023,70.34,1.25,2,0,468,1,3,8,5,418,300.0,Medio
EXP-01266,CALI,VIF,Juzgado_Penal_Municipal_1,2024,70.34,1.25,2,0,450,1,3,8,5,418,300.0,Medio
EXP-01845,CALI,VIF,Juzgado_Penal_Municipal_1,2023,70.34,1.25,2,0,458,1,3,8,5,418,300.0,Medio
EXP-02174,CALI,VIF,Juzgado_Penal_Municipal_1,2023,70.34,1.25,1,0,448,1,3,8,5,418,300.0,Medio
EXP-03728,CALI,VIF,Juzgado_Penal_Municipal_1,2024,70.34,1.25,1,0,436,1,3,8,5,418,300.0,Medio
EXP-04757,CALI,VIF,Juzgado_Penal_Municipal_1,2023,70.34,1.25,2,0,455,1,3,8,5,418,300.0,Medio
EXP-05986,CALI,VIF,Juzgado_Penal_Municipal_1,2023,70.34,1.25,1,0,435,1,3,8,5,418,300.0,Medio
EXP-06005,CALI,VIF,Juzgado_Penal_Municipal_1,2024,70.34,1.25,2,0,450,1,3,8,5,418,300.0,Medio
EXP-06185,CALI,VIF,Juzgado_Penal_Municipal_1,2023,70.34,1.25,1,0,434,1,3,8,5,418,300.0,Medio
EXP-06974,CALI,VIF,Juzgado_Penal_Municipal_1,2024,70.34,1.25,1,0,448,1,3,8,5,418,300.0,Medio
EXP-07445,CALI,VIF,Juzgado_Penal_Municipal_1,2023,70.34,1.25,2,0,461,1,3,8,5,418,300.0,Medio
EXP-07683,CALI,VIF,Juzgado_Penal_Municipal_1,2024,70.34,1.25,1,0,409,1,3,8,5,418,300.0,Medio
EXP-07721,CALI,VIF,Juzgado_Penal_Municipal_1,2024,70.34,1.25,1,0,436,1,3,8,5,418,300.0,Medio
EXP-09354,CALI,VIF,Juzgado_Penal_Municipal_1,2024,70.34,1.25,2,0,221,0,3,8,5,418,300.0,Medio
EXP-09965,CALI,VIF,Juzgado_Penal_Municipal_1,2024,70.34,1.25,1,0,433,1,3,8,5,418,300.0,Medio
EXP-10008,JAMUNDI,ALIMENTOS,Comisaria_2_Familia,2024,2.64,0.9,14,1,471,1,0,21,1,418,406.0,Medio
EXP-10130,CALI,VIF,Juzgado_Penal_Municipal_1,2023,70.34,1.25,1,0,456,1,3,8,5,418,300.0,Medio
EXP-11663,CALI,VIF,Juzgado_Penal_Municipal_1,2024,70.34,1.25,1,0,452,1,3,8,5,418,300.0,Medio
EXP-11883,CALI,VIF,Juzgado_Penal_Municipal_1,2024,70.34,1.25,1,0,466,1,3,8,5,418,300.0,Medio
EXP-00742,CALI,VIF,Juzgado_Penal_Municipal_1,2022,70.34,1.25,6,0,242,0,3,8,5,417,300.0,Medio
EXP-01371,CALI,SUSTANCIAS,Juzgado_Penal_Municipal_2,2023,70.34,1.05,5,0,429,1,2,8,6,417,283.5,Medio
EXP-01826,CALI,VIF,Juzgado_Penal_Municipal_1,2023,70.34,1.25,3,0,453,1,3,8,5,417,300.0,Medio
EXP-02312,CALI,VIF,Juzgado_Penal_Municipal_1,2023,70.34,1.25,3,0,455,1,3,8,5,417,300.0,Medio
EXP-03184,CALI,VIF,Juzgado_Penal_Municipal_1,2023,70.34,1.25,3,0,305,0,3,8,5,417,300.0,Medio
EXP-04858,CALI,VIF,Juzgado_Penal_Municipal_1,2023,70.34,1.25,3,0,461,1,3,8,5,417,300.0,Medio
EXP-05888,CALI,VIF,Juzgado_Penal_Municipal_1,2023,70.34,1.25,3,0,440,1,3,8,5,417,300.0,Medio
EXP-08913,CALI,VIF,Juzgado_Penal_Municipal_1,2023,70.34,1.25,3,0,472,1,3,8,5,417,300.0,Medio
EXP-09478,CALI,VIF,Juzgado_Penal_Municipal_1,2023,70.34,1.25,3,0,299,0,3,8,5,417,300.0,Medio
EXP-10500,CALI,VIF,Juzgado_Penal_Municipal_1,2024,70.34,1.25,3,0,460,1,3,8,5,417,300.0,Medio
EXP-01032,CALI,VIF,Juzgado_2_Familia,2022,70.34,1.2,4,0,475,1,3,8,3,416,309.0,Medio
EXP-01500,SIN_DATO,ALIMENTOS,Juzgado_3_Familia,2024,2.2,0.95,9,1,447,1,0,33,4,416,410.0,Medio
EXP-04081,CARTAGO,ALIMENTOS,Juzgado_3_Familia,2020,5.56,0.95,9,1,259,0,0,11,4,416,410.0,Medio
EXP-04124,TULUA,ALIMENTOS,Juzgado_3_Familia,2024,3.34,0.95,9,1,435,1,0,36,4,416,410.0,Medio
EXP-04275,CALI,VIF,Juzgado_2_Familia,2021,70.34,1.2,3,0,420,1,3,8,3,416,309.0,Medio
EXP-05459,CALI,SUSTANCIAS,Juzgado_Penal_Municipal_2,2022,70.34,1.05,5,0,485,1,2,8,6,416,283.5,Medio
EXP-06628,CALI,VIF,Juzgado_2_Familia,2021,70.34,1.2,3,0,465,1,3,8,3,416,309.0,Medio
EXP-08317,CALI,VIF,Juzgado_2_Familia,2022,70.34,1.2,4,0,462,1,3,8,3,416,309.0,Medio
EXP-08876,CALIMA,ALIMENTOS,Juzgado_3_Familia,2024,0.3199999999999999,0.95,9,1,439,1,0,9,4,416,410.0,Medio
EXP-10514,CALI,SUSTANCIAS,Juzgado_3_Familia,2020,70.34,0.95,6,0,437,1,2,8,4,416,279.5,Medio
EXP-10761,CALI,VIF,Juzgado_2_Familia,2022,70.34,1.2,4,0,442,1,3,8,3,416,309.0,Medio
EXP-00174,CALI,VIF,Comisaria_1_Familia,2024,70.34,1.1,5,0,281,0,3,8,0,415,286.0,Medio
EXP-01637,CALI,VIF,Juzgado_Penal_Municipal_1,2021,70.34,1.25,3,0,424,1,3,8,5,415,300.0,Medio
EXP-02648,CALI,VIF,Juzgado_Penal_Municipal_1,2021,70.34,1.25,3,0,446,1,3,8,5,415,300.0,Medio
EXP-02747,CALI,VIF,Comisaria_1_Familia,2023,70.34,1.1,5,0,424,1,3,8,0,415,286.0,Medio
EXP-03775,CALI,VIF,Juzgado_Penal_Municipal_1,2022,70.34,1.25,4,0,440,1,3,8,5,415,300.0,Medio
EXP-04151,CALI,VIF,Juzgado_Penal_Municipal_1,2021,70.34,1.25,3,0,443,1,3,8,5,415,300.0,Medio
EXP-06897,CALI,VIF,Juzgado_2_Familia,2020,70.34,1.2,3,0,448,1,3,8,3,415,309.0,Medio
EXP-07207,CALI,VIF,Comisaria_1_Familia,2024,70.34,1.1,5,0,460,1,3,8,0,415,286.0,Medio
EXP-07251,CALI,SUSTANCIAS,Juzgado_3_Familia,2021,70.34,0.95,6,0,470,1,2,8,4,415,279.5,Medio
EXP-07380,PALMIRA,ALIMENTOS,Juzgado_3_Familia,2022,11.54,0.95,8,1,495,1,0,26,4,415,410.0,Medio
EXP-08152,CALI,VIF,Juzgado_2_Familia,2020,70.34,1.2,3,0,458,1,3,8,3,415,309.0,Medio
EXP-08636,SEVILLA,ALIMENTOS,Juzgado_3_Familia,2024,1.62,0.95,9,1,314,0,0,32,4,415,410.0,Medio
EXP-08853,CALI,VIF,Comisaria_1_Familia,2023,70.34,1.1,5,0,427,1,3,8,0,415,286.0,Medio
EXP-08915,CALI,VIF,Comisaria_1_Familia,2023,70.34,1.1,5,0,429,1,3,8,0,415,286.0,Medio
EXP-09107,CALI,VIF,Juzgado_Penal_Municipal_1,2022,70.34,1.25,4,0,461,1,3,8,5,415,300.0,Medio
EXP-09588,CALI,VIF,Juzgado_Penal_Municipal_1,2022,70.34,1.25,4,0,256,0,3,8,5,415,300.0,Medio
EXP-10542,CALI,VIF,Juzgado_Penal_Municipal_1,2022,70.34,1.25,4,0,431,1,3,8,5,415,300.0,Medio
EXP-10770,CALI,VIF,Juzgado_2_Familia,2020,70.34,1.2,3,0,427,1,3,8,3,415,309.0,Medio
EXP-11357,CALI,VIF,Juzgado_2_Familia,2020,70.34,1.2,3,0,471,1,3,8,3,415,309.0,Medio
EXP-11443,CALI,VIF,Juzgado_Penal_Municipal_1,2022,70.34,1.25,4,0,501,1,3,8,5,415,300.0,Medio
EXP-00276,CALI,SUSTANCIAS,Juzgado_2_Familia,2022,70.34,1.2,1,0,232,0,2,8,3,414,319.0,Medio
EXP-00284,CALI,VIF,Juzgado_Penal_Municipal_1,2021,70.34,1.25,2,0,445,1,3,8,5,414,300.0,Medio
EXP-00455,CALI,VIF,Juzgado_Penal_Municipal_1,2021,70.34,1.25,2,0,435,1,3,8,5,414,300.0,Medio
EXP-00599,PALMIRA,ALIMENTOS,Juzgado_3_Familia,2023,11.54,0.95,9,1,373,0,0,26,4,414,410.0,Medio
EXP-01099,CALI,VIF,Comisaria_1_Familia,2024,70.34,1.1,6,0,454,1,3,8,0,414,286.0,Medio
EXP-01344,CALI,VIF,Comisaria_1_Familia,2023,70.34,1.1,6,0,442,1,3,8,0,414,286.0,Medio
EXP-01502,CALI,VIF,Juzgado_Penal_Municipal_1,2021,70.34,1.25,2,0,314,0,3,8,5,414,300.0,Medio
EXP-01690,CALI,SUSTANCIAS,Juzgado_2_Familia,2022,70.34,1.2,1,0,425,1,2,8,3,414,319.0,Medio
EXP-02043,CALI,SUSTANCIAS,Juzgado_Penal_Municipal_2,2023,70.34,1.05,6,0,480,1,2,8,6,414,283.5,Medio
EXP-02596,CALI,SUSTANCIAS,Comisaria_1_Familia,2021,70.34,1.1,1,0,392,1,2,8,0,414,293.0,Medio
EXP-03273,CALI,VIF,Juzgado_Penal_Municipal_1,2021,70.34,1.25,2,0,418,1,3,8,5,414,300.0,Medio
EXP-04333,CALI,VIF,Juzgado_Penal_Municipal_1,2021,70.34,1.25,2,0,428,1,3,8,5,414,300.0,Medio
EXP-04525,CALI,VIF,Comisaria_1_Familia,2024,70.34,1.1,6,0,449,1,3,8,0,414,286.0,Medio
EXP-05678,CALI,VIF,Comisaria_1_Familia,2023,70.34,1.1,6,0,439,1,3,8,0,414,286.0,Medio
EXP-05865,CALI,VIF,Comisaria_1_Familia,2022,70.34,1.1,5,0,454,1,3,8,0,414,286.0,Medio
EXP-06143,CALI,VIF,Comisaria_1_Familia,2021,70.34,1.1,4,0,428,1,3,8,0,414,286.0,Medio
EXP-07186,CALI,VIF,Comisaria_1_Familia,2021,70.34,1.1,4,0,453,1,3,8,0,414,286.0,Medio
EXP-07602,CALI,SUSTANCIAS,Comisaria_1_Familia,2021,70.34,1.1,1,0,468,1,2,8,0,414,293.0,Medio
EXP-07625,CALI,VIF,Comisaria_1_Familia,2024,70.34,1.1,6,0,412,0,3,8,0,414,286.0,Medio
EXP-08539,CALI,SUSTANCIAS,Juzgado_2_Familia,2022,70.34,1.2,1,0,453,1,2,8,3,414,319.0,Medio
EXP-08944,CALI,VIF,Juzgado_Penal_Municipal_1,2020,70.34,1.25,2,0,445,1,3,8,5,414,300.0,Medio
EXP-09375,ROLDANILLO,ALIMENTOS,Juzgado_3_Familia,2024,1.26,0.95,9,1,414,1,0,30,4,414,410.0,Medio
EXP-11063,CALI,VIF,Comisaria_1_Familia,2023,70.34,1.1,6,0,438,1,3,8,0,414,286.0,Medio
EXP-00782,TORO,ALIMENTOS,Juzgado_3_Familia,2024,0.1333333333333333,0.95,7,1,406,1,0,34,4,413,410.0,Medio
EXP-05664,CALI,VIF,Juzgado_Penal_Municipal_1,2020,70.34,1.25,3,0,461,1,3,8,5,413,300.0,Medio
EXP-06418,CALI,VIF,Comisaria_1_Familia,2022,70.34,1.1,6,0,471,1,3,8,0,413,286.0,Medio
EXP-06566,CALI,SUSTANCIAS,Comisaria_1_Familia,2022,70.34,1.1,2,0,406,1,2,8,0,413,293.0,Medio
EXP-07338,CALI,VIF,Juzgado_2_Familia,2023,70.34,1.2,3,0,396,0,3,8,3,413,309.0,Medio
EXP-10375,TULUA,ALIMENTOS,Juzgado_3_Familia,2024,3.34,0.95,10,1,472,1,0,36,4,413,410.0,Medio
EXP-10431,CALI,SUSTANCIAS,Comisaria_1_Familia,2022,70.34,1.1,2,0,412,1,2,8,0,413,293.0,Medio
EXP-10858,CALI,VIF,Juzgado_Penal_Municipal_1,2020,70.34,1.25,3,0,259,0,3,8,5,413,300.0,Medio
EXP-11035,CALI,SUSTANCIAS,Juzgado_Penal_Municipal_2,2023,70.34,1.05,4,0,181,0,2,8,6,413,283.5,Medio
EXP-11153,CALI,VIF,Juzgado_2_Familia,2023,70.34,1.2,3,0,437,1,3,8,3,413,309.0,Medio
EXP-11206,CALI,SUSTANCIAS,Juzgado_Penal_Municipal_2,2024,70.34,1.05,4,0,445,1,2,8,6,413,283.5,Medio
EXP-11277,CALI,VIF,Juzgado_2_Familia,2024,70.34,1.2,3,0,453,1,3,8,3,413,309.0,Medio
EXP-05775,PALMIRA,ALIMENTOS,Juzgado_3_Familia,2022,11.54,0.95,10,1,230,0,0,26,4,412,410.0,Medio
EXP-08758,CALI,VIF,Juzgado_2_Familia,2021,70.34,1.2,2,0,377,0,3,8,3,412,309.0,Medio
EXP-11651,CALI,VIF,Comisaria_1_Familia,2020,70.34,1.1,4,0,411,1,3,8,0,412,286.0,Medio
EXP-00110,PALMIRA,ALIMENTOS,Juzgado_3_Familia,2024,11.54,0.95,10,1,421,1,0,26,4,411,410.0,Medio
EXP-00885,CALI,SUSTANCIAS,Comisaria_1_Familia,2024,70.34,1.1,1,0,418,1,2,8,0,411,293.0,Medio
EXP-04049,TULUA,ALIMENTOS,Juzgado_3_Familia,2024,3.34,0.95,8,1,455,1,0,36,4,411,410.0,Medio
EXP-06597,CALI,SUSTANCIAS,Comisaria_1_Familia,2023,70.34,1.1,1,0,434,1,2,8,0,411,293.0,Medio
EXP-06961,CALI,SUSTANCIAS,Comisaria_1_Familia,2024,70.34,1.1,1,0,183,0,2,8,0,411,293.0,Medio
EXP-08174,SIN_DATO,ALIMENTOS,Juzgado_3_Familia,2023,2.2,0.95,8,1,417,1,0,33,4,411,410.0,Medio
EXP-08272,CALI,SUSTANCIAS,Comisaria_1_Familia,2024,70.34,1.1,1,0,409,1,2,8,0,411,293.0,Medio
EXP-10394,CALI,SUSTANCIAS,Comisaria_1_Familia,2023,70.34,1.1,1,0,421,1,2,8,0,411,293.0,Medio
EXP-11937,CALI,SUSTANCIAS,Comisaria_1_Familia,2023,70.34,1.1,1,0,234,0,2,8,0,411,293.0,Medio
EXP-00051,CALI,SUSTANCIAS,Comisaria_2_Familia,2022,70.34,0.9,7,0,419,1,2,8,1,410,288.0,Medio
EXP-01510,CALI,SUSTANCIAS,Comisaria_1_Familia,2022,70.34,1.1,1,0,410,1,2,8,0,410,293.0,Medio
EXP-01930,CALI,SUSTANCIAS,Juzgado_Penal_Municipal_2,2023,70.34,1.05,3,0,450,1,2,8,6,410,283.5,Medio
EXP-02920,CALI,VIF,Juzgado_2_Familia,2020,70.34,1.2,2,0,442,1,3,8,3,410,309.0,Medio
EXP-03920,CALI,SUSTANCIAS,Comisaria_2_Familia,2022,70.34,0.9,7,0,423,1,2,8,1,410,288.0,Medio
EXP-05730,CALI,VIF,Juzgado_2_Familia,2020,70.34,1.2,2,0,403,1,3,8,3,410,309.0,Medio
EXP-05768,CALI,SUSTANCIAS,Comisaria_1_Familia,2022,70.34,1.1,1,0,438,1,2,8,0,410,293.0,Medio
EXP-05901,CALI,VIF,Juzgado_Penal_Municipal_1,2020,70.34,1.25,1,0,438,1,3,8,5,410,300.0,Medio
EXP-05945,CALI,VIF,Juzgado_2_Familia,2020,70.34,1.2,2,0,428,1,3,8,3,410,309.0,Medio
EXP-09349,CALI,SUSTANCIAS,Comisaria_1_Familia,2022,70.34,1.1,1,0,428,1,2,8,0,410,293.0,Medio
EXP-10690,CALI,VIF,Juzgado_2_Familia,2020,70.34,1.2,2,0,207,0,3,8,3,410,309.0,Medio
EXP-10870,CALI,SUSTANCIAS,Juzgado_Penal_Municipal_2,2024,70.34,1.05,3,0,186,0,2,8,6,410,283.5,Medio
EXP-11828,CALI,VIF,Juzgado_2_Familia,2020,70.34,1.2,2,0,442,1,3,8,3,410,309.0,Medio
EXP-00583,CALI,SUSTANCIAS,Juzgado_3_Familia,2021,70.34,0.95,4,0,417,1,2,8,4,409,279.5,Medio
EXP-00888,CARTAGO,ALIMENTOS,Comisaria_2_Familia,2023,5.56,0.9,9,1,433,1,0,11,1,409,406.0,Medio
EXP-01248,CALI,VIF,Comisaria_1_Familia,2023,70.34,1.1,4,0,339,0,3,8,0,409,286.0,Medio
EXP-01899,CALI,VIF,Comisaria_1_Familia,2024,70.34,1.1,4,0,452,1,3,8,0,409,286.0,Medio
EXP-02121,CALI,VIF,Juzgado_2_Familia,2023,70.34,1.2,2,0,455,1,3,8,3,409,309.0,Medio
EXP-02129,CALI,SUSTANCIAS,Juzgado_Penal_Municipal_2,2022,70.34,1.05,3,0,428,1,2,8,6,409,283.5,Medio
EXP-02325,CALI,VIF,Comisaria_1_Familia,2023,70.34,1.1,4,0,451,1,3,8,0,409,286.0,Medio
EXP-03144,CALI,VIF,Juzgado_2_Familia,2023,70.34,1.2,2,0,466,1,3,8,3,409,309.0,Medio
EXP-03609,CALI,VIF,Juzgado_2_Familia,2024,70.34,1.2,2,0,467,1,3,8,3,409,309.0,Medio
EXP-03630,CALI,VIF,Comisaria_1_Familia,2023,70.34,1.1,4,0,446,1,3,8,0,409,286.0,Medio
EXP-05367,CALI,VIF,Comisaria_1_Familia,2024,70.34,1.1,4,0,301,0,3,8,0,409,286.0,Medio
EXP-06520,CALI,VIF,Juzgado_2_Familia,2024,70.34,1.2,2,0,418,1,3,8,3,409,309.0,Medio
EXP-07187,CALI,VIF,Comisaria_1_Familia,2023,70.34,1.1,4,0,451,1,3,8,0,409,286.0,Medio
EXP-07454,CALI,VIF,Juzgado_2_Familia,2024,70.34,1.2,2,0,479,1,3,8,3,409,309.0,Medio
EXP-08019,CALI,ALIMENTOS,Comisaria_2_Familia,2022,70.34,0.9,1,0,403,1,0,8,1,409,406.0,Medio
EXP-08193,CALI,VIF,Comisaria_1_Familia,2024,70.34,1.1,4,0,437,1,3,8,0,409,286.0,Medio
EXP-08275,CALI,VIF,Juzgado_2_Familia,2023,70.34,1.2,2,0,434,1,3,8,3,409,309.0,Medio
EXP-09267,CALI,ALIMENTOS,Comisaria_2_Familia,2022,70.34,0.9,1,0,417,1,0,8,1,409,406.0,Medio
EXP-09985,CALI,VIF,Juzgado_2_Familia,2024,70.34,1.2,2,0,350,0,3,8,3,409,309.0,Medio
EXP-10359,CALI,VIF,Juzgado_2_Familia,2024,70.34,1.2,2,0,428,1,3,8,3,409,309.0,Medio
EXP-11091,CALI,VIF,Comisaria_1_Familia,2023,70.34,1.1,4,0,441,1,3,8,0,409,286.0,Medio
EXP-11631,CALI,ALIMENTOS,Comisaria_2_Familia,2022,70.34,0.9,1,0,392,0,0,8,1,409,406.0,Medio
EXP-11868,CALI,VIF,Juzgado_2_Familia,2024,70.34,1.2,2,0,448,1,3,8,3,409,309.0,Medio
EXP-00332,CALI,VIF,Juzgado_Penal_Municipal_1,2022,70.34,1.25,3,0,441,1,3,8,5,408,300.0,Medio
EXP-01218,CALI,VIF,Comisaria_1_Familia,2022,70.34,1.1,4,0,438,1,3,8,0,408,286.0,Medio
EXP-03419,CALI,VIF,Comisaria_1_Familia,2022,70.34,1.1,4,0,295,0,3,8,0,408,286.0,Medio
EXP-03432,CALI,VIF,Juzgado_Penal_Municipal_1,2021,70.34,1.25,1,0,443,1,3,8,5,408,300.0,Medio
EXP-03659,CALI,VIF,Juzgado_Penal_Municipal_1,2022,70.34,1.25,3,0,442,1,3,8,5,408,300.0,Medio
EXP-06106,CALI,VIF,Juzgado_Penal_Municipal_1,2021,70.34,1.25,1,0,430,1,3,8,5,408,300.0,Medio
EXP-06256,CARTAGO,ALIMENTOS,Comisaria_2_Familia,2024,5.56,0.9,10,1,465,1,0,11,1,408,406.0,Medio
EXP-06636,CALI,VIF,Juzgado_Penal_Municipal_1,2021,70.34,1.25,1,0,436,1,3,8,5,408,300.0,Medio
EXP-06746,CALI,VIF,Comisaria_1_Familia,2021,70.34,1.1,3,0,420,1,3,8,0,408,286.0,Medio
EXP-06810,CALI,VIF,Comisaria_1_Familia,2021,70.34,1.1,3,0,414,1,3,8,0,408,286.0,Medio
EXP-06841,CALI,VIF,Juzgado_Penal_Municipal_1,2022,70.34,1.25,2,0,459,1,3,8,5,408,300.0,Medio
EXP-07020,CALI,VIF,Juzgado_2_Familia,2022,70.34,1.2,3,0,422,1,3,8,3,408,309.0,Medio
EXP-07295,CALI,VIF,Juzgado_Penal_Municipal_1,2022,70.34,1.25,3,0,479,1,3,8,5,408,300.0,Medio
EXP-07961,CALI,VIF,Juzgado_Penal_Municipal_1,2022,70.34,1.25,3,0,204,0,3,8,5,408,300.0,Medio
EXP-09585,CALI,VIF,Juzgado_2_Familia,2022,70.34,1.2,3,0,449,1,3,8,3,408,309.0,Medio
EXP-11848,ROLDANILLO,ALIMENTOS,Comisaria_2_Familia,2023,1.26,0.9,12,1,466,1,0,30,1,408,406.0,Medio
EXP-11975,CALI,VIF,Juzgado_2_Familia,2022,70.34,1.2,3,0,451,1,3,8,3,408,309.0,Medio
EXP-00153,CALI,ALIMENTOS,Comisaria_2_Familia,2024,70.34,0.9,1,0,229,0,0,8,1,407,406.0,Medio
EXP-00484,CALI,VIF,Juzgado_Penal_Municipal_1,2022,70.34,1.25,1,0,411,1,3,8,5,407,300.0,Medio
EXP-00755,CALI,ALIMENTOS,Comisaria_2_Familia,2024,70.34,0.9,1,0,454,1,0,8,1,407,406.0,Medio
EXP-01613,CALI,ALIMENTOS,Comisaria_2_Familia,2023,70.34,0.9,1,0,436,1,0,8,1,407,406.0,Medio
EXP-02528,CALI,ALIMENTOS,Comisaria_2_Familia,2023,70.34,0.9,1,0,461,1,0,8,1,407,406.0,Medio
EXP-03119,CALI,VIF,Comisaria_1_Familia,2020,70.34,1.1,3,0,428,1,3,8,0,407,286.0,Medio
EXP-03140,CALI,ALIMENTOS,Comisaria_2_Familia,2023,70.34,0.9,1,0,412,1,0,8,1,407,406.0,Medio
EXP-03627,SEVILLA,ALIMENTOS,Comisaria_2_Familia,2022,1.62,0.9,11,1,443,1,0,32,1,407,406.0,Medio
EXP-05275,CALI,VIF,Juzgado_Penal_Municipal_2,2020,70.34,1.05,7,0,383,0,3,8,6,407,272.5,Medio
EXP-05357,CALI,ALIMENTOS,Comisaria_2_Familia,2020,70.34,0.9,1,0,432,1,0,8,1,407,406.0,Medio
EXP-05577,CALI,VIF,Juzgado_Penal_Municipal_1,2022,70.34,1.25,1,0,401,0,3,8,5,407,300.0,Medio
EXP-07983,CALI,ALIMENTOS,Comisaria_2_Familia,2021,70.34,0.9,1,0,411,1,0,8,1,407,406.0,Medio
EXP-08192,CALI,ALIMENTOS,Comisaria_2_Familia,2024,70.34,0.9,1,0,436,1,0,8,1,407,406.0,Medio
EXP-08591,CALI,ALIMENTOS,Comisaria_2_Familia,2020,70.34,0.9,1,0,439,1,0,8,1,407,406.0,Medio
EXP-10143,CALI,VIF,Juzgado_Penal_Municipal_1,2022,70.34,1.25,1,0,463,1,3,8,5,407,300.0,Medio
EXP-10543,CALI,ALIMENTOS,Comisaria_2_Familia,2023,70.34,0.9,1,0,475,1,0,8,1,407,406.0,Medio
EXP-10692,CALI,ALIMENTOS,Comisaria_2_Familia,2023,70.34,0.9,1,0,475,1,0,8,1,407,406.0,Medio
EXP-10813,CALI,VIF,Juzgado_Penal_Municipal_2,2020,70.34,1.05,7,0,452,1,3,8,6,407,272.5,Medio
EXP-11219,CALI,ALIMENTOS,Comisaria_2_Familia,2023,70.34,0.9,1,0,420,1,0,8,1,407,406.0,Medio
EXP-11225,CALI,ALIMENTOS,Comisaria_2_Familia,2023,70.34,0.9,1,0,225,0,0,8,1,407,406.0,Medio
EXP-05715,CALI,SUSTANCIAS,Juzgado_3_Familia,2024,70.34,0.95,5,0,466,1,2,8,4,406,279.5,Medio
EXP-08529,CALI,SUSTANCIAS,Juzgado_3_Familia,2024,70.34,0.95,5,0,466,1,2,8,4,406,279.5,Medio
EXP-01158,CALI,SUSTANCIAS,Juzgado_3_Familia,2021,70.34,0.95,3,0,451,1,2,8,4,405,279.5,Medio
EXP-02999,CALI,VIF,Juzgado_2_Familia,2021,70.34,1.2,1,0,439,1,3,8,3,405,309.0,Medio
EXP-03650,CALI,VIF,Juzgado_2_Familia,2024,70.34,1.2,1,0,459,1,3,8,3,405,309.0,Medio
EXP-04165,CALI,VIF,Juzgado_2_Familia,2022,70.34,1.2,2,0,363,1,3,8,3,405,309.0,Medio
EXP-04587,CALI,VIF,Juzgado_2_Familia,2024,70.34,1.2,1,0,451,1,3,8,3,405,309.0,Medio
EXP-04816,CALI,VIF,Juzgado_2_Familia,2023,70.34,1.2,1,0,435,1,3,8,3,405,309.0,Medio
EXP-05487,CALI,VIF,Juzgado_2_Familia,2023,70.34,1.2,1,0,411,1,3,8,3,405,309.0,Medio
EXP-06056,CALI,VIF,Juzgado_2_Familia,2024,70.34,1.2,1,0,445,1,3,8,3,405,309.0,Medio
EXP-06088,CALI,VIF,Juzgado_2_Familia,2022,70.34,1.2,2,0,453,1,3,8,3,405,309.0,Medio
EXP-09019,CALI,VIF,Juzgado_2_Familia,2022,70.34,1.2,2,0,401,1,3,8,3,405,309.0,Medio
EXP-09560,CALI,VIF,Juzgado_2_Familia,2024,70.34,1.2,1,0,438,1,3,8,3,405,309.0,Medio
EXP-10128,CALI,SUSTANCIAS,Comisaria_2_Familia,2023,70.34,0.9,7,0,455,1,2,8,1,405,288.0,Medio
EXP-10837,CALI,VIF,Juzgado_2_Familia,2023,70.34,1.2,1,0,173,0,3,8,3,405,309.0,Medio
EXP-11519,CALI,VIF,Juzgado_2_Familia,2022,70.34,1.2,2,0,426,1,3,8,3,405,309.0,Medio
EXP-11720,CALI,VIF,Juzgado_2_Familia,2022,70.34,1.2,2,0,440,1,3,8,3,405,309.0,Medio
EXP-11802,CALI,VIF,Juzgado_2_Familia,2022,70.34,1.2,2,0,365,0,3,8,3,405,309.0,Medio
EXP-01103,CALI,VIF,Comisaria_1_Familia,2021,70.34,1.1,2,0,414,1,3,8,0,404,286.0,Medio
EXP-01911,CALI,VIF,Comisaria_1_Familia,2024,70.34,1.1,3,0,438,1,3,8,0,404,286.0,Medio
EXP-02599,CALI,VIF,Comisaria_1_Familia,2024,70.34,1.1,3,0,417,1,3,8,0,404,286.0,Medio
EXP-02697,CALI,VIF,Comisaria_1_Familia,2024,70.34,1.1,3,0,448,1,3,8,0,404,286.0,Medio
EXP-04428,CALI,SUSTANCIAS,Comisaria_2_Familia,2020,70.34,0.9,5,0,437,1,2,8,1,404,288.0,Medio
EXP-04539,CALI,VIF,Comisaria_1_Familia,2024,70.34,1.1,3,0,448,1,3,8,0,404,286.0,Medio
EXP-05438,CALI,SUSTANCIAS,Juzgado_3_Familia,2024,70.34,0.95,6,0,411,1,2,8,4,404,279.5,Medio
EXP-06010,CALI,VIF,Comisaria_1_Familia,2024,70.34,1.1,3,0,446,1,3,8,0,404,286.0,Medio
EXP-06912,CALI,SUSTANCIAS,Juzgado_3_Familia,2024,70.34,0.95,6,0,452,1,2,8,4,404,279.5,Medio
EXP-08114,CALI,VIF,Juzgado_Penal_Municipal_2,2021,70.34,1.05,5,0,455,1,3,8,6,404,272.5,Medio
EXP-10182,CALI,SUSTANCIAS,Comisaria_2_Familia,2020,70.34,0.9,5,0,428,1,2,8,1,404,288.0,Medio
EXP-10626,CALI,VIF,Comisaria_1_Familia,2024,70.34,1.1,3,0,441,1,3,8,0,404,286.0,Medio
EXP-11840,CALI,VIF,Comisaria_1_Familia,2023,70.34,1.1,3,0,409,1,3,8,0,404,286.0,Medio
EXP-04457,CALI,SUSTANCIAS,Juzgado_3_Familia,2023,70.34,0.95,4,0,427,1,2,8,4,403,279.5,Medio
EXP-06919,CALI,SUSTANCIAS,Juzgado_3_Familia,2022,70.34,0.95,4,0,429,1,2,8,4,403,279.5,Medio
EXP-09807,CALI,SUSTANCIAS,Juzgado_3_Familia,2023,70.34,0.95,4,0,396,1,2,8,4,403,279.5,Medio
EXP-10123,CALI,SUSTANCIAS,Juzgado_3_Familia,2023,70.34,0.95,4,0,403,1,2,8,4,403,279.5,Medio
EXP-02326,CALI,VIF,Comisaria_1_Familia,2022,70.34,1.1,3,0,460,1,3,8,0,402,286.0,Medio
EXP-02494,CALI,VIF,Comisaria_1_Familia,2020,70.34,1.1,2,0,406,1,3,8,0,402,286.0,Medio
EXP-04440,CALI,VIF,Comisaria_1_Familia,2022,70.34,1.1,3,0,232,0,3,8,0,402,286.0,Medio
EXP-06549,CALI,VIF,Comisaria_1_Familia,2020,70.34,1.1,2,0,417,1,3,8,0,402,286.0,Medio
EXP-09515,CALI,VIF,Comisaria_1_Familia,2020,70.34,1.1,2,0,428,1,3,8,0,402,286.0,Medio
EXP-10146,CALI,VIF,Comisaria_1_Familia,2020,70.34,1.1,2,0,428,1,3,8,0,402,286.0,Medio
EXP-10881,CALI,VIF,Comisaria_1_Familia,2020,70.34,1.1,2,0,396,1,3,8,0,402,286.0,Medio
EXP-00417,CALI,VIF,Juzgado_Penal_Municipal_2,2023,70.34,1.05,7,0,430,1,3,8,6,401,272.5,Medio
EXP-00540,CALI,VIF,Juzgado_2_Familia,2022,70.34,1.2,1,0,409,1,3,8,3,401,309.0,Medio
EXP-01049,CALI,SUSTANCIAS,Juzgado_Penal_Municipal_2,2024,70.34,1.05,2,0,457,1,2,8,6,401,283.5,Medio
EXP-01588,CALI,VIF,Juzgado_2_Familia,2022,70.34,1.2,1,0,433,1,3,8,3,401,309.0,Medio
EXP-01665,CALI,VIF,Juzgado_2_Familia,2022,70.34,1.2,1,0,420,1,3,8,3,401,309.0,Medio
EXP-04011,CALI,SUSTANCIAS,Juzgado_Penal_Municipal_2,2023,70.34,1.05,2,0,397,1,2,8,6,401,283.5,Medio
EXP-04415,CALI,VIF,Juzgado_Penal_Municipal_2,2023,70.34,1.05,7,0,464,1,3,8,6,401,272.5,Medio
EXP-05871,CALI,VIF,Juzgado_Penal_Municipal_2,2023,70.34,1.05,7,0,435,1,3,8,6,401,272.5,Medio
EXP-06166,CALI,VIF,Juzgado_2_Familia,2022,70.34,1.2,1,0,408,1,3,8,3,401,309.0,Medio
EXP-06449,CALI,VIF,Juzgado_2_Familia,2022,70.34,1.2,1,0,404,1,3,8,3,401,309.0,Medio
EXP-07507,CALI,VIF,Juzgado_Penal_Municipal_2,2023,70.34,1.05,7,0,459,1,3,8,6,401,272.5,Medio
EXP-07578,CALI,VIF,Juzgado_2_Familia,2022,70.34,1.2,1,0,415,1,3,8,3,401,309.0,Medio
EXP-08082,CALI,SUSTANCIAS,Juzgado_Penal_Municipal_2,2024,70.34,1.05,2,0,475,1,2,8,6,401,283.5,Medio
EXP-10042,CALI,VIF,Juzgado_2_Familia,2022,70.34,1.2,1,0,446,1,3,8,3,401,309.0,Medio
EXP-10743,CALI,VIF,Juzgado_Penal_Municipal_2,2023,70.34,1.05,7,0,442,1,3,8,6,401,272.5,Medio
EXP-11360,CALI,VIF,Juzgado_Penal_Municipal_2,2023,70.34,1.05,7,0,209,0,3,8,6,401,272.5,Medio
EXP-06844,CALI,SUSTANCIAS,Juzgado_Penal_Municipal_2,2022,70.34,1.05,2,0,413,1,2,8,6,400,283.5,Medio
EXP-08340,CALI,SUSTANCIAS,Juzgado_Penal_Municipal_2,2020,70.34,1.05,1,0,420,1,2,8,6,400,283.5,Medio
EXP-09122,CALI,SUSTANCIAS,Juzgado_Penal_Municipal_2,2020,70.34,1.05,1,0,385,1,2,8,6,400,283.5,Medio
EXP-11909,CALI,SUSTANCIAS,Juzgado_Penal_Municipal_2,2022,70.34,1.05,2,0,420,1,2,8,6,400,283.5,Medio
EXP-00204,CALI,VIF,Comisaria_1_Familia,2024,70.34,1.1,2,0,204,0,3,8,0,399,286.0,Medio
EXP-00444,CALI,VIF,Comisaria_1_Familia,2024,70.34,1.1,2,0,436,1,3,8,0,399,286.0,Medio
EXP-00664,CALI,SUSTANCIAS,Juzgado_3_Familia,2024,70.34,0.95,3,0,419,1,2,8,4,399,279.5,Medio
EXP-01242,CALI,VIF,Comisaria_1_Familia,2023,70.34,1.1,2,0,214,0,3,8,0,399,286.0,Medio
EXP-01328,CALI,VIF,Comisaria_1_Familia,2023,70.34,1.1,2,0,404,1,3,8,0,399,286.0,Medio
EXP-01404,CALI,VIF,Comisaria_1_Familia,2024,70.34,1.1,2,0,443,1,3,8,0,399,286.0,Medio
EXP-02352,CALI,VIF,Comisaria_1_Familia,2024,70.34,1.1,2,0,419,1,3,8,0,399,286.0,Medio
EXP-02730,CALI,VIF,Comisaria_1_Familia,2024,70.34,1.1,2,0,479,1,3,8,0,399,286.0,Medio
EXP-02756,CALI,SUSTANCIAS,Juzgado_Penal_Municipal_2,2023,70.34,1.05,1,0,417,1,2,8,6,399,283.5,Medio
EXP-02905,CALI,VIF,Comisaria_1_Familia,2024,70.34,1.1,2,0,424,1,3,8,0,399,286.0,Medio
EXP-03319,CALI,VIF,Comisaria_1_Familia,2023,70.34,1.1,2,0,266,0,3,8,0,399,286.0,Medio
EXP-03421,CALI,VIF,Comisaria_1_Familia,2024,70.34,1.1,2,0,420,1,3,8,0,399,286.0,Medio
EXP-03840,CALI,VIF,Comisaria_1_Familia,2024,70.34,1.1,2,0,404,1,3,8,0,399,286.0,Medio
EXP-05494,CALI,VIF,Comisaria_1_Familia,2023,70.34,1.1,2,0,433,1,3,8,0,399,286.0,Medio
EXP-05570,CALI,SUSTANCIAS,Juzgado_Penal_Municipal_2,2024,70.34,1.05,1,0,372,1,2,8,6,399,283.5,Medio
EXP-05675,CALI,VIF,Comisaria_1_Familia,2024,70.34,1.1,2,0,419,1,3,8,0,399,286.0,Medio
EXP-07123,CALI,SUSTANCIAS,Juzgado_Penal_Municipal_2,2023,70.34,1.05,1,0,408,1,2,8,6,399,283.5,Medio
EXP-08414,CALI,VIF,Comisaria_1_Familia,2024,70.34,1.1,2,0,425,1,3,8,0,399,286.0,Medio
EXP-08540,CALI,SUSTANCIAS,Juzgado_Penal_Municipal_2,2024,70.34,1.05,1,0,433,1,2,8,6,399,283.5,Medio
EXP-11650,CALI,SUSTANCIAS,Juzgado_Penal_Municipal_2,2024,70.34,1.05,1,0,401,1,2,8,6,399,283.5,Medio
EXP-11892,CALI,VIF,Comisaria_1_Familia,2024,70.34,1.1,2,0,433,1,3,8,0,399,286.0,Medio
EXP-03075,CALI,VIF,Comisaria_1_Familia,2022,70.34,1.1,2,0,442,1,3,8,0,398,286.0,Medio
EXP-04028,CALI,VIF,Juzgado_Penal_Municipal_2,2020,70.34,1.05,5,0,173,0,3,8,6,398,272.5,Medio
EXP-05523,CALI,VIF,Comisaria_1_Familia,2021,70.34,1.1,1,0,372,1,3,8,0,398,286.0,Medio
EXP-06829,CALI,VIF,Juzgado_Penal_Municipal_2,2020,70.34,1.05,5,0,418,1,3,8,6,398,272.5,Medio
EXP-07938,CALI,VIF,Comisaria_1_Familia,2022,70.34,1.1,2,0,430,1,3,8,0,398,286.0,Medio
EXP-08514,CALI,VIF,Comisaria_1_Familia,2021,70.34,1.1,1,0,411,1,3,8,0,398,286.0,Medio
EXP-08793,CALI,VIF,Comisaria_1_Familia,2021,70.34,1.1,1,0,392,1,3,8,0,398,286.0,Medio
EXP-10224,CALI,VIF,Comisaria_1_Familia,2022,70.34,1.1,2,0,393,1,3,8,0,398,286.0,Medio
EXP-00873,CALI,VIF,Juzgado_Penal_Municipal_2,2022,70.34,1.05,5,0,425,1,3,8,6,397,272.5,Medio
EXP-01171,CALI,VIF,Juzgado_Penal_Municipal_2,2023,70.34,1.05,5,0,451,1,3,8,6,397,272.5,Medio
EXP-02584,CALI,VIF,Juzgado_Penal_Municipal_2,2024,70.34,1.05,5,0,469,1,3,8,6,397,272.5,Medio
EXP-03771,CALI,SUSTANCIAS,Juzgado_Penal_Municipal_2,2022,70.34,1.05,1,0,436,1,2,8,6,397,283.5,Medio
EXP-04328,CALI,VIF,Juzgado_Penal_Municipal_2,2021,70.34,1.05,4,0,436,1,3,8,6,397,272.5,Medio
EXP-04334,CALI,VIF,Juzgado_Penal_Municipal_2,2021,70.34,1.05,4,0,446,1,3,8,6,397,272.5,Medio
EXP-04441,CALI,SUSTANCIAS,Juzgado_Penal_Municipal_2,2022,70.34,1.05,1,0,452,1,2,8,6,397,283.5,Medio
EXP-07055,CALI,VIF,Juzgado_Penal_Municipal_2,2023,70.34,1.05,5,0,441,1,3,8,6,397,272.5,Medio
EXP-08668,CALI,VIF,Juzgado_Penal_Municipal_2,2024,70.34,1.05,5,0,273,0,3,8,6,397,272.5,Medio
EXP-10614,CALI,VIF,Juzgado_Penal_Municipal_2,2024,70.34,1.05,5,0,412,1,3,8,6,397,272.5,Medio
EXP-11355,CALI,VIF,Comisaria_1_Familia,2020,70.34,1.1,1,0,424,1,3,8,0,397,286.0,Medio
EXP-11830,CALI,VIF,Juzgado_Penal_Municipal_2,2021,70.34,1.05,4,0,363,0,3,8,6,397,272.5,Medio
EXP-00593,CALI,VIF,Comisaria_1_Familia,2024,70.34,1.1,1,0,377,1,3,8,0,396,286.0,Medio
EXP-01326,CALI,VIF,Comisaria_1_Familia,2024,70.34,1.1,1,0,208,0,3,8,0,396,286.0,Medio
EXP-01574,CALI,VIF,Comisaria_1_Familia,2024,70.34,1.1,1,0,264,0,3,8,0,396,286.0,Medio
EXP-01629,CALI,VIF,Comisaria_1_Familia,2024,70.34,1.1,1,0,425,1,3,8,0,396,286.0,Medio
EXP-02028,CALI,VIF,Comisaria_1_Familia,2023,70.34,1.1,1,0,390,1,3,8,0,396,286.0,Medio
EXP-02968,CALI,VIF,Comisaria_1_Familia,2024,70.34,1.1,1,0,382,1,3,8,0,396,286.0,Medio
EXP-05830,CALI,VIF,Juzgado_Penal_Municipal_2,2022,70.34,1.05,6,0,438,1,3,8,6,396,272.5,Medio
EXP-06392,CALI,VIF,Juzgado_Penal_Municipal_2,2022,70.34,1.05,6,0,432,1,3,8,6,396,272.5,Medio
EXP-06657,CALI,VIF,Juzgado_Penal_Municipal_2,2022,70.34,1.05,6,0,453,1,3,8,6,396,272.5,Medio
EXP-06714,CALI,VIF,Juzgado_Penal_Municipal_2,2022,70.34,1.05,6,0,405,1,3,8,6,396,272.5,Medio
EXP-06743,CALI,VIF,Comisaria_1_Familia,2024,70.34,1.1,1,0,421,1,3,8,0,396,286.0,Medio
EXP-06888,CALI,VIF,Comisaria_1_Familia,2024,70.34,1.1,1,0,387,1,3,8,0,396,286.0,Medio
EXP-07567,CALI,VIF,Comisaria_1_Familia,2023,70.34,1.1,1,0,418,1,3,8,0,396,286.0,Medio
EXP-08450,CALI,VIF,Juzgado_Penal_Municipal_2,2022,70.34,1.05,6,0,437,1,3,8,6,396,272.5,Medio
EXP-08700,CALI,VIF,Comisaria_1_Familia,2023,70.34,1.1,1,0,412,1,3,8,0,396,286.0,Medio
EXP-10332,CALI,VIF,Comisaria_1_Familia,2023,70.34,1.1,1,0,432,1,3,8,0,396,286.0,Medio
EXP-10880,CALI,VIF,Comisaria_1_Familia,2024,70.34,1.1,1,0,409,1,3,8,0,396,286.0,Medio
EXP-11247,CALI,VIF,Comisaria_1_Familia,2024,70.34,1.1,1,0,419,1,3,8,0,396,286.0,Medio
EXP-11260,CALI,VIF,Comisaria_1_Familia,2024,70.34,1.1,1,0,424,1,3,8,0,396,286.0,Medio
EXP-00787,CALI,VIF,Juzgado_Penal_Municipal_2,2023,70.34,1.05,6,0,456,1,3,8,6,395,272.5,Medio
EXP-01496,CALI,VIF,Comisaria_1_Familia,2022,70.34,1.1,1,0,388,1,3,8,0,395,286.0,Medio
EXP-01559,CALI,VIF,Comisaria_1_Familia,2022,70.34,1.1,1,0,412,1,3,8,0,395,286.0,Medio
EXP-03048,CALI,VIF,Juzgado_Penal_Municipal_2,2023,70.34,1.05,6,0,192,0,3,8,6,395,272.5,Medio
EXP-03195,CALI,VIF,Juzgado_Penal_Municipal_2,2024,70.34,1.05,6,0,447,1,3,8,6,395,272.5,Medio
EXP-07229,CALI,SUSTANCIAS,Comisaria_2_Familia,2023,70.34,0.9,5,0,400,1,2,8,1,395,288.0,Medio
EXP-08531,CALI,VIF,Comisaria_1_Familia,2022,70.34,1.1,1,0,394,1,3,8,0,395,286.0,Medio
EXP-09598,CALI,VIF,Juzgado_Penal_Municipal_2,2023,70.34,1.05,6,0,451,1,3,8,6,395,272.5,Medio
EXP-11922,CALI,VIF,Comisaria_1_Familia,2022,70.34,1.1,1,0,408,1,3,8,0,395,286.0,Medio
EXP-00196,CALI,VIF,Juzgado_Penal_Municipal_2,2023,70.34,1.05,4,0,413,1,3,8,6,394,272.5,Medio
EXP-04843,CALI,SUSTANCIAS,Comisaria_2_Familia,2023,70.34,0.9,6,0,443,1,2,8,1,394,288.0,Medio
EXP-05838,CALI,VIF,Juzgado_Penal_Municipal_2,2023,70.34,1.05,4,0,284,0,3,8,6,394,272.5,Medio
EXP-09578,CALI,SUSTANCIAS,Comisaria_2_Familia,2024,70.34,0.9,6,0,448,1,2,8,1,394,288.0,Medio
EXP-09955,CALI,VIF,Juzgado_Penal_Municipal_2,2024,70.34,1.05,4,0,440,1,3,8,6,394,272.5,Medio
EXP-10922,CALI,VIF,Juzgado_Penal_Municipal_2,2023,70.34,1.05,4,0,417,1,3,8,6,394,272.5,Medio
EXP-11701,CALI,VIF,Juzgado_Penal_Municipal_2,2024,70.34,1.05,4,0,435,1,3,8,6,394,272.5,Medio
EXP-03798,CALI,VIF,Juzgado_Penal_Municipal_2,2021,70.34,1.05,3,0,406,1,3,8,6,393,272.5,Medio
EXP-06024,CALI,VIF,Juzgado_Penal_Municipal_2,2022,70.34,1.05,4,0,426,1,3,8,6,393,272.5,Medio
EXP-06936,CALI,VIF,Juzgado_Penal_Municipal_2,2022,70.34,1.05,4,0,440,1,3,8,6,393,272.5,Medio
EXP-07743,CALI,VIF,Juzgado_Penal_Municipal_2,2022,70.34,1.05,4,0,436,1,3,8,6,393,272.5,Medio
EXP-10516,CALI,VIF,Juzgado_Penal_Municipal_2,2021,70.34,1.05,3,0,388,1,3,8,6,393,272.5,Medio
EXP-00121,CALI,VIF,Juzgado_Penal_Municipal_2,2020,70.34,1.05,4,0,451,1,3,8,6,391,272.5,Medio
EXP-01349,CALI,VIF,Juzgado_Penal_Municipal_2,2020,70.34,1.05,4,0,426,1,3,8,6,391,272.5,Medio
EXP-08116,CALI,SUSTANCIAS,Comisaria_2_Familia,2020,70.34,0.9,3,0,424,1,2,8,1,391,288.0,Medio
EXP-00585,CALI,VIF,Juzgado_Penal_Municipal_2,2022,70.34,1.05,3,0,414,1,3,8,6,389,272.5,Medio
EXP-01878,CALI,VIF,Juzgado_Penal_Municipal_2,2024,70.34,1.05,3,0,253,0,3,8,6,389,272.5,Medio
EXP-02415,CALI,VIF,Juzgado_Penal_Municipal_2,2024,70.34,1.05,3,0,446,1,3,8,6,389,272.5,Medio
EXP-02457,CALI,VIF,Juzgado_Penal_Municipal_2,2024,70.34,1.05,3,0,422,1,3,8,6,389,272.5,Medio
EXP-02902,CALI,VIF,Juzgado_Penal_Municipal_2,2022,70.34,1.05,3,0,427,1,3,8,6,389,272.5,Medio
EXP-03002,CALI,VIF,Juzgado_Penal_Municipal_2,2023,70.34,1.05,3,0,414,1,3,8,6,389,272.5,Medio
EXP-03255,CALI,VIF,Juzgado_Penal_Municipal_2,2023,70.34,1.05,3,0,248,0,3,8,6,389,272.5,Medio
EXP-08832,CALI,VIF,Juzgado_Penal_Municipal_2,2023,70.34,1.05,3,0,388,1,3,8,6,389,272.5,Medio
EXP-09971,CALI,VIF,Juzgado_Penal_Municipal_2,2023,70.34,1.05,3,0,427,1,3,8,6,389,272.5,Medio
EXP-11148,CALI,VIF,Juzgado_Penal_Municipal_2,2024,70.34,1.05,3,0,380,0,3,8,6,389,272.5,Medio
EXP-11534,CALI,VIF,Juzgado_Penal_Municipal_2,2024,70.34,1.05,3,0,441,1,3,8,6,389,272.5,Medio
EXP-11547,CALI,VIF,Juzgado_Penal_Municipal_2,2022,70.34,1.05,3,0,425,1,3,8,6,389,272.5,Medio
EXP-11858,CALI,VIF,Juzgado_Penal_Municipal_2,2023,70.34,1.05,3,0,415,1,3,8,6,389,272.5,Medio
EXP-02110,CALI,SUSTANCIAS,Juzgado_3_Familia,2021,70.34,0.95,1,0,413,1,2,8,4,388,279.5,Medio
EXP-02417,CALI,VIF,Juzgado_Penal_Municipal_2,2020,70.34,1.05,3,0,231,0,3,8,6,387,272.5,Medio
EXP-03012,CALI,VIF,Juzgado_Penal_Municipal_2,2021,70.34,1.05,2,0,384,1,3,8,6,387,272.5,Medio
EXP-03553,CALI,SUSTANCIAS,Comisaria_2_Familia,2023,70.34,0.9,4,0,425,1,2,8,1,387,288.0,Medio
EXP-03854,CALI,SUSTANCIAS,Comisaria_2_Familia,2024,70.34,0.9,4,0,403,1,2,8,1,387,288.0,Medio
EXP-04760,CALI,SUSTANCIAS,Juzgado_3_Familia,2022,70.34,0.95,2,0,405,1,2,8,4,387,279.5,Medio
EXP-05995,CALI,VIF,Juzgado_Penal_Municipal_2,2020,70.34,1.05,3,0,421,1,3,8,6,387,272.5,Medio
EXP-06530,CALI,SUSTANCIAS,Comisaria_2_Familia,2024,70.34,0.9,4,0,409,1,2,8,1,387,288.0,Medio
EXP-09190,CALI,SUSTANCIAS,Comisaria_2_Familia,2024,70.34,0.9,4,0,351,0,2,8,1,387,288.0,Medio
EXP-09396,CALI,VIF,Juzgado_Penal_Municipal_2,2020,70.34,1.05,3,0,377,1,3,8,6,387,272.5,Medio
EXP-09698,CALI,VIF,Juzgado_Penal_Municipal_2,2021,70.34,1.05,2,0,376,1,3,8,6,387,272.5,Medio
EXP-00777,CALI,SUSTANCIAS,Juzgado_3_Familia,2024,70.34,0.95,2,0,378,1,2,8,4,386,279.5,Medio
EXP-01286,CALI,SUSTANCIAS,Juzgado_3_Familia,2024,70.34,0.95,1,0,400,1,2,8,4,386,279.5,Medio
EXP-04522,CALI,SUSTANCIAS,Juzgado_3_Familia,2024,70.34,0.95,2,0,406,1,2,8,4,386,279.5,Medio
EXP-06727,CALI,SUSTANCIAS,Juzgado_3_Familia,2024,70.34,0.95,1,0,395,1,2,8,4,386,279.5,Medio
EXP-07862,CALI,SUSTANCIAS,Juzgado_3_Familia,2024,70.34,0.95,2,0,422,1,2,8,4,386,279.5,Medio
EXP-09100,CALI,SUSTANCIAS,Juzgado_3_Familia,2023,70.34,0.95,2,0,398,1,2,8,4,386,279.5,Medio
EXP-11365,CALI,SUSTANCIAS,Juzgado_3_Familia,2023,70.34,0.95,2,0,235,0,2,8,4,386,279.5,Medio
EXP-03494,CALI,VIF,Juzgado_Penal_Municipal_2,2022,70.34,1.05,2,0,424,1,3,8,6,384,272.5,Medio
EXP-04133,CALI,VIF,Juzgado_Penal_Municipal_2,2022,70.34,1.05,2,0,388,1,3,8,6,384,272.5,Medio
EXP-05566,CALI,VIF,Juzgado_Penal_Municipal_2,2024,70.34,1.05,2,0,414,1,3,8,6,384,272.5,Medio
EXP-07213,CALI,VIF,Juzgado_Penal_Municipal_2,2023,70.34,1.05,2,0,438,1,3,8,6,384,272.5,Medio
EXP-08135,CALI,VIF,Juzgado_Penal_Municipal_2,2024,70.34,1.05,2,0,443,1,3,8,6,384,272.5,Medio
EXP-08550,CALI,VIF,Juzgado_Penal_Municipal_2,2024,70.34,1.05,2,0,429,1,3,8,6,384,272.5,Medio
EXP-08912,CALI,VIF,Juzgado_Penal_Municipal_2,2022,70.34,1.05,2,0,422,1,3,8,6,384,272.5,Medio
EXP-09110,CALI,VIF,Juzgado_Penal_Municipal_2,2024,70.34,1.05,2,0,401,1,3,8,6,384,272.5,Medio
EXP-09346,CALI,VIF,Juzgado_Penal_Municipal_2,2022,70.34,1.05,2,0,394,1,3,8,6,384,272.5,Medio
EXP-00027,CALI,VIF,Juzgado_Penal_Municipal_2,2024,70.34,1.05,1,0,410,1,3,8,6,383,272.5,Medio
EXP-01922,CALI,VIF,Juzgado_Penal_Municipal_2,2021,70.34,1.05,1,0,401,1,3,8,6,383,272.5,Medio
EXP-01975,CALI,VIF,Juzgado_Penal_Municipal_2,2023,70.34,1.05,1,0,419,1,3,8,6,383,272.5,Medio
EXP-02452,CALI,VIF,Juzgado_Penal_Municipal_2,2023,70.34,1.05,1,0,190,0,3,8,6,383,272.5,Medio
EXP-04155,CALI,VIF,Juzgado_Penal_Municipal_2,2024,70.34,1.05,1,0,412,1,3,8,6,383,272.5,Medio
EXP-04313,CALI,VIF,Juzgado_Penal_Municipal_2,2023,70.34,1.05,1,0,391,1,3,8,6,383,272.5,Medio
EXP-05501,CALI,VIF,Juzgado_Penal_Municipal_2,2023,70.34,1.05,1,0,410,1,3,8,6,383,272.5,Medio
EXP-05902,CALI,SUSTANCIAS,Comisaria_2_Familia,2023,70.34,0.9,3,0,429,1,2,8,1,383,288.0,Medio
EXP-05939,CALI,VIF,Juzgado_Penal_Municipal_2,2024,70.34,1.05,1,0,226,0,3,8,6,383,272.5,Medio
EXP-06068,CALI,VIF,Juzgado_Penal_Municipal_2,2023,70.34,1.05,1,0,412,1,3,8,6,383,272.5,Medio
EXP-06583,CALI,SUSTANCIAS,Comisaria_2_Familia,2023,70.34,0.9,3,0,422,1,2,8,1,383,288.0,Medio
EXP-07316,CALI,VIF,Juzgado_Penal_Municipal_2,2024,70.34,1.05,1,0,402,1,3,8,6,383,272.5,Medio
EXP-08125,CALI,SUSTANCIAS,Comisaria_2_Familia,2024,70.34,0.9,3,0,395,1,2,8,1,383,288.0,Medio
EXP-08756,CALI,SUSTANCIAS,Comisaria_2_Familia,2024,70.34,0.9,3,0,392,1,2,8,1,383,288.0,Medio
EXP-08854,CALI,VIF,Juzgado_Penal_Municipal_2,2023,70.34,1.05,1,0,378,1,3,8,6,383,272.5,Medio
EXP-09600,CALI,SUSTANCIAS,Comisaria_2_Familia,2024,70.34,0.9,3,0,451,1,2,8,1,383,288.0,Medio
EXP-10017,CALI,VIF,Juzgado_Penal_Municipal_2,2024,70.34,1.05,1,0,302,0,3,8,6,383,272.5,Medio
EXP-10271,CALI,VIF,Juzgado_Penal_Municipal_2,2024,70.34,1.05,1,0,400,1,3,8,6,383,272.5,Medio
EXP-11251,CALI,SUSTANCIAS,Comisaria_2_Familia,2024,70.34,0.9,3,0,392,1,2,8,1,383,288.0,Medio
EXP-01122,CALI,VIF,Juzgado_Penal_Municipal_2,2022,70.34,1.05,1,0,296,0,3,8,6,382,272.5,Medio
EXP-01736,CALI,VIF,Juzgado_Penal_Municipal_2,2022,70.34,1.05,1,0,282,0,3,8,6,382,272.5,Medio
EXP-02341,CALI,VIF,Juzgado_Penal_Municipal_2,2022,70.34,1.05,1,0,401,1,3,8,6,382,272.5,Medio
EXP-03552,CALI,VIF,Juzgado_Penal_Municipal_2,2020,70.34,1.05,2,0,434,1,3,8,6,382,272.5,Medio
EXP-04319,CALI,VIF,Juzgado_Penal_Municipal_2,2022,70.34,1.05,1,0,332,0,3,8,6,382,272.5,Medio
EXP-06809,CALI,VIF,Juzgado_3_Familia,2021,70.34,0.95,2,0,391,1,3,8,4,382,255.75,Medio
EXP-06996,CALI,VIF,Juzgado_Penal_Municipal_2,2020,70.34,1.05,2,0,403,1,3,8,6,382,272.5,Medio
EXP-07090,CALI,VIF,Juzgado_3_Familia,2021,70.34,0.95,2,0,244,0,3,8,4,382,255.75,Medio
EXP-07236,CALI,VIF,Juzgado_3_Familia,2021,70.34,0.95,2,0,405,1,3,8,4,382,255.75,Medio
EXP-08056,CALI,VIF,Juzgado_Penal_Municipal_2,2022,70.34,1.05,1,0,399,1,3,8,6,382,272.5,Medio
EXP-08074,CALI,VIF,Juzgado_Penal_Municipal_2,2020,70.34,1.05,2,0,401,1,3,8,6,382,272.5,Medio
EXP-08260,CALI,VIF,Juzgado_3_Familia,2021,70.34,0.95,2,0,388,1,3,8,4,382,255.75,Medio
EXP-08940,CALI,VIF,Juzgado_3_Familia,2021,70.34,0.95,2,0,411,1,3,8,4,382,255.75,Medio
EXP-09403,CALI,VIF,Juzgado_3_Familia,2021,70.34,0.95,2,0,390,1,3,8,4,382,255.75,Medio
EXP-00658,CALI,VIF,Juzgado_3_Familia,2024,70.34,0.95,1,0,383,1,3,8,4,380,255.75,Medio
EXP-01752,CALI,VIF,Juzgado_3_Familia,2023,70.34,0.95,1,0,381,1,3,8,4,380,255.75,Medio
EXP-02289,CALI,VIF,Juzgado_3_Familia,2023,70.34,0.95,1,0,380,1,3,8,4,380,255.75,Medio
EXP-02434,CALI,VIF,Juzgado_3_Familia,2024,70.34,0.95,1,0,380,1,3,8,4,380,255.75,Medio
EXP-04002,CALI,VIF,Juzgado_3_Familia,2023,70.34,0.95,1,0,375,1,3,8,4,380,255.75,Medio
EXP-04784,CALI,VIF,Juzgado_3_Familia,2024,70.34,0.95,1,0,414,1,3,8,4,380,255.75,Medio
EXP-05312,CALI,VIF,Juzgado_3_Familia,2024,70.34,0.95,1,0,413,1,3,8,4,380,255.75,Medio
EXP-07725,CALI,VIF,Juzgado_3_Familia,2023,70.34,0.95,1,0,389,1,3,8,4,380,255.75,Medio
EXP-07759,CALI,VIF,Juzgado_3_Familia,2024,70.34,0.95,1,0,400,1,3,8,4,380,255.75,Medio
EXP-09297,CALI,VIF,Juzgado_3_Familia,2024,70.34,0.95,1,0,389,1,3,8,4,380,255.75,Medio
EXP-10211,CALI,VIF,Juzgado_3_Familia,2023,70.34,0.95,1,0,381,1,3,8,4,380,255.75,Medio
EXP-10629,CALI,VIF,Juzgado_3_Familia,2024,70.34,0.95,1,0,412,1,3,8,4,380,255.75,Medio
EXP-11043,CALI,VIF,Juzgado_3_Familia,2023,70.34,0.95,1,0,366,1,3,8,4,380,255.75,Medio
EXP-11707,CALI,VIF,Juzgado_3_Familia,2024,70.34,0.95,1,0,377,1,3,8,4,380,255.75,Medio
EXP-00257,CALI,VIF,Juzgado_3_Familia,2021,70.34,0.95,1,0,374,1,3,8,4,379,255.75,Medio
EXP-00839,CALI,VIF,Juzgado_Penal_Municipal_2,2020,70.34,1.05,1,0,404,1,3,8,6,379,272.5,Medio
EXP-01659,CALI,VIF,Juzgado_3_Familia,2023,70.34,0.95,2,0,409,1,3,8,4,379,255.75,Medio
EXP-01935,CALI,VIF,Juzgado_3_Familia,2024,70.34,0.95,2,0,390,1,3,8,4,379,255.75,Medio
EXP-02107,CALI,VIF,Juzgado_3_Familia,2021,70.34,0.95,1,0,398,1,3,8,4,379,255.75,Medio
EXP-02191,CALI,VIF,Juzgado_3_Familia,2024,70.34,0.95,2,0,395,1,3,8,4,379,255.75,Medio
EXP-02225,CALI,VIF,Juzgado_3_Familia,2023,70.34,0.95,2,0,416,1,3,8,4,379,255.75,Medio
EXP-02931,CALI,VIF,Juzgado_3_Familia,2024,70.34,0.95,2,0,421,1,3,8,4,379,255.75,Medio
EXP-04691,CALI,VIF,Juzgado_3_Familia,2024,70.34,0.95,2,0,391,1,3,8,4,379,255.75,Medio
EXP-05215,CALI,VIF,Juzgado_3_Familia,2024,70.34,0.95,2,0,403,1,3,8,4,379,255.75,Medio
EXP-06121,CALI,VIF,Juzgado_3_Familia,2024,70.34,0.95,2,0,372,1,3,8,4,379,255.75,Medio
EXP-06124,CALI,VIF,Juzgado_3_Familia,2024,70.34,0.95,2,0,402,1,3,8,4,379,255.75,Medio
EXP-06289,CALI,VIF,Juzgado_3_Familia,2020,70.34,0.95,2,0,330,1,3,8,4,379,255.75,Medio
EXP-06403,CALI,VIF,Juzgado_Penal_Municipal_2,2020,70.34,1.05,1,0,393,1,3,8,6,379,272.5,Medio
EXP-06455,CALI,VIF,Juzgado_Penal_Municipal_2,2020,70.34,1.05,1,0,429,1,3,8,6,379,272.5,Medio
EXP-06744,CALI,VIF,Juzgado_3_Familia,2020,70.34,0.95,2,0,396,1,3,8,4,379,255.75,Medio
EXP-07679,CALI,VIF,Juzgado_3_Familia,2024,70.34,0.95,2,0,391,1,3,8,4,379,255.75,Medio
EXP-09054,CALI,VIF,Juzgado_3_Familia,2024,70.34,0.95,2,0,179,0,3,8,4,379,255.75,Medio
EXP-09745,CALI,VIF,Juzgado_3_Familia,2024,70.34,0.95,2,0,397,1,3,8,4,379,255.75,Medio
EXP-09962,CALI,VIF,Juzgado_3_Familia,2021,70.34,0.95,1,0,418,1,3,8,4,379,255.75,Medio
EXP-10428,CALI,VIF,Juzgado_3_Familia,2023,70.34,0.95,2,0,393,1,3,8,4,379,255.75,Medio
EXP-07448,CALI,VIF,Juzgado_3_Familia,2022,70.34,0.95,2,0,347,1,3,8,4,378,255.75,Medio
EXP-04956,CALI,VIF,Juzgado_3_Familia,2022,70.34,0.95,1,0,370,1,3,8,4,377,255.75,Medio
EXP-06504,CALI,VIF,Juzgado_3_Familia,2020,70.34,0.95,1,0,397,1,3,8,4,377,255.75,Medio
EXP-08537,CALI,VIF,Juzgado_3_Familia,2022,70.34,0.95,1,0,395,1,3,8,4,377,255.75,Medio
EXP-08836,CALI,VIF,Juzgado_3_Familia,2020,70.34,0.95,1,0,400,1,3,8,4,377,255.75,Medio
EXP-09102,CALI,VIF,Juzgado_3_Familia,2022,70.34,0.95,1,0,360,1,3,8,4,377,255.75,Medio
EXP-11302,CALI,VIF,Juzgado_3_Familia,2022,70.34,0.95,1,0,382,1,3,8,4,377,255.75,Medio
EXP-00959,CALI,SUSTANCIAS,Comisaria_2_Familia,2020,70.34,0.9,2,0,428,1,2,8,1,375,288.0,Medio
EXP-11195,YUMBO,SUSTANCIAS,Juzgado_Penal_Municipal_1,2022,3.5,1.25,18,0,413,1,2,40,5,375,332.0,Medio
EXP-08692,CALI,SUSTANCIAS,Comisaria_2_Familia,2021,70.34,0.9,1,0,381,1,2,8,1,372,288.0,Medio
EXP-09544,CALI,SUSTANCIAS,Comisaria_2_Familia,2021,70.34,0.9,1,0,370,1,2,8,1,372,288.0,Medio
EXP-02508,GUADALAJARA DE BUGA,VIF,Juzgado_Penal_Municipal_1,2024,6.6,1.25,22,0,238,0,3,20,5,371,300.0,Medio
EXP-06152,CALI,SUSTANCIAS,Comisaria_2_Familia,2022,70.34,0.9,2,0,350,1,2,8,1,369,288.0,Medio
EXP-01685,GUADALAJARA DE BUGA,VIF,Juzgado_2_Familia,2022,6.6,1.2,22,0,403,1,3,20,3,368,309.0,Medio
EXP-02102,CALI,SUSTANCIAS,Comisaria_2_Familia,2024,70.34,0.9,2,0,428,1,2,8,1,368,288.0,Medio
EXP-03361,CALI,SUSTANCIAS,Comisaria_2_Familia,2022,70.34,0.9,1,0,393,1,2,8,1,368,288.0,Medio
EXP-03997,CALI,SUSTANCIAS,Comisaria_2_Familia,2024,70.34,0.9,2,0,403,1,2,8,1,368,288.0,Medio
EXP-09763,CALI,SUSTANCIAS,Comisaria_2_Familia,2024,70.34,0.9,2,0,393,1,2,8,1,368,288.0,Medio
EXP-09846,CALI,SUSTANCIAS,Comisaria_2_Familia,2023,70.34,0.9,2,0,409,1,2,8,1,368,288.0,Medio
EXP-10072,CALI,SUSTANCIAS,Comisaria_2_Familia,2022,70.34,0.9,1,0,425,1,2,8,1,368,288.0,Medio
EXP-10740,CALI,SUSTANCIAS,Comisaria_2_Familia,2023,70.34,0.9,2,0,366,0,2,8,1,368,288.0,Medio
EXP-04292,CALI,SUSTANCIAS,Comisaria_2_Familia,2024,70.34,0.9,1,0,410,1,2,8,1,367,288.0,Medio
EXP-06839,CALI,SUSTANCIAS,Comisaria_2_Familia,2023,70.34,0.9,1,0,416,1,2,8,1,367,288.0,Medio
EXP-11516,SEVILLA,VIF,Juzgado_Penal_Municipal_1,2024,1.62,1.25,22,0,411,1,3,32,5,361,300.0,Medio
EXP-03484,TULUA,SUSTANCIAS,Juzgado_Penal_Municipal_1,2023,3.34,1.25,17,0,307,0,2,36,5,359,332.0,Medio
EXP-01472,CALI,VIF,Comisaria_2_Familia,2021,70.34,0.9,2,0,384,1,3,8,1,358,240.0,Medio
EXP-03887,CALI,VIF,Comisaria_2_Familia,2021,70.34,0.9,2,0,387,1,3,8,1,358,240.0,Medio
EXP-04684,CARTAGO,VIF,Juzgado_2_Familia,2022,5.56,1.2,19,0,366,1,3,11,3,357,309.0,Medio
EXP-09947,CARTAGO,SUSTANCIAS,Juzgado_1_Familia,2023,5.56,1.35,11,0,365,1,2,11,2,357,333.0,Medio
EXP-01739,CALI,VIF,Comisaria_2_Familia,2021,70.34,0.9,1,0,352,1,3,8,1,356,240.0,Medio
EXP-07259,CALI,VIF,Comisaria_2_Familia,2021,70.34,0.9,1,0,336,1,3,8,1,356,240.0,Medio
EXP-02009,CALI,VIF,Comisaria_2_Familia,2020,70.34,0.9,2,0,360,1,3,8,1,355,240.0,Medio
EXP-02067,CALI,VIF,Comisaria_2_Familia,2020,70.34,0.9,2,0,394,1,3,8,1,355,240.0,Medio
EXP-00046,CALI,VIF,Comisaria_2_Familia,2024,70.34,0.9,2,0,383,1,3,8,1,354,240.0,Medio
EXP-00584,CALI,VIF,Comisaria_2_Familia,2023,70.34,0.9,2,0,303,0,3,8,1,354,240.0,Medio
EXP-00940,CALI,VIF,Comisaria_2_Familia,2023,70.34,0.9,2,0,364,1,3,8,1,354,240.0,Medio
EXP-01760,CALI,VIF,Comisaria_2_Familia,2022,70.34,0.9,2,0,374,1,3,8,1,354,240.0,Medio
EXP-01850,CALI,VIF,Comisaria_2_Familia,2022,70.34,0.9,1,0,299,0,3,8,1,354,240.0,Medio
EXP-02375,CALI,VIF,Comisaria_2_Familia,2022,70.34,0.9,1,0,341,0,3,8,1,354,240.0,Medio
EXP-02994,CALI,VIF,Comisaria_2_Familia,2022,70.34,0.9,1,0,342,0,3,8,1,354,240.0,Medio
EXP-03834,CALI,VIF,Comisaria_2_Familia,2022,70.34,0.9,1,0,370,1,3,8,1,354,240.0,Medio
EXP-04764,CALI,VIF,Comisaria_2_Familia,2024,70.34,0.9,2,0,417,1,3,8,1,354,240.0,Medio
EXP-06408,CALI,VIF,Comisaria_2_Familia,2022,70.34,0.9,2,0,399,1,3,8,1,354,240.0,Medio
EXP-06724,CALI,VIF,Comisaria_2_Familia,2023,70.34,0.9,2,0,400,1,3,8,1,354,240.0,Medio
EXP-07461,CALI,VIF,Comisaria_2_Familia,2023,70.34,0.9,2,0,360,1,3,8,1,354,240.0,Medio
EXP-07954,CALI,VIF,Comisaria_2_Familia,2022,70.34,0.9,2,0,334,0,3,8,1,354,240.0,Medio
EXP-08106,CALI,VIF,Comisaria_2_Familia,2022,70.34,0.9,1,0,379,1,3,8,1,354,240.0,Medio
EXP-09128,CALI,VIF,Comisaria_2_Familia,2024,70.34,0.9,2,0,361,1,3,8,1,354,240.0,Medio
EXP-09341,CALI,VIF,Comisaria_2_Familia,2024,70.34,0.9,2,0,413,1,3,8,1,354,240.0,Medio
EXP-09896,CALI,VIF,Comisaria_2_Familia,2022,70.34,0.9,2,0,234,0,3,8,1,354,240.0,Medio
EXP-10869,CALI,VIF,Comisaria_2_Familia,2024,70.34,0.9,2,0,390,1,3,8,1,354,240.0,Medio
EXP-11015,CALI,VIF,Comisaria_2_Familia,2022,70.34,0.9,1,0,373,1,3,8,1,354,240.0,Medio
EXP-11049,CALI,VIF,Comisaria_2_Familia,2024,70.34,0.9,2,0,425,1,3,8,1,354,240.0,Medio
EXP-11481,CALI,VIF,Comisaria_2_Familia,2022,70.34,0.9,1,0,394,1,3,8,1,354,240.0,Medio
EXP-00706,CALI,VIF,Comisaria_2_Familia,2024,70.34,0.9,1,0,375,1,3,8,1,353,240.0,Medio
EXP-00757,CALI,VIF,Comisaria_2_Familia,2023,70.34,0.9,1,0,356,1,3,8,1,353,240.0,Medio
EXP-01590,CALI,VIF,Comisaria_2_Familia,2023,70.34,0.9,1,0,347,1,3,8,1,353,240.0,Medio
EXP-02379,CALI,VIF,Comisaria_2_Familia,2020,70.34,0.9,1,0,365,1,3,8,1,353,240.0,Medio
EXP-02540,CALI,VIF,Comisaria_2_Familia,2024,70.34,0.9,1,0,355,1,3,8,1,353,240.0,Medio
EXP-02673,CALI,VIF,Comisaria_2_Familia,2023,70.34,0.9,1,0,373,1,3,8,1,353,240.0,Medio
EXP-03529,GUACARI,VIF,Juzgado_Penal_Municipal_1,2023,1.48,1.25,17,0,365,1,3,19,5,353,300.0,Medio
EXP-03976,CALI,VIF,Comisaria_2_Familia,2020,70.34,0.9,1,0,365,1,3,8,1,353,240.0,Medio
EXP-04361,CALI,VIF,Comisaria_2_Familia,2024,70.34,0.9,1,0,380,1,3,8,1,353,240.0,Medio
EXP-04849,CALI,VIF,Comisaria_2_Familia,2023,70.34,0.9,1,0,373,1,3,8,1,353,240.0,Medio
EXP-05054,CALI,VIF,Comisaria_2_Familia,2020,70.34,0.9,1,0,349,1,3,8,1,353,240.0,Medio
EXP-05428,GUADALAJARA DE BUGA,VIF,Juzgado_1_Familia,2024,6.6,1.35,19,0,236,0,3,20,2,353,327.75,Medio
EXP-05773,CALI,VIF,Comisaria_2_Familia,2023,70.34,0.9,1,0,376,1,3,8,1,353,240.0,Medio
EXP-06484,PALMIRA,VIF,Juzgado_1_Familia,2021,11.54,1.35,11,0,348,1,3,26,2,353,327.75,Medio
EXP-07113,CALI,VIF,Comisaria_2_Familia,2023,70.34,0.9,1,0,365,1,3,8,1,353,240.0,Medio
EXP-07134,CALI,VIF,Comisaria_2_Familia,2023,70.34,0.9,1,0,396,1,3,8,1,353,240.0,Medio
EXP-08045,CALI,VIF,Comisaria_2_Familia,2020,70.34,0.9,1,0,342,1,3,8,1,353,240.0,Medio
EXP-08334,CALI,VIF,Comisaria_2_Familia,2020,70.34,0.9,1,0,352,1,3,8,1,353,240.0,Medio
EXP-10701,CALI,VIF,Comisaria_2_Familia,2024,70.34,0.9,1,0,373,1,3,8,1,353,240.0,Medio
EXP-07290,PALMIRA,VIF,Juzgado_1_Familia,2021,11.54,1.35,12,0,347,1,3,26,2,352,327.75,Medio
EXP-02501,SAN PEDRO,SUSTANCIAS,Juzgado_1_Familia,2023,0.3,1.35,18,0,398,1,2,31,2,348,333.0,Medio
EXP-08820,GUADALAJARA DE BUGA,SUSTANCIAS,Juzgado_1_Familia,2024,6.6,1.35,12,0,403,1,2,20,2,347,333.0,Medio
EXP-05330,PALMIRA,VIF,Juzgado_1_Familia,2021,11.54,1.35,14,0,370,1,3,26,2,346,327.75,Medio
EXP-03272,PALMIRA,SUSTANCIAS,Juzgado_1_Familia,2022,11.54,1.35,13,0,441,1,2,26,2,345,333.0,Medio
EXP-04139,LA VICTORIA,SUSTANCIAS,Juzgado_Penal_Municipal_1,2022,0.1666666666666666,1.25,13,0,322,1,2,24,5,345,332.0,Medio
EXP-06475,GUADALAJARA DE BUGA,VIF,Juzgado_Penal_Municipal_1,2022,6.6,1.25,16,0,355,1,3,20,5,345,300.0,Medio
EXP-07572,GUADALAJARA DE BUGA,SUSTANCIAS,Juzgado_Penal_Municipal_1,2023,6.6,1.25,12,0,332,1,2,20,5,344,332.0,Medio
EXP-09996,ROLDANILLO,VIF,Juzgado_1_Familia,2022,1.26,1.35,17,0,370,1,3,30,2,342,327.75,Medio
EXP-04654,TULUA,SUSTANCIAS,Juzgado_1_Familia,2023,3.34,1.35,11,0,373,1,2,36,2,341,333.0,Medio
EXP-10613,PALMIRA,VIF,Juzgado_Penal_Municipal_1,2024,11.54,1.25,11,0,379,1,3,26,5,341,300.0,Medio
EXP-09290,GUADALAJARA DE BUGA,SUSTANCIAS,Juzgado_1_Familia,2023,6.6,1.35,16,0,216,0,2,20,2,340,333.0,Medio
EXP-02304,RIOFRIO,VIF,Juzgado_Penal_Municipal_1,2024,0.175,1.25,17,0,352,1,3,29,5,339,300.0,Medio
EXP-04733,GINEBRA,VIF,Juzgado_1_Familia,2024,0.6,1.35,18,0,356,1,3,18,2,339,327.75,Medio
EXP-04317,RIOFRIO,SUSTANCIAS,Juzgado_1_Familia,2024,0.175,1.35,16,0,260,0,2,29,2,338,333.0,Medio
EXP-10777,JAMUNDI,SUSTANCIAS,Juzgado_Penal_Municipal_1,2023,2.64,1.25,11,0,382,1,2,21,5,338,332.0,Medio
EXP-10909,PALMIRA,VIF,Juzgado_Penal_Municipal_1,2022,11.54,1.25,11,0,366,1,3,26,5,338,300.0,Medio
EXP-09260,CARTAGO,SUSTANCIAS,Juzgado_1_Familia,2022,5.56,1.35,13,0,366,1,2,11,2,337,333.0,Medio
EXP-11974,TRUJILLO,SUSTANCIAS,Juzgado_1_Familia,2024,0.225,1.35,12,0,370,1,2,35,2,337,333.0,Medio
EXP-02489,TRUJILLO,SUSTANCIAS,Juzgado_2_Familia,2024,0.225,1.2,21,0,243,0,2,35,3,336,319.0,Medio
EXP-03134,CARTAGO,VIF,Juzgado_1_Familia,2024,5.56,1.35,11,0,397,1,3,11,2,336,327.75,Medio
EXP-03589,GUADALAJARA DE BUGA,SUSTANCIAS,Juzgado_2_Familia,2023,6.6,1.2,12,0,400,1,2,20,3,336,319.0,Medio
EXP-04227,PALMIRA,VIF,Juzgado_1_Familia,2024,11.54,1.35,10,0,344,1,3,26,2,336,327.75,Medio
EXP-02659,FLORIDA,VIF,Juzgado_1_Familia,2023,0.8,1.35,17,0,365,1,3,17,2,334,327.75,Medio
EXP-04655,FLORIDA,SUSTANCIAS,Juzgado_1_Familia,2023,0.8,1.35,11,0,377,1,2,17,2,334,333.0,Medio
EXP-07048,CANDELARIA,VIF,Juzgado_1_Familia,2023,3.08,1.35,13,0,329,1,3,10,2,334,327.75,Medio
EXP-11040,JAMUNDI,VIF,Juzgado_2_Familia,2022,2.64,1.2,16,0,345,1,3,21,3,334,309.0,Medio
EXP-01475,CARTAGO,VIF,Juzgado_Penal_Municipal_1,2023,5.56,1.25,16,0,328,1,3,11,5,333,300.0,Medio
EXP-06179,GUACARI,SUSTANCIAS,Comisaria_1_Familia,2020,1.48,1.1,17,0,360,1,2,19,0,332,293.0,Medio
EXP-10424,BUENAVENTURA,VIF,Juzgado_1_Familia,2021,3.34,1.35,12,0,346,1,3,5,2,331,327.75,Medio
EXP-05842,GUADALAJARA DE BUGA,VIF,Juzgado_2_Familia,2021,6.6,1.2,15,0,373,1,3,20,3,329,309.0,Medio
EXP-11657,DAGUA,SUSTANCIAS,Juzgado_2_Familia,2023,1.3666666666666665,1.2,12,0,326,1,2,12,3,329,319.0,Medio
EXP-10681,PALMIRA,VIF,Juzgado_2_Familia,2023,11.54,1.2,12,0,371,1,3,26,3,327,309.0,Medio
EXP-00893,LA VICTORIA,VIF,Juzgado_2_Familia,2024,0.1666666666666666,1.2,16,0,166,0,3,24,3,326,309.0,Medio
EXP-10534,BUENAVENTURA,SUSTANCIAS,Juzgado_2_Familia,2024,3.34,1.2,12,0,328,1,2,5,3,326,319.0,Medio
EXP-11879,SIN_DATO,VIF,Juzgado_Penal_Municipal_1,2024,2.2,1.25,16,0,343,1,3,33,5,326,300.0,Medio
EXP-01240,TULUA,SUSTANCIAS,Juzgado_2_Familia,2020,3.34,1.2,11,0,305,1,2,36,3,325,319.0,Medio
EXP-09737,TULUA,VIF,Juzgado_2_Familia,2022,3.34,1.2,16,0,371,1,3,36,3,325,309.0,Medio
EXP-10039,PALMIRA,VIF,Juzgado_Penal_Municipal_1,2020,11.54,1.25,10,0,300,1,3,26,5,325,300.0,Medio
EXP-00144,YUMBO,SUSTANCIAS,Juzgado_2_Familia,2024,3.5,1.2,11,0,336,1,2,40,3,323,319.0,Medio
EXP-03899,CAICEDONIA,VIF,Juzgado_2_Familia,2023,1.28,1.2,22,0,387,1,3,7,3,323,309.0,Medio
EXP-00170,TULUA,VIF,Juzgado_Penal_Municipal_1,2021,3.34,1.25,16,0,343,1,3,36,5,322,300.0,Medio
EXP-01072,CANDELARIA,VIF,Juzgado_Penal_Municipal_1,2023,3.08,1.25,12,0,332,1,3,10,5,322,300.0,Medio
EXP-03399,PRADERA,SUSTANCIAS,Juzgado_Penal_Municipal_2,2020,0.72,1.05,18,0,334,1,2,27,6,322,283.5,Medio
EXP-05729,JAMUNDI,VIF,Juzgado_Penal_Municipal_1,2023,2.64,1.25,15,0,236,0,3,21,5,322,300.0,Medio
EXP-08216,GUADALAJARA DE BUGA,VIF,Comisaria_1_Familia,2023,6.6,1.1,16,0,370,1,3,20,0,321,286.0,Medio
EXP-08429,LA UNION,SUSTANCIAS,Juzgado_2_Familia,2021,0.575,1.2,12,0,319,1,2,23,3,321,319.0,Medio
EXP-06893,DAGUA,SUSTANCIAS,Juzgado_2_Familia,2020,1.3666666666666665,1.2,14,0,308,1,2,12,3,320,319.0,Medio
EXP-05226,GUADALAJARA DE BUGA,VIF,Comisaria_1_Familia,2021,6.6,1.1,15,0,374,1,3,20,0,318,286.0,Medio
EXP-05651,PALMIRA,VIF,Juzgado_2_Familia,2020,11.54,1.2,10,0,339,1,3,26,3,317,309.0,Medio
EXP-05532,PALMIRA,SUSTANCIAS,Juzgado_3_Familia,2022,11.54,0.95,16,0,318,1,2,26,4,316,279.5,Medio
EXP-05739,TULUA,VIF,Juzgado_2_Familia,2020,3.34,1.2,15,0,306,1,3,36,3,316,309.0,Medio
EXP-06102,CARTAGO,VIF,Juzgado_Penal_Municipal_2,2024,5.56,1.05,19,0,369,1,3,11,6,316,272.5,Medio
EXP-07310,ROLDANILLO,VIF,Juzgado_2_Familia,2020,1.26,1.2,16,0,332,1,3,30,3,316,309.0,Medio
EXP-08142,PALMIRA,SUSTANCIAS,Juzgado_3_Familia,2022,11.54,0.95,16,0,346,1,2,26,4,316,279.5,Medio
EXP-02007,CANDELARIA,VIF,Juzgado_Penal_Municipal_1,2024,3.08,1.25,11,0,283,1,3,10,5,315,300.0,Medio
EXP-08651,YUMBO,VIF,Comisaria_1_Familia,2022,3.5,1.1,16,0,335,1,3,40,0,315,286.0,Medio
EXP-01632,VERSALLES,VIF,Comisaria_1_Familia,2024,0.1333333333333333,1.1,23,0,403,1,3,37,0,314,286.0,Medio
EXP-06020,PRADERA,SUSTANCIAS,Comisaria_1_Familia,2023,0.72,1.1,16,0,364,1,2,27,0,314,293.0,Medio
EXP-02080,ROLDANILLO,SUSTANCIAS,Comisaria_1_Familia,2023,1.26,1.1,15,0,350,1,2,30,0,313,293.0,Medio
EXP-03560,GUADALAJARA DE BUGA,SUSTANCIAS,Comisaria_1_Familia,2024,6.6,1.1,11,0,337,1,2,20,0,313,293.0,Medio
EXP-05209,TRUJILLO,VIF,Comisaria_1_Familia,2022,0.225,1.1,21,0,341,1,3,35,0,313,286.0,Medio
EXP-06278,PALMIRA,VIF,Juzgado_2_Familia,2022,11.54,1.2,10,0,356,1,3,26,3,313,309.0,Medio
EXP-00464,JAMUNDI,VIF,Juzgado_Penal_Municipal_2,2021,2.64,1.05,20,0,338,1,3,21,6,312,272.5,Medio
EXP-03110,PALMIRA,VIF,Juzgado_Penal_Municipal_1,2022,11.54,1.25,9,0,323,1,3,26,5,311,300.0,Medio
EXP-05242,YUMBO,VIF,Juzgado_Penal_Municipal_1,2022,3.5,1.25,12,0,324,1,3,40,5,311,300.0,Medio
EXP-01095,BUENAVENTURA,VIF,Juzgado_2_Familia,2024,3.34,1.2,17,0,355,1,3,5,3,310,309.0,Medio
EXP-02216,PALMIRA,SUSTANCIAS,Comisaria_1_Familia,2023,11.54,1.1,12,0,343,1,2,26,0,309,293.0,Medio
EXP-02664,BUENAVENTURA,SUSTANCIAS,Comisaria_1_Familia,2024,3.34,1.1,13,0,341,1,2,5,0,307,293.0,Medio
EXP-08638,PALMIRA,VIF,Juzgado_Penal_Municipal_1,2023,11.54,1.25,8,0,345,1,3,26,5,306,300.0,Medio
EXP-08952,PALMIRA,VIF,Comisaria_1_Familia,2021,11.54,1.1,11,0,294,1,3,26,0,306,286.0,Medio
EXP-09541,DAGUA,VIF,Juzgado_Penal_Municipal_1,2024,1.3666666666666665,1.25,13,0,317,1,3,12,5,306,300.0,Medio
EXP-10954,DAGUA,VIF,Juzgado_Penal_Municipal_2,2023,1.3666666666666665,1.05,17,0,317,1,3,12,6,306,272.5,Medio
EXP-10997,RESTREPO,SUSTANCIAS,Juzgado_Penal_Municipal_2,2022,0.24,1.05,15,0,355,1,2,28,6,306,283.5,Medio
EXP-05323,VIJES,VIF,Juzgado_Penal_Municipal_1,2023,0.175,1.25,14,0,327,1,3,38,5,305,300.0,Medio
EXP-08481,YUMBO,VIF,Juzgado_Penal_Municipal_1,2022,3.5,1.25,11,0,331,1,3,40,5,305,300.0,Medio
EXP-09092,TULUA,SUSTANCIAS,Comisaria_1_Familia,2024,3.34,1.1,13,0,323,1,2,36,0,305,293.0,Medio
EXP-09157,CANDELARIA,SUSTANCIAS,Comisaria_1_Familia,2024,3.08,1.1,14,0,316,1,2,10,0,305,293.0,Medio
EXP-08184,PALMIRA,VIF,Comisaria_1_Familia,2024,11.54,1.1,11,0,169,0,3,26,0,304,286.0,Medio
EXP-05342,JAMUNDI,SUSTANCIAS,Comisaria_1_Familia,2021,2.64,1.1,11,0,297,1,2,21,0,303,293.0,Medio
EXP-05802,PALMIRA,VIF,Comisaria_1_Familia,2024,11.54,1.1,12,0,333,1,3,26,0,303,286.0,Medio
EXP-09452,GUADALAJARA DE BUGA,VIF,Comisaria_1_Familia,2021,6.6,1.1,13,0,303,1,3,20,0,303,286.0,Medio
EXP-11230,RESTREPO,VIF,Juzgado_Penal_Municipal_1,2022,0.24,1.25,12,0,333,1,3,28,5,303,300.0,Medio
EXP-00972,TORO,SUSTANCIAS,Comisaria_1_Familia,2022,0.1333333333333333,1.1,15,0,325,1,2,34,0,302,293.0,Medio
EXP-01307,YOTOCO,VIF,Juzgado_Penal_Municipal_1,2024,0.58,1.25,12,0,330,1,3,39,5,302,300.0,Medio
EXP-02197,LA VICTORIA,VIF,Juzgado_3_Familia,2023,0.1666666666666666,0.95,18,0,303,1,3,24,4,302,255.75,Medio
EXP-04360,ROLDANILLO,SUSTANCIAS,Comisaria_1_Familia,2022,1.26,1.1,13,0,337,1,2,30,0,302,293.0,Medio
EXP-08977,CARTAGO,VIF,Juzgado_Penal_Municipal_1,2024,5.56,1.25,10,0,315,1,3,11,5,302,300.0,Medio
EXP-02133,FLORIDA,VIF,Juzgado_Penal_Municipal_1,2020,0.8,1.25,13,0,293,1,3,17,5,301,300.0,Medio
EXP-06647,ANDALUCIA,VIF,Juzgado_Penal_Municipal_2,2022,0.38,1.05,19,0,341,1,3,1,6,301,272.5,Medio
EXP-11110,ZARZAL,VIF,Juzgado_Penal_Municipal_1,2021,1.12,1.25,13,0,318,1,3,41,5,301,300.0,Medio
EXP-02014,GUADALAJARA DE BUGA,VIF,Juzgado_3_Familia,2022,6.6,0.95,21,0,278,0,3,20,4,300,255.75,Medio
EXP-11404,CARTAGO,VIF,Comisaria_1_Familia,2021,5.56,1.1,14,0,341,1,3,11,0,300,286.0,Medio
EXP-00899,CARTAGO,SUSTANCIAS,Juzgado_Penal_Municipal_2,2024,5.56,1.05,11,0,331,1,2,11,6,297,283.5,Medio
EXP-04119,ZARZAL,SUSTANCIAS,Comisaria_1_Familia,2020,1.12,1.1,12,0,313,1,2,41,0,297,293.0,Medio
EXP-06619,CARTAGO,VIF,Comisaria_1_Familia,2022,5.56,1.1,14,0,330,1,3,11,0,297,286.0,Medio
EXP-09888,PALMIRA,VIF,Comisaria_1_Familia,2024,11.54,1.1,14,0,338,1,3,26,0,297,286.0,Medio
EXP-04341,YUMBO,VIF,Comisaria_2_Familia,2020,3.5,0.9,20,0,328,1,3,40,1,295,240.0,Medio
EXP-02793,GINEBRA,SUSTANCIAS,Juzgado_3_Familia,2023,0.6,0.95,16,0,341,1,2,18,4,294,279.5,Medio
EXP-04960,CANDELARIA,SUSTANCIAS,Juzgado_Penal_Municipal_2,2021,3.08,1.05,12,0,298,1,2,10,6,294,283.5,Medio
EXP-09445,JAMUNDI,VIF,Comisaria_1_Familia,2022,2.64,1.1,14,0,302,1,3,21,0,294,286.0,Medio
EXP-01865,BUGALAGRANDE,SUSTANCIAS,Juzgado_3_Familia,2024,0.2799999999999999,0.95,18,0,338,1,2,6,4,293,279.5,Medio
EXP-02551,PALMIRA,VIF,Juzgado_Penal_Municipal_2,2021,11.54,1.05,11,0,303,1,3,26,6,293,272.5,Medio
EXP-04064,CANDELARIA,VIF,Comisaria_1_Familia,2020,3.08,1.1,13,0,312,1,3,10,0,292,286.0,Medio
EXP-07855,YOTOCO,SUSTANCIAS,Juzgado_Penal_Municipal_2,2024,0.58,1.05,12,0,341,1,2,39,6,292,283.5,Medio
EXP-08875,CARTAGO,VIF,Comisaria_1_Familia,2024,5.56,1.1,14,0,341,1,3,11,0,292,286.0,Medio
EXP-10377,PALMIRA,SUSTANCIAS,Juzgado_3_Familia,2022,11.54,0.95,14,0,306,1,2,26,4,292,279.5,Medio
EXP-02039,SEVILLA,VIF,Juzgado_3_Familia,2022,1.62,0.95,17,0,232,0,3,32,4,290,255.75,Medio
EXP-00135,CARTAGO,VIF,Comisaria_2_Familia,2020,5.56,0.9,18,0,302,1,3,11,1,289,240.0,Medio
EXP-04031,JAMUNDI,VIF,Comisaria_1_Familia,2023,2.64,1.1,11,0,296,1,3,21,0,288,286.0,Medio
EXP-03564,YOTOCO,SUSTANCIAS,Juzgado_Penal_Municipal_2,2022,0.58,1.05,12,0,268,1,2,39,6,287,283.5,Medio
EXP-07426,PALMIRA,SUSTANCIAS,Juzgado_Penal_Municipal_2,2024,11.54,1.05,10,0,331,1,2,26,6,286,283.5,Medio
EXP-08755,SIN_DATO,VIF,Juzgado_Penal_Municipal_2,2022,2.2,1.05,15,0,308,1,3,33,6,286,272.5,Medio
EXP-01321,CARTAGO,VIF,Juzgado_Penal_Municipal_2,2020,5.56,1.05,16,0,210,0,3,11,6,285,272.5,Medio
EXP-06326,TRUJILLO,SUSTANCIAS,Juzgado_Penal_Municipal_2,2023,0.225,1.05,11,0,282,1,2,35,6,285,283.5,Medio
EXP-03124,PALMIRA,VIF,Juzgado_3_Familia,2022,11.54,0.95,11,0,298,1,3,26,4,283,255.75,Medio
EXP-03514,CAICEDONIA,VIF,Juzgado_Penal_Municipal_2,2024,1.28,1.05,16,0,312,1,3,7,6,282,272.5,Medio
EXP-04695,GUADALAJARA DE BUGA,SUSTANCIAS,Juzgado_3_Familia,2024,6.6,0.95,12,0,346,1,2,20,4,281,279.5,Medio
EXP-05089,CARTAGO,VIF,Juzgado_Penal_Municipal_2,2022,5.56,1.05,12,0,325,1,3,11,6,279,272.5,Medio
EXP-05763,JAMUNDI,VIF,Juzgado_Penal_Municipal_2,2024,2.64,1.05,12,0,288,1,3,21,6,278,272.5,Medio
EXP-00381,CARTAGO,VIF,Juzgado_Penal_Municipal_2,2023,5.56,1.05,14,0,266,0,3,11,6,277,272.5,Medio
EXP-03093,CARTAGO,VIF,Juzgado_Penal_Municipal_2,2023,5.56,1.05,14,0,308,1,3,11,6,277,272.5,Medio
EXP-06875,CANDELARIA,VIF,Comisaria_2_Familia,2024,3.08,0.9,24,0,344,1,3,10,1,277,240.0,Medio
EXP-08456,CALIMA,VIF,Juzgado_Penal_Municipal_2,2021,0.3199999999999999,1.05,22,0,221,0,3,9,6,277,272.5,Medio
EXP-01063,CANDELARIA,VIF,Comisaria_2_Familia,2023,3.08,0.9,20,0,326,1,3,10,1,275,240.0,Medio
EXP-01232,CARTAGO,VIF,Juzgado_Penal_Municipal_2,2022,5.56,1.05,11,0,284,1,3,11,6,275,272.5,Medio
EXP-03715,SIN_DATO,VIF,Juzgado_Penal_Municipal_2,2021,2.2,1.05,14,0,303,1,3,33,6,275,272.5,Medio
EXP-05340,YUMBO,VIF,Juzgado_Penal_Municipal_2,2020,3.5,1.05,13,0,258,1,3,40,6,275,272.5,Medio
EXP-00677,BUENAVENTURA,VIF,Juzgado_3_Familia,2024,3.34,0.95,17,0,302,1,3,5,4,274,255.75,Medio
EXP-10908,RESTREPO,VIF,Juzgado_Penal_Municipal_2,2024,0.24,1.05,14,0,328,1,3,28,6,274,272.5,Medio
EXP-03636,GINEBRA,VIF,Juzgado_Penal_Municipal_2,2023,0.6,1.05,14,0,316,1,3,18,6,273,272.5,Medio
EXP-08433,PALMIRA,VIF,Juzgado_Penal_Municipal_2,2024,11.54,1.05,10,0,315,1,3,26,6,273,272.5,Medio
EXP-10451,GUADALAJARA DE BUGA,VIF,Juzgado_3_Familia,2023,6.6,0.95,12,0,304,1,3,20,4,273,255.75,Medio
EXP-11583,PALMIRA,VIF,Juzgado_Penal_Municipal_2,2023,11.54,1.05,10,0,297,1,3,26,6,273,272.5,Medio
EXP-00327,SEVILLA,VIF,Juzgado_3_Familia,2023,1.62,0.95,15,0,275,1,3,32,4,268,255.75,Medio
EXP-01894,PALMIRA,VIF,Comisaria_2_Familia,2020,11.54,0.9,11,0,296,1,3,26,1,268,240.0,Medio
EXP-11932,VIJES,VIF,Juzgado_3_Familia,2023,0.175,0.95,14,0,326,1,3,38,4,267,255.75,Medio
EXP-08929,CARTAGO,VIF,Juzgado_3_Familia,2024,5.56,0.95,12,0,280,1,3,11,4,266,255.75,Medio
EXP-11604,JAMUNDI,VIF,Juzgado_3_Familia,2024,2.64,0.95,14,0,311,1,3,21,4,265,255.75,Medio
EXP-02739,GINEBRA,VIF,Juzgado_3_Familia,2022,0.6,0.95,15,0,302,1,3,18,4,264,255.75,Medio
EXP-02094,JAMUNDI,VIF,Comisaria_2_Familia,2022,2.64,0.9,15,0,303,1,3,21,1,262,240.0,Medio
EXP-10935,CANDELARIA,VIF,Juzgado_3_Familia,2020,3.08,0.95,15,0,265,1,3,10,4,262,255.75,Medio
EXP-05257,TULUA,VIF,Juzgado_3_Familia,2022,3.34,0.95,11,0,255,1,3,36,4,261,255.75,Medio
EXP-06827,CARTAGO,VIF,Juzgado_3_Familia,2021,5.56,0.95,13,0,218,0,3,11,4,260,255.75,Medio
EXP-09319,CANDELARIA,VIF,Juzgado_3_Familia,2024,3.08,0.95,13,0,282,1,3,10,4,260,255.75,Medio
EXP-04534,JAMUNDI,VIF,Juzgado_3_Familia,2023,2.64,0.95,11,0,306,1,3,21,4,259,255.75,Medio
EXP-04613,CARTAGO,VIF,Comisaria_2_Familia,2024,5.56,0.9,12,0,285,1,3,11,1,259,240.0,Medio
EXP-09041,LA VICTORIA,VIF,Juzgado_3_Familia,2022,0.1666666666666666,0.95,12,0,297,1,3,24,4,259,255.75,Medio
EXP-00227,TORO,VIF,Juzgado_3_Familia,2023,0.1333333333333333,0.95,13,0,211,0,3,34,4,258,255.75,Medio
EXP-01660,TORO,VIF,Juzgado_3_Familia,2024,0.1333333333333333,0.95,13,0,244,1,3,34,4,258,255.75,Medio
EXP-00644,PALMIRA,VIF,Juzgado_3_Familia,2024,11.54,0.95,9,0,257,1,3,26,4,257,255.75,Medio
EXP-03310,PALMIRA,VIF,Comisaria_2_Familia,2023,11.54,0.9,14,0,278,1,3,26,1,257,240.0,Medio
EXP-05634,PALMIRA,VIF,Juzgado_3_Familia,2022,11.54,0.95,9,0,267,1,3,26,4,257,255.75,Medio
EXP-08643,PALMIRA,VIF,Juzgado_3_Familia,2023,11.54,0.95,9,0,241,1,3,26,4,257,255.75,Medio
EXP-11298,PALMIRA,VIF,Juzgado_3_Familia,2022,11.54,0.95,9,0,278,1,3,26,4,257,255.75,Medio
EXP-11445,PALMIRA,VIF,Comisaria_2_Familia,2023,11.54,0.9,13,0,304,1,3,26,1,257,240.0,Medio
EXP-00447,ANSERMANUEVO,VIF,Juzgado_3_Familia,2023,0.2,0.95,12,0,283,1,3,2,4,256,255.75,Medio
EXP-04114,ANSERMANUEVO,VIF,Juzgado_3_Familia,2024,0.2,0.95,14,0,284,1,3,2,4,256,255.75,Medio
EXP-05473,ROLDANILLO,VIF,Comisaria_2_Familia,2023,1.26,0.9,15,0,252,1,3,30,1,254,240.0,Medio
EXP-11944,PALMIRA,VIF,Comisaria_2_Familia,2022,11.54,0.9,10,0,244,1,3,26,1,254,240.0,Medio
EXP-05163,JAMUNDI,VIF,Comisaria_2_Familia,2024,2.64,0.9,12,0,281,1,3,21,1,253,240.0,Medio
EXP-07675,JAMUNDI,VIF,Comisaria_2_Familia,2023,2.64,0.9,11,0,284,1,3,21,1,252,240.0,Medio
EXP-00552,DAGUA,VIF,Comisaria_2_Familia,2021,1.3666666666666665,0.9,14,0,279,1,3,12,1,247,240.0,Medio
EXP-06699,GUADALAJARA DE BUGA,VIF,Comisaria_2_Familia,2022,6.6,0.9,10,0,246,1,3,20,1,247,240.0,Medio
EXP-01456,PALMIRA,VIF,Comisaria_2_Familia,2023,11.54,0.9,9,0,255,1,3,26,1,246,240.0,Medio
EXP-08824,PALMIRA,VIF,Comisaria_2_Familia,2024,11.54,0.9,9,0,243,1,3,26,1,246,240.0,Medio
EXP-11087,PALMIRA,VIF,Comisaria_2_Familia,2024,11.54,0.9,9,0,278,1,3,26,1,246,240.0,Medio
EXP-11441,EL CERRITO,VIF,Comisaria_2_Familia,2023,1.1,0.9,12,0,250,1,3,15,1,246,240.0,Medio
EXP-06913,TULUA,VIF,Comisaria_2_Familia,2024,3.34,0.9,10,0,257,1,3,36,1,244,240.0,Medio
EXP-02465,JAMUNDI,VIF,Comisaria_2_Familia,2020,2.64,0.9,13,0,216,1,3,21,1,243,240.0,Medio
EXP-05851,CARTAGO,VIF,Comisaria_2_Familia,2023,5.56,0.9,10,0,255,1,3,11,1,243,240.0,Medio
EXP-10238,CARTAGO,VIF,Comisaria_2_Familia,2024,5.56,0.9,10,0,237,1,3,11,1,243,240.0,Medio
EXP-04291,SIN_DATO,VIF,Comisaria_2_Familia,2022,2.2,0.9,12,0,274,1,3,33,1,242,240.0,Medio
EXP-11012,CARTAGO,VIF,Comisaria_2_Familia,2022,5.56,0.9,10,0,275,1,3,11,1,241,240.0,Medio
