expediente_id,municipio,tipo_proceso,despacho,anio_radicacion,ivf_score,carga_despacho,n_audiencias,apelacion,duracion_dias,terminado
EXP-00001,YUMBO,SUSTANCIAS,Juzgado_3_Familia,2024,3.5,0.95,3,0,219,1
EXP-00002,GUACARI,HURTO_PATRIMONIAL,Juzgado_Penal_Municipal_1,2020,1.48,1.25,2,0,373,1
EXP-00003,JAMUNDI,VIF,Juzgado_1_Familia,2023,2.64,1.35,3,0,269,1
EXP-00004,TORO,VIF,Comisaria_2_Familia,2023,0.1333333333333333,0.9,3,0,182,1
EXP-00005,TULUA,ALIMENTOS,Juzgado_2_Familia,2023,3.34,1.2,4,1,443,1
EXP-00006,ROLDANILLO,ALIMENTOS,Juzgado_Penal_Municipal_1,2021,1.26,1.25,4,0,346,1
EXP-00007,CALI,ALIMENTOS,Comisaria_2_Familia,2022,70.34,0.9,5,0,462,1
EXP-00008,CALI,ALIMENTOS,Juzgado_1_Familia,2024,70.34,1.35,6,0,562,1
EXP-00009,CAICEDONIA,SUSTANCIAS,Juzgado_1_Familia,2023,1.28,1.35,3,0,279,1
EXP-00010,GUACARI,ALIMENTOS,Juzgado_3_Familia,2023,1.48,0.95,1,0,255,1
EXP-00011,CALI,VIF,Juzgado_3_Familia,2020,70.34,0.95,19,0,353,0
EXP-00012,SIN_DATO,ALIMENTOS,Comisaria_2_Familia,2020,2.2,0.9,6,0,167,0
EXP-00013,PALMIRA,VIF,Juzgado_Penal_Municipal_1,2023,11.54,1.25,3,0,265,1
EXP-00014,CAICEDONIA,ALIMENTOS,Comisaria_2_Familia,2024,1.28,0.9,4,1,363,1
EXP-00015,GUADALAJARA DE BUGA,ALIMENTOS,Juzgado_1_Familia,2022,6.6,1.35,4,0,233,0
EXP-00016,JAMUNDI,ALIMENTOS,Comisaria_2_Familia,2022,2.64,0.9,2,1,364,1
EXP-00017,ROLDANILLO,HURTO_PATRIMONIAL,Juzgado_3_Familia,2021,1.26,0.95,10,0,246,0
EXP-00018,CARTAGO,ALIMENTOS,Comisaria_2_Familia,2024,5.56,0.9,1,0,242,1
EXP-00019,TULUA,SUSTANCIAS,Juzgado_1_Familia,2023,3.34,1.35,3,0,312,1
EXP-00020,SIN_DATO,VIF,Juzgado_2_Familia,2024,2.2,1.2,1,0,251,1
EXP-00021,BOLIVAR,HURTO_PATRIMONIAL,Juzgado_1_Familia,2023,0.2333333333333333,1.35,7,1,620,1
EXP-00022,GUADALAJARA DE BUGA,ALIMENTOS,Juzgado_2_Familia,2023,6.6,1.2,7,0,339,1
EXP-00023,CAICEDONIA,HURTO_PATRIMONIAL,Juzgado_1_Familia,2022,1.28,1.35,16,0,507,1
EXP-00024,CANDELARIA,SUSTANCIAS,Juzgado_3_Familia,2024,3.08,0.95,10,0,302,1
EXP-00025,JAMUNDI,VIF,Juzgado_1_Familia,2020,2.64,1.35,3,0,275,1
EXP-00026,BUENAVENTURA,SUSTANCIAS,Juzgado_3_Familia,2024,3.34,0.95,1,0,177,1
EXP-00027,CALI,VIF,Juzgado_Penal_Municipal_2,2024,70.34,1.05,1,0,410,1
EXP-00028,CALI,VIF,Juzgado_2_Familia,2022,70.34,1.2,8,0,503,1
EXP-00029,LA UNION,HURTO_PATRIMONIAL,Juzgado_1_Familia,2023,0.575,1.35,6,0,530,1
EXP-00030,LA UNION,HURTO_PATRIMONIAL,Juzgado_Penal_Municipal_2,2020,0.575,1.05,4,0,292,1
EXP-00031,GUADALAJARA DE BUGA,VIF,Juzgado_Penal_Municipal_1,2022,6.6,1.25,2,0,273,1
EXP-00032,GINEBRA,ALIMENTOS,Comisaria_2_Familia,2023,0.6,0.9,4,0,232,1
EXP-00033,VERSALLES,VIF,Juzgado_Penal_Municipal_1,2020,0.1333333333333333,1.25,2,0,176,0
EXP-00034,CALIMA,VIF,Comisaria_2_Familia,2020,0.3199999999999999,0.9,2,0,155,1
EXP-00035,ROLDANILLO,ALIMENTOS,Comisaria_2_Familia,2024,1.26,0.9,1,0,269,1
EXP-00036,CALI,ALIMENTOS,Comisaria_2_Familia,2020,70.34,0.9,5,0,472,1
EXP-00037,CANDELARIA,ALIMENTOS,Juzgado_Penal_Municipal_1,2023,3.08,1.25,11,0,424,1
EXP-00038,JAMUNDI,HURTO_PATRIMONIAL,Comisaria_2_Familia,2023,2.64,0.9,5,1,462,1
EXP-00039,CALI,HURTO_PATRIMONIAL,Juzgado_3_Familia,2024,70.34,0.95,6,0,554,1
EXP-00040,YUMBO,ALIMENTOS,Juzgado_2_Familia,2023,3.5,1.2,1,0,338,1
EXP-00041,CANDELARIA,VIF,Juzgado_2_Familia,2023,3.08,1.2,3,0,237,1
EXP-00042,BUENAVENTURA,VIF,Juzgado_3_Familia,2024,3.34,0.95,9,0,242,1
EXP-00043,BUGALAGRANDE,VIF,Comisaria_2_Familia,2024,0.2799999999999999,0.9,9,0,235,1
EXP-00044,TULUA,ALIMENTOS,Juzgado_1_Familia,2024,3.34,1.35,5,0,371,1
EXP-00045,BUENAVENTURA,ALIMENTOS,Juzgado_1_Familia,2023,3.34,1.35,7,0,402,1
EXP-00046,CALI,VIF,Comisaria_2_Familia,2024,70.34,0.9,2,0,383,1
EXP-00047,DAGUA,ALIMENTOS,Juzgado_Penal_Municipal_2,2022,1.3666666666666665,1.05,2,1,411,1
EXP-00048,YUMBO,HURTO_PATRIMONIAL,Juzgado_Penal_Municipal_2,2024,3.5,1.05,2,1,497,1
EXP-00049,BUENAVENTURA,SUSTANCIAS,Juzgado_Penal_Municipal_2,2022,3.34,1.05,4,0,110,0
EXP-00050,CAICEDONIA,HURTO_PATRIMONIAL,Comisaria_2_Familia,2021,1.28,0.9,1,0,231,1
EXP-00051,CALI,SUSTANCIAS,Comisaria_2_Familia,2022,70.34,0.9,7,0,419,1
EXP-00052,PALMIRA,ALIMENTOS,Juzgado_1_Familia,2023,11.54,1.35,10,1,333,0
EXP-00053,CALI,ALIMENTOS,Juzgado_2_Familia,2021,70.34,1.2,1,0,485,1
EXP-00054,BUENAVENTURA,ALIMENTOS,Juzgado_1_Familia,2022,3.34,1.35,1,0,351,1
EXP-00055,TULUA,VIF,Juzgado_1_Familia,2022,3.34,1.35,4,0,297,1
EXP-00056,GINEBRA,VIF,Juzgado_Penal_Municipal_2,2021,0.6,1.05,2,0,222,1
EXP-00057,CALI,ALIMENTOS,Juzgado_Penal_Municipal_2,2022,70.34,1.05,5,1,643,1
EXP-00058,GINEBRA,SUSTANCIAS,Juzgado_2_Familia,2022,0.6,1.2,1,0,240,1
EXP-00059,PALMIRA,VIF,Juzgado_2_Familia,2022,11.54,1.2,4,0,269,1
EXP-00060,CARTAGO,HURTO_PATRIMONIAL,Comisaria_1_Familia,2023,5.56,1.1,5,0,398,1
EXP-00061,CAICEDONIA,HURTO_PATRIMONIAL,Juzgado_Penal_Municipal_2,2021,1.28,1.05,4,0,249,0
EXP-00062,SIN_DATO,VIF,Juzgado_Penal_Municipal_2,2022,2.2,1.05,13,0,297,1
EXP-00063,CALIMA,HURTO_PATRIMONIAL,Comisaria_1_Familia,2023,0.3199999999999999,1.1,1,0,347,1
EXP-00064,SIN_DATO,VIF,Juzgado_Penal_Municipal_2,2022,2.2,1.05,6,0,221,1
EXP-00065,JAMUNDI,SUSTANCIAS,Comisaria_2_Familia,2021,2.64,0.9,2,0,144,0
EXP-00066,SIN_DATO,VIF,Juzgado_Penal_Municipal_1,2022,2.2,1.25,1,0,213,1
EXP-00067,ZARZAL,VIF,Juzgado_3_Familia,2024,1.12,0.95,4,0,192,1
EXP-00068,ARGELIA,ALIMENTOS,Comisaria_1_Familia,2022,0.2,1.1,3,0,285,1
EXP-00069,CALIMA,HURTO_PATRIMONIAL,Comisaria_1_Familia,2021,0.3199999999999999,1.1,1,1,402,1
EXP-00070,SEVILLA,HURTO_PATRIMONIAL,Juzgado_Penal_Municipal_1,2022,1.62,1.25,2,0,332,1
EXP-00071,CANDELARIA,VIF,Juzgado_Penal_Municipal_1,2023,3.08,1.25,10,0,345,1
EXP-00072,TRUJILLO,VIF,Juzgado_3_Familia,2022,0.225,0.95,5,0,202,1
EXP-00073,YUMBO,VIF,Juzgado_Penal_Municipal_1,2021,3.5,1.25,7,0,285,1
EXP-00074,CANDELARIA,HURTO_PATRIMONIAL,Juzgado_Penal_Municipal_1,2024,3.08,1.25,1,0,382,1
EXP-00075,BUENAVENTURA,VIF,Juzgado_1_Familia,2023,3.34,1.35,1,0,271,1
EXP-00076,CANDELARIA,VIF,Juzgado_1_Familia,2022,3.08,1.35,2,0,275,1
EXP-00077,GUACARI,VIF,Juzgado_Penal_Municipal_2,2024,1.48,1.05,5,0,244,1
EXP-00078,EL CAIRO,ALIMENTOS,Juzgado_3_Familia,2020,0.1,0.95,6,1,415,1
EXP-00079,PALMIRA,ALIMENTOS,Juzgado_Penal_Municipal_1,2023,11.54,1.25,7,0,349,1
EXP-00080,TRUJILLO,VIF,Juzgado_1_Familia,2024,0.225,1.35,5,0,279,1
EXP-00081,TRUJILLO,VIF,Juzgado_3_Familia,2022,0.225,0.95,1,0,193,1
EXP-00082,DAGUA,VIF,Juzgado_Penal_Municipal_2,2023,1.3666666666666665,1.05,2,0,191,1
EXP-00083,CALI,VIF,Juzgado_2_Familia,2023,70.34,1.2,8,0,479,1
EXP-00084,CALI,VIF,Comisaria_2_Familia,2023,70.34,0.9,7,0,409,1
EXP-00085,ZARZAL,VIF,Juzgado_3_Familia,2023,1.12,0.95,1,0,205,1
EXP-00086,CALI,VIF,Juzgado_Penal_Municipal_1,2021,70.34,1.25,4,0,471,1
EXP-00087,EL CERRITO,ALIMENTOS,Comisaria_1_Familia,2022,1.1,1.1,11,1,477,1
EXP-00088,CALI,SUSTANCIAS,Juzgado_Penal_Municipal_1,2021,70.34,1.25,18,0,343,0
EXP-00089,LA UNION,ALIMENTOS,Juzgado_1_Familia,2021,0.575,1.35,7,0,374,1
EXP-00090,BUENAVENTURA,ALIMENTOS,Comisaria_1_Familia,2024,3.34,1.1,4,1,416,1
EXP-00091,SEVILLA,VIF,Comisaria_1_Familia,2021,1.62,1.1,3,0,198,1
EXP-00092,JAMUNDI,VIF,Comisaria_2_Familia,2022,2.64,0.9,4,0,193,1
EXP-00093,CALI,VIF,Juzgado_3_Familia,2020,70.34,0.95,4,0,433,1
EXP-00094,JAMUNDI,HURTO_PATRIMONIAL,Comisaria_1_Familia,2021,2.64,1.1,4,1,473,1
EXP-00095,LA UNION,SUSTANCIAS,Juzgado_2_Familia,2024,0.575,1.2,6,0,213,0
EXP-00096,PALMIRA,VIF,Juzgado_Penal_Municipal_2,2024,11.54,1.05,7,0,263,1
EXP-00097,TULUA,VIF,Comisaria_2_Familia,2022,3.34,0.9,1,0,204,1
EXP-00098,CARTAGO,ALIMENTOS,Juzgado_2_Familia,2022,5.56,1.2,7,0,322,1
EXP-00099,GUADALAJARA DE BUGA,SUSTANCIAS,Juzgado_Penal_Municipal_1,2024,6.6,1.25,4,0,323,1
EXP-00100,BUENAVENTURA,ALIMENTOS,Juzgado_Penal_Municipal_1,2024,3.34,1.25,1,1,474,1
EXP-00101,JAMUNDI,ALIMENTOS,Juzgado_Penal_Municipal_2,2023,2.64,1.05,1,1,417,1
EXP-00102,PALMIRA,ALIMENTOS,Comisaria_2_Familia,2022,11.54,0.9,1,0,271,1
EXP-00103,CALIMA,VIF,Juzgado_Penal_Municipal_1,2023,0.3199999999999999,1.25,6,0,258,1
EXP-00104,GUADALAJARA DE BUGA,VIF,Juzgado_3_Familia,2022,6.6,0.95,7,0,267,1
EXP-00105,VIJES,ALIMENTOS,Juzgado_1_Familia,2022,0.175,1.35,5,1,492,1
EXP-00106,DAGUA,VIF,Juzgado_1_Familia,2020,1.3666666666666665,1.35,12,0,318,1
EXP-00107,CALI,ALIMENTOS,Comisaria_1_Familia,2023,70.34,1.1,8,1,662,1
EXP-00108,JAMUNDI,ALIMENTOS,Juzgado_3_Familia,2024,2.64,0.95,7,1,452,1
EXP-00109,CAICEDONIA,VIF,Juzgado_1_Familia,2024,1.28,1.35,1,0,229,0
EXP-00110,PALMIRA,ALIMENTOS,Juzgado_3_Familia,2024,11.54,0.95,10,1,421,1
EXP-00111,SEVILLA,VIF,Juzgado_3_Familia,2023,1.62,0.95,1,0,158,1
EXP-00112,SIN_DATO,VIF,Comisaria_2_Familia,2023,2.2,0.9,1,0,183,1
EXP-00113,CALI,HURTO_PATRIMONIAL,Comisaria_2_Familia,2022,70.34,0.9,4,0,473,1
EXP-00114,CALI,ALIMENTOS,Comisaria_1_Familia,2024,70.34,1.1,4,1,643,1
EXP-00115,GUACARI,ALIMENTOS,Comisaria_2_Familia,2024,1.48,0.9,3,1,364,1
EXP-00116,GUADALAJARA DE BUGA,VIF,Juzgado_Penal_Municipal_2,2024,6.6,1.05,7,0,268,1
EXP-00117,CALI,VIF,Comisaria_2_Familia,2023,70.34,0.9,3,0,385,1
EXP-00118,OBANDO,HURTO_PATRIMONIAL,Juzgado_Penal_Municipal_1,2024,0.38,1.25,18,0,508,1
EXP-00119,CANDELARIA,SUSTANCIAS,Juzgado_3_Familia,2024,3.08,0.95,10,0,292,1
EXP-00120,BUGALAGRANDE,VIF,Juzgado_3_Familia,2022,0.2799999999999999,0.95,5,0,211,1
EXP-00121,CALI,VIF,Juzgado_Penal_Municipal_2,2020,70.34,1.05,4,0,451,1
EXP-00122,ZARZAL,ALIMENTOS,Juzgado_1_Familia,2020,1.12,1.35,18,0,447,1
EXP-00123,SEVILLA,ALIMENTOS,Juzgado_Penal_Municipal_1,2023,1.62,1.25,2,0,307,1
EXP-00124,ANSERMANUEVO,ALIMENTOS,Juzgado_3_Familia,2024,0.2,0.95,8,1,430,1
EXP-00125,TRUJILLO,ALIMENTOS,Juzgado_2_Familia,2024,0.225,1.2,2,0,290,1
EXP-00126,CALI,VIF,Comisaria_2_Familia,2024,70.34,0.9,9,0,440,1
EXP-00127,PRADERA,HURTO_PATRIMONIAL,Comisaria_1_Familia,2023,0.72,1.1,7,0,322,0
EXP-00128,EL CAIRO,VIF,Comisaria_1_Familia,2024,0.1,1.1,1,0,230,1
EXP-00129,YUMBO,HURTO_PATRIMONIAL,Juzgado_3_Familia,2023,3.5,0.95,3,0,263,1
EXP-00130,JAMUNDI,HURTO_PATRIMONIAL,Juzgado_3_Familia,2021,2.64,0.95,2,1,441,1
EXP-00131,CALI,HURTO_PATRIMONIAL,Juzgado_Penal_Municipal_2,2022,70.34,1.05,1,1,631,1
EXP-00132,PALMIRA,HURTO_PATRIMONIAL,Comisaria_1_Familia,2023,11.54,1.1,6,1,526,1
EXP-00133,GINEBRA,HURTO_PATRIMONIAL,Comisaria_1_Familia,2020,0.6,1.1,4,0,161,0
EXP-00134,ZARZAL,VIF,Juzgado_Penal_Municipal_1,2021,1.12,1.25,4,0,239,1
EXP-00135,CARTAGO,VIF,Comisaria_2_Familia,2020,5.56,0.9,18,0,302,1
EXP-00136,BUGALAGRANDE,HURTO_PATRIMONIAL,Juzgado_3_Familia,2023,0.2799999999999999,0.95,3,0,289,1
EXP-00137,GINEBRA,SUSTANCIAS,Juzgado_1_Familia,2023,0.6,1.35,2,0,306,1
EXP-00138,PALMIRA,VIF,Juzgado_Penal_Municipal_2,2021,11.54,1.05,5,0,256,1
EXP-00139,GUACARI,VIF,Juzgado_Penal_Municipal_2,2023,1.48,1.05,9,0,272,1
EXP-00140,ROLDANILLO,VIF,Juzgado_Penal_Municipal_1,2024,1.26,1.25,2,0,244,1
EXP-00141,EL CERRITO,VIF,Comisaria_1_Familia,2021,1.1,1.1,1,0,218,1
EXP-00142,LA CUMBRE,VIF,Juzgado_3_Familia,2021,0.24,0.95,7,0,198,1
EXP-00143,CALI,ALIMENTOS,Juzgado_1_Familia,2024,70.34,1.35,6,1,712,1
EXP-00144,YUMBO,SUSTANCIAS,Juzgado_2_Familia,2024,3.5,1.2,11,0,336,1
EXP-00145,TRUJILLO,VIF,Juzgado_2_Familia,2024,0.225,1.2,12,0,322,1
EXP-00146,FLORIDA,ALIMENTOS,Comisaria_1_Familia,2024,0.8,1.1,1,0,132,0
EXP-00147,CALI,VIF,Juzgado_Penal_Municipal_1,2023,70.34,1.25,5,0,477,1
EXP-00148,TULUA,HURTO_PATRIMONIAL,Comisaria_2_Familia,2022,3.34,0.9,2,0,250,1
EXP-00149,BUENAVENTURA,ALIMENTOS,Comisaria_2_Familia,2022,3.34,0.9,2,0,249,1
EXP-00150,YUMBO,VIF,Juzgado_3_Familia,2024,3.5,0.95,4,0,225,1
EXP-00151,BUGALAGRANDE,VIF,Juzgado_3_Familia,2021,0.2799999999999999,0.95,8,0,159,0
EXP-00152,PALMIRA,ALIMENTOS,Juzgado_3_Familia,2022,11.54,0.95,2,1,401,1
EXP-00153,CALI,ALIMENTOS,Comisaria_2_Familia,2024,70.34,0.9,1,0,229,0
EXP-00154,ZARZAL,ALIMENTOS,Juzgado_Penal_Municipal_2,2021,1.12,1.05,5,1,450,1
EXP-00155,ZARZAL,HURTO_PATRIMONIAL,Juzgado_2_Familia,2022,1.12,1.2,3,0,313,0
EXP-00156,ZARZAL,VIF,Juzgado_3_Familia,2024,1.12,0.95,8,0,224,1
EXP-00157,EL DOVIO,ALIMENTOS,Juzgado_1_Familia,2024,0.1,1.35,5,1,540,1
EXP-00158,TULUA,ALIMENTOS,Juzgado_Penal_Municipal_1,2022,3.34,1.25,5,1,344,0
EXP-00159,CALI,ALIMENTOS,Comisaria_1_Familia,2023,70.34,1.1,3,0,519,1
EXP-00160,CALI,VIF,Juzgado_Penal_Municipal_1,2023,70.34,1.25,16,0,578,1
EXP-00161,CANDELARIA,ALIMENTOS,Juzgado_2_Familia,2021,3.08,1.2,3,0,364,1
EXP-00162,ANDALUCIA,HURTO_PATRIMONIAL,Juzgado_3_Familia,2023,0.38,0.95,6,0,333,1
EXP-00163,ARGELIA,ALIMENTOS,Comisaria_2_Familia,2023,0.2,0.9,5,0,234,1
EXP-00164,LA UNION,VIF,Juzgado_2_Familia,2023,0.575,1.2,1,0,204,1
EXP-00165,LA UNION,ALIMENTOS,Juzgado_Penal_Municipal_2,2021,0.575,1.05,4,1,398,1
EXP-00166,YUMBO,VIF,Juzgado_Penal_Municipal_2,2024,3.5,1.05,3,0,268,1
EXP-00167,CAICEDONIA,ALIMENTOS,Juzgado_1_Familia,2024,1.28,1.35,5,0,348,1
EXP-00168,SAN PEDRO,VIF,Juzgado_1_Familia,2020,0.3,1.35,1,0,219,1
EXP-00169,BUGALAGRANDE,VIF,Comisaria_2_Familia,2020,0.2799999999999999,0.9,3,0,191,1
EXP-00170,TULUA,VIF,Juzgado_Penal_Municipal_1,2021,3.34,1.25,16,0,343,1
EXP-00171,EL CERRITO,ALIMENTOS,Comisaria_1_Familia,2024,1.1,1.1,13,0,306,0
EXP-00172,PALMIRA,ALIMENTOS,Juzgado_3_Familia,2022,11.54,0.95,3,0,285,1
EXP-00173,CAICEDONIA,VIF,Comisaria_2_Familia,2023,1.28,0.9,1,0,200,1
EXP-00174,CALI,VIF,Comisaria_1_Familia,2024,70.34,1.1,5,0,281,0
EXP-00175,PRADERA,ALIMENTOS,Comisaria_1_Familia,2024,0.72,1.1,1,0,249,1
EXP-00176,ARGELIA,VIF,Juzgado_1_Familia,2023,0.2,1.35,3,0,217,0
EXP-00177,YOTOCO,HURTO_PATRIMONIAL,Juzgado_Penal_Municipal_1,2021,0.58,1.25,3,0,316,1
EXP-00178,BUENAVENTURA,VIF,Juzgado_Penal_Municipal_2,2021,3.34,1.05,6,0,239,1
EXP-00179,LA CUMBRE,HURTO_PATRIMONIAL,Juzgado_Penal_Municipal_1,2021,0.24,1.25,3,0,333,1
EXP-00180,YUMBO,SUSTANCIAS,Juzgado_2_Familia,2024,3.5,1.2,3,0,247,0
EXP-00181,OBANDO,ALIMENTOS,Juzgado_3_Familia,2022,0.38,0.95,1,0,252,1
EXP-00182,CALI,HURTO_PATRIMONIAL,Comisaria_1_Familia,2022,70.34,1.1,6,0,548,1
EXP-00183,YUMBO,VIF,Comisaria_2_Familia,2024,3.5,0.9,3,0,170,1
EXP-00184,CARTAGO,VIF,Juzgado_1_Familia,2021,5.56,1.35,2,0,281,1
EXP-00185,DAGUA,VIF,Juzgado_1_Familia,2021,1.3666666666666665,1.35,8,0,276,1
EXP-00186,CALI,HURTO_PATRIMONIAL,Juzgado_Penal_Municipal_1,2023,70.34,1.25,1,1,656,1
EXP-00187,CALI,VIF,Juzgado_3_Familia,2022,70.34,0.95,7,0,418,1
EXP-00188,PALMIRA,ALIMENTOS,Juzgado_2_Familia,2023,11.54,1.2,1,0,326,1
EXP-00189,CALI,VIF,Comisaria_1_Familia,2024,70.34,1.1,8,0,482,1
EXP-00190,TULUA,SUSTANCIAS,Juzgado_1_Familia,2024,3.34,1.35,5,0,174,0
EXP-00191,ANSERMANUEVO,ALIMENTOS,Comisaria_2_Familia,2024,0.2,0.9,7,0,183,0
EXP-00192,CALI,HURTO_PATRIMONIAL,Juzgado_1_Familia,2022,70.34,1.35,3,0,612,1
EXP-00193,FLORIDA,VIF,Juzgado_Penal_Municipal_1,2024,0.8,1.25,6,0,295,1
EXP-00194,CALI,VIF,Juzgado_2_Familia,2020,70.34,1.2,4,0,451,1
EXP-00195,ROLDANILLO,ALIMENTOS,Comisaria_1_Familia,2023,1.26,1.1,8,0,327,1
EXP-00196,CALI,VIF,Juzgado_Penal_Municipal_2,2023,70.34,1.05,4,0,413,1
EXP-00197,SIN_DATO,VIF,Juzgado_2_Familia,2024,2.2,1.2,4,0,235,0
EXP-00198,ROLDANILLO,ALIMENTOS,Juzgado_Penal_Municipal_2,2024,1.26,1.05,15,1,531,1
EXP-00199,SIN_DATO,ALIMENTOS,Juzgado_3_Familia,2022,2.2,0.95,5,0,253,1
EXP-00200,CALIMA,HURTO_PATRIMONIAL,Juzgado_3_Familia,2024,0.3199999999999999,0.95,1,1,417,1
EXP-00201,CAICEDONIA,HURTO_PATRIMONIAL,Juzgado_Penal_Municipal_2,2021,1.28,1.05,3,0,289,1
EXP-00202,FLORIDA,VIF,Juzgado_3_Familia,2023,0.8,0.95,12,0,312,1
EXP-00203,OBANDO,ALIMENTOS,Juzgado_1_Familia,2024,0.38,1.35,8,0,406,1
EXP-00204,CALI,VIF,Comisaria_1_Familia,2024,70.34,1.1,2,0,204,0
EXP-00205,CALI,ALIMENTOS,Comisaria_1_Familia,2024,70.34,1.1,8,1,345,0
EXP-00206,ZARZAL,ALIMENTOS,Juzgado_2_Familia,2023,1.12,1.2,7,0,187,0
EXP-00207,YOTOCO,HURTO_PATRIMONIAL,Juzgado_Penal_Municipal_2,2024,0.58,1.05,1,0,152,0
EXP-00208,GUACARI,HURTO_PATRIMONIAL,Juzgado_3_Familia,2024,1.48,0.95,1,1,283,0
EXP-00209,CALIMA,VIF,Juzgado_1_Familia,2024,0.3199999999999999,1.35,2,0,98,0
EXP-00210,OBANDO,ALIMENTOS,Juzgado_1_Familia,2024,0.38,1.35,8,0,384,1
EXP-00211,BUENAVENTURA,VIF,Juzgado_Penal_Municipal_1,2023,3.34,1.25,4,0,295,1
EXP-00212,GINEBRA,ALIMENTOS,Comisaria_1_Familia,2021,0.6,1.1,7,0,183,0
EXP-00213,GUADALAJARA DE BUGA,ALIMENTOS,Comisaria_1_Familia,2024,6.6,1.1,7,1,296,0
EXP-00214,CALI,ALIMENTOS,Juzgado_2_Familia,2023,70.34,1.2,1,1,485,0
EXP-00215,EL AGUILA,VIF,Juzgado_Penal_Municipal_2,2022,0.1666666666666666,1.05,1,0,182,1
EXP-00216,GUADALAJARA DE BUGA,VIF,Juzgado_2_Familia,2021,6.6,1.2,5,0,266,1
EXP-00217,CALI,ALIMENTOS,Comisaria_1_Familia,2022,70.34,1.1,4,0,526,1
EXP-00218,EL CERRITO,ALIMENTOS,Juzgado_Penal_Municipal_1,2023,1.1,1.25,3,0,305,1
EXP-00219,SAN PEDRO,VIF,Juzgado_2_Familia,2024,0.3,1.2,6,0,300,1
EXP-00220,LA UNION,VIF,Juzgado_3_Familia,2024,0.575,0.95,4,0,223,1
EXP-00221,CALI,ALIMENTOS,Juzgado_Penal_Municipal_2,2024,70.34,1.05,11,0,319,0
EXP-00222,GUADALAJARA DE BUGA,VIF,Juzgado_3_Familia,2021,6.6,0.95,1,0,171,1
EXP-00223,PALMIRA,ALIMENTOS,Comisaria_1_Familia,2024,11.54,1.1,1,0,281,1
EXP-00224,JAMUNDI,VIF,Juzgado_Penal_Municipal_1,2024,2.64,1.25,1,0,263,1
EXP-00225,JAMUNDI,VIF,Juzgado_Penal_Municipal_2,2021,2.64,1.05,7,0,253,1
EXP-00226,EL AGUILA,HURTO_PATRIMONIAL,Juzgado_1_Familia,2024,0.1666666666666666,1.35,1,0,385,1
EXP-00227,TORO,VIF,Juzgado_3_Familia,2023,0.1333333333333333,0.95,13,0,211,0
EXP-00228,PALMIRA,HURTO_PATRIMONIAL,Comisaria_1_Familia,2024,11.54,1.1,1,1,521,1
EXP-00229,YUMBO,VIF,Juzgado_3_Familia,2024,3.5,0.95,6,0,111,0
EXP-00230,CALI,ALIMENTOS,Juzgado_Penal_Municipal_2,2021,70.34,1.05,9,1,700,1
EXP-00231,VERSALLES,VIF,Comisaria_1_Familia,2024,0.1333333333333333,1.1,9,0,250,1
EXP-00232,SAN PEDRO,ALIMENTOS,Juzgado_Penal_Municipal_2,2022,0.3,1.05,4,0,177,0
EXP-00233,CAICEDONIA,SUSTANCIAS,Comisaria_1_Familia,2021,1.28,1.1,6,0,285,1
EXP-00234,ROLDANILLO,VIF,Juzgado_3_Familia,2022,1.26,0.95,8,0,230,1
EXP-00235,VERSALLES,ALIMENTOS,Comisaria_1_Familia,2020,0.1333333333333333,1.1,5,1,436,1
EXP-00236,ALCALA,HURTO_PATRIMONIAL,Juzgado_1_Familia,2024,0.22,1.35,7,1,421,0
EXP-00237,SIN_DATO,ALIMENTOS,Juzgado_Penal_Municipal_1,2020,2.2,1.25,1,0,295,1
EXP-00238,FLORIDA,ALIMENTOS,Comisaria_1_Familia,2024,0.8,1.1,8,0,191,0
EXP-00239,LA UNION,ALIMENTOS,Juzgado_3_Familia,2022,0.575,0.95,4,1,421,1
EXP-00240,CALI,ALIMENTOS,Comisaria_2_Familia,2020,70.34,0.9,6,0,523,1
EXP-00241,GINEBRA,VIF,Juzgado_2_Familia,2021,0.6,1.2,11,0,319,1
EXP-00242,PALMIRA,VIF,Comisaria_1_Familia,2021,11.54,1.1,3,0,248,1
EXP-00243,CALI,ALIMENTOS,Juzgado_1_Familia,2020,70.34,1.35,12,0,614,1
EXP-00244,GUACARI,ALIMENTOS,Juzgado_1_Familia,2023,1.48,1.35,2,0,358,1
EXP-00245,TULUA,ALIMENTOS,Juzgado_1_Familia,2022,3.34,1.35,7,1,511,1
EXP-00246,CALI,VIF,Juzgado_Penal_Municipal_1,2024,70.34,1.25,11,0,511,1
EXP-00247,GUADALAJARA DE BUGA,VIF,Juzgado_1_Familia,2024,6.6,1.35,7,0,328,1
EXP-00248,GUADALAJARA DE BUGA,VIF,Juzgado_1_Familia,2023,6.6,1.35,4,0,277,1
EXP-00249,TULUA,ALIMENTOS,Juzgado_1_Familia,2024,3.34,1.35,1,0,373,1
EXP-00250,ALCALA,VIF,Comisaria_1_Familia,2021,0.22,1.1,4,0,127,0
EXP-00251,GUADALAJARA DE BUGA,VIF,Comisaria_2_Familia,2022,6.6,0.9,4,0,189,1
EXP-00252,CAICEDONIA,HURTO_PATRIMONIAL,Juzgado_Penal_Municipal_1,2024,1.28,1.25,1,1,527,1
EXP-00253,LA UNION,HURTO_PATRIMONIAL,Comisaria_1_Familia,2023,0.575,1.1,1,0,295,1
EXP-00254,EL CERRITO,VIF,Juzgado_Penal_Municipal_2,2023,1.1,1.05,1,0,193,1
EXP-00255,CALI,ALIMENTOS,Comisaria_1_Familia,2022,70.34,1.1,2,0,480,1
EXP-00256,GUACARI,VIF,Comisaria_1_Familia,2023,1.48,1.1,13,0,295,1
EXP-00257,CALI,VIF,Juzgado_3_Familia,2021,70.34,0.95,1,0,374,1
EXP-00258,BUENAVENTURA,ALIMENTOS,Comisaria_2_Familia,2024,3.34,0.9,3,0,255,1
EXP-00259,TORO,ALIMENTOS,Juzgado_Penal_Municipal_2,2021,0.1333333333333333,1.05,1,0,226,1
EXP-00260,SIN_DATO,HURTO_PATRIMONIAL,Juzgado_3_Familia,2024,2.2,0.95,1,0,256,1
EXP-00261,GUADALAJARA DE BUGA,SUSTANCIAS,Juzgado_Penal_Municipal_2,2023,6.6,1.05,1,0,239,1
EXP-00262,CANDELARIA,VIF,Juzgado_1_Familia,2024,3.08,1.35,8,0,350,1
EXP-00263,TULUA,ALIMENTOS,Juzgado_1_Familia,2024,3.34,1.35,5,1,416,0
EXP-00264,CALI,HURTO_PATRIMONIAL,Comisaria_1_Familia,2023,70.34,1.1,5,1,695,1
EXP-00265,YUMBO,ALIMENTOS,Juzgado_1_Familia,2023,3.5,1.35,4,0,309,1
EXP-00266,TORO,VIF,Juzgado_3_Familia,2023,0.1333333333333333,0.95,3,0,86,0
EXP-00267,CAICEDONIA,ALIMENTOS,Juzgado_3_Familia,2022,1.28,0.95,6,1,221,0
EXP-00268,ZARZAL,HURTO_PATRIMONIAL,Juzgado_Penal_Municipal_1,2023,1.12,1.25,8,1,567,1
EXP-00269,YOTOCO,SUSTANCIAS,Juzgado_2_Familia,2023,0.58,1.2,3,0,102,0
EXP-00270,ANSERMANUEVO,HURTO_PATRIMONIAL,Juzgado_1_Familia,2024,0.2,1.35,2,1,543,1
EXP-00271,ZARZAL,ALIMENTOS,Juzgado_3_Familia,2022,1.12,0.95,8,0,276,0
EXP-00272,ROLDANILLO,ALIMENTOS,Juzgado_2_Familia,2024,1.26,1.2,1,0,282,1
EXP-00273,ANSERMANUEVO,VIF,Juzgado_3_Familia,2020,0.2,0.95,1,0,165,1
EXP-00274,GUACARI,VIF,Juzgado_1_Familia,2024,1.48,1.35,6,0,302,1
EXP-00275,SIN_DATO,VIF,Juzgado_2_Familia,2021,2.2,1.2,2,0,211,1
EXP-00276,CALI,SUSTANCIAS,Juzgado_2_Familia,2022,70.34,1.2,1,0,232,0
EXP-00277,YOTOCO,HURTO_PATRIMONIAL,Juzgado_Penal_Municipal_1,2024,0.58,1.25,1,1,489,0
EXP-00278,OBANDO,ALIMENTOS,Juzgado_1_Familia,2024,0.38,1.35,7,0,384,1
EXP-00279,ANSERMANUEVO,VIF,Juzgado_1_Familia,2023,0.2,1.35,7,0,298,1
EXP-00280,CALI,ALIMENTOS,Juzgado_3_Familia,2023,70.34,0.95,2,1,583,1
EXP-00281,CANDELARIA,VIF,Comisaria_2_Familia,2020,3.08,0.9,4,0,196,1
EXP-00282,CALI,HURTO_PATRIMONIAL,Comisaria_2_Familia,2022,70.34,0.9,2,1,638,1
EXP-00283,CAICEDONIA,HURTO_PATRIMONIAL,Juzgado_Penal_Municipal_2,2023,1.28,1.05,3,1,469,1
EXP-00284,CALI,VIF,Juzgado_Penal_Municipal_1,2021,70.34,1.25,2,0,445,1
EXP-00285,YOTOCO,VIF,Juzgado_Penal_Municipal_2,2024,0.58,1.05,3,0,166,0
EXP-00286,CARTAGO,SUSTANCIAS,Comisaria_1_Familia,2020,5.56,1.1,4,0,254,1
EXP-00287,BUENAVENTURA,ALIMENTOS,Juzgado_1_Familia,2023,3.34,1.35,2,0,342,1
EXP-00288,PALMIRA,VIF,Comisaria_2_Familia,2022,11.54,0.9,2,0,101,0
EXP-00289,CAICEDONIA,SUSTANCIAS,Juzgado_Penal_Municipal_2,2023,1.28,1.05,1,0,187,1
EXP-00290,CALI,HURTO_PATRIMONIAL,Comisaria_2_Familia,2021,70.34,0.9,7,0,514,1
EXP-00291,EL CAIRO,ALIMENTOS,Comisaria_1_Familia,2023,0.1,1.1,2,0,294,1
EXP-00292,SAN PEDRO,ALIMENTOS,Juzgado_3_Familia,2021,0.3,0.95,10,1,449,1
EXP-00293,VIJES,ALIMENTOS,Juzgado_Penal_Municipal_1,2023,0.175,1.25,1,1,445,1
EXP-00294,CALI,VIF,Juzgado_Penal_Municipal_1,2023,70.34,1.25,7,0,490,1
EXP-00295,PRADERA,VIF,Juzgado_Penal_Municipal_1,2022,0.72,1.25,5,0,260,1
EXP-00296,ROLDANILLO,ALIMENTOS,Juzgado_3_Familia,2024,1.26,0.95,8,1,442,1
EXP-00297,TULUA,SUSTANCIAS,Juzgado_Penal_Municipal_1,2023,3.34,1.25,2,0,256,1
EXP-00298,TULUA,SUSTANCIAS,Juzgado_2_Familia,2024,3.34,1.2,10,0,315,1
EXP-00299,BUENAVENTURA,HURTO_PATRIMONIAL,Comisaria_1_Familia,2023,3.34,1.1,8,0,391,1
EXP-00300,SIN_DATO,HURTO_PATRIMONIAL,Comisaria_2_Familia,2021,2.2,0.9,6,0,280,1
EXP-00301,TULUA,HURTO_PATRIMONIAL,Comisaria_2_Familia,2021,3.34,0.9,7,1,448,1
EXP-00302,CANDELARIA,VIF,Comisaria_1_Familia,2024,3.08,1.1,6,0,225,1
EXP-00303,EL CAIRO,VIF,Comisaria_2_Familia,2022,0.1,0.9,2,0,180,1
EXP-00304,LA VICTORIA,ALIMENTOS,Comisaria_2_Familia,2021,0.1666666666666666,0.9,6,0,267,1
EXP-00305,GUADALAJARA DE BUGA,VIF,Juzgado_Penal_Municipal_2,2024,6.6,1.05,10,0,281,1
EXP-00306,PALMIRA,VIF,Juzgado_1_Familia,2022,11.54,1.35,4,0,298,1
EXP-00307,RESTREPO,VIF,Juzgado_Penal_Municipal_2,2024,0.24,1.05,2,0,226,1
EXP-00308,CANDELARIA,ALIMENTOS,Comisaria_1_Familia,2022,3.08,1.1,8,0,163,0
EXP-00309,EL CERRITO,ALIMENTOS,Juzgado_Penal_Municipal_2,2022,1.1,1.05,8,0,309,1
EXP-00310,FLORIDA,VIF,Juzgado_1_Familia,2024,0.8,1.35,7,0,305,1
EXP-00311,GUADALAJARA DE BUGA,ALIMENTOS,Juzgado_3_Familia,2024,6.6,0.95,10,0,289,1
EXP-00312,EL CERRITO,ALIMENTOS,Juzgado_Penal_Municipal_2,2023,1.1,1.05,6,1,406,1
EXP-00313,CALI,VIF,Juzgado_1_Familia,2021,70.34,1.35,8,0,526,1
EXP-00314,ZARZAL,HURTO_PATRIMONIAL,Juzgado_Penal_Municipal_1,2022,1.12,1.25,2,0,378,1
EXP-00315,SAN PEDRO,HURTO_PATRIMONIAL,Comisaria_1_Familia,2023,0.3,1.1,4,0,356,1
EXP-00316,FLORIDA,VIF,Juzgado_3_Familia,2024,0.8,0.95,3,0,205,1
EXP-00317,ANDALUCIA,VIF,Juzgado_1_Familia,2023,0.38,1.35,13,0,345,1
EXP-00318,LA UNION,VIF,Comisaria_1_Familia,2021,0.575,1.1,1,0,181,1
EXP-00319,LA UNION,ALIMENTOS,Juzgado_Penal_Municipal_2,2023,0.575,1.05,3,0,277,1
EXP-00320,YUMBO,VIF,Juzgado_1_Familia,2022,3.5,1.35,2,0,260,1
EXP-00321,BUENAVENTURA,VIF,Comisaria_2_Familia,2020,3.34,0.9,6,0,205,1
EXP-00322,DAGUA,ALIMENTOS,Juzgado_3_Familia,2024,1.3666666666666665,0.95,3,0,244,1
EXP-00323,CALI,VIF,Juzgado_1_Familia,2021,70.34,1.35,3,0,452,1
EXP-00324,BUENAVENTURA,ALIMENTOS,Comisaria_1_Familia,2020,3.34,1.1,3,0,253,1
EXP-00325,EL AGUILA,VIF,Juzgado_Penal_Municipal_2,2021,0.1666666666666666,1.05,3,0,191,1
EXP-00326,CALI,VIF,Comisaria_2_Familia,2020,70.34,0.9,8,0,389,1
EXP-00327,SEVILLA,VIF,Juzgado_3_Familia,2023,1.62,0.95,15,0,275,1
EXP-00328,CALI,HURTO_PATRIMONIAL,Comisaria_1_Familia,2024,70.34,1.1,4,1,677,1
EXP-00329,RIOFRIO,ALIMENTOS,Juzgado_1_Familia,2024,0.175,1.35,2,0,356,1
EXP-00330,CARTAGO,HURTO_PATRIMONIAL,Comisaria_2_Familia,2024,5.56,0.9,5,0,316,1
EXP-00331,PALMIRA,VIF,Juzgado_1_Familia,2021,11.54,1.35,6,0,253,0
EXP-00332,CALI,VIF,Juzgado_Penal_Municipal_1,2022,70.34,1.25,3,0,441,1
EXP-00333,ROLDANILLO,ALIMENTOS,Juzgado_Penal_Municipal_2,2024,1.26,1.05,3,1,365,1
EXP-00334,JAMUNDI,ALIMENTOS,Juzgado_3_Familia,2023,2.64,0.95,3,1,429,1
EXP-00335,BUGALAGRANDE,SUSTANCIAS,Comisaria_2_Familia,2023,0.2799999999999999,0.9,2,0,221,1
EXP-00336,OBANDO,VIF,Juzgado_2_Familia,2023,0.38,1.2,3,0,262,1
EXP-00337,GUACARI,ALIMENTOS,Juzgado_Penal_Municipal_1,2023,1.48,1.25,2,0,316,1
EXP-00338,CALI,VIF,Juzgado_Penal_Municipal_1,2021,70.34,1.25,7,0,488,1
EXP-00339,CALI,ALIMENTOS,Comisaria_1_Familia,2024,70.34,1.1,22,0,679,1
EXP-00340,YOTOCO,ALIMENTOS,Juzgado_Penal_Municipal_2,2024,0.58,1.05,1,0,294,1
EXP-00341,TRUJILLO,ALIMENTOS,Comisaria_2_Familia,2023,0.225,0.9,10,0,296,1
EXP-00342,TULUA,ALIMENTOS,Juzgado_1_Familia,2021,3.34,1.35,11,0,398,1
EXP-00343,FLORIDA,HURTO_PATRIMONIAL,Comisaria_2_Familia,2024,0.8,0.9,5,0,243,1
EXP-00344,RESTREPO,ALIMENTOS,Juzgado_Penal_Municipal_2,2021,0.24,1.05,3,0,260,1
EXP-00345,GUADALAJARA DE BUGA,ALIMENTOS,Juzgado_Penal_Municipal_1,2024,6.6,1.25,4,1,496,1
EXP-00346,TULUA,HURTO_PATRIMONIAL,Comisaria_2_Familia,2023,3.34,0.9,16,1,565,1
EXP-00347,CANDELARIA,SUSTANCIAS,Juzgado_Penal_Municipal_2,2021,3.08,1.05,1,0,218,1
EXP-00348,GINEBRA,SUSTANCIAS,Juzgado_1_Familia,2020,0.6,1.35,5,0,317,1
EXP-00349,PALMIRA,HURTO_PATRIMONIAL,Juzgado_1_Familia,2024,11.54,1.35,9,1,628,1
EXP-00350,CARTAGO,HURTO_PATRIMONIAL,Juzgado_Penal_Municipal_1,2023,5.56,1.25,2,1,517,1
EXP-00351,PALMIRA,ALIMENTOS,Juzgado_Penal_Municipal_1,2023,11.54,1.25,6,1,530,1
EXP-00352,JAMUNDI,SUSTANCIAS,Comisaria_1_Familia,2024,2.64,1.1,3,0,240,1
EXP-00353,GUACARI,HURTO_PATRIMONIAL,Comisaria_1_Familia,2023,1.48,1.1,3,0,322,1
EXP-00354,CALIMA,VIF,Juzgado_Penal_Municipal_2,2024,0.3199999999999999,1.05,1,0,229,1
EXP-00355,YUMBO,VIF,Comisaria_1_Familia,2021,3.5,1.1,6,0,231,1
EXP-00356,YUMBO,VIF,Juzgado_2_Familia,2024,3.5,1.2,1,0,269,1
EXP-00357,SIN_DATO,HURTO_PATRIMONIAL,Comisaria_1_Familia,2023,2.2,1.1,2,0,368,1
EXP-00358,BUGALAGRANDE,HURTO_PATRIMONIAL,Juzgado_2_Familia,2023,0.2799999999999999,1.2,1,0,348,1
EXP-00359,BUENAVENTURA,VIF,Juzgado_1_Familia,2022,3.34,1.35,2,0,275,1
EXP-00360,CANDELARIA,ALIMENTOS,Juzgado_3_Familia,2023,3.08,0.95,3,1,427,1
EXP-00361,PRADERA,ALIMENTOS,Juzgado_1_Familia,2023,0.72,1.35,5,1,467,1
EXP-00362,BOLIVAR,HURTO_PATRIMONIAL,Juzgado_Penal_Municipal_2,2024,0.2333333333333333,1.05,2,1,458,1
EXP-00363,EL AGUILA,HURTO_PATRIMONIAL,Comisaria_1_Familia,2022,0.1666666666666666,1.1,5,0,212,0
EXP-00364,CALI,ALIMENTOS,Juzgado_3_Familia,2024,70.34,0.95,1,0,360,0
EXP-00365,DAGUA,HURTO_PATRIMONIAL,Juzgado_Penal_Municipal_2,2024,1.3666666666666665,1.05,1,0,264,1
EXP-00366,FLORIDA,VIF,Comisaria_2_Familia,2022,0.8,0.9,8,0,225,1
EXP-00367,DAGUA,VIF,Comisaria_2_Familia,2024,1.3666666666666665,0.9,9,0,237,1
EXP-00368,JAMUNDI,SUSTANCIAS,Comisaria_2_Familia,2023,2.64,0.9,4,0,229,1
EXP-00369,VERSALLES,ALIMENTOS,Juzgado_Penal_Municipal_1,2021,0.1333333333333333,1.25,1,0,307,1
EXP-00370,CALIMA,ALIMENTOS,Comisaria_1_Familia,2023,0.3199999999999999,1.1,11,1,509,1
EXP-00371,SIN_DATO,VIF,Juzgado_Penal_Municipal_1,2024,2.2,1.25,1,0,249,1
EXP-00372,GUACARI,VIF,Juzgado_Penal_Municipal_1,2024,1.48,1.25,2,0,242,1
EXP-00373,RESTREPO,VIF,Juzgado_Penal_Municipal_2,2023,0.24,1.05,3,0,214,1
EXP-00374,LA UNION,SUSTANCIAS,Comisaria_1_Familia,2021,0.575,1.1,5,0,254,1
EXP-00375,CALI,ALIMENTOS,Juzgado_Penal_Municipal_2,2022,70.34,1.05,5,0,503,1
EXP-00376,CALI,ALIMENTOS,Juzgado_2_Familia,2023,70.34,1.2,2,0,505,1
EXP-00377,PRADERA,SUSTANCIAS,Comisaria_1_Familia,2022,0.72,1.1,6,0,194,0
EXP-00378,YUMBO,VIF,Comisaria_2_Familia,2020,3.5,0.9,7,0,242,1
EXP-00379,YOTOCO,ALIMENTOS,Juzgado_3_Familia,2020,0.58,0.95,1,0,225,1
EXP-00380,CALI,VIF,Juzgado_1_Familia,2021,70.34,1.35,13,0,563,1
EXP-00381,CARTAGO,VIF,Juzgado_Penal_Municipal_2,2023,5.56,1.05,14,0,266,0
EXP-00382,CALI,VIF,Juzgado_3_Familia,2024,70.34,0.95,9,0,484,1
EXP-00383,LA CUMBRE,VIF,Comisaria_1_Familia,2023,0.24,1.1,4,0,215,1
EXP-00384,CALI,HURTO_PATRIMONIAL,Juzgado_3_Familia,2021,70.34,0.95,3,0,534,1
EXP-00385,YOTOCO,ALIMENTOS,Juzgado_2_Familia,2022,0.58,1.2,14,1,494,1
EXP-00386,CALI,ALIMENTOS,Comisaria_2_Familia,2024,70.34,0.9,7,1,384,0
EXP-00387,PALMIRA,ALIMENTOS,Juzgado_1_Familia,2022,11.54,1.35,12,0,464,1
EXP-00388,GUACARI,ALIMENTOS,Comisaria_1_Familia,2024,1.48,1.1,4,0,288,1
EXP-00389,CALI,ALIMENTOS,Comisaria_2_Familia,2020,70.34,0.9,10,0,495,1
EXP-00390,CALI,ALIMENTOS,Juzgado_1_Familia,2024,70.34,1.35,7,0,589,1
EXP-00391,CALI,HURTO_PATRIMONIAL,Juzgado_Penal_Municipal_1,2024,70.34,1.25,2,0,610,1
EXP-00392,PRADERA,ALIMENTOS,Juzgado_1_Familia,2021,0.72,1.35,2,0,134,0
EXP-00393,OBANDO,VIF,Juzgado_1_Familia,2022,0.38,1.35,6,0,294,1
EXP-00394,GUACARI,VIF,Juzgado_Penal_Municipal_1,2022,1.48,1.25,4,0,261,1
EXP-00395,GUADALAJARA DE BUGA,SUSTANCIAS,Comisaria_1_Familia,2023,6.6,1.1,6,0,163,0
EXP-00396,GUADALAJARA DE BUGA,ALIMENTOS,Juzgado_1_Familia,2024,6.6,1.35,1,0,341,1
EXP-00397,EL CERRITO,ALIMENTOS,Juzgado_Penal_Municipal_2,2024,1.1,1.05,2,0,277,1
EXP-00398,PALMIRA,ALIMENTOS,Juzgado_3_Familia,2024,11.54,0.95,6,0,289,1
EXP-00399,RESTREPO,HURTO_PATRIMONIAL,Juzgado_Penal_Municipal_2,2022,0.24,1.05,12,0,388,1
EXP-00400,BUGALAGRANDE,HURTO_PATRIMONIAL,Comisaria_2_Familia,2024,0.2799999999999999,0.9,4,1,446,1
EXP-00401,TULUA,VIF,Juzgado_3_Familia,2022,3.34,0.95,10,0,288,1
EXP-00402,TULUA,ALIMENTOS,Juzgado_1_Familia,2020,3.34,1.35,7,0,313,0
EXP-00403,PALMIRA,ALIMENTOS,Juzgado_2_Familia,2024,11.54,1.2,17,1,608,1
EXP-00404,PRADERA,VIF,Comisaria_2_Familia,2024,0.72,0.9,3,0,73,0
EXP-00405,JAMUNDI,ALIMENTOS,Comisaria_2_Familia,2023,2.64,0.9,2,1,324,0
EXP-00406,YOTOCO,ALIMENTOS,Juzgado_1_Familia,2022,0.58,1.35,5,1,515,1
EXP-00407,PALMIRA,ALIMENTOS,Juzgado_Penal_Municipal_2,2024,11.54,1.05,3,0,298,1
EXP-00408,GUACARI,SUSTANCIAS,Juzgado_2_Familia,2022,1.48,1.2,4,0,239,1
EXP-00409,CALIMA,ALIMENTOS,Comisaria_1_Familia,2021,0.3199999999999999,1.1,8,0,343,1
EXP-00410,ROLDANILLO,SUSTANCIAS,Comisaria_1_Familia,2024,1.26,1.1,10,0,335,1
EXP-00411,SIN_DATO,ALIMENTOS,Juzgado_Penal_Municipal_2,2022,2.2,1.05,3,0,278,1
EXP-00412,CALI,ALIMENTOS,Juzgado_Penal_Municipal_2,2024,70.34,1.05,1,1,609,1
EXP-00413,CARTAGO,ALIMENTOS,Juzgado_Penal_Municipal_1,2024,5.56,1.25,2,1,446,1
EXP-00414,CAICEDONIA,ALIMENTOS,Juzgado_2_Familia,2021,1.28,1.2,1,1,445,1
EXP-00415,JAMUNDI,ALIMENTOS,Comisaria_1_Familia,2021,2.64,1.1,2,0,276,1
EXP-00416,YUMBO,VIF,Juzgado_Penal_Municipal_1,2022,3.5,1.25,5,0,257,1
EXP-00417,CALI,VIF,Juzgado_Penal_Municipal_2,2023,70.34,1.05,7,0,430,1
EXP-00418,SIN_DATO,VIF,Comisaria_1_Familia,2021,2.2,1.1,6,0,149,0
EXP-00419,CALI,ALIMENTOS,Juzgado_Penal_Municipal_1,2021,70.34,1.25,5,0,517,1
EXP-00420,GUADALAJARA DE BUGA,ALIMENTOS,Juzgado_2_Familia,2020,6.6,1.2,1,0,313,1
EXP-00421,YOTOCO,ALIMENTOS,Juzgado_Penal_Municipal_2,2020,0.58,1.05,6,0,344,1
EXP-00422,CALI,VIF,Juzgado_Penal_Municipal_2,2020,70.34,1.05,9,0,451,1
EXP-00423,GUADALAJARA DE BUGA,ALIMENTOS,Juzgado_2_Familia,2020,6.6,1.2,2,0,289,1
EXP-00424,ROLDANILLO,HURTO_PATRIMONIAL,Comisaria_2_Familia,2022,1.26,0.9,1,1,357,1
EXP-00425,GUADALAJARA DE BUGA,SUSTANCIAS,Comisaria_2_Familia,2021,6.6,0.9,5,0,211,1
EXP-00426,OBANDO,VIF,Juzgado_3_Familia,2023,0.38,0.95,3,0,77,0
EXP-00427,CAICEDONIA,HURTO_PATRIMONIAL,Juzgado_Penal_Municipal_2,2024,1.28,1.05,1,0,309,1
EXP-00428,CALI,ALIMENTOS,Comisaria_1_Familia,2020,70.34,1.1,3,0,514,1
EXP-00429,CAICEDONIA,SUSTANCIAS,Juzgado_2_Familia,2022,1.28,1.2,2,0,268,1
EXP-00430,PALMIRA,SUSTANCIAS,Juzgado_3_Familia,2022,11.54,0.95,1,0,207,1
EXP-00431,GUADALAJARA DE BUGA,HURTO_PATRIMONIAL,Comisaria_1_Familia,2020,6.6,1.1,2,1,459,1
EXP-00432,GUACARI,VIF,Juzgado_2_Familia,2023,1.48,1.2,7,0,285,1
EXP-00433,ROLDANILLO,VIF,Juzgado_Penal_Municipal_2,2020,1.26,1.05,3,0,189,1
EXP-00434,ANSERMANUEVO,ALIMENTOS,Comisaria_1_Familia,2020,0.2,1.1,9,0,326,1
EXP-00435,SIN_DATO,ALIMENTOS,Juzgado_3_Familia,2023,2.2,0.95,3,0,259,1
EXP-00436,JAMUNDI,ALIMENTOS,Juzgado_Penal_Municipal_1,2024,2.64,1.25,7,1,479,1
EXP-00437,GUADALAJARA DE BUGA,VIF,Comisaria_2_Familia,2024,6.6,0.9,3,0,212,1
EXP-00438,GUADALAJARA DE BUGA,HURTO_PATRIMONIAL,Juzgado_3_Familia,2024,6.6,0.95,8,0,381,1
EXP-00439,CARTAGO,ALIMENTOS,Comisaria_1_Familia,2024,5.56,1.1,1,0,283,1
EXP-00440,YOTOCO,ALIMENTOS,Juzgado_1_Familia,2020,0.58,1.35,1,0,322,1
EXP-00441,LA VICTORIA,VIF,Juzgado_1_Familia,2023,0.1666666666666666,1.35,3,0,255,1
EXP-00442,CALI,ALIMENTOS,Juzgado_Penal_Municipal_2,2024,70.34,1.05,1,0,426,1
EXP-00443,CARTAGO,VIF,Comisaria_1_Familia,2023,5.56,1.1,3,0,259,1
EXP-00444,CALI,VIF,Comisaria_1_Familia,2024,70.34,1.1,2,0,436,1
EXP-00445,CARTAGO,VIF,Comisaria_2_Familia,2024,5.56,0.9,8,0,264,1
EXP-00446,CARTAGO,ALIMENTOS,Juzgado_1_Familia,2020,5.56,1.35,4,0,370,1
EXP-00447,ANSERMANUEVO,VIF,Juzgado_3_Familia,2023,0.2,0.95,12,0,283,1
EXP-00448,SIN_DATO,ALIMENTOS,Juzgado_Penal_Municipal_2,2022,2.2,1.05,8,1,473,1
EXP-00449,FLORIDA,SUSTANCIAS,Comisaria_2_Familia,2024,0.8,0.9,6,0,234,1
EXP-00450,YUMBO,VIF,Comisaria_2_Familia,2021,3.5,0.9,1,0,188,1
EXP-00451,CALI,ALIMENTOS,Juzgado_3_Familia,2023,70.34,0.95,5,0,475,1
EXP-00452,BUENAVENTURA,VIF,Juzgado_Penal_Municipal_2,2022,3.34,1.05,5,0,235,1
EXP-00453,GUACARI,VIF,Juzgado_Penal_Municipal_1,2024,1.48,1.25,3,0,236,1
EXP-00454,PALMIRA,ALIMENTOS,Juzgado_1_Familia,2020,11.54,1.35,4,1,541,1
EXP-00455,CALI,VIF,Juzgado_Penal_Municipal_1,2021,70.34,1.25,2,0,435,1
EXP-00456,GUACARI,ALIMENTOS,Juzgado_Penal_Municipal_1,2024,1.48,1.25,1,1,452,1
EXP-00457,YUMBO,ALIMENTOS,Juzgado_Penal_Municipal_2,2024,3.5,1.05,1,1,374,1
EXP-00458,BUENAVENTURA,SUSTANCIAS,Juzgado_Penal_Municipal_1,2023,3.34,1.25,5,0,287,1
EXP-00459,LA CUMBRE,ALIMENTOS,Comisaria_2_Familia,2022,0.24,0.9,9,0,121,0
EXP-00460,BUENAVENTURA,HURTO_PATRIMONIAL,Juzgado_2_Familia,2022,3.34,1.2,3,0,326,1
EXP-00461,CALI,ALIMENTOS,Juzgado_Penal_Municipal_2,2023,70.34,1.05,3,1,623,1
EXP-00462,TULUA,ALIMENTOS,Juzgado_1_Familia,2023,3.34,1.35,5,0,380,1
EXP-00463,SIN_DATO,VIF,Juzgado_Penal_Municipal_2,2022,2.2,1.05,2,0,117,0
EXP-00464,JAMUNDI,VIF,Juzgado_Penal_Municipal_2,2021,2.64,1.05,20,0,338,1
EXP-00465,GINEBRA,HURTO_PATRIMONIAL,Juzgado_Penal_Municipal_1,2023,0.6,1.25,3,0,341,1
EXP-00466,ANSERMANUEVO,SUSTANCIAS,Comisaria_1_Familia,2021,0.2,1.1,16,0,203,0
EXP-00467,SIN_DATO,ALIMENTOS,Comisaria_1_Familia,2021,2.2,1.1,4,0,132,0
EXP-00468,PALMIRA,ALIMENTOS,Juzgado_3_Familia,2024,11.54,0.95,3,0,124,0
EXP-00469,LA UNION,VIF,Juzgado_Penal_Municipal_2,2021,0.575,1.05,2,0,182,1
EXP-00470,EL CAIRO,ALIMENTOS,Juzgado_Penal_Municipal_1,2024,0.1,1.25,1,0,315,1
EXP-00471,LA UNION,ALIMENTOS,Juzgado_Penal_Municipal_2,2022,0.575,1.05,3,1,312,0
EXP-00472,CALI,VIF,Juzgado_Penal_Municipal_1,2022,70.34,1.25,5,0,472,1
EXP-00473,EL DOVIO,ALIMENTOS,Juzgado_Penal_Municipal_2,2024,0.1,1.05,2,0,228,1
EXP-00474,FLORIDA,HURTO_PATRIMONIAL,Juzgado_Penal_Municipal_1,2024,0.8,1.25,1,0,431,1
EXP-00475,PALMIRA,HURTO_PATRIMONIAL,Juzgado_3_Familia,2022,11.54,0.95,1,1,475,1
EXP-00476,PALMIRA,VIF,Comisaria_2_Familia,2023,11.54,0.9,2,0,193,1
EXP-00477,TULUA,SUSTANCIAS,Comisaria_2_Familia,2024,3.34,0.9,6,0,169,0
EXP-00478,YUMBO,ALIMENTOS,Juzgado_3_Familia,2024,3.5,0.95,4,0,275,1
EXP-00479,DAGUA,HURTO_PATRIMONIAL,Juzgado_1_Familia,2024,1.3666666666666665,1.35,1,0,379,1
EXP-00480,TULUA,VIF,Comisaria_2_Familia,2023,3.34,0.9,2,0,178,1
EXP-00481,GINEBRA,HURTO_PATRIMONIAL,Juzgado_2_Familia,2022,0.6,1.2,5,0,399,1
EXP-00482,GUADALAJARA DE BUGA,ALIMENTOS,Juzgado_Penal_Municipal_2,2021,6.6,1.05,3,1,430,1
EXP-00483,CALI,HURTO_PATRIMONIAL,Comisaria_2_Familia,2022,70.34,0.9,4,0,439,1
EXP-00484,CALI,VIF,Juzgado_Penal_Municipal_1,2022,70.34,1.25,1,0,411,1
EXP-00485,CALI,ALIMENTOS,Comisaria_1_Familia,2022,70.34,1.1,1,1,660,1
EXP-00486,YUMBO,ALIMENTOS,Juzgado_3_Familia,2023,3.5,0.95,1,0,224,1
EXP-00487,TRUJILLO,VIF,Juzgado_1_Familia,2022,0.225,1.35,2,0,145,0
EXP-00488,CALI,ALIMENTOS,Comisaria_1_Familia,2023,70.34,1.1,1,0,467,1
EXP-00489,RIOFRIO,VIF,Juzgado_1_Familia,2020,0.175,1.35,5,0,253,1
EXP-00490,LA UNION,HURTO_PATRIMONIAL,Juzgado_Penal_Municipal_1,2022,0.575,1.25,4,0,403,1
EXP-00491,TORO,VIF,Juzgado_Penal_Municipal_1,2022,0.1333333333333333,1.25,2,0,249,1
EXP-00492,PALMIRA,ALIMENTOS,Juzgado_Penal_Municipal_2,2021,11.54,1.05,2,0,326,1
EXP-00493,CANDELARIA,HURTO_PATRIMONIAL,Juzgado_3_Familia,2024,3.08,0.95,1,0,162,0
EXP-00494,CALI,VIF,Juzgado_Penal_Municipal_1,2024,70.34,1.25,4,0,461,1
EXP-00495,DAGUA,HURTO_PATRIMONIAL,Juzgado_2_Familia,2024,1.3666666666666665,1.2,6,0,399,1
EXP-00496,YUMBO,ALIMENTOS,Juzgado_2_Familia,2021,3.5,1.2,4,0,295,1
EXP-00497,GUADALAJARA DE BUGA,ALIMENTOS,Juzgado_Penal_Municipal_1,2024,6.6,1.25,4,0,337,1
EXP-00498,CAICEDONIA,VIF,Juzgado_1_Familia,2022,1.28,1.35,6,0,253,1
EXP-00499,EL DOVIO,VIF,Comisaria_1_Familia,2020,0.1,1.1,4,0,211,1
EXP-00500,CALI,SUSTANCIAS,Juzgado_Penal_Municipal_1,2024,70.34,1.25,1,0,480,1
EXP-00501,PALMIRA,HURTO_PATRIMONIAL,Comisaria_1_Familia,2023,11.54,1.1,5,1,492,1
EXP-00502,ALCALA,ALIMENTOS,Juzgado_2_Familia,2020,0.22,1.2,7,0,330,1
EXP-00503,ZARZAL,HURTO_PATRIMONIAL,Juzgado_1_Familia,2024,1.12,1.35,2,0,382,1
EXP-00504,CARTAGO,VIF,Juzgado_Penal_Municipal_1,2021,5.56,1.25,4,0,282,1
EXP-00505,SIN_DATO,HURTO_PATRIMONIAL,Juzgado_Penal_Municipal_2,2022,2.2,1.05,3,0,321,1
EXP-00506,BUENAVENTURA,ALIMENTOS,Comisaria_1_Familia,2022,3.34,1.1,1,1,429,1
EXP-00507,CALIMA,ALIMENTOS,Juzgado_2_Familia,2022,0.3199999999999999,1.2,7,1,456,1
EXP-00508,CALI,HURTO_PATRIMONIAL,Juzgado_1_Familia,2024,70.34,1.35,8,0,434,0
EXP-00509,CANDELARIA,ALIMENTOS,Comisaria_1_Familia,2024,3.08,1.1,3,0,299,1
EXP-00510,VIJES,HURTO_PATRIMONIAL,Juzgado_Penal_Municipal_2,2023,0.175,1.05,18,0,475,1
EXP-00511,CAICEDONIA,ALIMENTOS,Comisaria_2_Familia,2022,1.28,0.9,4,0,237,1
EXP-00512,TULUA,SUSTANCIAS,Comisaria_2_Familia,2023,3.34,0.9,3,0,210,1
EXP-00513,CARTAGO,VIF,Juzgado_Penal_Municipal_2,2023,5.56,1.05,4,0,144,0
EXP-00514,CARTAGO,VIF,Juzgado_Penal_Municipal_2,2023,5.56,1.05,5,0,116,0
EXP-00515,PALMIRA,ALIMENTOS,Comisaria_1_Familia,2023,11.54,1.1,9,1,487,1
EXP-00516,CANDELARIA,VIF,Juzgado_2_Familia,2024,3.08,1.2,6,0,266,1
EXP-00517,PALMIRA,VIF,Comisaria_2_Familia,2023,11.54,0.9,3,0,120,0
EXP-00518,ARGELIA,ALIMENTOS,Juzgado_Penal_Municipal_1,2021,0.2,1.25,3,0,306,1
EXP-00519,FLORIDA,ALIMENTOS,Comisaria_2_Familia,2022,0.8,0.9,3,0,236,1
EXP-00520,SEVILLA,ALIMENTOS,Comisaria_2_Familia,2022,1.62,0.9,3,1,375,1
EXP-00521,LA VICTORIA,VIF,Comisaria_2_Familia,2021,0.1666666666666666,0.9,7,0,235,1
EXP-00522,CARTAGO,VIF,Juzgado_Penal_Municipal_2,2024,5.56,1.05,5,0,248,1
EXP-00523,LA UNION,HURTO_PATRIMONIAL,Juzgado_Penal_Municipal_1,2022,0.575,1.25,6,1,578,1
EXP-00524,DAGUA,ALIMENTOS,Juzgado_1_Familia,2021,1.3666666666666665,1.35,3,0,340,1
EXP-00525,EL AGUILA,HURTO_PATRIMONIAL,Juzgado_3_Familia,2023,0.1666666666666666,0.95,12,1,550,1
EXP-00526,BUENAVENTURA,ALIMENTOS,Comisaria_1_Familia,2022,3.34,1.1,4,1,456,1
EXP-00527,SIN_DATO,ALIMENTOS,Juzgado_3_Familia,2024,2.2,0.95,1,1,383,1
EXP-00528,CAICEDONIA,ALIMENTOS,Comisaria_1_Familia,2021,1.28,1.1,5,0,275,1
EXP-00529,SEVILLA,ALIMENTOS,Comisaria_2_Familia,2020,1.62,0.9,2,0,197,1
EXP-00530,SIN_DATO,VIF,Comisaria_2_Familia,2022,2.2,0.9,3,0,197,1
EXP-00531,ROLDANILLO,VIF,Juzgado_Penal_Municipal_1,2022,1.26,1.25,1,0,234,1
EXP-00532,CALI,ALIMENTOS,Juzgado_3_Familia,2023,70.34,0.95,1,0,451,1
EXP-00533,FLORIDA,SUSTANCIAS,Juzgado_1_Familia,2024,0.8,1.35,6,0,299,1
EXP-00534,CANDELARIA,VIF,Juzgado_3_Familia,2021,3.08,0.95,6,0,129,0
EXP-00535,CAICEDONIA,VIF,Comisaria_2_Familia,2024,1.28,0.9,6,0,210,1
EXP-00536,CARTAGO,HURTO_PATRIMONIAL,Juzgado_Penal_Municipal_1,2024,5.56,1.25,6,0,408,1
EXP-00537,CANDELARIA,ALIMENTOS,Comisaria_2_Familia,2023,3.08,0.9,3,1,346,1
EXP-00538,BUENAVENTURA,HURTO_PATRIMONIAL,Juzgado_2_Familia,2021,3.34,1.2,2,0,383,1
EXP-00539,TULUA,VIF,Juzgado_Penal_Municipal_2,2021,3.34,1.05,9,0,258,1
EXP-00540,CALI,VIF,Juzgado_2_Familia,2022,70.34,1.2,1,0,409,1
EXP-00541,CALI,HURTO_PATRIMONIAL,Juzgado_3_Familia,2024,70.34,0.95,5,0,544,1
EXP-00542,BUENAVENTURA,VIF,Juzgado_Penal_Municipal_2,2022,3.34,1.05,3,0,201,1
EXP-00543,SIN_DATO,ALIMENTOS,Juzgado_Penal_Municipal_1,2021,2.2,1.25,4,1,435,1
EXP-00544,FLORIDA,VIF,Comisaria_2_Familia,2023,0.8,0.9,2,0,193,1
EXP-00545,LA UNION,ALIMENTOS,Comisaria_2_Familia,2023,0.575,0.9,1,1,383,1
EXP-00546,ROLDANILLO,VIF,Juzgado_3_Familia,2022,1.26,0.95,3,0,221,1
EXP-00547,CALI,ALIMENTOS,Comisaria_2_Familia,2021,70.34,0.9,3,0,452,1
EXP-00548,CALIMA,HURTO_PATRIMONIAL,Juzgado_2_Familia,2020,0.3199999999999999,1.2,1,0,308,1
EXP-00549,DAGUA,VIF,Juzgado_3_Familia,2021,1.3666666666666665,0.95,3,0,166,1
EXP-00550,CALI,VIF,Comisaria_2_Familia,2022,70.34,0.9,6,0,216,0
EXP-00551,CARTAGO,VIF,Juzgado_Penal_Municipal_1,2022,5.56,1.25,3,0,253,1
EXP-00552,DAGUA,VIF,Comisaria_2_Familia,2021,1.3666666666666665,0.9,14,0,279,1
EXP-00553,CANDELARIA,ALIMENTOS,Juzgado_2_Familia,2024,3.08,1.2,1,0,273,1
EXP-00554,BUGALAGRANDE,VIF,Juzgado_Penal_Municipal_1,2021,0.2799999999999999,1.25,8,0,270,1
EXP-00555,SEVILLA,ALIMENTOS,Juzgado_1_Familia,2023,1.62,1.35,4,0,390,1
EXP-00556,SAN PEDRO,VIF,Juzgado_2_Familia,2023,0.3,1.2,3,0,257,1
EXP-00557,EL AGUILA,VIF,Juzgado_Penal_Municipal_1,2024,0.1666666666666666,1.25,2,0,240,1
EXP-00558,LA CUMBRE,ALIMENTOS,Juzgado_Penal_Municipal_2,2021,0.24,1.05,1,1,394,1
EXP-00559,PALMIRA,ALIMENTOS,Comisaria_1_Familia,2024,11.54,1.1,1,0,303,1
EXP-00560,CARTAGO,SUSTANCIAS,Juzgado_2_Familia,2022,5.56,1.2,3,0,294,1
EXP-00561,CALI,ALIMENTOS,Comisaria_1_Familia,2024,70.34,1.1,3,0,375,0
EXP-00562,CALI,HURTO_PATRIMONIAL,Juzgado_1_Familia,2023,70.34,1.35,1,1,682,0
EXP-00563,CARTAGO,VIF,Juzgado_Penal_Municipal_2,2020,5.56,1.05,6,0,245,1
EXP-00564,GUADALAJARA DE BUGA,VIF,Juzgado_1_Familia,2023,6.6,1.35,1,0,276,1
EXP-00565,CARTAGO,ALIMENTOS,Comisaria_2_Familia,2023,5.56,0.9,2,0,217,1
EXP-00566,ROLDANILLO,VIF,Juzgado_2_Familia,2024,1.26,1.2,14,0,337,1
EXP-00567,BUGALAGRANDE,SUSTANCIAS,Juzgado_Penal_Municipal_2,2023,0.2799999999999999,1.05,2,0,159,0
EXP-00568,CALI,HURTO_PATRIMONIAL,Juzgado_3_Familia,2021,70.34,0.95,4,0,442,1
EXP-00569,PALMIRA,HURTO_PATRIMONIAL,Juzgado_2_Familia,2022,11.54,1.2,2,1,382,0
EXP-00570,CAICEDONIA,HURTO_PATRIMONIAL,Juzgado_2_Familia,2024,1.28,1.2,4,0,387,1
EXP-00571,SEVILLA,HURTO_PATRIMONIAL,Juzgado_Penal_Municipal_2,2023,1.62,1.05,2,1,417,1
EXP-00572,CARTAGO,VIF,Juzgado_Penal_Municipal_1,2022,5.56,1.25,3,0,197,0
EXP-00573,CALI,SUSTANCIAS,Comisaria_1_Familia,2021,70.34,1.1,4,0,485,1
EXP-00574,CAICEDONIA,HURTO_PATRIMONIAL,Juzgado_Penal_Municipal_2,2023,1.28,1.05,2,0,316,1
EXP-00575,FLORIDA,ALIMENTOS,Comisaria_1_Familia,2023,0.8,1.1,3,0,314,1
EXP-00576,CALI,ALIMENTOS,Juzgado_1_Familia,2023,70.34,1.35,1,1,458,0
EXP-00577,CALI,HURTO_PATRIMONIAL,Juzgado_3_Familia,2022,70.34,0.95,1,1,594,1
EXP-00578,CALIMA,VIF,Juzgado_1_Familia,2021,0.3199999999999999,1.35,4,0,261,1
EXP-00579,CARTAGO,VIF,Juzgado_2_Familia,2022,5.56,1.2,2,0,258,1
EXP-00580,ZARZAL,SUSTANCIAS,Juzgado_1_Familia,2021,1.12,1.35,7,0,324,1
EXP-00581,SEVILLA,ALIMENTOS,Juzgado_3_Familia,2022,1.62,0.95,8,0,295,1
EXP-00582,CALI,ALIMENTOS,Juzgado_Penal_Municipal_2,2022,70.34,1.05,4,0,458,1
EXP-00583,CALI,SUSTANCIAS,Juzgado_3_Familia,2021,70.34,0.95,4,0,417,1
EXP-00584,CALI,VIF,Comisaria_2_Familia,2023,70.34,0.9,2,0,303,0
EXP-00585,CALI,VIF,Juzgado_Penal_Municipal_2,2022,70.34,1.05,3,0,414,1
EXP-00586,JAMUNDI,VIF,Juzgado_3_Familia,2024,2.64,0.95,4,0,97,0
EXP-00587,CALI,ALIMENTOS,Juzgado_2_Familia,2024,70.34,1.2,6,1,683,1
EXP-00588,CALI,HURTO_PATRIMONIAL,Comisaria_2_Familia,2024,70.34,0.9,1,0,444,1
EXP-00589,EL CERRITO,HURTO_PATRIMONIAL,Juzgado_Penal_Municipal_2,2022,1.1,1.05,10,1,547,1
EXP-00590,ALCALA,VIF,Juzgado_3_Familia,2021,0.22,0.95,6,0,138,0
EXP-00591,CANDELARIA,SUSTANCIAS,Juzgado_2_Familia,2022,3.08,1.2,2,0,260,1
EXP-00592,CANDELARIA,VIF,Comisaria_2_Familia,2024,3.08,0.9,1,0,141,0
EXP-00593,CALI,VIF,Comisaria_1_Familia,2024,70.34,1.1,1,0,377,1
EXP-00594,ANDALUCIA,ALIMENTOS,Juzgado_3_Familia,2021,0.38,0.95,3,0,218,0
EXP-00595,ANDALUCIA,HURTO_PATRIMONIAL,Comisaria_1_Familia,2023,0.38,1.1,1,0,293,1
EXP-00596,SEVILLA,ALIMENTOS,Comisaria_1_Familia,2021,1.62,1.1,4,0,190,0
EXP-00597,ANDALUCIA,ALIMENTOS,Juzgado_1_Familia,2022,0.38,1.35,7,1,546,1
EXP-00598,PALMIRA,VIF,Juzgado_3_Familia,2023,11.54,0.95,7,0,265,1
EXP-00599,PALMIRA,ALIMENTOS,Juzgado_3_Familia,2023,11.54,0.95,9,1,373,0
EXP-00600,SAN PEDRO,ALIMENTOS,Juzgado_1_Familia,2020,0.3,1.35,1,0,327,1
EXP-00601,CANDELARIA,SUSTANCIAS,Juzgado_1_Familia,2020,3.08,1.35,4,0,239,0
EXP-00602,PALMIRA,ALIMENTOS,Juzgado_1_Familia,2022,11.54,1.35,2,0,392,1
EXP-00603,GUADALAJARA DE BUGA,ALIMENTOS,Juzgado_2_Familia,2020,6.6,1.2,5,1,343,0
EXP-00604,TRUJILLO,ALIMENTOS,Comisaria_1_Familia,2023,0.225,1.1,4,0,302,1
EXP-00605,CALI,ALIMENTOS,Juzgado_1_Familia,2023,70.34,1.35,2,0,555,1
EXP-00606,CALI,ALIMENTOS,Comisaria_1_Familia,2021,70.34,1.1,10,1,657,1
EXP-00607,DAGUA,ALIMENTOS,Juzgado_Penal_Municipal_1,2021,1.3666666666666665,1.25,4,1,488,1
EXP-00608,ZARZAL,VIF,Juzgado_3_Familia,2023,1.12,0.95,1,0,152,0
EXP-00609,ALCALA,VIF,Comisaria_1_Familia,2023,0.22,1.1,1,0,193,1
EXP-00610,RIOFRIO,ALIMENTOS,Comisaria_2_Familia,2021,0.175,0.9,3,1,370,1
EXP-00611,EL CERRITO,ALIMENTOS,Juzgado_2_Familia,2020,1.1,1.2,3,1,401,1
EXP-00612,TORO,HURTO_PATRIMONIAL,Juzgado_2_Familia,2021,0.1333333333333333,1.2,7,0,387,1
EXP-00613,CALI,VIF,Juzgado_1_Familia,2024,70.34,1.35,4,0,483,1
EXP-00614,CARTAGO,ALIMENTOS,Juzgado_1_Familia,2022,5.56,1.35,6,0,220,0
EXP-00615,TULUA,VIF,Juzgado_3_Familia,2021,3.34,0.95,9,0,259,1
EXP-00616,CARTAGO,VIF,Juzgado_2_Familia,2024,5.56,1.2,2,0,132,0
EXP-00617,SIN_DATO,SUSTANCIAS,Juzgado_2_Familia,2023,2.2,1.2,10,0,317,1
EXP-00618,TULUA,VIF,Juzgado_Penal_Municipal_2,2024,3.34,1.05,2,0,203,1
EXP-00619,JAMUNDI,ALIMENTOS,Juzgado_1_Familia,2021,2.64,1.35,3,0,151,0
EXP-00620,SEVILLA,VIF,Juzgado_2_Familia,2020,1.62,1.2,2,0,232,1
EXP-00621,TORO,VIF,Comisaria_1_Familia,2022,0.1333333333333333,1.1,8,0,263,1
EXP-00622,BUGALAGRANDE,VIF,Juzgado_Penal_Municipal_2,2020,0.2799999999999999,1.05,6,0,204,1
EXP-00623,CANDELARIA,VIF,Juzgado_Penal_Municipal_1,2022,3.08,1.25,3,0,276,1
EXP-00624,CANDELARIA,ALIMENTOS,Juzgado_Penal_Municipal_2,2021,3.08,1.05,3,0,290,1
EXP-00625,SIN_DATO,ALIMENTOS,Juzgado_Penal_Municipal_2,2021,2.2,1.05,1,0,305,1
EXP-00626,TULUA,SUSTANCIAS,Juzgado_3_Familia,2024,3.34,0.95,1,0,208,1
EXP-00627,GUADALAJARA DE BUGA,VIF,Juzgado_3_Familia,2022,6.6,0.95,5,0,206,1
EXP-00628,GINEBRA,VIF,Juzgado_Penal_Municipal_2,2022,0.6,1.05,3,0,198,1
EXP-00629,TULUA,HURTO_PATRIMONIAL,Juzgado_Penal_Municipal_2,2024,3.34,1.05,2,0,246,0
EXP-00630,EL AGUILA,ALIMENTOS,Juzgado_2_Familia,2022,0.1666666666666666,1.2,8,0,358,1
EXP-00631,DAGUA,ALIMENTOS,Juzgado_3_Familia,2023,1.3666666666666665,0.95,9,0,287,1
EXP-00632,TULUA,HURTO_PATRIMONIAL,Comisaria_1_Familia,2020,3.34,1.1,2,1,478,1
EXP-00633,VIJES,ALIMENTOS,Juzgado_1_Familia,2022,0.175,1.35,2,0,300,1
EXP-00634,GUADALAJARA DE BUGA,HURTO_PATRIMONIAL,Juzgado_3_Familia,2024,6.6,0.95,8,1,394,0
EXP-00635,PALMIRA,ALIMENTOS,Juzgado_3_Familia,2023,11.54,0.95,8,0,306,1
EXP-00636,GINEBRA,VIF,Juzgado_Penal_Municipal_2,2022,0.6,1.05,4,0,216,1
EXP-00637,PRADERA,ALIMENTOS,Juzgado_2_Familia,2023,0.72,1.2,5,0,205,0
EXP-00638,CALI,ALIMENTOS,Juzgado_2_Familia,2023,70.34,1.2,4,1,661,1
EXP-00639,GINEBRA,HURTO_PATRIMONIAL,Juzgado_2_Familia,2024,0.6,1.2,2,0,326,1
EXP-00640,SAN PEDRO,VIF,Juzgado_1_Familia,2024,0.3,1.35,3,0,243,1
EXP-00641,SEVILLA,HURTO_PATRIMONIAL,Comisaria_2_Familia,2024,1.62,0.9,1,1,358,1
EXP-00642,SEVILLA,ALIMENTOS,Juzgado_3_Familia,2023,1.62,0.95,1,0,217,1
EXP-00643,CARTAGO,ALIMENTOS,Juzgado_3_Familia,2023,5.56,0.95,2,0,230,1
EXP-00644,PALMIRA,VIF,Juzgado_3_Familia,2024,11.54,0.95,9,0,257,1
EXP-00645,GUADALAJARA DE BUGA,HURTO_PATRIMONIAL,Comisaria_2_Familia,2021,6.6,0.9,7,0,334,1
EXP-00646,ANDALUCIA,VIF,Juzgado_3_Familia,2024,0.38,0.95,8,0,96,0
EXP-00647,SEVILLA,HURTO_PATRIMONIAL,Juzgado_3_Familia,2024,1.62,0.95,4,1,274,0
EXP-00648,JAMUNDI,ALIMENTOS,Comisaria_1_Familia,2020,2.64,1.1,2,1,372,1
EXP-00649,GUADALAJARA DE BUGA,VIF,Juzgado_Penal_Municipal_2,2024,6.6,1.05,4,0,252,1
EXP-00650,LA UNION,VIF,Juzgado_2_Familia,2021,0.575,1.2,3,0,136,0
EXP-00651,EL DOVIO,ALIMENTOS,Comisaria_1_Familia,2023,0.1,1.1,4,0,270,1
EXP-00652,EL DOVIO,VIF,Comisaria_2_Familia,2021,0.1,0.9,6,0,131,0
EXP-00653,PALMIRA,VIF,Comisaria_2_Familia,2021,11.54,0.9,5,0,213,1
EXP-00654,RESTREPO,ALIMENTOS,Comisaria_1_Familia,2021,0.24,1.1,1,1,233,0
EXP-00655,PALMIRA,ALIMENTOS,Juzgado_Penal_Municipal_1,2022,11.54,1.25,35,0,608,1
EXP-00656,CALI,VIF,Juzgado_1_Familia,2024,70.34,1.35,4,0,489,1
EXP-00657,ARGELIA,VIF,Juzgado_3_Familia,2024,0.2,0.95,2,0,109,0
EXP-00658,CALI,VIF,Juzgado_3_Familia,2024,70.34,0.95,1,0,383,1
EXP-00659,CALI,HURTO_PATRIMONIAL,Juzgado_Penal_Municipal_2,2022,70.34,1.05,1,0,482,1
EXP-00660,YOTOCO,VIF,Juzgado_Penal_Municipal_2,2023,0.58,1.05,5,0,220,1
EXP-00661,CAICEDONIA,VIF,Juzgado_3_Familia,2022,1.28,0.95,1,0,178,1
EXP-00662,PRADERA,VIF,Comisaria_2_Familia,2024,0.72,0.9,1,0,188,1
EXP-00663,CARTAGO,ALIMENTOS,Comisaria_1_Familia,2023,5.56,1.1,4,1,441,1
EXP-00664,CALI,SUSTANCIAS,Juzgado_3_Familia,2024,70.34,0.95,3,0,419,1
EXP-00665,YUMBO,SUSTANCIAS,Juzgado_2_Familia,2023,3.5,1.2,2,0,238,1
EXP-00666,CALIMA,ALIMENTOS,Comisaria_2_Familia,2023,0.3199999999999999,0.9,7,0,162,0
EXP-00667,CALI,ALIMENTOS,Juzgado_Penal_Municipal_2,2022,70.34,1.05,3,1,596,1
EXP-00668,ZARZAL,VIF,Juzgado_Penal_Municipal_1,2024,1.12,1.25,8,0,273,1
EXP-00669,JAMUNDI,ALIMENTOS,Juzgado_2_Familia,2023,2.64,1.2,5,1,512,1
EXP-00670,CARTAGO,ALIMENTOS,Comisaria_2_Familia,2023,5.56,0.9,3,1,228,0
EXP-00671,BUENAVENTURA,VIF,Juzgado_1_Familia,2022,3.34,1.35,10,0,301,1
EXP-00672,CALI,ALIMENTOS,Juzgado_1_Familia,2021,70.34,1.35,2,1,688,1
EXP-00673,LA UNION,HURTO_PATRIMONIAL,Juzgado_Penal_Municipal_2,2022,0.575,1.05,2,0,297,1
EXP-00674,LA VICTORIA,SUSTANCIAS,Comisaria_2_Familia,2023,0.1666666666666666,0.9,11,0,267,1
EXP-00675,GUADALAJARA DE BUGA,HURTO_PATRIMONIAL,Juzgado_Penal_Municipal_2,2021,6.6,1.05,7,1,514,1
EXP-00676,PALMIRA,ALIMENTOS,Comisaria_2_Familia,2023,11.54,0.9,3,1,223,0
EXP-00677,BUENAVENTURA,VIF,Juzgado_3_Familia,2024,3.34,0.95,17,0,302,1
EXP-00678,PRADERA,VIF,Juzgado_2_Familia,2022,0.72,1.2,4,0,232,1
EXP-00679,ZARZAL,HURTO_PATRIMONIAL,Comisaria_2_Familia,2023,1.12,0.9,1,0,258,1
EXP-00680,PRADERA,ALIMENTOS,Comisaria_1_Familia,2024,0.72,1.1,3,0,296,1
EXP-00681,LA UNION,ALIMENTOS,Comisaria_1_Familia,2023,0.575,1.1,5,0,309,1
EXP-00682,YOTOCO,VIF,Comisaria_1_Familia,2024,0.58,1.1,2,0,201,1
EXP-00683,ROLDANILLO,VIF,Juzgado_2_Familia,2021,1.26,1.2,4,0,244,1
EXP-00684,EL AGUILA,VIF,Juzgado_Penal_Municipal_2,2022,0.1666666666666666,1.05,2,0,210,1
EXP-00685,DAGUA,VIF,Juzgado_Penal_Municipal_1,2023,1.3666666666666665,1.25,3,0,255,1
EXP-00686,ANDALUCIA,ALIMENTOS,Comisaria_1_Familia,2022,0.38,1.1,4,1,454,1
EXP-00687,EL AGUILA,HURTO_PATRIMONIAL,Juzgado_2_Familia,2024,0.1666666666666666,1.2,6,0,391,1
EXP-00688,DAGUA,ALIMENTOS,Juzgado_Penal_Municipal_1,2021,1.3666666666666665,1.25,1,1,324,0
EXP-00689,PALMIRA,VIF,Comisaria_2_Familia,2021,11.54,0.9,2,0,205,1
EXP-00690,GUACARI,SUSTANCIAS,Juzgado_3_Familia,2020,1.48,0.95,1,0,193,1
EXP-00691,ZARZAL,ALIMENTOS,Juzgado_1_Familia,2024,1.12,1.35,4,1,529,1
EXP-00692,SIN_DATO,HURTO_PATRIMONIAL,Comisaria_1_Familia,2021,2.2,1.1,6,1,500,1
EXP-00693,CALI,VIF,Comisaria_2_Familia,2023,70.34,0.9,5,0,390,1
EXP-00694,BUGALAGRANDE,VIF,Juzgado_3_Familia,2023,0.2799999999999999,0.95,2,0,185,1
EXP-00695,JAMUNDI,SUSTANCIAS,Juzgado_1_Familia,2023,2.64,1.35,5,0,332,1
EXP-00696,CANDELARIA,ALIMENTOS,Juzgado_3_Familia,2024,3.08,0.95,7,0,298,1
EXP-00697,TULUA,VIF,Comisaria_1_Familia,2022,3.34,1.1,8,0,243,1
EXP-00698,SIN_DATO,VIF,Comisaria_1_Familia,2023,2.2,1.1,9,0,270,1
EXP-00699,SEVILLA,HURTO_PATRIMONIAL,Juzgado_1_Familia,2024,1.62,1.35,5,1,267,0
EXP-00700,YOTOCO,VIF,Juzgado_3_Familia,2022,0.58,0.95,2,0,176,1
EXP-00701,SEVILLA,VIF,Juzgado_1_Familia,2024,1.62,1.35,1,0,291,1
EXP-00702,BOLIVAR,HURTO_PATRIMONIAL,Juzgado_Penal_Municipal_2,2024,0.2333333333333333,1.05,2,0,314,1
EXP-00703,GUACARI,VIF,Juzgado_3_Familia,2022,1.48,0.95,2,0,140,1
EXP-00704,CALI,HURTO_PATRIMONIAL,Juzgado_3_Familia,2022,70.34,0.95,2,1,672,1
EXP-00705,CAICEDONIA,ALIMENTOS,Juzgado_Penal_Municipal_2,2023,1.28,1.05,12,0,328,1
EXP-00706,CALI,VIF,Comisaria_2_Familia,2024,70.34,0.9,1,0,375,1
EXP-00707,BUENAVENTURA,VIF,Juzgado_3_Familia,2022,3.34,0.95,4,0,202,1
EXP-00708,LA UNION,VIF,Comisaria_2_Familia,2024,0.575,0.9,9,0,227,1
EXP-00709,LA CUMBRE,ALIMENTOS,Comisaria_1_Familia,2021,0.24,1.1,6,0,357,1
EXP-00710,LA CUMBRE,HURTO_PATRIMONIAL,Juzgado_3_Familia,2022,0.24,0.95,1,1,428,1
EXP-00711,LA UNION,HURTO_PATRIMONIAL,Comisaria_1_Familia,2023,0.575,1.1,3,0,280,1
EXP-00712,YUMBO,ALIMENTOS,Juzgado_Penal_Municipal_2,2020,3.5,1.05,3,1,372,1
EXP-00713,ROLDANILLO,SUSTANCIAS,Comisaria_1_Familia,2023,1.26,1.1,2,0,230,1
EXP-00714,EL CERRITO,ALIMENTOS,Comisaria_2_Familia,2023,1.1,0.9,13,0,252,0
EXP-00715,LA UNION,VIF,Juzgado_2_Familia,2020,0.575,1.2,1,0,205,1
EXP-00716,CALI,ALIMENTOS,Juzgado_2_Familia,2021,70.34,1.2,4,0,500,1
EXP-00717,ROLDANILLO,ALIMENTOS,Juzgado_Penal_Municipal_2,2024,1.26,1.05,5,0,159,0
EXP-00718,CALIMA,VIF,Juzgado_Penal_Municipal_2,2023,0.3199999999999999,1.05,2,0,194,1
EXP-00719,YOTOCO,SUSTANCIAS,Juzgado_Penal_Municipal_1,2023,0.58,1.25,3,0,288,1
EXP-00720,DAGUA,ALIMENTOS,Juzgado_3_Familia,2022,1.3666666666666665,0.95,1,0,239,1
EXP-00721,GUADALAJARA DE BUGA,VIF,Juzgado_Penal_Municipal_2,2024,6.6,1.05,4,0,259,1
EXP-00722,CALI,ALIMENTOS,Comisaria_2_Familia,2023,70.34,0.9,3,0,440,1
EXP-00723,YUMBO,VIF,Juzgado_Penal_Municipal_2,2024,3.5,1.05,1,0,193,1
EXP-00724,CALI,ALIMENTOS,Comisaria_1_Familia,2024,70.34,1.1,3,1,627,1
EXP-00725,CANDELARIA,VIF,Juzgado_3_Familia,2024,3.08,0.95,6,0,218,1
EXP-00726,ROLDANILLO,VIF,Juzgado_2_Familia,2020,1.26,1.2,5,0,244,1
EXP-00727,CALI,VIF,Juzgado_3_Familia,2024,70.34,0.95,11,0,481,1
EXP-00728,CARTAGO,HURTO_PATRIMONIAL,Juzgado_Penal_Municipal_2,2022,5.56,1.05,8,0,360,1
EXP-00729,GUACARI,ALIMENTOS,Comisaria_2_Familia,2023,1.48,0.9,1,1,351,1
EXP-00730,PALMIRA,HURTO_PATRIMONIAL,Juzgado_1_Familia,2021,11.54,1.35,4,0,451,1
EXP-00731,SAN PEDRO,VIF,Juzgado_2_Familia,2021,0.3,1.2,2,0,239,1
EXP-00732,CARTAGO,VIF,Juzgado_2_Familia,2020,5.56,1.2,2,0,216,1
EXP-00733,CANDELARIA,SUSTANCIAS,Juzgado_2_Familia,2024,3.08,1.2,8,0,174,0
EXP-00734,TULUA,ALIMENTOS,Juzgado_3_Familia,2024,3.34,0.95,1,0,263,1
EXP-00735,SAN PEDRO,VIF,Comisaria_2_Familia,2020,0.3,0.9,4,0,193,1
EXP-00736,ROLDANILLO,VIF,Juzgado_Penal_Municipal_1,2022,1.26,1.25,3,0,250,1
EXP-00737,SIN_DATO,VIF,Comisaria_1_Familia,2023,2.2,1.1,6,0,257,1
EXP-00738,CALI,ALIMENTOS,Juzgado_1_Familia,2023,70.34,1.35,1,0,566,1
EXP-00739,SIN_DATO,ALIMENTOS,Juzgado_Penal_Municipal_2,2023,2.2,1.05,2,0,288,1
EXP-00740,RESTREPO,VIF,Juzgado_3_Familia,2023,0.24,0.95,4,0,211,1
EXP-00741,CAICEDONIA,ALIMENTOS,Juzgado_Penal_Municipal_1,2023,1.28,1.25,10,0,353,1
EXP-00742,CALI,VIF,Juzgado_Penal_Municipal_1,2022,70.34,1.25,6,0,242,0
EXP-00743,SIN_DATO,SUSTANCIAS,Juzgado_Penal_Municipal_1,2022,2.2,1.25,2,0,231,1
EXP-00744,CALI,SUSTANCIAS,Juzgado_Penal_Municipal_2,2022,70.34,1.05,13,0,536,1
EXP-00745,DAGUA,ALIMENTOS,Juzgado_3_Familia,2022,1.3666666666666665,0.95,2,0,140,0
EXP-00746,PALMIRA,ALIMENTOS,Juzgado_2_Familia,2021,11.54,1.2,4,0,181,0
EXP-00747,PRADERA,VIF,Juzgado_1_Familia,2022,0.72,1.35,5,0,268,0
EXP-00748,YUMBO,ALIMENTOS,Juzgado_1_Familia,2022,3.5,1.35,2,1,532,1
EXP-00749,CALI,HURTO_PATRIMONIAL,Juzgado_1_Familia,2024,70.34,1.35,3,0,613,1
EXP-00750,YOTOCO,HURTO_PATRIMONIAL,Juzgado_1_Familia,2023,0.58,1.35,2,0,416,1
EXP-00751,RESTREPO,VIF,Juzgado_Penal_Municipal_1,2024,0.24,1.25,3,0,249,1
EXP-00752,DAGUA,VIF,Juzgado_Penal_Municipal_2,2020,1.3666666666666665,1.05,4,0,86,0
EXP-00753,VERSALLES,ALIMENTOS,Comisaria_2_Familia,2021,0.1333333333333333,0.9,12,1,452,1
EXP-00754,CANDELARIA,VIF,Comisaria_2_Familia,2023,3.08,0.9,4,0,203,1
EXP-00755,CALI,ALIMENTOS,Comisaria_2_Familia,2024,70.34,0.9,1,0,454,1
EXP-00756,EL DOVIO,ALIMENTOS,Juzgado_Penal_Municipal_2,2020,0.1,1.05,5,1,466,1
EXP-00757,CALI,VIF,Comisaria_2_Familia,2023,70.34,0.9,1,0,356,1
EXP-00758,CALI,HURTO_PATRIMONIAL,Comisaria_1_Familia,2024,70.34,1.1,2,0,464,1
EXP-00759,RIOFRIO,ALIMENTOS,Juzgado_2_Familia,2023,0.175,1.2,4,1,429,1
EXP-00760,ROLDANILLO,ALIMENTOS,Juzgado_3_Familia,2023,1.26,0.95,2,1,404,1
EXP-00761,PALMIRA,VIF,Juzgado_1_Familia,2022,11.54,1.35,3,0,305,1
EXP-00762,CANDELARIA,ALIMENTOS,Comisaria_2_Familia,2024,3.08,0.9,12,1,359,0
EXP-00763,BUENAVENTURA,ALIMENTOS,Comisaria_2_Familia,2023,3.34,0.9,8,0,274,1
EXP-00764,CAICEDONIA,VIF,Comisaria_1_Familia,2023,1.28,1.1,3,0,188,1
EXP-00765,PALMIRA,ALIMENTOS,Juzgado_Penal_Municipal_1,2023,11.54,1.25,5,1,501,1
EXP-00766,GUADALAJARA DE BUGA,ALIMENTOS,Juzgado_Penal_Municipal_2,2024,6.6,1.05,7,0,358,1
EXP-00767,GUADALAJARA DE BUGA,VIF,Juzgado_Penal_Municipal_2,2022,6.6,1.05,3,0,251,1
EXP-00768,JAMUNDI,ALIMENTOS,Comisaria_1_Familia,2021,2.64,1.1,5,1,446,1
EXP-00769,CALI,ALIMENTOS,Juzgado_Penal_Municipal_1,2022,70.34,1.25,3,0,364,0
EXP-00770,CARTAGO,VIF,Juzgado_3_Familia,2023,5.56,0.95,2,0,233,1
EXP-00771,CALI,VIF,Juzgado_3_Familia,2024,70.34,0.95,7,0,444,1
EXP-00772,SAN PEDRO,SUSTANCIAS,Juzgado_2_Familia,2024,0.3,1.2,6,0,190,0
EXP-00773,BUENAVENTURA,ALIMENTOS,Juzgado_Penal_Municipal_1,2024,3.34,1.25,3,0,279,1
EXP-00774,CAICEDONIA,ALIMENTOS,Juzgado_2_Familia,2024,1.28,1.2,3,0,345,1
EXP-00775,ARGELIA,SUSTANCIAS,Juzgado_1_Familia,2022,0.2,1.35,4,0,296,1
EXP-00776,VERSALLES,ALIMENTOS,Comisaria_1_Familia,2022,0.1333333333333333,1.1,1,0,229,1
EXP-00777,CALI,SUSTANCIAS,Juzgado_3_Familia,2024,70.34,0.95,2,0,378,1
EXP-00778,CALI,SUSTANCIAS,Juzgado_Penal_Municipal_1,2023,70.34,1.25,5,0,466,1
EXP-00779,CALI,ALIMENTOS,Juzgado_2_Familia,2023,70.34,1.2,21,0,279,0
EXP-00780,EL CAIRO,HURTO_PATRIMONIAL,Comisaria_1_Familia,2022,0.1,1.1,4,0,369,1
EXP-00781,BUENAVENTURA,ALIMENTOS,Juzgado_3_Familia,2023,3.34,0.95,4,1,217,0
EXP-00782,TORO,ALIMENTOS,Juzgado_3_Familia,2024,0.1333333333333333,0.95,7,1,406,1
EXP-00783,TULUA,ALIMENTOS,Juzgado_Penal_Municipal_1,2021,3.34,1.25,1,0,315,1
EXP-00784,CALI,VIF,Juzgado_1_Familia,2022,70.34,1.35,6,0,321,0
EXP-00785,PALMIRA,SUSTANCIAS,Juzgado_Penal_Municipal_2,2023,11.54,1.05,1,0,237,1
EXP-00786,CALI,HURTO_PATRIMONIAL,Juzgado_Penal_Municipal_2,2023,70.34,1.05,1,0,518,1
EXP-00787,CALI,VIF,Juzgado_Penal_Municipal_2,2023,70.34,1.05,6,0,456,1
EXP-00788,PALMIRA,VIF,Juzgado_2_Familia,2022,11.54,1.2,1,0,251,1
EXP-00789,CARTAGO,ALIMENTOS,Comisaria_1_Familia,2021,5.56,1.1,9,0,322,1
EXP-00790,JAMUNDI,HURTO_PATRIMONIAL,Juzgado_2_Familia,2023,2.64,1.2,5,0,373,1
EXP-00791,CALIMA,VIF,Juzgado_3_Familia,2021,0.3199999999999999,0.95,1,0,172,1
EXP-00792,PRADERA,SUSTANCIAS,Juzgado_3_Familia,2024,0.72,0.95,4,0,207,1
EXP-00793,BUENAVENTURA,ALIMENTOS,Juzgado_3_Familia,2024,3.34,0.95,5,0,261,1
EXP-00794,YUMBO,SUSTANCIAS,Juzgado_Penal_Municipal_1,2024,3.5,1.25,2,0,285,1
EXP-00795,CARTAGO,HURTO_PATRIMONIAL,Juzgado_Penal_Municipal_1,2022,5.56,1.25,8,1,238,0
EXP-00796,EL CERRITO,ALIMENTOS,Comisaria_2_Familia,2022,1.1,0.9,4,1,365,1
EXP-00797,PALMIRA,VIF,Juzgado_1_Familia,2024,11.54,1.35,6,0,328,1
EXP-00798,GUADALAJARA DE BUGA,HURTO_PATRIMONIAL,Juzgado_2_Familia,2024,6.6,1.2,1,1,467,1
EXP-00799,CANDELARIA,SUSTANCIAS,Juzgado_2_Familia,2023,3.08,1.2,5,0,318,1
EXP-00800,CARTAGO,HURTO_PATRIMONIAL,Juzgado_2_Familia,2023,5.56,1.2,5,1,503,1
EXP-00801,BUENAVENTURA,ALIMENTOS,Comisaria_2_Familia,2021,3.34,0.9,8,1,442,1
EXP-00802,TULUA,VIF,Juzgado_1_Familia,2024,3.34,1.35,6,0,313,1
EXP-00803,RIOFRIO,VIF,Comisaria_1_Familia,2024,0.175,1.1,2,0,191,1
EXP-00804,JAMUNDI,HURTO_PATRIMONIAL,Juzgado_Penal_Municipal_1,2023,2.64,1.25,3,0,375,1
EXP-00805,CALI,HURTO_PATRIMONIAL,Juzgado_Penal_Municipal_1,2021,70.34,1.25,3,1,443,0
EXP-00806,CALI,ALIMENTOS,Juzgado_1_Familia,2023,70.34,1.35,9,1,726,1
EXP-00807,CALIMA,HURTO_PATRIMONIAL,Juzgado_2_Familia,2024,0.3199999999999999,1.2,4,0,394,1
EXP-00808,SEVILLA,SUSTANCIAS,Juzgado_2_Familia,2024,1.62,1.2,1,0,222,1
EXP-00809,CARTAGO,ALIMENTOS,Juzgado_1_Familia,2024,5.56,1.35,9,0,438,1
EXP-00810,BUENAVENTURA,HURTO_PATRIMONIAL,Comisaria_2_Familia,2020,3.34,0.9,2,0,287,1
EXP-00811,TRUJILLO,HURTO_PATRIMONIAL,Comisaria_1_Familia,2020,0.225,1.1,5,1,467,1
EXP-00812,DAGUA,ALIMENTOS,Juzgado_Penal_Municipal_1,2024,1.3666666666666665,1.25,4,0,319,1
EXP-00813,JAMUNDI,ALIMENTOS,Juzgado_1_Familia,2023,2.64,1.35,2,1,514,1
EXP-00814,PALMIRA,ALIMENTOS,Juzgado_Penal_Municipal_2,2023,11.54,1.05,5,1,452,1
EXP-00815,ROLDANILLO,ALIMENTOS,Comisaria_2_Familia,2023,1.26,0.9,7,1,435,1
EXP-00816,JAMUNDI,VIF,Juzgado_Penal_Municipal_2,2023,2.64,1.05,4,0,266,1
EXP-00817,CALI,HURTO_PATRIMONIAL,Juzgado_3_Familia,2021,70.34,0.95,6,1,671,1
EXP-00818,ROLDANILLO,VIF,Juzgado_2_Familia,2024,1.26,1.2,1,0,84,0
EXP-00819,SIN_DATO,HURTO_PATRIMONIAL,Juzgado_3_Familia,2020,2.2,0.95,10,0,291,0
EXP-00820,PALMIRA,SUSTANCIAS,Comisaria_2_Familia,2023,11.54,0.9,1,0,101,0
EXP-00821,BUENAVENTURA,SUSTANCIAS,Juzgado_3_Familia,2024,3.34,0.95,5,0,244,1
EXP-00822,PALMIRA,VIF,Juzgado_Penal_Municipal_1,2021,11.54,1.25,2,0,250,1
EXP-00823,GUACARI,ALIMENTOS,Comisaria_1_Familia,2020,1.48,1.1,8,0,303,1
EXP-00824,GUADALAJARA DE BUGA,HURTO_PATRIMONIAL,Juzgado_Penal_Municipal_1,2024,6.6,1.25,5,0,388,1
EXP-00825,EL CERRITO,VIF,Juzgado_1_Familia,2023,1.1,1.35,4,0,280,1
EXP-00826,EL CERRITO,ALIMENTOS,Comisaria_2_Familia,2022,1.1,0.9,2,0,220,1
EXP-00827,DAGUA,ALIMENTOS,Comisaria_1_Familia,2020,1.3666666666666665,1.1,11,0,344,1
EXP-00828,TULUA,ALIMENTOS,Juzgado_1_Familia,2022,3.34,1.35,9,0,377,1
EXP-00829,LA UNION,VIF,Juzgado_2_Familia,2022,0.575,1.2,6,0,281,1
EXP-00830,TULUA,VIF,Juzgado_2_Familia,2022,3.34,1.2,4,0,283,1
EXP-00831,CALI,VIF,Juzgado_2_Familia,2022,70.34,1.2,9,0,512,1
EXP-00832,PALMIRA,VIF,Comisaria_1_Familia,2020,11.54,1.1,4,0,258,1
EXP-00833,BUENAVENTURA,VIF,Juzgado_Penal_Municipal_1,2024,3.34,1.25,3,0,144,0
EXP-00834,ANDALUCIA,VIF,Juzgado_3_Familia,2024,0.38,0.95,14,0,301,1
EXP-00835,CANDELARIA,VIF,Juzgado_Penal_Municipal_2,2021,3.08,1.05,6,0,142,0
EXP-00836,TULUA,VIF,Comisaria_1_Familia,2021,3.34,1.1,2,0,228,1
EXP-00837,PRADERA,ALIMENTOS,Juzgado_1_Familia,2023,0.72,1.35,1,0,319,1
EXP-00838,PRADERA,ALIMENTOS,Comisaria_1_Familia,2023,0.72,1.1,1,0,235,1
EXP-00839,CALI,VIF,Juzgado_Penal_Municipal_2,2020,70.34,1.05,1,0,404,1
EXP-00840,GUADALAJARA DE BUGA,HURTO_PATRIMONIAL,Juzgado_2_Familia,2022,6.6,1.2,7,1,553,1
EXP-00841,CANDELARIA,HURTO_PATRIMONIAL,Juzgado_Penal_Municipal_1,2024,3.08,1.25,3,0,374,1
EXP-00842,CAICEDONIA,ALIMENTOS,Juzgado_Penal_Municipal_2,2024,1.28,1.05,11,1,498,1
EXP-00843,GINEBRA,ALIMENTOS,Juzgado_Penal_Municipal_1,2024,0.6,1.25,2,0,304,1
EXP-00844,SEVILLA,VIF,Juzgado_Penal_Municipal_2,2023,1.62,1.05,3,0,148,0
EXP-00845,FLORIDA,SUSTANCIAS,Comisaria_2_Familia,2022,0.8,0.9,1,0,172,1
EXP-00846,JAMUNDI,VIF,Comisaria_1_Familia,2024,2.64,1.1,4,0,146,0
EXP-00847,GUACARI,ALIMENTOS,Comisaria_2_Familia,2023,1.48,0.9,7,1,386,1
EXP-00848,PRADERA,HURTO_PATRIMONIAL,Juzgado_Penal_Municipal_2,2024,0.72,1.05,4,1,459,1
EXP-00849,YOTOCO,VIF,Juzgado_Penal_Municipal_1,2023,0.58,1.25,1,0,235,1
EXP-00850,LA VICTORIA,VIF,Juzgado_3_Familia,2023,0.1666666666666666,0.95,7,0,208,1
EXP-00851,EL CAIRO,ALIMENTOS,Juzgado_Penal_Municipal_2,2022,0.1,1.05,8,1,496,1
EXP-00852,ROLDANILLO,HURTO_PATRIMONIAL,Juzgado_2_Familia,2024,1.26,1.2,2,1,529,1
EXP-00853,TULUA,ALIMENTOS,Juzgado_Penal_Municipal_1,2021,3.34,1.25,4,0,320,1
EXP-00854,GUADALAJARA DE BUGA,ALIMENTOS,Juzgado_Penal_Municipal_2,2024,6.6,1.05,8,1,478,1
EXP-00855,GUADALAJARA DE BUGA,ALIMENTOS,Juzgado_Penal_Municipal_2,2021,6.6,1.05,4,1,456,1
EXP-00856,CARTAGO,ALIMENTOS,Juzgado_1_Familia,2022,5.56,1.35,6,0,335,1
EXP-00857,SEVILLA,VIF,Juzgado_2_Familia,2024,1.62,1.2,3,0,235,1
EXP-00858,SEVILLA,VIF,Comisaria_2_Familia,2024,1.62,0.9,6,0,210,1
EXP-00859,ROLDANILLO,SUSTANCIAS,Juzgado_Penal_Municipal_2,2024,1.26,1.05,3,0,211,1
EXP-00860,CALI,ALIMENTOS,Juzgado_3_Familia,2020,70.34,0.95,2,0,459,1
EXP-00861,TULUA,SUSTANCIAS,Comisaria_1_Familia,2023,3.34,1.1,2,0,253,1
EXP-00862,CALI,HURTO_PATRIMONIAL,Juzgado_2_Familia,2023,70.34,1.2,1,1,717,1
EXP-00863,YOTOCO,SUSTANCIAS,Comisaria_2_Familia,2021,0.58,0.9,2,0,173,1
EXP-00864,CALIMA,ALIMENTOS,Juzgado_2_Familia,2024,0.3199999999999999,1.2,3,0,303,1
EXP-00865,DAGUA,VIF,Juzgado_3_Familia,2022,1.3666666666666665,0.95,5,0,201,1
EXP-00866,EL CERRITO,ALIMENTOS,Juzgado_3_Familia,2024,1.1,0.95,3,1,299,0
EXP-00867,JAMUNDI,HURTO_PATRIMONIAL,Juzgado_Penal_Municipal_1,2022,2.64,1.25,3,0,358,1
EXP-00868,YUMBO,ALIMENTOS,Juzgado_3_Familia,2021,3.5,0.95,1,1,376,1
EXP-00869,CAICEDONIA,ALIMENTOS,Juzgado_1_Familia,2024,1.28,1.35,10,1,532,1
EXP-00870,JAMUNDI,ALIMENTOS,Comisaria_2_Familia,2023,2.64,0.9,1,0,213,1
EXP-00871,YUMBO,HURTO_PATRIMONIAL,Comisaria_2_Familia,2022,3.5,0.9,5,1,430,1
EXP-00872,BUENAVENTURA,SUSTANCIAS,Juzgado_1_Familia,2022,3.34,1.35,1,0,287,1
EXP-00873,CALI,VIF,Juzgado_Penal_Municipal_2,2022,70.34,1.05,5,0,425,1
EXP-00874,CARTAGO,ALIMENTOS,Juzgado_1_Familia,2022,5.56,1.35,5,0,204,0
EXP-00875,GUADALAJARA DE BUGA,SUSTANCIAS,Juzgado_Penal_Municipal_1,2023,6.6,1.25,5,0,330,1
EXP-00876,BUENAVENTURA,VIF,Juzgado_3_Familia,2021,3.34,0.95,1,0,202,1
EXP-00877,EL CERRITO,ALIMENTOS,Comisaria_1_Familia,2022,1.1,1.1,2,0,268,1
EXP-00878,JAMUNDI,VIF,Comisaria_1_Familia,2020,2.64,1.1,2,0,238,1
EXP-00879,ANDALUCIA,ALIMENTOS,Juzgado_2_Familia,2021,0.38,1.2,11,1,228,0
EXP-00880,GUACARI,ALIMENTOS,Juzgado_1_Familia,2020,1.48,1.35,5,0,153,0
EXP-00881,JAMUNDI,SUSTANCIAS,Juzgado_2_Familia,2024,2.64,1.2,9,0,331,1
EXP-00882,CAICEDONIA,ALIMENTOS,Juzgado_1_Familia,2020,1.28,1.35,5,1,483,1
EXP-00883,TULUA,VIF,Juzgado_2_Familia,2024,3.34,1.2,2,0,214,1
EXP-00884,BUGALAGRANDE,HURTO_PATRIMONIAL,Comisaria_1_Familia,2020,0.2799999999999999,1.1,11,1,420,0
EXP-00885,CALI,SUSTANCIAS,Comisaria_1_Familia,2024,70.34,1.1,1,0,418,1
EXP-00886,TULUA,ALIMENTOS,Juzgado_3_Familia,2022,3.34,0.95,3,1,366,1
EXP-00887,EL AGUILA,HURTO_PATRIMONIAL,Juzgado_Penal_Municipal_2,2024,0.1666666666666666,1.05,4,0,330,1
EXP-00888,CARTAGO,ALIMENTOS,Comisaria_2_Familia,2023,5.56,0.9,9,1,433,1
EXP-00889,JAMUNDI,HURTO_PATRIMONIAL,Juzgado_Penal_Municipal_1,2024,2.64,1.25,2,0,367,1
EXP-00890,FLORIDA,VIF,Juzgado_Penal_Municipal_1,2022,0.8,1.25,1,0,198,1
EXP-00891,CALI,VIF,Comisaria_1_Familia,2024,70.34,1.1,12,0,486,1
EXP-00892,LA VICTORIA,HURTO_PATRIMONIAL,Juzgado_3_Familia,2024,0.1666666666666666,0.95,8,1,436,1
EXP-00893,LA VICTORIA,VIF,Juzgado_2_Familia,2024,0.1666666666666666,1.2,16,0,166,0
EXP-00894,JAMUNDI,VIF,Juzgado_1_Familia,2022,2.64,1.35,3,0,196,0
EXP-00895,SEVILLA,HURTO_PATRIMONIAL,Juzgado_3_Familia,2022,1.62,0.95,3,0,269,1
EXP-00896,CARTAGO,ALIMENTOS,Juzgado_Penal_Municipal_2,2024,5.56,1.05,3,1,423,1
EXP-00897,TULUA,ALIMENTOS,Comisaria_2_Familia,2020,3.34,0.9,4,0,260,1
EXP-00898,CALI,HURTO_PATRIMONIAL,Juzgado_Penal_Municipal_2,2024,70.34,1.05,13,0,574,1
EXP-00899,CARTAGO,SUSTANCIAS,Juzgado_Penal_Municipal_2,2024,5.56,1.05,11,0,331,1
EXP-00900,CALI,ALIMENTOS,Juzgado_2_Familia,2020,70.34,1.2,1,1,623,1
EXP-00901,CAICEDONIA,SUSTANCIAS,Juzgado_Penal_Municipal_1,2023,1.28,1.25,5,0,293,1
EXP-00902,CALI,VIF,Juzgado_Penal_Municipal_1,2024,70.34,1.25,5,0,474,1
EXP-00903,PALMIRA,SUSTANCIAS,Comisaria_1_Familia,2022,11.54,1.1,1,0,242,1
EXP-00904,GUADALAJARA DE BUGA,SUSTANCIAS,Comisaria_2_Familia,2023,6.6,0.9,1,0,220,1
EXP-00905,PALMIRA,VIF,Juzgado_Penal_Municipal_2,2023,11.54,1.05,4,0,243,1
EXP-00906,YUMBO,ALIMENTOS,Comisaria_1_Familia,2022,3.5,1.1,4,0,278,1
EXP-00907,DAGUA,SUSTANCIAS,Juzgado_Penal_Municipal_2,2020,1.3666666666666665,1.05,11,0,253,1
EXP-00908,GUADALAJARA DE BUGA,SUSTANCIAS,Juzgado_2_Familia,2024,6.6,1.2,3,0,287,1
EXP-00909,CARTAGO,HURTO_PATRIMONIAL,Juzgado_Penal_Municipal_2,2022,5.56,1.05,3,0,338,1
EXP-00910,SEVILLA,VIF,Comisaria_1_Familia,2024,1.62,1.1,1,0,242,1
EXP-00911,YOTOCO,ALIMENTOS,Comisaria_2_Familia,2024,0.58,0.9,1,0,211,1
EXP-00912,PALMIRA,ALIMENTOS,Juzgado_2_Familia,2020,11.54,1.2,9,0,353,1
EXP-00913,CARTAGO,ALIMENTOS,Juzgado_Penal_Municipal_2,2023,5.56,1.05,5,1,456,1
EXP-00914,CALI,VIF,Juzgado_Penal_Municipal_2,2023,70.34,1.05,12,0,536,1
EXP-00915,CAICEDONIA,VIF,Juzgado_Penal_Municipal_2,2024,1.28,1.05,3,0,196,1
EXP-00916,GUADALAJARA DE BUGA,VIF,Comisaria_1_Familia,2022,6.6,1.1,3,0,229,1
EXP-00917,CALI,ALIMENTOS,Comisaria_2_Familia,2021,70.34,0.9,4,0,419,1
EXP-00918,GUADALAJARA DE BUGA,HURTO_PATRIMONIAL,Juzgado_Penal_Municipal_2,2022,6.6,1.05,1,0,334,1
EXP-00919,LA UNION,HURTO_PATRIMONIAL,Juzgado_2_Familia,2023,0.575,1.2,9,0,416,1
EXP-00920,SIN_DATO,VIF,Comisaria_2_Familia,2024,2.2,0.9,1,0,188,1
EXP-00921,PALMIRA,VIF,Juzgado_2_Familia,2022,11.54,1.2,1,0,255,1
EXP-00922,BUENAVENTURA,VIF,Juzgado_3_Familia,2024,3.34,0.95,14,0,325,1
EXP-00923,GUADALAJARA DE BUGA,HURTO_PATRIMONIAL,Comisaria_1_Familia,2021,6.6,1.1,2,0,336,1
EXP-00924,CALI,VIF,Juzgado_Penal_Municipal_2,2020,70.34,1.05,11,0,460,1
EXP-00925,CARTAGO,VIF,Juzgado_1_Familia,2022,5.56,1.35,2,0,266,1
EXP-00926,BUENAVENTURA,ALIMENTOS,Juzgado_Penal_Municipal_1,2022,3.34,1.25,9,1,533,1
EXP-00927,PALMIRA,VIF,Comisaria_1_Familia,2022,11.54,1.1,6,0,119,0
EXP-00928,GUADALAJARA DE BUGA,SUSTANCIAS,Comisaria_1_Familia,2022,6.6,1.1,8,0,316,1
EXP-00929,DAGUA,VIF,Juzgado_2_Familia,2022,1.3666666666666665,1.2,5,0,246,1
EXP-00930,GUADALAJARA DE BUGA,VIF,Juzgado_2_Familia,2020,6.6,1.2,1,0,221,1
EXP-00931,PALMIRA,HURTO_PATRIMONIAL,Comisaria_1_Familia,2023,11.54,1.1,3,1,547,1
EXP-00932,PALMIRA,HURTO_PATRIMONIAL,Comisaria_1_Familia,2024,11.54,1.1,2,0,323,1
EXP-00933,CALI,HURTO_PATRIMONIAL,Juzgado_Penal_Municipal_2,2024,70.34,1.05,2,0,525,1
EXP-00934,TRUJILLO,HURTO_PATRIMONIAL,Juzgado_3_Familia,2023,0.225,0.95,13,0,376,1
EXP-00935,GINEBRA,VIF,Juzgado_Penal_Municipal_1,2024,0.6,1.25,3,0,105,0
EXP-00936,PALMIRA,ALIMENTOS,Juzgado_2_Familia,2024,11.54,1.2,17,0,300,0
EXP-00937,CANDELARIA,ALIMENTOS,Comisaria_2_Familia,2024,3.08,0.9,1,1,363,1
EXP-00938,PALMIRA,VIF,Juzgado_2_Familia,2021,11.54,1.2,2,0,261,1
EXP-00939,GUADALAJARA DE BUGA,ALIMENTOS,Juzgado_Penal_Municipal_2,2022,6.6,1.05,6,1,424,1
EXP-00940,CALI,VIF,Comisaria_2_Familia,2023,70.34,0.9,2,0,364,1
EXP-00941,JAMUNDI,SUSTANCIAS,Juzgado_Penal_Municipal_2,2022,2.64,1.05,7,0,271,1
EXP-00942,SAN PEDRO,ALIMENTOS,Juzgado_1_Familia,2020,0.3,1.35,4,0,298,0
EXP-00943,CANDELARIA,ALIMENTOS,Juzgado_1_Familia,2024,3.08,1.35,3,0,348,1
EXP-00944,JAMUNDI,HURTO_PATRIMONIAL,Juzgado_Penal_Municipal_1,2023,2.64,1.25,7,0,425,1
EXP-00945,CAICEDONIA,HURTO_PATRIMONIAL,Comisaria_1_Familia,2023,1.28,1.1,4,1,503,1
EXP-00946,CALI,HURTO_PATRIMONIAL,Comisaria_2_Familia,2022,70.34,0.9,4,0,314,0
EXP-00947,TULUA,ALIMENTOS,Juzgado_Penal_Municipal_1,2024,3.34,1.25,3,0,333,1
EXP-00948,CALI,SUSTANCIAS,Juzgado_1_Familia,2021,70.34,1.35,6,0,535,1
EXP-00949,CAICEDONIA,VIF,Juzgado_1_Familia,2021,1.28,1.35,7,0,306,1
EXP-00950,CALI,VIF,Juzgado_1_Familia,2024,70.34,1.35,14,0,379,0
EXP-00951,OBANDO,ALIMENTOS,Juzgado_1_Familia,2020,0.38,1.35,3,0,342,1
EXP-00952,GUACARI,VIF,Comisaria_2_Familia,2023,1.48,0.9,3,0,153,1
EXP-00953,ANSERMANUEVO,ALIMENTOS,Juzgado_Penal_Municipal_2,2021,0.2,1.05,1,0,264,1
EXP-00954,CARTAGO,ALIMENTOS,Juzgado_2_Familia,2023,5.56,1.2,9,0,359,1
EXP-00955,VIJES,HURTO_PATRIMONIAL,Juzgado_1_Familia,2023,0.175,1.35,3,1,504,1
EXP-00956,TULUA,ALIMENTOS,Juzgado_1_Familia,2023,3.34,1.35,10,0,434,1
EXP-00957,GINEBRA,VIF,Juzgado_Penal_Municipal_2,2020,0.6,1.05,7,0,243,1
EXP-00958,BUENAVENTURA,VIF,Comisaria_2_Familia,2023,3.34,0.9,4,0,168,1
EXP-00959,CALI,SUSTANCIAS,Comisaria_2_Familia,2020,70.34,0.9,2,0,428,1
EXP-00960,CARTAGO,VIF,Juzgado_3_Familia,2021,5.56,0.95,1,0,85,0
EXP-00961,CALI,ALIMENTOS,Juzgado_1_Familia,2023,70.34,1.35,1,0,559,1
EXP-00962,JAMUNDI,VIF,Comisaria_1_Familia,2024,2.64,1.1,10,0,269,1
EXP-00963,BUENAVENTURA,HURTO_PATRIMONIAL,Juzgado_Penal_Municipal_1,2024,3.34,1.25,3,0,354,1
EXP-00964,CANDELARIA,VIF,Comisaria_1_Familia,2024,3.08,1.1,3,0,239,1
EXP-00965,EL DOVIO,ALIMENTOS,Comisaria_2_Familia,2024,0.1,0.9,1,1,387,1
EXP-00966,FLORIDA,HURTO_PATRIMONIAL,Juzgado_Penal_Municipal_2,2024,0.8,1.05,2,1,452,1
EXP-00967,BUENAVENTURA,VIF,Juzgado_Penal_Municipal_2,2024,3.34,1.05,7,0,271,1
EXP-00968,CANDELARIA,ALIMENTOS,Juzgado_1_Familia,2022,3.08,1.35,3,0,328,1
EXP-00969,BUENAVENTURA,ALIMENTOS,Juzgado_Penal_Municipal_1,2023,3.34,1.25,8,0,371,1
EXP-00970,YUMBO,VIF,Comisaria_1_Familia,2021,3.5,1.1,2,0,178,0
EXP-00971,PALMIRA,HURTO_PATRIMONIAL,Juzgado_Penal_Municipal_2,2024,11.54,1.05,1,0,394,1
EXP-00972,TORO,SUSTANCIAS,Comisaria_1_Familia,2022,0.1333333333333333,1.1,15,0,325,1
EXP-00973,LA VICTORIA,VIF,Juzgado_3_Familia,2023,0.1666666666666666,0.95,4,0,229,1
EXP-00974,SIN_DATO,VIF,Juzgado_2_Familia,2024,2.2,1.2,1,0,260,1
EXP-00975,JAMUNDI,HURTO_PATRIMONIAL,Juzgado_3_Familia,2022,2.64,0.95,1,0,230,1
EXP-00976,CALI,VIF,Comisaria_2_Familia,2022,70.34,0.9,4,0,410,1
EXP-00977,TRUJILLO,VIF,Juzgado_3_Familia,2022,0.225,0.95,3,0,194,1
EXP-00978,GUADALAJARA DE BUGA,HURTO_PATRIMONIAL,Comisaria_1_Familia,2024,6.6,1.1,1,1,458,1
EXP-00979,CALI,VIF,Juzgado_Penal_Municipal_2,2021,70.34,1.05,9,0,481,1
EXP-00980,CALI,SUSTANCIAS,Juzgado_1_Familia,2024,70.34,1.35,5,0,529,1
EXP-00981,LA VICTORIA,VIF,Juzgado_1_Familia,2022,0.1666666666666666,1.35,1,0,251,1
EXP-00982,ARGELIA,VIF,Juzgado_Penal_Municipal_1,2024,0.2,1.25,9,0,327,1
EXP-00983,GUADALAJARA DE BUGA,HURTO_PATRIMONIAL,Comisaria_1_Familia,2020,6.6,1.1,1,0,301,1
EXP-00984,JAMUNDI,VIF,Juzgado_3_Familia,2024,2.64,0.95,4,0,162,0
EXP-00985,CALI,VIF,Comisaria_1_Familia,2021,70.34,1.1,9,0,453,1
EXP-00986,CANDELARIA,SUSTANCIAS,Comisaria_1_Familia,2021,3.08,1.1,2,0,216,1
EXP-00987,GUADALAJARA DE BUGA,ALIMENTOS,Juzgado_Penal_Municipal_2,2024,6.6,1.05,2,0,276,1
EXP-00988,JAMUNDI,VIF,Juzgado_Penal_Municipal_2,2021,2.64,1.05,4,0,118,0
EXP-00989,CARTAGO,VIF,Juzgado_Penal_Municipal_2,2021,5.56,1.05,1,0,226,1
EXP-00990,CALI,ALIMENTOS,Comisaria_2_Familia,2023,70.34,0.9,2,1,585,1
EXP-00991,ANDALUCIA,VIF,Comisaria_1_Familia,2024,0.38,1.1,12,0,334,1
EXP-00992,TRUJILLO,HURTO_PATRIMONIAL,Juzgado_Penal_Municipal_1,2023,0.225,1.25,3,1,498,1
EXP-00993,PRADERA,ALIMENTOS,Juzgado_2_Familia,2023,0.72,1.2,2,0,280,1
EXP-00994,YUMBO,VIF,Comisaria_2_Familia,2023,3.5,0.9,3,0,201,1
EXP-00995,JAMUNDI,SUSTANCIAS,Juzgado_3_Familia,2021,2.64,0.95,1,0,166,1
EXP-00996,CALI,VIF,Comisaria_2_Familia,2023,70.34,0.9,12,0,479,1
EXP-00997,RESTREPO,VIF,Juzgado_3_Familia,2020,0.24,0.95,8,0,228,1
EXP-00998,TULUA,VIF,Juzgado_Penal_Municipal_2,2024,3.34,1.05,3,0,228,1
EXP-00999,JAMUNDI,HURTO_PATRIMONIAL,Juzgado_Penal_Municipal_1,2024,2.64,1.25,4,1,479,1
EXP-01000,SEVILLA,HURTO_PATRIMONIAL,Juzgado_2_Familia,2020,1.62,1.2,4,1,542,1
EXP-01001,CALI,ALIMENTOS,Juzgado_3_Familia,2022,70.34,0.95,7,1,662,1
EXP-01002,ROLDANILLO,ALIMENTOS,Comisaria_2_Familia,2024,1.26,0.9,2,0,241,1
EXP-01003,SIN_DATO,ALIMENTOS,Juzgado_Penal_Municipal_2,2020,2.2,1.05,5,0,124,0
EXP-01004,CARTAGO,ALIMENTOS,Juzgado_Penal_Municipal_2,2023,5.56,1.05,3,0,292,1
EXP-01005,CAICEDONIA,HURTO_PATRIMONIAL,Juzgado_Penal_Municipal_1,2023,1.28,1.25,10,1,320,0
EXP-01006,ARGELIA,VIF,Juzgado_1_Familia,2022,0.2,1.35,14,0,379,1
EXP-01007,CALI,VIF,Juzgado_Penal_Municipal_1,2021,70.34,1.25,6,0,236,0
EXP-01008,YOTOCO,HURTO_PATRIMONIAL,Juzgado_Penal_Municipal_1,2021,0.58,1.25,14,0,481,1
EXP-01009,EL CAIRO,ALIMENTOS,Juzgado_2_Familia,2020,0.1,1.2,6,0,344,1
EXP-01010,GUADALAJARA DE BUGA,HURTO_PATRIMONIAL,Juzgado_Penal_Municipal_1,2024,6.6,1.25,1,0,425,1
EXP-01011,CALI,VIF,Juzgado_2_Familia,2021,70.34,1.2,8,0,521,1
EXP-01012,EL CERRITO,ALIMENTOS,Comisaria_1_Familia,2023,1.1,1.1,4,0,294,1
EXP-01013,CALI,SUSTANCIAS,Juzgado_Penal_Municipal_1,2024,70.34,1.25,2,0,420,0
EXP-01014,CALI,ALIMENTOS,Juzgado_1_Familia,2023,70.34,1.35,2,0,527,1
EXP-01015,CANDELARIA,SUSTANCIAS,Juzgado_3_Familia,2022,3.08,0.95,2,0,229,1
EXP-01016,BUENAVENTURA,VIF,Juzgado_Penal_Municipal_2,2023,3.34,1.05,2,0,200,1
EXP-01017,CALI,ALIMENTOS,Comisaria_2_Familia,2021,70.34,0.9,1,1,572,1
EXP-01018,CARTAGO,SUSTANCIAS,Comisaria_2_Familia,2024,5.56,0.9,2,0,242,1
EXP-01019,CALIMA,VIF,Comisaria_1_Familia,2023,0.3199999999999999,1.1,4,0,227,1
EXP-01020,CANDELARIA,ALIMENTOS,Juzgado_1_Familia,2021,3.08,1.35,3,1,518,1
EXP-01021,GUADALAJARA DE BUGA,ALIMENTOS,Juzgado_Penal_Municipal_1,2022,6.6,1.25,1,0,206,0
EXP-01022,BUENAVENTURA,HURTO_PATRIMONIAL,Comisaria_2_Familia,2023,3.34,0.9,1,1,385,1
EXP-01023,CALI,ALIMENTOS,Juzgado_3_Familia,2022,70.34,0.95,5,1,611,1
EXP-01024,OBANDO,ALIMENTOS,Comisaria_1_Familia,2021,0.38,1.1,1,0,238,1
EXP-01025,SAN PEDRO,HURTO_PATRIMONIAL,Juzgado_Penal_Municipal_1,2024,0.3,1.25,1,1,483,1
EXP-01026,SEVILLA,HURTO_PATRIMONIAL,Juzgado_Penal_Municipal_1,2021,1.62,1.25,1,0,343,1
EXP-01027,GUADALAJARA DE BUGA,ALIMENTOS,Juzgado_3_Familia,2024,6.6,0.95,3,0,270,1
EXP-01028,CALI,VIF,Comisaria_2_Familia,2022,70.34,0.9,18,0,525,1
EXP-01029,CALI,ALIMENTOS,Juzgado_2_Familia,2023,70.34,1.2,6,0,546,1
EXP-01030,SIN_DATO,ALIMENTOS,Juzgado_3_Familia,2022,2.2,0.95,8,0,273,1
EXP-01031,YOTOCO,VIF,Comisaria_2_Familia,2023,0.58,0.9,3,0,165,1
EXP-01032,CALI,VIF,Juzgado_2_Familia,2022,70.34,1.2,4,0,475,1
EXP-01033,CARTAGO,VIF,Juzgado_2_Familia,2022,5.56,1.2,1,0,208,1
EXP-01034,SIN_DATO,HURTO_PATRIMONIAL,Juzgado_1_Familia,2021,2.2,1.35,5,1,329,0
EXP-01035,YUMBO,VIF,Juzgado_2_Familia,2021,3.5,1.2,2,0,231,1
EXP-01036,PALMIRA,ALIMENTOS,Comisaria_1_Familia,2023,11.54,1.1,1,0,287,0
EXP-01037,ANDALUCIA,ALIMENTOS,Juzgado_Penal_Municipal_1,2021,0.38,1.25,7,1,521,1
EXP-01038,GUACARI,VIF,Comisaria_2_Familia,2023,1.48,0.9,3,0,195,1
EXP-01039,ZARZAL,HURTO_PATRIMONIAL,Juzgado_Penal_Municipal_2,2023,1.12,1.05,7,0,349,1
EXP-01040,PALMIRA,ALIMENTOS,Juzgado_2_Familia,2020,11.54,1.2,1,0,313,1
EXP-01041,PRADERA,SUSTANCIAS,Juzgado_3_Familia,2023,0.72,0.95,5,0,223,1
EXP-01042,CANDELARIA,VIF,Juzgado_Penal_Municipal_2,2020,3.08,1.05,1,0,171,1
EXP-01043,RIOFRIO,VIF,Comisaria_1_Familia,2023,0.175,1.1,1,0,196,1
EXP-01044,JAMUNDI,ALIMENTOS,Comisaria_2_Familia,2023,2.64,0.9,4,1,369,1
EXP-01045,YOTOCO,ALIMENTOS,Comisaria_1_Familia,2023,0.58,1.1,13,1,523,1
EXP-01046,SIN_DATO,ALIMENTOS,Juzgado_Penal_Municipal_1,2020,2.2,1.25,10,1,474,1
EXP-01047,EL CERRITO,HURTO_PATRIMONIAL,Juzgado_Penal_Municipal_1,2021,1.1,1.25,4,1,464,1
EXP-01048,CALI,ALIMENTOS,Comisaria_1_Familia,2021,70.34,1.1,10,0,555,1
EXP-01049,CALI,SUSTANCIAS,Juzgado_Penal_Municipal_2,2024,70.34,1.05,2,0,457,1
EXP-01050,CALI,VIF,Juzgado_1_Familia,2023,70.34,1.35,6,0,529,1
EXP-01051,VIJES,HURTO_PATRIMONIAL,Juzgado_2_Familia,2023,0.175,1.2,4,0,390,1
EXP-01052,VERSALLES,HURTO_PATRIMONIAL,Comisaria_2_Familia,2022,0.1333333333333333,0.9,1,0,235,1
EXP-01053,SEVILLA,ALIMENTOS,Comisaria_1_Familia,2020,1.62,1.1,6,1,456,1
EXP-01054,SEVILLA,SUSTANCIAS,Juzgado_3_Familia,2023,1.62,0.95,11,0,284,1
EXP-01055,PALMIRA,SUSTANCIAS,Juzgado_3_Familia,2024,11.54,0.95,1,0,251,1
EXP-01056,CALI,ALIMENTOS,Juzgado_Penal_Municipal_2,2023,70.34,1.05,9,1,337,0
EXP-01057,CALI,ALIMENTOS,Juzgado_1_Familia,2021,70.34,1.35,3,0,512,1
EXP-01058,GUACARI,VIF,Juzgado_2_Familia,2021,1.48,1.2,2,0,245,1
EXP-01059,SEVILLA,SUSTANCIAS,Juzgado_2_Familia,2020,1.62,1.2,6,0,320,1
EXP-01060,PRADERA,SUSTANCIAS,Comisaria_2_Familia,2020,0.72,0.9,3,0,174,1
EXP-01061,GUADALAJARA DE BUGA,VIF,Juzgado_2_Familia,2023,6.6,1.2,1,0,216,1
EXP-01062,YUMBO,HURTO_PATRIMONIAL,Comisaria_2_Familia,2024,3.5,0.9,2,0,261,1
EXP-01063,CANDELARIA,VIF,Comisaria_2_Familia,2023,3.08,0.9,20,0,326,1
EXP-01064,CANDELARIA,HURTO_PATRIMONIAL,Juzgado_Penal_Municipal_2,2023,3.08,1.05,2,0,332,1
EXP-01065,SIN_DATO,ALIMENTOS,Juzgado_Penal_Municipal_1,2023,2.2,1.25,3,0,327,1
EXP-01066,OBANDO,ALIMENTOS,Juzgado_1_Familia,2024,0.38,1.35,6,1,496,1
EXP-01067,PRADERA,SUSTANCIAS,Juzgado_Penal_Municipal_1,2020,0.72,1.25,6,0,303,1
EXP-01068,CALI,VIF,Juzgado_Penal_Municipal_1,2023,70.34,1.25,11,0,433,0
EXP-01069,CALI,HURTO_PATRIMONIAL,Juzgado_Penal_Municipal_2,2024,70.34,1.05,2,1,669,1
EXP-01070,BOLIVAR,ALIMENTOS,Juzgado_Penal_Municipal_1,2024,0.2333333333333333,1.25,7,0,363,1
EXP-01071,DAGUA,ALIMENTOS,Juzgado_3_Familia,2020,1.3666666666666665,0.95,3,0,274,1
EXP-01072,CANDELARIA,VIF,Juzgado_Penal_Municipal_1,2023,3.08,1.25,12,0,332,1
EXP-01073,ZARZAL,VIF,Juzgado_Penal_Municipal_1,2024,1.12,1.25,8,0,292,1
EXP-01074,DAGUA,ALIMENTOS,Juzgado_Penal_Municipal_1,2021,1.3666666666666665,1.25,3,1,427,1
EXP-01075,SIN_DATO,VIF,Juzgado_Penal_Municipal_2,2024,2.2,1.05,11,0,297,1
EXP-01076,PALMIRA,ALIMENTOS,Comisaria_1_Familia,2022,11.54,1.1,5,0,339,1
EXP-01077,PALMIRA,ALIMENTOS,Comisaria_1_Familia,2023,11.54,1.1,1,0,319,1
EXP-01078,CALI,ALIMENTOS,Juzgado_3_Familia,2022,70.34,0.95,1,1,596,1
EXP-01079,LA VICTORIA,ALIMENTOS,Juzgado_2_Familia,2021,0.1666666666666666,1.2,1,0,331,1
EXP-01080,CALI,VIF,Juzgado_1_Familia,2021,70.34,1.35,2,0,464,1
EXP-01081,ALCALA,HURTO_PATRIMONIAL,Comisaria_2_Familia,2023,0.22,0.9,4,0,285,1
EXP-01082,CANDELARIA,VIF,Comisaria_1_Familia,2022,3.08,1.1,1,0,174,1
EXP-01083,ANDALUCIA,HURTO_PATRIMONIAL,Juzgado_3_Familia,2022,0.38,0.95,4,0,289,1
EXP-01084,CANDELARIA,ALIMENTOS,Juzgado_1_Familia,2023,3.08,1.35,8,1,529,1
EXP-01085,BUENAVENTURA,VIF,Juzgado_Penal_Municipal_2,2023,3.34,1.05,11,0,261,1
EXP-01086,LA CUMBRE,ALIMENTOS,Juzgado_1_Familia,2021,0.24,1.35,3,1,488,1
EXP-01087,PALMIRA,ALIMENTOS,Juzgado_3_Familia,2023,11.54,0.95,1,0,241,1
EXP-01088,CALI,ALIMENTOS,Comisaria_2_Familia,2023,70.34,0.9,2,1,572,1
EXP-01089,DAGUA,ALIMENTOS,Juzgado_1_Familia,2024,1.3666666666666665,1.35,1,1,458,1
EXP-01090,CANDELARIA,VIF,Juzgado_2_Familia,2021,3.08,1.2,1,0,198,1
EXP-01091,BUENAVENTURA,SUSTANCIAS,Comisaria_1_Familia,2024,3.34,1.1,3,0,253,1
EXP-01092,JAMUNDI,ALIMENTOS,Juzgado_3_Familia,2022,2.64,0.95,5,0,258,1
EXP-01093,GUADALAJARA DE BUGA,ALIMENTOS,Juzgado_2_Familia,2024,6.6,1.2,4,1,351,0
EXP-01094,ROLDANILLO,VIF,Juzgado_1_Familia,2024,1.26,1.35,4,0,268,1
EXP-01095,BUENAVENTURA,VIF,Juzgado_2_Familia,2024,3.34,1.2,17,0,355,1
EXP-01096,BUENAVENTURA,VIF,Juzgado_Penal_Municipal_2,2023,3.34,1.05,3,0,203,1
EXP-01097,CALI,VIF,Juzgado_Penal_Municipal_1,2024,70.34,1.25,8,0,491,1
EXP-01098,CALI,ALIMENTOS,Juzgado_Penal_Municipal_2,2024,70.34,1.05,2,1,248,0
EXP-01099,CALI,VIF,Comisaria_1_Familia,2024,70.34,1.1,6,0,454,1
EXP-01100,CALI,HURTO_PATRIMONIAL,Comisaria_2_Familia,2023,70.34,0.9,2,1,461,0
EXP-01101,CARTAGO,VIF,Juzgado_2_Familia,2024,5.56,1.2,1,0,188,0
EXP-01102,EL DOVIO,HURTO_PATRIMONIAL,Juzgado_Penal_Municipal_2,2024,0.1,1.05,9,1,501,1
EXP-01103,CALI,VIF,Comisaria_1_Familia,2021,70.34,1.1,2,0,414,1
EXP-01104,CALI,VIF,Juzgado_Penal_Municipal_1,2023,70.34,1.25,2,0,468,1
EXP-01105,YUMBO,SUSTANCIAS,Juzgado_1_Familia,2021,3.5,1.35,4,0,306,1
EXP-01106,ANDALUCIA,HURTO_PATRIMONIAL,Juzgado_1_Familia,2024,0.38,1.35,6,0,368,0
EXP-01107,BUGALAGRANDE,HURTO_PATRIMONIAL,Comisaria_2_Familia,2023,0.2799999999999999,0.9,6,1,494,1
EXP-01108,CAICEDONIA,VIF,Juzgado_1_Familia,2024,1.28,1.35,3,0,263,1
EXP-01109,GUADALAJARA DE BUGA,VIF,Juzgado_2_Familia,2021,6.6,1.2,6,0,286,1
EXP-01110,RIOFRIO,HURTO_PATRIMONIAL,Juzgado_2_Familia,2022,0.175,1.2,11,0,362,1
EXP-01111,CARTAGO,HURTO_PATRIMONIAL,Juzgado_Penal_Municipal_1,2022,5.56,1.25,3,0,391,1
EXP-01112,TRUJILLO,VIF,Juzgado_3_Familia,2023,0.225,0.95,5,0,203,1
EXP-01113,CARTAGO,ALIMENTOS,Juzgado_Penal_Municipal_1,2024,5.56,1.25,6,0,367,1
EXP-01114,GUADALAJARA DE BUGA,HURTO_PATRIMONIAL,Juzgado_2_Familia,2024,6.6,1.2,2,0,359,1
EXP-01115,CANDELARIA,ALIMENTOS,Juzgado_Penal_Municipal_2,2023,3.08,1.05,1,1,363,1
EXP-01116,SEVILLA,HURTO_PATRIMONIAL,Juzgado_1_Familia,2021,1.62,1.35,7,0,427,1
EXP-01117,FLORIDA,HURTO_PATRIMONIAL,Juzgado_Penal_Municipal_2,2024,0.8,1.05,4,1,447,1
EXP-01118,SIN_DATO,ALIMENTOS,Juzgado_3_Familia,2020,2.2,0.95,11,0,327,1
EXP-01119,CANDELARIA,VIF,Juzgado_Penal_Municipal_1,2020,3.08,1.25,4,0,241,1
EXP-01120,EL CERRITO,HURTO_PATRIMONIAL,Comisaria_2_Familia,2024,1.1,0.9,7,1,434,1
EXP-01121,CARTAGO,ALIMENTOS,Juzgado_1_Familia,2023,5.56,1.35,4,1,514,1
EXP-01122,CALI,VIF,Juzgado_Penal_Municipal_2,2022,70.34,1.05,1,0,296,0
EXP-01123,CANDELARIA,ALIMENTOS,Juzgado_3_Familia,2020,3.08,0.95,5,1,409,1
EXP-01124,GUADALAJARA DE BUGA,ALIMENTOS,Juzgado_Penal_Municipal_2,2023,6.6,1.05,13,0,339,0
EXP-01125,CARTAGO,SUSTANCIAS,Comisaria_1_Familia,2020,5.56,1.1,4,0,270,1
EXP-01126,SIN_DATO,VIF,Juzgado_Penal_Municipal_1,2023,2.2,1.25,2,0,208,1
EXP-01127,GUADALAJARA DE BUGA,VIF,Comisaria_1_Familia,2024,6.6,1.1,3,0,263,1
EXP-01128,SIN_DATO,VIF,Juzgado_2_Familia,2021,2.2,1.2,4,0,247,1
EXP-01129,DAGUA,VIF,Juzgado_1_Familia,2023,1.3666666666666665,1.35,5,0,201,0
EXP-01130,PALMIRA,ALIMENTOS,Juzgado_Penal_Municipal_1,2022,11.54,1.25,1,1,466,1
EXP-01131,BUGALAGRANDE,VIF,Juzgado_Penal_Municipal_2,2022,0.2799999999999999,1.05,1,0,163,1
EXP-01132,LA CUMBRE,ALIMENTOS,Juzgado_1_Familia,2023,0.24,1.35,7,1,483,1
EXP-01133,CALIMA,VIF,Comisaria_1_Familia,2023,0.3199999999999999,1.1,1,0,233,1
EXP-01134,SAN PEDRO,VIF,Juzgado_Penal_Municipal_1,2024,0.3,1.25,2,0,250,1
EXP-01135,GUADALAJARA DE BUGA,VIF,Juzgado_Penal_Municipal_1,2020,6.6,1.25,1,0,216,1
EXP-01136,JAMUNDI,VIF,Comisaria_1_Familia,2022,2.64,1.1,1,0,221,1
EXP-01137,FLORIDA,VIF,Comisaria_2_Familia,2022,0.8,0.9,6,0,187,0
EXP-01138,PALMIRA,ALIMENTOS,Comisaria_1_Familia,2021,11.54,1.1,1,1,410,1
EXP-01139,CANDELARIA,SUSTANCIAS,Juzgado_Penal_Municipal_2,2021,3.08,1.05,5,0,193,0
EXP-01140,PALMIRA,HURTO_PATRIMONIAL,Juzgado_2_Familia,2021,11.54,1.2,1,1,558,1
EXP-01141,PALMIRA,VIF,Juzgado_1_Familia,2022,11.54,1.35,3,0,326,1
EXP-01142,ROLDANILLO,ALIMENTOS,Juzgado_Penal_Municipal_2,2022,1.26,1.05,9,1,229,0
EXP-01143,ROLDANILLO,ALIMENTOS,Comisaria_2_Familia,2024,1.26,0.9,2,0,218,1
EXP-01144,DAGUA,VIF,Comisaria_2_Familia,2023,1.3666666666666665,0.9,1,0,149,1
EXP-01145,CANDELARIA,ALIMENTOS,Comisaria_2_Familia,2022,3.08,0.9,2,0,176,1
EXP-01146,LA CUMBRE,HURTO_PATRIMONIAL,Juzgado_1_Familia,2023,0.24,1.35,10,0,429,1
EXP-01147,CALI,ALIMENTOS,Juzgado_3_Familia,2022,70.34,0.95,8,1,617,1
EXP-01148,CALI,SUSTANCIAS,Juzgado_2_Familia,2023,70.34,1.2,1,0,449,1
EXP-01149,LA UNION,ALIMENTOS,Comisaria_1_Familia,2021,0.575,1.1,6,1,238,0
EXP-01150,CALI,HURTO_PATRIMONIAL,Juzgado_Penal_Municipal_1,2023,70.34,1.25,8,1,431,0
EXP-01151,TULUA,ALIMENTOS,Juzgado_Penal_Municipal_1,2023,3.34,1.25,3,1,451,1
EXP-01152,GUACARI,VIF,Juzgado_2_Familia,2022,1.48,1.2,1,0,233,1
EXP-01153,ZARZAL,ALIMENTOS,Comisaria_1_Familia,2023,1.12,1.1,12,1,509,1
EXP-01154,CALI,SUSTANCIAS,Juzgado_1_Familia,2021,70.34,1.35,2,0,481,1
EXP-01155,JAMUNDI,SUSTANCIAS,Juzgado_Penal_Municipal_2,2023,2.64,1.05,1,0,246,1
EXP-01156,BUGALAGRANDE,ALIMENTOS,Juzgado_Penal_Municipal_1,2020,0.2799999999999999,1.25,3,1,298,0
EXP-01157,GUADALAJARA DE BUGA,ALIMENTOS,Juzgado_Penal_Municipal_1,2021,6.6,1.25,4,1,465,1
EXP-01158,CALI,SUSTANCIAS,Juzgado_3_Familia,2021,70.34,0.95,3,0,451,1
EXP-01159,EL CAIRO,HURTO_PATRIMONIAL,Comisaria_2_Familia,2022,0.1,0.9,3,0,318,1
EXP-01160,PALMIRA,VIF,Juzgado_3_Familia,2020,11.54,0.95,1,0,185,1
EXP-01161,ZARZAL,HURTO_PATRIMONIAL,Comisaria_1_Familia,2021,1.12,1.1,7,0,370,1
EXP-01162,CANDELARIA,ALIMENTOS,Juzgado_1_Familia,2023,3.08,1.35,14,0,436,1
EXP-01163,GUADALAJARA DE BUGA,ALIMENTOS,Juzgado_3_Familia,2020,6.6,0.95,1,0,232,1
EXP-01164,ROLDANILLO,ALIMENTOS,Comisaria_2_Familia,2022,1.26,0.9,15,0,356,1
EXP-01165,YUMBO,ALIMENTOS,Juzgado_3_Familia,2022,3.5,0.95,4,1,405,1
EXP-01166,CARTAGO,ALIMENTOS,Juzgado_1_Familia,2024,5.56,1.35,3,1,516,1
EXP-01167,CALI,HURTO_PATRIMONIAL,Comisaria_1_Familia,2024,70.34,1.1,2,0,522,1
EXP-01168,CANDELARIA,VIF,Juzgado_Penal_Municipal_1,2022,3.08,1.25,7,0,171,0
EXP-01169,TULUA,ALIMENTOS,Comisaria_1_Familia,2024,3.34,1.1,2,1,455,1
EXP-01170,PRADERA,VIF,Comisaria_1_Familia,2022,0.72,1.1,1,0,174,1
EXP-01171,CALI,VIF,Juzgado_Penal_Municipal_2,2023,70.34,1.05,5,0,451,1
EXP-01172,BOLIVAR,VIF,Juzgado_1_Familia,2021,0.2333333333333333,1.35,7,0,245,0
EXP-01173,ROLDANILLO,SUSTANCIAS,Juzgado_3_Familia,2023,1.26,0.95,1,0,183,1
EXP-01174,JAMUNDI,ALIMENTOS,Juzgado_2_Familia,2020,2.64,1.2,1,0,291,1
EXP-01175,SEVILLA,ALIMENTOS,Juzgado_1_Familia,2020,1.62,1.35,7,0,391,1
EXP-01176,GUACARI,ALIMENTOS,Comisaria_1_Familia,2020,1.48,1.1,6,1,449,1
EXP-01177,EL CERRITO,ALIMENTOS,Juzgado_1_Familia,2024,1.1,1.35,5,1,371,0
EXP-01178,BUENAVENTURA,VIF,Comisaria_2_Familia,2022,3.34,0.9,4,0,200,1
EXP-01179,GUADALAJARA DE BUGA,SUSTANCIAS,Juzgado_3_Familia,2024,6.6,0.95,1,0,169,1
EXP-01180,CALI,HURTO_PATRIMONIAL,Comisaria_1_Familia,2021,70.34,1.1,7,0,531,1
EXP-01181,CALI,HURTO_PATRIMONIAL,Juzgado_1_Familia,2024,70.34,1.35,1,1,508,0
EXP-01182,CALI,ALIMENTOS,Comisaria_1_Familia,2022,70.34,1.1,3,0,483,1
EXP-01183,DAGUA,ALIMENTOS,Juzgado_2_Familia,2023,1.3666666666666665,1.2,13,1,493,1
EXP-01184,PRADERA,VIF,Comisaria_1_Familia,2024,0.72,1.1,10,0,256,1
EXP-01185,CALIMA,VIF,Juzgado_2_Familia,2023,0.3199999999999999,1.2,2,0,246,1
EXP-01186,SEVILLA,ALIMENTOS,Juzgado_2_Familia,2022,1.62,1.2,6,1,458,1
EXP-01187,YUMBO,HURTO_PATRIMONIAL,Juzgado_Penal_Municipal_2,2024,3.5,1.05,2,0,364,1
EXP-01188,PRADERA,ALIMENTOS,Comisaria_1_Familia,2023,0.72,1.1,7,0,308,1
EXP-01189,CALI,ALIMENTOS,Juzgado_Penal_Municipal_2,2020,70.34,1.05,4,1,625,1
EXP-01190,GUACARI,SUSTANCIAS,Comisaria_2_Familia,2021,1.48,0.9,5,0,220,1
EXP-01191,ROLDANILLO,SUSTANCIAS,Juzgado_Penal_Municipal_2,2023,1.26,1.05,7,0,239,1
EXP-01192,PALMIRA,VIF,Juzgado_1_Familia,2021,11.54,1.35,7,0,336,1
EXP-01193,DAGUA,HURTO_PATRIMONIAL,Juzgado_1_Familia,2024,1.3666666666666665,1.35,4,0,409,1
EXP-01194,EL DOVIO,ALIMENTOS,Juzgado_2_Familia,2023,0.1,1.2,2,0,320,1
EXP-01195,ANSERMANUEVO,ALIMENTOS,Comisaria_2_Familia,2022,0.2,0.9,14,0,321,1
EXP-01196,CALI,VIF,Juzgado_2_Familia,2022,70.34,1.2,5,0,446,1
EXP-01197,JAMUNDI,HURTO_PATRIMONIAL,Juzgado_2_Familia,2023,2.64,1.2,5,0,371,1
EXP-01198,GINEBRA,VIF,Comisaria_2_Familia,2022,0.6,0.9,4,0,209,1
EXP-01199,TRUJILLO,ALIMENTOS,Juzgado_Penal_Municipal_1,2023,0.225,1.25,7,0,347,1
EXP-01200,DAGUA,VIF,Juzgado_Penal_Municipal_2,2023,1.3666666666666665,1.05,1,0,209,1
EXP-01201,CALI,ALIMENTOS,Comisaria_1_Familia,2023,70.34,1.1,2,0,470,1
EXP-01202,PRADERA,ALIMENTOS,Juzgado_3_Familia,2023,0.72,0.95,1,0,175,0
EXP-01203,PALMIRA,SUSTANCIAS,Juzgado_2_Familia,2023,11.54,1.2,2,0,300,1
EXP-01204,CARTAGO,VIF,Juzgado_2_Familia,2022,5.56,1.2,1,0,207,0
EXP-01205,CALI,HURTO_PATRIMONIAL,Comisaria_2_Familia,2024,70.34,0.9,7,1,631,1
EXP-01206,VIJES,VIF,Juzgado_2_Familia,2020,0.175,1.2,16,0,272,0
EXP-01207,CALI,HURTO_PATRIMONIAL,Juzgado_1_Familia,2021,70.34,1.35,10,0,571,1
EXP-01208,GUACARI,HURTO_PATRIMONIAL,Juzgado_2_Familia,2024,1.48,1.2,5,1,533,1
EXP-01209,CALI,ALIMENTOS,Juzgado_Penal_Municipal_1,2024,70.34,1.25,3,0,256,0
EXP-01210,ARGELIA,HURTO_PATRIMONIAL,Juzgado_Penal_Municipal_1,2020,0.2,1.25,5,1,481,1
EXP-01211,TULUA,SUSTANCIAS,Comisaria_2_Familia,2021,3.34,0.9,2,0,211,1
EXP-01212,ALCALA,VIF,Juzgado_Penal_Municipal_1,2024,0.22,1.25,2,0,235,1
EXP-01213,GUACARI,VIF,Comisaria_2_Familia,2022,1.48,0.9,1,0,166,1
EXP-01214,CAICEDONIA,VIF,Juzgado_Penal_Municipal_1,2023,1.28,1.25,4,0,238,1
EXP-01215,CALI,VIF,Juzgado_2_Familia,2024,70.34,1.2,9,0,476,1
EXP-01216,JAMUNDI,VIF,Juzgado_Penal_Municipal_1,2024,2.64,1.25,5,0,269,1
EXP-01217,ARGELIA,VIF,Juzgado_2_Familia,2022,0.2,1.2,1,0,240,1
EXP-01218,CALI,VIF,Comisaria_1_Familia,2022,70.34,1.1,4,0,438,1
EXP-01219,ANDALUCIA,VIF,Juzgado_Penal_Municipal_2,2022,0.38,1.05,4,0,230,1
EXP-01220,TULUA,HURTO_PATRIMONIAL,Juzgado_Penal_Municipal_2,2024,3.34,1.05,15,0,351,1
EXP-01221,YUMBO,ALIMENTOS,Comisaria_1_Familia,2024,3.5,1.1,7,0,297,1
EXP-01222,CALI,ALIMENTOS,Juzgado_Penal_Municipal_2,2023,70.34,1.05,9,0,571,1
EXP-01223,GUACARI,HURTO_PATRIMONIAL,Juzgado_Penal_Municipal_1,2023,1.48,1.25,2,0,423,1
EXP-01224,TULUA,ALIMENTOS,Juzgado_2_Familia,2023,3.34,1.2,11,1,507,1
EXP-01225,SIN_DATO,VIF,Comisaria_2_Familia,2023,2.2,0.9,1,0,179,1
EXP-01226,SIN_DATO,HURTO_PATRIMONIAL,Juzgado_Penal_Municipal_1,2024,2.2,1.25,7,0,415,1
EXP-01227,YUMBO,HURTO_PATRIMONIAL,Comisaria_1_Familia,2022,3.5,1.1,2,1,243,0
EXP-01228,CALI,VIF,Juzgado_2_Familia,2022,70.34,1.2,7,0,509,1
EXP-01229,CALI,SUSTANCIAS,Juzgado_2_Familia,2022,70.34,1.2,6,0,493,1
EXP-01230,EL CERRITO,HURTO_PATRIMONIAL,Comisaria_1_Familia,2021,1.1,1.1,7,0,367,1
EXP-01231,SIN_DATO,SUSTANCIAS,Juzgado_Penal_Municipal_2,2024,2.2,1.05,1,0,227,1
EXP-01232,CARTAGO,VIF,Juzgado_Penal_Municipal_2,2022,5.56,1.05,11,0,284,1
EXP-01233,GUADALAJARA DE BUGA,ALIMENTOS,Comisaria_1_Familia,2021,6.6,1.1,8,0,272,0
EXP-01234,CALI,SUSTANCIAS,Juzgado_Penal_Municipal_1,2023,70.34,1.25,10,0,529,1
EXP-01235,FLORIDA,VIF,Juzgado_Penal_Municipal_2,2022,0.8,1.05,4,0,212,1
EXP-01236,CARTAGO,ALIMENTOS,Comisaria_1_Familia,2024,5.56,1.1,14,0,406,1
EXP-01237,CALIMA,SUSTANCIAS,Juzgado_2_Familia,2024,0.3199999999999999,1.2,1,0,135,0
EXP-01238,TRUJILLO,ALIMENTOS,Comisaria_2_Familia,2024,0.225,0.9,2,1,353,1
EXP-01239,GUADALAJARA DE BUGA,HURTO_PATRIMONIAL,Juzgado_1_Familia,2020,6.6,1.35,1,0,391,1
EXP-01240,TULUA,SUSTANCIAS,Juzgado_2_Familia,2020,3.34,1.2,11,0,305,1
EXP-01241,DAGUA,VIF,Juzgado_1_Familia,2021,1.3666666666666665,1.35,1,0,275,1
EXP-01242,CALI,VIF,Comisaria_1_Familia,2023,70.34,1.1,2,0,214,0
EXP-01243,BOLIVAR,VIF,Juzgado_Penal_Municipal_2,2021,0.2333333333333333,1.05,1,0,202,1
EXP-01244,DAGUA,HURTO_PATRIMONIAL,Comisaria_2_Familia,2020,1.3666666666666665,0.9,2,1,375,1
EXP-01245,TRUJILLO,ALIMENTOS,Juzgado_Penal_Municipal_1,2021,0.225,1.25,2,0,295,1
EXP-01246,JAMUNDI,ALIMENTOS,Comisaria_2_Familia,2024,2.64,0.9,2,1,406,1
EXP-01247,SEVILLA,HURTO_PATRIMONIAL,Juzgado_2_Familia,2024,1.62,1.2,1,0,321,1
EXP-01248,CALI,VIF,Comisaria_1_Familia,2023,70.34,1.1,4,0,339,0
EXP-01249,TULUA,ALIMENTOS,Juzgado_1_Familia,2023,3.34,1.35,5,0,354,1
EXP-01250,CANDELARIA,VIF,Juzgado_2_Familia,2024,3.08,1.2,3,0,180,0
EXP-01251,PALMIRA,ALIMENTOS,Comisaria_2_Familia,2024,11.54,0.9,5,0,320,1
EXP-01252,CARTAGO,VIF,Juzgado_1_Familia,2022,5.56,1.35,7,0,311,1
EXP-01253,FLORIDA,ALIMENTOS,Juzgado_Penal_Municipal_2,2024,0.8,1.05,1,0,211,0
EXP-01254,BUGALAGRANDE,VIF,Juzgado_1_Familia,2023,0.2799999999999999,1.35,6,0,313,1
EXP-01255,CALI,ALIMENTOS,Juzgado_Penal_Municipal_2,2022,70.34,1.05,4,0,459,1
EXP-01256,VERSALLES,HURTO_PATRIMONIAL,Comisaria_1_Familia,2023,0.1333333333333333,1.1,2,1,429,1
EXP-01257,CALIMA,VIF,Juzgado_3_Familia,2021,0.3199999999999999,0.95,6,0,198,1
EXP-01258,ROLDANILLO,HURTO_PATRIMONIAL,Juzgado_Penal_Municipal_1,2021,1.26,1.25,8,1,577,1
EXP-01259,SIN_DATO,HURTO_PATRIMONIAL,Comisaria_2_Familia,2023,2.2,0.9,2,0,267,1
EXP-01260,ALCALA,ALIMENTOS,Comisaria_2_Familia,2022,0.22,0.9,1,0,213,1
EXP-01261,CANDELARIA,SUSTANCIAS,Juzgado_2_Familia,2023,3.08,1.2,5,0,306,1
EXP-01262,CALI,VIF,Juzgado_1_Familia,2024,70.34,1.35,5,0,484,1
EXP-01263,GUADALAJARA DE BUGA,HURTO_PATRIMONIAL,Comisaria_2_Familia,2024,6.6,0.9,8,0,368,1
EXP-01264,ALCALA,ALIMENTOS,Juzgado_Penal_Municipal_1,2023,0.22,1.25,2,0,345,1
EXP-01265,TULUA,ALIMENTOS,Comisaria_1_Familia,2024,3.34,1.1,10,1,358,0
EXP-01266,CALI,VIF,Juzgado_Penal_Municipal_1,2024,70.34,1.25,2,0,450,1
EXP-01267,GUACARI,VIF,Juzgado_3_Familia,2021,1.48,0.95,6,0,210,1
EXP-01268,SEVILLA,HURTO_PATRIMONIAL,Juzgado_3_Familia,2020,1.62,0.95,1,0,280,1
EXP-01269,FLORIDA,ALIMENTOS,Juzgado_Penal_Municipal_1,2022,0.8,1.25,3,0,328,1
EXP-01270,CALI,SUSTANCIAS,Juzgado_Penal_Municipal_1,2024,70.34,1.25,5,0,506,1
EXP-01271,FLORIDA,HURTO_PATRIMONIAL,Juzgado_Penal_Municipal_2,2022,0.8,1.05,8,1,471,1
EXP-01272,CALI,ALIMENTOS,Juzgado_1_Familia,2022,70.34,1.35,3,1,665,1
EXP-01273,EL CERRITO,SUSTANCIAS,Comisaria_2_Familia,2020,1.1,0.9,1,0,185,1
EXP-01274,VIJES,VIF,Juzgado_2_Familia,2020,0.175,1.2,5,0,227,1
EXP-01275,BUENAVENTURA,HURTO_PATRIMONIAL,Juzgado_1_Familia,2022,3.34,1.35,2,0,440,1
EXP-01276,BUGALAGRANDE,VIF,Comisaria_2_Familia,2023,0.2799999999999999,0.9,1,0,150,1
EXP-01277,GUACARI,ALIMENTOS,Comisaria_2_Familia,2022,1.48,0.9,4,0,254,1
EXP-01278,CAICEDONIA,ALIMENTOS,Comisaria_2_Familia,2024,1.28,0.9,3,1,407,1
EXP-01279,VERSALLES,SUSTANCIAS,Juzgado_Penal_Municipal_1,2024,0.1333333333333333,1.25,3,0,233,0
EXP-01280,PALMIRA,ALIMENTOS,Juzgado_Penal_Municipal_2,2023,11.54,1.05,1,0,254,1
EXP-01281,JAMUNDI,ALIMENTOS,Juzgado_1_Familia,2024,2.64,1.35,15,0,465,1
EXP-01282,PALMIRA,VIF,Comisaria_2_Familia,2023,11.54,0.9,2,0,201,1
EXP-01283,TORO,HURTO_PATRIMONIAL,Comisaria_2_Familia,2021,0.1333333333333333,0.9,5,1,445,1
EXP-01284,ANDALUCIA,VIF,Juzgado_2_Familia,2020,0.38,1.2,7,0,267,1
EXP-01285,ANSERMANUEVO,VIF,Comisaria_1_Familia,2022,0.2,1.1,10,0,265,1
EXP-01286,CALI,SUSTANCIAS,Juzgado_3_Familia,2024,70.34,0.95,1,0,400,1
EXP-01287,SEVILLA,VIF,Juzgado_Penal_Municipal_2,2022,1.62,1.05,4,0,235,1
EXP-01288,DAGUA,VIF,Juzgado_1_Familia,2023,1.3666666666666665,1.35,1,0,258,1
EXP-01289,PALMIRA,HURTO_PATRIMONIAL,Comisaria_1_Familia,2020,11.54,1.1,8,0,389,1
EXP-01290,GUADALAJARA DE BUGA,HURTO_PATRIMONIAL,Juzgado_3_Familia,2022,6.6,0.95,1,1,432,1
EXP-01291,PALMIRA,ALIMENTOS,Juzgado_3_Familia,2022,11.54,0.95,5,0,347,1
EXP-01292,CARTAGO,SUSTANCIAS,Juzgado_Penal_Municipal_1,2023,5.56,1.25,1,0,317,1
EXP-01293,GUADALAJARA DE BUGA,ALIMENTOS,Juzgado_3_Familia,2024,6.6,0.95,2,0,274,1
EXP-01294,PALMIRA,VIF,Comisaria_2_Familia,2021,11.54,0.9,4,0,235,1
EXP-01295,ARGELIA,ALIMENTOS,Juzgado_Penal_Municipal_1,2023,0.2,1.25,8,0,373,1
EXP-01296,TULUA,SUSTANCIAS,Juzgado_Penal_Municipal_1,2021,3.34,1.25,5,0,112,0
EXP-01297,YUMBO,VIF,Juzgado_1_Familia,2023,3.5,1.35,2,0,271,1
EXP-01298,SIN_DATO,HURTO_PATRIMONIAL,Juzgado_Penal_Municipal_1,2023,2.2,1.25,1,1,507,1
EXP-01299,CALI,SUSTANCIAS,Juzgado_1_Familia,2021,70.34,1.35,6,0,536,1
EXP-01300,JAMUNDI,ALIMENTOS,Comisaria_2_Familia,2024,2.64,0.9,4,1,412,1
EXP-01301,DAGUA,VIF,Juzgado_1_Familia,2023,1.3666666666666665,1.35,7,0,288,1
EXP-01302,CALI,ALIMENTOS,Juzgado_2_Familia,2021,70.34,1.2,5,0,516,1
EXP-01303,GUADALAJARA DE BUGA,VIF,Juzgado_1_Familia,2021,6.6,1.35,3,0,286,1
EXP-01304,BOLIVAR,ALIMENTOS,Comisaria_1_Familia,2021,0.2333333333333333,1.1,4,1,408,1
EXP-01305,CALI,HURTO_PATRIMONIAL,Juzgado_3_Familia,2024,70.34,0.95,4,0,479,1
EXP-01306,LA VICTORIA,ALIMENTOS,Juzgado_1_Familia,2024,0.1666666666666666,1.35,9,0,187,0
EXP-01307,YOTOCO,VIF,Juzgado_Penal_Municipal_1,2024,0.58,1.25,12,0,330,1
EXP-01308,CAICEDONIA,ALIMENTOS,Juzgado_3_Familia,2021,1.28,0.95,9,0,325,1
EXP-01309,YUMBO,HURTO_PATRIMONIAL,Juzgado_2_Familia,2022,3.5,1.2,5,0,303,1
EXP-01310,PALMIRA,ALIMENTOS,Juzgado_Penal_Municipal_1,2022,11.54,1.25,3,1,485,1
EXP-01311,ROLDANILLO,ALIMENTOS,Juzgado_Penal_Municipal_1,2023,1.26,1.25,7,0,350,1
EXP-01312,CANDELARIA,SUSTANCIAS,Juzgado_2_Familia,2022,3.08,1.2,4,0,248,1
EXP-01313,YOTOCO,ALIMENTOS,Juzgado_2_Familia,2023,0.58,1.2,5,1,449,1
EXP-01314,JAMUNDI,HURTO_PATRIMONIAL,Juzgado_Penal_Municipal_2,2024,2.64,1.05,3,0,314,1
EXP-01315,CALI,HURTO_PATRIMONIAL,Juzgado_1_Familia,2020,70.34,1.35,14,1,538,0
EXP-01316,PALMIRA,HURTO_PATRIMONIAL,Juzgado_2_Familia,2021,11.54,1.2,1,0,225,0
EXP-01317,CALI,HURTO_PATRIMONIAL,Juzgado_1_Familia,2022,70.34,1.35,1,1,353,0
EXP-01318,ANSERMANUEVO,HURTO_PATRIMONIAL,Comisaria_1_Familia,2024,0.2,1.1,6,0,346,1
EXP-01319,SIN_DATO,VIF,Comisaria_1_Familia,2024,2.2,1.1,4,0,244,1
EXP-01320,CALI,HURTO_PATRIMONIAL,Juzgado_1_Familia,2024,70.34,1.35,14,1,643,0
EXP-01321,CARTAGO,VIF,Juzgado_Penal_Municipal_2,2020,5.56,1.05,16,0,210,0
EXP-01322,GUADALAJARA DE BUGA,VIF,Comisaria_1_Familia,2021,6.6,1.1,5,0,256,1
EXP-01323,SIN_DATO,HURTO_PATRIMONIAL,Comisaria_2_Familia,2021,2.2,0.9,7,0,357,1
EXP-01324,BUGALAGRANDE,VIF,Juzgado_Penal_Municipal_2,2020,0.2799999999999999,1.05,1,0,161,1
EXP-01325,CARTAGO,ALIMENTOS,Comisaria_1_Familia,2023,5.56,1.1,1,0,291,1
EXP-01326,CALI,VIF,Comisaria_1_Familia,2024,70.34,1.1,1,0,208,0
EXP-01327,CANDELARIA,VIF,Juzgado_3_Familia,2024,3.08,0.95,7,0,218,1
EXP-01328,CALI,VIF,Comisaria_1_Familia,2023,70.34,1.1,2,0,404,1
EXP-01329,YUMBO,ALIMENTOS,Juzgado_Penal_Municipal_2,2020,3.5,1.05,1,1,299,0
EXP-01330,PALMIRA,VIF,Juzgado_3_Familia,2024,11.54,0.95,6,0,243,1
EXP-01331,CALI,ALIMENTOS,Juzgado_2_Familia,2022,70.34,1.2,6,1,339,0
EXP-01332,CAICEDONIA,VIF,Juzgado_Penal_Municipal_2,2021,1.28,1.05,5,0,230,1
EXP-01333,EL CAIRO,ALIMENTOS,Comisaria_2_Familia,2022,0.1,0.9,3,0,233,1
EXP-01334,CALI,HURTO_PATRIMONIAL,Juzgado_3_Familia,2024,70.34,0.95,5,0,484,1
EXP-01335,CAICEDONIA,ALIMENTOS,Juzgado_Penal_Municipal_1,2021,1.28,1.25,5,0,342,1
EXP-01336,DAGUA,ALIMENTOS,Juzgado_2_Familia,2021,1.3666666666666665,1.2,7,0,318,0
EXP-01337,CARTAGO,VIF,Comisaria_2_Familia,2023,5.56,0.9,1,0,172,1
EXP-01338,ROLDANILLO,HURTO_PATRIMONIAL,Juzgado_Penal_Municipal_1,2024,1.26,1.25,10,1,583,1
EXP-01339,CANDELARIA,ALIMENTOS,Juzgado_Penal_Municipal_2,2021,3.08,1.05,1,0,241,1
EXP-01340,ALCALA,HURTO_PATRIMONIAL,Comisaria_1_Familia,2024,0.22,1.1,3,0,349,1
EXP-01341,TULUA,VIF,Juzgado_2_Familia,2023,3.34,1.2,5,0,293,1
EXP-01342,GUADALAJARA DE BUGA,VIF,Juzgado_Penal_Municipal_1,2022,6.6,1.25,1,0,285,1
EXP-01343,BUGALAGRANDE,HURTO_PATRIMONIAL,Juzgado_3_Familia,2021,0.2799999999999999,0.95,1,0,127,0
EXP-01344,CALI,VIF,Comisaria_1_Familia,2023,70.34,1.1,6,0,442,1
EXP-01345,YUMBO,SUSTANCIAS,Juzgado_1_Familia,2020,3.5,1.35,1,0,312,1
EXP-01346,EL CERRITO,HURTO_PATRIMONIAL,Juzgado_Penal_Municipal_2,2024,1.1,1.05,5,1,449,1
EXP-01347,PALMIRA,VIF,Juzgado_2_Familia,2022,11.54,1.2,1,0,255,1
EXP-01348,JAMUNDI,ALIMENTOS,Juzgado_2_Familia,2022,2.64,1.2,4,0,280,0
EXP-01349,CALI,VIF,Juzgado_Penal_Municipal_2,2020,70.34,1.05,4,0,426,1
EXP-01350,CALI,HURTO_PATRIMONIAL,Comisaria_2_Familia,2021,70.34,0.9,7,0,501,1
EXP-01351,CALIMA,VIF,Juzgado_3_Familia,2023,0.3199999999999999,0.95,5,0,126,0
EXP-01352,CALI,VIF,Comisaria_1_Familia,2021,70.34,1.1,6,0,458,1
EXP-01353,CANDELARIA,ALIMENTOS,Comisaria_1_Familia,2022,3.08,1.1,2,0,263,1
EXP-01354,YOTOCO,ALIMENTOS,Comisaria_1_Familia,2024,0.58,1.1,3,0,289,1
EXP-01355,CALI,ALIMENTOS,Juzgado_2_Familia,2022,70.34,1.2,2,0,510,1
EXP-01356,SEVILLA,HURTO_PATRIMONIAL,Comisaria_2_Familia,2024,1.62,0.9,4,0,330,1
EXP-01357,SIN_DATO,VIF,Juzgado_Penal_Municipal_1,2022,2.2,1.25,5,0,282,1
EXP-01358,LA CUMBRE,ALIMENTOS,Juzgado_1_Familia,2021,0.24,1.35,5,0,318,1
EXP-01359,GUADALAJARA DE BUGA,ALIMENTOS,Juzgado_Penal_Municipal_2,2022,6.6,1.05,2,0,270,1
EXP-01360,PALMIRA,HURTO_PATRIMONIAL,Juzgado_Penal_Municipal_1,2024,11.54,1.25,8,0,447,1
EXP-01361,ZARZAL,VIF,Juzgado_2_Familia,2022,1.12,1.2,3,0,243,1
EXP-01362,PALMIRA,HURTO_PATRIMONIAL,Comisaria_2_Familia,2023,11.54,0.9,1,0,264,1
EXP-01363,GINEBRA,ALIMENTOS,Juzgado_3_Familia,2021,0.6,0.95,1,0,144,0
EXP-01364,JAMUNDI,SUSTANCIAS,Juzgado_Penal_Municipal_2,2024,2.64,1.05,10,0,274,1
EXP-01365,CALI,VIF,Juzgado_1_Familia,2024,70.34,1.35,4,0,278,0
EXP-01366,PALMIRA,VIF,Juzgado_Penal_Municipal_2,2022,11.54,1.05,3,0,238,1
EXP-01367,GUADALAJARA DE BUGA,HURTO_PATRIMONIAL,Juzgado_Penal_Municipal_2,2024,6.6,1.05,7,0,374,1
EXP-01368,CALI,VIF,Juzgado_1_Familia,2024,70.34,1.35,3,0,441,1
EXP-01369,LA UNION,VIF,Juzgado_3_Familia,2023,0.575,0.95,5,0,210,1
EXP-01370,JAMUNDI,HURTO_PATRIMONIAL,Comisaria_2_Familia,2024,2.64,0.9,6,1,465,1
EXP-01371,CALI,SUSTANCIAS,Juzgado_Penal_Municipal_2,2023,70.34,1.05,5,0,429,1
EXP-01372,LA UNION,VIF,Comisaria_1_Familia,2024,0.575,1.1,4,0,209,1
EXP-01373,YOTOCO,VIF,Juzgado_2_Familia,2022,0.58,1.2,1,0,205,1
EXP-01374,LA CUMBRE,HURTO_PATRIMONIAL,Juzgado_2_Familia,2022,0.24,1.2,3,0,347,1
EXP-01375,YOTOCO,VIF,Juzgado_Penal_Municipal_1,2022,0.58,1.25,5,0,285,1
EXP-01376,CALIMA,VIF,Juzgado_3_Familia,2020,0.3199999999999999,0.95,2,0,169,1
EXP-01377,BUENAVENTURA,VIF,Juzgado_3_Familia,2020,3.34,0.95,1,0,194,1
EXP-01378,SIN_DATO,ALIMENTOS,Comisaria_1_Familia,2024,2.2,1.1,4,0,323,1
EXP-01379,LA UNION,VIF,Comisaria_1_Familia,2022,0.575,1.1,4,0,237,1
EXP-01380,GUACARI,ALIMENTOS,Comisaria_2_Familia,2022,1.48,0.9,12,1,227,0
EXP-01381,BUENAVENTURA,HURTO_PATRIMONIAL,Comisaria_2_Familia,2024,3.34,0.9,6,1,434,1
EXP-01382,EL CERRITO,ALIMENTOS,Juzgado_1_Familia,2020,1.1,1.35,8,0,358,1
EXP-01383,CARTAGO,SUSTANCIAS,Comisaria_1_Familia,2024,5.56,1.1,4,0,149,0
EXP-01384,RIOFRIO,VIF,Comisaria_1_Familia,2024,0.175,1.1,4,0,169,0
EXP-01385,TORO,SUSTANCIAS,Juzgado_2_Familia,2024,0.1333333333333333,1.2,6,0,315,1
EXP-01386,LA VICTORIA,VIF,Juzgado_3_Familia,2024,0.1666666666666666,0.95,7,0,228,1
EXP-01387,VIJES,VIF,Juzgado_2_Familia,2021,0.175,1.2,5,0,237,1
EXP-01388,CARTAGO,VIF,Juzgado_Penal_Municipal_1,2022,5.56,1.25,2,0,259,1
EXP-01389,DAGUA,HURTO_PATRIMONIAL,Juzgado_Penal_Municipal_2,2023,1.3666666666666665,1.05,3,0,351,1
EXP-01390,TORO,VIF,Juzgado_2_Familia,2024,0.1333333333333333,1.2,4,0,193,0
EXP-01391,GUADALAJARA DE BUGA,HURTO_PATRIMONIAL,Juzgado_Penal_Municipal_2,2021,6.6,1.05,3,0,334,1
EXP-01392,ALCALA,VIF,Juzgado_1_Familia,2023,0.22,1.35,4,0,249,1
EXP-01393,ANDALUCIA,VIF,Juzgado_Penal_Municipal_1,2022,0.38,1.25,2,0,226,1
EXP-01394,PALMIRA,ALIMENTOS,Juzgado_3_Familia,2020,11.54,0.95,2,0,303,1
EXP-01395,CALI,SUSTANCIAS,Juzgado_2_Familia,2021,70.34,1.2,1,0,412,1
EXP-01396,YUMBO,VIF,Juzgado_1_Familia,2022,3.5,1.35,2,0,259,1
EXP-01397,SEVILLA,ALIMENTOS,Juzgado_2_Familia,2024,1.62,1.2,6,0,346,1
EXP-01398,BUGALAGRANDE,VIF,Comisaria_1_Familia,2021,0.2799999999999999,1.1,9,0,228,1
EXP-01399,EL CERRITO,VIF,Juzgado_Penal_Municipal_2,2020,1.1,1.05,2,0,129,0
EXP-01400,RIOFRIO,VIF,Juzgado_Penal_Municipal_2,2023,0.175,1.05,3,0,138,0
EXP-01401,GUACARI,VIF,Juzgado_2_Familia,2023,1.48,1.2,7,0,274,1
EXP-01402,SEVILLA,VIF,Comisaria_2_Familia,2022,1.62,0.9,2,0,193,1
EXP-01403,SIN_DATO,SUSTANCIAS,Juzgado_Penal_Municipal_1,2020,2.2,1.25,8,0,312,1
EXP-01404,CALI,VIF,Comisaria_1_Familia,2024,70.34,1.1,2,0,443,1
EXP-01405,SIN_DATO,HURTO_PATRIMONIAL,Comisaria_1_Familia,2024,2.2,1.1,1,0,308,1
EXP-01406,OBANDO,VIF,Juzgado_Penal_Municipal_2,2023,0.38,1.05,3,0,214,1
EXP-01407,CALI,ALIMENTOS,Comisaria_1_Familia,2020,70.34,1.1,1,1,602,1
EXP-01408,BUENAVENTURA,SUSTANCIAS,Juzgado_2_Familia,2024,3.34,1.2,1,0,251,1
EXP-01409,CALI,ALIMENTOS,Juzgado_Penal_Municipal_1,2023,70.34,1.25,5,1,692,1
EXP-01410,LA VICTORIA,ALIMENTOS,Juzgado_3_Familia,2020,0.1666666666666666,0.95,8,0,301,1
EXP-01411,SEVILLA,VIF,Comisaria_1_Familia,2022,1.62,1.1,1,0,187,1
EXP-01412,CALI,ALIMENTOS,Juzgado_Penal_Municipal_2,2021,70.34,1.05,1,0,453,1
EXP-01413,ZARZAL,ALIMENTOS,Juzgado_2_Familia,2024,1.12,1.2,1,0,275,1
EXP-01414,PALMIRA,VIF,Juzgado_1_Familia,2023,11.54,1.35,5,0,221,0
EXP-01415,PRADERA,VIF,Juzgado_3_Familia,2021,0.72,0.95,7,0,201,1
EXP-01416,FLORIDA,ALIMENTOS,Comisaria_2_Familia,2023,0.8,0.9,2,0,240,1
EXP-01417,SIN_DATO,SUSTANCIAS,Juzgado_3_Familia,2020,2.2,0.95,8,0,221,1
EXP-01418,JAMUNDI,ALIMENTOS,Juzgado_2_Familia,2021,2.64,1.2,3,0,285,1
EXP-01419,BUENAVENTURA,VIF,Juzgado_3_Familia,2023,3.34,0.95,9,0,254,1
EXP-01420,CARTAGO,VIF,Juzgado_1_Familia,2021,5.56,1.35,3,0,267,1
EXP-01421,YUMBO,HURTO_PATRIMONIAL,Juzgado_Penal_Municipal_1,2020,3.5,1.25,7,0,444,1
EXP-01422,BUENAVENTURA,VIF,Juzgado_Penal_Municipal_1,2022,3.34,1.25,1,0,221,1
EXP-01423,YUMBO,ALIMENTOS,Comisaria_2_Familia,2023,3.5,0.9,8,0,340,1
EXP-01424,PALMIRA,HURTO_PATRIMONIAL,Juzgado_Penal_Municipal_2,2024,11.54,1.05,3,1,326,0
EXP-01425,YUMBO,HURTO_PATRIMONIAL,Comisaria_1_Familia,2021,3.5,1.1,9,0,404,1
EXP-01426,RIOFRIO,HURTO_PATRIMONIAL,Juzgado_1_Familia,2023,0.175,1.35,10,0,434,1
EXP-01427,ZARZAL,VIF,Comisaria_1_Familia,2022,1.12,1.1,3,0,112,0
EXP-01428,CALI,ALIMENTOS,Juzgado_Penal_Municipal_1,2020,70.34,1.25,5,0,550,1
EXP-01429,ZARZAL,HURTO_PATRIMONIAL,Comisaria_2_Familia,2024,1.12,0.9,2,0,294,1
EXP-01430,GUADALAJARA DE BUGA,VIF,Juzgado_Penal_Municipal_1,2021,6.6,1.25,9,0,296,1
EXP-01431,YUMBO,HURTO_PATRIMONIAL,Juzgado_3_Familia,2022,3.5,0.95,5,0,303,1
EXP-01432,PALMIRA,HURTO_PATRIMONIAL,Comisaria_1_Familia,2022,11.54,1.1,3,0,292,0
EXP-01433,GUADALAJARA DE BUGA,SUSTANCIAS,Comisaria_2_Familia,2020,6.6,0.9,1,0,169,1
EXP-01434,CALI,ALIMENTOS,Juzgado_Penal_Municipal_1,2023,70.34,1.25,1,0,482,1
EXP-01435,SEVILLA,ALIMENTOS,Juzgado_Penal_Municipal_1,2023,1.62,1.25,2,1,462,1
EXP-01436,ROLDANILLO,ALIMENTOS,Juzgado_3_Familia,2024,1.26,0.95,2,1,371,1
EXP-01437,ARGELIA,ALIMENTOS,Comisaria_2_Familia,2024,0.2,0.9,6,0,205,0
EXP-01438,SIN_DATO,HURTO_PATRIMONIAL,Juzgado_Penal_Municipal_1,2022,2.2,1.25,6,1,363,0
EXP-01439,CANDELARIA,SUSTANCIAS,Juzgado_2_Familia,2024,3.08,1.2,1,0,247,1
EXP-01440,SIN_DATO,HURTO_PATRIMONIAL,Juzgado_2_Familia,2024,2.2,1.2,1,1,484,1
EXP-01441,BUGALAGRANDE,VIF,Comisaria_2_Familia,2024,0.2799999999999999,0.9,7,0,194,0
EXP-01442,TRUJILLO,ALIMENTOS,Comisaria_2_Familia,2023,0.225,0.9,6,0,268,1
EXP-01443,DAGUA,ALIMENTOS,Juzgado_2_Familia,2020,1.3666666666666665,1.2,1,1,453,1
EXP-01444,PALMIRA,ALIMENTOS,Juzgado_Penal_Municipal_1,2024,11.54,1.25,7,1,564,1
EXP-01445,GUACARI,ALIMENTOS,Juzgado_2_Familia,2024,1.48,1.2,6,0,324,1
EXP-01446,CALI,ALIMENTOS,Juzgado_Penal_Municipal_2,2024,70.34,1.05,7,0,515,1
EXP-01447,SIN_DATO,ALIMENTOS,Juzgado_3_Familia,2020,2.2,0.95,2,0,107,0
EXP-01448,YUMBO,VIF,Juzgado_2_Familia,2022,3.5,1.2,8,0,185,0
EXP-01449,PRADERA,ALIMENTOS,Juzgado_1_Familia,2022,0.72,1.35,4,1,480,1
EXP-01450,BUENAVENTURA,VIF,Juzgado_2_Familia,2023,3.34,1.2,3,0,244,1
EXP-01451,ROLDANILLO,HURTO_PATRIMONIAL,Juzgado_Penal_Municipal_2,2024,1.26,1.05,11,0,411,1
EXP-01452,SIN_DATO,VIF,Comisaria_1_Familia,2022,2.2,1.1,5,0,277,1
EXP-01453,PALMIRA,ALIMENTOS,Comisaria_2_Familia,2023,11.54,0.9,3,0,217,0
EXP-01454,GUADALAJARA DE BUGA,VIF,Juzgado_Penal_Municipal_1,2021,6.6,1.25,3,0,277,1
EXP-01455,BUGALAGRANDE,ALIMENTOS,Juzgado_Penal_Municipal_2,2024,0.2799999999999999,1.05,8,0,317,1
EXP-01456,PALMIRA,VIF,Comisaria_2_Familia,2023,11.54,0.9,9,0,255,1
EXP-01457,CALI,VIF,Juzgado_3_Familia,2023,70.34,0.95,4,0,402,1
EXP-01458,EL CERRITO,HURTO_PATRIMONIAL,Juzgado_3_Familia,2023,1.1,0.95,3,0,279,1
EXP-01459,YOTOCO,ALIMENTOS,Juzgado_1_Familia,2021,0.58,1.35,10,1,510,1
EXP-01460,TULUA,ALIMENTOS,Juzgado_Penal_Municipal_1,2021,3.34,1.25,3,1,429,1
EXP-01461,CALI,VIF,Juzgado_3_Familia,2024,70.34,0.95,5,0,442,1
EXP-01462,ROLDANILLO,SUSTANCIAS,Juzgado_Penal_Municipal_2,2022,1.26,1.05,6,0,271,1
EXP-01463,GINEBRA,ALIMENTOS,Juzgado_2_Familia,2023,0.6,1.2,1,0,324,1
EXP-01464,RIOFRIO,ALIMENTOS,Juzgado_1_Familia,2024,0.175,1.35,4,0,371,1
EXP-01465,GUADALAJARA DE BUGA,ALIMENTOS,Juzgado_3_Familia,2024,6.6,0.95,1,1,380,1
EXP-01466,GINEBRA,VIF,Juzgado_1_Familia,2024,0.6,1.35,2,0,239,1
EXP-01467,PRADERA,SUSTANCIAS,Juzgado_2_Familia,2024,0.72,1.2,5,0,284,1
EXP-01468,BOLIVAR,ALIMENTOS,Juzgado_3_Familia,2023,0.2333333333333333,0.95,2,0,220,1
EXP-01469,GUADALAJARA DE BUGA,ALIMENTOS,Juzgado_2_Familia,2021,6.6,1.2,2,0,349,1
EXP-01470,CANDELARIA,ALIMENTOS,Juzgado_Penal_Municipal_1,2024,3.08,1.25,1,0,353,1
EXP-01471,OBANDO,VIF,Juzgado_1_Familia,2020,0.38,1.35,1,0,226,1
EXP-01472,CALI,VIF,Comisaria_2_Familia,2021,70.34,0.9,2,0,384,1
EXP-01473,CALI,ALIMENTOS,Juzgado_1_Familia,2021,70.34,1.35,1,0,496,1
EXP-01474,CARTAGO,HURTO_PATRIMONIAL,Juzgado_Penal_Municipal_2,2022,5.56,1.05,2,0,299,1
EXP-01475,CARTAGO,VIF,Juzgado_Penal_Municipal_1,2023,5.56,1.25,16,0,328,1
EXP-01476,VIJES,VIF,Comisaria_1_Familia,2023,0.175,1.1,4,0,214,1
EXP-01477,CALI,ALIMENTOS,Juzgado_Penal_Municipal_1,2024,70.34,1.25,5,1,407,0
EXP-01478,GUADALAJARA DE BUGA,VIF,Juzgado_1_Familia,2022,6.6,1.35,5,0,313,1
EXP-01479,JAMUNDI,VIF,Juzgado_3_Familia,2024,2.64,0.95,8,0,99,0
EXP-01480,JAMUNDI,HURTO_PATRIMONIAL,Juzgado_1_Familia,2024,2.64,1.35,5,0,417,1
EXP-01481,DAGUA,VIF,Comisaria_2_Familia,2020,1.3666666666666665,0.9,2,0,149,1
EXP-01482,CARTAGO,HURTO_PATRIMONIAL,Juzgado_3_Familia,2023,5.56,0.95,6,1,229,0
EXP-01483,PALMIRA,SUSTANCIAS,Juzgado_Penal_Municipal_2,2022,11.54,1.05,2,0,120,0
EXP-01484,EL CERRITO,ALIMENTOS,Juzgado_Penal_Municipal_1,2020,1.1,1.25,7,0,296,1
EXP-01485,VERSALLES,VIF,Juzgado_1_Familia,2021,0.1333333333333333,1.35,4,0,261,1
EXP-01486,PRADERA,VIF,Juzgado_2_Familia,2023,0.72,1.2,6,0,257,1
EXP-01487,CALI,HURTO_PATRIMONIAL,Juzgado_Penal_Municipal_2,2024,70.34,1.05,4,1,687,1
EXP-01488,CALI,ALIMENTOS,Juzgado_Penal_Municipal_2,2022,70.34,1.05,1,1,548,1
EXP-01489,CALI,ALIMENTOS,Juzgado_3_Familia,2023,70.34,0.95,4,1,640,1
EXP-01490,TORO,HURTO_PATRIMONIAL,Juzgado_Penal_Municipal_2,2024,0.1333333333333333,1.05,1,0,310,1
EXP-01491,YUMBO,ALIMENTOS,Comisaria_1_Familia,2023,3.5,1.1,3,0,324,1
EXP-01492,GUADALAJARA DE BUGA,VIF,Juzgado_Penal_Municipal_1,2023,6.6,1.25,3,0,117,0
EXP-01493,DAGUA,ALIMENTOS,Juzgado_Penal_Municipal_1,2021,1.3666666666666665,1.25,4,0,300,1
EXP-01494,GUACARI,ALIMENTOS,Comisaria_2_Familia,2023,1.48,0.9,11,0,305,1
EXP-01495,PRADERA,HURTO_PATRIMONIAL,Juzgado_3_Familia,2022,0.72,0.95,6,0,296,1
EXP-01496,CALI,VIF,Comisaria_1_Familia,2022,70.34,1.1,1,0,388,1
EXP-01497,VERSALLES,ALIMENTOS,Juzgado_2_Familia,2022,0.1333333333333333,1.2,5,0,323,1
EXP-01498,TULUA,VIF,Comisaria_1_Familia,2023,3.34,1.1,3,0,234,1
EXP-01499,GUADALAJARA DE BUGA,ALIMENTOS,Juzgado_3_Familia,2024,6.6,0.95,6,0,303,1
EXP-01500,SIN_DATO,ALIMENTOS,Juzgado_3_Familia,2024,2.2,0.95,9,1,447,1
EXP-01501,CAICEDONIA,VIF,Juzgado_Penal_Municipal_2,2024,1.28,1.05,3,0,222,1
EXP-01502,CALI,VIF,Juzgado_Penal_Municipal_1,2021,70.34,1.25,2,0,314,0
EXP-01503,SEVILLA,ALIMENTOS,Juzgado_2_Familia,2023,1.62,1.2,1,0,329,1
EXP-01504,CALI,ALIMENTOS,Juzgado_Penal_Municipal_2,2020,70.34,1.05,9,0,537,1
EXP-01505,GUACARI,HURTO_PATRIMONIAL,Juzgado_3_Familia,2024,1.48,0.95,6,1,458,1
EXP-01506,CARTAGO,HURTO_PATRIMONIAL,Comisaria_2_Familia,2021,5.56,0.9,2,1,405,1
EXP-01507,CALI,ALIMENTOS,Comisaria_1_Familia,2023,70.34,1.1,7,0,484,1
EXP-01508,EL AGUILA,ALIMENTOS,Juzgado_1_Familia,2020,0.1666666666666666,1.35,12,0,426,1
EXP-01509,CANDELARIA,HURTO_PATRIMONIAL,Juzgado_Penal_Municipal_1,2024,3.08,1.25,7,0,397,1
EXP-01510,CALI,SUSTANCIAS,Comisaria_1_Familia,2022,70.34,1.1,1,0,410,1
EXP-01511,DAGUA,HURTO_PATRIMONIAL,Juzgado_1_Familia,2022,1.3666666666666665,1.35,4,0,482,1
EXP-01512,CALI,ALIMENTOS,Juzgado_Penal_Municipal_1,2022,70.34,1.25,11,0,594,1
EXP-01513,LA UNION,HURTO_PATRIMONIAL,Juzgado_Penal_Municipal_1,2022,0.575,1.25,1,0,327,1
EXP-01514,BUENAVENTURA,HURTO_PATRIMONIAL,Juzgado_2_Familia,2023,3.34,1.2,6,0,416,1
EXP-01515,OBANDO,ALIMENTOS,Juzgado_Penal_Municipal_2,2024,0.38,1.05,2,1,409,1
EXP-01516,CALI,VIF,Juzgado_1_Familia,2023,70.34,1.35,1,0,484,1
EXP-01517,BOLIVAR,VIF,Juzgado_1_Familia,2021,0.2333333333333333,1.35,3,0,250,1
EXP-01518,GINEBRA,ALIMENTOS,Juzgado_3_Familia,2020,0.6,0.95,4,0,292,1
EXP-01519,CALI,VIF,Juzgado_1_Familia,2020,70.34,1.35,5,0,465,1
EXP-01520,PALMIRA,ALIMENTOS,Comisaria_1_Familia,2024,11.54,1.1,5,0,150,0
EXP-01521,LA CUMBRE,ALIMENTOS,Comisaria_2_Familia,2024,0.24,0.9,7,0,232,1
EXP-01522,CALI,ALIMENTOS,Comisaria_2_Familia,2024,70.34,0.9,1,1,368,0
EXP-01523,BOLIVAR,ALIMENTOS,Juzgado_Penal_Municipal_2,2021,0.2333333333333333,1.05,10,1,499,1
EXP-01524,CALIMA,VIF,Juzgado_2_Familia,2023,0.3199999999999999,1.2,6,0,271,1
EXP-01525,CALI,ALIMENTOS,Juzgado_1_Familia,2024,70.34,1.35,1,0,562,1
EXP-01526,TULUA,SUSTANCIAS,Comisaria_2_Familia,2024,3.34,0.9,2,0,154,0
EXP-01527,BUENAVENTURA,VIF,Juzgado_Penal_Municipal_1,2024,3.34,1.25,8,0,288,1
EXP-01528,ARGELIA,SUSTANCIAS,Juzgado_Penal_Municipal_1,2022,0.2,1.25,1,0,201,0
EXP-01529,CALI,ALIMENTOS,Comisaria_2_Familia,2024,70.34,0.9,10,0,491,1
EXP-01530,JAMUNDI,ALIMENTOS,Juzgado_2_Familia,2021,2.64,1.2,3,0,342,1
EXP-01531,PALMIRA,VIF,Juzgado_3_Familia,2023,11.54,0.95,5,0,243,1
EXP-01532,CALI,VIF,Comisaria_2_Familia,2020,70.34,0.9,6,0,393,1
EXP-01533,BOLIVAR,ALIMENTOS,Juzgado_3_Familia,2023,0.2333333333333333,0.95,4,1,442,1
EXP-01534,CARTAGO,VIF,Juzgado_Penal_Municipal_2,2024,5.56,1.05,2,0,237,1
EXP-01535,SIN_DATO,SUSTANCIAS,Juzgado_1_Familia,2021,2.2,1.35,3,0,293,1
EXP-01536,GUACARI,VIF,Juzgado_2_Familia,2024,1.48,1.2,8,0,290,1
EXP-01537,CALI,HURTO_PATRIMONIAL,Juzgado_3_Familia,2024,70.34,0.95,8,0,527,1
EXP-01538,CALI,VIF,Comisaria_2_Familia,2020,70.34,0.9,4,0,395,1
EXP-01539,ALCALA,HURTO_PATRIMONIAL,Juzgado_1_Familia,2021,0.22,1.35,3,0,372,1
EXP-01540,CARTAGO,VIF,Juzgado_3_Familia,2022,5.56,0.95,2,0,214,1
EXP-01541,LA VICTORIA,ALIMENTOS,Juzgado_1_Familia,2023,0.1666666666666666,1.35,1,0,325,1
EXP-01542,PALMIRA,ALIMENTOS,Comisaria_2_Familia,2024,11.54,0.9,2,1,400,1
EXP-01543,YUMBO,VIF,Comisaria_2_Familia,2023,3.5,0.9,5,0,138,0
EXP-01544,GINEBRA,ALIMENTOS,Juzgado_2_Familia,2021,0.6,1.2,4,1,423,1
EXP-01545,CALIMA,ALIMENTOS,Juzgado_3_Familia,2023,0.3199999999999999,0.95,7,0,300,1
EXP-01546,CAICEDONIA,SUSTANCIAS,Juzgado_2_Familia,2022,1.28,1.2,4,0,265,1
EXP-01547,SAN PEDRO,HURTO_PATRIMONIAL,Juzgado_2_Familia,2024,0.3,1.2,1,0,313,1
EXP-01548,TULUA,HURTO_PATRIMONIAL,Comisaria_1_Familia,2023,3.34,1.1,7,0,176,0
EXP-01549,PALMIRA,ALIMENTOS,Juzgado_Penal_Municipal_2,2022,11.54,1.05,3,0,271,0
EXP-01550,GUACARI,SUSTANCIAS,Juzgado_Penal_Municipal_2,2023,1.48,1.05,3,0,228,1
EXP-01551,PALMIRA,ALIMENTOS,Juzgado_1_Familia,2022,11.54,1.35,3,1,525,1
EXP-01552,JAMUNDI,HURTO_PATRIMONIAL,Juzgado_2_Familia,2024,2.64,1.2,6,0,383,1
EXP-01553,ROLDANILLO,ALIMENTOS,Juzgado_3_Familia,2023,1.26,0.95,6,1,419,1
EXP-01554,PALMIRA,VIF,Comisaria_2_Familia,2022,11.54,0.9,3,0,203,1
EXP-01555,CAICEDONIA,VIF,Juzgado_2_Familia,2022,1.28,1.2,1,0,210,1
EXP-01556,DAGUA,HURTO_PATRIMONIAL,Juzgado_Penal_Municipal_2,2022,1.3666666666666665,1.05,8,1,530,1
EXP-01557,ZARZAL,ALIMENTOS,Comisaria_1_Familia,2024,1.12,1.1,3,0,233,1
EXP-01558,PALMIRA,SUSTANCIAS,Juzgado_3_Familia,2022,11.54,0.95,3,0,212,0
EXP-01559,CALI,VIF,Comisaria_1_Familia,2022,70.34,1.1,1,0,412,1
EXP-01560,SIN_DATO,SUSTANCIAS,Juzgado_Penal_Municipal_2,2022,2.2,1.05,3,0,227,1
EXP-01561,LA UNION,VIF,Juzgado_Penal_Municipal_1,2021,0.575,1.25,1,0,258,1
EXP-01562,YUMBO,VIF,Juzgado_1_Familia,2023,3.5,1.35,11,0,360,1
EXP-01563,DAGUA,SUSTANCIAS,Comisaria_2_Familia,2024,1.3666666666666665,0.9,6,0,146,0
EXP-01564,GUADALAJARA DE BUGA,SUSTANCIAS,Comisaria_2_Familia,2023,6.6,0.9,1,0,214,1
EXP-01565,CALI,ALIMENTOS,Juzgado_Penal_Municipal_2,2021,70.34,1.05,1,1,630,1
EXP-01566,CALI,VIF,Comisaria_2_Familia,2024,70.34,0.9,5,0,415,1
EXP-01567,BUENAVENTURA,HURTO_PATRIMONIAL,Juzgado_Penal_Municipal_1,2024,3.34,1.25,1,0,237,0
EXP-01568,ARGELIA,VIF,Comisaria_2_Familia,2023,0.2,0.9,4,0,195,1
EXP-01569,TULUA,VIF,Juzgado_1_Familia,2024,3.34,1.35,1,0,263,1
EXP-01570,EL AGUILA,VIF,Juzgado_1_Familia,2023,0.1666666666666666,1.35,4,0,318,1
EXP-01571,BUENAVENTURA,HURTO_PATRIMONIAL,Comisaria_1_Familia,2023,3.34,1.1,12,0,408,1
EXP-01572,PALMIRA,ALIMENTOS,Juzgado_3_Familia,2024,11.54,0.95,5,0,321,1
EXP-01573,EL AGUILA,ALIMENTOS,Juzgado_Penal_Municipal_1,2021,0.1666666666666666,1.25,2,0,265,1
EXP-01574,CALI,VIF,Comisaria_1_Familia,2024,70.34,1.1,1,0,264,0
EXP-01575,ZARZAL,VIF,Comisaria_2_Familia,2024,1.12,0.9,1,0,168,1
EXP-01576,BUENAVENTURA,VIF,Juzgado_2_Familia,2024,3.34,1.2,9,0,287,1
EXP-01577,SEVILLA,HURTO_PATRIMONIAL,Juzgado_Penal_Municipal_1,2024,1.62,1.25,1,0,367,1
EXP-01578,YUMBO,HURTO_PATRIMONIAL,Juzgado_3_Familia,2024,3.5,0.95,3,0,290,1
EXP-01579,CARTAGO,ALIMENTOS,Juzgado_2_Familia,2024,5.56,1.2,5,1,337,0
EXP-01580,GUADALAJARA DE BUGA,ALIMENTOS,Juzgado_Penal_Municipal_2,2024,6.6,1.05,2,0,249,1
EXP-01581,CALI,SUSTANCIAS,Juzgado_2_Familia,2024,70.34,1.2,8,0,497,1
EXP-01582,SEVILLA,ALIMENTOS,Comisaria_1_Familia,2024,1.62,1.1,2,0,317,1
EXP-01583,TULUA,ALIMENTOS,Juzgado_Penal_Municipal_1,2020,3.34,1.25,1,0,314,1
EXP-01584,SIN_DATO,ALIMENTOS,Juzgado_2_Familia,2023,2.2,1.2,8,1,480,1
EXP-01585,JAMUNDI,VIF,Juzgado_Penal_Municipal_1,2024,2.64,1.25,3,0,257,1
EXP-01586,GUADALAJARA DE BUGA,VIF,Comisaria_2_Familia,2023,6.6,0.9,6,0,223,1
EXP-01587,OBANDO,VIF,Comisaria_1_Familia,2021,0.38,1.1,3,0,187,0
EXP-01588,CALI,VIF,Juzgado_2_Familia,2022,70.34,1.2,1,0,433,1
EXP-01589,GUACARI,HURTO_PATRIMONIAL,Comisaria_2_Familia,2021,1.48,0.9,1,1,436,1
EXP-01590,CALI,VIF,Comisaria_2_Familia,2023,70.34,0.9,1,0,347,1
EXP-01591,CANDELARIA,ALIMENTOS,Juzgado_Penal_Municipal_1,2020,3.08,1.25,8,0,369,1
EXP-01592,BUENAVENTURA,VIF,Juzgado_Penal_Municipal_1,2022,3.34,1.25,3,0,258,1
EXP-01593,SIN_DATO,VIF,Juzgado_3_Familia,2023,2.2,0.95,4,0,182,1
EXP-01594,CALI,HURTO_PATRIMONIAL,Juzgado_2_Familia,2022,70.34,1.2,3,0,575,1
EXP-01595,SIN_DATO,ALIMENTOS,Juzgado_Penal_Municipal_1,2023,2.2,1.25,6,0,158,0
EXP-01596,EL CERRITO,HURTO_PATRIMONIAL,Juzgado_1_Familia,2021,1.1,1.35,1,1,376,0
EXP-01597,CARTAGO,ALIMENTOS,Comisaria_1_Familia,2023,5.56,1.1,3,1,459,1
EXP-01598,TRUJILLO,ALIMENTOS,Juzgado_1_Familia,2023,0.225,1.35,8,0,360,1
EXP-01599,CALI,VIF,Juzgado_Penal_Municipal_2,2022,70.34,1.05,15,0,385,0
EXP-01600,CALI,ALIMENTOS,Juzgado_3_Familia,2024,70.34,0.95,3,0,462,1
EXP-01601,CALI,VIF,Comisaria_2_Familia,2023,70.34,0.9,3,0,395,1
EXP-01602,CALI,ALIMENTOS,Juzgado_1_Familia,2022,70.34,1.35,1,0,420,0
EXP-01603,CALI,VIF,Juzgado_2_Familia,2021,70.34,1.2,4,0,381,0
EXP-01604,LA VICTORIA,HURTO_PATRIMONIAL,Juzgado_Penal_Municipal_2,2020,0.1666666666666666,1.05,5,0,197,0
EXP-01605,SIN_DATO,VIF,Juzgado_Penal_Municipal_1,2024,2.2,1.25,1,0,235,1
EXP-01606,BUGALAGRANDE,ALIMENTOS,Juzgado_1_Familia,2023,0.2799999999999999,1.35,1,0,324,1
EXP-01607,CAICEDONIA,SUSTANCIAS,Juzgado_Penal_Municipal_2,2024,1.28,1.05,4,0,279,1
EXP-01608,YUMBO,VIF,Juzgado_Penal_Municipal_1,2020,3.5,1.25,7,0,269,1
EXP-01609,EL CERRITO,VIF,Juzgado_3_Familia,2023,1.1,0.95,8,0,187,0
EXP-01610,SAN PEDRO,SUSTANCIAS,Juzgado_2_Familia,2024,0.3,1.2,1,0,264,1
EXP-01611,CARTAGO,VIF,Juzgado_Penal_Municipal_1,2022,5.56,1.25,3,0,240,1
EXP-01612,BUGALAGRANDE,VIF,Juzgado_3_Familia,2021,0.2799999999999999,0.95,10,0,241,1
EXP-01613,CALI,ALIMENTOS,Comisaria_2_Familia,2023,70.34,0.9,1,0,436,1
EXP-01614,PALMIRA,ALIMENTOS,Juzgado_Penal_Municipal_2,2023,11.54,1.05,5,1,432,1
EXP-01615,BOLIVAR,VIF,Comisaria_2_Familia,2021,0.2333333333333333,0.9,4,0,181,1
EXP-01616,DAGUA,SUSTANCIAS,Juzgado_3_Familia,2021,1.3666666666666665,0.95,6,0,225,1
EXP-01617,PALMIRA,ALIMENTOS,Juzgado_Penal_Municipal_2,2021,11.54,1.05,5,1,481,1
EXP-01618,EL AGUILA,ALIMENTOS,Juzgado_Penal_Municipal_1,2022,0.1666666666666666,1.25,1,0,332,1
EXP-01619,EL DOVIO,SUSTANCIAS,Juzgado_3_Familia,2022,0.1,0.95,3,0,226,1
EXP-01620,EL CERRITO,VIF,Comisaria_2_Familia,2024,1.1,0.9,3,0,197,1
EXP-01621,SEVILLA,ALIMENTOS,Comisaria_2_Familia,2023,1.62,0.9,1,0,166,0
EXP-01622,CAICEDONIA,HURTO_PATRIMONIAL,Juzgado_Penal_Municipal_2,2022,1.28,1.05,5,0,210,0
EXP-01623,YUMBO,HURTO_PATRIMONIAL,Juzgado_1_Familia,2024,3.5,1.35,12,1,595,1
EXP-01624,SAN PEDRO,SUSTANCIAS,Juzgado_3_Familia,2023,0.3,0.95,7,0,265,1
EXP-01625,EL DOVIO,ALIMENTOS,Juzgado_Penal_Municipal_1,2022,0.1,1.25,1,1,469,1
EXP-01626,DAGUA,VIF,Juzgado_1_Familia,2022,1.3666666666666665,1.35,2,0,163,0
EXP-01627,ANSERMANUEVO,HURTO_PATRIMONIAL,Juzgado_2_Familia,2022,0.2,1.2,1,0,352,1
EXP-01628,CALI,ALIMENTOS,Juzgado_3_Familia,2023,70.34,0.95,1,1,616,1
EXP-01629,CALI,VIF,Comisaria_1_Familia,2024,70.34,1.1,1,0,425,1
EXP-01630,CARTAGO,HURTO_PATRIMONIAL,Juzgado_1_Familia,2022,5.56,1.35,4,0,310,0
EXP-01631,OBANDO,VIF,Juzgado_2_Familia,2021,0.38,1.2,2,0,163,0
EXP-01632,VERSALLES,VIF,Comisaria_1_Familia,2024,0.1333333333333333,1.1,23,0,403,1
EXP-01633,SEVILLA,SUSTANCIAS,Juzgado_3_Familia,2020,1.62,0.95,1,0,129,0
EXP-01634,YOTOCO,ALIMENTOS,Comisaria_2_Familia,2020,0.58,0.9,1,0,171,1
EXP-01635,EL CERRITO,SUSTANCIAS,Juzgado_Penal_Municipal_2,2024,1.1,1.05,10,0,265,1
EXP-01636,CALI,VIF,Comisaria_1_Familia,2022,70.34,1.1,10,0,474,1
EXP-01637,CALI,VIF,Juzgado_Penal_Municipal_1,2021,70.34,1.25,3,0,424,1
EXP-01638,SIN_DATO,VIF,Juzgado_Penal_Municipal_2,2023,2.2,1.05,3,0,217,1
EXP-01639,CALI,VIF,Juzgado_2_Familia,2022,70.34,1.2,6,0,347,0
EXP-01640,CALI,ALIMENTOS,Comisaria_1_Familia,2024,70.34,1.1,4,1,648,1
EXP-01641,CALI,HURTO_PATRIMONIAL,Comisaria_1_Familia,2024,70.34,1.1,13,1,615,0
EXP-01642,CALI,ALIMENTOS,Juzgado_3_Familia,2022,70.34,0.95,4,0,470,1
EXP-01643,PALMIRA,ALIMENTOS,Juzgado_Penal_Municipal_2,2023,11.54,1.05,8,1,504,1
EXP-01644,PRADERA,SUSTANCIAS,Juzgado_Penal_Municipal_2,2023,0.72,1.05,2,0,227,1
EXP-01645,PALMIRA,HURTO_PATRIMONIAL,Juzgado_Penal_Municipal_1,2023,11.54,1.25,3,0,228,0
EXP-01646,CALI,ALIMENTOS,Comisaria_1_Familia,2020,70.34,1.1,4,0,539,1
EXP-01647,TULUA,HURTO_PATRIMONIAL,Juzgado_Penal_Municipal_2,2022,3.34,1.05,4,1,473,1
EXP-01648,CALIMA,HURTO_PATRIMONIAL,Juzgado_1_Familia,2023,0.3199999999999999,1.35,2,1,507,1
EXP-01649,CANDELARIA,ALIMENTOS,Juzgado_2_Familia,2022,3.08,1.2,6,1,499,1
EXP-01650,PALMIRA,VIF,Juzgado_Penal_Municipal_2,2023,11.54,1.05,3,0,269,1
EXP-01651,CALI,VIF,Juzgado_Penal_Municipal_2,2023,70.34,1.05,8,0,442,1
EXP-01652,ROLDANILLO,VIF,Juzgado_1_Familia,2023,1.26,1.35,2,0,250,1
EXP-01653,RIOFRIO,VIF,Comisaria_1_Familia,2024,0.175,1.1,8,0,247,1
EXP-01654,CARTAGO,VIF,Juzgado_Penal_Municipal_2,2021,5.56,1.05,1,0,208,1
EXP-01655,FLORIDA,HURTO_PATRIMONIAL,Juzgado_Penal_Municipal_2,2023,0.8,1.05,2,0,309,1
EXP-01656,ALCALA,VIF,Juzgado_2_Familia,2023,0.22,1.2,2,0,71,0
EXP-01657,GUACARI,ALIMENTOS,Juzgado_Penal_Municipal_1,2024,1.48,1.25,5,0,335,1
EXP-01658,CAICEDONIA,VIF,Juzgado_3_Familia,2024,1.28,0.95,2,0,191,1
EXP-01659,CALI,VIF,Juzgado_3_Familia,2023,70.34,0.95,2,0,409,1
EXP-01660,TORO,VIF,Juzgado_3_Familia,2024,0.1333333333333333,0.95,13,0,244,1
EXP-01661,CANDELARIA,HURTO_PATRIMONIAL,Comisaria_1_Familia,2024,3.08,1.1,5,1,492,1
EXP-01662,VERSALLES,VIF,Juzgado_Penal_Municipal_1,2024,0.1333333333333333,1.25,1,0,228,1
EXP-01663,BOLIVAR,ALIMENTOS,Comisaria_2_Familia,2023,0.2333333333333333,0.9,11,1,224,0
EXP-01664,GINEBRA,ALIMENTOS,Juzgado_2_Familia,2021,0.6,1.2,3,1,430,1
EXP-01665,CALI,VIF,Juzgado_2_Familia,2022,70.34,1.2,1,0,420,1
EXP-01666,CALI,VIF,Juzgado_3_Familia,2022,70.34,0.95,4,0,421,1
EXP-01667,CARTAGO,HURTO_PATRIMONIAL,Juzgado_3_Familia,2023,5.56,0.95,1,1,419,1
EXP-01668,PALMIRA,VIF,Comisaria_1_Familia,2023,11.54,1.1,2,0,266,1
EXP-01669,DAGUA,VIF,Juzgado_3_Familia,2023,1.3666666666666665,0.95,4,0,118,0
EXP-01670,SIN_DATO,ALIMENTOS,Juzgado_1_Familia,2020,2.2,1.35,1,0,311,1
EXP-01671,TULUA,ALIMENTOS,Juzgado_1_Familia,2024,3.34,1.35,9,0,446,1
EXP-01672,PALMIRA,HURTO_PATRIMONIAL,Juzgado_2_Familia,2022,11.54,1.2,3,0,352,1
EXP-01673,CARTAGO,VIF,Juzgado_Penal_Municipal_1,2021,5.56,1.25,2,0,242,1
EXP-01674,CAICEDONIA,ALIMENTOS,Juzgado_2_Familia,2021,1.28,1.2,14,1,513,1
EXP-01675,CALIMA,VIF,Comisaria_1_Familia,2023,0.3199999999999999,1.1,1,0,198,1
EXP-01676,CALI,ALIMENTOS,Juzgado_Penal_Municipal_2,2022,70.34,1.05,2,0,234,0
EXP-01677,BOLIVAR,SUSTANCIAS,Juzgado_1_Familia,2021,0.2333333333333333,1.35,1,0,275,1
EXP-01678,TULUA,VIF,Comisaria_1_Familia,2022,3.34,1.1,2,0,223,1
EXP-01679,BUENAVENTURA,ALIMENTOS,Juzgado_3_Familia,2023,3.34,0.95,3,0,258,1
EXP-01680,SEVILLA,VIF,Juzgado_2_Familia,2020,1.62,1.2,1,0,147,0
EXP-01681,EL CERRITO,VIF,Juzgado_Penal_Municipal_1,2024,1.1,1.25,3,0,138,0
EXP-01682,CARTAGO,VIF,Juzgado_Penal_Municipal_2,2021,5.56,1.05,10,0,215,0
EXP-01683,SEVILLA,SUSTANCIAS,Comisaria_2_Familia,2023,1.62,0.9,1,0,185,1
EXP-01684,CARTAGO,ALIMENTOS,Juzgado_3_Familia,2024,5.56,0.95,1,0,245,1
EXP-01685,GUADALAJARA DE BUGA,VIF,Juzgado_2_Familia,2022,6.6,1.2,22,0,403,1
EXP-01686,LA UNION,ALIMENTOS,Comisaria_1_Familia,2020,0.575,1.1,6,0,299,1
EXP-01687,OBANDO,ALIMENTOS,Juzgado_2_Familia,2021,0.38,1.2,8,0,348,1
EXP-01688,GUADALAJARA DE BUGA,ALIMENTOS,Juzgado_Penal_Municipal_1,2021,6.6,1.25,5,0,340,1
EXP-01689,GUACARI,VIF,Comisaria_2_Familia,2022,1.48,0.9,1,0,169,1
EXP-01690,CALI,SUSTANCIAS,Juzgado_2_Familia,2022,70.34,1.2,1,0,425,1
EXP-01691,LA VICTORIA,VIF,Comisaria_2_Familia,2024,0.1666666666666666,0.9,6,0,193,1
EXP-01692,DAGUA,ALIMENTOS,Juzgado_3_Familia,2021,1.3666666666666665,0.95,3,0,246,1
EXP-01693,CALI,ALIMENTOS,Comisaria_2_Familia,2020,70.34,0.9,3,0,462,1
EXP-01694,CARTAGO,ALIMENTOS,Juzgado_Penal_Municipal_1,2022,5.56,1.25,7,0,357,1
EXP-01695,RIOFRIO,ALIMENTOS,Juzgado_2_Familia,2020,0.175,1.2,2,0,300,1
EXP-01696,ROLDANILLO,VIF,Juzgado_Penal_Municipal_2,2022,1.26,1.05,10,0,240,0
EXP-01697,JAMUNDI,HURTO_PATRIMONIAL,Comisaria_2_Familia,2022,2.64,0.9,5,0,306,1
EXP-01698,BOLIVAR,VIF,Comisaria_2_Familia,2023,0.2333333333333333,0.9,1,0,187,1
EXP-01699,GUACARI,VIF,Juzgado_2_Familia,2024,1.48,1.2,2,0,236,1
EXP-01700,PRADERA,SUSTANCIAS,Juzgado_1_Familia,2024,0.72,1.35,3,0,193,0
EXP-01701,YUMBO,ALIMENTOS,Juzgado_Penal_Municipal_1,2023,3.5,1.25,4,1,447,1
EXP-01702,EL AGUILA,VIF,Juzgado_2_Familia,2023,0.1666666666666666,1.2,4,0,269,1
EXP-01703,GUADALAJARA DE BUGA,HURTO_PATRIMONIAL,Juzgado_Penal_Municipal_1,2024,6.6,1.25,8,1,568,1
EXP-01704,TULUA,ALIMENTOS,Juzgado_Penal_Municipal_2,2021,3.34,1.05,1,0,265,1
EXP-01705,ZARZAL,ALIMENTOS,Juzgado_Penal_Municipal_2,2024,1.12,1.05,2,0,296,1
EXP-01706,CALI,ALIMENTOS,Juzgado_3_Familia,2022,70.34,0.95,2,1,614,1
EXP-01707,SIN_DATO,VIF,Juzgado_2_Familia,2021,2.2,1.2,1,0,169,0
EXP-01708,RESTREPO,VIF,Juzgado_3_Familia,2023,0.24,0.95,1,0,182,1
EXP-01709,PRADERA,HURTO_PATRIMONIAL,Comisaria_2_Familia,2023,0.72,0.9,5,0,295,1
EXP-01710,TULUA,HURTO_PATRIMONIAL,Juzgado_3_Familia,2022,3.34,0.95,2,0,148,0
EXP-01711,CALI,HURTO_PATRIMONIAL,Juzgado_Penal_Municipal_2,2022,70.34,1.05,3,0,492,1
EXP-01712,OBANDO,HURTO_PATRIMONIAL,Comisaria_1_Familia,2024,0.38,1.1,1,1,435,1
EXP-01713,YUMBO,VIF,Comisaria_1_Familia,2023,3.5,1.1,7,0,257,1
EXP-01714,ANSERMANUEVO,SUSTANCIAS,Comisaria_2_Familia,2023,0.2,0.9,1,0,183,1
EXP-01715,BOLIVAR,SUSTANCIAS,Juzgado_Penal_Municipal_1,2024,0.2333333333333333,1.25,1,0,274,1
EXP-01716,SIN_DATO,VIF,Juzgado_2_Familia,2024,2.2,1.2,3,0,244,1
EXP-01717,SIN_DATO,VIF,Juzgado_Penal_Municipal_2,2023,2.2,1.05,2,0,207,1
EXP-01718,BUENAVENTURA,VIF,Comisaria_2_Familia,2022,3.34,0.9,9,0,248,1
EXP-01719,SEVILLA,ALIMENTOS,Juzgado_Penal_Municipal_1,2023,1.62,1.25,1,0,319,1
EXP-01720,ALCALA,VIF,Juzgado_2_Familia,2023,0.22,1.2,2,0,232,1
EXP-01721,CALI,ALIMENTOS,Juzgado_3_Familia,2024,70.34,0.95,5,0,450,1
EXP-01722,GUADALAJARA DE BUGA,ALIMENTOS,Juzgado_Penal_Municipal_1,2022,6.6,1.25,4,0,227,0
EXP-01723,VIJES,VIF,Juzgado_Penal_Municipal_1,2023,0.175,1.25,2,0,221,1
EXP-01724,SIN_DATO,ALIMENTOS,Juzgado_2_Familia,2023,2.2,1.2,8,0,319,1
EXP-01725,SIN_DATO,VIF,Comisaria_1_Familia,2021,2.2,1.1,7,0,249,1
EXP-01726,CALI,ALIMENTOS,Juzgado_1_Familia,2023,70.34,1.35,3,0,588,1
EXP-01727,GUACARI,ALIMENTOS,Juzgado_Penal_Municipal_1,2022,1.48,1.25,3,1,451,1
EXP-01728,ANSERMANUEVO,ALIMENTOS,Juzgado_Penal_Municipal_1,2021,0.2,1.25,8,1,543,1
EXP-01729,EL CERRITO,VIF,Juzgado_Penal_Municipal_1,2021,1.1,1.25,8,0,270,1
EXP-01730,FLORIDA,HURTO_PATRIMONIAL,Comisaria_1_Familia,2022,0.8,1.1,5,0,378,1
EXP-01731,ZARZAL,VIF,Juzgado_Penal_Municipal_2,2022,1.12,1.05,9,0,252,1
EXP-01732,BUENAVENTURA,HURTO_PATRIMONIAL,Juzgado_Penal_Municipal_2,2024,3.34,1.05,3,0,188,0
EXP-01733,CALI,SUSTANCIAS,Juzgado_2_Familia,2024,70.34,1.2,8,0,514,1
EXP-01734,BUENAVENTURA,HURTO_PATRIMONIAL,Comisaria_2_Familia,2024,3.34,0.9,4,0,249,1
EXP-01735,GINEBRA,VIF,Juzgado_Penal_Municipal_1,2020,0.6,1.25,7,0,276,1
EXP-01736,CALI,VIF,Juzgado_Penal_Municipal_2,2022,70.34,1.05,1,0,282,0
EXP-01737,YUMBO,HURTO_PATRIMONIAL,Juzgado_Penal_Municipal_2,2024,3.5,1.05,4,0,335,1
EXP-01738,GUADALAJARA DE BUGA,VIF,Comisaria_1_Familia,2020,6.6,1.1,3,0,100,0
EXP-01739,CALI,VIF,Comisaria_2_Familia,2021,70.34,0.9,1,0,352,1
EXP-01740,FLORIDA,VIF,Juzgado_3_Familia,2023,0.8,0.95,3,0,176,1
EXP-01741,CANDELARIA,ALIMENTOS,Comisaria_1_Familia,2023,3.08,1.1,5,1,410,1
EXP-01742,CALI,ALIMENTOS,Juzgado_3_Familia,2024,70.34,0.95,1,0,468,1
EXP-01743,CAICEDONIA,HURTO_PATRIMONIAL,Juzgado_3_Familia,2022,1.28,0.95,4,1,476,1
EXP-01744,ROLDANILLO,ALIMENTOS,Juzgado_1_Familia,2022,1.26,1.35,6,1,524,1
EXP-01745,GUACARI,ALIMENTOS,Juzgado_Penal_Municipal_2,2024,1.48,1.05,1,0,293,1
EXP-01746,ROLDANILLO,VIF,Comisaria_1_Familia,2020,1.26,1.1,8,0,243,1
EXP-01747,OBANDO,HURTO_PATRIMONIAL,Comisaria_1_Familia,2022,0.38,1.1,5,0,374,1
EXP-01748,ROLDANILLO,ALIMENTOS,Juzgado_3_Familia,2023,1.26,0.95,7,0,284,1
EXP-01749,FLORIDA,ALIMENTOS,Comisaria_1_Familia,2022,0.8,1.1,2,0,149,0
EXP-01750,BUENAVENTURA,VIF,Juzgado_2_Familia,2022,3.34,1.2,5,0,225,1
EXP-01751,EL AGUILA,VIF,Comisaria_1_Familia,2021,0.1666666666666666,1.1,1,0,191,1
EXP-01752,CALI,VIF,Juzgado_3_Familia,2023,70.34,0.95,1,0,381,1
EXP-01753,DAGUA,VIF,Comisaria_2_Familia,2024,1.3666666666666665,0.9,6,0,201,1
EXP-01754,SEVILLA,ALIMENTOS,Juzgado_Penal_Municipal_2,2023,1.62,1.05,4,0,252,1
EXP-01755,CALI,ALIMENTOS,Comisaria_2_Familia,2024,70.34,0.9,5,1,668,1
EXP-01756,ARGELIA,HURTO_PATRIMONIAL,Comisaria_1_Familia,2023,0.2,1.1,9,1,509,1
EXP-01757,CANDELARIA,VIF,Comisaria_1_Familia,2020,3.08,1.1,4,0,235,1
EXP-01758,JAMUNDI,ALIMENTOS,Juzgado_Penal_Municipal_1,2021,2.64,1.25,1,1,271,0
EXP-01759,CALI,VIF,Juzgado_2_Familia,2020,70.34,1.2,5,0,463,1
EXP-01760,CALI,VIF,Comisaria_2_Familia,2022,70.34,0.9,2,0,374,1
EXP-01761,CARTAGO,HURTO_PATRIMONIAL,Juzgado_Penal_Municipal_2,2020,5.56,1.05,2,1,431,1
EXP-01762,BUENAVENTURA,HURTO_PATRIMONIAL,Juzgado_Penal_Municipal_2,2022,3.34,1.05,4,1,478,1
EXP-01763,YUMBO,SUSTANCIAS,Comisaria_2_Familia,2023,3.5,0.9,15,0,298,1
EXP-01764,DAGUA,ALIMENTOS,Comisaria_1_Familia,2021,1.3666666666666665,1.1,1,0,303,1
EXP-01765,YUMBO,ALIMENTOS,Comisaria_1_Familia,2022,3.5,1.1,1,0,260,1
EXP-01766,YUMBO,VIF,Juzgado_1_Familia,2023,3.5,1.35,7,0,298,1
EXP-01767,YUMBO,ALIMENTOS,Comisaria_2_Familia,2022,3.5,0.9,1,0,235,1
EXP-01768,TRUJILLO,ALIMENTOS,Juzgado_Penal_Municipal_1,2023,0.225,1.25,5,1,464,1
EXP-01769,BOLIVAR,SUSTANCIAS,Juzgado_Penal_Municipal_2,2022,0.2333333333333333,1.05,2,0,198,1
EXP-01770,BUENAVENTURA,VIF,Juzgado_Penal_Municipal_2,2024,3.34,1.05,5,0,263,1
EXP-01771,DAGUA,VIF,Juzgado_2_Familia,2024,1.3666666666666665,1.2,6,0,294,1
EXP-01772,JAMUNDI,HURTO_PATRIMONIAL,Juzgado_Penal_Municipal_2,2023,2.64,1.05,7,0,360,1
EXP-01773,EL CERRITO,ALIMENTOS,Comisaria_2_Familia,2021,1.1,0.9,9,1,454,1
EXP-01774,CALI,ALIMENTOS,Juzgado_3_Familia,2024,70.34,0.95,1,0,438,1
EXP-01775,PALMIRA,VIF,Juzgado_3_Familia,2023,11.54,0.95,6,0,236,1
EXP-01776,JAMUNDI,ALIMENTOS,Juzgado_Penal_Municipal_2,2022,2.64,1.05,10,0,332,1
EXP-01777,TULUA,VIF,Juzgado_3_Familia,2022,3.34,0.95,7,0,243,1
EXP-01778,LA UNION,VIF,Comisaria_1_Familia,2024,0.575,1.1,4,0,242,1
EXP-01779,CANDELARIA,ALIMENTOS,Comisaria_1_Familia,2023,3.08,1.1,5,1,436,1
EXP-01780,PRADERA,VIF,Comisaria_2_Familia,2023,0.72,0.9,7,0,225,1
EXP-01781,PRADERA,VIF,Comisaria_2_Familia,2023,0.72,0.9,2,0,195,1
EXP-01782,SEVILLA,VIF,Juzgado_3_Familia,2024,1.62,0.95,2,0,200,1
EXP-01783,YUMBO,HURTO_PATRIMONIAL,Juzgado_2_Familia,2023,3.5,1.2,3,0,372,1
EXP-01784,JAMUNDI,VIF,Comisaria_2_Familia,2022,2.64,0.9,1,0,173,1
EXP-01785,OBANDO,HURTO_PATRIMONIAL,Comisaria_1_Familia,2023,0.38,1.1,7,1,493,1
EXP-01786,ZARZAL,SUSTANCIAS,Comisaria_2_Familia,2023,1.12,0.9,4,0,202,1
EXP-01787,ANDALUCIA,ALIMENTOS,Comisaria_2_Familia,2024,0.38,0.9,3,0,110,0
EXP-01788,SIN_DATO,VIF,Comisaria_1_Familia,2024,2.2,1.1,2,0,209,1
EXP-01789,ROLDANILLO,ALIMENTOS,Juzgado_2_Familia,2024,1.26,1.2,5,1,488,1
EXP-01790,LA UNION,VIF,Juzgado_Penal_Municipal_1,2023,0.575,1.25,10,0,304,1
EXP-01791,ZARZAL,ALIMENTOS,Juzgado_3_Familia,2022,1.12,0.95,4,0,246,1
EXP-01792,DAGUA,HURTO_PATRIMONIAL,Juzgado_3_Familia,2020,1.3666666666666665,0.95,1,1,408,1
EXP-01793,CALI,VIF,Juzgado_1_Familia,2022,70.34,1.35,9,0,527,1
EXP-01794,GUADALAJARA DE BUGA,ALIMENTOS,Juzgado_Penal_Municipal_2,2023,6.6,1.05,11,0,366,1
EXP-01795,YUMBO,VIF,Juzgado_Penal_Municipal_2,2023,3.5,1.05,5,0,229,1
EXP-01796,BUENAVENTURA,VIF,Juzgado_1_Familia,2022,3.34,1.35,6,0,302,1
EXP-01797,CALI,VIF,Juzgado_2_Familia,2024,70.34,1.2,4,0,467,1
EXP-01798,FLORIDA,HURTO_PATRIMONIAL,Juzgado_2_Familia,2023,0.8,1.2,8,0,357,1
EXP-01799,CALI,ALIMENTOS,Comisaria_1_Familia,2022,70.34,1.1,8,1,414,0
EXP-01800,CANDELARIA,ALIMENTOS,Juzgado_3_Familia,2023,3.08,0.95,4,0,271,1
EXP-01801,CANDELARIA,ALIMENTOS,Juzgado_Penal_Municipal_2,2023,3.08,1.05,4,0,307,1
EXP-01802,OBANDO,VIF,Comisaria_1_Familia,2021,0.38,1.1,7,0,247,0
EXP-01803,CANDELARIA,ALIMENTOS,Juzgado_3_Familia,2023,3.08,0.95,7,0,302,1
EXP-01804,CARTAGO,ALIMENTOS,Comisaria_2_Familia,2024,5.56,0.9,1,1,388,1
EXP-01805,PALMIRA,VIF,Juzgado_3_Familia,2023,11.54,0.95,4,0,198,1
EXP-01806,EL CERRITO,SUSTANCIAS,Juzgado_3_Familia,2020,1.1,0.95,1,0,176,1
EXP-01807,FLORIDA,ALIMENTOS,Juzgado_1_Familia,2024,0.8,1.35,3,0,379,1
EXP-01808,PALMIRA,VIF,Juzgado_Penal_Municipal_2,2022,11.54,1.05,5,0,262,1
EXP-01809,RESTREPO,VIF,Comisaria_2_Familia,2023,0.24,0.9,1,0,179,1
EXP-01810,CALI,ALIMENTOS,Comisaria_1_Familia,2023,70.34,1.1,1,0,304,0
EXP-01811,ANSERMANUEVO,HURTO_PATRIMONIAL,Juzgado_Penal_Municipal_1,2020,0.2,1.25,2,1,539,1
EXP-01812,PRADERA,HURTO_PATRIMONIAL,Juzgado_2_Familia,2020,0.72,1.2,16,0,241,0
EXP-01813,FLORIDA,SUSTANCIAS,Juzgado_Penal_Municipal_1,2023,0.8,1.25,5,0,307,1
EXP-01814,CALI,VIF,Comisaria_2_Familia,2024,70.34,0.9,9,0,415,1
EXP-01815,LA UNION,VIF,Juzgado_1_Familia,2021,0.575,1.35,2,0,244,1
EXP-01816,DAGUA,VIF,Juzgado_3_Familia,2020,1.3666666666666665,0.95,2,0,191,1
EXP-01817,TRUJILLO,VIF,Comisaria_1_Familia,2022,0.225,1.1,10,0,242,1
EXP-01818,JAMUNDI,ALIMENTOS,Juzgado_1_Familia,2021,2.64,1.35,5,0,343,1
EXP-01819,GINEBRA,ALIMENTOS,Juzgado_Penal_Municipal_1,2022,0.6,1.25,12,1,544,1
EXP-01820,LA VICTORIA,VIF,Juzgado_Penal_Municipal_1,2024,0.1666666666666666,1.25,9,0,312,1
EXP-01821,CALI,VIF,Juzgado_Penal_Municipal_2,2022,70.34,1.05,9,0,474,1
EXP-01822,DAGUA,VIF,Juzgado_Penal_Municipal_2,2020,1.3666666666666665,1.05,9,0,284,1
EXP-01823,EL AGUILA,VIF,Juzgado_3_Familia,2024,0.1666666666666666,0.95,11,0,288,1
EXP-01824,DAGUA,VIF,Juzgado_1_Familia,2024,1.3666666666666665,1.35,1,0,204,0
EXP-01825,CARTAGO,ALIMENTOS,Juzgado_2_Familia,2020,5.56,1.2,6,0,338,1
EXP-01826,CALI,VIF,Juzgado_Penal_Municipal_1,2023,70.34,1.25,3,0,453,1
EXP-01827,SIN_DATO,VIF,Juzgado_Penal_Municipal_1,2023,2.2,1.25,5,0,156,0
EXP-01828,CALI,ALIMENTOS,Juzgado_Penal_Municipal_2,2023,70.34,1.05,8,1,629,1
EXP-01829,PALMIRA,ALIMENTOS,Juzgado_Penal_Municipal_1,2023,11.54,1.25,3,0,358,1
EXP-01830,TULUA,HURTO_PATRIMONIAL,Comisaria_2_Familia,2024,3.34,0.9,6,1,437,1
EXP-01831,VIJES,ALIMENTOS,Comisaria_2_Familia,2021,0.175,0.9,1,0,229,1
EXP-01832,PALMIRA,VIF,Juzgado_Penal_Municipal_1,2022,11.54,1.25,6,0,315,1
EXP-01833,PRADERA,VIF,Juzgado_Penal_Municipal_2,2024,0.72,1.05,7,0,213,1
EXP-01834,CANDELARIA,HURTO_PATRIMONIAL,Juzgado_Penal_Municipal_2,2023,3.08,1.05,6,0,201,0
EXP-01835,YUMBO,VIF,Comisaria_1_Familia,2022,3.5,1.1,4,0,275,1
EXP-01836,EL CERRITO,VIF,Juzgado_2_Familia,2023,1.1,1.2,4,0,251,1
EXP-01837,LA CUMBRE,HURTO_PATRIMONIAL,Juzgado_1_Familia,2021,0.24,1.35,8,0,241,0
EXP-01838,SEVILLA,VIF,Comisaria_1_Familia,2023,1.62,1.1,2,0,215,1
EXP-01839,BOLIVAR,VIF,Juzgado_2_Familia,2020,0.2333333333333333,1.2,12,0,300,1
EXP-01840,SIN_DATO,ALIMENTOS,Juzgado_3_Familia,2022,2.2,0.95,2,0,223,1
EXP-01841,PRADERA,ALIMENTOS,Juzgado_3_Familia,2021,0.72,0.95,6,1,394,1
EXP-01842,CAICEDONIA,VIF,Juzgado_1_Familia,2023,1.28,1.35,7,0,312,1
EXP-01843,CALI,ALIMENTOS,Juzgado_Penal_Municipal_1,2022,70.34,1.25,7,0,561,1
EXP-01844,LA UNION,SUSTANCIAS,Juzgado_2_Familia,2021,0.575,1.2,4,0,251,1
EXP-01845,CALI,VIF,Juzgado_Penal_Municipal_1,2023,70.34,1.25,2,0,458,1
EXP-01846,EL CERRITO,HURTO_PATRIMONIAL,Juzgado_Penal_Municipal_1,2023,1.1,1.25,4,1,509,1
EXP-01847,PALMIRA,HURTO_PATRIMONIAL,Juzgado_Penal_Municipal_1,2020,11.54,1.25,16,0,499,1
EXP-01848,CALI,SUSTANCIAS,Juzgado_1_Familia,2024,70.34,1.35,4,0,528,1
EXP-01849,GUADALAJARA DE BUGA,VIF,Comisaria_1_Familia,2022,6.6,1.1,6,0,234,1
EXP-01850,CALI,VIF,Comisaria_2_Familia,2022,70.34,0.9,1,0,299,0
EXP-01851,FLORIDA,ALIMENTOS,Juzgado_Penal_Municipal_1,2021,0.8,1.25,5,0,339,1
EXP-01852,BUGALAGRANDE,SUSTANCIAS,Comisaria_1_Familia,2023,0.2799999999999999,1.1,11,0,346,1
EXP-01853,CANDELARIA,VIF,Juzgado_2_Familia,2024,3.08,1.2,3,0,156,0
EXP-01854,TULUA,HURTO_PATRIMONIAL,Juzgado_2_Familia,2024,3.34,1.2,3,0,341,1
EXP-01855,DAGUA,ALIMENTOS,Comisaria_1_Familia,2024,1.3666666666666665,1.1,3,0,276,1
EXP-01856,TULUA,ALIMENTOS,Comisaria_1_Familia,2022,3.34,1.1,8,0,346,1
EXP-01857,JAMUNDI,ALIMENTOS,Juzgado_1_Familia,2022,2.64,1.35,10,1,254,0
EXP-01858,CALI,ALIMENTOS,Juzgado_Penal_Municipal_2,2023,70.34,1.05,2,0,341,0
EXP-01859,ROLDANILLO,VIF,Comisaria_1_Familia,2023,1.26,1.1,3,0,227,1
EXP-01860,GUADALAJARA DE BUGA,VIF,Juzgado_2_Familia,2024,6.6,1.2,7,0,286,1
EXP-01861,CALI,ALIMENTOS,Juzgado_Penal_Municipal_2,2021,70.34,1.05,1,1,617,1
EXP-01862,DAGUA,VIF,Comisaria_1_Familia,2024,1.3666666666666665,1.1,7,0,256,1
EXP-01863,GUACARI,ALIMENTOS,Juzgado_Penal_Municipal_1,2024,1.48,1.25,4,0,310,1
EXP-01864,JAMUNDI,VIF,Comisaria_2_Familia,2024,2.64,0.9,1,0,207,1
EXP-01865,BUGALAGRANDE,SUSTANCIAS,Juzgado_3_Familia,2024,0.2799999999999999,0.95,18,0,338,1
EXP-01866,ARGELIA,SUSTANCIAS,Juzgado_1_Familia,2023,0.2,1.35,4,0,299,1
EXP-01867,CALI,HURTO_PATRIMONIAL,Juzgado_Penal_Municipal_1,2023,70.34,1.25,12,0,692,1
EXP-01868,LA UNION,ALIMENTOS,Juzgado_1_Familia,2023,0.575,1.35,1,0,315,1
EXP-01869,CALI,VIF,Juzgado_2_Familia,2021,70.34,1.2,8,0,437,1
EXP-01870,CALI,VIF,Juzgado_1_Familia,2023,70.34,1.35,2,0,447,1
EXP-01871,VIJES,ALIMENTOS,Comisaria_2_Familia,2023,0.175,0.9,2,1,351,1
EXP-01872,BUENAVENTURA,ALIMENTOS,Comisaria_2_Familia,2023,3.34,0.9,2,0,286,1
EXP-01873,CANDELARIA,HURTO_PATRIMONIAL,Juzgado_Penal_Municipal_1,2023,3.08,1.25,1,0,399,1
EXP-01874,SEVILLA,HURTO_PATRIMONIAL,Juzgado_1_Familia,2023,1.62,1.35,2,1,536,1
EXP-01875,JAMUNDI,VIF,Juzgado_1_Familia,2023,2.64,1.35,1,0,259,1
EXP-01876,ROLDANILLO,ALIMENTOS,Juzgado_Penal_Municipal_1,2023,1.26,1.25,1,1,433,1
EXP-01877,EL AGUILA,ALIMENTOS,Juzgado_Penal_Municipal_2,2023,0.1666666666666666,1.05,5,0,301,1
EXP-01878,CALI,VIF,Juzgado_Penal_Municipal_2,2024,70.34,1.05,3,0,253,0
EXP-01879,GINEBRA,VIF,Juzgado_3_Familia,2024,0.6,0.95,5,0,203,1
EXP-01880,PALMIRA,HURTO_PATRIMONIAL,Juzgado_2_Familia,2022,11.54,1.2,2,1,239,0
EXP-01881,YOTOCO,VIF,Comisaria_2_Familia,2024,0.58,0.9,6,0,218,1
EXP-01882,CALI,VIF,Juzgado_1_Familia,2021,70.34,1.35,8,0,541,1
EXP-01883,CARTAGO,ALIMENTOS,Juzgado_Penal_Municipal_1,2024,5.56,1.25,2,1,463,1
EXP-01884,GUADALAJARA DE BUGA,ALIMENTOS,Comisaria_1_Familia,2024,6.6,1.1,3,0,304,1
EXP-01885,YUMBO,VIF,Juzgado_3_Familia,2021,3.5,0.95,1,0,186,1
EXP-01886,YOTOCO,VIF,Comisaria_1_Familia,2024,0.58,1.1,5,0,254,1
EXP-01887,PALMIRA,SUSTANCIAS,Juzgado_Penal_Municipal_2,2024,11.54,1.05,6,0,217,0
EXP-01888,BUENAVENTURA,ALIMENTOS,Comisaria_2_Familia,2024,3.34,0.9,2,0,223,1
EXP-01889,CANDELARIA,VIF,Juzgado_Penal_Municipal_1,2021,3.08,1.25,1,0,270,1
EXP-01890,GINEBRA,SUSTANCIAS,Juzgado_2_Familia,2023,0.6,1.2,1,0,127,0
EXP-01891,ROLDANILLO,HURTO_PATRIMONIAL,Juzgado_Penal_Municipal_1,2021,1.26,1.25,1,0,327,1
EXP-01892,ANDALUCIA,ALIMENTOS,Juzgado_3_Familia,2021,0.38,0.95,1,0,224,1
EXP-01893,YUMBO,VIF,Juzgado_Penal_Municipal_2,2021,3.5,1.05,1,0,192,1
EXP-01894,PALMIRA,VIF,Comisaria_2_Familia,2020,11.54,0.9,11,0,296,1
EXP-01895,PALMIRA,VIF,Juzgado_Penal_Municipal_2,2023,11.54,1.05,4,0,225,1
EXP-01896,CALI,SUSTANCIAS,Juzgado_Penal_Municipal_2,2021,70.34,1.05,6,0,466,1
EXP-01897,TULUA,VIF,Juzgado_Penal_Municipal_2,2024,3.34,1.05,3,0,222,1
EXP-01898,PRADERA,HURTO_PATRIMONIAL,Juzgado_Penal_Municipal_2,2023,0.72,1.05,2,1,422,1
EXP-01899,CALI,VIF,Comisaria_1_Familia,2024,70.34,1.1,4,0,452,1
EXP-01900,DAGUA,HURTO_PATRIMONIAL,Juzgado_3_Familia,2020,1.3666666666666665,0.95,6,0,315,1
EXP-01901,ALCALA,SUSTANCIAS,Juzgado_1_Familia,2023,0.22,1.35,3,0,160,0
EXP-01902,ZARZAL,VIF,Juzgado_3_Familia,2022,1.12,0.95,5,0,217,1
EXP-01903,CARTAGO,VIF,Juzgado_Penal_Municipal_2,2022,5.56,1.05,4,0,227,1
EXP-01904,CALI,ALIMENTOS,Juzgado_1_Familia,2024,70.34,1.35,1,0,575,1
EXP-01905,CARTAGO,VIF,Juzgado_1_Familia,2024,5.56,1.35,7,0,175,0
EXP-01906,RESTREPO,HURTO_PATRIMONIAL,Juzgado_Penal_Municipal_2,2024,0.24,1.05,1,1,417,1
EXP-01907,TULUA,VIF,Comisaria_2_Familia,2022,3.34,0.9,2,0,185,1
EXP-01908,PALMIRA,VIF,Juzgado_1_Familia,2024,11.54,1.35,3,0,326,1
EXP-01909,PALMIRA,HURTO_PATRIMONIAL,Juzgado_Penal_Municipal_1,2021,11.54,1.25,2,0,384,1
EXP-01910,EL CERRITO,HURTO_PATRIMONIAL,Comisaria_2_Familia,2023,1.1,0.9,2,0,252,1
EXP-01911,CALI,VIF,Comisaria_1_Familia,2024,70.34,1.1,3,0,438,1
EXP-01912,CANDELARIA,VIF,Juzgado_Penal_Municipal_1,2024,3.08,1.25,6,0,144,0
EXP-01913,GUADALAJARA DE BUGA,SUSTANCIAS,Juzgado_Penal_Municipal_2,2024,6.6,1.05,5,0,293,1
EXP-01914,ROLDANILLO,ALIMENTOS,Juzgado_2_Familia,2022,1.26,1.2,4,0,305,1
EXP-01915,PALMIRA,HURTO_PATRIMONIAL,Juzgado_Penal_Municipal_1,2022,11.54,1.25,5,0,384,0
EXP-01916,CALI,HURTO_PATRIMONIAL,Juzgado_Penal_Municipal_2,2024,70.34,1.05,7,0,569,1
EXP-01917,CALI,HURTO_PATRIMONIAL,Juzgado_3_Familia,2021,70.34,0.95,11,1,710,1
EXP-01918,TRUJILLO,HURTO_PATRIMONIAL,Juzgado_Penal_Municipal_2,2022,0.225,1.05,5,0,358,1
EXP-01919,CARTAGO,VIF,Juzgado_Penal_Municipal_2,2024,5.56,1.05,3,0,252,1
EXP-01920,YUMBO,ALIMENTOS,Comisaria_2_Familia,2023,3.5,0.9,4,0,262,1
EXP-01921,CANDELARIA,ALIMENTOS,Juzgado_2_Familia,2021,3.08,1.2,10,0,335,1
EXP-01922,CALI,VIF,Juzgado_Penal_Municipal_2,2021,70.34,1.05,1,0,401,1
EXP-01923,ALCALA,HURTO_PATRIMONIAL,Juzgado_1_Familia,2020,0.22,1.35,1,1,550,1
EXP-01924,CANDELARIA,HURTO_PATRIMONIAL,Juzgado_1_Familia,2022,3.08,1.35,4,1,562,1
EXP-01925,CARTAGO,HURTO_PATRIMONIAL,Comisaria_2_Familia,2023,5.56,0.9,3,1,459,1
EXP-01926,FLORIDA,HURTO_PATRIMONIAL,Juzgado_Penal_Municipal_2,2022,0.8,1.05,1,0,327,1
EXP-01927,FLORIDA,HURTO_PATRIMONIAL,Comisaria_2_Familia,2023,0.8,0.9,2,1,369,1
EXP-01928,ZARZAL,SUSTANCIAS,Comisaria_1_Familia,2023,1.12,1.1,5,0,255,1
EXP-01929,ROLDANILLO,ALIMENTOS,Juzgado_2_Familia,2024,1.26,1.2,5,0,246,0
EXP-01930,CALI,SUSTANCIAS,Juzgado_Penal_Municipal_2,2023,70.34,1.05,3,0,450,1
EXP-01931,GINEBRA,HURTO_PATRIMONIAL,Comisaria_1_Familia,2024,0.6,1.1,1,0,314,1
EXP-01932,EL CERRITO,VIF,Comisaria_2_Familia,2021,1.1,0.9,3,0,169,1
EXP-01933,CALI,ALIMENTOS,Juzgado_Penal_Municipal_2,2020,70.34,1.05,6,0,481,1
EXP-01934,PALMIRA,VIF,Comisaria_2_Familia,2024,11.54,0.9,3,0,232,1
EXP-01935,CALI,VIF,Juzgado_3_Familia,2024,70.34,0.95,2,0,390,1
EXP-01936,YUMBO,ALIMENTOS,Juzgado_Penal_Municipal_1,2024,3.5,1.25,1,0,295,1
EXP-01937,CALI,ALIMENTOS,Juzgado_1_Familia,2024,70.34,1.35,4,0,557,1
EXP-01938,CARTAGO,VIF,Juzgado_1_Familia,2022,5.56,1.35,2,0,240,0
EXP-01939,BUGALAGRANDE,ALIMENTOS,Juzgado_Penal_Municipal_2,2022,0.2799999999999999,1.05,1,0,256,1
EXP-01940,GUADALAJARA DE BUGA,HURTO_PATRIMONIAL,Juzgado_2_Familia,2024,6.6,1.2,2,0,405,1
EXP-01941,PALMIRA,ALIMENTOS,Comisaria_2_Familia,2023,11.54,0.9,3,1,400,1
EXP-01942,CALI,HURTO_PATRIMONIAL,Juzgado_2_Familia,2021,70.34,1.2,4,0,571,1
EXP-01943,JAMUNDI,HURTO_PATRIMONIAL,Juzgado_2_Familia,2022,2.64,1.2,1,0,386,1
EXP-01944,CAICEDONIA,HURTO_PATRIMONIAL,Juzgado_3_Familia,2021,1.28,0.95,2,0,258,1
EXP-01945,RESTREPO,ALIMENTOS,Juzgado_2_Familia,2021,0.24,1.2,2,0,332,1
EXP-01946,EL DOVIO,ALIMENTOS,Juzgado_Penal_Municipal_2,2021,0.1,1.05,5,1,443,1
EXP-01947,ANSERMANUEVO,ALIMENTOS,Comisaria_2_Familia,2024,0.2,0.9,6,1,209,0
EXP-01948,CANDELARIA,VIF,Comisaria_1_Familia,2021,3.08,1.1,2,0,106,0
EXP-01949,CALI,SUSTANCIAS,Juzgado_1_Familia,2024,70.34,1.35,10,0,587,1
EXP-01950,RIOFRIO,ALIMENTOS,Juzgado_Penal_Municipal_2,2024,0.175,1.05,7,0,224,0
EXP-01951,SEVILLA,ALIMENTOS,Juzgado_Penal_Municipal_1,2023,1.62,1.25,3,0,337,1
EXP-01952,ZARZAL,ALIMENTOS,Juzgado_Penal_Municipal_1,2023,1.12,1.25,3,1,420,1
EXP-01953,CALI,ALIMENTOS,Juzgado_3_Familia,2020,70.34,0.95,8,0,475,1
EXP-01954,GUACARI,ALIMENTOS,Juzgado_1_Familia,2024,1.48,1.35,3,0,364,1
EXP-01955,SEVILLA,ALIMENTOS,Comisaria_1_Familia,2021,1.62,1.1,7,0,294,1
EXP-01956,PRADERA,ALIMENTOS,Juzgado_1_Familia,2023,0.72,1.35,3,0,374,1
EXP-01957,GINEBRA,ALIMENTOS,Juzgado_2_Familia,2021,0.6,1.2,3,1,399,1
EXP-01958,CALI,ALIMENTOS,Comisaria_1_Familia,2023,70.34,1.1,4,0,506,1
EXP-01959,CARTAGO,VIF,Comisaria_1_Familia,2024,5.56,1.1,4,0,231,1
EXP-01960,EL AGUILA,ALIMENTOS,Juzgado_2_Familia,2021,0.1666666666666666,1.2,1,0,316,1
EXP-01961,VERSALLES,VIF,Juzgado_3_Familia,2023,0.1333333333333333,0.95,6,0,189,0
EXP-01962,CARTAGO,ALIMENTOS,Juzgado_Penal_Municipal_1,2023,5.56,1.25,6,0,367,1
EXP-01963,EL CAIRO,ALIMENTOS,Juzgado_2_Familia,2024,0.1,1.2,16,1,595,1
EXP-01964,SIN_DATO,VIF,Comisaria_2_Familia,2023,2.2,0.9,1,0,189,1
EXP-01965,ANDALUCIA,VIF,Juzgado_Penal_Municipal_1,2022,0.38,1.25,3,0,234,1
EXP-01966,CANDELARIA,SUSTANCIAS,Juzgado_1_Familia,2024,3.08,1.35,3,0,304,1
EXP-01967,CALI,ALIMENTOS,Juzgado_Penal_Municipal_2,2022,70.34,1.05,1,0,488,1
EXP-01968,LA VICTORIA,VIF,Comisaria_1_Familia,2024,0.1666666666666666,1.1,1,0,164,1
EXP-01969,CALI,HURTO_PATRIMONIAL,Juzgado_1_Familia,2024,70.34,1.35,1,0,643,1
EXP-01970,YOTOCO,VIF,Juzgado_Penal_Municipal_2,2024,0.58,1.05,7,0,252,1
EXP-01971,CAICEDONIA,VIF,Juzgado_1_Familia,2024,1.28,1.35,6,0,281,1
EXP-01972,ZARZAL,VIF,Juzgado_Penal_Municipal_2,2024,1.12,1.05,5,0,220,1
EXP-01973,PRADERA,ALIMENTOS,Comisaria_1_Familia,2022,0.72,1.1,5,0,289,1
EXP-01974,YOTOCO,HURTO_PATRIMONIAL,Comisaria_1_Familia,2020,0.58,1.1,2,1,428,1
EXP-01975,CALI,VIF,Juzgado_Penal_Municipal_2,2023,70.34,1.05,1,0,419,1
EXP-01976,GUACARI,VIF,Juzgado_Penal_Municipal_1,2023,1.48,1.25,4,0,235,1
EXP-01977,DAGUA,VIF,Juzgado_Penal_Municipal_2,2023,1.3666666666666665,1.05,2,0,202,1
EXP-01978,FLORIDA,SUSTANCIAS,Juzgado_1_Familia,2022,0.8,1.35,3,0,299,1
EXP-01979,CANDELARIA,HURTO_PATRIMONIAL,Juzgado_Penal_Municipal_1,2023,3.08,1.25,1,0,394,1
EXP-01980,GUADALAJARA DE BUGA,VIF,Juzgado_Penal_Municipal_2,2024,6.6,1.05,3,0,219,1
EXP-01981,DAGUA,ALIMENTOS,Comisaria_2_Familia,2023,1.3666666666666665,0.9,6,1,281,0
EXP-01982,GUACARI,SUSTANCIAS,Juzgado_3_Familia,2024,1.48,0.95,1,0,202,1
EXP-01983,PALMIRA,VIF,Comisaria_2_Familia,2024,11.54,0.9,4,0,219,1
EXP-01984,DAGUA,ALIMENTOS,Comisaria_2_Familia,2024,1.3666666666666665,0.9,5,0,211,1
EXP-01985,EL CERRITO,VIF,Comisaria_2_Familia,2024,1.1,0.9,2,0,174,1
EXP-01986,FLORIDA,VIF,Juzgado_Penal_Municipal_1,2023,0.8,1.25,7,0,278,1
EXP-01987,ANDALUCIA,SUSTANCIAS,Juzgado_Penal_Municipal_1,2024,0.38,1.25,2,0,271,1
EXP-01988,CALI,ALIMENTOS,Juzgado_Penal_Municipal_2,2024,70.34,1.05,2,1,616,1
EXP-01989,SAN PEDRO,HURTO_PATRIMONIAL,Juzgado_2_Familia,2022,0.3,1.2,3,1,447,1
EXP-01990,TULUA,VIF,Juzgado_Penal_Municipal_2,2024,3.34,1.05,3,0,157,0
EXP-01991,GUADALAJARA DE BUGA,ALIMENTOS,Juzgado_Penal_Municipal_2,2024,6.6,1.05,2,0,170,0
EXP-01992,BUENAVENTURA,ALIMENTOS,Juzgado_1_Familia,2024,3.34,1.35,8,0,416,1
EXP-01993,YOTOCO,HURTO_PATRIMONIAL,Comisaria_1_Familia,2024,0.58,1.1,5,0,367,1
EXP-01994,CANDELARIA,ALIMENTOS,Juzgado_1_Familia,2020,3.08,1.35,6,1,508,1
EXP-01995,GINEBRA,HURTO_PATRIMONIAL,Comisaria_2_Familia,2020,0.6,0.9,4,1,414,1
EXP-01996,BUENAVENTURA,VIF,Juzgado_Penal_Municipal_2,2024,3.34,1.05,5,0,139,0
EXP-01997,SEVILLA,HURTO_PATRIMONIAL,Juzgado_Penal_Municipal_1,2023,1.62,1.25,2,0,330,0
EXP-01998,JAMUNDI,VIF,Comisaria_1_Familia,2023,2.64,1.1,3,0,133,0
EXP-01999,CARTAGO,HURTO_PATRIMONIAL,Comisaria_2_Familia,2024,5.56,0.9,2,0,272,1
EXP-02000,CALI,ALIMENTOS,Juzgado_3_Familia,2023,70.34,0.95,2,0,473,1
EXP-02001,PALMIRA,VIF,Juzgado_3_Familia,2020,11.54,0.95,1,0,189,1
EXP-02002,SEVILLA,ALIMENTOS,Juzgado_Penal_Municipal_1,2024,1.62,1.25,1,0,304,1
EXP-02003,ZARZAL,ALIMENTOS,Comisaria_1_Familia,2022,1.12,1.1,4,1,254,0
EXP-02004,DAGUA,ALIMENTOS,Juzgado_2_Familia,2024,1.3666666666666665,1.2,3,1,448,1
EXP-02005,SIN_DATO,ALIMENTOS,Comisaria_1_Familia,2023,2.2,1.1,1,0,226,1
EXP-02006,ARGELIA,VIF,Juzgado_1_Familia,2021,0.2,1.35,3,0,259,1
EXP-02007,CANDELARIA,VIF,Juzgado_Penal_Municipal_1,2024,3.08,1.25,11,0,283,1
EXP-02008,CANDELARIA,SUSTANCIAS,Juzgado_Penal_Municipal_2,2024,3.08,1.05,3,0,269,1
EXP-02009,CALI,VIF,Comisaria_2_Familia,2020,70.34,0.9,2,0,360,1
EXP-02010,EL CERRITO,SUSTANCIAS,Comisaria_1_Familia,2024,1.1,1.1,6,0,267,1
EXP-02011,BUENAVENTURA,SUSTANCIAS,Comisaria_1_Familia,2023,3.34,1.1,1,0,206,0
EXP-02012,ZARZAL,ALIMENTOS,Comisaria_1_Familia,2021,1.12,1.1,4,0,216,0
EXP-02013,PALMIRA,VIF,Juzgado_Penal_Municipal_2,2022,11.54,1.05,8,0,256,1
EXP-02014,GUADALAJARA DE BUGA,VIF,Juzgado_3_Familia,2022,6.6,0.95,21,0,278,0
EXP-02015,ANDALUCIA,ALIMENTOS,Juzgado_3_Familia,2021,0.38,0.95,8,1,249,0
EXP-02016,CALI,HURTO_PATRIMONIAL,Juzgado_2_Familia,2024,70.34,1.2,1,0,536,1
EXP-02017,TULUA,ALIMENTOS,Juzgado_3_Familia,2020,3.34,0.95,1,0,119,0
EXP-02018,PRADERA,HURTO_PATRIMONIAL,Juzgado_2_Familia,2023,0.72,1.2,9,0,321,0
EXP-02019,SEVILLA,SUSTANCIAS,Juzgado_2_Familia,2024,1.62,1.2,3,0,215,0
EXP-02020,SIN_DATO,SUSTANCIAS,Juzgado_Penal_Municipal_1,2023,2.2,1.25,5,0,304,1
EXP-02021,CALI,HURTO_PATRIMONIAL,Comisaria_2_Familia,2024,70.34,0.9,12,0,550,1
EXP-02022,TULUA,ALIMENTOS,Juzgado_Penal_Municipal_2,2024,3.34,1.05,3,1,430,1
EXP-02023,CALI,ALIMENTOS,Juzgado_3_Familia,2020,70.34,0.95,4,1,585,1
EXP-02024,CALI,ALIMENTOS,Juzgado_Penal_Municipal_1,2023,70.34,1.25,3,0,522,1
EXP-02025,CAICEDONIA,SUSTANCIAS,Comisaria_1_Familia,2022,1.28,1.1,11,0,306,1
EXP-02026,ARGELIA,VIF,Comisaria_2_Familia,2024,0.2,0.9,6,0,224,1
EXP-02027,CALI,ALIMENTOS,Comisaria_2_Familia,2022,70.34,0.9,8,1,661,1
EXP-02028,CALI,VIF,Comisaria_1_Familia,2023,70.34,1.1,1,0,390,1
EXP-02029,DAGUA,VIF,Comisaria_2_Familia,2022,1.3666666666666665,0.9,1,0,145,1
EXP-02030,PALMIRA,VIF,Juzgado_Penal_Municipal_1,2020,11.54,1.25,6,0,312,1
EXP-02031,BOLIVAR,ALIMENTOS,Juzgado_Penal_Municipal_2,2024,0.2333333333333333,1.05,8,0,295,1
EXP-02032,JAMUNDI,VIF,Comisaria_2_Familia,2020,2.64,0.9,8,0,184,1
EXP-02033,CARTAGO,ALIMENTOS,Juzgado_Penal_Municipal_2,2021,5.56,1.05,4,1,447,1
EXP-02034,ZARZAL,VIF,Juzgado_Penal_Municipal_2,2024,1.12,1.05,5,0,155,0
EXP-02035,CALI,VIF,Juzgado_1_Familia,2021,70.34,1.35,3,0,459,1
EXP-02036,VIJES,ALIMENTOS,Comisaria_1_Familia,2024,0.175,1.1,7,0,299,1
EXP-02037,BUENAVENTURA,ALIMENTOS,Juzgado_Penal_Municipal_2,2024,3.34,1.05,1,1,372,1
EXP-02038,CALI,VIF,Juzgado_1_Familia,2023,70.34,1.35,12,0,554,1
EXP-02039,SEVILLA,VIF,Juzgado_3_Familia,2022,1.62,0.95,17,0,232,0
EXP-02040,LA UNION,HURTO_PATRIMONIAL,Juzgado_3_Familia,2024,0.575,0.95,4,0,281,1
EXP-02041,BUENAVENTURA,HURTO_PATRIMONIAL,Juzgado_3_Familia,2021,3.34,0.95,6,0,178,0
EXP-02042,SAN PEDRO,HURTO_PATRIMONIAL,Comisaria_1_Familia,2021,0.3,1.1,10,1,535,1
EXP-02043,CALI,SUSTANCIAS,Juzgado_Penal_Municipal_2,2023,70.34,1.05,6,0,480,1
EXP-02044,CAICEDONIA,ALIMENTOS,Juzgado_Penal_Municipal_1,2024,1.28,1.25,4,0,383,1
EXP-02045,EL CERRITO,ALIMENTOS,Comisaria_1_Familia,2023,1.1,1.1,8,0,324,1
EXP-02046,ZARZAL,VIF,Comisaria_2_Familia,2021,1.12,0.9,9,0,240,1
EXP-02047,CALI,ALIMENTOS,Juzgado_Penal_Municipal_1,2022,70.34,1.25,4,0,554,1
EXP-02048,EL AGUILA,VIF,Comisaria_1_Familia,2022,0.1666666666666666,1.1,2,0,221,1
EXP-02049,CALI,VIF,Juzgado_3_Familia,2021,70.34,0.95,8,0,443,1
EXP-02050,TULUA,VIF,Juzgado_2_Familia,2022,3.34,1.2,8,0,276,1
EXP-02051,CALI,ALIMENTOS,Juzgado_Penal_Municipal_1,2023,70.34,1.25,3,0,439,0
EXP-02052,SEVILLA,ALIMENTOS,Juzgado_3_Familia,2020,1.62,0.95,1,0,248,1
EXP-02053,CALI,ALIMENTOS,Comisaria_1_Familia,2024,70.34,1.1,10,0,555,1
EXP-02054,GUACARI,ALIMENTOS,Juzgado_Penal_Municipal_1,2024,1.48,1.25,1,1,465,1
EXP-02055,CALI,ALIMENTOS,Comisaria_2_Familia,2021,70.34,0.9,5,1,605,1
EXP-02056,CALI,ALIMENTOS,Juzgado_Penal_Municipal_2,2023,70.34,1.05,1,1,500,0
EXP-02057,CARTAGO,ALIMENTOS,Comisaria_1_Familia,2021,5.56,1.1,8,1,498,1
EXP-02058,GUADALAJARA DE BUGA,HURTO_PATRIMONIAL,Juzgado_Penal_Municipal_1,2020,6.6,1.25,1,1,538,1
EXP-02059,BOLIVAR,HURTO_PATRIMONIAL,Juzgado_1_Familia,2023,0.2333333333333333,1.35,2,1,565,1
EXP-02060,SEVILLA,HURTO_PATRIMONIAL,Juzgado_1_Familia,2023,1.62,1.35,4,0,441,1
EXP-02061,CALI,ALIMENTOS,Juzgado_3_Familia,2023,70.34,0.95,25,0,616,1
EXP-02062,SAN PEDRO,HURTO_PATRIMONIAL,Juzgado_1_Familia,2022,0.3,1.35,1,0,388,1
EXP-02063,CALI,ALIMENTOS,Juzgado_Penal_Municipal_2,2023,70.34,1.05,16,0,589,1
EXP-02064,LA UNION,HURTO_PATRIMONIAL,Comisaria_1_Familia,2022,0.575,1.1,6,0,379,1
EXP-02065,SEVILLA,SUSTANCIAS,Comisaria_2_Familia,2022,1.62,0.9,1,0,211,1
EXP-02066,JAMUNDI,HURTO_PATRIMONIAL,Juzgado_1_Familia,2024,2.64,1.35,1,1,498,1
EXP-02067,CALI,VIF,Comisaria_2_Familia,2020,70.34,0.9,2,0,394,1
EXP-02068,EL DOVIO,ALIMENTOS,Juzgado_2_Familia,2021,0.1,1.2,4,1,421,1
EXP-02069,ANDALUCIA,ALIMENTOS,Comisaria_2_Familia,2021,0.38,0.9,13,0,290,1
EXP-02070,TULUA,VIF,Juzgado_1_Familia,2023,3.34,1.35,5,0,320,1
EXP-02071,GUACARI,VIF,Juzgado_Penal_Municipal_1,2024,1.48,1.25,3,0,252,1
EXP-02072,PALMIRA,ALIMENTOS,Comisaria_1_Familia,2023,11.54,1.1,4,0,345,1
EXP-02073,LA CUMBRE,ALIMENTOS,Juzgado_3_Familia,2020,0.24,0.95,2,1,394,1
EXP-02074,CALI,ALIMENTOS,Juzgado_2_Familia,2021,70.34,1.2,3,1,493,0
EXP-02075,SAN PEDRO,VIF,Juzgado_Penal_Municipal_1,2023,0.3,1.25,3,0,256,1
EXP-02076,OBANDO,VIF,Juzgado_3_Familia,2024,0.38,0.95,3,0,207,1
EXP-02077,ZARZAL,VIF,Juzgado_3_Familia,2023,1.12,0.95,1,0,186,1
EXP-02078,PALMIRA,HURTO_PATRIMONIAL,Juzgado_Penal_Municipal_1,2023,11.54,1.25,3,0,409,1
EXP-02079,GUADALAJARA DE BUGA,HURTO_PATRIMONIAL,Juzgado_1_Familia,2022,6.6,1.35,7,0,449,1
EXP-02080,ROLDANILLO,SUSTANCIAS,Comisaria_1_Familia,2023,1.26,1.1,15,0,350,1
EXP-02081,CARTAGO,ALIMENTOS,Comisaria_2_Familia,2023,5.56,0.9,1,0,234,1
EXP-02082,GUADALAJARA DE BUGA,VIF,Comisaria_1_Familia,2022,6.6,1.1,1,0,221,1
EXP-02083,DAGUA,SUSTANCIAS,Juzgado_3_Familia,2023,1.3666666666666665,0.95,7,0,219,1
EXP-02084,LA CUMBRE,ALIMENTOS,Juzgado_Penal_Municipal_1,2024,0.24,1.25,1,0,328,1
EXP-02085,LA UNION,VIF,Juzgado_3_Familia,2022,0.575,0.95,4,0,171,1
EXP-02086,CALI,HURTO_PATRIMONIAL,Comisaria_1_Familia,2022,70.34,1.1,10,0,638,1
EXP-02087,CALI,ALIMENTOS,Juzgado_Penal_Municipal_1,2022,70.34,1.25,9,1,687,1
EXP-02088,ZARZAL,VIF,Comisaria_1_Familia,2024,1.12,1.1,5,0,250,1
EXP-02089,TRUJILLO,ALIMENTOS,Comisaria_1_Familia,2022,0.225,1.1,7,0,350,1
EXP-02090,CAICEDONIA,VIF,Juzgado_Penal_Municipal_2,2022,1.28,1.05,2,0,166,1
EXP-02091,VERSALLES,VIF,Juzgado_Penal_Municipal_1,2023,0.1333333333333333,1.25,2,0,129,0
EXP-02092,CALI,VIF,Comisaria_2_Familia,2022,70.34,0.9,6,0,384,1
EXP-02093,BUENAVENTURA,ALIMENTOS,Comisaria_1_Familia,2024,3.34,1.1,5,1,453,1
EXP-02094,JAMUNDI,VIF,Comisaria_2_Familia,2022,2.64,0.9,15,0,303,1
EXP-02095,TULUA,VIF,Comisaria_1_Familia,2023,3.34,1.1,8,0,257,1
EXP-02096,SEVILLA,VIF,Comisaria_1_Familia,2023,1.62,1.1,3,0,191,1
EXP-02097,GUADALAJARA DE BUGA,VIF,Juzgado_Penal_Municipal_2,2022,6.6,1.05,1,0,206,1
EXP-02098,OBANDO,ALIMENTOS,Juzgado_Penal_Municipal_2,2023,0.38,1.05,6,1,442,1
EXP-02099,SEVILLA,ALIMENTOS,Juzgado_3_Familia,2023,1.62,0.95,7,0,283,1
EXP-02100,CALI,ALIMENTOS,Juzgado_Penal_Municipal_1,2020,70.34,1.25,7,1,714,1
EXP-02101,PALMIRA,ALIMENTOS,Juzgado_1_Familia,2023,11.54,1.35,1,0,386,1
EXP-02102,CALI,SUSTANCIAS,Comisaria_2_Familia,2024,70.34,0.9,2,0,428,1
EXP-02103,YUMBO,HURTO_PATRIMONIAL,Juzgado_Penal_Municipal_1,2020,3.5,1.25,2,0,419,1
EXP-02104,CARTAGO,SUSTANCIAS,Comisaria_2_Familia,2021,5.56,0.9,3,0,220,1
EXP-02105,CALI,VIF,Juzgado_3_Familia,2022,70.34,0.95,4,0,408,1
EXP-02106,BUGALAGRANDE,HURTO_PATRIMONIAL,Comisaria_2_Familia,2023,0.2799999999999999,0.9,4,0,257,1
EXP-02107,CALI,VIF,Juzgado_3_Familia,2021,70.34,0.95,1,0,398,1
EXP-02108,PALMIRA,SUSTANCIAS,Comisaria_2_Familia,2024,11.54,0.9,7,0,311,1
EXP-02109,EL CERRITO,ALIMENTOS,Juzgado_1_Familia,2023,1.1,1.35,6,0,364,1
EXP-02110,CALI,SUSTANCIAS,Juzgado_3_Familia,2021,70.34,0.95,1,0,413,1
EXP-02111,GUADALAJARA DE BUGA,SUSTANCIAS,Juzgado_3_Familia,2021,6.6,0.95,2,0,226,1
EXP-02112,PALMIRA,ALIMENTOS,Juzgado_Penal_Municipal_1,2024,11.54,1.25,5,0,384,1
EXP-02113,LA VICTORIA,VIF,Comisaria_2_Familia,2021,0.1666666666666666,0.9,2,0,163,1
EXP-02114,CALI,VIF,Juzgado_3_Familia,2021,70.34,0.95,3,0,414,1
EXP-02115,CALI,VIF,Comisaria_1_Familia,2024,70.34,1.1,7,0,450,1
EXP-02116,LA UNION,ALIMENTOS,Juzgado_Penal_Municipal_1,2023,0.575,1.25,1,0,296,1
EXP-02117,OBANDO,VIF,Comisaria_1_Familia,2022,0.38,1.1,3,0,195,1
EXP-02118,VIJES,VIF,Comisaria_2_Familia,2023,0.175,0.9,3,0,200,1
EXP-02119,PALMIRA,VIF,Juzgado_Penal_Municipal_1,2022,11.54,1.25,4,0,279,1
EXP-02120,ZARZAL,ALIMENTOS,Juzgado_2_Familia,2024,1.12,1.2,5,0,342,1
EXP-02121,CALI,VIF,Juzgado_2_Familia,2023,70.34,1.2,2,0,455,1
EXP-02122,BUENAVENTURA,HURTO_PATRIMONIAL,Comisaria_2_Familia,2024,3.34,0.9,2,0,139,0
EXP-02123,VERSALLES,VIF,Juzgado_Penal_Municipal_2,2021,0.1333333333333333,1.05,6,0,155,0
EXP-02124,GINEBRA,VIF,Juzgado_3_Familia,2024,0.6,0.95,6,0,100,0
EXP-02125,YOTOCO,HURTO_PATRIMONIAL,Juzgado_3_Familia,2024,0.58,0.95,4,0,196,0
EXP-02126,CALI,ALIMENTOS,Juzgado_3_Familia,2021,70.34,0.95,1,0,440,1
EXP-02127,EL CERRITO,ALIMENTOS,Juzgado_Penal_Municipal_1,2023,1.1,1.25,6,0,274,0
EXP-02128,CARTAGO,ALIMENTOS,Juzgado_1_Familia,2022,5.56,1.35,1,1,521,1
EXP-02129,CALI,SUSTANCIAS,Juzgado_Penal_Municipal_2,2022,70.34,1.05,3,0,428,1
EXP-02130,CARTAGO,HURTO_PATRIMONIAL,Comisaria_2_Familia,2022,5.56,0.9,14,0,394,1
EXP-02131,ZARZAL,ALIMENTOS,Juzgado_Penal_Municipal_1,2022,1.12,1.25,1,1,467,1
EXP-02132,CARTAGO,VIF,Juzgado_2_Familia,2021,5.56,1.2,2,0,318,1
EXP-02133,FLORIDA,VIF,Juzgado_Penal_Municipal_1,2020,0.8,1.25,13,0,293,1
EXP-02134,TRUJILLO,ALIMENTOS,Juzgado_2_Familia,2023,0.225,1.2,1,1,440,1
EXP-02135,BUENAVENTURA,SUSTANCIAS,Comisaria_2_Familia,2021,3.34,0.9,6,0,264,1
EXP-02136,CANDELARIA,ALIMENTOS,Juzgado_3_Familia,2023,3.08,0.95,15,1,281,0
EXP-02137,ROLDANILLO,ALIMENTOS,Juzgado_Penal_Municipal_2,2021,1.26,1.05,2,0,258,1
EXP-02138,GINEBRA,ALIMENTOS,Comisaria_1_Familia,2024,0.6,1.1,14,0,376,1
EXP-02139,PALMIRA,VIF,Juzgado_2_Familia,2023,11.54,1.2,5,0,254,0
EXP-02140,YUMBO,VIF,Juzgado_Penal_Municipal_1,2022,3.5,1.25,3,0,264,1
EXP-02141,JAMUNDI,VIF,Comisaria_2_Familia,2024,2.64,0.9,5,0,187,1
EXP-02142,VERSALLES,ALIMENTOS,Juzgado_3_Familia,2021,0.1333333333333333,0.95,4,0,271,1
EXP-02143,YUMBO,HURTO_PATRIMONIAL,Juzgado_3_Familia,2021,3.5,0.95,5,0,191,0
EXP-02144,PALMIRA,VIF,Juzgado_2_Familia,2023,11.54,1.2,4,0,295,1
EXP-02145,DAGUA,VIF,Juzgado_1_Familia,2024,1.3666666666666665,1.35,4,0,164,0
EXP-02146,BUENAVENTURA,VIF,Juzgado_Penal_Municipal_2,2022,3.34,1.05,10,0,267,1
EXP-02147,BUGALAGRANDE,VIF,Juzgado_Penal_Municipal_1,2024,0.2799999999999999,1.25,1,0,226,1
EXP-02148,EL CAIRO,HURTO_PATRIMONIAL,Juzgado_Penal_Municipal_2,2024,0.1,1.05,2,0,336,1
EXP-02149,CALIMA,ALIMENTOS,Juzgado_1_Familia,2021,0.3199999999999999,1.35,1,0,337,1
EXP-02150,TULUA,HURTO_PATRIMONIAL,Comisaria_1_Familia,2021,3.34,1.1,2,0,272,1
EXP-02151,SEVILLA,VIF,Juzgado_2_Familia,2024,1.62,1.2,4,0,264,1
EXP-02152,CARTAGO,VIF,Comisaria_2_Familia,2022,5.56,0.9,6,0,241,1
EXP-02153,CALI,HURTO_PATRIMONIAL,Juzgado_3_Familia,2022,70.34,0.95,2,0,552,1
EXP-02154,PRADERA,HURTO_PATRIMONIAL,Comisaria_1_Familia,2024,0.72,1.1,5,0,375,1
EXP-02155,ROLDANILLO,SUSTANCIAS,Juzgado_3_Familia,2023,1.26,0.95,5,0,231,1
EXP-02156,DAGUA,VIF,Juzgado_Penal_Municipal_2,2021,1.3666666666666665,1.05,4,0,219,1
EXP-02157,TULUA,ALIMENTOS,Juzgado_Penal_Municipal_2,2020,3.34,1.05,2,0,287,1
EXP-02158,JAMUNDI,VIF,Comisaria_1_Familia,2021,2.64,1.1,1,0,210,1
EXP-02159,BUENAVENTURA,HURTO_PATRIMONIAL,Juzgado_3_Familia,2024,3.34,0.95,3,1,439,1
EXP-02160,SEVILLA,ALIMENTOS,Juzgado_2_Familia,2024,1.62,1.2,1,1,467,1
EXP-02161,GUADALAJARA DE BUGA,VIF,Juzgado_Penal_Municipal_1,2023,6.6,1.25,9,0,311,1
EXP-02162,TORO,ALIMENTOS,Juzgado_2_Familia,2024,0.1333333333333333,1.2,5,0,185,0
EXP-02163,CALI,VIF,Juzgado_2_Familia,2022,70.34,1.2,16,0,330,0
EXP-02164,GUADALAJARA DE BUGA,SUSTANCIAS,Juzgado_3_Familia,2022,6.6,0.95,5,0,222,1
EXP-02165,SEVILLA,HURTO_PATRIMONIAL,Comisaria_1_Familia,2022,1.62,1.1,5,0,338,1
EXP-02166,GINEBRA,VIF,Comisaria_2_Familia,2022,0.6,0.9,5,0,173,1
EXP-02167,ROLDANILLO,ALIMENTOS,Juzgado_1_Familia,2024,1.26,1.35,1,0,366,1
EXP-02168,CANDELARIA,VIF,Juzgado_2_Familia,2022,3.08,1.2,8,0,322,1
EXP-02169,JAMUNDI,ALIMENTOS,Juzgado_2_Familia,2020,2.64,1.2,5,0,308,1
EXP-02170,CANDELARIA,VIF,Comisaria_2_Familia,2021,3.08,0.9,1,0,171,1
EXP-02171,LA UNION,ALIMENTOS,Juzgado_1_Familia,2020,0.575,1.35,5,1,264,0
EXP-02172,ALCALA,HURTO_PATRIMONIAL,Comisaria_2_Familia,2021,0.22,0.9,7,0,290,1
EXP-02173,RESTREPO,SUSTANCIAS,Juzgado_3_Familia,2022,0.24,0.95,1,0,95,0
EXP-02174,CALI,VIF,Juzgado_Penal_Municipal_1,2023,70.34,1.25,1,0,448,1
EXP-02175,CALI,HURTO_PATRIMONIAL,Comisaria_1_Familia,2021,70.34,1.1,9,0,560,1
EXP-02176,CALI,ALIMENTOS,Comisaria_2_Familia,2024,70.34,0.9,3,0,461,1
EXP-02177,BUENAVENTURA,VIF,Juzgado_2_Familia,2023,3.34,1.2,1,0,239,1
EXP-02178,PALMIRA,VIF,Comisaria_1_Familia,2023,11.54,1.1,1,0,223,1
EXP-02179,JAMUNDI,ALIMENTOS,Juzgado_3_Familia,2024,2.64,0.95,6,1,436,1
EXP-02180,ANSERMANUEVO,VIF,Comisaria_2_Familia,2022,0.2,0.9,1,0,174,1
EXP-02181,BUENAVENTURA,VIF,Juzgado_Penal_Municipal_1,2024,3.34,1.25,5,0,166,0
EXP-02182,ANDALUCIA,ALIMENTOS,Juzgado_3_Familia,2024,0.38,0.95,2,0,307,1
EXP-02183,GINEBRA,VIF,Comisaria_1_Familia,2022,0.6,1.1,4,0,215,1
EXP-02184,SEVILLA,VIF,Juzgado_1_Familia,2023,1.62,1.35,2,0,262,1
EXP-02185,JAMUNDI,VIF,Juzgado_1_Familia,2024,2.64,1.35,1,0,244,1
EXP-02186,PRADERA,ALIMENTOS,Juzgado_1_Familia,2022,0.72,1.35,12,1,569,1
EXP-02187,LA UNION,VIF,Juzgado_Penal_Municipal_2,2022,0.575,1.05,2,0,209,1
EXP-02188,DAGUA,SUSTANCIAS,Juzgado_2_Familia,2022,1.3666666666666665,1.2,3,0,249,1
EXP-02189,LA UNION,VIF,Juzgado_Penal_Municipal_1,2024,0.575,1.25,1,0,245,1
EXP-02190,GUADALAJARA DE BUGA,VIF,Juzgado_Penal_Municipal_2,2023,6.6,1.05,1,0,224,1
EXP-02191,CALI,VIF,Juzgado_3_Familia,2024,70.34,0.95,2,0,395,1
EXP-02192,PRADERA,ALIMENTOS,Comisaria_1_Familia,2024,0.72,1.1,1,1,187,0
EXP-02193,CARTAGO,HURTO_PATRIMONIAL,Juzgado_Penal_Municipal_1,2023,5.56,1.25,2,1,249,0
EXP-02194,FLORIDA,HURTO_PATRIMONIAL,Juzgado_Penal_Municipal_2,2024,0.8,1.05,10,0,379,1
EXP-02195,GUACARI,VIF,Comisaria_2_Familia,2022,1.48,0.9,1,0,150,1
EXP-02196,GUACARI,ALIMENTOS,Juzgado_1_Familia,2021,1.48,1.35,5,0,336,1
EXP-02197,LA VICTORIA,VIF,Juzgado_3_Familia,2023,0.1666666666666666,0.95,18,0,303,1
EXP-02198,FLORIDA,SUSTANCIAS,Comisaria_1_Familia,2023,0.8,1.1,1,0,243,1
EXP-02199,CALI,VIF,Juzgado_3_Familia,2022,70.34,0.95,4,0,404,1
EXP-02200,PALMIRA,ALIMENTOS,Juzgado_3_Familia,2023,11.54,0.95,1,0,265,1
EXP-02201,CANDELARIA,VIF,Comisaria_1_Familia,2023,3.08,1.1,5,0,181,0
EXP-02202,BUENAVENTURA,VIF,Comisaria_2_Familia,2024,3.34,0.9,1,0,150,1
EXP-02203,CALI,HURTO_PATRIMONIAL,Juzgado_Penal_Municipal_1,2023,70.34,1.25,5,0,624,1
EXP-02204,TRUJILLO,VIF,Juzgado_Penal_Municipal_1,2021,0.225,1.25,9,0,304,1
EXP-02205,YUMBO,ALIMENTOS,Juzgado_Penal_Municipal_2,2024,3.5,1.05,4,0,286,1
EXP-02206,YUMBO,ALIMENTOS,Comisaria_2_Familia,2024,3.5,0.9,7,0,151,0
EXP-02207,TORO,ALIMENTOS,Juzgado_1_Familia,2022,0.1333333333333333,1.35,9,0,402,1
EXP-02208,PALMIRA,VIF,Comisaria_2_Familia,2021,11.54,0.9,3,0,206,1
EXP-02209,GUADALAJARA DE BUGA,ALIMENTOS,Juzgado_Penal_Municipal_2,2021,6.6,1.05,4,1,467,1
EXP-02210,JAMUNDI,HURTO_PATRIMONIAL,Juzgado_3_Familia,2024,2.64,0.95,1,0,288,1
EXP-02211,ANDALUCIA,VIF,Comisaria_1_Familia,2020,0.38,1.1,6,0,242,1
EXP-02212,CARTAGO,VIF,Juzgado_2_Familia,2020,5.56,1.2,2,0,278,1
EXP-02213,EL AGUILA,ALIMENTOS,Juzgado_1_Familia,2024,0.1666666666666666,1.35,4,0,327,1
EXP-02214,SAN PEDRO,ALIMENTOS,Comisaria_2_Familia,2024,0.3,0.9,1,0,230,1
EXP-02215,TRUJILLO,SUSTANCIAS,Juzgado_1_Familia,2021,0.225,1.35,6,0,291,1
EXP-02216,PALMIRA,SUSTANCIAS,Comisaria_1_Familia,2023,11.54,1.1,12,0,343,1
EXP-02217,VIJES,VIF,Juzgado_2_Familia,2021,0.175,1.2,6,0,250,1
EXP-02218,ROLDANILLO,ALIMENTOS,Juzgado_2_Familia,2020,1.26,1.2,5,1,442,1
EXP-02219,ZARZAL,VIF,Juzgado_Penal_Municipal_1,2024,1.12,1.25,10,0,266,0
EXP-02220,YUMBO,ALIMENTOS,Juzgado_Penal_Municipal_1,2020,3.5,1.25,3,0,172,0
EXP-02221,JAMUNDI,HURTO_PATRIMONIAL,Comisaria_2_Familia,2023,2.64,0.9,2,1,430,1
EXP-02222,CALI,HURTO_PATRIMONIAL,Juzgado_3_Familia,2023,70.34,0.95,9,0,588,1
EXP-02223,SIN_DATO,ALIMENTOS,Juzgado_Penal_Municipal_1,2021,2.2,1.25,7,0,185,0
EXP-02224,DAGUA,VIF,Juzgado_2_Familia,2023,1.3666666666666665,1.2,3,0,236,1
EXP-02225,CALI,VIF,Juzgado_3_Familia,2023,70.34,0.95,2,0,416,1
EXP-02226,EL CAIRO,ALIMENTOS,Comisaria_2_Familia,2023,0.1,0.9,7,1,421,1
EXP-02227,EL AGUILA,VIF,Juzgado_1_Familia,2022,0.1666666666666666,1.35,9,0,308,1
EXP-02228,JAMUNDI,SUSTANCIAS,Juzgado_2_Familia,2024,2.64,1.2,4,0,281,1
EXP-02229,ZARZAL,ALIMENTOS,Juzgado_2_Familia,2023,1.12,1.2,17,0,417,1
EXP-02230,ARGELIA,HURTO_PATRIMONIAL,Comisaria_1_Familia,2022,0.2,1.1,6,0,355,1
EXP-02231,CANDELARIA,VIF,Juzgado_1_Familia,2023,3.08,1.35,9,0,300,1
EXP-02232,CARTAGO,VIF,Comisaria_1_Familia,2022,5.56,1.1,3,0,236,1
EXP-02233,CALI,ALIMENTOS,Comisaria_2_Familia,2024,70.34,0.9,1,1,595,1
EXP-02234,CALI,SUSTANCIAS,Juzgado_Penal_Municipal_1,2024,70.34,1.25,1,0,479,1
EXP-02235,TULUA,VIF,Juzgado_3_Familia,2021,3.34,0.95,2,0,96,0
EXP-02236,PALMIRA,VIF,Comisaria_2_Familia,2024,11.54,0.9,6,0,255,1
EXP-02237,EL DOVIO,HURTO_PATRIMONIAL,Juzgado_2_Familia,2021,0.1,1.2,12,1,564,1
EXP-02238,SIN_DATO,VIF,Juzgado_2_Familia,2024,2.2,1.2,2,0,259,1
EXP-02239,BUENAVENTURA,VIF,Comisaria_2_Familia,2024,3.34,0.9,4,0,236,1
EXP-02240,CARTAGO,VIF,Comisaria_2_Familia,2020,5.56,0.9,8,0,119,0
EXP-02241,CAICEDONIA,ALIMENTOS,Juzgado_1_Familia,2023,1.28,1.35,3,0,307,0
EXP-02242,LA CUMBRE,VIF,Comisaria_2_Familia,2020,0.24,0.9,6,0,196,1
EXP-02243,CALI,HURTO_PATRIMONIAL,Juzgado_3_Familia,2021,70.34,0.95,1,1,612,1
EXP-02244,CALI,ALIMENTOS,Juzgado_3_Familia,2023,70.34,0.95,2,0,208,0
EXP-02245,BUENAVENTURA,HURTO_PATRIMONIAL,Comisaria_1_Familia,2021,3.34,1.1,4,0,380,1
EXP-02246,CALIMA,ALIMENTOS,Juzgado_Penal_Municipal_1,2022,0.3199999999999999,1.25,4,1,466,1
EXP-02247,ZARZAL,ALIMENTOS,Juzgado_3_Familia,2022,1.12,0.95,3,0,254,1
EXP-02248,ZARZAL,VIF,Comisaria_1_Familia,2020,1.12,1.1,1,0,204,1
EXP-02249,ROLDANILLO,ALIMENTOS,Comisaria_1_Familia,2023,1.26,1.1,4,1,312,0
EXP-02250,CARTAGO,VIF,Juzgado_2_Familia,2022,5.56,1.2,3,0,122,0
EXP-02251,EL CAIRO,HURTO_PATRIMONIAL,Comisaria_1_Familia,2024,0.1,1.1,6,0,197,0
EXP-02252,CARTAGO,ALIMENTOS,Comisaria_1_Familia,2020,5.56,1.1,3,1,446,1
EXP-02253,CALI,ALIMENTOS,Juzgado_3_Familia,2024,70.34,0.95,10,0,513,1
EXP-02254,CALI,ALIMENTOS,Juzgado_1_Familia,2024,70.34,1.35,1,0,504,1
EXP-02255,ANSERMANUEVO,VIF,Juzgado_3_Familia,2023,0.2,0.95,4,0,240,1
EXP-02256,GUADALAJARA DE BUGA,HURTO_PATRIMONIAL,Comisaria_2_Familia,2022,6.6,0.9,1,0,282,1
EXP-02257,CALI,HURTO_PATRIMONIAL,Juzgado_Penal_Municipal_2,2024,70.34,1.05,2,1,692,1
EXP-02258,CALI,VIF,Juzgado_1_Familia,2024,70.34,1.35,3,0,469,1
EXP-02259,YOTOCO,ALIMENTOS,Comisaria_2_Familia,2023,0.58,0.9,2,0,200,1
EXP-02260,VERSALLES,ALIMENTOS,Comisaria_2_Familia,2023,0.1333333333333333,0.9,2,0,217,1
EXP-02261,VERSALLES,VIF,Juzgado_3_Familia,2024,0.1333333333333333,0.95,5,0,163,0
EXP-02262,GUACARI,ALIMENTOS,Juzgado_3_Familia,2024,1.48,0.95,8,0,285,1
EXP-02263,FLORIDA,VIF,Juzgado_3_Familia,2020,0.8,0.95,7,0,198,1
EXP-02264,LA UNION,ALIMENTOS,Juzgado_Penal_Municipal_1,2024,0.575,1.25,1,0,340,1
EXP-02265,LA UNION,ALIMENTOS,Juzgado_3_Familia,2021,0.575,0.95,4,1,397,1
EXP-02266,EL CAIRO,VIF,Juzgado_3_Familia,2024,0.1,0.95,9,0,252,1
EXP-02267,CALI,ALIMENTOS,Comisaria_2_Familia,2023,70.34,0.9,2,1,570,1
EXP-02268,LA VICTORIA,VIF,Comisaria_1_Familia,2021,0.1666666666666666,1.1,3,0,214,1
EXP-02269,GUADALAJARA DE BUGA,ALIMENTOS,Juzgado_3_Familia,2023,6.6,0.95,3,0,115,0
EXP-02270,SEVILLA,HURTO_PATRIMONIAL,Comisaria_1_Familia,2023,1.62,1.1,6,0,326,1
EXP-02271,GUADALAJARA DE BUGA,ALIMENTOS,Juzgado_2_Familia,2023,6.6,1.2,4,0,353,1
EXP-02272,EL DOVIO,ALIMENTOS,Juzgado_2_Familia,2022,0.1,1.2,3,0,296,1
EXP-02273,CANDELARIA,VIF,Juzgado_Penal_Municipal_1,2021,3.08,1.25,6,0,268,1
EXP-02274,SIN_DATO,VIF,Juzgado_Penal_Municipal_2,2023,2.2,1.05,4,0,192,0
EXP-02275,CALIMA,HURTO_PATRIMONIAL,Comisaria_1_Familia,2020,0.3199999999999999,1.1,2,1,459,1
EXP-02276,CALI,VIF,Comisaria_2_Familia,2024,70.34,0.9,12,0,472,1
EXP-02277,TRUJILLO,ALIMENTOS,Juzgado_1_Familia,2024,0.225,1.35,4,0,359,1
EXP-02278,PALMIRA,VIF,Juzgado_3_Familia,2021,11.54,0.95,1,0,187,1
EXP-02279,TULUA,SUSTANCIAS,Comisaria_2_Familia,2024,3.34,0.9,2,0,182,1
EXP-02280,LA UNION,ALIMENTOS,Comisaria_1_Familia,2024,0.575,1.1,1,1,397,1
EXP-02281,TRUJILLO,ALIMENTOS,Juzgado_Penal_Municipal_2,2021,0.225,1.05,2,1,189,0
EXP-02282,DAGUA,VIF,Juzgado_2_Familia,2024,1.3666666666666665,1.2,9,0,304,1
EXP-02283,ALCALA,ALIMENTOS,Juzgado_3_Familia,2021,0.22,0.95,3,0,242,1
EXP-02284,SIN_DATO,VIF,Juzgado_3_Familia,2024,2.2,0.95,1,0,181,1
EXP-02285,BOLIVAR,SUSTANCIAS,Comisaria_1_Familia,2021,0.2333333333333333,1.1,2,0,233,1
EXP-02286,EL CERRITO,SUSTANCIAS,Comisaria_2_Familia,2021,1.1,0.9,5,0,211,1
EXP-02287,CARTAGO,ALIMENTOS,Comisaria_2_Familia,2023,5.56,0.9,2,1,402,1
EXP-02288,YUMBO,ALIMENTOS,Juzgado_2_Familia,2022,3.5,1.2,4,1,372,0
EXP-02289,CALI,VIF,Juzgado_3_Familia,2023,70.34,0.95,1,0,380,1
EXP-02290,CALI,HURTO_PATRIMONIAL,Juzgado_2_Familia,2023,70.34,1.2,10,0,619,1
EXP-02291,CALI,SUSTANCIAS,Comisaria_2_Familia,2024,70.34,0.9,11,0,479,1
EXP-02292,OBANDO,HURTO_PATRIMONIAL,Juzgado_Penal_Municipal_2,2024,0.38,1.05,3,0,297,1
EXP-02293,PALMIRA,VIF,Juzgado_3_Familia,2021,11.54,0.95,1,0,213,1
EXP-02294,PALMIRA,ALIMENTOS,Juzgado_Penal_Municipal_1,2022,11.54,1.25,4,0,366,1
EXP-02295,CALI,SUSTANCIAS,Juzgado_Penal_Municipal_1,2021,70.34,1.25,3,0,499,1
EXP-02296,YOTOCO,ALIMENTOS,Juzgado_3_Familia,2023,0.58,0.95,13,1,491,1
EXP-02297,TULUA,VIF,Juzgado_Penal_Municipal_2,2024,3.34,1.05,1,0,179,1
EXP-02298,PRADERA,VIF,Juzgado_1_Familia,2022,0.72,1.35,1,0,224,0
EXP-02299,ALCALA,ALIMENTOS,Juzgado_Penal_Municipal_2,2020,0.22,1.05,7,0,323,1
EXP-02300,ROLDANILLO,ALIMENTOS,Juzgado_2_Familia,2024,1.26,1.2,1,0,341,1
EXP-02301,EL AGUILA,ALIMENTOS,Juzgado_2_Familia,2024,0.1666666666666666,1.2,4,0,329,1
EXP-02302,TORO,HURTO_PATRIMONIAL,Juzgado_3_Familia,2023,0.1333333333333333,0.95,2,0,285,1
EXP-02303,PRADERA,ALIMENTOS,Juzgado_2_Familia,2022,0.72,1.2,2,1,342,0
EXP-02304,RIOFRIO,VIF,Juzgado_Penal_Municipal_1,2024,0.175,1.25,17,0,352,1
EXP-02305,YUMBO,HURTO_PATRIMONIAL,Comisaria_1_Familia,2021,3.5,1.1,7,0,381,1
EXP-02306,CARTAGO,ALIMENTOS,Comisaria_1_Familia,2021,5.56,1.1,5,0,307,1
EXP-02307,PALMIRA,SUSTANCIAS,Comisaria_1_Familia,2022,11.54,1.1,7,0,296,1
EXP-02308,ALCALA,VIF,Juzgado_1_Familia,2024,0.22,1.35,3,0,241,1
EXP-02309,TULUA,ALIMENTOS,Juzgado_1_Familia,2020,3.34,1.35,6,0,351,1
EXP-02310,BUENAVENTURA,VIF,Juzgado_1_Familia,2022,3.34,1.35,7,0,290,1
EXP-02311,VERSALLES,HURTO_PATRIMONIAL,Juzgado_3_Familia,2023,0.1333333333333333,0.95,6,1,497,1
EXP-02312,CALI,VIF,Juzgado_Penal_Municipal_1,2023,70.34,1.25,3,0,455,1
EXP-02313,GUADALAJARA DE BUGA,VIF,Juzgado_1_Familia,2023,6.6,1.35,9,0,306,1
EXP-02314,ARGELIA,ALIMENTOS,Comisaria_2_Familia,2022,0.2,0.9,4,1,388,1
EXP-02315,CANDELARIA,VIF,Comisaria_1_Familia,2022,3.08,1.1,1,0,233,1
EXP-02316,DAGUA,ALIMENTOS,Comisaria_2_Familia,2024,1.3666666666666665,0.9,2,0,253,1
EXP-02317,PALMIRA,HURTO_PATRIMONIAL,Comisaria_1_Familia,2023,11.54,1.1,8,1,426,0
EXP-02318,TULUA,VIF,Juzgado_Penal_Municipal_2,2023,3.34,1.05,7,0,282,1
EXP-02319,PALMIRA,HURTO_PATRIMONIAL,Comisaria_1_Familia,2024,11.54,1.1,1,0,338,1
EXP-02320,CARTAGO,ALIMENTOS,Comisaria_1_Familia,2022,5.56,1.1,4,1,340,0
EXP-02321,YUMBO,ALIMENTOS,Juzgado_Penal_Municipal_2,2023,3.5,1.05,15,0,386,1
EXP-02322,CARTAGO,VIF,Juzgado_Penal_Municipal_2,2023,5.56,1.05,1,0,185,1
EXP-02323,OBANDO,VIF,Comisaria_2_Familia,2024,0.38,0.9,3,0,136,0
EXP-02324,CALI,ALIMENTOS,Comisaria_1_Familia,2024,70.34,1.1,5,1,661,1
EXP-02325,CALI,VIF,Comisaria_1_Familia,2023,70.34,1.1,4,0,451,1
EXP-02326,CALI,VIF,Comisaria_1_Familia,2022,70.34,1.1,3,0,460,1
EXP-02327,CALI,VIF,Juzgado_1_Familia,2022,70.34,1.35,4,0,459,1
EXP-02328,DAGUA,ALIMENTOS,Comisaria_1_Familia,2023,1.3666666666666665,1.1,1,0,266,1
EXP-02329,GUACARI,VIF,Juzgado_Penal_Municipal_2,2024,1.48,1.05,5,0,223,1
EXP-02330,ANSERMANUEVO,VIF,Juzgado_Penal_Municipal_2,2024,0.2,1.05,2,0,168,0
EXP-02331,SIN_DATO,HURTO_PATRIMONIAL,Juzgado_Penal_Municipal_2,2024,2.2,1.05,2,1,452,1
EXP-02332,VERSALLES,ALIMENTOS,Juzgado_1_Familia,2024,0.1333333333333333,1.35,4,0,351,1
EXP-02333,CANDELARIA,VIF,Comisaria_2_Familia,2021,3.08,0.9,6,0,226,1
EXP-02334,CALI,ALIMENTOS,Juzgado_Penal_Municipal_1,2023,70.34,1.25,1,0,556,1
EXP-02335,GUADALAJARA DE BUGA,VIF,Juzgado_Penal_Municipal_1,2023,6.6,1.25,1,0,285,1
EXP-02336,TULUA,HURTO_PATRIMONIAL,Comisaria_2_Familia,2024,3.34,0.9,6,0,143,0
EXP-02337,CALI,VIF,Juzgado_1_Familia,2021,70.34,1.35,5,0,533,1
EXP-02338,JAMUNDI,HURTO_PATRIMONIAL,Juzgado_Penal_Municipal_2,2022,2.64,1.05,2,1,459,1
EXP-02339,PALMIRA,HURTO_PATRIMONIAL,Comisaria_1_Familia,2023,11.54,1.1,5,0,320,0
EXP-02340,OBANDO,SUSTANCIAS,Comisaria_1_Familia,2023,0.38,1.1,3,0,247,1
EXP-02341,CALI,VIF,Juzgado_Penal_Municipal_2,2022,70.34,1.05,1,0,401,1
EXP-02342,LA VICTORIA,ALIMENTOS,Juzgado_1_Familia,2023,0.1666666666666666,1.35,10,0,352,1
EXP-02343,CALIMA,VIF,Comisaria_2_Familia,2023,0.3199999999999999,0.9,7,0,219,1
EXP-02344,YUMBO,VIF,Juzgado_2_Familia,2023,3.5,1.2,13,0,171,0
EXP-02345,CALI,HURTO_PATRIMONIAL,Juzgado_1_Familia,2021,70.34,1.35,2,0,600,1
EXP-02346,GUADALAJARA DE BUGA,SUSTANCIAS,Juzgado_1_Familia,2021,6.6,1.35,7,0,310,1
EXP-02347,EL CERRITO,ALIMENTOS,Juzgado_Penal_Municipal_2,2024,1.1,1.05,2,0,288,1
EXP-02348,CALI,HURTO_PATRIMONIAL,Comisaria_1_Familia,2022,70.34,1.1,2,1,689,1
EXP-02349,JAMUNDI,ALIMENTOS,Juzgado_1_Familia,2021,2.64,1.35,3,1,556,1
EXP-02350,YOTOCO,VIF,Juzgado_1_Familia,2022,0.58,1.35,1,0,276,1
EXP-02351,CARTAGO,ALIMENTOS,Comisaria_2_Familia,2022,5.56,0.9,10,0,307,1
EXP-02352,CALI,VIF,Comisaria_1_Familia,2024,70.34,1.1,2,0,419,1
EXP-02353,ANDALUCIA,HURTO_PATRIMONIAL,Juzgado_Penal_Municipal_1,2023,0.38,1.25,6,1,533,1
EXP-02354,JAMUNDI,VIF,Juzgado_Penal_Municipal_2,2021,2.64,1.05,3,0,185,1
EXP-02355,PALMIRA,ALIMENTOS,Juzgado_Penal_Municipal_2,2020,11.54,1.05,1,0,275,1
EXP-02356,ZARZAL,ALIMENTOS,Comisaria_2_Familia,2024,1.12,0.9,1,0,223,1
EXP-02357,GUADALAJARA DE BUGA,ALIMENTOS,Comisaria_2_Familia,2023,6.6,0.9,7,1,235,0
EXP-02358,CARTAGO,ALIMENTOS,Juzgado_2_Familia,2022,5.56,1.2,5,1,521,1
EXP-02359,CALI,SUSTANCIAS,Juzgado_1_Familia,2021,70.34,1.35,4,0,523,1
EXP-02360,TRUJILLO,ALIMENTOS,Comisaria_2_Familia,2024,0.225,0.9,2,0,228,1
EXP-02361,PALMIRA,ALIMENTOS,Juzgado_Penal_Municipal_2,2022,11.54,1.05,2,1,431,1
EXP-02362,GINEBRA,ALIMENTOS,Comisaria_2_Familia,2022,0.6,0.9,4,0,225,1
EXP-02363,CARTAGO,VIF,Comisaria_1_Familia,2024,5.56,1.1,8,0,289,1
EXP-02364,GUADALAJARA DE BUGA,ALIMENTOS,Comisaria_1_Familia,2023,6.6,1.1,1,1,266,0
EXP-02365,YUMBO,ALIMENTOS,Juzgado_Penal_Municipal_1,2024,3.5,1.25,1,1,468,1
EXP-02366,ARGELIA,HURTO_PATRIMONIAL,Juzgado_Penal_Municipal_1,2024,0.2,1.25,2,1,232,0
EXP-02367,YOTOCO,VIF,Juzgado_1_Familia,2024,0.58,1.35,7,0,308,1
EXP-02368,ANDALUCIA,VIF,Juzgado_2_Familia,2024,0.38,1.2,13,0,305,1
EXP-02369,CARTAGO,ALIMENTOS,Comisaria_1_Familia,2023,5.56,1.1,10,1,455,1
EXP-02370,SEVILLA,HURTO_PATRIMONIAL,Comisaria_1_Familia,2024,1.62,1.1,2,0,335,1
EXP-02371,CARTAGO,HURTO_PATRIMONIAL,Juzgado_2_Familia,2021,5.56,1.2,6,0,371,1
EXP-02372,PALMIRA,HURTO_PATRIMONIAL,Juzgado_1_Familia,2024,11.54,1.35,3,1,535,1
EXP-02373,CARTAGO,ALIMENTOS,Juzgado_Penal_Municipal_1,2024,5.56,1.25,1,0,355,1
EXP-02374,CALI,ALIMENTOS,Comisaria_2_Familia,2022,70.34,0.9,2,0,410,1
EXP-02375,CALI,VIF,Comisaria_2_Familia,2022,70.34,0.9,1,0,341,0
EXP-02376,CALI,ALIMENTOS,Comisaria_2_Familia,2021,70.34,0.9,2,1,348,0
EXP-02377,BUENAVENTURA,VIF,Juzgado_2_Familia,2023,3.34,1.2,1,0,224,1
EXP-02378,CALI,VIF,Juzgado_1_Familia,2024,70.34,1.35,3,0,460,1
EXP-02379,CALI,VIF,Comisaria_2_Familia,2020,70.34,0.9,1,0,365,1
EXP-02380,GUACARI,HURTO_PATRIMONIAL,Juzgado_Penal_Municipal_1,2020,1.48,1.25,7,0,326,1
EXP-02381,CALI,SUSTANCIAS,Juzgado_Penal_Municipal_1,2021,70.34,1.25,3,0,444,1
EXP-02382,GUADALAJARA DE BUGA,VIF,Comisaria_2_Familia,2023,6.6,0.9,4,0,214,1
EXP-02383,CALI,SUSTANCIAS,Juzgado_1_Familia,2022,70.34,1.35,7,0,219,0
EXP-02384,GUACARI,VIF,Juzgado_Penal_Municipal_1,2023,1.48,1.25,5,0,259,1
EXP-02385,CALI,SUSTANCIAS,Juzgado_1_Familia,2021,70.34,1.35,4,0,509,1
EXP-02386,PALMIRA,HURTO_PATRIMONIAL,Comisaria_1_Familia,2021,11.54,1.1,8,1,520,1
EXP-02387,SAN PEDRO,HURTO_PATRIMONIAL,Comisaria_1_Familia,2024,0.3,1.1,1,1,458,1
EXP-02388,ANDALUCIA,ALIMENTOS,Juzgado_Penal_Municipal_1,2021,0.38,1.25,5,1,499,1
EXP-02389,PRADERA,HURTO_PATRIMONIAL,Juzgado_1_Familia,2024,0.72,1.35,1,0,438,1
EXP-02390,ROLDANILLO,VIF,Juzgado_Penal_Municipal_1,2024,1.26,1.25,2,0,253,1
EXP-02391,LA UNION,SUSTANCIAS,Juzgado_Penal_Municipal_1,2024,0.575,1.25,4,0,274,1
EXP-02392,BUGALAGRANDE,SUSTANCIAS,Comisaria_1_Familia,2021,0.2799999999999999,1.1,11,0,293,1
EXP-02393,YUMBO,VIF,Juzgado_1_Familia,2021,3.5,1.35,2,0,251,1
EXP-02394,TORO,HURTO_PATRIMONIAL,Juzgado_3_Familia,2024,0.1333333333333333,0.95,1,0,238,1
EXP-02395,DAGUA,HURTO_PATRIMONIAL,Juzgado_1_Familia,2024,1.3666666666666665,1.35,5,0,426,1
EXP-02396,CALIMA,VIF,Juzgado_3_Familia,2023,0.3199999999999999,0.95,1,0,176,1
EXP-02397,CANDELARIA,HURTO_PATRIMONIAL,Juzgado_Penal_Municipal_1,2024,3.08,1.25,4,1,555,1
EXP-02398,CALI,SUSTANCIAS,Juzgado_2_Familia,2024,70.34,1.2,2,0,519,1
EXP-02399,CANDELARIA,SUSTANCIAS,Comisaria_1_Familia,2024,3.08,1.1,10,0,357,1
EXP-02400,YOTOCO,VIF,Comisaria_1_Familia,2023,0.58,1.1,3,0,200,1
EXP-02401,CANDELARIA,VIF,Juzgado_3_Familia,2021,3.08,0.95,1,0,185,1
EXP-02402,CARTAGO,VIF,Juzgado_Penal_Municipal_1,2021,5.56,1.25,10,0,312,1
EXP-02403,JAMUNDI,ALIMENTOS,Juzgado_2_Familia,2021,2.64,1.2,4,0,339,1
EXP-02404,VERSALLES,HURTO_PATRIMONIAL,Juzgado_1_Familia,2020,0.1333333333333333,1.35,2,0,266,0
EXP-02405,PALMIRA,HURTO_PATRIMONIAL,Juzgado_Penal_Municipal_1,2022,11.54,1.25,7,0,400,1
EXP-02406,GUADALAJARA DE BUGA,ALIMENTOS,Juzgado_2_Familia,2024,6.6,1.2,5,1,462,1
EXP-02407,JAMUNDI,VIF,Comisaria_2_Familia,2024,2.64,0.9,8,0,222,1
EXP-02408,JAMUNDI,HURTO_PATRIMONIAL,Juzgado_3_Familia,2021,2.64,0.95,3,0,285,1
EXP-02409,JAMUNDI,HURTO_PATRIMONIAL,Juzgado_2_Familia,2023,2.64,1.2,1,1,475,1
EXP-02410,YOTOCO,ALIMENTOS,Juzgado_Penal_Municipal_1,2020,0.58,1.25,1,0,318,1
EXP-02411,LA CUMBRE,ALIMENTOS,Comisaria_2_Familia,2024,0.24,0.9,1,1,333,1
EXP-02412,CANDELARIA,HURTO_PATRIMONIAL,Juzgado_1_Familia,2024,3.08,1.35,3,1,546,1
EXP-02413,CALI,HURTO_PATRIMONIAL,Juzgado_3_Familia,2022,70.34,0.95,6,0,462,1
EXP-02414,GUADALAJARA DE BUGA,ALIMENTOS,Juzgado_Penal_Municipal_2,2024,6.6,1.05,7,0,324,1
EXP-02415,CALI,VIF,Juzgado_Penal_Municipal_2,2024,70.34,1.05,3,0,446,1
EXP-02416,YUMBO,ALIMENTOS,Comisaria_2_Familia,2020,3.5,0.9,1,0,188,1
EXP-02417,CALI,VIF,Juzgado_Penal_Municipal_2,2020,70.34,1.05,3,0,231,0
EXP-02418,CALI,ALIMENTOS,Juzgado_Penal_Municipal_1,2022,70.34,1.25,1,0,563,1
EXP-02419,VIJES,ALIMENTOS,Juzgado_Penal_Municipal_2,2024,0.175,1.05,4,0,308,1
EXP-02420,JAMUNDI,ALIMENTOS,Juzgado_3_Familia,2022,2.64,0.95,9,0,301,1
EXP-02421,CARTAGO,HURTO_PATRIMONIAL,Juzgado_2_Familia,2024,5.56,1.2,2,1,441,1
EXP-02422,BUENAVENTURA,VIF,Comisaria_1_Familia,2024,3.34,1.1,2,0,213,1
EXP-02423,BUGALAGRANDE,ALIMENTOS,Juzgado_Penal_Municipal_2,2024,0.2799999999999999,1.05,2,0,262,1
EXP-02424,SEVILLA,VIF,Juzgado_1_Familia,2023,1.62,1.35,11,0,162,0
EXP-02425,ANSERMANUEVO,VIF,Juzgado_3_Familia,2023,0.2,0.95,2,0,184,1
EXP-02426,CALI,HURTO_PATRIMONIAL,Juzgado_Penal_Municipal_2,2023,70.34,1.05,2,0,505,1
EXP-02427,YOTOCO,VIF,Comisaria_2_Familia,2021,0.58,0.9,6,0,190,1
EXP-02428,BUGALAGRANDE,VIF,Comisaria_2_Familia,2024,0.2799999999999999,0.9,5,0,196,1
EXP-02429,EL CERRITO,ALIMENTOS,Juzgado_2_Familia,2024,1.1,1.2,1,1,426,1
EXP-02430,BUENAVENTURA,ALIMENTOS,Juzgado_3_Familia,2022,3.34,0.95,2,0,257,1
EXP-02431,CALI,VIF,Comisaria_2_Familia,2023,70.34,0.9,11,0,352,0
EXP-02432,EL CERRITO,SUSTANCIAS,Juzgado_1_Familia,2024,1.1,1.35,9,0,270,0
EXP-02433,EL CERRITO,HURTO_PATRIMONIAL,Juzgado_2_Familia,2021,1.1,1.2,10,1,571,1
EXP-02434,CALI,VIF,Juzgado_3_Familia,2024,70.34,0.95,1,0,380,1
EXP-02435,YOTOCO,ALIMENTOS,Juzgado_2_Familia,2022,0.58,1.2,8,0,368,1
EXP-02436,RIOFRIO,VIF,Juzgado_Penal_Municipal_1,2023,0.175,1.25,11,0,307,1
EXP-02437,BUENAVENTURA,ALIMENTOS,Comisaria_2_Familia,2024,3.34,0.9,2,1,385,1
EXP-02438,CALI,HURTO_PATRIMONIAL,Comisaria_2_Familia,2024,70.34,0.9,6,0,537,1
EXP-02439,BUGALAGRANDE,VIF,Juzgado_1_Familia,2022,0.2799999999999999,1.35,1,0,258,1
EXP-02440,YUMBO,ALIMENTOS,Juzgado_3_Familia,2021,3.5,0.95,1,0,213,1
EXP-02441,GUACARI,HURTO_PATRIMONIAL,Juzgado_Penal_Municipal_1,2024,1.48,1.25,1,0,351,1
EXP-02442,CALIMA,ALIMENTOS,Juzgado_Penal_Municipal_2,2024,0.3199999999999999,1.05,1,1,422,1
EXP-02443,FLORIDA,HURTO_PATRIMONIAL,Juzgado_Penal_Municipal_1,2021,0.8,1.25,1,1,385,0
EXP-02444,CALI,ALIMENTOS,Comisaria_1_Familia,2022,70.34,1.1,3,1,614,1
EXP-02445,PALMIRA,ALIMENTOS,Juzgado_Penal_Municipal_1,2024,11.54,1.25,7,0,387,1
EXP-02446,EL CAIRO,VIF,Juzgado_1_Familia,2023,0.1,1.35,7,0,310,1
EXP-02447,PALMIRA,VIF,Juzgado_Penal_Municipal_1,2021,11.54,1.25,2,0,256,1
EXP-02448,EL CERRITO,VIF,Juzgado_1_Familia,2023,1.1,1.35,1,0,239,1
EXP-02449,CALI,HURTO_PATRIMONIAL,Comisaria_1_Familia,2023,70.34,1.1,2,1,526,0
EXP-02450,BUENAVENTURA,HURTO_PATRIMONIAL,Juzgado_2_Familia,2024,3.34,1.2,5,0,365,1
EXP-02451,LA UNION,SUSTANCIAS,Comisaria_1_Familia,2021,0.575,1.1,2,0,218,1
EXP-02452,CALI,VIF,Juzgado_Penal_Municipal_2,2023,70.34,1.05,1,0,190,0
EXP-02453,ZARZAL,HURTO_PATRIMONIAL,Juzgado_1_Familia,2023,1.12,1.35,7,0,400,1
EXP-02454,CALI,ALIMENTOS,Juzgado_Penal_Municipal_2,2020,70.34,1.05,8,1,645,1
EXP-02455,PALMIRA,ALIMENTOS,Juzgado_3_Familia,2022,11.54,0.95,4,0,296,1
EXP-02456,SIN_DATO,ALIMENTOS,Juzgado_Penal_Municipal_1,2023,2.2,1.25,3,0,366,1
EXP-02457,CALI,VIF,Juzgado_Penal_Municipal_2,2024,70.34,1.05,3,0,422,1
EXP-02458,SIN_DATO,ALIMENTOS,Juzgado_2_Familia,2021,2.2,1.2,10,0,362,1
EXP-02459,GUADALAJARA DE BUGA,VIF,Juzgado_3_Familia,2022,6.6,0.95,4,0,213,1
EXP-02460,EL CERRITO,HURTO_PATRIMONIAL,Comisaria_2_Familia,2024,1.1,0.9,6,0,274,1
EXP-02461,GUACARI,ALIMENTOS,Juzgado_Penal_Municipal_1,2022,1.48,1.25,3,0,266,1
EXP-02462,SAN PEDRO,VIF,Comisaria_1_Familia,2024,0.3,1.1,8,0,259,1
EXP-02463,EL CERRITO,HURTO_PATRIMONIAL,Comisaria_1_Familia,2023,1.1,1.1,5,0,383,1
EXP-02464,FLORIDA,HURTO_PATRIMONIAL,Comisaria_2_Familia,2024,0.8,0.9,6,0,292,1
EXP-02465,JAMUNDI,VIF,Comisaria_2_Familia,2020,2.64,0.9,13,0,216,1
EXP-02466,CALI,HURTO_PATRIMONIAL,Juzgado_2_Familia,2021,70.34,1.2,4,0,307,0
EXP-02467,CALI,ALIMENTOS,Juzgado_Penal_Municipal_1,2024,70.34,1.25,4,1,359,0
EXP-02468,SEVILLA,ALIMENTOS,Juzgado_Penal_Municipal_1,2021,1.62,1.25,3,0,319,1
EXP-02469,CALI,ALIMENTOS,Comisaria_2_Familia,2023,70.34,0.9,2,0,438,1
EXP-02470,PALMIRA,VIF,Juzgado_1_Familia,2022,11.54,1.35,2,0,253,1
EXP-02471,YOTOCO,VIF,Juzgado_1_Familia,2024,0.58,1.35,4,0,280,1
EXP-02472,CANDELARIA,SUSTANCIAS,Comisaria_2_Familia,2024,3.08,0.9,2,0,203,1
EXP-02473,CALI,ALIMENTOS,Comisaria_1_Familia,2021,70.34,1.1,3,1,315,0
EXP-02474,PALMIRA,VIF,Juzgado_Penal_Municipal_1,2024,11.54,1.25,4,0,121,0
EXP-02475,PALMIRA,HURTO_PATRIMONIAL,Juzgado_1_Familia,2023,11.54,1.35,2,0,393,1
EXP-02476,SEVILLA,ALIMENTOS,Juzgado_Penal_Municipal_1,2023,1.62,1.25,8,0,360,1
EXP-02477,ARGELIA,VIF,Juzgado_Penal_Municipal_2,2023,0.2,1.05,1,0,177,1
EXP-02478,CARTAGO,SUSTANCIAS,Juzgado_3_Familia,2023,5.56,0.95,15,0,316,1
EXP-02479,CALI,ALIMENTOS,Comisaria_2_Familia,2024,70.34,0.9,2,1,585,1
EXP-02480,SIN_DATO,ALIMENTOS,Comisaria_1_Familia,2021,2.2,1.1,6,0,322,1
EXP-02481,LA UNION,ALIMENTOS,Comisaria_2_Familia,2023,0.575,0.9,3,0,270,1
EXP-02482,JAMUNDI,VIF,Juzgado_Penal_Municipal_2,2024,2.64,1.05,2,0,220,1
EXP-02483,CARTAGO,VIF,Juzgado_Penal_Municipal_1,2023,5.56,1.25,1,0,237,1
EXP-02484,CALI,ALIMENTOS,Juzgado_Penal_Municipal_1,2021,70.34,1.25,5,0,403,0
EXP-02485,CALI,SUSTANCIAS,Juzgado_2_Familia,2023,70.34,1.2,4,0,456,1
EXP-02486,SEVILLA,ALIMENTOS,Comisaria_1_Familia,2022,1.62,1.1,1,0,269,1
EXP-02487,CALIMA,HURTO_PATRIMONIAL,Juzgado_Penal_Municipal_1,2021,0.3199999999999999,1.25,3,0,293,1
EXP-02488,SIN_DATO,HURTO_PATRIMONIAL,Juzgado_Penal_Municipal_1,2020,2.2,1.25,8,0,242,0
EXP-02489,TRUJILLO,SUSTANCIAS,Juzgado_2_Familia,2024,0.225,1.2,21,0,243,0
EXP-02490,YOTOCO,HURTO_PATRIMONIAL,Juzgado_3_Familia,2024,0.58,0.95,1,1,417,1
EXP-02491,PRADERA,ALIMENTOS,Juzgado_Penal_Municipal_2,2022,0.72,1.05,3,1,393,1
EXP-02492,OBANDO,SUSTANCIAS,Juzgado_3_Familia,2024,0.38,0.95,6,0,133,0
EXP-02493,BUENAVENTURA,ALIMENTOS,Juzgado_3_Familia,2024,3.34,0.95,9,0,280,1
EXP-02494,CALI,VIF,Comisaria_1_Familia,2020,70.34,1.1,2,0,406,1
EXP-02495,CALI,ALIMENTOS,Juzgado_Penal_Municipal_1,2023,70.34,1.25,6,1,694,1
EXP-02496,PALMIRA,VIF,Juzgado_3_Familia,2024,11.54,0.95,8,0,258,1
EXP-02497,TRUJILLO,HURTO_PATRIMONIAL,Comisaria_2_Familia,2022,0.225,0.9,9,1,477,1
EXP-02498,TORO,ALIMENTOS,Juzgado_2_Familia,2024,0.1333333333333333,1.2,3,1,482,1
EXP-02499,GINEBRA,ALIMENTOS,Juzgado_Penal_Municipal_1,2024,0.6,1.25,6,0,390,1
EXP-02500,JAMUNDI,ALIMENTOS,Comisaria_1_Familia,2024,2.64,1.1,1,1,430,1
EXP-02501,SAN PEDRO,SUSTANCIAS,Juzgado_1_Familia,2023,0.3,1.35,18,0,398,1
EXP-02502,CAICEDONIA,ALIMENTOS,Juzgado_Penal_Municipal_2,2022,1.28,1.05,2,0,248,1
EXP-02503,LA CUMBRE,VIF,Juzgado_1_Familia,2024,0.24,1.35,3,0,284,1
EXP-02504,TORO,VIF,Juzgado_Penal_Municipal_2,2023,0.1333333333333333,1.05,1,0,187,1
EXP-02505,JAMUNDI,ALIMENTOS,Juzgado_1_Familia,2022,2.64,1.35,7,1,517,1
EXP-02506,TULUA,VIF,Comisaria_1_Familia,2023,3.34,1.1,3,0,197,1
EXP-02507,GUADALAJARA DE BUGA,ALIMENTOS,Juzgado_1_Familia,2023,6.6,1.35,8,0,411,1
EXP-02508,GUADALAJARA DE BUGA,VIF,Juzgado_Penal_Municipal_1,2024,6.6,1.25,22,0,238,0
EXP-02509,GUADALAJARA DE BUGA,HURTO_PATRIMONIAL,Comisaria_1_Familia,2020,6.6,1.1,1,1,462,1
EXP-02510,CALI,HURTO_PATRIMONIAL,Juzgado_1_Familia,2023,70.34,1.35,1,0,618,1
EXP-02511,CALI,ALIMENTOS,Juzgado_Penal_Municipal_1,2023,70.34,1.25,1,1,642,1
EXP-02512,LA CUMBRE,VIF,Juzgado_Penal_Municipal_1,2020,0.24,1.25,4,0,223,1
EXP-02513,TULUA,ALIMENTOS,Comisaria_2_Familia,2021,3.34,0.9,4,0,260,1
EXP-02514,OBANDO,SUSTANCIAS,Comisaria_1_Familia,2021,0.38,1.1,5,0,198,0
EXP-02515,VIJES,ALIMENTOS,Juzgado_Penal_Municipal_2,2022,0.175,1.05,6,1,455,1
EXP-02516,CALI,HURTO_PATRIMONIAL,Juzgado_Penal_Municipal_2,2024,70.34,1.05,7,0,557,1
EXP-02517,ALCALA,HURTO_PATRIMONIAL,Juzgado_2_Familia,2023,0.22,1.2,2,0,310,1
EXP-02518,FLORIDA,VIF,Comisaria_1_Familia,2024,0.8,1.1,11,0,323,1
EXP-02519,PRADERA,HURTO_PATRIMONIAL,Juzgado_1_Familia,2020,0.72,1.35,1,0,333,1
EXP-02520,DAGUA,HURTO_PATRIMONIAL,Juzgado_Penal_Municipal_2,2023,1.3666666666666665,1.05,6,1,491,1
EXP-02521,RIOFRIO,ALIMENTOS,Juzgado_Penal_Municipal_2,2023,0.175,1.05,4,0,281,1
EXP-02522,EL AGUILA,HURTO_PATRIMONIAL,Juzgado_2_Familia,2021,0.1666666666666666,1.2,5,0,347,1
EXP-02523,CARTAGO,VIF,Comisaria_1_Familia,2022,5.56,1.1,1,0,186,1
EXP-02524,YUMBO,HURTO_PATRIMONIAL,Juzgado_2_Familia,2022,3.5,1.2,4,0,382,1
EXP-02525,OBANDO,VIF,Comisaria_2_Familia,2020,0.38,0.9,6,0,199,1
EXP-02526,CARTAGO,ALIMENTOS,Comisaria_2_Familia,2020,5.56,0.9,21,0,391,1
EXP-02527,ALCALA,ALIMENTOS,Juzgado_Penal_Municipal_1,2021,0.22,1.25,2,0,301,1
EXP-02528,CALI,ALIMENTOS,Comisaria_2_Familia,2023,70.34,0.9,1,0,461,1
EXP-02529,PALMIRA,HURTO_PATRIMONIAL,Juzgado_Penal_Municipal_2,2024,11.54,1.05,1,0,332,1
EXP-02530,TULUA,HURTO_PATRIMONIAL,Juzgado_2_Familia,2023,3.34,1.2,2,0,306,1
EXP-02531,TULUA,ALIMENTOS,Juzgado_2_Familia,2023,3.34,1.2,3,0,326,1
EXP-02532,GUACARI,HURTO_PATRIMONIAL,Juzgado_Penal_Municipal_1,2024,1.48,1.25,7,0,338,0
EXP-02533,TULUA,ALIMENTOS,Juzgado_Penal_Municipal_2,2024,3.34,1.05,4,0,351,1
EXP-02534,YUMBO,ALIMENTOS,Juzgado_Penal_Municipal_2,2023,3.5,1.05,1,0,285,1
EXP-02535,YUMBO,VIF,Juzgado_Penal_Municipal_1,2020,3.5,1.25,2,0,256,1
EXP-02536,ANDALUCIA,HURTO_PATRIMONIAL,Juzgado_Penal_Municipal_2,2022,0.38,1.05,3,0,282,1
EXP-02537,OBANDO,SUSTANCIAS,Juzgado_Penal_Municipal_1,2021,0.38,1.25,6,0,300,1
EXP-02538,YOTOCO,ALIMENTOS,Comisaria_1_Familia,2022,0.58,1.1,2,0,227,1
EXP-02539,GUADALAJARA DE BUGA,ALIMENTOS,Juzgado_3_Familia,2022,6.6,0.95,5,0,253,1
EXP-02540,CALI,VIF,Comisaria_2_Familia,2024,70.34,0.9,1,0,355,1
EXP-02541,SIN_DATO,HURTO_PATRIMONIAL,Juzgado_1_Familia,2022,2.2,1.35,3,1,557,1
EXP-02542,ZARZAL,VIF,Juzgado_3_Familia,2021,1.12,0.95,2,0,124,0
EXP-02543,CALI,ALIMENTOS,Juzgado_Penal_Municipal_2,2024,70.34,1.05,1,0,452,1
EXP-02544,PALMIRA,HURTO_PATRIMONIAL,Comisaria_2_Familia,2020,11.54,0.9,7,0,324,1
EXP-02545,PALMIRA,ALIMENTOS,Juzgado_3_Familia,2021,11.54,0.95,3,0,277,1
EXP-02546,SEVILLA,VIF,Juzgado_Penal_Municipal_1,2022,1.62,1.25,3,0,245,1
EXP-02547,SIN_DATO,HURTO_PATRIMONIAL,Juzgado_1_Familia,2020,2.2,1.35,1,0,353,1
EXP-02548,FLORIDA,HURTO_PATRIMONIAL,Juzgado_Penal_Municipal_1,2023,0.8,1.25,4,0,385,1
EXP-02549,BUENAVENTURA,VIF,Comisaria_1_Familia,2021,3.34,1.1,9,0,236,1
EXP-02550,TRUJILLO,HURTO_PATRIMONIAL,Juzgado_1_Familia,2021,0.225,1.35,2,0,427,1
EXP-02551,PALMIRA,VIF,Juzgado_Penal_Municipal_2,2021,11.54,1.05,11,0,303,1
EXP-02552,LA CUMBRE,ALIMENTOS,Juzgado_2_Familia,2023,0.24,1.2,4,1,456,1
EXP-02553,BUENAVENTURA,ALIMENTOS,Juzgado_1_Familia,2024,3.34,1.35,5,0,367,1
EXP-02554,GINEBRA,ALIMENTOS,Comisaria_1_Familia,2021,0.6,1.1,5,1,406,1
EXP-02555,VIJES,ALIMENTOS,Comisaria_1_Familia,2022,0.175,1.1,12,0,253,0
EXP-02556,CALI,ALIMENTOS,Comisaria_1_Familia,2021,70.34,1.1,1,0,474,1
EXP-02557,TULUA,ALIMENTOS,Juzgado_2_Familia,2024,3.34,1.2,4,0,158,0
EXP-02558,VIJES,VIF,Juzgado_1_Familia,2022,0.175,1.35,1,0,247,1
EXP-02559,TULUA,ALIMENTOS,Juzgado_2_Familia,2024,3.34,1.2,2,0,297,1
EXP-02560,CALI,ALIMENTOS,Juzgado_1_Familia,2021,70.34,1.35,4,1,317,0
EXP-02561,PRADERA,ALIMENTOS,Juzgado_Penal_Municipal_1,2020,0.72,1.25,3,0,348,1
EXP-02562,JAMUNDI,SUSTANCIAS,Juzgado_3_Familia,2024,2.64,0.95,3,0,212,1
EXP-02563,YUMBO,HURTO_PATRIMONIAL,Juzgado_Penal_Municipal_1,2022,3.5,1.25,4,0,363,1
EXP-02564,EL AGUILA,ALIMENTOS,Juzgado_1_Familia,2022,0.1666666666666666,1.35,7,1,479,1
EXP-02565,DAGUA,VIF,Juzgado_3_Familia,2022,1.3666666666666665,0.95,7,0,225,1
EXP-02566,YUMBO,SUSTANCIAS,Juzgado_Penal_Municipal_2,2020,3.5,1.05,3,0,242,1
EXP-02567,GINEBRA,VIF,Comisaria_2_Familia,2024,0.6,0.9,1,0,161,1
EXP-02568,EL CERRITO,ALIMENTOS,Juzgado_2_Familia,2021,1.1,1.2,2,0,277,1
EXP-02569,PALMIRA,VIF,Juzgado_2_Familia,2024,11.54,1.2,7,0,295,1
EXP-02570,VIJES,ALIMENTOS,Juzgado_3_Familia,2020,0.175,0.95,6,0,313,1
EXP-02571,CANDELARIA,VIF,Juzgado_3_Familia,2021,3.08,0.95,4,0,222,1
EXP-02572,BUENAVENTURA,ALIMENTOS,Juzgado_Penal_Municipal_2,2020,3.34,1.05,4,0,276,1
EXP-02573,EL CERRITO,VIF,Juzgado_Penal_Municipal_2,2024,1.1,1.05,13,0,247,0
EXP-02574,YOTOCO,ALIMENTOS,Juzgado_2_Familia,2024,0.58,1.2,17,0,277,0
EXP-02575,SIN_DATO,HURTO_PATRIMONIAL,Comisaria_2_Familia,2022,2.2,0.9,4,0,310,1
EXP-02576,ANSERMANUEVO,HURTO_PATRIMONIAL,Comisaria_2_Familia,2024,0.2,0.9,4,1,455,1
EXP-02577,GUADALAJARA DE BUGA,ALIMENTOS,Juzgado_Penal_Municipal_2,2020,6.6,1.05,6,0,295,1
EXP-02578,RIOFRIO,ALIMENTOS,Juzgado_Penal_Municipal_1,2023,0.175,1.25,1,0,325,1
EXP-02579,CARTAGO,ALIMENTOS,Juzgado_1_Familia,2024,5.56,1.35,1,0,334,1
EXP-02580,BOLIVAR,VIF,Juzgado_1_Familia,2023,0.2333333333333333,1.35,14,0,330,1
EXP-02581,EL CAIRO,VIF,Juzgado_Penal_Municipal_2,2022,0.1,1.05,3,0,128,0
EXP-02582,PRADERA,VIF,Juzgado_1_Familia,2023,0.72,1.35,2,0,254,1
EXP-02583,CALI,VIF,Juzgado_1_Familia,2020,70.34,1.35,1,0,462,1
EXP-02584,CALI,VIF,Juzgado_Penal_Municipal_2,2024,70.34,1.05,5,0,469,1
EXP-02585,LA UNION,SUSTANCIAS,Juzgado_Penal_Municipal_2,2023,0.575,1.05,4,0,159,0
EXP-02586,PRADERA,VIF,Comisaria_1_Familia,2022,0.72,1.1,1,0,193,1
EXP-02587,CAICEDONIA,ALIMENTOS,Juzgado_Penal_Municipal_1,2024,1.28,1.25,1,0,345,1
EXP-02588,BOLIVAR,HURTO_PATRIMONIAL,Juzgado_Penal_Municipal_2,2023,0.2333333333333333,1.05,7,1,441,1
EXP-02589,RIOFRIO,ALIMENTOS,Juzgado_2_Familia,2020,0.175,1.2,9,1,501,1
EXP-02590,ROLDANILLO,VIF,Juzgado_Penal_Municipal_1,2024,1.26,1.25,6,0,273,1
EXP-02591,PALMIRA,ALIMENTOS,Juzgado_2_Familia,2024,11.54,1.2,6,1,476,1
EXP-02592,OBANDO,ALIMENTOS,Comisaria_1_Familia,2020,0.38,1.1,4,0,277,1
EXP-02593,YUMBO,ALIMENTOS,Juzgado_1_Familia,2024,3.5,1.35,6,0,419,1
EXP-02594,PALMIRA,HURTO_PATRIMONIAL,Juzgado_Penal_Municipal_2,2023,11.54,1.05,7,1,541,1
EXP-02595,VIJES,HURTO_PATRIMONIAL,Juzgado_2_Familia,2024,0.175,1.2,3,0,346,1
EXP-02596,CALI,SUSTANCIAS,Comisaria_1_Familia,2021,70.34,1.1,1,0,392,1
EXP-02597,CALI,HURTO_PATRIMONIAL,Juzgado_Penal_Municipal_2,2022,70.34,1.05,9,1,323,0
EXP-02598,CAICEDONIA,ALIMENTOS,Juzgado_3_Familia,2024,1.28,0.95,3,0,247,1
EXP-02599,CALI,VIF,Comisaria_1_Familia,2024,70.34,1.1,3,0,417,1
EXP-02600,BUENAVENTURA,HURTO_PATRIMONIAL,Juzgado_3_Familia,2020,3.34,0.95,2,0,301,1
EXP-02601,ALCALA,ALIMENTOS,Juzgado_2_Familia,2022,0.22,1.2,9,0,350,1
EXP-02602,SIN_DATO,SUSTANCIAS,Juzgado_3_Familia,2022,2.2,0.95,5,0,233,1
EXP-02603,LA UNION,HURTO_PATRIMONIAL,Comisaria_1_Familia,2023,0.575,1.1,1,0,371,1
EXP-02604,BUENAVENTURA,ALIMENTOS,Comisaria_2_Familia,2024,3.34,0.9,15,0,391,1
EXP-02605,RIOFRIO,ALIMENTOS,Juzgado_Penal_Municipal_2,2021,0.175,1.05,4,0,205,0
EXP-02606,LA UNION,VIF,Juzgado_Penal_Municipal_1,2023,0.575,1.25,1,0,246,1
EXP-02607,PRADERA,VIF,Comisaria_2_Familia,2024,0.72,0.9,1,0,179,1
EXP-02608,YUMBO,SUSTANCIAS,Comisaria_2_Familia,2021,3.5,0.9,4,0,196,1
EXP-02609,CALI,VIF,Comisaria_2_Familia,2024,70.34,0.9,7,0,449,1
EXP-02610,ROLDANILLO,ALIMENTOS,Juzgado_Penal_Municipal_2,2024,1.26,1.05,3,0,264,1
EXP-02611,CALI,VIF,Juzgado_Penal_Municipal_1,2022,70.34,1.25,9,0,206,0
EXP-02612,GINEBRA,VIF,Juzgado_3_Familia,2022,0.6,0.95,4,0,193,1
EXP-02613,CANDELARIA,VIF,Comisaria_1_Familia,2024,3.08,1.1,1,0,209,1
EXP-02614,TORO,SUSTANCIAS,Juzgado_Penal_Municipal_1,2020,0.1333333333333333,1.25,5,0,254,1
EXP-02615,BOLIVAR,ALIMENTOS,Juzgado_2_Familia,2021,0.2333333333333333,1.2,1,0,284,1
EXP-02616,PALMIRA,HURTO_PATRIMONIAL,Juzgado_2_Familia,2024,11.54,1.2,2,1,478,1
EXP-02617,GINEBRA,VIF,Juzgado_1_Familia,2023,0.6,1.35,2,0,252,1
EXP-02618,CANDELARIA,ALIMENTOS,Juzgado_2_Familia,2023,3.08,1.2,2,0,294,1
EXP-02619,PALMIRA,ALIMENTOS,Juzgado_3_Familia,2023,11.54,0.95,1,0,262,1
EXP-02620,JAMUNDI,SUSTANCIAS,Juzgado_1_Familia,2021,2.64,1.35,5,0,321,1
EXP-02621,FLORIDA,ALIMENTOS,Comisaria_2_Familia,2022,0.8,0.9,5,0,192,0
EXP-02622,YUMBO,HURTO_PATRIMONIAL,Comisaria_2_Familia,2022,3.5,0.9,5,0,311,1
EXP-02623,EL CAIRO,HURTO_PATRIMONIAL,Juzgado_3_Familia,2021,0.1,0.95,5,1,454,1
EXP-02624,LA UNION,VIF,Juzgado_2_Familia,2023,0.575,1.2,2,0,254,1
EXP-02625,ZARZAL,HURTO_PATRIMONIAL,Juzgado_2_Familia,2022,1.12,1.2,2,1,496,1
EXP-02626,EL AGUILA,VIF,Juzgado_Penal_Municipal_2,2024,0.1666666666666666,1.05,5,0,235,1
EXP-02627,LA VICTORIA,HURTO_PATRIMONIAL,Juzgado_2_Familia,2024,0.1666666666666666,1.2,4,1,527,1
EXP-02628,BUENAVENTURA,VIF,Comisaria_2_Familia,2024,3.34,0.9,4,0,214,1
EXP-02629,GINEBRA,VIF,Juzgado_Penal_Municipal_2,2024,0.6,1.05,4,0,237,1
EXP-02630,SIN_DATO,ALIMENTOS,Juzgado_1_Familia,2024,2.2,1.35,6,1,457,0
EXP-02631,VERSALLES,VIF,Juzgado_Penal_Municipal_2,2020,0.1333333333333333,1.05,2,0,187,1
EXP-02632,TULUA,ALIMENTOS,Juzgado_Penal_Municipal_1,2021,3.34,1.25,4,0,320,1
EXP-02633,CALI,ALIMENTOS,Juzgado_Penal_Municipal_2,2024,70.34,1.05,1,1,603,1
EXP-02634,CARTAGO,HURTO_PATRIMONIAL,Juzgado_Penal_Municipal_2,2024,5.56,1.05,2,0,308,1
EXP-02635,SIN_DATO,VIF,Comisaria_2_Familia,2022,2.2,0.9,6,0,211,1
EXP-02636,EL CERRITO,HURTO_PATRIMONIAL,Juzgado_Penal_Municipal_1,2020,1.1,1.25,6,1,559,1
EXP-02637,OBANDO,ALIMENTOS,Juzgado_Penal_Municipal_2,2023,0.38,1.05,13,0,375,1
EXP-02638,ANDALUCIA,VIF,Comisaria_2_Familia,2021,0.38,0.9,6,0,187,1
EXP-02639,TULUA,HURTO_PATRIMONIAL,Juzgado_Penal_Municipal_1,2021,3.34,1.25,4,1,554,1
EXP-02640,DAGUA,HURTO_PATRIMONIAL,Juzgado_3_Familia,2022,1.3666666666666665,0.95,4,0,277,1
EXP-02641,RESTREPO,VIF,Comisaria_1_Familia,2023,0.24,1.1,7,0,289,1
EXP-02642,OBANDO,SUSTANCIAS,Juzgado_Penal_Municipal_1,2023,0.38,1.25,3,0,261,1
EXP-02643,YUMBO,HURTO_PATRIMONIAL,Juzgado_Penal_Municipal_1,2024,3.5,1.25,6,0,379,1
EXP-02644,PALMIRA,ALIMENTOS,Juzgado_1_Familia,2021,11.54,1.35,1,0,358,1
EXP-02645,YOTOCO,VIF,Juzgado_2_Familia,2024,0.58,1.2,6,0,278,1
EXP-02646,CALI,ALIMENTOS,Juzgado_Penal_Municipal_2,2022,70.34,1.05,4,1,607,1
EXP-02647,GUADALAJARA DE BUGA,VIF,Juzgado_3_Familia,2020,6.6,0.95,3,0,200,1
EXP-02648,CALI,VIF,Juzgado_Penal_Municipal_1,2021,70.34,1.25,3,0,446,1
EXP-02649,CALI,ALIMENTOS,Comisaria_1_Familia,2024,70.34,1.1,4,0,490,1
EXP-02650,GUACARI,ALIMENTOS,Juzgado_Penal_Municipal_1,2023,1.48,1.25,7,0,392,1
EXP-02651,BUENAVENTURA,VIF,Juzgado_Penal_Municipal_2,2024,3.34,1.05,7,0,249,1
EXP-02652,VIJES,VIF,Juzgado_3_Familia,2021,0.175,0.95,7,0,223,1
EXP-02653,TORO,VIF,Comisaria_1_Familia,2024,0.1333333333333333,1.1,3,0,222,1
EXP-02654,CALI,HURTO_PATRIMONIAL,Juzgado_Penal_Municipal_2,2024,70.34,1.05,3,1,702,1
EXP-02655,BUENAVENTURA,ALIMENTOS,Juzgado_2_Familia,2021,3.34,1.2,5,1,500,1
EXP-02656,ALCALA,ALIMENTOS,Comisaria_1_Familia,2022,0.22,1.1,2,1,453,1
EXP-02657,PRADERA,HURTO_PATRIMONIAL,Juzgado_Penal_Municipal_2,2024,0.72,1.05,4,0,179,0
EXP-02658,CALI,HURTO_PATRIMONIAL,Comisaria_2_Familia,2020,70.34,0.9,1,0,393,1
EXP-02659,FLORIDA,VIF,Juzgado_1_Familia,2023,0.8,1.35,17,0,365,1
EXP-02660,ANDALUCIA,ALIMENTOS,Juzgado_2_Familia,2023,0.38,1.2,3,1,442,1
EXP-02661,VIJES,ALIMENTOS,Juzgado_1_Familia,2023,0.175,1.35,4,0,355,1
EXP-02662,GUADALAJARA DE BUGA,ALIMENTOS,Juzgado_2_Familia,2023,6.6,1.2,6,1,536,1
EXP-02663,BUENAVENTURA,SUSTANCIAS,Juzgado_2_Familia,2024,3.34,1.2,2,0,305,1
EXP-02664,BUENAVENTURA,SUSTANCIAS,Comisaria_1_Familia,2024,3.34,1.1,13,0,341,1
EXP-02665,LA UNION,VIF,Juzgado_2_Familia,2021,0.575,1.2,7,0,273,1
EXP-02666,JAMUNDI,ALIMENTOS,Juzgado_Penal_Municipal_2,2021,2.64,1.05,1,0,235,1
EXP-02667,CANDELARIA,ALIMENTOS,Comisaria_2_Familia,2024,3.08,0.9,3,0,158,0
EXP-02668,FLORIDA,ALIMENTOS,Juzgado_Penal_Municipal_1,2024,0.8,1.25,7,0,353,1
EXP-02669,PALMIRA,SUSTANCIAS,Juzgado_Penal_Municipal_1,2020,11.54,1.25,1,0,255,1
EXP-02670,VERSALLES,HURTO_PATRIMONIAL,Comisaria_2_Familia,2024,0.1333333333333333,0.9,6,0,311,1
EXP-02671,SEVILLA,HURTO_PATRIMONIAL,Comisaria_2_Familia,2024,1.62,0.9,1,1,398,1
EXP-02672,SAN PEDRO,ALIMENTOS,Comisaria_1_Familia,2023,0.3,1.1,8,1,486,1
EXP-02673,CALI,VIF,Comisaria_2_Familia,2023,70.34,0.9,1,0,373,1
EXP-02674,YUMBO,HURTO_PATRIMONIAL,Comisaria_2_Familia,2024,3.5,0.9,4,1,329,0
EXP-02675,GUADALAJARA DE BUGA,VIF,Juzgado_Penal_Municipal_2,2024,6.6,1.05,4,0,233,1
EXP-02676,ANSERMANUEVO,ALIMENTOS,Juzgado_2_Familia,2024,0.2,1.2,7,0,374,1
EXP-02677,CALIMA,SUSTANCIAS,Juzgado_3_Familia,2021,0.3199999999999999,0.95,5,0,162,0
EXP-02678,ROLDANILLO,ALIMENTOS,Juzgado_Penal_Municipal_2,2022,1.26,1.05,14,0,349,1
EXP-02679,ALCALA,SUSTANCIAS,Juzgado_3_Familia,2024,0.22,0.95,5,0,239,1
EXP-02680,SEVILLA,ALIMENTOS,Juzgado_2_Familia,2024,1.62,1.2,12,0,383,1
EXP-02681,CANDELARIA,VIF,Comisaria_1_Familia,2024,3.08,1.1,1,0,238,1
EXP-02682,VERSALLES,ALIMENTOS,Juzgado_Penal_Municipal_1,2024,0.1333333333333333,1.25,3,1,462,1
EXP-02683,CANDELARIA,VIF,Comisaria_2_Familia,2022,3.08,0.9,3,0,189,1
EXP-02684,ROLDANILLO,VIF,Comisaria_1_Familia,2023,1.26,1.1,6,0,161,0
EXP-02685,PRADERA,ALIMENTOS,Juzgado_2_Familia,2022,0.72,1.2,3,0,315,1
EXP-02686,CANDELARIA,HURTO_PATRIMONIAL,Juzgado_1_Familia,2023,3.08,1.35,3,1,501,1
EXP-02687,DAGUA,ALIMENTOS,Juzgado_Penal_Municipal_2,2021,1.3666666666666665,1.05,6,0,309,1
EXP-02688,PRADERA,HURTO_PATRIMONIAL,Comisaria_2_Familia,2023,0.72,0.9,3,1,395,1
EXP-02689,DAGUA,ALIMENTOS,Comisaria_1_Familia,2023,1.3666666666666665,1.1,4,0,284,1
EXP-02690,SEVILLA,HURTO_PATRIMONIAL,Juzgado_1_Familia,2020,1.62,1.35,6,1,566,1
EXP-02691,GUADALAJARA DE BUGA,HURTO_PATRIMONIAL,Juzgado_Penal_Municipal_1,2022,6.6,1.25,6,1,540,1
EXP-02692,EL CERRITO,ALIMENTOS,Juzgado_1_Familia,2024,1.1,1.35,1,0,337,1
EXP-02693,OBANDO,VIF,Juzgado_1_Familia,2022,0.38,1.35,7,0,313,1
EXP-02694,SEVILLA,HURTO_PATRIMONIAL,Juzgado_1_Familia,2021,1.62,1.35,5,0,384,1
EXP-02695,ANDALUCIA,ALIMENTOS,Juzgado_3_Familia,2024,0.38,0.95,7,1,440,1
EXP-02696,SAN PEDRO,ALIMENTOS,Juzgado_Penal_Municipal_2,2022,0.3,1.05,5,0,270,1
EXP-02697,CALI,VIF,Comisaria_1_Familia,2024,70.34,1.1,3,0,448,1
EXP-02698,ROLDANILLO,ALIMENTOS,Juzgado_3_Familia,2024,1.26,0.95,11,0,340,1
EXP-02699,CALI,ALIMENTOS,Juzgado_1_Familia,2023,70.34,1.35,4,0,545,1
EXP-02700,CAICEDONIA,HURTO_PATRIMONIAL,Comisaria_1_Familia,2021,1.28,1.1,1,1,493,1
EXP-02701,TORO,ALIMENTOS,Juzgado_2_Familia,2022,0.1333333333333333,1.2,2,1,459,1
EXP-02702,TULUA,SUSTANCIAS,Comisaria_1_Familia,2023,3.34,1.1,3,0,252,1
EXP-02703,CALI,VIF,Comisaria_2_Familia,2023,70.34,0.9,7,0,408,1
EXP-02704,CALI,VIF,Juzgado_3_Familia,2023,70.34,0.95,5,0,421,1
EXP-02705,EL AGUILA,ALIMENTOS,Juzgado_2_Familia,2024,0.1666666666666666,1.2,5,0,278,1
EXP-02706,CALI,ALIMENTOS,Comisaria_2_Familia,2022,70.34,0.9,12,1,661,1
EXP-02707,GUADALAJARA DE BUGA,SUSTANCIAS,Juzgado_Penal_Municipal_1,2024,6.6,1.25,9,0,366,1
EXP-02708,GUADALAJARA DE BUGA,SUSTANCIAS,Juzgado_3_Familia,2022,6.6,0.95,4,0,228,1
EXP-02709,RIOFRIO,SUSTANCIAS,Juzgado_Penal_Municipal_2,2022,0.175,1.05,3,0,232,1
EXP-02710,SEVILLA,VIF,Comisaria_1_Familia,2024,1.62,1.1,9,0,193,0
EXP-02711,BOLIVAR,ALIMENTOS,Juzgado_3_Familia,2024,0.2333333333333333,0.95,3,1,364,1
EXP-02712,CALI,VIF,Juzgado_1_Familia,2023,70.34,1.35,4,0,462,1
EXP-02713,BUENAVENTURA,HURTO_PATRIMONIAL,Juzgado_1_Familia,2021,3.34,1.35,3,1,538,1
EXP-02714,ANSERMANUEVO,VIF,Comisaria_1_Familia,2024,0.2,1.1,2,0,247,1
EXP-02715,BUENAVENTURA,ALIMENTOS,Juzgado_1_Familia,2021,3.34,1.35,7,1,506,1
EXP-02716,LA VICTORIA,ALIMENTOS,Juzgado_1_Familia,2024,0.1666666666666666,1.35,1,1,454,1
EXP-02717,PALMIRA,SUSTANCIAS,Juzgado_3_Familia,2023,11.54,0.95,4,0,281,1
EXP-02718,TULUA,HURTO_PATRIMONIAL,Juzgado_Penal_Municipal_2,2023,3.34,1.05,1,0,223,0
EXP-02719,ZARZAL,VIF,Juzgado_1_Familia,2020,1.12,1.35,16,0,368,1
EXP-02720,GUACARI,ALIMENTOS,Juzgado_2_Familia,2022,1.48,1.2,4,0,273,0
EXP-02721,BOLIVAR,ALIMENTOS,Juzgado_1_Familia,2023,0.2333333333333333,1.35,9,1,287,0
EXP-02722,CARTAGO,ALIMENTOS,Juzgado_Penal_Municipal_2,2024,5.56,1.05,1,0,257,1
EXP-02723,PALMIRA,ALIMENTOS,Juzgado_Penal_Municipal_2,2022,11.54,1.05,12,1,285,0
EXP-02724,SIN_DATO,ALIMENTOS,Juzgado_Penal_Municipal_1,2024,2.2,1.25,5,0,160,0
EXP-02725,CAICEDONIA,ALIMENTOS,Juzgado_Penal_Municipal_2,2021,1.28,1.05,4,1,413,1
EXP-02726,CALI,ALIMENTOS,Juzgado_1_Familia,2024,70.34,1.35,2,0,593,1
EXP-02727,PRADERA,ALIMENTOS,Juzgado_Penal_Municipal_1,2024,0.72,1.25,1,0,202,0
EXP-02728,ROLDANILLO,HURTO_PATRIMONIAL,Comisaria_1_Familia,2021,1.26,1.1,9,0,374,1
EXP-02729,CARTAGO,ALIMENTOS,Juzgado_3_Familia,2021,5.56,0.95,6,0,265,1
EXP-02730,CALI,VIF,Comisaria_1_Familia,2024,70.34,1.1,2,0,479,1
EXP-02731,TULUA,ALIMENTOS,Comisaria_1_Familia,2022,3.34,1.1,6,0,302,1
EXP-02732,ZARZAL,ALIMENTOS,Juzgado_1_Familia,2023,1.12,1.35,7,0,413,1
EXP-02733,PALMIRA,ALIMENTOS,Comisaria_2_Familia,2022,11.54,0.9,3,0,257,1
EXP-02734,BUENAVENTURA,VIF,Comisaria_2_Familia,2024,3.34,0.9,2,0,187,1
EXP-02735,JAMUNDI,ALIMENTOS,Comisaria_1_Familia,2023,2.64,1.1,9,0,287,0
EXP-02736,SIN_DATO,VIF,Juzgado_2_Familia,2023,2.2,1.2,7,0,289,1
EXP-02737,BUENAVENTURA,ALIMENTOS,Juzgado_3_Familia,2021,3.34,0.95,3,1,211,0
EXP-02738,CALI,ALIMENTOS,Comisaria_2_Familia,2022,70.34,0.9,2,0,427,1
EXP-02739,GINEBRA,VIF,Juzgado_3_Familia,2022,0.6,0.95,15,0,302,1
EXP-02740,ANDALUCIA,ALIMENTOS,Juzgado_3_Familia,2022,0.38,0.95,1,0,108,0
EXP-02741,CALI,ALIMENTOS,Juzgado_2_Familia,2021,70.34,1.2,7,0,559,1
EXP-02742,CARTAGO,ALIMENTOS,Juzgado_3_Familia,2022,5.56,0.95,4,0,235,1
EXP-02743,BOLIVAR,ALIMENTOS,Comisaria_1_Familia,2024,0.2333333333333333,1.1,1,1,452,1
EXP-02744,ZARZAL,ALIMENTOS,Juzgado_Penal_Municipal_2,2023,1.12,1.05,1,1,391,1
EXP-02745,PALMIRA,HURTO_PATRIMONIAL,Juzgado_Penal_Municipal_2,2024,11.54,1.05,1,0,371,1
EXP-02746,PALMIRA,HURTO_PATRIMONIAL,Comisaria_1_Familia,2022,11.54,1.1,2,1,419,1
EXP-02747,CALI,VIF,Comisaria_1_Familia,2023,70.34,1.1,5,0,424,1
EXP-02748,TULUA,HURTO_PATRIMONIAL,Juzgado_2_Familia,2023,3.34,1.2,1,0,290,0
EXP-02749,SIN_DATO,ALIMENTOS,Juzgado_Penal_Municipal_1,2024,2.2,1.25,3,0,204,0
EXP-02750,CALI,HURTO_PATRIMONIAL,Juzgado_Penal_Municipal_2,2021,70.34,1.05,4,1,450,0
EXP-02751,GINEBRA,VIF,Comisaria_2_Familia,2024,0.6,0.9,4,0,194,1
EXP-02752,GINEBRA,VIF,Juzgado_2_Familia,2021,0.6,1.2,1,0,205,1
EXP-02753,LA UNION,VIF,Juzgado_Penal_Municipal_1,2023,0.575,1.25,2,0,225,1
EXP-02754,YUMBO,VIF,Juzgado_Penal_Municipal_1,2024,3.5,1.25,6,0,274,1
EXP-02755,ROLDANILLO,ALIMENTOS,Juzgado_Penal_Municipal_2,2022,1.26,1.05,4,1,427,1
EXP-02756,CALI,SUSTANCIAS,Juzgado_Penal_Municipal_2,2023,70.34,1.05,1,0,417,1
EXP-02757,SAN PEDRO,ALIMENTOS,Comisaria_2_Familia,2020,0.3,0.9,1,1,319,1
EXP-02758,CALI,ALIMENTOS,Comisaria_2_Familia,2024,70.34,0.9,4,0,459,1
EXP-02759,TULUA,SUSTANCIAS,Juzgado_3_Familia,2021,3.34,0.95,4,0,200,1
EXP-02760,OBANDO,VIF,Comisaria_1_Familia,2023,0.38,1.1,1,0,201,1
EXP-02761,ROLDANILLO,HURTO_PATRIMONIAL,Juzgado_Penal_Municipal_2,2022,1.26,1.05,5,1,463,1
EXP-02762,CANDELARIA,ALIMENTOS,Comisaria_1_Familia,2024,3.08,1.1,4,0,321,1
EXP-02763,TULUA,VIF,Juzgado_Penal_Municipal_2,2024,3.34,1.05,1,0,187,1
EXP-02764,ALCALA,ALIMENTOS,Juzgado_Penal_Municipal_1,2024,0.22,1.25,10,0,362,1
EXP-02765,ROLDANILLO,ALIMENTOS,Juzgado_1_Familia,2024,1.26,1.35,3,0,341,1
EXP-02766,ARGELIA,SUSTANCIAS,Juzgado_Penal_Municipal_1,2021,0.2,1.25,4,0,309,1
EXP-02767,CALI,HURTO_PATRIMONIAL,Comisaria_1_Familia,2023,70.34,1.1,3,1,678,1
EXP-02768,TULUA,HURTO_PATRIMONIAL,Juzgado_Penal_Municipal_2,2023,3.34,1.05,1,0,350,1
EXP-02769,BUENAVENTURA,SUSTANCIAS,Juzgado_Penal_Municipal_1,2023,3.34,1.25,1,0,305,1
EXP-02770,CARTAGO,ALIMENTOS,Juzgado_Penal_Municipal_1,2022,5.56,1.25,4,1,369,0
EXP-02771,TULUA,HURTO_PATRIMONIAL,Juzgado_Penal_Municipal_2,2021,3.34,1.05,5,0,336,1
EXP-02772,CALI,ALIMENTOS,Juzgado_3_Familia,2023,70.34,0.95,1,0,434,1
EXP-02773,SEVILLA,ALIMENTOS,Comisaria_2_Familia,2024,1.62,0.9,4,0,299,1
EXP-02774,VIJES,HURTO_PATRIMONIAL,Juzgado_3_Familia,2021,0.175,0.95,2,0,284,1
EXP-02775,FLORIDA,ALIMENTOS,Juzgado_3_Familia,2024,0.8,0.95,4,0,199,0
EXP-02776,LA UNION,ALIMENTOS,Juzgado_3_Familia,2023,0.575,0.95,5,1,452,1
EXP-02777,RIOFRIO,VIF,Juzgado_2_Familia,2021,0.175,1.2,3,0,192,1
EXP-02778,CALI,ALIMENTOS,Comisaria_2_Familia,2024,70.34,0.9,4,1,595,1
EXP-02779,CALI,ALIMENTOS,Comisaria_2_Familia,2024,70.34,0.9,6,0,445,1
EXP-02780,TULUA,ALIMENTOS,Comisaria_2_Familia,2024,3.34,0.9,10,0,292,1
EXP-02781,ANDALUCIA,ALIMENTOS,Juzgado_1_Familia,2020,0.38,1.35,8,0,372,1
EXP-02782,PALMIRA,HURTO_PATRIMONIAL,Juzgado_2_Familia,2024,11.54,1.2,4,0,394,1
EXP-02783,VERSALLES,VIF,Juzgado_Penal_Municipal_2,2023,0.1333333333333333,1.05,2,0,190,0
EXP-02784,JAMUNDI,VIF,Juzgado_2_Familia,2022,2.64,1.2,2,0,236,1
EXP-02785,CALI,VIF,Juzgado_2_Familia,2021,70.34,1.2,7,0,474,1
EXP-02786,CARTAGO,ALIMENTOS,Juzgado_Penal_Municipal_2,2023,5.56,1.05,4,1,439,1
EXP-02787,PRADERA,HURTO_PATRIMONIAL,Juzgado_3_Familia,2024,0.72,0.95,4,0,278,1
EXP-02788,TRUJILLO,VIF,Juzgado_Penal_Municipal_1,2021,0.225,1.25,2,0,242,1
EXP-02789,YUMBO,VIF,Juzgado_3_Familia,2021,3.5,0.95,7,0,210,1
EXP-02790,TULUA,ALIMENTOS,Juzgado_2_Familia,2022,3.34,1.2,8,1,524,1
EXP-02791,SEVILLA,VIF,Juzgado_1_Familia,2020,1.62,1.35,6,0,297,1
EXP-02792,SEVILLA,HURTO_PATRIMONIAL,Juzgado_3_Familia,2024,1.62,0.95,1,0,286,1
EXP-02793,GINEBRA,SUSTANCIAS,Juzgado_3_Familia,2023,0.6,0.95,16,0,341,1
EXP-02794,CALI,VIF,Juzgado_1_Familia,2020,70.34,1.35,3,0,445,1
EXP-02795,VERSALLES,ALIMENTOS,Juzgado_2_Familia,2022,0.1333333333333333,1.2,6,1,498,1
EXP-02796,GUADALAJARA DE BUGA,ALIMENTOS,Juzgado_2_Familia,2024,6.6,1.2,1,0,197,0
EXP-02797,TULUA,HURTO_PATRIMONIAL,Comisaria_1_Familia,2023,3.34,1.1,2,1,455,1
EXP-02798,GUADALAJARA DE BUGA,HURTO_PATRIMONIAL,Comisaria_2_Familia,2023,6.6,0.9,2,1,452,1
EXP-02799,GUACARI,VIF,Comisaria_2_Familia,2022,1.48,0.9,8,0,221,1
EXP-02800,CALI,ALIMENTOS,Juzgado_2_Familia,2022,70.34,1.2,7,0,521,1
EXP-02801,GUADALAJARA DE BUGA,HURTO_PATRIMONIAL,Juzgado_2_Familia,2021,6.6,1.2,8,0,377,1
EXP-02802,CARTAGO,ALIMENTOS,Juzgado_3_Familia,2024,5.56,0.95,8,0,271,1
EXP-02803,TULUA,ALIMENTOS,Juzgado_2_Familia,2022,3.34,1.2,5,0,339,1
EXP-02804,TULUA,SUSTANCIAS,Comisaria_1_Familia,2023,3.34,1.1,2,0,231,1
EXP-02805,ANSERMANUEVO,ALIMENTOS,Juzgado_1_Familia,2023,0.2,1.35,6,0,390,1
EXP-02806,SIN_DATO,SUSTANCIAS,Juzgado_Penal_Municipal_2,2022,2.2,1.05,6,0,276,1
EXP-02807,SEVILLA,VIF,Juzgado_Penal_Municipal_2,2022,1.62,1.05,1,0,202,1
EXP-02808,CALI,HURTO_PATRIMONIAL,Juzgado_3_Familia,2024,70.34,0.95,6,0,503,1
EXP-02809,GUADALAJARA DE BUGA,VIF,Juzgado_2_Familia,2021,6.6,1.2,3,0,271,1
EXP-02810,PALMIRA,ALIMENTOS,Juzgado_3_Familia,2023,11.54,0.95,1,0,325,1
EXP-02811,SIN_DATO,HURTO_PATRIMONIAL,Comisaria_2_Familia,2024,2.2,0.9,2,0,316,1
EXP-02812,BUGALAGRANDE,HURTO_PATRIMONIAL,Juzgado_Penal_Municipal_2,2020,0.2799999999999999,1.05,1,0,325,1
EXP-02813,GUADALAJARA DE BUGA,ALIMENTOS,Juzgado_Penal_Municipal_2,2023,6.6,1.05,10,1,398,0
EXP-02814,GUADALAJARA DE BUGA,SUSTANCIAS,Juzgado_3_Familia,2023,6.6,0.95,4,0,227,1
EXP-02815,DAGUA,SUSTANCIAS,Juzgado_3_Familia,2022,1.3666666666666665,0.95,3,0,208,1
EXP-02816,PALMIRA,SUSTANCIAS,Juzgado_3_Familia,2022,11.54,0.95,2,0,167,0
EXP-02817,CANDELARIA,ALIMENTOS,Juzgado_Penal_Municipal_2,2022,3.08,1.05,2,1,394,1
EXP-02818,TULUA,HURTO_PATRIMONIAL,Juzgado_Penal_Municipal_1,2022,3.34,1.25,5,0,405,1
EXP-02819,JAMUNDI,HURTO_PATRIMONIAL,Juzgado_2_Familia,2021,2.64,1.2,3,0,347,1
EXP-02820,TULUA,VIF,Juzgado_1_Familia,2024,3.34,1.35,2,0,265,1
EXP-02821,ZARZAL,VIF,Juzgado_Penal_Municipal_1,2024,1.12,1.25,10,0,295,1
EXP-02822,CALIMA,ALIMENTOS,Comisaria_1_Familia,2023,0.3199999999999999,1.1,9,0,303,1
EXP-02823,ROLDANILLO,ALIMENTOS,Juzgado_3_Familia,2024,1.26,0.95,8,0,333,1
EXP-02824,ALCALA,SUSTANCIAS,Comisaria_2_Familia,2024,0.22,0.9,4,0,200,1
EXP-02825,JAMUNDI,ALIMENTOS,Juzgado_2_Familia,2022,2.64,1.2,9,1,516,1
EXP-02826,BUGALAGRANDE,VIF,Comisaria_2_Familia,2024,0.2799999999999999,0.9,7,0,126,0
EXP-02827,TORO,ALIMENTOS,Comisaria_1_Familia,2022,0.1333333333333333,1.1,5,0,309,1
EXP-02828,GUADALAJARA DE BUGA,VIF,Juzgado_2_Familia,2023,6.6,1.2,3,0,272,1
EXP-02829,SIN_DATO,ALIMENTOS,Juzgado_Penal_Municipal_2,2024,2.2,1.05,4,0,272,1
EXP-02830,BUENAVENTURA,VIF,Juzgado_2_Familia,2022,3.34,1.2,7,0,245,1
EXP-02831,DAGUA,VIF,Comisaria_1_Familia,2024,1.3666666666666665,1.1,9,0,287,1
EXP-02832,EL CERRITO,ALIMENTOS,Juzgado_3_Familia,2023,1.1,0.95,3,1,408,1
EXP-02833,CALI,VIF,Comisaria_1_Familia,2020,70.34,1.1,10,0,490,1
EXP-02834,SEVILLA,ALIMENTOS,Juzgado_1_Familia,2022,1.62,1.35,9,1,325,0
EXP-02835,PALMIRA,HURTO_PATRIMONIAL,Juzgado_2_Familia,2021,11.54,1.2,5,1,514,1
EXP-02836,CAICEDONIA,ALIMENTOS,Juzgado_1_Familia,2024,1.28,1.35,4,0,376,1
EXP-02837,GUADALAJARA DE BUGA,HURTO_PATRIMONIAL,Juzgado_3_Familia,2021,6.6,0.95,2,1,427,1
EXP-02838,CARTAGO,HURTO_PATRIMONIAL,Comisaria_2_Familia,2024,5.56,0.9,8,0,376,1
EXP-02839,CALI,ALIMENTOS,Juzgado_2_Familia,2023,70.34,1.2,2,1,516,0
EXP-02840,YUMBO,ALIMENTOS,Juzgado_2_Familia,2023,3.5,1.2,3,1,443,1
EXP-02841,SEVILLA,ALIMENTOS,Juzgado_1_Familia,2023,1.62,1.35,1,0,331,1
EXP-02842,CALI,VIF,Juzgado_1_Familia,2024,70.34,1.35,2,0,450,1
EXP-02843,ROLDANILLO,VIF,Comisaria_1_Familia,2024,1.26,1.1,1,0,182,1
EXP-02844,DAGUA,ALIMENTOS,Juzgado_Penal_Municipal_1,2024,1.3666666666666665,1.25,9,0,385,1
EXP-02845,CANDELARIA,VIF,Comisaria_2_Familia,2024,3.08,0.9,1,0,175,1
EXP-02846,CALI,HURTO_PATRIMONIAL,Comisaria_2_Familia,2023,70.34,0.9,3,1,673,1
EXP-02847,SEVILLA,ALIMENTOS,Juzgado_1_Familia,2022,1.62,1.35,2,1,505,1
EXP-02848,CAICEDONIA,ALIMENTOS,Juzgado_Penal_Municipal_2,2024,1.28,1.05,19,1,596,1
EXP-02849,OBANDO,ALIMENTOS,Juzgado_Penal_Municipal_2,2023,0.38,1.05,7,1,440,1
EXP-02850,CALIMA,VIF,Juzgado_3_Familia,2024,0.3199999999999999,0.95,3,0,187,1
EXP-02851,BUENAVENTURA,VIF,Comisaria_2_Familia,2021,3.34,0.9,6,0,204,1
EXP-02852,BOLIVAR,ALIMENTOS,Comisaria_1_Familia,2023,0.2333333333333333,1.1,1,0,280,1
EXP-02853,EL DOVIO,VIF,Juzgado_2_Familia,2023,0.1,1.2,2,0,254,1
EXP-02854,TULUA,ALIMENTOS,Comisaria_1_Familia,2020,3.34,1.1,6,0,302,1
EXP-02855,SIN_DATO,ALIMENTOS,Juzgado_2_Familia,2024,2.2,1.2,5,0,286,0
EXP-02856,TULUA,VIF,Juzgado_1_Familia,2022,3.34,1.35,3,0,276,1
EXP-02857,ALCALA,HURTO_PATRIMONIAL,Comisaria_2_Familia,2024,0.22,0.9,6,0,248,1
EXP-02858,ROLDANILLO,ALIMENTOS,Juzgado_Penal_Municipal_2,2023,1.26,1.05,3,0,303,1
EXP-02859,PALMIRA,ALIMENTOS,Juzgado_Penal_Municipal_1,2020,11.54,1.25,6,0,398,1
EXP-02860,PALMIRA,VIF,Juzgado_1_Familia,2021,11.54,1.35,5,0,329,1
EXP-02861,DAGUA,ALIMENTOS,Comisaria_2_Familia,2022,1.3666666666666665,0.9,12,0,283,1
EXP-02862,SIN_DATO,ALIMENTOS,Comisaria_2_Familia,2024,2.2,0.9,7,0,251,1
EXP-02863,CALI,ALIMENTOS,Comisaria_1_Familia,2021,70.34,1.1,2,0,504,1
EXP-02864,OBANDO,HURTO_PATRIMONIAL,Juzgado_1_Familia,2023,0.38,1.35,3,1,513,1
EXP-02865,PRADERA,HURTO_PATRIMONIAL,Juzgado_3_Familia,2022,0.72,0.95,4,0,288,1
EXP-02866,LA UNION,VIF,Juzgado_Penal_Municipal_1,2020,0.575,1.25,2,0,240,1
EXP-02867,PALMIRA,HURTO_PATRIMONIAL,Juzgado_1_Familia,2021,11.54,1.35,2,0,432,1
EXP-02868,BUENAVENTURA,ALIMENTOS,Comisaria_2_Familia,2020,3.34,0.9,7,0,293,1
EXP-02869,ANDALUCIA,ALIMENTOS,Juzgado_3_Familia,2021,0.38,0.95,1,1,397,1
EXP-02870,DAGUA,VIF,Juzgado_3_Familia,2022,1.3666666666666665,0.95,4,0,186,1
EXP-02871,EL CERRITO,VIF,Juzgado_Penal_Municipal_2,2024,1.1,1.05,6,0,236,1
EXP-02872,BUGALAGRANDE,VIF,Juzgado_3_Familia,2024,0.2799999999999999,0.95,4,0,177,1
EXP-02873,BUGALAGRANDE,ALIMENTOS,Juzgado_Penal_Municipal_2,2022,0.2799999999999999,1.05,1,1,337,0
EXP-02874,PRADERA,SUSTANCIAS,Comisaria_2_Familia,2021,0.72,0.9,1,0,209,1
EXP-02875,TULUA,VIF,Juzgado_2_Familia,2021,3.34,1.2,10,0,300,1
EXP-02876,EL AGUILA,HURTO_PATRIMONIAL,Juzgado_1_Familia,2024,0.1666666666666666,1.35,5,1,543,1
EXP-02877,TRUJILLO,ALIMENTOS,Juzgado_2_Familia,2021,0.225,1.2,1,0,291,1
EXP-02878,EL CERRITO,HURTO_PATRIMONIAL,Comisaria_2_Familia,2022,1.1,0.9,1,0,248,1
EXP-02879,SAN PEDRO,ALIMENTOS,Comisaria_2_Familia,2024,0.3,0.9,3,0,281,1
EXP-02880,SIN_DATO,ALIMENTOS,Juzgado_3_Familia,2024,2.2,0.95,3,1,429,1
EXP-02881,CANDELARIA,VIF,Juzgado_3_Familia,2023,3.08,0.95,5,0,216,1
EXP-02882,EL AGUILA,HURTO_PATRIMONIAL,Juzgado_2_Familia,2020,0.1666666666666666,1.2,2,0,328,1
EXP-02883,RIOFRIO,HURTO_PATRIMONIAL,Juzgado_1_Familia,2022,0.175,1.35,5,0,335,1
EXP-02884,OBANDO,VIF,Comisaria_2_Familia,2020,0.38,0.9,7,0,212,1
EXP-02885,JAMUNDI,VIF,Juzgado_3_Familia,2024,2.64,0.95,7,0,243,1
EXP-02886,BUGALAGRANDE,SUSTANCIAS,Juzgado_1_Familia,2024,0.2799999999999999,1.35,4,0,294,1
EXP-02887,PALMIRA,SUSTANCIAS,Juzgado_3_Familia,2023,11.54,0.95,1,0,237,1
EXP-02888,GUADALAJARA DE BUGA,ALIMENTOS,Juzgado_Penal_Municipal_1,2022,6.6,1.25,10,0,259,0
EXP-02889,BUENAVENTURA,VIF,Comisaria_2_Familia,2021,3.34,0.9,1,0,173,1
EXP-02890,CALI,ALIMENTOS,Juzgado_1_Familia,2024,70.34,1.35,8,0,591,1
EXP-02891,CARTAGO,ALIMENTOS,Juzgado_3_Familia,2024,5.56,0.95,1,0,288,1
EXP-02892,JAMUNDI,ALIMENTOS,Comisaria_1_Familia,2024,2.64,1.1,1,0,178,0
EXP-02893,DAGUA,VIF,Comisaria_2_Familia,2020,1.3666666666666665,0.9,3,0,101,0
EXP-02894,PRADERA,SUSTANCIAS,Juzgado_3_Familia,2021,0.72,0.95,1,0,160,1
EXP-02895,YOTOCO,ALIMENTOS,Juzgado_Penal_Municipal_2,2020,0.58,1.05,12,0,320,1
EXP-02896,JAMUNDI,ALIMENTOS,Juzgado_Penal_Municipal_1,2020,2.64,1.25,1,0,288,1
EXP-02897,CANDELARIA,SUSTANCIAS,Juzgado_Penal_Municipal_1,2024,3.08,1.25,4,0,299,1
EXP-02898,SAN PEDRO,ALIMENTOS,Juzgado_2_Familia,2020,0.3,1.2,2,0,158,0
EXP-02899,TULUA,SUSTANCIAS,Juzgado_Penal_Municipal_2,2021,3.34,1.05,3,0,172,0
EXP-02900,YUMBO,VIF,Juzgado_3_Familia,2021,3.5,0.95,9,0,260,1
EXP-02901,LA UNION,ALIMENTOS,Comisaria_2_Familia,2024,0.575,0.9,7,0,232,1
EXP-02902,CALI,VIF,Juzgado_Penal_Municipal_2,2022,70.34,1.05,3,0,427,1
EXP-02903,CALIMA,VIF,Juzgado_2_Familia,2022,0.3199999999999999,1.2,4,0,255,1
EXP-02904,CANDELARIA,SUSTANCIAS,Juzgado_1_Familia,2024,3.08,1.35,5,0,310,1
EXP-02905,CALI,VIF,Comisaria_1_Familia,2024,70.34,1.1,2,0,424,1
EXP-02906,ANSERMANUEVO,VIF,Comisaria_2_Familia,2024,0.2,0.9,5,0,225,1
EXP-02907,GUADALAJARA DE BUGA,HURTO_PATRIMONIAL,Juzgado_1_Familia,2021,6.6,1.35,9,0,477,1
EXP-02908,CANDELARIA,ALIMENTOS,Comisaria_1_Familia,2021,3.08,1.1,1,1,407,1
EXP-02909,VIJES,VIF,Juzgado_Penal_Municipal_1,2024,0.175,1.25,1,0,226,1
EXP-02910,EL AGUILA,SUSTANCIAS,Juzgado_Penal_Municipal_1,2023,0.1666666666666666,1.25,4,0,257,1
EXP-02911,LA UNION,SUSTANCIAS,Juzgado_3_Familia,2022,0.575,0.95,1,0,173,1
EXP-02912,VIJES,VIF,Comisaria_2_Familia,2024,0.175,0.9,1,0,62,0
EXP-02913,CALI,SUSTANCIAS,Juzgado_Penal_Municipal_2,2022,70.34,1.05,11,0,532,1
EXP-02914,GUACARI,ALIMENTOS,Juzgado_Penal_Municipal_1,2024,1.48,1.25,7,0,162,0
EXP-02915,VIJES,VIF,Juzgado_3_Familia,2024,0.175,0.95,1,0,98,0
EXP-02916,PALMIRA,VIF,Juzgado_Penal_Municipal_1,2023,11.54,1.25,2,0,256,1
EXP-02917,JAMUNDI,VIF,Juzgado_2_Familia,2021,2.64,1.2,1,0,110,0
EXP-02918,SEVILLA,ALIMENTOS,Juzgado_1_Familia,2024,1.62,1.35,5,0,376,1
EXP-02919,SIN_DATO,ALIMENTOS,Juzgado_3_Familia,2023,2.2,0.95,3,1,389,1
EXP-02920,CALI,VIF,Juzgado_2_Familia,2020,70.34,1.2,2,0,442,1
EXP-02921,EL CERRITO,VIF,Juzgado_Penal_Municipal_1,2024,1.1,1.25,9,0,284,1
EXP-02922,EL CAIRO,SUSTANCIAS,Juzgado_Penal_Municipal_2,2023,0.1,1.05,8,0,280,1
EXP-02923,JAMUNDI,VIF,Juzgado_Penal_Municipal_2,2020,2.64,1.05,2,0,213,1
EXP-02924,PALMIRA,VIF,Juzgado_2_Familia,2023,11.54,1.2,8,0,284,0
EXP-02925,CALI,VIF,Comisaria_2_Familia,2024,70.34,0.9,4,0,220,0
EXP-02926,CAICEDONIA,ALIMENTOS,Juzgado_3_Familia,2023,1.28,0.95,3,0,174,0
EXP-02927,SIN_DATO,VIF,Juzgado_Penal_Municipal_2,2024,2.2,1.05,13,0,294,1
EXP-02928,GUACARI,SUSTANCIAS,Juzgado_1_Familia,2023,1.48,1.35,3,0,292,1
EXP-02929,EL CERRITO,HURTO_PATRIMONIAL,Juzgado_Penal_Municipal_2,2021,1.1,1.05,1,1,431,1
EXP-02930,RESTREPO,ALIMENTOS,Juzgado_1_Familia,2021,0.24,1.35,1,0,125,0
EXP-02931,CALI,VIF,Juzgado_3_Familia,2024,70.34,0.95,2,0,421,1
EXP-02932,CALI,ALIMENTOS,Juzgado_1_Familia,2023,70.34,1.35,7,0,590,1
EXP-02933,CARTAGO,SUSTANCIAS,Comisaria_2_Familia,2021,5.56,0.9,7,0,237,1
EXP-02934,GINEBRA,VIF,Juzgado_Penal_Municipal_1,2023,0.6,1.25,3,0,104,0
EXP-02935,VIJES,HURTO_PATRIMONIAL,Juzgado_1_Familia,2022,0.175,1.35,1,0,373,1
EXP-02936,PALMIRA,SUSTANCIAS,Juzgado_1_Familia,2023,11.54,1.35,1,0,314,1
EXP-02937,ANSERMANUEVO,ALIMENTOS,Comisaria_2_Familia,2024,0.2,0.9,5,1,383,1
EXP-02938,FLORIDA,VIF,Comisaria_1_Familia,2021,0.8,1.1,1,0,90,0
EXP-02939,ZARZAL,SUSTANCIAS,Juzgado_Penal_Municipal_1,2022,1.12,1.25,2,0,273,1
EXP-02940,CALIMA,VIF,Comisaria_2_Familia,2024,0.3199999999999999,0.9,1,0,87,0
EXP-02941,CAICEDONIA,VIF,Juzgado_1_Familia,2024,1.28,1.35,1,0,241,1
EXP-02942,CALI,ALIMENTOS,Juzgado_1_Familia,2020,70.34,1.35,6,0,519,1
EXP-02943,OBANDO,HURTO_PATRIMONIAL,Juzgado_2_Familia,2021,0.38,1.2,3,0,317,1
EXP-02944,JAMUNDI,ALIMENTOS,Comisaria_1_Familia,2023,2.64,1.1,4,1,402,1
EXP-02945,CARTAGO,ALIMENTOS,Juzgado_3_Familia,2023,5.56,0.95,1,0,282,1
EXP-02946,CALI,ALIMENTOS,Juzgado_1_Familia,2021,70.34,1.35,8,0,601,1
EXP-02947,CALI,ALIMENTOS,Juzgado_2_Familia,2022,70.34,1.2,1,1,619,1
EXP-02948,ROLDANILLO,SUSTANCIAS,Comisaria_1_Familia,2022,1.26,1.1,5,0,248,1
EXP-02949,CALI,ALIMENTOS,Juzgado_Penal_Municipal_1,2023,70.34,1.25,5,0,521,1
EXP-02950,GUADALAJARA DE BUGA,ALIMENTOS,Juzgado_3_Familia,2024,6.6,0.95,2,0,151,0
EXP-02951,SEVILLA,ALIMENTOS,Juzgado_Penal_Municipal_1,2022,1.62,1.25,16,0,438,1
EXP-02952,CALI,ALIMENTOS,Juzgado_2_Familia,2021,70.34,1.2,1,1,625,1
EXP-02953,YOTOCO,VIF,Juzgado_1_Familia,2024,0.58,1.35,1,0,249,1
EXP-02954,RESTREPO,HURTO_PATRIMONIAL,Juzgado_2_Familia,2022,0.24,1.2,4,0,166,0
EXP-02955,ANDALUCIA,SUSTANCIAS,Comisaria_1_Familia,2021,0.38,1.1,3,0,235,1
EXP-02956,CAICEDONIA,VIF,Comisaria_1_Familia,2024,1.28,1.1,7,0,275,1
EXP-02957,CALI,ALIMENTOS,Comisaria_2_Familia,2023,70.34,0.9,9,0,490,1
EXP-02958,ANDALUCIA,VIF,Juzgado_3_Familia,2023,0.38,0.95,9,0,235,1
EXP-02959,FLORIDA,ALIMENTOS,Juzgado_Penal_Municipal_1,2022,0.8,1.25,3,0,341,1
EXP-02960,CAICEDONIA,HURTO_PATRIMONIAL,Juzgado_2_Familia,2024,1.28,1.2,6,0,372,1
EXP-02961,CARTAGO,ALIMENTOS,Comisaria_2_Familia,2020,5.56,0.9,1,0,226,1
EXP-02962,GINEBRA,VIF,Juzgado_2_Familia,2023,0.6,1.2,4,0,238,1
EXP-02963,LA CUMBRE,ALIMENTOS,Juzgado_Penal_Municipal_2,2024,0.24,1.05,2,1,412,1
EXP-02964,DAGUA,ALIMENTOS,Juzgado_Penal_Municipal_2,2024,1.3666666666666665,1.05,11,1,430,1
EXP-02965,TULUA,ALIMENTOS,Juzgado_Penal_Municipal_2,2021,3.34,1.05,4,1,464,1
EXP-02966,GUACARI,ALIMENTOS,Comisaria_2_Familia,2024,1.48,0.9,8,0,272,1
EXP-02967,LA VICTORIA,SUSTANCIAS,Juzgado_Penal_Municipal_1,2023,0.1666666666666666,1.25,6,0,285,1
EXP-02968,CALI,VIF,Comisaria_1_Familia,2024,70.34,1.1,1,0,382,1
EXP-02969,EL AGUILA,ALIMENTOS,Comisaria_1_Familia,2023,0.1666666666666666,1.1,1,0,260,1
EXP-02970,CALI,VIF,Juzgado_3_Familia,2024,70.34,0.95,3,0,422,1
EXP-02971,ANDALUCIA,SUSTANCIAS,Comisaria_1_Familia,2024,0.38,1.1,2,0,238,1
EXP-02972,CALI,ALIMENTOS,Juzgado_Penal_Municipal_1,2022,70.34,1.25,3,1,703,1
EXP-02973,TULUA,VIF,Comisaria_2_Familia,2024,3.34,0.9,5,0,235,1
EXP-02974,FLORIDA,HURTO_PATRIMONIAL,Juzgado_Penal_Municipal_2,2022,0.8,1.05,5,0,345,1
EXP-02975,PALMIRA,VIF,Comisaria_2_Familia,2024,11.54,0.9,1,0,190,1
EXP-02976,GUACARI,HURTO_PATRIMONIAL,Juzgado_Penal_Municipal_1,2023,1.48,1.25,7,1,311,0
EXP-02977,JAMUNDI,VIF,Juzgado_Penal_Municipal_2,2022,2.64,1.05,1,0,170,1
EXP-02978,PALMIRA,VIF,Juzgado_3_Familia,2024,11.54,0.95,6,0,230,1
EXP-02979,TULUA,VIF,Comisaria_2_Familia,2022,3.34,0.9,3,0,216,1
EXP-02980,CARTAGO,HURTO_PATRIMONIAL,Comisaria_2_Familia,2022,5.56,0.9,7,0,300,1
EXP-02981,SIN_DATO,VIF,Juzgado_1_Familia,2024,2.2,1.35,8,0,325,1
EXP-02982,TULUA,HURTO_PATRIMONIAL,Juzgado_2_Familia,2023,3.34,1.2,1,1,229,0
EXP-02983,BUENAVENTURA,VIF,Juzgado_3_Familia,2022,3.34,0.95,2,0,212,1
EXP-02984,RESTREPO,ALIMENTOS,Comisaria_2_Familia,2021,0.24,0.9,8,0,292,1
EXP-02985,CANDELARIA,SUSTANCIAS,Juzgado_Penal_Municipal_1,2020,3.08,1.25,3,0,284,1
EXP-02986,GINEBRA,VIF,Juzgado_1_Familia,2024,0.6,1.35,3,0,291,1
EXP-02987,RIOFRIO,ALIMENTOS,Juzgado_2_Familia,2022,0.175,1.2,11,1,543,1
EXP-02988,BOLIVAR,VIF,Juzgado_2_Familia,2020,0.2333333333333333,1.2,1,0,196,1
EXP-02989,OBANDO,ALIMENTOS,Comisaria_1_Familia,2021,0.38,1.1,9,0,368,1
EXP-02990,GUACARI,ALIMENTOS,Juzgado_Penal_Municipal_2,2024,1.48,1.05,2,0,274,1
EXP-02991,ZARZAL,HURTO_PATRIMONIAL,Juzgado_2_Familia,2020,1.12,1.2,1,0,405,1
EXP-02992,ALCALA,ALIMENTOS,Comisaria_2_Familia,2024,0.22,0.9,10,0,146,0
EXP-02993,SIN_DATO,ALIMENTOS,Juzgado_1_Familia,2024,2.2,1.35,3,1,420,1
EXP-02994,CALI,VIF,Comisaria_2_Familia,2022,70.34,0.9,1,0,342,0
EXP-02995,LA CUMBRE,ALIMENTOS,Juzgado_2_Familia,2022,0.24,1.2,2,1,434,1
EXP-02996,JAMUNDI,ALIMENTOS,Juzgado_Penal_Municipal_2,2024,2.64,1.05,1,0,221,0
EXP-02997,BOLIVAR,SUSTANCIAS,Juzgado_2_Familia,2021,0.2333333333333333,1.2,5,0,300,1
EXP-02998,CAICEDONIA,ALIMENTOS,Juzgado_3_Familia,2021,1.28,0.95,1,0,250,1
EXP-02999,CALI,VIF,Juzgado_2_Familia,2021,70.34,1.2,1,0,439,1
EXP-03000,LA UNION,ALIMENTOS,Juzgado_2_Familia,2024,0.575,1.2,5,1,249,0
EXP-03001,CALI,SUSTANCIAS,Juzgado_Penal_Municipal_2,2024,70.34,1.05,7,0,486,1
EXP-03002,CALI,VIF,Juzgado_Penal_Municipal_2,2023,70.34,1.05,3,0,414,1
EXP-03003,GUACARI,VIF,Juzgado_2_Familia,2023,1.48,1.2,5,0,257,1
EXP-03004,GUADALAJARA DE BUGA,VIF,Juzgado_2_Familia,2022,6.6,1.2,3,0,216,0
EXP-03005,GUADALAJARA DE BUGA,HURTO_PATRIMONIAL,Juzgado_2_Familia,2022,6.6,1.2,2,0,233,0
EXP-03006,PALMIRA,VIF,Juzgado_Penal_Municipal_1,2023,11.54,1.25,2,0,275,1
EXP-03007,PALMIRA,VIF,Juzgado_2_Familia,2021,11.54,1.2,2,0,243,1
EXP-03008,CANDELARIA,ALIMENTOS,Comisaria_1_Familia,2024,3.08,1.1,2,0,317,1
EXP-03009,CARTAGO,SUSTANCIAS,Comisaria_2_Familia,2024,5.56,0.9,6,0,288,1
EXP-03010,EL CAIRO,VIF,Juzgado_Penal_Municipal_1,2023,0.1,1.25,4,0,223,1
EXP-03011,CALI,ALIMENTOS,Comisaria_2_Familia,2022,70.34,0.9,4,0,471,1
EXP-03012,CALI,VIF,Juzgado_Penal_Municipal_2,2021,70.34,1.05,2,0,384,1
EXP-03013,CAICEDONIA,VIF,Comisaria_1_Familia,2023,1.28,1.1,21,0,223,0
EXP-03014,PALMIRA,HURTO_PATRIMONIAL,Juzgado_1_Familia,2023,11.54,1.35,5,0,489,1
EXP-03015,ROLDANILLO,HURTO_PATRIMONIAL,Comisaria_2_Familia,2022,1.26,0.9,7,0,295,1
EXP-03016,LA UNION,VIF,Comisaria_2_Familia,2023,0.575,0.9,6,0,226,1
EXP-03017,FLORIDA,HURTO_PATRIMONIAL,Juzgado_1_Familia,2024,0.8,1.35,11,0,484,1
EXP-03018,GUACARI,HURTO_PATRIMONIAL,Juzgado_3_Familia,2024,1.48,0.95,15,0,396,1
EXP-03019,ZARZAL,ALIMENTOS,Juzgado_1_Familia,2021,1.12,1.35,1,0,331,1
EXP-03020,GUADALAJARA DE BUGA,SUSTANCIAS,Comisaria_2_Familia,2022,6.6,0.9,6,0,250,1
EXP-03021,OBANDO,ALIMENTOS,Comisaria_1_Familia,2024,0.38,1.1,15,1,562,1
EXP-03022,PALMIRA,ALIMENTOS,Juzgado_2_Familia,2024,11.54,1.2,9,0,354,1
EXP-03023,PALMIRA,ALIMENTOS,Juzgado_1_Familia,2022,11.54,1.35,3,0,369,1
EXP-03024,PALMIRA,SUSTANCIAS,Juzgado_Penal_Municipal_1,2023,11.54,1.25,1,0,278,1
EXP-03025,SEVILLA,VIF,Juzgado_Penal_Municipal_1,2020,1.62,1.25,3,0,104,0
EXP-03026,CALI,ALIMENTOS,Juzgado_Penal_Municipal_1,2022,70.34,1.25,9,1,680,1
EXP-03027,GUADALAJARA DE BUGA,HURTO_PATRIMONIAL,Juzgado_2_Familia,2024,6.6,1.2,4,0,383,1
EXP-03028,GUADALAJARA DE BUGA,HURTO_PATRIMONIAL,Juzgado_Penal_Municipal_2,2022,6.6,1.05,1,1,409,1
EXP-03029,CAICEDONIA,VIF,Juzgado_3_Familia,2023,1.28,0.95,3,0,196,1
EXP-03030,CARTAGO,SUSTANCIAS,Comisaria_2_Familia,2023,5.56,0.9,1,0,198,1
EXP-03031,GUACARI,VIF,Juzgado_1_Familia,2022,1.48,1.35,5,0,316,1
EXP-03032,GUADALAJARA DE BUGA,HURTO_PATRIMONIAL,Juzgado_3_Familia,2023,6.6,0.95,1,0,238,1
EXP-03033,BUENAVENTURA,ALIMENTOS,Juzgado_Penal_Municipal_1,2021,3.34,1.25,2,0,337,1
EXP-03034,BUENAVENTURA,ALIMENTOS,Juzgado_Penal_Municipal_1,2023,3.34,1.25,8,1,295,0
EXP-03035,CARTAGO,HURTO_PATRIMONIAL,Comisaria_2_Familia,2023,5.56,0.9,3,0,285,1
EXP-03036,ZARZAL,SUSTANCIAS,Juzgado_Penal_Municipal_1,2021,1.12,1.25,2,0,147,0
EXP-03037,CALI,ALIMENTOS,Juzgado_Penal_Municipal_1,2021,70.34,1.25,7,0,569,1
EXP-03038,YOTOCO,SUSTANCIAS,Juzgado_Penal_Municipal_1,2021,0.58,1.25,1,0,239,1
EXP-03039,EL DOVIO,SUSTANCIAS,Juzgado_2_Familia,2021,0.1,1.2,3,0,237,1
EXP-03040,CALI,VIF,Juzgado_Penal_Municipal_1,2024,70.34,1.25,6,0,280,0
EXP-03041,JAMUNDI,ALIMENTOS,Juzgado_Penal_Municipal_1,2022,2.64,1.25,3,0,315,1
EXP-03042,SEVILLA,VIF,Juzgado_Penal_Municipal_2,2021,1.62,1.05,3,0,163,0
EXP-03043,CALI,VIF,Comisaria_2_Familia,2022,70.34,0.9,5,0,413,1
EXP-03044,TULUA,VIF,Juzgado_Penal_Municipal_1,2024,3.34,1.25,4,0,237,1
EXP-03045,CALI,ALIMENTOS,Juzgado_Penal_Municipal_2,2022,70.34,1.05,2,1,619,1
EXP-03046,CAICEDONIA,VIF,Juzgado_2_Familia,2022,1.28,1.2,9,0,264,1
EXP-03047,CALI,SUSTANCIAS,Juzgado_1_Familia,2024,70.34,1.35,7,0,300,0
EXP-03048,CALI,VIF,Juzgado_Penal_Municipal_2,2023,70.34,1.05,6,0,192,0
EXP-03049,FLORIDA,VIF,Comisaria_1_Familia,2024,0.8,1.1,10,0,307,1
EXP-03050,JAMUNDI,VIF,Juzgado_1_Familia,2021,2.64,1.35,3,0,244,1
EXP-03051,DAGUA,HURTO_PATRIMONIAL,Juzgado_1_Familia,2024,1.3666666666666665,1.35,7,0,393,1
EXP-03052,CALI,VIF,Juzgado_1_Familia,2023,70.34,1.35,6,0,426,0
EXP-03053,PALMIRA,HURTO_PATRIMONIAL,Juzgado_2_Familia,2023,11.54,1.2,5,0,389,1
EXP-03054,YUMBO,HURTO_PATRIMONIAL,Juzgado_1_Familia,2021,3.5,1.35,10,1,570,1
EXP-03055,LA UNION,ALIMENTOS,Comisaria_1_Familia,2023,0.575,1.1,2,1,396,1
EXP-03056,JAMUNDI,ALIMENTOS,Juzgado_Penal_Municipal_2,2021,2.64,1.05,20,0,394,1
EXP-03057,BUENAVENTURA,ALIMENTOS,Juzgado_Penal_Municipal_2,2024,3.34,1.05,6,0,195,0
EXP-03058,EL CERRITO,SUSTANCIAS,Juzgado_1_Familia,2021,1.1,1.35,2,0,284,1
EXP-03059,ZARZAL,VIF,Comisaria_2_Familia,2020,1.12,0.9,7,0,228,1
EXP-03060,SAN PEDRO,VIF,Juzgado_3_Familia,2024,0.3,0.95,4,0,222,1
EXP-03061,CALI,VIF,Juzgado_2_Familia,2024,70.34,1.2,9,0,475,1
EXP-03062,CALI,VIF,Juzgado_2_Familia,2020,70.34,1.2,9,0,454,1
EXP-03063,JAMUNDI,HURTO_PATRIMONIAL,Juzgado_3_Familia,2023,2.64,0.95,1,0,266,1
EXP-03064,ALCALA,SUSTANCIAS,Comisaria_1_Familia,2024,0.22,1.1,1,0,174,0
EXP-03065,CALI,ALIMENTOS,Juzgado_1_Familia,2023,70.34,1.35,7,0,609,1
EXP-03066,YUMBO,SUSTANCIAS,Comisaria_2_Familia,2023,3.5,0.9,1,0,233,1
EXP-03067,PALMIRA,VIF,Juzgado_1_Familia,2023,11.54,1.35,3,0,305,1
EXP-03068,CALI,ALIMENTOS,Juzgado_Penal_Municipal_2,2023,70.34,1.05,10,0,504,1
EXP-03069,PALMIRA,VIF,Juzgado_Penal_Municipal_1,2024,11.54,1.25,2,0,283,1
EXP-03070,CALIMA,HURTO_PATRIMONIAL,Comisaria_1_Familia,2022,0.3199999999999999,1.1,2,1,406,1
EXP-03071,SEVILLA,VIF,Juzgado_3_Familia,2021,1.62,0.95,6,0,201,1
EXP-03072,JAMUNDI,VIF,Comisaria_1_Familia,2024,2.64,1.1,4,0,262,1
EXP-03073,CAICEDONIA,ALIMENTOS,Comisaria_1_Familia,2024,1.28,1.1,12,0,398,1
EXP-03074,SIN_DATO,VIF,Juzgado_1_Familia,2022,2.2,1.35,3,0,265,1
EXP-03075,CALI,VIF,Comisaria_1_Familia,2022,70.34,1.1,2,0,442,1
EXP-03076,TORO,HURTO_PATRIMONIAL,Juzgado_2_Familia,2024,0.1333333333333333,1.2,5,0,358,1
EXP-03077,BUENAVENTURA,VIF,Comisaria_2_Familia,2022,3.34,0.9,3,0,197,1
EXP-03078,BUENAVENTURA,HURTO_PATRIMONIAL,Juzgado_3_Familia,2022,3.34,0.95,6,0,370,1
EXP-03079,ZARZAL,ALIMENTOS,Comisaria_1_Familia,2024,1.12,1.1,5,0,283,0
EXP-03080,ROLDANILLO,HURTO_PATRIMONIAL,Comisaria_1_Familia,2022,1.26,1.1,5,0,359,1
EXP-03081,GUADALAJARA DE BUGA,HURTO_PATRIMONIAL,Juzgado_Penal_Municipal_1,2024,6.6,1.25,1,1,565,1
EXP-03082,FLORIDA,ALIMENTOS,Juzgado_3_Familia,2023,0.8,0.95,4,0,305,1
EXP-03083,CALI,HURTO_PATRIMONIAL,Comisaria_1_Familia,2022,70.34,1.1,2,0,599,1
EXP-03084,CALI,HURTO_PATRIMONIAL,Juzgado_1_Familia,2023,70.34,1.35,11,0,667,1
EXP-03085,CARTAGO,ALIMENTOS,Juzgado_1_Familia,2020,5.56,1.35,8,0,416,1
EXP-03086,DAGUA,SUSTANCIAS,Comisaria_1_Familia,2024,1.3666666666666665,1.1,5,0,252,1
EXP-03087,CALI,ALIMENTOS,Juzgado_1_Familia,2021,70.34,1.35,7,0,586,1
EXP-03088,CALI,HURTO_PATRIMONIAL,Juzgado_Penal_Municipal_1,2024,70.34,1.25,1,0,565,1
EXP-03089,SAN PEDRO,VIF,Comisaria_1_Familia,2023,0.3,1.1,3,0,206,0
EXP-03090,DAGUA,ALIMENTOS,Juzgado_3_Familia,2023,1.3666666666666665,0.95,6,0,284,1
EXP-03091,ROLDANILLO,HURTO_PATRIMONIAL,Juzgado_3_Familia,2022,1.26,0.95,8,1,462,1
EXP-03092,CALI,VIF,Comisaria_1_Familia,2024,70.34,1.1,12,0,499,1
EXP-03093,CARTAGO,VIF,Juzgado_Penal_Municipal_2,2023,5.56,1.05,14,0,308,1
EXP-03094,SIN_DATO,SUSTANCIAS,Juzgado_Penal_Municipal_1,2022,2.2,1.25,8,0,276,1
EXP-03095,GUADALAJARA DE BUGA,ALIMENTOS,Juzgado_3_Familia,2024,6.6,0.95,15,0,225,0
EXP-03096,ROLDANILLO,HURTO_PATRIMONIAL,Juzgado_Penal_Municipal_2,2024,1.26,1.05,5,0,328,1
EXP-03097,GUACARI,VIF,Juzgado_Penal_Municipal_2,2024,1.48,1.05,4,0,143,0
EXP-03098,PALMIRA,SUSTANCIAS,Comisaria_1_Familia,2021,11.54,1.1,5,0,295,1
EXP-03099,CARTAGO,SUSTANCIAS,Juzgado_1_Familia,2021,5.56,1.35,5,0,278,1
EXP-03100,ANDALUCIA,HURTO_PATRIMONIAL,Comisaria_2_Familia,2023,0.38,0.9,18,0,230,0
EXP-03101,DAGUA,ALIMENTOS,Juzgado_1_Familia,2022,1.3666666666666665,1.35,1,0,332,1
EXP-03102,EL CERRITO,ALIMENTOS,Juzgado_2_Familia,2024,1.1,1.2,1,0,283,1
EXP-03103,TORO,SUSTANCIAS,Juzgado_Penal_Municipal_2,2021,0.1333333333333333,1.05,8,0,275,1
EXP-03104,CAICEDONIA,HURTO_PATRIMONIAL,Juzgado_Penal_Municipal_2,2023,1.28,1.05,2,0,263,1
EXP-03105,GUACARI,ALIMENTOS,Juzgado_Penal_Municipal_2,2023,1.48,1.05,4,0,301,1
EXP-03106,YUMBO,ALIMENTOS,Juzgado_2_Familia,2023,3.5,1.2,12,0,445,1
EXP-03107,PALMIRA,VIF,Comisaria_2_Familia,2020,11.54,0.9,1,0,82,0
EXP-03108,CALI,VIF,Juzgado_Penal_Municipal_1,2024,70.34,1.25,8,0,478,1
EXP-03109,LA UNION,ALIMENTOS,Juzgado_3_Familia,2021,0.575,0.95,12,0,339,1
EXP-03110,PALMIRA,VIF,Juzgado_Penal_Municipal_1,2022,11.54,1.25,9,0,323,1
EXP-03111,BOLIVAR,SUSTANCIAS,Comisaria_1_Familia,2024,0.2333333333333333,1.1,2,0,220,1
EXP-03112,CALI,VIF,Juzgado_2_Familia,2023,70.34,1.2,5,0,473,1
EXP-03113,CALI,HURTO_PATRIMONIAL,Juzgado_1_Familia,2022,70.34,1.35,1,1,698,1
EXP-03114,TULUA,VIF,Juzgado_2_Familia,2023,3.34,1.2,5,0,230,0
EXP-03115,DAGUA,ALIMENTOS,Juzgado_1_Familia,2021,1.3666666666666665,1.35,11,1,563,1
EXP-03116,CALI,ALIMENTOS,Juzgado_Penal_Municipal_1,2024,70.34,1.25,1,1,657,1
EXP-03117,CANDELARIA,VIF,Comisaria_1_Familia,2023,3.08,1.1,1,0,240,1
EXP-03118,ZARZAL,ALIMENTOS,Juzgado_Penal_Municipal_2,2022,1.12,1.05,7,0,268,1
EXP-03119,CALI,VIF,Comisaria_1_Familia,2020,70.34,1.1,3,0,428,1
EXP-03120,GUADALAJARA DE BUGA,ALIMENTOS,Juzgado_2_Familia,2023,6.6,1.2,7,0,333,1
EXP-03121,CARTAGO,HURTO_PATRIMONIAL,Juzgado_3_Familia,2024,5.56,0.95,1,0,313,1
EXP-03122,CAICEDONIA,ALIMENTOS,Juzgado_2_Familia,2020,1.28,1.2,14,0,375,0
EXP-03123,GUACARI,VIF,Juzgado_1_Familia,2024,1.48,1.35,6,0,288,1
EXP-03124,PALMIRA,VIF,Juzgado_3_Familia,2022,11.54,0.95,11,0,298,1
EXP-03125,CALIMA,SUSTANCIAS,Juzgado_2_Familia,2020,0.3199999999999999,1.2,3,0,237,1
EXP-03126,CALI,ALIMENTOS,Juzgado_Penal_Municipal_1,2024,70.34,1.25,6,1,580,0
EXP-03127,JAMUNDI,SUSTANCIAS,Juzgado_3_Familia,2022,2.64,0.95,1,0,152,0
EXP-03128,BOLIVAR,ALIMENTOS,Juzgado_1_Familia,2023,0.2333333333333333,1.35,2,0,292,0
EXP-03129,ROLDANILLO,HURTO_PATRIMONIAL,Comisaria_1_Familia,2020,1.26,1.1,1,0,341,1
EXP-03130,ANSERMANUEVO,ALIMENTOS,Juzgado_2_Familia,2023,0.2,1.2,1,0,146,0
EXP-03131,JAMUNDI,ALIMENTOS,Juzgado_2_Familia,2023,2.64,1.2,10,1,579,1
EXP-03132,BUENAVENTURA,ALIMENTOS,Comisaria_2_Familia,2020,3.34,0.9,1,1,381,1
EXP-03133,CALI,ALIMENTOS,Comisaria_2_Familia,2024,70.34,0.9,6,1,392,0
EXP-03134,CARTAGO,VIF,Juzgado_1_Familia,2024,5.56,1.35,11,0,397,1
EXP-03135,CALI,VIF,Juzgado_Penal_Municipal_2,2022,70.34,1.05,9,0,478,1
EXP-03136,RIOFRIO,ALIMENTOS,Comisaria_1_Familia,2024,0.175,1.1,1,1,427,1
EXP-03137,CALI,HURTO_PATRIMONIAL,Juzgado_3_Familia,2021,70.34,0.95,2,0,280,0
EXP-03138,CALI,VIF,Juzgado_2_Familia,2022,70.34,1.2,10,0,500,1
EXP-03139,GUADALAJARA DE BUGA,HURTO_PATRIMONIAL,Juzgado_Penal_Municipal_2,2021,6.6,1.05,1,0,311,1
EXP-03140,CALI,ALIMENTOS,Comisaria_2_Familia,2023,70.34,0.9,1,0,412,1
EXP-03141,FLORIDA,HURTO_PATRIMONIAL,Comisaria_2_Familia,2021,0.8,0.9,1,0,102,0
EXP-03142,GUADALAJARA DE BUGA,ALIMENTOS,Juzgado_1_Familia,2020,6.6,1.35,3,1,502,1
EXP-03143,YOTOCO,VIF,Comisaria_2_Familia,2023,0.58,0.9,8,0,203,1
EXP-03144,CALI,VIF,Juzgado_2_Familia,2023,70.34,1.2,2,0,466,1
EXP-03145,CANDELARIA,HURTO_PATRIMONIAL,Juzgado_Penal_Municipal_2,2024,3.08,1.05,3,0,339,1
EXP-03146,CANDELARIA,HURTO_PATRIMONIAL,Juzgado_Penal_Municipal_1,2023,3.08,1.25,11,0,445,1
EXP-03147,JAMUNDI,ALIMENTOS,Juzgado_3_Familia,2024,2.64,0.95,1,0,225,1
EXP-03148,GUADALAJARA DE BUGA,SUSTANCIAS,Juzgado_2_Familia,2021,6.6,1.2,8,0,296,1
EXP-03149,BUENAVENTURA,VIF,Juzgado_Penal_Municipal_2,2023,3.34,1.05,1,0,181,1
EXP-03150,YUMBO,ALIMENTOS,Juzgado_Penal_Municipal_1,2024,3.5,1.25,1,0,283,1
EXP-03151,CARTAGO,HURTO_PATRIMONIAL,Comisaria_1_Familia,2020,5.56,1.1,1,0,341,1
EXP-03152,GUADALAJARA DE BUGA,HURTO_PATRIMONIAL,Juzgado_1_Familia,2024,6.6,1.35,12,1,595,1
EXP-03153,JAMUNDI,VIF,Juzgado_Penal_Municipal_1,2022,2.64,1.25,1,0,219,1
EXP-03154,SIN_DATO,VIF,Juzgado_Penal_Municipal_2,2024,2.2,1.05,13,0,329,1
EXP-03155,LA UNION,ALIMENTOS,Juzgado_3_Familia,2024,0.575,0.95,6,1,447,1
EXP-03156,CALI,ALIMENTOS,Comisaria_1_Familia,2024,70.34,1.1,3,0,517,1
EXP-03157,CALI,ALIMENTOS,Juzgado_1_Familia,2024,70.34,1.35,11,0,594,1
EXP-03158,CALI,HURTO_PATRIMONIAL,Juzgado_Penal_Municipal_1,2021,70.34,1.25,2,1,716,1
EXP-03159,GUADALAJARA DE BUGA,ALIMENTOS,Juzgado_Penal_Municipal_1,2020,6.6,1.25,3,1,486,1
EXP-03160,OBANDO,ALIMENTOS,Comisaria_2_Familia,2024,0.38,0.9,9,0,289,1
EXP-03161,SEVILLA,VIF,Juzgado_Penal_Municipal_1,2023,1.62,1.25,5,0,270,1
EXP-03162,ALCALA,VIF,Juzgado_Penal_Municipal_1,2023,0.22,1.25,6,0,243,1
EXP-03163,BOLIVAR,VIF,Juzgado_2_Familia,2021,0.2333333333333333,1.2,9,0,273,1
EXP-03164,JAMUNDI,VIF,Juzgado_Penal_Municipal_2,2022,2.64,1.05,2,0,214,1
EXP-03165,RIOFRIO,HURTO_PATRIMONIAL,Comisaria_2_Familia,2024,0.175,0.9,5,0,360,1
EXP-03166,CALI,HURTO_PATRIMONIAL,Juzgado_2_Familia,2024,70.34,1.2,4,0,426,0
EXP-03167,CAICEDONIA,ALIMENTOS,Comisaria_1_Familia,2021,1.28,1.1,14,1,509,1
EXP-03168,SAN PEDRO,SUSTANCIAS,Juzgado_Penal_Municipal_1,2020,0.3,1.25,2,0,228,0
EXP-03169,GUACARI,HURTO_PATRIMONIAL,Comisaria_1_Familia,2023,1.48,1.1,2,1,441,1
EXP-03170,ROLDANILLO,VIF,Juzgado_Penal_Municipal_2,2024,1.26,1.05,12,0,297,1
EXP-03171,CALI,ALIMENTOS,Juzgado_2_Familia,2023,70.34,1.2,11,0,624,1
EXP-03172,CAICEDONIA,HURTO_PATRIMONIAL,Juzgado_2_Familia,2021,1.28,1.2,2,0,216,0
EXP-03173,CALI,HURTO_PATRIMONIAL,Juzgado_3_Familia,2022,70.34,0.95,5,0,462,1
EXP-03174,CALIMA,SUSTANCIAS,Juzgado_3_Familia,2020,0.3199999999999999,0.95,2,0,187,1
EXP-03175,CALI,ALIMENTOS,Comisaria_1_Familia,2022,70.34,1.1,1,1,602,1
EXP-03176,PALMIRA,ALIMENTOS,Juzgado_Penal_Municipal_2,2023,11.54,1.05,8,0,323,1
EXP-03177,GUADALAJARA DE BUGA,VIF,Juzgado_Penal_Municipal_1,2020,6.6,1.25,2,0,231,1
EXP-03178,ROLDANILLO,VIF,Juzgado_3_Familia,2021,1.26,0.95,3,0,79,0
EXP-03179,GUADALAJARA DE BUGA,VIF,Juzgado_1_Familia,2021,6.6,1.35,5,0,280,1
EXP-03180,TULUA,VIF,Comisaria_2_Familia,2022,3.34,0.9,3,0,189,1
EXP-03181,LA UNION,ALIMENTOS,Juzgado_1_Familia,2022,0.575,1.35,3,0,197,0
EXP-03182,TULUA,ALIMENTOS,Juzgado_Penal_Municipal_1,2022,3.34,1.25,3,1,490,1
EXP-03183,JAMUNDI,ALIMENTOS,Juzgado_2_Familia,2023,2.64,1.2,9,1,466,1
EXP-03184,CALI,VIF,Juzgado_Penal_Municipal_1,2023,70.34,1.25,3,0,305,0
EXP-03185,CALI,ALIMENTOS,Juzgado_Penal_Municipal_1,2021,70.34,1.25,8,1,708,1
EXP-03186,CANDELARIA,VIF,Juzgado_1_Familia,2023,3.08,1.35,3,0,256,1
EXP-03187,CAICEDONIA,ALIMENTOS,Juzgado_3_Familia,2024,1.28,0.95,2,0,238,1
EXP-03188,BUENAVENTURA,VIF,Juzgado_3_Familia,2024,3.34,0.95,1,0,119,0
EXP-03189,PALMIRA,ALIMENTOS,Juzgado_1_Familia,2020,11.54,1.35,4,1,532,1
EXP-03190,PALMIRA,VIF,Juzgado_3_Familia,2020,11.54,0.95,1,0,211,1
EXP-03191,OBANDO,SUSTANCIAS,Comisaria_2_Familia,2022,0.38,0.9,7,0,221,1
EXP-03192,BUENAVENTURA,HURTO_PATRIMONIAL,Juzgado_Penal_Municipal_1,2020,3.34,1.25,1,1,452,1
EXP-03193,DAGUA,ALIMENTOS,Juzgado_Penal_Municipal_2,2023,1.3666666666666665,1.05,2,0,176,0
EXP-03194,GUADALAJARA DE BUGA,VIF,Comisaria_2_Familia,2024,6.6,0.9,3,0,195,1
EXP-03195,CALI,VIF,Juzgado_Penal_Municipal_2,2024,70.34,1.05,6,0,447,1
EXP-03196,ZARZAL,HURTO_PATRIMONIAL,Juzgado_3_Familia,2020,1.12,0.95,2,1,364,1
EXP-03197,YUMBO,HURTO_PATRIMONIAL,Juzgado_Penal_Municipal_2,2024,3.5,1.05,1,0,339,1
EXP-03198,ROLDANILLO,HURTO_PATRIMONIAL,Juzgado_3_Familia,2022,1.26,0.95,3,0,279,1
EXP-03199,CALI,ALIMENTOS,Juzgado_2_Familia,2022,70.34,1.2,4,0,513,1
EXP-03200,CARTAGO,VIF,Juzgado_3_Familia,2024,5.56,0.95,7,0,246,1
EXP-03201,SEVILLA,SUSTANCIAS,Juzgado_3_Familia,2023,1.62,0.95,10,0,287,1
EXP-03202,CALI,ALIMENTOS,Juzgado_Penal_Municipal_1,2024,70.34,1.25,1,0,341,0
EXP-03203,CALI,VIF,Juzgado_1_Familia,2023,70.34,1.35,3,0,467,1
EXP-03204,BUENAVENTURA,ALIMENTOS,Comisaria_2_Familia,2024,3.34,0.9,4,1,392,1
EXP-03205,EL CAIRO,HURTO_PATRIMONIAL,Comisaria_2_Familia,2023,0.1,0.9,4,1,434,1
EXP-03206,CALI,ALIMENTOS,Juzgado_2_Familia,2021,70.34,1.2,17,1,413,0
EXP-03207,LA CUMBRE,ALIMENTOS,Juzgado_2_Familia,2021,0.24,1.2,4,0,346,1
EXP-03208,TULUA,VIF,Juzgado_2_Familia,2022,3.34,1.2,3,0,259,1
EXP-03209,CANDELARIA,VIF,Comisaria_2_Familia,2023,3.08,0.9,3,0,198,1
EXP-03210,TRUJILLO,SUSTANCIAS,Comisaria_2_Familia,2023,0.225,0.9,3,0,142,0
EXP-03211,SAN PEDRO,HURTO_PATRIMONIAL,Juzgado_2_Familia,2023,0.3,1.2,1,0,317,1
EXP-03212,YOTOCO,VIF,Juzgado_Penal_Municipal_1,2023,0.58,1.25,3,0,247,1
EXP-03213,CALI,VIF,Juzgado_Penal_Municipal_1,2022,70.34,1.25,5,0,475,1
EXP-03214,RIOFRIO,VIF,Comisaria_2_Familia,2022,0.175,0.9,1,0,153,1
EXP-03215,CANDELARIA,ALIMENTOS,Comisaria_2_Familia,2021,3.08,0.9,5,0,236,1
EXP-03216,GINEBRA,VIF,Juzgado_Penal_Municipal_1,2024,0.6,1.25,7,0,287,1
EXP-03217,JAMUNDI,HURTO_PATRIMONIAL,Juzgado_3_Familia,2022,2.64,0.95,3,0,315,1
EXP-03218,CALI,VIF,Juzgado_1_Familia,2023,70.34,1.35,8,0,523,1
EXP-03219,SEVILLA,VIF,Juzgado_Penal_Municipal_1,2022,1.62,1.25,3,0,239,1
EXP-03220,SEVILLA,HURTO_PATRIMONIAL,Juzgado_3_Familia,2020,1.62,0.95,7,1,336,0
EXP-03221,SIN_DATO,HURTO_PATRIMONIAL,Juzgado_Penal_Municipal_2,2021,2.2,1.05,4,0,274,0
EXP-03222,YUMBO,HURTO_PATRIMONIAL,Juzgado_1_Familia,2024,3.5,1.35,2,0,288,0
EXP-03223,SEVILLA,HURTO_PATRIMONIAL,Juzgado_1_Familia,2023,1.62,1.35,6,0,426,1
EXP-03224,BUENAVENTURA,ALIMENTOS,Juzgado_2_Familia,2022,3.34,1.2,7,0,339,1
EXP-03225,CALI,SUSTANCIAS,Comisaria_2_Familia,2023,70.34,0.9,8,0,183,0
EXP-03226,GUACARI,ALIMENTOS,Juzgado_Penal_Municipal_2,2023,1.48,1.05,2,0,245,1
EXP-03227,YUMBO,VIF,Comisaria_1_Familia,2021,3.5,1.1,9,0,264,1
EXP-03228,OBANDO,ALIMENTOS,Juzgado_1_Familia,2020,0.38,1.35,2,1,497,1
EXP-03229,GUADALAJARA DE BUGA,VIF,Comisaria_1_Familia,2022,6.6,1.1,3,0,237,1
EXP-03230,CARTAGO,VIF,Juzgado_Penal_Municipal_1,2024,5.56,1.25,4,0,282,1
EXP-03231,TRUJILLO,VIF,Juzgado_2_Familia,2024,0.225,1.2,1,0,200,1
EXP-03232,BUENAVENTURA,VIF,Juzgado_Penal_Municipal_2,2020,3.34,1.05,3,0,242,1
EXP-03233,BOLIVAR,VIF,Comisaria_1_Familia,2024,0.2333333333333333,1.1,1,0,182,1
EXP-03234,ZARZAL,ALIMENTOS,Juzgado_1_Familia,2024,1.12,1.35,1,0,195,0
EXP-03235,CANDELARIA,ALIMENTOS,Juzgado_1_Familia,2020,3.08,1.35,2,1,471,1
EXP-03236,ANDALUCIA,HURTO_PATRIMONIAL,Juzgado_Penal_Municipal_1,2023,0.38,1.25,15,1,279,0
EXP-03237,BOLIVAR,SUSTANCIAS,Juzgado_Penal_Municipal_1,2022,0.2333333333333333,1.25,3,0,258,1
EXP-03238,ROLDANILLO,HURTO_PATRIMONIAL,Comisaria_2_Familia,2023,1.26,0.9,6,1,489,1
EXP-03239,ANSERMANUEVO,VIF,Juzgado_Penal_Municipal_1,2023,0.2,1.25,9,0,303,1
EXP-03240,GUADALAJARA DE BUGA,ALIMENTOS,Comisaria_1_Familia,2020,6.6,1.1,1,0,305,1
EXP-03241,EL CERRITO,HURTO_PATRIMONIAL,Juzgado_3_Familia,2024,1.1,0.95,6,1,455,1
EXP-03242,ROLDANILLO,VIF,Comisaria_2_Familia,2021,1.26,0.9,9,0,158,0
EXP-03243,BUENAVENTURA,SUSTANCIAS,Juzgado_3_Familia,2022,3.34,0.95,6,0,252,1
EXP-03244,YUMBO,HURTO_PATRIMONIAL,Juzgado_3_Familia,2024,3.5,0.95,6,0,319,1
EXP-03245,JAMUNDI,HURTO_PATRIMONIAL,Juzgado_3_Familia,2023,2.64,0.95,2,0,306,1
EXP-03246,CARTAGO,ALIMENTOS,Juzgado_1_Familia,2024,5.56,1.35,8,0,382,1
EXP-03247,FLORIDA,ALIMENTOS,Juzgado_1_Familia,2021,0.8,1.35,4,0,299,1
EXP-03248,ROLDANILLO,ALIMENTOS,Juzgado_Penal_Municipal_1,2022,1.26,1.25,1,1,483,1
EXP-03249,CARTAGO,HURTO_PATRIMONIAL,Juzgado_Penal_Municipal_1,2022,5.56,1.25,2,0,399,1
EXP-03250,GUADALAJARA DE BUGA,HURTO_PATRIMONIAL,Juzgado_3_Familia,2023,6.6,0.95,3,0,299,1
EXP-03251,DAGUA,VIF,Comisaria_1_Familia,2020,1.3666666666666665,1.1,13,0,288,1
EXP-03252,YUMBO,ALIMENTOS,Juzgado_Penal_Municipal_2,2023,3.5,1.05,5,0,285,1
EXP-03253,LA VICTORIA,ALIMENTOS,Comisaria_1_Familia,2023,0.1666666666666666,1.1,1,0,282,1
EXP-03254,CARTAGO,HURTO_PATRIMONIAL,Juzgado_Penal_Municipal_1,2024,5.56,1.25,3,0,409,1
EXP-03255,CALI,VIF,Juzgado_Penal_Municipal_2,2023,70.34,1.05,3,0,248,0
EXP-03256,LA UNION,ALIMENTOS,Juzgado_Penal_Municipal_1,2023,0.575,1.25,4,1,461,1
EXP-03257,FLORIDA,ALIMENTOS,Juzgado_2_Familia,2024,0.8,1.2,2,0,294,1
EXP-03258,GUACARI,VIF,Juzgado_Penal_Municipal_1,2024,1.48,1.25,3,0,269,1
EXP-03259,EL CERRITO,HURTO_PATRIMONIAL,Juzgado_1_Familia,2022,1.1,1.35,4,0,415,1
EXP-03260,LA CUMBRE,VIF,Comisaria_1_Familia,2024,0.24,1.1,4,0,220,1
EXP-03261,CAICEDONIA,HURTO_PATRIMONIAL,Juzgado_2_Familia,2021,1.28,1.2,4,0,406,1
EXP-03262,CALI,ALIMENTOS,Juzgado_Penal_Municipal_2,2020,70.34,1.05,2,1,634,1
EXP-03263,CANDELARIA,VIF,Juzgado_2_Familia,2022,3.08,1.2,6,0,283,1
EXP-03264,CARTAGO,ALIMENTOS,Comisaria_2_Familia,2024,5.56,0.9,5,0,158,0
EXP-03265,SEVILLA,HURTO_PATRIMONIAL,Juzgado_Penal_Municipal_1,2021,1.62,1.25,3,0,350,1
EXP-03266,PALMIRA,VIF,Comisaria_1_Familia,2022,11.54,1.1,7,0,291,1
EXP-03267,CALI,VIF,Comisaria_2_Familia,2023,70.34,0.9,3,0,389,1
EXP-03268,CARTAGO,VIF,Juzgado_3_Familia,2024,5.56,0.95,6,0,210,1
EXP-03269,BUENAVENTURA,VIF,Juzgado_1_Familia,2024,3.34,1.35,3,0,286,1
EXP-03270,ANSERMANUEVO,VIF,Juzgado_3_Familia,2024,0.2,0.95,1,0,151,1
EXP-03271,FLORIDA,ALIMENTOS,Juzgado_Penal_Municipal_1,2021,0.8,1.25,4,1,452,1
EXP-03272,PALMIRA,SUSTANCIAS,Juzgado_1_Familia,2022,11.54,1.35,13,0,441,1
EXP-03273,CALI,VIF,Juzgado_Penal_Municipal_1,2021,70.34,1.25,2,0,418,1
EXP-03274,SEVILLA,ALIMENTOS,Juzgado_2_Familia,2023,1.62,1.2,2,0,216,0
EXP-03275,PALMIRA,ALIMENTOS,Juzgado_3_Familia,2023,11.54,0.95,9,0,351,1
EXP-03276,PALMIRA,HURTO_PATRIMONIAL,Juzgado_2_Familia,2020,11.54,1.2,6,0,410,1
EXP-03277,CALI,ALIMENTOS,Juzgado_1_Familia,2020,70.34,1.35,5,1,682,0
EXP-03278,CANDELARIA,ALIMENTOS,Juzgado_Penal_Municipal_1,2024,3.08,1.25,1,0,303,1
EXP-03279,ROLDANILLO,VIF,Juzgado_Penal_Municipal_2,2024,1.26,1.05,1,0,203,1
EXP-03280,GUADALAJARA DE BUGA,ALIMENTOS,Juzgado_3_Familia,2021,6.6,0.95,4,0,260,1
EXP-03281,GUADALAJARA DE BUGA,SUSTANCIAS,Juzgado_2_Familia,2024,6.6,1.2,1,0,281,1
EXP-03282,CALI,HURTO_PATRIMONIAL,Juzgado_1_Familia,2024,70.34,1.35,4,0,586,1
EXP-03283,PALMIRA,VIF,Juzgado_3_Familia,2024,11.54,0.95,4,0,225,1
EXP-03284,GUADALAJARA DE BUGA,SUSTANCIAS,Juzgado_1_Familia,2024,6.6,1.35,7,0,337,1
EXP-03285,PALMIRA,VIF,Juzgado_2_Familia,2023,11.54,1.2,6,0,286,1
EXP-03286,GUADALAJARA DE BUGA,SUSTANCIAS,Juzgado_Penal_Municipal_2,2024,6.6,1.05,7,0,273,1
EXP-03287,ZARZAL,ALIMENTOS,Juzgado_2_Familia,2024,1.12,1.2,2,1,331,0
EXP-03288,GUACARI,SUSTANCIAS,Juzgado_1_Familia,2023,1.48,1.35,1,0,246,1
EXP-03289,CANDELARIA,VIF,Juzgado_2_Familia,2023,3.08,1.2,2,0,134,0
EXP-03290,ZARZAL,ALIMENTOS,Juzgado_3_Familia,2022,1.12,0.95,1,0,238,1
EXP-03291,CALI,ALIMENTOS,Juzgado_1_Familia,2024,70.34,1.35,5,1,690,1
EXP-03292,PALMIRA,ALIMENTOS,Juzgado_2_Familia,2024,11.54,1.2,3,1,478,1
EXP-03293,SIN_DATO,VIF,Juzgado_2_Familia,2024,2.2,1.2,2,0,266,1
EXP-03294,CALI,ALIMENTOS,Juzgado_Penal_Municipal_1,2021,70.34,1.25,6,1,489,0
EXP-03295,GUACARI,HURTO_PATRIMONIAL,Juzgado_Penal_Municipal_2,2021,1.48,1.05,1,1,478,1
EXP-03296,EL CERRITO,VIF,Juzgado_Penal_Municipal_1,2021,1.1,1.25,8,0,289,1
EXP-03297,DAGUA,VIF,Comisaria_2_Familia,2023,1.3666666666666665,0.9,3,0,150,1
EXP-03298,GUADALAJARA DE BUGA,ALIMENTOS,Comisaria_1_Familia,2021,6.6,1.1,8,1,215,0
EXP-03299,CARTAGO,ALIMENTOS,Juzgado_1_Familia,2022,5.56,1.35,1,0,354,1
EXP-03300,CAICEDONIA,VIF,Comisaria_2_Familia,2024,1.28,0.9,2,0,170,1
EXP-03301,CALIMA,ALIMENTOS,Juzgado_2_Familia,2021,0.3199999999999999,1.2,5,1,381,0
EXP-03302,CALI,ALIMENTOS,Comisaria_1_Familia,2021,70.34,1.1,2,1,669,1
EXP-03303,RESTREPO,VIF,Juzgado_2_Familia,2022,0.24,1.2,2,0,196,1
EXP-03304,GUADALAJARA DE BUGA,VIF,Comisaria_2_Familia,2024,6.6,0.9,2,0,195,1
EXP-03305,CALI,ALIMENTOS,Juzgado_1_Familia,2023,70.34,1.35,8,0,562,1
EXP-03306,SAN PEDRO,ALIMENTOS,Juzgado_Penal_Municipal_1,2024,0.3,1.25,5,0,353,1
EXP-03307,TULUA,VIF,Juzgado_3_Familia,2023,3.34,0.95,1,0,197,1
EXP-03308,ZARZAL,ALIMENTOS,Juzgado_1_Familia,2022,1.12,1.35,6,0,352,1
EXP-03309,SIN_DATO,ALIMENTOS,Comisaria_2_Familia,2022,2.2,0.9,2,0,221,1
EXP-03310,PALMIRA,VIF,Comisaria_2_Familia,2023,11.54,0.9,14,0,278,1
EXP-03311,CALI,HURTO_PATRIMONIAL,Comisaria_2_Familia,2023,70.34,0.9,1,0,421,1
EXP-03312,PALMIRA,VIF,Comisaria_2_Familia,2024,11.54,0.9,7,0,169,0
EXP-03313,PALMIRA,HURTO_PATRIMONIAL,Juzgado_3_Familia,2023,11.54,0.95,1,1,401,1
EXP-03314,CALI,HURTO_PATRIMONIAL,Juzgado_2_Familia,2022,70.34,1.2,10,0,579,1
EXP-03315,CANDELARIA,SUSTANCIAS,Juzgado_3_Familia,2024,3.08,0.95,4,0,238,1
EXP-03316,PALMIRA,HURTO_PATRIMONIAL,Comisaria_1_Familia,2022,11.54,1.1,4,1,505,1
EXP-03317,GUADALAJARA DE BUGA,SUSTANCIAS,Juzgado_Penal_Municipal_2,2024,6.6,1.05,10,0,284,1
EXP-03318,CALI,ALIMENTOS,Juzgado_3_Familia,2021,70.34,0.95,2,0,476,1
EXP-03319,CALI,VIF,Comisaria_1_Familia,2023,70.34,1.1,2,0,266,0
EXP-03320,GUADALAJARA DE BUGA,VIF,Juzgado_Penal_Municipal_2,2020,6.6,1.05,4,0,226,1
EXP-03321,CAICEDONIA,HURTO_PATRIMONIAL,Juzgado_Penal_Municipal_1,2022,1.28,1.25,3,0,373,1
EXP-03322,GUADALAJARA DE BUGA,SUSTANCIAS,Juzgado_Penal_Municipal_1,2023,6.6,1.25,1,0,204,1
EXP-03323,PALMIRA,VIF,Juzgado_1_Familia,2021,11.54,1.35,2,0,309,1
EXP-03324,GUACARI,ALIMENTOS,Juzgado_2_Familia,2021,1.48,1.2,9,1,504,1
EXP-03325,SAN PEDRO,ALIMENTOS,Comisaria_2_Familia,2023,0.3,0.9,4,0,259,1
EXP-03326,PALMIRA,VIF,Juzgado_1_Familia,2020,11.54,1.35,2,0,287,1
EXP-03327,TULUA,ALIMENTOS,Juzgado_1_Familia,2023,3.34,1.35,3,0,329,1
EXP-03328,CALI,VIF,Juzgado_Penal_Municipal_2,2022,70.34,1.05,12,0,415,0
EXP-03329,YUMBO,ALIMENTOS,Juzgado_Penal_Municipal_2,2024,3.5,1.05,4,0,246,0
EXP-03330,CALI,VIF,Juzgado_2_Familia,2024,70.34,1.2,15,0,553,1
EXP-03331,VIJES,ALIMENTOS,Comisaria_2_Familia,2022,0.175,0.9,9,0,306,1
EXP-03332,JAMUNDI,VIF,Juzgado_Penal_Municipal_2,2020,2.64,1.05,2,0,170,1
EXP-03333,FLORIDA,ALIMENTOS,Comisaria_1_Familia,2024,0.8,1.1,5,0,314,1
EXP-03334,PRADERA,ALIMENTOS,Juzgado_1_Familia,2021,0.72,1.35,2,0,288,0
EXP-03335,CALI,ALIMENTOS,Juzgado_1_Familia,2021,70.34,1.35,14,0,507,0
EXP-03336,ANDALUCIA,ALIMENTOS,Comisaria_1_Familia,2022,0.38,1.1,2,0,223,1
EXP-03337,PALMIRA,ALIMENTOS,Juzgado_Penal_Municipal_2,2023,11.54,1.05,2,0,314,1
EXP-03338,YUMBO,ALIMENTOS,Comisaria_1_Familia,2023,3.5,1.1,3,1,447,1
EXP-03339,SAN PEDRO,ALIMENTOS,Juzgado_1_Familia,2021,0.3,1.35,1,1,443,1
EXP-03340,ARGELIA,VIF,Juzgado_2_Familia,2022,0.2,1.2,8,0,284,1
EXP-03341,CALI,ALIMENTOS,Juzgado_1_Familia,2023,70.34,1.35,7,0,602,1
EXP-03342,BOLIVAR,HURTO_PATRIMONIAL,Juzgado_Penal_Municipal_2,2022,0.2333333333333333,1.05,2,0,269,1
EXP-03343,JAMUNDI,HURTO_PATRIMONIAL,Comisaria_1_Familia,2024,2.64,1.1,2,0,184,0
EXP-03344,BOLIVAR,VIF,Juzgado_3_Familia,2024,0.2333333333333333,0.95,4,0,205,1
EXP-03345,CALI,HURTO_PATRIMONIAL,Juzgado_2_Familia,2024,70.34,1.2,8,0,582,1
EXP-03346,JAMUNDI,SUSTANCIAS,Juzgado_3_Familia,2021,2.64,0.95,5,0,277,1
EXP-03347,OBANDO,VIF,Juzgado_2_Familia,2021,0.38,1.2,7,0,240,1
EXP-03348,LA CUMBRE,ALIMENTOS,Juzgado_1_Familia,2022,0.24,1.35,1,0,321,1
EXP-03349,TULUA,VIF,Juzgado_3_Familia,2024,3.34,0.95,1,0,164,1
EXP-03350,ANDALUCIA,HURTO_PATRIMONIAL,Juzgado_3_Familia,2023,0.38,0.95,4,0,297,1
EXP-03351,BUENAVENTURA,HURTO_PATRIMONIAL,Juzgado_2_Familia,2024,3.34,1.2,4,0,379,1
EXP-03352,YUMBO,ALIMENTOS,Juzgado_1_Familia,2024,3.5,1.35,11,0,414,1
EXP-03353,TULUA,ALIMENTOS,Juzgado_2_Familia,2024,3.34,1.2,4,0,352,1
EXP-03354,EL CERRITO,VIF,Juzgado_Penal_Municipal_1,2023,1.1,1.25,3,0,200,0
EXP-03355,PRADERA,VIF,Comisaria_2_Familia,2021,0.72,0.9,1,0,108,0
EXP-03356,DAGUA,HURTO_PATRIMONIAL,Juzgado_Penal_Municipal_2,2021,1.3666666666666665,1.05,10,1,491,1
EXP-03357,CANDELARIA,VIF,Juzgado_1_Familia,2024,3.08,1.35,6,0,345,1
EXP-03358,SEVILLA,ALIMENTOS,Comisaria_2_Familia,2020,1.62,0.9,2,0,222,1
EXP-03359,CAICEDONIA,HURTO_PATRIMONIAL,Juzgado_2_Familia,2023,1.28,1.2,1,0,333,1
EXP-03360,ZARZAL,VIF,Comisaria_1_Familia,2024,1.12,1.1,4,0,109,0
EXP-03361,CALI,SUSTANCIAS,Comisaria_2_Familia,2022,70.34,0.9,1,0,393,1
EXP-03362,CARTAGO,VIF,Comisaria_1_Familia,2020,5.56,1.1,5,0,255,1
EXP-03363,CARTAGO,HURTO_PATRIMONIAL,Juzgado_Penal_Municipal_2,2020,5.56,1.05,1,1,463,1
EXP-03364,SIN_DATO,HURTO_PATRIMONIAL,Juzgado_Penal_Municipal_1,2023,2.2,1.25,3,1,546,1
EXP-03365,LA UNION,HURTO_PATRIMONIAL,Juzgado_1_Familia,2021,0.575,1.35,5,1,559,1
EXP-03366,CARTAGO,ALIMENTOS,Juzgado_Penal_Municipal_1,2020,5.56,1.25,1,1,419,1
EXP-03367,YUMBO,VIF,Juzgado_2_Familia,2021,3.5,1.2,1,0,200,1
EXP-03368,GUADALAJARA DE BUGA,VIF,Comisaria_2_Familia,2023,6.6,0.9,3,0,174,1
EXP-03369,LA UNION,HURTO_PATRIMONIAL,Juzgado_2_Familia,2020,0.575,1.2,8,1,519,1
EXP-03370,PALMIRA,HURTO_PATRIMONIAL,Juzgado_2_Familia,2020,11.54,1.2,5,0,389,1
EXP-03371,CAICEDONIA,VIF,Juzgado_3_Familia,2021,1.28,0.95,1,0,188,1
EXP-03372,CALI,ALIMENTOS,Juzgado_Penal_Municipal_1,2023,70.34,1.25,10,0,599,1
EXP-03373,TULUA,VIF,Juzgado_3_Familia,2021,3.34,0.95,2,0,180,1
EXP-03374,EL AGUILA,VIF,Juzgado_Penal_Municipal_2,2024,0.1666666666666666,1.05,4,0,210,1
EXP-03375,YUMBO,ALIMENTOS,Comisaria_2_Familia,2021,3.5,0.9,2,0,222,1
EXP-03376,CARTAGO,VIF,Juzgado_3_Familia,2023,5.56,0.95,6,0,113,0
EXP-03377,CALI,VIF,Juzgado_1_Familia,2024,70.34,1.35,5,0,466,1
EXP-03378,BOLIVAR,ALIMENTOS,Juzgado_1_Familia,2024,0.2333333333333333,1.35,1,0,175,0
EXP-03379,ANDALUCIA,ALIMENTOS,Juzgado_Penal_Municipal_1,2021,0.38,1.25,3,0,322,1
EXP-03380,YUMBO,SUSTANCIAS,Juzgado_Penal_Municipal_2,2024,3.5,1.05,1,0,216,1
EXP-03381,CANDELARIA,SUSTANCIAS,Comisaria_2_Familia,2024,3.08,0.9,2,0,184,1
EXP-03382,ANDALUCIA,ALIMENTOS,Juzgado_1_Familia,2023,0.38,1.35,1,0,388,1
EXP-03383,GUADALAJARA DE BUGA,ALIMENTOS,Juzgado_2_Familia,2021,6.6,1.2,6,0,318,1
EXP-03384,YOTOCO,VIF,Juzgado_Penal_Municipal_2,2024,0.58,1.05,6,0,182,0
EXP-03385,PALMIRA,ALIMENTOS,Juzgado_Penal_Municipal_2,2020,11.54,1.05,7,0,347,1
EXP-03386,JAMUNDI,VIF,Juzgado_1_Familia,2024,2.64,1.35,4,0,268,1
EXP-03387,JAMUNDI,ALIMENTOS,Juzgado_Penal_Municipal_1,2023,2.64,1.25,1,0,289,1
EXP-03388,ROLDANILLO,VIF,Juzgado_3_Familia,2021,1.26,0.95,1,0,159,1
EXP-03389,SIN_DATO,ALIMENTOS,Juzgado_Penal_Municipal_2,2024,2.2,1.05,6,0,302,1
EXP-03390,YOTOCO,VIF,Comisaria_2_Familia,2023,0.58,0.9,2,0,167,1
EXP-03391,SEVILLA,ALIMENTOS,Juzgado_3_Familia,2024,1.62,0.95,5,0,242,0
EXP-03392,CALI,ALIMENTOS,Juzgado_1_Familia,2021,70.34,1.35,2,0,339,0
EXP-03393,CARTAGO,ALIMENTOS,Juzgado_1_Familia,2023,5.56,1.35,7,0,391,1
EXP-03394,OBANDO,ALIMENTOS,Juzgado_Penal_Municipal_1,2020,0.38,1.25,10,0,325,0
EXP-03395,BOLIVAR,VIF,Juzgado_Penal_Municipal_2,2022,0.2333333333333333,1.05,2,0,177,1
EXP-03396,BUENAVENTURA,SUSTANCIAS,Juzgado_1_Familia,2023,3.34,1.35,3,0,227,0
EXP-03397,ZARZAL,HURTO_PATRIMONIAL,Juzgado_1_Familia,2022,1.12,1.35,7,0,413,1
EXP-03398,GUACARI,ALIMENTOS,Juzgado_Penal_Municipal_2,2020,1.48,1.05,5,0,273,1
EXP-03399,PRADERA,SUSTANCIAS,Juzgado_Penal_Municipal_2,2020,0.72,1.05,18,0,334,1
EXP-03400,BUENAVENTURA,VIF,Juzgado_1_Familia,2024,3.34,1.35,6,0,294,1
EXP-03401,LA VICTORIA,SUSTANCIAS,Comisaria_1_Familia,2024,0.1666666666666666,1.1,7,0,273,1
EXP-03402,DAGUA,HURTO_PATRIMONIAL,Juzgado_Penal_Municipal_2,2022,1.3666666666666665,1.05,3,1,451,1
EXP-03403,LA CUMBRE,SUSTANCIAS,Juzgado_3_Familia,2023,0.24,0.95,1,0,198,0
EXP-03404,PALMIRA,ALIMENTOS,Juzgado_2_Familia,2023,11.54,1.2,4,1,481,1
EXP-03405,CALI,HURTO_PATRIMONIAL,Juzgado_2_Familia,2023,70.34,1.2,1,1,686,1
EXP-03406,CANDELARIA,VIF,Juzgado_3_Familia,2023,3.08,0.95,9,0,209,1
EXP-03407,GUACARI,VIF,Juzgado_1_Familia,2024,1.48,1.35,5,0,154,0
EXP-03408,CALI,ALIMENTOS,Comisaria_1_Familia,2024,70.34,1.1,6,1,494,0
EXP-03409,CALI,SUSTANCIAS,Juzgado_Penal_Municipal_1,2022,70.34,1.25,8,0,557,1
EXP-03410,TRUJILLO,VIF,Juzgado_3_Familia,2024,0.225,0.95,8,0,224,1
EXP-03411,ANDALUCIA,VIF,Juzgado_Penal_Municipal_1,2024,0.38,1.25,5,0,248,1
EXP-03412,CARTAGO,VIF,Juzgado_3_Familia,2021,5.56,0.95,1,0,171,1
EXP-03413,TULUA,HURTO_PATRIMONIAL,Juzgado_1_Familia,2024,3.34,1.35,12,1,673,1
EXP-03414,BUENAVENTURA,ALIMENTOS,Juzgado_Penal_Municipal_1,2023,3.34,1.25,1,0,310,1
EXP-03415,CALI,ALIMENTOS,Juzgado_Penal_Municipal_2,2023,70.34,1.05,1,0,449,1
EXP-03416,SIN_DATO,SUSTANCIAS,Juzgado_Penal_Municipal_1,2022,2.2,1.25,5,0,313,1
EXP-03417,ZARZAL,VIF,Juzgado_2_Familia,2024,1.12,1.2,4,0,264,1
EXP-03418,EL CERRITO,SUSTANCIAS,Juzgado_Penal_Municipal_1,2024,1.1,1.25,6,0,176,0
EXP-03419,CALI,VIF,Comisaria_1_Familia,2022,70.34,1.1,4,0,295,0
EXP-03420,CAICEDONIA,ALIMENTOS,Juzgado_3_Familia,2021,1.28,0.95,1,0,184,1
EXP-03421,CALI,VIF,Comisaria_1_Familia,2024,70.34,1.1,2,0,420,1
EXP-03422,PALMIRA,ALIMENTOS,Comisaria_1_Familia,2020,11.54,1.1,3,0,276,0
EXP-03423,CARTAGO,VIF,Juzgado_2_Familia,2022,5.56,1.2,1,0,159,0
EXP-03424,PALMIRA,ALIMENTOS,Comisaria_2_Familia,2024,11.54,0.9,2,1,339,1
EXP-03425,GUADALAJARA DE BUGA,ALIMENTOS,Comisaria_1_Familia,2024,6.6,1.1,2,0,220,0
EXP-03426,YUMBO,VIF,Comisaria_2_Familia,2023,3.5,0.9,4,0,126,0
EXP-03427,CALI,ALIMENTOS,Comisaria_1_Familia,2021,70.34,1.1,8,1,679,1
EXP-03428,LA UNION,VIF,Juzgado_Penal_Municipal_1,2023,0.575,1.25,1,0,221,1
EXP-03429,CALIMA,ALIMENTOS,Juzgado_3_Familia,2024,0.3199999999999999,0.95,1,1,245,0
EXP-03430,CARTAGO,VIF,Juzgado_Penal_Municipal_1,2020,5.56,1.25,3,0,262,1
EXP-03431,CALI,ALIMENTOS,Juzgado_2_Familia,2022,70.34,1.2,2,0,502,1
EXP-03432,CALI,VIF,Juzgado_Penal_Municipal_1,2021,70.34,1.25,1,0,443,1
EXP-03433,ROLDANILLO,VIF,Comisaria_2_Familia,2020,1.26,0.9,1,0,172,1
EXP-03434,PALMIRA,ALIMENTOS,Juzgado_3_Familia,2024,11.54,0.95,5,1,428,1
EXP-03435,CAICEDONIA,VIF,Comisaria_1_Familia,2023,1.28,1.1,5,0,233,1
EXP-03436,DAGUA,VIF,Juzgado_3_Familia,2022,1.3666666666666665,0.95,3,0,118,0
EXP-03437,PALMIRA,ALIMENTOS,Juzgado_2_Familia,2023,11.54,1.2,14,0,436,1
EXP-03438,JAMUNDI,HURTO_PATRIMONIAL,Juzgado_Penal_Municipal_2,2021,2.64,1.05,4,0,366,1
EXP-03439,DAGUA,HURTO_PATRIMONIAL,Juzgado_1_Familia,2023,1.3666666666666665,1.35,2,1,589,1
EXP-03440,TULUA,ALIMENTOS,Comisaria_1_Familia,2024,3.34,1.1,7,1,268,0
EXP-03441,PALMIRA,VIF,Juzgado_Penal_Municipal_2,2024,11.54,1.05,2,0,238,1
EXP-03442,CALI,ALIMENTOS,Comisaria_1_Familia,2024,70.34,1.1,4,0,295,0
EXP-03443,PALMIRA,ALIMENTOS,Comisaria_2_Familia,2022,11.54,0.9,7,0,255,1
EXP-03444,PALMIRA,VIF,Juzgado_Penal_Municipal_1,2024,11.54,1.25,5,0,312,1
EXP-03445,YUMBO,HURTO_PATRIMONIAL,Juzgado_1_Familia,2024,3.5,1.35,3,1,598,1
EXP-03446,RESTREPO,VIF,Juzgado_3_Familia,2023,0.24,0.95,1,0,177,1
EXP-03447,BUENAVENTURA,VIF,Juzgado_1_Familia,2023,3.34,1.35,2,0,279,1
EXP-03448,CALI,VIF,Comisaria_2_Familia,2024,70.34,0.9,5,0,418,1
EXP-03449,LA CUMBRE,VIF,Juzgado_2_Familia,2024,0.24,1.2,4,0,228,1
EXP-03450,CAICEDONIA,HURTO_PATRIMONIAL,Juzgado_Penal_Municipal_2,2023,1.28,1.05,7,1,457,1
EXP-03451,GUADALAJARA DE BUGA,SUSTANCIAS,Juzgado_Penal_Municipal_1,2024,6.6,1.25,1,0,255,1
EXP-03452,PALMIRA,VIF,Juzgado_1_Familia,2022,11.54,1.35,1,0,266,1
EXP-03453,SEVILLA,ALIMENTOS,Juzgado_2_Familia,2022,1.62,1.2,5,0,309,1
EXP-03454,GUADALAJARA DE BUGA,ALIMENTOS,Juzgado_Penal_Municipal_1,2020,6.6,1.25,5,0,373,1
EXP-03455,PALMIRA,ALIMENTOS,Juzgado_Penal_Municipal_2,2023,11.54,1.05,3,0,316,1
EXP-03456,PALMIRA,ALIMENTOS,Juzgado_Penal_Municipal_2,2020,11.54,1.05,10,0,351,1
EXP-03457,ANDALUCIA,VIF,Juzgado_3_Familia,2020,0.38,0.95,1,0,161,1
EXP-03458,PALMIRA,HURTO_PATRIMONIAL,Juzgado_3_Familia,2022,11.54,0.95,2,1,444,1
EXP-03459,CALI,SUSTANCIAS,Juzgado_2_Familia,2020,70.34,1.2,4,0,455,1
EXP-03460,GINEBRA,HURTO_PATRIMONIAL,Comisaria_1_Familia,2021,0.6,1.1,4,1,469,1
EXP-03461,CANDELARIA,ALIMENTOS,Comisaria_1_Familia,2023,3.08,1.1,3,1,421,1
EXP-03462,JAMUNDI,ALIMENTOS,Juzgado_Penal_Municipal_2,2024,2.64,1.05,3,0,303,1
EXP-03463,YOTOCO,VIF,Juzgado_Penal_Municipal_2,2022,0.58,1.05,10,0,151,0
EXP-03464,SAN PEDRO,VIF,Juzgado_2_Familia,2020,0.3,1.2,1,0,173,0
EXP-03465,TRUJILLO,HURTO_PATRIMONIAL,Juzgado_3_Familia,2023,0.225,0.95,3,0,288,1
EXP-03466,TULUA,HURTO_PATRIMONIAL,Comisaria_2_Familia,2024,3.34,0.9,7,0,316,1
EXP-03467,EL CERRITO,ALIMENTOS,Comisaria_1_Familia,2024,1.1,1.1,7,0,228,0
EXP-03468,CARTAGO,ALIMENTOS,Juzgado_2_Familia,2020,5.56,1.2,8,0,408,1
EXP-03469,YUMBO,ALIMENTOS,Comisaria_2_Familia,2024,3.5,0.9,1,1,329,0
EXP-03470,PALMIRA,ALIMENTOS,Comisaria_1_Familia,2023,11.54,1.1,1,0,333,1
EXP-03471,CALI,ALIMENTOS,Juzgado_3_Familia,2022,70.34,0.95,3,0,466,1
EXP-03472,ROLDANILLO,ALIMENTOS,Juzgado_Penal_Municipal_1,2022,1.26,1.25,4,0,336,1
EXP-03473,ANDALUCIA,ALIMENTOS,Comisaria_2_Familia,2023,0.38,0.9,3,1,367,1
EXP-03474,SEVILLA,ALIMENTOS,Juzgado_Penal_Municipal_1,2020,1.62,1.25,2,0,352,1
EXP-03475,BOLIVAR,VIF,Juzgado_1_Familia,2024,0.2333333333333333,1.35,4,0,309,1
EXP-03476,CALI,VIF,Juzgado_1_Familia,2023,70.34,1.35,4,0,470,0
EXP-03477,EL CERRITO,VIF,Comisaria_2_Familia,2024,1.1,0.9,2,0,162,1
EXP-03478,GUACARI,VIF,Comisaria_2_Familia,2024,1.48,0.9,2,0,168,1
EXP-03479,SEVILLA,ALIMENTOS,Juzgado_Penal_Municipal_2,2024,1.62,1.05,5,0,308,1
EXP-03480,PALMIRA,VIF,Juzgado_Penal_Municipal_1,2024,11.54,1.25,4,0,296,1
EXP-03481,BUENAVENTURA,SUSTANCIAS,Juzgado_2_Familia,2024,3.34,1.2,1,0,248,1
EXP-03482,DAGUA,VIF,Comisaria_1_Familia,2023,1.3666666666666665,1.1,3,0,237,1
EXP-03483,VERSALLES,VIF,Comisaria_2_Familia,2022,0.1333333333333333,0.9,2,0,168,1
EXP-03484,TULUA,SUSTANCIAS,Juzgado_Penal_Municipal_1,2023,3.34,1.25,17,0,307,0
EXP-03485,CALI,ALIMENTOS,Comisaria_1_Familia,2023,70.34,1.1,3,0,513,1
EXP-03486,FLORIDA,HURTO_PATRIMONIAL,Juzgado_Penal_Municipal_1,2023,0.8,1.25,13,0,454,1
EXP-03487,RESTREPO,HURTO_PATRIMONIAL,Juzgado_Penal_Municipal_2,2021,0.24,1.05,1,1,463,1
EXP-03488,YOTOCO,HURTO_PATRIMONIAL,Comisaria_2_Familia,2022,0.58,0.9,2,0,227,1
EXP-03489,ROLDANILLO,VIF,Juzgado_Penal_Municipal_2,2021,1.26,1.05,1,0,180,1
EXP-03490,SAN PEDRO,ALIMENTOS,Juzgado_1_Familia,2024,0.3,1.35,2,0,333,1
EXP-03491,PRADERA,ALIMENTOS,Juzgado_2_Familia,2023,0.72,1.2,8,0,147,0
EXP-03492,ARGELIA,VIF,Comisaria_2_Familia,2021,0.2,0.9,10,0,230,1
EXP-03493,CANDELARIA,ALIMENTOS,Comisaria_1_Familia,2022,3.08,1.1,2,0,259,1
EXP-03494,CALI,VIF,Juzgado_Penal_Municipal_2,2022,70.34,1.05,2,0,424,1
EXP-03495,EL AGUILA,VIF,Juzgado_3_Familia,2022,0.1666666666666666,0.95,4,0,188,1
EXP-03496,CAICEDONIA,ALIMENTOS,Comisaria_2_Familia,2024,1.28,0.9,7,1,357,0
EXP-03497,CALI,VIF,Juzgado_Penal_Municipal_1,2024,70.34,1.25,20,0,627,1
EXP-03498,CALI,ALIMENTOS,Juzgado_3_Familia,2022,70.34,0.95,1,1,572,1
EXP-03499,JAMUNDI,ALIMENTOS,Juzgado_2_Familia,2024,2.64,1.2,7,1,422,0
EXP-03500,SIN_DATO,HURTO_PATRIMONIAL,Juzgado_3_Familia,2024,2.2,0.95,3,0,276,1
EXP-03501,PALMIRA,VIF,Comisaria_2_Familia,2023,11.54,0.9,4,0,208,1
EXP-03502,CARTAGO,SUSTANCIAS,Juzgado_Penal_Municipal_2,2024,5.56,1.05,3,0,228,1
EXP-03503,CANDELARIA,ALIMENTOS,Juzgado_3_Familia,2023,3.08,0.95,1,0,265,1
EXP-03504,EL CERRITO,VIF,Juzgado_2_Familia,2024,1.1,1.2,9,0,293,1
EXP-03505,CALI,HURTO_PATRIMONIAL,Comisaria_2_Familia,2024,70.34,0.9,3,0,514,1
EXP-03506,SEVILLA,SUSTANCIAS,Juzgado_Penal_Municipal_1,2021,1.62,1.25,3,0,276,1
EXP-03507,JAMUNDI,HURTO_PATRIMONIAL,Comisaria_2_Familia,2023,2.64,0.9,9,1,468,1
EXP-03508,EL CAIRO,HURTO_PATRIMONIAL,Comisaria_2_Familia,2022,0.1,0.9,6,0,264,1
EXP-03509,ANDALUCIA,HURTO_PATRIMONIAL,Juzgado_1_Familia,2024,0.38,1.35,1,1,542,1
EXP-03510,FLORIDA,VIF,Juzgado_1_Familia,2023,0.8,1.35,1,0,241,1
EXP-03511,CARTAGO,ALIMENTOS,Juzgado_1_Familia,2023,5.56,1.35,9,0,401,1
EXP-03512,GUACARI,VIF,Juzgado_Penal_Municipal_2,2021,1.48,1.05,7,0,239,1
EXP-03513,PRADERA,HURTO_PATRIMONIAL,Juzgado_2_Familia,2022,0.72,1.2,5,0,380,1
EXP-03514,CAICEDONIA,VIF,Juzgado_Penal_Municipal_2,2024,1.28,1.05,16,0,312,1
EXP-03515,YOTOCO,VIF,Juzgado_1_Familia,2023,0.58,1.35,6,0,217,0
EXP-03516,VIJES,VIF,Juzgado_3_Familia,2023,0.175,0.95,6,0,238,1
EXP-03517,CARTAGO,SUSTANCIAS,Juzgado_Penal_Municipal_2,2022,5.56,1.05,6,0,276,1
EXP-03518,CARTAGO,VIF,Juzgado_Penal_Municipal_1,2021,5.56,1.25,4,0,268,1
EXP-03519,CALIMA,VIF,Juzgado_3_Familia,2021,0.3199999999999999,0.95,2,0,176,1
EXP-03520,SEVILLA,ALIMENTOS,Comisaria_1_Familia,2021,1.62,1.1,3,0,230,1
EXP-03521,BUENAVENTURA,SUSTANCIAS,Comisaria_1_Familia,2023,3.34,1.1,9,0,338,1
EXP-03522,ALCALA,ALIMENTOS,Juzgado_3_Familia,2021,0.22,0.95,1,1,380,1
EXP-03523,GUADALAJARA DE BUGA,VIF,Juzgado_Penal_Municipal_2,2021,6.6,1.05,6,0,262,1
EXP-03524,GUADALAJARA DE BUGA,ALIMENTOS,Juzgado_1_Familia,2021,6.6,1.35,8,0,380,0
EXP-03525,GUACARI,HURTO_PATRIMONIAL,Juzgado_2_Familia,2023,1.48,1.2,3,0,351,0
EXP-03526,LA CUMBRE,VIF,Juzgado_1_Familia,2022,0.24,1.35,3,0,250,1
EXP-03527,DAGUA,ALIMENTOS,Juzgado_2_Familia,2023,1.3666666666666665,1.2,3,1,493,1
EXP-03528,JAMUNDI,ALIMENTOS,Juzgado_1_Familia,2020,2.64,1.35,4,0,389,1
EXP-03529,GUACARI,VIF,Juzgado_Penal_Municipal_1,2023,1.48,1.25,17,0,365,1
EXP-03530,BUENAVENTURA,ALIMENTOS,Juzgado_Penal_Municipal_1,2023,3.34,1.25,3,1,444,1
EXP-03531,YUMBO,SUSTANCIAS,Juzgado_Penal_Municipal_1,2024,3.5,1.25,1,0,205,0
EXP-03532,LA UNION,ALIMENTOS,Comisaria_2_Familia,2024,0.575,0.9,5,0,224,1
EXP-03533,CALI,VIF,Juzgado_3_Familia,2021,70.34,0.95,4,0,386,1
EXP-03534,YUMBO,HURTO_PATRIMONIAL,Comisaria_1_Familia,2021,3.5,1.1,4,1,498,1
EXP-03535,DAGUA,ALIMENTOS,Comisaria_1_Familia,2020,1.3666666666666665,1.1,9,0,325,1
EXP-03536,PALMIRA,VIF,Juzgado_2_Familia,2024,11.54,1.2,1,0,291,1
EXP-03537,YOTOCO,SUSTANCIAS,Comisaria_1_Familia,2021,0.58,1.1,5,0,230,1
EXP-03538,PALMIRA,ALIMENTOS,Juzgado_3_Familia,2021,11.54,0.95,6,1,311,0
EXP-03539,TULUA,SUSTANCIAS,Comisaria_1_Familia,2023,3.34,1.1,3,0,256,1
EXP-03540,LA UNION,ALIMENTOS,Juzgado_3_Familia,2021,0.575,0.95,1,0,230,1
EXP-03541,CARTAGO,ALIMENTOS,Comisaria_2_Familia,2022,5.56,0.9,5,0,295,1
EXP-03542,PALMIRA,SUSTANCIAS,Juzgado_3_Familia,2024,11.54,0.95,1,0,218,1
EXP-03543,CALI,ALIMENTOS,Juzgado_3_Familia,2022,70.34,0.95,1,1,590,1
EXP-03544,PRADERA,SUSTANCIAS,Juzgado_Penal_Municipal_1,2020,0.72,1.25,6,0,253,0
EXP-03545,ZARZAL,ALIMENTOS,Juzgado_2_Familia,2023,1.12,1.2,5,1,466,1
EXP-03546,CANDELARIA,ALIMENTOS,Juzgado_2_Familia,2024,3.08,1.2,7,0,295,1
EXP-03547,PRADERA,HURTO_PATRIMONIAL,Comisaria_1_Familia,2023,0.72,1.1,3,1,203,0
EXP-03548,CARTAGO,ALIMENTOS,Juzgado_3_Familia,2024,5.56,0.95,3,1,411,1
EXP-03549,CARTAGO,ALIMENTOS,Juzgado_2_Familia,2023,5.56,1.2,1,0,298,1
EXP-03550,CARTAGO,ALIMENTOS,Juzgado_Penal_Municipal_1,2020,5.56,1.25,3,0,308,1
EXP-03551,CAICEDONIA,VIF,Juzgado_Penal_Municipal_2,2022,1.28,1.05,8,0,216,1
EXP-03552,CALI,VIF,Juzgado_Penal_Municipal_2,2020,70.34,1.05,2,0,434,1
EXP-03553,CALI,SUSTANCIAS,Comisaria_2_Familia,2023,70.34,0.9,4,0,425,1
EXP-03554,SIN_DATO,VIF,Comisaria_1_Familia,2024,2.2,1.1,8,0,257,1
EXP-03555,CALI,VIF,Juzgado_2_Familia,2021,70.34,1.2,7,0,467,1
EXP-03556,BUENAVENTURA,VIF,Juzgado_Penal_Municipal_1,2024,3.34,1.25,9,0,298,1
EXP-03557,BOLIVAR,ALIMENTOS,Juzgado_2_Familia,2021,0.2333333333333333,1.2,1,0,265,1
EXP-03558,SEVILLA,ALIMENTOS,Juzgado_Penal_Municipal_2,2023,1.62,1.05,5,0,175,0
EXP-03559,JAMUNDI,SUSTANCIAS,Juzgado_Penal_Municipal_2,2021,2.64,1.05,1,0,228,1
EXP-03560,GUADALAJARA DE BUGA,SUSTANCIAS,Comisaria_1_Familia,2024,6.6,1.1,11,0,337,1
EXP-03561,LA VICTORIA,VIF,Comisaria_2_Familia,2024,0.1666666666666666,0.9,2,0,209,1
EXP-03562,CALI,HURTO_PATRIMONIAL,Comisaria_2_Familia,2021,70.34,0.9,2,0,245,0
EXP-03563,JAMUNDI,ALIMENTOS,Comisaria_2_Familia,2021,2.64,0.9,3,0,239,1
EXP-03564,YOTOCO,SUSTANCIAS,Juzgado_Penal_Municipal_2,2022,0.58,1.05,12,0,268,1
EXP-03565,TORO,ALIMENTOS,Juzgado_1_Familia,2021,0.1333333333333333,1.35,3,0,327,1
EXP-03566,JAMUNDI,HURTO_PATRIMONIAL,Juzgado_Penal_Municipal_2,2022,2.64,1.05,2,0,283,1
EXP-03567,CALI,VIF,Juzgado_2_Familia,2022,70.34,1.2,7,0,474,1
EXP-03568,YUMBO,SUSTANCIAS,Juzgado_2_Familia,2023,3.5,1.2,4,0,262,1
EXP-03569,SIN_DATO,VIF,Comisaria_1_Familia,2020,2.2,1.1,1,0,205,1
EXP-03570,CARTAGO,ALIMENTOS,Juzgado_2_Familia,2024,5.56,1.2,3,0,308,1
EXP-03571,SEVILLA,HURTO_PATRIMONIAL,Comisaria_2_Familia,2024,1.62,0.9,15,0,384,1
EXP-03572,PALMIRA,HURTO_PATRIMONIAL,Juzgado_Penal_Municipal_1,2023,11.54,1.25,7,0,473,1
EXP-03573,CALI,VIF,Juzgado_3_Familia,2023,70.34,0.95,6,0,413,1
EXP-03574,CARTAGO,VIF,Comisaria_2_Familia,2024,5.56,0.9,7,0,145,0
EXP-03575,CAICEDONIA,ALIMENTOS,Juzgado_1_Familia,2023,1.28,1.35,3,0,360,1
EXP-03576,FLORIDA,SUSTANCIAS,Juzgado_3_Familia,2023,0.8,0.95,5,0,88,0
EXP-03577,GUACARI,ALIMENTOS,Juzgado_Penal_Municipal_2,2021,1.48,1.05,3,1,385,1
EXP-03578,GUADALAJARA DE BUGA,ALIMENTOS,Juzgado_1_Familia,2024,6.6,1.35,9,1,541,1
EXP-03579,YUMBO,VIF,Juzgado_Penal_Municipal_2,2022,3.5,1.05,7,0,245,1
EXP-03580,JAMUNDI,VIF,Juzgado_3_Familia,2022,2.64,0.95,6,0,227,1
EXP-03581,YUMBO,ALIMENTOS,Comisaria_2_Familia,2021,3.5,0.9,1,0,202,1
EXP-03582,VIJES,ALIMENTOS,Juzgado_Penal_Municipal_1,2020,0.175,1.25,4,1,456,1
EXP-03583,ZARZAL,ALIMENTOS,Juzgado_1_Familia,2023,1.12,1.35,9,0,408,1
EXP-03584,DAGUA,HURTO_PATRIMONIAL,Juzgado_Penal_Municipal_1,2022,1.3666666666666665,1.25,4,0,371,1
EXP-03585,BUENAVENTURA,HURTO_PATRIMONIAL,Comisaria_2_Familia,2022,3.34,0.9,7,1,212,0
EXP-03586,CANDELARIA,HURTO_PATRIMONIAL,Juzgado_1_Familia,2024,3.08,1.35,4,0,406,1
EXP-03587,PRADERA,VIF,Comisaria_1_Familia,2024,0.72,1.1,6,0,271,1
EXP-03588,YOTOCO,ALIMENTOS,Juzgado_Penal_Municipal_2,2022,0.58,1.05,6,0,326,1
EXP-03589,GUADALAJARA DE BUGA,SUSTANCIAS,Juzgado_2_Familia,2023,6.6,1.2,12,0,400,1
EXP-03590,GINEBRA,HURTO_PATRIMONIAL,Comisaria_1_Familia,2023,0.6,1.1,6,0,323,1
EXP-03591,BUENAVENTURA,ALIMENTOS,Juzgado_3_Familia,2020,3.34,0.95,2,1,388,1
EXP-03592,BUENAVENTURA,ALIMENTOS,Juzgado_Penal_Municipal_1,2024,3.34,1.25,5,1,460,1
EXP-03593,CANDELARIA,VIF,Juzgado_2_Familia,2021,3.08,1.2,2,0,200,1
EXP-03594,SIN_DATO,HURTO_PATRIMONIAL,Comisaria_1_Familia,2024,2.2,1.1,3,1,494,1
EXP-03595,CALI,ALIMENTOS,Juzgado_2_Familia,2024,70.34,1.2,10,0,552,1
EXP-03596,DAGUA,ALIMENTOS,Juzgado_1_Familia,2023,1.3666666666666665,1.35,4,0,412,1
EXP-03597,CALI,VIF,Comisaria_2_Familia,2024,70.34,0.9,4,0,438,1
EXP-03598,SEVILLA,SUSTANCIAS,Juzgado_3_Familia,2024,1.62,0.95,2,0,227,1
EXP-03599,YOTOCO,ALIMENTOS,Juzgado_1_Familia,2023,0.58,1.35,9,0,446,1
EXP-03600,JAMUNDI,ALIMENTOS,Comisaria_2_Familia,2023,2.64,0.9,2,1,232,0
EXP-03601,JAMUNDI,ALIMENTOS,Juzgado_2_Familia,2023,2.64,1.2,3,0,206,0
EXP-03602,LA CUMBRE,VIF,Juzgado_Penal_Municipal_1,2021,0.24,1.25,10,0,287,1
EXP-03603,SIN_DATO,VIF,Comisaria_1_Familia,2024,2.2,1.1,9,0,294,1
EXP-03604,LA UNION,VIF,Juzgado_2_Familia,2024,0.575,1.2,2,0,162,0
EXP-03605,GUACARI,VIF,Comisaria_2_Familia,2024,1.48,0.9,1,0,189,1
EXP-03606,GUADALAJARA DE BUGA,ALIMENTOS,Comisaria_2_Familia,2023,6.6,0.9,6,1,380,1
EXP-03607,YUMBO,ALIMENTOS,Comisaria_1_Familia,2023,3.5,1.1,1,0,273,1
EXP-03608,SAN PEDRO,HURTO_PATRIMONIAL,Comisaria_1_Familia,2020,0.3,1.1,1,1,230,0
EXP-03609,CALI,VIF,Juzgado_2_Familia,2024,70.34,1.2,2,0,467,1
EXP-03610,GUACARI,ALIMENTOS,Juzgado_2_Familia,2023,1.48,1.2,10,0,389,1
EXP-03611,CANDELARIA,ALIMENTOS,Juzgado_3_Familia,2024,3.08,0.95,10,0,329,1
EXP-03612,TORO,HURTO_PATRIMONIAL,Juzgado_Penal_Municipal_1,2022,0.1333333333333333,1.25,11,1,629,1
EXP-03613,ROLDANILLO,HURTO_PATRIMONIAL,Juzgado_Penal_Municipal_2,2024,1.26,1.05,12,0,397,1
EXP-03614,ROLDANILLO,ALIMENTOS,Comisaria_2_Familia,2024,1.26,0.9,2,0,116,0
EXP-03615,RESTREPO,ALIMENTOS,Juzgado_3_Familia,2022,0.24,0.95,2,0,113,0
EXP-03616,TULUA,VIF,Juzgado_Penal_Municipal_2,2021,3.34,1.05,2,0,142,0
EXP-03617,CALI,ALIMENTOS,Juzgado_3_Familia,2022,70.34,0.95,1,0,442,1
EXP-03618,VIJES,ALIMENTOS,Juzgado_2_Familia,2020,0.175,1.2,1,0,260,1
EXP-03619,JAMUNDI,SUSTANCIAS,Juzgado_1_Familia,2020,2.64,1.35,7,0,175,0
EXP-03620,ROLDANILLO,ALIMENTOS,Comisaria_1_Familia,2024,1.26,1.1,16,1,581,1
EXP-03621,LA UNION,HURTO_PATRIMONIAL,Juzgado_Penal_Municipal_1,2023,0.575,1.25,7,1,548,1
EXP-03622,BUGALAGRANDE,HURTO_PATRIMONIAL,Juzgado_Penal_Municipal_2,2024,0.2799999999999999,1.05,1,1,281,0
EXP-03623,CALI,HURTO_PATRIMONIAL,Comisaria_2_Familia,2024,70.34,0.9,3,0,456,1
EXP-03624,ROLDANILLO,ALIMENTOS,Juzgado_3_Familia,2022,1.26,0.95,7,0,295,1
EXP-03625,TORO,HURTO_PATRIMONIAL,Comisaria_2_Familia,2022,0.1333333333333333,0.9,6,0,341,1
EXP-03626,SAN PEDRO,SUSTANCIAS,Juzgado_2_Familia,2024,0.3,1.2,6,0,301,1
EXP-03627,SEVILLA,ALIMENTOS,Comisaria_2_Familia,2022,1.62,0.9,11,1,443,1
EXP-03628,JAMUNDI,ALIMENTOS,Juzgado_1_Familia,2023,2.64,1.35,3,0,325,1
EXP-03629,RIOFRIO,VIF,Juzgado_2_Familia,2023,0.175,1.2,9,0,264,1
EXP-03630,CALI,VIF,Comisaria_1_Familia,2023,70.34,1.1,4,0,446,1
EXP-03631,RIOFRIO,HURTO_PATRIMONIAL,Juzgado_Penal_Municipal_1,2022,0.175,1.25,4,0,292,0
EXP-03632,EL CERRITO,VIF,Juzgado_Penal_Municipal_2,2024,1.1,1.05,2,0,187,1
EXP-03633,LA VICTORIA,ALIMENTOS,Comisaria_1_Familia,2022,0.1666666666666666,1.1,6,1,418,1
EXP-03634,CALI,ALIMENTOS,Comisaria_1_Familia,2024,70.34,1.1,3,1,597,1
EXP-03635,TORO,HURTO_PATRIMONIAL,Comisaria_1_Familia,2022,0.1333333333333333,1.1,1,1,470,1
EXP-03636,GINEBRA,VIF,Juzgado_Penal_Municipal_2,2023,0.6,1.05,14,0,316,1
EXP-03637,CARTAGO,VIF,Comisaria_1_Familia,2024,5.56,1.1,3,0,202,1
EXP-03638,CALI,VIF,Juzgado_Penal_Municipal_2,2023,70.34,1.05,11,0,518,1
EXP-03639,GUADALAJARA DE BUGA,VIF,Juzgado_Penal_Municipal_2,2021,6.6,1.05,2,0,219,1
EXP-03640,PALMIRA,HURTO_PATRIMONIAL,Juzgado_3_Familia,2021,11.54,0.95,7,1,476,1
EXP-03641,PALMIRA,ALIMENTOS,Juzgado_3_Familia,2023,11.54,0.95,4,1,277,0
EXP-03642,CARTAGO,SUSTANCIAS,Juzgado_2_Familia,2022,5.56,1.2,2,0,137,0
EXP-03643,LA UNION,ALIMENTOS,Comisaria_2_Familia,2024,0.575,0.9,10,0,307,1
EXP-03644,YUMBO,VIF,Juzgado_3_Familia,2021,3.5,0.95,4,0,194,1
EXP-03645,BOLIVAR,HURTO_PATRIMONIAL,Juzgado_3_Familia,2024,0.2333333333333333,0.95,1,0,273,1
EXP-03646,CARTAGO,VIF,Juzgado_2_Familia,2020,5.56,1.2,3,0,165,0
EXP-03647,SIN_DATO,VIF,Comisaria_1_Familia,2022,2.2,1.1,2,0,232,1
EXP-03648,GUADALAJARA DE BUGA,ALIMENTOS,Juzgado_3_Familia,2020,6.6,0.95,1,1,392,1
EXP-03649,CALI,ALIMENTOS,Comisaria_1_Familia,2020,70.34,1.1,6,0,531,1
EXP-03650,CALI,VIF,Juzgado_2_Familia,2024,70.34,1.2,1,0,459,1
EXP-03651,ANDALUCIA,ALIMENTOS,Juzgado_Penal_Municipal_1,2023,0.38,1.25,4,0,330,1
EXP-03652,CALI,VIF,Juzgado_2_Familia,2024,70.34,1.2,4,0,454,1
EXP-03653,PALMIRA,ALIMENTOS,Juzgado_2_Familia,2021,11.54,1.2,8,0,400,1
EXP-03654,YOTOCO,SUSTANCIAS,Comisaria_1_Familia,2023,0.58,1.1,3,0,226,1
EXP-03655,DAGUA,ALIMENTOS,Juzgado_Penal_Municipal_2,2023,1.3666666666666665,1.05,2,0,250,1
EXP-03656,JAMUNDI,VIF,Juzgado_2_Familia,2024,2.64,1.2,7,0,125,0
EXP-03657,GUADALAJARA DE BUGA,HURTO_PATRIMONIAL,Juzgado_3_Familia,2024,6.6,0.95,1,0,218,0
EXP-03658,LA UNION,VIF,Juzgado_1_Familia,2023,0.575,1.35,7,0,272,1
EXP-03659,CALI,VIF,Juzgado_Penal_Municipal_1,2022,70.34,1.25,3,0,442,1
EXP-03660,RESTREPO,ALIMENTOS,Comisaria_2_Familia,2020,0.24,0.9,3,1,365,1
EXP-03661,LA CUMBRE,ALIMENTOS,Comisaria_1_Familia,2020,0.24,1.1,1,0,236,1
EXP-03662,CALI,ALIMENTOS,Juzgado_Penal_Municipal_1,2024,70.34,1.25,5,0,554,1
EXP-03663,GINEBRA,HURTO_PATRIMONIAL,Juzgado_Penal_Municipal_2,2022,0.6,1.05,7,0,370,1
EXP-03664,RESTREPO,VIF,Juzgado_Penal_Municipal_1,2021,0.24,1.25,5,0,240,1
EXP-03665,CALI,VIF,Juzgado_2_Familia,2021,70.34,1.2,7,0,480,1
EXP-03666,CALI,VIF,Juzgado_1_Familia,2021,70.34,1.35,1,0,455,1
EXP-03667,ROLDANILLO,VIF,Comisaria_1_Familia,2020,1.26,1.1,2,0,192,1
EXP-03668,CANDELARIA,VIF,Juzgado_3_Familia,2024,3.08,0.95,7,0,259,1
EXP-03669,JAMUNDI,SUSTANCIAS,Juzgado_1_Familia,2021,2.64,1.35,1,0,138,0
EXP-03670,TRUJILLO,HURTO_PATRIMONIAL,Juzgado_2_Familia,2022,0.225,1.2,3,0,145,0
EXP-03671,EL AGUILA,SUSTANCIAS,Juzgado_3_Familia,2021,0.1666666666666666,0.95,2,0,204,1
EXP-03672,GUACARI,VIF,Juzgado_Penal_Municipal_2,2023,1.48,1.05,6,0,259,1
EXP-03673,JAMUNDI,ALIMENTOS,Juzgado_Penal_Municipal_2,2022,2.64,1.05,6,0,280,1
EXP-03674,BUENAVENTURA,ALIMENTOS,Juzgado_Penal_Municipal_2,2024,3.34,1.05,4,1,431,1
EXP-03675,OBANDO,HURTO_PATRIMONIAL,Juzgado_3_Familia,2021,0.38,0.95,1,0,253,1
EXP-03676,EL CERRITO,HURTO_PATRIMONIAL,Juzgado_Penal_Municipal_1,2023,1.1,1.25,4,1,515,1
EXP-03677,ARGELIA,ALIMENTOS,Comisaria_2_Familia,2020,0.2,0.9,1,1,337,1
EXP-03678,BUENAVENTURA,ALIMENTOS,Juzgado_Penal_Municipal_1,2022,3.34,1.25,1,1,445,1
EXP-03679,SEVILLA,SUSTANCIAS,Comisaria_2_Familia,2024,1.62,0.9,5,0,244,1
EXP-03680,PALMIRA,ALIMENTOS,Juzgado_2_Familia,2024,11.54,1.2,4,0,197,0
EXP-03681,GUADALAJARA DE BUGA,ALIMENTOS,Comisaria_1_Familia,2023,6.6,1.1,3,0,307,1
EXP-03682,CALIMA,ALIMENTOS,Juzgado_Penal_Municipal_1,2024,0.3199999999999999,1.25,2,0,310,1
EXP-03683,JAMUNDI,VIF,Juzgado_Penal_Municipal_2,2024,2.64,1.05,1,0,224,1
EXP-03684,SAN PEDRO,VIF,Comisaria_2_Familia,2024,0.3,0.9,3,0,151,1
EXP-03685,CANDELARIA,ALIMENTOS,Comisaria_2_Familia,2023,3.08,0.9,1,1,362,1
EXP-03686,ARGELIA,VIF,Juzgado_Penal_Municipal_2,2024,0.2,1.05,2,0,208,1
EXP-03687,BUGALAGRANDE,VIF,Comisaria_2_Familia,2024,0.2799999999999999,0.9,1,0,174,1
EXP-03688,GUADALAJARA DE BUGA,ALIMENTOS,Juzgado_Penal_Municipal_2,2021,6.6,1.05,1,1,390,1
EXP-03689,PALMIRA,ALIMENTOS,Juzgado_2_Familia,2020,11.54,1.2,1,1,459,1
EXP-03690,EL DOVIO,SUSTANCIAS,Juzgado_1_Familia,2021,0.1,1.35,4,0,281,1
EXP-03691,SIN_DATO,HURTO_PATRIMONIAL,Comisaria_2_Familia,2022,2.2,0.9,1,0,135,0
EXP-03692,YUMBO,ALIMENTOS,Comisaria_1_Familia,2024,3.5,1.1,8,0,232,0
EXP-03693,LA UNION,SUSTANCIAS,Comisaria_1_Familia,2024,0.575,1.1,7,0,288,1
EXP-03694,GUADALAJARA DE BUGA,ALIMENTOS,Juzgado_Penal_Municipal_2,2022,6.6,1.05,7,0,180,0
EXP-03695,CANDELARIA,VIF,Comisaria_1_Familia,2022,3.08,1.1,1,0,210,1
EXP-03696,LA UNION,VIF,Comisaria_2_Familia,2023,0.575,0.9,2,0,184,1
EXP-03697,PALMIRA,ALIMENTOS,Comisaria_2_Familia,2022,11.54,0.9,1,1,420,1
EXP-03698,GUACARI,HURTO_PATRIMONIAL,Juzgado_Penal_Municipal_1,2023,1.48,1.25,1,0,381,1
EXP-03699,FLORIDA,ALIMENTOS,Comisaria_1_Familia,2022,0.8,1.1,2,0,279,1
EXP-03700,PALMIRA,HURTO_PATRIMONIAL,Juzgado_2_Familia,2023,11.54,1.2,2,0,345,1
EXP-03701,GUADALAJARA DE BUGA,HURTO_PATRIMONIAL,Juzgado_3_Familia,2022,6.6,0.95,3,0,323,1
EXP-03702,CALI,ALIMENTOS,Comisaria_1_Familia,2020,70.34,1.1,1,0,488,1
EXP-03703,BUENAVENTURA,SUSTANCIAS,Comisaria_2_Familia,2024,3.34,0.9,1,0,196,1
EXP-03704,CALI,ALIMENTOS,Juzgado_Penal_Municipal_2,2022,70.34,1.05,1,1,586,1
EXP-03705,TULUA,HURTO_PATRIMONIAL,Comisaria_1_Familia,2023,3.34,1.1,1,0,302,1
EXP-03706,CALI,SUSTANCIAS,Comisaria_1_Familia,2020,70.34,1.1,3,0,469,1
EXP-03707,GINEBRA,HURTO_PATRIMONIAL,Comisaria_1_Familia,2024,0.6,1.1,9,0,305,0
EXP-03708,SIN_DATO,VIF,Juzgado_3_Familia,2024,2.2,0.95,1,0,165,1
EXP-03709,VERSALLES,ALIMENTOS,Comisaria_2_Familia,2023,0.1333333333333333,0.9,4,1,188,0
EXP-03710,RIOFRIO,ALIMENTOS,Juzgado_Penal_Municipal_1,2023,0.175,1.25,3,1,301,0
EXP-03711,BUENAVENTURA,ALIMENTOS,Comisaria_1_Familia,2021,3.34,1.1,10,1,413,1
EXP-03712,CARTAGO,ALIMENTOS,Comisaria_1_Familia,2023,5.56,1.1,6,0,355,1
EXP-03713,GUADALAJARA DE BUGA,ALIMENTOS,Juzgado_1_Familia,2022,6.6,1.35,9,0,387,1
EXP-03714,LA CUMBRE,HURTO_PATRIMONIAL,Juzgado_Penal_Municipal_1,2022,0.24,1.25,10,0,453,1
EXP-03715,SIN_DATO,VIF,Juzgado_Penal_Municipal_2,2021,2.2,1.05,14,0,303,1
EXP-03716,LA UNION,ALIMENTOS,Juzgado_3_Familia,2020,0.575,0.95,9,0,309,1
EXP-03717,FLORIDA,ALIMENTOS,Juzgado_3_Familia,2022,0.8,0.95,8,0,261,1
EXP-03718,ZARZAL,VIF,Juzgado_3_Familia,2020,1.12,0.95,11,0,134,0
EXP-03719,CANDELARIA,HURTO_PATRIMONIAL,Juzgado_Penal_Municipal_1,2022,3.08,1.25,3,1,499,1
EXP-03720,CANDELARIA,VIF,Juzgado_Penal_Municipal_2,2023,3.08,1.05,7,0,265,1
EXP-03721,BUENAVENTURA,VIF,Juzgado_Penal_Municipal_1,2024,3.34,1.25,5,0,280,1
EXP-03722,TORO,ALIMENTOS,Juzgado_Penal_Municipal_2,2023,0.1333333333333333,1.05,3,0,246,1
EXP-03723,YUMBO,VIF,Juzgado_2_Familia,2023,3.5,1.2,1,0,208,1
EXP-03724,CANDELARIA,VIF,Comisaria_1_Familia,2023,3.08,1.1,2,0,167,0
EXP-03725,TULUA,HURTO_PATRIMONIAL,Juzgado_3_Familia,2024,3.34,0.95,17,1,523,1
EXP-03726,CALI,HURTO_PATRIMONIAL,Juzgado_2_Familia,2022,70.34,1.2,13,1,368,0
EXP-03727,CANDELARIA,VIF,Comisaria_1_Familia,2021,3.08,1.1,5,0,235,1
EXP-03728,CALI,VIF,Juzgado_Penal_Municipal_1,2024,70.34,1.25,1,0,436,1
EXP-03729,BUENAVENTURA,HURTO_PATRIMONIAL,Juzgado_2_Familia,2021,3.34,1.2,2,0,322,1
EXP-03730,PALMIRA,SUSTANCIAS,Comisaria_1_Familia,2021,11.54,1.1,4,0,289,1
EXP-03731,CALI,ALIMENTOS,Juzgado_1_Familia,2024,70.34,1.35,5,0,582,1
EXP-03732,CAICEDONIA,VIF,Juzgado_Penal_Municipal_2,2023,1.28,1.05,1,0,160,0
EXP-03733,CALI,VIF,Juzgado_Penal_Municipal_1,2021,70.34,1.25,8,0,468,1
EXP-03734,CANDELARIA,VIF,Juzgado_1_Familia,2023,3.08,1.35,1,0,245,1
EXP-03735,CALI,ALIMENTOS,Juzgado_1_Familia,2021,70.34,1.35,16,0,615,1
EXP-03736,CANDELARIA,SUSTANCIAS,Juzgado_Penal_Municipal_1,2022,3.08,1.25,9,0,186,0
EXP-03737,LA CUMBRE,VIF,Juzgado_Penal_Municipal_1,2020,0.24,1.25,6,0,254,1
EXP-03738,YUMBO,ALIMENTOS,Comisaria_1_Familia,2023,3.5,1.1,7,0,307,1
EXP-03739,GUADALAJARA DE BUGA,ALIMENTOS,Juzgado_2_Familia,2020,6.6,1.2,2,0,332,1
EXP-03740,TRUJILLO,VIF,Juzgado_Penal_Municipal_1,2024,0.225,1.25,5,0,197,0
EXP-03741,FLORIDA,HURTO_PATRIMONIAL,Comisaria_2_Familia,2024,0.8,0.9,9,1,313,0
EXP-03742,CARTAGO,VIF,Juzgado_3_Familia,2021,5.56,0.95,2,0,174,1
EXP-03743,RESTREPO,VIF,Juzgado_Penal_Municipal_1,2024,0.24,1.25,1,0,243,1
EXP-03744,FLORIDA,VIF,Juzgado_1_Familia,2022,0.8,1.35,8,0,290,1
EXP-03745,PALMIRA,ALIMENTOS,Juzgado_3_Familia,2021,11.54,0.95,10,0,371,1
EXP-03746,ALCALA,ALIMENTOS,Juzgado_Penal_Municipal_1,2020,0.22,1.25,11,0,200,0
EXP-03747,EL CAIRO,VIF,Comisaria_1_Familia,2022,0.1,1.1,4,0,237,1
EXP-03748,ANDALUCIA,VIF,Comisaria_2_Familia,2024,0.38,0.9,5,0,240,1
EXP-03749,CAICEDONIA,ALIMENTOS,Juzgado_Penal_Municipal_1,2020,1.28,1.25,4,0,336,1
EXP-03750,SEVILLA,VIF,Juzgado_Penal_Municipal_2,2022,1.62,1.05,6,0,231,1
EXP-03751,TULUA,HURTO_PATRIMONIAL,Juzgado_Penal_Municipal_2,2020,3.34,1.05,2,1,437,1
EXP-03752,SEVILLA,ALIMENTOS,Juzgado_1_Familia,2021,1.62,1.35,9,0,431,1
EXP-03753,SIN_DATO,ALIMENTOS,Juzgado_1_Familia,2022,2.2,1.35,8,1,534,1
EXP-03754,PALMIRA,ALIMENTOS,Juzgado_Penal_Municipal_1,2022,11.54,1.25,2,0,349,1
EXP-03755,TRUJILLO,ALIMENTOS,Juzgado_Penal_Municipal_1,2023,0.225,1.25,4,0,364,1
EXP-03756,EL CAIRO,VIF,Comisaria_2_Familia,2020,0.1,0.9,1,0,143,1
EXP-03757,FLORIDA,ALIMENTOS,Comisaria_2_Familia,2020,0.8,0.9,8,1,423,1
EXP-03758,CALI,HURTO_PATRIMONIAL,Juzgado_Penal_Municipal_2,2023,70.34,1.05,3,0,479,1
EXP-03759,TULUA,ALIMENTOS,Juzgado_Penal_Municipal_1,2023,3.34,1.25,9,0,368,1
EXP-03760,CALI,HURTO_PATRIMONIAL,Comisaria_2_Familia,2023,70.34,0.9,15,0,269,0
EXP-03761,GUADALAJARA DE BUGA,ALIMENTOS,Juzgado_2_Familia,2024,6.6,1.2,5,0,360,1
EXP-03762,CALIMA,HURTO_PATRIMONIAL,Juzgado_Penal_Municipal_1,2021,0.3199999999999999,1.25,13,0,295,0
EXP-03763,SEVILLA,VIF,Comisaria_1_Familia,2023,1.62,1.1,2,0,93,0
EXP-03764,CARTAGO,VIF,Comisaria_2_Familia,2023,5.56,0.9,2,0,209,1
EXP-03765,YOTOCO,VIF,Juzgado_2_Familia,2021,0.58,1.2,6,0,258,1
EXP-03766,CANDELARIA,VIF,Comisaria_2_Familia,2021,3.08,0.9,2,0,104,0
EXP-03767,CAICEDONIA,VIF,Juzgado_Penal_Municipal_2,2023,1.28,1.05,6,0,288,1
EXP-03768,CALI,HURTO_PATRIMONIAL,Juzgado_Penal_Municipal_2,2024,70.34,1.05,11,0,645,1
EXP-03769,EL CAIRO,ALIMENTOS,Juzgado_1_Familia,2021,0.1,1.35,16,0,421,1
EXP-03770,YUMBO,HURTO_PATRIMONIAL,Juzgado_1_Familia,2024,3.5,1.35,2,0,461,1
EXP-03771,CALI,SUSTANCIAS,Juzgado_Penal_Municipal_2,2022,70.34,1.05,1,0,436,1
EXP-03772,DAGUA,ALIMENTOS,Comisaria_2_Familia,2023,1.3666666666666665,0.9,6,0,286,1
EXP-03773,CAICEDONIA,ALIMENTOS,Juzgado_3_Familia,2021,1.28,0.95,3,1,402,1
EXP-03774,LA UNION,SUSTANCIAS,Juzgado_Penal_Municipal_2,2022,0.575,1.05,1,0,214,1
EXP-03775,CALI,VIF,Juzgado_Penal_Municipal_1,2022,70.34,1.25,4,0,440,1
EXP-03776,BUENAVENTURA,SUSTANCIAS,Juzgado_Penal_Municipal_1,2020,3.34,1.25,7,0,304,1
EXP-03777,CALI,VIF,Juzgado_1_Familia,2024,70.34,1.35,5,0,217,0
EXP-03778,CALI,ALIMENTOS,Juzgado_3_Familia,2022,70.34,0.95,4,0,512,1
EXP-03779,CANDELARIA,HURTO_PATRIMONIAL,Juzgado_3_Familia,2021,3.08,0.95,12,0,375,1
EXP-03780,GUADALAJARA DE BUGA,SUSTANCIAS,Comisaria_1_Familia,2021,6.6,1.1,9,0,135,0
EXP-03781,GUADALAJARA DE BUGA,ALIMENTOS,Comisaria_1_Familia,2023,6.6,1.1,1,1,410,1
EXP-03782,SIN_DATO,VIF,Juzgado_Penal_Municipal_1,2024,2.2,1.25,1,0,144,0
EXP-03783,OBANDO,ALIMENTOS,Juzgado_3_Familia,2020,0.38,0.95,8,0,295,1
EXP-03784,PALMIRA,VIF,Comisaria_2_Familia,2023,11.54,0.9,3,0,222,1
EXP-03785,CAICEDONIA,VIF,Comisaria_2_Familia,2021,1.28,0.9,2,0,109,0
EXP-03786,SIN_DATO,VIF,Juzgado_3_Familia,2021,2.2,0.95,7,0,234,1
EXP-03787,BUENAVENTURA,ALIMENTOS,Comisaria_2_Familia,2024,3.34,0.9,1,1,381,1
EXP-03788,CARTAGO,ALIMENTOS,Comisaria_2_Familia,2024,5.56,0.9,4,0,218,0
EXP-03789,LA CUMBRE,ALIMENTOS,Comisaria_2_Familia,2023,0.24,0.9,2,0,117,0
EXP-03790,ARGELIA,ALIMENTOS,Juzgado_3_Familia,2022,0.2,0.95,7,0,290,1
EXP-03791,GUADALAJARA DE BUGA,HURTO_PATRIMONIAL,Juzgado_3_Familia,2024,6.6,0.95,1,0,320,1
EXP-03792,DAGUA,VIF,Juzgado_1_Familia,2022,1.3666666666666665,1.35,6,0,286,1
EXP-03793,SIN_DATO,VIF,Comisaria_2_Familia,2020,2.2,0.9,3,0,104,0
EXP-03794,BUGALAGRANDE,ALIMENTOS,Juzgado_1_Familia,2022,0.2799999999999999,1.35,1,0,306,1
EXP-03795,ROLDANILLO,VIF,Juzgado_Penal_Municipal_2,2022,1.26,1.05,1,0,184,1
EXP-03796,PALMIRA,ALIMENTOS,Juzgado_1_Familia,2023,11.54,1.35,1,0,396,1
EXP-03797,CANDELARIA,ALIMENTOS,Comisaria_2_Familia,2021,3.08,0.9,6,0,287,1
EXP-03798,CALI,VIF,Juzgado_Penal_Municipal_2,2021,70.34,1.05,3,0,406,1
EXP-03799,CALI,VIF,Juzgado_2_Familia,2023,70.34,1.2,6,0,487,1
EXP-03800,PRADERA,ALIMENTOS,Juzgado_Penal_Municipal_2,2022,0.72,1.05,5,0,281,1
EXP-03801,GINEBRA,ALIMENTOS,Juzgado_Penal_Municipal_2,2020,0.6,1.05,2,0,280,1
EXP-03802,ANDALUCIA,ALIMENTOS,Comisaria_1_Familia,2023,0.38,1.1,5,0,252,1
EXP-03803,ALCALA,HURTO_PATRIMONIAL,Comisaria_1_Familia,2022,0.22,1.1,3,0,311,1
EXP-03804,TULUA,ALIMENTOS,Juzgado_3_Familia,2023,3.34,0.95,1,1,162,0
EXP-03805,CARTAGO,VIF,Juzgado_3_Familia,2020,5.56,0.95,8,0,255,1
EXP-03806,CALI,SUSTANCIAS,Juzgado_1_Familia,2024,70.34,1.35,5,0,506,1
EXP-03807,CALI,ALIMENTOS,Juzgado_Penal_Municipal_2,2024,70.34,1.05,7,0,519,1
EXP-03808,YUMBO,ALIMENTOS,Comisaria_1_Familia,2020,3.5,1.1,5,1,424,1
EXP-03809,LA VICTORIA,VIF,Juzgado_Penal_Municipal_2,2020,0.1666666666666666,1.05,1,0,191,1
EXP-03810,CALI,VIF,Juzgado_1_Familia,2023,70.34,1.35,2,0,480,1
EXP-03811,SAN PEDRO,VIF,Juzgado_3_Familia,2024,0.3,0.95,2,0,190,1
EXP-03812,CARTAGO,ALIMENTOS,Juzgado_Penal_Municipal_2,2023,5.56,1.05,9,1,486,1
EXP-03813,ALCALA,ALIMENTOS,Comisaria_1_Familia,2022,0.22,1.1,2,0,269,1
EXP-03814,GUACARI,HURTO_PATRIMONIAL,Juzgado_Penal_Municipal_2,2022,1.48,1.05,1,1,405,1
EXP-03815,RIOFRIO,HURTO_PATRIMONIAL,Juzgado_Penal_Municipal_2,2022,0.175,1.05,1,0,310,1
EXP-03816,CALI,SUSTANCIAS,Juzgado_2_Familia,2024,70.34,1.2,1,0,478,1
EXP-03817,CALI,VIF,Juzgado_1_Familia,2023,70.34,1.35,4,0,390,0
EXP-03818,CALI,ALIMENTOS,Juzgado_2_Familia,2020,70.34,1.2,4,0,313,0
EXP-03819,TULUA,VIF,Juzgado_1_Familia,2024,3.34,1.35,7,0,287,1
EXP-03820,JAMUNDI,SUSTANCIAS,Juzgado_Penal_Municipal_2,2023,2.64,1.05,8,0,284,1
EXP-03821,YUMBO,VIF,Juzgado_3_Familia,2021,3.5,0.95,8,0,245,1
EXP-03822,PALMIRA,ALIMENTOS,Comisaria_1_Familia,2020,11.54,1.1,1,1,413,1
EXP-03823,YUMBO,VIF,Juzgado_1_Familia,2022,3.5,1.35,8,0,117,0
EXP-03824,CALI,ALIMENTOS,Juzgado_1_Familia,2024,70.34,1.35,3,1,689,1
EXP-03825,GINEBRA,HURTO_PATRIMONIAL,Juzgado_3_Familia,2023,0.6,0.95,5,0,145,0
EXP-03826,YUMBO,HURTO_PATRIMONIAL,Juzgado_3_Familia,2024,3.5,0.95,4,0,313,1
EXP-03827,CALI,ALIMENTOS,Juzgado_Penal_Municipal_1,2021,70.34,1.25,15,0,676,1
EXP-03828,CANDELARIA,VIF,Juzgado_1_Familia,2022,3.08,1.35,4,0,281,1
EXP-03829,CALI,HURTO_PATRIMONIAL,Juzgado_Penal_Municipal_1,2023,70.34,1.25,4,1,474,0
EXP-03830,YUMBO,VIF,Comisaria_2_Familia,2024,3.5,0.9,6,0,215,1
EXP-03831,YOTOCO,ALIMENTOS,Comisaria_2_Familia,2022,0.58,0.9,1,0,218,1
EXP-03832,RESTREPO,VIF,Juzgado_Penal_Municipal_1,2023,0.24,1.25,10,0,293,1
EXP-03833,JAMUNDI,ALIMENTOS,Juzgado_2_Familia,2022,2.64,1.2,7,0,381,1
EXP-03834,CALI,VIF,Comisaria_2_Familia,2022,70.34,0.9,1,0,370,1
EXP-03835,CALIMA,VIF,Juzgado_Penal_Municipal_1,2023,0.3199999999999999,1.25,1,0,256,1
EXP-03836,CARTAGO,SUSTANCIAS,Juzgado_3_Familia,2023,5.56,0.95,3,0,233,1
EXP-03837,YOTOCO,HURTO_PATRIMONIAL,Comisaria_1_Familia,2020,0.58,1.1,8,0,403,1
EXP-03838,CALI,ALIMENTOS,Juzgado_3_Familia,2022,70.34,0.95,3,1,565,1
EXP-03839,PALMIRA,SUSTANCIAS,Juzgado_Penal_Municipal_1,2024,11.54,1.25,4,0,331,1
EXP-03840,CALI,VIF,Comisaria_1_Familia,2024,70.34,1.1,2,0,404,1
EXP-03841,ZARZAL,HURTO_PATRIMONIAL,Juzgado_Penal_Municipal_2,2021,1.12,1.05,2,0,345,1
EXP-03842,CALI,HURTO_PATRIMONIAL,Comisaria_2_Familia,2021,70.34,0.9,1,1,589,1
EXP-03843,ANSERMANUEVO,ALIMENTOS,Juzgado_Penal_Municipal_1,2022,0.2,1.25,6,0,335,1
EXP-03844,SAN PEDRO,VIF,Juzgado_2_Familia,2022,0.3,1.2,2,0,228,1
EXP-03845,BUENAVENTURA,ALIMENTOS,Juzgado_2_Familia,2022,3.34,1.2,6,0,361,1
EXP-03846,CALI,HURTO_PATRIMONIAL,Juzgado_3_Familia,2023,70.34,0.95,5,0,517,1
EXP-03847,CALI,ALIMENTOS,Juzgado_3_Familia,2020,70.34,0.95,2,0,434,1
EXP-03848,CAICEDONIA,ALIMENTOS,Comisaria_1_Familia,2024,1.28,1.1,3,1,469,1
EXP-03849,CAICEDONIA,SUSTANCIAS,Juzgado_1_Familia,2020,1.28,1.35,2,0,293,1
EXP-03850,CANDELARIA,HURTO_PATRIMONIAL,Juzgado_3_Familia,2024,3.08,0.95,2,0,257,1
EXP-03851,PALMIRA,HURTO_PATRIMONIAL,Juzgado_2_Familia,2024,11.54,1.2,2,0,386,1
EXP-03852,BUGALAGRANDE,VIF,Juzgado_1_Familia,2023,0.2799999999999999,1.35,4,0,248,1
EXP-03853,RESTREPO,VIF,Juzgado_Penal_Municipal_2,2024,0.24,1.05,5,0,240,1
EXP-03854,CALI,SUSTANCIAS,Comisaria_2_Familia,2024,70.34,0.9,4,0,403,1
EXP-03855,CALI,VIF,Juzgado_2_Familia,2024,70.34,1.2,6,0,487,1
EXP-03856,SIN_DATO,SUSTANCIAS,Comisaria_2_Familia,2023,2.2,0.9,6,0,213,1
EXP-03857,GUADALAJARA DE BUGA,VIF,Comisaria_1_Familia,2021,6.6,1.1,2,0,235,1
EXP-03858,SIN_DATO,VIF,Juzgado_3_Familia,2024,2.2,0.95,5,0,190,1
EXP-03859,GUADALAJARA DE BUGA,ALIMENTOS,Juzgado_Penal_Municipal_2,2021,6.6,1.05,1,0,246,1
EXP-03860,GUACARI,VIF,Juzgado_2_Familia,2024,1.48,1.2,2,0,118,0
EXP-03861,CANDELARIA,SUSTANCIAS,Comisaria_1_Familia,2023,3.08,1.1,1,0,239,1
EXP-03862,PALMIRA,VIF,Comisaria_1_Familia,2023,11.54,1.1,1,0,165,0
EXP-03863,PRADERA,VIF,Juzgado_Penal_Municipal_2,2021,0.72,1.05,9,0,230,1
EXP-03864,PRADERA,ALIMENTOS,Juzgado_3_Familia,2021,0.72,0.95,2,0,248,1
EXP-03865,BUENAVENTURA,VIF,Juzgado_Penal_Municipal_1,2024,3.34,1.25,2,0,242,1
EXP-03866,PRADERA,VIF,Juzgado_Penal_Municipal_2,2022,0.72,1.05,1,0,197,1
EXP-03867,CARTAGO,ALIMENTOS,Juzgado_Penal_Municipal_2,2021,5.56,1.05,7,1,423,1
EXP-03868,BUENAVENTURA,HURTO_PATRIMONIAL,Juzgado_Penal_Municipal_2,2021,3.34,1.05,1,0,350,1
EXP-03869,BOLIVAR,VIF,Juzgado_3_Familia,2020,0.2333333333333333,0.95,4,0,191,1
EXP-03870,BUGALAGRANDE,VIF,Comisaria_1_Familia,2021,0.2799999999999999,1.1,11,0,155,0
EXP-03871,FLORIDA,VIF,Juzgado_2_Familia,2022,0.8,1.2,1,0,230,1
EXP-03872,CALI,VIF,Juzgado_3_Familia,2021,70.34,0.95,4,0,383,1
EXP-03873,GUADALAJARA DE BUGA,ALIMENTOS,Comisaria_2_Familia,2021,6.6,0.9,2,0,149,0
EXP-03874,GUADALAJARA DE BUGA,VIF,Juzgado_1_Familia,2020,6.6,1.35,3,0,288,1
EXP-03875,SAN PEDRO,ALIMENTOS,Comisaria_2_Familia,2023,0.3,0.9,7,1,425,1
EXP-03876,PALMIRA,SUSTANCIAS,Juzgado_2_Familia,2024,11.54,1.2,3,0,321,1
EXP-03877,CALI,ALIMENTOS,Juzgado_2_Familia,2021,70.34,1.2,5,0,564,1
EXP-03878,CAICEDONIA,HURTO_PATRIMONIAL,Juzgado_Penal_Municipal_1,2024,1.28,1.25,9,0,243,0
EXP-03879,RESTREPO,HURTO_PATRIMONIAL,Juzgado_Penal_Municipal_1,2020,0.24,1.25,1,0,317,1
EXP-03880,GUACARI,ALIMENTOS,Juzgado_3_Familia,2022,1.48,0.95,8,0,250,1
EXP-03881,CARTAGO,VIF,Juzgado_3_Familia,2021,5.56,0.95,4,0,200,1
EXP-03882,CALI,ALIMENTOS,Juzgado_Penal_Municipal_2,2022,70.34,1.05,11,0,499,1
EXP-03883,CAICEDONIA,SUSTANCIAS,Juzgado_3_Familia,2023,1.28,0.95,3,0,175,1
EXP-03884,ZARZAL,VIF,Juzgado_Penal_Municipal_2,2024,1.12,1.05,11,0,273,1
EXP-03885,JAMUNDI,VIF,Juzgado_3_Familia,2021,2.64,0.95,1,0,73,0
EXP-03886,OBANDO,VIF,Comisaria_1_Familia,2021,0.38,1.1,6,0,105,0
EXP-03887,CALI,VIF,Comisaria_2_Familia,2021,70.34,0.9,2,0,387,1
EXP-03888,SAN PEDRO,HURTO_PATRIMONIAL,Juzgado_Penal_Municipal_1,2022,0.3,1.25,3,1,305,0
EXP-03889,CARTAGO,ALIMENTOS,Comisaria_2_Familia,2024,5.56,0.9,3,0,231,1
EXP-03890,CALI,HURTO_PATRIMONIAL,Comisaria_1_Familia,2023,70.34,1.1,1,1,657,1
EXP-03891,CANDELARIA,ALIMENTOS,Comisaria_2_Familia,2022,3.08,0.9,6,1,356,0
EXP-03892,PALMIRA,SUSTANCIAS,Juzgado_Penal_Municipal_1,2024,11.54,1.25,2,0,264,1
EXP-03893,CARTAGO,VIF,Juzgado_2_Familia,2024,5.56,1.2,5,0,273,1
EXP-03894,YUMBO,HURTO_PATRIMONIAL,Juzgado_Penal_Municipal_2,2024,3.5,1.05,4,0,239,0
EXP-03895,CARTAGO,VIF,Comisaria_2_Familia,2021,5.56,0.9,5,0,222,1
EXP-03896,RESTREPO,VIF,Juzgado_3_Familia,2022,0.24,0.95,6,0,180,1
EXP-03897,ZARZAL,VIF,Comisaria_2_Familia,2023,1.12,0.9,5,0,233,1
EXP-03898,RESTREPO,ALIMENTOS,Comisaria_2_Familia,2024,0.24,0.9,4,1,244,0
EXP-03899,CAICEDONIA,VIF,Juzgado_2_Familia,2023,1.28,1.2,22,0,387,1
EXP-03900,EL CERRITO,HURTO_PATRIMONIAL,Juzgado_3_Familia,2024,1.1,0.95,1,1,198,0
EXP-03901,SEVILLA,ALIMENTOS,Juzgado_1_Familia,2024,1.62,1.35,3,0,282,0
EXP-03902,BUENAVENTURA,ALIMENTOS,Juzgado_Penal_Municipal_1,2022,3.34,1.25,2,0,320,1
EXP-03903,CALI,VIF,Juzgado_1_Familia,2021,70.34,1.35,3,0,461,1
EXP-03904,GUADALAJARA DE BUGA,VIF,Juzgado_Penal_Municipal_1,2023,6.6,1.25,2,0,247,1
EXP-03905,FLORIDA,VIF,Juzgado_Penal_Municipal_1,2023,0.8,1.25,8,0,288,1
EXP-03906,YUMBO,VIF,Comisaria_2_Familia,2023,3.5,0.9,8,0,229,1
EXP-03907,GUACARI,ALIMENTOS,Juzgado_1_Familia,2024,1.48,1.35,5,0,347,1
EXP-03908,CALI,VIF,Juzgado_Penal_Municipal_1,2024,70.34,1.25,4,0,464,1
EXP-03909,ARGELIA,SUSTANCIAS,Juzgado_2_Familia,2024,0.2,1.2,2,0,245,1
EXP-03910,ZARZAL,ALIMENTOS,Juzgado_Penal_Municipal_1,2022,1.12,1.25,2,1,440,1
EXP-03911,CALI,HURTO_PATRIMONIAL,Comisaria_2_Familia,2024,70.34,0.9,1,0,455,1
EXP-03912,FLORIDA,VIF,Juzgado_2_Familia,2024,0.8,1.2,1,0,249,1
EXP-03913,LA UNION,SUSTANCIAS,Comisaria_1_Familia,2021,0.575,1.1,6,0,277,1
EXP-03914,GUADALAJARA DE BUGA,SUSTANCIAS,Juzgado_Penal_Municipal_2,2020,6.6,1.05,3,0,240,1
EXP-03915,CAICEDONIA,ALIMENTOS,Juzgado_2_Familia,2023,1.28,1.2,4,0,298,1
EXP-03916,ALCALA,VIF,Juzgado_Penal_Municipal_2,2023,0.22,1.05,6,0,242,1
EXP-03917,CALI,ALIMENTOS,Comisaria_1_Familia,2020,70.34,1.1,1,0,469,1
EXP-03918,TULUA,VIF,Juzgado_Penal_Municipal_1,2024,3.34,1.25,1,0,229,1
EXP-03919,PALMIRA,ALIMENTOS,Juzgado_1_Familia,2021,11.54,1.35,2,1,504,1
EXP-03920,CALI,SUSTANCIAS,Comisaria_2_Familia,2022,70.34,0.9,7,0,423,1
EXP-03921,GUADALAJARA DE BUGA,VIF,Juzgado_3_Familia,2024,6.6,0.95,3,0,166,0
EXP-03922,CARTAGO,ALIMENTOS,Juzgado_3_Familia,2023,5.56,0.95,2,0,257,1
EXP-03923,LA UNION,SUSTANCIAS,Comisaria_1_Familia,2024,0.575,1.1,1,0,246,1
EXP-03924,CAICEDONIA,ALIMENTOS,Comisaria_2_Familia,2021,1.28,0.9,4,0,223,1
EXP-03925,DAGUA,VIF,Juzgado_Penal_Municipal_2,2022,1.3666666666666665,1.05,4,0,220,1
EXP-03926,OBANDO,SUSTANCIAS,Juzgado_3_Familia,2020,0.38,0.95,4,0,236,1
EXP-03927,ANSERMANUEVO,VIF,Juzgado_3_Familia,2024,0.2,0.95,1,0,120,0
EXP-03928,CARTAGO,ALIMENTOS,Juzgado_1_Familia,2024,5.56,1.35,9,0,176,0
EXP-03929,ALCALA,SUSTANCIAS,Comisaria_1_Familia,2023,0.22,1.1,1,0,213,1
EXP-03930,EL DOVIO,HURTO_PATRIMONIAL,Juzgado_Penal_Municipal_1,2024,0.1,1.25,4,0,143,0
EXP-03931,SEVILLA,SUSTANCIAS,Comisaria_1_Familia,2024,1.62,1.1,8,0,290,1
EXP-03932,CALI,ALIMENTOS,Comisaria_2_Familia,2023,70.34,0.9,3,1,597,1
EXP-03933,SEVILLA,ALIMENTOS,Comisaria_1_Familia,2024,1.62,1.1,8,0,328,1
EXP-03934,JAMUNDI,VIF,Juzgado_2_Familia,2024,2.64,1.2,5,0,279,1
EXP-03935,CALIMA,ALIMENTOS,Juzgado_1_Familia,2022,0.3199999999999999,1.35,3,0,331,1
EXP-03936,ROLDANILLO,ALIMENTOS,Juzgado_3_Familia,2024,1.26,0.95,1,0,244,1
EXP-03937,BUENAVENTURA,HURTO_PATRIMONIAL,Juzgado_1_Familia,2023,3.34,1.35,5,0,375,1
EXP-03938,LA UNION,VIF,Comisaria_2_Familia,2023,0.575,0.9,1,0,75,0
EXP-03939,JAMUNDI,HURTO_PATRIMONIAL,Juzgado_1_Familia,2021,2.64,1.35,9,0,507,1
EXP-03940,SIN_DATO,ALIMENTOS,Comisaria_2_Familia,2024,2.2,0.9,10,0,150,0
EXP-03941,GUACARI,ALIMENTOS,Comisaria_2_Familia,2020,1.48,0.9,3,1,366,1
EXP-03942,JAMUNDI,HURTO_PATRIMONIAL,Juzgado_2_Familia,2021,2.64,1.2,3,1,483,1
EXP-03943,OBANDO,ALIMENTOS,Juzgado_Penal_Municipal_1,2022,0.38,1.25,2,1,454,1
EXP-03944,ZARZAL,ALIMENTOS,Comisaria_2_Familia,2021,1.12,0.9,7,0,248,1
EXP-03945,EL DOVIO,VIF,Juzgado_Penal_Municipal_2,2021,0.1,1.05,1,0,180,1
EXP-03946,PALMIRA,HURTO_PATRIMONIAL,Juzgado_Penal_Municipal_2,2020,11.54,1.05,5,0,226,0
EXP-03947,SEVILLA,SUSTANCIAS,Comisaria_1_Familia,2020,1.62,1.1,6,0,238,1
EXP-03948,DAGUA,VIF,Juzgado_3_Familia,2023,1.3666666666666665,0.95,1,0,169,1
EXP-03949,PALMIRA,ALIMENTOS,Juzgado_Penal_Municipal_2,2024,11.54,1.05,4,0,379,1
EXP-03950,ZARZAL,SUSTANCIAS,Comisaria_2_Familia,2023,1.12,0.9,5,0,260,1
EXP-03951,TULUA,ALIMENTOS,Comisaria_1_Familia,2024,3.34,1.1,1,1,445,1
EXP-03952,TULUA,VIF,Comisaria_1_Familia,2024,3.34,1.1,3,0,227,1
EXP-03953,YUMBO,ALIMENTOS,Juzgado_Penal_Municipal_2,2024,3.5,1.05,5,0,300,1
EXP-03954,JAMUNDI,HURTO_PATRIMONIAL,Juzgado_Penal_Municipal_2,2022,2.64,1.05,4,0,358,1
EXP-03955,BUENAVENTURA,VIF,Juzgado_1_Familia,2021,3.34,1.35,2,0,279,1
EXP-03956,CALI,ALIMENTOS,Comisaria_1_Familia,2021,70.34,1.1,2,1,615,1
EXP-03957,SEVILLA,ALIMENTOS,Juzgado_2_Familia,2024,1.62,1.2,1,1,410,1
EXP-03958,ROLDANILLO,ALIMENTOS,Juzgado_1_Familia,2023,1.26,1.35,6,1,499,1
EXP-03959,SIN_DATO,ALIMENTOS,Comisaria_2_Familia,2024,2.2,0.9,14,0,322,1
EXP-03960,TULUA,HURTO_PATRIMONIAL,Juzgado_2_Familia,2021,3.34,1.2,4,1,567,1
EXP-03961,YUMBO,ALIMENTOS,Juzgado_3_Familia,2024,3.5,0.95,5,1,413,1
EXP-03962,YUMBO,ALIMENTOS,Comisaria_1_Familia,2022,3.5,1.1,4,1,443,1
EXP-03963,SAN PEDRO,HURTO_PATRIMONIAL,Juzgado_2_Familia,2023,0.3,1.2,1,0,409,1
EXP-03964,CARTAGO,VIF,Juzgado_1_Familia,2024,5.56,1.35,2,0,281,1
EXP-03965,CALI,ALIMENTOS,Juzgado_Penal_Municipal_1,2024,70.34,1.25,1,0,489,1
EXP-03966,GUACARI,HURTO_PATRIMONIAL,Juzgado_Penal_Municipal_1,2024,1.48,1.25,2,1,522,1
EXP-03967,DAGUA,VIF,Comisaria_2_Familia,2024,1.3666666666666665,0.9,1,0,150,1
EXP-03968,BUENAVENTURA,VIF,Juzgado_Penal_Municipal_2,2022,3.34,1.05,9,0,262,1
EXP-03969,SEVILLA,ALIMENTOS,Juzgado_1_Familia,2023,1.62,1.35,4,0,346,1
EXP-03970,CALI,ALIMENTOS,Juzgado_1_Familia,2024,70.34,1.35,8,1,718,1
EXP-03971,ZARZAL,ALIMENTOS,Juzgado_Penal_Municipal_2,2023,1.12,1.05,4,0,278,1
EXP-03972,GUADALAJARA DE BUGA,ALIMENTOS,Juzgado_1_Familia,2020,6.6,1.35,3,1,524,1
EXP-03973,BUGALAGRANDE,VIF,Juzgado_Penal_Municipal_2,2023,0.2799999999999999,1.05,5,0,262,1
EXP-03974,YUMBO,ALIMENTOS,Juzgado_3_Familia,2022,3.5,0.95,2,0,229,1
EXP-03975,CANDELARIA,HURTO_PATRIMONIAL,Juzgado_2_Familia,2024,3.08,1.2,3,0,161,0
EXP-03976,CALI,VIF,Comisaria_2_Familia,2020,70.34,0.9,1,0,365,1
EXP-03977,YUMBO,VIF,Juzgado_Penal_Municipal_2,2022,3.5,1.05,4,0,225,1
EXP-03978,ANDALUCIA,ALIMENTOS,Comisaria_1_Familia,2022,0.38,1.1,7,0,279,1
EXP-03979,ANDALUCIA,VIF,Juzgado_Penal_Municipal_1,2024,0.38,1.25,8,0,307,1
EXP-03980,CALI,ALIMENTOS,Juzgado_Penal_Municipal_2,2021,70.34,1.05,1,0,237,0
EXP-03981,CALI,ALIMENTOS,Juzgado_Penal_Municipal_2,2024,70.34,1.05,3,0,451,1
EXP-03982,GUADALAJARA DE BUGA,ALIMENTOS,Juzgado_2_Familia,2022,6.6,1.2,5,0,178,0
EXP-03983,CALI,VIF,Juzgado_Penal_Municipal_2,2024,70.34,1.05,18,0,429,0
EXP-03984,ZARZAL,HURTO_PATRIMONIAL,Comisaria_1_Familia,2023,1.12,1.1,1,0,329,1
EXP-03985,SIN_DATO,VIF,Comisaria_1_Familia,2024,2.2,1.1,3,0,221,1
EXP-03986,LA UNION,ALIMENTOS,Comisaria_2_Familia,2023,0.575,0.9,4,1,443,1
EXP-03987,CANDELARIA,VIF,Juzgado_2_Familia,2022,3.08,1.2,8,0,304,1
EXP-03988,CANDELARIA,ALIMENTOS,Juzgado_2_Familia,2023,3.08,1.2,7,1,493,1
EXP-03989,CALI,VIF,Comisaria_2_Familia,2022,70.34,0.9,4,0,398,1
EXP-03990,GUADALAJARA DE BUGA,HURTO_PATRIMONIAL,Juzgado_3_Familia,2022,6.6,0.95,1,0,280,1
EXP-03991,CALI,HURTO_PATRIMONIAL,Comisaria_2_Familia,2022,70.34,0.9,1,1,604,1
EXP-03992,CALI,SUSTANCIAS,Comisaria_2_Familia,2023,70.34,0.9,10,0,484,1
EXP-03993,GUADALAJARA DE BUGA,ALIMENTOS,Juzgado_Penal_Municipal_2,2024,6.6,1.05,11,0,382,1
EXP-03994,CALIMA,SUSTANCIAS,Juzgado_1_Familia,2022,0.3199999999999999,1.35,2,0,275,1
EXP-03995,PALMIRA,HURTO_PATRIMONIAL,Comisaria_2_Familia,2020,11.54,0.9,4,1,467,1
EXP-03996,CALI,VIF,Juzgado_1_Familia,2023,70.34,1.35,4,0,485,1
EXP-03997,CALI,SUSTANCIAS,Comisaria_2_Familia,2024,70.34,0.9,2,0,403,1
EXP-03998,YUMBO,VIF,Juzgado_2_Familia,2022,3.5,1.2,9,0,297,1
EXP-03999,CALI,SUSTANCIAS,Juzgado_Penal_Municipal_1,2024,70.34,1.25,10,0,448,0
EXP-04000,CANDELARIA,ALIMENTOS,Juzgado_3_Familia,2021,3.08,0.95,2,0,249,1
EXP-04001,CALI,HURTO_PATRIMONIAL,Juzgado_2_Familia,2024,70.34,1.2,7,0,593,1
EXP-04002,CALI,VIF,Juzgado_3_Familia,2023,70.34,0.95,1,0,375,1
EXP-04003,LA CUMBRE,VIF,Juzgado_3_Familia,2024,0.24,0.95,3,0,191,1
EXP-04004,PALMIRA,HURTO_PATRIMONIAL,Juzgado_Penal_Municipal_2,2022,11.54,1.05,1,0,276,1
EXP-04005,ROLDANILLO,VIF,Juzgado_3_Familia,2023,1.26,0.95,4,0,80,0
EXP-04006,JAMUNDI,ALIMENTOS,Juzgado_3_Familia,2023,2.64,0.95,2,0,260,1
EXP-04007,EL CAIRO,VIF,Juzgado_2_Familia,2024,0.1,1.2,9,0,269,0
EXP-04008,SIN_DATO,VIF,Juzgado_Penal_Municipal_1,2024,2.2,1.25,7,0,299,1
EXP-04009,PALMIRA,SUSTANCIAS,Juzgado_Penal_Municipal_1,2024,11.54,1.25,4,0,349,1
EXP-04010,PALMIRA,HURTO_PATRIMONIAL,Juzgado_2_Familia,2022,11.54,1.2,1,1,530,1
EXP-04011,CALI,SUSTANCIAS,Juzgado_Penal_Municipal_2,2023,70.34,1.05,2,0,397,1
EXP-04012,CALI,SUSTANCIAS,Juzgado_Penal_Municipal_1,2022,70.34,1.25,6,0,315,0
EXP-04013,SIN_DATO,HURTO_PATRIMONIAL,Juzgado_1_Familia,2022,2.2,1.35,6,0,444,1
EXP-04014,SEVILLA,ALIMENTOS,Comisaria_2_Familia,2021,1.62,0.9,5,1,366,1
EXP-04015,SIN_DATO,HURTO_PATRIMONIAL,Juzgado_3_Familia,2021,2.2,0.95,1,1,449,1
EXP-04016,ZARZAL,VIF,Juzgado_2_Familia,2024,1.12,1.2,3,0,237,1
EXP-04017,CARTAGO,VIF,Comisaria_2_Familia,2023,5.56,0.9,3,0,195,1
EXP-04018,TULUA,SUSTANCIAS,Juzgado_Penal_Municipal_2,2022,3.34,1.05,5,0,220,1
EXP-04019,ALCALA,VIF,Juzgado_1_Familia,2024,0.22,1.35,2,0,263,1
EXP-04020,CALI,ALIMENTOS,Juzgado_1_Familia,2021,70.34,1.35,2,1,698,1
EXP-04021,PALMIRA,ALIMENTOS,Juzgado_2_Familia,2024,11.54,1.2,6,1,527,1
EXP-04022,TRUJILLO,VIF,Juzgado_Penal_Municipal_1,2024,0.225,1.25,7,0,309,1
EXP-04023,ZARZAL,ALIMENTOS,Juzgado_2_Familia,2021,1.12,1.2,2,0,171,0
EXP-04024,DAGUA,VIF,Comisaria_1_Familia,2024,1.3666666666666665,1.1,5,0,232,1
EXP-04025,TULUA,ALIMENTOS,Juzgado_Penal_Municipal_2,2024,3.34,1.05,6,0,303,1
EXP-04026,BUENAVENTURA,HURTO_PATRIMONIAL,Juzgado_3_Familia,2023,3.34,0.95,6,0,307,1
EXP-04027,GINEBRA,VIF,Comisaria_1_Familia,2023,0.6,1.1,7,0,249,1
EXP-04028,CALI,VIF,Juzgado_Penal_Municipal_2,2020,70.34,1.05,5,0,173,0
EXP-04029,CARTAGO,ALIMENTOS,Juzgado_2_Familia,2023,5.56,1.2,6,0,333,1
EXP-04030,TULUA,ALIMENTOS,Juzgado_1_Familia,2020,3.34,1.35,4,1,467,1
EXP-04031,JAMUNDI,VIF,Comisaria_1_Familia,2023,2.64,1.1,11,0,296,1
EXP-04032,GUACARI,VIF,Juzgado_Penal_Municipal_1,2023,1.48,1.25,2,0,242,1
EXP-04033,VERSALLES,HURTO_PATRIMONIAL,Comisaria_2_Familia,2021,0.1333333333333333,0.9,4,1,400,1
EXP-04034,TULUA,HURTO_PATRIMONIAL,Juzgado_3_Familia,2024,3.34,0.95,3,0,273,1
EXP-04035,RESTREPO,VIF,Juzgado_Penal_Municipal_2,2023,0.24,1.05,10,0,264,1
EXP-04036,CARTAGO,ALIMENTOS,Juzgado_Penal_Municipal_1,2020,5.56,1.25,5,1,478,1
EXP-04037,GUACARI,VIF,Juzgado_3_Familia,2023,1.48,0.95,2,0,194,1
EXP-04038,FLORIDA,HURTO_PATRIMONIAL,Juzgado_Penal_Municipal_1,2020,0.8,1.25,5,0,230,0
EXP-04039,SIN_DATO,SUSTANCIAS,Juzgado_Penal_Municipal_2,2024,2.2,1.05,5,0,226,1
EXP-04040,JAMUNDI,HURTO_PATRIMONIAL,Juzgado_Penal_Municipal_1,2023,2.64,1.25,12,0,471,1
EXP-04041,FLORIDA,ALIMENTOS,Comisaria_2_Familia,2024,0.8,0.9,1,0,173,0
EXP-04042,PRADERA,ALIMENTOS,Juzgado_2_Familia,2022,0.72,1.2,3,1,489,1
EXP-04043,PALMIRA,VIF,Comisaria_1_Familia,2023,11.54,1.1,3,0,233,1
EXP-04044,SAN PEDRO,VIF,Juzgado_2_Familia,2023,0.3,1.2,4,0,236,1
EXP-04045,SIN_DATO,HURTO_PATRIMONIAL,Comisaria_1_Familia,2022,2.2,1.1,8,0,367,1
EXP-04046,FLORIDA,VIF,Comisaria_1_Familia,2021,0.8,1.1,1,0,151,0
EXP-04047,CALI,ALIMENTOS,Comisaria_2_Familia,2022,70.34,0.9,1,1,558,1
EXP-04048,SEVILLA,ALIMENTOS,Juzgado_2_Familia,2023,1.62,1.2,3,0,141,0
EXP-04049,TULUA,ALIMENTOS,Juzgado_3_Familia,2024,3.34,0.95,8,1,455,1
EXP-04050,GUADALAJARA DE BUGA,SUSTANCIAS,Juzgado_2_Familia,2023,6.6,1.2,10,0,300,0
EXP-04051,TULUA,ALIMENTOS,Juzgado_Penal_Municipal_1,2022,3.34,1.25,10,0,221,0
EXP-04052,LA UNION,VIF,Comisaria_1_Familia,2020,0.575,1.1,1,0,205,1
EXP-04053,ZARZAL,HURTO_PATRIMONIAL,Juzgado_2_Familia,2023,1.12,1.2,4,0,408,1
EXP-04054,LA VICTORIA,ALIMENTOS,Juzgado_3_Familia,2023,0.1666666666666666,0.95,6,1,407,1
EXP-04055,CARTAGO,HURTO_PATRIMONIAL,Comisaria_2_Familia,2020,5.56,0.9,4,0,137,0
EXP-04056,LA UNION,HURTO_PATRIMONIAL,Juzgado_1_Familia,2023,0.575,1.35,4,0,425,1
EXP-04057,LA CUMBRE,ALIMENTOS,Juzgado_Penal_Municipal_1,2021,0.24,1.25,5,1,459,1
EXP-04058,LA VICTORIA,HURTO_PATRIMONIAL,Comisaria_1_Familia,2023,0.1666666666666666,1.1,4,0,362,1
EXP-04059,ARGELIA,ALIMENTOS,Juzgado_Penal_Municipal_2,2024,0.2,1.05,2,0,270,1
EXP-04060,EL CERRITO,VIF,Juzgado_1_Familia,2023,1.1,1.35,7,0,299,1
EXP-04061,ROLDANILLO,VIF,Comisaria_1_Familia,2024,1.26,1.1,1,0,189,1
EXP-04062,YUMBO,ALIMENTOS,Juzgado_3_Familia,2024,3.5,0.95,3,1,370,1
EXP-04063,SEVILLA,ALIMENTOS,Juzgado_Penal_Municipal_1,2022,1.62,1.25,4,1,393,0
EXP-04064,CANDELARIA,VIF,Comisaria_1_Familia,2020,3.08,1.1,13,0,312,1
EXP-04065,CALI,HURTO_PATRIMONIAL,Juzgado_1_Familia,2022,70.34,1.35,1,0,623,1
EXP-04066,ANDALUCIA,ALIMENTOS,Comisaria_2_Familia,2021,0.38,0.9,3,0,242,1
EXP-04067,TORO,ALIMENTOS,Comisaria_2_Familia,2021,0.1333333333333333,0.9,5,0,111,0
EXP-04068,PALMIRA,HURTO_PATRIMONIAL,Juzgado_3_Familia,2023,11.54,0.95,3,0,326,1
EXP-04069,GUADALAJARA DE BUGA,SUSTANCIAS,Juzgado_Penal_Municipal_2,2024,6.6,1.05,4,0,237,1
EXP-04070,ALCALA,VIF,Juzgado_Penal_Municipal_1,2023,0.22,1.25,8,0,282,1
EXP-04071,GINEBRA,HURTO_PATRIMONIAL,Comisaria_1_Familia,2022,0.6,1.1,2,0,282,1
EXP-04072,RESTREPO,SUSTANCIAS,Juzgado_3_Familia,2024,0.24,0.95,9,0,253,1
EXP-04073,SIN_DATO,VIF,Comisaria_1_Familia,2022,2.2,1.1,8,0,243,1
EXP-04074,JAMUNDI,VIF,Juzgado_2_Familia,2022,2.64,1.2,2,0,249,1
EXP-04075,TRUJILLO,HURTO_PATRIMONIAL,Juzgado_Penal_Municipal_2,2023,0.225,1.05,3,1,215,0
EXP-04076,EL AGUILA,ALIMENTOS,Juzgado_2_Familia,2022,0.1666666666666666,1.2,8,1,482,1
EXP-04077,BUGALAGRANDE,HURTO_PATRIMONIAL,Juzgado_1_Familia,2024,0.2799999999999999,1.35,2,0,408,1
EXP-04078,DAGUA,ALIMENTOS,Juzgado_3_Familia,2024,1.3666666666666665,0.95,10,0,327,1
EXP-04079,ROLDANILLO,VIF,Juzgado_Penal_Municipal_1,2023,1.26,1.25,2,0,231,1
EXP-04080,YUMBO,HURTO_PATRIMONIAL,Juzgado_2_Familia,2022,3.5,1.2,1,0,266,0
EXP-04081,CARTAGO,ALIMENTOS,Juzgado_3_Familia,2020,5.56,0.95,9,1,259,0
EXP-04082,CALIMA,VIF,Juzgado_Penal_Municipal_1,2021,0.3199999999999999,1.25,5,0,248,1
EXP-04083,SEVILLA,VIF,Juzgado_Penal_Municipal_2,2022,1.62,1.05,1,0,212,1
EXP-04084,CALI,ALIMENTOS,Juzgado_Penal_Municipal_2,2024,70.34,1.05,3,0,483,1
EXP-04085,LA UNION,ALIMENTOS,Juzgado_2_Familia,2023,0.575,1.2,2,1,420,1
EXP-04086,EL AGUILA,HURTO_PATRIMONIAL,Juzgado_3_Familia,2024,0.1666666666666666,0.95,5,0,315,1
EXP-04087,ANDALUCIA,VIF,Juzgado_2_Familia,2023,0.38,1.2,3,0,268,1
EXP-04088,YOTOCO,VIF,Juzgado_Penal_Municipal_2,2023,0.58,1.05,2,0,94,0
EXP-04089,EL CAIRO,VIF,Juzgado_Penal_Municipal_1,2024,0.1,1.25,1,0,233,1
EXP-04090,JAMUNDI,ALIMENTOS,Juzgado_Penal_Municipal_1,2023,2.64,1.25,4,1,478,1
EXP-04091,RIOFRIO,VIF,Juzgado_3_Familia,2024,0.175,0.95,5,0,213,1
EXP-04092,JAMUNDI,ALIMENTOS,Juzgado_2_Familia,2022,2.64,1.2,5,0,334,1
EXP-04093,PALMIRA,ALIMENTOS,Juzgado_Penal_Municipal_1,2020,11.54,1.25,1,1,488,1
EXP-04094,LA VICTORIA,ALIMENTOS,Juzgado_Penal_Municipal_2,2022,0.1666666666666666,1.05,2,1,386,1
EXP-04095,LA UNION,HURTO_PATRIMONIAL,Comisaria_1_Familia,2023,0.575,1.1,10,0,389,1
EXP-04096,EL DOVIO,ALIMENTOS,Juzgado_2_Familia,2024,0.1,1.2,5,0,184,0
EXP-04097,CALI,VIF,Juzgado_Penal_Municipal_1,2023,70.34,1.25,7,0,486,1
EXP-04098,CARTAGO,VIF,Juzgado_Penal_Municipal_1,2022,5.56,1.25,3,0,250,1
EXP-04099,VIJES,SUSTANCIAS,Juzgado_1_Familia,2023,0.175,1.35,3,0,306,1
EXP-04100,CARTAGO,ALIMENTOS,Comisaria_1_Familia,2024,5.56,1.1,3,1,470,1
EXP-04101,PRADERA,SUSTANCIAS,Juzgado_1_Familia,2022,0.72,1.35,3,0,281,1
EXP-04102,YUMBO,ALIMENTOS,Juzgado_3_Familia,2022,3.5,0.95,1,0,169,0
EXP-04103,YUMBO,ALIMENTOS,Juzgado_Penal_Municipal_1,2024,3.5,1.25,4,0,351,1
EXP-04104,BUENAVENTURA,VIF,Juzgado_2_Familia,2023,3.34,1.2,16,0,179,0
EXP-04105,CALI,ALIMENTOS,Juzgado_2_Familia,2022,70.34,1.2,2,1,654,1
EXP-04106,FLORIDA,ALIMENTOS,Juzgado_Penal_Municipal_2,2020,0.8,1.05,4,1,290,0
EXP-04107,CARTAGO,HURTO_PATRIMONIAL,Juzgado_1_Familia,2023,5.56,1.35,4,0,236,0
EXP-04108,PALMIRA,ALIMENTOS,Juzgado_Penal_Municipal_2,2022,11.54,1.05,2,1,402,1
EXP-04109,CARTAGO,HURTO_PATRIMONIAL,Comisaria_2_Familia,2022,5.56,0.9,4,1,438,1
EXP-04110,CAICEDONIA,HURTO_PATRIMONIAL,Juzgado_Penal_Municipal_2,2023,1.28,1.05,4,0,360,1
EXP-04111,CALI,HURTO_PATRIMONIAL,Juzgado_1_Familia,2022,70.34,1.35,3,1,666,1
EXP-04112,GUADALAJARA DE BUGA,SUSTANCIAS,Juzgado_Penal_Municipal_2,2024,6.6,1.05,2,0,249,1
EXP-04113,LA CUMBRE,HURTO_PATRIMONIAL,Juzgado_3_Familia,2023,0.24,0.95,2,0,265,1
EXP-04114,ANSERMANUEVO,VIF,Juzgado_3_Familia,2024,0.2,0.95,14,0,284,1
EXP-04115,EL AGUILA,ALIMENTOS,Juzgado_Penal_Municipal_2,2023,0.1666666666666666,1.05,13,0,331,1
EXP-04116,EL CERRITO,ALIMENTOS,Juzgado_Penal_Municipal_1,2023,1.1,1.25,9,1,502,1
EXP-04117,CAICEDONIA,VIF,Comisaria_2_Familia,2024,1.28,0.9,5,0,202,1
EXP-04118,LA UNION,VIF,Juzgado_Penal_Municipal_1,2022,0.575,1.25,6,0,260,1
EXP-04119,ZARZAL,SUSTANCIAS,Comisaria_1_Familia,2020,1.12,1.1,12,0,313,1
EXP-04120,YUMBO,ALIMENTOS,Juzgado_2_Familia,2022,3.5,1.2,2,0,296,1
EXP-04121,YUMBO,VIF,Juzgado_Penal_Municipal_1,2024,3.5,1.25,1,0,280,1
EXP-04122,CALI,ALIMENTOS,Juzgado_Penal_Municipal_1,2024,70.34,1.25,4,1,693,1
EXP-04123,BUENAVENTURA,VIF,Juzgado_2_Familia,2024,3.34,1.2,7,0,283,1
EXP-04124,TULUA,ALIMENTOS,Juzgado_3_Familia,2024,3.34,0.95,9,1,435,1
EXP-04125,LA UNION,VIF,Juzgado_Penal_Municipal_1,2020,0.575,1.25,1,0,218,1
EXP-04126,CALI,VIF,Juzgado_1_Familia,2023,70.34,1.35,6,0,490,1
EXP-04127,CAICEDONIA,VIF,Juzgado_2_Familia,2024,1.28,1.2,1,0,236,1
EXP-04128,ARGELIA,HURTO_PATRIMONIAL,Juzgado_Penal_Municipal_1,2024,0.2,1.25,5,0,262,0
EXP-04129,SIN_DATO,VIF,Comisaria_1_Familia,2024,2.2,1.1,3,0,235,1
EXP-04130,GUADALAJARA DE BUGA,VIF,Juzgado_1_Familia,2023,6.6,1.35,7,0,327,1
EXP-04131,CALI,VIF,Juzgado_2_Familia,2023,70.34,1.2,16,0,514,1
EXP-04132,CALI,HURTO_PATRIMONIAL,Juzgado_3_Familia,2023,70.34,0.95,1,0,262,0
EXP-04133,CALI,VIF,Juzgado_Penal_Municipal_2,2022,70.34,1.05,2,0,388,1
EXP-04134,ANSERMANUEVO,VIF,Juzgado_2_Familia,2023,0.2,1.2,1,0,205,1
EXP-04135,CANDELARIA,ALIMENTOS,Juzgado_3_Familia,2024,3.08,0.95,2,1,327,0
EXP-04136,CALI,SUSTANCIAS,Juzgado_2_Familia,2021,70.34,1.2,1,0,444,1
EXP-04137,EL CERRITO,VIF,Juzgado_2_Familia,2022,1.1,1.2,1,0,223,1
EXP-04138,CANDELARIA,ALIMENTOS,Juzgado_1_Familia,2023,3.08,1.35,5,0,397,1
EXP-04139,LA VICTORIA,SUSTANCIAS,Juzgado_Penal_Municipal_1,2022,0.1666666666666666,1.25,13,0,322,1
EXP-04140,ANDALUCIA,VIF,Juzgado_2_Familia,2022,0.38,1.2,2,0,96,0
EXP-04141,GUADALAJARA DE BUGA,HURTO_PATRIMONIAL,Juzgado_1_Familia,2023,6.6,1.35,3,0,395,1
EXP-04142,EL CERRITO,VIF,Comisaria_2_Familia,2023,1.1,0.9,7,0,223,1
EXP-04143,LA UNION,SUSTANCIAS,Juzgado_1_Familia,2024,0.575,1.35,1,0,297,1
EXP-04144,BUENAVENTURA,ALIMENTOS,Juzgado_Penal_Municipal_2,2024,3.34,1.05,3,1,444,1
EXP-04145,SAN PEDRO,VIF,Juzgado_Penal_Municipal_2,2021,0.3,1.05,3,0,215,1
EXP-04146,CALI,ALIMENTOS,Juzgado_Penal_Municipal_1,2022,70.34,1.25,4,0,511,1
EXP-04147,YUMBO,VIF,Juzgado_Penal_Municipal_1,2024,3.5,1.25,2,0,235,1
EXP-04148,ALCALA,ALIMENTOS,Juzgado_Penal_Municipal_1,2022,0.22,1.25,2,1,461,1
EXP-04149,ROLDANILLO,SUSTANCIAS,Juzgado_2_Familia,2022,1.26,1.2,9,0,353,1
EXP-04150,TULUA,VIF,Comisaria_2_Familia,2021,3.34,0.9,3,0,187,1
EXP-04151,CALI,VIF,Juzgado_Penal_Municipal_1,2021,70.34,1.25,3,0,443,1
EXP-04152,JAMUNDI,SUSTANCIAS,Comisaria_2_Familia,2024,2.64,0.9,5,0,224,1
EXP-04153,TULUA,VIF,Juzgado_1_Familia,2023,3.34,1.35,2,0,264,1
EXP-04154,DAGUA,ALIMENTOS,Comisaria_2_Familia,2024,1.3666666666666665,0.9,7,0,262,1
EXP-04155,CALI,VIF,Juzgado_Penal_Municipal_2,2024,70.34,1.05,1,0,412,1
EXP-04156,CALI,HURTO_PATRIMONIAL,Juzgado_Penal_Municipal_2,2021,70.34,1.05,1,1,447,0
EXP-04157,CARTAGO,HURTO_PATRIMONIAL,Juzgado_1_Familia,2023,5.56,1.35,1,0,377,1
EXP-04158,GUACARI,VIF,Juzgado_Penal_Municipal_1,2023,1.48,1.25,3,0,261,1
EXP-04159,GUADALAJARA DE BUGA,ALIMENTOS,Juzgado_3_Familia,2022,6.6,0.95,3,1,448,1
EXP-04160,CALIMA,ALIMENTOS,Juzgado_Penal_Municipal_1,2024,0.3199999999999999,1.25,1,1,433,1
EXP-04161,LA CUMBRE,VIF,Juzgado_2_Familia,2020,0.24,1.2,6,0,230,1
EXP-04162,ARGELIA,VIF,Juzgado_3_Familia,2023,0.2,0.95,4,0,84,0
EXP-04163,YOTOCO,ALIMENTOS,Juzgado_Penal_Municipal_2,2023,0.58,1.05,9,0,330,1
EXP-04164,EL CERRITO,ALIMENTOS,Juzgado_Penal_Municipal_1,2024,1.1,1.25,2,0,333,1
EXP-04165,CALI,VIF,Juzgado_2_Familia,2022,70.34,1.2,2,0,363,1
EXP-04166,SIN_DATO,VIF,Juzgado_1_Familia,2021,2.2,1.35,4,0,236,1
EXP-04167,YUMBO,HURTO_PATRIMONIAL,Juzgado_2_Familia,2020,3.5,1.2,8,0,398,1
EXP-04168,CALI,ALIMENTOS,Juzgado_Penal_Municipal_1,2021,70.34,1.25,2,1,672,1
EXP-04169,TRUJILLO,SUSTANCIAS,Juzgado_Penal_Municipal_1,2024,0.225,1.25,1,0,237,1
EXP-04170,BUENAVENTURA,ALIMENTOS,Comisaria_2_Familia,2024,3.34,0.9,2,0,250,1
EXP-04171,CARTAGO,HURTO_PATRIMONIAL,Juzgado_2_Familia,2022,5.56,1.2,3,0,326,1
EXP-04172,EL DOVIO,VIF,Juzgado_1_Familia,2022,0.1,1.35,3,0,272,1
EXP-04173,CALI,VIF,Juzgado_3_Familia,2022,70.34,0.95,12,0,458,1
EXP-04174,CALI,HURTO_PATRIMONIAL,Juzgado_Penal_Municipal_1,2021,70.34,1.25,4,0,545,1
EXP-04175,BUENAVENTURA,VIF,Juzgado_2_Familia,2021,3.34,1.2,4,0,238,1
EXP-04176,EL CAIRO,SUSTANCIAS,Comisaria_2_Familia,2023,0.1,0.9,6,0,222,1
EXP-04177,PALMIRA,ALIMENTOS,Juzgado_Penal_Municipal_2,2022,11.54,1.05,15,1,579,1
EXP-04178,FLORIDA,VIF,Comisaria_2_Familia,2023,0.8,0.9,6,0,175,1
EXP-04179,BUGALAGRANDE,HURTO_PATRIMONIAL,Comisaria_1_Familia,2023,0.2799999999999999,1.1,2,0,196,0
EXP-04180,CALI,HURTO_PATRIMONIAL,Juzgado_Penal_Municipal_2,2021,70.34,1.05,3,0,549,1
EXP-04181,BOLIVAR,ALIMENTOS,Juzgado_Penal_Municipal_1,2024,0.2333333333333333,1.25,5,0,156,0
EXP-04182,OBANDO,ALIMENTOS,Juzgado_Penal_Municipal_1,2022,0.38,1.25,4,0,308,1
EXP-04183,PALMIRA,ALIMENTOS,Juzgado_3_Familia,2022,11.54,0.95,2,1,370,1
EXP-04184,TULUA,HURTO_PATRIMONIAL,Juzgado_Penal_Municipal_2,2022,3.34,1.05,5,0,325,0
EXP-04185,YUMBO,SUSTANCIAS,Comisaria_2_Familia,2023,3.5,0.9,9,0,140,0
EXP-04186,CANDELARIA,HURTO_PATRIMONIAL,Juzgado_1_Familia,2024,3.08,1.35,5,1,621,1
EXP-04187,JAMUNDI,SUSTANCIAS,Comisaria_2_Familia,2024,2.64,0.9,4,0,230,1
EXP-04188,ANSERMANUEVO,SUSTANCIAS,Comisaria_2_Familia,2022,0.2,0.9,3,0,211,1
EXP-04189,TULUA,ALIMENTOS,Juzgado_1_Familia,2022,3.34,1.35,3,0,334,1
EXP-04190,ALCALA,HURTO_PATRIMONIAL,Comisaria_1_Familia,2021,0.22,1.1,1,0,246,1
EXP-04191,CAICEDONIA,VIF,Juzgado_Penal_Municipal_1,2022,1.28,1.25,2,0,258,1
EXP-04192,VERSALLES,HURTO_PATRIMONIAL,Comisaria_1_Familia,2023,0.1333333333333333,1.1,2,1,418,1
EXP-04193,GUADALAJARA DE BUGA,SUSTANCIAS,Comisaria_2_Familia,2024,6.6,0.9,3,0,243,1
EXP-04194,DAGUA,VIF,Juzgado_Penal_Municipal_2,2022,1.3666666666666665,1.05,8,0,235,1
EXP-04195,GUACARI,ALIMENTOS,Juzgado_Penal_Municipal_2,2021,1.48,1.05,3,0,96,0
EXP-04196,YUMBO,ALIMENTOS,Juzgado_Penal_Municipal_1,2023,3.5,1.25,3,0,221,0
EXP-04197,CALI,VIF,Juzgado_1_Familia,2021,70.34,1.35,5,0,485,1
EXP-04198,ROLDANILLO,HURTO_PATRIMONIAL,Juzgado_Penal_Municipal_1,2022,1.26,1.25,6,0,269,0
EXP-04199,ZARZAL,ALIMENTOS,Juzgado_3_Familia,2023,1.12,0.95,4,1,382,1
EXP-04200,CALI,HURTO_PATRIMONIAL,Juzgado_3_Familia,2021,70.34,0.95,1,0,481,1
EXP-04201,CALI,SUSTANCIAS,Comisaria_2_Familia,2021,70.34,0.9,9,0,436,1
EXP-04202,YUMBO,VIF,Comisaria_2_Familia,2024,3.5,0.9,2,0,196,1
EXP-04203,SEVILLA,VIF,Juzgado_1_Familia,2021,1.62,1.35,3,0,236,1
EXP-04204,GUADALAJARA DE BUGA,ALIMENTOS,Juzgado_2_Familia,2022,6.6,1.2,9,0,410,1
EXP-04205,CAICEDONIA,HURTO_PATRIMONIAL,Juzgado_3_Familia,2022,1.28,0.95,3,0,345,1
EXP-04206,RESTREPO,SUSTANCIAS,Juzgado_Penal_Municipal_2,2024,0.24,1.05,5,0,252,1
EXP-04207,CALI,ALIMENTOS,Juzgado_3_Familia,2024,70.34,0.95,5,1,624,1
EXP-04208,SEVILLA,HURTO_PATRIMONIAL,Juzgado_1_Familia,2020,1.62,1.35,2,0,379,1
EXP-04209,YOTOCO,VIF,Comisaria_2_Familia,2021,0.58,0.9,1,0,194,1
EXP-04210,JAMUNDI,ALIMENTOS,Juzgado_Penal_Municipal_1,2022,2.64,1.25,3,0,353,1
EXP-04211,ANSERMANUEVO,ALIMENTOS,Juzgado_1_Familia,2024,0.2,1.35,3,1,465,1
EXP-04212,ZARZAL,VIF,Juzgado_Penal_Municipal_1,2024,1.12,1.25,6,0,276,1
EXP-04213,GUADALAJARA DE BUGA,ALIMENTOS,Juzgado_2_Familia,2021,6.6,1.2,5,0,333,1
EXP-04214,YUMBO,ALIMENTOS,Juzgado_2_Familia,2024,3.5,1.2,7,0,358,1
EXP-04215,CALI,ALIMENTOS,Comisaria_2_Familia,2023,70.34,0.9,4,0,475,1
EXP-04216,OBANDO,VIF,Comisaria_2_Familia,2022,0.38,0.9,7,0,225,1
EXP-04217,GUADALAJARA DE BUGA,SUSTANCIAS,Comisaria_1_Familia,2023,6.6,1.1,2,0,240,1
EXP-04218,PALMIRA,VIF,Comisaria_1_Familia,2023,11.54,1.1,1,0,214,1
EXP-04219,CALI,ALIMENTOS,Juzgado_Penal_Municipal_2,2021,70.34,1.05,3,0,439,1
EXP-04220,LA VICTORIA,VIF,Juzgado_3_Familia,2020,0.1666666666666666,0.95,9,0,207,1
EXP-04221,CALI,SUSTANCIAS,Juzgado_1_Familia,2024,70.34,1.35,3,0,345,0
EXP-04222,CALI,HURTO_PATRIMONIAL,Juzgado_3_Familia,2020,70.34,0.95,4,0,494,1
EXP-04223,EL CERRITO,ALIMENTOS,Comisaria_2_Familia,2024,1.1,0.9,12,0,243,1
EXP-04224,SEVILLA,HURTO_PATRIMONIAL,Juzgado_1_Familia,2023,1.62,1.35,9,0,459,1
EXP-04225,GINEBRA,ALIMENTOS,Comisaria_2_Familia,2020,0.6,0.9,3,0,222,1
EXP-04226,CANDELARIA,SUSTANCIAS,Juzgado_Penal_Municipal_2,2022,3.08,1.05,2,0,200,1
EXP-04227,PALMIRA,VIF,Juzgado_1_Familia,2024,11.54,1.35,10,0,344,1
EXP-04228,EL AGUILA,HURTO_PATRIMONIAL,Juzgado_3_Familia,2023,0.1666666666666666,0.95,2,0,128,0
EXP-04229,GUACARI,VIF,Juzgado_1_Familia,2023,1.48,1.35,10,0,332,1
EXP-04230,TULUA,ALIMENTOS,Juzgado_1_Familia,2022,3.34,1.35,3,0,299,0
EXP-04231,CAICEDONIA,ALIMENTOS,Comisaria_2_Familia,2022,1.28,0.9,3,0,225,1
EXP-04232,ZARZAL,ALIMENTOS,Juzgado_Penal_Municipal_1,2023,1.12,1.25,7,0,183,0
EXP-04233,CARTAGO,VIF,Juzgado_Penal_Municipal_2,2021,5.56,1.05,1,0,171,1
EXP-04234,GUADALAJARA DE BUGA,HURTO_PATRIMONIAL,Juzgado_2_Familia,2024,6.6,1.2,3,0,368,1
EXP-04235,SEVILLA,HURTO_PATRIMONIAL,Comisaria_1_Familia,2020,1.62,1.1,1,1,411,1
EXP-04236,CARTAGO,HURTO_PATRIMONIAL,Juzgado_2_Familia,2022,5.56,1.2,11,1,565,1
EXP-04237,CANDELARIA,VIF,Juzgado_3_Familia,2023,3.08,0.95,1,0,208,1
EXP-04238,JAMUNDI,SUSTANCIAS,Juzgado_3_Familia,2024,2.64,0.95,2,0,224,1
EXP-04239,ANDALUCIA,ALIMENTOS,Comisaria_2_Familia,2022,0.38,0.9,3,1,335,1
EXP-04240,CALI,VIF,Juzgado_3_Familia,2020,70.34,0.95,3,0,395,1
EXP-04241,JAMUNDI,HURTO_PATRIMONIAL,Juzgado_3_Familia,2024,2.64,0.95,2,0,280,1
EXP-04242,GINEBRA,VIF,Comisaria_2_Familia,2021,0.6,0.9,9,0,222,1
EXP-04243,GUADALAJARA DE BUGA,ALIMENTOS,Comisaria_2_Familia,2024,6.6,0.9,7,0,322,1
EXP-04244,CALI,HURTO_PATRIMONIAL,Juzgado_1_Familia,2024,70.34,1.35,13,0,347,0
EXP-04245,DAGUA,HURTO_PATRIMONIAL,Juzgado_1_Familia,2023,1.3666666666666665,1.35,3,0,379,1
EXP-04246,CALI,ALIMENTOS,Juzgado_3_Familia,2022,70.34,0.95,3,0,444,1
EXP-04247,CARTAGO,VIF,Comisaria_1_Familia,2023,5.56,1.1,3,0,244,1
EXP-04248,TRUJILLO,HURTO_PATRIMONIAL,Comisaria_2_Familia,2023,0.225,0.9,3,0,153,0
EXP-04249,OBANDO,HURTO_PATRIMONIAL,Juzgado_2_Familia,2021,0.38,1.2,1,0,226,0
EXP-04250,ROLDANILLO,ALIMENTOS,Juzgado_Penal_Municipal_2,2024,1.26,1.05,4,0,286,1
EXP-04251,YOTOCO,VIF,Juzgado_1_Familia,2024,0.58,1.35,3,0,273,1
EXP-04252,VERSALLES,ALIMENTOS,Juzgado_3_Familia,2023,0.1333333333333333,0.95,1,1,345,1
EXP-04253,TORO,SUSTANCIAS,Comisaria_1_Familia,2024,0.1333333333333333,1.1,4,0,253,1
EXP-04254,ROLDANILLO,ALIMENTOS,Juzgado_2_Familia,2024,1.26,1.2,6,0,299,1
EXP-04255,JAMUNDI,ALIMENTOS,Juzgado_2_Familia,2022,2.64,1.2,5,0,347,1
EXP-04256,CANDELARIA,ALIMENTOS,Juzgado_Penal_Municipal_2,2024,3.08,1.05,3,0,155,0
EXP-04257,CALIMA,VIF,Juzgado_Penal_Municipal_1,2023,0.3199999999999999,1.25,4,0,269,1
EXP-04258,CALI,SUSTANCIAS,Juzgado_Penal_Municipal_1,2022,70.34,1.25,3,0,322,0
EXP-04259,YOTOCO,ALIMENTOS,Comisaria_2_Familia,2022,0.58,0.9,6,0,269,1
EXP-04260,CALI,VIF,Juzgado_2_Familia,2024,70.34,1.2,5,0,461,1
EXP-04261,TULUA,VIF,Juzgado_1_Familia,2023,3.34,1.35,8,0,321,1
EXP-04262,CALI,SUSTANCIAS,Juzgado_2_Familia,2023,70.34,1.2,10,0,511,1
EXP-04263,ZARZAL,VIF,Juzgado_Penal_Municipal_2,2024,1.12,1.05,1,0,147,0
EXP-04264,YOTOCO,VIF,Juzgado_3_Familia,2024,0.58,0.95,4,0,206,1
EXP-04265,ALCALA,VIF,Comisaria_2_Familia,2022,0.22,0.9,3,0,142,1
EXP-04266,PALMIRA,VIF,Juzgado_3_Familia,2024,11.54,0.95,2,0,201,1
EXP-04267,GUADALAJARA DE BUGA,ALIMENTOS,Juzgado_2_Familia,2020,6.6,1.2,3,0,249,0
EXP-04268,LA UNION,HURTO_PATRIMONIAL,Comisaria_1_Familia,2021,0.575,1.1,7,0,148,0
EXP-04269,ROLDANILLO,SUSTANCIAS,Juzgado_2_Familia,2024,1.26,1.2,2,0,127,0
EXP-04270,ARGELIA,HURTO_PATRIMONIAL,Juzgado_2_Familia,2024,0.2,1.2,2,1,462,1
EXP-04271,BOLIVAR,ALIMENTOS,Juzgado_1_Familia,2024,0.2333333333333333,1.35,5,1,255,0
EXP-04272,CANDELARIA,HURTO_PATRIMONIAL,Comisaria_2_Familia,2023,3.08,0.9,1,0,285,1
EXP-04273,ARGELIA,ALIMENTOS,Juzgado_Penal_Municipal_2,2023,0.2,1.05,4,1,377,1
EXP-04274,GUADALAJARA DE BUGA,HURTO_PATRIMONIAL,Juzgado_Penal_Municipal_2,2022,6.6,1.05,2,0,302,1
EXP-04275,CALI,VIF,Juzgado_2_Familia,2021,70.34,1.2,3,0,420,1
EXP-04276,CARTAGO,VIF,Juzgado_Penal_Municipal_1,2022,5.56,1.25,5,0,272,1
EXP-04277,TULUA,HURTO_PATRIMONIAL,Juzgado_2_Familia,2021,3.34,1.2,1,1,487,1
EXP-04278,TULUA,VIF,Juzgado_3_Familia,2024,3.34,0.95,3,0,191,1
EXP-04279,PRADERA,ALIMENTOS,Comisaria_1_Familia,2024,0.72,1.1,5,0,332,1
EXP-04280,TULUA,VIF,Comisaria_1_Familia,2021,3.34,1.1,2,0,218,1
EXP-04281,RESTREPO,VIF,Juzgado_Penal_Municipal_2,2024,0.24,1.05,5,0,213,1
EXP-04282,CALI,ALIMENTOS,Juzgado_Penal_Municipal_2,2021,70.34,1.05,1,1,609,1
EXP-04283,SIN_DATO,ALIMENTOS,Juzgado_3_Familia,2024,2.2,0.95,9,0,313,1
EXP-04284,SIN_DATO,VIF,Juzgado_2_Familia,2022,2.2,1.2,4,0,203,0
EXP-04285,SIN_DATO,VIF,Juzgado_Penal_Municipal_2,2022,2.2,1.05,2,0,150,0
EXP-04286,CALI,VIF,Juzgado_1_Familia,2024,70.34,1.35,3,0,225,0
EXP-04287,TULUA,VIF,Juzgado_Penal_Municipal_2,2022,3.34,1.05,6,0,235,1
EXP-04288,RIOFRIO,HURTO_PATRIMONIAL,Juzgado_Penal_Municipal_2,2020,0.175,1.05,1,0,305,1
EXP-04289,GUADALAJARA DE BUGA,ALIMENTOS,Juzgado_Penal_Municipal_2,2023,6.6,1.05,11,1,517,1
EXP-04290,JAMUNDI,SUSTANCIAS,Juzgado_Penal_Municipal_1,2024,2.64,1.25,4,0,303,1
EXP-04291,SIN_DATO,VIF,Comisaria_2_Familia,2022,2.2,0.9,12,0,274,1
EXP-04292,CALI,SUSTANCIAS,Comisaria_2_Familia,2024,70.34,0.9,1,0,410,1
EXP-04293,PALMIRA,ALIMENTOS,Juzgado_1_Familia,2023,11.54,1.35,1,0,351,1
EXP-04294,BUENAVENTURA,SUSTANCIAS,Juzgado_Penal_Municipal_2,2024,3.34,1.05,2,0,252,1
EXP-04295,CARTAGO,ALIMENTOS,Juzgado_Penal_Municipal_1,2020,5.56,1.25,6,1,492,1
EXP-04296,GUADALAJARA DE BUGA,ALIMENTOS,Juzgado_2_Familia,2022,6.6,1.2,11,0,392,1
EXP-04297,GUACARI,ALIMENTOS,Juzgado_1_Familia,2022,1.48,1.35,1,0,338,1
EXP-04298,LA UNION,VIF,Comisaria_1_Familia,2023,0.575,1.1,8,0,254,1
EXP-04299,DAGUA,ALIMENTOS,Juzgado_3_Familia,2023,1.3666666666666665,0.95,7,1,405,1
EXP-04300,ROLDANILLO,ALIMENTOS,Juzgado_2_Familia,2020,1.26,1.2,6,1,482,1
EXP-04301,GINEBRA,VIF,Juzgado_Penal_Municipal_1,2022,0.6,1.25,10,0,306,1
EXP-04302,SEVILLA,VIF,Juzgado_Penal_Municipal_1,2023,1.62,1.25,2,0,124,0
EXP-04303,CALI,VIF,Juzgado_1_Familia,2022,70.34,1.35,10,0,557,1
EXP-04304,PRADERA,ALIMENTOS,Juzgado_Penal_Municipal_2,2024,0.72,1.05,20,0,398,1
EXP-04305,RIOFRIO,VIF,Juzgado_2_Familia,2020,0.175,1.2,7,0,283,1
EXP-04306,GUADALAJARA DE BUGA,ALIMENTOS,Juzgado_Penal_Municipal_2,2022,6.6,1.05,3,0,302,1
EXP-04307,BUENAVENTURA,SUSTANCIAS,Juzgado_Penal_Municipal_1,2022,3.34,1.25,12,0,358,1
EXP-04308,TORO,HURTO_PATRIMONIAL,Comisaria_1_Familia,2024,0.1333333333333333,1.1,15,0,431,1
EXP-04309,LA VICTORIA,SUSTANCIAS,Juzgado_3_Familia,2022,0.1666666666666666,0.95,11,0,256,1
EXP-04310,RESTREPO,ALIMENTOS,Juzgado_Penal_Municipal_1,2020,0.24,1.25,6,0,334,1
EXP-04311,ANDALUCIA,SUSTANCIAS,Juzgado_1_Familia,2021,0.38,1.35,3,0,315,1
EXP-04312,TULUA,HURTO_PATRIMONIAL,Juzgado_Penal_Municipal_1,2021,3.34,1.25,6,0,419,1
EXP-04313,CALI,VIF,Juzgado_Penal_Municipal_2,2023,70.34,1.05,1,0,391,1
EXP-04314,PALMIRA,ALIMENTOS,Juzgado_2_Familia,2024,11.54,1.2,2,1,284,0
EXP-04315,CALI,ALIMENTOS,Juzgado_Penal_Municipal_1,2023,70.34,1.25,13,0,638,1
EXP-04316,GUADALAJARA DE BUGA,HURTO_PATRIMONIAL,Juzgado_3_Familia,2022,6.6,0.95,1,1,417,1
EXP-04317,RIOFRIO,SUSTANCIAS,Juzgado_1_Familia,2024,0.175,1.35,16,0,260,0
EXP-04318,TULUA,ALIMENTOS,Comisaria_2_Familia,2022,3.34,0.9,6,0,253,1
EXP-04319,CALI,VIF,Juzgado_Penal_Municipal_2,2022,70.34,1.05,1,0,332,0
EXP-04320,PALMIRA,HURTO_PATRIMONIAL,Juzgado_Penal_Municipal_2,2023,11.54,1.05,2,1,239,0
EXP-04321,YUMBO,ALIMENTOS,Comisaria_2_Familia,2024,3.5,0.9,1,0,240,1
EXP-04322,BUENAVENTURA,ALIMENTOS,Comisaria_2_Familia,2020,3.34,0.9,3,0,225,1
EXP-04323,SIN_DATO,HURTO_PATRIMONIAL,Juzgado_Penal_Municipal_1,2024,2.2,1.25,2,1,445,0
EXP-04324,SAN PEDRO,HURTO_PATRIMONIAL,Comisaria_1_Familia,2020,0.3,1.1,3,0,300,1
EXP-04325,ROLDANILLO,ALIMENTOS,Juzgado_Penal_Municipal_2,2020,1.26,1.05,4,0,302,1
EXP-04326,CARTAGO,HURTO_PATRIMONIAL,Comisaria_2_Familia,2023,5.56,0.9,1,0,252,1
EXP-04327,OBANDO,VIF,Juzgado_Penal_Municipal_2,2023,0.38,1.05,3,0,239,1
EXP-04328,CALI,VIF,Juzgado_Penal_Municipal_2,2021,70.34,1.05,4,0,436,1
EXP-04329,FLORIDA,VIF,Juzgado_2_Familia,2023,0.8,1.2,5,0,257,1
EXP-04330,TULUA,ALIMENTOS,Juzgado_Penal_Municipal_2,2022,3.34,1.05,2,0,145,0
EXP-04331,RIOFRIO,SUSTANCIAS,Comisaria_1_Familia,2020,0.175,1.1,2,0,190,1
EXP-04332,ANSERMANUEVO,SUSTANCIAS,Juzgado_Penal_Municipal_1,2021,0.2,1.25,7,0,283,1
EXP-04333,CALI,VIF,Juzgado_Penal_Municipal_1,2021,70.34,1.25,2,0,428,1
EXP-04334,CALI,VIF,Juzgado_Penal_Municipal_2,2021,70.34,1.05,4,0,446,1
EXP-04335,CARTAGO,ALIMENTOS,Comisaria_2_Familia,2021,5.56,0.9,11,0,325,1
EXP-04336,CALI,ALIMENTOS,Comisaria_1_Familia,2024,70.34,1.1,1,1,598,1
EXP-04337,PALMIRA,VIF,Comisaria_2_Familia,2021,11.54,0.9,1,0,179,1
EXP-04338,EL CAIRO,ALIMENTOS,Juzgado_3_Familia,2023,0.1,0.95,7,1,425,1
EXP-04339,CANDELARIA,VIF,Juzgado_2_Familia,2023,3.08,1.2,6,0,282,1
EXP-04340,GINEBRA,ALIMENTOS,Comisaria_1_Familia,2022,0.6,1.1,3,0,237,1
EXP-04341,YUMBO,VIF,Comisaria_2_Familia,2020,3.5,0.9,20,0,328,1
EXP-04342,YUMBO,SUSTANCIAS,Juzgado_1_Familia,2024,3.5,1.35,5,0,351,1
EXP-04343,CALI,ALIMENTOS,Comisaria_1_Familia,2024,70.34,1.1,4,1,650,1
EXP-04344,PALMIRA,HURTO_PATRIMONIAL,Juzgado_2_Familia,2022,11.54,1.2,4,1,502,1
EXP-04345,BUENAVENTURA,ALIMENTOS,Juzgado_Penal_Municipal_1,2021,3.34,1.25,11,0,381,1
EXP-04346,CANDELARIA,ALIMENTOS,Juzgado_Penal_Municipal_2,2024,3.08,1.05,6,0,298,1
EXP-04347,GUACARI,VIF,Juzgado_3_Familia,2022,1.48,0.95,2,0,169,1
EXP-04348,SEVILLA,HURTO_PATRIMONIAL,Juzgado_Penal_Municipal_1,2023,1.62,1.25,4,0,331,1
EXP-04349,PRADERA,ALIMENTOS,Juzgado_3_Familia,2021,0.72,0.95,1,1,353,1
EXP-04350,SAN PEDRO,ALIMENTOS,Juzgado_3_Familia,2024,0.3,0.95,3,0,297,1
EXP-04351,ANDALUCIA,SUSTANCIAS,Comisaria_1_Familia,2020,0.38,1.1,2,0,235,1
EXP-04352,CAICEDONIA,HURTO_PATRIMONIAL,Juzgado_3_Familia,2024,1.28,0.95,4,0,309,1
EXP-04353,JAMUNDI,VIF,Juzgado_2_Familia,2024,2.64,1.2,4,0,211,0
EXP-04354,EL AGUILA,ALIMENTOS,Juzgado_Penal_Municipal_1,2021,0.1666666666666666,1.25,1,0,269,1
EXP-04355,LA VICTORIA,ALIMENTOS,Juzgado_2_Familia,2021,0.1666666666666666,1.2,11,0,405,1
EXP-04356,YUMBO,ALIMENTOS,Juzgado_1_Familia,2024,3.5,1.35,2,0,325,1
EXP-04357,TULUA,ALIMENTOS,Comisaria_1_Familia,2021,3.34,1.1,1,1,390,1
EXP-04358,BUENAVENTURA,VIF,Comisaria_1_Familia,2024,3.34,1.1,4,0,221,0
EXP-04359,CALI,ALIMENTOS,Comisaria_2_Familia,2020,70.34,0.9,6,1,636,1
EXP-04360,ROLDANILLO,SUSTANCIAS,Comisaria_1_Familia,2022,1.26,1.1,13,0,337,1
EXP-04361,CALI,VIF,Comisaria_2_Familia,2024,70.34,0.9,1,0,380,1
EXP-04362,SEVILLA,ALIMENTOS,Comisaria_2_Familia,2020,1.62,0.9,2,0,206,1
EXP-04363,CALI,ALIMENTOS,Comisaria_1_Familia,2024,70.34,1.1,9,0,516,1
EXP-04364,CARTAGO,ALIMENTOS,Juzgado_Penal_Municipal_2,2024,5.56,1.05,4,0,312,1
EXP-04365,VIJES,ALIMENTOS,Comisaria_1_Familia,2023,0.175,1.1,8,0,312,1
EXP-04366,BUENAVENTURA,HURTO_PATRIMONIAL,Comisaria_1_Familia,2024,3.34,1.1,7,0,419,1
EXP-04367,GUADALAJARA DE BUGA,HURTO_PATRIMONIAL,Juzgado_1_Familia,2020,6.6,1.35,4,0,374,1
EXP-04368,GUADALAJARA DE BUGA,VIF,Comisaria_1_Familia,2022,6.6,1.1,2,0,229,1
EXP-04369,CANDELARIA,ALIMENTOS,Juzgado_Penal_Municipal_2,2023,3.08,1.05,5,0,324,1
EXP-04370,VIJES,ALIMENTOS,Juzgado_2_Familia,2024,0.175,1.2,3,0,264,0
EXP-04371,JAMUNDI,VIF,Juzgado_1_Familia,2023,2.64,1.35,8,0,316,1
EXP-04372,PALMIRA,VIF,Comisaria_1_Familia,2023,11.54,1.1,4,0,274,1
EXP-04373,ALCALA,VIF,Comisaria_1_Familia,2022,0.22,1.1,1,0,181,1
EXP-04374,BUGALAGRANDE,ALIMENTOS,Comisaria_1_Familia,2024,0.2799999999999999,1.1,10,0,345,1
EXP-04375,CARTAGO,ALIMENTOS,Juzgado_Penal_Municipal_1,2020,5.56,1.25,18,0,447,1
EXP-04376,SEVILLA,VIF,Juzgado_3_Familia,2024,1.62,0.95,1,0,166,1
EXP-04377,YOTOCO,ALIMENTOS,Juzgado_1_Familia,2020,0.58,1.35,4,1,213,0
EXP-04378,EL AGUILA,VIF,Comisaria_1_Familia,2022,0.1666666666666666,1.1,7,0,251,1
EXP-04379,TRUJILLO,VIF,Juzgado_3_Familia,2023,0.225,0.95,5,0,164,0
EXP-04380,PALMIRA,ALIMENTOS,Juzgado_Penal_Municipal_2,2023,11.54,1.05,3,1,423,1
EXP-04381,GUACARI,VIF,Juzgado_Penal_Municipal_2,2023,1.48,1.05,3,0,232,1
EXP-04382,GUADALAJARA DE BUGA,HURTO_PATRIMONIAL,Juzgado_Penal_Municipal_2,2022,6.6,1.05,3,0,285,1
EXP-04383,JAMUNDI,HURTO_PATRIMONIAL,Juzgado_Penal_Municipal_2,2023,2.64,1.05,2,1,221,0
EXP-04384,LA UNION,HURTO_PATRIMONIAL,Juzgado_3_Familia,2022,0.575,0.95,5,1,484,1
EXP-04385,CALI,ALIMENTOS,Juzgado_1_Familia,2024,70.34,1.35,1,0,254,0
EXP-04386,ZARZAL,VIF,Comisaria_1_Familia,2022,1.12,1.1,2,0,204,1
EXP-04387,CALI,ALIMENTOS,Juzgado_3_Familia,2023,70.34,0.95,7,0,487,1
EXP-04388,GUADALAJARA DE BUGA,HURTO_PATRIMONIAL,Comisaria_1_Familia,2024,6.6,1.1,6,1,556,1
EXP-04389,EL CERRITO,VIF,Comisaria_2_Familia,2024,1.1,0.9,1,0,176,1
EXP-04390,CALI,HURTO_PATRIMONIAL,Comisaria_1_Familia,2022,70.34,1.1,7,0,634,1
EXP-04391,CALI,VIF,Juzgado_Penal_Municipal_1,2024,70.34,1.25,6,0,495,1
EXP-04392,EL CERRITO,VIF,Juzgado_2_Familia,2021,1.1,1.2,6,0,298,1
EXP-04393,EL AGUILA,HURTO_PATRIMONIAL,Juzgado_2_Familia,2023,0.1666666666666666,1.2,8,0,405,1
EXP-04394,ROLDANILLO,SUSTANCIAS,Comisaria_2_Familia,2024,1.26,0.9,4,0,239,1
EXP-04395,LA UNION,SUSTANCIAS,Comisaria_2_Familia,2023,0.575,0.9,7,0,233,1
EXP-04396,VERSALLES,SUSTANCIAS,Comisaria_2_Familia,2022,0.1333333333333333,0.9,1,0,223,1
EXP-04397,CALI,ALIMENTOS,Juzgado_1_Familia,2024,70.34,1.35,2,0,551,1
EXP-04398,CALI,SUSTANCIAS,Juzgado_Penal_Municipal_1,2023,70.34,1.25,4,0,499,1
EXP-04399,GUACARI,HURTO_PATRIMONIAL,Juzgado_1_Familia,2023,1.48,1.35,5,1,552,1
EXP-04400,LA VICTORIA,VIF,Juzgado_2_Familia,2021,0.1666666666666666,1.2,7,0,244,1
EXP-04401,OBANDO,HURTO_PATRIMONIAL,Comisaria_2_Familia,2021,0.38,0.9,6,1,414,1
EXP-04402,GUADALAJARA DE BUGA,ALIMENTOS,Juzgado_Penal_Municipal_2,2023,6.6,1.05,4,0,303,1
EXP-04403,TULUA,VIF,Comisaria_1_Familia,2020,3.34,1.1,5,0,280,1
EXP-04404,TULUA,ALIMENTOS,Juzgado_3_Familia,2020,3.34,0.95,2,0,200,1
EXP-04405,DAGUA,ALIMENTOS,Comisaria_2_Familia,2020,1.3666666666666665,0.9,3,1,348,1
EXP-04406,ZARZAL,ALIMENTOS,Juzgado_3_Familia,2021,1.12,0.95,1,1,384,1
EXP-04407,TULUA,HURTO_PATRIMONIAL,Juzgado_2_Familia,2024,3.34,1.2,5,0,395,1
EXP-04408,CALI,ALIMENTOS,Comisaria_2_Familia,2021,70.34,0.9,2,0,424,1
EXP-04409,BOLIVAR,ALIMENTOS,Comisaria_2_Familia,2020,0.2333333333333333,0.9,8,1,245,0
EXP-04410,LA UNION,ALIMENTOS,Juzgado_1_Familia,2024,0.575,1.35,1,1,485,1
EXP-04411,JAMUNDI,ALIMENTOS,Juzgado_3_Familia,2024,2.64,0.95,5,1,410,1
EXP-04412,SAN PEDRO,HURTO_PATRIMONIAL,Juzgado_Penal_Municipal_1,2020,0.3,1.25,7,0,424,1
EXP-04413,CAICEDONIA,VIF,Juzgado_2_Familia,2023,1.28,1.2,3,0,234,1
EXP-04414,CARTAGO,HURTO_PATRIMONIAL,Juzgado_3_Familia,2024,5.56,0.95,22,0,459,1
EXP-04415,CALI,VIF,Juzgado_Penal_Municipal_2,2023,70.34,1.05,7,0,464,1
EXP-04416,PALMIRA,ALIMENTOS,Juzgado_Penal_Municipal_1,2021,11.54,1.25,5,0,377,1
EXP-04417,CANDELARIA,VIF,Comisaria_2_Familia,2021,3.08,0.9,1,0,164,1
EXP-04418,DAGUA,ALIMENTOS,Juzgado_Penal_Municipal_1,2021,1.3666666666666665,1.25,4,0,344,1
EXP-04419,CARTAGO,ALIMENTOS,Comisaria_2_Familia,2024,5.56,0.9,4,0,287,1
EXP-04420,ROLDANILLO,ALIMENTOS,Juzgado_Penal_Municipal_2,2022,1.26,1.05,8,1,410,1
EXP-04421,CALI,HURTO_PATRIMONIAL,Juzgado_2_Familia,2022,70.34,1.2,4,1,696,1
EXP-04422,YUMBO,ALIMENTOS,Juzgado_Penal_Municipal_1,2022,3.5,1.25,4,0,383,1
EXP-04423,CANDELARIA,VIF,Juzgado_1_Familia,2022,3.08,1.35,7,0,314,1
EXP-04424,CAICEDONIA,HURTO_PATRIMONIAL,Juzgado_Penal_Municipal_1,2022,1.28,1.25,4,1,517,1
EXP-04425,BUENAVENTURA,VIF,Juzgado_1_Familia,2024,3.34,1.35,1,0,247,1
EXP-04426,EL CERRITO,ALIMENTOS,Juzgado_Penal_Municipal_2,2021,1.1,1.05,1,0,247,1
EXP-04427,SAN PEDRO,VIF,Comisaria_2_Familia,2024,0.3,0.9,1,0,178,1
EXP-04428,CALI,SUSTANCIAS,Comisaria_2_Familia,2020,70.34,0.9,5,0,437,1
EXP-04429,PALMIRA,ALIMENTOS,Juzgado_Penal_Municipal_2,2024,11.54,1.05,1,1,437,1
EXP-04430,RIOFRIO,HURTO_PATRIMONIAL,Juzgado_1_Familia,2022,0.175,1.35,7,0,418,1
EXP-04431,CALIMA,SUSTANCIAS,Juzgado_Penal_Municipal_2,2024,0.3199999999999999,1.05,1,0,227,1
EXP-04432,JAMUNDI,ALIMENTOS,Juzgado_Penal_Municipal_1,2023,2.64,1.25,2,0,331,1
EXP-04433,CANDELARIA,VIF,Juzgado_Penal_Municipal_1,2024,3.08,1.25,1,0,258,1
EXP-04434,YUMBO,HURTO_PATRIMONIAL,Comisaria_1_Familia,2021,3.5,1.1,3,0,298,0
EXP-04435,YUMBO,VIF,Juzgado_Penal_Municipal_1,2023,3.5,1.25,1,0,251,1
EXP-04436,JAMUNDI,ALIMENTOS,Juzgado_Penal_Municipal_1,2022,2.64,1.25,7,1,334,0
EXP-04437,ALCALA,ALIMENTOS,Juzgado_2_Familia,2023,0.22,1.2,5,0,328,1
EXP-04438,GUADALAJARA DE BUGA,HURTO_PATRIMONIAL,Juzgado_3_Familia,2021,6.6,0.95,1,0,310,1
EXP-04439,LA CUMBRE,HURTO_PATRIMONIAL,Comisaria_2_Familia,2023,0.24,0.9,2,0,204,1
EXP-04440,CALI,VIF,Comisaria_1_Familia,2022,70.34,1.1,3,0,232,0
EXP-04441,CALI,SUSTANCIAS,Juzgado_Penal_Municipal_2,2022,70.34,1.05,1,0,452,1
EXP-04442,PALMIRA,ALIMENTOS,Juzgado_3_Familia,2021,11.54,0.95,4,0,166,0
EXP-04443,CARTAGO,SUSTANCIAS,Juzgado_Penal_Municipal_1,2024,5.56,1.25,5,0,122,0
EXP-04444,SIN_DATO,VIF,Comisaria_2_Familia,2024,2.2,0.9,2,0,176,1
EXP-04445,VIJES,VIF,Juzgado_3_Familia,2020,0.175,0.95,8,0,201,1
EXP-04446,SIN_DATO,VIF,Juzgado_3_Familia,2021,2.2,0.95,9,0,205,0
EXP-04447,CANDELARIA,ALIMENTOS,Juzgado_Penal_Municipal_1,2024,3.08,1.25,5,0,301,0
EXP-04448,ANSERMANUEVO,HURTO_PATRIMONIAL,Juzgado_Penal_Municipal_2,2023,0.2,1.05,3,0,340,1
EXP-04449,JAMUNDI,ALIMENTOS,Juzgado_Penal_Municipal_2,2023,2.64,1.05,2,0,297,1
EXP-04450,CARTAGO,VIF,Juzgado_1_Familia,2023,5.56,1.35,2,0,246,1
EXP-04451,BUENAVENTURA,ALIMENTOS,Juzgado_3_Familia,2021,3.34,0.95,3,1,428,1
EXP-04452,YUMBO,HURTO_PATRIMONIAL,Comisaria_2_Familia,2024,3.5,0.9,3,1,452,1
EXP-04453,PALMIRA,HURTO_PATRIMONIAL,Comisaria_1_Familia,2022,11.54,1.1,5,0,378,1
EXP-04454,FLORIDA,ALIMENTOS,Juzgado_1_Familia,2024,0.8,1.35,1,1,472,1
EXP-04455,JAMUNDI,ALIMENTOS,Juzgado_2_Familia,2024,2.64,1.2,1,0,354,1
EXP-04456,CALI,VIF,Juzgado_3_Familia,2022,70.34,0.95,7,0,421,1
EXP-04457,CALI,SUSTANCIAS,Juzgado_3_Familia,2023,70.34,0.95,4,0,427,1
EXP-04458,CALI,HURTO_PATRIMONIAL,Juzgado_Penal_Municipal_2,2024,70.34,1.05,22,1,595,0
EXP-04459,CAICEDONIA,HURTO_PATRIMONIAL,Comisaria_1_Familia,2024,1.28,1.1,1,0,351,1
EXP-04460,CANDELARIA,VIF,Comisaria_2_Familia,2021,3.08,0.9,3,0,138,1
EXP-04461,ARGELIA,ALIMENTOS,Juzgado_1_Familia,2024,0.2,1.35,4,1,484,1
EXP-04462,CALI,ALIMENTOS,Juzgado_2_Familia,2024,70.34,1.2,6,0,409,0
EXP-04463,CANDELARIA,VIF,Comisaria_1_Familia,2024,3.08,1.1,5,0,263,1
EXP-04464,SEVILLA,VIF,Comisaria_1_Familia,2020,1.62,1.1,1,0,212,1
EXP-04465,DAGUA,VIF,Juzgado_3_Familia,2024,1.3666666666666665,0.95,12,0,285,1
EXP-04466,BUENAVENTURA,ALIMENTOS,Juzgado_3_Familia,2024,3.34,0.95,8,1,448,1
EXP-04467,GUACARI,ALIMENTOS,Juzgado_3_Familia,2023,1.48,0.95,5,1,421,1
EXP-04468,VERSALLES,VIF,Comisaria_2_Familia,2022,0.1333333333333333,0.9,2,0,174,1
EXP-04469,PALMIRA,ALIMENTOS,Comisaria_2_Familia,2024,11.54,0.9,5,1,401,1
EXP-04470,GINEBRA,VIF,Juzgado_Penal_Municipal_1,2023,0.6,1.25,8,0,283,1
EXP-04471,TORO,ALIMENTOS,Juzgado_3_Familia,2023,0.1333333333333333,0.95,5,0,293,1
EXP-04472,CARTAGO,SUSTANCIAS,Juzgado_Penal_Municipal_2,2022,5.56,1.05,3,0,225,1
EXP-04473,GUACARI,VIF,Juzgado_3_Familia,2023,1.48,0.95,3,0,187,1
EXP-04474,PALMIRA,VIF,Juzgado_1_Familia,2020,11.54,1.35,1,0,293,1
EXP-04475,YUMBO,ALIMENTOS,Juzgado_3_Familia,2023,3.5,0.95,1,0,225,1
EXP-04476,PALMIRA,VIF,Juzgado_3_Familia,2023,11.54,0.95,3,0,210,1
EXP-04477,JAMUNDI,SUSTANCIAS,Comisaria_1_Familia,2022,2.64,1.1,3,0,257,1
EXP-04478,TULUA,VIF,Juzgado_Penal_Municipal_1,2021,3.34,1.25,1,0,129,0
EXP-04479,ROLDANILLO,ALIMENTOS,Juzgado_Penal_Municipal_1,2022,1.26,1.25,8,0,358,1
EXP-04480,SAN PEDRO,VIF,Juzgado_2_Familia,2024,0.3,1.2,8,0,305,1
EXP-04481,FLORIDA,HURTO_PATRIMONIAL,Juzgado_Penal_Municipal_1,2022,0.8,1.25,3,0,393,1
EXP-04482,PALMIRA,ALIMENTOS,Juzgado_Penal_Municipal_2,2021,11.54,1.05,14,0,371,1
EXP-04483,CALI,HURTO_PATRIMONIAL,Juzgado_Penal_Municipal_2,2024,70.34,1.05,5,0,572,1
EXP-04484,CALI,SUSTANCIAS,Juzgado_1_Familia,2021,70.34,1.35,9,0,532,1
EXP-04485,SEVILLA,VIF,Juzgado_Penal_Municipal_1,2022,1.62,1.25,1,0,191,0
EXP-04486,CALI,HURTO_PATRIMONIAL,Juzgado_2_Familia,2022,70.34,1.2,1,1,712,1
EXP-04487,PALMIRA,VIF,Juzgado_2_Familia,2022,11.54,1.2,8,0,284,1
EXP-04488,BUENAVENTURA,ALIMENTOS,Comisaria_2_Familia,2021,3.34,0.9,9,0,274,1
EXP-04489,SIN_DATO,ALIMENTOS,Juzgado_2_Familia,2024,2.2,1.2,4,0,304,1
EXP-04490,LA CUMBRE,VIF,Comisaria_1_Familia,2020,0.24,1.1,5,0,222,1
EXP-04491,BUGALAGRANDE,SUSTANCIAS,Juzgado_Penal_Municipal_1,2020,0.2799999999999999,1.25,4,0,262,1
EXP-04492,ZARZAL,ALIMENTOS,Juzgado_2_Familia,2023,1.12,1.2,2,1,435,1
EXP-04493,GINEBRA,VIF,Comisaria_2_Familia,2020,0.6,0.9,4,0,196,1
EXP-04494,CALI,ALIMENTOS,Juzgado_3_Familia,2024,70.34,0.95,2,0,410,1
EXP-04495,CANDELARIA,VIF,Juzgado_3_Familia,2023,3.08,0.95,4,0,167,0
EXP-04496,ZARZAL,ALIMENTOS,Juzgado_1_Familia,2021,1.12,1.35,6,1,521,1
EXP-04497,SEVILLA,VIF,Juzgado_Penal_Municipal_1,2022,1.62,1.25,5,0,272,1
EXP-04498,CALI,SUSTANCIAS,Juzgado_1_Familia,2023,70.34,1.35,6,0,451,0
EXP-04499,GUACARI,VIF,Juzgado_1_Familia,2022,1.48,1.35,6,0,328,1
EXP-04500,GUADALAJARA DE BUGA,HURTO_PATRIMONIAL,Juzgado_Penal_Municipal_2,2024,6.6,1.05,5,0,361,1
EXP-04501,DAGUA,VIF,Comisaria_2_Familia,2020,1.3666666666666665,0.9,10,0,238,1
EXP-04502,DAGUA,ALIMENTOS,Juzgado_1_Familia,2022,1.3666666666666665,1.35,6,1,521,1
EXP-04503,CARTAGO,VIF,Juzgado_3_Familia,2024,5.56,0.95,4,0,243,1
EXP-04504,ANSERMANUEVO,ALIMENTOS,Juzgado_3_Familia,2022,0.2,0.95,1,1,191,0
EXP-04505,CALI,VIF,Comisaria_1_Familia,2021,70.34,1.1,5,0,454,1
EXP-04506,GUADALAJARA DE BUGA,ALIMENTOS,Juzgado_2_Familia,2020,6.6,1.2,4,0,296,1
EXP-04507,ANDALUCIA,VIF,Comisaria_2_Familia,2023,0.38,0.9,3,0,193,1
EXP-04508,JAMUNDI,VIF,Comisaria_2_Familia,2020,2.64,0.9,4,0,119,0
EXP-04509,PALMIRA,SUSTANCIAS,Juzgado_3_Familia,2020,11.54,0.95,2,0,237,1
EXP-04510,JAMUNDI,VIF,Comisaria_1_Familia,2021,2.64,1.1,10,0,229,1
EXP-04511,CANDELARIA,VIF,Juzgado_Penal_Municipal_2,2023,3.08,1.05,2,0,226,1
EXP-04512,GUADALAJARA DE BUGA,ALIMENTOS,Juzgado_3_Familia,2020,6.6,0.95,6,0,288,1
EXP-04513,DAGUA,VIF,Comisaria_2_Familia,2023,1.3666666666666665,0.9,8,0,230,1
EXP-04514,TRUJILLO,HURTO_PATRIMONIAL,Comisaria_2_Familia,2023,0.225,0.9,7,1,412,1
EXP-04515,CALI,ALIMENTOS,Juzgado_1_Familia,2022,70.34,1.35,4,1,715,1
EXP-04516,CALI,VIF,Juzgado_2_Familia,2024,70.34,1.2,5,0,465,1
EXP-04517,GUADALAJARA DE BUGA,VIF,Juzgado_Penal_Municipal_1,2020,6.6,1.25,3,0,240,1
EXP-04518,ANDALUCIA,ALIMENTOS,Juzgado_2_Familia,2021,0.38,1.2,10,0,179,0
EXP-04519,GINEBRA,ALIMENTOS,Juzgado_3_Familia,2024,0.6,0.95,3,1,408,1
EXP-04520,RESTREPO,VIF,Juzgado_1_Familia,2024,0.24,1.35,10,0,317,1
EXP-04521,CAICEDONIA,VIF,Juzgado_3_Familia,2022,1.28,0.95,2,0,148,0
EXP-04522,CALI,SUSTANCIAS,Juzgado_3_Familia,2024,70.34,0.95,2,0,406,1
EXP-04523,GUADALAJARA DE BUGA,SUSTANCIAS,Juzgado_3_Familia,2023,6.6,0.95,4,0,140,0
EXP-04524,JAMUNDI,ALIMENTOS,Juzgado_Penal_Municipal_2,2021,2.64,1.05,1,0,159,0
EXP-04525,CALI,VIF,Comisaria_1_Familia,2024,70.34,1.1,6,0,449,1
EXP-04526,CANDELARIA,ALIMENTOS,Juzgado_1_Familia,2023,3.08,1.35,3,0,357,1
EXP-04527,TRUJILLO,VIF,Comisaria_1_Familia,2024,0.225,1.1,4,0,243,1
EXP-04528,GUACARI,VIF,Juzgado_1_Familia,2024,1.48,1.35,6,0,317,1
EXP-04529,BUENAVENTURA,ALIMENTOS,Juzgado_Penal_Municipal_1,2021,3.34,1.25,5,1,473,1
EXP-04530,EL CERRITO,VIF,Comisaria_1_Familia,2020,1.1,1.1,13,0,276,1
EXP-04531,TRUJILLO,VIF,Juzgado_Penal_Municipal_1,2024,0.225,1.25,8,0,211,0
EXP-04532,TORO,HURTO_PATRIMONIAL,Juzgado_2_Familia,2021,0.1333333333333333,1.2,4,1,502,1
EXP-04533,CALI,HURTO_PATRIMONIAL,Juzgado_3_Familia,2024,70.34,0.95,1,1,596,1
EXP-04534,JAMUNDI,VIF,Juzgado_3_Familia,2023,2.64,0.95,11,0,306,1
EXP-04535,TORO,ALIMENTOS,Juzgado_2_Familia,2024,0.1333333333333333,1.2,3,1,433,1
EXP-04536,CAICEDONIA,VIF,Juzgado_2_Familia,2024,1.28,1.2,12,0,318,1
EXP-04537,SEVILLA,SUSTANCIAS,Comisaria_1_Familia,2023,1.62,1.1,2,0,211,1
EXP-04538,SIN_DATO,HURTO_PATRIMONIAL,Comisaria_1_Familia,2020,2.2,1.1,3,1,467,1
EXP-04539,CALI,VIF,Comisaria_1_Familia,2024,70.34,1.1,3,0,448,1
EXP-04540,CALI,ALIMENTOS,Comisaria_1_Familia,2023,70.34,1.1,1,0,482,1
EXP-04541,YUMBO,HURTO_PATRIMONIAL,Comisaria_2_Familia,2021,3.5,0.9,4,0,289,1
EXP-04542,CAICEDONIA,ALIMENTOS,Juzgado_1_Familia,2022,1.28,1.35,3,0,310,1
EXP-04543,GUACARI,SUSTANCIAS,Juzgado_Penal_Municipal_2,2022,1.48,1.05,3,0,215,1
EXP-04544,EL CAIRO,HURTO_PATRIMONIAL,Comisaria_1_Familia,2021,0.1,1.1,5,1,261,0
EXP-04545,VERSALLES,SUSTANCIAS,Juzgado_1_Familia,2020,0.1333333333333333,1.35,1,0,285,1
EXP-04546,CALI,VIF,Juzgado_2_Familia,2024,70.34,1.2,4,0,449,1
EXP-04547,CANDELARIA,VIF,Juzgado_Penal_Municipal_1,2024,3.08,1.25,2,0,289,1
EXP-04548,PALMIRA,ALIMENTOS,Juzgado_Penal_Municipal_1,2024,11.54,1.25,2,0,213,0
EXP-04549,JAMUNDI,VIF,Juzgado_2_Familia,2024,2.64,1.2,3,0,223,1
EXP-04550,TULUA,ALIMENTOS,Comisaria_1_Familia,2020,3.34,1.1,8,0,307,1
EXP-04551,CALI,ALIMENTOS,Comisaria_2_Familia,2024,70.34,0.9,2,0,448,1
EXP-04552,CALI,HURTO_PATRIMONIAL,Juzgado_3_Familia,2024,70.34,0.95,4,1,666,1
EXP-04553,ROLDANILLO,HURTO_PATRIMONIAL,Juzgado_3_Familia,2023,1.26,0.95,6,0,323,1
EXP-04554,GUADALAJARA DE BUGA,HURTO_PATRIMONIAL,Juzgado_1_Familia,2022,6.6,1.35,1,0,420,1
EXP-04555,CAICEDONIA,ALIMENTOS,Juzgado_Penal_Municipal_2,2024,1.28,1.05,2,0,364,1
EXP-04556,CARTAGO,ALIMENTOS,Comisaria_2_Familia,2023,5.56,0.9,1,0,104,0
EXP-04557,YUMBO,ALIMENTOS,Comisaria_1_Familia,2021,3.5,1.1,1,0,312,1
EXP-04558,CALI,ALIMENTOS,Juzgado_Penal_Municipal_2,2020,70.34,1.05,4,0,511,1
EXP-04559,CALIMA,VIF,Juzgado_1_Familia,2020,0.3199999999999999,1.35,8,0,302,1
EXP-04560,SEVILLA,VIF,Juzgado_3_Familia,2023,1.62,0.95,1,0,193,1
EXP-04561,SIN_DATO,HURTO_PATRIMONIAL,Juzgado_Penal_Municipal_1,2022,2.2,1.25,5,0,364,1
EXP-04562,CALI,HURTO_PATRIMONIAL,Comisaria_2_Familia,2021,70.34,0.9,13,0,552,1
EXP-04563,PALMIRA,VIF,Juzgado_2_Familia,2023,11.54,1.2,2,0,284,1
EXP-04564,SEVILLA,SUSTANCIAS,Juzgado_3_Familia,2024,1.62,0.95,6,0,259,1
EXP-04565,SIN_DATO,VIF,Juzgado_Penal_Municipal_1,2021,2.2,1.25,9,0,271,1
EXP-04566,CARTAGO,ALIMENTOS,Juzgado_1_Familia,2021,5.56,1.35,1,1,526,1
EXP-04567,CARTAGO,ALIMENTOS,Comisaria_2_Familia,2021,5.56,0.9,2,0,245,1
EXP-04568,CARTAGO,VIF,Juzgado_1_Familia,2024,5.56,1.35,10,0,356,1
EXP-04569,BUENAVENTURA,VIF,Comisaria_1_Familia,2021,3.34,1.1,7,0,266,1
EXP-04570,TRUJILLO,SUSTANCIAS,Juzgado_Penal_Municipal_1,2024,0.225,1.25,1,0,303,1
EXP-04571,PALMIRA,SUSTANCIAS,Juzgado_3_Familia,2022,11.54,0.95,1,0,209,1
EXP-04572,BOLIVAR,VIF,Juzgado_1_Familia,2021,0.2333333333333333,1.35,3,0,260,1
EXP-04573,SAN PEDRO,VIF,Juzgado_1_Familia,2023,0.3,1.35,14,0,152,0
EXP-04574,PRADERA,ALIMENTOS,Juzgado_3_Familia,2022,0.72,0.95,3,0,223,1
EXP-04575,CALI,ALIMENTOS,Juzgado_Penal_Municipal_2,2024,70.34,1.05,1,0,475,1
EXP-04576,JAMUNDI,HURTO_PATRIMONIAL,Juzgado_Penal_Municipal_1,2023,2.64,1.25,9,0,422,1
EXP-04577,CALI,ALIMENTOS,Juzgado_Penal_Municipal_1,2023,70.34,1.25,4,1,689,1
EXP-04578,JAMUNDI,ALIMENTOS,Juzgado_Penal_Municipal_1,2020,2.64,1.25,5,0,232,0
EXP-04579,CARTAGO,ALIMENTOS,Juzgado_2_Familia,2024,5.56,1.2,1,0,329,1
EXP-04580,LA VICTORIA,ALIMENTOS,Juzgado_Penal_Municipal_2,2024,0.1666666666666666,1.05,3,1,408,1
EXP-04581,CALI,HURTO_PATRIMONIAL,Juzgado_2_Familia,2024,70.34,1.2,2,1,697,0
EXP-04582,JAMUNDI,ALIMENTOS,Juzgado_Penal_Municipal_1,2023,2.64,1.25,6,0,353,1
EXP-04583,ARGELIA,SUSTANCIAS,Juzgado_1_Familia,2020,0.2,1.35,2,0,216,0
EXP-04584,RESTREPO,ALIMENTOS,Comisaria_1_Familia,2023,0.24,1.1,1,1,387,1
EXP-04585,PALMIRA,SUSTANCIAS,Comisaria_1_Familia,2024,11.54,1.1,3,0,302,1
EXP-04586,YUMBO,VIF,Juzgado_1_Familia,2021,3.5,1.35,7,0,305,1
EXP-04587,CALI,VIF,Juzgado_2_Familia,2024,70.34,1.2,1,0,451,1
EXP-04588,OBANDO,SUSTANCIAS,Juzgado_Penal_Municipal_2,2023,0.38,1.05,4,0,252,1
EXP-04589,CALI,ALIMENTOS,Juzgado_Penal_Municipal_1,2022,70.34,1.25,14,0,589,1
EXP-04590,BUENAVENTURA,HURTO_PATRIMONIAL,Juzgado_Penal_Municipal_1,2020,3.34,1.25,6,1,509,1
EXP-04591,CALI,HURTO_PATRIMONIAL,Juzgado_3_Familia,2023,70.34,0.95,1,0,480,1
EXP-04592,BUENAVENTURA,VIF,Juzgado_1_Familia,2022,3.34,1.35,4,0,286,1
EXP-04593,OBANDO,VIF,Comisaria_2_Familia,2024,0.38,0.9,1,0,171,1
EXP-04594,EL CERRITO,VIF,Juzgado_Penal_Municipal_1,2023,1.1,1.25,3,0,233,1
EXP-04595,CARTAGO,VIF,Comisaria_1_Familia,2022,5.56,1.1,1,0,201,1
EXP-04596,LA CUMBRE,VIF,Juzgado_1_Familia,2020,0.24,1.35,6,0,288,1
EXP-04597,BUGALAGRANDE,VIF,Juzgado_1_Familia,2024,0.2799999999999999,1.35,5,0,264,1
EXP-04598,CALI,HURTO_PATRIMONIAL,Comisaria_1_Familia,2024,70.34,1.1,11,1,659,0
EXP-04599,GUADALAJARA DE BUGA,VIF,Juzgado_Penal_Municipal_1,2024,6.6,1.25,3,0,281,1
EXP-04600,JAMUNDI,HURTO_PATRIMONIAL,Comisaria_1_Familia,2021,2.64,1.1,3,0,375,1
EXP-04601,PALMIRA,HURTO_PATRIMONIAL,Juzgado_1_Familia,2024,11.54,1.35,5,1,611,1
EXP-04602,CAICEDONIA,HURTO_PATRIMONIAL,Comisaria_2_Familia,2024,1.28,0.9,2,1,158,0
EXP-04603,OBANDO,VIF,Juzgado_1_Familia,2023,0.38,1.35,4,0,272,1
EXP-04604,EL AGUILA,ALIMENTOS,Juzgado_2_Familia,2021,0.1666666666666666,1.2,2,1,459,1
EXP-04605,EL CAIRO,ALIMENTOS,Juzgado_3_Familia,2024,0.1,0.95,1,0,276,1
EXP-04606,CANDELARIA,VIF,Comisaria_2_Familia,2023,3.08,0.9,1,0,198,1
EXP-04607,GUADALAJARA DE BUGA,VIF,Juzgado_1_Familia,2024,6.6,1.35,9,0,366,1
EXP-04608,LA UNION,HURTO_PATRIMONIAL,Juzgado_2_Familia,2023,0.575,1.2,2,1,498,1
EXP-04609,ANDALUCIA,ALIMENTOS,Juzgado_Penal_Municipal_2,2021,0.38,1.05,10,1,403,1
EXP-04610,CALI,ALIMENTOS,Juzgado_2_Familia,2021,70.34,1.2,7,0,520,1
EXP-04611,YUMBO,HURTO_PATRIMONIAL,Juzgado_3_Familia,2020,3.5,0.95,5,0,340,1
EXP-04612,CALI,ALIMENTOS,Comisaria_2_Familia,2024,70.34,0.9,7,1,629,1
EXP-04613,CARTAGO,VIF,Comisaria_2_Familia,2024,5.56,0.9,12,0,285,1
EXP-04614,CALI,ALIMENTOS,Comisaria_1_Familia,2024,70.34,1.1,4,0,494,1
EXP-04615,PALMIRA,HURTO_PATRIMONIAL,Juzgado_1_Familia,2023,11.54,1.35,2,0,465,1
EXP-04616,CALI,ALIMENTOS,Comisaria_1_Familia,2022,70.34,1.1,10,1,691,1
EXP-04617,CALIMA,VIF,Juzgado_2_Familia,2024,0.3199999999999999,1.2,4,0,210,0
EXP-04618,CALI,ALIMENTOS,Juzgado_3_Familia,2021,70.34,0.95,1,0,465,1
EXP-04619,LA UNION,SUSTANCIAS,Comisaria_2_Familia,2022,0.575,0.9,1,0,144,1
EXP-04620,CALI,ALIMENTOS,Comisaria_2_Familia,2023,70.34,0.9,3,1,620,1
EXP-04621,BUENAVENTURA,HURTO_PATRIMONIAL,Juzgado_Penal_Municipal_1,2022,3.34,1.25,1,0,370,1
EXP-04622,CARTAGO,SUSTANCIAS,Juzgado_Penal_Municipal_2,2022,5.56,1.05,5,0,251,1
EXP-04623,BUENAVENTURA,ALIMENTOS,Juzgado_1_Familia,2024,3.34,1.35,7,1,539,1
EXP-04624,ROLDANILLO,HURTO_PATRIMONIAL,Juzgado_Penal_Municipal_2,2020,1.26,1.05,8,0,341,1
EXP-04625,CANDELARIA,ALIMENTOS,Juzgado_3_Familia,2022,3.08,0.95,3,0,266,1
EXP-04626,CALI,ALIMENTOS,Juzgado_2_Familia,2023,70.34,1.2,7,0,605,1
EXP-04627,DAGUA,VIF,Comisaria_2_Familia,2024,1.3666666666666665,0.9,10,0,168,0
EXP-04628,BUENAVENTURA,ALIMENTOS,Comisaria_1_Familia,2022,3.34,1.1,4,0,327,1
EXP-04629,YUMBO,ALIMENTOS,Juzgado_3_Familia,2024,3.5,0.95,3,0,270,1
EXP-04630,SAN PEDRO,ALIMENTOS,Juzgado_Penal_Municipal_1,2021,0.3,1.25,3,0,306,1
EXP-04631,LA UNION,ALIMENTOS,Juzgado_1_Familia,2023,0.575,1.35,5,0,345,1
EXP-04632,CARTAGO,VIF,Juzgado_1_Familia,2022,5.56,1.35,8,0,320,1
EXP-04633,YUMBO,ALIMENTOS,Juzgado_Penal_Municipal_2,2024,3.5,1.05,1,0,218,1
EXP-04634,RESTREPO,ALIMENTOS,Juzgado_Penal_Municipal_1,2023,0.24,1.25,1,1,441,1
EXP-04635,BUENAVENTURA,HURTO_PATRIMONIAL,Juzgado_3_Familia,2022,3.34,0.95,2,1,481,1
EXP-04636,CALI,VIF,Comisaria_2_Familia,2022,70.34,0.9,6,0,439,1
EXP-04637,GUADALAJARA DE BUGA,ALIMENTOS,Juzgado_3_Familia,2022,6.6,0.95,2,0,116,0
EXP-04638,LA UNION,SUSTANCIAS,Juzgado_3_Familia,2020,0.575,0.95,1,0,187,1
EXP-04639,YUMBO,HURTO_PATRIMONIAL,Juzgado_2_Familia,2023,3.5,1.2,6,0,219,0
EXP-04640,YUMBO,ALIMENTOS,Juzgado_1_Familia,2023,3.5,1.35,5,1,535,1
EXP-04641,PALMIRA,HURTO_PATRIMONIAL,Juzgado_Penal_Municipal_1,2024,11.54,1.25,2,0,360,0
EXP-04642,TULUA,ALIMENTOS,Juzgado_3_Familia,2020,3.34,0.95,2,0,231,1
EXP-04643,CALI,VIF,Juzgado_3_Familia,2023,70.34,0.95,17,0,492,1
EXP-04644,YUMBO,HURTO_PATRIMONIAL,Juzgado_Penal_Municipal_1,2023,3.5,1.25,1,1,510,1
EXP-04645,CALI,VIF,Juzgado_1_Familia,2024,70.34,1.35,4,0,492,1
EXP-04646,CARTAGO,ALIMENTOS,Comisaria_2_Familia,2024,5.56,0.9,2,1,412,1
EXP-04647,CALI,HURTO_PATRIMONIAL,Juzgado_Penal_Municipal_1,2023,70.34,1.25,17,1,616,0
EXP-04648,CALI,HURTO_PATRIMONIAL,Juzgado_1_Familia,2024,70.34,1.35,5,1,476,0
EXP-04649,ALCALA,VIF,Juzgado_Penal_Municipal_2,2021,0.22,1.05,10,0,262,1
EXP-04650,GUADALAJARA DE BUGA,VIF,Comisaria_1_Familia,2022,6.6,1.1,2,0,167,0
EXP-04651,JAMUNDI,HURTO_PATRIMONIAL,Comisaria_2_Familia,2023,2.64,0.9,9,0,320,1
EXP-04652,VIJES,ALIMENTOS,Comisaria_2_Familia,2024,0.175,0.9,7,1,432,1
EXP-04653,EL AGUILA,SUSTANCIAS,Comisaria_1_Familia,2022,0.1666666666666666,1.1,2,0,224,1
EXP-04654,TULUA,SUSTANCIAS,Juzgado_1_Familia,2023,3.34,1.35,11,0,373,1
EXP-04655,FLORIDA,SUSTANCIAS,Juzgado_1_Familia,2023,0.8,1.35,11,0,377,1
EXP-04656,CALI,VIF,Comisaria_2_Familia,2024,70.34,0.9,7,0,179,0
EXP-04657,CALI,ALIMENTOS,Juzgado_1_Familia,2023,70.34,1.35,5,1,694,1
EXP-04658,GINEBRA,SUSTANCIAS,Juzgado_2_Familia,2023,0.6,1.2,2,0,273,1
EXP-04659,CALI,SUSTANCIAS,Juzgado_Penal_Municipal_1,2023,70.34,1.25,2,0,502,1
EXP-04660,ROLDANILLO,HURTO_PATRIMONIAL,Comisaria_1_Familia,2023,1.26,1.1,7,0,349,1
EXP-04661,CARTAGO,VIF,Juzgado_2_Familia,2021,5.56,1.2,1,0,248,1
EXP-04662,FLORIDA,VIF,Juzgado_3_Familia,2023,0.8,0.95,9,0,224,1
EXP-04663,GUADALAJARA DE BUGA,SUSTANCIAS,Juzgado_2_Familia,2024,6.6,1.2,1,0,139,0
EXP-04664,BUENAVENTURA,VIF,Juzgado_2_Familia,2021,3.34,1.2,3,0,232,1
EXP-04665,CALI,ALIMENTOS,Comisaria_1_Familia,2021,70.34,1.1,6,0,522,1
EXP-04666,CALI,VIF,Juzgado_2_Familia,2022,70.34,1.2,6,0,286,0
EXP-04667,EL CAIRO,VIF,Comisaria_1_Familia,2021,0.1,1.1,4,0,257,1
EXP-04668,ANSERMANUEVO,SUSTANCIAS,Juzgado_2_Familia,2024,0.2,1.2,2,0,135,0
EXP-04669,FLORIDA,HURTO_PATRIMONIAL,Juzgado_2_Familia,2023,0.8,1.2,3,0,316,1
EXP-04670,GUADALAJARA DE BUGA,SUSTANCIAS,Juzgado_1_Familia,2022,6.6,1.35,1,0,289,1
EXP-04671,CANDELARIA,HURTO_PATRIMONIAL,Juzgado_2_Familia,2023,3.08,1.2,3,0,362,1
EXP-04672,CARTAGO,SUSTANCIAS,Juzgado_2_Familia,2020,5.56,1.2,1,0,271,1
EXP-04673,FLORIDA,VIF,Comisaria_2_Familia,2022,0.8,0.9,2,0,184,1
EXP-04674,ROLDANILLO,HURTO_PATRIMONIAL,Juzgado_3_Familia,2024,1.26,0.95,3,1,336,0
EXP-04675,EL DOVIO,SUSTANCIAS,Juzgado_1_Familia,2021,0.1,1.35,3,0,283,1
EXP-04676,ANSERMANUEVO,SUSTANCIAS,Comisaria_1_Familia,2024,0.2,1.1,4,0,237,1
EXP-04677,FLORIDA,VIF,Juzgado_Penal_Municipal_1,2021,0.8,1.25,5,0,244,1
EXP-04678,CALI,ALIMENTOS,Comisaria_1_Familia,2021,70.34,1.1,2,0,464,1
EXP-04679,JAMUNDI,ALIMENTOS,Juzgado_Penal_Municipal_1,2023,2.64,1.25,5,1,500,1
EXP-04680,ANSERMANUEVO,VIF,Comisaria_1_Familia,2023,0.2,1.1,8,0,286,1
EXP-04681,CALI,HURTO_PATRIMONIAL,Comisaria_1_Familia,2023,70.34,1.1,5,1,651,1
EXP-04682,GUADALAJARA DE BUGA,HURTO_PATRIMONIAL,Comisaria_1_Familia,2021,6.6,1.1,2,0,347,1
EXP-04683,CALI,VIF,Juzgado_2_Familia,2024,70.34,1.2,17,0,556,1
EXP-04684,CARTAGO,VIF,Juzgado_2_Familia,2022,5.56,1.2,19,0,366,1
EXP-04685,CANDELARIA,VIF,Comisaria_2_Familia,2022,3.08,0.9,8,0,232,1
EXP-04686,CALI,ALIMENTOS,Juzgado_Penal_Municipal_2,2024,70.34,1.05,11,0,544,1
EXP-04687,PALMIRA,ALIMENTOS,Juzgado_2_Familia,2023,11.54,1.2,2,0,370,1
EXP-04688,JAMUNDI,SUSTANCIAS,Juzgado_1_Familia,2021,2.64,1.35,2,0,266,1
EXP-04689,OBANDO,VIF,Juzgado_1_Familia,2022,0.38,1.35,3,0,252,1
EXP-04690,CALIMA,ALIMENTOS,Comisaria_2_Familia,2024,0.3199999999999999,0.9,1,1,333,1
EXP-04691,CALI,VIF,Juzgado_3_Familia,2024,70.34,0.95,2,0,391,1
EXP-04692,TULUA,VIF,Juzgado_2_Familia,2021,3.34,1.2,9,0,252,1
EXP-04693,FLORIDA,HURTO_PATRIMONIAL,Comisaria_1_Familia,2021,0.8,1.1,6,0,362,1
EXP-04694,CALIMA,HURTO_PATRIMONIAL,Comisaria_2_Familia,2020,0.3199999999999999,0.9,3,1,435,1
EXP-04695,GUADALAJARA DE BUGA,SUSTANCIAS,Juzgado_3_Familia,2024,6.6,0.95,12,0,346,1
EXP-04696,GUADALAJARA DE BUGA,ALIMENTOS,Juzgado_1_Familia,2023,6.6,1.35,2,1,511,1
EXP-04697,VIJES,ALIMENTOS,Comisaria_2_Familia,2023,0.175,0.9,6,0,250,1
EXP-04698,EL AGUILA,SUSTANCIAS,Juzgado_1_Familia,2022,0.1666666666666666,1.35,2,0,306,1
EXP-04699,PRADERA,ALIMENTOS,Juzgado_2_Familia,2024,0.72,1.2,4,0,301,1
EXP-04700,CALI,VIF,Juzgado_2_Familia,2022,70.34,1.2,6,0,219,0
EXP-04701,CALI,ALIMENTOS,Juzgado_1_Familia,2022,70.34,1.35,6,1,706,1
EXP-04702,BUENAVENTURA,ALIMENTOS,Juzgado_2_Familia,2024,3.34,1.2,6,1,482,1
EXP-04703,CARTAGO,HURTO_PATRIMONIAL,Juzgado_2_Familia,2024,5.56,1.2,1,0,285,0
EXP-04704,JAMUNDI,ALIMENTOS,Comisaria_1_Familia,2022,2.64,1.1,4,1,429,1
EXP-04705,CALI,VIF,Comisaria_2_Familia,2020,70.34,0.9,8,0,437,1
EXP-04706,CARTAGO,VIF,Comisaria_1_Familia,2022,5.56,1.1,4,0,160,0
EXP-04707,SEVILLA,VIF,Juzgado_3_Familia,2024,1.62,0.95,4,0,203,1
EXP-04708,PALMIRA,ALIMENTOS,Juzgado_3_Familia,2023,11.54,0.95,2,0,120,0
EXP-04709,PRADERA,VIF,Juzgado_Penal_Municipal_1,2022,0.72,1.25,2,0,223,1
EXP-04710,ANSERMANUEVO,VIF,Juzgado_2_Familia,2022,0.2,1.2,2,0,203,1
EXP-04711,PALMIRA,HURTO_PATRIMONIAL,Comisaria_2_Familia,2021,11.54,0.9,3,0,279,1
EXP-04712,YUMBO,VIF,Comisaria_2_Familia,2022,3.5,0.9,2,0,182,1
EXP-04713,CALI,VIF,Juzgado_3_Familia,2024,70.34,0.95,5,0,459,1
EXP-04714,CARTAGO,HURTO_PATRIMONIAL,Comisaria_1_Familia,2023,5.56,1.1,8,0,393,1
EXP-04715,CARTAGO,HURTO_PATRIMONIAL,Comisaria_1_Familia,2021,5.56,1.1,3,0,315,1
EXP-04716,CARTAGO,VIF,Juzgado_Penal_Municipal_1,2023,5.56,1.25,4,0,272,1
EXP-04717,YOTOCO,HURTO_PATRIMONIAL,Juzgado_2_Familia,2023,0.58,1.2,13,0,445,1
EXP-04718,TULUA,ALIMENTOS,Juzgado_Penal_Municipal_2,2020,3.34,1.05,5,0,282,1
EXP-04719,CALI,ALIMENTOS,Comisaria_1_Familia,2023,70.34,1.1,1,0,466,1
EXP-04720,SAN PEDRO,ALIMENTOS,Comisaria_1_Familia,2024,0.3,1.1,3,1,457,1
EXP-04721,BUENAVENTURA,ALIMENTOS,Juzgado_1_Familia,2023,3.34,1.35,6,0,421,1
EXP-04722,SIN_DATO,ALIMENTOS,Comisaria_2_Familia,2021,2.2,0.9,1,0,218,1
EXP-04723,ZARZAL,VIF,Juzgado_2_Familia,2022,1.12,1.2,11,0,288,1
EXP-04724,SAN PEDRO,VIF,Comisaria_2_Familia,2023,0.3,0.9,1,0,195,1
EXP-04725,SEVILLA,ALIMENTOS,Juzgado_2_Familia,2024,1.62,1.2,9,0,394,1
EXP-04726,ANDALUCIA,VIF,Juzgado_Penal_Municipal_1,2020,0.38,1.25,2,0,202,1
EXP-04727,CAICEDONIA,ALIMENTOS,Juzgado_3_Familia,2022,1.28,0.95,4,0,249,1
EXP-04728,CANDELARIA,VIF,Juzgado_2_Familia,2023,3.08,1.2,5,0,264,1
EXP-04729,ARGELIA,ALIMENTOS,Juzgado_2_Familia,2024,0.2,1.2,10,0,394,1
EXP-04730,CALI,SUSTANCIAS,Juzgado_Penal_Municipal_1,2022,70.34,1.25,1,0,263,0
EXP-04731,SIN_DATO,HURTO_PATRIMONIAL,Comisaria_2_Familia,2021,2.2,0.9,5,0,319,1
EXP-04732,GUACARI,SUSTANCIAS,Juzgado_Penal_Municipal_2,2022,1.48,1.05,8,0,313,1
EXP-04733,GINEBRA,VIF,Juzgado_1_Familia,2024,0.6,1.35,18,0,356,1
EXP-04734,CALI,ALIMENTOS,Juzgado_Penal_Municipal_1,2023,70.34,1.25,3,0,495,1
EXP-04735,GUADALAJARA DE BUGA,ALIMENTOS,Juzgado_1_Familia,2023,6.6,1.35,5,0,307,1
EXP-04736,BUENAVENTURA,ALIMENTOS,Comisaria_1_Familia,2023,3.34,1.1,2,1,459,1
EXP-04737,GUACARI,ALIMENTOS,Comisaria_1_Familia,2022,1.48,1.1,2,1,429,1
EXP-04738,GUADALAJARA DE BUGA,ALIMENTOS,Comisaria_1_Familia,2020,6.6,1.1,5,1,441,1
EXP-04739,EL CERRITO,HURTO_PATRIMONIAL,Comisaria_2_Familia,2021,1.1,0.9,5,0,271,1
EXP-04740,CALI,ALIMENTOS,Juzgado_1_Familia,2024,70.34,1.35,5,0,537,1
EXP-04741,SAN PEDRO,ALIMENTOS,Juzgado_Penal_Municipal_2,2024,0.3,1.05,3,0,277,1
EXP-04742,FLORIDA,ALIMENTOS,Juzgado_2_Familia,2023,0.8,1.2,1,0,298,1
EXP-04743,SIN_DATO,SUSTANCIAS,Juzgado_Penal_Municipal_1,2020,2.2,1.25,2,0,274,1
EXP-04744,GINEBRA,HURTO_PATRIMONIAL,Juzgado_3_Familia,2023,0.6,0.95,10,1,468,1
EXP-04745,CALI,VIF,Juzgado_3_Familia,2023,70.34,0.95,7,0,437,1
EXP-04746,BOLIVAR,HURTO_PATRIMONIAL,Juzgado_Penal_Municipal_2,2024,0.2333333333333333,1.05,6,0,339,1
EXP-04747,EL DOVIO,VIF,Juzgado_3_Familia,2023,0.1,0.95,9,0,258,1
EXP-04748,ANDALUCIA,SUSTANCIAS,Juzgado_1_Familia,2022,0.38,1.35,9,0,307,1
EXP-04749,YOTOCO,ALIMENTOS,Juzgado_3_Familia,2020,0.58,0.95,2,0,256,1
EXP-04750,FLORIDA,ALIMENTOS,Juzgado_2_Familia,2024,0.8,1.2,3,0,317,1
EXP-04751,CALI,ALIMENTOS,Juzgado_3_Familia,2021,70.34,0.95,8,0,505,1
EXP-04752,GINEBRA,HURTO_PATRIMONIAL,Juzgado_Penal_Municipal_1,2020,0.6,1.25,1,0,335,1
EXP-04753,TORO,VIF,Comisaria_2_Familia,2022,0.1333333333333333,0.9,7,0,194,1
EXP-04754,YUMBO,VIF,Comisaria_2_Familia,2024,3.5,0.9,2,0,189,1
EXP-04755,CARTAGO,ALIMENTOS,Juzgado_3_Familia,2024,5.56,0.95,2,1,402,1
EXP-04756,YOTOCO,SUSTANCIAS,Juzgado_3_Familia,2024,0.58,0.95,2,0,134,0
EXP-04757,CALI,VIF,Juzgado_Penal_Municipal_1,2023,70.34,1.25,2,0,455,1
EXP-04758,ALCALA,VIF,Juzgado_3_Familia,2024,0.22,0.95,1,0,162,1
EXP-04759,RESTREPO,ALIMENTOS,Comisaria_1_Familia,2023,0.24,1.1,4,0,295,1
EXP-04760,CALI,SUSTANCIAS,Juzgado_3_Familia,2022,70.34,0.95,2,0,405,1
EXP-04761,CALI,SUSTANCIAS,Comisaria_1_Familia,2024,70.34,1.1,9,0,524,1
EXP-04762,PRADERA,ALIMENTOS,Comisaria_1_Familia,2023,0.72,1.1,6,0,290,1
EXP-04763,FLORIDA,HURTO_PATRIMONIAL,Juzgado_Penal_Municipal_2,2024,0.8,1.05,4,0,316,1
EXP-04764,CALI,VIF,Comisaria_2_Familia,2024,70.34,0.9,2,0,417,1
EXP-04765,CALI,HURTO_PATRIMONIAL,Juzgado_3_Familia,2023,70.34,0.95,3,0,511,1
EXP-04766,EL AGUILA,HURTO_PATRIMONIAL,Juzgado_Penal_Municipal_1,2023,0.1666666666666666,1.25,7,0,390,1
EXP-04767,CANDELARIA,ALIMENTOS,Juzgado_3_Familia,2022,3.08,0.95,2,0,275,1
EXP-04768,CALI,VIF,Juzgado_2_Familia,2021,70.34,1.2,4,0,433,1
EXP-04769,RESTREPO,VIF,Juzgado_1_Familia,2023,0.24,1.35,5,0,293,1
EXP-04770,ZARZAL,ALIMENTOS,Juzgado_3_Familia,2020,1.12,0.95,7,0,289,1
EXP-04771,CALI,HURTO_PATRIMONIAL,Juzgado_Penal_Municipal_2,2021,70.34,1.05,1,0,514,1
EXP-04772,JAMUNDI,VIF,Juzgado_3_Familia,2024,2.64,0.95,6,0,211,1
EXP-04773,PALMIRA,HURTO_PATRIMONIAL,Juzgado_1_Familia,2024,11.54,1.35,1,0,404,1
EXP-04774,CALI,ALIMENTOS,Juzgado_3_Familia,2024,70.34,0.95,1,1,617,1
EXP-04775,ARGELIA,HURTO_PATRIMONIAL,Juzgado_Penal_Municipal_1,2024,0.2,1.25,2,0,362,1
EXP-04776,CALI,ALIMENTOS,Juzgado_Penal_Municipal_1,2024,70.34,1.25,7,0,593,1
EXP-04777,ZARZAL,SUSTANCIAS,Comisaria_1_Familia,2024,1.12,1.1,3,0,264,1
EXP-04778,PALMIRA,SUSTANCIAS,Juzgado_1_Familia,2024,11.54,1.35,6,0,333,1
EXP-04779,PALMIRA,VIF,Juzgado_1_Familia,2023,11.54,1.35,2,0,262,1
EXP-04780,ANDALUCIA,ALIMENTOS,Juzgado_Penal_Municipal_1,2022,0.38,1.25,1,0,185,0
EXP-04781,BUENAVENTURA,ALIMENTOS,Juzgado_3_Familia,2023,3.34,0.95,1,0,249,1
EXP-04782,TRUJILLO,ALIMENTOS,Juzgado_2_Familia,2024,0.225,1.2,4,1,452,1
EXP-04783,GINEBRA,SUSTANCIAS,Comisaria_1_Familia,2023,0.6,1.1,1,0,169,0
EXP-04784,CALI,VIF,Juzgado_3_Familia,2024,70.34,0.95,1,0,414,1
EXP-04785,CANDELARIA,ALIMENTOS,Comisaria_2_Familia,2020,3.08,0.9,9,0,277,1
EXP-04786,CALI,HURTO_PATRIMONIAL,Juzgado_Penal_Municipal_1,2020,70.34,1.25,3,0,586,1
EXP-04787,JAMUNDI,HURTO_PATRIMONIAL,Juzgado_Penal_Municipal_2,2023,2.64,1.05,3,0,297,0
EXP-04788,LA CUMBRE,VIF,Juzgado_1_Familia,2023,0.24,1.35,10,0,250,0
EXP-04789,EL AGUILA,ALIMENTOS,Juzgado_2_Familia,2022,0.1666666666666666,1.2,4,0,197,0
EXP-04790,CANDELARIA,VIF,Juzgado_2_Familia,2022,3.08,1.2,8,0,274,1
EXP-04791,CALI,ALIMENTOS,Juzgado_Penal_Municipal_1,2022,70.34,1.25,5,1,341,0
EXP-04792,PALMIRA,VIF,Comisaria_2_Familia,2023,11.54,0.9,1,0,182,1
EXP-04793,FLORIDA,VIF,Juzgado_3_Familia,2021,0.8,0.95,3,0,191,1
EXP-04794,ALCALA,SUSTANCIAS,Juzgado_1_Familia,2024,0.22,1.35,2,0,272,1
EXP-04795,CANDELARIA,ALIMENTOS,Comisaria_1_Familia,2024,3.08,1.1,1,0,186,0
EXP-04796,ROLDANILLO,HURTO_PATRIMONIAL,Comisaria_2_Familia,2023,1.26,0.9,4,0,345,1
EXP-04797,CANDELARIA,HURTO_PATRIMONIAL,Juzgado_Penal_Municipal_2,2021,3.08,1.05,6,0,351,1
EXP-04798,CANDELARIA,VIF,Juzgado_3_Familia,2023,3.08,0.95,4,0,213,1
EXP-04799,FLORIDA,VIF,Juzgado_Penal_Municipal_1,2023,0.8,1.25,1,0,236,1
EXP-04800,ALCALA,HURTO_PATRIMONIAL,Juzgado_Penal_Municipal_2,2022,0.22,1.05,5,0,236,0
EXP-04801,OBANDO,SUSTANCIAS,Comisaria_2_Familia,2021,0.38,0.9,4,0,198,1
EXP-04802,ANSERMANUEVO,HURTO_PATRIMONIAL,Comisaria_2_Familia,2023,0.2,0.9,5,0,329,1
EXP-04803,GINEBRA,HURTO_PATRIMONIAL,Juzgado_2_Familia,2021,0.6,1.2,3,1,491,1
EXP-04804,ANDALUCIA,VIF,Comisaria_2_Familia,2020,0.38,0.9,7,0,221,1
EXP-04805,SAN PEDRO,VIF,Juzgado_3_Familia,2023,0.3,0.95,1,0,186,1
EXP-04806,RIOFRIO,HURTO_PATRIMONIAL,Juzgado_2_Familia,2023,0.175,1.2,6,1,508,1
EXP-04807,FLORIDA,VIF,Juzgado_Penal_Municipal_2,2024,0.8,1.05,4,0,223,1
EXP-04808,JAMUNDI,VIF,Comisaria_2_Familia,2024,2.64,0.9,2,0,192,1
EXP-04809,EL CAIRO,ALIMENTOS,Juzgado_Penal_Municipal_1,2024,0.1,1.25,8,0,154,0
EXP-04810,CANDELARIA,HURTO_PATRIMONIAL,Juzgado_2_Familia,2022,3.08,1.2,7,0,410,1
EXP-04811,FLORIDA,VIF,Juzgado_3_Familia,2024,0.8,0.95,1,0,171,1
EXP-04812,SIN_DATO,SUSTANCIAS,Comisaria_2_Familia,2024,2.2,0.9,6,0,209,1
EXP-04813,BUENAVENTURA,VIF,Juzgado_2_Familia,2023,3.34,1.2,13,0,319,1
EXP-04814,DAGUA,VIF,Juzgado_Penal_Municipal_1,2024,1.3666666666666665,1.25,5,0,281,1
EXP-04815,CALI,ALIMENTOS,Juzgado_Penal_Municipal_2,2024,70.34,1.05,1,1,596,1
EXP-04816,CALI,VIF,Juzgado_2_Familia,2023,70.34,1.2,1,0,435,1
EXP-04817,GUADALAJARA DE BUGA,SUSTANCIAS,Juzgado_1_Familia,2024,6.6,1.35,3,0,344,1
EXP-04818,YUMBO,ALIMENTOS,Juzgado_Penal_Municipal_2,2021,3.5,1.05,4,0,296,1
EXP-04819,TULUA,HURTO_PATRIMONIAL,Juzgado_1_Familia,2021,3.34,1.35,6,0,413,1
EXP-04820,TULUA,VIF,Juzgado_2_Familia,2023,3.34,1.2,6,0,268,1
EXP-04821,GINEBRA,VIF,Comisaria_2_Familia,2020,0.6,0.9,4,0,120,0
EXP-04822,GINEBRA,SUSTANCIAS,Comisaria_2_Familia,2024,0.6,0.9,16,0,277,1
EXP-04823,YOTOCO,HURTO_PATRIMONIAL,Juzgado_Penal_Municipal_2,2023,0.58,1.05,3,0,301,1
EXP-04824,VERSALLES,ALIMENTOS,Comisaria_1_Familia,2022,0.1333333333333333,1.1,17,1,489,1
EXP-04825,CALI,ALIMENTOS,Juzgado_Penal_Municipal_1,2022,70.34,1.25,4,0,491,1
EXP-04826,YUMBO,VIF,Juzgado_1_Familia,2024,3.5,1.35,3,0,179,0
EXP-04827,LA VICTORIA,HURTO_PATRIMONIAL,Comisaria_2_Familia,2022,0.1666666666666666,0.9,5,0,187,0
EXP-04828,ARGELIA,VIF,Comisaria_1_Familia,2024,0.2,1.1,1,0,217,1
EXP-04829,PALMIRA,ALIMENTOS,Juzgado_3_Familia,2024,11.54,0.95,11,0,356,1
EXP-04830,YOTOCO,ALIMENTOS,Juzgado_Penal_Municipal_1,2023,0.58,1.25,1,0,351,1
EXP-04831,GUADALAJARA DE BUGA,VIF,Juzgado_1_Familia,2024,6.6,1.35,6,0,337,1
EXP-04832,LA UNION,HURTO_PATRIMONIAL,Juzgado_Penal_Municipal_1,2022,0.575,1.25,5,0,330,1
EXP-04833,CALI,HURTO_PATRIMONIAL,Comisaria_1_Familia,2020,70.34,1.1,6,0,592,1
EXP-04834,CAICEDONIA,VIF,Comisaria_2_Familia,2022,1.28,0.9,1,0,187,1
EXP-04835,PRADERA,VIF,Comisaria_2_Familia,2022,0.72,0.9,4,0,99,0
EXP-04836,YUMBO,VIF,Comisaria_2_Familia,2022,3.5,0.9,2,0,158,1
EXP-04837,SIN_DATO,ALIMENTOS,Comisaria_2_Familia,2024,2.2,0.9,5,0,198,0
EXP-04838,CALI,ALIMENTOS,Juzgado_Penal_Municipal_1,2023,70.34,1.25,4,0,500,1
EXP-04839,PALMIRA,ALIMENTOS,Juzgado_2_Familia,2023,11.54,1.2,4,1,492,1
EXP-04840,TORO,ALIMENTOS,Juzgado_1_Familia,2024,0.1333333333333333,1.35,2,0,350,1
EXP-04841,TULUA,VIF,Juzgado_Penal_Municipal_2,2023,3.34,1.05,1,0,105,0
EXP-04842,FLORIDA,ALIMENTOS,Comisaria_2_Familia,2023,0.8,0.9,6,0,268,1
EXP-04843,CALI,SUSTANCIAS,Comisaria_2_Familia,2023,70.34,0.9,6,0,443,1
EXP-04844,CALI,HURTO_PATRIMONIAL,Juzgado_2_Familia,2020,70.34,1.2,1,1,698,1
EXP-04845,GUADALAJARA DE BUGA,SUSTANCIAS,Comisaria_2_Familia,2023,6.6,0.9,5,0,250,1
EXP-04846,PRADERA,SUSTANCIAS,Juzgado_Penal_Municipal_1,2024,0.72,1.25,1,0,279,1
EXP-04847,PALMIRA,ALIMENTOS,Juzgado_Penal_Municipal_2,2021,11.54,1.05,8,0,346,1
EXP-04848,OBANDO,VIF,Juzgado_2_Familia,2021,0.38,1.2,2,0,238,1
EXP-04849,CALI,VIF,Comisaria_2_Familia,2023,70.34,0.9,1,0,373,1
EXP-04850,CALI,VIF,Juzgado_3_Familia,2021,70.34,0.95,3,0,380,1
EXP-04851,CALI,HURTO_PATRIMONIAL,Juzgado_3_Familia,2024,70.34,0.95,15,0,587,1
EXP-04852,DAGUA,ALIMENTOS,Comisaria_2_Familia,2020,1.3666666666666665,0.9,2,0,218,1
EXP-04853,TRUJILLO,VIF,Juzgado_1_Familia,2023,0.225,1.35,2,0,268,1
EXP-04854,EL CERRITO,ALIMENTOS,Juzgado_Penal_Municipal_2,2020,1.1,1.05,5,1,426,1
EXP-04855,BUGALAGRANDE,SUSTANCIAS,Juzgado_2_Familia,2023,0.2799999999999999,1.2,6,0,288,1
EXP-04856,GINEBRA,VIF,Comisaria_2_Familia,2024,0.6,0.9,3,0,195,1
EXP-04857,CALI,ALIMENTOS,Comisaria_1_Familia,2024,70.34,1.1,2,0,504,1
EXP-04858,CALI,VIF,Juzgado_Penal_Municipal_1,2023,70.34,1.25,3,0,461,1
EXP-04859,CALI,VIF,Comisaria_2_Familia,2021,70.34,0.9,7,0,431,1
EXP-04860,CARTAGO,ALIMENTOS,Juzgado_1_Familia,2024,5.56,1.35,5,0,386,1
EXP-04861,YOTOCO,ALIMENTOS,Juzgado_3_Familia,2023,0.58,0.95,4,0,301,1
EXP-04862,PALMIRA,ALIMENTOS,Juzgado_1_Familia,2024,11.54,1.35,4,0,447,1
EXP-04863,SEVILLA,ALIMENTOS,Juzgado_1_Familia,2021,1.62,1.35,8,1,522,1
EXP-04864,ZARZAL,HURTO_PATRIMONIAL,Juzgado_Penal_Municipal_1,2024,1.12,1.25,1,0,369,1
EXP-04865,GUADALAJARA DE BUGA,VIF,Comisaria_1_Familia,2021,6.6,1.1,8,0,307,1
EXP-04866,YUMBO,VIF,Juzgado_1_Familia,2021,3.5,1.35,7,0,303,1
EXP-04867,YUMBO,VIF,Juzgado_3_Familia,2023,3.5,0.95,6,0,166,0
EXP-04868,YUMBO,VIF,Juzgado_3_Familia,2022,3.5,0.95,3,0,212,1
EXP-04869,CALI,ALIMENTOS,Juzgado_Penal_Municipal_2,2023,70.34,1.05,4,0,465,1
EXP-04870,CAICEDONIA,ALIMENTOS,Comisaria_1_Familia,2022,1.28,1.1,6,0,275,0
EXP-04871,GINEBRA,SUSTANCIAS,Juzgado_1_Familia,2023,0.6,1.35,1,0,150,0
EXP-04872,CAICEDONIA,ALIMENTOS,Juzgado_1_Familia,2024,1.28,1.35,1,1,194,0
EXP-04873,CARTAGO,ALIMENTOS,Juzgado_Penal_Municipal_2,2022,5.56,1.05,11,0,348,1
EXP-04874,CAICEDONIA,ALIMENTOS,Juzgado_Penal_Municipal_1,2023,1.28,1.25,2,0,247,0
EXP-04875,CARTAGO,VIF,Comisaria_2_Familia,2024,5.56,0.9,1,0,186,1
EXP-04876,LA VICTORIA,VIF,Juzgado_1_Familia,2022,0.1666666666666666,1.35,14,0,283,0
EXP-04877,SAN PEDRO,VIF,Juzgado_Penal_Municipal_1,2024,0.3,1.25,1,0,229,1
EXP-04878,SIN_DATO,ALIMENTOS,Comisaria_1_Familia,2021,2.2,1.1,1,0,229,1
EXP-04879,BUENAVENTURA,VIF,Comisaria_2_Familia,2023,3.34,0.9,9,0,245,1
EXP-04880,DAGUA,ALIMENTOS,Comisaria_1_Familia,2023,1.3666666666666665,1.1,5,0,321,1
EXP-04881,TULUA,HURTO_PATRIMONIAL,Juzgado_3_Familia,2021,3.34,0.95,4,1,427,1
EXP-04882,DAGUA,ALIMENTOS,Juzgado_2_Familia,2024,1.3666666666666665,1.2,4,0,339,1
EXP-04883,FLORIDA,ALIMENTOS,Comisaria_2_Familia,2022,0.8,0.9,8,0,194,0
EXP-04884,GUADALAJARA DE BUGA,HURTO_PATRIMONIAL,Juzgado_3_Familia,2021,6.6,0.95,2,0,322,1
EXP-04885,CALI,HURTO_PATRIMONIAL,Juzgado_3_Familia,2024,70.34,0.95,1,0,480,1
EXP-04886,CARTAGO,ALIMENTOS,Juzgado_Penal_Municipal_1,2021,5.56,1.25,8,0,400,1
EXP-04887,CALI,ALIMENTOS,Juzgado_2_Familia,2024,70.34,1.2,5,0,528,1
EXP-04888,SIN_DATO,VIF,Juzgado_3_Familia,2023,2.2,0.95,1,0,210,1
EXP-04889,PRADERA,VIF,Juzgado_Penal_Municipal_2,2022,0.72,1.05,3,0,224,1
EXP-04890,PALMIRA,VIF,Juzgado_1_Familia,2024,11.54,1.35,5,0,298,1
EXP-04891,PALMIRA,ALIMENTOS,Juzgado_1_Familia,2021,11.54,1.35,6,0,415,1
EXP-04892,YUMBO,HURTO_PATRIMONIAL,Juzgado_3_Familia,2024,3.5,0.95,15,0,405,1
EXP-04893,PALMIRA,SUSTANCIAS,Juzgado_Penal_Municipal_1,2024,11.54,1.25,1,0,281,1
EXP-04894,CANDELARIA,HURTO_PATRIMONIAL,Juzgado_Penal_Municipal_2,2022,3.08,1.05,5,0,328,1
EXP-04895,GINEBRA,ALIMENTOS,Juzgado_Penal_Municipal_1,2022,0.6,1.25,7,0,397,1
EXP-04896,EL CAIRO,ALIMENTOS,Comisaria_1_Familia,2024,0.1,1.1,8,0,316,1
EXP-04897,SIN_DATO,ALIMENTOS,Juzgado_1_Familia,2022,2.2,1.35,4,1,543,1
EXP-04898,JAMUNDI,SUSTANCIAS,Juzgado_Penal_Municipal_2,2024,2.64,1.05,4,0,197,0
EXP-04899,ZARZAL,VIF,Comisaria_1_Familia,2024,1.12,1.1,3,0,91,0
EXP-04900,TRUJILLO,HURTO_PATRIMONIAL,Comisaria_1_Familia,2024,0.225,1.1,1,0,356,1
EXP-04901,ZARZAL,ALIMENTOS,Juzgado_3_Familia,2022,1.12,0.95,4,0,238,1
EXP-04902,DAGUA,SUSTANCIAS,Juzgado_Penal_Municipal_1,2023,1.3666666666666665,1.25,3,0,284,1
EXP-04903,JAMUNDI,ALIMENTOS,Juzgado_3_Familia,2020,2.64,0.95,2,0,225,1
EXP-04904,CALI,VIF,Juzgado_Penal_Municipal_1,2024,70.34,1.25,5,0,452,1
EXP-04905,ZARZAL,VIF,Juzgado_Penal_Municipal_1,2023,1.12,1.25,1,0,241,1
EXP-04906,CANDELARIA,ALIMENTOS,Juzgado_2_Familia,2024,3.08,1.2,3,1,458,1
EXP-04907,CANDELARIA,VIF,Juzgado_Penal_Municipal_1,2022,3.08,1.25,5,0,137,0
EXP-04908,CALIMA,VIF,Comisaria_1_Familia,2023,0.3199999999999999,1.1,1,0,197,1
EXP-04909,CANDELARIA,VIF,Juzgado_Penal_Municipal_2,2021,3.08,1.05,5,0,260,1
EXP-04910,CALI,VIF,Juzgado_2_Familia,2022,70.34,1.2,14,0,275,0
EXP-04911,CALI,VIF,Juzgado_Penal_Municipal_2,2020,70.34,1.05,11,0,479,1
EXP-04912,SIN_DATO,ALIMENTOS,Juzgado_Penal_Municipal_2,2022,2.2,1.05,8,0,306,1
EXP-04913,CALI,ALIMENTOS,Juzgado_2_Familia,2022,70.34,1.2,1,0,480,1
EXP-04914,BUENAVENTURA,VIF,Juzgado_Penal_Municipal_1,2024,3.34,1.25,6,0,283,1
EXP-04915,CAICEDONIA,ALIMENTOS,Comisaria_2_Familia,2024,1.28,0.9,4,1,385,1
EXP-04916,CAICEDONIA,HURTO_PATRIMONIAL,Juzgado_Penal_Municipal_2,2021,1.28,1.05,5,0,353,1
EXP-04917,CAICEDONIA,SUSTANCIAS,Juzgado_3_Familia,2023,1.28,0.95,12,0,287,1
EXP-04918,YUMBO,ALIMENTOS,Juzgado_Penal_Municipal_2,2023,3.5,1.05,4,1,479,1
EXP-04919,FLORIDA,ALIMENTOS,Comisaria_2_Familia,2024,0.8,0.9,1,0,244,1
EXP-04920,CALI,SUSTANCIAS,Comisaria_1_Familia,2024,70.34,1.1,6,0,220,0
EXP-04921,TORO,ALIMENTOS,Juzgado_3_Familia,2023,0.1333333333333333,0.95,6,0,271,1
EXP-04922,PALMIRA,ALIMENTOS,Juzgado_Penal_Municipal_1,2020,11.54,1.25,1,0,317,1
EXP-04923,CALI,ALIMENTOS,Juzgado_2_Familia,2023,70.34,1.2,11,0,615,1
EXP-04924,YUMBO,ALIMENTOS,Juzgado_Penal_Municipal_1,2021,3.5,1.25,3,0,202,0
EXP-04925,TULUA,ALIMENTOS,Comisaria_1_Familia,2023,3.34,1.1,2,0,282,1
EXP-04926,CAICEDONIA,ALIMENTOS,Comisaria_1_Familia,2024,1.28,1.1,9,1,494,1
EXP-04927,CALI,ALIMENTOS,Comisaria_1_Familia,2024,70.34,1.1,2,1,579,1
EXP-04928,CANDELARIA,ALIMENTOS,Comisaria_1_Familia,2023,3.08,1.1,2,0,312,1
EXP-04929,YUMBO,HURTO_PATRIMONIAL,Comisaria_1_Familia,2020,3.5,1.1,10,0,377,1
EXP-04930,SIN_DATO,VIF,Juzgado_2_Familia,2023,2.2,1.2,1,0,220,1
EXP-04931,PALMIRA,VIF,Juzgado_Penal_Municipal_2,2020,11.54,1.05,3,0,216,1
EXP-04932,DAGUA,ALIMENTOS,Comisaria_1_Familia,2022,1.3666666666666665,1.1,1,0,277,1
EXP-04933,ANDALUCIA,VIF,Juzgado_Penal_Municipal_2,2024,0.38,1.05,2,0,170,1
EXP-04934,CALI,HURTO_PATRIMONIAL,Comisaria_2_Familia,2024,70.34,0.9,8,0,553,1
EXP-04935,ZARZAL,HURTO_PATRIMONIAL,Juzgado_3_Familia,2022,1.12,0.95,2,0,266,1
EXP-04936,GINEBRA,ALIMENTOS,Juzgado_1_Familia,2022,0.6,1.35,4,0,361,1
EXP-04937,ANSERMANUEVO,VIF,Comisaria_1_Familia,2023,0.2,1.1,2,0,235,1
EXP-04938,YOTOCO,ALIMENTOS,Juzgado_Penal_Municipal_2,2024,0.58,1.05,2,1,443,1
EXP-04939,BUENAVENTURA,VIF,Juzgado_1_Familia,2022,3.34,1.35,1,0,256,1
EXP-04940,BUENAVENTURA,HURTO_PATRIMONIAL,Comisaria_2_Familia,2024,3.34,0.9,8,0,298,1
EXP-04941,TULUA,SUSTANCIAS,Comisaria_2_Familia,2021,3.34,0.9,3,0,183,1
EXP-04942,YUMBO,VIF,Juzgado_Penal_Municipal_2,2022,3.5,1.05,4,0,210,0
EXP-04943,FLORIDA,VIF,Comisaria_1_Familia,2022,0.8,1.1,8,0,286,1
EXP-04944,DAGUA,HURTO_PATRIMONIAL,Juzgado_Penal_Municipal_1,2024,1.3666666666666665,1.25,1,0,383,1
EXP-04945,CANDELARIA,VIF,Juzgado_3_Familia,2022,3.08,0.95,3,0,119,0
EXP-04946,BUENAVENTURA,ALIMENTOS,Juzgado_Penal_Municipal_2,2024,3.34,1.05,6,0,337,1
EXP-04947,LA CUMBRE,VIF,Juzgado_1_Familia,2024,0.24,1.35,4,0,273,1
EXP-04948,GINEBRA,ALIMENTOS,Juzgado_3_Familia,2022,0.6,0.95,1,0,247,1
EXP-04949,GUADALAJARA DE BUGA,ALIMENTOS,Juzgado_1_Familia,2021,6.6,1.35,7,0,239,0
EXP-04950,GUACARI,SUSTANCIAS,Juzgado_Penal_Municipal_1,2022,1.48,1.25,1,0,284,1
EXP-04951,SIN_DATO,ALIMENTOS,Juzgado_Penal_Municipal_1,2024,2.2,1.25,6,1,477,1
EXP-04952,CAICEDONIA,ALIMENTOS,Comisaria_1_Familia,2022,1.28,1.1,6,0,239,1
EXP-04953,PALMIRA,ALIMENTOS,Juzgado_2_Familia,2021,11.54,1.2,1,0,317,1
EXP-04954,SEVILLA,SUSTANCIAS,Juzgado_Penal_Municipal_1,2023,1.62,1.25,8,0,314,1
EXP-04955,CALI,VIF,Comisaria_2_Familia,2022,70.34,0.9,12,0,443,1
EXP-04956,CALI,VIF,Juzgado_3_Familia,2022,70.34,0.95,1,0,370,1
EXP-04957,SEVILLA,HURTO_PATRIMONIAL,Juzgado_2_Familia,2023,1.62,1.2,7,0,430,1
EXP-04958,LA VICTORIA,HURTO_PATRIMONIAL,Juzgado_2_Familia,2022,0.1666666666666666,1.2,3,1,494,1
EXP-04959,ROLDANILLO,HURTO_PATRIMONIAL,Juzgado_Penal_Municipal_2,2024,1.26,1.05,1,0,321,1
EXP-04960,CANDELARIA,SUSTANCIAS,Juzgado_Penal_Municipal_2,2021,3.08,1.05,12,0,298,1
EXP-04961,ALCALA,VIF,Juzgado_2_Familia,2020,0.22,1.2,8,0,301,1
EXP-04962,CANDELARIA,ALIMENTOS,Juzgado_Penal_Municipal_1,2023,3.08,1.25,3,1,463,1
EXP-04963,YUMBO,VIF,Juzgado_2_Familia,2022,3.5,1.2,5,0,146,0
EXP-04964,CAICEDONIA,VIF,Juzgado_Penal_Municipal_1,2023,1.28,1.25,3,0,264,1
EXP-04965,CAICEDONIA,SUSTANCIAS,Juzgado_3_Familia,2024,1.28,0.95,6,0,216,1
EXP-04966,GUADALAJARA DE BUGA,SUSTANCIAS,Juzgado_2_Familia,2022,6.6,1.2,3,0,283,1
EXP-04967,CALI,VIF,Comisaria_2_Familia,2022,70.34,0.9,5,0,395,1
EXP-04968,EL CERRITO,ALIMENTOS,Juzgado_Penal_Municipal_2,2024,1.1,1.05,1,0,271,1
EXP-04969,SEVILLA,VIF,Juzgado_1_Familia,2022,1.62,1.35,8,0,197,0
EXP-04970,CARTAGO,VIF,Juzgado_2_Familia,2021,5.56,1.2,5,0,277,1
EXP-04971,PALMIRA,VIF,Juzgado_2_Familia,2020,11.54,1.2,2,0,254,1
EXP-04972,GUADALAJARA DE BUGA,HURTO_PATRIMONIAL,Comisaria_2_Familia,2024,6.6,0.9,2,1,421,1
EXP-04973,OBANDO,ALIMENTOS,Juzgado_1_Familia,2023,0.38,1.35,2,0,153,0
EXP-04974,YUMBO,SUSTANCIAS,Juzgado_1_Familia,2020,3.5,1.35,4,0,298,1
EXP-04975,RESTREPO,HURTO_PATRIMONIAL,Juzgado_3_Familia,2024,0.24,0.95,8,0,279,1
EXP-04976,BOLIVAR,VIF,Comisaria_2_Familia,2020,0.2333333333333333,0.9,7,0,94,0
EXP-04977,CARTAGO,ALIMENTOS,Juzgado_Penal_Municipal_2,2024,5.56,1.05,4,0,282,1
EXP-04978,RESTREPO,ALIMENTOS,Juzgado_3_Familia,2023,0.24,0.95,9,0,325,1
EXP-04979,CARTAGO,VIF,Juzgado_1_Familia,2024,5.56,1.35,2,0,270,1
EXP-04980,EL DOVIO,ALIMENTOS,Comisaria_1_Familia,2021,0.1,1.1,1,1,381,1
EXP-04981,CALI,HURTO_PATRIMONIAL,Juzgado_Penal_Municipal_1,2022,70.34,1.25,2,0,550,1
EXP-04982,CALI,HURTO_PATRIMONIAL,Juzgado_1_Familia,2022,70.34,1.35,5,0,603,1
EXP-04983,CALI,HURTO_PATRIMONIAL,Juzgado_1_Familia,2024,70.34,1.35,2,1,320,0
EXP-04984,ROLDANILLO,HURTO_PATRIMONIAL,Juzgado_Penal_Municipal_2,2024,1.26,1.05,3,0,264,1
EXP-04985,SIN_DATO,VIF,Comisaria_2_Familia,2023,2.2,0.9,7,0,221,1
EXP-04986,GUADALAJARA DE BUGA,VIF,Juzgado_3_Familia,2023,6.6,0.95,2,0,203,1
EXP-04987,GUADALAJARA DE BUGA,HURTO_PATRIMONIAL,Juzgado_Penal_Municipal_2,2024,6.6,1.05,6,0,342,1
EXP-04988,CALIMA,VIF,Comisaria_1_Familia,2024,0.3199999999999999,1.1,3,0,206,1
EXP-04989,CANDELARIA,ALIMENTOS,Juzgado_3_Familia,2024,3.08,0.95,1,1,400,1
EXP-04990,DAGUA,HURTO_PATRIMONIAL,Juzgado_1_Familia,2024,1.3666666666666665,1.35,4,0,407,1
EXP-04991,EL CERRITO,SUSTANCIAS,Comisaria_1_Familia,2024,1.1,1.1,6,0,278,1
EXP-04992,ANDALUCIA,ALIMENTOS,Comisaria_2_Familia,2022,0.38,0.9,9,1,443,1
EXP-04993,CALI,ALIMENTOS,Juzgado_3_Familia,2022,70.34,0.95,3,1,571,1
EXP-04994,SAN PEDRO,ALIMENTOS,Comisaria_1_Familia,2022,0.3,1.1,4,0,283,1
EXP-04995,CAICEDONIA,SUSTANCIAS,Juzgado_Penal_Municipal_2,2020,1.28,1.05,3,0,218,1
EXP-04996,PALMIRA,VIF,Comisaria_2_Familia,2024,11.54,0.9,4,0,245,1
EXP-04997,TULUA,VIF,Comisaria_1_Familia,2021,3.34,1.1,1,0,150,0
EXP-04998,GUADALAJARA DE BUGA,ALIMENTOS,Juzgado_1_Familia,2022,6.6,1.35,2,0,239,0
EXP-04999,DAGUA,ALIMENTOS,Comisaria_2_Familia,2023,1.3666666666666665,0.9,7,1,438,1
EXP-05000,CARTAGO,ALIMENTOS,Juzgado_3_Familia,2021,5.56,0.95,3,0,259,1
EXP-05001,OBANDO,HURTO_PATRIMONIAL,Juzgado_3_Familia,2024,0.38,0.95,2,0,290,1
EXP-05002,SAN PEDRO,HURTO_PATRIMONIAL,Juzgado_Penal_Municipal_1,2022,0.3,1.25,1,0,420,1
EXP-05003,PALMIRA,SUSTANCIAS,Comisaria_1_Familia,2020,11.54,1.1,3,0,270,1
EXP-05004,GUACARI,SUSTANCIAS,Comisaria_1_Familia,2023,1.48,1.1,5,0,284,1
EXP-05005,EL CAIRO,VIF,Juzgado_Penal_Municipal_2,2020,0.1,1.05,1,0,169,1
EXP-05006,BUENAVENTURA,VIF,Comisaria_2_Familia,2024,3.34,0.9,7,0,243,1
EXP-05007,PALMIRA,ALIMENTOS,Juzgado_Penal_Municipal_2,2024,11.54,1.05,6,0,330,1
EXP-05008,BUENAVENTURA,HURTO_PATRIMONIAL,Comisaria_2_Familia,2024,3.34,0.9,4,0,334,1
EXP-05009,PRADERA,HURTO_PATRIMONIAL,Juzgado_Penal_Municipal_1,2021,0.72,1.25,3,0,282,1
EXP-05010,DAGUA,ALIMENTOS,Juzgado_2_Familia,2024,1.3666666666666665,1.2,1,1,447,1
EXP-05011,PALMIRA,ALIMENTOS,Juzgado_1_Familia,2022,11.54,1.35,4,1,310,0
EXP-05012,YUMBO,VIF,Juzgado_Penal_Municipal_1,2021,3.5,1.25,2,0,215,1
EXP-05013,YOTOCO,VIF,Comisaria_2_Familia,2023,0.58,0.9,2,0,173,1
EXP-05014,JAMUNDI,ALIMENTOS,Juzgado_2_Familia,2023,2.64,1.2,4,1,456,1
EXP-05015,VIJES,VIF,Comisaria_1_Familia,2020,0.175,1.1,9,0,236,1
EXP-05016,CANDELARIA,VIF,Juzgado_3_Familia,2023,3.08,0.95,2,0,220,1
EXP-05017,GUADALAJARA DE BUGA,HURTO_PATRIMONIAL,Juzgado_2_Familia,2021,6.6,1.2,4,0,366,1
EXP-05018,PALMIRA,ALIMENTOS,Juzgado_Penal_Municipal_1,2023,11.54,1.25,6,1,485,1
EXP-05019,ZARZAL,ALIMENTOS,Juzgado_Penal_Municipal_2,2024,1.12,1.05,7,0,261,0
EXP-05020,CALI,HURTO_PATRIMONIAL,Juzgado_1_Familia,2023,70.34,1.35,3,0,656,1
EXP-05021,LA CUMBRE,ALIMENTOS,Juzgado_Penal_Municipal_1,2020,0.24,1.25,3,0,291,1
EXP-05022,GUACARI,HURTO_PATRIMONIAL,Comisaria_2_Familia,2024,1.48,0.9,6,1,448,1
EXP-05023,CAICEDONIA,ALIMENTOS,Juzgado_1_Familia,2024,1.28,1.35,2,0,372,1
EXP-05024,EL DOVIO,ALIMENTOS,Juzgado_Penal_Municipal_2,2023,0.1,1.05,3,1,290,0
EXP-05025,CARTAGO,ALIMENTOS,Juzgado_3_Familia,2024,5.56,0.95,1,1,360,1
EXP-05026,SIN_DATO,VIF,Juzgado_1_Familia,2021,2.2,1.35,3,0,224,0
EXP-05027,CAICEDONIA,ALIMENTOS,Juzgado_2_Familia,2023,1.28,1.2,7,0,341,1
EXP-05028,FLORIDA,HURTO_PATRIMONIAL,Juzgado_3_Familia,2022,0.8,0.95,2,0,255,1
EXP-05029,CALI,HURTO_PATRIMONIAL,Juzgado_Penal_Municipal_2,2022,70.34,1.05,5,1,606,1
EXP-05030,CALI,ALIMENTOS,Juzgado_1_Familia,2024,70.34,1.35,2,0,550,1
EXP-05031,GINEBRA,VIF,Comisaria_1_Familia,2024,0.6,1.1,3,0,198,1
EXP-05032,GUADALAJARA DE BUGA,HURTO_PATRIMONIAL,Juzgado_1_Familia,2021,6.6,1.35,2,1,382,0
EXP-05033,FLORIDA,ALIMENTOS,Juzgado_Penal_Municipal_2,2021,0.8,1.05,10,0,181,0
EXP-05034,EL CERRITO,VIF,Juzgado_Penal_Municipal_1,2024,1.1,1.25,3,0,209,0
EXP-05035,CARTAGO,ALIMENTOS,Comisaria_1_Familia,2023,5.56,1.1,3,1,420,1
EXP-05036,CALI,ALIMENTOS,Juzgado_2_Familia,2024,70.34,1.2,2,0,551,1
EXP-05037,CALI,HURTO_PATRIMONIAL,Juzgado_Penal_Municipal_1,2021,70.34,1.25,24,0,406,0
EXP-05038,TULUA,VIF,Comisaria_1_Familia,2023,3.34,1.1,1,0,216,1
EXP-05039,CALI,VIF,Juzgado_2_Familia,2024,70.34,1.2,9,0,499,1
EXP-05040,CALI,HURTO_PATRIMONIAL,Juzgado_1_Familia,2023,70.34,1.35,5,0,633,1
EXP-05041,CANDELARIA,ALIMENTOS,Juzgado_Penal_Municipal_1,2022,3.08,1.25,4,1,466,1
EXP-05042,CANDELARIA,ALIMENTOS,Juzgado_Penal_Municipal_2,2023,3.08,1.05,4,0,301,1
EXP-05043,CALI,ALIMENTOS,Juzgado_Penal_Municipal_1,2023,70.34,1.25,1,1,650,1
EXP-05044,DAGUA,HURTO_PATRIMONIAL,Juzgado_Penal_Municipal_1,2021,1.3666666666666665,1.25,1,0,165,0
EXP-05045,CAICEDONIA,ALIMENTOS,Juzgado_2_Familia,2023,1.28,1.2,7,0,371,1
EXP-05046,CALI,HURTO_PATRIMONIAL,Juzgado_1_Familia,2023,70.34,1.35,1,1,629,0
EXP-05047,CALI,VIF,Juzgado_3_Familia,2024,70.34,0.95,7,0,439,1
EXP-05048,CALI,HURTO_PATRIMONIAL,Juzgado_Penal_Municipal_1,2024,70.34,1.25,4,0,613,1
EXP-05049,CALI,VIF,Juzgado_1_Familia,2022,70.34,1.35,2,0,487,1
EXP-05050,SEVILLA,SUSTANCIAS,Juzgado_Penal_Municipal_2,2021,1.62,1.05,2,0,228,1
EXP-05051,SIN_DATO,VIF,Comisaria_1_Familia,2023,2.2,1.1,3,0,222,1
EXP-05052,DAGUA,VIF,Comisaria_2_Familia,2023,1.3666666666666665,0.9,1,0,169,1
EXP-05053,CALI,ALIMENTOS,Comisaria_1_Familia,2020,70.34,1.1,4,1,658,1
EXP-05054,CALI,VIF,Comisaria_2_Familia,2020,70.34,0.9,1,0,349,1
EXP-05055,TULUA,ALIMENTOS,Juzgado_3_Familia,2021,3.34,0.95,2,0,249,1
EXP-05056,CAICEDONIA,ALIMENTOS,Juzgado_2_Familia,2024,1.28,1.2,6,0,321,1
EXP-05057,CALI,ALIMENTOS,Juzgado_3_Familia,2020,70.34,0.95,3,0,499,1
EXP-05058,PRADERA,ALIMENTOS,Comisaria_2_Familia,2024,0.72,0.9,6,1,303,0
EXP-05059,CALI,ALIMENTOS,Comisaria_1_Familia,2021,70.34,1.1,3,1,671,1
EXP-05060,OBANDO,VIF,Comisaria_2_Familia,2023,0.38,0.9,2,0,185,1
EXP-05061,CALI,ALIMENTOS,Juzgado_1_Familia,2023,70.34,1.35,4,0,553,1
EXP-05062,ZARZAL,ALIMENTOS,Juzgado_1_Familia,2021,1.12,1.35,1,0,345,1
EXP-05063,CALIMA,VIF,Juzgado_2_Familia,2021,0.3199999999999999,1.2,5,0,256,1
EXP-05064,CANDELARIA,SUSTANCIAS,Juzgado_Penal_Municipal_1,2024,3.08,1.25,2,0,308,1
EXP-05065,OBANDO,VIF,Comisaria_2_Familia,2021,0.38,0.9,3,0,163,1
EXP-05066,CALI,HURTO_PATRIMONIAL,Juzgado_Penal_Municipal_2,2024,70.34,1.05,6,1,688,1
EXP-05067,PALMIRA,ALIMENTOS,Comisaria_2_Familia,2024,11.54,0.9,3,0,276,1
EXP-05068,ZARZAL,ALIMENTOS,Juzgado_Penal_Municipal_2,2020,1.12,1.05,3,1,200,0
EXP-05069,CANDELARIA,ALIMENTOS,Juzgado_Penal_Municipal_2,2020,3.08,1.05,2,1,173,0
EXP-05070,SIN_DATO,VIF,Juzgado_2_Familia,2022,2.2,1.2,12,0,292,1
EXP-05071,JAMUNDI,VIF,Comisaria_1_Familia,2024,2.64,1.1,6,0,240,1
EXP-05072,CANDELARIA,HURTO_PATRIMONIAL,Juzgado_Penal_Municipal_2,2021,3.08,1.05,2,1,439,1
EXP-05073,GUADALAJARA DE BUGA,VIF,Juzgado_1_Familia,2023,6.6,1.35,2,0,251,1
EXP-05074,BUENAVENTURA,VIF,Juzgado_3_Familia,2024,3.34,0.95,7,0,254,1
EXP-05075,CALI,HURTO_PATRIMONIAL,Comisaria_1_Familia,2020,70.34,1.1,3,0,524,1
EXP-05076,CALI,ALIMENTOS,Juzgado_3_Familia,2024,70.34,0.95,1,0,454,1
EXP-05077,ZARZAL,ALIMENTOS,Juzgado_3_Familia,2023,1.12,0.95,3,1,377,1
EXP-05078,VIJES,VIF,Juzgado_1_Familia,2024,0.175,1.35,9,0,312,1
EXP-05079,ANDALUCIA,VIF,Juzgado_3_Familia,2024,0.38,0.95,7,0,229,1
EXP-05080,ANDALUCIA,SUSTANCIAS,Juzgado_1_Familia,2020,0.38,1.35,1,0,289,1
EXP-05081,TRUJILLO,SUSTANCIAS,Juzgado_Penal_Municipal_1,2020,0.225,1.25,7,0,303,1
EXP-05082,YUMBO,ALIMENTOS,Juzgado_Penal_Municipal_1,2024,3.5,1.25,12,0,437,1
EXP-05083,CALI,VIF,Juzgado_1_Familia,2021,70.34,1.35,1,0,489,1
EXP-05084,ANSERMANUEVO,VIF,Juzgado_2_Familia,2021,0.2,1.2,1,0,231,1
EXP-05085,PALMIRA,ALIMENTOS,Juzgado_3_Familia,2023,11.54,0.95,3,1,430,1
EXP-05086,BUENAVENTURA,HURTO_PATRIMONIAL,Juzgado_2_Familia,2024,3.34,1.2,7,0,408,1
EXP-05087,BUENAVENTURA,HURTO_PATRIMONIAL,Juzgado_1_Familia,2024,3.34,1.35,4,0,428,1
EXP-05088,CALIMA,ALIMENTOS,Comisaria_2_Familia,2021,0.3199999999999999,0.9,1,0,221,1
EXP-05089,CARTAGO,VIF,Juzgado_Penal_Municipal_2,2022,5.56,1.05,12,0,325,1
EXP-05090,FLORIDA,ALIMENTOS,Juzgado_Penal_Municipal_2,2023,0.8,1.05,2,0,298,1
EXP-05091,LA VICTORIA,ALIMENTOS,Comisaria_1_Familia,2022,0.1666666666666666,1.1,5,1,434,1
EXP-05092,PRADERA,VIF,Juzgado_Penal_Municipal_1,2023,0.72,1.25,6,0,252,1
EXP-05093,JAMUNDI,ALIMENTOS,Juzgado_1_Familia,2024,2.64,1.35,8,0,403,1
EXP-05094,PALMIRA,HURTO_PATRIMONIAL,Juzgado_2_Familia,2024,11.54,1.2,2,0,357,1
EXP-05095,ROLDANILLO,ALIMENTOS,Comisaria_1_Familia,2020,1.26,1.1,7,0,281,1
EXP-05096,BUENAVENTURA,VIF,Juzgado_Penal_Municipal_2,2024,3.34,1.05,2,0,227,1
EXP-05097,CARTAGO,HURTO_PATRIMONIAL,Comisaria_2_Familia,2023,5.56,0.9,4,0,255,1
EXP-05098,CALI,SUSTANCIAS,Comisaria_1_Familia,2022,70.34,1.1,4,0,414,1
EXP-05099,CARTAGO,ALIMENTOS,Juzgado_Penal_Municipal_1,2024,5.56,1.25,2,0,334,1
EXP-05100,CALI,VIF,Juzgado_1_Familia,2022,70.34,1.35,3,0,277,0
EXP-05101,CALI,VIF,Comisaria_1_Familia,2024,70.34,1.1,8,0,463,1
EXP-05102,CARTAGO,ALIMENTOS,Comisaria_2_Familia,2024,5.56,0.9,2,0,241,1
EXP-05103,YUMBO,ALIMENTOS,Juzgado_2_Familia,2024,3.5,1.2,3,0,346,1
EXP-05104,GUACARI,ALIMENTOS,Juzgado_3_Familia,2021,1.48,0.95,3,1,165,0
EXP-05105,EL CERRITO,VIF,Juzgado_Penal_Municipal_2,2023,1.1,1.05,3,0,260,1
EXP-05106,BUENAVENTURA,VIF,Juzgado_Penal_Municipal_2,2023,3.34,1.05,3,0,209,1
EXP-05107,ZARZAL,SUSTANCIAS,Juzgado_2_Familia,2024,1.12,1.2,1,0,229,1
EXP-05108,CANDELARIA,ALIMENTOS,Juzgado_1_Familia,2023,3.08,1.35,1,0,360,1
EXP-05109,PALMIRA,ALIMENTOS,Juzgado_2_Familia,2021,11.54,1.2,4,0,327,1
EXP-05110,TULUA,ALIMENTOS,Juzgado_3_Familia,2022,3.34,0.95,8,0,264,1
EXP-05111,TRUJILLO,VIF,Comisaria_2_Familia,2021,0.225,0.9,3,0,172,1
EXP-05112,PALMIRA,HURTO_PATRIMONIAL,Juzgado_Penal_Municipal_2,2023,11.54,1.05,12,1,275,0
EXP-05113,CARTAGO,VIF,Juzgado_Penal_Municipal_1,2023,5.56,1.25,3,0,270,1
EXP-05114,ANSERMANUEVO,ALIMENTOS,Juzgado_Penal_Municipal_2,2023,0.2,1.05,7,1,458,1
EXP-05115,CAICEDONIA,VIF,Juzgado_1_Familia,2020,1.28,1.35,4,0,247,1
EXP-05116,PALMIRA,VIF,Juzgado_3_Familia,2024,11.54,0.95,2,0,184,1
EXP-05117,CALI,HURTO_PATRIMONIAL,Juzgado_Penal_Municipal_1,2022,70.34,1.25,7,0,630,1
EXP-05118,CALI,VIF,Comisaria_2_Familia,2023,70.34,0.9,3,0,397,1
EXP-05119,PALMIRA,VIF,Juzgado_1_Familia,2023,11.54,1.35,1,0,171,0
EXP-05120,CALI,VIF,Juzgado_1_Familia,2022,70.34,1.35,5,0,469,1
EXP-05121,CALI,HURTO_PATRIMONIAL,Juzgado_1_Familia,2021,70.34,1.35,5,0,630,1
EXP-05122,CALI,HURTO_PATRIMONIAL,Comisaria_1_Familia,2024,70.34,1.1,8,0,564,1
EXP-05123,CALI,VIF,Juzgado_1_Familia,2023,70.34,1.35,7,0,488,1
EXP-05124,CALI,ALIMENTOS,Juzgado_Penal_Municipal_1,2020,70.34,1.25,1,1,645,1
EXP-05125,DAGUA,VIF,Comisaria_1_Familia,2024,1.3666666666666665,1.1,10,0,289,1
EXP-05126,EL DOVIO,SUSTANCIAS,Juzgado_1_Familia,2020,0.1,1.35,7,0,184,0
EXP-05127,CALI,HURTO_PATRIMONIAL,Juzgado_1_Familia,2021,70.34,1.35,7,1,480,0
EXP-05128,EL CERRITO,SUSTANCIAS,Comisaria_1_Familia,2024,1.1,1.1,1,0,242,1
EXP-05129,EL CERRITO,SUSTANCIAS,Juzgado_3_Familia,2021,1.1,0.95,5,0,203,1
EXP-05130,TULUA,VIF,Juzgado_Penal_Municipal_2,2022,3.34,1.05,3,0,228,1
EXP-05131,CARTAGO,VIF,Comisaria_2_Familia,2020,5.56,0.9,1,0,168,1
EXP-05132,JAMUNDI,HURTO_PATRIMONIAL,Juzgado_2_Familia,2022,2.64,1.2,7,1,513,1
EXP-05133,SEVILLA,SUSTANCIAS,Juzgado_3_Familia,2024,1.62,0.95,10,0,296,1
EXP-05134,GUACARI,ALIMENTOS,Juzgado_Penal_Municipal_1,2022,1.48,1.25,8,0,381,1
EXP-05135,PALMIRA,ALIMENTOS,Comisaria_2_Familia,2021,11.54,0.9,2,0,224,1
EXP-05136,CANDELARIA,ALIMENTOS,Comisaria_1_Familia,2024,3.08,1.1,1,1,412,1
EXP-05137,GUACARI,ALIMENTOS,Comisaria_2_Familia,2022,1.48,0.9,5,1,387,1
EXP-05138,YOTOCO,ALIMENTOS,Comisaria_1_Familia,2024,0.58,1.1,7,0,340,1
EXP-05139,BUGALAGRANDE,ALIMENTOS,Juzgado_1_Familia,2023,0.2799999999999999,1.35,1,0,315,1
EXP-05140,DAGUA,ALIMENTOS,Comisaria_1_Familia,2022,1.3666666666666665,1.1,1,0,278,1
EXP-05141,PALMIRA,VIF,Juzgado_2_Familia,2020,11.54,1.2,1,0,240,1
EXP-05142,PALMIRA,ALIMENTOS,Juzgado_2_Familia,2021,11.54,1.2,7,0,358,1
EXP-05143,CALI,ALIMENTOS,Juzgado_3_Familia,2023,70.34,0.95,2,1,616,1
EXP-05144,JAMUNDI,VIF,Juzgado_1_Familia,2020,2.64,1.35,9,0,283,1
EXP-05145,CARTAGO,ALIMENTOS,Juzgado_Penal_Municipal_2,2024,5.56,1.05,1,1,419,1
EXP-05146,CARTAGO,HURTO_PATRIMONIAL,Juzgado_Penal_Municipal_1,2023,5.56,1.25,1,1,500,1
EXP-05147,BUENAVENTURA,ALIMENTOS,Juzgado_Penal_Municipal_1,2022,3.34,1.25,4,0,328,1
EXP-05148,TULUA,HURTO_PATRIMONIAL,Juzgado_1_Familia,2021,3.34,1.35,4,0,369,1
EXP-05149,OBANDO,ALIMENTOS,Juzgado_1_Familia,2020,0.38,1.35,6,1,516,1
EXP-05150,ANDALUCIA,ALIMENTOS,Juzgado_3_Familia,2020,0.38,0.95,7,0,258,1
EXP-05151,SEVILLA,VIF,Comisaria_2_Familia,2021,1.62,0.9,7,0,202,1
EXP-05152,CALI,ALIMENTOS,Comisaria_1_Familia,2023,70.34,1.1,2,0,496,1
EXP-05153,CALI,ALIMENTOS,Juzgado_Penal_Municipal_1,2021,70.34,1.25,1,0,533,1
EXP-05154,ALCALA,VIF,Comisaria_2_Familia,2024,0.22,0.9,1,0,148,1
EXP-05155,YUMBO,VIF,Comisaria_2_Familia,2024,3.5,0.9,2,0,190,1
EXP-05156,CALI,HURTO_PATRIMONIAL,Juzgado_3_Familia,2022,70.34,0.95,5,1,456,0
EXP-05157,LA CUMBRE,HURTO_PATRIMONIAL,Comisaria_1_Familia,2024,0.24,1.1,4,1,460,1
EXP-05158,SAN PEDRO,VIF,Juzgado_3_Familia,2020,0.3,0.95,10,0,200,1
EXP-05159,PALMIRA,VIF,Comisaria_1_Familia,2021,11.54,1.1,5,0,248,1
EXP-05160,VERSALLES,ALIMENTOS,Comisaria_1_Familia,2022,0.1333333333333333,1.1,2,0,264,1
EXP-05161,EL AGUILA,VIF,Comisaria_1_Familia,2021,0.1666666666666666,1.1,2,0,170,1
EXP-05162,SIN_DATO,VIF,Comisaria_2_Familia,2020,2.2,0.9,3,0,193,1
EXP-05163,JAMUNDI,VIF,Comisaria_2_Familia,2024,2.64,0.9,12,0,281,1
EXP-05164,PALMIRA,VIF,Comisaria_2_Familia,2021,11.54,0.9,3,0,218,1
EXP-05165,FLORIDA,ALIMENTOS,Juzgado_2_Familia,2022,0.8,1.2,3,0,135,0
EXP-05166,CAICEDONIA,SUSTANCIAS,Comisaria_2_Familia,2024,1.28,0.9,6,0,233,1
EXP-05167,TULUA,ALIMENTOS,Juzgado_3_Familia,2020,3.34,0.95,2,0,276,1
EXP-05168,EL AGUILA,VIF,Juzgado_1_Familia,2020,0.1666666666666666,1.35,2,0,245,1
EXP-05169,GUACARI,VIF,Juzgado_Penal_Municipal_2,2022,1.48,1.05,2,0,213,1
EXP-05170,YUMBO,ALIMENTOS,Juzgado_2_Familia,2022,3.5,1.2,2,0,194,0
EXP-05171,YUMBO,HURTO_PATRIMONIAL,Comisaria_2_Familia,2023,3.5,0.9,7,1,427,1
EXP-05172,ROLDANILLO,VIF,Juzgado_1_Familia,2022,1.26,1.35,4,0,232,0
EXP-05173,CALI,VIF,Juzgado_1_Familia,2024,70.34,1.35,4,0,508,1
EXP-05174,SEVILLA,HURTO_PATRIMONIAL,Juzgado_3_Familia,2023,1.62,0.95,7,0,184,0
EXP-05175,ROLDANILLO,HURTO_PATRIMONIAL,Comisaria_1_Familia,2021,1.26,1.1,7,0,385,1
EXP-05176,ANDALUCIA,ALIMENTOS,Comisaria_2_Familia,2024,0.38,0.9,5,0,272,1
EXP-05177,YOTOCO,VIF,Comisaria_1_Familia,2024,0.58,1.1,3,0,202,1
EXP-05178,CARTAGO,VIF,Juzgado_3_Familia,2023,5.56,0.95,4,0,219,1
EXP-05179,PALMIRA,ALIMENTOS,Juzgado_Penal_Municipal_1,2022,11.54,1.25,6,1,523,1
EXP-05180,DAGUA,ALIMENTOS,Juzgado_2_Familia,2021,1.3666666666666665,1.2,1,0,299,1
EXP-05181,EL CAIRO,HURTO_PATRIMONIAL,Juzgado_Penal_Municipal_2,2022,0.1,1.05,5,0,315,1
EXP-05182,TRUJILLO,VIF,Juzgado_Penal_Municipal_1,2022,0.225,1.25,4,0,233,1
EXP-05183,PRADERA,VIF,Comisaria_1_Familia,2023,0.72,1.1,2,0,197,1
EXP-05184,OBANDO,ALIMENTOS,Comisaria_1_Familia,2023,0.38,1.1,13,1,526,1
EXP-05185,CALI,HURTO_PATRIMONIAL,Comisaria_2_Familia,2024,70.34,0.9,4,1,638,1
EXP-05186,LA CUMBRE,ALIMENTOS,Comisaria_2_Familia,2021,0.24,0.9,2,0,279,1
EXP-05187,BUGALAGRANDE,HURTO_PATRIMONIAL,Juzgado_2_Familia,2023,0.2799999999999999,1.2,5,0,414,1
EXP-05188,CALI,ALIMENTOS,Juzgado_1_Familia,2024,70.34,1.35,4,1,706,1
EXP-05189,CAICEDONIA,VIF,Juzgado_2_Familia,2024,1.28,1.2,5,0,260,1
EXP-05190,BUENAVENTURA,VIF,Juzgado_Penal_Municipal_2,2024,3.34,1.05,1,0,178,1
EXP-05191,TORO,ALIMENTOS,Comisaria_1_Familia,2024,0.1333333333333333,1.1,4,1,459,1
EXP-05192,CALI,VIF,Juzgado_1_Familia,2022,70.34,1.35,4,0,250,0
EXP-05193,SIN_DATO,ALIMENTOS,Comisaria_1_Familia,2023,2.2,1.1,10,0,354,1
EXP-05194,CARTAGO,HURTO_PATRIMONIAL,Juzgado_3_Familia,2022,5.56,0.95,3,0,282,1
EXP-05195,GUADALAJARA DE BUGA,VIF,Comisaria_1_Familia,2022,6.6,1.1,4,0,247,1
EXP-05196,CALI,ALIMENTOS,Juzgado_3_Familia,2020,70.34,0.95,3,0,487,1
EXP-05197,CARTAGO,ALIMENTOS,Juzgado_Penal_Municipal_1,2021,5.56,1.25,4,0,353,1
EXP-05198,CAICEDONIA,HURTO_PATRIMONIAL,Juzgado_Penal_Municipal_1,2022,1.28,1.25,6,1,509,1
EXP-05199,TULUA,VIF,Juzgado_3_Familia,2023,3.34,0.95,5,0,184,1
EXP-05200,JAMUNDI,VIF,Juzgado_Penal_Municipal_1,2022,2.64,1.25,1,0,249,1
EXP-05201,CALI,ALIMENTOS,Comisaria_1_Familia,2021,70.34,1.1,4,0,445,0
EXP-05202,PALMIRA,ALIMENTOS,Juzgado_1_Familia,2023,11.54,1.35,7,0,375,1
EXP-05203,ARGELIA,ALIMENTOS,Juzgado_Penal_Municipal_2,2022,0.2,1.05,6,0,295,1
EXP-05204,TULUA,VIF,Juzgado_Penal_Municipal_1,2024,3.34,1.25,3,0,247,1
EXP-05205,CALI,HURTO_PATRIMONIAL,Juzgado_Penal_Municipal_2,2022,70.34,1.05,1,1,640,1
EXP-05206,CALI,ALIMENTOS,Comisaria_2_Familia,2022,70.34,0.9,4,0,444,1
EXP-05207,FLORIDA,ALIMENTOS,Juzgado_3_Familia,2023,0.8,0.95,8,0,328,1
EXP-05208,JAMUNDI,ALIMENTOS,Juzgado_2_Familia,2022,2.64,1.2,3,1,463,1
EXP-05209,TRUJILLO,VIF,Comisaria_1_Familia,2022,0.225,1.1,21,0,341,1
EXP-05210,CALI,ALIMENTOS,Juzgado_3_Familia,2022,70.34,0.95,1,0,468,1
EXP-05211,CALI,HURTO_PATRIMONIAL,Juzgado_Penal_Municipal_2,2022,70.34,1.05,9,1,723,1
EXP-05212,CALI,HURTO_PATRIMONIAL,Juzgado_Penal_Municipal_1,2022,70.34,1.25,4,0,411,0
EXP-05213,DAGUA,HURTO_PATRIMONIAL,Juzgado_3_Familia,2022,1.3666666666666665,0.95,9,0,349,1
EXP-05214,ZARZAL,SUSTANCIAS,Comisaria_2_Familia,2022,1.12,0.9,2,0,215,1
EXP-05215,CALI,VIF,Juzgado_3_Familia,2024,70.34,0.95,2,0,403,1
EXP-05216,CALI,ALIMENTOS,Comisaria_1_Familia,2024,70.34,1.1,10,0,600,1
EXP-05217,CALI,ALIMENTOS,Juzgado_3_Familia,2024,70.34,0.95,9,0,512,1
EXP-05218,OBANDO,VIF,Juzgado_3_Familia,2023,0.38,0.95,7,0,213,1
EXP-05219,DAGUA,VIF,Comisaria_2_Familia,2022,1.3666666666666665,0.9,4,0,106,0
EXP-05220,JAMUNDI,VIF,Juzgado_2_Familia,2023,2.64,1.2,4,0,282,1
EXP-05221,CANDELARIA,VIF,Comisaria_2_Familia,2022,3.08,0.9,2,0,185,0
EXP-05222,BUENAVENTURA,HURTO_PATRIMONIAL,Comisaria_1_Familia,2024,3.34,1.1,2,0,288,1
EXP-05223,CALI,HURTO_PATRIMONIAL,Juzgado_1_Familia,2024,70.34,1.35,1,0,560,1
EXP-05224,LA CUMBRE,HURTO_PATRIMONIAL,Juzgado_3_Familia,2023,0.24,0.95,1,1,371,1
EXP-05225,GUACARI,HURTO_PATRIMONIAL,Comisaria_1_Familia,2024,1.48,1.1,16,1,588,1
EXP-05226,GUADALAJARA DE BUGA,VIF,Comisaria_1_Familia,2021,6.6,1.1,15,0,374,1
EXP-05227,ROLDANILLO,ALIMENTOS,Comisaria_2_Familia,2024,1.26,0.9,2,0,243,1
EXP-05228,BUENAVENTURA,HURTO_PATRIMONIAL,Juzgado_3_Familia,2021,3.34,0.95,5,0,119,0
EXP-05229,SAN PEDRO,SUSTANCIAS,Juzgado_Penal_Municipal_2,2023,0.3,1.05,1,0,204,1
EXP-05230,PALMIRA,ALIMENTOS,Juzgado_2_Familia,2023,11.54,1.2,5,0,226,0
EXP-05231,CARTAGO,ALIMENTOS,Comisaria_1_Familia,2023,5.56,1.1,3,0,300,1
EXP-05232,TULUA,ALIMENTOS,Juzgado_1_Familia,2022,3.34,1.35,10,0,387,1
EXP-05233,CALI,VIF,Juzgado_2_Familia,2024,70.34,1.2,5,0,469,1
EXP-05234,CALI,ALIMENTOS,Juzgado_2_Familia,2022,70.34,1.2,1,0,484,1
EXP-05235,CARTAGO,SUSTANCIAS,Juzgado_Penal_Municipal_1,2023,5.56,1.25,4,0,283,1
EXP-05236,PALMIRA,VIF,Comisaria_2_Familia,2024,11.54,0.9,2,0,88,0
EXP-05237,GUADALAJARA DE BUGA,HURTO_PATRIMONIAL,Comisaria_1_Familia,2022,6.6,1.1,6,1,550,1
EXP-05238,CANDELARIA,HURTO_PATRIMONIAL,Comisaria_1_Familia,2024,3.08,1.1,4,1,529,1
EXP-05239,TRUJILLO,VIF,Juzgado_Penal_Municipal_1,2022,0.225,1.25,6,0,260,1
EXP-05240,CANDELARIA,ALIMENTOS,Juzgado_2_Familia,2024,3.08,1.2,9,0,374,1
EXP-05241,CALI,VIF,Comisaria_2_Familia,2024,70.34,0.9,8,0,420,1
EXP-05242,YUMBO,VIF,Juzgado_Penal_Municipal_1,2022,3.5,1.25,12,0,324,1
EXP-05243,FLORIDA,VIF,Comisaria_2_Familia,2023,0.8,0.9,1,0,146,1
EXP-05244,GUADALAJARA DE BUGA,ALIMENTOS,Comisaria_2_Familia,2023,6.6,0.9,4,1,419,1
EXP-05245,GUADALAJARA DE BUGA,ALIMENTOS,Juzgado_1_Familia,2021,6.6,1.35,13,0,431,1
EXP-05246,LA UNION,ALIMENTOS,Juzgado_2_Familia,2022,0.575,1.2,2,0,271,1
EXP-05247,ROLDANILLO,ALIMENTOS,Juzgado_1_Familia,2023,1.26,1.35,2,1,472,1
EXP-05248,CALI,SUSTANCIAS,Juzgado_2_Familia,2021,70.34,1.2,1,0,371,0
EXP-05249,TULUA,HURTO_PATRIMONIAL,Juzgado_Penal_Municipal_1,2023,3.34,1.25,6,0,411,1
EXP-05250,PALMIRA,VIF,Juzgado_1_Familia,2024,11.54,1.35,4,0,275,1
EXP-05251,EL AGUILA,ALIMENTOS,Juzgado_2_Familia,2024,0.1666666666666666,1.2,2,1,515,1
EXP-05252,GUACARI,ALIMENTOS,Juzgado_1_Familia,2022,1.48,1.35,1,0,337,1
EXP-05253,GUADALAJARA DE BUGA,VIF,Juzgado_3_Familia,2023,6.6,0.95,6,0,217,1
EXP-05254,CALI,HURTO_PATRIMONIAL,Juzgado_Penal_Municipal_1,2024,70.34,1.25,4,0,569,1
EXP-05255,CALI,HURTO_PATRIMONIAL,Comisaria_1_Familia,2022,70.34,1.1,5,1,688,1
EXP-05256,JAMUNDI,VIF,Juzgado_Penal_Municipal_1,2023,2.64,1.25,2,0,253,1
EXP-05257,TULUA,VIF,Juzgado_3_Familia,2022,3.34,0.95,11,0,255,1
EXP-05258,YUMBO,VIF,Juzgado_3_Familia,2023,3.5,0.95,1,0,182,1
EXP-05259,PALMIRA,HURTO_PATRIMONIAL,Comisaria_1_Familia,2023,11.54,1.1,2,1,450,1
EXP-05260,CANDELARIA,ALIMENTOS,Juzgado_1_Familia,2022,3.08,1.35,5,0,363,1
EXP-05261,CALI,VIF,Comisaria_2_Familia,2024,70.34,0.9,9,0,480,1
EXP-05262,SIN_DATO,HURTO_PATRIMONIAL,Juzgado_3_Familia,2024,2.2,0.95,1,1,405,0
EXP-05263,CALI,ALIMENTOS,Juzgado_2_Familia,2020,70.34,1.2,4,1,658,1
EXP-05264,PALMIRA,ALIMENTOS,Juzgado_3_Familia,2020,11.54,0.95,2,0,282,1
EXP-05265,GUACARI,HURTO_PATRIMONIAL,Juzgado_2_Familia,2022,1.48,1.2,1,1,501,1
EXP-05266,ALCALA,HURTO_PATRIMONIAL,Juzgado_3_Familia,2024,0.22,0.95,6,1,502,1
EXP-05267,DAGUA,VIF,Juzgado_2_Familia,2024,1.3666666666666665,1.2,1,0,208,1
EXP-05268,CAICEDONIA,HURTO_PATRIMONIAL,Juzgado_3_Familia,2023,1.28,0.95,4,1,517,1
EXP-05269,SEVILLA,VIF,Comisaria_2_Familia,2020,1.62,0.9,3,0,201,1
EXP-05270,YUMBO,VIF,Juzgado_3_Familia,2024,3.5,0.95,4,0,196,1
EXP-05271,CALI,VIF,Comisaria_1_Familia,2021,70.34,1.1,7,0,451,1
EXP-05272,JAMUNDI,ALIMENTOS,Comisaria_1_Familia,2020,2.64,1.1,7,1,478,1
EXP-05273,CALI,VIF,Comisaria_2_Familia,2024,70.34,0.9,3,0,197,0
EXP-05274,GUADALAJARA DE BUGA,ALIMENTOS,Juzgado_1_Familia,2024,6.6,1.35,1,1,463,1
EXP-05275,CALI,VIF,Juzgado_Penal_Municipal_2,2020,70.34,1.05,7,0,383,0
EXP-05276,CARTAGO,VIF,Juzgado_1_Familia,2022,5.56,1.35,6,0,290,1
EXP-05277,CALIMA,HURTO_PATRIMONIAL,Juzgado_Penal_Municipal_2,2024,0.3199999999999999,1.05,5,1,311,0
EXP-05278,CALI,HURTO_PATRIMONIAL,Comisaria_2_Familia,2022,70.34,0.9,8,1,641,1
EXP-05279,GUADALAJARA DE BUGA,ALIMENTOS,Juzgado_3_Familia,2021,6.6,0.95,1,0,244,0
EXP-05280,CALI,HURTO_PATRIMONIAL,Comisaria_2_Familia,2023,70.34,0.9,2,1,596,1
EXP-05281,SIN_DATO,HURTO_PATRIMONIAL,Juzgado_Penal_Municipal_2,2023,2.2,1.05,9,0,402,1
EXP-05282,ZARZAL,ALIMENTOS,Juzgado_1_Familia,2022,1.12,1.35,4,0,323,1
EXP-05283,BUGALAGRANDE,HURTO_PATRIMONIAL,Juzgado_2_Familia,2021,0.2799999999999999,1.2,1,1,459,1
EXP-05284,BUGALAGRANDE,ALIMENTOS,Juzgado_1_Familia,2022,0.2799999999999999,1.35,3,1,465,1
EXP-05285,GUACARI,VIF,Juzgado_2_Familia,2023,1.48,1.2,1,0,199,1
EXP-05286,YUMBO,VIF,Juzgado_2_Familia,2024,3.5,1.2,3,0,263,1
EXP-05287,CALI,VIF,Juzgado_1_Familia,2022,70.34,1.35,5,0,515,1
EXP-05288,ZARZAL,ALIMENTOS,Comisaria_1_Familia,2022,1.12,1.1,9,0,177,0
EXP-05289,GUADALAJARA DE BUGA,VIF,Juzgado_Penal_Municipal_1,2024,6.6,1.25,1,0,167,0
EXP-05290,SAN PEDRO,VIF,Comisaria_1_Familia,2022,0.3,1.1,2,0,242,1
EXP-05291,SIN_DATO,VIF,Comisaria_2_Familia,2022,2.2,0.9,6,0,207,1
EXP-05292,CALI,ALIMENTOS,Juzgado_2_Familia,2022,70.34,1.2,3,0,498,1
EXP-05293,CARTAGO,ALIMENTOS,Juzgado_3_Familia,2024,5.56,0.95,3,0,245,1
EXP-05294,SIN_DATO,ALIMENTOS,Juzgado_Penal_Municipal_1,2024,2.2,1.25,6,0,377,1
EXP-05295,CARTAGO,VIF,Comisaria_1_Familia,2023,5.56,1.1,3,0,211,1
EXP-05296,CALI,ALIMENTOS,Juzgado_3_Familia,2023,70.34,0.95,3,1,563,1
EXP-05297,CALIMA,VIF,Juzgado_Penal_Municipal_2,2024,0.3199999999999999,1.05,3,0,212,1
EXP-05298,CALI,ALIMENTOS,Juzgado_Penal_Municipal_2,2024,70.34,1.05,5,0,350,0
EXP-05299,CALI,VIF,Juzgado_Penal_Municipal_1,2021,70.34,1.25,4,0,247,0
EXP-05300,SIN_DATO,HURTO_PATRIMONIAL,Juzgado_1_Familia,2023,2.2,1.35,2,0,339,1
EXP-05301,GINEBRA,HURTO_PATRIMONIAL,Juzgado_2_Familia,2023,0.6,1.2,6,1,492,1
EXP-05302,SEVILLA,VIF,Juzgado_Penal_Municipal_1,2023,1.62,1.25,2,0,236,1
EXP-05303,RESTREPO,VIF,Comisaria_1_Familia,2020,0.24,1.1,1,0,206,1
EXP-05304,BUENAVENTURA,VIF,Juzgado_Penal_Municipal_2,2022,3.34,1.05,6,0,250,1
EXP-05305,ANSERMANUEVO,SUSTANCIAS,Comisaria_1_Familia,2024,0.2,1.1,6,0,240,1
EXP-05306,CARTAGO,ALIMENTOS,Juzgado_3_Familia,2023,5.56,0.95,8,0,317,1
EXP-05307,SIN_DATO,VIF,Juzgado_Penal_Municipal_1,2024,2.2,1.25,2,0,256,1
EXP-05308,PALMIRA,SUSTANCIAS,Juzgado_Penal_Municipal_1,2024,11.54,1.25,5,0,308,1
EXP-05309,PRADERA,ALIMENTOS,Juzgado_Penal_Municipal_2,2024,0.72,1.05,2,0,309,1
EXP-05310,ZARZAL,VIF,Juzgado_1_Familia,2024,1.12,1.35,3,0,264,1
EXP-05311,OBANDO,VIF,Comisaria_2_Familia,2020,0.38,0.9,4,0,169,1
EXP-05312,CALI,VIF,Juzgado_3_Familia,2024,70.34,0.95,1,0,413,1
EXP-05313,ROLDANILLO,ALIMENTOS,Juzgado_2_Familia,2023,1.26,1.2,4,0,330,1
EXP-05314,CALI,VIF,Juzgado_3_Familia,2022,70.34,0.95,5,0,398,1
EXP-05315,FLORIDA,ALIMENTOS,Juzgado_2_Familia,2020,0.8,1.2,1,0,292,1
EXP-05316,CAICEDONIA,VIF,Comisaria_1_Familia,2023,1.28,1.1,11,0,233,1
EXP-05317,TULUA,ALIMENTOS,Juzgado_3_Familia,2024,3.34,0.95,1,0,264,1
EXP-05318,BUENAVENTURA,ALIMENTOS,Juzgado_1_Familia,2023,3.34,1.35,6,0,363,1
EXP-05319,GUADALAJARA DE BUGA,HURTO_PATRIMONIAL,Juzgado_1_Familia,2023,6.6,1.35,14,1,701,1
EXP-05320,CALI,ALIMENTOS,Juzgado_Penal_Municipal_2,2022,70.34,1.05,4,1,657,1
EXP-05321,DAGUA,VIF,Juzgado_2_Familia,2023,1.3666666666666665,1.2,10,0,167,0
EXP-05322,YUMBO,VIF,Juzgado_Penal_Municipal_1,2023,3.5,1.25,2,0,229,1
EXP-05323,VIJES,VIF,Juzgado_Penal_Municipal_1,2023,0.175,1.25,14,0,327,1
EXP-05324,BOLIVAR,ALIMENTOS,Juzgado_2_Familia,2022,0.2333333333333333,1.2,22,0,451,1
EXP-05325,GINEBRA,VIF,Comisaria_1_Familia,2020,0.6,1.1,5,0,247,1
EXP-05326,PALMIRA,VIF,Juzgado_Penal_Municipal_2,2024,11.54,1.05,6,0,258,1
EXP-05327,PALMIRA,SUSTANCIAS,Comisaria_2_Familia,2023,11.54,0.9,2,0,230,1
EXP-05328,EL DOVIO,HURTO_PATRIMONIAL,Juzgado_Penal_Municipal_1,2024,0.1,1.25,3,1,316,0
EXP-05329,GUACARI,ALIMENTOS,Juzgado_Penal_Municipal_2,2024,1.48,1.05,3,0,305,1
EXP-05330,PALMIRA,VIF,Juzgado_1_Familia,2021,11.54,1.35,14,0,370,1
EXP-05331,CALI,HURTO_PATRIMONIAL,Juzgado_2_Familia,2024,70.34,1.2,4,0,545,1
EXP-05332,SEVILLA,HURTO_PATRIMONIAL,Juzgado_Penal_Municipal_1,2021,1.62,1.25,3,0,413,1
EXP-05333,SIN_DATO,ALIMENTOS,Juzgado_1_Familia,2024,2.2,1.35,1,0,353,1
EXP-05334,CALI,ALIMENTOS,Juzgado_1_Familia,2024,70.34,1.35,7,1,548,0
EXP-05335,ZARZAL,ALIMENTOS,Juzgado_1_Familia,2020,1.12,1.35,1,1,466,1
EXP-05336,FLORIDA,VIF,Comisaria_1_Familia,2022,0.8,1.1,10,0,228,1
EXP-05337,GUACARI,ALIMENTOS,Juzgado_1_Familia,2022,1.48,1.35,1,0,320,1
EXP-05338,GUADALAJARA DE BUGA,VIF,Juzgado_2_Familia,2024,6.6,1.2,2,0,215,1
EXP-05339,CARTAGO,VIF,Juzgado_Penal_Municipal_2,2024,5.56,1.05,10,0,274,0
EXP-05340,YUMBO,VIF,Juzgado_Penal_Municipal_2,2020,3.5,1.05,13,0,258,1
EXP-05341,LA CUMBRE,VIF,Juzgado_3_Familia,2021,0.24,0.95,3,0,171,0
EXP-05342,JAMUNDI,SUSTANCIAS,Comisaria_1_Familia,2021,2.64,1.1,11,0,297,1
EXP-05343,GUACARI,ALIMENTOS,Comisaria_1_Familia,2024,1.48,1.1,2,1,454,1
EXP-05344,ARGELIA,VIF,Juzgado_3_Familia,2023,0.2,0.95,2,0,199,1
EXP-05345,CANDELARIA,HURTO_PATRIMONIAL,Juzgado_Penal_Municipal_2,2023,3.08,1.05,4,1,494,1
EXP-05346,CALIMA,VIF,Comisaria_2_Familia,2021,0.3199999999999999,0.9,6,0,210,1
EXP-05347,TULUA,HURTO_PATRIMONIAL,Juzgado_Penal_Municipal_2,2020,3.34,1.05,1,0,304,1
EXP-05348,DAGUA,SUSTANCIAS,Juzgado_1_Familia,2020,1.3666666666666665,1.35,2,0,296,1
EXP-05349,CARTAGO,HURTO_PATRIMONIAL,Juzgado_Penal_Municipal_1,2024,5.56,1.25,7,1,581,1
EXP-05350,PALMIRA,HURTO_PATRIMONIAL,Juzgado_2_Familia,2023,11.54,1.2,4,1,541,1
EXP-05351,TRUJILLO,HURTO_PATRIMONIAL,Juzgado_1_Familia,2020,0.225,1.35,5,1,566,1
EXP-05352,JAMUNDI,ALIMENTOS,Juzgado_3_Familia,2021,2.64,0.95,3,0,249,1
EXP-05353,CARTAGO,HURTO_PATRIMONIAL,Comisaria_1_Familia,2022,5.56,1.1,3,0,307,1
EXP-05354,CALI,ALIMENTOS,Juzgado_2_Familia,2021,70.34,1.2,4,0,480,0
EXP-05355,CARTAGO,VIF,Juzgado_Penal_Municipal_1,2023,5.56,1.25,4,0,277,1
EXP-05356,CALI,ALIMENTOS,Juzgado_1_Familia,2024,70.34,1.35,3,1,683,1
EXP-05357,CALI,ALIMENTOS,Comisaria_2_Familia,2020,70.34,0.9,1,0,432,1
EXP-05358,GINEBRA,HURTO_PATRIMONIAL,Juzgado_1_Familia,2020,0.6,1.35,5,0,405,1
EXP-05359,CALI,VIF,Juzgado_1_Familia,2023,70.34,1.35,3,0,202,0
EXP-05360,CALIMA,ALIMENTOS,Juzgado_Penal_Municipal_1,2024,0.3199999999999999,1.25,2,0,333,1
EXP-05361,CALI,VIF,Comisaria_2_Familia,2024,70.34,0.9,4,0,405,1
EXP-05362,EL CERRITO,VIF,Juzgado_Penal_Municipal_1,2020,1.1,1.25,1,0,234,1
EXP-05363,CALI,VIF,Comisaria_1_Familia,2022,70.34,1.1,10,0,482,1
EXP-05364,BUENAVENTURA,VIF,Comisaria_2_Familia,2023,3.34,0.9,3,0,218,1
EXP-05365,GINEBRA,ALIMENTOS,Comisaria_1_Familia,2020,0.6,1.1,14,1,545,1
EXP-05366,CALI,ALIMENTOS,Comisaria_2_Familia,2023,70.34,0.9,3,1,589,1
EXP-05367,CALI,VIF,Comisaria_1_Familia,2024,70.34,1.1,4,0,301,0
EXP-05368,DAGUA,ALIMENTOS,Juzgado_Penal_Municipal_2,2020,1.3666666666666665,1.05,4,1,424,1
EXP-05369,LA UNION,VIF,Comisaria_2_Familia,2022,0.575,0.9,1,0,113,0
EXP-05370,ALCALA,VIF,Juzgado_Penal_Municipal_2,2024,0.22,1.05,3,0,171,0
EXP-05371,PRADERA,VIF,Comisaria_2_Familia,2023,0.72,0.9,10,0,235,1
EXP-05372,YUMBO,HURTO_PATRIMONIAL,Juzgado_2_Familia,2021,3.5,1.2,3,0,388,1
EXP-05373,CANDELARIA,ALIMENTOS,Juzgado_2_Familia,2024,3.08,1.2,3,0,340,1
EXP-05374,CALI,ALIMENTOS,Juzgado_Penal_Municipal_2,2023,70.34,1.05,1,0,465,1
EXP-05375,GINEBRA,VIF,Juzgado_Penal_Municipal_2,2022,0.6,1.05,3,0,202,1
EXP-05376,CALI,HURTO_PATRIMONIAL,Juzgado_Penal_Municipal_1,2024,70.34,1.25,4,0,579,1
EXP-05377,CAICEDONIA,ALIMENTOS,Juzgado_3_Familia,2024,1.28,0.95,7,1,345,0
EXP-05378,CANDELARIA,ALIMENTOS,Comisaria_1_Familia,2023,3.08,1.1,3,0,298,1
EXP-05379,CALI,HURTO_PATRIMONIAL,Juzgado_Penal_Municipal_2,2024,70.34,1.05,6,1,714,1
EXP-05380,ROLDANILLO,ALIMENTOS,Juzgado_Penal_Municipal_1,2024,1.26,1.25,6,0,178,0
EXP-05381,GUADALAJARA DE BUGA,VIF,Juzgado_1_Familia,2020,6.6,1.35,4,0,291,1
EXP-05382,OBANDO,SUSTANCIAS,Juzgado_3_Familia,2024,0.38,0.95,1,0,186,1
EXP-05383,ROLDANILLO,ALIMENTOS,Comisaria_2_Familia,2022,1.26,0.9,4,1,377,1
EXP-05384,YUMBO,HURTO_PATRIMONIAL,Comisaria_1_Familia,2024,3.5,1.1,3,0,326,1
EXP-05385,PALMIRA,SUSTANCIAS,Juzgado_3_Familia,2021,11.54,0.95,7,0,292,1
EXP-05386,GUADALAJARA DE BUGA,ALIMENTOS,Juzgado_1_Familia,2021,6.6,1.35,15,1,615,1
EXP-05387,PALMIRA,HURTO_PATRIMONIAL,Juzgado_Penal_Municipal_2,2020,11.54,1.05,2,1,427,1
EXP-05388,CAICEDONIA,HURTO_PATRIMONIAL,Juzgado_2_Familia,2021,1.28,1.2,5,1,500,1
EXP-05389,SIN_DATO,ALIMENTOS,Juzgado_2_Familia,2024,2.2,1.2,1,1,292,0
EXP-05390,ANDALUCIA,HURTO_PATRIMONIAL,Comisaria_1_Familia,2024,0.38,1.1,1,1,452,1
EXP-05391,CALI,VIF,Juzgado_1_Familia,2023,70.34,1.35,2,0,458,1
EXP-05392,ZARZAL,ALIMENTOS,Juzgado_3_Familia,2023,1.12,0.95,9,0,322,1
EXP-05393,CALI,VIF,Juzgado_3_Familia,2022,70.34,0.95,5,0,290,0
EXP-05394,CAICEDONIA,VIF,Juzgado_3_Familia,2021,1.28,0.95,12,0,287,1
EXP-05395,OBANDO,VIF,Juzgado_Penal_Municipal_2,2023,0.38,1.05,1,0,205,1
EXP-05396,SEVILLA,ALIMENTOS,Comisaria_2_Familia,2023,1.62,0.9,1,1,364,1
EXP-05397,PALMIRA,ALIMENTOS,Comisaria_1_Familia,2024,11.54,1.1,8,1,533,1
EXP-05398,EL DOVIO,SUSTANCIAS,Juzgado_1_Familia,2022,0.1,1.35,4,0,306,1
EXP-05399,CANDELARIA,VIF,Juzgado_3_Familia,2024,3.08,0.95,4,0,211,1
EXP-05400,ZARZAL,ALIMENTOS,Comisaria_1_Familia,2024,1.12,1.1,1,0,265,1
EXP-05401,TULUA,HURTO_PATRIMONIAL,Juzgado_3_Familia,2020,3.34,0.95,10,0,323,1
EXP-05402,CARTAGO,ALIMENTOS,Comisaria_2_Familia,2024,5.56,0.9,8,0,326,1
EXP-05403,ZARZAL,VIF,Juzgado_2_Familia,2022,1.12,1.2,3,0,225,1
EXP-05404,RIOFRIO,ALIMENTOS,Juzgado_1_Familia,2021,0.175,1.35,5,0,356,1
EXP-05405,ANDALUCIA,VIF,Comisaria_1_Familia,2021,0.38,1.1,4,0,213,1
EXP-05406,BUENAVENTURA,SUSTANCIAS,Comisaria_2_Familia,2024,3.34,0.9,3,0,241,1
EXP-05407,DAGUA,ALIMENTOS,Comisaria_2_Familia,2023,1.3666666666666665,0.9,6,1,395,1
EXP-05408,CALI,VIF,Juzgado_3_Familia,2024,70.34,0.95,4,0,334,0
EXP-05409,GUACARI,ALIMENTOS,Juzgado_Penal_Municipal_2,2024,1.48,1.05,6,0,242,0
EXP-05410,BUENAVENTURA,ALIMENTOS,Juzgado_Penal_Municipal_2,2023,3.34,1.05,2,1,439,1
EXP-05411,CALI,VIF,Juzgado_3_Familia,2022,70.34,0.95,8,0,429,1
EXP-05412,CALIMA,VIF,Juzgado_3_Familia,2020,0.3199999999999999,0.95,3,0,198,1
EXP-05413,TULUA,VIF,Juzgado_3_Familia,2024,3.34,0.95,4,0,230,1
EXP-05414,TULUA,ALIMENTOS,Juzgado_Penal_Municipal_2,2023,3.34,1.05,1,0,250,1
EXP-05415,SAN PEDRO,VIF,Juzgado_2_Familia,2024,0.3,1.2,1,0,204,1
EXP-05416,EL CERRITO,ALIMENTOS,Juzgado_Penal_Municipal_1,2020,1.1,1.25,7,0,325,1
EXP-05417,DAGUA,ALIMENTOS,Juzgado_Penal_Municipal_2,2024,1.3666666666666665,1.05,8,0,308,1
EXP-05418,CARTAGO,SUSTANCIAS,Juzgado_Penal_Municipal_1,2020,5.56,1.25,4,0,292,1
EXP-05419,CANDELARIA,ALIMENTOS,Juzgado_Penal_Municipal_2,2021,3.08,1.05,17,0,405,1
EXP-05420,TULUA,ALIMENTOS,Juzgado_Penal_Municipal_2,2021,3.34,1.05,7,0,303,1
EXP-05421,YUMBO,ALIMENTOS,Juzgado_Penal_Municipal_1,2022,3.5,1.25,3,0,354,1
EXP-05422,YUMBO,ALIMENTOS,Juzgado_Penal_Municipal_2,2024,3.5,1.05,3,0,273,1
EXP-05423,GUACARI,HURTO_PATRIMONIAL,Comisaria_1_Familia,2024,1.48,1.1,16,1,574,1
EXP-05424,CANDELARIA,VIF,Comisaria_2_Familia,2024,3.08,0.9,2,0,178,1
EXP-05425,ANDALUCIA,ALIMENTOS,Comisaria_1_Familia,2024,0.38,1.1,4,1,360,0
EXP-05426,ROLDANILLO,VIF,Juzgado_Penal_Municipal_1,2023,1.26,1.25,2,0,251,1
EXP-05427,CALIMA,ALIMENTOS,Juzgado_Penal_Municipal_1,2023,0.3199999999999999,1.25,19,1,629,1
EXP-05428,GUADALAJARA DE BUGA,VIF,Juzgado_1_Familia,2024,6.6,1.35,19,0,236,0
EXP-05429,CALI,ALIMENTOS,Comisaria_2_Familia,2024,70.34,0.9,8,1,608,1
EXP-05430,SIN_DATO,VIF,Juzgado_Penal_Municipal_2,2023,2.2,1.05,2,0,181,1
EXP-05431,GUADALAJARA DE BUGA,ALIMENTOS,Juzgado_1_Familia,2022,6.6,1.35,7,1,511,1
EXP-05432,ARGELIA,VIF,Juzgado_1_Familia,2020,0.2,1.35,10,0,317,1
EXP-05433,CANDELARIA,ALIMENTOS,Juzgado_Penal_Municipal_2,2024,3.08,1.05,3,0,288,1
EXP-05434,RIOFRIO,HURTO_PATRIMONIAL,Juzgado_1_Familia,2023,0.175,1.35,4,0,436,1
EXP-05435,CALI,VIF,Juzgado_3_Familia,2023,70.34,0.95,3,0,396,1
EXP-05436,PRADERA,VIF,Juzgado_3_Familia,2023,0.72,0.95,1,0,164,1
EXP-05437,GINEBRA,ALIMENTOS,Juzgado_2_Familia,2023,0.6,1.2,6,1,470,1
EXP-05438,CALI,SUSTANCIAS,Juzgado_3_Familia,2024,70.34,0.95,6,0,411,1
EXP-05439,CALI,ALIMENTOS,Comisaria_2_Familia,2024,70.34,0.9,5,0,451,1
EXP-05440,ZARZAL,HURTO_PATRIMONIAL,Juzgado_1_Familia,2022,1.12,1.35,5,0,371,1
EXP-05441,SIN_DATO,VIF,Juzgado_3_Familia,2024,2.2,0.95,6,0,216,1
EXP-05442,CALI,HURTO_PATRIMONIAL,Juzgado_Penal_Municipal_1,2020,70.34,1.25,9,1,503,0
EXP-05443,SEVILLA,HURTO_PATRIMONIAL,Comisaria_1_Familia,2024,1.62,1.1,1,1,483,1
EXP-05444,PALMIRA,VIF,Juzgado_Penal_Municipal_1,2023,11.54,1.25,5,0,123,0
EXP-05445,BUGALAGRANDE,SUSTANCIAS,Juzgado_1_Familia,2020,0.2799999999999999,1.35,5,0,295,1
EXP-05446,CALI,VIF,Juzgado_1_Familia,2023,70.34,1.35,5,0,471,1
EXP-05447,FLORIDA,ALIMENTOS,Juzgado_2_Familia,2024,0.8,1.2,4,0,300,1
EXP-05448,TULUA,SUSTANCIAS,Juzgado_2_Familia,2022,3.34,1.2,9,0,192,0
EXP-05449,DAGUA,ALIMENTOS,Juzgado_Penal_Municipal_1,2022,1.3666666666666665,1.25,1,0,345,1
EXP-05450,ROLDANILLO,VIF,Juzgado_2_Familia,2022,1.26,1.2,4,0,260,1
EXP-05451,YUMBO,ALIMENTOS,Juzgado_2_Familia,2020,3.5,1.2,6,0,347,1
EXP-05452,PRADERA,VIF,Juzgado_3_Familia,2022,0.72,0.95,4,0,111,0
EXP-05453,CALI,ALIMENTOS,Juzgado_Penal_Municipal_1,2021,70.34,1.25,3,0,478,1
EXP-05454,OBANDO,SUSTANCIAS,Juzgado_Penal_Municipal_1,2022,0.38,1.25,9,0,314,1
EXP-05455,ROLDANILLO,HURTO_PATRIMONIAL,Juzgado_Penal_Municipal_2,2023,1.26,1.05,3,0,305,1
EXP-05456,VIJES,VIF,Juzgado_Penal_Municipal_2,2022,0.175,1.05,1,0,195,1
EXP-05457,LA VICTORIA,VIF,Comisaria_1_Familia,2021,0.1666666666666666,1.1,5,0,256,1
EXP-05458,GINEBRA,VIF,Juzgado_Penal_Municipal_1,2022,0.6,1.25,1,0,195,1
EXP-05459,CALI,SUSTANCIAS,Juzgado_Penal_Municipal_2,2022,70.34,1.05,5,0,485,1
EXP-05460,TULUA,VIF,Juzgado_1_Familia,2022,3.34,1.35,10,0,334,1
EXP-05461,EL AGUILA,ALIMENTOS,Juzgado_Penal_Municipal_2,2020,0.1666666666666666,1.05,7,0,260,1
EXP-05462,CALIMA,VIF,Juzgado_Penal_Municipal_1,2023,0.3199999999999999,1.25,10,0,211,0
EXP-05463,TULUA,HURTO_PATRIMONIAL,Juzgado_Penal_Municipal_2,2021,3.34,1.05,4,0,159,0
EXP-05464,YUMBO,HURTO_PATRIMONIAL,Juzgado_2_Familia,2024,3.5,1.2,2,1,517,1
EXP-05465,CALIMA,HURTO_PATRIMONIAL,Juzgado_1_Familia,2021,0.3199999999999999,1.35,5,0,270,0
EXP-05466,CALI,VIF,Juzgado_1_Familia,2022,70.34,1.35,8,0,506,1
EXP-05467,PALMIRA,ALIMENTOS,Juzgado_Penal_Municipal_1,2024,11.54,1.25,3,0,349,1
EXP-05468,GUACARI,VIF,Juzgado_2_Familia,2022,1.48,1.2,2,0,231,1
EXP-05469,TRUJILLO,ALIMENTOS,Juzgado_3_Familia,2024,0.225,0.95,4,1,227,0
EXP-05470,EL CERRITO,VIF,Juzgado_Penal_Municipal_2,2024,1.1,1.05,11,0,231,1
EXP-05471,SAN PEDRO,VIF,Juzgado_2_Familia,2024,0.3,1.2,4,0,254,1
EXP-05472,EL CERRITO,ALIMENTOS,Juzgado_Penal_Municipal_2,2023,1.1,1.05,2,0,319,1
EXP-05473,ROLDANILLO,VIF,Comisaria_2_Familia,2023,1.26,0.9,15,0,252,1
EXP-05474,FLORIDA,HURTO_PATRIMONIAL,Juzgado_Penal_Municipal_2,2023,0.8,1.05,5,1,494,1
EXP-05475,CALI,HURTO_PATRIMONIAL,Comisaria_1_Familia,2022,70.34,1.1,1,1,636,1
EXP-05476,CALI,ALIMENTOS,Juzgado_Penal_Municipal_1,2022,70.34,1.25,9,0,567,1
EXP-05477,TULUA,ALIMENTOS,Comisaria_1_Familia,2021,3.34,1.1,5,0,319,1
EXP-05478,SEVILLA,ALIMENTOS,Comisaria_1_Familia,2023,1.62,1.1,1,1,393,1
EXP-05479,ANDALUCIA,ALIMENTOS,Comisaria_2_Familia,2024,0.38,0.9,4,0,263,1
EXP-05480,GUADALAJARA DE BUGA,ALIMENTOS,Juzgado_3_Familia,2021,6.6,0.95,1,0,246,1
EXP-05481,DAGUA,VIF,Comisaria_2_Familia,2024,1.3666666666666665,0.9,5,0,152,0
EXP-05482,JAMUNDI,HURTO_PATRIMONIAL,Juzgado_Penal_Municipal_1,2024,2.64,1.25,8,0,427,1
EXP-05483,EL CERRITO,VIF,Juzgado_1_Familia,2023,1.1,1.35,8,0,241,0
EXP-05484,TRUJILLO,HURTO_PATRIMONIAL,Juzgado_Penal_Municipal_2,2021,0.225,1.05,8,1,417,1
EXP-05485,TULUA,ALIMENTOS,Juzgado_1_Familia,2022,3.34,1.35,5,0,365,1
EXP-05486,YOTOCO,VIF,Juzgado_Penal_Municipal_1,2024,0.58,1.25,5,0,286,1
EXP-05487,CALI,VIF,Juzgado_2_Familia,2023,70.34,1.2,1,0,411,1
EXP-05488,CAICEDONIA,HURTO_PATRIMONIAL,Comisaria_1_Familia,2021,1.28,1.1,7,0,331,1
EXP-05489,CANDELARIA,HURTO_PATRIMONIAL,Juzgado_Penal_Municipal_2,2024,3.08,1.05,1,1,453,1
EXP-05490,PALMIRA,HURTO_PATRIMONIAL,Comisaria_1_Familia,2022,11.54,1.1,2,0,293,0
EXP-05491,EL DOVIO,VIF,Juzgado_2_Familia,2022,0.1,1.2,2,0,221,1
EXP-05492,LA UNION,VIF,Juzgado_Penal_Municipal_1,2022,0.575,1.25,5,0,287,1
EXP-05493,CARTAGO,VIF,Juzgado_Penal_Municipal_1,2024,5.56,1.25,3,0,236,1
EXP-05494,CALI,VIF,Comisaria_1_Familia,2023,70.34,1.1,2,0,433,1
EXP-05495,ZARZAL,ALIMENTOS,Comisaria_1_Familia,2023,1.12,1.1,5,1,462,1
EXP-05496,FLORIDA,VIF,Juzgado_3_Familia,2024,0.8,0.95,3,0,189,1
EXP-05497,CANDELARIA,VIF,Juzgado_2_Familia,2023,3.08,1.2,3,0,214,1
EXP-05498,CAICEDONIA,VIF,Comisaria_2_Familia,2020,1.28,0.9,9,0,224,1
EXP-05499,PALMIRA,SUSTANCIAS,Juzgado_3_Familia,2024,11.54,0.95,1,0,232,1
EXP-05500,ARGELIA,VIF,Juzgado_2_Familia,2024,0.2,1.2,7,0,274,1
EXP-05501,CALI,VIF,Juzgado_Penal_Municipal_2,2023,70.34,1.05,1,0,410,1
EXP-05502,TULUA,VIF,Juzgado_Penal_Municipal_2,2023,3.34,1.05,3,0,89,0
EXP-05503,BUENAVENTURA,ALIMENTOS,Juzgado_1_Familia,2022,3.34,1.35,5,1,198,0
EXP-05504,CALI,VIF,Juzgado_1_Familia,2023,70.34,1.35,6,0,499,1
EXP-05505,PALMIRA,HURTO_PATRIMONIAL,Comisaria_2_Familia,2021,11.54,0.9,1,1,456,1
EXP-05506,CALIMA,SUSTANCIAS,Juzgado_3_Familia,2024,0.3199999999999999,0.95,1,0,178,1
EXP-05507,ZARZAL,VIF,Juzgado_1_Familia,2023,1.12,1.35,2,0,288,1
EXP-05508,LA CUMBRE,HURTO_PATRIMONIAL,Juzgado_Penal_Municipal_1,2022,0.24,1.25,4,0,351,1
EXP-05509,TULUA,ALIMENTOS,Juzgado_Penal_Municipal_1,2021,3.34,1.25,6,0,310,0
EXP-05510,CALI,VIF,Juzgado_1_Familia,2021,70.34,1.35,1,0,457,1
EXP-05511,PALMIRA,VIF,Juzgado_Penal_Municipal_2,2020,11.54,1.05,1,0,103,0
EXP-05512,CARTAGO,HURTO_PATRIMONIAL,Comisaria_2_Familia,2021,5.56,0.9,5,1,389,1
EXP-05513,CALI,ALIMENTOS,Juzgado_1_Familia,2022,70.34,1.35,1,1,691,1
EXP-05514,GUADALAJARA DE BUGA,ALIMENTOS,Juzgado_1_Familia,2024,6.6,1.35,8,0,403,1
EXP-05515,GUADALAJARA DE BUGA,ALIMENTOS,Juzgado_2_Familia,2024,6.6,1.2,6,1,516,1
EXP-05516,TULUA,ALIMENTOS,Comisaria_1_Familia,2024,3.34,1.1,4,1,442,1
EXP-05517,ARGELIA,ALIMENTOS,Juzgado_1_Familia,2021,0.2,1.35,4,1,454,1
EXP-05518,BUENAVENTURA,VIF,Juzgado_2_Familia,2021,3.34,1.2,3,0,234,1
EXP-05519,CARTAGO,ALIMENTOS,Juzgado_3_Familia,2022,5.56,0.95,1,0,212,1
EXP-05520,ZARZAL,VIF,Comisaria_1_Familia,2022,1.12,1.1,9,0,160,0
EXP-05521,BUENAVENTURA,VIF,Comisaria_2_Familia,2022,3.34,0.9,10,0,245,1
EXP-05522,CALI,HURTO_PATRIMONIAL,Juzgado_3_Familia,2022,70.34,0.95,5,0,516,1
EXP-05523,CALI,VIF,Comisaria_1_Familia,2021,70.34,1.1,1,0,372,1
EXP-05524,EL CERRITO,VIF,Juzgado_1_Familia,2023,1.1,1.35,2,0,278,1
EXP-05525,CALI,ALIMENTOS,Juzgado_2_Familia,2023,70.34,1.2,1,0,491,1
EXP-05526,LA UNION,SUSTANCIAS,Comisaria_2_Familia,2023,0.575,0.9,6,0,249,1
EXP-05527,DAGUA,VIF,Comisaria_1_Familia,2024,1.3666666666666665,1.1,7,0,255,1
EXP-05528,PALMIRA,ALIMENTOS,Comisaria_1_Familia,2023,11.54,1.1,13,0,350,1
EXP-05529,CALI,ALIMENTOS,Comisaria_1_Familia,2024,70.34,1.1,3,1,620,1
EXP-05530,TORO,ALIMENTOS,Juzgado_Penal_Municipal_2,2021,0.1333333333333333,1.05,1,0,249,1
EXP-05531,CAICEDONIA,VIF,Juzgado_3_Familia,2021,1.28,0.95,4,0,136,0
EXP-05532,PALMIRA,SUSTANCIAS,Juzgado_3_Familia,2022,11.54,0.95,16,0,318,1
EXP-05533,CANDELARIA,VIF,Comisaria_2_Familia,2022,3.08,0.9,6,0,156,0
EXP-05534,BUENAVENTURA,HURTO_PATRIMONIAL,Comisaria_1_Familia,2022,3.34,1.1,5,0,168,0
EXP-05535,ARGELIA,VIF,Comisaria_2_Familia,2020,0.2,0.9,10,0,221,1
EXP-05536,EL CERRITO,ALIMENTOS,Juzgado_2_Familia,2023,1.1,1.2,4,1,481,1
EXP-05537,CARTAGO,SUSTANCIAS,Juzgado_3_Familia,2023,5.56,0.95,14,0,142,0
EXP-05538,BUENAVENTURA,ALIMENTOS,Juzgado_1_Familia,2022,3.34,1.35,4,1,529,1
EXP-05539,YUMBO,VIF,Juzgado_1_Familia,2022,3.5,1.35,5,0,259,1
EXP-05540,TULUA,HURTO_PATRIMONIAL,Comisaria_1_Familia,2021,3.34,1.1,20,0,337,0
EXP-05541,CALI,HURTO_PATRIMONIAL,Juzgado_3_Familia,2022,70.34,0.95,5,1,679,1
EXP-05542,TULUA,HURTO_PATRIMONIAL,Juzgado_1_Familia,2022,3.34,1.35,4,1,522,1
EXP-05543,CALI,ALIMENTOS,Juzgado_1_Familia,2022,70.34,1.35,1,1,712,1
EXP-05544,ARGELIA,HURTO_PATRIMONIAL,Juzgado_3_Familia,2020,0.2,0.95,7,0,299,1
EXP-05545,GINEBRA,ALIMENTOS,Comisaria_1_Familia,2020,0.6,1.1,9,1,440,1
EXP-05546,CARTAGO,HURTO_PATRIMONIAL,Comisaria_2_Familia,2021,5.56,0.9,5,0,306,1
EXP-05547,VERSALLES,VIF,Juzgado_Penal_Municipal_1,2024,0.1333333333333333,1.25,2,0,256,1
EXP-05548,CALI,VIF,Juzgado_1_Familia,2024,70.34,1.35,2,0,451,1
EXP-05549,EL CERRITO,HURTO_PATRIMONIAL,Juzgado_2_Familia,2023,1.1,1.2,2,0,345,1
EXP-05550,BUGALAGRANDE,ALIMENTOS,Comisaria_1_Familia,2024,0.2799999999999999,1.1,5,0,331,1
EXP-05551,GUADALAJARA DE BUGA,ALIMENTOS,Juzgado_Penal_Municipal_2,2022,6.6,1.05,6,0,299,1
EXP-05552,ALCALA,ALIMENTOS,Juzgado_2_Familia,2022,0.22,1.2,1,1,413,1
EXP-05553,GUADALAJARA DE BUGA,VIF,Juzgado_Penal_Municipal_1,2021,6.6,1.25,2,0,256,1
EXP-05554,PALMIRA,HURTO_PATRIMONIAL,Juzgado_1_Familia,2021,11.54,1.35,10,1,664,1
EXP-05555,GUADALAJARA DE BUGA,VIF,Juzgado_1_Familia,2024,6.6,1.35,6,0,300,1
EXP-05556,GUACARI,VIF,Comisaria_2_Familia,2024,1.48,0.9,2,0,170,1
EXP-05557,BOLIVAR,HURTO_PATRIMONIAL,Juzgado_3_Familia,2022,0.2333333333333333,0.95,3,0,244,0
EXP-05558,CALI,HURTO_PATRIMONIAL,Juzgado_1_Familia,2022,70.34,1.35,3,0,573,1
EXP-05559,TULUA,ALIMENTOS,Juzgado_Penal_Municipal_1,2024,3.34,1.25,1,0,288,1
EXP-05560,ZARZAL,VIF,Juzgado_Penal_Municipal_2,2024,1.12,1.05,9,0,268,1
EXP-05561,SAN PEDRO,ALIMENTOS,Comisaria_2_Familia,2023,0.3,0.9,4,0,149,0
EXP-05562,FLORIDA,ALIMENTOS,Juzgado_Penal_Municipal_2,2024,0.8,1.05,10,0,307,1
EXP-05563,BUENAVENTURA,VIF,Comisaria_2_Familia,2023,3.34,0.9,2,0,160,1
EXP-05564,GUADALAJARA DE BUGA,HURTO_PATRIMONIAL,Comisaria_1_Familia,2023,6.6,1.1,7,1,544,1
EXP-05565,PALMIRA,ALIMENTOS,Comisaria_1_Familia,2024,11.54,1.1,2,0,313,1
EXP-05566,CALI,VIF,Juzgado_Penal_Municipal_2,2024,70.34,1.05,2,0,414,1
EXP-05567,GUADALAJARA DE BUGA,SUSTANCIAS,Comisaria_2_Familia,2021,6.6,0.9,7,0,249,1
EXP-05568,JAMUNDI,VIF,Comisaria_2_Familia,2021,2.64,0.9,7,0,213,1
EXP-05569,CALI,VIF,Juzgado_2_Familia,2024,70.34,1.2,9,0,502,1
EXP-05570,CALI,SUSTANCIAS,Juzgado_Penal_Municipal_2,2024,70.34,1.05,1,0,372,1
EXP-05571,PALMIRA,ALIMENTOS,Comisaria_1_Familia,2024,11.54,1.1,2,1,457,1
EXP-05572,CALIMA,ALIMENTOS,Comisaria_1_Familia,2023,0.3199999999999999,1.1,2,0,295,1
EXP-05573,GINEBRA,ALIMENTOS,Juzgado_Penal_Municipal_2,2024,0.6,1.05,1,0,254,1
EXP-05574,GUACARI,ALIMENTOS,Comisaria_1_Familia,2024,1.48,1.1,4,0,310,1
EXP-05575,SIN_DATO,VIF,Comisaria_2_Familia,2023,2.2,0.9,4,0,206,1
EXP-05576,CALI,ALIMENTOS,Juzgado_1_Familia,2024,70.34,1.35,8,1,692,1
EXP-05577,CALI,VIF,Juzgado_Penal_Municipal_1,2022,70.34,1.25,1,0,401,0
EXP-05578,EL CERRITO,ALIMENTOS,Juzgado_Penal_Municipal_1,2021,1.1,1.25,6,0,366,1
EXP-05579,VIJES,HURTO_PATRIMONIAL,Juzgado_Penal_Municipal_1,2022,0.175,1.25,9,1,566,1
EXP-05580,CALI,HURTO_PATRIMONIAL,Juzgado_3_Familia,2024,70.34,0.95,2,0,517,1
EXP-05581,CALI,ALIMENTOS,Juzgado_3_Familia,2024,70.34,0.95,2,0,458,1
EXP-05582,CARTAGO,ALIMENTOS,Comisaria_1_Familia,2024,5.56,1.1,6,0,297,1
EXP-05583,ANDALUCIA,ALIMENTOS,Comisaria_1_Familia,2022,0.38,1.1,16,0,416,1
EXP-05584,CARTAGO,ALIMENTOS,Juzgado_Penal_Municipal_2,2024,5.56,1.05,5,0,283,1
EXP-05585,ANSERMANUEVO,SUSTANCIAS,Juzgado_Penal_Municipal_2,2024,0.2,1.05,6,0,251,1
EXP-05586,CALI,HURTO_PATRIMONIAL,Juzgado_2_Familia,2020,70.34,1.2,2,0,555,1
EXP-05587,GUADALAJARA DE BUGA,SUSTANCIAS,Juzgado_2_Familia,2024,6.6,1.2,9,0,188,0
EXP-05588,PALMIRA,HURTO_PATRIMONIAL,Juzgado_2_Familia,2022,11.54,1.2,6,0,177,0
EXP-05589,CALI,VIF,Juzgado_2_Familia,2022,70.34,1.2,7,0,488,1
EXP-05590,SIN_DATO,ALIMENTOS,Juzgado_3_Familia,2022,2.2,0.95,8,0,259,1
EXP-05591,SAN PEDRO,VIF,Juzgado_Penal_Municipal_1,2024,0.3,1.25,2,0,217,1
EXP-05592,CAICEDONIA,VIF,Juzgado_Penal_Municipal_1,2024,1.28,1.25,3,0,246,1
EXP-05593,SEVILLA,SUSTANCIAS,Juzgado_1_Familia,2023,1.62,1.35,6,0,290,1
EXP-05594,EL CAIRO,VIF,Juzgado_2_Familia,2024,0.1,1.2,5,0,100,0
EXP-05595,DAGUA,SUSTANCIAS,Comisaria_1_Familia,2021,1.3666666666666665,1.1,4,0,233,1
EXP-05596,PALMIRA,ALIMENTOS,Juzgado_3_Familia,2024,11.54,0.95,9,0,342,1
EXP-05597,VIJES,VIF,Juzgado_Penal_Municipal_1,2022,0.175,1.25,1,0,222,1
EXP-05598,CALI,VIF,Juzgado_1_Familia,2023,70.34,1.35,1,0,481,1
EXP-05599,CANDELARIA,ALIMENTOS,Juzgado_Penal_Municipal_2,2021,3.08,1.05,6,1,472,1
EXP-05600,EL CERRITO,ALIMENTOS,Juzgado_3_Familia,2023,1.1,0.95,3,0,264,1
EXP-05601,YUMBO,ALIMENTOS,Juzgado_1_Familia,2024,3.5,1.35,13,1,585,1
EXP-05602,PALMIRA,HURTO_PATRIMONIAL,Comisaria_1_Familia,2023,11.54,1.1,2,0,358,1
EXP-05603,YUMBO,SUSTANCIAS,Juzgado_Penal_Municipal_2,2020,3.5,1.05,2,0,201,1
EXP-05604,ZARZAL,HURTO_PATRIMONIAL,Comisaria_2_Familia,2023,1.12,0.9,5,0,318,1
EXP-05605,CALI,HURTO_PATRIMONIAL,Juzgado_2_Familia,2022,70.34,1.2,1,0,528,1
EXP-05606,TULUA,VIF,Juzgado_1_Familia,2024,3.34,1.35,6,0,308,1
EXP-05607,GINEBRA,VIF,Juzgado_Penal_Municipal_2,2024,0.6,1.05,2,0,207,1
EXP-05608,CARTAGO,VIF,Juzgado_Penal_Municipal_2,2020,5.56,1.05,10,0,281,1
EXP-05609,ROLDANILLO,VIF,Comisaria_1_Familia,2024,1.26,1.1,10,0,236,0
EXP-05610,TRUJILLO,VIF,Juzgado_Penal_Municipal_2,2021,0.225,1.05,1,0,192,1
EXP-05611,BUENAVENTURA,VIF,Comisaria_1_Familia,2022,3.34,1.1,4,0,198,1
EXP-05612,CARTAGO,ALIMENTOS,Juzgado_Penal_Municipal_1,2024,5.56,1.25,4,0,363,1
EXP-05613,BUENAVENTURA,HURTO_PATRIMONIAL,Juzgado_Penal_Municipal_1,2022,3.34,1.25,9,1,570,1
EXP-05614,PALMIRA,ALIMENTOS,Juzgado_1_Familia,2020,11.54,1.35,1,0,346,1
EXP-05615,CAICEDONIA,VIF,Juzgado_Penal_Municipal_1,2023,1.28,1.25,10,0,297,1
EXP-05616,PALMIRA,ALIMENTOS,Juzgado_Penal_Municipal_1,2024,11.54,1.25,3,0,404,1
EXP-05617,BUENAVENTURA,ALIMENTOS,Juzgado_2_Familia,2021,3.34,1.2,7,1,490,1
EXP-05618,CALI,ALIMENTOS,Comisaria_2_Familia,2020,70.34,0.9,6,0,446,1
EXP-05619,PALMIRA,ALIMENTOS,Juzgado_1_Familia,2021,11.54,1.35,3,0,353,1
EXP-05620,LA UNION,ALIMENTOS,Juzgado_2_Familia,2021,0.575,1.2,2,1,411,1
EXP-05621,SEVILLA,VIF,Juzgado_2_Familia,2022,1.62,1.2,10,0,319,1
EXP-05622,BOLIVAR,SUSTANCIAS,Juzgado_3_Familia,2021,0.2333333333333333,0.95,1,0,180,1
EXP-05623,RESTREPO,HURTO_PATRIMONIAL,Juzgado_2_Familia,2020,0.24,1.2,1,0,296,1
EXP-05624,TULUA,VIF,Juzgado_3_Familia,2024,3.34,0.95,5,0,190,1
EXP-05625,PALMIRA,VIF,Juzgado_Penal_Municipal_2,2020,11.54,1.05,1,0,228,1
EXP-05626,PALMIRA,ALIMENTOS,Comisaria_1_Familia,2021,11.54,1.1,15,0,419,1
EXP-05627,FLORIDA,VIF,Juzgado_Penal_Municipal_2,2021,0.8,1.05,9,0,266,1
EXP-05628,TULUA,ALIMENTOS,Comisaria_1_Familia,2023,3.34,1.1,1,0,248,1
EXP-05629,CALI,ALIMENTOS,Juzgado_3_Familia,2022,70.34,0.95,2,0,453,1
EXP-05630,ARGELIA,HURTO_PATRIMONIAL,Juzgado_3_Familia,2024,0.2,0.95,6,1,455,1
EXP-05631,BUENAVENTURA,ALIMENTOS,Juzgado_3_Familia,2020,3.34,0.95,5,1,406,1
EXP-05632,CALI,HURTO_PATRIMONIAL,Comisaria_1_Familia,2024,70.34,1.1,1,0,508,1
EXP-05633,CAICEDONIA,ALIMENTOS,Juzgado_1_Familia,2024,1.28,1.35,2,0,395,1
EXP-05634,PALMIRA,VIF,Juzgado_3_Familia,2022,11.54,0.95,9,0,267,1
EXP-05635,EL DOVIO,ALIMENTOS,Juzgado_1_Familia,2022,0.1,1.35,2,0,356,1
EXP-05636,CALI,ALIMENTOS,Comisaria_2_Familia,2024,70.34,0.9,4,0,459,1
EXP-05637,TULUA,VIF,Juzgado_2_Familia,2024,3.34,1.2,7,0,319,1
EXP-05638,ROLDANILLO,HURTO_PATRIMONIAL,Juzgado_Penal_Municipal_1,2020,1.26,1.25,2,1,474,1
EXP-05639,TULUA,VIF,Juzgado_1_Familia,2020,3.34,1.35,2,0,231,1
EXP-05640,CANDELARIA,HURTO_PATRIMONIAL,Comisaria_1_Familia,2024,3.08,1.1,3,0,225,0
EXP-05641,PALMIRA,VIF,Comisaria_1_Familia,2024,11.54,1.1,1,0,156,0
EXP-05642,CALI,VIF,Comisaria_2_Familia,2020,70.34,0.9,9,0,420,1
EXP-05643,PALMIRA,ALIMENTOS,Juzgado_1_Familia,2023,11.54,1.35,1,1,510,1
EXP-05644,JAMUNDI,VIF,Juzgado_Penal_Municipal_1,2021,2.64,1.25,10,0,259,1
EXP-05645,PALMIRA,VIF,Juzgado_1_Familia,2023,11.54,1.35,4,0,299,1
EXP-05646,GINEBRA,VIF,Juzgado_Penal_Municipal_2,2024,0.6,1.05,10,0,293,1
EXP-05647,CANDELARIA,HURTO_PATRIMONIAL,Juzgado_3_Familia,2020,3.08,0.95,5,0,327,1
EXP-05648,BUENAVENTURA,VIF,Juzgado_Penal_Municipal_2,2021,3.34,1.05,11,0,279,1
EXP-05649,SIN_DATO,HURTO_PATRIMONIAL,Juzgado_2_Familia,2021,2.2,1.2,5,0,387,1
EXP-05650,BUGALAGRANDE,ALIMENTOS,Juzgado_2_Familia,2022,0.2799999999999999,1.2,1,1,393,1
EXP-05651,PALMIRA,VIF,Juzgado_2_Familia,2020,11.54,1.2,10,0,339,1
EXP-05652,LA VICTORIA,HURTO_PATRIMONIAL,Juzgado_Penal_Municipal_1,2023,0.1666666666666666,1.25,3,0,429,1
EXP-05653,CARTAGO,VIF,Comisaria_1_Familia,2023,5.56,1.1,3,0,249,1
EXP-05654,LA CUMBRE,SUSTANCIAS,Juzgado_1_Familia,2021,0.24,1.35,5,0,162,0
EXP-05655,EL AGUILA,VIF,Juzgado_2_Familia,2021,0.1666666666666666,1.2,3,0,234,1
EXP-05656,BUENAVENTURA,VIF,Juzgado_Penal_Municipal_1,2024,3.34,1.25,1,0,248,1
EXP-05657,TULUA,ALIMENTOS,Juzgado_1_Familia,2023,3.34,1.35,10,0,220,0
EXP-05658,JAMUNDI,ALIMENTOS,Juzgado_Penal_Municipal_2,2024,2.64,1.05,9,0,332,1
EXP-05659,LA UNION,VIF,Juzgado_3_Familia,2022,0.575,0.95,4,0,212,1
EXP-05660,ROLDANILLO,VIF,Juzgado_1_Familia,2023,1.26,1.35,4,0,256,1
EXP-05661,DAGUA,ALIMENTOS,Juzgado_Penal_Municipal_2,2024,1.3666666666666665,1.05,6,1,503,1
EXP-05662,BOLIVAR,VIF,Juzgado_Penal_Municipal_1,2024,0.2333333333333333,1.25,7,0,276,1
EXP-05663,CALI,HURTO_PATRIMONIAL,Comisaria_2_Familia,2024,70.34,0.9,1,0,517,1
EXP-05664,CALI,VIF,Juzgado_Penal_Municipal_1,2020,70.34,1.25,3,0,461,1
EXP-05665,BOLIVAR,ALIMENTOS,Comisaria_1_Familia,2021,0.2333333333333333,1.1,1,1,424,1
EXP-05666,CARTAGO,HURTO_PATRIMONIAL,Juzgado_1_Familia,2024,5.56,1.35,5,1,608,1
EXP-05667,JAMUNDI,VIF,Juzgado_Penal_Municipal_1,2024,2.64,1.25,2,0,236,1
EXP-05668,CALI,VIF,Juzgado_2_Familia,2023,70.34,1.2,9,0,294,0
EXP-05669,CALI,VIF,Juzgado_3_Familia,2023,70.34,0.95,3,0,410,1
EXP-05670,CARTAGO,ALIMENTOS,Juzgado_2_Familia,2022,5.56,1.2,5,1,510,1
EXP-05671,GINEBRA,VIF,Juzgado_3_Familia,2023,0.6,0.95,1,0,156,1
EXP-05672,JAMUNDI,ALIMENTOS,Comisaria_1_Familia,2020,2.64,1.1,4,0,272,1
EXP-05673,CALI,SUSTANCIAS,Juzgado_3_Familia,2024,70.34,0.95,8,0,476,1
EXP-05674,CALI,VIF,Juzgado_1_Familia,2023,70.34,1.35,1,0,466,1
EXP-05675,CALI,VIF,Comisaria_1_Familia,2024,70.34,1.1,2,0,419,1
EXP-05676,TULUA,HURTO_PATRIMONIAL,Juzgado_1_Familia,2021,3.34,1.35,3,1,513,1
EXP-05677,CANDELARIA,VIF,Comisaria_2_Familia,2021,3.08,0.9,6,0,199,1
EXP-05678,CALI,VIF,Comisaria_1_Familia,2023,70.34,1.1,6,0,439,1
EXP-05679,BUENAVENTURA,ALIMENTOS,Juzgado_3_Familia,2023,3.34,0.95,2,0,246,1
EXP-05680,CALI,ALIMENTOS,Juzgado_2_Familia,2020,70.34,1.2,1,1,678,1
EXP-05681,YUMBO,VIF,Juzgado_3_Familia,2023,3.5,0.95,1,0,117,0
EXP-05682,CANDELARIA,SUSTANCIAS,Juzgado_2_Familia,2022,3.08,1.2,3,0,244,1
EXP-05683,CARTAGO,SUSTANCIAS,Comisaria_1_Familia,2022,5.56,1.1,2,0,229,1
EXP-05684,LA CUMBRE,ALIMENTOS,Juzgado_1_Familia,2024,0.24,1.35,9,0,384,1
EXP-05685,PALMIRA,HURTO_PATRIMONIAL,Comisaria_1_Familia,2024,11.54,1.1,6,0,394,1
EXP-05686,CALI,VIF,Juzgado_1_Familia,2024,70.34,1.35,6,0,507,1
EXP-05687,FLORIDA,VIF,Juzgado_Penal_Municipal_2,2020,0.8,1.05,4,0,232,1
EXP-05688,SEVILLA,VIF,Comisaria_2_Familia,2023,1.62,0.9,1,0,84,0
EXP-05689,SIN_DATO,HURTO_PATRIMONIAL,Juzgado_3_Familia,2023,2.2,0.95,5,1,431,1
EXP-05690,CALI,VIF,Juzgado_1_Familia,2024,70.34,1.35,9,0,531,1
EXP-05691,CARTAGO,VIF,Juzgado_Penal_Municipal_1,2024,5.56,1.25,3,0,303,1
EXP-05692,PRADERA,VIF,Juzgado_3_Familia,2023,0.72,0.95,1,0,189,1
EXP-05693,CALI,VIF,Juzgado_Penal_Municipal_2,2024,70.34,1.05,13,0,517,1
EXP-05694,RIOFRIO,HURTO_PATRIMONIAL,Juzgado_1_Familia,2024,0.175,1.35,3,0,433,1
EXP-05695,CAICEDONIA,SUSTANCIAS,Juzgado_3_Familia,2022,1.28,0.95,4,0,246,1
EXP-05696,VIJES,HURTO_PATRIMONIAL,Juzgado_Penal_Municipal_1,2023,0.175,1.25,9,0,435,1
EXP-05697,TULUA,HURTO_PATRIMONIAL,Juzgado_2_Familia,2024,3.34,1.2,5,1,509,1
EXP-05698,EL CERRITO,HURTO_PATRIMONIAL,Juzgado_Penal_Municipal_1,2021,1.1,1.25,1,0,322,1
EXP-05699,TORO,ALIMENTOS,Juzgado_3_Familia,2024,0.1333333333333333,0.95,6,1,448,1
EXP-05700,CALI,VIF,Juzgado_1_Familia,2024,70.34,1.35,2,0,272,0
EXP-05701,GUACARI,HURTO_PATRIMONIAL,Juzgado_2_Familia,2022,1.48,1.2,3,0,258,0
EXP-05702,ZARZAL,VIF,Juzgado_1_Familia,2021,1.12,1.35,2,0,262,1
EXP-05703,GUADALAJARA DE BUGA,SUSTANCIAS,Juzgado_Penal_Municipal_1,2024,6.6,1.25,6,0,159,0
EXP-05704,CALI,ALIMENTOS,Juzgado_Penal_Municipal_1,2021,70.34,1.25,3,1,672,1
EXP-05705,JAMUNDI,HURTO_PATRIMONIAL,Juzgado_3_Familia,2022,2.64,0.95,5,0,306,1
EXP-05706,DAGUA,ALIMENTOS,Juzgado_Penal_Municipal_1,2021,1.3666666666666665,1.25,5,0,339,1
EXP-05707,CALI,ALIMENTOS,Juzgado_Penal_Municipal_2,2021,70.34,1.05,6,1,622,1
EXP-05708,CALI,HURTO_PATRIMONIAL,Comisaria_2_Familia,2022,70.34,0.9,1,0,454,1
EXP-05709,CAICEDONIA,VIF,Juzgado_2_Familia,2020,1.28,1.2,6,0,240,1
EXP-05710,CALIMA,VIF,Juzgado_Penal_Municipal_2,2024,0.3199999999999999,1.05,1,0,134,0
EXP-05711,CALI,ALIMENTOS,Juzgado_Penal_Municipal_1,2022,70.34,1.25,5,1,712,1
EXP-05712,DAGUA,ALIMENTOS,Juzgado_Penal_Municipal_1,2023,1.3666666666666665,1.25,12,0,394,1
EXP-05713,LA UNION,ALIMENTOS,Juzgado_Penal_Municipal_2,2022,0.575,1.05,2,0,263,1
EXP-05714,ZARZAL,HURTO_PATRIMONIAL,Juzgado_1_Familia,2023,1.12,1.35,2,0,421,1
EXP-05715,CALI,SUSTANCIAS,Juzgado_3_Familia,2024,70.34,0.95,5,0,466,1
EXP-05716,SIN_DATO,ALIMENTOS,Juzgado_1_Familia,2023,2.2,1.35,4,1,505,1
EXP-05717,PALMIRA,ALIMENTOS,Comisaria_1_Familia,2022,11.54,1.1,2,1,420,1
EXP-05718,EL CERRITO,HURTO_PATRIMONIAL,Juzgado_Penal_Municipal_1,2023,1.1,1.25,3,0,359,1
EXP-05719,CALI,ALIMENTOS,Juzgado_Penal_Municipal_1,2023,70.34,1.25,12,1,580,0
EXP-05720,LA VICTORIA,HURTO_PATRIMONIAL,Juzgado_Penal_Municipal_2,2024,0.1666666666666666,1.05,2,1,430,1
EXP-05721,ALCALA,ALIMENTOS,Juzgado_1_Familia,2022,0.22,1.35,1,0,264,0
EXP-05722,GUADALAJARA DE BUGA,ALIMENTOS,Juzgado_2_Familia,2020,6.6,1.2,1,0,337,1
EXP-05723,YOTOCO,VIF,Juzgado_1_Familia,2020,0.58,1.35,3,0,263,1
EXP-05724,SEVILLA,ALIMENTOS,Juzgado_3_Familia,2024,1.62,0.95,1,1,372,1
EXP-05725,PALMIRA,HURTO_PATRIMONIAL,Juzgado_2_Familia,2020,11.54,1.2,11,0,438,1
EXP-05726,SEVILLA,HURTO_PATRIMONIAL,Juzgado_Penal_Municipal_1,2024,1.62,1.25,3,0,350,1
EXP-05727,JAMUNDI,VIF,Juzgado_Penal_Municipal_1,2024,2.64,1.25,3,0,111,0
EXP-05728,LA VICTORIA,HURTO_PATRIMONIAL,Juzgado_1_Familia,2023,0.1666666666666666,1.35,4,1,538,1
EXP-05729,JAMUNDI,VIF,Juzgado_Penal_Municipal_1,2023,2.64,1.25,15,0,236,0
EXP-05730,CALI,VIF,Juzgado_2_Familia,2020,70.34,1.2,2,0,403,1
EXP-05731,YOTOCO,ALIMENTOS,Comisaria_1_Familia,2021,0.58,1.1,1,1,417,1
EXP-05732,JAMUNDI,ALIMENTOS,Comisaria_1_Familia,2024,2.64,1.1,6,0,328,1
EXP-05733,BUENAVENTURA,VIF,Juzgado_1_Familia,2022,3.34,1.35,3,0,209,0
EXP-05734,SIN_DATO,VIF,Comisaria_1_Familia,2023,2.2,1.1,1,0,196,1
EXP-05735,CALI,ALIMENTOS,Juzgado_3_Familia,2023,70.34,0.95,5,0,500,1
EXP-05736,CALIMA,SUSTANCIAS,Comisaria_1_Familia,2021,0.3199999999999999,1.1,1,0,199,1
EXP-05737,GUADALAJARA DE BUGA,VIF,Comisaria_1_Familia,2024,6.6,1.1,3,0,245,1
EXP-05738,CALI,HURTO_PATRIMONIAL,Juzgado_Penal_Municipal_1,2022,70.34,1.25,5,1,312,0
EXP-05739,TULUA,VIF,Juzgado_2_Familia,2020,3.34,1.2,15,0,306,1
EXP-05740,CALI,ALIMENTOS,Comisaria_2_Familia,2024,70.34,0.9,3,0,371,0
EXP-05741,CANDELARIA,SUSTANCIAS,Comisaria_2_Familia,2021,3.08,0.9,5,0,204,1
EXP-05742,CALI,ALIMENTOS,Juzgado_1_Familia,2023,70.34,1.35,7,0,608,1
EXP-05743,TULUA,ALIMENTOS,Comisaria_2_Familia,2022,3.34,0.9,1,1,340,1
EXP-05744,PALMIRA,HURTO_PATRIMONIAL,Juzgado_Penal_Municipal_2,2020,11.54,1.05,7,0,406,1
EXP-05745,CAICEDONIA,HURTO_PATRIMONIAL,Juzgado_Penal_Municipal_2,2023,1.28,1.05,6,0,328,1
EXP-05746,PALMIRA,SUSTANCIAS,Comisaria_2_Familia,2023,11.54,0.9,19,0,161,0
EXP-05747,JAMUNDI,VIF,Juzgado_1_Familia,2023,2.64,1.35,6,0,300,1
EXP-05748,DAGUA,ALIMENTOS,Comisaria_1_Familia,2020,1.3666666666666665,1.1,9,0,160,0
EXP-05749,VIJES,SUSTANCIAS,Comisaria_1_Familia,2024,0.175,1.1,3,0,247,1
EXP-05750,CARTAGO,ALIMENTOS,Juzgado_Penal_Municipal_1,2024,5.56,1.25,2,0,355,1
EXP-05751,PRADERA,VIF,Juzgado_1_Familia,2023,0.72,1.35,12,0,349,1
EXP-05752,YOTOCO,VIF,Comisaria_1_Familia,2021,0.58,1.1,3,0,219,1
EXP-05753,YUMBO,SUSTANCIAS,Juzgado_Penal_Municipal_1,2024,3.5,1.25,2,0,287,1
EXP-05754,ALCALA,VIF,Juzgado_Penal_Municipal_1,2022,0.22,1.25,2,0,201,0
EXP-05755,DAGUA,VIF,Comisaria_1_Familia,2024,1.3666666666666665,1.1,3,0,219,1
EXP-05756,BUENAVENTURA,ALIMENTOS,Juzgado_1_Familia,2020,3.34,1.35,1,1,439,1
EXP-05757,GUADALAJARA DE BUGA,VIF,Juzgado_3_Familia,2024,6.6,0.95,1,0,158,1
EXP-05758,PALMIRA,HURTO_PATRIMONIAL,Juzgado_3_Familia,2024,11.54,0.95,1,0,287,1
EXP-05759,FLORIDA,ALIMENTOS,Comisaria_1_Familia,2022,0.8,1.1,6,0,299,1
EXP-05760,LA CUMBRE,HURTO_PATRIMONIAL,Juzgado_3_Familia,2024,0.24,0.95,5,0,242,0
EXP-05761,VERSALLES,HURTO_PATRIMONIAL,Juzgado_Penal_Municipal_2,2020,0.1333333333333333,1.05,2,1,217,0
EXP-05762,ANDALUCIA,SUSTANCIAS,Comisaria_2_Familia,2024,0.38,0.9,4,0,229,1
EXP-05763,JAMUNDI,VIF,Juzgado_Penal_Municipal_2,2024,2.64,1.05,12,0,288,1
EXP-05764,TULUA,VIF,Juzgado_Penal_Municipal_1,2023,3.34,1.25,3,0,130,0
EXP-05765,YUMBO,ALIMENTOS,Comisaria_1_Familia,2020,3.5,1.1,6,0,311,1
EXP-05766,GINEBRA,HURTO_PATRIMONIAL,Comisaria_1_Familia,2024,0.6,1.1,1,0,317,1
EXP-05767,PALMIRA,ALIMENTOS,Comisaria_2_Familia,2023,11.54,0.9,3,0,249,1
EXP-05768,CALI,SUSTANCIAS,Comisaria_1_Familia,2022,70.34,1.1,1,0,438,1
EXP-05769,CALI,ALIMENTOS,Juzgado_Penal_Municipal_1,2024,70.34,1.25,6,1,616,0
EXP-05770,VERSALLES,ALIMENTOS,Comisaria_1_Familia,2022,0.1333333333333333,1.1,1,0,263,1
EXP-05771,GUADALAJARA DE BUGA,HURTO_PATRIMONIAL,Comisaria_1_Familia,2023,6.6,1.1,17,0,465,1
EXP-05772,EL CERRITO,VIF,Juzgado_3_Familia,2023,1.1,0.95,6,0,195,1
EXP-05773,CALI,VIF,Comisaria_2_Familia,2023,70.34,0.9,1,0,376,1
EXP-05774,GUACARI,VIF,Juzgado_3_Familia,2021,1.48,0.95,2,0,226,1
EXP-05775,PALMIRA,ALIMENTOS,Juzgado_3_Familia,2022,11.54,0.95,10,1,230,0
EXP-05776,PALMIRA,VIF,Juzgado_Penal_Municipal_1,2020,11.54,1.25,5,0,318,1
EXP-05777,ALCALA,ALIMENTOS,Juzgado_Penal_Municipal_1,2023,0.22,1.25,4,0,353,1
EXP-05778,TULUA,HURTO_PATRIMONIAL,Juzgado_2_Familia,2021,3.34,1.2,2,0,348,1
EXP-05779,CALI,HURTO_PATRIMONIAL,Juzgado_2_Familia,2021,70.34,1.2,7,0,602,1
EXP-05780,CARTAGO,ALIMENTOS,Juzgado_2_Familia,2021,5.56,1.2,1,1,456,1
EXP-05781,CALI,VIF,Juzgado_3_Familia,2022,70.34,0.95,7,0,342,0
EXP-05782,OBANDO,VIF,Juzgado_Penal_Municipal_1,2020,0.38,1.25,1,0,240,1
EXP-05783,GUADALAJARA DE BUGA,HURTO_PATRIMONIAL,Juzgado_Penal_Municipal_1,2024,6.6,1.25,18,0,426,0
EXP-05784,CALIMA,VIF,Comisaria_2_Familia,2023,0.3199999999999999,0.9,3,0,166,0
EXP-05785,VIJES,HURTO_PATRIMONIAL,Juzgado_2_Familia,2021,0.175,1.2,1,0,368,1
EXP-05786,BUGALAGRANDE,VIF,Juzgado_Penal_Municipal_1,2024,0.2799999999999999,1.25,4,0,207,1
EXP-05787,RESTREPO,SUSTANCIAS,Juzgado_1_Familia,2024,0.24,1.35,1,0,232,1
EXP-05788,YUMBO,ALIMENTOS,Juzgado_Penal_Municipal_2,2023,3.5,1.05,14,1,495,1
EXP-05789,SIN_DATO,ALIMENTOS,Juzgado_2_Familia,2021,2.2,1.2,1,1,428,1
EXP-05790,TULUA,SUSTANCIAS,Comisaria_2_Familia,2022,3.34,0.9,2,0,159,0
EXP-05791,BOLIVAR,ALIMENTOS,Comisaria_1_Familia,2024,0.2333333333333333,1.1,6,0,312,1
EXP-05792,DAGUA,HURTO_PATRIMONIAL,Comisaria_2_Familia,2024,1.3666666666666665,0.9,6,1,447,1
EXP-05793,VERSALLES,ALIMENTOS,Juzgado_Penal_Municipal_2,2022,0.1333333333333333,1.05,5,0,304,1
EXP-05794,GUADALAJARA DE BUGA,ALIMENTOS,Juzgado_2_Familia,2024,6.6,1.2,8,0,404,1
EXP-05795,PALMIRA,ALIMENTOS,Comisaria_2_Familia,2023,11.54,0.9,5,0,320,1
EXP-05796,CARTAGO,HURTO_PATRIMONIAL,Juzgado_Penal_Municipal_2,2024,5.56,1.05,5,0,341,1
EXP-05797,SIN_DATO,ALIMENTOS,Juzgado_3_Familia,2023,2.2,0.95,3,1,438,1
EXP-05798,CANDELARIA,HURTO_PATRIMONIAL,Juzgado_Penal_Municipal_2,2022,3.08,1.05,3,1,442,1
EXP-05799,YUMBO,VIF,Juzgado_Penal_Municipal_1,2024,3.5,1.25,3,0,283,1
EXP-05800,DAGUA,HURTO_PATRIMONIAL,Juzgado_Penal_Municipal_1,2024,1.3666666666666665,1.25,9,0,391,1
EXP-05801,BOLIVAR,VIF,Juzgado_3_Familia,2024,0.2333333333333333,0.95,6,0,219,1
EXP-05802,PALMIRA,VIF,Comisaria_1_Familia,2024,11.54,1.1,12,0,333,1
EXP-05803,SIN_DATO,VIF,Juzgado_2_Familia,2023,2.2,1.2,5,0,235,1
EXP-05804,CALI,SUSTANCIAS,Juzgado_1_Familia,2023,70.34,1.35,1,0,475,1
EXP-05805,CANDELARIA,HURTO_PATRIMONIAL,Juzgado_2_Familia,2022,3.08,1.2,3,0,364,1
EXP-05806,GUACARI,VIF,Comisaria_2_Familia,2023,1.48,0.9,2,0,118,0
EXP-05807,PALMIRA,VIF,Comisaria_1_Familia,2022,11.54,1.1,2,0,248,1
EXP-05808,BUENAVENTURA,ALIMENTOS,Juzgado_2_Familia,2021,3.34,1.2,8,0,283,0
EXP-05809,ZARZAL,ALIMENTOS,Juzgado_Penal_Municipal_2,2024,1.12,1.05,5,0,324,1
EXP-05810,CALI,SUSTANCIAS,Juzgado_3_Familia,2021,70.34,0.95,7,0,445,1
EXP-05811,CAICEDONIA,VIF,Juzgado_2_Familia,2023,1.28,1.2,1,0,219,1
EXP-05812,JAMUNDI,VIF,Juzgado_3_Familia,2021,2.64,0.95,6,0,184,0
EXP-05813,ARGELIA,ALIMENTOS,Comisaria_1_Familia,2020,0.2,1.1,3,1,432,1
EXP-05814,CALI,VIF,Juzgado_Penal_Municipal_1,2023,70.34,1.25,6,0,502,1
EXP-05815,TULUA,HURTO_PATRIMONIAL,Juzgado_Penal_Municipal_1,2023,3.34,1.25,7,0,405,1
EXP-05816,GUADALAJARA DE BUGA,HURTO_PATRIMONIAL,Juzgado_1_Familia,2022,6.6,1.35,1,1,526,1
EXP-05817,TORO,VIF,Comisaria_2_Familia,2024,0.1333333333333333,0.9,1,0,149,1
EXP-05818,FLORIDA,HURTO_PATRIMONIAL,Juzgado_3_Familia,2024,0.8,0.95,5,0,343,1
EXP-05819,SIN_DATO,ALIMENTOS,Juzgado_2_Familia,2024,2.2,1.2,2,0,323,1
EXP-05820,CANDELARIA,VIF,Comisaria_2_Familia,2024,3.08,0.9,4,0,224,1
EXP-05821,CALI,ALIMENTOS,Juzgado_Penal_Municipal_1,2020,70.34,1.25,3,0,512,1
EXP-05822,JAMUNDI,ALIMENTOS,Comisaria_1_Familia,2020,2.64,1.1,10,1,466,1
EXP-05823,PALMIRA,VIF,Juzgado_1_Familia,2024,11.54,1.35,3,0,303,1
EXP-05824,DAGUA,VIF,Comisaria_1_Familia,2022,1.3666666666666665,1.1,2,0,201,1
EXP-05825,DAGUA,VIF,Juzgado_2_Familia,2021,1.3666666666666665,1.2,2,0,173,0
EXP-05826,LA UNION,VIF,Comisaria_1_Familia,2023,0.575,1.1,3,0,244,1
EXP-05827,CAICEDONIA,HURTO_PATRIMONIAL,Comisaria_1_Familia,2022,1.28,1.1,17,0,411,1
EXP-05828,YUMBO,VIF,Juzgado_Penal_Municipal_1,2020,3.5,1.25,5,0,247,1
EXP-05829,SIN_DATO,VIF,Comisaria_1_Familia,2023,2.2,1.1,6,0,236,1
EXP-05830,CALI,VIF,Juzgado_Penal_Municipal_2,2022,70.34,1.05,6,0,438,1
EXP-05831,CALI,ALIMENTOS,Juzgado_3_Familia,2023,70.34,0.95,4,0,467,1
EXP-05832,EL DOVIO,VIF,Comisaria_2_Familia,2022,0.1,0.9,4,0,243,1
EXP-05833,ANDALUCIA,VIF,Comisaria_1_Familia,2024,0.38,1.1,2,0,207,1
EXP-05834,ROLDANILLO,VIF,Juzgado_2_Familia,2023,1.26,1.2,7,0,274,1
EXP-05835,YUMBO,ALIMENTOS,Juzgado_1_Familia,2024,3.5,1.35,9,1,272,0
EXP-05836,TRUJILLO,VIF,Juzgado_Penal_Municipal_1,2023,0.225,1.25,4,0,248,1
EXP-05837,BUGALAGRANDE,VIF,Juzgado_3_Familia,2021,0.2799999999999999,0.95,4,0,175,1
EXP-05838,CALI,VIF,Juzgado_Penal_Municipal_2,2023,70.34,1.05,4,0,284,0
EXP-05839,CALI,HURTO_PATRIMONIAL,Juzgado_Penal_Municipal_1,2020,70.34,1.25,1,1,690,1
EXP-05840,SIN_DATO,SUSTANCIAS,Juzgado_1_Familia,2024,2.2,1.35,2,0,323,1
EXP-05841,ALCALA,ALIMENTOS,Comisaria_1_Familia,2024,0.22,1.1,5,0,324,1
EXP-05842,GUADALAJARA DE BUGA,VIF,Juzgado_2_Familia,2021,6.6,1.2,15,0,373,1
EXP-05843,CANDELARIA,VIF,Comisaria_1_Familia,2022,3.08,1.1,2,0,218,1
EXP-05844,ALCALA,ALIMENTOS,Juzgado_Penal_Municipal_1,2021,0.22,1.25,4,0,319,1
EXP-05845,EL CAIRO,HURTO_PATRIMONIAL,Juzgado_Penal_Municipal_1,2021,0.1,1.25,1,0,321,1
EXP-05846,GUADALAJARA DE BUGA,VIF,Comisaria_1_Familia,2021,6.6,1.1,1,0,236,1
EXP-05847,TULUA,ALIMENTOS,Comisaria_1_Familia,2024,3.34,1.1,12,0,268,0
EXP-05848,LA UNION,VIF,Juzgado_Penal_Municipal_1,2020,0.575,1.25,8,0,263,1
EXP-05849,VERSALLES,HURTO_PATRIMONIAL,Juzgado_Penal_Municipal_1,2024,0.1333333333333333,1.25,9,1,557,1
EXP-05850,CALI,ALIMENTOS,Juzgado_Penal_Municipal_2,2024,70.34,1.05,2,0,467,1
EXP-05851,CARTAGO,VIF,Comisaria_2_Familia,2023,5.56,0.9,10,0,255,1
EXP-05852,CANDELARIA,SUSTANCIAS,Comisaria_2_Familia,2022,3.08,0.9,1,0,158,1
EXP-05853,LA UNION,ALIMENTOS,Juzgado_1_Familia,2021,0.575,1.35,5,0,364,1
EXP-05854,ANDALUCIA,VIF,Juzgado_Penal_Municipal_1,2023,0.38,1.25,1,0,215,1
EXP-05855,SIN_DATO,VIF,Juzgado_Penal_Municipal_2,2024,2.2,1.05,7,0,254,1
EXP-05856,BOLIVAR,ALIMENTOS,Juzgado_2_Familia,2024,0.2333333333333333,1.2,14,0,307,0
EXP-05857,SEVILLA,ALIMENTOS,Juzgado_3_Familia,2024,1.62,0.95,5,0,239,1
EXP-05858,ANSERMANUEVO,HURTO_PATRIMONIAL,Juzgado_1_Familia,2022,0.2,1.35,5,0,377,1
EXP-05859,SEVILLA,VIF,Comisaria_2_Familia,2022,1.62,0.9,3,0,130,0
EXP-05860,LA VICTORIA,HURTO_PATRIMONIAL,Comisaria_2_Familia,2023,0.1666666666666666,0.9,1,0,250,1
EXP-05861,GUADALAJARA DE BUGA,ALIMENTOS,Juzgado_3_Familia,2024,6.6,0.95,7,1,432,1
EXP-05862,EL DOVIO,HURTO_PATRIMONIAL,Juzgado_2_Familia,2021,0.1,1.2,1,0,327,1
EXP-05863,RIOFRIO,ALIMENTOS,Juzgado_3_Familia,2023,0.175,0.95,9,0,293,1
EXP-05864,GUACARI,HURTO_PATRIMONIAL,Juzgado_1_Familia,2024,1.48,1.35,4,0,432,1
EXP-05865,CALI,VIF,Comisaria_1_Familia,2022,70.34,1.1,5,0,454,1
EXP-05866,YOTOCO,ALIMENTOS,Juzgado_Penal_Municipal_2,2023,0.58,1.05,5,0,312,1
EXP-05867,PALMIRA,VIF,Juzgado_2_Familia,2023,11.54,1.2,1,0,272,1
EXP-05868,DAGUA,ALIMENTOS,Juzgado_3_Familia,2023,1.3666666666666665,0.95,1,0,200,1
EXP-05869,TORO,ALIMENTOS,Comisaria_1_Familia,2021,0.1333333333333333,1.1,2,1,428,1
EXP-05870,TULUA,ALIMENTOS,Juzgado_Penal_Municipal_2,2020,3.34,1.05,3,1,401,1
EXP-05871,CALI,VIF,Juzgado_Penal_Municipal_2,2023,70.34,1.05,7,0,435,1
EXP-05872,EL DOVIO,HURTO_PATRIMONIAL,Juzgado_2_Familia,2022,0.1,1.2,4,0,356,0
EXP-05873,CALI,ALIMENTOS,Juzgado_Penal_Municipal_2,2022,70.34,1.05,4,0,474,1
EXP-05874,CANDELARIA,SUSTANCIAS,Juzgado_1_Familia,2024,3.08,1.35,6,0,351,1
EXP-05875,BUENAVENTURA,VIF,Comisaria_2_Familia,2023,3.34,0.9,4,0,119,0
EXP-05876,ROLDANILLO,VIF,Comisaria_1_Familia,2022,1.26,1.1,2,0,247,1
EXP-05877,CALI,HURTO_PATRIMONIAL,Juzgado_1_Familia,2023,70.34,1.35,4,0,638,1
EXP-05878,GUACARI,SUSTANCIAS,Juzgado_3_Familia,2023,1.48,0.95,2,0,94,0
EXP-05879,CALI,ALIMENTOS,Comisaria_2_Familia,2024,70.34,0.9,2,0,451,1
EXP-05880,SEVILLA,ALIMENTOS,Comisaria_1_Familia,2023,1.62,1.1,2,1,361,1
EXP-05881,CARTAGO,VIF,Juzgado_3_Familia,2021,5.56,0.95,5,0,133,0
EXP-05882,GUADALAJARA DE BUGA,VIF,Juzgado_1_Familia,2024,6.6,1.35,6,0,213,0
EXP-05883,GUACARI,ALIMENTOS,Juzgado_1_Familia,2024,1.48,1.35,6,0,374,1
EXP-05884,GUADALAJARA DE BUGA,VIF,Juzgado_3_Familia,2024,6.6,0.95,9,0,249,1
EXP-05885,SIN_DATO,HURTO_PATRIMONIAL,Juzgado_Penal_Municipal_2,2024,2.2,1.05,1,0,284,1
EXP-05886,CALI,HURTO_PATRIMONIAL,Juzgado_Penal_Municipal_2,2024,70.34,1.05,4,0,532,1
EXP-05887,CAICEDONIA,HURTO_PATRIMONIAL,Comisaria_1_Familia,2021,1.28,1.1,5,1,404,0
EXP-05888,CALI,VIF,Juzgado_Penal_Municipal_1,2023,70.34,1.25,3,0,440,1
EXP-05889,YUMBO,ALIMENTOS,Juzgado_Penal_Municipal_2,2022,3.5,1.05,3,0,246,1
EXP-05890,VIJES,VIF,Juzgado_Penal_Municipal_2,2021,0.175,1.05,13,0,286,1
EXP-05891,CALI,ALIMENTOS,Juzgado_3_Familia,2021,70.34,0.95,3,0,463,1
EXP-05892,ANSERMANUEVO,ALIMENTOS,Juzgado_2_Familia,2020,0.2,1.2,8,0,339,1
EXP-05893,EL AGUILA,ALIMENTOS,Comisaria_2_Familia,2023,0.1666666666666666,0.9,4,0,277,1
EXP-05894,YUMBO,VIF,Juzgado_2_Familia,2024,3.5,1.2,2,0,237,1
EXP-05895,PALMIRA,VIF,Juzgado_3_Familia,2022,11.54,0.95,6,0,238,1
EXP-05896,RESTREPO,HURTO_PATRIMONIAL,Juzgado_1_Familia,2022,0.24,1.35,4,1,535,1
EXP-05897,ZARZAL,SUSTANCIAS,Juzgado_3_Familia,2024,1.12,0.95,6,0,228,1
EXP-05898,CALI,ALIMENTOS,Juzgado_1_Familia,2021,70.34,1.35,1,1,697,1
EXP-05899,CALIMA,VIF,Juzgado_Penal_Municipal_1,2021,0.3199999999999999,1.25,5,0,289,1
EXP-05900,CALI,HURTO_PATRIMONIAL,Comisaria_2_Familia,2023,70.34,0.9,1,0,447,1
EXP-05901,CALI,VIF,Juzgado_Penal_Municipal_1,2020,70.34,1.25,1,0,438,1
EXP-05902,CALI,SUSTANCIAS,Comisaria_2_Familia,2023,70.34,0.9,3,0,429,1
EXP-05903,CALI,VIF,Juzgado_2_Familia,2022,70.34,1.2,5,0,456,1
EXP-05904,PALMIRA,SUSTANCIAS,Comisaria_2_Familia,2022,11.54,0.9,5,0,260,1
EXP-05905,JAMUNDI,VIF,Comisaria_2_Familia,2023,2.64,0.9,3,0,170,1
EXP-05906,GUACARI,HURTO_PATRIMONIAL,Juzgado_Penal_Municipal_2,2021,1.48,1.05,12,1,503,1
EXP-05907,PALMIRA,VIF,Comisaria_1_Familia,2024,11.54,1.1,5,0,278,1
EXP-05908,CALI,HURTO_PATRIMONIAL,Comisaria_2_Familia,2024,70.34,0.9,5,0,313,0
EXP-05909,VERSALLES,ALIMENTOS,Juzgado_2_Familia,2024,0.1333333333333333,1.2,5,0,330,1
EXP-05910,YUMBO,VIF,Comisaria_1_Familia,2024,3.5,1.1,4,0,234,1
EXP-05911,BUENAVENTURA,HURTO_PATRIMONIAL,Juzgado_Penal_Municipal_2,2022,3.34,1.05,6,1,536,1
EXP-05912,CALI,ALIMENTOS,Juzgado_Penal_Municipal_1,2022,70.34,1.25,4,1,669,1
EXP-05913,GUADALAJARA DE BUGA,HURTO_PATRIMONIAL,Juzgado_1_Familia,2021,6.6,1.35,6,0,428,1
EXP-05914,EL CERRITO,VIF,Juzgado_Penal_Municipal_2,2021,1.1,1.05,3,0,193,1
EXP-05915,VIJES,VIF,Juzgado_3_Familia,2022,0.175,0.95,12,0,248,1
EXP-05916,YUMBO,ALIMENTOS,Juzgado_Penal_Municipal_1,2024,3.5,1.25,4,0,321,1
EXP-05917,TORO,VIF,Juzgado_Penal_Municipal_2,2022,0.1333333333333333,1.05,9,0,255,1
EXP-05918,LA UNION,SUSTANCIAS,Juzgado_2_Familia,2022,0.575,1.2,7,0,288,1
EXP-05919,CALI,ALIMENTOS,Juzgado_Penal_Municipal_2,2020,70.34,1.05,1,1,614,1
EXP-05920,PALMIRA,VIF,Comisaria_2_Familia,2024,11.54,0.9,7,0,152,0
EXP-05921,EL AGUILA,HURTO_PATRIMONIAL,Juzgado_Penal_Municipal_2,2023,0.1666666666666666,1.05,2,0,307,1
EXP-05922,CALI,ALIMENTOS,Comisaria_1_Familia,2021,70.34,1.1,6,1,626,1
EXP-05923,PALMIRA,ALIMENTOS,Juzgado_1_Familia,2023,11.54,1.35,1,0,399,1
EXP-05924,TRUJILLO,HURTO_PATRIMONIAL,Juzgado_Penal_Municipal_1,2024,0.225,1.25,9,0,328,0
EXP-05925,CAICEDONIA,ALIMENTOS,Comisaria_1_Familia,2023,1.28,1.1,11,1,492,1
EXP-05926,ANSERMANUEVO,VIF,Comisaria_2_Familia,2022,0.2,0.9,6,0,216,1
EXP-05927,CALI,VIF,Juzgado_2_Familia,2024,70.34,1.2,6,0,464,1
EXP-05928,SIN_DATO,ALIMENTOS,Juzgado_2_Familia,2024,2.2,1.2,7,0,171,0
EXP-05929,GUADALAJARA DE BUGA,ALIMENTOS,Juzgado_Penal_Municipal_1,2022,6.6,1.25,1,1,375,0
EXP-05930,ARGELIA,HURTO_PATRIMONIAL,Juzgado_Penal_Municipal_2,2022,0.2,1.05,9,0,376,1
EXP-05931,PALMIRA,VIF,Juzgado_2_Familia,2024,11.54,1.2,2,0,313,1
EXP-05932,SIN_DATO,HURTO_PATRIMONIAL,Juzgado_2_Familia,2022,2.2,1.2,7,0,374,1
EXP-05933,ARGELIA,ALIMENTOS,Juzgado_Penal_Municipal_1,2022,0.2,1.25,2,0,305,1
EXP-05934,BUENAVENTURA,VIF,Juzgado_Penal_Municipal_2,2024,3.34,1.05,10,0,288,1
EXP-05935,BUENAVENTURA,VIF,Juzgado_2_Familia,2022,3.34,1.2,2,0,215,1
EXP-05936,YOTOCO,VIF,Comisaria_1_Familia,2020,0.58,1.1,6,0,243,1
EXP-05937,EL CAIRO,VIF,Juzgado_1_Familia,2021,0.1,1.35,7,0,304,1
EXP-05938,GUADALAJARA DE BUGA,SUSTANCIAS,Comisaria_1_Familia,2022,6.6,1.1,2,0,258,1
EXP-05939,CALI,VIF,Juzgado_Penal_Municipal_2,2024,70.34,1.05,1,0,226,0
EXP-05940,GUACARI,ALIMENTOS,Comisaria_2_Familia,2022,1.48,0.9,1,0,212,1
EXP-05941,EL CAIRO,ALIMENTOS,Juzgado_Penal_Municipal_1,2021,0.1,1.25,2,1,430,1
EXP-05942,GUADALAJARA DE BUGA,HURTO_PATRIMONIAL,Juzgado_3_Familia,2023,6.6,0.95,3,0,314,1
EXP-05943,YOTOCO,SUSTANCIAS,Juzgado_3_Familia,2024,0.58,0.95,7,0,243,1
EXP-05944,SIN_DATO,VIF,Comisaria_1_Familia,2022,2.2,1.1,10,0,264,1
EXP-05945,CALI,VIF,Juzgado_2_Familia,2020,70.34,1.2,2,0,428,1
EXP-05946,CALI,ALIMENTOS,Juzgado_Penal_Municipal_1,2023,70.34,1.25,4,1,305,0
EXP-05947,SIN_DATO,HURTO_PATRIMONIAL,Juzgado_Penal_Municipal_1,2024,2.2,1.25,2,1,529,1
EXP-05948,BUENAVENTURA,VIF,Comisaria_1_Familia,2023,3.34,1.1,1,0,225,1
EXP-05949,GUADALAJARA DE BUGA,VIF,Juzgado_3_Familia,2020,6.6,0.95,3,0,187,1
EXP-05950,EL CERRITO,SUSTANCIAS,Juzgado_3_Familia,2023,1.1,0.95,4,0,252,1
EXP-05951,SIN_DATO,SUSTANCIAS,Comisaria_1_Familia,2023,2.2,1.1,3,0,223,1
EXP-05952,DAGUA,ALIMENTOS,Juzgado_2_Familia,2022,1.3666666666666665,1.2,6,1,364,0
EXP-05953,YUMBO,SUSTANCIAS,Juzgado_3_Familia,2024,3.5,0.95,6,0,279,1
EXP-05954,CALI,ALIMENTOS,Juzgado_Penal_Municipal_2,2023,70.34,1.05,13,0,593,1
EXP-05955,CALI,ALIMENTOS,Juzgado_2_Familia,2021,70.34,1.2,1,1,646,1
EXP-05956,CAICEDONIA,ALIMENTOS,Juzgado_3_Familia,2024,1.28,0.95,2,1,389,1
EXP-05957,TULUA,VIF,Comisaria_1_Familia,2023,3.34,1.1,3,0,237,1
EXP-05958,LA UNION,ALIMENTOS,Comisaria_2_Familia,2023,0.575,0.9,9,0,269,1
EXP-05959,GINEBRA,ALIMENTOS,Juzgado_1_Familia,2022,0.6,1.35,14,0,419,1
EXP-05960,TULUA,VIF,Juzgado_Penal_Municipal_2,2020,3.34,1.05,10,0,284,1
EXP-05961,YOTOCO,VIF,Comisaria_2_Familia,2023,0.58,0.9,10,0,257,1
EXP-05962,CANDELARIA,SUSTANCIAS,Juzgado_2_Familia,2022,3.08,1.2,7,0,296,1
EXP-05963,CALI,VIF,Juzgado_Penal_Municipal_1,2023,70.34,1.25,5,0,505,1
EXP-05964,ANSERMANUEVO,VIF,Comisaria_2_Familia,2024,0.2,0.9,5,0,215,1
EXP-05965,EL AGUILA,ALIMENTOS,Juzgado_Penal_Municipal_1,2024,0.1666666666666666,1.25,8,0,322,1
EXP-05966,GUACARI,VIF,Juzgado_3_Familia,2023,1.48,0.95,8,0,238,1
EXP-05967,TULUA,HURTO_PATRIMONIAL,Juzgado_1_Familia,2023,3.34,1.35,2,1,490,1
EXP-05968,BUENAVENTURA,VIF,Comisaria_1_Familia,2024,3.34,1.1,1,0,217,1
EXP-05969,CARTAGO,SUSTANCIAS,Comisaria_1_Familia,2020,5.56,1.1,1,0,108,0
EXP-05970,SIN_DATO,ALIMENTOS,Juzgado_Penal_Municipal_2,2022,2.2,1.05,4,0,277,1
EXP-05971,PALMIRA,HURTO_PATRIMONIAL,Juzgado_Penal_Municipal_2,2023,11.54,1.05,5,0,347,1
EXP-05972,CALIMA,HURTO_PATRIMONIAL,Juzgado_2_Familia,2022,0.3199999999999999,1.2,4,0,181,0
EXP-05973,ARGELIA,VIF,Comisaria_1_Familia,2020,0.2,1.1,5,0,212,1
EXP-05974,GUADALAJARA DE BUGA,VIF,Juzgado_Penal_Municipal_2,2022,6.6,1.05,7,0,265,1
EXP-05975,VERSALLES,VIF,Juzgado_3_Familia,2021,0.1333333333333333,0.95,3,0,186,1
EXP-05976,YUMBO,VIF,Juzgado_2_Familia,2024,3.5,1.2,7,0,301,1
EXP-05977,ANDALUCIA,ALIMENTOS,Juzgado_2_Familia,2023,0.38,1.2,8,1,503,1
EXP-05978,CALI,HURTO_PATRIMONIAL,Juzgado_Penal_Municipal_2,2022,70.34,1.05,3,0,554,1
EXP-05979,TORO,HURTO_PATRIMONIAL,Comisaria_2_Familia,2023,0.1333333333333333,0.9,1,1,407,1
EXP-05980,CARTAGO,ALIMENTOS,Juzgado_1_Familia,2020,5.56,1.35,2,0,325,1
EXP-05981,DAGUA,VIF,Juzgado_2_Familia,2020,1.3666666666666665,1.2,7,0,288,1
EXP-05982,PALMIRA,HURTO_PATRIMONIAL,Comisaria_1_Familia,2024,11.54,1.1,7,0,350,1
EXP-05983,TULUA,ALIMENTOS,Juzgado_3_Familia,2024,3.34,0.95,8,0,220,0
EXP-05984,LA UNION,ALIMENTOS,Juzgado_Penal_Municipal_2,2022,0.575,1.05,1,0,307,1
EXP-05985,GUADALAJARA DE BUGA,HURTO_PATRIMONIAL,Juzgado_2_Familia,2024,6.6,1.2,5,0,378,1
EXP-05986,CALI,VIF,Juzgado_Penal_Municipal_1,2023,70.34,1.25,1,0,435,1
EXP-05987,TULUA,SUSTANCIAS,Comisaria_2_Familia,2024,3.34,0.9,6,0,227,0
EXP-05988,SAN PEDRO,SUSTANCIAS,Juzgado_1_Familia,2024,0.3,1.35,6,0,307,1
EXP-05989,CALI,VIF,Juzgado_2_Familia,2023,70.34,1.2,11,0,511,1
EXP-05990,RIOFRIO,ALIMENTOS,Juzgado_3_Familia,2023,0.175,0.95,3,1,428,1
EXP-05991,CALI,VIF,Comisaria_1_Familia,2021,70.34,1.1,7,0,445,1
EXP-05992,SAN PEDRO,VIF,Juzgado_1_Familia,2020,0.3,1.35,3,0,271,1
EXP-05993,LA UNION,ALIMENTOS,Juzgado_Penal_Municipal_2,2022,0.575,1.05,15,0,411,1
EXP-05994,OBANDO,ALIMENTOS,Juzgado_3_Familia,2021,0.38,0.95,4,0,255,1
EXP-05995,CALI,VIF,Juzgado_Penal_Municipal_2,2020,70.34,1.05,3,0,421,1
EXP-05996,TRUJILLO,SUSTANCIAS,Comisaria_2_Familia,2023,0.225,0.9,6,0,239,1
EXP-05997,CANDELARIA,HURTO_PATRIMONIAL,Juzgado_2_Familia,2021,3.08,1.2,1,0,357,1
EXP-05998,CALI,VIF,Juzgado_1_Familia,2024,70.34,1.35,3,0,498,1
EXP-05999,GUACARI,ALIMENTOS,Comisaria_1_Familia,2022,1.48,1.1,1,1,414,1
EXP-06000,PALMIRA,ALIMENTOS,Juzgado_Penal_Municipal_1,2022,11.54,1.25,5,1,560,1
EXP-06001,GUACARI,SUSTANCIAS,Juzgado_Penal_Municipal_2,2023,1.48,1.05,1,0,207,1
EXP-06002,CANDELARIA,ALIMENTOS,Juzgado_1_Familia,2024,3.08,1.35,7,0,401,1
EXP-06003,RESTREPO,VIF,Juzgado_Penal_Municipal_1,2022,0.24,1.25,8,0,286,1
EXP-06004,CARTAGO,ALIMENTOS,Comisaria_1_Familia,2020,5.56,1.1,7,1,486,1
EXP-06005,CALI,VIF,Juzgado_Penal_Municipal_1,2024,70.34,1.25,2,0,450,1
EXP-06006,TULUA,ALIMENTOS,Juzgado_Penal_Municipal_2,2024,3.34,1.05,6,1,473,1
EXP-06007,JAMUNDI,ALIMENTOS,Juzgado_2_Familia,2020,2.64,1.2,6,0,322,1
EXP-06008,CALI,HURTO_PATRIMONIAL,Comisaria_1_Familia,2023,70.34,1.1,2,1,708,1
EXP-06009,GINEBRA,VIF,Juzgado_Penal_Municipal_2,2023,0.6,1.05,10,0,238,1
EXP-06010,CALI,VIF,Comisaria_1_Familia,2024,70.34,1.1,3,0,446,1
EXP-06011,PRADERA,SUSTANCIAS,Juzgado_3_Familia,2021,0.72,0.95,3,0,176,1
EXP-06012,CALI,VIF,Comisaria_2_Familia,2023,70.34,0.9,10,0,309,0
EXP-06013,SEVILLA,HURTO_PATRIMONIAL,Juzgado_3_Familia,2023,1.62,0.95,3,0,296,1
EXP-06014,OBANDO,VIF,Comisaria_1_Familia,2022,0.38,1.1,2,0,175,1
EXP-06015,OBANDO,ALIMENTOS,Comisaria_1_Familia,2024,0.38,1.1,15,0,408,1
EXP-06016,PALMIRA,ALIMENTOS,Juzgado_Penal_Municipal_2,2021,11.54,1.05,12,0,303,0
EXP-06017,EL CERRITO,VIF,Comisaria_2_Familia,2023,1.1,0.9,3,0,173,1
EXP-06018,CALI,ALIMENTOS,Juzgado_2_Familia,2024,70.34,1.2,8,1,701,1
EXP-06019,CALI,SUSTANCIAS,Juzgado_2_Familia,2022,70.34,1.2,3,0,452,1
EXP-06020,PRADERA,SUSTANCIAS,Comisaria_1_Familia,2023,0.72,1.1,16,0,364,1
EXP-06021,CARTAGO,SUSTANCIAS,Juzgado_2_Familia,2023,5.56,1.2,10,0,339,1
EXP-06022,YUMBO,VIF,Juzgado_2_Familia,2020,3.5,1.2,7,0,304,1
EXP-06023,CALI,ALIMENTOS,Juzgado_1_Familia,2024,70.34,1.35,7,1,710,1
EXP-06024,CALI,VIF,Juzgado_Penal_Municipal_2,2022,70.34,1.05,4,0,426,1
EXP-06025,CAICEDONIA,HURTO_PATRIMONIAL,Juzgado_2_Familia,2020,1.28,1.2,10,1,354,0
EXP-06026,JAMUNDI,VIF,Juzgado_3_Familia,2024,2.64,0.95,8,0,215,1
EXP-06027,CALI,ALIMENTOS,Comisaria_2_Familia,2024,70.34,0.9,2,0,458,1
EXP-06028,EL CERRITO,ALIMENTOS,Juzgado_Penal_Municipal_2,2021,1.1,1.05,1,1,412,1
EXP-06029,ARGELIA,HURTO_PATRIMONIAL,Comisaria_1_Familia,2024,0.2,1.1,10,0,386,1
EXP-06030,CALI,ALIMENTOS,Juzgado_2_Familia,2024,70.34,1.2,7,0,601,1
EXP-06031,CALIMA,VIF,Comisaria_2_Familia,2020,0.3199999999999999,0.9,4,0,161,1
EXP-06032,GUADALAJARA DE BUGA,ALIMENTOS,Comisaria_1_Familia,2022,6.6,1.1,12,1,542,1
EXP-06033,LA UNION,VIF,Juzgado_1_Familia,2023,0.575,1.35,1,0,228,0
EXP-06034,PALMIRA,ALIMENTOS,Juzgado_2_Familia,2023,11.54,1.2,4,0,358,1
EXP-06035,YUMBO,ALIMENTOS,Juzgado_3_Familia,2024,3.5,0.95,3,1,428,1
EXP-06036,BOLIVAR,VIF,Juzgado_1_Familia,2022,0.2333333333333333,1.35,5,0,203,0
EXP-06037,CARTAGO,HURTO_PATRIMONIAL,Juzgado_2_Familia,2024,5.56,1.2,4,1,493,1
EXP-06038,TULUA,HURTO_PATRIMONIAL,Juzgado_3_Familia,2023,3.34,0.95,4,1,443,1
EXP-06039,GUACARI,VIF,Juzgado_2_Familia,2022,1.48,1.2,2,0,160,0
EXP-06040,ZARZAL,VIF,Juzgado_1_Familia,2023,1.12,1.35,6,0,194,0
EXP-06041,EL CAIRO,HURTO_PATRIMONIAL,Juzgado_3_Familia,2023,0.1,0.95,5,0,290,1
EXP-06042,CARTAGO,HURTO_PATRIMONIAL,Comisaria_2_Familia,2023,5.56,0.9,9,1,477,1
EXP-06043,CAICEDONIA,VIF,Comisaria_2_Familia,2024,1.28,0.9,4,0,149,0
EXP-06044,CANDELARIA,ALIMENTOS,Comisaria_1_Familia,2022,3.08,1.1,5,0,312,1
EXP-06045,EL CAIRO,HURTO_PATRIMONIAL,Comisaria_1_Familia,2023,0.1,1.1,2,0,274,1
EXP-06046,PRADERA,VIF,Comisaria_2_Familia,2023,0.72,0.9,2,0,166,1
EXP-06047,CALI,HURTO_PATRIMONIAL,Juzgado_Penal_Municipal_2,2023,70.34,1.05,3,0,507,1
EXP-06048,GUADALAJARA DE BUGA,VIF,Juzgado_1_Familia,2020,6.6,1.35,3,0,287,1
EXP-06049,RESTREPO,ALIMENTOS,Comisaria_2_Familia,2022,0.24,0.9,14,1,242,0
EXP-06050,JAMUNDI,VIF,Juzgado_Penal_Municipal_1,2023,2.64,1.25,2,0,214,1
EXP-06051,ANSERMANUEVO,ALIMENTOS,Juzgado_Penal_Municipal_2,2024,0.2,1.05,2,1,396,1
EXP-06052,PALMIRA,VIF,Juzgado_3_Familia,2021,11.54,0.95,4,0,238,1
EXP-06053,GUACARI,HURTO_PATRIMONIAL,Juzgado_3_Familia,2024,1.48,0.95,8,1,336,0
EXP-06054,SEVILLA,ALIMENTOS,Juzgado_Penal_Municipal_1,2023,1.62,1.25,6,1,505,1
EXP-06055,EL AGUILA,ALIMENTOS,Juzgado_Penal_Municipal_2,2022,0.1666666666666666,1.05,1,1,390,1
EXP-06056,CALI,VIF,Juzgado_2_Familia,2024,70.34,1.2,1,0,445,1
EXP-06057,BUENAVENTURA,HURTO_PATRIMONIAL,Juzgado_1_Familia,2022,3.34,1.35,2,1,497,1
EXP-06058,CALI,HURTO_PATRIMONIAL,Juzgado_Penal_Municipal_2,2020,70.34,1.05,2,0,502,1
EXP-06059,GUACARI,ALIMENTOS,Juzgado_Penal_Municipal_1,2023,1.48,1.25,3,1,465,1
EXP-06060,DAGUA,VIF,Juzgado_1_Familia,2020,1.3666666666666665,1.35,6,0,199,0
EXP-06061,EL CERRITO,HURTO_PATRIMONIAL,Juzgado_2_Familia,2021,1.1,1.2,1,0,353,1
EXP-06062,CALI,VIF,Juzgado_1_Familia,2020,70.34,1.35,4,0,496,1
EXP-06063,SIN_DATO,VIF,Comisaria_1_Familia,2023,2.2,1.1,3,0,238,1
EXP-06064,CARTAGO,ALIMENTOS,Juzgado_1_Familia,2023,5.56,1.35,6,0,415,1
EXP-06065,SIN_DATO,HURTO_PATRIMONIAL,Juzgado_Penal_Municipal_1,2024,2.2,1.25,3,1,527,1
EXP-06066,EL CERRITO,HURTO_PATRIMONIAL,Comisaria_2_Familia,2024,1.1,0.9,7,0,307,1
EXP-06067,JAMUNDI,ALIMENTOS,Juzgado_3_Familia,2024,2.64,0.95,1,0,183,0
EXP-06068,CALI,VIF,Juzgado_Penal_Municipal_2,2023,70.34,1.05,1,0,412,1
EXP-06069,LA CUMBRE,VIF,Juzgado_Penal_Municipal_2,2024,0.24,1.05,5,0,188,1
EXP-06070,ROLDANILLO,ALIMENTOS,Juzgado_Penal_Municipal_2,2020,1.26,1.05,1,1,416,1
EXP-06071,CALI,ALIMENTOS,Juzgado_Penal_Municipal_1,2020,70.34,1.25,6,0,529,1
EXP-06072,GUACARI,HURTO_PATRIMONIAL,Juzgado_2_Familia,2021,1.48,1.2,14,1,551,1
EXP-06073,DAGUA,ALIMENTOS,Juzgado_2_Familia,2024,1.3666666666666665,1.2,1,0,208,0
EXP-06074,LA UNION,HURTO_PATRIMONIAL,Juzgado_Penal_Municipal_1,2020,0.575,1.25,4,0,390,1
EXP-06075,TULUA,HURTO_PATRIMONIAL,Juzgado_3_Familia,2024,3.34,0.95,13,1,514,1
EXP-06076,CARTAGO,VIF,Comisaria_2_Familia,2021,5.56,0.9,8,0,228,1
EXP-06077,GINEBRA,HURTO_PATRIMONIAL,Juzgado_Penal_Municipal_1,2022,0.6,1.25,2,0,306,0
EXP-06078,PALMIRA,HURTO_PATRIMONIAL,Juzgado_3_Familia,2023,11.54,0.95,9,0,324,1
EXP-06079,JAMUNDI,ALIMENTOS,Juzgado_Penal_Municipal_2,2024,2.64,1.05,4,0,308,1
EXP-06080,RESTREPO,VIF,Comisaria_1_Familia,2024,0.24,1.1,1,0,93,0
EXP-06081,SAN PEDRO,SUSTANCIAS,Juzgado_Penal_Municipal_2,2022,0.3,1.05,1,0,196,1
EXP-06082,BOLIVAR,VIF,Juzgado_Penal_Municipal_1,2022,0.2333333333333333,1.25,3,0,253,1
EXP-06083,ROLDANILLO,HURTO_PATRIMONIAL,Juzgado_Penal_Municipal_1,2024,1.26,1.25,1,0,121,0
EXP-06084,FLORIDA,SUSTANCIAS,Comisaria_2_Familia,2021,0.8,0.9,6,0,213,1
EXP-06085,CARTAGO,SUSTANCIAS,Comisaria_1_Familia,2023,5.56,1.1,7,0,267,1
EXP-06086,LA UNION,ALIMENTOS,Juzgado_1_Familia,2022,0.575,1.35,5,1,509,1
EXP-06087,CARTAGO,HURTO_PATRIMONIAL,Juzgado_1_Familia,2020,5.56,1.35,4,0,309,0
EXP-06088,CALI,VIF,Juzgado_2_Familia,2022,70.34,1.2,2,0,453,1
EXP-06089,LA UNION,ALIMENTOS,Comisaria_1_Familia,2021,0.575,1.1,6,1,441,1
EXP-06090,BUENAVENTURA,VIF,Juzgado_3_Familia,2023,3.34,0.95,7,0,242,1
EXP-06091,CALIMA,VIF,Juzgado_3_Familia,2021,0.3199999999999999,0.95,5,0,192,1
EXP-06092,CANDELARIA,HURTO_PATRIMONIAL,Juzgado_3_Familia,2023,3.08,0.95,2,0,239,1
EXP-06093,TRUJILLO,HURTO_PATRIMONIAL,Juzgado_3_Familia,2020,0.225,0.95,6,1,448,1
EXP-06094,LA UNION,VIF,Comisaria_1_Familia,2022,0.575,1.1,10,0,134,0
EXP-06095,CAICEDONIA,SUSTANCIAS,Juzgado_Penal_Municipal_2,2024,1.28,1.05,1,0,215,1
EXP-06096,GINEBRA,ALIMENTOS,Juzgado_2_Familia,2024,0.6,1.2,3,0,278,1
EXP-06097,RIOFRIO,HURTO_PATRIMONIAL,Juzgado_3_Familia,2023,0.175,0.95,5,0,272,1
EXP-06098,JAMUNDI,VIF,Juzgado_3_Familia,2021,2.64,0.95,6,0,219,1
EXP-06099,YUMBO,ALIMENTOS,Juzgado_Penal_Municipal_1,2024,3.5,1.25,2,0,161,0
EXP-06100,ARGELIA,ALIMENTOS,Comisaria_1_Familia,2024,0.2,1.1,1,0,293,1
EXP-06101,BUENAVENTURA,HURTO_PATRIMONIAL,Juzgado_3_Familia,2021,3.34,0.95,7,0,352,1
EXP-06102,CARTAGO,VIF,Juzgado_Penal_Municipal_2,2024,5.56,1.05,19,0,369,1
EXP-06103,CALIMA,VIF,Juzgado_1_Familia,2024,0.3199999999999999,1.35,9,0,332,1
EXP-06104,JAMUNDI,HURTO_PATRIMONIAL,Comisaria_2_Familia,2024,2.64,0.9,7,1,456,1
EXP-06105,CALI,SUSTANCIAS,Juzgado_Penal_Municipal_2,2024,70.34,1.05,9,0,308,0
EXP-06106,CALI,VIF,Juzgado_Penal_Municipal_1,2021,70.34,1.25,1,0,430,1
EXP-06107,CANDELARIA,VIF,Juzgado_Penal_Municipal_2,2024,3.08,1.05,8,0,192,0
EXP-06108,ANDALUCIA,VIF,Juzgado_2_Familia,2022,0.38,1.2,5,0,256,1
EXP-06109,CARTAGO,HURTO_PATRIMONIAL,Juzgado_3_Familia,2023,5.56,0.95,1,0,274,1
EXP-06110,CARTAGO,ALIMENTOS,Juzgado_Penal_Municipal_2,2022,5.56,1.05,1,0,255,1
EXP-06111,RESTREPO,VIF,Comisaria_2_Familia,2020,0.24,0.9,2,0,158,1
EXP-06112,FLORIDA,VIF,Comisaria_1_Familia,2022,0.8,1.1,3,0,223,1
EXP-06113,CALIMA,HURTO_PATRIMONIAL,Juzgado_1_Familia,2024,0.3199999999999999,1.35,3,0,391,1
EXP-06114,VERSALLES,HURTO_PATRIMONIAL,Juzgado_Penal_Municipal_2,2024,0.1333333333333333,1.05,3,0,331,1
EXP-06115,YOTOCO,VIF,Juzgado_Penal_Municipal_1,2020,0.58,1.25,4,0,242,1
EXP-06116,ARGELIA,ALIMENTOS,Comisaria_1_Familia,2023,0.2,1.1,4,0,304,1
EXP-06117,TULUA,VIF,Juzgado_Penal_Municipal_2,2021,3.34,1.05,4,0,243,1
EXP-06118,CALI,HURTO_PATRIMONIAL,Juzgado_Penal_Municipal_2,2022,70.34,1.05,8,0,516,1
EXP-06119,BOLIVAR,VIF,Juzgado_Penal_Municipal_2,2024,0.2333333333333333,1.05,1,0,195,1
EXP-06120,BUGALAGRANDE,ALIMENTOS,Juzgado_2_Familia,2022,0.2799999999999999,1.2,2,0,286,1
EXP-06121,CALI,VIF,Juzgado_3_Familia,2024,70.34,0.95,2,0,372,1
EXP-06122,GUADALAJARA DE BUGA,VIF,Juzgado_Penal_Municipal_2,2020,6.6,1.05,9,0,272,1
EXP-06123,SEVILLA,VIF,Juzgado_Penal_Municipal_2,2022,1.62,1.05,7,0,167,0
EXP-06124,CALI,VIF,Juzgado_3_Familia,2024,70.34,0.95,2,0,402,1
EXP-06125,CALI,ALIMENTOS,Juzgado_Penal_Municipal_2,2022,70.34,1.05,1,0,480,1
EXP-06126,LA VICTORIA,VIF,Juzgado_3_Familia,2024,0.1666666666666666,0.95,4,0,174,1
EXP-06127,EL AGUILA,VIF,Juzgado_3_Familia,2024,0.1666666666666666,0.95,4,0,205,1
EXP-06128,GINEBRA,SUSTANCIAS,Juzgado_Penal_Municipal_1,2024,0.6,1.25,8,0,294,1
EXP-06129,YUMBO,VIF,Juzgado_1_Familia,2023,3.5,1.35,11,0,367,1
EXP-06130,GUADALAJARA DE BUGA,VIF,Comisaria_1_Familia,2022,6.6,1.1,3,0,203,0
EXP-06131,EL AGUILA,SUSTANCIAS,Juzgado_1_Familia,2021,0.1666666666666666,1.35,1,0,302,1
EXP-06132,YUMBO,SUSTANCIAS,Comisaria_2_Familia,2021,3.5,0.9,10,0,286,1
EXP-06133,RESTREPO,ALIMENTOS,Juzgado_2_Familia,2022,0.24,1.2,1,1,456,1
EXP-06134,LA UNION,VIF,Juzgado_1_Familia,2022,0.575,1.35,1,0,121,0
EXP-06135,DAGUA,ALIMENTOS,Juzgado_2_Familia,2024,1.3666666666666665,1.2,5,0,330,1
EXP-06136,DAGUA,HURTO_PATRIMONIAL,Comisaria_2_Familia,2024,1.3666666666666665,0.9,1,0,234,1
EXP-06137,LA VICTORIA,VIF,Juzgado_2_Familia,2024,0.1666666666666666,1.2,4,0,256,1
EXP-06138,LA VICTORIA,VIF,Juzgado_Penal_Municipal_2,2021,0.1666666666666666,1.05,1,0,174,1
EXP-06139,CARTAGO,ALIMENTOS,Comisaria_2_Familia,2023,5.56,0.9,5,1,437,1
EXP-06140,PALMIRA,HURTO_PATRIMONIAL,Comisaria_2_Familia,2023,11.54,0.9,6,0,333,1
EXP-06141,YUMBO,ALIMENTOS,Juzgado_1_Familia,2023,3.5,1.35,6,0,355,1
EXP-06142,GUADALAJARA DE BUGA,SUSTANCIAS,Juzgado_2_Familia,2024,6.6,1.2,1,0,292,1
EXP-06143,CALI,VIF,Comisaria_1_Familia,2021,70.34,1.1,4,0,428,1
EXP-06144,BUENAVENTURA,ALIMENTOS,Comisaria_2_Familia,2024,3.34,0.9,7,0,277,1
EXP-06145,CALI,ALIMENTOS,Juzgado_Penal_Municipal_2,2024,70.34,1.05,2,0,457,1
EXP-06146,OBANDO,HURTO_PATRIMONIAL,Juzgado_Penal_Municipal_2,2021,0.38,1.05,1,1,443,1
EXP-06147,FLORIDA,VIF,Juzgado_3_Familia,2024,0.8,0.95,2,0,175,1
EXP-06148,PALMIRA,ALIMENTOS,Juzgado_Penal_Municipal_1,2022,11.54,1.25,2,0,362,1
EXP-06149,SAN PEDRO,ALIMENTOS,Juzgado_Penal_Municipal_2,2022,0.3,1.05,3,0,263,1
EXP-06150,CARTAGO,HURTO_PATRIMONIAL,Juzgado_2_Familia,2024,5.56,1.2,6,0,410,1
EXP-06151,EL CERRITO,SUSTANCIAS,Juzgado_Penal_Municipal_2,2023,1.1,1.05,2,0,236,1
EXP-06152,CALI,SUSTANCIAS,Comisaria_2_Familia,2022,70.34,0.9,2,0,350,1
EXP-06153,GINEBRA,HURTO_PATRIMONIAL,Juzgado_3_Familia,2022,0.6,0.95,6,1,485,1
EXP-06154,CARTAGO,SUSTANCIAS,Comisaria_1_Familia,2024,5.56,1.1,8,0,242,1
EXP-06155,CAICEDONIA,SUSTANCIAS,Juzgado_2_Familia,2022,1.28,1.2,2,0,253,1
EXP-06156,CALIMA,SUSTANCIAS,Comisaria_2_Familia,2024,0.3199999999999999,0.9,3,0,172,1
EXP-06157,TULUA,SUSTANCIAS,Juzgado_Penal_Municipal_2,2023,3.34,1.05,6,0,257,1
EXP-06158,BUENAVENTURA,HURTO_PATRIMONIAL,Juzgado_Penal_Municipal_1,2022,3.34,1.25,7,0,360,1
EXP-06159,PRADERA,VIF,Juzgado_Penal_Municipal_1,2023,0.72,1.25,1,0,202,1
EXP-06160,CALI,VIF,Comisaria_2_Familia,2024,70.34,0.9,12,0,476,1
EXP-06161,JAMUNDI,VIF,Juzgado_Penal_Municipal_1,2023,2.64,1.25,2,0,262,1
EXP-06162,TULUA,VIF,Comisaria_2_Familia,2021,3.34,0.9,4,0,164,0
EXP-06163,CAICEDONIA,ALIMENTOS,Juzgado_2_Familia,2024,1.28,1.2,2,0,206,0
EXP-06164,TORO,VIF,Comisaria_2_Familia,2021,0.1333333333333333,0.9,4,0,191,1
EXP-06165,CALI,VIF,Juzgado_1_Familia,2022,70.34,1.35,3,0,481,1
EXP-06166,CALI,VIF,Juzgado_2_Familia,2022,70.34,1.2,1,0,408,1
EXP-06167,CARTAGO,ALIMENTOS,Juzgado_2_Familia,2023,5.56,1.2,2,1,426,1
EXP-06168,GINEBRA,ALIMENTOS,Juzgado_3_Familia,2022,0.6,0.95,2,0,236,1
EXP-06169,CALI,ALIMENTOS,Comisaria_2_Familia,2022,70.34,0.9,2,0,448,1
EXP-06170,SEVILLA,ALIMENTOS,Juzgado_1_Familia,2024,1.62,1.35,12,0,376,1
EXP-06171,YUMBO,HURTO_PATRIMONIAL,Juzgado_3_Familia,2021,3.5,0.95,1,0,286,1
EXP-06172,TULUA,HURTO_PATRIMONIAL,Comisaria_2_Familia,2024,3.34,0.9,3,0,200,0
EXP-06173,BOLIVAR,HURTO_PATRIMONIAL,Juzgado_3_Familia,2023,0.2333333333333333,0.95,8,0,194,0
EXP-06174,CALI,SUSTANCIAS,Juzgado_Penal_Municipal_1,2022,70.34,1.25,3,0,283,0
EXP-06175,BUENAVENTURA,HURTO_PATRIMONIAL,Comisaria_1_Familia,2024,3.34,1.1,3,0,340,1
EXP-06176,CALI,HURTO_PATRIMONIAL,Comisaria_1_Familia,2024,70.34,1.1,5,0,527,1
EXP-06177,JAMUNDI,VIF,Juzgado_Penal_Municipal_2,2022,2.64,1.05,1,0,216,1
EXP-06178,EL AGUILA,ALIMENTOS,Juzgado_2_Familia,2021,0.1666666666666666,1.2,8,0,361,1
EXP-06179,GUACARI,SUSTANCIAS,Comisaria_1_Familia,2020,1.48,1.1,17,0,360,1
EXP-06180,CARTAGO,VIF,Juzgado_2_Familia,2022,5.56,1.2,1,0,159,0
EXP-06181,CALI,SUSTANCIAS,Juzgado_Penal_Municipal_1,2021,70.34,1.25,1,0,444,1
EXP-06182,CALI,VIF,Juzgado_3_Familia,2022,70.34,0.95,6,0,430,1
EXP-06183,ANDALUCIA,VIF,Comisaria_1_Familia,2023,0.38,1.1,1,0,227,1
EXP-06184,CALI,ALIMENTOS,Juzgado_2_Familia,2024,70.34,1.2,1,0,489,1
EXP-06185,CALI,VIF,Juzgado_Penal_Municipal_1,2023,70.34,1.25,1,0,434,1
EXP-06186,TULUA,SUSTANCIAS,Comisaria_2_Familia,2022,3.34,0.9,2,0,169,1
EXP-06187,CARTAGO,VIF,Juzgado_3_Familia,2024,5.56,0.95,2,0,200,1
EXP-06188,BUENAVENTURA,ALIMENTOS,Juzgado_2_Familia,2024,3.34,1.2,1,0,304,1
EXP-06189,DAGUA,ALIMENTOS,Juzgado_1_Familia,2023,1.3666666666666665,1.35,9,0,411,1
EXP-06190,CAICEDONIA,VIF,Juzgado_Penal_Municipal_2,2024,1.28,1.05,9,0,263,1
EXP-06191,TULUA,HURTO_PATRIMONIAL,Juzgado_Penal_Municipal_2,2024,3.34,1.05,3,0,167,0
EXP-06192,CALI,ALIMENTOS,Juzgado_Penal_Municipal_1,2024,70.34,1.25,7,0,428,0
EXP-06193,YUMBO,ALIMENTOS,Comisaria_2_Familia,2024,3.5,0.9,2,0,252,1
EXP-06194,YUMBO,VIF,Juzgado_Penal_Municipal_1,2023,3.5,1.25,5,0,258,1
EXP-06195,CALI,SUSTANCIAS,Juzgado_Penal_Municipal_1,2021,70.34,1.25,9,0,541,1
EXP-06196,CARTAGO,VIF,Juzgado_3_Familia,2024,5.56,0.95,1,0,207,1
EXP-06197,SEVILLA,SUSTANCIAS,Juzgado_Penal_Municipal_1,2023,1.62,1.25,2,0,262,1
EXP-06198,LA CUMBRE,VIF,Comisaria_1_Familia,2024,0.24,1.1,2,0,226,1
EXP-06199,CALI,SUSTANCIAS,Juzgado_Penal_Municipal_1,2024,70.34,1.25,2,0,476,1
EXP-06200,RESTREPO,ALIMENTOS,Comisaria_1_Familia,2021,0.24,1.1,6,0,269,0
EXP-06201,LA VICTORIA,VIF,Juzgado_3_Familia,2024,0.1666666666666666,0.95,8,0,236,1
EXP-06202,DAGUA,ALIMENTOS,Juzgado_Penal_Municipal_2,2024,1.3666666666666665,1.05,6,0,325,1
EXP-06203,BUENAVENTURA,ALIMENTOS,Comisaria_2_Familia,2022,3.34,0.9,1,1,336,1
EXP-06204,LA UNION,HURTO_PATRIMONIAL,Comisaria_2_Familia,2023,0.575,0.9,4,0,311,1
EXP-06205,PALMIRA,ALIMENTOS,Juzgado_Penal_Municipal_2,2024,11.54,1.05,3,1,470,1
EXP-06206,TRUJILLO,VIF,Comisaria_1_Familia,2024,0.225,1.1,3,0,216,1
EXP-06207,ALCALA,SUSTANCIAS,Comisaria_1_Familia,2023,0.22,1.1,1,0,233,1
EXP-06208,SEVILLA,HURTO_PATRIMONIAL,Juzgado_1_Familia,2023,1.62,1.35,1,0,412,1
EXP-06209,CALI,VIF,Juzgado_2_Familia,2024,70.34,1.2,15,0,544,1
EXP-06210,RESTREPO,ALIMENTOS,Comisaria_2_Familia,2023,0.24,0.9,1,1,349,1
EXP-06211,ANSERMANUEVO,HURTO_PATRIMONIAL,Juzgado_1_Familia,2023,0.2,1.35,2,0,385,1
EXP-06212,PALMIRA,ALIMENTOS,Juzgado_3_Familia,2020,11.54,0.95,6,1,458,1
EXP-06213,LA CUMBRE,SUSTANCIAS,Juzgado_1_Familia,2023,0.24,1.35,4,0,263,1
EXP-06214,CALI,HURTO_PATRIMONIAL,Juzgado_2_Familia,2022,70.34,1.2,8,0,614,1
EXP-06215,CALI,ALIMENTOS,Juzgado_Penal_Municipal_1,2022,70.34,1.25,4,1,703,1
EXP-06216,CALI,ALIMENTOS,Comisaria_1_Familia,2024,70.34,1.1,7,0,538,1
EXP-06217,YUMBO,HURTO_PATRIMONIAL,Juzgado_2_Familia,2024,3.5,1.2,2,0,368,1
EXP-06218,RIOFRIO,VIF,Comisaria_1_Familia,2023,0.175,1.1,1,0,205,1
EXP-06219,SAN PEDRO,VIF,Juzgado_1_Familia,2024,0.3,1.35,2,0,265,1
EXP-06220,GUACARI,VIF,Juzgado_2_Familia,2023,1.48,1.2,4,0,255,1
EXP-06221,SAN PEDRO,ALIMENTOS,Juzgado_Penal_Municipal_1,2020,0.3,1.25,1,0,314,1
EXP-06222,GUADALAJARA DE BUGA,HURTO_PATRIMONIAL,Juzgado_Penal_Municipal_1,2023,6.6,1.25,2,0,220,0
EXP-06223,CALI,HURTO_PATRIMONIAL,Comisaria_2_Familia,2022,70.34,0.9,9,0,495,1
EXP-06224,YUMBO,VIF,Comisaria_1_Familia,2022,3.5,1.1,1,0,203,1
EXP-06225,ANSERMANUEVO,ALIMENTOS,Juzgado_2_Familia,2020,0.2,1.2,3,1,512,1
EXP-06226,PALMIRA,ALIMENTOS,Juzgado_2_Familia,2023,11.54,1.2,4,1,294,0
EXP-06227,YUMBO,HURTO_PATRIMONIAL,Juzgado_3_Familia,2024,3.5,0.95,7,0,331,1
EXP-06228,ANDALUCIA,ALIMENTOS,Comisaria_2_Familia,2020,0.38,0.9,9,0,284,1
EXP-06229,BUENAVENTURA,HURTO_PATRIMONIAL,Juzgado_Penal_Municipal_1,2023,3.34,1.25,1,1,485,1
EXP-06230,ROLDANILLO,VIF,Juzgado_3_Familia,2024,1.26,0.95,1,0,101,0
EXP-06231,JAMUNDI,ALIMENTOS,Juzgado_2_Familia,2024,2.64,1.2,2,0,317,1
EXP-06232,PRADERA,SUSTANCIAS,Juzgado_3_Familia,2021,0.72,0.95,6,0,195,1
EXP-06233,CALI,SUSTANCIAS,Juzgado_Penal_Municipal_1,2023,70.34,1.25,4,0,536,1
EXP-06234,CANDELARIA,VIF,Juzgado_1_Familia,2023,3.08,1.35,2,0,250,1
EXP-06235,YOTOCO,ALIMENTOS,Juzgado_1_Familia,2021,0.58,1.35,3,1,477,1
EXP-06236,LA CUMBRE,SUSTANCIAS,Juzgado_1_Familia,2023,0.24,1.35,1,0,265,1
EXP-06237,LA UNION,HURTO_PATRIMONIAL,Comisaria_1_Familia,2024,0.575,1.1,11,0,296,0
EXP-06238,CALI,SUSTANCIAS,Juzgado_1_Familia,2024,70.34,1.35,10,0,557,1
EXP-06239,CALI,ALIMENTOS,Comisaria_1_Familia,2021,70.34,1.1,1,0,466,1
EXP-06240,DAGUA,SUSTANCIAS,Juzgado_3_Familia,2024,1.3666666666666665,0.95,1,0,124,0
EXP-06241,FLORIDA,VIF,Juzgado_Penal_Municipal_2,2021,0.8,1.05,1,0,103,0
EXP-06242,EL CERRITO,ALIMENTOS,Juzgado_Penal_Municipal_1,2023,1.1,1.25,3,0,319,1
EXP-06243,ANDALUCIA,VIF,Juzgado_Penal_Municipal_1,2022,0.38,1.25,2,0,252,1
EXP-06244,TULUA,HURTO_PATRIMONIAL,Juzgado_2_Familia,2022,3.34,1.2,2,0,281,0
EXP-06245,RIOFRIO,VIF,Comisaria_1_Familia,2024,0.175,1.1,5,0,262,1
EXP-06246,CALI,HURTO_PATRIMONIAL,Juzgado_1_Familia,2022,70.34,1.35,5,1,605,0
EXP-06247,ARGELIA,ALIMENTOS,Juzgado_Penal_Municipal_1,2022,0.2,1.25,3,0,216,0
EXP-06248,CALIMA,VIF,Comisaria_2_Familia,2021,0.3199999999999999,0.9,4,0,213,1
EXP-06249,DAGUA,ALIMENTOS,Juzgado_2_Familia,2022,1.3666666666666665,1.2,9,0,242,0
EXP-06250,RIOFRIO,VIF,Juzgado_Penal_Municipal_1,2022,0.175,1.25,7,0,279,1
EXP-06251,CANDELARIA,VIF,Juzgado_Penal_Municipal_1,2021,3.08,1.25,8,0,280,1
EXP-06252,EL CERRITO,VIF,Juzgado_Penal_Municipal_1,2023,1.1,1.25,5,0,133,0
EXP-06253,GUACARI,HURTO_PATRIMONIAL,Juzgado_Penal_Municipal_2,2020,1.48,1.05,4,0,287,1
EXP-06254,CALI,VIF,Comisaria_2_Familia,2024,70.34,0.9,12,0,473,1
EXP-06255,RIOFRIO,HURTO_PATRIMONIAL,Juzgado_Penal_Municipal_2,2024,0.175,1.05,1,0,307,1
EXP-06256,CARTAGO,ALIMENTOS,Comisaria_2_Familia,2024,5.56,0.9,10,1,465,1
EXP-06257,YUMBO,HURTO_PATRIMONIAL,Juzgado_Penal_Municipal_1,2022,3.5,1.25,4,0,266,0
EXP-06258,PRADERA,HURTO_PATRIMONIAL,Juzgado_3_Familia,2023,0.72,0.95,16,0,379,1
EXP-06259,PRADERA,HURTO_PATRIMONIAL,Comisaria_1_Familia,2024,0.72,1.1,7,0,350,1
EXP-06260,TULUA,VIF,Comisaria_1_Familia,2024,3.34,1.1,3,0,227,1
EXP-06261,GUADALAJARA DE BUGA,VIF,Juzgado_2_Familia,2023,6.6,1.2,1,0,149,0
EXP-06262,SIN_DATO,VIF,Juzgado_1_Familia,2020,2.2,1.35,6,0,273,1
EXP-06263,TRUJILLO,ALIMENTOS,Juzgado_Penal_Municipal_1,2020,0.225,1.25,4,0,354,1
EXP-06264,ZARZAL,VIF,Juzgado_Penal_Municipal_2,2022,1.12,1.05,13,0,327,1
EXP-06265,BOLIVAR,VIF,Juzgado_3_Familia,2020,0.2333333333333333,0.95,2,0,160,1
EXP-06266,CARTAGO,ALIMENTOS,Juzgado_Penal_Municipal_2,2024,5.56,1.05,1,0,325,1
EXP-06267,CALI,VIF,Comisaria_2_Familia,2024,70.34,0.9,5,0,425,1
EXP-06268,OBANDO,VIF,Juzgado_2_Familia,2024,0.38,1.2,3,0,242,1
EXP-06269,BUENAVENTURA,VIF,Juzgado_Penal_Municipal_1,2023,3.34,1.25,2,0,236,1
EXP-06270,CAICEDONIA,ALIMENTOS,Juzgado_Penal_Municipal_1,2023,1.28,1.25,5,1,473,1
EXP-06271,CALI,HURTO_PATRIMONIAL,Juzgado_3_Familia,2021,70.34,0.95,14,1,726,1
EXP-06272,ROLDANILLO,VIF,Comisaria_1_Familia,2021,1.26,1.1,7,0,246,1
EXP-06273,LA CUMBRE,HURTO_PATRIMONIAL,Juzgado_1_Familia,2024,0.24,1.35,2,0,384,1
EXP-06274,FLORIDA,VIF,Juzgado_2_Familia,2024,0.8,1.2,4,0,224,1
EXP-06275,JAMUNDI,ALIMENTOS,Juzgado_3_Familia,2024,2.64,0.95,15,0,340,1
EXP-06276,SIN_DATO,ALIMENTOS,Juzgado_Penal_Municipal_2,2024,2.2,1.05,2,0,268,1
EXP-06277,YUMBO,ALIMENTOS,Juzgado_2_Familia,2024,3.5,1.2,6,1,475,1
EXP-06278,PALMIRA,VIF,Juzgado_2_Familia,2022,11.54,1.2,10,0,356,1
EXP-06279,PRADERA,ALIMENTOS,Juzgado_2_Familia,2024,0.72,1.2,10,0,368,1
EXP-06280,SIN_DATO,HURTO_PATRIMONIAL,Juzgado_Penal_Municipal_2,2023,2.2,1.05,2,0,313,1
EXP-06281,ROLDANILLO,VIF,Comisaria_2_Familia,2023,1.26,0.9,7,0,225,1
EXP-06282,FLORIDA,SUSTANCIAS,Juzgado_2_Familia,2022,0.8,1.2,5,0,209,0
EXP-06283,GUADALAJARA DE BUGA,HURTO_PATRIMONIAL,Comisaria_2_Familia,2024,6.6,0.9,5,1,464,1
EXP-06284,CALI,SUSTANCIAS,Comisaria_1_Familia,2021,70.34,1.1,3,0,463,1
EXP-06285,CALI,SUSTANCIAS,Juzgado_1_Familia,2023,70.34,1.35,4,0,315,0
EXP-06286,TULUA,ALIMENTOS,Juzgado_2_Familia,2022,3.34,1.2,2,1,474,1
EXP-06287,CALI,ALIMENTOS,Comisaria_2_Familia,2024,70.34,0.9,5,0,454,1
EXP-06288,CARTAGO,ALIMENTOS,Juzgado_Penal_Municipal_1,2023,5.56,1.25,5,1,497,1
EXP-06289,CALI,VIF,Juzgado_3_Familia,2020,70.34,0.95,2,0,330,1
EXP-06290,SIN_DATO,VIF,Juzgado_1_Familia,2023,2.2,1.35,2,0,257,1
EXP-06291,GUADALAJARA DE BUGA,ALIMENTOS,Comisaria_1_Familia,2022,6.6,1.1,4,1,456,1
EXP-06292,FLORIDA,SUSTANCIAS,Juzgado_3_Familia,2023,0.8,0.95,4,0,224,1
EXP-06293,CARTAGO,SUSTANCIAS,Juzgado_Penal_Municipal_2,2023,5.56,1.05,7,0,284,1
EXP-06294,EL CERRITO,VIF,Juzgado_1_Familia,2020,1.1,1.35,2,0,297,1
EXP-06295,CALIMA,SUSTANCIAS,Juzgado_Penal_Municipal_2,2023,0.3199999999999999,1.05,1,0,206,1
EXP-06296,PALMIRA,HURTO_PATRIMONIAL,Juzgado_Penal_Municipal_2,2021,11.54,1.05,11,0,438,1
EXP-06297,PALMIRA,HURTO_PATRIMONIAL,Juzgado_1_Familia,2020,11.54,1.35,4,0,443,1
EXP-06298,BUENAVENTURA,HURTO_PATRIMONIAL,Comisaria_1_Familia,2024,3.34,1.1,7,0,404,1
EXP-06299,JAMUNDI,SUSTANCIAS,Comisaria_1_Familia,2024,2.64,1.1,3,0,249,1
EXP-06300,BUENAVENTURA,VIF,Juzgado_1_Familia,2020,3.34,1.35,1,0,247,1
EXP-06301,TULUA,VIF,Comisaria_1_Familia,2023,3.34,1.1,1,0,217,1
EXP-06302,CALI,HURTO_PATRIMONIAL,Comisaria_1_Familia,2024,70.34,1.1,3,0,551,1
EXP-06303,CALI,SUSTANCIAS,Comisaria_1_Familia,2024,70.34,1.1,7,0,494,1
EXP-06304,CALI,ALIMENTOS,Comisaria_2_Familia,2023,70.34,0.9,2,0,402,1
EXP-06305,CALI,HURTO_PATRIMONIAL,Juzgado_2_Familia,2023,70.34,1.2,2,1,655,1
EXP-06306,CAICEDONIA,HURTO_PATRIMONIAL,Juzgado_2_Familia,2020,1.28,1.2,7,0,450,1
EXP-06307,CALI,SUSTANCIAS,Juzgado_1_Familia,2020,70.34,1.35,7,0,515,1
EXP-06308,JAMUNDI,HURTO_PATRIMONIAL,Comisaria_2_Familia,2024,2.64,0.9,17,1,545,1
EXP-06309,EL DOVIO,HURTO_PATRIMONIAL,Juzgado_Penal_Municipal_1,2023,0.1,1.25,12,1,567,1
EXP-06310,CANDELARIA,ALIMENTOS,Comisaria_2_Familia,2022,3.08,0.9,1,0,226,1
EXP-06311,EL CERRITO,ALIMENTOS,Juzgado_Penal_Municipal_1,2023,1.1,1.25,17,0,440,1
EXP-06312,ALCALA,HURTO_PATRIMONIAL,Juzgado_3_Familia,2023,0.22,0.95,1,0,203,0
EXP-06313,LA UNION,HURTO_PATRIMONIAL,Comisaria_1_Familia,2022,0.575,1.1,2,1,257,0
EXP-06314,YUMBO,VIF,Juzgado_1_Familia,2023,3.5,1.35,3,0,263,1
EXP-06315,CARTAGO,ALIMENTOS,Juzgado_3_Familia,2021,5.56,0.95,2,0,251,1
EXP-06316,EL CERRITO,HURTO_PATRIMONIAL,Juzgado_3_Familia,2023,1.1,0.95,4,1,405,1
EXP-06317,PALMIRA,ALIMENTOS,Juzgado_Penal_Municipal_2,2021,11.54,1.05,2,0,292,1
EXP-06318,VIJES,HURTO_PATRIMONIAL,Juzgado_1_Familia,2022,0.175,1.35,13,0,408,1
EXP-06319,CALI,SUSTANCIAS,Comisaria_2_Familia,2024,70.34,0.9,11,0,503,1
EXP-06320,SAN PEDRO,ALIMENTOS,Juzgado_Penal_Municipal_1,2023,0.3,1.25,2,1,439,1
EXP-06321,PALMIRA,VIF,Juzgado_3_Familia,2024,11.54,0.95,5,0,251,1
EXP-06322,BOLIVAR,ALIMENTOS,Juzgado_3_Familia,2024,0.2333333333333333,0.95,1,0,234,0
EXP-06323,GUADALAJARA DE BUGA,HURTO_PATRIMONIAL,Juzgado_3_Familia,2023,6.6,0.95,4,0,265,1
EXP-06324,PALMIRA,HURTO_PATRIMONIAL,Juzgado_3_Familia,2024,11.54,0.95,1,0,285,1
EXP-06325,CANDELARIA,ALIMENTOS,Juzgado_Penal_Municipal_1,2023,3.08,1.25,1,1,283,0
EXP-06326,TRUJILLO,SUSTANCIAS,Juzgado_Penal_Municipal_2,2023,0.225,1.05,11,0,282,1
EXP-06327,CALI,ALIMENTOS,Juzgado_1_Familia,2024,70.34,1.35,2,1,699,1
EXP-06328,SEVILLA,VIF,Juzgado_2_Familia,2021,1.62,1.2,2,0,235,1
EXP-06329,CARTAGO,ALIMENTOS,Juzgado_3_Familia,2020,5.56,0.95,1,0,218,1
EXP-06330,SAN PEDRO,ALIMENTOS,Comisaria_2_Familia,2024,0.3,0.9,8,0,304,1
EXP-06331,YUMBO,ALIMENTOS,Juzgado_Penal_Municipal_2,2024,3.5,1.05,4,0,288,1
EXP-06332,ZARZAL,SUSTANCIAS,Comisaria_1_Familia,2023,1.12,1.1,8,0,318,1
EXP-06333,SEVILLA,SUSTANCIAS,Juzgado_3_Familia,2022,1.62,0.95,7,0,127,0
EXP-06334,VERSALLES,ALIMENTOS,Juzgado_Penal_Municipal_1,2024,0.1333333333333333,1.25,4,1,464,1
EXP-06335,GUADALAJARA DE BUGA,VIF,Comisaria_1_Familia,2020,6.6,1.1,2,0,199,1
EXP-06336,CAICEDONIA,HURTO_PATRIMONIAL,Comisaria_2_Familia,2024,1.28,0.9,1,0,133,0
EXP-06337,ANDALUCIA,VIF,Comisaria_1_Familia,2022,0.38,1.1,6,0,248,1
EXP-06338,CALI,ALIMENTOS,Juzgado_1_Familia,2024,70.34,1.35,3,1,401,0
EXP-06339,PALMIRA,HURTO_PATRIMONIAL,Comisaria_1_Familia,2022,11.54,1.1,14,1,307,0
EXP-06340,ANSERMANUEVO,HURTO_PATRIMONIAL,Juzgado_3_Familia,2023,0.2,0.95,3,1,201,0
EXP-06341,CALI,HURTO_PATRIMONIAL,Juzgado_3_Familia,2020,70.34,0.95,1,0,476,1
EXP-06342,CANDELARIA,ALIMENTOS,Juzgado_Penal_Municipal_1,2020,3.08,1.25,8,0,194,0
EXP-06343,BUENAVENTURA,ALIMENTOS,Comisaria_1_Familia,2021,3.34,1.1,1,0,308,1
EXP-06344,PALMIRA,SUSTANCIAS,Juzgado_3_Familia,2020,11.54,0.95,4,0,231,1
EXP-06345,GUADALAJARA DE BUGA,HURTO_PATRIMONIAL,Juzgado_2_Familia,2021,6.6,1.2,5,0,372,1
EXP-06346,SEVILLA,ALIMENTOS,Juzgado_Penal_Municipal_1,2024,1.62,1.25,6,0,371,1
EXP-06347,EL DOVIO,ALIMENTOS,Juzgado_3_Familia,2021,0.1,0.95,3,1,391,1
EXP-06348,EL CAIRO,ALIMENTOS,Comisaria_2_Familia,2022,0.1,0.9,1,0,235,1
EXP-06349,VIJES,ALIMENTOS,Juzgado_Penal_Municipal_2,2023,0.175,1.05,4,1,372,1
EXP-06350,GUACARI,ALIMENTOS,Comisaria_2_Familia,2023,1.48,0.9,1,0,238,1
EXP-06351,SEVILLA,ALIMENTOS,Comisaria_1_Familia,2022,1.62,1.1,7,0,340,1
EXP-06352,TULUA,VIF,Juzgado_Penal_Municipal_2,2020,3.34,1.05,12,0,279,1
EXP-06353,PALMIRA,HURTO_PATRIMONIAL,Comisaria_1_Familia,2022,11.54,1.1,2,1,541,1
EXP-06354,ARGELIA,HURTO_PATRIMONIAL,Juzgado_Penal_Municipal_1,2021,0.2,1.25,14,0,469,1
EXP-06355,CALI,ALIMENTOS,Comisaria_1_Familia,2024,70.34,1.1,2,1,702,1
EXP-06356,CALI,HURTO_PATRIMONIAL,Juzgado_2_Familia,2024,70.34,1.2,5,1,691,1
EXP-06357,CALI,ALIMENTOS,Juzgado_2_Familia,2023,70.34,1.2,5,1,662,1
EXP-06358,OBANDO,ALIMENTOS,Juzgado_1_Familia,2023,0.38,1.35,5,0,373,1
EXP-06359,PRADERA,ALIMENTOS,Juzgado_Penal_Municipal_2,2024,0.72,1.05,5,1,426,1
EXP-06360,GUADALAJARA DE BUGA,ALIMENTOS,Juzgado_Penal_Municipal_1,2023,6.6,1.25,6,0,366,1
EXP-06361,RIOFRIO,VIF,Juzgado_Penal_Municipal_1,2022,0.175,1.25,3,0,183,0
EXP-06362,DAGUA,ALIMENTOS,Juzgado_Penal_Municipal_2,2023,1.3666666666666665,1.05,4,1,415,1
EXP-06363,JAMUNDI,ALIMENTOS,Juzgado_Penal_Municipal_2,2020,2.64,1.05,6,0,282,1
EXP-06364,BUENAVENTURA,VIF,Juzgado_1_Familia,2020,3.34,1.35,9,0,330,1
EXP-06365,CANDELARIA,ALIMENTOS,Comisaria_2_Familia,2022,3.08,0.9,1,0,234,1
EXP-06366,BUGALAGRANDE,VIF,Juzgado_2_Familia,2024,0.2799999999999999,1.2,4,0,270,1
EXP-06367,RESTREPO,ALIMENTOS,Juzgado_3_Familia,2022,0.24,0.95,3,1,402,1
EXP-06368,VIJES,SUSTANCIAS,Comisaria_1_Familia,2021,0.175,1.1,7,0,254,1
EXP-06369,CARTAGO,HURTO_PATRIMONIAL,Juzgado_Penal_Municipal_2,2021,5.56,1.05,2,0,331,1
EXP-06370,PALMIRA,VIF,Juzgado_2_Familia,2021,11.54,1.2,7,0,298,1
EXP-06371,LA CUMBRE,VIF,Juzgado_Penal_Municipal_2,2022,0.24,1.05,11,0,264,1
EXP-06372,PALMIRA,VIF,Juzgado_Penal_Municipal_2,2022,11.54,1.05,6,0,244,1
EXP-06373,TULUA,SUSTANCIAS,Juzgado_Penal_Municipal_2,2024,3.34,1.05,2,0,215,1
EXP-06374,PALMIRA,ALIMENTOS,Juzgado_2_Familia,2023,11.54,1.2,6,1,427,0
EXP-06375,ARGELIA,VIF,Juzgado_2_Familia,2022,0.2,1.2,2,0,209,1
EXP-06376,CARTAGO,ALIMENTOS,Comisaria_2_Familia,2024,5.56,0.9,4,0,245,1
EXP-06377,CALIMA,VIF,Juzgado_2_Familia,2022,0.3199999999999999,1.2,5,0,246,1
EXP-06378,YUMBO,ALIMENTOS,Juzgado_2_Familia,2023,3.5,1.2,1,1,429,1
EXP-06379,GINEBRA,SUSTANCIAS,Juzgado_1_Familia,2023,0.6,1.35,6,0,286,1
EXP-06380,EL DOVIO,SUSTANCIAS,Juzgado_3_Familia,2023,0.1,0.95,2,0,109,0
EXP-06381,CALI,ALIMENTOS,Juzgado_1_Familia,2023,70.34,1.35,2,0,533,1
EXP-06382,CALI,ALIMENTOS,Juzgado_Penal_Municipal_2,2023,70.34,1.05,1,0,507,1
EXP-06383,TULUA,ALIMENTOS,Comisaria_2_Familia,2022,3.34,0.9,3,0,243,1
EXP-06384,CALI,SUSTANCIAS,Juzgado_2_Familia,2023,70.34,1.2,7,0,363,0
EXP-06385,PALMIRA,HURTO_PATRIMONIAL,Juzgado_3_Familia,2024,11.54,0.95,6,0,230,0
EXP-06386,CALI,HURTO_PATRIMONIAL,Juzgado_Penal_Municipal_1,2024,70.34,1.25,6,0,602,1
EXP-06387,GUADALAJARA DE BUGA,HURTO_PATRIMONIAL,Juzgado_1_Familia,2023,6.6,1.35,6,0,411,1
EXP-06388,ROLDANILLO,HURTO_PATRIMONIAL,Juzgado_Penal_Municipal_1,2022,1.26,1.25,2,1,510,1
EXP-06389,GUACARI,HURTO_PATRIMONIAL,Juzgado_3_Familia,2023,1.48,0.95,3,1,295,0
EXP-06390,RIOFRIO,ALIMENTOS,Juzgado_3_Familia,2024,0.175,0.95,5,0,283,1
EXP-06391,RIOFRIO,ALIMENTOS,Comisaria_1_Familia,2024,0.175,1.1,6,1,460,1
EXP-06392,CALI,VIF,Juzgado_Penal_Municipal_2,2022,70.34,1.05,6,0,432,1
EXP-06393,VERSALLES,VIF,Juzgado_Penal_Municipal_2,2022,0.1333333333333333,1.05,2,0,128,0
EXP-06394,ROLDANILLO,VIF,Juzgado_2_Familia,2021,1.26,1.2,3,0,253,1
EXP-06395,YUMBO,VIF,Comisaria_2_Familia,2023,3.5,0.9,2,0,173,1
EXP-06396,PALMIRA,VIF,Juzgado_2_Familia,2023,11.54,1.2,2,0,280,1
EXP-06397,GUACARI,VIF,Comisaria_2_Familia,2024,1.48,0.9,2,0,165,1
EXP-06398,CALI,ALIMENTOS,Juzgado_2_Familia,2024,70.34,1.2,2,0,506,1
EXP-06399,GUADALAJARA DE BUGA,HURTO_PATRIMONIAL,Comisaria_2_Familia,2023,6.6,0.9,7,0,334,1
EXP-06400,EL CERRITO,VIF,Juzgado_3_Familia,2023,1.1,0.95,1,0,180,1
EXP-06401,TULUA,VIF,Juzgado_3_Familia,2024,3.34,0.95,3,0,206,1
EXP-06402,EL CERRITO,VIF,Juzgado_2_Familia,2024,1.1,1.2,5,0,295,1
EXP-06403,CALI,VIF,Juzgado_Penal_Municipal_2,2020,70.34,1.05,1,0,393,1
EXP-06404,GUADALAJARA DE BUGA,HURTO_PATRIMONIAL,Comisaria_2_Familia,2023,6.6,0.9,3,0,258,1
EXP-06405,PALMIRA,HURTO_PATRIMONIAL,Juzgado_1_Familia,2024,11.54,1.35,2,1,576,1
EXP-06406,PALMIRA,VIF,Comisaria_2_Familia,2022,11.54,0.9,8,0,259,1
EXP-06407,FLORIDA,VIF,Comisaria_2_Familia,2023,0.8,0.9,2,0,204,1
EXP-06408,CALI,VIF,Comisaria_2_Familia,2022,70.34,0.9,2,0,399,1
EXP-06409,DAGUA,VIF,Juzgado_3_Familia,2024,1.3666666666666665,0.95,8,0,258,1
EXP-06410,GINEBRA,ALIMENTOS,Comisaria_1_Familia,2023,0.6,1.1,3,1,424,1
EXP-06411,GUADALAJARA DE BUGA,SUSTANCIAS,Juzgado_2_Familia,2024,6.6,1.2,3,0,117,0
EXP-06412,CALI,ALIMENTOS,Comisaria_1_Familia,2021,70.34,1.1,1,0,467,1
EXP-06413,JAMUNDI,ALIMENTOS,Juzgado_1_Familia,2020,2.64,1.35,5,0,379,1
EXP-06414,CALI,HURTO_PATRIMONIAL,Comisaria_2_Familia,2021,70.34,0.9,1,1,633,1
EXP-06415,GUACARI,ALIMENTOS,Juzgado_2_Familia,2023,1.48,1.2,6,1,319,0
EXP-06416,SEVILLA,VIF,Juzgado_Penal_Municipal_1,2024,1.62,1.25,3,0,243,1
EXP-06417,OBANDO,ALIMENTOS,Juzgado_Penal_Municipal_1,2021,0.38,1.25,3,0,343,1
EXP-06418,CALI,VIF,Comisaria_1_Familia,2022,70.34,1.1,6,0,471,1
EXP-06419,EL CERRITO,ALIMENTOS,Juzgado_2_Familia,2021,1.1,1.2,1,0,286,1
EXP-06420,ARGELIA,VIF,Comisaria_2_Familia,2022,0.2,0.9,12,0,203,0
EXP-06421,SEVILLA,SUSTANCIAS,Juzgado_3_Familia,2023,1.62,0.95,2,0,205,1
EXP-06422,ROLDANILLO,SUSTANCIAS,Juzgado_3_Familia,2023,1.26,0.95,5,0,254,1
EXP-06423,PALMIRA,ALIMENTOS,Juzgado_Penal_Municipal_1,2021,11.54,1.25,1,0,302,1
EXP-06424,CALI,ALIMENTOS,Comisaria_1_Familia,2024,70.34,1.1,8,0,569,1
EXP-06425,CANDELARIA,VIF,Comisaria_2_Familia,2021,3.08,0.9,8,0,203,1
EXP-06426,TULUA,VIF,Juzgado_2_Familia,2022,3.34,1.2,2,0,258,1
EXP-06427,ALCALA,SUSTANCIAS,Comisaria_1_Familia,2022,0.22,1.1,2,0,157,0
EXP-06428,CARTAGO,ALIMENTOS,Juzgado_2_Familia,2023,5.56,1.2,2,1,208,0
EXP-06429,ANDALUCIA,HURTO_PATRIMONIAL,Juzgado_1_Familia,2023,0.38,1.35,3,0,380,1
EXP-06430,SIN_DATO,HURTO_PATRIMONIAL,Juzgado_Penal_Municipal_1,2020,2.2,1.25,2,0,384,1
EXP-06431,CALI,ALIMENTOS,Juzgado_Penal_Municipal_1,2024,70.34,1.25,1,0,523,1
EXP-06432,ROLDANILLO,HURTO_PATRIMONIAL,Comisaria_1_Familia,2024,1.26,1.1,3,0,310,1
EXP-06433,ANDALUCIA,ALIMENTOS,Juzgado_2_Familia,2023,0.38,1.2,1,1,466,1
EXP-06434,CANDELARIA,HURTO_PATRIMONIAL,Juzgado_3_Familia,2023,3.08,0.95,1,0,287,1
EXP-06435,YUMBO,SUSTANCIAS,Juzgado_2_Familia,2024,3.5,1.2,3,0,260,1
EXP-06436,PALMIRA,ALIMENTOS,Juzgado_Penal_Municipal_1,2023,11.54,1.25,1,0,313,1
EXP-06437,JAMUNDI,VIF,Juzgado_3_Familia,2023,2.64,0.95,5,0,264,1
EXP-06438,GUADALAJARA DE BUGA,ALIMENTOS,Comisaria_2_Familia,2021,6.6,0.9,2,1,396,1
EXP-06439,SEVILLA,VIF,Comisaria_1_Familia,2022,1.62,1.1,1,0,201,1
EXP-06440,GUADALAJARA DE BUGA,VIF,Comisaria_2_Familia,2020,6.6,0.9,1,0,201,1
EXP-06441,TORO,VIF,Juzgado_Penal_Municipal_2,2023,0.1333333333333333,1.05,2,0,205,1
EXP-06442,BOLIVAR,ALIMENTOS,Juzgado_1_Familia,2023,0.2333333333333333,1.35,2,0,386,1
EXP-06443,GUADALAJARA DE BUGA,VIF,Comisaria_2_Familia,2023,6.6,0.9,1,0,204,1
EXP-06444,ZARZAL,VIF,Juzgado_1_Familia,2022,1.12,1.35,4,0,253,1
EXP-06445,DAGUA,ALIMENTOS,Juzgado_2_Familia,2023,1.3666666666666665,1.2,6,0,315,1
EXP-06446,EL CERRITO,HURTO_PATRIMONIAL,Juzgado_Penal_Municipal_2,2024,1.1,1.05,5,0,337,1
EXP-06447,RESTREPO,SUSTANCIAS,Juzgado_2_Familia,2023,0.24,1.2,2,0,255,1
EXP-06448,PALMIRA,HURTO_PATRIMONIAL,Comisaria_2_Familia,2023,11.54,0.9,10,0,338,1
EXP-06449,CALI,VIF,Juzgado_2_Familia,2022,70.34,1.2,1,0,404,1
EXP-06450,LA CUMBRE,ALIMENTOS,Comisaria_1_Familia,2022,0.24,1.1,3,0,244,1
EXP-06451,OBANDO,HURTO_PATRIMONIAL,Comisaria_1_Familia,2024,0.38,1.1,4,0,317,1
EXP-06452,CARTAGO,HURTO_PATRIMONIAL,Juzgado_Penal_Municipal_1,2024,5.56,1.25,8,0,462,1
EXP-06453,YUMBO,HURTO_PATRIMONIAL,Juzgado_3_Familia,2020,3.5,0.95,2,0,292,1
EXP-06454,ROLDANILLO,VIF,Juzgado_1_Familia,2024,1.26,1.35,2,0,160,0
EXP-06455,CALI,VIF,Juzgado_Penal_Municipal_2,2020,70.34,1.05,1,0,429,1
EXP-06456,SEVILLA,VIF,Juzgado_1_Familia,2020,1.62,1.35,4,0,247,1
EXP-06457,YUMBO,ALIMENTOS,Juzgado_Penal_Municipal_2,2024,3.5,1.05,2,0,293,1
EXP-06458,CAICEDONIA,ALIMENTOS,Juzgado_1_Familia,2024,1.28,1.35,2,0,357,1
EXP-06459,SIN_DATO,VIF,Juzgado_1_Familia,2024,2.2,1.35,3,0,269,1
EXP-06460,JAMUNDI,ALIMENTOS,Juzgado_Penal_Municipal_2,2022,2.64,1.05,1,0,255,1
EXP-06461,SEVILLA,SUSTANCIAS,Juzgado_2_Familia,2024,1.62,1.2,5,0,291,1
EXP-06462,CALI,ALIMENTOS,Juzgado_3_Familia,2023,70.34,0.95,5,0,516,1
EXP-06463,CALI,VIF,Juzgado_3_Familia,2024,70.34,0.95,4,0,428,1
EXP-06464,CALI,HURTO_PATRIMONIAL,Juzgado_1_Familia,2021,70.34,1.35,8,1,627,0
EXP-06465,EL AGUILA,SUSTANCIAS,Juzgado_1_Familia,2023,0.1666666666666666,1.35,6,0,303,1
EXP-06466,CARTAGO,HURTO_PATRIMONIAL,Juzgado_1_Familia,2021,5.56,1.35,9,0,504,1
EXP-06467,OBANDO,SUSTANCIAS,Juzgado_Penal_Municipal_2,2022,0.38,1.05,5,0,226,1
EXP-06468,GUADALAJARA DE BUGA,ALIMENTOS,Juzgado_3_Familia,2023,6.6,0.95,5,0,292,1
EXP-06469,SEVILLA,HURTO_PATRIMONIAL,Juzgado_2_Familia,2022,1.62,1.2,3,1,507,1
EXP-06470,ANSERMANUEVO,ALIMENTOS,Juzgado_1_Familia,2021,0.2,1.35,2,0,302,1
EXP-06471,GINEBRA,HURTO_PATRIMONIAL,Juzgado_Penal_Municipal_2,2023,0.6,1.05,6,1,478,1
EXP-06472,CALI,HURTO_PATRIMONIAL,Juzgado_3_Familia,2023,70.34,0.95,7,1,429,0
EXP-06473,SEVILLA,VIF,Juzgado_Penal_Municipal_1,2024,1.62,1.25,8,0,190,0
EXP-06474,GUADALAJARA DE BUGA,VIF,Juzgado_3_Familia,2024,6.6,0.95,1,0,180,1
EXP-06475,GUADALAJARA DE BUGA,VIF,Juzgado_Penal_Municipal_1,2022,6.6,1.25,16,0,355,1
EXP-06476,PALMIRA,HURTO_PATRIMONIAL,Comisaria_2_Familia,2022,11.54,0.9,8,0,375,1
EXP-06477,SEVILLA,VIF,Juzgado_Penal_Municipal_2,2020,1.62,1.05,6,0,240,1
EXP-06478,CALI,VIF,Juzgado_Penal_Municipal_1,2021,70.34,1.25,12,0,501,1
EXP-06479,CALIMA,VIF,Juzgado_Penal_Municipal_1,2024,0.3199999999999999,1.25,2,0,242,1
EXP-06480,GUADALAJARA DE BUGA,HURTO_PATRIMONIAL,Comisaria_1_Familia,2022,6.6,1.1,5,0,367,1
EXP-06481,ROLDANILLO,HURTO_PATRIMONIAL,Juzgado_1_Familia,2021,1.26,1.35,1,0,367,1
EXP-06482,VIJES,VIF,Juzgado_Penal_Municipal_2,2022,0.175,1.05,10,0,216,1
EXP-06483,CAICEDONIA,VIF,Comisaria_2_Familia,2023,1.28,0.9,7,0,204,1
EXP-06484,PALMIRA,VIF,Juzgado_1_Familia,2021,11.54,1.35,11,0,348,1
EXP-06485,CANDELARIA,ALIMENTOS,Juzgado_Penal_Municipal_2,2021,3.08,1.05,3,0,316,1
EXP-06486,TORO,ALIMENTOS,Comisaria_1_Familia,2024,0.1333333333333333,1.1,2,0,190,0
EXP-06487,PALMIRA,SUSTANCIAS,Comisaria_1_Familia,2024,11.54,1.1,1,0,245,1
EXP-06488,CAICEDONIA,HURTO_PATRIMONIAL,Comisaria_1_Familia,2020,1.28,1.1,5,0,361,1
EXP-06489,ANSERMANUEVO,ALIMENTOS,Juzgado_Penal_Municipal_2,2022,0.2,1.05,1,0,233,1
EXP-06490,LA UNION,ALIMENTOS,Comisaria_1_Familia,2023,0.575,1.1,1,0,237,1
EXP-06491,CARTAGO,ALIMENTOS,Juzgado_Penal_Municipal_2,2024,5.56,1.05,1,0,116,0
EXP-06492,TULUA,VIF,Juzgado_Penal_Municipal_2,2023,3.34,1.05,5,0,206,1
EXP-06493,TULUA,VIF,Juzgado_3_Familia,2022,3.34,0.95,1,0,220,1
EXP-06494,BUGALAGRANDE,ALIMENTOS,Juzgado_Penal_Municipal_2,2022,0.2799999999999999,1.05,3,0,245,0
EXP-06495,ANDALUCIA,VIF,Juzgado_1_Familia,2021,0.38,1.35,4,0,284,1
EXP-06496,GUADALAJARA DE BUGA,ALIMENTOS,Juzgado_Penal_Municipal_2,2024,6.6,1.05,4,0,308,1
EXP-06497,RESTREPO,VIF,Juzgado_1_Familia,2020,0.24,1.35,4,0,270,1
EXP-06498,BUENAVENTURA,VIF,Juzgado_Penal_Municipal_1,2022,3.34,1.25,4,0,254,1
EXP-06499,SAN PEDRO,VIF,Juzgado_3_Familia,2023,0.3,0.95,3,0,178,1
EXP-06500,CALI,ALIMENTOS,Juzgado_2_Familia,2022,70.34,1.2,1,1,391,0
EXP-06501,YUMBO,ALIMENTOS,Juzgado_Penal_Municipal_2,2023,3.5,1.05,2,0,310,1
EXP-06502,SAN PEDRO,ALIMENTOS,Juzgado_Penal_Municipal_2,2023,0.3,1.05,2,0,286,1
EXP-06503,JAMUNDI,VIF,Comisaria_2_Familia,2022,2.64,0.9,3,0,196,1
EXP-06504,CALI,VIF,Juzgado_3_Familia,2020,70.34,0.95,1,0,397,1
EXP-06505,EL AGUILA,ALIMENTOS,Juzgado_3_Familia,2022,0.1666666666666666,0.95,8,0,294,1
EXP-06506,ROLDANILLO,ALIMENTOS,Juzgado_1_Familia,2024,1.26,1.35,4,1,531,1
EXP-06507,LA CUMBRE,SUSTANCIAS,Comisaria_1_Familia,2021,0.24,1.1,6,0,276,1
EXP-06508,FLORIDA,VIF,Juzgado_3_Familia,2023,0.8,0.95,5,0,249,1
EXP-06509,GUACARI,ALIMENTOS,Juzgado_Penal_Municipal_2,2023,1.48,1.05,1,0,273,1
EXP-06510,CARTAGO,SUSTANCIAS,Juzgado_Penal_Municipal_1,2023,5.56,1.25,2,0,274,1
EXP-06511,EL CERRITO,VIF,Juzgado_1_Familia,2024,1.1,1.35,1,0,252,1
EXP-06512,LA UNION,ALIMENTOS,Juzgado_3_Familia,2023,0.575,0.95,5,0,272,1
EXP-06513,CALI,HURTO_PATRIMONIAL,Comisaria_1_Familia,2024,70.34,1.1,7,1,432,0
EXP-06514,PALMIRA,VIF,Juzgado_Penal_Municipal_1,2024,11.54,1.25,4,0,282,1
EXP-06515,TULUA,ALIMENTOS,Comisaria_1_Familia,2020,3.34,1.1,5,1,208,0
EXP-06516,SIN_DATO,VIF,Juzgado_2_Familia,2024,2.2,1.2,3,0,265,1
EXP-06517,PALMIRA,ALIMENTOS,Juzgado_Penal_Municipal_1,2021,11.54,1.25,6,0,379,1
EXP-06518,CALI,HURTO_PATRIMONIAL,Comisaria_2_Familia,2023,70.34,0.9,2,0,261,0
EXP-06519,ANDALUCIA,ALIMENTOS,Comisaria_2_Familia,2020,0.38,0.9,2,0,238,1
EXP-06520,CALI,VIF,Juzgado_2_Familia,2024,70.34,1.2,2,0,418,1
EXP-06521,GUACARI,ALIMENTOS,Juzgado_Penal_Municipal_2,2020,1.48,1.05,7,0,301,1
EXP-06522,CANDELARIA,VIF,Juzgado_Penal_Municipal_2,2024,3.08,1.05,9,0,257,1
EXP-06523,EL DOVIO,ALIMENTOS,Comisaria_2_Familia,2023,0.1,0.9,8,0,307,1
EXP-06524,CANDELARIA,VIF,Juzgado_2_Familia,2024,3.08,1.2,2,0,233,1
EXP-06525,BOLIVAR,HURTO_PATRIMONIAL,Juzgado_Penal_Municipal_1,2024,0.2333333333333333,1.25,5,0,274,0
EXP-06526,TRUJILLO,ALIMENTOS,Juzgado_3_Familia,2024,0.225,0.95,1,0,251,1
EXP-06527,PALMIRA,HURTO_PATRIMONIAL,Juzgado_1_Familia,2024,11.54,1.35,5,0,433,1
EXP-06528,PALMIRA,HURTO_PATRIMONIAL,Juzgado_Penal_Municipal_2,2024,11.54,1.05,10,0,391,1
EXP-06529,GINEBRA,ALIMENTOS,Juzgado_1_Familia,2023,0.6,1.35,5,1,511,1
EXP-06530,CALI,SUSTANCIAS,Comisaria_2_Familia,2024,70.34,0.9,4,0,409,1
EXP-06531,ALCALA,HURTO_PATRIMONIAL,Juzgado_Penal_Municipal_2,2022,0.22,1.05,1,0,317,1
EXP-06532,GINEBRA,HURTO_PATRIMONIAL,Juzgado_Penal_Municipal_1,2023,0.6,1.25,2,1,195,0
EXP-06533,TULUA,VIF,Juzgado_Penal_Municipal_1,2023,3.34,1.25,6,0,296,1
EXP-06534,ANSERMANUEVO,ALIMENTOS,Juzgado_Penal_Municipal_1,2022,0.2,1.25,3,0,286,1
EXP-06535,SIN_DATO,ALIMENTOS,Comisaria_2_Familia,2024,2.2,0.9,6,1,433,1
EXP-06536,GUADALAJARA DE BUGA,VIF,Juzgado_2_Familia,2022,6.6,1.2,6,0,268,1
EXP-06537,DAGUA,HURTO_PATRIMONIAL,Juzgado_Penal_Municipal_1,2023,1.3666666666666665,1.25,7,0,392,1
EXP-06538,CALI,VIF,Juzgado_3_Familia,2022,70.34,0.95,4,0,436,1
EXP-06539,CALI,ALIMENTOS,Juzgado_Penal_Municipal_2,2023,70.34,1.05,6,0,473,1
EXP-06540,BOLIVAR,ALIMENTOS,Juzgado_3_Familia,2021,0.2333333333333333,0.95,5,0,150,0
EXP-06541,YUMBO,ALIMENTOS,Comisaria_2_Familia,2021,3.5,0.9,2,0,230,1
EXP-06542,CALI,VIF,Juzgado_3_Familia,2023,70.34,0.95,3,0,410,1
EXP-06543,BUENAVENTURA,VIF,Juzgado_Penal_Municipal_2,2024,3.34,1.05,2,0,187,0
EXP-06544,GUADALAJARA DE BUGA,SUSTANCIAS,Juzgado_1_Familia,2024,6.6,1.35,2,0,296,1
EXP-06545,EL CERRITO,ALIMENTOS,Juzgado_1_Familia,2021,1.1,1.35,2,1,480,1
EXP-06546,CARTAGO,ALIMENTOS,Juzgado_3_Familia,2022,5.56,0.95,7,0,290,1
EXP-06547,BUGALAGRANDE,VIF,Juzgado_Penal_Municipal_1,2022,0.2799999999999999,1.25,1,0,213,1
EXP-06548,FLORIDA,ALIMENTOS,Juzgado_1_Familia,2024,0.8,1.35,2,1,497,1
EXP-06549,CALI,VIF,Comisaria_1_Familia,2020,70.34,1.1,2,0,417,1
EXP-06550,PALMIRA,VIF,Juzgado_Penal_Municipal_1,2024,11.54,1.25,5,0,343,1
EXP-06551,TULUA,ALIMENTOS,Juzgado_Penal_Municipal_1,2022,3.34,1.25,3,1,427,1
EXP-06552,YUMBO,VIF,Juzgado_3_Familia,2020,3.5,0.95,6,0,203,1
EXP-06553,CARTAGO,SUSTANCIAS,Comisaria_1_Familia,2023,5.56,1.1,5,0,319,1
EXP-06554,VIJES,SUSTANCIAS,Juzgado_3_Familia,2022,0.175,0.95,4,0,151,1
EXP-06555,CAICEDONIA,HURTO_PATRIMONIAL,Comisaria_2_Familia,2024,1.28,0.9,14,0,322,1
EXP-06556,GUADALAJARA DE BUGA,ALIMENTOS,Juzgado_3_Familia,2023,6.6,0.95,9,1,481,1
EXP-06557,PALMIRA,VIF,Juzgado_Penal_Municipal_1,2023,11.54,1.25,6,0,288,1
EXP-06558,CALI,ALIMENTOS,Juzgado_1_Familia,2023,70.34,1.35,3,0,559,1
EXP-06559,PALMIRA,ALIMENTOS,Juzgado_3_Familia,2021,11.54,0.95,5,1,435,1
EXP-06560,CALI,SUSTANCIAS,Juzgado_2_Familia,2020,70.34,1.2,9,0,504,1
EXP-06561,CALI,ALIMENTOS,Comisaria_1_Familia,2022,70.34,1.1,4,0,411,0
EXP-06562,SEVILLA,SUSTANCIAS,Juzgado_2_Familia,2024,1.62,1.2,3,0,235,1
EXP-06563,PALMIRA,SUSTANCIAS,Juzgado_1_Familia,2021,11.54,1.35,1,0,326,1
EXP-06564,EL AGUILA,ALIMENTOS,Juzgado_1_Familia,2024,0.1666666666666666,1.35,1,1,457,1
EXP-06565,LA CUMBRE,HURTO_PATRIMONIAL,Juzgado_Penal_Municipal_2,2022,0.24,1.05,2,0,326,1
EXP-06566,CALI,SUSTANCIAS,Comisaria_1_Familia,2022,70.34,1.1,2,0,406,1
EXP-06567,CARTAGO,VIF,Juzgado_1_Familia,2024,5.56,1.35,8,0,292,1
EXP-06568,LA UNION,SUSTANCIAS,Juzgado_Penal_Municipal_2,2022,0.575,1.05,4,0,221,1
EXP-06569,ROLDANILLO,ALIMENTOS,Comisaria_2_Familia,2020,1.26,0.9,3,0,268,1
EXP-06570,CANDELARIA,HURTO_PATRIMONIAL,Comisaria_1_Familia,2022,3.08,1.1,8,0,387,1
EXP-06571,EL CAIRO,VIF,Comisaria_1_Familia,2022,0.1,1.1,1,0,184,1
EXP-06572,CANDELARIA,ALIMENTOS,Juzgado_3_Familia,2024,3.08,0.95,11,0,303,0
EXP-06573,YUMBO,HURTO_PATRIMONIAL,Juzgado_Penal_Municipal_2,2020,3.5,1.05,4,1,196,0
EXP-06574,ARGELIA,SUSTANCIAS,Juzgado_1_Familia,2022,0.2,1.35,3,0,296,1
EXP-06575,PALMIRA,VIF,Juzgado_2_Familia,2024,11.54,1.2,2,0,284,1
EXP-06576,CALI,HURTO_PATRIMONIAL,Comisaria_1_Familia,2020,70.34,1.1,5,1,668,1
EXP-06577,SAN PEDRO,VIF,Comisaria_1_Familia,2024,0.3,1.1,4,0,237,1
EXP-06578,FLORIDA,ALIMENTOS,Juzgado_Penal_Municipal_2,2024,0.8,1.05,7,1,252,0
EXP-06579,DAGUA,SUSTANCIAS,Comisaria_2_Familia,2021,1.3666666666666665,0.9,6,0,251,1
EXP-06580,SIN_DATO,HURTO_PATRIMONIAL,Comisaria_2_Familia,2021,2.2,0.9,2,1,436,1
EXP-06581,DAGUA,ALIMENTOS,Juzgado_Penal_Municipal_1,2023,1.3666666666666665,1.25,3,0,286,1
EXP-06582,DAGUA,VIF,Juzgado_Penal_Municipal_1,2022,1.3666666666666665,1.25,2,0,231,1
EXP-06583,CALI,SUSTANCIAS,Comisaria_2_Familia,2023,70.34,0.9,3,0,422,1
EXP-06584,CALI,ALIMENTOS,Juzgado_1_Familia,2021,70.34,1.35,8,0,557,1
EXP-06585,YOTOCO,HURTO_PATRIMONIAL,Comisaria_1_Familia,2023,0.58,1.1,2,1,438,1
EXP-06586,BUENAVENTURA,SUSTANCIAS,Juzgado_2_Familia,2024,3.34,1.2,7,0,317,1
EXP-06587,CALI,VIF,Comisaria_1_Familia,2024,70.34,1.1,7,0,305,0
EXP-06588,CALI,ALIMENTOS,Comisaria_2_Familia,2023,70.34,0.9,4,0,470,1
EXP-06589,PALMIRA,ALIMENTOS,Juzgado_2_Familia,2020,11.54,1.2,17,1,564,1
EXP-06590,CARTAGO,HURTO_PATRIMONIAL,Juzgado_Penal_Municipal_2,2021,5.56,1.05,5,0,354,1
EXP-06591,JAMUNDI,VIF,Juzgado_Penal_Municipal_1,2022,2.64,1.25,7,0,294,1
EXP-06592,SEVILLA,SUSTANCIAS,Juzgado_2_Familia,2024,1.62,1.2,7,0,280,1
EXP-06593,ARGELIA,ALIMENTOS,Juzgado_3_Familia,2022,0.2,0.95,19,0,369,1
EXP-06594,PALMIRA,ALIMENTOS,Comisaria_1_Familia,2024,11.54,1.1,9,1,540,1
EXP-06595,GINEBRA,ALIMENTOS,Comisaria_2_Familia,2022,0.6,0.9,6,0,289,1
EXP-06596,GUADALAJARA DE BUGA,ALIMENTOS,Juzgado_Penal_Municipal_1,2023,6.6,1.25,6,0,382,1
EXP-06597,CALI,SUSTANCIAS,Comisaria_1_Familia,2023,70.34,1.1,1,0,434,1
EXP-06598,BUENAVENTURA,ALIMENTOS,Juzgado_2_Familia,2022,3.34,1.2,3,1,499,1
EXP-06599,SEVILLA,HURTO_PATRIMONIAL,Juzgado_1_Familia,2023,1.62,1.35,5,1,531,1
EXP-06600,PALMIRA,VIF,Comisaria_1_Familia,2024,11.54,1.1,1,0,244,1
EXP-06601,CANDELARIA,HURTO_PATRIMONIAL,Juzgado_1_Familia,2023,3.08,1.35,3,0,390,1
EXP-06602,CARTAGO,VIF,Juzgado_2_Familia,2021,5.56,1.2,2,0,198,0
EXP-06603,YUMBO,VIF,Comisaria_2_Familia,2023,3.5,0.9,1,0,175,1
EXP-06604,CALI,VIF,Juzgado_3_Familia,2022,70.34,0.95,12,0,475,1
EXP-06605,SIN_DATO,HURTO_PATRIMONIAL,Juzgado_Penal_Municipal_1,2024,2.2,1.25,4,1,494,1
EXP-06606,PALMIRA,SUSTANCIAS,Juzgado_Penal_Municipal_1,2022,11.54,1.25,6,0,156,0
EXP-06607,CANDELARIA,SUSTANCIAS,Comisaria_2_Familia,2020,3.08,0.9,2,0,148,1
EXP-06608,ALCALA,SUSTANCIAS,Comisaria_1_Familia,2023,0.22,1.1,4,0,235,1
EXP-06609,CANDELARIA,SUSTANCIAS,Juzgado_1_Familia,2023,3.08,1.35,10,0,285,0
EXP-06610,CALI,VIF,Comisaria_2_Familia,2020,70.34,0.9,3,0,369,1
EXP-06611,GUADALAJARA DE BUGA,ALIMENTOS,Juzgado_3_Familia,2024,6.6,0.95,9,1,484,1
EXP-06612,TULUA,VIF,Comisaria_1_Familia,2022,3.34,1.1,5,0,214,0
EXP-06613,GUADALAJARA DE BUGA,HURTO_PATRIMONIAL,Comisaria_1_Familia,2022,6.6,1.1,4,1,514,1
EXP-06614,BUENAVENTURA,VIF,Comisaria_1_Familia,2024,3.34,1.1,5,0,238,1
EXP-06615,BUENAVENTURA,SUSTANCIAS,Juzgado_3_Familia,2024,3.34,0.95,1,0,193,1
EXP-06616,TULUA,HURTO_PATRIMONIAL,Juzgado_Penal_Municipal_1,2024,3.34,1.25,3,0,391,1
EXP-06617,GINEBRA,VIF,Juzgado_Penal_Municipal_1,2021,0.6,1.25,2,0,224,1
EXP-06618,PALMIRA,HURTO_PATRIMONIAL,Juzgado_1_Familia,2022,11.54,1.35,2,0,367,1
EXP-06619,CARTAGO,VIF,Comisaria_1_Familia,2022,5.56,1.1,14,0,330,1
EXP-06620,ROLDANILLO,ALIMENTOS,Juzgado_Penal_Municipal_1,2022,1.26,1.25,6,0,338,1
EXP-06621,CARTAGO,VIF,Juzgado_3_Familia,2022,5.56,0.95,2,0,170,1
EXP-06622,JAMUNDI,ALIMENTOS,Juzgado_Penal_Municipal_1,2022,2.64,1.25,6,1,485,1
EXP-06623,DAGUA,SUSTANCIAS,Comisaria_1_Familia,2023,1.3666666666666665,1.1,5,0,244,1
EXP-06624,ROLDANILLO,VIF,Juzgado_2_Familia,2024,1.26,1.2,1,0,231,1
EXP-06625,BUENAVENTURA,ALIMENTOS,Juzgado_Penal_Municipal_2,2023,3.34,1.05,1,0,260,1
EXP-06626,PALMIRA,ALIMENTOS,Comisaria_2_Familia,2020,11.54,0.9,4,1,385,1
EXP-06627,EL AGUILA,VIF,Juzgado_Penal_Municipal_2,2022,0.1666666666666666,1.05,1,0,171,1
EXP-06628,CALI,VIF,Juzgado_2_Familia,2021,70.34,1.2,3,0,465,1
EXP-06629,LA CUMBRE,SUSTANCIAS,Juzgado_3_Familia,2023,0.24,0.95,8,0,208,1
EXP-06630,CALI,ALIMENTOS,Juzgado_Penal_Municipal_2,2022,70.34,1.05,6,0,505,1
EXP-06631,PALMIRA,VIF,Juzgado_1_Familia,2021,11.54,1.35,7,0,224,0
EXP-06632,SIN_DATO,HURTO_PATRIMONIAL,Juzgado_Penal_Municipal_1,2023,2.2,1.25,10,0,448,1
EXP-06633,YUMBO,VIF,Juzgado_Penal_Municipal_2,2023,3.5,1.05,5,0,228,1
EXP-06634,OBANDO,VIF,Comisaria_2_Familia,2020,0.38,0.9,1,0,171,1
EXP-06635,SIN_DATO,ALIMENTOS,Juzgado_2_Familia,2020,2.2,1.2,2,0,312,1
EXP-06636,CALI,VIF,Juzgado_Penal_Municipal_1,2021,70.34,1.25,1,0,436,1
EXP-06637,DAGUA,SUSTANCIAS,Juzgado_Penal_Municipal_1,2023,1.3666666666666665,1.25,10,0,365,1
EXP-06638,SEVILLA,ALIMENTOS,Juzgado_Penal_Municipal_2,2024,1.62,1.05,9,0,338,1
EXP-06639,ARGELIA,VIF,Juzgado_3_Familia,2021,0.2,0.95,14,0,276,1
EXP-06640,ROLDANILLO,HURTO_PATRIMONIAL,Juzgado_3_Familia,2024,1.26,0.95,8,0,349,1
EXP-06641,ROLDANILLO,SUSTANCIAS,Juzgado_Penal_Municipal_2,2022,1.26,1.05,6,0,160,0
EXP-06642,PRADERA,VIF,Juzgado_Penal_Municipal_1,2024,0.72,1.25,6,0,286,1
EXP-06643,CALI,HURTO_PATRIMONIAL,Juzgado_2_Familia,2023,70.34,1.2,9,0,626,1
EXP-06644,LA UNION,VIF,Juzgado_1_Familia,2020,0.575,1.35,2,0,253,1
EXP-06645,CALI,VIF,Juzgado_1_Familia,2021,70.34,1.35,4,0,468,1
EXP-06646,LA VICTORIA,VIF,Juzgado_1_Familia,2024,0.1666666666666666,1.35,8,0,303,1
EXP-06647,ANDALUCIA,VIF,Juzgado_Penal_Municipal_2,2022,0.38,1.05,19,0,341,1
EXP-06648,GUACARI,VIF,Juzgado_Penal_Municipal_1,2024,1.48,1.25,5,0,275,1
EXP-06649,CALIMA,VIF,Juzgado_Penal_Municipal_2,2022,0.3199999999999999,1.05,1,0,193,1
EXP-06650,CALI,HURTO_PATRIMONIAL,Juzgado_2_Familia,2023,70.34,1.2,4,0,516,1
EXP-06651,ZARZAL,ALIMENTOS,Juzgado_1_Familia,2023,1.12,1.35,1,0,304,1
EXP-06652,SAN PEDRO,HURTO_PATRIMONIAL,Juzgado_2_Familia,2022,0.3,1.2,5,1,502,1
EXP-06653,BOLIVAR,ALIMENTOS,Juzgado_Penal_Municipal_2,2020,0.2333333333333333,1.05,7,0,326,1
EXP-06654,YOTOCO,HURTO_PATRIMONIAL,Comisaria_1_Familia,2021,0.58,1.1,3,1,500,1
EXP-06655,ALCALA,SUSTANCIAS,Juzgado_2_Familia,2024,0.22,1.2,1,0,246,1
EXP-06656,CALI,ALIMENTOS,Juzgado_Penal_Municipal_2,2024,70.34,1.05,10,0,546,1
EXP-06657,CALI,VIF,Juzgado_Penal_Municipal_2,2022,70.34,1.05,6,0,453,1
EXP-06658,ARGELIA,ALIMENTOS,Comisaria_1_Familia,2021,0.2,1.1,8,0,322,1
EXP-06659,PALMIRA,HURTO_PATRIMONIAL,Comisaria_2_Familia,2020,11.54,0.9,4,0,315,1
EXP-06660,CALI,ALIMENTOS,Juzgado_3_Familia,2022,70.34,0.95,4,0,446,1
EXP-06661,PALMIRA,ALIMENTOS,Comisaria_2_Familia,2023,11.54,0.9,7,0,279,1
EXP-06662,CALI,VIF,Comisaria_1_Familia,2020,70.34,1.1,9,0,468,1
EXP-06663,CALI,VIF,Juzgado_3_Familia,2024,70.34,0.95,12,0,466,1
EXP-06664,CAICEDONIA,HURTO_PATRIMONIAL,Juzgado_2_Familia,2024,1.28,1.2,3,1,515,1
EXP-06665,PALMIRA,ALIMENTOS,Juzgado_2_Familia,2024,11.54,1.2,2,1,496,1
EXP-06666,EL CERRITO,VIF,Comisaria_1_Familia,2021,1.1,1.1,10,0,244,1
EXP-06667,YOTOCO,ALIMENTOS,Juzgado_2_Familia,2021,0.58,1.2,1,1,435,1
EXP-06668,PALMIRA,HURTO_PATRIMONIAL,Comisaria_2_Familia,2024,11.54,0.9,2,1,501,1
EXP-06669,CARTAGO,SUSTANCIAS,Comisaria_2_Familia,2023,5.56,0.9,4,0,201,1
EXP-06670,BUENAVENTURA,VIF,Comisaria_2_Familia,2023,3.34,0.9,1,0,174,1
EXP-06671,GUADALAJARA DE BUGA,HURTO_PATRIMONIAL,Juzgado_2_Familia,2022,6.6,1.2,6,0,359,1
EXP-06672,YUMBO,SUSTANCIAS,Juzgado_Penal_Municipal_2,2024,3.5,1.05,7,0,276,1
EXP-06673,VIJES,ALIMENTOS,Juzgado_3_Familia,2022,0.175,0.95,2,0,195,1
EXP-06674,YUMBO,VIF,Juzgado_Penal_Municipal_2,2023,3.5,1.05,2,0,214,1
EXP-06675,PRADERA,ALIMENTOS,Juzgado_Penal_Municipal_2,2023,0.72,1.05,2,1,441,1
EXP-06676,BUENAVENTURA,ALIMENTOS,Comisaria_1_Familia,2024,3.34,1.1,6,0,295,0
EXP-06677,GUACARI,ALIMENTOS,Juzgado_1_Familia,2020,1.48,1.35,3,0,194,0
EXP-06678,GUACARI,ALIMENTOS,Juzgado_2_Familia,2020,1.48,1.2,6,0,315,1
EXP-06679,GINEBRA,HURTO_PATRIMONIAL,Comisaria_2_Familia,2024,0.6,0.9,3,0,305,1
EXP-06680,GUADALAJARA DE BUGA,VIF,Juzgado_2_Familia,2024,6.6,1.2,1,0,238,1
EXP-06681,CALI,VIF,Juzgado_1_Familia,2023,70.34,1.35,3,0,460,1
EXP-06682,GUADALAJARA DE BUGA,VIF,Comisaria_2_Familia,2024,6.6,0.9,5,0,243,1
EXP-06683,TULUA,SUSTANCIAS,Juzgado_1_Familia,2021,3.34,1.35,4,0,274,1
EXP-06684,ANSERMANUEVO,ALIMENTOS,Juzgado_2_Familia,2022,0.2,1.2,2,1,389,1
EXP-06685,VIJES,ALIMENTOS,Juzgado_2_Familia,2020,0.175,1.2,10,0,367,1
EXP-06686,CALI,ALIMENTOS,Juzgado_Penal_Municipal_1,2023,70.34,1.25,1,0,572,1
EXP-06687,SIN_DATO,HURTO_PATRIMONIAL,Juzgado_3_Familia,2020,2.2,0.95,4,1,435,1
EXP-06688,CARTAGO,HURTO_PATRIMONIAL,Juzgado_2_Familia,2024,5.56,1.2,4,1,556,1
EXP-06689,CALI,ALIMENTOS,Juzgado_Penal_Municipal_1,2021,70.34,1.25,1,0,515,1
EXP-06690,ANDALUCIA,ALIMENTOS,Juzgado_Penal_Municipal_1,2020,0.38,1.25,3,0,330,1
EXP-06691,TULUA,HURTO_PATRIMONIAL,Juzgado_Penal_Municipal_2,2023,3.34,1.05,7,1,325,0
EXP-06692,CARTAGO,ALIMENTOS,Juzgado_3_Familia,2023,5.56,0.95,3,0,284,1
EXP-06693,ANDALUCIA,HURTO_PATRIMONIAL,Juzgado_2_Familia,2024,0.38,1.2,4,1,466,1
EXP-06694,SIN_DATO,VIF,Juzgado_Penal_Municipal_2,2023,2.2,1.05,10,0,132,0
EXP-06695,SIN_DATO,ALIMENTOS,Juzgado_2_Familia,2023,2.2,1.2,3,0,137,0
EXP-06696,FLORIDA,VIF,Comisaria_2_Familia,2022,0.8,0.9,1,0,119,0
EXP-06697,CALI,HURTO_PATRIMONIAL,Juzgado_3_Familia,2022,70.34,0.95,1,0,475,1
EXP-06698,CALI,VIF,Juzgado_2_Familia,2020,70.34,1.2,8,0,456,1
EXP-06699,GUADALAJARA DE BUGA,VIF,Comisaria_2_Familia,2022,6.6,0.9,10,0,246,1
EXP-06700,CALI,ALIMENTOS,Juzgado_Penal_Municipal_2,2024,70.34,1.05,1,0,475,1
EXP-06701,PALMIRA,HURTO_PATRIMONIAL,Comisaria_2_Familia,2020,11.54,0.9,2,0,311,1
EXP-06702,CALI,VIF,Juzgado_2_Familia,2024,70.34,1.2,11,0,505,1
EXP-06703,FLORIDA,ALIMENTOS,Juzgado_Penal_Municipal_2,2024,0.8,1.05,3,1,428,1
EXP-06704,EL CAIRO,VIF,Juzgado_3_Familia,2024,0.1,0.95,2,0,229,1
EXP-06705,PALMIRA,SUSTANCIAS,Comisaria_2_Familia,2020,11.54,0.9,2,0,209,1
EXP-06706,EL CERRITO,HURTO_PATRIMONIAL,Comisaria_1_Familia,2024,1.1,1.1,2,0,277,1
EXP-06707,YUMBO,VIF,Juzgado_2_Familia,2023,3.5,1.2,3,0,263,1
EXP-06708,CALIMA,HURTO_PATRIMONIAL,Comisaria_1_Familia,2024,0.3199999999999999,1.1,14,0,454,1
EXP-06709,BUENAVENTURA,ALIMENTOS,Juzgado_Penal_Municipal_1,2023,3.34,1.25,5,0,312,1
EXP-06710,RESTREPO,ALIMENTOS,Juzgado_Penal_Municipal_2,2022,0.24,1.05,7,0,275,1
EXP-06711,LA VICTORIA,ALIMENTOS,Juzgado_2_Familia,2023,0.1666666666666666,1.2,4,0,280,1
EXP-06712,FLORIDA,ALIMENTOS,Juzgado_Penal_Municipal_1,2024,0.8,1.25,10,1,540,1
EXP-06713,JAMUNDI,ALIMENTOS,Juzgado_2_Familia,2023,2.64,1.2,2,0,231,0
EXP-06714,CALI,VIF,Juzgado_Penal_Municipal_2,2022,70.34,1.05,6,0,405,1
EXP-06715,GUACARI,ALIMENTOS,Comisaria_1_Familia,2024,1.48,1.1,4,0,269,1
EXP-06716,GUACARI,ALIMENTOS,Juzgado_Penal_Municipal_2,2024,1.48,1.05,6,1,461,1
EXP-06717,GUADALAJARA DE BUGA,VIF,Juzgado_3_Familia,2024,6.6,0.95,1,0,132,0
EXP-06718,ZARZAL,SUSTANCIAS,Juzgado_2_Familia,2024,1.12,1.2,1,0,257,1
EXP-06719,SEVILLA,VIF,Comisaria_2_Familia,2024,1.62,0.9,6,0,228,1
EXP-06720,ARGELIA,HURTO_PATRIMONIAL,Juzgado_3_Familia,2020,0.2,0.95,1,0,220,1
EXP-06721,CALI,HURTO_PATRIMONIAL,Juzgado_Penal_Municipal_1,2021,70.34,1.25,3,1,621,0
EXP-06722,JAMUNDI,ALIMENTOS,Juzgado_1_Familia,2022,2.64,1.35,1,0,294,1
EXP-06723,YOTOCO,HURTO_PATRIMONIAL,Comisaria_2_Familia,2022,0.58,0.9,5,1,299,0
EXP-06724,CALI,VIF,Comisaria_2_Familia,2023,70.34,0.9,2,0,400,1
EXP-06725,SAN PEDRO,VIF,Comisaria_2_Familia,2022,0.3,0.9,9,0,222,1
EXP-06726,GUACARI,HURTO_PATRIMONIAL,Juzgado_Penal_Municipal_2,2024,1.48,1.05,7,0,376,1
EXP-06727,CALI,SUSTANCIAS,Juzgado_3_Familia,2024,70.34,0.95,1,0,395,1
EXP-06728,CANDELARIA,ALIMENTOS,Juzgado_3_Familia,2023,3.08,0.95,1,0,255,1
EXP-06729,ANDALUCIA,SUSTANCIAS,Juzgado_Penal_Municipal_1,2024,0.38,1.25,9,0,324,1
EXP-06730,PALMIRA,SUSTANCIAS,Juzgado_3_Familia,2024,11.54,0.95,1,0,237,1
EXP-06731,OBANDO,ALIMENTOS,Juzgado_Penal_Municipal_2,2022,0.38,1.05,1,0,258,1
EXP-06732,BUENAVENTURA,VIF,Juzgado_Penal_Municipal_2,2023,3.34,1.05,5,0,245,1
EXP-06733,GUADALAJARA DE BUGA,HURTO_PATRIMONIAL,Juzgado_1_Familia,2024,6.6,1.35,1,1,583,1
EXP-06734,CALI,ALIMENTOS,Juzgado_Penal_Municipal_2,2023,70.34,1.05,3,0,461,1
EXP-06735,TRUJILLO,ALIMENTOS,Juzgado_Penal_Municipal_1,2023,0.225,1.25,4,0,329,1
EXP-06736,LA UNION,VIF,Juzgado_3_Familia,2023,0.575,0.95,6,0,214,1
EXP-06737,ANDALUCIA,HURTO_PATRIMONIAL,Comisaria_1_Familia,2023,0.38,1.1,4,0,285,1
EXP-06738,JAMUNDI,VIF,Juzgado_2_Familia,2020,2.64,1.2,10,0,257,1
EXP-06739,SEVILLA,ALIMENTOS,Juzgado_2_Familia,2023,1.62,1.2,4,0,327,1
EXP-06740,CAICEDONIA,HURTO_PATRIMONIAL,Comisaria_2_Familia,2021,1.28,0.9,1,0,247,1
EXP-06741,CALI,HURTO_PATRIMONIAL,Juzgado_Penal_Municipal_1,2023,70.34,1.25,5,1,684,0
EXP-06742,ROLDANILLO,HURTO_PATRIMONIAL,Juzgado_Penal_Municipal_1,2023,1.26,1.25,1,0,316,0
EXP-06743,CALI,VIF,Comisaria_1_Familia,2024,70.34,1.1,1,0,421,1
EXP-06744,CALI,VIF,Juzgado_3_Familia,2020,70.34,0.95,2,0,396,1
EXP-06745,YUMBO,HURTO_PATRIMONIAL,Comisaria_1_Familia,2020,3.5,1.1,3,1,478,1
EXP-06746,CALI,VIF,Comisaria_1_Familia,2021,70.34,1.1,3,0,420,1
EXP-06747,SIN_DATO,ALIMENTOS,Juzgado_3_Familia,2024,2.2,0.95,2,0,130,0
EXP-06748,SIN_DATO,VIF,Juzgado_Penal_Municipal_2,2023,2.2,1.05,1,0,222,1
EXP-06749,VERSALLES,VIF,Juzgado_2_Familia,2024,0.1333333333333333,1.2,6,0,247,1
EXP-06750,EL CAIRO,ALIMENTOS,Juzgado_Penal_Municipal_2,2022,0.1,1.05,1,0,224,1
EXP-06751,EL CERRITO,VIF,Juzgado_Penal_Municipal_1,2023,1.1,1.25,2,0,204,1
EXP-06752,ZARZAL,ALIMENTOS,Juzgado_1_Familia,2023,1.12,1.35,6,0,375,1
EXP-06753,BOLIVAR,VIF,Comisaria_2_Familia,2022,0.2333333333333333,0.9,4,0,184,1
EXP-06754,ARGELIA,VIF,Juzgado_2_Familia,2021,0.2,1.2,5,0,241,1
EXP-06755,GINEBRA,VIF,Juzgado_Penal_Municipal_1,2022,0.6,1.25,9,0,309,1
EXP-06756,SEVILLA,VIF,Juzgado_3_Familia,2020,1.62,0.95,6,0,199,1
EXP-06757,CALI,ALIMENTOS,Comisaria_2_Familia,2022,70.34,0.9,7,1,601,1
EXP-06758,ANDALUCIA,ALIMENTOS,Comisaria_2_Familia,2020,0.38,0.9,4,1,411,1
EXP-06759,JAMUNDI,ALIMENTOS,Juzgado_Penal_Municipal_1,2022,2.64,1.25,8,0,399,1
EXP-06760,SAN PEDRO,VIF,Juzgado_1_Familia,2024,0.3,1.35,11,0,332,1
EXP-06761,GINEBRA,SUSTANCIAS,Juzgado_3_Familia,2021,0.6,0.95,2,0,92,0
EXP-06762,EL CERRITO,ALIMENTOS,Juzgado_2_Familia,2022,1.1,1.2,4,1,480,1
EXP-06763,SAN PEDRO,ALIMENTOS,Juzgado_Penal_Municipal_2,2023,0.3,1.05,2,1,393,1
EXP-06764,PALMIRA,ALIMENTOS,Juzgado_1_Familia,2021,11.54,1.35,1,1,260,0
EXP-06765,FLORIDA,HURTO_PATRIMONIAL,Comisaria_1_Familia,2023,0.8,1.1,4,1,463,1
EXP-06766,CAICEDONIA,ALIMENTOS,Juzgado_3_Familia,2020,1.28,0.95,5,0,267,1
EXP-06767,CALI,VIF,Juzgado_3_Familia,2024,70.34,0.95,9,0,457,1
EXP-06768,BOLIVAR,ALIMENTOS,Juzgado_Penal_Municipal_1,2022,0.2333333333333333,1.25,3,0,346,1
EXP-06769,ANSERMANUEVO,ALIMENTOS,Juzgado_3_Familia,2020,0.2,0.95,8,0,245,1
EXP-06770,EL DOVIO,ALIMENTOS,Comisaria_1_Familia,2023,0.1,1.1,2,1,401,1
EXP-06771,CALI,HURTO_PATRIMONIAL,Juzgado_2_Familia,2024,70.34,1.2,6,0,591,1
EXP-06772,DAGUA,SUSTANCIAS,Juzgado_2_Familia,2024,1.3666666666666665,1.2,2,0,243,1
EXP-06773,YOTOCO,VIF,Juzgado_3_Familia,2024,0.58,0.95,5,0,219,1
EXP-06774,BOLIVAR,VIF,Juzgado_Penal_Municipal_2,2023,0.2333333333333333,1.05,11,0,126,0
EXP-06775,JAMUNDI,ALIMENTOS,Juzgado_Penal_Municipal_2,2022,2.64,1.05,7,0,306,1
EXP-06776,SIN_DATO,SUSTANCIAS,Juzgado_2_Familia,2022,2.2,1.2,9,0,317,1
EXP-06777,CALI,VIF,Juzgado_1_Familia,2023,70.34,1.35,3,0,480,1
EXP-06778,CALI,ALIMENTOS,Juzgado_3_Familia,2022,70.34,0.95,12,0,242,0
EXP-06779,TULUA,VIF,Juzgado_Penal_Municipal_2,2022,3.34,1.05,2,0,205,1
EXP-06780,CALI,HURTO_PATRIMONIAL,Comisaria_1_Familia,2024,70.34,1.1,3,0,531,1
EXP-06781,GUADALAJARA DE BUGA,HURTO_PATRIMONIAL,Juzgado_2_Familia,2024,6.6,1.2,1,0,418,1
EXP-06782,CALI,ALIMENTOS,Juzgado_3_Familia,2020,70.34,0.95,2,1,237,0
EXP-06783,YUMBO,HURTO_PATRIMONIAL,Juzgado_2_Familia,2023,3.5,1.2,1,0,344,1
EXP-06784,CALI,ALIMENTOS,Juzgado_2_Familia,2020,70.34,1.2,2,0,513,1
EXP-06785,LA CUMBRE,VIF,Juzgado_Penal_Municipal_1,2020,0.24,1.25,8,0,129,0
EXP-06786,GUACARI,VIF,Juzgado_Penal_Municipal_2,2023,1.48,1.05,6,0,252,1
EXP-06787,ARGELIA,ALIMENTOS,Comisaria_1_Familia,2020,0.2,1.1,6,0,296,1
EXP-06788,JAMUNDI,VIF,Juzgado_Penal_Municipal_2,2022,2.64,1.05,7,0,246,1
EXP-06789,FLORIDA,HURTO_PATRIMONIAL,Juzgado_3_Familia,2024,0.8,0.95,2,0,254,1
EXP-06790,CARTAGO,ALIMENTOS,Juzgado_2_Familia,2023,5.56,1.2,1,1,437,1
EXP-06791,FLORIDA,ALIMENTOS,Juzgado_1_Familia,2024,0.8,1.35,13,1,565,1
EXP-06792,CALI,HURTO_PATRIMONIAL,Juzgado_Penal_Municipal_2,2023,70.34,1.05,4,0,589,1
EXP-06793,PALMIRA,ALIMENTOS,Comisaria_2_Familia,2024,11.54,0.9,2,0,220,1
EXP-06794,GINEBRA,ALIMENTOS,Comisaria_2_Familia,2024,0.6,0.9,4,0,239,1
EXP-06795,JAMUNDI,SUSTANCIAS,Juzgado_1_Familia,2022,2.64,1.35,1,0,216,0
EXP-06796,YUMBO,ALIMENTOS,Juzgado_2_Familia,2021,3.5,1.2,12,0,400,1
EXP-06797,TULUA,VIF,Comisaria_2_Familia,2023,3.34,0.9,1,0,118,0
EXP-06798,JAMUNDI,HURTO_PATRIMONIAL,Comisaria_2_Familia,2023,2.64,0.9,2,0,119,0
EXP-06799,SIN_DATO,VIF,Juzgado_1_Familia,2022,2.2,1.35,6,0,286,1
EXP-06800,PRADERA,VIF,Juzgado_2_Familia,2022,0.72,1.2,1,0,246,1
EXP-06801,CALI,HURTO_PATRIMONIAL,Juzgado_Penal_Municipal_1,2021,70.34,1.25,4,0,527,1
EXP-06802,GUACARI,HURTO_PATRIMONIAL,Comisaria_1_Familia,2020,1.48,1.1,3,0,304,1
EXP-06803,RIOFRIO,VIF,Juzgado_2_Familia,2023,0.175,1.2,1,0,226,1
EXP-06804,LA UNION,ALIMENTOS,Juzgado_Penal_Municipal_1,2021,0.575,1.25,5,0,300,1
EXP-06805,PRADERA,VIF,Juzgado_1_Familia,2023,0.72,1.35,5,0,284,1
EXP-06806,FLORIDA,HURTO_PATRIMONIAL,Juzgado_1_Familia,2024,0.8,1.35,4,1,513,1
EXP-06807,SEVILLA,VIF,Juzgado_1_Familia,2024,1.62,1.35,6,0,239,1
EXP-06808,CALI,HURTO_PATRIMONIAL,Juzgado_Penal_Municipal_1,2022,70.34,1.25,1,0,388,0
EXP-06809,CALI,VIF,Juzgado_3_Familia,2021,70.34,0.95,2,0,391,1
EXP-06810,CALI,VIF,Comisaria_1_Familia,2021,70.34,1.1,3,0,414,1
EXP-06811,PRADERA,ALIMENTOS,Juzgado_3_Familia,2021,0.72,0.95,3,1,364,1
EXP-06812,TULUA,ALIMENTOS,Comisaria_2_Familia,2024,3.34,0.9,3,0,151,0
EXP-06813,EL CERRITO,VIF,Juzgado_1_Familia,2023,1.1,1.35,6,0,211,0
EXP-06814,GINEBRA,ALIMENTOS,Juzgado_1_Familia,2024,0.6,1.35,2,1,443,1
EXP-06815,BUENAVENTURA,VIF,Comisaria_2_Familia,2021,3.34,0.9,1,0,156,1
EXP-06816,SEVILLA,SUSTANCIAS,Juzgado_3_Familia,2024,1.62,0.95,1,0,205,1
EXP-06817,CALI,ALIMENTOS,Comisaria_2_Familia,2023,70.34,0.9,8,1,654,1
EXP-06818,JAMUNDI,ALIMENTOS,Juzgado_3_Familia,2024,2.64,0.95,3,0,296,1
EXP-06819,ZARZAL,ALIMENTOS,Juzgado_Penal_Municipal_2,2021,1.12,1.05,4,1,362,0
EXP-06820,CARTAGO,HURTO_PATRIMONIAL,Juzgado_2_Familia,2024,5.56,1.2,3,1,481,1
EXP-06821,ANSERMANUEVO,SUSTANCIAS,Comisaria_1_Familia,2022,0.2,1.1,5,0,235,1
EXP-06822,GINEBRA,VIF,Comisaria_2_Familia,2023,0.6,0.9,1,0,157,0
EXP-06823,CALI,VIF,Comisaria_1_Familia,2024,70.34,1.1,8,0,322,0
EXP-06824,JAMUNDI,VIF,Juzgado_Penal_Municipal_2,2022,2.64,1.05,2,0,196,1
EXP-06825,ZARZAL,HURTO_PATRIMONIAL,Comisaria_1_Familia,2021,1.12,1.1,1,0,271,0
EXP-06826,ANDALUCIA,ALIMENTOS,Comisaria_1_Familia,2021,0.38,1.1,1,0,274,1
EXP-06827,CARTAGO,VIF,Juzgado_3_Familia,2021,5.56,0.95,13,0,218,0
EXP-06828,PALMIRA,HURTO_PATRIMONIAL,Juzgado_1_Familia,2022,11.54,1.35,6,0,437,1
EXP-06829,CALI,VIF,Juzgado_Penal_Municipal_2,2020,70.34,1.05,5,0,418,1
EXP-06830,JAMUNDI,ALIMENTOS,Juzgado_Penal_Municipal_2,2023,2.64,1.05,5,1,436,1
EXP-06831,PALMIRA,HURTO_PATRIMONIAL,Comisaria_2_Familia,2021,11.54,0.9,2,1,247,0
EXP-06832,TULUA,VIF,Comisaria_1_Familia,2024,3.34,1.1,6,0,273,1
EXP-06833,CALI,ALIMENTOS,Comisaria_1_Familia,2021,70.34,1.1,2,1,615,1
EXP-06834,VIJES,ALIMENTOS,Comisaria_2_Familia,2024,0.175,0.9,6,0,228,1
EXP-06835,CALI,HURTO_PATRIMONIAL,Juzgado_2_Familia,2020,70.34,1.2,9,1,629,0
EXP-06836,TRUJILLO,VIF,Juzgado_3_Familia,2024,0.225,0.95,3,0,200,1
EXP-06837,SEVILLA,HURTO_PATRIMONIAL,Juzgado_Penal_Municipal_2,2021,1.62,1.05,1,0,159,0
EXP-06838,CARTAGO,HURTO_PATRIMONIAL,Comisaria_1_Familia,2024,5.56,1.1,1,0,296,0
EXP-06839,CALI,SUSTANCIAS,Comisaria_2_Familia,2023,70.34,0.9,1,0,416,1
EXP-06840,SIN_DATO,ALIMENTOS,Juzgado_Penal_Municipal_2,2024,2.2,1.05,6,1,445,1
EXP-06841,CALI,VIF,Juzgado_Penal_Municipal_1,2022,70.34,1.25,2,0,459,1
EXP-06842,TULUA,VIF,Juzgado_2_Familia,2021,3.34,1.2,7,0,292,1
EXP-06843,PALMIRA,ALIMENTOS,Juzgado_Penal_Municipal_2,2024,11.54,1.05,3,0,326,1
EXP-06844,CALI,SUSTANCIAS,Juzgado_Penal_Municipal_2,2022,70.34,1.05,2,0,413,1
EXP-06845,DAGUA,ALIMENTOS,Juzgado_Penal_Municipal_2,2020,1.3666666666666665,1.05,12,0,319,1
EXP-06846,BUENAVENTURA,ALIMENTOS,Comisaria_1_Familia,2024,3.34,1.1,2,0,267,1
EXP-06847,CANDELARIA,ALIMENTOS,Comisaria_2_Familia,2021,3.08,0.9,1,0,90,0
EXP-06848,SEVILLA,HURTO_PATRIMONIAL,Comisaria_2_Familia,2020,1.62,0.9,2,0,251,1
EXP-06849,TULUA,HURTO_PATRIMONIAL,Juzgado_1_Familia,2023,3.34,1.35,4,1,532,1
EXP-06850,LA UNION,HURTO_PATRIMONIAL,Comisaria_2_Familia,2022,0.575,0.9,1,0,236,1
EXP-06851,GINEBRA,VIF,Comisaria_1_Familia,2024,0.6,1.1,2,0,248,1
EXP-06852,GUADALAJARA DE BUGA,ALIMENTOS,Juzgado_2_Familia,2024,6.6,1.2,7,0,396,1
EXP-06853,CALI,HURTO_PATRIMONIAL,Comisaria_2_Familia,2021,70.34,0.9,6,0,510,1
EXP-06854,YOTOCO,HURTO_PATRIMONIAL,Juzgado_3_Familia,2023,0.58,0.95,9,0,371,1
EXP-06855,YUMBO,HURTO_PATRIMONIAL,Juzgado_3_Familia,2024,3.5,0.95,2,0,242,1
EXP-06856,FLORIDA,SUSTANCIAS,Juzgado_2_Familia,2021,0.8,1.2,4,0,255,1
EXP-06857,ROLDANILLO,ALIMENTOS,Juzgado_Penal_Municipal_1,2024,1.26,1.25,1,0,336,1
EXP-06858,SAN PEDRO,VIF,Juzgado_3_Familia,2020,0.3,0.95,5,0,202,1
EXP-06859,JAMUNDI,SUSTANCIAS,Juzgado_Penal_Municipal_2,2022,2.64,1.05,7,0,275,1
EXP-06860,LA CUMBRE,ALIMENTOS,Juzgado_Penal_Municipal_1,2023,0.24,1.25,7,0,371,1
EXP-06861,CALIMA,ALIMENTOS,Comisaria_1_Familia,2021,0.3199999999999999,1.1,1,0,267,1
EXP-06862,ZARZAL,ALIMENTOS,Comisaria_1_Familia,2020,1.12,1.1,9,1,487,1
EXP-06863,PALMIRA,ALIMENTOS,Juzgado_3_Familia,2023,11.54,0.95,6,1,442,1
EXP-06864,ZARZAL,ALIMENTOS,Juzgado_2_Familia,2022,1.12,1.2,2,0,304,1
EXP-06865,CAICEDONIA,HURTO_PATRIMONIAL,Juzgado_Penal_Municipal_1,2023,1.28,1.25,4,0,447,1
EXP-06866,DAGUA,ALIMENTOS,Juzgado_Penal_Municipal_2,2023,1.3666666666666665,1.05,12,1,494,1
EXP-06867,GUADALAJARA DE BUGA,HURTO_PATRIMONIAL,Juzgado_Penal_Municipal_1,2024,6.6,1.25,6,1,504,1
EXP-06868,BOLIVAR,VIF,Juzgado_2_Familia,2023,0.2333333333333333,1.2,7,0,267,1
EXP-06869,PALMIRA,VIF,Juzgado_1_Familia,2021,11.54,1.35,3,0,300,1
EXP-06870,LA UNION,VIF,Juzgado_1_Familia,2023,0.575,1.35,6,0,295,1
EXP-06871,JAMUNDI,ALIMENTOS,Juzgado_Penal_Municipal_1,2024,2.64,1.25,6,0,365,1
EXP-06872,PALMIRA,VIF,Comisaria_2_Familia,2024,11.54,0.9,8,0,237,1
EXP-06873,CALI,HURTO_PATRIMONIAL,Comisaria_1_Familia,2021,70.34,1.1,1,0,526,1
EXP-06874,ROLDANILLO,SUSTANCIAS,Juzgado_2_Familia,2024,1.26,1.2,4,0,274,1
EXP-06875,CANDELARIA,VIF,Comisaria_2_Familia,2024,3.08,0.9,24,0,344,1
EXP-06876,ANSERMANUEVO,HURTO_PATRIMONIAL,Juzgado_Penal_Municipal_1,2021,0.2,1.25,3,0,323,0
EXP-06877,PALMIRA,HURTO_PATRIMONIAL,Juzgado_2_Familia,2021,11.54,1.2,1,1,498,1
EXP-06878,LA VICTORIA,ALIMENTOS,Juzgado_Penal_Municipal_1,2024,0.1666666666666666,1.25,4,0,327,1
EXP-06879,PALMIRA,ALIMENTOS,Juzgado_1_Familia,2022,11.54,1.35,5,0,382,1
EXP-06880,BUENAVENTURA,ALIMENTOS,Juzgado_1_Familia,2023,3.34,1.35,7,1,520,1
EXP-06881,CALI,VIF,Comisaria_1_Familia,2023,70.34,1.1,13,0,529,1
EXP-06882,GUADALAJARA DE BUGA,VIF,Juzgado_3_Familia,2023,6.6,0.95,1,0,197,1
EXP-06883,CANDELARIA,VIF,Juzgado_Penal_Municipal_2,2022,3.08,1.05,5,0,237,1
EXP-06884,CARTAGO,ALIMENTOS,Comisaria_1_Familia,2023,5.56,1.1,6,1,448,1
EXP-06885,GUADALAJARA DE BUGA,ALIMENTOS,Comisaria_2_Familia,2023,6.6,0.9,2,0,237,1
EXP-06886,GUACARI,ALIMENTOS,Juzgado_3_Familia,2020,1.48,0.95,7,1,449,1
EXP-06887,RESTREPO,HURTO_PATRIMONIAL,Juzgado_Penal_Municipal_1,2024,0.24,1.25,1,1,515,1
EXP-06888,CALI,VIF,Comisaria_1_Familia,2024,70.34,1.1,1,0,387,1
EXP-06889,EL CAIRO,HURTO_PATRIMONIAL,Juzgado_1_Familia,2024,0.1,1.35,6,0,439,1
EXP-06890,BUENAVENTURA,HURTO_PATRIMONIAL,Juzgado_Penal_Municipal_1,2024,3.34,1.25,5,1,512,1
EXP-06891,FLORIDA,HURTO_PATRIMONIAL,Juzgado_2_Familia,2022,0.8,1.2,12,0,452,1
EXP-06892,BUENAVENTURA,VIF,Comisaria_2_Familia,2024,3.34,0.9,1,0,195,1
EXP-06893,DAGUA,SUSTANCIAS,Juzgado_2_Familia,2020,1.3666666666666665,1.2,14,0,308,1
EXP-06894,JAMUNDI,ALIMENTOS,Juzgado_1_Familia,2024,2.64,1.35,5,0,374,1
EXP-06895,JAMUNDI,VIF,Comisaria_2_Familia,2024,2.64,0.9,3,0,193,1
EXP-06896,JAMUNDI,VIF,Comisaria_1_Familia,2022,2.64,1.1,4,0,242,1
EXP-06897,CALI,VIF,Juzgado_2_Familia,2020,70.34,1.2,3,0,448,1
EXP-06898,GUACARI,VIF,Juzgado_1_Familia,2023,1.48,1.35,3,0,298,1
EXP-06899,CALIMA,VIF,Juzgado_1_Familia,2024,0.3199999999999999,1.35,6,0,281,1
EXP-06900,ALCALA,VIF,Juzgado_Penal_Municipal_2,2024,0.22,1.05,2,0,202,1
EXP-06901,GUADALAJARA DE BUGA,ALIMENTOS,Juzgado_3_Familia,2023,6.6,0.95,8,0,292,1
EXP-06902,BUENAVENTURA,HURTO_PATRIMONIAL,Comisaria_1_Familia,2022,3.34,1.1,8,1,489,1
EXP-06903,SAN PEDRO,ALIMENTOS,Juzgado_Penal_Municipal_2,2024,0.3,1.05,3,1,413,1
EXP-06904,ANDALUCIA,VIF,Comisaria_2_Familia,2023,0.38,0.9,4,0,197,1
EXP-06905,CALI,SUSTANCIAS,Juzgado_1_Familia,2024,70.34,1.35,2,0,486,1
EXP-06906,PALMIRA,SUSTANCIAS,Comisaria_2_Familia,2024,11.54,0.9,8,0,306,1
EXP-06907,PALMIRA,ALIMENTOS,Juzgado_Penal_Municipal_2,2024,11.54,1.05,3,1,419,1
EXP-06908,CARTAGO,ALIMENTOS,Comisaria_2_Familia,2024,5.56,0.9,2,0,184,0
EXP-06909,SEVILLA,ALIMENTOS,Comisaria_2_Familia,2022,1.62,0.9,1,0,194,1
EXP-06910,PALMIRA,SUSTANCIAS,Juzgado_3_Familia,2024,11.54,0.95,1,0,208,1
EXP-06911,EL CERRITO,VIF,Juzgado_Penal_Municipal_1,2022,1.1,1.25,11,0,315,1
EXP-06912,CALI,SUSTANCIAS,Juzgado_3_Familia,2024,70.34,0.95,6,0,452,1
EXP-06913,TULUA,VIF,Comisaria_2_Familia,2024,3.34,0.9,10,0,257,1
EXP-06914,CARTAGO,HURTO_PATRIMONIAL,Juzgado_1_Familia,2023,5.56,1.35,4,0,407,1
EXP-06915,TORO,HURTO_PATRIMONIAL,Comisaria_1_Familia,2023,0.1333333333333333,1.1,6,0,347,1
EXP-06916,TULUA,VIF,Juzgado_3_Familia,2024,3.34,0.95,1,0,203,1
EXP-06917,GUADALAJARA DE BUGA,VIF,Juzgado_Penal_Municipal_2,2021,6.6,1.05,2,0,245,1
EXP-06918,CALI,VIF,Juzgado_Penal_Municipal_1,2023,70.34,1.25,8,0,400,0
EXP-06919,CALI,SUSTANCIAS,Juzgado_3_Familia,2022,70.34,0.95,4,0,429,1
EXP-06920,CALIMA,VIF,Juzgado_Penal_Municipal_1,2024,0.3199999999999999,1.25,3,0,278,1
EXP-06921,PALMIRA,SUSTANCIAS,Comisaria_1_Familia,2023,11.54,1.1,3,0,278,1
EXP-06922,TRUJILLO,VIF,Comisaria_1_Familia,2023,0.225,1.1,2,0,217,1
EXP-06923,CARTAGO,ALIMENTOS,Juzgado_Penal_Municipal_1,2024,5.56,1.25,2,0,306,1
EXP-06924,OBANDO,VIF,Juzgado_3_Familia,2021,0.38,0.95,1,0,129,1
EXP-06925,CALI,SUSTANCIAS,Juzgado_3_Familia,2021,70.34,0.95,7,0,453,1
EXP-06926,DAGUA,VIF,Comisaria_1_Familia,2024,1.3666666666666665,1.1,1,0,199,1
EXP-06927,YUMBO,SUSTANCIAS,Juzgado_Penal_Municipal_2,2021,3.5,1.05,7,0,247,1
EXP-06928,CALI,VIF,Juzgado_3_Familia,2022,70.34,0.95,12,0,456,1
EXP-06929,GUADALAJARA DE BUGA,ALIMENTOS,Juzgado_1_Familia,2024,6.6,1.35,1,0,333,1
EXP-06930,ALCALA,VIF,Juzgado_Penal_Municipal_2,2023,0.22,1.05,2,0,185,1
EXP-06931,GUADALAJARA DE BUGA,ALIMENTOS,Juzgado_Penal_Municipal_2,2023,6.6,1.05,2,0,279,1
EXP-06932,SIN_DATO,ALIMENTOS,Juzgado_1_Familia,2024,2.2,1.35,5,0,393,1
EXP-06933,YOTOCO,VIF,Comisaria_1_Familia,2020,0.58,1.1,4,0,207,1
EXP-06934,GINEBRA,VIF,Comisaria_2_Familia,2021,0.6,0.9,3,0,158,1
EXP-06935,DAGUA,VIF,Juzgado_3_Familia,2024,1.3666666666666665,0.95,7,0,136,0
EXP-06936,CALI,VIF,Juzgado_Penal_Municipal_2,2022,70.34,1.05,4,0,440,1
EXP-06937,SEVILLA,VIF,Juzgado_3_Familia,2024,1.62,0.95,4,0,232,1
EXP-06938,VERSALLES,ALIMENTOS,Juzgado_Penal_Municipal_2,2022,0.1333333333333333,1.05,3,0,269,1
EXP-06939,CANDELARIA,ALIMENTOS,Juzgado_Penal_Municipal_1,2023,3.08,1.25,1,0,320,1
EXP-06940,CANDELARIA,ALIMENTOS,Comisaria_1_Familia,2023,3.08,1.1,5,1,210,0
EXP-06941,CANDELARIA,ALIMENTOS,Juzgado_Penal_Municipal_2,2024,3.08,1.05,2,0,294,1
EXP-06942,SIN_DATO,HURTO_PATRIMONIAL,Juzgado_Penal_Municipal_1,2024,2.2,1.25,6,0,312,0
EXP-06943,CALI,ALIMENTOS,Juzgado_3_Familia,2023,70.34,0.95,6,0,213,0
EXP-06944,JAMUNDI,ALIMENTOS,Juzgado_Penal_Municipal_1,2021,2.64,1.25,1,0,155,0
EXP-06945,EL AGUILA,VIF,Juzgado_3_Familia,2023,0.1666666666666666,0.95,7,0,215,1
EXP-06946,FLORIDA,VIF,Juzgado_2_Familia,2022,0.8,1.2,3,0,199,1
EXP-06947,SIN_DATO,SUSTANCIAS,Juzgado_Penal_Municipal_2,2024,2.2,1.05,2,0,179,0
EXP-06948,CALI,HURTO_PATRIMONIAL,Comisaria_2_Familia,2022,70.34,0.9,1,0,490,1
EXP-06949,TULUA,SUSTANCIAS,Juzgado_2_Familia,2024,3.34,1.2,7,0,307,1
EXP-06950,PALMIRA,VIF,Juzgado_3_Familia,2024,11.54,0.95,5,0,250,1
EXP-06951,JAMUNDI,ALIMENTOS,Juzgado_2_Familia,2021,2.64,1.2,4,0,309,1
EXP-06952,CARTAGO,HURTO_PATRIMONIAL,Juzgado_Penal_Municipal_2,2022,5.56,1.05,7,0,385,1
EXP-06953,PALMIRA,ALIMENTOS,Juzgado_Penal_Municipal_2,2023,11.54,1.05,2,1,424,1
EXP-06954,CALI,HURTO_PATRIMONIAL,Comisaria_1_Familia,2023,70.34,1.1,7,0,527,1
EXP-06955,EL CERRITO,ALIMENTOS,Juzgado_3_Familia,2024,1.1,0.95,1,0,265,1
EXP-06956,CARTAGO,ALIMENTOS,Juzgado_Penal_Municipal_1,2023,5.56,1.25,3,0,341,1
EXP-06957,GUADALAJARA DE BUGA,ALIMENTOS,Juzgado_3_Familia,2020,6.6,0.95,2,0,228,1
EXP-06958,GINEBRA,VIF,Comisaria_1_Familia,2023,0.6,1.1,5,0,254,1
EXP-06959,PALMIRA,ALIMENTOS,Juzgado_2_Familia,2023,11.54,1.2,4,0,339,1
EXP-06960,CALI,ALIMENTOS,Comisaria_2_Familia,2023,70.34,0.9,2,1,564,1
EXP-06961,CALI,SUSTANCIAS,Comisaria_1_Familia,2024,70.34,1.1,1,0,183,0
EXP-06962,TRUJILLO,ALIMENTOS,Juzgado_1_Familia,2024,0.225,1.35,1,0,379,1
EXP-06963,JAMUNDI,SUSTANCIAS,Comisaria_1_Familia,2022,2.64,1.1,2,0,252,1
EXP-06964,EL DOVIO,ALIMENTOS,Juzgado_Penal_Municipal_1,2021,0.1,1.25,2,0,249,1
EXP-06965,GUACARI,HURTO_PATRIMONIAL,Juzgado_Penal_Municipal_1,2021,1.48,1.25,5,0,286,0
EXP-06966,YUMBO,ALIMENTOS,Juzgado_3_Familia,2024,3.5,0.95,3,1,393,1
EXP-06967,LA VICTORIA,VIF,Juzgado_Penal_Municipal_2,2021,0.1666666666666666,1.05,3,0,169,1
EXP-06968,CALI,HURTO_PATRIMONIAL,Juzgado_Penal_Municipal_2,2024,70.34,1.05,3,0,550,1
EXP-06969,CALI,ALIMENTOS,Juzgado_Penal_Municipal_1,2024,70.34,1.25,3,0,542,1
EXP-06970,CARTAGO,ALIMENTOS,Juzgado_Penal_Municipal_2,2022,5.56,1.05,3,0,264,1
EXP-06971,GUACARI,HURTO_PATRIMONIAL,Juzgado_1_Familia,2024,1.48,1.35,1,1,535,1
EXP-06972,GUADALAJARA DE BUGA,ALIMENTOS,Juzgado_3_Familia,2024,6.6,0.95,3,1,418,1
EXP-06973,GINEBRA,ALIMENTOS,Juzgado_1_Familia,2023,0.6,1.35,3,0,333,1
EXP-06974,CALI,VIF,Juzgado_Penal_Municipal_1,2024,70.34,1.25,1,0,448,1
EXP-06975,TULUA,ALIMENTOS,Juzgado_1_Familia,2024,3.34,1.35,1,1,480,1
EXP-06976,RESTREPO,SUSTANCIAS,Juzgado_2_Familia,2024,0.24,1.2,1,0,240,1
EXP-06977,ARGELIA,ALIMENTOS,Juzgado_Penal_Municipal_1,2024,0.2,1.25,4,0,332,1
EXP-06978,BOLIVAR,SUSTANCIAS,Juzgado_Penal_Municipal_2,2023,0.2333333333333333,1.05,6,0,230,1
EXP-06979,YOTOCO,ALIMENTOS,Comisaria_1_Familia,2022,0.58,1.1,7,1,437,1
EXP-06980,CALI,VIF,Juzgado_Penal_Municipal_1,2022,70.34,1.25,5,0,473,1
EXP-06981,SIN_DATO,ALIMENTOS,Juzgado_Penal_Municipal_2,2024,2.2,1.05,9,0,360,1
EXP-06982,SAN PEDRO,HURTO_PATRIMONIAL,Juzgado_3_Familia,2023,0.3,0.95,18,0,386,1
EXP-06983,CALI,VIF,Juzgado_2_Familia,2024,70.34,1.2,14,0,525,1
EXP-06984,PRADERA,VIF,Comisaria_1_Familia,2020,0.72,1.1,5,0,222,1
EXP-06985,CARTAGO,VIF,Juzgado_1_Familia,2024,5.56,1.35,3,0,278,1
EXP-06986,DAGUA,ALIMENTOS,Juzgado_2_Familia,2022,1.3666666666666665,1.2,8,0,346,1
EXP-06987,SEVILLA,ALIMENTOS,Juzgado_3_Familia,2021,1.62,0.95,1,0,290,1
EXP-06988,JAMUNDI,HURTO_PATRIMONIAL,Juzgado_Penal_Municipal_2,2022,2.64,1.05,8,0,363,1
EXP-06989,JAMUNDI,ALIMENTOS,Juzgado_3_Familia,2023,2.64,0.95,11,0,273,1
EXP-06990,CALI,VIF,Juzgado_1_Familia,2023,70.34,1.35,1,0,451,1
EXP-06991,CANDELARIA,ALIMENTOS,Juzgado_1_Familia,2022,3.08,1.35,8,1,540,1
EXP-06992,YUMBO,VIF,Comisaria_1_Familia,2021,3.5,1.1,5,0,230,1
EXP-06993,SIN_DATO,HURTO_PATRIMONIAL,Juzgado_3_Familia,2023,2.2,0.95,12,0,363,1
EXP-06994,CALI,VIF,Juzgado_3_Familia,2023,70.34,0.95,3,0,403,1
EXP-06995,CALI,HURTO_PATRIMONIAL,Juzgado_Penal_Municipal_1,2024,70.34,1.25,2,1,408,0
EXP-06996,CALI,VIF,Juzgado_Penal_Municipal_2,2020,70.34,1.05,2,0,403,1
EXP-06997,EL DOVIO,SUSTANCIAS,Juzgado_Penal_Municipal_2,2022,0.1,1.05,3,0,249,1
EXP-06998,CARTAGO,ALIMENTOS,Juzgado_Penal_Municipal_2,2023,5.56,1.05,18,0,431,1
EXP-06999,EL CERRITO,VIF,Comisaria_2_Familia,2022,1.1,0.9,1,0,207,1
EXP-07000,GINEBRA,VIF,Juzgado_1_Familia,2022,0.6,1.35,1,0,279,1
EXP-07001,PALMIRA,VIF,Juzgado_Penal_Municipal_1,2022,11.54,1.25,2,0,264,1
EXP-07002,CARTAGO,ALIMENTOS,Juzgado_3_Familia,2020,5.56,0.95,6,1,432,1
EXP-07003,CALI,ALIMENTOS,Comisaria_1_Familia,2021,70.34,1.1,6,0,512,1
EXP-07004,BUGALAGRANDE,ALIMENTOS,Juzgado_3_Familia,2020,0.2799999999999999,0.95,1,1,287,0
EXP-07005,CALI,ALIMENTOS,Comisaria_1_Familia,2023,70.34,1.1,3,0,521,1
EXP-07006,CALI,ALIMENTOS,Juzgado_Penal_Municipal_1,2023,70.34,1.25,3,0,527,1
EXP-07007,CALI,ALIMENTOS,Juzgado_1_Familia,2021,70.34,1.35,10,0,636,1
EXP-07008,ANDALUCIA,SUSTANCIAS,Comisaria_1_Familia,2022,0.38,1.1,4,0,233,1
EXP-07009,CALI,HURTO_PATRIMONIAL,Juzgado_Penal_Municipal_2,2020,70.34,1.05,1,0,484,1
EXP-07010,JAMUNDI,ALIMENTOS,Comisaria_2_Familia,2022,2.64,0.9,3,1,340,1
EXP-07011,CALI,VIF,Juzgado_1_Familia,2021,70.34,1.35,7,0,517,1
EXP-07012,CALI,ALIMENTOS,Juzgado_2_Familia,2024,70.34,1.2,3,1,306,0
EXP-07013,ROLDANILLO,VIF,Juzgado_Penal_Municipal_1,2024,1.26,1.25,7,0,198,0
EXP-07014,YOTOCO,ALIMENTOS,Juzgado_3_Familia,2023,0.58,0.95,15,0,387,1
EXP-07015,ARGELIA,HURTO_PATRIMONIAL,Juzgado_Penal_Municipal_2,2023,0.2,1.05,4,0,287,1
EXP-07016,ZARZAL,SUSTANCIAS,Comisaria_2_Familia,2023,1.12,0.9,5,0,199,1
EXP-07017,EL CERRITO,HURTO_PATRIMONIAL,Juzgado_1_Familia,2021,1.1,1.35,4,1,515,1
EXP-07018,ALCALA,SUSTANCIAS,Comisaria_2_Familia,2023,0.22,0.9,2,0,177,0
EXP-07019,JAMUNDI,VIF,Comisaria_2_Familia,2023,2.64,0.9,7,0,188,1
EXP-07020,CALI,VIF,Juzgado_2_Familia,2022,70.34,1.2,3,0,422,1
EXP-07021,BUGALAGRANDE,VIF,Juzgado_1_Familia,2024,0.2799999999999999,1.35,1,0,268,1
EXP-07022,BOLIVAR,ALIMENTOS,Juzgado_Penal_Municipal_1,2021,0.2333333333333333,1.25,4,1,458,1
EXP-07023,SEVILLA,VIF,Juzgado_1_Familia,2020,1.62,1.35,7,0,289,1
EXP-07024,ANDALUCIA,VIF,Juzgado_Penal_Municipal_1,2021,0.38,1.25,1,0,207,1
EXP-07025,ANSERMANUEVO,VIF,Comisaria_1_Familia,2021,0.2,1.1,5,0,213,1
EXP-07026,CALI,SUSTANCIAS,Juzgado_Penal_Municipal_1,2022,70.34,1.25,8,0,528,1
EXP-07027,PRADERA,ALIMENTOS,Juzgado_Penal_Municipal_2,2024,0.72,1.05,7,0,154,0
EXP-07028,CALI,ALIMENTOS,Juzgado_2_Familia,2022,70.34,1.2,5,0,582,1
EXP-07029,GUADALAJARA DE BUGA,VIF,Juzgado_3_Familia,2022,6.6,0.95,1,0,158,1
EXP-07030,JAMUNDI,ALIMENTOS,Juzgado_Penal_Municipal_1,2022,2.64,1.25,2,1,444,1
EXP-07031,EL CERRITO,VIF,Juzgado_3_Familia,2021,1.1,0.95,12,0,274,1
EXP-07032,SEVILLA,ALIMENTOS,Juzgado_Penal_Municipal_2,2023,1.62,1.05,5,0,291,1
EXP-07033,CALI,ALIMENTOS,Juzgado_1_Familia,2023,70.34,1.35,2,0,545,1
EXP-07034,OBANDO,VIF,Comisaria_2_Familia,2024,0.38,0.9,2,0,191,1
EXP-07035,ARGELIA,SUSTANCIAS,Juzgado_1_Familia,2021,0.2,1.35,1,0,132,0
EXP-07036,CALI,HURTO_PATRIMONIAL,Comisaria_2_Familia,2022,70.34,0.9,5,0,308,0
EXP-07037,LA VICTORIA,ALIMENTOS,Juzgado_3_Familia,2020,0.1666666666666666,0.95,1,1,403,1
EXP-07038,EL AGUILA,SUSTANCIAS,Comisaria_1_Familia,2022,0.1666666666666666,1.1,5,0,246,1
EXP-07039,VERSALLES,ALIMENTOS,Comisaria_2_Familia,2022,0.1333333333333333,0.9,5,0,252,1
EXP-07040,DAGUA,VIF,Juzgado_3_Familia,2021,1.3666666666666665,0.95,3,0,198,1
EXP-07041,PALMIRA,VIF,Juzgado_2_Familia,2021,11.54,1.2,7,0,294,1
EXP-07042,EL AGUILA,ALIMENTOS,Juzgado_Penal_Municipal_1,2021,0.1666666666666666,1.25,4,0,334,1
EXP-07043,CALI,HURTO_PATRIMONIAL,Juzgado_2_Familia,2022,70.34,1.2,2,0,537,1
EXP-07044,CALI,HURTO_PATRIMONIAL,Juzgado_2_Familia,2022,70.34,1.2,1,1,674,1
EXP-07045,FLORIDA,ALIMENTOS,Comisaria_1_Familia,2023,0.8,1.1,4,1,445,1
EXP-07046,CALI,HURTO_PATRIMONIAL,Comisaria_1_Familia,2024,70.34,1.1,3,1,687,1
EXP-07047,CALI,VIF,Comisaria_1_Familia,2023,70.34,1.1,8,0,472,1
EXP-07048,CANDELARIA,VIF,Juzgado_1_Familia,2023,3.08,1.35,13,0,329,1
EXP-07049,LA CUMBRE,ALIMENTOS,Juzgado_1_Familia,2021,0.24,1.35,5,0,367,1
EXP-07050,PALMIRA,VIF,Comisaria_2_Familia,2023,11.54,0.9,1,0,143,0
EXP-07051,CARTAGO,HURTO_PATRIMONIAL,Comisaria_1_Familia,2024,5.56,1.1,2,0,158,0
EXP-07052,ANDALUCIA,VIF,Juzgado_Penal_Municipal_2,2022,0.38,1.05,6,0,227,1
EXP-07053,ANDALUCIA,HURTO_PATRIMONIAL,Comisaria_1_Familia,2022,0.38,1.1,1,0,291,1
EXP-07054,YUMBO,ALIMENTOS,Comisaria_2_Familia,2021,3.5,0.9,8,0,229,0
EXP-07055,CALI,VIF,Juzgado_Penal_Municipal_2,2023,70.34,1.05,5,0,441,1
EXP-07056,TRUJILLO,HURTO_PATRIMONIAL,Juzgado_Penal_Municipal_1,2024,0.225,1.25,3,1,558,1
EXP-07057,BUENAVENTURA,VIF,Juzgado_Penal_Municipal_1,2023,3.34,1.25,6,0,301,1
EXP-07058,DAGUA,HURTO_PATRIMONIAL,Juzgado_3_Familia,2022,1.3666666666666665,0.95,1,1,374,1
EXP-07059,VERSALLES,VIF,Comisaria_2_Familia,2024,0.1333333333333333,0.9,5,0,205,1
EXP-07060,SEVILLA,SUSTANCIAS,Juzgado_Penal_Municipal_2,2022,1.62,1.05,3,0,163,0
EXP-07061,YUMBO,ALIMENTOS,Juzgado_Penal_Municipal_2,2023,3.5,1.05,7,1,449,1
EXP-07062,JAMUNDI,VIF,Juzgado_1_Familia,2023,2.64,1.35,11,0,331,1
EXP-07063,GUACARI,VIF,Comisaria_1_Familia,2024,1.48,1.1,3,0,235,1
EXP-07064,ROLDANILLO,HURTO_PATRIMONIAL,Juzgado_Penal_Municipal_1,2024,1.26,1.25,5,0,409,1
EXP-07065,ROLDANILLO,HURTO_PATRIMONIAL,Juzgado_1_Familia,2024,1.26,1.35,2,1,441,0
EXP-07066,SEVILLA,HURTO_PATRIMONIAL,Juzgado_3_Familia,2022,1.62,0.95,9,1,485,1
EXP-07067,SEVILLA,HURTO_PATRIMONIAL,Juzgado_2_Familia,2022,1.62,1.2,2,1,531,1
EXP-07068,DAGUA,ALIMENTOS,Comisaria_1_Familia,2024,1.3666666666666665,1.1,3,1,397,1
EXP-07069,YUMBO,ALIMENTOS,Comisaria_1_Familia,2022,3.5,1.1,7,1,469,1
EXP-07070,ZARZAL,HURTO_PATRIMONIAL,Juzgado_3_Familia,2022,1.12,0.95,5,0,172,0
EXP-07071,SIN_DATO,SUSTANCIAS,Juzgado_Penal_Municipal_2,2024,2.2,1.05,3,0,235,1
EXP-07072,OBANDO,VIF,Juzgado_Penal_Municipal_1,2024,0.38,1.25,1,0,172,0
EXP-07073,LA VICTORIA,ALIMENTOS,Juzgado_Penal_Municipal_1,2021,0.1666666666666666,1.25,5,1,461,1
EXP-07074,SIN_DATO,HURTO_PATRIMONIAL,Juzgado_3_Familia,2023,2.2,0.95,4,0,196,0
EXP-07075,SIN_DATO,HURTO_PATRIMONIAL,Juzgado_2_Familia,2020,2.2,1.2,14,0,454,1
EXP-07076,TRUJILLO,ALIMENTOS,Juzgado_Penal_Municipal_1,2022,0.225,1.25,5,0,325,1
EXP-07077,GUADALAJARA DE BUGA,HURTO_PATRIMONIAL,Juzgado_2_Familia,2024,6.6,1.2,3,1,501,1
EXP-07078,ARGELIA,VIF,Comisaria_1_Familia,2020,0.2,1.1,4,0,225,1
EXP-07079,CANDELARIA,VIF,Juzgado_Penal_Municipal_2,2021,3.08,1.05,4,0,231,1
EXP-07080,CAICEDONIA,ALIMENTOS,Comisaria_2_Familia,2023,1.28,0.9,4,0,220,0
EXP-07081,YOTOCO,ALIMENTOS,Juzgado_Penal_Municipal_2,2024,0.58,1.05,2,0,258,1
EXP-07082,CALI,HURTO_PATRIMONIAL,Juzgado_Penal_Municipal_1,2021,70.34,1.25,8,0,668,1
EXP-07083,GINEBRA,ALIMENTOS,Comisaria_1_Familia,2022,0.6,1.1,4,1,356,0
EXP-07084,LA VICTORIA,HURTO_PATRIMONIAL,Juzgado_1_Familia,2023,0.1666666666666666,1.35,8,0,405,1
EXP-07085,CALI,HURTO_PATRIMONIAL,Juzgado_Penal_Municipal_2,2021,70.34,1.05,10,0,547,1
EXP-07086,BUENAVENTURA,VIF,Juzgado_Penal_Municipal_1,2023,3.34,1.25,14,0,323,1
EXP-07087,PALMIRA,ALIMENTOS,Juzgado_1_Familia,2022,11.54,1.35,2,0,359,1
EXP-07088,CARTAGO,ALIMENTOS,Comisaria_1_Familia,2023,5.56,1.1,4,0,314,1
EXP-07089,EL CERRITO,ALIMENTOS,Juzgado_1_Familia,2024,1.1,1.35,5,0,390,1
EXP-07090,CALI,VIF,Juzgado_3_Familia,2021,70.34,0.95,2,0,244,0
EXP-07091,CARTAGO,HURTO_PATRIMONIAL,Juzgado_1_Familia,2023,5.56,1.35,4,0,449,1
EXP-07092,GUADALAJARA DE BUGA,HURTO_PATRIMONIAL,Juzgado_1_Familia,2024,6.6,1.35,3,0,383,1
EXP-07093,SIN_DATO,HURTO_PATRIMONIAL,Juzgado_3_Familia,2022,2.2,0.95,13,1,528,1
EXP-07094,ZARZAL,VIF,Juzgado_Penal_Municipal_2,2023,1.12,1.05,7,0,256,1
EXP-07095,CARTAGO,SUSTANCIAS,Comisaria_1_Familia,2023,5.56,1.1,3,0,269,1
EXP-07096,EL DOVIO,VIF,Juzgado_1_Familia,2020,0.1,1.35,8,0,323,1
EXP-07097,ANDALUCIA,ALIMENTOS,Juzgado_2_Familia,2023,0.38,1.2,2,0,335,1
EXP-07098,CARTAGO,ALIMENTOS,Comisaria_1_Familia,2024,5.56,1.1,5,1,463,1
EXP-07099,GINEBRA,ALIMENTOS,Comisaria_2_Familia,2020,0.6,0.9,6,0,263,1
EXP-07100,CALI,ALIMENTOS,Juzgado_2_Familia,2024,70.34,1.2,14,0,596,1
EXP-07101,CALI,ALIMENTOS,Juzgado_Penal_Municipal_2,2024,70.34,1.05,8,0,344,0
EXP-07102,ANSERMANUEVO,ALIMENTOS,Comisaria_1_Familia,2024,0.2,1.1,1,1,425,1
EXP-07103,BUENAVENTURA,VIF,Juzgado_Penal_Municipal_1,2023,3.34,1.25,6,0,263,1
EXP-07104,EL CERRITO,VIF,Comisaria_2_Familia,2021,1.1,0.9,2,0,98,0
EXP-07105,EL AGUILA,VIF,Juzgado_Penal_Municipal_2,2023,0.1666666666666666,1.05,2,0,185,1
EXP-07106,FLORIDA,ALIMENTOS,Juzgado_1_Familia,2021,0.8,1.35,18,0,445,1
EXP-07107,YUMBO,VIF,Juzgado_Penal_Municipal_1,2023,3.5,1.25,3,0,268,1
EXP-07108,CALI,HURTO_PATRIMONIAL,Comisaria_1_Familia,2024,70.34,1.1,1,1,717,1
EXP-07109,CALI,ALIMENTOS,Juzgado_1_Familia,2023,70.34,1.35,2,0,523,1
EXP-07110,PRADERA,ALIMENTOS,Juzgado_3_Familia,2021,0.72,0.95,1,1,366,1
EXP-07111,GUACARI,ALIMENTOS,Juzgado_1_Familia,2024,1.48,1.35,8,0,371,1
EXP-07112,CANDELARIA,VIF,Comisaria_2_Familia,2024,3.08,0.9,4,0,190,1
EXP-07113,CALI,VIF,Comisaria_2_Familia,2023,70.34,0.9,1,0,365,1
EXP-07114,CALIMA,SUSTANCIAS,Juzgado_Penal_Municipal_1,2023,0.3199999999999999,1.25,3,0,235,1
EXP-07115,DAGUA,VIF,Juzgado_1_Familia,2023,1.3666666666666665,1.35,4,0,229,1
EXP-07116,CARTAGO,VIF,Comisaria_1_Familia,2024,5.56,1.1,2,0,158,0
EXP-07117,ZARZAL,ALIMENTOS,Juzgado_2_Familia,2021,1.12,1.2,2,1,435,1
EXP-07118,BUENAVENTURA,VIF,Juzgado_Penal_Municipal_2,2024,3.34,1.05,1,0,242,1
EXP-07119,DAGUA,VIF,Juzgado_3_Familia,2023,1.3666666666666665,0.95,2,0,197,1
EXP-07120,GUADALAJARA DE BUGA,ALIMENTOS,Juzgado_Penal_Municipal_1,2022,6.6,1.25,5,0,341,1
EXP-07121,YOTOCO,VIF,Comisaria_2_Familia,2023,0.58,0.9,6,0,202,1
EXP-07122,EL CERRITO,ALIMENTOS,Comisaria_1_Familia,2024,1.1,1.1,2,0,293,1
EXP-07123,CALI,SUSTANCIAS,Juzgado_Penal_Municipal_2,2023,70.34,1.05,1,0,408,1
EXP-07124,BUENAVENTURA,VIF,Comisaria_2_Familia,2022,3.34,0.9,5,0,208,1
EXP-07125,FLORIDA,VIF,Juzgado_2_Familia,2023,0.8,1.2,6,0,263,1
EXP-07126,DAGUA,VIF,Juzgado_2_Familia,2022,1.3666666666666665,1.2,7,0,250,1
EXP-07127,OBANDO,VIF,Juzgado_1_Familia,2024,0.38,1.35,6,0,266,1
EXP-07128,GUADALAJARA DE BUGA,ALIMENTOS,Juzgado_Penal_Municipal_1,2022,6.6,1.25,4,1,488,1
EXP-07129,YUMBO,HURTO_PATRIMONIAL,Juzgado_Penal_Municipal_2,2022,3.5,1.05,5,0,326,1
EXP-07130,CALI,HURTO_PATRIMONIAL,Juzgado_Penal_Municipal_2,2021,70.34,1.05,7,1,704,1
EXP-07131,RESTREPO,VIF,Juzgado_Penal_Municipal_2,2024,0.24,1.05,1,0,165,1
EXP-07132,CANDELARIA,SUSTANCIAS,Comisaria_1_Familia,2024,3.08,1.1,2,0,124,0
EXP-07133,GUADALAJARA DE BUGA,HURTO_PATRIMONIAL,Juzgado_3_Familia,2020,6.6,0.95,9,1,449,1
EXP-07134,CALI,VIF,Comisaria_2_Familia,2023,70.34,0.9,1,0,396,1
EXP-07135,CANDELARIA,HURTO_PATRIMONIAL,Juzgado_Penal_Municipal_2,2023,3.08,1.05,9,0,380,1
EXP-07136,OBANDO,VIF,Juzgado_2_Familia,2021,0.38,1.2,1,0,132,0
EXP-07137,EL CERRITO,ALIMENTOS,Juzgado_2_Familia,2022,1.1,1.2,6,0,323,1
EXP-07138,CALI,ALIMENTOS,Juzgado_1_Familia,2023,70.34,1.35,2,0,581,1
EXP-07139,CARTAGO,ALIMENTOS,Comisaria_2_Familia,2023,5.56,0.9,8,0,281,1
EXP-07140,ZARZAL,ALIMENTOS,Juzgado_Penal_Municipal_1,2022,1.12,1.25,17,0,417,1
EXP-07141,ZARZAL,ALIMENTOS,Juzgado_Penal_Municipal_2,2020,1.12,1.05,1,0,255,1
EXP-07142,BUENAVENTURA,ALIMENTOS,Juzgado_1_Familia,2022,3.34,1.35,3,0,382,1
EXP-07143,ROLDANILLO,ALIMENTOS,Juzgado_Penal_Municipal_2,2024,1.26,1.05,4,1,328,0
EXP-07144,CAICEDONIA,HURTO_PATRIMONIAL,Juzgado_3_Familia,2023,1.28,0.95,8,1,438,1
EXP-07145,TULUA,ALIMENTOS,Comisaria_2_Familia,2023,3.34,0.9,1,0,227,1
EXP-07146,GUACARI,VIF,Juzgado_Penal_Municipal_2,2024,1.48,1.05,3,0,234,1
EXP-07147,CAICEDONIA,VIF,Juzgado_3_Familia,2022,1.28,0.95,11,0,237,1
EXP-07148,RESTREPO,HURTO_PATRIMONIAL,Juzgado_Penal_Municipal_1,2020,0.24,1.25,1,0,308,1
EXP-07149,CANDELARIA,VIF,Juzgado_Penal_Municipal_2,2022,3.08,1.05,4,0,197,1
EXP-07150,CALI,ALIMENTOS,Comisaria_1_Familia,2024,70.34,1.1,1,0,485,1
EXP-07151,FLORIDA,HURTO_PATRIMONIAL,Juzgado_Penal_Municipal_1,2023,0.8,1.25,18,0,474,1
EXP-07152,LA CUMBRE,ALIMENTOS,Juzgado_2_Familia,2023,0.24,1.2,6,1,498,1
EXP-07153,TULUA,VIF,Juzgado_Penal_Municipal_2,2022,3.34,1.05,2,0,220,1
EXP-07154,CALI,HURTO_PATRIMONIAL,Comisaria_1_Familia,2020,70.34,1.1,2,0,473,1
EXP-07155,CALIMA,ALIMENTOS,Comisaria_2_Familia,2024,0.3199999999999999,0.9,8,0,240,1
EXP-07156,ROLDANILLO,VIF,Juzgado_Penal_Municipal_1,2024,1.26,1.25,4,0,268,1
EXP-07157,CALI,ALIMENTOS,Juzgado_Penal_Municipal_1,2020,70.34,1.25,2,0,547,1
EXP-07158,DAGUA,HURTO_PATRIMONIAL,Juzgado_Penal_Municipal_1,2022,1.3666666666666665,1.25,3,1,242,0
EXP-07159,ROLDANILLO,ALIMENTOS,Juzgado_Penal_Municipal_2,2024,1.26,1.05,2,0,299,1
EXP-07160,CALI,ALIMENTOS,Juzgado_1_Familia,2021,70.34,1.35,6,1,360,0
EXP-07161,GUACARI,VIF,Juzgado_1_Familia,2020,1.48,1.35,2,0,240,1
EXP-07162,BOLIVAR,VIF,Juzgado_2_Familia,2022,0.2333333333333333,1.2,2,0,209,1
EXP-07163,SIN_DATO,SUSTANCIAS,Comisaria_1_Familia,2023,2.2,1.1,8,0,298,1
EXP-07164,CARTAGO,VIF,Juzgado_Penal_Municipal_1,2024,5.56,1.25,2,0,264,1
EXP-07165,SEVILLA,HURTO_PATRIMONIAL,Comisaria_1_Familia,2022,1.62,1.1,6,0,338,1
EXP-07166,CAICEDONIA,VIF,Juzgado_Penal_Municipal_2,2024,1.28,1.05,12,0,255,1
EXP-07167,CALIMA,HURTO_PATRIMONIAL,Juzgado_3_Familia,2020,0.3199999999999999,0.95,17,1,484,1
EXP-07168,CALI,HURTO_PATRIMONIAL,Comisaria_2_Familia,2022,70.34,0.9,1,0,446,1
EXP-07169,LA UNION,SUSTANCIAS,Juzgado_Penal_Municipal_1,2022,0.575,1.25,2,0,261,1
EXP-07170,DAGUA,ALIMENTOS,Juzgado_Penal_Municipal_2,2023,1.3666666666666665,1.05,4,1,405,1
EXP-07171,CALI,VIF,Juzgado_3_Familia,2023,70.34,0.95,7,0,257,0
EXP-07172,RESTREPO,VIF,Juzgado_3_Familia,2024,0.24,0.95,3,0,187,1
EXP-07173,BUENAVENTURA,ALIMENTOS,Juzgado_3_Familia,2021,3.34,0.95,1,1,380,1
EXP-07174,CALI,ALIMENTOS,Comisaria_1_Familia,2023,70.34,1.1,3,1,640,1
EXP-07175,CALI,ALIMENTOS,Juzgado_Penal_Municipal_1,2021,70.34,1.25,8,1,712,1
EXP-07176,CARTAGO,HURTO_PATRIMONIAL,Juzgado_3_Familia,2020,5.56,0.95,6,0,317,1
EXP-07177,CALI,HURTO_PATRIMONIAL,Comisaria_1_Familia,2024,70.34,1.1,9,0,257,0
EXP-07178,CALI,VIF,Juzgado_1_Familia,2023,70.34,1.35,10,0,527,1
EXP-07179,OBANDO,VIF,Comisaria_1_Familia,2023,0.38,1.1,1,0,173,1
EXP-07180,VERSALLES,ALIMENTOS,Juzgado_Penal_Municipal_1,2024,0.1333333333333333,1.25,3,1,489,1
EXP-07181,GUADALAJARA DE BUGA,ALIMENTOS,Juzgado_Penal_Municipal_2,2024,6.6,1.05,7,0,345,1
EXP-07182,ROLDANILLO,HURTO_PATRIMONIAL,Comisaria_1_Familia,2024,1.26,1.1,4,0,329,1
EXP-07183,FLORIDA,SUSTANCIAS,Juzgado_1_Familia,2024,0.8,1.35,3,0,297,1
EXP-07184,ZARZAL,ALIMENTOS,Juzgado_3_Familia,2023,1.12,0.95,1,0,229,1
EXP-07185,ANSERMANUEVO,SUSTANCIAS,Juzgado_1_Familia,2020,0.2,1.35,6,0,313,1
EXP-07186,CALI,VIF,Comisaria_1_Familia,2021,70.34,1.1,4,0,453,1
EXP-07187,CALI,VIF,Comisaria_1_Familia,2023,70.34,1.1,4,0,451,1
EXP-07188,CALI,ALIMENTOS,Juzgado_1_Familia,2024,70.34,1.35,11,0,619,1
EXP-07189,EL AGUILA,HURTO_PATRIMONIAL,Juzgado_1_Familia,2021,0.1666666666666666,1.35,1,0,393,1
EXP-07190,SIN_DATO,ALIMENTOS,Juzgado_3_Familia,2022,2.2,0.95,1,0,260,1
EXP-07191,BUENAVENTURA,ALIMENTOS,Juzgado_3_Familia,2023,3.34,0.95,1,0,263,1
EXP-07192,CANDELARIA,HURTO_PATRIMONIAL,Comisaria_2_Familia,2023,3.08,0.9,15,0,252,0
EXP-07193,CARTAGO,VIF,Juzgado_Penal_Municipal_1,2024,5.56,1.25,5,0,300,1
EXP-07194,GINEBRA,ALIMENTOS,Juzgado_3_Familia,2023,0.6,0.95,2,1,192,0
EXP-07195,ROLDANILLO,SUSTANCIAS,Juzgado_Penal_Municipal_1,2020,1.26,1.25,2,0,236,1
EXP-07196,GUADALAJARA DE BUGA,VIF,Juzgado_Penal_Municipal_1,2024,6.6,1.25,4,0,234,0
EXP-07197,RIOFRIO,ALIMENTOS,Juzgado_Penal_Municipal_1,2023,0.175,1.25,6,0,337,1
EXP-07198,CALI,HURTO_PATRIMONIAL,Juzgado_3_Familia,2024,70.34,0.95,1,0,443,1
EXP-07199,DAGUA,ALIMENTOS,Comisaria_2_Familia,2022,1.3666666666666665,0.9,6,1,438,1
EXP-07200,FLORIDA,VIF,Juzgado_Penal_Municipal_2,2023,0.8,1.05,2,0,208,1
EXP-07201,ANDALUCIA,VIF,Juzgado_2_Familia,2022,0.38,1.2,5,0,284,1
EXP-07202,SEVILLA,HURTO_PATRIMONIAL,Juzgado_Penal_Municipal_1,2024,1.62,1.25,7,0,406,1
EXP-07203,SIN_DATO,VIF,Juzgado_3_Familia,2023,2.2,0.95,5,0,187,1
EXP-07204,CALI,HURTO_PATRIMONIAL,Juzgado_1_Familia,2023,70.34,1.35,1,1,721,1
EXP-07205,BUENAVENTURA,VIF,Juzgado_Penal_Municipal_1,2022,3.34,1.25,2,0,210,1
EXP-07206,PALMIRA,HURTO_PATRIMONIAL,Juzgado_3_Familia,2023,11.54,0.95,5,0,384,1
EXP-07207,CALI,VIF,Comisaria_1_Familia,2024,70.34,1.1,5,0,460,1
EXP-07208,BOLIVAR,ALIMENTOS,Comisaria_2_Familia,2023,0.2333333333333333,0.9,1,0,197,1
EXP-07209,SIN_DATO,VIF,Juzgado_1_Familia,2023,2.2,1.35,1,0,238,0
EXP-07210,BUENAVENTURA,ALIMENTOS,Juzgado_1_Familia,2024,3.34,1.35,3,0,204,0
EXP-07211,CALI,SUSTANCIAS,Comisaria_1_Familia,2023,70.34,1.1,3,0,479,1
EXP-07212,ZARZAL,ALIMENTOS,Juzgado_1_Familia,2023,1.12,1.35,4,0,345,1
EXP-07213,CALI,VIF,Juzgado_Penal_Municipal_2,2023,70.34,1.05,2,0,438,1
EXP-07214,CANDELARIA,HURTO_PATRIMONIAL,Juzgado_1_Familia,2023,3.08,1.35,2,0,397,1
EXP-07215,CANDELARIA,SUSTANCIAS,Comisaria_1_Familia,2022,3.08,1.1,1,0,137,0
EXP-07216,YOTOCO,ALIMENTOS,Juzgado_Penal_Municipal_1,2022,0.58,1.25,5,1,484,1
EXP-07217,SEVILLA,ALIMENTOS,Comisaria_2_Familia,2020,1.62,0.9,12,0,124,0
EXP-07218,LA UNION,ALIMENTOS,Juzgado_2_Familia,2024,0.575,1.2,5,0,337,1
EXP-07219,LA VICTORIA,SUSTANCIAS,Comisaria_1_Familia,2020,0.1666666666666666,1.1,5,0,195,0
EXP-07220,PRADERA,VIF,Juzgado_3_Familia,2024,0.72,0.95,6,0,190,1
EXP-07221,GINEBRA,ALIMENTOS,Juzgado_1_Familia,2024,0.6,1.35,10,0,411,1
EXP-07222,SAN PEDRO,VIF,Juzgado_Penal_Municipal_2,2022,0.3,1.05,8,0,255,1
EXP-07223,ALCALA,HURTO_PATRIMONIAL,Juzgado_Penal_Municipal_1,2023,0.22,1.25,2,1,285,0
EXP-07224,ANSERMANUEVO,HURTO_PATRIMONIAL,Comisaria_2_Familia,2022,0.2,0.9,3,0,173,0
EXP-07225,JAMUNDI,HURTO_PATRIMONIAL,Comisaria_1_Familia,2024,2.64,1.1,2,1,430,1
EXP-07226,PALMIRA,VIF,Juzgado_1_Familia,2022,11.54,1.35,9,0,343,1
EXP-07227,ROLDANILLO,HURTO_PATRIMONIAL,Juzgado_Penal_Municipal_1,2021,1.26,1.25,2,1,494,1
EXP-07228,SIN_DATO,VIF,Juzgado_2_Familia,2022,2.2,1.2,3,0,228,1
EXP-07229,CALI,SUSTANCIAS,Comisaria_2_Familia,2023,70.34,0.9,5,0,400,1
EXP-07230,FLORIDA,SUSTANCIAS,Juzgado_2_Familia,2024,0.8,1.2,2,0,280,1
EXP-07231,ANDALUCIA,VIF,Juzgado_3_Familia,2020,0.38,0.95,4,0,179,1
EXP-07232,EL AGUILA,ALIMENTOS,Juzgado_3_Familia,2023,0.1666666666666666,0.95,3,1,367,0
EXP-07233,JAMUNDI,VIF,Juzgado_3_Familia,2024,2.64,0.95,1,0,182,1
EXP-07234,EL CERRITO,ALIMENTOS,Juzgado_Penal_Municipal_1,2022,1.1,1.25,1,0,271,1
EXP-07235,CARTAGO,VIF,Juzgado_2_Familia,2023,5.56,1.2,10,0,345,1
EXP-07236,CALI,VIF,Juzgado_3_Familia,2021,70.34,0.95,2,0,405,1
EXP-07237,CALIMA,HURTO_PATRIMONIAL,Comisaria_1_Familia,2021,0.3199999999999999,1.1,10,0,410,1
EXP-07238,FLORIDA,VIF,Comisaria_2_Familia,2023,0.8,0.9,4,0,215,1
EXP-07239,OBANDO,ALIMENTOS,Juzgado_Penal_Municipal_1,2020,0.38,1.25,1,0,310,1
EXP-07240,PALMIRA,VIF,Juzgado_3_Familia,2023,11.54,0.95,3,0,243,1
EXP-07241,PALMIRA,VIF,Comisaria_1_Familia,2023,11.54,1.1,1,0,140,0
EXP-07242,ANDALUCIA,HURTO_PATRIMONIAL,Juzgado_3_Familia,2024,0.38,0.95,1,1,185,0
EXP-07243,TULUA,HURTO_PATRIMONIAL,Juzgado_3_Familia,2023,3.34,0.95,12,0,362,1
EXP-07244,PALMIRA,ALIMENTOS,Comisaria_1_Familia,2021,11.54,1.1,4,0,325,1
EXP-07245,CALI,HURTO_PATRIMONIAL,Comisaria_2_Familia,2021,70.34,0.9,3,0,523,1
EXP-07246,OBANDO,VIF,Juzgado_Penal_Municipal_2,2021,0.38,1.05,9,0,216,1
EXP-07247,CARTAGO,HURTO_PATRIMONIAL,Juzgado_3_Familia,2023,5.56,0.95,16,0,361,1
EXP-07248,CALI,VIF,Juzgado_Penal_Municipal_1,2024,70.34,1.25,8,0,483,1
EXP-07249,PALMIRA,ALIMENTOS,Juzgado_Penal_Municipal_2,2024,11.54,1.05,10,0,380,1
EXP-07250,SIN_DATO,ALIMENTOS,Comisaria_1_Familia,2024,2.2,1.1,2,0,321,1
EXP-07251,CALI,SUSTANCIAS,Juzgado_3_Familia,2021,70.34,0.95,6,0,470,1
EXP-07252,BUENAVENTURA,ALIMENTOS,Juzgado_3_Familia,2020,3.34,0.95,1,0,139,0
EXP-07253,YOTOCO,VIF,Juzgado_Penal_Municipal_2,2020,0.58,1.05,5,0,240,1
EXP-07254,PRADERA,VIF,Juzgado_3_Familia,2021,0.72,0.95,4,0,202,1
EXP-07255,CANDELARIA,VIF,Comisaria_2_Familia,2023,3.08,0.9,1,0,185,1
EXP-07256,BOLIVAR,HURTO_PATRIMONIAL,Juzgado_Penal_Municipal_2,2021,0.2333333333333333,1.05,1,0,340,1
EXP-07257,TULUA,VIF,Juzgado_1_Familia,2022,3.34,1.35,7,0,318,1
EXP-07258,CALI,HURTO_PATRIMONIAL,Comisaria_2_Familia,2022,70.34,0.9,3,0,438,1
EXP-07259,CALI,VIF,Comisaria_2_Familia,2021,70.34,0.9,1,0,336,1
EXP-07260,CARTAGO,VIF,Juzgado_2_Familia,2023,5.56,1.2,1,0,215,1
EXP-07261,EL CERRITO,VIF,Juzgado_2_Familia,2024,1.1,1.2,3,0,256,1
EXP-07262,GUADALAJARA DE BUGA,ALIMENTOS,Juzgado_Penal_Municipal_1,2022,6.6,1.25,1,0,355,1
EXP-07263,GUADALAJARA DE BUGA,VIF,Juzgado_Penal_Municipal_2,2024,6.6,1.05,2,0,141,0
EXP-07264,LA CUMBRE,HURTO_PATRIMONIAL,Juzgado_Penal_Municipal_1,2022,0.24,1.25,4,0,202,0
EXP-07265,LA VICTORIA,SUSTANCIAS,Juzgado_Penal_Municipal_2,2023,0.1666666666666666,1.05,7,0,290,1
EXP-07266,FLORIDA,VIF,Comisaria_2_Familia,2022,0.8,0.9,3,0,157,1
EXP-07267,CALI,ALIMENTOS,Juzgado_Penal_Municipal_1,2021,70.34,1.25,4,0,497,1
EXP-07268,TORO,SUSTANCIAS,Juzgado_2_Familia,2024,0.1333333333333333,1.2,5,0,287,1
EXP-07269,PALMIRA,HURTO_PATRIMONIAL,Juzgado_1_Familia,2021,11.54,1.35,3,0,409,1
EXP-07270,CAICEDONIA,VIF,Juzgado_Penal_Municipal_1,2022,1.28,1.25,9,0,285,1
EXP-07271,SIN_DATO,HURTO_PATRIMONIAL,Comisaria_2_Familia,2023,2.2,0.9,11,0,320,1
EXP-07272,PALMIRA,ALIMENTOS,Juzgado_2_Familia,2022,11.54,1.2,3,0,272,1
EXP-07273,ROLDANILLO,VIF,Juzgado_Penal_Municipal_2,2023,1.26,1.05,2,0,187,1
EXP-07274,EL CERRITO,SUSTANCIAS,Comisaria_2_Familia,2024,1.1,0.9,2,0,214,1
EXP-07275,YUMBO,ALIMENTOS,Juzgado_2_Familia,2022,3.5,1.2,3,1,462,1
EXP-07276,CARTAGO,VIF,Comisaria_2_Familia,2020,5.56,0.9,8,0,243,1
EXP-07277,ARGELIA,HURTO_PATRIMONIAL,Juzgado_1_Familia,2024,0.2,1.35,7,0,455,1
EXP-07278,TULUA,ALIMENTOS,Comisaria_1_Familia,2020,3.34,1.1,2,0,298,1
EXP-07279,BOLIVAR,ALIMENTOS,Juzgado_Penal_Municipal_2,2023,0.2333333333333333,1.05,1,0,282,1
EXP-07280,ROLDANILLO,VIF,Comisaria_2_Familia,2022,1.26,0.9,3,0,126,0
EXP-07281,SIN_DATO,VIF,Comisaria_2_Familia,2021,2.2,0.9,4,0,204,1
EXP-07282,CALIMA,ALIMENTOS,Juzgado_Penal_Municipal_2,2022,0.3199999999999999,1.05,2,0,256,1
EXP-07283,CALI,ALIMENTOS,Juzgado_3_Familia,2021,70.34,0.95,3,1,617,1
EXP-07284,BUENAVENTURA,VIF,Juzgado_Penal_Municipal_2,2024,3.34,1.05,1,0,205,1
EXP-07285,SIN_DATO,VIF,Juzgado_1_Familia,2021,2.2,1.35,8,0,303,1
EXP-07286,JAMUNDI,VIF,Comisaria_2_Familia,2024,2.64,0.9,4,0,202,1
EXP-07287,CALIMA,HURTO_PATRIMONIAL,Juzgado_3_Familia,2021,0.3199999999999999,0.95,4,1,436,1
EXP-07288,RIOFRIO,HURTO_PATRIMONIAL,Comisaria_2_Familia,2024,0.175,0.9,6,0,327,1
EXP-07289,TRUJILLO,VIF,Juzgado_2_Familia,2024,0.225,1.2,2,0,240,1
EXP-07290,PALMIRA,VIF,Juzgado_1_Familia,2021,11.54,1.35,12,0,347,1
EXP-07291,CALI,HURTO_PATRIMONIAL,Juzgado_1_Familia,2021,70.34,1.35,3,1,456,0
EXP-07292,GINEBRA,VIF,Juzgado_3_Familia,2022,0.6,0.95,2,0,187,1
EXP-07293,GUACARI,VIF,Comisaria_1_Familia,2022,1.48,1.1,14,0,329,1
EXP-07294,YUMBO,VIF,Juzgado_3_Familia,2022,3.5,0.95,1,0,96,0
EXP-07295,CALI,VIF,Juzgado_Penal_Municipal_1,2022,70.34,1.25,3,0,479,1
EXP-07296,EL CAIRO,HURTO_PATRIMONIAL,Juzgado_3_Familia,2020,0.1,0.95,10,0,396,1
EXP-07297,ANSERMANUEVO,HURTO_PATRIMONIAL,Juzgado_1_Familia,2022,0.2,1.35,10,0,442,1
EXP-07298,TORO,VIF,Juzgado_1_Familia,2023,0.1333333333333333,1.35,1,0,241,1
EXP-07299,EL CERRITO,ALIMENTOS,Juzgado_Penal_Municipal_1,2024,1.1,1.25,9,0,321,0
EXP-07300,SAN PEDRO,ALIMENTOS,Juzgado_Penal_Municipal_2,2024,0.3,1.05,3,0,268,1
EXP-07301,ZARZAL,ALIMENTOS,Juzgado_2_Familia,2023,1.12,1.2,4,1,478,1
EXP-07302,SEVILLA,HURTO_PATRIMONIAL,Comisaria_1_Familia,2020,1.62,1.1,1,0,305,1
EXP-07303,LA UNION,HURTO_PATRIMONIAL,Comisaria_1_Familia,2024,0.575,1.1,9,0,373,1
EXP-07304,LA UNION,ALIMENTOS,Juzgado_2_Familia,2023,0.575,1.2,1,0,274,1
EXP-07305,LA UNION,HURTO_PATRIMONIAL,Juzgado_3_Familia,2022,0.575,0.95,3,1,428,1
EXP-07306,CALI,ALIMENTOS,Juzgado_Penal_Municipal_1,2023,70.34,1.25,4,0,561,1
EXP-07307,GUADALAJARA DE BUGA,ALIMENTOS,Comisaria_2_Familia,2023,6.6,0.9,13,0,152,0
EXP-07308,EL DOVIO,VIF,Juzgado_Penal_Municipal_1,2023,0.1,1.25,8,0,280,1
EXP-07309,CANDELARIA,VIF,Juzgado_2_Familia,2024,3.08,1.2,3,0,247,1
EXP-07310,ROLDANILLO,VIF,Juzgado_2_Familia,2020,1.26,1.2,16,0,332,1
EXP-07311,CALI,VIF,Juzgado_Penal_Municipal_1,2024,70.34,1.25,8,0,508,1
EXP-07312,SEVILLA,HURTO_PATRIMONIAL,Juzgado_2_Familia,2023,1.62,1.2,4,0,348,1
EXP-07313,BUENAVENTURA,VIF,Juzgado_1_Familia,2022,3.34,1.35,4,0,302,1
EXP-07314,LA VICTORIA,HURTO_PATRIMONIAL,Juzgado_2_Familia,2020,0.1666666666666666,1.2,1,0,303,1
EXP-07315,PALMIRA,VIF,Comisaria_2_Familia,2024,11.54,0.9,7,0,117,0
EXP-07316,CALI,VIF,Juzgado_Penal_Municipal_2,2024,70.34,1.05,1,0,402,1
EXP-07317,OBANDO,SUSTANCIAS,Comisaria_2_Familia,2020,0.38,0.9,6,0,249,1
EXP-07318,RESTREPO,HURTO_PATRIMONIAL,Juzgado_2_Familia,2022,0.24,1.2,3,1,514,1
EXP-07319,ZARZAL,ALIMENTOS,Juzgado_Penal_Municipal_1,2024,1.12,1.25,8,0,360,1
EXP-07320,RIOFRIO,VIF,Comisaria_1_Familia,2024,0.175,1.1,2,0,214,1
EXP-07321,SEVILLA,VIF,Juzgado_Penal_Municipal_1,2023,1.62,1.25,8,0,277,1
EXP-07322,OBANDO,VIF,Juzgado_2_Familia,2020,0.38,1.2,5,0,222,1
EXP-07323,VIJES,HURTO_PATRIMONIAL,Juzgado_Penal_Municipal_2,2021,0.175,1.05,10,1,525,1
EXP-07324,DAGUA,ALIMENTOS,Juzgado_2_Familia,2023,1.3666666666666665,1.2,9,1,485,1
EXP-07325,CANDELARIA,VIF,Juzgado_Penal_Municipal_2,2022,3.08,1.05,1,0,219,1
EXP-07326,YUMBO,ALIMENTOS,Juzgado_Penal_Municipal_1,2024,3.5,1.25,1,0,319,1
EXP-07327,BUENAVENTURA,ALIMENTOS,Juzgado_Penal_Municipal_1,2023,3.34,1.25,4,0,363,1
EXP-07328,CALI,ALIMENTOS,Juzgado_2_Familia,2023,70.34,1.2,1,1,611,1
EXP-07329,FLORIDA,ALIMENTOS,Juzgado_3_Familia,2023,0.8,0.95,2,1,420,1
EXP-07330,GUACARI,VIF,Juzgado_2_Familia,2024,1.48,1.2,1,0,235,1
EXP-07331,FLORIDA,HURTO_PATRIMONIAL,Juzgado_2_Familia,2022,0.8,1.2,1,0,373,1
EXP-07332,EL CERRITO,ALIMENTOS,Juzgado_2_Familia,2023,1.1,1.2,1,1,199,0
EXP-07333,CALI,VIF,Juzgado_Penal_Municipal_1,2022,70.34,1.25,8,0,495,1
EXP-07334,CALI,ALIMENTOS,Comisaria_1_Familia,2024,70.34,1.1,7,0,528,1
EXP-07335,CARTAGO,VIF,Juzgado_1_Familia,2023,5.56,1.35,2,0,318,1
EXP-07336,GUADALAJARA DE BUGA,ALIMENTOS,Juzgado_Penal_Municipal_2,2022,6.6,1.05,4,0,285,1
EXP-07337,CALIMA,VIF,Comisaria_1_Familia,2022,0.3199999999999999,1.1,2,0,224,1
EXP-07338,CALI,VIF,Juzgado_2_Familia,2023,70.34,1.2,3,0,396,0
EXP-07339,CANDELARIA,VIF,Juzgado_1_Familia,2020,3.08,1.35,4,0,249,1
EXP-07340,PALMIRA,HURTO_PATRIMONIAL,Juzgado_1_Familia,2023,11.54,1.35,6,0,316,0
EXP-07341,RIOFRIO,VIF,Juzgado_2_Familia,2021,0.175,1.2,16,0,326,1
EXP-07342,SEVILLA,VIF,Juzgado_Penal_Municipal_2,2024,1.62,1.05,7,0,208,0
EXP-07343,ZARZAL,VIF,Juzgado_Penal_Municipal_2,2020,1.12,1.05,10,0,231,1
EXP-07344,BUENAVENTURA,VIF,Comisaria_1_Familia,2024,3.34,1.1,10,0,295,1
EXP-07345,GUACARI,HURTO_PATRIMONIAL,Juzgado_2_Familia,2022,1.48,1.2,5,0,305,1
EXP-07346,ROLDANILLO,VIF,Comisaria_1_Familia,2024,1.26,1.1,1,0,214,1
EXP-07347,CALI,VIF,Comisaria_2_Familia,2024,70.34,0.9,4,0,379,1
EXP-07348,CALI,VIF,Comisaria_2_Familia,2024,70.34,0.9,10,0,340,0
EXP-07349,TULUA,VIF,Juzgado_2_Familia,2024,3.34,1.2,2,0,152,0
EXP-07350,FLORIDA,ALIMENTOS,Juzgado_3_Familia,2020,0.8,0.95,6,0,252,1
EXP-07351,VERSALLES,ALIMENTOS,Juzgado_Penal_Municipal_1,2021,0.1333333333333333,1.25,4,0,328,1
EXP-07352,CALI,ALIMENTOS,Juzgado_Penal_Municipal_1,2023,70.34,1.25,5,1,696,1
EXP-07353,SEVILLA,HURTO_PATRIMONIAL,Juzgado_Penal_Municipal_1,2022,1.62,1.25,3,1,496,1
EXP-07354,CALI,VIF,Comisaria_2_Familia,2022,70.34,0.9,11,0,461,1
EXP-07355,CAICEDONIA,ALIMENTOS,Juzgado_Penal_Municipal_2,2024,1.28,1.05,3,1,443,1
EXP-07356,CALI,VIF,Comisaria_2_Familia,2020,70.34,0.9,4,0,376,1
EXP-07357,CALI,VIF,Juzgado_Penal_Municipal_2,2022,70.34,1.05,16,0,537,1
EXP-07358,PALMIRA,VIF,Juzgado_2_Familia,2020,11.54,1.2,1,0,199,1
EXP-07359,GUADALAJARA DE BUGA,ALIMENTOS,Juzgado_Penal_Municipal_2,2024,6.6,1.05,3,1,427,1
EXP-07360,PALMIRA,VIF,Comisaria_2_Familia,2022,11.54,0.9,4,0,227,1
EXP-07361,CALI,HURTO_PATRIMONIAL,Juzgado_1_Familia,2020,70.34,1.35,1,1,671,1
EXP-07362,VERSALLES,VIF,Juzgado_Penal_Municipal_1,2022,0.1333333333333333,1.25,5,0,248,1
EXP-07363,BUGALAGRANDE,VIF,Juzgado_3_Familia,2021,0.2799999999999999,0.95,3,0,201,1
EXP-07364,PALMIRA,VIF,Comisaria_2_Familia,2022,11.54,0.9,5,0,148,0
EXP-07365,SIN_DATO,SUSTANCIAS,Juzgado_2_Familia,2021,2.2,1.2,2,0,239,1
EXP-07366,BUENAVENTURA,VIF,Juzgado_Penal_Municipal_1,2023,3.34,1.25,4,0,260,1
EXP-07367,CALI,SUSTANCIAS,Comisaria_1_Familia,2020,70.34,1.1,2,0,446,1
EXP-07368,SIN_DATO,VIF,Comisaria_1_Familia,2023,2.2,1.1,2,0,205,1
EXP-07369,DAGUA,VIF,Comisaria_1_Familia,2022,1.3666666666666665,1.1,2,0,226,1
EXP-07370,RESTREPO,VIF,Juzgado_1_Familia,2023,0.24,1.35,6,0,300,1
EXP-07371,VIJES,VIF,Comisaria_1_Familia,2023,0.175,1.1,8,0,234,1
EXP-07372,GINEBRA,HURTO_PATRIMONIAL,Juzgado_3_Familia,2023,0.6,0.95,1,0,267,1
EXP-07373,YUMBO,VIF,Juzgado_1_Familia,2024,3.5,1.35,2,0,279,1
EXP-07374,ROLDANILLO,VIF,Juzgado_3_Familia,2024,1.26,0.95,2,0,168,1
EXP-07375,LA VICTORIA,ALIMENTOS,Juzgado_Penal_Municipal_1,2023,0.1666666666666666,1.25,10,0,406,1
EXP-07376,SEVILLA,VIF,Juzgado_Penal_Municipal_1,2022,1.62,1.25,1,0,277,1
EXP-07377,CALI,HURTO_PATRIMONIAL,Juzgado_Penal_Municipal_1,2020,70.34,1.25,2,0,586,1
EXP-07378,EL AGUILA,VIF,Comisaria_1_Familia,2024,0.1666666666666666,1.1,6,0,247,1
EXP-07379,SAN PEDRO,HURTO_PATRIMONIAL,Comisaria_2_Familia,2020,0.3,0.9,2,0,259,1
EXP-07380,PALMIRA,ALIMENTOS,Juzgado_3_Familia,2022,11.54,0.95,8,1,495,1
EXP-07381,YUMBO,ALIMENTOS,Juzgado_2_Familia,2022,3.5,1.2,7,1,478,1
EXP-07382,ROLDANILLO,ALIMENTOS,Juzgado_1_Familia,2024,1.26,1.35,1,0,338,1
EXP-07383,ANSERMANUEVO,VIF,Juzgado_3_Familia,2023,0.2,0.95,7,0,200,1
EXP-07384,YUMBO,ALIMENTOS,Juzgado_Penal_Municipal_2,2023,3.5,1.05,5,0,317,1
EXP-07385,PALMIRA,ALIMENTOS,Juzgado_Penal_Municipal_1,2021,11.54,1.25,1,0,342,1
EXP-07386,PALMIRA,VIF,Comisaria_2_Familia,2024,11.54,0.9,3,0,219,1
EXP-07387,ANDALUCIA,VIF,Comisaria_2_Familia,2021,0.38,0.9,4,0,171,1
EXP-07388,CALI,HURTO_PATRIMONIAL,Juzgado_3_Familia,2021,70.34,0.95,3,0,427,1
EXP-07389,JAMUNDI,HURTO_PATRIMONIAL,Juzgado_Penal_Municipal_1,2023,2.64,1.25,13,1,583,1
EXP-07390,ROLDANILLO,SUSTANCIAS,Comisaria_2_Familia,2020,1.26,0.9,3,0,193,1
EXP-07391,SIN_DATO,VIF,Comisaria_2_Familia,2023,2.2,0.9,3,0,200,1
EXP-07392,EL CERRITO,ALIMENTOS,Juzgado_Penal_Municipal_1,2023,1.1,1.25,4,0,319,1
EXP-07393,GINEBRA,HURTO_PATRIMONIAL,Juzgado_Penal_Municipal_1,2024,0.6,1.25,5,0,363,1
EXP-07394,SEVILLA,SUSTANCIAS,Juzgado_1_Familia,2024,1.62,1.35,3,0,291,1
EXP-07395,VERSALLES,ALIMENTOS,Juzgado_2_Familia,2022,0.1333333333333333,1.2,1,0,293,1
EXP-07396,BUENAVENTURA,HURTO_PATRIMONIAL,Juzgado_2_Familia,2023,3.34,1.2,4,1,544,1
EXP-07397,ZARZAL,VIF,Comisaria_1_Familia,2024,1.12,1.1,4,0,243,1
EXP-07398,TULUA,VIF,Juzgado_1_Familia,2024,3.34,1.35,5,0,288,1
EXP-07399,TULUA,HURTO_PATRIMONIAL,Juzgado_3_Familia,2023,3.34,0.95,1,0,264,1
EXP-07400,CARTAGO,ALIMENTOS,Comisaria_2_Familia,2024,5.56,0.9,6,0,228,0
EXP-07401,ANSERMANUEVO,VIF,Juzgado_3_Familia,2023,0.2,0.95,6,0,222,1
EXP-07402,RESTREPO,SUSTANCIAS,Juzgado_Penal_Municipal_2,2024,0.24,1.05,8,0,279,1
EXP-07403,BUENAVENTURA,VIF,Juzgado_2_Familia,2021,3.34,1.2,3,0,266,1
EXP-07404,BUENAVENTURA,VIF,Juzgado_2_Familia,2020,3.34,1.2,5,0,240,1
EXP-07405,CALI,ALIMENTOS,Juzgado_3_Familia,2021,70.34,0.95,3,1,575,1
EXP-07406,ROLDANILLO,HURTO_PATRIMONIAL,Juzgado_2_Familia,2024,1.26,1.2,1,0,405,1
EXP-07407,PALMIRA,HURTO_PATRIMONIAL,Comisaria_2_Familia,2023,11.54,0.9,4,0,330,1
EXP-07408,SIN_DATO,VIF,Juzgado_1_Familia,2020,2.2,1.35,2,0,260,1
EXP-07409,TULUA,VIF,Juzgado_2_Familia,2020,3.34,1.2,1,0,216,1
EXP-07410,PALMIRA,SUSTANCIAS,Juzgado_2_Familia,2022,11.54,1.2,3,0,297,1
EXP-07411,YUMBO,VIF,Juzgado_2_Familia,2021,3.5,1.2,2,0,240,1
EXP-07412,GUADALAJARA DE BUGA,HURTO_PATRIMONIAL,Juzgado_Penal_Municipal_1,2024,6.6,1.25,6,0,218,0
EXP-07413,TORO,ALIMENTOS,Juzgado_3_Familia,2023,0.1333333333333333,0.95,6,1,464,1
EXP-07414,BUENAVENTURA,ALIMENTOS,Juzgado_3_Familia,2024,3.34,0.95,13,0,349,1
EXP-07415,LA CUMBRE,VIF,Juzgado_1_Familia,2022,0.24,1.35,7,0,297,1
EXP-07416,CALIMA,VIF,Juzgado_3_Familia,2020,0.3199999999999999,0.95,9,0,215,1
EXP-07417,PRADERA,VIF,Juzgado_2_Familia,2021,0.72,1.2,1,0,213,1
EXP-07418,ZARZAL,VIF,Juzgado_3_Familia,2022,1.12,0.95,4,0,201,1
EXP-07419,GUADALAJARA DE BUGA,VIF,Comisaria_1_Familia,2021,6.6,1.1,8,0,272,1
EXP-07420,CANDELARIA,ALIMENTOS,Juzgado_1_Familia,2021,3.08,1.35,2,0,312,1
EXP-07421,SIN_DATO,ALIMENTOS,Juzgado_3_Familia,2023,2.2,0.95,1,0,229,1
EXP-07422,SIN_DATO,SUSTANCIAS,Juzgado_Penal_Municipal_2,2024,2.2,1.05,1,0,223,1
EXP-07423,LA VICTORIA,VIF,Juzgado_Penal_Municipal_2,2020,0.1666666666666666,1.05,5,0,96,0
EXP-07424,ALCALA,VIF,Juzgado_3_Familia,2021,0.22,0.95,10,0,205,0
EXP-07425,RESTREPO,VIF,Juzgado_Penal_Municipal_2,2024,0.24,1.05,3,0,234,1
EXP-07426,PALMIRA,SUSTANCIAS,Juzgado_Penal_Municipal_2,2024,11.54,1.05,10,0,331,1
EXP-07427,LA CUMBRE,ALIMENTOS,Comisaria_1_Familia,2024,0.24,1.1,11,1,479,1
EXP-07428,CALIMA,ALIMENTOS,Juzgado_3_Familia,2023,0.3199999999999999,0.95,3,0,255,1
EXP-07429,LA UNION,ALIMENTOS,Juzgado_3_Familia,2022,0.575,0.95,1,0,220,1
EXP-07430,CALI,VIF,Comisaria_1_Familia,2020,70.34,1.1,5,0,429,1
EXP-07431,LA UNION,ALIMENTOS,Comisaria_1_Familia,2024,0.575,1.1,16,1,543,1
EXP-07432,PALMIRA,ALIMENTOS,Juzgado_Penal_Municipal_1,2023,11.54,1.25,8,0,408,1
EXP-07433,VIJES,VIF,Juzgado_3_Familia,2020,0.175,0.95,1,0,156,1
EXP-07434,PALMIRA,VIF,Comisaria_2_Familia,2020,11.54,0.9,1,0,203,1
EXP-07435,CAICEDONIA,ALIMENTOS,Juzgado_2_Familia,2022,1.28,1.2,3,0,292,1
EXP-07436,LA UNION,SUSTANCIAS,Comisaria_2_Familia,2024,0.575,0.9,2,0,167,1
EXP-07437,SEVILLA,VIF,Comisaria_1_Familia,2023,1.62,1.1,4,0,220,1
EXP-07438,PALMIRA,HURTO_PATRIMONIAL,Juzgado_1_Familia,2024,11.54,1.35,1,1,543,1
EXP-07439,GUADALAJARA DE BUGA,VIF,Juzgado_Penal_Municipal_2,2024,6.6,1.05,3,0,228,1
EXP-07440,GUADALAJARA DE BUGA,HURTO_PATRIMONIAL,Comisaria_2_Familia,2022,6.6,0.9,5,1,448,1
EXP-07441,BUENAVENTURA,VIF,Juzgado_Penal_Municipal_2,2024,3.34,1.05,1,0,210,1
EXP-07442,CALI,VIF,Comisaria_2_Familia,2023,70.34,0.9,3,0,174,0
EXP-07443,ROLDANILLO,HURTO_PATRIMONIAL,Comisaria_2_Familia,2024,1.26,0.9,5,1,434,1
EXP-07444,ARGELIA,ALIMENTOS,Juzgado_2_Familia,2024,0.2,1.2,2,0,301,1
EXP-07445,CALI,VIF,Juzgado_Penal_Municipal_1,2023,70.34,1.25,2,0,461,1
EXP-07446,CALIMA,SUSTANCIAS,Juzgado_2_Familia,2023,0.3199999999999999,1.2,1,0,222,1
EXP-07447,YUMBO,VIF,Juzgado_Penal_Municipal_2,2023,3.5,1.05,1,0,187,1
EXP-07448,CALI,VIF,Juzgado_3_Familia,2022,70.34,0.95,2,0,347,1
EXP-07449,DAGUA,VIF,Juzgado_Penal_Municipal_2,2024,1.3666666666666665,1.05,2,0,138,0
EXP-07450,GINEBRA,VIF,Juzgado_1_Familia,2023,0.6,1.35,4,0,235,1
EXP-07451,LA VICTORIA,ALIMENTOS,Juzgado_2_Familia,2022,0.1666666666666666,1.2,6,0,312,1
EXP-07452,GUACARI,HURTO_PATRIMONIAL,Juzgado_2_Familia,2024,1.48,1.2,3,1,482,1
EXP-07453,TRUJILLO,HURTO_PATRIMONIAL,Juzgado_1_Familia,2024,0.225,1.35,8,0,441,1
EXP-07454,CALI,VIF,Juzgado_2_Familia,2024,70.34,1.2,2,0,479,1
EXP-07455,LA VICTORIA,ALIMENTOS,Juzgado_Penal_Municipal_2,2023,0.1666666666666666,1.05,1,1,393,1
EXP-07456,YOTOCO,HURTO_PATRIMONIAL,Juzgado_1_Familia,2023,0.58,1.35,17,0,196,0
EXP-07457,SAN PEDRO,ALIMENTOS,Comisaria_1_Familia,2021,0.3,1.1,1,1,410,1
EXP-07458,GINEBRA,HURTO_PATRIMONIAL,Juzgado_3_Familia,2022,0.6,0.95,5,0,347,1
EXP-07459,CAICEDONIA,VIF,Juzgado_2_Familia,2022,1.28,1.2,3,0,237,1
EXP-07460,SIN_DATO,VIF,Comisaria_1_Familia,2024,2.2,1.1,1,0,96,0
EXP-07461,CALI,VIF,Comisaria_2_Familia,2023,70.34,0.9,2,0,360,1
EXP-07462,TULUA,ALIMENTOS,Juzgado_1_Familia,2021,3.34,1.35,3,0,334,1
EXP-07463,FLORIDA,VIF,Juzgado_Penal_Municipal_1,2024,0.8,1.25,5,0,260,1
EXP-07464,GUADALAJARA DE BUGA,ALIMENTOS,Juzgado_Penal_Municipal_2,2024,6.6,1.05,2,0,300,1
EXP-07465,ANSERMANUEVO,VIF,Comisaria_2_Familia,2024,0.2,0.9,1,0,174,1
EXP-07466,TULUA,HURTO_PATRIMONIAL,Juzgado_2_Familia,2022,3.34,1.2,3,0,374,1
EXP-07467,JAMUNDI,ALIMENTOS,Juzgado_1_Familia,2023,2.64,1.35,1,0,364,1
EXP-07468,CARTAGO,ALIMENTOS,Juzgado_1_Familia,2024,5.56,1.35,9,0,391,1
EXP-07469,OBANDO,ALIMENTOS,Comisaria_1_Familia,2024,0.38,1.1,3,0,277,1
EXP-07470,CANDELARIA,HURTO_PATRIMONIAL,Juzgado_Penal_Municipal_1,2023,3.08,1.25,12,0,425,1
EXP-07471,CALIMA,ALIMENTOS,Juzgado_1_Familia,2023,0.3199999999999999,1.35,3,0,344,1
EXP-07472,JAMUNDI,ALIMENTOS,Juzgado_2_Familia,2024,2.64,1.2,7,0,384,1
EXP-07473,BUENAVENTURA,ALIMENTOS,Comisaria_2_Familia,2021,3.34,0.9,3,0,195,1
EXP-07474,CANDELARIA,VIF,Comisaria_2_Familia,2024,3.08,0.9,7,0,96,0
EXP-07475,DAGUA,HURTO_PATRIMONIAL,Comisaria_1_Familia,2023,1.3666666666666665,1.1,1,1,354,0
EXP-07476,CALI,HURTO_PATRIMONIAL,Juzgado_Penal_Municipal_1,2023,70.34,1.25,3,0,558,1
EXP-07477,CALI,ALIMENTOS,Juzgado_2_Familia,2022,70.34,1.2,8,1,721,1
EXP-07478,JAMUNDI,VIF,Juzgado_Penal_Municipal_1,2023,2.64,1.25,2,0,223,1
EXP-07479,EL CERRITO,ALIMENTOS,Juzgado_Penal_Municipal_2,2024,1.1,1.05,15,1,549,1
EXP-07480,GUACARI,VIF,Juzgado_2_Familia,2022,1.48,1.2,3,0,156,0
EXP-07481,JAMUNDI,VIF,Comisaria_2_Familia,2024,2.64,0.9,2,0,192,1
EXP-07482,JAMUNDI,ALIMENTOS,Juzgado_Penal_Municipal_2,2020,2.64,1.05,10,0,220,0
EXP-07483,CALI,ALIMENTOS,Comisaria_2_Familia,2023,70.34,0.9,2,0,459,1
EXP-07484,JAMUNDI,VIF,Juzgado_Penal_Municipal_1,2023,2.64,1.25,2,0,219,1
EXP-07485,CANDELARIA,ALIMENTOS,Juzgado_3_Familia,2021,3.08,0.95,4,0,252,1
EXP-07486,CALI,ALIMENTOS,Comisaria_1_Familia,2023,70.34,1.1,9,1,632,1
EXP-07487,CALI,ALIMENTOS,Comisaria_2_Familia,2022,70.34,0.9,18,0,586,1
EXP-07488,CALI,ALIMENTOS,Juzgado_Penal_Municipal_2,2024,70.34,1.05,12,0,540,1
EXP-07489,ALCALA,ALIMENTOS,Comisaria_1_Familia,2021,0.22,1.1,2,0,260,1
EXP-07490,EL CERRITO,VIF,Juzgado_Penal_Municipal_2,2024,1.1,1.05,4,0,216,1
EXP-07491,PRADERA,HURTO_PATRIMONIAL,Juzgado_2_Familia,2024,0.72,1.2,7,0,390,1
EXP-07492,CANDELARIA,VIF,Juzgado_3_Familia,2024,3.08,0.95,3,0,208,1
EXP-07493,SEVILLA,HURTO_PATRIMONIAL,Comisaria_1_Familia,2024,1.62,1.1,3,0,317,1
EXP-07494,CALI,HURTO_PATRIMONIAL,Comisaria_1_Familia,2021,70.34,1.1,2,1,655,1
EXP-07495,YUMBO,HURTO_PATRIMONIAL,Juzgado_2_Familia,2024,3.5,1.2,3,0,387,1
EXP-07496,CANDELARIA,HURTO_PATRIMONIAL,Juzgado_3_Familia,2023,3.08,0.95,5,1,473,1
EXP-07497,ALCALA,VIF,Juzgado_Penal_Municipal_1,2021,0.22,1.25,3,0,230,1
EXP-07498,CALI,VIF,Comisaria_2_Familia,2024,70.34,0.9,3,0,387,1
EXP-07499,SIN_DATO,ALIMENTOS,Juzgado_Penal_Municipal_1,2023,2.2,1.25,2,1,465,1
EXP-07500,SIN_DATO,ALIMENTOS,Comisaria_2_Familia,2023,2.2,0.9,4,0,230,1
EXP-07501,YUMBO,VIF,Juzgado_1_Familia,2022,3.5,1.35,3,0,132,0
EXP-07502,CARTAGO,ALIMENTOS,Comisaria_2_Familia,2022,5.56,0.9,2,0,199,1
EXP-07503,GUADALAJARA DE BUGA,ALIMENTOS,Juzgado_3_Familia,2020,6.6,0.95,1,1,385,1
EXP-07504,TRUJILLO,ALIMENTOS,Juzgado_Penal_Municipal_2,2023,0.225,1.05,9,1,504,1
EXP-07505,GUACARI,ALIMENTOS,Juzgado_Penal_Municipal_2,2024,1.48,1.05,11,0,349,1
EXP-07506,YUMBO,ALIMENTOS,Juzgado_3_Familia,2023,3.5,0.95,10,0,276,1
EXP-07507,CALI,VIF,Juzgado_Penal_Municipal_2,2023,70.34,1.05,7,0,459,1
EXP-07508,CALI,ALIMENTOS,Juzgado_Penal_Municipal_1,2020,70.34,1.25,2,0,493,1
EXP-07509,ZARZAL,SUSTANCIAS,Comisaria_2_Familia,2020,1.12,0.9,3,0,222,1
EXP-07510,TRUJILLO,ALIMENTOS,Comisaria_1_Familia,2022,0.225,1.1,6,1,468,1
EXP-07511,ROLDANILLO,HURTO_PATRIMONIAL,Comisaria_2_Familia,2024,1.26,0.9,7,1,451,1
EXP-07512,CANDELARIA,SUSTANCIAS,Comisaria_1_Familia,2024,3.08,1.1,1,0,236,1
EXP-07513,YUMBO,ALIMENTOS,Juzgado_2_Familia,2022,3.5,1.2,5,1,467,1
EXP-07514,YUMBO,SUSTANCIAS,Juzgado_2_Familia,2021,3.5,1.2,1,0,246,1
EXP-07515,ALCALA,SUSTANCIAS,Comisaria_2_Familia,2024,0.22,0.9,2,0,198,1
EXP-07516,PALMIRA,HURTO_PATRIMONIAL,Juzgado_Penal_Municipal_2,2023,11.54,1.05,5,0,357,1
EXP-07517,CALI,ALIMENTOS,Juzgado_1_Familia,2023,70.34,1.35,6,0,455,0
EXP-07518,ARGELIA,HURTO_PATRIMONIAL,Comisaria_1_Familia,2023,0.2,1.1,2,0,383,1
EXP-07519,CAICEDONIA,VIF,Juzgado_3_Familia,2023,1.28,0.95,2,0,117,0
EXP-07520,ROLDANILLO,SUSTANCIAS,Juzgado_Penal_Municipal_1,2024,1.26,1.25,3,0,279,1
EXP-07521,EL DOVIO,VIF,Juzgado_Penal_Municipal_2,2024,0.1,1.05,4,0,231,1
EXP-07522,ROLDANILLO,VIF,Juzgado_1_Familia,2020,1.26,1.35,4,0,277,1
EXP-07523,CALI,ALIMENTOS,Juzgado_2_Familia,2024,70.34,1.2,1,1,621,1
EXP-07524,PALMIRA,ALIMENTOS,Juzgado_Penal_Municipal_2,2024,11.54,1.05,6,0,320,1
EXP-07525,PRADERA,VIF,Juzgado_Penal_Municipal_2,2022,0.72,1.05,6,0,150,0
EXP-07526,EL CERRITO,ALIMENTOS,Juzgado_1_Familia,2024,1.1,1.35,2,1,449,1
EXP-07527,ALCALA,ALIMENTOS,Juzgado_1_Familia,2021,0.22,1.35,4,0,375,1
EXP-07528,FLORIDA,VIF,Juzgado_Penal_Municipal_2,2023,0.8,1.05,7,0,256,1
EXP-07529,RESTREPO,HURTO_PATRIMONIAL,Juzgado_1_Familia,2020,0.24,1.35,3,0,382,1
EXP-07530,CALI,HURTO_PATRIMONIAL,Juzgado_1_Familia,2024,70.34,1.35,4,0,581,1
EXP-07531,BUENAVENTURA,VIF,Juzgado_Penal_Municipal_2,2024,3.34,1.05,1,0,224,1
EXP-07532,JAMUNDI,HURTO_PATRIMONIAL,Juzgado_3_Familia,2024,2.64,0.95,2,0,285,1
EXP-07533,YUMBO,ALIMENTOS,Comisaria_2_Familia,2021,3.5,0.9,6,1,433,1
EXP-07534,VERSALLES,VIF,Juzgado_Penal_Municipal_1,2024,0.1333333333333333,1.25,1,0,231,1
EXP-07535,BOLIVAR,ALIMENTOS,Juzgado_Penal_Municipal_1,2021,0.2333333333333333,1.25,5,0,370,1
EXP-07536,PRADERA,SUSTANCIAS,Comisaria_2_Familia,2023,0.72,0.9,3,0,205,1
EXP-07537,YUMBO,VIF,Juzgado_Penal_Municipal_1,2023,3.5,1.25,2,0,174,0
EXP-07538,PALMIRA,VIF,Juzgado_Penal_Municipal_1,2023,11.54,1.25,5,0,312,1
EXP-07539,FLORIDA,HURTO_PATRIMONIAL,Juzgado_Penal_Municipal_2,2024,0.8,1.05,3,1,315,0
EXP-07540,BOLIVAR,ALIMENTOS,Juzgado_3_Familia,2022,0.2333333333333333,0.95,9,0,331,1
EXP-07541,GUADALAJARA DE BUGA,HURTO_PATRIMONIAL,Juzgado_Penal_Municipal_1,2020,6.6,1.25,2,0,365,1
EXP-07542,PALMIRA,ALIMENTOS,Comisaria_1_Familia,2023,11.54,1.1,4,1,459,1
EXP-07543,EL DOVIO,ALIMENTOS,Comisaria_1_Familia,2022,0.1,1.1,1,0,251,1
EXP-07544,SIN_DATO,ALIMENTOS,Juzgado_3_Familia,2022,2.2,0.95,3,0,288,1
EXP-07545,ANDALUCIA,ALIMENTOS,Juzgado_Penal_Municipal_2,2021,0.38,1.05,2,1,404,1
EXP-07546,JAMUNDI,HURTO_PATRIMONIAL,Juzgado_3_Familia,2021,2.64,0.95,3,1,435,1
EXP-07547,CALI,ALIMENTOS,Juzgado_Penal_Municipal_1,2024,70.34,1.25,8,0,227,0
EXP-07548,CARTAGO,ALIMENTOS,Comisaria_2_Familia,2022,5.56,0.9,2,1,385,1
EXP-07549,RESTREPO,HURTO_PATRIMONIAL,Juzgado_3_Familia,2024,0.24,0.95,7,0,257,1
EXP-07550,EL CERRITO,VIF,Juzgado_1_Familia,2024,1.1,1.35,4,0,260,1
EXP-07551,PALMIRA,VIF,Juzgado_2_Familia,2024,11.54,1.2,8,0,302,1
EXP-07552,ANDALUCIA,VIF,Comisaria_2_Familia,2024,0.38,0.9,2,0,183,1
EXP-07553,PRADERA,HURTO_PATRIMONIAL,Comisaria_1_Familia,2024,0.72,1.1,4,0,337,1
EXP-07554,RIOFRIO,ALIMENTOS,Juzgado_Penal_Municipal_2,2022,0.175,1.05,1,0,253,1
EXP-07555,CANDELARIA,ALIMENTOS,Comisaria_1_Familia,2024,3.08,1.1,11,0,393,1
EXP-07556,GINEBRA,SUSTANCIAS,Comisaria_1_Familia,2024,0.6,1.1,5,0,257,1
EXP-07557,PALMIRA,ALIMENTOS,Juzgado_2_Familia,2021,11.54,1.2,5,0,344,1
EXP-07558,PALMIRA,ALIMENTOS,Juzgado_2_Familia,2022,11.54,1.2,3,0,160,0
EXP-07559,RIOFRIO,VIF,Juzgado_2_Familia,2020,0.175,1.2,13,0,322,1
EXP-07560,BUENAVENTURA,SUSTANCIAS,Juzgado_3_Familia,2020,3.34,0.95,9,0,270,1
EXP-07561,CALIMA,ALIMENTOS,Juzgado_2_Familia,2022,0.3199999999999999,1.2,3,0,279,1
EXP-07562,PALMIRA,VIF,Comisaria_2_Familia,2024,11.54,0.9,3,0,237,1
EXP-07563,CALI,VIF,Juzgado_1_Familia,2023,70.34,1.35,8,0,492,1
EXP-07564,CALI,VIF,Comisaria_2_Familia,2024,70.34,0.9,4,0,428,1
EXP-07565,JAMUNDI,HURTO_PATRIMONIAL,Comisaria_2_Familia,2020,2.64,0.9,10,0,331,1
EXP-07566,CALI,ALIMENTOS,Juzgado_1_Familia,2024,70.34,1.35,4,1,682,1
EXP-07567,CALI,VIF,Comisaria_1_Familia,2023,70.34,1.1,1,0,418,1
EXP-07568,EL AGUILA,ALIMENTOS,Juzgado_1_Familia,2023,0.1666666666666666,1.35,7,0,363,1
EXP-07569,CALI,ALIMENTOS,Juzgado_1_Familia,2024,70.34,1.35,3,0,545,1
EXP-07570,CARTAGO,SUSTANCIAS,Juzgado_Penal_Municipal_2,2020,5.56,1.05,1,0,260,1
EXP-07571,TULUA,HURTO_PATRIMONIAL,Juzgado_Penal_Municipal_2,2021,3.34,1.05,6,0,324,1
EXP-07572,GUADALAJARA DE BUGA,SUSTANCIAS,Juzgado_Penal_Municipal_1,2023,6.6,1.25,12,0,332,1
EXP-07573,LA UNION,VIF,Juzgado_Penal_Municipal_1,2022,0.575,1.25,1,0,223,1
EXP-07574,EL CERRITO,VIF,Juzgado_1_Familia,2022,1.1,1.35,2,0,264,1
EXP-07575,ROLDANILLO,SUSTANCIAS,Comisaria_2_Familia,2022,1.26,0.9,1,0,155,1
EXP-07576,YUMBO,HURTO_PATRIMONIAL,Juzgado_1_Familia,2024,3.5,1.35,3,0,438,1
EXP-07577,BUENAVENTURA,HURTO_PATRIMONIAL,Comisaria_1_Familia,2023,3.34,1.1,1,1,463,1
EXP-07578,CALI,VIF,Juzgado_2_Familia,2022,70.34,1.2,1,0,415,1
EXP-07579,CALI,VIF,Juzgado_1_Familia,2024,70.34,1.35,3,0,494,1
EXP-07580,GUACARI,VIF,Juzgado_2_Familia,2022,1.48,1.2,7,0,298,1
EXP-07581,SIN_DATO,ALIMENTOS,Juzgado_2_Familia,2022,2.2,1.2,1,1,458,1
EXP-07582,CARTAGO,VIF,Comisaria_1_Familia,2024,5.56,1.1,6,0,144,0
EXP-07583,PALMIRA,SUSTANCIAS,Comisaria_1_Familia,2024,11.54,1.1,4,0,291,1
EXP-07584,YUMBO,SUSTANCIAS,Juzgado_Penal_Municipal_2,2024,3.5,1.05,1,0,226,1
EXP-07585,BUENAVENTURA,VIF,Juzgado_1_Familia,2022,3.34,1.35,6,0,307,1
EXP-07586,CAICEDONIA,VIF,Juzgado_2_Familia,2023,1.28,1.2,2,0,207,0
EXP-07587,CAICEDONIA,ALIMENTOS,Juzgado_Penal_Municipal_2,2020,1.28,1.05,4,0,275,1
EXP-07588,PRADERA,ALIMENTOS,Juzgado_3_Familia,2024,0.72,0.95,1,0,249,1
EXP-07589,CALI,ALIMENTOS,Juzgado_1_Familia,2023,70.34,1.35,6,0,421,0
EXP-07590,DAGUA,ALIMENTOS,Juzgado_Penal_Municipal_1,2023,1.3666666666666665,1.25,5,0,331,1
EXP-07591,CALI,SUSTANCIAS,Juzgado_Penal_Municipal_1,2021,70.34,1.25,3,0,391,0
EXP-07592,CARTAGO,HURTO_PATRIMONIAL,Juzgado_Penal_Municipal_1,2024,5.56,1.25,5,0,444,1
EXP-07593,CALIMA,VIF,Juzgado_1_Familia,2022,0.3199999999999999,1.35,14,0,330,1
EXP-07594,PALMIRA,VIF,Juzgado_3_Familia,2024,11.54,0.95,4,0,216,1
EXP-07595,DAGUA,HURTO_PATRIMONIAL,Juzgado_3_Familia,2024,1.3666666666666665,0.95,2,1,396,1
EXP-07596,CALI,VIF,Juzgado_3_Familia,2020,70.34,0.95,4,0,397,1
EXP-07597,DAGUA,ALIMENTOS,Juzgado_1_Familia,2020,1.3666666666666665,1.35,11,0,401,1
EXP-07598,YUMBO,HURTO_PATRIMONIAL,Juzgado_Penal_Municipal_1,2024,3.5,1.25,2,1,342,0
EXP-07599,BUENAVENTURA,HURTO_PATRIMONIAL,Juzgado_Penal_Municipal_1,2024,3.34,1.25,11,0,443,1
EXP-07600,CARTAGO,VIF,Comisaria_1_Familia,2024,5.56,1.1,5,0,246,1
EXP-07601,CALI,ALIMENTOS,Juzgado_2_Familia,2023,70.34,1.2,2,1,662,1
EXP-07602,CALI,SUSTANCIAS,Comisaria_1_Familia,2021,70.34,1.1,1,0,468,1
EXP-07603,TULUA,SUSTANCIAS,Juzgado_1_Familia,2024,3.34,1.35,9,0,341,1
EXP-07604,YUMBO,HURTO_PATRIMONIAL,Juzgado_3_Familia,2023,3.5,0.95,1,0,233,1
EXP-07605,SEVILLA,HURTO_PATRIMONIAL,Comisaria_1_Familia,2023,1.62,1.1,1,1,401,1
EXP-07606,BOLIVAR,ALIMENTOS,Comisaria_2_Familia,2023,0.2333333333333333,0.9,4,0,242,1
EXP-07607,FLORIDA,HURTO_PATRIMONIAL,Comisaria_2_Familia,2022,0.8,0.9,3,0,297,1
EXP-07608,PALMIRA,VIF,Comisaria_1_Familia,2024,11.54,1.1,2,0,240,1
EXP-07609,SIN_DATO,HURTO_PATRIMONIAL,Juzgado_Penal_Municipal_2,2023,2.2,1.05,2,1,314,0
EXP-07610,CALI,HURTO_PATRIMONIAL,Comisaria_2_Familia,2020,70.34,0.9,3,1,632,1
EXP-07611,ANDALUCIA,HURTO_PATRIMONIAL,Juzgado_Penal_Municipal_1,2021,0.38,1.25,1,0,246,0
EXP-07612,FLORIDA,VIF,Juzgado_3_Familia,2023,0.8,0.95,9,0,178,0
EXP-07613,CALI,ALIMENTOS,Juzgado_Penal_Municipal_1,2024,70.34,1.25,2,1,670,1
EXP-07614,CALI,SUSTANCIAS,Juzgado_Penal_Municipal_1,2021,70.34,1.25,12,0,563,1
EXP-07615,SEVILLA,ALIMENTOS,Juzgado_2_Familia,2021,1.62,1.2,6,0,339,1
EXP-07616,CALI,VIF,Juzgado_2_Familia,2021,70.34,1.2,6,0,508,1
EXP-07617,YUMBO,ALIMENTOS,Juzgado_Penal_Municipal_2,2022,3.5,1.05,7,0,283,1
EXP-07618,EL CERRITO,VIF,Juzgado_2_Familia,2024,1.1,1.2,10,0,126,0
EXP-07619,SAN PEDRO,ALIMENTOS,Juzgado_1_Familia,2022,0.3,1.35,1,0,305,1
EXP-07620,YUMBO,VIF,Juzgado_Penal_Municipal_1,2024,3.5,1.25,3,0,144,0
EXP-07621,CALI,VIF,Juzgado_1_Familia,2022,70.34,1.35,2,0,203,0
EXP-07622,TRUJILLO,ALIMENTOS,Juzgado_1_Familia,2023,0.225,1.35,2,1,453,1
EXP-07623,LA UNION,ALIMENTOS,Juzgado_3_Familia,2021,0.575,0.95,1,1,378,1
EXP-07624,CALI,HURTO_PATRIMONIAL,Juzgado_1_Familia,2023,70.34,1.35,4,1,702,1
EXP-07625,CALI,VIF,Comisaria_1_Familia,2024,70.34,1.1,6,0,412,0
EXP-07626,CANDELARIA,SUSTANCIAS,Juzgado_1_Familia,2024,3.08,1.35,3,0,308,1
EXP-07627,OBANDO,ALIMENTOS,Juzgado_3_Familia,2023,0.38,0.95,2,1,403,1
EXP-07628,ROLDANILLO,SUSTANCIAS,Juzgado_1_Familia,2021,1.26,1.35,7,0,184,0
EXP-07629,GUACARI,ALIMENTOS,Juzgado_3_Familia,2021,1.48,0.95,2,0,241,1
EXP-07630,GUADALAJARA DE BUGA,ALIMENTOS,Juzgado_2_Familia,2022,6.6,1.2,2,1,409,0
EXP-07631,YUMBO,VIF,Juzgado_1_Familia,2024,3.5,1.35,3,0,189,0
EXP-07632,BUENAVENTURA,HURTO_PATRIMONIAL,Juzgado_Penal_Municipal_1,2022,3.34,1.25,3,0,262,0
EXP-07633,YUMBO,ALIMENTOS,Comisaria_1_Familia,2021,3.5,1.1,1,1,471,1
EXP-07634,CANDELARIA,HURTO_PATRIMONIAL,Juzgado_Penal_Municipal_2,2021,3.08,1.05,4,0,274,1
EXP-07635,EL DOVIO,ALIMENTOS,Juzgado_Penal_Municipal_1,2024,0.1,1.25,9,0,364,1
EXP-07636,PALMIRA,VIF,Juzgado_Penal_Municipal_2,2023,11.54,1.05,2,0,230,1
EXP-07637,GUACARI,VIF,Comisaria_2_Familia,2023,1.48,0.9,1,0,172,1
EXP-07638,ANSERMANUEVO,ALIMENTOS,Comisaria_2_Familia,2023,0.2,0.9,7,1,379,1
EXP-07639,CAICEDONIA,ALIMENTOS,Juzgado_3_Familia,2022,1.28,0.95,14,0,323,1
EXP-07640,TRUJILLO,ALIMENTOS,Juzgado_1_Familia,2022,0.225,1.35,2,0,156,0
EXP-07641,CALI,ALIMENTOS,Juzgado_Penal_Municipal_2,2020,70.34,1.05,4,1,647,1
EXP-07642,TORO,ALIMENTOS,Comisaria_2_Familia,2022,0.1333333333333333,0.9,9,1,416,1
EXP-07643,CALI,ALIMENTOS,Juzgado_Penal_Municipal_2,2023,70.34,1.05,3,0,492,1
EXP-07644,JAMUNDI,ALIMENTOS,Comisaria_2_Familia,2024,2.64,0.9,7,0,276,1
EXP-07645,ANSERMANUEVO,ALIMENTOS,Juzgado_Penal_Municipal_1,2020,0.2,1.25,1,1,370,1
EXP-07646,GUADALAJARA DE BUGA,ALIMENTOS,Comisaria_1_Familia,2023,6.6,1.1,8,0,327,1
EXP-07647,TORO,ALIMENTOS,Juzgado_3_Familia,2023,0.1333333333333333,0.95,5,0,264,1
EXP-07648,YUMBO,VIF,Juzgado_Penal_Municipal_1,2023,3.5,1.25,3,0,239,1
EXP-07649,EL CAIRO,ALIMENTOS,Juzgado_1_Familia,2022,0.1,1.35,6,1,508,1
EXP-07650,SEVILLA,ALIMENTOS,Comisaria_2_Familia,2024,1.62,0.9,7,0,192,0
EXP-07651,ROLDANILLO,HURTO_PATRIMONIAL,Juzgado_Penal_Municipal_1,2021,1.26,1.25,9,1,406,0
EXP-07652,SIN_DATO,HURTO_PATRIMONIAL,Comisaria_1_Familia,2022,2.2,1.1,1,0,314,1
EXP-07653,CARTAGO,ALIMENTOS,Juzgado_2_Familia,2021,5.56,1.2,1,0,289,1
EXP-07654,GUADALAJARA DE BUGA,ALIMENTOS,Comisaria_2_Familia,2020,6.6,0.9,4,1,368,1
EXP-07655,CALI,HURTO_PATRIMONIAL,Juzgado_Penal_Municipal_1,2024,70.34,1.25,1,0,535,1
EXP-07656,ALCALA,ALIMENTOS,Juzgado_1_Familia,2024,0.22,1.35,1,0,325,1
EXP-07657,YOTOCO,ALIMENTOS,Juzgado_3_Familia,2024,0.58,0.95,4,0,147,0
EXP-07658,EL DOVIO,HURTO_PATRIMONIAL,Juzgado_1_Familia,2023,0.1,1.35,4,0,380,1
EXP-07659,EL CERRITO,VIF,Juzgado_1_Familia,2024,1.1,1.35,1,0,222,1
EXP-07660,TRUJILLO,VIF,Comisaria_1_Familia,2024,0.225,1.1,8,0,269,1
EXP-07661,PALMIRA,SUSTANCIAS,Juzgado_3_Familia,2020,11.54,0.95,2,0,234,1
EXP-07662,RIOFRIO,HURTO_PATRIMONIAL,Juzgado_3_Familia,2024,0.175,0.95,1,0,249,1
EXP-07663,ZARZAL,VIF,Juzgado_3_Familia,2021,1.12,0.95,8,0,224,1
EXP-07664,CALI,SUSTANCIAS,Juzgado_3_Familia,2022,70.34,0.95,7,0,438,1
EXP-07665,JAMUNDI,HURTO_PATRIMONIAL,Comisaria_1_Familia,2023,2.64,1.1,2,1,482,1
EXP-07666,OBANDO,SUSTANCIAS,Juzgado_2_Familia,2024,0.38,1.2,7,0,293,1
EXP-07667,CARTAGO,ALIMENTOS,Juzgado_Penal_Municipal_2,2023,5.56,1.05,3,0,289,1
EXP-07668,SIN_DATO,ALIMENTOS,Comisaria_1_Familia,2023,2.2,1.1,6,0,169,0
EXP-07669,ANDALUCIA,VIF,Juzgado_Penal_Municipal_2,2020,0.38,1.05,3,0,215,1
EXP-07670,GUADALAJARA DE BUGA,ALIMENTOS,Juzgado_Penal_Municipal_2,2022,6.6,1.05,7,1,391,0
EXP-07671,BUENAVENTURA,VIF,Juzgado_2_Familia,2024,3.34,1.2,3,0,238,1
EXP-07672,BUGALAGRANDE,ALIMENTOS,Comisaria_1_Familia,2022,0.2799999999999999,1.1,3,0,261,1
EXP-07673,ARGELIA,ALIMENTOS,Juzgado_Penal_Municipal_2,2021,0.2,1.05,1,0,231,1
EXP-07674,CALI,ALIMENTOS,Comisaria_1_Familia,2024,70.34,1.1,6,0,511,1
EXP-07675,JAMUNDI,VIF,Comisaria_2_Familia,2023,2.64,0.9,11,0,284,1
EXP-07676,YOTOCO,HURTO_PATRIMONIAL,Comisaria_1_Familia,2020,0.58,1.1,6,0,325,1
EXP-07677,BUENAVENTURA,HURTO_PATRIMONIAL,Juzgado_3_Familia,2022,3.34,0.95,8,1,451,1
EXP-07678,YOTOCO,VIF,Juzgado_3_Familia,2023,0.58,0.95,5,0,211,1
EXP-07679,CALI,VIF,Juzgado_3_Familia,2024,70.34,0.95,2,0,391,1
EXP-07680,YUMBO,VIF,Comisaria_1_Familia,2024,3.5,1.1,4,0,223,1
EXP-07681,SAN PEDRO,VIF,Comisaria_1_Familia,2021,0.3,1.1,1,0,162,1
EXP-07682,EL DOVIO,ALIMENTOS,Juzgado_2_Familia,2024,0.1,1.2,4,1,488,1
EXP-07683,CALI,VIF,Juzgado_Penal_Municipal_1,2024,70.34,1.25,1,0,409,1
EXP-07684,DAGUA,ALIMENTOS,Comisaria_1_Familia,2021,1.3666666666666665,1.1,2,0,263,1
EXP-07685,PALMIRA,ALIMENTOS,Juzgado_1_Familia,2023,11.54,1.35,1,0,343,1
EXP-07686,EL CERRITO,VIF,Juzgado_Penal_Municipal_1,2023,1.1,1.25,1,0,227,1
EXP-07687,PALMIRA,VIF,Juzgado_2_Familia,2023,11.54,1.2,1,0,267,1
EXP-07688,JAMUNDI,VIF,Juzgado_Penal_Municipal_2,2022,2.64,1.05,4,0,213,1
EXP-07689,GUADALAJARA DE BUGA,VIF,Juzgado_3_Familia,2024,6.6,0.95,2,0,208,1
EXP-07690,ROLDANILLO,ALIMENTOS,Juzgado_2_Familia,2020,1.26,1.2,8,0,322,1
EXP-07691,ARGELIA,VIF,Juzgado_3_Familia,2021,0.2,0.95,1,0,168,1
EXP-07692,LA VICTORIA,VIF,Juzgado_3_Familia,2024,0.1666666666666666,0.95,5,0,230,1
EXP-07693,SEVILLA,ALIMENTOS,Comisaria_2_Familia,2023,1.62,0.9,1,0,188,1
EXP-07694,GUADALAJARA DE BUGA,VIF,Juzgado_2_Familia,2021,6.6,1.2,3,0,261,1
EXP-07695,PALMIRA,ALIMENTOS,Comisaria_1_Familia,2024,11.54,1.1,1,0,327,1
EXP-07696,CALI,VIF,Comisaria_2_Familia,2022,70.34,0.9,4,0,406,1
EXP-07697,ARGELIA,VIF,Juzgado_3_Familia,2021,0.2,0.95,3,0,177,1
EXP-07698,PALMIRA,VIF,Comisaria_1_Familia,2020,11.54,1.1,4,0,223,1
EXP-07699,DAGUA,VIF,Comisaria_2_Familia,2022,1.3666666666666665,0.9,6,0,211,1
EXP-07700,ANDALUCIA,ALIMENTOS,Juzgado_Penal_Municipal_1,2024,0.38,1.25,6,0,158,0
EXP-07701,ROLDANILLO,SUSTANCIAS,Comisaria_2_Familia,2022,1.26,0.9,6,0,210,1
EXP-07702,CARTAGO,HURTO_PATRIMONIAL,Comisaria_1_Familia,2023,5.56,1.1,2,1,538,1
EXP-07703,YUMBO,SUSTANCIAS,Juzgado_3_Familia,2021,3.5,0.95,1,0,172,1
EXP-07704,CARTAGO,ALIMENTOS,Juzgado_Penal_Municipal_1,2020,5.56,1.25,2,0,252,0
EXP-07705,ANSERMANUEVO,ALIMENTOS,Juzgado_3_Familia,2022,0.2,0.95,3,0,266,1
EXP-07706,ROLDANILLO,HURTO_PATRIMONIAL,Juzgado_2_Familia,2023,1.26,1.2,3,0,336,1
EXP-07707,ROLDANILLO,SUSTANCIAS,Juzgado_Penal_Municipal_2,2022,1.26,1.05,5,0,240,1
EXP-07708,CALI,SUSTANCIAS,Juzgado_Penal_Municipal_2,2022,70.34,1.05,8,0,484,1
EXP-07709,CANDELARIA,SUSTANCIAS,Juzgado_Penal_Municipal_2,2023,3.08,1.05,5,0,205,0
EXP-07710,CALI,VIF,Juzgado_2_Familia,2024,70.34,1.2,7,0,461,1
EXP-07711,JAMUNDI,ALIMENTOS,Juzgado_Penal_Municipal_2,2022,2.64,1.05,5,1,422,0
EXP-07712,BUENAVENTURA,HURTO_PATRIMONIAL,Juzgado_2_Familia,2023,3.34,1.2,3,1,516,1
EXP-07713,LA UNION,VIF,Juzgado_1_Familia,2020,0.575,1.35,5,0,290,1
EXP-07714,ANSERMANUEVO,HURTO_PATRIMONIAL,Juzgado_Penal_Municipal_1,2022,0.2,1.25,1,0,362,1
EXP-07715,CARTAGO,VIF,Juzgado_Penal_Municipal_1,2021,5.56,1.25,1,0,194,1
EXP-07716,GUADALAJARA DE BUGA,HURTO_PATRIMONIAL,Juzgado_1_Familia,2021,6.6,1.35,2,1,539,1
EXP-07717,GUADALAJARA DE BUGA,VIF,Comisaria_1_Familia,2021,6.6,1.1,3,0,195,1
EXP-07718,CALI,HURTO_PATRIMONIAL,Juzgado_Penal_Municipal_1,2023,70.34,1.25,4,0,557,1
EXP-07719,CANDELARIA,VIF,Juzgado_1_Familia,2024,3.08,1.35,4,0,286,1
EXP-07720,PALMIRA,SUSTANCIAS,Juzgado_Penal_Municipal_2,2023,11.54,1.05,7,0,265,1
EXP-07721,CALI,VIF,Juzgado_Penal_Municipal_1,2024,70.34,1.25,1,0,436,1
EXP-07722,TULUA,ALIMENTOS,Comisaria_1_Familia,2023,3.34,1.1,3,1,247,0
EXP-07723,CALI,ALIMENTOS,Comisaria_1_Familia,2023,70.34,1.1,3,0,516,1
EXP-07724,CALI,VIF,Juzgado_3_Familia,2023,70.34,0.95,7,0,376,0
EXP-07725,CALI,VIF,Juzgado_3_Familia,2023,70.34,0.95,1,0,389,1
EXP-07726,TULUA,VIF,Comisaria_1_Familia,2023,3.34,1.1,3,0,219,1
EXP-07727,TULUA,VIF,Juzgado_1_Familia,2023,3.34,1.35,8,0,340,1
EXP-07728,ARGELIA,VIF,Comisaria_2_Familia,2021,0.2,0.9,6,0,232,1
EXP-07729,CALI,ALIMENTOS,Juzgado_1_Familia,2022,70.34,1.35,3,0,579,1
EXP-07730,ROLDANILLO,ALIMENTOS,Juzgado_3_Familia,2021,1.26,0.95,3,1,371,1
EXP-07731,TORO,VIF,Juzgado_1_Familia,2022,0.1333333333333333,1.35,3,0,261,1
EXP-07732,TULUA,VIF,Juzgado_1_Familia,2023,3.34,1.35,3,0,228,0
EXP-07733,GUADALAJARA DE BUGA,VIF,Comisaria_2_Familia,2023,6.6,0.9,4,0,204,1
EXP-07734,CARTAGO,ALIMENTOS,Juzgado_Penal_Municipal_1,2024,5.56,1.25,5,0,385,1
EXP-07735,CALI,VIF,Juzgado_2_Familia,2022,70.34,1.2,6,0,474,1
EXP-07736,DAGUA,HURTO_PATRIMONIAL,Juzgado_3_Familia,2023,1.3666666666666665,0.95,3,1,466,1
EXP-07737,SEVILLA,VIF,Comisaria_1_Familia,2023,1.62,1.1,3,0,229,1
EXP-07738,GUACARI,VIF,Juzgado_Penal_Municipal_1,2024,1.48,1.25,6,0,280,1
EXP-07739,YOTOCO,ALIMENTOS,Comisaria_1_Familia,2023,0.58,1.1,2,0,269,1
EXP-07740,GUACARI,VIF,Juzgado_Penal_Municipal_1,2022,1.48,1.25,3,0,261,1
EXP-07741,ANDALUCIA,ALIMENTOS,Comisaria_2_Familia,2021,0.38,0.9,2,0,179,0
EXP-07742,CALI,ALIMENTOS,Juzgado_1_Familia,2022,70.34,1.35,3,0,435,0
EXP-07743,CALI,VIF,Juzgado_Penal_Municipal_2,2022,70.34,1.05,4,0,436,1
EXP-07744,VIJES,HURTO_PATRIMONIAL,Juzgado_1_Familia,2023,0.175,1.35,4,1,524,1
EXP-07745,GUADALAJARA DE BUGA,ALIMENTOS,Comisaria_1_Familia,2020,6.6,1.1,2,1,420,1
EXP-07746,LA CUMBRE,ALIMENTOS,Juzgado_3_Familia,2022,0.24,0.95,6,1,435,1
EXP-07747,VIJES,VIF,Juzgado_Penal_Municipal_2,2021,0.175,1.05,4,0,209,1
EXP-07748,ZARZAL,SUSTANCIAS,Juzgado_2_Familia,2021,1.12,1.2,10,0,329,1
EXP-07749,ROLDANILLO,VIF,Juzgado_1_Familia,2020,1.26,1.35,8,0,295,1
EXP-07750,VERSALLES,VIF,Juzgado_Penal_Municipal_2,2021,0.1333333333333333,1.05,2,0,90,0
EXP-07751,TRUJILLO,SUSTANCIAS,Juzgado_3_Familia,2024,0.225,0.95,1,0,190,1
EXP-07752,FLORIDA,VIF,Juzgado_2_Familia,2023,0.8,1.2,1,0,231,1
EXP-07753,TULUA,VIF,Juzgado_Penal_Municipal_1,2022,3.34,1.25,3,0,284,1
EXP-07754,SEVILLA,VIF,Juzgado_Penal_Municipal_2,2020,1.62,1.05,3,0,186,1
EXP-07755,FLORIDA,HURTO_PATRIMONIAL,Juzgado_2_Familia,2023,0.8,1.2,2,0,348,1
EXP-07756,CAICEDONIA,VIF,Juzgado_3_Familia,2023,1.28,0.95,1,0,198,1
EXP-07757,VERSALLES,VIF,Juzgado_2_Familia,2021,0.1333333333333333,1.2,1,0,184,1
EXP-07758,BUENAVENTURA,SUSTANCIAS,Juzgado_2_Familia,2024,3.34,1.2,2,0,271,1
EXP-07759,CALI,VIF,Juzgado_3_Familia,2024,70.34,0.95,1,0,400,1
EXP-07760,LA UNION,VIF,Juzgado_3_Familia,2020,0.575,0.95,4,0,188,1
EXP-07761,PRADERA,VIF,Juzgado_1_Familia,2023,0.72,1.35,6,0,290,1
EXP-07762,CARTAGO,ALIMENTOS,Comisaria_2_Familia,2023,5.56,0.9,4,1,379,1
EXP-07763,EL CERRITO,HURTO_PATRIMONIAL,Juzgado_Penal_Municipal_2,2024,1.1,1.05,7,1,507,1
EXP-07764,ZARZAL,SUSTANCIAS,Juzgado_3_Familia,2022,1.12,0.95,5,0,224,1
EXP-07765,CALI,SUSTANCIAS,Juzgado_Penal_Municipal_1,2024,70.34,1.25,1,0,330,0
EXP-07766,CALI,ALIMENTOS,Juzgado_2_Familia,2021,70.34,1.2,4,0,430,0
EXP-07767,CALI,SUSTANCIAS,Juzgado_1_Familia,2021,70.34,1.35,21,0,619,1
EXP-07768,CANDELARIA,VIF,Juzgado_2_Familia,2024,3.08,1.2,9,0,304,1
EXP-07769,CALI,ALIMENTOS,Comisaria_1_Familia,2023,70.34,1.1,6,0,528,1
EXP-07770,BUENAVENTURA,ALIMENTOS,Juzgado_3_Familia,2022,3.34,0.95,4,0,253,1
EXP-07771,GUACARI,HURTO_PATRIMONIAL,Juzgado_1_Familia,2022,1.48,1.35,2,0,366,1
EXP-07772,CALI,ALIMENTOS,Comisaria_1_Familia,2024,70.34,1.1,3,1,323,0
EXP-07773,LA VICTORIA,ALIMENTOS,Comisaria_1_Familia,2021,0.1666666666666666,1.1,3,1,419,1
EXP-07774,PRADERA,ALIMENTOS,Juzgado_1_Familia,2023,0.72,1.35,3,0,357,1
EXP-07775,LA CUMBRE,VIF,Juzgado_1_Familia,2023,0.24,1.35,4,0,269,1
EXP-07776,FLORIDA,VIF,Juzgado_1_Familia,2023,0.8,1.35,6,0,271,1
EXP-07777,ZARZAL,VIF,Comisaria_2_Familia,2022,1.12,0.9,3,0,176,1
EXP-07778,PALMIRA,SUSTANCIAS,Juzgado_Penal_Municipal_1,2023,11.54,1.25,1,0,322,1
EXP-07779,ANSERMANUEVO,ALIMENTOS,Juzgado_Penal_Municipal_2,2020,0.2,1.05,3,1,400,1
EXP-07780,ARGELIA,ALIMENTOS,Juzgado_1_Familia,2024,0.2,1.35,6,1,573,1
EXP-07781,VERSALLES,SUSTANCIAS,Comisaria_1_Familia,2024,0.1333333333333333,1.1,1,0,240,1
EXP-07782,CALI,SUSTANCIAS,Juzgado_1_Familia,2022,70.34,1.35,5,0,476,1
EXP-07783,TRUJILLO,ALIMENTOS,Juzgado_1_Familia,2023,0.225,1.35,9,1,511,1
EXP-07784,PALMIRA,ALIMENTOS,Juzgado_2_Familia,2021,11.54,1.2,2,0,326,1
EXP-07785,PALMIRA,HURTO_PATRIMONIAL,Juzgado_Penal_Municipal_2,2023,11.54,1.05,5,1,511,1
EXP-07786,PRADERA,SUSTANCIAS,Juzgado_Penal_Municipal_2,2023,0.72,1.05,4,0,198,1
EXP-07787,ANSERMANUEVO,ALIMENTOS,Comisaria_2_Familia,2023,0.2,0.9,1,0,249,1
EXP-07788,BUENAVENTURA,SUSTANCIAS,Juzgado_1_Familia,2022,3.34,1.35,5,0,316,1
EXP-07789,PALMIRA,HURTO_PATRIMONIAL,Juzgado_2_Familia,2023,11.54,1.2,8,1,576,1
EXP-07790,CARTAGO,ALIMENTOS,Comisaria_1_Familia,2024,5.56,1.1,1,0,288,1
EXP-07791,SEVILLA,VIF,Juzgado_3_Familia,2021,1.62,0.95,10,0,266,1
EXP-07792,CARTAGO,HURTO_PATRIMONIAL,Comisaria_2_Familia,2023,5.56,0.9,4,0,329,1
EXP-07793,PALMIRA,ALIMENTOS,Comisaria_2_Familia,2022,11.54,0.9,1,0,165,0
EXP-07794,CARTAGO,SUSTANCIAS,Juzgado_Penal_Municipal_1,2024,5.56,1.25,5,0,205,0
EXP-07795,CARTAGO,ALIMENTOS,Juzgado_Penal_Municipal_1,2020,5.56,1.25,12,1,541,1
EXP-07796,SIN_DATO,ALIMENTOS,Juzgado_Penal_Municipal_2,2022,2.2,1.05,1,0,273,1
EXP-07797,ALCALA,HURTO_PATRIMONIAL,Juzgado_2_Familia,2022,0.22,1.2,6,0,365,1
EXP-07798,YUMBO,HURTO_PATRIMONIAL,Comisaria_2_Familia,2022,3.5,0.9,7,1,434,1
EXP-07799,GINEBRA,HURTO_PATRIMONIAL,Comisaria_1_Familia,2023,0.6,1.1,13,0,370,1
EXP-07800,CAICEDONIA,VIF,Comisaria_2_Familia,2021,1.28,0.9,3,0,211,1
EXP-07801,CALIMA,ALIMENTOS,Juzgado_Penal_Municipal_2,2021,0.3199999999999999,1.05,1,1,388,1
EXP-07802,TULUA,VIF,Juzgado_3_Familia,2023,3.34,0.95,1,0,164,1
EXP-07803,EL CAIRO,VIF,Juzgado_Penal_Municipal_2,2023,0.1,1.05,1,0,194,1
EXP-07804,ZARZAL,HURTO_PATRIMONIAL,Juzgado_1_Familia,2024,1.12,1.35,13,0,450,1
EXP-07805,GINEBRA,ALIMENTOS,Juzgado_Penal_Municipal_1,2021,0.6,1.25,6,0,206,0
EXP-07806,LA UNION,ALIMENTOS,Comisaria_1_Familia,2024,0.575,1.1,3,0,268,1
EXP-07807,SEVILLA,ALIMENTOS,Juzgado_1_Familia,2024,1.62,1.35,5,1,535,1
EXP-07808,FLORIDA,ALIMENTOS,Comisaria_2_Familia,2024,0.8,0.9,4,0,243,1
EXP-07809,TULUA,ALIMENTOS,Juzgado_Penal_Municipal_1,2020,3.34,1.25,3,1,252,0
EXP-07810,ROLDANILLO,HURTO_PATRIMONIAL,Comisaria_2_Familia,2024,1.26,0.9,1,0,232,1
EXP-07811,FLORIDA,ALIMENTOS,Juzgado_Penal_Municipal_1,2022,0.8,1.25,3,0,262,0
EXP-07812,DAGUA,HURTO_PATRIMONIAL,Comisaria_1_Familia,2024,1.3666666666666665,1.1,3,1,327,0
EXP-07813,CALI,ALIMENTOS,Comisaria_2_Familia,2024,70.34,0.9,5,0,457,1
EXP-07814,SAN PEDRO,VIF,Juzgado_Penal_Municipal_2,2024,0.3,1.05,1,0,219,1
EXP-07815,SIN_DATO,VIF,Juzgado_Penal_Municipal_2,2022,2.2,1.05,5,0,223,1
EXP-07816,TULUA,ALIMENTOS,Juzgado_Penal_Municipal_2,2022,3.34,1.05,1,0,272,1
EXP-07817,CANDELARIA,ALIMENTOS,Juzgado_1_Familia,2022,3.08,1.35,9,0,389,1
EXP-07818,SIN_DATO,ALIMENTOS,Juzgado_1_Familia,2020,2.2,1.35,4,0,329,1
EXP-07819,SAN PEDRO,VIF,Juzgado_1_Familia,2020,0.3,1.35,2,0,269,1
EXP-07820,ROLDANILLO,HURTO_PATRIMONIAL,Juzgado_3_Familia,2023,1.26,0.95,1,1,439,1
EXP-07821,CALI,ALIMENTOS,Comisaria_2_Familia,2023,70.34,0.9,9,0,476,1
EXP-07822,GINEBRA,VIF,Juzgado_Penal_Municipal_2,2022,0.6,1.05,3,0,188,1
EXP-07823,PRADERA,VIF,Juzgado_2_Familia,2022,0.72,1.2,9,0,286,1
EXP-07824,DAGUA,VIF,Comisaria_1_Familia,2021,1.3666666666666665,1.1,5,0,223,0
EXP-07825,BUENAVENTURA,ALIMENTOS,Juzgado_Penal_Municipal_1,2024,3.34,1.25,9,0,381,1
EXP-07826,ROLDANILLO,ALIMENTOS,Juzgado_Penal_Municipal_1,2024,1.26,1.25,7,0,409,1
EXP-07827,PALMIRA,VIF,Comisaria_1_Familia,2023,11.54,1.1,1,0,231,1
EXP-07828,CALI,ALIMENTOS,Juzgado_Penal_Municipal_1,2020,70.34,1.25,2,0,499,1
EXP-07829,JAMUNDI,VIF,Comisaria_2_Familia,2021,2.64,0.9,3,0,226,1
EXP-07830,EL CAIRO,ALIMENTOS,Juzgado_2_Familia,2024,0.1,1.2,5,0,320,1
EXP-07831,CALI,VIF,Juzgado_1_Familia,2023,70.34,1.35,11,0,522,1
EXP-07832,ALCALA,SUSTANCIAS,Juzgado_2_Familia,2023,0.22,1.2,5,0,273,1
EXP-07833,JAMUNDI,HURTO_PATRIMONIAL,Juzgado_Penal_Municipal_2,2021,2.64,1.05,3,0,302,1
EXP-07834,PRADERA,ALIMENTOS,Juzgado_2_Familia,2022,0.72,1.2,2,0,289,1
EXP-07835,JAMUNDI,ALIMENTOS,Juzgado_Penal_Municipal_1,2023,2.64,1.25,3,0,326,1
EXP-07836,CARTAGO,VIF,Juzgado_2_Familia,2023,5.56,1.2,5,0,302,1
EXP-07837,CARTAGO,VIF,Comisaria_1_Familia,2021,5.56,1.1,5,0,261,1
EXP-07838,EL AGUILA,ALIMENTOS,Juzgado_Penal_Municipal_1,2023,0.1666666666666666,1.25,6,1,483,1
EXP-07839,CALI,VIF,Comisaria_2_Familia,2023,70.34,0.9,9,0,470,1
EXP-07840,CALI,ALIMENTOS,Juzgado_3_Familia,2022,70.34,0.95,4,0,449,1
EXP-07841,TORO,HURTO_PATRIMONIAL,Comisaria_2_Familia,2023,0.1333333333333333,0.9,13,0,198,0
EXP-07842,CALI,VIF,Juzgado_1_Familia,2021,70.34,1.35,3,0,457,1
EXP-07843,GINEBRA,SUSTANCIAS,Juzgado_3_Familia,2022,0.6,0.95,3,0,185,1
EXP-07844,TULUA,VIF,Comisaria_1_Familia,2021,3.34,1.1,4,0,110,0
EXP-07845,PALMIRA,ALIMENTOS,Juzgado_2_Familia,2023,11.54,1.2,6,0,313,1
EXP-07846,YUMBO,HURTO_PATRIMONIAL,Juzgado_1_Familia,2022,3.5,1.35,1,1,502,1
EXP-07847,TULUA,VIF,Juzgado_1_Familia,2023,3.34,1.35,2,0,268,1
EXP-07848,GUACARI,VIF,Juzgado_Penal_Municipal_1,2024,1.48,1.25,4,0,193,0
EXP-07849,CALI,ALIMENTOS,Comisaria_2_Familia,2023,70.34,0.9,1,1,568,1
EXP-07850,FLORIDA,VIF,Juzgado_Penal_Municipal_2,2024,0.8,1.05,5,0,251,1
EXP-07851,JAMUNDI,ALIMENTOS,Juzgado_1_Familia,2024,2.64,1.35,1,0,348,1
EXP-07852,CARTAGO,SUSTANCIAS,Juzgado_3_Familia,2021,5.56,0.95,1,0,133,0
EXP-07853,ZARZAL,SUSTANCIAS,Juzgado_Penal_Municipal_2,2021,1.12,1.05,4,0,218,1
EXP-07854,SEVILLA,ALIMENTOS,Juzgado_3_Familia,2023,1.62,0.95,1,0,277,1
EXP-07855,YOTOCO,SUSTANCIAS,Juzgado_Penal_Municipal_2,2024,0.58,1.05,12,0,341,1
EXP-07856,CALIMA,VIF,Juzgado_2_Familia,2024,0.3199999999999999,1.2,4,0,242,1
EXP-07857,GUADALAJARA DE BUGA,HURTO_PATRIMONIAL,Comisaria_2_Familia,2021,6.6,0.9,3,0,283,1
EXP-07858,GUACARI,VIF,Juzgado_1_Familia,2024,1.48,1.35,1,0,239,1
EXP-07859,VERSALLES,VIF,Juzgado_Penal_Municipal_1,2024,0.1333333333333333,1.25,4,0,127,0
EXP-07860,GUADALAJARA DE BUGA,VIF,Juzgado_Penal_Municipal_1,2021,6.6,1.25,1,0,232,1
EXP-07861,GUADALAJARA DE BUGA,ALIMENTOS,Juzgado_1_Familia,2020,6.6,1.35,4,0,380,1
EXP-07862,CALI,SUSTANCIAS,Juzgado_3_Familia,2024,70.34,0.95,2,0,422,1
EXP-07863,CALI,ALIMENTOS,Juzgado_3_Familia,2021,70.34,0.95,8,0,505,1
EXP-07864,DAGUA,HURTO_PATRIMONIAL,Comisaria_2_Familia,2024,1.3666666666666665,0.9,3,0,177,0
EXP-07865,TULUA,ALIMENTOS,Juzgado_1_Familia,2024,3.34,1.35,3,0,362,1
EXP-07866,VERSALLES,VIF,Juzgado_2_Familia,2022,0.1333333333333333,1.2,6,0,248,1
EXP-07867,SAN PEDRO,VIF,Juzgado_Penal_Municipal_1,2024,0.3,1.25,6,0,275,1
EXP-07868,ZARZAL,ALIMENTOS,Juzgado_3_Familia,2023,1.12,0.95,4,0,271,1
EXP-07869,TULUA,ALIMENTOS,Juzgado_1_Familia,2024,3.34,1.35,1,0,381,1
EXP-07870,GUADALAJARA DE BUGA,VIF,Comisaria_1_Familia,2023,6.6,1.1,3,0,247,1
EXP-07871,TULUA,ALIMENTOS,Comisaria_1_Familia,2022,3.34,1.1,13,1,528,1
EXP-07872,BOLIVAR,SUSTANCIAS,Juzgado_2_Familia,2024,0.2333333333333333,1.2,4,0,284,1
EXP-07873,GUADALAJARA DE BUGA,HURTO_PATRIMONIAL,Comisaria_1_Familia,2023,6.6,1.1,5,0,381,1
EXP-07874,CARTAGO,VIF,Juzgado_Penal_Municipal_2,2023,5.56,1.05,1,0,179,0
EXP-07875,ROLDANILLO,ALIMENTOS,Juzgado_1_Familia,2021,1.26,1.35,4,1,401,0
EXP-07876,FLORIDA,ALIMENTOS,Juzgado_1_Familia,2020,0.8,1.35,2,1,472,1
EXP-07877,DAGUA,ALIMENTOS,Juzgado_Penal_Municipal_2,2023,1.3666666666666665,1.05,6,0,274,0
EXP-07878,YUMBO,VIF,Juzgado_Penal_Municipal_1,2021,3.5,1.25,3,0,254,1
EXP-07879,ALCALA,VIF,Juzgado_3_Familia,2022,0.22,0.95,1,0,83,0
EXP-07880,ALCALA,ALIMENTOS,Juzgado_Penal_Municipal_1,2023,0.22,1.25,3,1,448,1
EXP-07881,GUADALAJARA DE BUGA,VIF,Juzgado_1_Familia,2022,6.6,1.35,2,0,270,1
EXP-07882,CARTAGO,HURTO_PATRIMONIAL,Juzgado_Penal_Municipal_2,2023,5.56,1.05,4,0,232,0
EXP-07883,CANDELARIA,ALIMENTOS,Comisaria_1_Familia,2024,3.08,1.1,4,0,203,0
EXP-07884,CARTAGO,HURTO_PATRIMONIAL,Juzgado_Penal_Municipal_2,2024,5.56,1.05,5,0,338,1
EXP-07885,GUADALAJARA DE BUGA,VIF,Juzgado_2_Familia,2024,6.6,1.2,2,0,200,0
EXP-07886,GINEBRA,ALIMENTOS,Juzgado_3_Familia,2023,0.6,0.95,7,0,260,1
EXP-07887,ROLDANILLO,VIF,Comisaria_1_Familia,2024,1.26,1.1,1,0,198,1
EXP-07888,GUACARI,HURTO_PATRIMONIAL,Juzgado_Penal_Municipal_2,2024,1.48,1.05,4,0,392,1
EXP-07889,CANDELARIA,ALIMENTOS,Juzgado_1_Familia,2024,3.08,1.35,2,0,376,1
EXP-07890,ROLDANILLO,SUSTANCIAS,Juzgado_2_Familia,2024,1.26,1.2,2,0,260,1
EXP-07891,PALMIRA,ALIMENTOS,Juzgado_2_Familia,2024,11.54,1.2,3,1,553,1
EXP-07892,TRUJILLO,HURTO_PATRIMONIAL,Comisaria_2_Familia,2022,0.225,0.9,3,1,370,1
EXP-07893,FLORIDA,VIF,Juzgado_3_Familia,2024,0.8,0.95,7,0,236,1
EXP-07894,CALI,ALIMENTOS,Juzgado_1_Familia,2023,70.34,1.35,3,0,576,1
EXP-07895,ZARZAL,HURTO_PATRIMONIAL,Juzgado_2_Familia,2021,1.12,1.2,2,0,329,1
EXP-07896,CALI,ALIMENTOS,Comisaria_1_Familia,2022,70.34,1.1,1,0,496,1
EXP-07897,JAMUNDI,VIF,Juzgado_3_Familia,2024,2.64,0.95,4,0,230,1
EXP-07898,BUGALAGRANDE,ALIMENTOS,Comisaria_2_Familia,2022,0.2799999999999999,0.9,10,0,318,1
EXP-07899,ARGELIA,VIF,Juzgado_3_Familia,2023,0.2,0.95,15,0,317,1
EXP-07900,GUADALAJARA DE BUGA,HURTO_PATRIMONIAL,Juzgado_3_Familia,2022,6.6,0.95,1,0,265,1
EXP-07901,CALI,SUSTANCIAS,Comisaria_1_Familia,2022,70.34,1.1,5,0,228,0
EXP-07902,TULUA,ALIMENTOS,Comisaria_2_Familia,2024,3.34,0.9,4,1,380,1
EXP-07903,CALI,ALIMENTOS,Juzgado_2_Familia,2023,70.34,1.2,1,0,515,1
EXP-07904,YOTOCO,VIF,Comisaria_2_Familia,2021,0.58,0.9,2,0,186,1
EXP-07905,RESTREPO,ALIMENTOS,Comisaria_1_Familia,2021,0.24,1.1,2,0,288,1
EXP-07906,TRUJILLO,VIF,Comisaria_1_Familia,2022,0.225,1.1,2,0,201,1
EXP-07907,VIJES,VIF,Juzgado_1_Familia,2022,0.175,1.35,6,0,281,1
EXP-07908,CANDELARIA,VIF,Juzgado_2_Familia,2023,3.08,1.2,2,0,228,1
EXP-07909,YUMBO,HURTO_PATRIMONIAL,Comisaria_2_Familia,2024,3.5,0.9,4,0,267,1
EXP-07910,DAGUA,VIF,Comisaria_2_Familia,2022,1.3666666666666665,0.9,1,0,166,1
EXP-07911,YUMBO,ALIMENTOS,Juzgado_1_Familia,2024,3.5,1.35,3,0,382,1
EXP-07912,GUADALAJARA DE BUGA,VIF,Juzgado_Penal_Municipal_1,2021,6.6,1.25,1,0,210,1
EXP-07913,CALI,VIF,Juzgado_2_Familia,2023,70.34,1.2,10,0,493,1
EXP-07914,PALMIRA,VIF,Comisaria_2_Familia,2022,11.54,0.9,2,0,181,0
EXP-07915,CALI,VIF,Juzgado_Penal_Municipal_1,2023,70.34,1.25,4,0,493,1
EXP-07916,ANDALUCIA,VIF,Juzgado_2_Familia,2022,0.38,1.2,7,0,288,1
EXP-07917,TULUA,HURTO_PATRIMONIAL,Juzgado_3_Familia,2020,3.34,0.95,7,1,469,1
EXP-07918,ZARZAL,VIF,Juzgado_1_Familia,2023,1.12,1.35,3,0,163,0
EXP-07919,GUADALAJARA DE BUGA,VIF,Comisaria_2_Familia,2024,6.6,0.9,3,0,201,1
EXP-07920,CALI,VIF,Comisaria_2_Familia,2022,70.34,0.9,4,0,179,0
EXP-07921,ARGELIA,VIF,Juzgado_Penal_Municipal_2,2022,0.2,1.05,5,0,78,0
EXP-07922,ZARZAL,HURTO_PATRIMONIAL,Comisaria_2_Familia,2023,1.12,0.9,6,1,461,1
EXP-07923,BUGALAGRANDE,SUSTANCIAS,Comisaria_1_Familia,2021,0.2799999999999999,1.1,3,0,234,1
EXP-07924,VIJES,HURTO_PATRIMONIAL,Juzgado_Penal_Municipal_1,2021,0.175,1.25,3,0,322,1
EXP-07925,DAGUA,HURTO_PATRIMONIAL,Juzgado_Penal_Municipal_1,2021,1.3666666666666665,1.25,2,0,204,0
EXP-07926,BUGALAGRANDE,HURTO_PATRIMONIAL,Comisaria_2_Familia,2023,0.2799999999999999,0.9,2,0,234,1
EXP-07927,SEVILLA,ALIMENTOS,Juzgado_1_Familia,2024,1.62,1.35,10,0,373,1
EXP-07928,CALI,HURTO_PATRIMONIAL,Juzgado_3_Familia,2023,70.34,0.95,5,0,478,1
EXP-07929,CAICEDONIA,ALIMENTOS,Comisaria_2_Familia,2022,1.28,0.9,1,0,214,1
EXP-07930,CARTAGO,SUSTANCIAS,Juzgado_1_Familia,2022,5.56,1.35,14,0,159,0
EXP-07931,TULUA,VIF,Juzgado_3_Familia,2023,3.34,0.95,10,0,275,1
EXP-07932,CALI,HURTO_PATRIMONIAL,Juzgado_Penal_Municipal_1,2022,70.34,1.25,1,0,541,1
EXP-07933,BUENAVENTURA,HURTO_PATRIMONIAL,Comisaria_2_Familia,2022,3.34,0.9,1,1,420,1
EXP-07934,PALMIRA,ALIMENTOS,Juzgado_Penal_Municipal_1,2020,11.54,1.25,3,0,342,1
EXP-07935,CAICEDONIA,VIF,Comisaria_1_Familia,2020,1.28,1.1,6,0,255,1
EXP-07936,PALMIRA,ALIMENTOS,Juzgado_Penal_Municipal_1,2021,11.54,1.25,1,0,330,1
EXP-07937,CAICEDONIA,VIF,Comisaria_1_Familia,2022,1.28,1.1,1,0,184,1
EXP-07938,CALI,VIF,Comisaria_1_Familia,2022,70.34,1.1,2,0,430,1
EXP-07939,CANDELARIA,ALIMENTOS,Juzgado_2_Familia,2022,3.08,1.2,2,0,295,1
EXP-07940,JAMUNDI,HURTO_PATRIMONIAL,Comisaria_1_Familia,2021,2.64,1.1,5,1,475,1
EXP-07941,CANDELARIA,HURTO_PATRIMONIAL,Comisaria_1_Familia,2023,3.08,1.1,9,1,521,1
EXP-07942,JAMUNDI,VIF,Juzgado_3_Familia,2020,2.64,0.95,2,0,204,1
EXP-07943,LA CUMBRE,VIF,Juzgado_Penal_Municipal_1,2024,0.24,1.25,6,0,259,1
EXP-07944,CARTAGO,ALIMENTOS,Comisaria_2_Familia,2024,5.56,0.9,4,1,433,1
EXP-07945,YUMBO,ALIMENTOS,Juzgado_1_Familia,2020,3.5,1.35,18,1,618,1
EXP-07946,CALI,ALIMENTOS,Comisaria_2_Familia,2022,70.34,0.9,4,0,442,1
EXP-07947,PRADERA,ALIMENTOS,Comisaria_1_Familia,2024,0.72,1.1,11,0,330,1
EXP-07948,GUADALAJARA DE BUGA,HURTO_PATRIMONIAL,Juzgado_Penal_Municipal_1,2023,6.6,1.25,1,1,563,1
EXP-07949,LA UNION,ALIMENTOS,Comisaria_2_Familia,2022,0.575,0.9,5,0,229,1
EXP-07950,CALI,SUSTANCIAS,Juzgado_1_Familia,2020,70.34,1.35,3,0,481,1
EXP-07951,SAN PEDRO,SUSTANCIAS,Juzgado_Penal_Municipal_1,2024,0.3,1.25,10,0,158,0
EXP-07952,ZARZAL,VIF,Juzgado_Penal_Municipal_1,2022,1.12,1.25,1,0,229,1
EXP-07953,CANDELARIA,VIF,Comisaria_1_Familia,2024,3.08,1.1,7,0,284,1
EXP-07954,CALI,VIF,Comisaria_2_Familia,2022,70.34,0.9,2,0,334,0
EXP-07955,CANDELARIA,ALIMENTOS,Juzgado_Penal_Municipal_2,2021,3.08,1.05,3,0,252,1
EXP-07956,CALI,VIF,Juzgado_Penal_Municipal_2,2024,70.34,1.05,9,0,508,1
EXP-07957,EL AGUILA,SUSTANCIAS,Comisaria_1_Familia,2024,0.1666666666666666,1.1,5,0,252,1
EXP-07958,JAMUNDI,VIF,Comisaria_2_Familia,2022,2.64,0.9,3,0,162,1
EXP-07959,CARTAGO,HURTO_PATRIMONIAL,Comisaria_2_Familia,2021,5.56,0.9,11,0,405,1
EXP-07960,PALMIRA,SUSTANCIAS,Juzgado_1_Familia,2023,11.54,1.35,6,0,328,1
EXP-07961,CALI,VIF,Juzgado_Penal_Municipal_1,2022,70.34,1.25,3,0,204,0
EXP-07962,ANSERMANUEVO,VIF,Comisaria_1_Familia,2021,0.2,1.1,4,0,247,1
EXP-07963,CANDELARIA,ALIMENTOS,Comisaria_2_Familia,2023,3.08,0.9,2,0,126,0
EXP-07964,SAN PEDRO,SUSTANCIAS,Juzgado_1_Familia,2021,0.3,1.35,3,0,265,1
EXP-07965,YUMBO,HURTO_PATRIMONIAL,Comisaria_2_Familia,2024,3.5,0.9,5,0,266,1
EXP-07966,GUADALAJARA DE BUGA,ALIMENTOS,Juzgado_3_Familia,2023,6.6,0.95,3,1,395,1
EXP-07967,CANDELARIA,SUSTANCIAS,Juzgado_1_Familia,2020,3.08,1.35,2,0,163,0
EXP-07968,TULUA,SUSTANCIAS,Juzgado_2_Familia,2022,3.34,1.2,5,0,294,1
EXP-07969,CAICEDONIA,ALIMENTOS,Juzgado_1_Familia,2024,1.28,1.35,6,0,364,1
EXP-07970,DAGUA,VIF,Juzgado_1_Familia,2023,1.3666666666666665,1.35,2,0,271,1
EXP-07971,ZARZAL,ALIMENTOS,Juzgado_Penal_Municipal_1,2024,1.12,1.25,2,1,449,1
EXP-07972,TORO,ALIMENTOS,Juzgado_Penal_Municipal_2,2021,0.1333333333333333,1.05,3,1,359,1
EXP-07973,CALI,SUSTANCIAS,Juzgado_1_Familia,2020,70.34,1.35,3,0,487,1
EXP-07974,CANDELARIA,VIF,Juzgado_2_Familia,2024,3.08,1.2,2,0,233,1
EXP-07975,BUGALAGRANDE,HURTO_PATRIMONIAL,Comisaria_2_Familia,2023,0.2799999999999999,0.9,6,1,477,1
EXP-07976,TRUJILLO,VIF,Comisaria_2_Familia,2023,0.225,0.9,11,0,274,1
EXP-07977,GUADALAJARA DE BUGA,VIF,Juzgado_2_Familia,2023,6.6,1.2,3,0,253,1
EXP-07978,PALMIRA,ALIMENTOS,Juzgado_3_Familia,2024,11.54,0.95,7,0,345,1
EXP-07979,VIJES,SUSTANCIAS,Comisaria_1_Familia,2024,0.175,1.1,4,0,263,1
EXP-07980,BUENAVENTURA,VIF,Juzgado_1_Familia,2020,3.34,1.35,1,0,257,1
EXP-07981,CALI,ALIMENTOS,Juzgado_Penal_Municipal_2,2020,70.34,1.05,2,0,484,1
EXP-07982,TULUA,SUSTANCIAS,Juzgado_3_Familia,2024,3.34,0.95,11,0,297,1
EXP-07983,CALI,ALIMENTOS,Comisaria_2_Familia,2021,70.34,0.9,1,0,411,1
EXP-07984,CALI,ALIMENTOS,Juzgado_Penal_Municipal_1,2024,70.34,1.25,9,0,632,1
EXP-07985,CALI,SUSTANCIAS,Comisaria_1_Familia,2022,70.34,1.1,3,0,260,0
EXP-07986,EL DOVIO,VIF,Juzgado_Penal_Municipal_1,2020,0.1,1.25,10,0,271,1
EXP-07987,PALMIRA,VIF,Juzgado_1_Familia,2021,11.54,1.35,1,0,257,1
EXP-07988,TORO,ALIMENTOS,Comisaria_2_Familia,2022,0.1333333333333333,0.9,8,0,249,1
EXP-07989,EL DOVIO,HURTO_PATRIMONIAL,Juzgado_Penal_Municipal_2,2022,0.1,1.05,2,0,192,0
EXP-07990,CALI,VIF,Juzgado_3_Familia,2022,70.34,0.95,9,0,445,1
EXP-07991,CALI,VIF,Juzgado_2_Familia,2023,70.34,1.2,9,0,497,1
EXP-07992,GINEBRA,VIF,Juzgado_Penal_Municipal_1,2023,0.6,1.25,4,0,235,1
EXP-07993,CARTAGO,ALIMENTOS,Juzgado_Penal_Municipal_1,2021,5.56,1.25,3,0,240,0
EXP-07994,PRADERA,SUSTANCIAS,Juzgado_2_Familia,2023,0.72,1.2,4,0,125,0
EXP-07995,CALI,VIF,Juzgado_2_Familia,2022,70.34,1.2,11,0,474,1
EXP-07996,CARTAGO,ALIMENTOS,Juzgado_1_Familia,2021,5.56,1.35,7,0,375,1
EXP-07997,EL DOVIO,VIF,Juzgado_2_Familia,2024,0.1,1.2,4,0,266,1
EXP-07998,PRADERA,VIF,Juzgado_2_Familia,2023,0.72,1.2,5,0,175,0
EXP-07999,EL CERRITO,ALIMENTOS,Juzgado_Penal_Municipal_1,2024,1.1,1.25,5,0,322,1
EXP-08000,OBANDO,ALIMENTOS,Juzgado_1_Familia,2020,0.38,1.35,1,0,344,1
EXP-08001,YUMBO,VIF,Juzgado_Penal_Municipal_1,2020,3.5,1.25,10,0,347,1
EXP-08002,PRADERA,SUSTANCIAS,Juzgado_1_Familia,2024,0.72,1.35,3,0,274,1
EXP-08003,ROLDANILLO,ALIMENTOS,Comisaria_1_Familia,2023,1.26,1.1,8,1,419,1
EXP-08004,BUGALAGRANDE,ALIMENTOS,Juzgado_1_Familia,2023,0.2799999999999999,1.35,3,0,149,0
EXP-08005,CARTAGO,SUSTANCIAS,Juzgado_Penal_Municipal_1,2022,5.56,1.25,6,0,332,1
EXP-08006,ARGELIA,ALIMENTOS,Juzgado_1_Familia,2021,0.2,1.35,5,0,350,1
EXP-08007,LA UNION,VIF,Juzgado_1_Familia,2023,0.575,1.35,7,0,306,1
EXP-08008,CALI,SUSTANCIAS,Juzgado_Penal_Municipal_2,2020,70.34,1.05,8,0,365,0
EXP-08009,RESTREPO,ALIMENTOS,Juzgado_3_Familia,2024,0.24,0.95,3,0,282,1
EXP-08010,SAN PEDRO,HURTO_PATRIMONIAL,Comisaria_1_Familia,2022,0.3,1.1,8,1,500,1
EXP-08011,CANDELARIA,VIF,Comisaria_2_Familia,2021,3.08,0.9,3,0,174,1
EXP-08012,CARTAGO,HURTO_PATRIMONIAL,Juzgado_Penal_Municipal_1,2024,5.56,1.25,1,0,352,1
EXP-08013,OBANDO,ALIMENTOS,Juzgado_Penal_Municipal_2,2022,0.38,1.05,9,0,343,1
EXP-08014,CALI,ALIMENTOS,Comisaria_1_Familia,2022,70.34,1.1,12,1,662,0
EXP-08015,CALI,SUSTANCIAS,Juzgado_2_Familia,2021,70.34,1.2,2,0,442,1
EXP-08016,CALI,HURTO_PATRIMONIAL,Juzgado_1_Familia,2023,70.34,1.35,1,1,340,0
EXP-08017,PALMIRA,HURTO_PATRIMONIAL,Juzgado_3_Familia,2024,11.54,0.95,5,0,362,1
EXP-08018,CAICEDONIA,VIF,Comisaria_2_Familia,2024,1.28,0.9,3,0,80,0
EXP-08019,CALI,ALIMENTOS,Comisaria_2_Familia,2022,70.34,0.9,1,0,403,1
EXP-08020,CALI,ALIMENTOS,Juzgado_1_Familia,2022,70.34,1.35,2,1,679,1
EXP-08021,LA VICTORIA,HURTO_PATRIMONIAL,Juzgado_Penal_Municipal_2,2022,0.1666666666666666,1.05,1,0,313,1
EXP-08022,TRUJILLO,ALIMENTOS,Juzgado_Penal_Municipal_1,2023,0.225,1.25,17,0,424,1
EXP-08023,RIOFRIO,VIF,Comisaria_1_Familia,2021,0.175,1.1,4,0,174,1
EXP-08024,EL CERRITO,ALIMENTOS,Juzgado_1_Familia,2024,1.1,1.35,4,0,384,1
EXP-08025,CALI,HURTO_PATRIMONIAL,Comisaria_2_Familia,2024,70.34,0.9,1,0,446,1
EXP-08026,PRADERA,VIF,Juzgado_Penal_Municipal_1,2020,0.72,1.25,5,0,261,1
EXP-08027,BUENAVENTURA,VIF,Juzgado_1_Familia,2023,3.34,1.35,2,0,279,1
EXP-08028,SIN_DATO,HURTO_PATRIMONIAL,Juzgado_Penal_Municipal_1,2024,2.2,1.25,1,0,406,1
EXP-08029,CALI,ALIMENTOS,Juzgado_Penal_Municipal_1,2024,70.34,1.25,2,0,538,1
EXP-08030,CALI,ALIMENTOS,Juzgado_1_Familia,2024,70.34,1.35,6,0,548,1
EXP-08031,GINEBRA,VIF,Juzgado_Penal_Municipal_2,2022,0.6,1.05,4,0,243,1
EXP-08032,YUMBO,ALIMENTOS,Comisaria_1_Familia,2021,3.5,1.1,5,0,256,0
EXP-08033,CALI,ALIMENTOS,Juzgado_1_Familia,2023,70.34,1.35,6,0,568,1
EXP-08034,CANDELARIA,VIF,Juzgado_3_Familia,2024,3.08,0.95,2,0,216,1
EXP-08035,TULUA,VIF,Juzgado_3_Familia,2023,3.34,0.95,6,0,235,1
EXP-08036,TRUJILLO,SUSTANCIAS,Juzgado_2_Familia,2024,0.225,1.2,1,0,242,1
EXP-08037,TULUA,HURTO_PATRIMONIAL,Juzgado_3_Familia,2024,3.34,0.95,3,1,421,1
EXP-08038,BUENAVENTURA,VIF,Juzgado_2_Familia,2021,3.34,1.2,4,0,237,1
EXP-08039,CALI,ALIMENTOS,Juzgado_2_Familia,2021,70.34,1.2,1,1,319,0
EXP-08040,GUADALAJARA DE BUGA,HURTO_PATRIMONIAL,Comisaria_2_Familia,2024,6.6,0.9,3,0,331,1
EXP-08041,CALI,SUSTANCIAS,Juzgado_1_Familia,2021,70.34,1.35,1,0,460,1
EXP-08042,GINEBRA,ALIMENTOS,Juzgado_Penal_Municipal_2,2023,0.6,1.05,1,1,370,1
EXP-08043,CAICEDONIA,ALIMENTOS,Juzgado_Penal_Municipal_2,2023,1.28,1.05,4,0,281,1
EXP-08044,ZARZAL,SUSTANCIAS,Juzgado_2_Familia,2023,1.12,1.2,5,0,239,1
EXP-08045,CALI,VIF,Comisaria_2_Familia,2020,70.34,0.9,1,0,342,1
EXP-08046,CALI,ALIMENTOS,Juzgado_Penal_Municipal_1,2022,70.34,1.25,3,0,252,0
EXP-08047,LA VICTORIA,VIF,Comisaria_2_Familia,2023,0.1666666666666666,0.9,1,0,145,1
EXP-08048,GUACARI,ALIMENTOS,Comisaria_1_Familia,2022,1.48,1.1,2,1,433,1
EXP-08049,PRADERA,VIF,Juzgado_Penal_Municipal_2,2023,0.72,1.05,1,0,186,1
EXP-08050,CALI,VIF,Juzgado_1_Familia,2024,70.34,1.35,7,0,228,0
EXP-08051,EL CERRITO,VIF,Juzgado_Penal_Municipal_2,2024,1.1,1.05,6,0,238,1
EXP-08052,CALI,VIF,Juzgado_2_Familia,2021,70.34,1.2,5,0,463,1
EXP-08053,EL AGUILA,SUSTANCIAS,Juzgado_Penal_Municipal_2,2020,0.1666666666666666,1.05,5,0,236,1
EXP-08054,EL CERRITO,ALIMENTOS,Juzgado_2_Familia,2024,1.1,1.2,12,0,397,1
EXP-08055,BOLIVAR,SUSTANCIAS,Comisaria_1_Familia,2023,0.2333333333333333,1.1,7,0,277,1
EXP-08056,CALI,VIF,Juzgado_Penal_Municipal_2,2022,70.34,1.05,1,0,399,1
EXP-08057,PALMIRA,VIF,Juzgado_1_Familia,2023,11.54,1.35,7,0,340,1
EXP-08058,GUADALAJARA DE BUGA,ALIMENTOS,Juzgado_1_Familia,2022,6.6,1.35,2,1,332,0
EXP-08059,BUGALAGRANDE,ALIMENTOS,Comisaria_2_Familia,2021,0.2799999999999999,0.9,3,0,225,1
EXP-08060,CAICEDONIA,ALIMENTOS,Juzgado_2_Familia,2024,1.28,1.2,3,0,311,1
EXP-08061,CALI,SUSTANCIAS,Juzgado_1_Familia,2021,70.34,1.35,8,0,542,1
EXP-08062,BUENAVENTURA,ALIMENTOS,Comisaria_1_Familia,2024,3.34,1.1,9,0,340,1
EXP-08063,CANDELARIA,HURTO_PATRIMONIAL,Juzgado_Penal_Municipal_2,2023,3.08,1.05,6,0,361,1
EXP-08064,CAICEDONIA,HURTO_PATRIMONIAL,Juzgado_2_Familia,2024,1.28,1.2,7,0,390,1
EXP-08065,CALI,ALIMENTOS,Juzgado_3_Familia,2022,70.34,0.95,3,0,430,1
EXP-08066,PALMIRA,VIF,Juzgado_Penal_Municipal_1,2023,11.54,1.25,1,0,269,1
EXP-08067,LA UNION,ALIMENTOS,Juzgado_Penal_Municipal_2,2023,0.575,1.05,2,0,154,0
EXP-08068,CALI,ALIMENTOS,Juzgado_3_Familia,2023,70.34,0.95,5,1,258,0
EXP-08069,CALIMA,VIF,Juzgado_Penal_Municipal_1,2023,0.3199999999999999,1.25,1,0,258,1
EXP-08070,ANSERMANUEVO,ALIMENTOS,Comisaria_1_Familia,2023,0.2,1.1,6,0,295,1
EXP-08071,GUADALAJARA DE BUGA,ALIMENTOS,Juzgado_Penal_Municipal_1,2022,6.6,1.25,5,0,343,1
EXP-08072,GUADALAJARA DE BUGA,ALIMENTOS,Juzgado_Penal_Municipal_2,2024,6.6,1.05,7,1,305,0
EXP-08073,VIJES,VIF,Juzgado_3_Familia,2021,0.175,0.95,2,0,150,1
EXP-08074,CALI,VIF,Juzgado_Penal_Municipal_2,2020,70.34,1.05,2,0,401,1
EXP-08075,CANDELARIA,ALIMENTOS,Juzgado_Penal_Municipal_2,2023,3.08,1.05,7,0,309,1
EXP-08076,ZARZAL,ALIMENTOS,Juzgado_Penal_Municipal_2,2021,1.12,1.05,4,0,286,1
EXP-08077,CAICEDONIA,VIF,Juzgado_Penal_Municipal_2,2023,1.28,1.05,8,0,283,1
EXP-08078,GUACARI,VIF,Juzgado_Penal_Municipal_1,2020,1.48,1.25,7,0,269,1
EXP-08079,CARTAGO,ALIMENTOS,Juzgado_1_Familia,2022,5.56,1.35,3,0,348,1
EXP-08080,CALI,HURTO_PATRIMONIAL,Juzgado_Penal_Municipal_2,2023,70.34,1.05,2,0,510,1
EXP-08081,TULUA,SUSTANCIAS,Comisaria_1_Familia,2024,3.34,1.1,7,0,335,1
EXP-08082,CALI,SUSTANCIAS,Juzgado_Penal_Municipal_2,2024,70.34,1.05,2,0,475,1
EXP-08083,EL CAIRO,VIF,Comisaria_2_Familia,2022,0.1,0.9,9,0,205,1
EXP-08084,GUADALAJARA DE BUGA,HURTO_PATRIMONIAL,Juzgado_3_Familia,2023,6.6,0.95,5,1,422,1
EXP-08085,CALI,ALIMENTOS,Comisaria_1_Familia,2024,70.34,1.1,3,0,460,1
EXP-08086,CALI,VIF,Juzgado_Penal_Municipal_1,2022,70.34,1.25,5,0,474,1
EXP-08087,ARGELIA,ALIMENTOS,Comisaria_1_Familia,2021,0.2,1.1,16,1,518,1
EXP-08088,YUMBO,VIF,Juzgado_Penal_Municipal_2,2023,3.5,1.05,9,0,249,1
EXP-08089,VIJES,VIF,Juzgado_Penal_Municipal_2,2023,0.175,1.05,5,0,223,1
EXP-08090,ROLDANILLO,HURTO_PATRIMONIAL,Juzgado_Penal_Municipal_2,2024,1.26,1.05,2,0,278,1
EXP-08091,TULUA,HURTO_PATRIMONIAL,Juzgado_Penal_Municipal_1,2023,3.34,1.25,6,0,441,1
EXP-08092,CALI,HURTO_PATRIMONIAL,Juzgado_3_Familia,2024,70.34,0.95,6,0,225,0
EXP-08093,BUGALAGRANDE,ALIMENTOS,Juzgado_2_Familia,2024,0.2799999999999999,1.2,1,0,209,0
EXP-08094,EL CAIRO,HURTO_PATRIMONIAL,Comisaria_2_Familia,2021,0.1,0.9,9,0,311,1
EXP-08095,SAN PEDRO,VIF,Juzgado_3_Familia,2021,0.3,0.95,2,0,176,1
EXP-08096,PALMIRA,HURTO_PATRIMONIAL,Juzgado_3_Familia,2021,11.54,0.95,4,1,499,1
EXP-08097,EL DOVIO,ALIMENTOS,Comisaria_1_Familia,2020,0.1,1.1,4,0,288,1
EXP-08098,CALI,VIF,Juzgado_3_Familia,2021,70.34,0.95,5,0,470,1
EXP-08099,LA UNION,VIF,Juzgado_3_Familia,2021,0.575,0.95,4,0,190,1
EXP-08100,ZARZAL,HURTO_PATRIMONIAL,Juzgado_1_Familia,2022,1.12,1.35,7,0,176,0
EXP-08101,SEVILLA,VIF,Juzgado_1_Familia,2024,1.62,1.35,4,0,276,1
EXP-08102,SAN PEDRO,VIF,Juzgado_2_Familia,2021,0.3,1.2,2,0,235,1
EXP-08103,ZARZAL,VIF,Comisaria_1_Familia,2020,1.12,1.1,3,0,211,1
EXP-08104,EL CERRITO,VIF,Juzgado_3_Familia,2024,1.1,0.95,2,0,207,1
EXP-08105,EL AGUILA,VIF,Juzgado_3_Familia,2022,0.1666666666666666,0.95,6,0,135,0
EXP-08106,CALI,VIF,Comisaria_2_Familia,2022,70.34,0.9,1,0,379,1
EXP-08107,YUMBO,ALIMENTOS,Juzgado_1_Familia,2023,3.5,1.35,1,1,492,1
EXP-08108,YUMBO,VIF,Comisaria_2_Familia,2023,3.5,0.9,2,0,176,1
EXP-08109,LA CUMBRE,VIF,Comisaria_1_Familia,2021,0.24,1.1,12,0,225,0
EXP-08110,BUGALAGRANDE,ALIMENTOS,Juzgado_2_Familia,2022,0.2799999999999999,1.2,8,0,324,1
EXP-08111,SAN PEDRO,VIF,Juzgado_1_Familia,2023,0.3,1.35,1,0,247,1
EXP-08112,CALI,ALIMENTOS,Juzgado_1_Familia,2022,70.34,1.35,4,0,581,1
EXP-08113,GUACARI,HURTO_PATRIMONIAL,Juzgado_Penal_Municipal_2,2022,1.48,1.05,1,0,299,1
EXP-08114,CALI,VIF,Juzgado_Penal_Municipal_2,2021,70.34,1.05,5,0,455,1
EXP-08115,SEVILLA,VIF,Juzgado_Penal_Municipal_2,2024,1.62,1.05,6,0,231,0
EXP-08116,CALI,SUSTANCIAS,Comisaria_2_Familia,2020,70.34,0.9,3,0,424,1
EXP-08117,GUADALAJARA DE BUGA,ALIMENTOS,Comisaria_1_Familia,2021,6.6,1.1,6,0,382,1
EXP-08118,CALI,VIF,Juzgado_2_Familia,2022,70.34,1.2,6,0,460,1
EXP-08119,JAMUNDI,VIF,Juzgado_1_Familia,2024,2.64,1.35,8,0,294,1
EXP-08120,CAICEDONIA,VIF,Juzgado_1_Familia,2024,1.28,1.35,1,0,240,1
EXP-08121,PALMIRA,VIF,Juzgado_Penal_Municipal_2,2024,11.54,1.05,4,0,177,0
EXP-08122,GUADALAJARA DE BUGA,ALIMENTOS,Juzgado_Penal_Municipal_2,2022,6.6,1.05,1,1,229,0
EXP-08123,GUADALAJARA DE BUGA,VIF,Comisaria_2_Familia,2024,6.6,0.9,5,0,236,1
EXP-08124,CALI,ALIMENTOS,Comisaria_1_Familia,2023,70.34,1.1,1,0,479,1
EXP-08125,CALI,SUSTANCIAS,Comisaria_2_Familia,2024,70.34,0.9,3,0,395,1
EXP-08126,DAGUA,VIF,Juzgado_Penal_Municipal_1,2024,1.3666666666666665,1.25,8,0,291,1
EXP-08127,CALI,ALIMENTOS,Juzgado_2_Familia,2023,70.34,1.2,1,0,507,1
EXP-08128,BUENAVENTURA,VIF,Juzgado_2_Familia,2024,3.34,1.2,7,0,269,1
EXP-08129,JAMUNDI,ALIMENTOS,Juzgado_Penal_Municipal_1,2021,2.64,1.25,3,1,347,0
EXP-08130,PRADERA,ALIMENTOS,Juzgado_1_Familia,2024,0.72,1.35,9,0,404,1
EXP-08131,YUMBO,SUSTANCIAS,Juzgado_Penal_Municipal_1,2020,3.5,1.25,4,0,145,0
EXP-08132,CALI,HURTO_PATRIMONIAL,Juzgado_2_Familia,2020,70.34,1.2,7,0,609,1
EXP-08133,OBANDO,VIF,Juzgado_Penal_Municipal_1,2021,0.38,1.25,3,0,261,1
EXP-08134,GUADALAJARA DE BUGA,HURTO_PATRIMONIAL,Juzgado_2_Familia,2021,6.6,1.2,7,0,416,1
EXP-08135,CALI,VIF,Juzgado_Penal_Municipal_2,2024,70.34,1.05,2,0,443,1
EXP-08136,DAGUA,ALIMENTOS,Juzgado_3_Familia,2020,1.3666666666666665,0.95,1,0,217,1
EXP-08137,PALMIRA,VIF,Juzgado_3_Familia,2020,11.54,0.95,6,0,179,0
EXP-08138,CARTAGO,SUSTANCIAS,Juzgado_1_Familia,2023,5.56,1.35,1,0,283,1
EXP-08139,CAICEDONIA,VIF,Juzgado_3_Familia,2020,1.28,0.95,5,0,182,1
EXP-08140,SEVILLA,ALIMENTOS,Comisaria_2_Familia,2024,1.62,0.9,3,0,212,1
EXP-08141,SEVILLA,ALIMENTOS,Comisaria_2_Familia,2023,1.62,0.9,3,0,213,1
EXP-08142,PALMIRA,SUSTANCIAS,Juzgado_3_Familia,2022,11.54,0.95,16,0,346,1
EXP-08143,SEVILLA,HURTO_PATRIMONIAL,Comisaria_1_Familia,2022,1.62,1.1,4,0,299,1
EXP-08144,RESTREPO,ALIMENTOS,Juzgado_Penal_Municipal_1,2020,0.24,1.25,1,0,275,1
EXP-08145,CALI,ALIMENTOS,Juzgado_1_Familia,2022,70.34,1.35,8,0,573,1
EXP-08146,PALMIRA,VIF,Juzgado_3_Familia,2023,11.54,0.95,2,0,152,0
EXP-08147,ANSERMANUEVO,SUSTANCIAS,Comisaria_1_Familia,2023,0.2,1.1,8,0,165,0
EXP-08148,CARTAGO,HURTO_PATRIMONIAL,Juzgado_Penal_Municipal_1,2022,5.56,1.25,10,0,395,0
EXP-08149,GINEBRA,HURTO_PATRIMONIAL,Comisaria_2_Familia,2021,0.6,0.9,2,0,234,1
EXP-08150,CARTAGO,VIF,Comisaria_2_Familia,2022,5.56,0.9,1,0,185,1
EXP-08151,CALI,HURTO_PATRIMONIAL,Comisaria_1_Familia,2023,70.34,1.1,2,0,583,1
EXP-08152,CALI,VIF,Juzgado_2_Familia,2020,70.34,1.2,3,0,458,1
EXP-08153,PALMIRA,VIF,Juzgado_2_Familia,2023,11.54,1.2,9,0,292,1
EXP-08154,CALI,VIF,Juzgado_Penal_Municipal_2,2024,70.34,1.05,8,0,411,0
EXP-08155,BOLIVAR,VIF,Juzgado_1_Familia,2020,0.2333333333333333,1.35,2,0,247,1
EXP-08156,LA UNION,ALIMENTOS,Comisaria_2_Familia,2020,0.575,0.9,4,0,229,1
EXP-08157,PRADERA,VIF,Juzgado_1_Familia,2022,0.72,1.35,8,0,297,0
EXP-08158,CALI,ALIMENTOS,Juzgado_Penal_Municipal_2,2022,70.34,1.05,7,1,657,1
EXP-08159,CAICEDONIA,VIF,Comisaria_1_Familia,2024,1.28,1.1,2,0,221,1
EXP-08160,CAICEDONIA,VIF,Comisaria_2_Familia,2020,1.28,0.9,5,0,194,1
EXP-08161,ROLDANILLO,VIF,Juzgado_3_Familia,2022,1.26,0.95,2,0,130,0
EXP-08162,PALMIRA,HURTO_PATRIMONIAL,Juzgado_Penal_Municipal_1,2022,11.54,1.25,10,0,435,1
EXP-08163,TORO,ALIMENTOS,Juzgado_Penal_Municipal_1,2021,0.1333333333333333,1.25,1,0,253,1
EXP-08164,CARTAGO,HURTO_PATRIMONIAL,Juzgado_Penal_Municipal_1,2021,5.56,1.25,7,0,377,1
EXP-08165,TULUA,ALIMENTOS,Juzgado_Penal_Municipal_1,2023,3.34,1.25,8,1,500,1
EXP-08166,CALI,ALIMENTOS,Comisaria_2_Familia,2021,70.34,0.9,2,0,410,1
EXP-08167,CANDELARIA,VIF,Juzgado_Penal_Municipal_1,2022,3.08,1.25,3,0,256,1
EXP-08168,FLORIDA,ALIMENTOS,Comisaria_1_Familia,2024,0.8,1.1,6,1,469,1
EXP-08169,GUADALAJARA DE BUGA,SUSTANCIAS,Juzgado_Penal_Municipal_1,2024,6.6,1.25,2,0,150,0
EXP-08170,ROLDANILLO,ALIMENTOS,Juzgado_1_Familia,2020,1.26,1.35,5,1,523,1
EXP-08171,CALI,ALIMENTOS,Juzgado_1_Familia,2024,70.34,1.35,4,1,380,0
EXP-08172,CALI,ALIMENTOS,Juzgado_1_Familia,2020,70.34,1.35,7,0,593,1
EXP-08173,GUADALAJARA DE BUGA,ALIMENTOS,Juzgado_Penal_Municipal_1,2021,6.6,1.25,4,0,339,1
EXP-08174,SIN_DATO,ALIMENTOS,Juzgado_3_Familia,2023,2.2,0.95,8,1,417,1
EXP-08175,CALI,ALIMENTOS,Comisaria_2_Familia,2022,70.34,0.9,4,0,412,1
EXP-08176,SEVILLA,HURTO_PATRIMONIAL,Juzgado_Penal_Municipal_2,2021,1.62,1.05,2,0,306,1
EXP-08177,PALMIRA,HURTO_PATRIMONIAL,Juzgado_Penal_Municipal_2,2024,11.54,1.05,2,1,435,1
EXP-08178,GINEBRA,SUSTANCIAS,Comisaria_1_Familia,2021,0.6,1.1,4,0,221,1
EXP-08179,CAICEDONIA,HURTO_PATRIMONIAL,Comisaria_2_Familia,2020,1.28,0.9,3,0,250,1
EXP-08180,FLORIDA,VIF,Juzgado_3_Familia,2023,0.8,0.95,1,0,181,1
EXP-08181,RESTREPO,HURTO_PATRIMONIAL,Juzgado_Penal_Municipal_2,2021,0.24,1.05,2,0,295,1
EXP-08182,OBANDO,ALIMENTOS,Juzgado_1_Familia,2024,0.38,1.35,3,1,517,1
EXP-08183,DAGUA,VIF,Juzgado_Penal_Municipal_1,2021,1.3666666666666665,1.25,9,0,227,0
EXP-08184,PALMIRA,VIF,Comisaria_1_Familia,2024,11.54,1.1,11,0,169,0
EXP-08185,JAMUNDI,ALIMENTOS,Comisaria_2_Familia,2023,2.64,0.9,3,0,117,0
EXP-08186,SEVILLA,VIF,Juzgado_Penal_Municipal_1,2022,1.62,1.25,2,0,235,1
EXP-08187,SEVILLA,ALIMENTOS,Juzgado_Penal_Municipal_2,2023,1.62,1.05,4,0,234,0
EXP-08188,OBANDO,HURTO_PATRIMONIAL,Juzgado_2_Familia,2024,0.38,1.2,5,1,496,1
EXP-08189,ROLDANILLO,SUSTANCIAS,Juzgado_Penal_Municipal_1,2022,1.26,1.25,4,0,274,1
EXP-08190,SEVILLA,HURTO_PATRIMONIAL,Comisaria_2_Familia,2024,1.62,0.9,3,0,228,0
EXP-08191,RESTREPO,HURTO_PATRIMONIAL,Juzgado_1_Familia,2023,0.24,1.35,5,1,534,1
EXP-08192,CALI,ALIMENTOS,Comisaria_2_Familia,2024,70.34,0.9,1,0,436,1
EXP-08193,CALI,VIF,Comisaria_1_Familia,2024,70.34,1.1,4,0,437,1
EXP-08194,ANSERMANUEVO,VIF,Juzgado_3_Familia,2021,0.2,0.95,5,0,92,0
EXP-08195,CALI,ALIMENTOS,Juzgado_Penal_Municipal_2,2023,70.34,1.05,2,1,626,1
EXP-08196,CANDELARIA,HURTO_PATRIMONIAL,Juzgado_Penal_Municipal_1,2022,3.08,1.25,2,0,338,1
EXP-08197,CALI,ALIMENTOS,Comisaria_1_Familia,2021,70.34,1.1,3,1,379,0
EXP-08198,RESTREPO,HURTO_PATRIMONIAL,Comisaria_2_Familia,2024,0.24,0.9,5,0,248,1
EXP-08199,SEVILLA,ALIMENTOS,Comisaria_2_Familia,2023,1.62,0.9,4,1,383,1
EXP-08200,PALMIRA,ALIMENTOS,Juzgado_3_Familia,2023,11.54,0.95,4,0,317,1
EXP-08201,CARTAGO,ALIMENTOS,Comisaria_1_Familia,2024,5.56,1.1,3,0,287,1
EXP-08202,YUMBO,VIF,Juzgado_3_Familia,2024,3.5,0.95,7,0,225,1
EXP-08203,TRUJILLO,VIF,Juzgado_3_Familia,2023,0.225,0.95,4,0,214,1
EXP-08204,BUENAVENTURA,ALIMENTOS,Comisaria_1_Familia,2023,3.34,1.1,4,0,319,1
EXP-08205,PRADERA,VIF,Comisaria_2_Familia,2024,0.72,0.9,2,0,131,0
EXP-08206,BUENAVENTURA,VIF,Juzgado_1_Familia,2022,3.34,1.35,1,0,258,1
EXP-08207,CAICEDONIA,ALIMENTOS,Comisaria_1_Familia,2021,1.28,1.1,2,0,260,1
EXP-08208,PALMIRA,VIF,Juzgado_Penal_Municipal_2,2022,11.54,1.05,3,0,220,1
EXP-08209,CALI,ALIMENTOS,Juzgado_2_Familia,2020,70.34,1.2,4,1,655,1
EXP-08210,ARGELIA,ALIMENTOS,Juzgado_Penal_Municipal_2,2023,0.2,1.05,2,0,311,1
EXP-08211,CARTAGO,SUSTANCIAS,Juzgado_2_Familia,2020,5.56,1.2,5,0,291,1
EXP-08212,SIN_DATO,VIF,Juzgado_1_Familia,2023,2.2,1.35,1,0,247,1
EXP-08213,PALMIRA,HURTO_PATRIMONIAL,Comisaria_2_Familia,2023,11.54,0.9,3,0,318,1
EXP-08214,SEVILLA,VIF,Juzgado_Penal_Municipal_2,2022,1.62,1.05,3,0,104,0
EXP-08215,CAICEDONIA,VIF,Juzgado_1_Familia,2023,1.28,1.35,1,0,226,0
EXP-08216,GUADALAJARA DE BUGA,VIF,Comisaria_1_Familia,2023,6.6,1.1,16,0,370,1
EXP-08217,YUMBO,VIF,Comisaria_1_Familia,2022,3.5,1.1,5,0,119,0
EXP-08218,GUADALAJARA DE BUGA,VIF,Juzgado_1_Familia,2021,6.6,1.35,5,0,304,1
EXP-08219,ARGELIA,ALIMENTOS,Comisaria_1_Familia,2024,0.2,1.1,9,0,366,1
EXP-08220,TULUA,VIF,Juzgado_1_Familia,2020,3.34,1.35,2,0,188,0
EXP-08221,SEVILLA,HURTO_PATRIMONIAL,Juzgado_Penal_Municipal_1,2023,1.62,1.25,4,1,497,1
EXP-08222,BUENAVENTURA,VIF,Juzgado_2_Familia,2020,3.34,1.2,3,0,271,1
EXP-08223,BUGALAGRANDE,SUSTANCIAS,Juzgado_3_Familia,2024,0.2799999999999999,0.95,6,0,213,1
EXP-08224,CALIMA,VIF,Juzgado_2_Familia,2024,0.3199999999999999,1.2,11,0,313,1
EXP-08225,BUGALAGRANDE,HURTO_PATRIMONIAL,Comisaria_1_Familia,2023,0.2799999999999999,1.1,3,0,338,1
EXP-08226,EL CAIRO,VIF,Juzgado_3_Familia,2024,0.1,0.95,3,0,194,1
EXP-08227,ANDALUCIA,ALIMENTOS,Juzgado_1_Familia,2021,0.38,1.35,7,0,374,1
EXP-08228,SEVILLA,VIF,Juzgado_1_Familia,2020,1.62,1.35,8,0,309,1
EXP-08229,CALI,HURTO_PATRIMONIAL,Comisaria_1_Familia,2021,70.34,1.1,6,1,707,1
EXP-08230,BUGALAGRANDE,SUSTANCIAS,Juzgado_3_Familia,2021,0.2799999999999999,0.95,6,0,217,1
EXP-08231,PRADERA,VIF,Comisaria_1_Familia,2021,0.72,1.1,2,0,196,1
EXP-08232,ROLDANILLO,HURTO_PATRIMONIAL,Juzgado_Penal_Municipal_2,2023,1.26,1.05,5,1,420,1
EXP-08233,CARTAGO,ALIMENTOS,Juzgado_1_Familia,2024,5.56,1.35,9,0,400,1
EXP-08234,BUENAVENTURA,HURTO_PATRIMONIAL,Comisaria_1_Familia,2021,3.34,1.1,5,0,354,1
EXP-08235,YOTOCO,ALIMENTOS,Juzgado_Penal_Municipal_1,2020,0.58,1.25,1,1,452,1
EXP-08236,CARTAGO,HURTO_PATRIMONIAL,Comisaria_2_Familia,2023,5.56,0.9,7,0,284,1
EXP-08237,GINEBRA,HURTO_PATRIMONIAL,Comisaria_1_Familia,2023,0.6,1.1,1,1,461,1
EXP-08238,CALI,VIF,Juzgado_2_Familia,2023,70.34,1.2,7,0,281,0
EXP-08239,PRADERA,VIF,Juzgado_2_Familia,2023,0.72,1.2,8,0,306,1
EXP-08240,GUADALAJARA DE BUGA,VIF,Comisaria_1_Familia,2023,6.6,1.1,8,0,224,0
EXP-08241,GUACARI,ALIMENTOS,Juzgado_2_Familia,2021,1.48,1.2,3,0,281,0
EXP-08242,YOTOCO,HURTO_PATRIMONIAL,Juzgado_3_Familia,2022,0.58,0.95,7,0,341,1
EXP-08243,PALMIRA,HURTO_PATRIMONIAL,Comisaria_2_Familia,2022,11.54,0.9,2,1,430,1
EXP-08244,VIJES,VIF,Comisaria_1_Familia,2022,0.175,1.1,6,0,141,0
EXP-08245,RESTREPO,SUSTANCIAS,Juzgado_Penal_Municipal_1,2024,0.24,1.25,3,0,129,0
EXP-08246,ANSERMANUEVO,HURTO_PATRIMONIAL,Comisaria_2_Familia,2021,0.2,0.9,4,0,307,1
EXP-08247,PALMIRA,HURTO_PATRIMONIAL,Comisaria_2_Familia,2023,11.54,0.9,4,1,445,1
EXP-08248,GUADALAJARA DE BUGA,SUSTANCIAS,Juzgado_1_Familia,2021,6.6,1.35,10,0,320,1
EXP-08249,CALI,VIF,Juzgado_1_Familia,2020,70.34,1.35,10,0,502,1
EXP-08250,ROLDANILLO,ALIMENTOS,Juzgado_3_Familia,2020,1.26,0.95,2,0,132,0
EXP-08251,GUADALAJARA DE BUGA,HURTO_PATRIMONIAL,Juzgado_Penal_Municipal_2,2023,6.6,1.05,13,0,250,0
EXP-08252,CALI,SUSTANCIAS,Comisaria_1_Familia,2020,70.34,1.1,7,0,469,1
EXP-08253,PALMIRA,HURTO_PATRIMONIAL,Juzgado_3_Familia,2020,11.54,0.95,1,0,337,1
EXP-08254,EL AGUILA,HURTO_PATRIMONIAL,Comisaria_1_Familia,2022,0.1666666666666666,1.1,11,0,396,1
EXP-08255,VIJES,ALIMENTOS,Juzgado_Penal_Municipal_1,2023,0.175,1.25,8,1,261,0
EXP-08256,YUMBO,SUSTANCIAS,Juzgado_Penal_Municipal_1,2024,3.5,1.25,2,0,253,1
EXP-08257,CANDELARIA,ALIMENTOS,Juzgado_2_Familia,2024,3.08,1.2,1,0,284,1
EXP-08258,JAMUNDI,SUSTANCIAS,Juzgado_Penal_Municipal_1,2022,2.64,1.25,2,0,253,1
EXP-08259,BUENAVENTURA,SUSTANCIAS,Comisaria_1_Familia,2022,3.34,1.1,3,0,228,1
EXP-08260,CALI,VIF,Juzgado_3_Familia,2021,70.34,0.95,2,0,388,1
EXP-08261,GINEBRA,VIF,Juzgado_Penal_Municipal_1,2023,0.6,1.25,1,0,236,1
EXP-08262,PALMIRA,VIF,Juzgado_1_Familia,2020,11.54,1.35,4,0,329,1
EXP-08263,BOLIVAR,VIF,Juzgado_2_Familia,2024,0.2333333333333333,1.2,1,0,224,1
EXP-08264,LA UNION,VIF,Juzgado_Penal_Municipal_2,2022,0.575,1.05,9,0,268,1
EXP-08265,CAICEDONIA,VIF,Juzgado_2_Familia,2023,1.28,1.2,5,0,283,1
EXP-08266,BOLIVAR,VIF,Comisaria_2_Familia,2022,0.2333333333333333,0.9,8,0,222,1
EXP-08267,ARGELIA,ALIMENTOS,Juzgado_Penal_Municipal_2,2022,0.2,1.05,1,0,284,1
EXP-08268,LA UNION,ALIMENTOS,Juzgado_2_Familia,2024,0.575,1.2,9,1,511,1
EXP-08269,CALI,ALIMENTOS,Juzgado_1_Familia,2023,70.34,1.35,1,1,611,0
EXP-08270,DAGUA,HURTO_PATRIMONIAL,Juzgado_1_Familia,2024,1.3666666666666665,1.35,8,0,464,1
EXP-08271,PALMIRA,ALIMENTOS,Comisaria_1_Familia,2023,11.54,1.1,5,0,332,1
EXP-08272,CALI,SUSTANCIAS,Comisaria_1_Familia,2024,70.34,1.1,1,0,409,1
EXP-08273,CALI,VIF,Juzgado_1_Familia,2024,70.34,1.35,7,0,471,1
EXP-08274,GUADALAJARA DE BUGA,ALIMENTOS,Juzgado_3_Familia,2020,6.6,0.95,3,0,121,0
EXP-08275,CALI,VIF,Juzgado_2_Familia,2023,70.34,1.2,2,0,434,1
EXP-08276,EL DOVIO,VIF,Comisaria_2_Familia,2021,0.1,0.9,2,0,175,1
EXP-08277,CARTAGO,VIF,Juzgado_2_Familia,2022,5.56,1.2,6,0,289,1
EXP-08278,EL AGUILA,VIF,Juzgado_3_Familia,2024,0.1666666666666666,0.95,1,0,186,1
EXP-08279,CANDELARIA,ALIMENTOS,Comisaria_1_Familia,2020,3.08,1.1,1,1,441,1
EXP-08280,CALI,HURTO_PATRIMONIAL,Juzgado_2_Familia,2024,70.34,1.2,12,0,675,1
EXP-08281,CALI,ALIMENTOS,Juzgado_3_Familia,2021,70.34,0.95,2,0,416,1
EXP-08282,CALI,ALIMENTOS,Juzgado_3_Familia,2020,70.34,0.95,12,0,507,1
EXP-08283,YUMBO,ALIMENTOS,Comisaria_1_Familia,2024,3.5,1.1,3,0,274,1
EXP-08284,CANDELARIA,VIF,Comisaria_2_Familia,2024,3.08,0.9,1,0,171,1
EXP-08285,SIN_DATO,ALIMENTOS,Juzgado_2_Familia,2024,2.2,1.2,6,0,370,1
EXP-08286,YOTOCO,VIF,Juzgado_Penal_Municipal_1,2020,0.58,1.25,5,0,242,1
EXP-08287,SIN_DATO,ALIMENTOS,Juzgado_1_Familia,2022,2.2,1.35,6,0,376,1
EXP-08288,LA UNION,SUSTANCIAS,Juzgado_Penal_Municipal_2,2024,0.575,1.05,6,0,246,1
EXP-08289,LA CUMBRE,ALIMENTOS,Juzgado_Penal_Municipal_2,2024,0.24,1.05,2,1,243,0
EXP-08290,ROLDANILLO,HURTO_PATRIMONIAL,Juzgado_Penal_Municipal_2,2022,1.26,1.05,1,0,171,0
EXP-08291,DAGUA,ALIMENTOS,Comisaria_2_Familia,2024,1.3666666666666665,0.9,7,1,437,1
EXP-08292,YUMBO,VIF,Comisaria_1_Familia,2021,3.5,1.1,6,0,252,1
EXP-08293,ANSERMANUEVO,ALIMENTOS,Juzgado_Penal_Municipal_2,2024,0.2,1.05,2,0,250,1
EXP-08294,ROLDANILLO,ALIMENTOS,Juzgado_Penal_Municipal_1,2023,1.26,1.25,2,1,430,1
EXP-08295,LA UNION,SUSTANCIAS,Comisaria_2_Familia,2021,0.575,0.9,1,0,154,1
EXP-08296,JAMUNDI,ALIMENTOS,Juzgado_Penal_Municipal_2,2024,2.64,1.05,2,0,142,0
EXP-08297,PALMIRA,VIF,Juzgado_1_Familia,2023,11.54,1.35,6,0,322,1
EXP-08298,CALI,ALIMENTOS,Comisaria_1_Familia,2020,70.34,1.1,1,0,444,1
EXP-08299,PALMIRA,ALIMENTOS,Comisaria_2_Familia,2024,11.54,0.9,1,0,279,1
EXP-08300,TULUA,ALIMENTOS,Comisaria_1_Familia,2024,3.34,1.1,14,0,406,1
EXP-08301,CALI,VIF,Comisaria_2_Familia,2024,70.34,0.9,9,0,426,1
EXP-08302,CARTAGO,VIF,Comisaria_2_Familia,2023,5.56,0.9,7,0,228,1
EXP-08303,CANDELARIA,ALIMENTOS,Juzgado_1_Familia,2022,3.08,1.35,6,0,305,0
EXP-08304,TULUA,HURTO_PATRIMONIAL,Juzgado_Penal_Municipal_2,2021,3.34,1.05,3,1,467,1
EXP-08305,CARTAGO,HURTO_PATRIMONIAL,Comisaria_1_Familia,2023,5.56,1.1,3,1,499,1
EXP-08306,CALI,VIF,Juzgado_3_Familia,2024,70.34,0.95,5,0,420,1
EXP-08307,PALMIRA,VIF,Comisaria_2_Familia,2022,11.54,0.9,1,0,180,1
EXP-08308,LA UNION,SUSTANCIAS,Juzgado_3_Familia,2020,0.575,0.95,8,0,208,0
EXP-08309,DAGUA,ALIMENTOS,Juzgado_3_Familia,2022,1.3666666666666665,0.95,2,0,260,1
EXP-08310,CALI,VIF,Juzgado_2_Familia,2021,70.34,1.2,8,0,461,1
EXP-08311,TULUA,VIF,Juzgado_Penal_Municipal_2,2024,3.34,1.05,2,0,217,1
EXP-08312,TORO,ALIMENTOS,Comisaria_1_Familia,2024,0.1333333333333333,1.1,13,1,504,1
EXP-08313,SIN_DATO,HURTO_PATRIMONIAL,Juzgado_3_Familia,2023,2.2,0.95,1,0,246,1
EXP-08314,GUADALAJARA DE BUGA,ALIMENTOS,Juzgado_Penal_Municipal_2,2022,6.6,1.05,8,1,477,1
EXP-08315,TULUA,VIF,Juzgado_3_Familia,2021,3.34,0.95,3,0,183,1
EXP-08316,CAICEDONIA,VIF,Comisaria_1_Familia,2021,1.28,1.1,5,0,186,0
EXP-08317,CALI,VIF,Juzgado_2_Familia,2022,70.34,1.2,4,0,462,1
EXP-08318,EL CERRITO,SUSTANCIAS,Juzgado_1_Familia,2021,1.1,1.35,7,0,293,1
EXP-08319,ALCALA,VIF,Juzgado_2_Familia,2024,0.22,1.2,7,0,285,1
EXP-08320,CALI,ALIMENTOS,Juzgado_3_Familia,2024,70.34,0.95,11,0,515,1
EXP-08321,BUENAVENTURA,VIF,Juzgado_Penal_Municipal_1,2021,3.34,1.25,6,0,263,1
EXP-08322,PRADERA,VIF,Juzgado_1_Familia,2021,0.72,1.35,9,0,288,1
EXP-08323,ANDALUCIA,HURTO_PATRIMONIAL,Comisaria_1_Familia,2021,0.38,1.1,6,0,361,1
EXP-08324,CANDELARIA,VIF,Juzgado_Penal_Municipal_1,2021,3.08,1.25,7,0,270,1
EXP-08325,SIN_DATO,HURTO_PATRIMONIAL,Juzgado_Penal_Municipal_1,2021,2.2,1.25,5,0,382,1
EXP-08326,EL DOVIO,VIF,Juzgado_Penal_Municipal_2,2023,0.1,1.05,1,0,119,0
EXP-08327,EL CERRITO,VIF,Juzgado_Penal_Municipal_2,2020,1.1,1.05,1,0,173,1
EXP-08328,EL CAIRO,VIF,Juzgado_1_Familia,2020,0.1,1.35,2,0,217,0
EXP-08329,JAMUNDI,ALIMENTOS,Comisaria_2_Familia,2021,2.64,0.9,15,1,464,1
EXP-08330,BUGALAGRANDE,ALIMENTOS,Juzgado_2_Familia,2024,0.2799999999999999,1.2,6,0,349,1
EXP-08331,ARGELIA,VIF,Comisaria_2_Familia,2024,0.2,0.9,3,0,196,1
EXP-08332,PALMIRA,HURTO_PATRIMONIAL,Comisaria_1_Familia,2024,11.54,1.1,3,1,504,1
EXP-08333,PALMIRA,VIF,Juzgado_2_Familia,2021,11.54,1.2,3,0,253,1
EXP-08334,CALI,VIF,Comisaria_2_Familia,2020,70.34,0.9,1,0,352,1
EXP-08335,CARTAGO,SUSTANCIAS,Juzgado_1_Familia,2023,5.56,1.35,1,0,308,1
EXP-08336,BUENAVENTURA,ALIMENTOS,Juzgado_Penal_Municipal_1,2022,3.34,1.25,7,0,350,1
EXP-08337,ROLDANILLO,VIF,Juzgado_1_Familia,2024,1.26,1.35,2,0,291,1
EXP-08338,YUMBO,VIF,Comisaria_1_Familia,2021,3.5,1.1,2,0,185,1
EXP-08339,JAMUNDI,HURTO_PATRIMONIAL,Comisaria_2_Familia,2024,2.64,0.9,4,0,320,1
EXP-08340,CALI,SUSTANCIAS,Juzgado_Penal_Municipal_2,2020,70.34,1.05,1,0,420,1
EXP-08341,CANDELARIA,VIF,Juzgado_Penal_Municipal_2,2023,3.08,1.05,3,0,218,1
EXP-08342,YUMBO,VIF,Comisaria_1_Familia,2024,3.5,1.1,6,0,234,1
EXP-08343,CARTAGO,ALIMENTOS,Juzgado_Penal_Municipal_1,2022,5.56,1.25,2,1,185,0
EXP-08344,CALI,ALIMENTOS,Juzgado_Penal_Municipal_1,2021,70.34,1.25,3,0,524,1
EXP-08345,BUGALAGRANDE,ALIMENTOS,Juzgado_Penal_Municipal_2,2024,0.2799999999999999,1.05,6,0,179,0
EXP-08346,LA UNION,ALIMENTOS,Juzgado_3_Familia,2022,0.575,0.95,5,0,298,1
EXP-08347,CALI,HURTO_PATRIMONIAL,Juzgado_2_Familia,2023,70.34,1.2,5,0,593,1
EXP-08348,ARGELIA,ALIMENTOS,Juzgado_2_Familia,2021,0.2,1.2,7,0,338,1
EXP-08349,TULUA,HURTO_PATRIMONIAL,Juzgado_Penal_Municipal_1,2023,3.34,1.25,8,0,438,1
EXP-08350,PALMIRA,VIF,Juzgado_Penal_Municipal_2,2023,11.54,1.05,1,0,194,1
EXP-08351,JAMUNDI,HURTO_PATRIMONIAL,Juzgado_Penal_Municipal_1,2024,2.64,1.25,6,0,304,0
EXP-08352,CAICEDONIA,ALIMENTOS,Comisaria_1_Familia,2023,1.28,1.1,3,0,294,1
EXP-08353,TULUA,HURTO_PATRIMONIAL,Juzgado_Penal_Municipal_2,2024,3.34,1.05,7,0,329,1
EXP-08354,TRUJILLO,HURTO_PATRIMONIAL,Comisaria_2_Familia,2023,0.225,0.9,2,0,269,1
EXP-08355,EL CERRITO,SUSTANCIAS,Comisaria_1_Familia,2022,1.1,1.1,1,0,117,0
EXP-08356,GUADALAJARA DE BUGA,VIF,Juzgado_3_Familia,2024,6.6,0.95,1,0,201,1
EXP-08357,CALI,HURTO_PATRIMONIAL,Juzgado_3_Familia,2023,70.34,0.95,5,0,511,1
EXP-08358,LA UNION,HURTO_PATRIMONIAL,Juzgado_Penal_Municipal_2,2024,0.575,1.05,6,0,328,1
EXP-08359,SAN PEDRO,SUSTANCIAS,Juzgado_Penal_Municipal_1,2021,0.3,1.25,2,0,276,1
EXP-08360,CALI,VIF,Juzgado_1_Familia,2022,70.34,1.35,1,0,462,1
EXP-08361,EL CERRITO,VIF,Juzgado_1_Familia,2021,1.1,1.35,7,0,295,1
EXP-08362,CANDELARIA,HURTO_PATRIMONIAL,Juzgado_3_Familia,2024,3.08,0.95,4,0,336,1
EXP-08363,SEVILLA,ALIMENTOS,Juzgado_1_Familia,2024,1.62,1.35,10,0,394,1
EXP-08364,YOTOCO,VIF,Comisaria_2_Familia,2024,0.58,0.9,2,0,186,1
EXP-08365,PALMIRA,ALIMENTOS,Juzgado_2_Familia,2021,11.54,1.2,1,0,338,1
EXP-08366,YUMBO,ALIMENTOS,Juzgado_Penal_Municipal_2,2022,3.5,1.05,6,1,451,1
EXP-08367,EL CERRITO,VIF,Juzgado_1_Familia,2023,1.1,1.35,4,0,278,1
EXP-08368,SAN PEDRO,ALIMENTOS,Juzgado_3_Familia,2022,0.3,0.95,5,0,297,1
EXP-08369,GUADALAJARA DE BUGA,ALIMENTOS,Juzgado_3_Familia,2024,6.6,0.95,10,1,234,0
EXP-08370,FLORIDA,HURTO_PATRIMONIAL,Comisaria_1_Familia,2024,0.8,1.1,5,0,361,1
EXP-08371,DAGUA,ALIMENTOS,Juzgado_2_Familia,2022,1.3666666666666665,1.2,4,1,468,1
EXP-08372,BOLIVAR,VIF,Comisaria_1_Familia,2024,0.2333333333333333,1.1,6,0,263,1
EXP-08373,CALI,VIF,Comisaria_1_Familia,2021,70.34,1.1,5,0,456,1
EXP-08374,LA UNION,VIF,Juzgado_1_Familia,2022,0.575,1.35,5,0,261,1
EXP-08375,CANDELARIA,HURTO_PATRIMONIAL,Juzgado_2_Familia,2024,3.08,1.2,4,0,318,1
EXP-08376,TULUA,VIF,Comisaria_1_Familia,2021,3.34,1.1,5,0,263,1
EXP-08377,CANDELARIA,SUSTANCIAS,Juzgado_Penal_Municipal_2,2022,3.08,1.05,2,0,219,1
EXP-08378,CALI,ALIMENTOS,Juzgado_Penal_Municipal_2,2020,70.34,1.05,1,0,437,1
EXP-08379,CALI,ALIMENTOS,Juzgado_Penal_Municipal_1,2020,70.34,1.25,16,0,634,1
EXP-08380,GUADALAJARA DE BUGA,ALIMENTOS,Comisaria_2_Familia,2024,6.6,0.9,4,1,408,1
EXP-08381,CALI,VIF,Juzgado_1_Familia,2024,70.34,1.35,9,0,526,1
EXP-08382,CARTAGO,ALIMENTOS,Juzgado_1_Familia,2023,5.56,1.35,10,0,452,1
EXP-08383,ROLDANILLO,VIF,Comisaria_2_Familia,2022,1.26,0.9,4,0,241,1
EXP-08384,CALI,VIF,Juzgado_2_Familia,2021,70.34,1.2,5,0,398,0
EXP-08385,SEVILLA,ALIMENTOS,Juzgado_2_Familia,2022,1.62,1.2,3,0,380,1
EXP-08386,CALI,ALIMENTOS,Juzgado_Penal_Municipal_1,2023,70.34,1.25,9,0,611,1
EXP-08387,GINEBRA,HURTO_PATRIMONIAL,Juzgado_Penal_Municipal_1,2022,0.6,1.25,5,1,557,1
EXP-08388,PALMIRA,HURTO_PATRIMONIAL,Juzgado_Penal_Municipal_2,2024,11.54,1.05,3,1,513,1
EXP-08389,CARTAGO,HURTO_PATRIMONIAL,Juzgado_1_Familia,2022,5.56,1.35,4,0,429,1
EXP-08390,OBANDO,VIF,Comisaria_2_Familia,2021,0.38,0.9,3,0,157,1
EXP-08391,SEVILLA,VIF,Comisaria_2_Familia,2024,1.62,0.9,2,0,125,0
EXP-08392,ANDALUCIA,VIF,Juzgado_3_Familia,2022,0.38,0.95,8,0,230,1
EXP-08393,CALI,HURTO_PATRIMONIAL,Comisaria_2_Familia,2024,70.34,0.9,10,0,550,1
EXP-08394,LA CUMBRE,ALIMENTOS,Juzgado_1_Familia,2022,0.24,1.35,3,0,339,1
EXP-08395,BUENAVENTURA,ALIMENTOS,Comisaria_1_Familia,2024,3.34,1.1,11,0,370,1
EXP-08396,PALMIRA,VIF,Juzgado_1_Familia,2022,11.54,1.35,6,0,336,1
EXP-08397,CAICEDONIA,HURTO_PATRIMONIAL,Comisaria_2_Familia,2024,1.28,0.9,3,1,456,1
EXP-08398,GUADALAJARA DE BUGA,VIF,Juzgado_Penal_Municipal_1,2020,6.6,1.25,6,0,158,0
EXP-08399,CANDELARIA,ALIMENTOS,Juzgado_2_Familia,2024,3.08,1.2,1,1,449,1
EXP-08400,VERSALLES,HURTO_PATRIMONIAL,Juzgado_Penal_Municipal_2,2023,0.1333333333333333,1.05,3,0,325,1
EXP-08401,CALI,ALIMENTOS,Comisaria_2_Familia,2023,70.34,0.9,3,0,440,1
EXP-08402,RIOFRIO,ALIMENTOS,Juzgado_Penal_Municipal_1,2023,0.175,1.25,1,0,302,1
EXP-08403,CARTAGO,ALIMENTOS,Juzgado_Penal_Municipal_1,2023,5.56,1.25,12,0,392,1
EXP-08404,TRUJILLO,ALIMENTOS,Comisaria_2_Familia,2021,0.225,0.9,1,0,221,1
EXP-08405,CANDELARIA,ALIMENTOS,Juzgado_1_Familia,2021,3.08,1.35,9,0,376,1
EXP-08406,CALI,VIF,Juzgado_2_Familia,2023,70.34,1.2,7,0,499,1
EXP-08407,CALI,SUSTANCIAS,Juzgado_Penal_Municipal_1,2024,70.34,1.25,4,0,490,1
EXP-08408,BUENAVENTURA,HURTO_PATRIMONIAL,Juzgado_1_Familia,2022,3.34,1.35,8,1,582,1
EXP-08409,PALMIRA,VIF,Comisaria_1_Familia,2024,11.54,1.1,7,0,296,1
EXP-08410,ROLDANILLO,ALIMENTOS,Juzgado_Penal_Municipal_2,2022,1.26,1.05,6,1,433,1
EXP-08411,YOTOCO,ALIMENTOS,Juzgado_1_Familia,2023,0.58,1.35,2,0,316,1
EXP-08412,EL CERRITO,ALIMENTOS,Juzgado_2_Familia,2024,1.1,1.2,3,1,465,1
EXP-08413,ZARZAL,VIF,Juzgado_Penal_Municipal_1,2023,1.12,1.25,5,0,184,0
EXP-08414,CALI,VIF,Comisaria_1_Familia,2024,70.34,1.1,2,0,425,1
EXP-08415,SIN_DATO,HURTO_PATRIMONIAL,Juzgado_2_Familia,2023,2.2,1.2,1,0,344,1
EXP-08416,CALI,ALIMENTOS,Juzgado_3_Familia,2022,70.34,0.95,2,0,481,1
EXP-08417,CANDELARIA,VIF,Juzgado_2_Familia,2022,3.08,1.2,5,0,275,1
EXP-08418,ANSERMANUEVO,HURTO_PATRIMONIAL,Juzgado_Penal_Municipal_1,2024,0.2,1.25,5,0,383,1
EXP-08419,CALI,ALIMENTOS,Comisaria_1_Familia,2020,70.34,1.1,2,1,245,0
EXP-08420,DAGUA,VIF,Comisaria_2_Familia,2020,1.3666666666666665,0.9,1,0,104,0
EXP-08421,PRADERA,ALIMENTOS,Juzgado_Penal_Municipal_1,2024,0.72,1.25,7,0,360,1
EXP-08422,FLORIDA,ALIMENTOS,Juzgado_Penal_Municipal_1,2020,0.8,1.25,7,1,497,1
EXP-08423,ANSERMANUEVO,VIF,Comisaria_1_Familia,2020,0.2,1.1,14,0,303,1
EXP-08424,PRADERA,VIF,Juzgado_2_Familia,2024,0.72,1.2,2,0,216,1
EXP-08425,OBANDO,ALIMENTOS,Juzgado_2_Familia,2024,0.38,1.2,8,0,231,0
EXP-08426,LA VICTORIA,VIF,Juzgado_2_Familia,2024,0.1666666666666666,1.2,8,0,307,1
EXP-08427,EL CERRITO,HURTO_PATRIMONIAL,Juzgado_2_Familia,2021,1.1,1.2,10,1,429,0
EXP-08428,YUMBO,ALIMENTOS,Juzgado_3_Familia,2021,3.5,0.95,9,0,274,1
EXP-08429,LA UNION,SUSTANCIAS,Juzgado_2_Familia,2021,0.575,1.2,12,0,319,1
EXP-08430,CANDELARIA,SUSTANCIAS,Comisaria_1_Familia,2022,3.08,1.1,1,0,227,1
EXP-08431,LA CUMBRE,VIF,Juzgado_2_Familia,2022,0.24,1.2,12,0,290,1
EXP-08432,ANDALUCIA,ALIMENTOS,Comisaria_2_Familia,2021,0.38,0.9,2,0,258,1
EXP-08433,PALMIRA,VIF,Juzgado_Penal_Municipal_2,2024,11.54,1.05,10,0,315,1
EXP-08434,CANDELARIA,SUSTANCIAS,Comisaria_2_Familia,2023,3.08,0.9,3,0,199,1
EXP-08435,TULUA,VIF,Comisaria_1_Familia,2023,3.34,1.1,8,0,188,0
EXP-08436,CALI,ALIMENTOS,Juzgado_2_Familia,2022,70.34,1.2,10,0,553,1
EXP-08437,JAMUNDI,ALIMENTOS,Comisaria_1_Familia,2022,2.64,1.1,5,0,290,1
EXP-08438,PALMIRA,ALIMENTOS,Juzgado_Penal_Municipal_2,2023,11.54,1.05,2,0,292,1
EXP-08439,VERSALLES,ALIMENTOS,Juzgado_Penal_Municipal_2,2022,0.1333333333333333,1.05,2,1,389,1
EXP-08440,PALMIRA,ALIMENTOS,Juzgado_1_Familia,2020,11.54,1.35,6,0,383,1
EXP-08441,ARGELIA,SUSTANCIAS,Juzgado_Penal_Municipal_2,2024,0.2,1.05,4,0,246,1
EXP-08442,CALI,ALIMENTOS,Juzgado_2_Familia,2023,70.34,1.2,1,1,610,1
EXP-08443,SAN PEDRO,ALIMENTOS,Comisaria_1_Familia,2022,0.3,1.1,2,1,430,1
EXP-08444,CALI,HURTO_PATRIMONIAL,Juzgado_Penal_Municipal_1,2020,70.34,1.25,8,0,654,1
EXP-08445,GUADALAJARA DE BUGA,HURTO_PATRIMONIAL,Juzgado_Penal_Municipal_1,2022,6.6,1.25,1,0,380,1
EXP-08446,YUMBO,HURTO_PATRIMONIAL,Juzgado_1_Familia,2022,3.5,1.35,1,0,417,1
EXP-08447,PALMIRA,HURTO_PATRIMONIAL,Juzgado_1_Familia,2023,11.54,1.35,1,1,328,0
EXP-08448,YUMBO,ALIMENTOS,Juzgado_2_Familia,2024,3.5,1.2,9,0,185,0
EXP-08449,ARGELIA,ALIMENTOS,Juzgado_3_Familia,2023,0.2,0.95,5,0,148,0
EXP-08450,CALI,VIF,Juzgado_Penal_Municipal_2,2022,70.34,1.05,6,0,437,1
EXP-08451,EL AGUILA,SUSTANCIAS,Juzgado_Penal_Municipal_2,2023,0.1666666666666666,1.05,5,0,244,1
EXP-08452,ALCALA,VIF,Juzgado_Penal_Municipal_1,2020,0.22,1.25,3,0,267,1
EXP-08453,CALI,HURTO_PATRIMONIAL,Juzgado_Penal_Municipal_2,2021,70.34,1.05,4,0,530,1
EXP-08454,TULUA,VIF,Juzgado_2_Familia,2020,3.34,1.2,7,0,278,1
EXP-08455,EL AGUILA,ALIMENTOS,Juzgado_Penal_Municipal_1,2021,0.1666666666666666,1.25,8,0,342,1
EXP-08456,CALIMA,VIF,Juzgado_Penal_Municipal_2,2021,0.3199999999999999,1.05,22,0,221,0
EXP-08457,CARTAGO,ALIMENTOS,Comisaria_2_Familia,2021,5.56,0.9,4,0,168,0
EXP-08458,FLORIDA,SUSTANCIAS,Juzgado_Penal_Municipal_1,2023,0.8,1.25,3,0,278,1
EXP-08459,GUADALAJARA DE BUGA,SUSTANCIAS,Juzgado_Penal_Municipal_1,2020,6.6,1.25,2,0,271,1
EXP-08460,GUADALAJARA DE BUGA,VIF,Comisaria_1_Familia,2023,6.6,1.1,2,0,246,1
EXP-08461,ROLDANILLO,ALIMENTOS,Juzgado_1_Familia,2024,1.26,1.35,11,1,508,1
EXP-08462,SEVILLA,VIF,Juzgado_1_Familia,2022,1.62,1.35,3,0,283,1
EXP-08463,ANDALUCIA,ALIMENTOS,Juzgado_3_Familia,2021,0.38,0.95,1,0,168,1
EXP-08464,DAGUA,VIF,Juzgado_Penal_Municipal_2,2024,1.3666666666666665,1.05,2,0,192,1
EXP-08465,CALI,ALIMENTOS,Comisaria_1_Familia,2024,70.34,1.1,8,1,678,1
EXP-08466,CAICEDONIA,ALIMENTOS,Juzgado_Penal_Municipal_2,2020,1.28,1.05,4,1,433,1
EXP-08467,JAMUNDI,HURTO_PATRIMONIAL,Juzgado_Penal_Municipal_1,2021,2.64,1.25,4,0,391,1
EXP-08468,DAGUA,HURTO_PATRIMONIAL,Juzgado_Penal_Municipal_1,2024,1.3666666666666665,1.25,10,0,405,1
EXP-08469,FLORIDA,SUSTANCIAS,Juzgado_2_Familia,2021,0.8,1.2,1,0,237,1
EXP-08470,GUACARI,ALIMENTOS,Juzgado_2_Familia,2022,1.48,1.2,1,0,303,1
EXP-08471,RIOFRIO,VIF,Juzgado_1_Familia,2023,0.175,1.35,2,0,228,1
EXP-08472,JAMUNDI,VIF,Juzgado_1_Familia,2022,2.64,1.35,6,0,278,1
EXP-08473,VERSALLES,ALIMENTOS,Juzgado_Penal_Municipal_1,2024,0.1333333333333333,1.25,8,1,490,1
EXP-08474,TULUA,ALIMENTOS,Juzgado_2_Familia,2024,3.34,1.2,12,0,364,1
EXP-08475,RIOFRIO,VIF,Juzgado_Penal_Municipal_1,2023,0.175,1.25,4,0,109,0
EXP-08476,SIN_DATO,ALIMENTOS,Juzgado_1_Familia,2023,2.2,1.35,4,1,534,1
EXP-08477,VIJES,VIF,Juzgado_Penal_Municipal_2,2022,0.175,1.05,2,0,123,0
EXP-08478,CANDELARIA,VIF,Juzgado_Penal_Municipal_1,2024,3.08,1.25,1,0,114,0
EXP-08479,CALI,HURTO_PATRIMONIAL,Juzgado_Penal_Municipal_2,2024,70.34,1.05,5,1,670,1
EXP-08480,CARTAGO,ALIMENTOS,Comisaria_1_Familia,2020,5.56,1.1,6,0,306,1
EXP-08481,YUMBO,VIF,Juzgado_Penal_Municipal_1,2022,3.5,1.25,11,0,331,1
EXP-08482,CARTAGO,HURTO_PATRIMONIAL,Juzgado_1_Familia,2023,5.56,1.35,3,1,507,1
EXP-08483,CALI,HURTO_PATRIMONIAL,Juzgado_Penal_Municipal_1,2024,70.34,1.25,2,0,279,0
EXP-08484,LA CUMBRE,ALIMENTOS,Juzgado_3_Familia,2022,0.24,0.95,6,0,280,1
EXP-08485,PRADERA,ALIMENTOS,Comisaria_2_Familia,2023,0.72,0.9,1,0,131,0
EXP-08486,CALI,VIF,Juzgado_1_Familia,2023,70.34,1.35,17,0,613,1
EXP-08487,RIOFRIO,VIF,Juzgado_Penal_Municipal_1,2021,0.175,1.25,2,0,120,0
EXP-08488,TULUA,VIF,Comisaria_1_Familia,2022,3.34,1.1,3,0,204,0
EXP-08489,CANDELARIA,ALIMENTOS,Comisaria_1_Familia,2022,3.08,1.1,11,0,333,1
EXP-08490,CALI,SUSTANCIAS,Comisaria_1_Familia,2022,70.34,1.1,8,0,514,1
EXP-08491,GUACARI,ALIMENTOS,Juzgado_1_Familia,2024,1.48,1.35,1,1,237,0
EXP-08492,BUENAVENTURA,HURTO_PATRIMONIAL,Juzgado_Penal_Municipal_2,2024,3.34,1.05,2,1,385,0
EXP-08493,CAICEDONIA,ALIMENTOS,Juzgado_2_Familia,2024,1.28,1.2,7,0,347,1
EXP-08494,ROLDANILLO,VIF,Juzgado_2_Familia,2023,1.26,1.2,4,0,249,1
EXP-08495,PALMIRA,ALIMENTOS,Juzgado_Penal_Municipal_2,2022,11.54,1.05,9,1,445,1
EXP-08496,PALMIRA,VIF,Juzgado_2_Familia,2023,11.54,1.2,3,0,251,1
EXP-08497,CARTAGO,ALIMENTOS,Juzgado_3_Familia,2023,5.56,0.95,4,0,281,1
EXP-08498,RESTREPO,SUSTANCIAS,Juzgado_2_Familia,2020,0.24,1.2,2,0,229,1
EXP-08499,TULUA,VIF,Juzgado_3_Familia,2023,3.34,0.95,3,0,189,1
EXP-08500,CALI,HURTO_PATRIMONIAL,Juzgado_Penal_Municipal_1,2022,70.34,1.25,1,0,536,1
EXP-08501,ANSERMANUEVO,VIF,Comisaria_1_Familia,2022,0.2,1.1,7,0,261,1
EXP-08502,EL CERRITO,ALIMENTOS,Juzgado_3_Familia,2020,1.1,0.95,3,1,351,1
EXP-08503,SEVILLA,HURTO_PATRIMONIAL,Comisaria_2_Familia,2024,1.62,0.9,2,0,307,1
EXP-08504,CALI,ALIMENTOS,Comisaria_1_Familia,2024,70.34,1.1,6,0,543,1
EXP-08505,YUMBO,VIF,Juzgado_Penal_Municipal_2,2024,3.5,1.05,2,0,250,1
EXP-08506,CARTAGO,VIF,Comisaria_1_Familia,2021,5.56,1.1,2,0,222,1
EXP-08507,CALI,HURTO_PATRIMONIAL,Comisaria_1_Familia,2022,70.34,1.1,1,1,670,1
EXP-08508,YUMBO,VIF,Comisaria_2_Familia,2021,3.5,0.9,7,0,218,1
EXP-08509,CALIMA,VIF,Comisaria_2_Familia,2020,0.3199999999999999,0.9,8,0,209,1
EXP-08510,TULUA,ALIMENTOS,Comisaria_1_Familia,2022,3.34,1.1,3,1,438,1
EXP-08511,BUENAVENTURA,ALIMENTOS,Juzgado_3_Familia,2024,3.34,0.95,1,1,341,1
EXP-08512,CARTAGO,VIF,Juzgado_3_Familia,2024,5.56,0.95,2,0,239,1
EXP-08513,EL CERRITO,HURTO_PATRIMONIAL,Juzgado_2_Familia,2023,1.1,1.2,6,0,399,1
EXP-08514,CALI,VIF,Comisaria_1_Familia,2021,70.34,1.1,1,0,411,1
EXP-08515,TULUA,ALIMENTOS,Juzgado_2_Familia,2020,3.34,1.2,6,0,335,1
EXP-08516,CALI,HURTO_PATRIMONIAL,Juzgado_Penal_Municipal_1,2020,70.34,1.25,10,0,611,1
EXP-08517,GINEBRA,VIF,Juzgado_3_Familia,2022,0.6,0.95,3,0,155,0
EXP-08518,CANDELARIA,ALIMENTOS,Comisaria_1_Familia,2022,3.08,1.1,2,1,415,1
EXP-08519,YUMBO,HURTO_PATRIMONIAL,Juzgado_2_Familia,2023,3.5,1.2,2,0,339,1
EXP-08520,CARTAGO,ALIMENTOS,Comisaria_2_Familia,2024,5.56,0.9,2,1,238,0
EXP-08521,CALI,ALIMENTOS,Comisaria_1_Familia,2022,70.34,1.1,1,1,565,1
EXP-08522,SIN_DATO,VIF,Comisaria_2_Familia,2023,2.2,0.9,7,0,208,1
EXP-08523,ROLDANILLO,HURTO_PATRIMONIAL,Comisaria_2_Familia,2021,1.26,0.9,11,0,178,0
EXP-08524,ANDALUCIA,VIF,Comisaria_2_Familia,2024,0.38,0.9,9,0,249,1
EXP-08525,SEVILLA,SUSTANCIAS,Comisaria_2_Familia,2023,1.62,0.9,2,0,194,1
EXP-08526,CAICEDONIA,VIF,Comisaria_2_Familia,2022,1.28,0.9,2,0,177,1
EXP-08527,YUMBO,ALIMENTOS,Comisaria_2_Familia,2024,3.5,0.9,5,0,271,1
EXP-08528,DAGUA,ALIMENTOS,Juzgado_3_Familia,2023,1.3666666666666665,0.95,2,0,254,1
EXP-08529,CALI,SUSTANCIAS,Juzgado_3_Familia,2024,70.34,0.95,5,0,466,1
EXP-08530,CARTAGO,ALIMENTOS,Comisaria_1_Familia,2024,5.56,1.1,18,0,429,1
EXP-08531,CALI,VIF,Comisaria_1_Familia,2022,70.34,1.1,1,0,394,1
EXP-08532,SIN_DATO,VIF,Comisaria_2_Familia,2023,2.2,0.9,2,0,178,1
EXP-08533,ROLDANILLO,HURTO_PATRIMONIAL,Juzgado_1_Familia,2024,1.26,1.35,3,0,377,1
EXP-08534,ROLDANILLO,ALIMENTOS,Comisaria_2_Familia,2022,1.26,0.9,2,1,399,1
EXP-08535,YUMBO,HURTO_PATRIMONIAL,Juzgado_Penal_Municipal_2,2023,3.5,1.05,6,1,512,1
EXP-08536,ALCALA,HURTO_PATRIMONIAL,Comisaria_2_Familia,2021,0.22,0.9,11,0,381,1
EXP-08537,CALI,VIF,Juzgado_3_Familia,2022,70.34,0.95,1,0,395,1
EXP-08538,TRUJILLO,VIF,Juzgado_3_Familia,2022,0.225,0.95,6,0,100,0
EXP-08539,CALI,SUSTANCIAS,Juzgado_2_Familia,2022,70.34,1.2,1,0,453,1
EXP-08540,CALI,SUSTANCIAS,Juzgado_Penal_Municipal_2,2024,70.34,1.05,1,0,433,1
EXP-08541,PALMIRA,VIF,Juzgado_3_Familia,2023,11.54,0.95,1,0,157,0
EXP-08542,GUACARI,ALIMENTOS,Comisaria_1_Familia,2023,1.48,1.1,5,0,271,1
EXP-08543,LA VICTORIA,VIF,Juzgado_2_Familia,2022,0.1666666666666666,1.2,2,0,191,0
EXP-08544,ANDALUCIA,HURTO_PATRIMONIAL,Comisaria_2_Familia,2022,0.38,0.9,2,1,373,1
EXP-08545,CALI,ALIMENTOS,Juzgado_1_Familia,2024,70.34,1.35,5,1,725,1
EXP-08546,ZARZAL,VIF,Comisaria_1_Familia,2024,1.12,1.1,5,0,261,1
EXP-08547,CALIMA,ALIMENTOS,Juzgado_2_Familia,2024,0.3199999999999999,1.2,4,1,478,1
EXP-08548,CANDELARIA,SUSTANCIAS,Juzgado_1_Familia,2024,3.08,1.35,1,0,308,1
EXP-08549,PRADERA,VIF,Juzgado_1_Familia,2024,0.72,1.35,6,0,308,1
EXP-08550,CALI,VIF,Juzgado_Penal_Municipal_2,2024,70.34,1.05,2,0,429,1
EXP-08551,SIN_DATO,SUSTANCIAS,Juzgado_Penal_Municipal_2,2024,2.2,1.05,6,0,290,1
EXP-08552,CARTAGO,HURTO_PATRIMONIAL,Juzgado_Penal_Municipal_2,2021,5.56,1.05,6,0,317,1
EXP-08553,PALMIRA,VIF,Juzgado_1_Familia,2022,11.54,1.35,2,0,234,0
EXP-08554,EL CERRITO,VIF,Comisaria_2_Familia,2024,1.1,0.9,3,0,173,1
EXP-08555,PALMIRA,ALIMENTOS,Comisaria_1_Familia,2024,11.54,1.1,4,1,456,1
EXP-08556,RESTREPO,HURTO_PATRIMONIAL,Comisaria_1_Familia,2021,0.24,1.1,8,0,359,1
EXP-08557,PRADERA,VIF,Juzgado_3_Familia,2023,0.72,0.95,6,0,200,1
EXP-08558,CALI,HURTO_PATRIMONIAL,Juzgado_1_Familia,2021,70.34,1.35,1,0,610,1
EXP-08559,BUENAVENTURA,HURTO_PATRIMONIAL,Juzgado_2_Familia,2024,3.34,1.2,5,1,488,1
EXP-08560,CARTAGO,HURTO_PATRIMONIAL,Juzgado_Penal_Municipal_1,2020,5.56,1.25,2,0,364,1
EXP-08561,PALMIRA,HURTO_PATRIMONIAL,Comisaria_1_Familia,2022,11.54,1.1,4,0,329,1
EXP-08562,BUENAVENTURA,HURTO_PATRIMONIAL,Juzgado_2_Familia,2023,3.34,1.2,4,0,375,1
EXP-08563,PALMIRA,ALIMENTOS,Comisaria_1_Familia,2023,11.54,1.1,2,0,282,1
EXP-08564,GUACARI,VIF,Comisaria_2_Familia,2022,1.48,0.9,6,0,245,1
EXP-08565,BUGALAGRANDE,SUSTANCIAS,Comisaria_1_Familia,2021,0.2799999999999999,1.1,1,0,229,1
EXP-08566,CALI,ALIMENTOS,Juzgado_Penal_Municipal_2,2023,70.34,1.05,8,0,528,1
EXP-08567,JAMUNDI,SUSTANCIAS,Juzgado_1_Familia,2024,2.64,1.35,4,0,311,1
EXP-08568,GUADALAJARA DE BUGA,VIF,Comisaria_2_Familia,2021,6.6,0.9,3,0,186,1
EXP-08569,CAICEDONIA,SUSTANCIAS,Comisaria_2_Familia,2022,1.28,0.9,7,0,258,1
EXP-08570,PALMIRA,HURTO_PATRIMONIAL,Juzgado_3_Familia,2022,11.54,0.95,4,0,342,1
EXP-08571,GINEBRA,VIF,Juzgado_3_Familia,2023,0.6,0.95,1,0,179,1
EXP-08572,BOLIVAR,HURTO_PATRIMONIAL,Juzgado_Penal_Municipal_1,2023,0.2333333333333333,1.25,6,1,366,0
EXP-08573,SAN PEDRO,VIF,Comisaria_2_Familia,2021,0.3,0.9,11,0,240,1
EXP-08574,GINEBRA,VIF,Comisaria_2_Familia,2022,0.6,0.9,1,0,161,1
EXP-08575,CARTAGO,VIF,Juzgado_3_Familia,2022,5.56,0.95,4,0,212,1
EXP-08576,CALI,VIF,Juzgado_1_Familia,2024,70.34,1.35,5,0,445,0
EXP-08577,GUADALAJARA DE BUGA,ALIMENTOS,Juzgado_1_Familia,2021,6.6,1.35,8,0,387,1
EXP-08578,GUADALAJARA DE BUGA,ALIMENTOS,Juzgado_Penal_Municipal_1,2023,6.6,1.25,5,0,366,1
EXP-08579,CALI,VIF,Juzgado_3_Familia,2023,70.34,0.95,3,0,413,1
EXP-08580,LA CUMBRE,ALIMENTOS,Juzgado_2_Familia,2021,0.24,1.2,8,0,361,1
EXP-08581,SAN PEDRO,HURTO_PATRIMONIAL,Comisaria_2_Familia,2024,0.3,0.9,4,1,462,1
EXP-08582,LA UNION,SUSTANCIAS,Juzgado_Penal_Municipal_2,2024,0.575,1.05,8,0,271,1
EXP-08583,VIJES,ALIMENTOS,Comisaria_2_Familia,2023,0.175,0.9,3,1,399,1
EXP-08584,CALI,ALIMENTOS,Juzgado_Penal_Municipal_1,2020,70.34,1.25,7,0,573,1
EXP-08585,CARTAGO,VIF,Comisaria_1_Familia,2024,5.56,1.1,4,0,228,1
EXP-08586,ANSERMANUEVO,SUSTANCIAS,Juzgado_2_Familia,2024,0.2,1.2,2,0,245,1
EXP-08587,GUACARI,SUSTANCIAS,Comisaria_1_Familia,2021,1.48,1.1,3,0,218,1
EXP-08588,CANDELARIA,HURTO_PATRIMONIAL,Juzgado_Penal_Municipal_2,2023,3.08,1.05,5,1,506,1
EXP-08589,ROLDANILLO,ALIMENTOS,Comisaria_2_Familia,2023,1.26,0.9,5,0,288,1
EXP-08590,BUENAVENTURA,ALIMENTOS,Juzgado_3_Familia,2023,3.34,0.95,3,0,279,1
EXP-08591,CALI,ALIMENTOS,Comisaria_2_Familia,2020,70.34,0.9,1,0,439,1
EXP-08592,GINEBRA,SUSTANCIAS,Juzgado_Penal_Municipal_1,2024,0.6,1.25,7,0,297,1
EXP-08593,ROLDANILLO,ALIMENTOS,Juzgado_2_Familia,2023,1.26,1.2,2,0,288,1
EXP-08594,PALMIRA,VIF,Juzgado_1_Familia,2024,11.54,1.35,5,0,357,1
EXP-08595,SAN PEDRO,ALIMENTOS,Comisaria_1_Familia,2021,0.3,1.1,5,0,302,1
EXP-08596,PALMIRA,SUSTANCIAS,Comisaria_1_Familia,2023,11.54,1.1,6,0,162,0
EXP-08597,EL CERRITO,HURTO_PATRIMONIAL,Juzgado_3_Familia,2024,1.1,0.95,7,0,324,1
EXP-08598,GUADALAJARA DE BUGA,HURTO_PATRIMONIAL,Juzgado_2_Familia,2023,6.6,1.2,1,1,486,1
EXP-08599,OBANDO,HURTO_PATRIMONIAL,Juzgado_Penal_Municipal_1,2022,0.38,1.25,9,1,524,1
EXP-08600,SEVILLA,ALIMENTOS,Juzgado_2_Familia,2020,1.62,1.2,6,0,340,1
EXP-08601,ZARZAL,VIF,Comisaria_1_Familia,2023,1.12,1.1,4,0,233,1
EXP-08602,EL AGUILA,ALIMENTOS,Juzgado_2_Familia,2024,0.1666666666666666,1.2,11,0,382,1
EXP-08603,GUADALAJARA DE BUGA,VIF,Juzgado_Penal_Municipal_1,2024,6.6,1.25,1,0,144,0
EXP-08604,BUENAVENTURA,ALIMENTOS,Juzgado_2_Familia,2024,3.34,1.2,3,0,242,0
EXP-08605,YUMBO,HURTO_PATRIMONIAL,Comisaria_1_Familia,2020,3.5,1.1,4,0,300,1
EXP-08606,CALI,ALIMENTOS,Juzgado_1_Familia,2024,70.34,1.35,3,1,397,0
EXP-08607,FLORIDA,ALIMENTOS,Juzgado_2_Familia,2022,0.8,1.2,2,0,279,1
EXP-08608,BUENAVENTURA,SUSTANCIAS,Juzgado_3_Familia,2022,3.34,0.95,4,0,239,1
EXP-08609,CALI,HURTO_PATRIMONIAL,Juzgado_1_Familia,2021,70.34,1.35,1,0,627,1
EXP-08610,PALMIRA,HURTO_PATRIMONIAL,Juzgado_Penal_Municipal_2,2021,11.54,1.05,4,1,467,1
EXP-08611,RESTREPO,HURTO_PATRIMONIAL,Juzgado_3_Familia,2024,0.24,0.95,5,0,326,1
EXP-08612,GUADALAJARA DE BUGA,VIF,Comisaria_2_Familia,2020,6.6,0.9,1,0,197,1
EXP-08613,CANDELARIA,ALIMENTOS,Juzgado_Penal_Municipal_1,2021,3.08,1.25,4,0,353,1
EXP-08614,BUGALAGRANDE,VIF,Juzgado_3_Familia,2022,0.2799999999999999,0.95,9,0,243,1
EXP-08615,JAMUNDI,ALIMENTOS,Juzgado_2_Familia,2024,2.64,1.2,2,0,287,1
EXP-08616,CALIMA,VIF,Comisaria_2_Familia,2023,0.3199999999999999,0.9,8,0,204,1
EXP-08617,SIN_DATO,VIF,Juzgado_3_Familia,2023,2.2,0.95,1,0,233,1
EXP-08618,FLORIDA,ALIMENTOS,Juzgado_2_Familia,2024,0.8,1.2,14,1,519,1
EXP-08619,CANDELARIA,VIF,Juzgado_2_Familia,2024,3.08,1.2,2,0,244,1
EXP-08620,YUMBO,ALIMENTOS,Comisaria_2_Familia,2024,3.5,0.9,3,0,244,1
EXP-08621,CAICEDONIA,HURTO_PATRIMONIAL,Juzgado_Penal_Municipal_2,2024,1.28,1.05,9,0,198,0
EXP-08622,CANDELARIA,ALIMENTOS,Juzgado_Penal_Municipal_1,2021,3.08,1.25,1,1,457,1
EXP-08623,CALI,HURTO_PATRIMONIAL,Juzgado_3_Familia,2024,70.34,0.95,1,0,451,1
EXP-08624,CALI,ALIMENTOS,Juzgado_2_Familia,2021,70.34,1.2,3,1,646,1
EXP-08625,SIN_DATO,VIF,Juzgado_2_Familia,2024,2.2,1.2,4,0,252,1
EXP-08626,JAMUNDI,VIF,Juzgado_2_Familia,2022,2.64,1.2,4,0,241,1
EXP-08627,PALMIRA,VIF,Juzgado_Penal_Municipal_1,2021,11.54,1.25,5,0,285,1
EXP-08628,YUMBO,VIF,Juzgado_3_Familia,2024,3.5,0.95,4,0,130,0
EXP-08629,GUADALAJARA DE BUGA,ALIMENTOS,Juzgado_3_Familia,2021,6.6,0.95,1,0,237,1
EXP-08630,SIN_DATO,VIF,Juzgado_2_Familia,2024,2.2,1.2,4,0,252,1
EXP-08631,GUADALAJARA DE BUGA,HURTO_PATRIMONIAL,Juzgado_Penal_Municipal_1,2022,6.6,1.25,4,1,534,1
EXP-08632,DAGUA,ALIMENTOS,Juzgado_Penal_Municipal_1,2024,1.3666666666666665,1.25,7,0,374,1
EXP-08633,CALI,VIF,Comisaria_2_Familia,2022,70.34,0.9,7,0,418,1
EXP-08634,CALI,VIF,Juzgado_2_Familia,2023,70.34,1.2,4,0,446,1
EXP-08635,EL CERRITO,VIF,Juzgado_Penal_Municipal_2,2023,1.1,1.05,5,0,107,0
EXP-08636,SEVILLA,ALIMENTOS,Juzgado_3_Familia,2024,1.62,0.95,9,1,314,0
EXP-08637,CARTAGO,SUSTANCIAS,Juzgado_Penal_Municipal_1,2021,5.56,1.25,1,0,106,0
EXP-08638,PALMIRA,VIF,Juzgado_Penal_Municipal_1,2023,11.54,1.25,8,0,345,1
EXP-08639,SEVILLA,VIF,Juzgado_2_Familia,2022,1.62,1.2,7,0,256,1
EXP-08640,PALMIRA,VIF,Juzgado_Penal_Municipal_2,2024,11.54,1.05,7,0,268,1
EXP-08641,CARTAGO,HURTO_PATRIMONIAL,Juzgado_Penal_Municipal_1,2021,5.56,1.25,2,1,516,1
EXP-08642,ZARZAL,VIF,Comisaria_2_Familia,2023,1.12,0.9,1,0,160,1
EXP-08643,PALMIRA,VIF,Juzgado_3_Familia,2023,11.54,0.95,9,0,241,1
EXP-08644,CALI,VIF,Comisaria_2_Familia,2020,70.34,0.9,3,0,387,1
EXP-08645,BOLIVAR,VIF,Comisaria_2_Familia,2022,0.2333333333333333,0.9,2,0,188,1
EXP-08646,YOTOCO,VIF,Comisaria_2_Familia,2023,0.58,0.9,5,0,225,1
EXP-08647,BUGALAGRANDE,SUSTANCIAS,Juzgado_1_Familia,2022,0.2799999999999999,1.35,4,0,325,1
EXP-08648,GUADALAJARA DE BUGA,VIF,Juzgado_2_Familia,2022,6.6,1.2,1,0,264,1
EXP-08649,CANDELARIA,VIF,Juzgado_Penal_Municipal_2,2020,3.08,1.05,2,0,122,0
EXP-08650,VIJES,VIF,Juzgado_3_Familia,2020,0.175,0.95,3,0,145,0
EXP-08651,YUMBO,VIF,Comisaria_1_Familia,2022,3.5,1.1,16,0,335,1
EXP-08652,CANDELARIA,VIF,Juzgado_2_Familia,2024,3.08,1.2,3,0,247,1
EXP-08653,GUADALAJARA DE BUGA,ALIMENTOS,Juzgado_Penal_Municipal_2,2022,6.6,1.05,2,0,255,1
EXP-08654,YUMBO,ALIMENTOS,Juzgado_Penal_Municipal_1,2024,3.5,1.25,4,0,322,1
EXP-08655,ROLDANILLO,HURTO_PATRIMONIAL,Juzgado_1_Familia,2023,1.26,1.35,1,1,454,1
EXP-08656,JAMUNDI,HURTO_PATRIMONIAL,Juzgado_3_Familia,2020,2.64,0.95,3,1,230,0
EXP-08657,BUENAVENTURA,VIF,Juzgado_2_Familia,2022,3.34,1.2,1,0,247,1
EXP-08658,ZARZAL,VIF,Juzgado_2_Familia,2024,1.12,1.2,2,0,226,1
EXP-08659,TORO,ALIMENTOS,Juzgado_Penal_Municipal_1,2021,0.1333333333333333,1.25,4,1,489,1
EXP-08660,GUADALAJARA DE BUGA,VIF,Juzgado_Penal_Municipal_2,2023,6.6,1.05,3,0,220,1
EXP-08661,SEVILLA,ALIMENTOS,Juzgado_Penal_Municipal_2,2024,1.62,1.05,3,0,281,1
EXP-08662,YOTOCO,ALIMENTOS,Juzgado_2_Familia,2022,0.58,1.2,2,0,323,1
EXP-08663,CARTAGO,VIF,Juzgado_Penal_Municipal_2,2021,5.56,1.05,3,0,190,1
EXP-08664,GUADALAJARA DE BUGA,HURTO_PATRIMONIAL,Comisaria_2_Familia,2022,6.6,0.9,5,0,272,1
EXP-08665,GUADALAJARA DE BUGA,ALIMENTOS,Juzgado_3_Familia,2024,6.6,0.95,7,0,287,1
EXP-08666,GUADALAJARA DE BUGA,ALIMENTOS,Juzgado_3_Familia,2021,6.6,0.95,4,1,362,1
EXP-08667,SEVILLA,VIF,Juzgado_Penal_Municipal_1,2021,1.62,1.25,6,0,254,1
EXP-08668,CALI,VIF,Juzgado_Penal_Municipal_2,2024,70.34,1.05,5,0,273,0
EXP-08669,JAMUNDI,VIF,Juzgado_Penal_Municipal_1,2023,2.64,1.25,3,0,201,1
EXP-08670,SAN PEDRO,ALIMENTOS,Juzgado_2_Familia,2024,0.3,1.2,2,1,467,1
EXP-08671,CALI,HURTO_PATRIMONIAL,Comisaria_1_Familia,2022,70.34,1.1,1,0,567,1
EXP-08672,SEVILLA,ALIMENTOS,Comisaria_1_Familia,2020,1.62,1.1,5,0,303,1
EXP-08673,YOTOCO,ALIMENTOS,Comisaria_1_Familia,2022,0.58,1.1,15,0,389,1
EXP-08674,DAGUA,ALIMENTOS,Juzgado_1_Familia,2024,1.3666666666666665,1.35,6,1,510,1
EXP-08675,YOTOCO,ALIMENTOS,Juzgado_2_Familia,2022,0.58,1.2,9,0,231,0
EXP-08676,EL CERRITO,ALIMENTOS,Comisaria_1_Familia,2021,1.1,1.1,7,0,322,1
EXP-08677,CALI,HURTO_PATRIMONIAL,Juzgado_2_Familia,2020,70.34,1.2,4,0,587,1
EXP-08678,TULUA,VIF,Comisaria_2_Familia,2024,3.34,0.9,5,0,212,1
EXP-08679,BOLIVAR,SUSTANCIAS,Comisaria_1_Familia,2023,0.2333333333333333,1.1,4,0,248,1
EXP-08680,YOTOCO,SUSTANCIAS,Juzgado_Penal_Municipal_2,2023,0.58,1.05,3,0,213,1
EXP-08681,GINEBRA,HURTO_PATRIMONIAL,Comisaria_1_Familia,2022,0.6,1.1,2,0,318,1
EXP-08682,LA VICTORIA,ALIMENTOS,Juzgado_2_Familia,2021,0.1666666666666666,1.2,4,1,457,1
EXP-08683,FLORIDA,VIF,Comisaria_1_Familia,2023,0.8,1.1,3,0,219,1
EXP-08684,PALMIRA,HURTO_PATRIMONIAL,Juzgado_Penal_Municipal_2,2023,11.54,1.05,8,1,479,0
EXP-08685,CALI,VIF,Juzgado_Penal_Municipal_1,2024,70.34,1.25,5,0,481,1
EXP-08686,GUADALAJARA DE BUGA,VIF,Juzgado_1_Familia,2021,6.6,1.35,1,0,110,0
EXP-08687,ANSERMANUEVO,VIF,Juzgado_Penal_Municipal_2,2022,0.2,1.05,3,0,216,1
EXP-08688,ZARZAL,VIF,Juzgado_3_Familia,2022,1.12,0.95,6,0,231,1
EXP-08689,GINEBRA,VIF,Juzgado_2_Familia,2021,0.6,1.2,6,0,222,1
EXP-08690,TULUA,VIF,Juzgado_2_Familia,2024,3.34,1.2,4,0,290,1
EXP-08691,PALMIRA,ALIMENTOS,Juzgado_Penal_Municipal_1,2024,11.54,1.25,3,1,369,0
EXP-08692,CALI,SUSTANCIAS,Comisaria_2_Familia,2021,70.34,0.9,1,0,381,1
EXP-08693,TULUA,VIF,Juzgado_Penal_Municipal_1,2020,3.34,1.25,1,0,231,1
EXP-08694,CARTAGO,ALIMENTOS,Juzgado_1_Familia,2022,5.56,1.35,4,0,340,1
EXP-08695,CALIMA,SUSTANCIAS,Juzgado_1_Familia,2020,0.3199999999999999,1.35,3,0,168,0
EXP-08696,BUENAVENTURA,VIF,Juzgado_3_Familia,2024,3.34,0.95,9,0,277,1
EXP-08697,CALI,HURTO_PATRIMONIAL,Juzgado_1_Familia,2023,70.34,1.35,1,1,730,1
EXP-08698,JAMUNDI,ALIMENTOS,Juzgado_Penal_Municipal_1,2023,2.64,1.25,7,0,314,1
EXP-08699,YUMBO,HURTO_PATRIMONIAL,Juzgado_3_Familia,2023,3.5,0.95,4,1,446,1
EXP-08700,CALI,VIF,Comisaria_1_Familia,2023,70.34,1.1,1,0,412,1
EXP-08701,PALMIRA,SUSTANCIAS,Juzgado_1_Familia,2024,11.54,1.35,5,0,189,0
EXP-08702,EL CERRITO,VIF,Juzgado_2_Familia,2024,1.1,1.2,5,0,136,0
EXP-08703,BUENAVENTURA,ALIMENTOS,Juzgado_Penal_Municipal_2,2023,3.34,1.05,5,1,423,1
EXP-08704,SEVILLA,VIF,Juzgado_Penal_Municipal_2,2023,1.62,1.05,1,0,194,1
EXP-08705,CALI,HURTO_PATRIMONIAL,Comisaria_1_Familia,2021,70.34,1.1,7,0,549,1
EXP-08706,OBANDO,VIF,Juzgado_1_Familia,2023,0.38,1.35,5,0,291,1
EXP-08707,CALI,ALIMENTOS,Juzgado_3_Familia,2024,70.34,0.95,6,1,621,1
EXP-08708,CALI,HURTO_PATRIMONIAL,Juzgado_3_Familia,2024,70.34,0.95,6,0,541,1
EXP-08709,GINEBRA,HURTO_PATRIMONIAL,Juzgado_3_Familia,2022,0.6,0.95,1,0,251,1
EXP-08710,YUMBO,ALIMENTOS,Comisaria_1_Familia,2023,3.5,1.1,1,0,259,1
EXP-08711,LA UNION,VIF,Juzgado_2_Familia,2021,0.575,1.2,12,0,304,1
EXP-08712,ANSERMANUEVO,VIF,Juzgado_Penal_Municipal_1,2021,0.2,1.25,7,0,244,1
EXP-08713,CALI,HURTO_PATRIMONIAL,Juzgado_1_Familia,2022,70.34,1.35,12,0,279,0
EXP-08714,PRADERA,HURTO_PATRIMONIAL,Comisaria_1_Familia,2023,0.72,1.1,8,0,345,1
EXP-08715,DAGUA,ALIMENTOS,Juzgado_2_Familia,2021,1.3666666666666665,1.2,10,1,479,1
EXP-08716,GUADALAJARA DE BUGA,ALIMENTOS,Juzgado_3_Familia,2021,6.6,0.95,11,0,328,1
EXP-08717,CANDELARIA,VIF,Juzgado_3_Familia,2022,3.08,0.95,4,0,85,0
EXP-08718,VERSALLES,VIF,Comisaria_2_Familia,2020,0.1333333333333333,0.9,7,0,211,1
EXP-08719,GUADALAJARA DE BUGA,VIF,Juzgado_Penal_Municipal_1,2023,6.6,1.25,7,0,287,1
EXP-08720,GUACARI,ALIMENTOS,Comisaria_1_Familia,2020,1.48,1.1,5,1,435,1
EXP-08721,EL CERRITO,VIF,Juzgado_3_Familia,2022,1.1,0.95,2,0,171,1
EXP-08722,GUACARI,HURTO_PATRIMONIAL,Juzgado_Penal_Municipal_2,2024,1.48,1.05,1,0,307,1
EXP-08723,CALI,HURTO_PATRIMONIAL,Juzgado_3_Familia,2023,70.34,0.95,5,0,399,0
EXP-08724,CALI,VIF,Juzgado_2_Familia,2024,70.34,1.2,4,0,460,1
EXP-08725,JAMUNDI,ALIMENTOS,Comisaria_2_Familia,2024,2.64,0.9,3,1,388,1
EXP-08726,EL CERRITO,ALIMENTOS,Juzgado_3_Familia,2024,1.1,0.95,7,0,263,1
EXP-08727,ANSERMANUEVO,ALIMENTOS,Juzgado_3_Familia,2023,0.2,0.95,1,1,240,0
EXP-08728,CALI,VIF,Juzgado_3_Familia,2024,70.34,0.95,15,0,474,1
EXP-08729,CALI,ALIMENTOS,Juzgado_2_Familia,2022,70.34,1.2,4,1,667,1
EXP-08730,SAN PEDRO,HURTO_PATRIMONIAL,Comisaria_2_Familia,2020,0.3,0.9,3,1,407,1
EXP-08731,CANDELARIA,VIF,Juzgado_1_Familia,2021,3.08,1.35,6,0,287,1
EXP-08732,JAMUNDI,HURTO_PATRIMONIAL,Comisaria_1_Familia,2022,2.64,1.1,4,1,523,1
EXP-08733,TRUJILLO,VIF,Juzgado_2_Familia,2023,0.225,1.2,7,0,255,1
EXP-08734,GUACARI,ALIMENTOS,Juzgado_3_Familia,2022,1.48,0.95,5,0,281,1
EXP-08735,ROLDANILLO,SUSTANCIAS,Juzgado_Penal_Municipal_2,2022,1.26,1.05,3,0,253,1
EXP-08736,ANSERMANUEVO,ALIMENTOS,Juzgado_Penal_Municipal_2,2020,0.2,1.05,14,0,352,1
EXP-08737,PALMIRA,ALIMENTOS,Juzgado_3_Familia,2022,11.54,0.95,4,1,169,0
EXP-08738,ANDALUCIA,SUSTANCIAS,Comisaria_1_Familia,2021,0.38,1.1,2,0,255,1
EXP-08739,FLORIDA,ALIMENTOS,Juzgado_Penal_Municipal_2,2023,0.8,1.05,9,1,450,1
EXP-08740,GINEBRA,HURTO_PATRIMONIAL,Juzgado_1_Familia,2024,0.6,1.35,4,1,576,1
EXP-08741,FLORIDA,ALIMENTOS,Juzgado_1_Familia,2024,0.8,1.35,8,0,411,1
EXP-08742,SAN PEDRO,ALIMENTOS,Juzgado_2_Familia,2021,0.3,1.2,1,0,310,1
EXP-08743,PALMIRA,ALIMENTOS,Juzgado_1_Familia,2023,11.54,1.35,1,0,346,1
EXP-08744,PALMIRA,ALIMENTOS,Juzgado_Penal_Municipal_1,2021,11.54,1.25,1,1,490,1
EXP-08745,JAMUNDI,ALIMENTOS,Juzgado_1_Familia,2024,2.64,1.35,7,0,420,1
EXP-08746,BOLIVAR,ALIMENTOS,Juzgado_Penal_Municipal_2,2024,0.2333333333333333,1.05,3,0,291,1
EXP-08747,JAMUNDI,VIF,Juzgado_Penal_Municipal_2,2024,2.64,1.05,3,0,94,0
EXP-08748,PRADERA,VIF,Juzgado_3_Familia,2024,0.72,0.95,4,0,198,1
EXP-08749,OBANDO,VIF,Juzgado_Penal_Municipal_2,2022,0.38,1.05,10,0,276,1
EXP-08750,CALI,HURTO_PATRIMONIAL,Juzgado_Penal_Municipal_2,2022,70.34,1.05,1,0,525,1
EXP-08751,GUADALAJARA DE BUGA,ALIMENTOS,Comisaria_1_Familia,2020,6.6,1.1,5,0,300,1
EXP-08752,GUADALAJARA DE BUGA,SUSTANCIAS,Juzgado_2_Familia,2020,6.6,1.2,3,0,257,1
EXP-08753,YUMBO,HURTO_PATRIMONIAL,Comisaria_1_Familia,2023,3.5,1.1,1,1,451,1
EXP-08754,PALMIRA,VIF,Juzgado_Penal_Municipal_2,2024,11.54,1.05,1,0,248,1
EXP-08755,SIN_DATO,VIF,Juzgado_Penal_Municipal_2,2022,2.2,1.05,15,0,308,1
EXP-08756,CALI,SUSTANCIAS,Comisaria_2_Familia,2024,70.34,0.9,3,0,392,1
EXP-08757,GUADALAJARA DE BUGA,HURTO_PATRIMONIAL,Comisaria_1_Familia,2023,6.6,1.1,9,1,326,0
EXP-08758,CALI,VIF,Juzgado_2_Familia,2021,70.34,1.2,2,0,377,0
EXP-08759,CANDELARIA,VIF,Juzgado_2_Familia,2024,3.08,1.2,5,0,253,1
EXP-08760,LA UNION,SUSTANCIAS,Comisaria_2_Familia,2023,0.575,0.9,7,0,203,1
EXP-08761,FLORIDA,VIF,Juzgado_2_Familia,2022,0.8,1.2,8,0,265,1
EXP-08762,ANDALUCIA,HURTO_PATRIMONIAL,Juzgado_3_Familia,2020,0.38,0.95,4,0,283,1
EXP-08763,CANDELARIA,HURTO_PATRIMONIAL,Juzgado_1_Familia,2022,3.08,1.35,10,0,472,1
EXP-08764,VERSALLES,ALIMENTOS,Juzgado_3_Familia,2024,0.1333333333333333,0.95,6,1,410,1
EXP-08765,CANDELARIA,ALIMENTOS,Juzgado_3_Familia,2022,3.08,0.95,1,0,251,1
EXP-08766,PALMIRA,HURTO_PATRIMONIAL,Juzgado_1_Familia,2021,11.54,1.35,2,0,414,1
EXP-08767,BUENAVENTURA,VIF,Juzgado_2_Familia,2021,3.34,1.2,4,0,252,1
EXP-08768,SAN PEDRO,VIF,Comisaria_1_Familia,2023,0.3,1.1,2,0,186,1
EXP-08769,OBANDO,VIF,Comisaria_2_Familia,2024,0.38,0.9,8,0,245,1
EXP-08770,SIN_DATO,VIF,Juzgado_3_Familia,2024,2.2,0.95,4,0,165,0
EXP-08771,OBANDO,ALIMENTOS,Juzgado_3_Familia,2024,0.38,0.95,5,0,141,0
EXP-08772,BUENAVENTURA,ALIMENTOS,Comisaria_2_Familia,2020,3.34,0.9,3,0,272,1
EXP-08773,CARTAGO,VIF,Juzgado_Penal_Municipal_1,2022,5.56,1.25,2,0,216,1
EXP-08774,PALMIRA,VIF,Juzgado_Penal_Municipal_1,2023,11.54,1.25,1,0,271,1
EXP-08775,PALMIRA,VIF,Juzgado_1_Familia,2020,11.54,1.35,1,0,281,1
EXP-08776,PRADERA,SUSTANCIAS,Comisaria_2_Familia,2024,0.72,0.9,1,0,182,1
EXP-08777,CALI,ALIMENTOS,Juzgado_3_Familia,2024,70.34,0.95,3,0,446,1
EXP-08778,DAGUA,HURTO_PATRIMONIAL,Comisaria_2_Familia,2021,1.3666666666666665,0.9,12,1,480,1
EXP-08779,BUGALAGRANDE,ALIMENTOS,Juzgado_Penal_Municipal_2,2024,0.2799999999999999,1.05,6,1,453,1
EXP-08780,SIN_DATO,ALIMENTOS,Juzgado_3_Familia,2024,2.2,0.95,1,1,384,1
EXP-08781,GUADALAJARA DE BUGA,ALIMENTOS,Juzgado_Penal_Municipal_2,2024,6.6,1.05,6,0,275,1
EXP-08782,PALMIRA,SUSTANCIAS,Juzgado_1_Familia,2021,11.54,1.35,2,0,223,0
EXP-08783,PALMIRA,VIF,Juzgado_1_Familia,2023,11.54,1.35,5,0,324,1
EXP-08784,ALCALA,VIF,Juzgado_3_Familia,2021,0.22,0.95,15,0,182,0
EXP-08785,CAICEDONIA,HURTO_PATRIMONIAL,Comisaria_1_Familia,2022,1.28,1.1,6,0,339,1
EXP-08786,YUMBO,ALIMENTOS,Comisaria_2_Familia,2024,3.5,0.9,3,1,379,1
EXP-08787,SIN_DATO,ALIMENTOS,Juzgado_Penal_Municipal_2,2021,2.2,1.05,4,0,290,1
EXP-08788,CARTAGO,ALIMENTOS,Juzgado_3_Familia,2023,5.56,0.95,1,1,374,1
EXP-08789,SEVILLA,VIF,Juzgado_Penal_Municipal_1,2020,1.62,1.25,1,0,227,1
EXP-08790,SEVILLA,VIF,Juzgado_Penal_Municipal_2,2023,1.62,1.05,5,0,190,0
EXP-08791,FLORIDA,ALIMENTOS,Juzgado_1_Familia,2023,0.8,1.35,2,1,468,1
EXP-08792,YUMBO,ALIMENTOS,Comisaria_2_Familia,2024,3.5,0.9,4,0,245,1
EXP-08793,CALI,VIF,Comisaria_1_Familia,2021,70.34,1.1,1,0,392,1
EXP-08794,CALI,ALIMENTOS,Juzgado_Penal_Municipal_1,2021,70.34,1.25,7,0,559,1
EXP-08795,TULUA,ALIMENTOS,Comisaria_2_Familia,2022,3.34,0.9,2,1,311,0
EXP-08796,GUADALAJARA DE BUGA,HURTO_PATRIMONIAL,Juzgado_2_Familia,2021,6.6,1.2,7,1,516,1
EXP-08797,ANSERMANUEVO,SUSTANCIAS,Juzgado_Penal_Municipal_2,2022,0.2,1.05,2,0,232,1
EXP-08798,JAMUNDI,ALIMENTOS,Comisaria_1_Familia,2022,2.64,1.1,11,1,508,1
EXP-08799,EL CERRITO,VIF,Comisaria_1_Familia,2023,1.1,1.1,7,0,246,1
EXP-08800,CALI,ALIMENTOS,Juzgado_1_Familia,2024,70.34,1.35,12,0,615,1
EXP-08801,GUACARI,HURTO_PATRIMONIAL,Juzgado_Penal_Municipal_1,2022,1.48,1.25,1,1,438,1
EXP-08802,PALMIRA,SUSTANCIAS,Juzgado_3_Familia,2022,11.54,0.95,4,0,206,0
EXP-08803,LA VICTORIA,HURTO_PATRIMONIAL,Juzgado_1_Familia,2024,0.1666666666666666,1.35,1,1,534,1
EXP-08804,TULUA,ALIMENTOS,Juzgado_1_Familia,2024,3.34,1.35,5,0,181,0
EXP-08805,ROLDANILLO,HURTO_PATRIMONIAL,Juzgado_3_Familia,2022,1.26,0.95,4,0,267,1
EXP-08806,CARTAGO,VIF,Comisaria_2_Familia,2020,5.56,0.9,5,0,185,1
EXP-08807,LA VICTORIA,VIF,Juzgado_1_Familia,2022,0.1666666666666666,1.35,7,0,263,1
EXP-08808,BUGALAGRANDE,HURTO_PATRIMONIAL,Juzgado_1_Familia,2021,0.2799999999999999,1.35,3,0,391,1
EXP-08809,TULUA,VIF,Juzgado_Penal_Municipal_1,2020,3.34,1.25,7,0,283,1
EXP-08810,PALMIRA,VIF,Juzgado_3_Familia,2022,11.54,0.95,1,0,220,1
EXP-08811,JAMUNDI,VIF,Juzgado_1_Familia,2021,2.64,1.35,8,0,281,1
EXP-08812,YOTOCO,HURTO_PATRIMONIAL,Juzgado_Penal_Municipal_1,2024,0.58,1.25,3,1,514,1
EXP-08813,TULUA,ALIMENTOS,Juzgado_2_Familia,2024,3.34,1.2,1,1,453,1
EXP-08814,YOTOCO,VIF,Juzgado_Penal_Municipal_2,2023,0.58,1.05,2,0,224,1
EXP-08815,CAICEDONIA,SUSTANCIAS,Juzgado_Penal_Municipal_1,2022,1.28,1.25,3,0,289,1
EXP-08816,GINEBRA,ALIMENTOS,Comisaria_2_Familia,2024,0.6,0.9,1,1,210,0
EXP-08817,YUMBO,VIF,Juzgado_Penal_Municipal_1,2020,3.5,1.25,1,0,242,1
EXP-08818,TULUA,ALIMENTOS,Comisaria_2_Familia,2021,3.34,0.9,6,0,271,1
EXP-08819,JAMUNDI,ALIMENTOS,Juzgado_1_Familia,2021,2.64,1.35,7,1,515,1
EXP-08820,GUADALAJARA DE BUGA,SUSTANCIAS,Juzgado_1_Familia,2024,6.6,1.35,12,0,403,1
EXP-08821,CALI,ALIMENTOS,Juzgado_2_Familia,2024,70.34,1.2,3,0,526,1
EXP-08822,LA VICTORIA,VIF,Comisaria_2_Familia,2023,0.1666666666666666,0.9,2,0,220,1
EXP-08823,PALMIRA,ALIMENTOS,Juzgado_3_Familia,2021,11.54,0.95,5,0,292,1
EXP-08824,PALMIRA,VIF,Comisaria_2_Familia,2024,11.54,0.9,9,0,243,1
EXP-08825,CALI,ALIMENTOS,Juzgado_Penal_Municipal_1,2020,70.34,1.25,2,0,467,1
EXP-08826,BUENAVENTURA,VIF,Juzgado_3_Familia,2021,3.34,0.95,4,0,203,1
EXP-08827,VERSALLES,ALIMENTOS,Juzgado_Penal_Municipal_2,2022,0.1333333333333333,1.05,1,0,157,0
EXP-08828,CALI,SUSTANCIAS,Juzgado_1_Familia,2024,70.34,1.35,1,0,462,1
EXP-08829,EL DOVIO,HURTO_PATRIMONIAL,Juzgado_3_Familia,2024,0.1,0.95,3,0,271,1
EXP-08830,LA CUMBRE,ALIMENTOS,Juzgado_Penal_Municipal_1,2022,0.24,1.25,11,0,387,1
EXP-08831,YOTOCO,VIF,Juzgado_1_Familia,2024,0.58,1.35,1,0,233,1
EXP-08832,CALI,VIF,Juzgado_Penal_Municipal_2,2023,70.34,1.05,3,0,388,1
EXP-08833,PALMIRA,VIF,Comisaria_1_Familia,2022,11.54,1.1,2,0,255,1
EXP-08834,PALMIRA,HURTO_PATRIMONIAL,Juzgado_3_Familia,2021,11.54,0.95,3,0,338,1
EXP-08835,BUGALAGRANDE,ALIMENTOS,Juzgado_Penal_Municipal_1,2023,0.2799999999999999,1.25,2,1,463,1
EXP-08836,CALI,VIF,Juzgado_3_Familia,2020,70.34,0.95,1,0,400,1
EXP-08837,SEVILLA,VIF,Juzgado_Penal_Municipal_2,2023,1.62,1.05,1,0,184,1
EXP-08838,GUADALAJARA DE BUGA,VIF,Juzgado_3_Familia,2020,6.6,0.95,5,0,210,1
EXP-08839,LA VICTORIA,ALIMENTOS,Juzgado_Penal_Municipal_1,2022,0.1666666666666666,1.25,4,0,354,1
EXP-08840,CAICEDONIA,VIF,Comisaria_2_Familia,2020,1.28,0.9,2,0,149,1
EXP-08841,YUMBO,ALIMENTOS,Juzgado_2_Familia,2024,3.5,1.2,5,1,218,0
EXP-08842,GUADALAJARA DE BUGA,VIF,Juzgado_1_Familia,2021,6.6,1.35,3,0,228,1
EXP-08843,CARTAGO,HURTO_PATRIMONIAL,Juzgado_3_Familia,2021,5.56,0.95,3,0,259,1
EXP-08844,CANDELARIA,HURTO_PATRIMONIAL,Juzgado_Penal_Municipal_2,2022,3.08,1.05,5,0,351,1
EXP-08845,CALI,ALIMENTOS,Juzgado_Penal_Municipal_2,2024,70.34,1.05,1,0,479,1
EXP-08846,CALI,VIF,Comisaria_1_Familia,2023,70.34,1.1,13,0,493,1
EXP-08847,VIJES,ALIMENTOS,Juzgado_3_Familia,2021,0.175,0.95,5,1,426,1
EXP-08848,SEVILLA,ALIMENTOS,Comisaria_1_Familia,2020,1.62,1.1,7,0,306,1
EXP-08849,ROLDANILLO,VIF,Juzgado_2_Familia,2023,1.26,1.2,4,0,132,0
EXP-08850,PRADERA,VIF,Juzgado_3_Familia,2022,0.72,0.95,8,0,211,1
EXP-08851,TULUA,HURTO_PATRIMONIAL,Juzgado_1_Familia,2022,3.34,1.35,10,1,550,1
EXP-08852,CAICEDONIA,ALIMENTOS,Juzgado_Penal_Municipal_2,2022,1.28,1.05,10,0,204,0
EXP-08853,CALI,VIF,Comisaria_1_Familia,2023,70.34,1.1,5,0,427,1
EXP-08854,CALI,VIF,Juzgado_Penal_Municipal_2,2023,70.34,1.05,1,0,378,1
EXP-08855,CALI,HURTO_PATRIMONIAL,Juzgado_1_Familia,2023,70.34,1.35,3,1,397,0
EXP-08856,BUENAVENTURA,VIF,Comisaria_1_Familia,2022,3.34,1.1,2,0,216,1
EXP-08857,SEVILLA,ALIMENTOS,Juzgado_Penal_Municipal_2,2024,1.62,1.05,2,0,271,1
EXP-08858,CALI,ALIMENTOS,Juzgado_Penal_Municipal_2,2024,70.34,1.05,1,0,445,1
EXP-08859,VERSALLES,VIF,Comisaria_1_Familia,2023,0.1333333333333333,1.1,1,0,136,0
EXP-08860,EL CERRITO,VIF,Juzgado_2_Familia,2024,1.1,1.2,11,0,321,1
EXP-08861,TULUA,ALIMENTOS,Juzgado_Penal_Municipal_1,2024,3.34,1.25,2,1,314,0
EXP-08862,ANSERMANUEVO,ALIMENTOS,Juzgado_Penal_Municipal_1,2024,0.2,1.25,1,0,329,1
EXP-08863,CALI,HURTO_PATRIMONIAL,Juzgado_Penal_Municipal_1,2022,70.34,1.25,4,1,489,0
EXP-08864,CALI,HURTO_PATRIMONIAL,Juzgado_Penal_Municipal_1,2021,70.34,1.25,2,1,728,1
EXP-08865,CALI,ALIMENTOS,Juzgado_2_Familia,2024,70.34,1.2,5,1,686,1
EXP-08866,VIJES,ALIMENTOS,Juzgado_Penal_Municipal_1,2024,0.175,1.25,4,0,312,1
EXP-08867,EL AGUILA,ALIMENTOS,Juzgado_2_Familia,2021,0.1666666666666666,1.2,4,0,310,1
EXP-08868,BUENAVENTURA,ALIMENTOS,Juzgado_Penal_Municipal_2,2020,3.34,1.05,5,1,437,1
EXP-08869,ZARZAL,VIF,Juzgado_1_Familia,2024,1.12,1.35,12,0,326,1
EXP-08870,PALMIRA,ALIMENTOS,Comisaria_1_Familia,2023,11.54,1.1,8,0,291,0
EXP-08871,LA UNION,HURTO_PATRIMONIAL,Comisaria_1_Familia,2021,0.575,1.1,5,1,503,1
EXP-08872,SEVILLA,VIF,Juzgado_Penal_Municipal_2,2022,1.62,1.05,11,0,280,1
EXP-08873,SIN_DATO,ALIMENTOS,Comisaria_1_Familia,2020,2.2,1.1,3,0,248,1
EXP-08874,TORO,HURTO_PATRIMONIAL,Juzgado_3_Familia,2021,0.1333333333333333,0.95,4,0,261,1
EXP-08875,CARTAGO,VIF,Comisaria_1_Familia,2024,5.56,1.1,14,0,341,1
EXP-08876,CALIMA,ALIMENTOS,Juzgado_3_Familia,2024,0.3199999999999999,0.95,9,1,439,1
EXP-08877,CARTAGO,ALIMENTOS,Comisaria_1_Familia,2022,5.56,1.1,2,0,173,0
EXP-08878,GUADALAJARA DE BUGA,ALIMENTOS,Juzgado_3_Familia,2024,6.6,0.95,8,1,449,1
EXP-08879,SIN_DATO,ALIMENTOS,Juzgado_3_Familia,2021,2.2,0.95,4,0,279,1
EXP-08880,PALMIRA,SUSTANCIAS,Juzgado_Penal_Municipal_2,2020,11.54,1.05,8,0,285,1
EXP-08881,JAMUNDI,ALIMENTOS,Juzgado_2_Familia,2024,2.64,1.2,1,0,288,1
EXP-08882,PRADERA,ALIMENTOS,Comisaria_2_Familia,2024,0.72,0.9,11,0,311,1
EXP-08883,CALI,ALIMENTOS,Juzgado_2_Familia,2024,70.34,1.2,6,1,637,1
EXP-08884,SEVILLA,ALIMENTOS,Juzgado_2_Familia,2023,1.62,1.2,6,1,470,1
EXP-08885,OBANDO,VIF,Comisaria_1_Familia,2023,0.38,1.1,1,0,222,1
EXP-08886,PRADERA,HURTO_PATRIMONIAL,Juzgado_Penal_Municipal_2,2024,0.72,1.05,1,0,149,0
EXP-08887,GUADALAJARA DE BUGA,ALIMENTOS,Juzgado_3_Familia,2023,6.6,0.95,10,0,236,0
EXP-08888,TULUA,ALIMENTOS,Comisaria_1_Familia,2020,3.34,1.1,8,0,344,1
EXP-08889,TULUA,HURTO_PATRIMONIAL,Juzgado_1_Familia,2024,3.34,1.35,4,0,402,1
EXP-08890,BOLIVAR,ALIMENTOS,Juzgado_2_Familia,2024,0.2333333333333333,1.2,3,0,276,1
EXP-08891,RESTREPO,ALIMENTOS,Juzgado_1_Familia,2022,0.24,1.35,1,0,294,1
EXP-08892,LA UNION,SUSTANCIAS,Juzgado_3_Familia,2023,0.575,0.95,4,0,128,0
EXP-08893,CALI,ALIMENTOS,Juzgado_2_Familia,2024,70.34,1.2,1,1,669,1
EXP-08894,PALMIRA,ALIMENTOS,Juzgado_2_Familia,2020,11.54,1.2,7,1,508,1
EXP-08895,VIJES,VIF,Comisaria_2_Familia,2024,0.175,0.9,4,0,196,1
EXP-08896,GUADALAJARA DE BUGA,VIF,Juzgado_3_Familia,2024,6.6,0.95,2,0,194,1
EXP-08897,BUENAVENTURA,VIF,Juzgado_Penal_Municipal_2,2023,3.34,1.05,5,0,109,0
EXP-08898,CALI,VIF,Comisaria_2_Familia,2024,70.34,0.9,3,0,297,0
EXP-08899,ARGELIA,VIF,Juzgado_2_Familia,2023,0.2,1.2,11,0,299,1
EXP-08900,ANSERMANUEVO,HURTO_PATRIMONIAL,Juzgado_3_Familia,2021,0.2,0.95,1,0,319,1
EXP-08901,ARGELIA,ALIMENTOS,Juzgado_3_Familia,2024,0.2,0.95,7,0,267,1
EXP-08902,SIN_DATO,ALIMENTOS,Juzgado_Penal_Municipal_1,2022,2.2,1.25,2,1,478,1
EXP-08903,CALI,HURTO_PATRIMONIAL,Juzgado_3_Familia,2024,70.34,0.95,10,1,361,0
EXP-08904,SIN_DATO,ALIMENTOS,Juzgado_2_Familia,2023,2.2,1.2,1,0,322,1
EXP-08905,ANDALUCIA,SUSTANCIAS,Juzgado_Penal_Municipal_2,2023,0.38,1.05,6,0,269,1
EXP-08906,CALI,VIF,Comisaria_2_Familia,2022,70.34,0.9,4,0,398,1
EXP-08907,SIN_DATO,ALIMENTOS,Juzgado_2_Familia,2023,2.2,1.2,1,0,342,1
EXP-08908,JAMUNDI,VIF,Juzgado_Penal_Municipal_2,2024,2.64,1.05,4,0,243,1
EXP-08909,CALI,ALIMENTOS,Juzgado_Penal_Municipal_1,2023,70.34,1.25,4,0,365,0
EXP-08910,ROLDANILLO,HURTO_PATRIMONIAL,Comisaria_1_Familia,2021,1.26,1.1,4,0,325,1
EXP-08911,FLORIDA,ALIMENTOS,Juzgado_Penal_Municipal_2,2023,0.8,1.05,10,0,210,0
EXP-08912,CALI,VIF,Juzgado_Penal_Municipal_2,2022,70.34,1.05,2,0,422,1
EXP-08913,CALI,VIF,Juzgado_Penal_Municipal_1,2023,70.34,1.25,3,0,472,1
EXP-08914,ZARZAL,ALIMENTOS,Comisaria_2_Familia,2023,1.12,0.9,3,0,248,1
EXP-08915,CALI,VIF,Comisaria_1_Familia,2023,70.34,1.1,5,0,429,1
EXP-08916,EL CERRITO,ALIMENTOS,Juzgado_1_Familia,2024,1.1,1.35,3,0,338,1
EXP-08917,CALI,HURTO_PATRIMONIAL,Juzgado_1_Familia,2022,70.34,1.35,1,0,623,1
EXP-08918,PALMIRA,SUSTANCIAS,Juzgado_Penal_Municipal_2,2020,11.54,1.05,3,0,245,1
EXP-08919,GINEBRA,VIF,Juzgado_1_Familia,2022,0.6,1.35,7,0,305,1
EXP-08920,EL CERRITO,VIF,Juzgado_2_Familia,2023,1.1,1.2,2,0,193,0
EXP-08921,VERSALLES,HURTO_PATRIMONIAL,Juzgado_Penal_Municipal_1,2024,0.1333333333333333,1.25,13,0,429,1
EXP-08922,TULUA,HURTO_PATRIMONIAL,Juzgado_3_Familia,2024,3.34,0.95,1,0,291,1
EXP-08923,GUACARI,SUSTANCIAS,Juzgado_Penal_Municipal_2,2023,1.48,1.05,1,0,220,1
EXP-08924,EL DOVIO,ALIMENTOS,Juzgado_3_Familia,2023,0.1,0.95,2,0,182,1
EXP-08925,GUADALAJARA DE BUGA,VIF,Juzgado_Penal_Municipal_2,2020,6.6,1.05,10,0,275,1
EXP-08926,CALIMA,HURTO_PATRIMONIAL,Juzgado_Penal_Municipal_1,2024,0.3199999999999999,1.25,10,0,388,1
EXP-08927,CARTAGO,ALIMENTOS,Comisaria_2_Familia,2022,5.56,0.9,2,1,352,1
EXP-08928,EL CERRITO,HURTO_PATRIMONIAL,Juzgado_1_Familia,2024,1.1,1.35,5,0,420,1
EXP-08929,CARTAGO,VIF,Juzgado_3_Familia,2024,5.56,0.95,12,0,280,1
EXP-08930,CARTAGO,SUSTANCIAS,Juzgado_3_Familia,2022,5.56,0.95,5,0,215,1
EXP-08931,FLORIDA,HURTO_PATRIMONIAL,Juzgado_Penal_Municipal_2,2022,0.8,1.05,1,0,310,1
EXP-08932,CARTAGO,VIF,Juzgado_2_Familia,2023,5.56,1.2,5,0,260,1
EXP-08933,GUADALAJARA DE BUGA,VIF,Juzgado_3_Familia,2023,6.6,0.95,4,0,101,0
EXP-08934,CALI,ALIMENTOS,Juzgado_Penal_Municipal_1,2023,70.34,1.25,8,0,477,0
EXP-08935,LA CUMBRE,ALIMENTOS,Comisaria_1_Familia,2024,0.24,1.1,7,1,506,1
EXP-08936,TULUA,ALIMENTOS,Comisaria_1_Familia,2023,3.34,1.1,5,0,306,1
EXP-08937,YUMBO,ALIMENTOS,Juzgado_3_Familia,2024,3.5,0.95,5,0,283,1
EXP-08938,ZARZAL,ALIMENTOS,Juzgado_1_Familia,2023,1.12,1.35,8,0,326,0
EXP-08939,ROLDANILLO,VIF,Juzgado_2_Familia,2023,1.26,1.2,3,0,246,1
EXP-08940,CALI,VIF,Juzgado_3_Familia,2021,70.34,0.95,2,0,411,1
EXP-08941,YUMBO,HURTO_PATRIMONIAL,Juzgado_2_Familia,2023,3.5,1.2,4,0,421,1
EXP-08942,JAMUNDI,ALIMENTOS,Juzgado_2_Familia,2022,2.64,1.2,3,1,454,1
EXP-08943,PRADERA,HURTO_PATRIMONIAL,Juzgado_1_Familia,2023,0.72,1.35,3,0,371,1
EXP-08944,CALI,VIF,Juzgado_Penal_Municipal_1,2020,70.34,1.25,2,0,445,1
EXP-08945,YUMBO,ALIMENTOS,Comisaria_2_Familia,2021,3.5,0.9,2,1,383,1
EXP-08946,CANDELARIA,ALIMENTOS,Juzgado_Penal_Municipal_1,2022,3.08,1.25,4,0,309,1
EXP-08947,CARTAGO,VIF,Juzgado_1_Familia,2023,5.56,1.35,5,0,296,1
EXP-08948,PALMIRA,HURTO_PATRIMONIAL,Comisaria_2_Familia,2023,11.54,0.9,2,1,498,1
EXP-08949,TULUA,VIF,Juzgado_Penal_Municipal_2,2024,3.34,1.05,5,0,229,1
EXP-08950,CALI,SUSTANCIAS,Juzgado_Penal_Municipal_1,2023,70.34,1.25,12,0,419,0
EXP-08951,JAMUNDI,ALIMENTOS,Juzgado_Penal_Municipal_2,2023,2.64,1.05,9,0,364,1
EXP-08952,PALMIRA,VIF,Comisaria_1_Familia,2021,11.54,1.1,11,0,294,1
EXP-08953,SEVILLA,ALIMENTOS,Juzgado_3_Familia,2022,1.62,0.95,3,1,415,1
EXP-08954,ALCALA,ALIMENTOS,Juzgado_3_Familia,2023,0.22,0.95,3,0,115,0
EXP-08955,TORO,ALIMENTOS,Comisaria_1_Familia,2024,0.1333333333333333,1.1,6,0,299,1
EXP-08956,PRADERA,ALIMENTOS,Juzgado_3_Familia,2022,0.72,0.95,6,0,242,1
EXP-08957,CALI,VIF,Juzgado_2_Familia,2021,70.34,1.2,7,0,471,1
EXP-08958,LA UNION,HURTO_PATRIMONIAL,Comisaria_2_Familia,2024,0.575,0.9,5,0,296,1
EXP-08959,PALMIRA,ALIMENTOS,Juzgado_3_Familia,2024,11.54,0.95,3,0,306,1
EXP-08960,GUADALAJARA DE BUGA,HURTO_PATRIMONIAL,Juzgado_1_Familia,2021,6.6,1.35,1,0,373,1
EXP-08961,BUENAVENTURA,ALIMENTOS,Juzgado_2_Familia,2023,3.34,1.2,8,1,482,1
EXP-08962,CANDELARIA,HURTO_PATRIMONIAL,Comisaria_1_Familia,2022,3.08,1.1,9,0,445,1
EXP-08963,CALI,VIF,Juzgado_1_Familia,2022,70.34,1.35,5,0,235,0
EXP-08964,SIN_DATO,ALIMENTOS,Juzgado_3_Familia,2021,2.2,0.95,1,0,251,1
EXP-08965,CANDELARIA,HURTO_PATRIMONIAL,Comisaria_2_Familia,2024,3.08,0.9,5,0,310,1
EXP-08966,ALCALA,HURTO_PATRIMONIAL,Juzgado_3_Familia,2024,0.22,0.95,1,1,300,0
EXP-08967,PALMIRA,VIF,Juzgado_Penal_Municipal_2,2024,11.54,1.05,2,0,231,1
EXP-08968,CALI,ALIMENTOS,Comisaria_2_Familia,2021,70.34,0.9,2,1,601,1
EXP-08969,OBANDO,VIF,Juzgado_2_Familia,2022,0.38,1.2,2,0,195,1
EXP-08970,CANDELARIA,VIF,Juzgado_3_Familia,2024,3.08,0.95,9,0,243,1
EXP-08971,SEVILLA,VIF,Comisaria_1_Familia,2024,1.62,1.1,10,0,271,1
EXP-08972,YUMBO,VIF,Juzgado_2_Familia,2020,3.5,1.2,3,0,231,1
EXP-08973,CALI,ALIMENTOS,Juzgado_Penal_Municipal_1,2024,70.34,1.25,4,0,546,1
EXP-08974,CALI,HURTO_PATRIMONIAL,Juzgado_3_Familia,2023,70.34,0.95,7,1,664,1
EXP-08975,TULUA,VIF,Juzgado_2_Familia,2024,3.34,1.2,3,0,238,1
EXP-08976,SIN_DATO,ALIMENTOS,Comisaria_1_Familia,2022,2.2,1.1,3,1,425,1
EXP-08977,CARTAGO,VIF,Juzgado_Penal_Municipal_1,2024,5.56,1.25,10,0,315,1
EXP-08978,CALI,VIF,Juzgado_Penal_Municipal_1,2020,70.34,1.25,4,0,462,1
EXP-08979,BUENAVENTURA,ALIMENTOS,Juzgado_1_Familia,2024,3.34,1.35,1,1,467,1
EXP-08980,SIN_DATO,HURTO_PATRIMONIAL,Juzgado_Penal_Municipal_1,2020,2.2,1.25,6,1,508,1
EXP-08981,CAICEDONIA,VIF,Juzgado_Penal_Municipal_2,2020,1.28,1.05,2,0,215,1
EXP-08982,CANDELARIA,HURTO_PATRIMONIAL,Juzgado_Penal_Municipal_1,2024,3.08,1.25,4,1,527,1
EXP-08983,OBANDO,VIF,Juzgado_1_Familia,2021,0.38,1.35,2,0,261,1
EXP-08984,ANSERMANUEVO,ALIMENTOS,Comisaria_2_Familia,2023,0.2,0.9,3,0,186,1
EXP-08985,BUGALAGRANDE,ALIMENTOS,Juzgado_3_Familia,2022,0.2799999999999999,0.95,6,0,229,1
EXP-08986,ANSERMANUEVO,ALIMENTOS,Juzgado_3_Familia,2021,0.2,0.95,3,0,246,1
EXP-08987,TULUA,SUSTANCIAS,Juzgado_2_Familia,2022,3.34,1.2,5,0,124,0
EXP-08988,SEVILLA,HURTO_PATRIMONIAL,Juzgado_3_Familia,2024,1.62,0.95,3,1,436,1
EXP-08989,YUMBO,VIF,Comisaria_1_Familia,2022,3.5,1.1,2,0,215,1
EXP-08990,OBANDO,ALIMENTOS,Comisaria_1_Familia,2024,0.38,1.1,6,1,448,1
EXP-08991,GUADALAJARA DE BUGA,HURTO_PATRIMONIAL,Juzgado_1_Familia,2023,6.6,1.35,6,0,396,1
EXP-08992,PRADERA,HURTO_PATRIMONIAL,Juzgado_2_Familia,2020,0.72,1.2,1,0,308,1
EXP-08993,EL AGUILA,ALIMENTOS,Juzgado_1_Familia,2023,0.1666666666666666,1.35,8,0,425,1
EXP-08994,EL CAIRO,ALIMENTOS,Juzgado_Penal_Municipal_2,2023,0.1,1.05,1,0,234,1
EXP-08995,JAMUNDI,VIF,Juzgado_2_Familia,2024,2.64,1.2,9,0,300,1
EXP-08996,CAICEDONIA,VIF,Juzgado_1_Familia,2024,1.28,1.35,8,0,315,1
EXP-08997,CALI,ALIMENTOS,Juzgado_2_Familia,2022,70.34,1.2,1,0,548,1
EXP-08998,CALI,SUSTANCIAS,Juzgado_2_Familia,2024,70.34,1.2,7,0,509,1
EXP-08999,EL CERRITO,ALIMENTOS,Juzgado_Penal_Municipal_2,2022,1.1,1.05,4,0,243,1
EXP-09000,GUADALAJARA DE BUGA,SUSTANCIAS,Juzgado_Penal_Municipal_1,2023,6.6,1.25,3,0,300,1
EXP-09001,LA UNION,ALIMENTOS,Comisaria_2_Familia,2022,0.575,0.9,1,0,209,1
EXP-09002,LA CUMBRE,VIF,Juzgado_2_Familia,2021,0.24,1.2,8,0,312,1
EXP-09003,RESTREPO,HURTO_PATRIMONIAL,Comisaria_2_Familia,2024,0.24,0.9,1,1,397,1
EXP-09004,YUMBO,ALIMENTOS,Comisaria_1_Familia,2023,3.5,1.1,10,0,192,0
EXP-09005,BOLIVAR,ALIMENTOS,Juzgado_1_Familia,2024,0.2333333333333333,1.35,8,1,269,0
EXP-09006,FLORIDA,VIF,Juzgado_3_Familia,2024,0.8,0.95,9,0,216,1
EXP-09007,YUMBO,VIF,Comisaria_1_Familia,2020,3.5,1.1,10,0,302,1
EXP-09008,TULUA,HURTO_PATRIMONIAL,Juzgado_Penal_Municipal_2,2024,3.34,1.05,4,0,302,1
EXP-09009,DAGUA,ALIMENTOS,Juzgado_3_Familia,2020,1.3666666666666665,0.95,9,0,323,1
EXP-09010,PALMIRA,VIF,Juzgado_1_Familia,2021,11.54,1.35,7,0,342,1
EXP-09011,CALI,VIF,Juzgado_2_Familia,2024,70.34,1.2,6,0,480,1
EXP-09012,FLORIDA,ALIMENTOS,Comisaria_2_Familia,2024,0.8,0.9,4,0,205,1
EXP-09013,GUACARI,SUSTANCIAS,Comisaria_1_Familia,2021,1.48,1.1,3,0,263,1
EXP-09014,CANDELARIA,ALIMENTOS,Juzgado_3_Familia,2020,3.08,0.95,3,1,354,0
EXP-09015,TORO,HURTO_PATRIMONIAL,Juzgado_Penal_Municipal_2,2021,0.1333333333333333,1.05,6,1,291,0
EXP-09016,GUADALAJARA DE BUGA,ALIMENTOS,Juzgado_2_Familia,2022,6.6,1.2,3,1,480,1
EXP-09017,JAMUNDI,HURTO_PATRIMONIAL,Juzgado_Penal_Municipal_2,2022,2.64,1.05,4,0,308,1
EXP-09018,PALMIRA,HURTO_PATRIMONIAL,Comisaria_2_Familia,2024,11.54,0.9,12,0,213,0
EXP-09019,CALI,VIF,Juzgado_2_Familia,2022,70.34,1.2,2,0,401,1
EXP-09020,SEVILLA,HURTO_PATRIMONIAL,Comisaria_2_Familia,2024,1.62,0.9,5,0,319,1
EXP-09021,CAICEDONIA,HURTO_PATRIMONIAL,Comisaria_2_Familia,2021,1.28,0.9,2,0,295,1
EXP-09022,PALMIRA,HURTO_PATRIMONIAL,Comisaria_1_Familia,2021,11.54,1.1,10,0,427,1
EXP-09023,TRUJILLO,ALIMENTOS,Juzgado_3_Familia,2020,0.225,0.95,1,0,226,1
EXP-09024,SAN PEDRO,ALIMENTOS,Comisaria_1_Familia,2022,0.3,1.1,2,0,287,1
EXP-09025,CARTAGO,SUSTANCIAS,Juzgado_1_Familia,2024,5.56,1.35,1,0,268,1
EXP-09026,PRADERA,ALIMENTOS,Comisaria_2_Familia,2020,0.72,0.9,10,1,450,1
EXP-09027,PRADERA,VIF,Comisaria_2_Familia,2024,0.72,0.9,7,0,261,1
EXP-09028,EL DOVIO,ALIMENTOS,Juzgado_2_Familia,2024,0.1,1.2,1,0,173,0
EXP-09029,CALI,VIF,Juzgado_1_Familia,2020,70.34,1.35,1,0,450,1
EXP-09030,CANDELARIA,HURTO_PATRIMONIAL,Juzgado_1_Familia,2023,3.08,1.35,13,1,619,1
EXP-09031,SEVILLA,ALIMENTOS,Comisaria_1_Familia,2020,1.62,1.1,4,1,414,1
EXP-09032,CARTAGO,ALIMENTOS,Juzgado_Penal_Municipal_1,2024,5.56,1.25,6,0,338,1
EXP-09033,ANSERMANUEVO,ALIMENTOS,Juzgado_3_Familia,2024,0.2,0.95,6,0,261,1
EXP-09034,YOTOCO,VIF,Comisaria_1_Familia,2020,0.58,1.1,3,0,250,1
EXP-09035,PALMIRA,ALIMENTOS,Juzgado_Penal_Municipal_2,2022,11.54,1.05,8,0,327,1
EXP-09036,CANDELARIA,ALIMENTOS,Juzgado_3_Familia,2024,3.08,0.95,1,1,409,1
EXP-09037,TULUA,ALIMENTOS,Comisaria_2_Familia,2022,3.34,0.9,7,0,301,1
EXP-09038,YUMBO,HURTO_PATRIMONIAL,Juzgado_Penal_Municipal_2,2020,3.5,1.05,2,1,413,1
EXP-09039,PALMIRA,ALIMENTOS,Juzgado_1_Familia,2023,11.54,1.35,2,0,370,1
EXP-09040,FLORIDA,VIF,Comisaria_2_Familia,2022,0.8,0.9,1,0,192,1
EXP-09041,LA VICTORIA,VIF,Juzgado_3_Familia,2022,0.1666666666666666,0.95,12,0,297,1
EXP-09042,CALI,ALIMENTOS,Juzgado_3_Familia,2021,70.34,0.95,4,1,591,1
EXP-09043,ARGELIA,VIF,Juzgado_3_Familia,2024,0.2,0.95,5,0,249,1
EXP-09044,CALI,ALIMENTOS,Comisaria_1_Familia,2022,70.34,1.1,6,1,567,0
EXP-09045,ZARZAL,ALIMENTOS,Juzgado_1_Familia,2023,1.12,1.35,1,0,343,1
EXP-09046,GINEBRA,HURTO_PATRIMONIAL,Comisaria_2_Familia,2022,0.6,0.9,10,1,508,1
EXP-09047,CALI,SUSTANCIAS,Juzgado_Penal_Municipal_1,2023,70.34,1.25,3,0,444,1
EXP-09048,BOLIVAR,HURTO_PATRIMONIAL,Juzgado_Penal_Municipal_2,2024,0.2333333333333333,1.05,2,1,369,0
EXP-09049,CARTAGO,ALIMENTOS,Juzgado_2_Familia,2024,5.56,1.2,8,0,317,1
EXP-09050,ALCALA,HURTO_PATRIMONIAL,Juzgado_1_Familia,2022,0.22,1.35,3,0,417,1
EXP-09051,CALI,HURTO_PATRIMONIAL,Juzgado_Penal_Municipal_2,2022,70.34,1.05,13,0,282,0
EXP-09052,CALI,HURTO_PATRIMONIAL,Juzgado_Penal_Municipal_1,2021,70.34,1.25,4,0,619,1
EXP-09053,TRUJILLO,HURTO_PATRIMONIAL,Juzgado_Penal_Municipal_2,2021,0.225,1.05,7,0,373,1
EXP-09054,CALI,VIF,Juzgado_3_Familia,2024,70.34,0.95,2,0,179,0
EXP-09055,CARTAGO,HURTO_PATRIMONIAL,Comisaria_1_Familia,2024,5.56,1.1,3,1,264,0
EXP-09056,BUENAVENTURA,VIF,Juzgado_1_Familia,2020,3.34,1.35,6,0,281,1
EXP-09057,BUENAVENTURA,VIF,Juzgado_Penal_Municipal_2,2020,3.34,1.05,1,0,196,1
EXP-09058,CALI,ALIMENTOS,Juzgado_1_Familia,2022,70.34,1.35,6,0,564,1
EXP-09059,GUADALAJARA DE BUGA,SUSTANCIAS,Juzgado_Penal_Municipal_1,2022,6.6,1.25,4,0,338,1
EXP-09060,RESTREPO,ALIMENTOS,Juzgado_Penal_Municipal_2,2024,0.24,1.05,4,0,341,1
EXP-09061,CALI,HURTO_PATRIMONIAL,Comisaria_2_Familia,2023,70.34,0.9,1,1,630,1
EXP-09062,SEVILLA,HURTO_PATRIMONIAL,Comisaria_1_Familia,2024,1.62,1.1,2,1,224,0
EXP-09063,CALIMA,ALIMENTOS,Comisaria_2_Familia,2021,0.3199999999999999,0.9,2,1,360,1
EXP-09064,SIN_DATO,ALIMENTOS,Comisaria_1_Familia,2023,2.2,1.1,18,0,433,1
EXP-09065,PALMIRA,ALIMENTOS,Comisaria_2_Familia,2022,11.54,0.9,1,1,386,1
EXP-09066,CARTAGO,ALIMENTOS,Comisaria_2_Familia,2023,5.56,0.9,4,1,382,1
EXP-09067,TULUA,ALIMENTOS,Comisaria_1_Familia,2021,3.34,1.1,1,0,253,1
EXP-09068,BUENAVENTURA,VIF,Juzgado_3_Familia,2023,3.34,0.95,4,0,190,1
EXP-09069,CAICEDONIA,VIF,Comisaria_1_Familia,2022,1.28,1.1,2,0,211,1
EXP-09070,CARTAGO,VIF,Juzgado_Penal_Municipal_1,2022,5.56,1.25,2,0,252,1
EXP-09071,EL DOVIO,SUSTANCIAS,Comisaria_1_Familia,2023,0.1,1.1,1,0,228,1
EXP-09072,CAICEDONIA,HURTO_PATRIMONIAL,Juzgado_Penal_Municipal_2,2022,1.28,1.05,1,0,304,1
EXP-09073,JAMUNDI,HURTO_PATRIMONIAL,Juzgado_3_Familia,2024,2.64,0.95,7,1,473,1
EXP-09074,SEVILLA,VIF,Comisaria_1_Familia,2021,1.62,1.1,4,0,261,1
EXP-09075,CARTAGO,ALIMENTOS,Comisaria_1_Familia,2024,5.56,1.1,3,1,316,0
EXP-09076,CARTAGO,ALIMENTOS,Juzgado_1_Familia,2022,5.56,1.35,6,0,362,1
EXP-09077,PALMIRA,ALIMENTOS,Juzgado_1_Familia,2024,11.54,1.35,9,1,566,1
EXP-09078,CALI,ALIMENTOS,Juzgado_2_Familia,2023,70.34,1.2,3,0,515,1
EXP-09079,CANDELARIA,ALIMENTOS,Juzgado_3_Familia,2023,3.08,0.95,10,0,193,0
EXP-09080,SEVILLA,ALIMENTOS,Comisaria_1_Familia,2022,1.62,1.1,1,0,335,1
EXP-09081,CANDELARIA,ALIMENTOS,Juzgado_1_Familia,2022,3.08,1.35,1,0,185,0
EXP-09082,CALI,ALIMENTOS,Comisaria_1_Familia,2023,70.34,1.1,2,0,404,0
EXP-09083,PALMIRA,SUSTANCIAS,Comisaria_2_Familia,2023,11.54,0.9,4,0,253,1
EXP-09084,PALMIRA,HURTO_PATRIMONIAL,Juzgado_2_Familia,2023,11.54,1.2,2,1,487,1
EXP-09085,CALI,ALIMENTOS,Juzgado_1_Familia,2023,70.34,1.35,5,0,550,1
EXP-09086,PALMIRA,ALIMENTOS,Comisaria_1_Familia,2024,11.54,1.1,1,1,474,1
EXP-09087,FLORIDA,VIF,Juzgado_3_Familia,2023,0.8,0.95,4,0,211,1
EXP-09088,CALI,ALIMENTOS,Juzgado_1_Familia,2022,70.34,1.35,2,0,552,1
EXP-09089,SIN_DATO,VIF,Comisaria_1_Familia,2024,2.2,1.1,3,0,113,0
EXP-09090,TULUA,ALIMENTOS,Comisaria_1_Familia,2023,3.34,1.1,1,1,434,1
EXP-09091,VERSALLES,VIF,Juzgado_Penal_Municipal_1,2023,0.1333333333333333,1.25,1,0,226,1
EXP-09092,TULUA,SUSTANCIAS,Comisaria_1_Familia,2024,3.34,1.1,13,0,323,1
EXP-09093,CARTAGO,HURTO_PATRIMONIAL,Comisaria_1_Familia,2024,5.56,1.1,1,0,353,1
EXP-09094,BUGALAGRANDE,ALIMENTOS,Juzgado_Penal_Municipal_2,2020,0.2799999999999999,1.05,7,0,270,1
EXP-09095,CARTAGO,HURTO_PATRIMONIAL,Juzgado_2_Familia,2024,5.56,1.2,2,0,367,1
EXP-09096,CANDELARIA,ALIMENTOS,Juzgado_3_Familia,2024,3.08,0.95,4,0,183,0
EXP-09097,ARGELIA,VIF,Juzgado_Penal_Municipal_1,2022,0.2,1.25,8,0,191,0
EXP-09098,PALMIRA,HURTO_PATRIMONIAL,Juzgado_Penal_Municipal_1,2024,11.54,1.25,4,0,196,0
EXP-09099,VIJES,VIF,Juzgado_Penal_Municipal_2,2022,0.175,1.05,5,0,211,1
EXP-09100,CALI,SUSTANCIAS,Juzgado_3_Familia,2023,70.34,0.95,2,0,398,1
EXP-09101,SIN_DATO,VIF,Comisaria_1_Familia,2022,2.2,1.1,2,0,218,1
EXP-09102,CALI,VIF,Juzgado_3_Familia,2022,70.34,0.95,1,0,360,1
EXP-09103,CALI,HURTO_PATRIMONIAL,Comisaria_1_Familia,2024,70.34,1.1,5,0,584,1
EXP-09104,ZARZAL,HURTO_PATRIMONIAL,Juzgado_1_Familia,2024,1.12,1.35,3,0,404,1
EXP-09105,CALI,VIF,Juzgado_3_Familia,2024,70.34,0.95,3,0,401,1
EXP-09106,TULUA,VIF,Juzgado_Penal_Municipal_1,2023,3.34,1.25,3,0,164,0
EXP-09107,CALI,VIF,Juzgado_Penal_Municipal_1,2022,70.34,1.25,4,0,461,1
EXP-09108,ROLDANILLO,VIF,Comisaria_1_Familia,2024,1.26,1.1,4,0,152,0
EXP-09109,SEVILLA,ALIMENTOS,Juzgado_1_Familia,2023,1.62,1.35,8,1,536,1
EXP-09110,CALI,VIF,Juzgado_Penal_Municipal_2,2024,70.34,1.05,2,0,401,1
EXP-09111,ROLDANILLO,VIF,Juzgado_3_Familia,2021,1.26,0.95,1,0,155,1
EXP-09112,ZARZAL,HURTO_PATRIMONIAL,Juzgado_Penal_Municipal_2,2024,1.12,1.05,4,1,492,1
EXP-09113,BUENAVENTURA,ALIMENTOS,Juzgado_Penal_Municipal_1,2022,3.34,1.25,14,0,412,1
EXP-09114,CANDELARIA,ALIMENTOS,Juzgado_1_Familia,2023,3.08,1.35,6,1,516,1
EXP-09115,ALCALA,SUSTANCIAS,Juzgado_3_Familia,2023,0.22,0.95,1,0,209,1
EXP-09116,PALMIRA,ALIMENTOS,Juzgado_Penal_Municipal_2,2021,11.54,1.05,3,0,305,1
EXP-09117,ALCALA,HURTO_PATRIMONIAL,Juzgado_1_Familia,2023,0.22,1.35,10,0,501,1
EXP-09118,CALI,HURTO_PATRIMONIAL,Juzgado_Penal_Municipal_2,2024,70.34,1.05,1,1,695,1
EXP-09119,YUMBO,ALIMENTOS,Juzgado_3_Familia,2021,3.5,0.95,7,0,305,1
EXP-09120,YUMBO,ALIMENTOS,Juzgado_Penal_Municipal_2,2024,3.5,1.05,9,1,443,1
EXP-09121,CARTAGO,SUSTANCIAS,Juzgado_3_Familia,2023,5.56,0.95,4,0,190,0
EXP-09122,CALI,SUSTANCIAS,Juzgado_Penal_Municipal_2,2020,70.34,1.05,1,0,385,1
EXP-09123,YUMBO,HURTO_PATRIMONIAL,Juzgado_3_Familia,2023,3.5,0.95,5,1,441,1
EXP-09124,CALI,ALIMENTOS,Comisaria_1_Familia,2022,70.34,1.1,3,0,518,1
EXP-09125,CALI,SUSTANCIAS,Juzgado_2_Familia,2020,70.34,1.2,7,0,485,1
EXP-09126,PALMIRA,ALIMENTOS,Juzgado_Penal_Municipal_1,2021,11.54,1.25,1,0,350,1
EXP-09127,GUADALAJARA DE BUGA,ALIMENTOS,Comisaria_1_Familia,2023,6.6,1.1,7,0,270,0
EXP-09128,CALI,VIF,Comisaria_2_Familia,2024,70.34,0.9,2,0,361,1
EXP-09129,ALCALA,SUSTANCIAS,Juzgado_Penal_Municipal_1,2023,0.22,1.25,8,0,302,1
EXP-09130,CANDELARIA,HURTO_PATRIMONIAL,Comisaria_2_Familia,2023,3.08,0.9,1,1,328,1
EXP-09131,SIN_DATO,VIF,Comisaria_2_Familia,2020,2.2,0.9,2,0,155,1
EXP-09132,SEVILLA,HURTO_PATRIMONIAL,Juzgado_Penal_Municipal_1,2024,1.62,1.25,2,0,352,1
EXP-09133,CARTAGO,VIF,Juzgado_1_Familia,2023,5.56,1.35,1,0,277,1
EXP-09134,DAGUA,ALIMENTOS,Juzgado_Penal_Municipal_1,2022,1.3666666666666665,1.25,5,1,453,1
EXP-09135,CALI,ALIMENTOS,Juzgado_3_Familia,2023,70.34,0.95,1,0,439,1
EXP-09136,TULUA,VIF,Juzgado_3_Familia,2022,3.34,0.95,2,0,213,1
EXP-09137,PALMIRA,HURTO_PATRIMONIAL,Juzgado_3_Familia,2023,11.54,0.95,8,0,316,1
EXP-09138,YUMBO,VIF,Juzgado_3_Familia,2021,3.5,0.95,6,0,231,1
EXP-09139,TULUA,HURTO_PATRIMONIAL,Juzgado_1_Familia,2023,3.34,1.35,1,1,482,1
EXP-09140,ZARZAL,VIF,Juzgado_1_Familia,2020,1.12,1.35,1,0,218,1
EXP-09141,ZARZAL,ALIMENTOS,Juzgado_1_Familia,2024,1.12,1.35,1,1,439,1
EXP-09142,RIOFRIO,VIF,Comisaria_1_Familia,2023,0.175,1.1,7,0,239,1
EXP-09143,ARGELIA,VIF,Juzgado_Penal_Municipal_2,2023,0.2,1.05,1,0,187,1
EXP-09144,LA UNION,ALIMENTOS,Juzgado_Penal_Municipal_1,2023,0.575,1.25,3,0,293,1
EXP-09145,LA VICTORIA,ALIMENTOS,Comisaria_1_Familia,2023,0.1666666666666666,1.1,4,0,294,1
EXP-09146,CARTAGO,VIF,Juzgado_3_Familia,2022,5.56,0.95,6,0,201,1
EXP-09147,YUMBO,VIF,Juzgado_Penal_Municipal_2,2023,3.5,1.05,5,0,272,1
EXP-09148,SEVILLA,HURTO_PATRIMONIAL,Juzgado_3_Familia,2024,1.62,0.95,8,0,292,1
EXP-09149,CALI,SUSTANCIAS,Juzgado_2_Familia,2024,70.34,1.2,9,0,538,1
EXP-09150,EL CERRITO,HURTO_PATRIMONIAL,Juzgado_2_Familia,2024,1.1,1.2,1,0,427,1
EXP-09151,EL CERRITO,VIF,Juzgado_Penal_Municipal_1,2023,1.1,1.25,6,0,282,1
EXP-09152,ANDALUCIA,VIF,Juzgado_Penal_Municipal_1,2024,0.38,1.25,8,0,275,1
EXP-09153,CALI,ALIMENTOS,Comisaria_2_Familia,2020,70.34,0.9,7,0,477,1
EXP-09154,VIJES,SUSTANCIAS,Comisaria_1_Familia,2022,0.175,1.1,5,0,259,1
EXP-09155,PALMIRA,ALIMENTOS,Juzgado_Penal_Municipal_2,2024,11.54,1.05,4,0,308,1
EXP-09156,SAN PEDRO,ALIMENTOS,Juzgado_3_Familia,2022,0.3,0.95,5,0,284,1
EXP-09157,CANDELARIA,SUSTANCIAS,Comisaria_1_Familia,2024,3.08,1.1,14,0,316,1
EXP-09158,CAICEDONIA,SUSTANCIAS,Juzgado_2_Familia,2023,1.28,1.2,9,0,307,1
EXP-09159,DAGUA,HURTO_PATRIMONIAL,Juzgado_1_Familia,2022,1.3666666666666665,1.35,14,1,587,1
EXP-09160,YUMBO,ALIMENTOS,Juzgado_2_Familia,2022,3.5,1.2,4,0,328,1
EXP-09161,RESTREPO,VIF,Juzgado_1_Familia,2023,0.24,1.35,10,0,330,1
EXP-09162,CALI,HURTO_PATRIMONIAL,Juzgado_Penal_Municipal_2,2023,70.34,1.05,8,0,597,1
EXP-09163,YUMBO,ALIMENTOS,Comisaria_2_Familia,2024,3.5,0.9,2,1,364,1
EXP-09164,PALMIRA,ALIMENTOS,Juzgado_2_Familia,2024,11.54,1.2,7,0,381,1
EXP-09165,BUGALAGRANDE,ALIMENTOS,Juzgado_Penal_Municipal_2,2022,0.2799999999999999,1.05,6,0,293,1
EXP-09166,CALI,VIF,Comisaria_1_Familia,2022,70.34,1.1,10,0,496,1
EXP-09167,ARGELIA,ALIMENTOS,Juzgado_1_Familia,2021,0.2,1.35,1,0,299,1
EXP-09168,LA CUMBRE,VIF,Juzgado_2_Familia,2023,0.24,1.2,2,0,233,1
EXP-09169,ROLDANILLO,ALIMENTOS,Juzgado_2_Familia,2022,1.26,1.2,3,0,341,1
EXP-09170,LA VICTORIA,HURTO_PATRIMONIAL,Comisaria_1_Familia,2024,0.1666666666666666,1.1,2,0,326,1
EXP-09171,PALMIRA,ALIMENTOS,Juzgado_1_Familia,2022,11.54,1.35,1,0,333,1
EXP-09172,CALI,HURTO_PATRIMONIAL,Juzgado_3_Familia,2020,70.34,0.95,2,0,503,1
EXP-09173,CALI,HURTO_PATRIMONIAL,Comisaria_1_Familia,2023,70.34,1.1,7,1,720,1
EXP-09174,CANDELARIA,VIF,Juzgado_1_Familia,2020,3.08,1.35,3,0,260,1
EXP-09175,PALMIRA,HURTO_PATRIMONIAL,Juzgado_Penal_Municipal_2,2023,11.54,1.05,6,1,509,1
EXP-09176,CANDELARIA,HURTO_PATRIMONIAL,Juzgado_2_Familia,2022,3.08,1.2,1,0,333,1
EXP-09177,YUMBO,VIF,Juzgado_Penal_Municipal_2,2024,3.5,1.05,8,0,245,1
EXP-09178,JAMUNDI,VIF,Comisaria_2_Familia,2024,2.64,0.9,5,0,206,1
EXP-09179,GUACARI,ALIMENTOS,Comisaria_2_Familia,2023,1.48,0.9,5,0,204,1
EXP-09180,LA CUMBRE,VIF,Comisaria_1_Familia,2023,0.24,1.1,3,0,196,1
EXP-09181,TULUA,ALIMENTOS,Juzgado_1_Familia,2024,3.34,1.35,5,0,358,1
EXP-09182,TULUA,SUSTANCIAS,Juzgado_1_Familia,2022,3.34,1.35,2,0,297,1
EXP-09183,PRADERA,ALIMENTOS,Comisaria_1_Familia,2024,0.72,1.1,1,0,252,1
EXP-09184,CALI,ALIMENTOS,Juzgado_3_Familia,2024,70.34,0.95,1,1,606,1
EXP-09185,PALMIRA,VIF,Comisaria_1_Familia,2023,11.54,1.1,4,0,306,1
EXP-09186,CALI,VIF,Comisaria_1_Familia,2023,70.34,1.1,15,0,262,0
EXP-09187,YOTOCO,VIF,Comisaria_1_Familia,2020,0.58,1.1,2,0,96,0
EXP-09188,JAMUNDI,SUSTANCIAS,Juzgado_3_Familia,2020,2.64,0.95,4,0,226,1
EXP-09189,SIN_DATO,ALIMENTOS,Juzgado_3_Familia,2024,2.2,0.95,1,1,411,1
EXP-09190,CALI,SUSTANCIAS,Comisaria_2_Familia,2024,70.34,0.9,4,0,351,0
EXP-09191,YOTOCO,ALIMENTOS,Juzgado_Penal_Municipal_2,2023,0.58,1.05,1,1,407,1
EXP-09192,ANDALUCIA,HURTO_PATRIMONIAL,Juzgado_3_Familia,2022,0.38,0.95,3,1,428,1
EXP-09193,CARTAGO,SUSTANCIAS,Juzgado_Penal_Municipal_2,2023,5.56,1.05,4,0,276,1
EXP-09194,PALMIRA,ALIMENTOS,Comisaria_2_Familia,2024,11.54,0.9,2,1,418,1
EXP-09195,CARTAGO,ALIMENTOS,Juzgado_1_Familia,2022,5.56,1.35,12,1,425,0
EXP-09196,CALI,HURTO_PATRIMONIAL,Comisaria_1_Familia,2021,70.34,1.1,2,1,685,1
EXP-09197,GUACARI,VIF,Comisaria_2_Familia,2021,1.48,0.9,2,0,176,1
EXP-09198,CALI,HURTO_PATRIMONIAL,Juzgado_Penal_Municipal_1,2024,70.34,1.25,1,1,334,0
EXP-09199,SEVILLA,SUSTANCIAS,Comisaria_1_Familia,2022,1.62,1.1,8,0,261,1
EXP-09200,GUADALAJARA DE BUGA,HURTO_PATRIMONIAL,Comisaria_1_Familia,2022,6.6,1.1,11,0,406,1
EXP-09201,PALMIRA,VIF,Juzgado_3_Familia,2024,11.54,0.95,8,0,257,1
EXP-09202,GINEBRA,VIF,Juzgado_3_Familia,2023,0.6,0.95,2,0,166,1
EXP-09203,LA CUMBRE,VIF,Juzgado_Penal_Municipal_2,2024,0.24,1.05,1,0,182,1
EXP-09204,YUMBO,ALIMENTOS,Juzgado_Penal_Municipal_1,2024,3.5,1.25,2,1,446,1
EXP-09205,ZARZAL,HURTO_PATRIMONIAL,Juzgado_Penal_Municipal_1,2020,1.12,1.25,4,0,356,1
EXP-09206,CALIMA,ALIMENTOS,Juzgado_1_Familia,2022,0.3199999999999999,1.35,2,0,328,1
EXP-09207,PALMIRA,SUSTANCIAS,Juzgado_Penal_Municipal_1,2020,11.54,1.25,1,0,293,1
EXP-09208,GUACARI,ALIMENTOS,Juzgado_Penal_Municipal_2,2021,1.48,1.05,4,0,292,1
EXP-09209,PALMIRA,ALIMENTOS,Juzgado_2_Familia,2021,11.54,1.2,3,1,526,1
EXP-09210,PALMIRA,VIF,Juzgado_1_Familia,2020,11.54,1.35,5,0,289,1
EXP-09211,JAMUNDI,ALIMENTOS,Juzgado_Penal_Municipal_1,2023,2.64,1.25,2,1,486,1
EXP-09212,FLORIDA,VIF,Comisaria_1_Familia,2021,0.8,1.1,2,0,201,1
EXP-09213,LA CUMBRE,VIF,Juzgado_3_Familia,2021,0.24,0.95,3,0,192,1
EXP-09214,SEVILLA,VIF,Comisaria_1_Familia,2024,1.62,1.1,1,0,86,0
EXP-09215,JAMUNDI,ALIMENTOS,Juzgado_Penal_Municipal_1,2023,2.64,1.25,6,1,484,1
EXP-09216,RESTREPO,ALIMENTOS,Comisaria_2_Familia,2024,0.24,0.9,1,0,238,1
EXP-09217,ROLDANILLO,HURTO_PATRIMONIAL,Juzgado_Penal_Municipal_2,2023,1.26,1.05,3,0,254,1
EXP-09218,TULUA,VIF,Juzgado_2_Familia,2021,3.34,1.2,3,0,201,1
EXP-09219,EL CERRITO,ALIMENTOS,Juzgado_Penal_Municipal_1,2023,1.1,1.25,3,0,318,1
EXP-09220,ANSERMANUEVO,ALIMENTOS,Juzgado_1_Familia,2020,0.2,1.35,3,0,359,1
EXP-09221,CALI,ALIMENTOS,Juzgado_Penal_Municipal_2,2023,70.34,1.05,1,0,493,1
EXP-09222,LA UNION,HURTO_PATRIMONIAL,Juzgado_1_Familia,2021,0.575,1.35,2,0,366,1
EXP-09223,YUMBO,VIF,Juzgado_Penal_Municipal_1,2024,3.5,1.25,7,0,278,1
EXP-09224,BUENAVENTURA,ALIMENTOS,Juzgado_2_Familia,2024,3.34,1.2,5,0,341,1
EXP-09225,PALMIRA,VIF,Juzgado_2_Familia,2021,11.54,1.2,2,0,254,1
EXP-09226,BOLIVAR,ALIMENTOS,Comisaria_1_Familia,2021,0.2333333333333333,1.1,4,0,313,1
EXP-09227,TULUA,SUSTANCIAS,Juzgado_Penal_Municipal_2,2024,3.34,1.05,2,0,184,1
EXP-09228,CANDELARIA,HURTO_PATRIMONIAL,Juzgado_Penal_Municipal_2,2022,3.08,1.05,13,0,473,1
EXP-09229,GUADALAJARA DE BUGA,ALIMENTOS,Juzgado_1_Familia,2024,6.6,1.35,3,1,528,1
EXP-09230,OBANDO,ALIMENTOS,Juzgado_3_Familia,2023,0.38,0.95,4,0,274,1
EXP-09231,CAICEDONIA,ALIMENTOS,Juzgado_Penal_Municipal_2,2023,1.28,1.05,3,0,236,0
EXP-09232,LA VICTORIA,ALIMENTOS,Juzgado_1_Familia,2020,0.1666666666666666,1.35,5,0,340,1
EXP-09233,SIN_DATO,ALIMENTOS,Comisaria_2_Familia,2024,2.2,0.9,2,0,244,1
EXP-09234,ANDALUCIA,HURTO_PATRIMONIAL,Comisaria_2_Familia,2024,0.38,0.9,2,0,207,0
EXP-09235,JAMUNDI,ALIMENTOS,Juzgado_Penal_Municipal_1,2023,2.64,1.25,16,1,622,1
EXP-09236,CALI,VIF,Comisaria_2_Familia,2024,70.34,0.9,4,0,421,1
EXP-09237,LA CUMBRE,ALIMENTOS,Juzgado_2_Familia,2024,0.24,1.2,1,0,277,1
EXP-09238,CALI,HURTO_PATRIMONIAL,Juzgado_Penal_Municipal_1,2022,70.34,1.25,1,1,637,1
EXP-09239,BUGALAGRANDE,ALIMENTOS,Juzgado_2_Familia,2021,0.2799999999999999,1.2,3,1,388,0
EXP-09240,RIOFRIO,ALIMENTOS,Comisaria_2_Familia,2023,0.175,0.9,10,0,234,1
EXP-09241,EL CAIRO,ALIMENTOS,Juzgado_2_Familia,2024,0.1,1.2,9,0,369,1
EXP-09242,BUENAVENTURA,ALIMENTOS,Comisaria_1_Familia,2023,3.34,1.1,9,0,349,1
EXP-09243,FLORIDA,VIF,Juzgado_1_Familia,2024,0.8,1.35,7,0,141,0
EXP-09244,CALI,ALIMENTOS,Juzgado_1_Familia,2020,70.34,1.35,1,0,541,1
EXP-09245,CALI,ALIMENTOS,Juzgado_1_Familia,2022,70.34,1.35,5,0,466,0
EXP-09246,CAICEDONIA,SUSTANCIAS,Comisaria_1_Familia,2022,1.28,1.1,3,0,227,1
EXP-09247,CALI,HURTO_PATRIMONIAL,Juzgado_3_Familia,2021,70.34,0.95,4,0,507,1
EXP-09248,PALMIRA,VIF,Juzgado_2_Familia,2021,11.54,1.2,4,0,274,1
EXP-09249,GINEBRA,ALIMENTOS,Juzgado_3_Familia,2020,0.6,0.95,9,0,249,1
EXP-09250,CALI,ALIMENTOS,Juzgado_Penal_Municipal_2,2020,70.34,1.05,9,0,303,0
EXP-09251,GINEBRA,ALIMENTOS,Comisaria_2_Familia,2024,0.6,0.9,2,1,338,1
EXP-09252,CALI,ALIMENTOS,Juzgado_1_Familia,2022,70.34,1.35,4,0,557,1
EXP-09253,SAN PEDRO,ALIMENTOS,Juzgado_Penal_Municipal_1,2023,0.3,1.25,2,0,341,1
EXP-09254,SEVILLA,VIF,Juzgado_Penal_Municipal_1,2024,1.62,1.25,7,0,287,1
EXP-09255,BUENAVENTURA,HURTO_PATRIMONIAL,Juzgado_Penal_Municipal_2,2024,3.34,1.05,4,1,512,1
EXP-09256,CALI,HURTO_PATRIMONIAL,Juzgado_3_Familia,2024,70.34,0.95,3,1,594,1
EXP-09257,CALI,HURTO_PATRIMONIAL,Juzgado_Penal_Municipal_1,2021,70.34,1.25,3,0,567,1
EXP-09258,LA UNION,ALIMENTOS,Juzgado_3_Familia,2022,0.575,0.95,3,0,289,1
EXP-09259,SEVILLA,VIF,Juzgado_3_Familia,2024,1.62,0.95,8,0,229,1
EXP-09260,CARTAGO,SUSTANCIAS,Juzgado_1_Familia,2022,5.56,1.35,13,0,366,1
EXP-09261,CANDELARIA,SUSTANCIAS,Juzgado_1_Familia,2022,3.08,1.35,1,0,274,1
EXP-09262,CARTAGO,ALIMENTOS,Juzgado_1_Familia,2023,5.56,1.35,4,1,526,1
EXP-09263,JAMUNDI,SUSTANCIAS,Juzgado_Penal_Municipal_2,2021,2.64,1.05,2,0,242,1
EXP-09264,BOLIVAR,SUSTANCIAS,Juzgado_Penal_Municipal_1,2021,0.2333333333333333,1.25,10,0,308,1
EXP-09265,ROLDANILLO,ALIMENTOS,Juzgado_2_Familia,2024,1.26,1.2,10,1,562,1
EXP-09266,CALI,ALIMENTOS,Juzgado_Penal_Municipal_1,2021,70.34,1.25,3,0,477,1
EXP-09267,CALI,ALIMENTOS,Comisaria_2_Familia,2022,70.34,0.9,1,0,417,1
EXP-09268,CALI,HURTO_PATRIMONIAL,Comisaria_1_Familia,2022,70.34,1.1,1,0,575,1
EXP-09269,YUMBO,VIF,Comisaria_2_Familia,2021,3.5,0.9,1,0,203,1
EXP-09270,CALIMA,ALIMENTOS,Comisaria_2_Familia,2023,0.3199999999999999,0.9,3,1,319,0
EXP-09271,GINEBRA,SUSTANCIAS,Juzgado_Penal_Municipal_2,2023,0.6,1.05,5,0,232,1
EXP-09272,CALI,HURTO_PATRIMONIAL,Juzgado_3_Familia,2024,70.34,0.95,4,0,500,1
EXP-09273,CALI,ALIMENTOS,Juzgado_Penal_Municipal_1,2022,70.34,1.25,5,0,588,1
EXP-09274,GINEBRA,VIF,Juzgado_2_Familia,2024,0.6,1.2,11,0,304,1
EXP-09275,CALI,HURTO_PATRIMONIAL,Comisaria_1_Familia,2020,70.34,1.1,1,1,677,1
EXP-09276,CALI,ALIMENTOS,Juzgado_1_Familia,2024,70.34,1.35,2,0,578,1
EXP-09277,CALI,HURTO_PATRIMONIAL,Juzgado_1_Familia,2023,70.34,1.35,8,0,641,1
EXP-09278,SAN PEDRO,ALIMENTOS,Juzgado_3_Familia,2024,0.3,0.95,2,0,225,1
EXP-09279,TULUA,ALIMENTOS,Comisaria_1_Familia,2024,3.34,1.1,1,0,267,1
EXP-09280,SIN_DATO,SUSTANCIAS,Juzgado_Penal_Municipal_1,2022,2.2,1.25,10,0,349,1
EXP-09281,PALMIRA,SUSTANCIAS,Juzgado_3_Familia,2023,11.54,0.95,3,0,268,1
EXP-09282,PRADERA,VIF,Juzgado_Penal_Municipal_2,2024,0.72,1.05,1,0,176,1
EXP-09283,BUGALAGRANDE,ALIMENTOS,Juzgado_Penal_Municipal_2,2020,0.2799999999999999,1.05,3,0,204,1
EXP-09284,GINEBRA,HURTO_PATRIMONIAL,Juzgado_Penal_Municipal_2,2024,0.6,1.05,1,1,449,1
EXP-09285,GUADALAJARA DE BUGA,ALIMENTOS,Comisaria_2_Familia,2024,6.6,0.9,2,0,238,1
EXP-09286,ANDALUCIA,SUSTANCIAS,Juzgado_Penal_Municipal_2,2023,0.38,1.05,1,0,216,1
EXP-09287,SEVILLA,ALIMENTOS,Juzgado_Penal_Municipal_1,2022,1.62,1.25,7,1,486,1
EXP-09288,BUENAVENTURA,VIF,Juzgado_Penal_Municipal_2,2024,3.34,1.05,5,0,246,1
EXP-09289,CALI,SUSTANCIAS,Juzgado_Penal_Municipal_1,2024,70.34,1.25,9,0,519,1
EXP-09290,GUADALAJARA DE BUGA,SUSTANCIAS,Juzgado_1_Familia,2023,6.6,1.35,16,0,216,0
EXP-09291,ANDALUCIA,ALIMENTOS,Juzgado_1_Familia,2022,0.38,1.35,3,1,522,1
EXP-09292,CARTAGO,HURTO_PATRIMONIAL,Comisaria_2_Familia,2024,5.56,0.9,4,0,340,1
EXP-09293,EL AGUILA,HURTO_PATRIMONIAL,Juzgado_2_Familia,2024,0.1666666666666666,1.2,9,1,516,1
EXP-09294,SEVILLA,ALIMENTOS,Juzgado_Penal_Municipal_2,2020,1.62,1.05,7,0,303,1
EXP-09295,CALI,ALIMENTOS,Juzgado_1_Familia,2021,70.34,1.35,3,0,529,1
EXP-09296,SEVILLA,VIF,Juzgado_3_Familia,2023,1.62,0.95,2,0,184,1
EXP-09297,CALI,VIF,Juzgado_3_Familia,2024,70.34,0.95,1,0,389,1
EXP-09298,CARTAGO,VIF,Juzgado_Penal_Municipal_1,2021,5.56,1.25,6,0,315,1
EXP-09299,LA VICTORIA,VIF,Juzgado_Penal_Municipal_1,2023,0.1666666666666666,1.25,9,0,286,1
EXP-09300,YUMBO,ALIMENTOS,Juzgado_Penal_Municipal_2,2024,3.5,1.05,8,0,368,1
EXP-09301,ZARZAL,VIF,Juzgado_3_Familia,2020,1.12,0.95,9,0,232,1
EXP-09302,CALIMA,HURTO_PATRIMONIAL,Juzgado_2_Familia,2024,0.3199999999999999,1.2,10,1,590,1
EXP-09303,TULUA,VIF,Juzgado_1_Familia,2024,3.34,1.35,4,0,282,1
EXP-09304,DAGUA,VIF,Juzgado_3_Familia,2020,1.3666666666666665,0.95,1,0,70,0
EXP-09305,CALI,ALIMENTOS,Juzgado_Penal_Municipal_2,2020,70.34,1.05,7,0,481,1
EXP-09306,CALI,ALIMENTOS,Comisaria_1_Familia,2024,70.34,1.1,1,0,512,1
EXP-09307,CARTAGO,VIF,Juzgado_3_Familia,2024,5.56,0.95,8,0,121,0
EXP-09308,VIJES,ALIMENTOS,Comisaria_1_Familia,2021,0.175,1.1,4,1,408,1
EXP-09309,SEVILLA,HURTO_PATRIMONIAL,Juzgado_Penal_Municipal_1,2023,1.62,1.25,4,1,516,1
EXP-09310,PALMIRA,VIF,Juzgado_2_Familia,2022,11.54,1.2,2,0,278,1
EXP-09311,PALMIRA,ALIMENTOS,Juzgado_3_Familia,2024,11.54,0.95,1,0,273,1
EXP-09312,VIJES,ALIMENTOS,Juzgado_Penal_Municipal_2,2020,0.175,1.05,3,0,224,0
EXP-09313,CALI,ALIMENTOS,Juzgado_1_Familia,2021,70.34,1.35,4,1,663,1
EXP-09314,PALMIRA,ALIMENTOS,Juzgado_2_Familia,2020,11.54,1.2,3,0,353,1
EXP-09315,BOLIVAR,ALIMENTOS,Juzgado_Penal_Municipal_2,2023,0.2333333333333333,1.05,2,1,421,1
EXP-09316,OBANDO,HURTO_PATRIMONIAL,Juzgado_2_Familia,2020,0.38,1.2,12,1,588,1
EXP-09317,CALI,ALIMENTOS,Juzgado_1_Familia,2024,70.34,1.35,5,1,668,1
EXP-09318,LA VICTORIA,ALIMENTOS,Juzgado_Penal_Municipal_1,2023,0.1666666666666666,1.25,2,0,334,1
EXP-09319,CANDELARIA,VIF,Juzgado_3_Familia,2024,3.08,0.95,13,0,282,1
EXP-09320,YUMBO,ALIMENTOS,Comisaria_2_Familia,2021,3.5,0.9,1,1,375,1
EXP-09321,GUADALAJARA DE BUGA,HURTO_PATRIMONIAL,Juzgado_3_Familia,2023,6.6,0.95,2,1,433,1
EXP-09322,CARTAGO,VIF,Juzgado_1_Familia,2024,5.56,1.35,2,0,290,1
EXP-09323,SIN_DATO,VIF,Comisaria_2_Familia,2020,2.2,0.9,1,0,85,0
EXP-09324,EL CAIRO,VIF,Comisaria_2_Familia,2021,0.1,0.9,7,0,160,0
EXP-09325,EL CAIRO,HURTO_PATRIMONIAL,Juzgado_1_Familia,2024,0.1,1.35,1,0,372,1
EXP-09326,CARTAGO,HURTO_PATRIMONIAL,Juzgado_Penal_Municipal_2,2021,5.56,1.05,4,1,337,0
EXP-09327,YUMBO,ALIMENTOS,Juzgado_Penal_Municipal_2,2023,3.5,1.05,2,0,287,1
EXP-09328,CALI,HURTO_PATRIMONIAL,Juzgado_Penal_Municipal_1,2021,70.34,1.25,3,0,536,1
EXP-09329,OBANDO,VIF,Juzgado_Penal_Municipal_2,2024,0.38,1.05,8,0,159,0
EXP-09330,CANDELARIA,SUSTANCIAS,Juzgado_1_Familia,2021,3.08,1.35,10,0,368,1
EXP-09331,BUENAVENTURA,ALIMENTOS,Comisaria_2_Familia,2023,3.34,0.9,4,0,218,1
EXP-09332,VERSALLES,VIF,Juzgado_Penal_Municipal_2,2024,0.1333333333333333,1.05,2,0,223,1
EXP-09333,CARTAGO,VIF,Juzgado_Penal_Municipal_2,2020,5.56,1.05,8,0,271,1
EXP-09334,GUACARI,ALIMENTOS,Juzgado_3_Familia,2022,1.48,0.95,4,1,404,1
EXP-09335,BUGALAGRANDE,ALIMENTOS,Juzgado_3_Familia,2024,0.2799999999999999,0.95,1,1,198,0
EXP-09336,CALI,ALIMENTOS,Juzgado_3_Familia,2021,70.34,0.95,4,0,319,0
EXP-09337,CALIMA,VIF,Juzgado_Penal_Municipal_1,2020,0.3199999999999999,1.25,2,0,221,1
EXP-09338,ALCALA,ALIMENTOS,Juzgado_Penal_Municipal_1,2024,0.22,1.25,6,0,345,1
EXP-09339,BUENAVENTURA,HURTO_PATRIMONIAL,Juzgado_Penal_Municipal_1,2024,3.34,1.25,5,0,405,1
EXP-09340,EL CAIRO,VIF,Juzgado_1_Familia,2023,0.1,1.35,2,0,260,1
EXP-09341,CALI,VIF,Comisaria_2_Familia,2024,70.34,0.9,2,0,413,1
EXP-09342,GUADALAJARA DE BUGA,ALIMENTOS,Comisaria_1_Familia,2023,6.6,1.1,2,0,270,1
EXP-09343,SIN_DATO,HURTO_PATRIMONIAL,Juzgado_1_Familia,2022,2.2,1.35,1,1,542,1
EXP-09344,SIN_DATO,ALIMENTOS,Comisaria_1_Familia,2024,2.2,1.1,1,0,142,0
EXP-09345,CANDELARIA,ALIMENTOS,Juzgado_Penal_Municipal_2,2023,3.08,1.05,4,0,316,1
EXP-09346,CALI,VIF,Juzgado_Penal_Municipal_2,2022,70.34,1.05,2,0,394,1
EXP-09347,CALI,HURTO_PATRIMONIAL,Comisaria_1_Familia,2022,70.34,1.1,1,0,582,1
EXP-09348,ARGELIA,HURTO_PATRIMONIAL,Comisaria_2_Familia,2023,0.2,0.9,5,1,460,1
EXP-09349,CALI,SUSTANCIAS,Comisaria_1_Familia,2022,70.34,1.1,1,0,428,1
EXP-09350,OBANDO,VIF,Comisaria_2_Familia,2021,0.38,0.9,3,0,183,1
EXP-09351,DAGUA,ALIMENTOS,Comisaria_2_Familia,2022,1.3666666666666665,0.9,2,0,236,1
EXP-09352,LA CUMBRE,VIF,Juzgado_3_Familia,2024,0.24,0.95,8,0,256,1
EXP-09353,CALI,ALIMENTOS,Juzgado_1_Familia,2021,70.34,1.35,1,0,518,1
EXP-09354,CALI,VIF,Juzgado_Penal_Municipal_1,2024,70.34,1.25,2,0,221,0
EXP-09355,PALMIRA,HURTO_PATRIMONIAL,Juzgado_1_Familia,2023,11.54,1.35,1,1,578,1
EXP-09356,ALCALA,HURTO_PATRIMONIAL,Comisaria_2_Familia,2023,0.22,0.9,2,0,274,1
EXP-09357,TULUA,VIF,Juzgado_2_Familia,2024,3.34,1.2,13,0,334,1
EXP-09358,LA UNION,VIF,Juzgado_3_Familia,2023,0.575,0.95,6,0,190,1
EXP-09359,GUADALAJARA DE BUGA,HURTO_PATRIMONIAL,Juzgado_3_Familia,2021,6.6,0.95,6,0,370,1
EXP-09360,LA UNION,ALIMENTOS,Comisaria_2_Familia,2024,0.575,0.9,3,0,196,1
EXP-09361,BUGALAGRANDE,VIF,Comisaria_2_Familia,2023,0.2799999999999999,0.9,2,0,97,0
EXP-09362,CALI,VIF,Juzgado_3_Familia,2023,70.34,0.95,16,0,505,1
EXP-09363,JAMUNDI,VIF,Comisaria_1_Familia,2024,2.64,1.1,7,0,265,1
EXP-09364,CANDELARIA,ALIMENTOS,Juzgado_Penal_Municipal_2,2024,3.08,1.05,1,0,266,1
EXP-09365,CALI,SUSTANCIAS,Juzgado_2_Familia,2020,70.34,1.2,20,0,627,1
EXP-09366,CANDELARIA,VIF,Juzgado_2_Familia,2023,3.08,1.2,1,0,237,1
EXP-09367,CANDELARIA,ALIMENTOS,Juzgado_Penal_Municipal_1,2020,3.08,1.25,3,1,280,0
EXP-09368,JAMUNDI,SUSTANCIAS,Comisaria_1_Familia,2024,2.64,1.1,3,0,235,1
EXP-09369,ZARZAL,SUSTANCIAS,Juzgado_2_Familia,2023,1.12,1.2,1,0,248,1
EXP-09370,ZARZAL,ALIMENTOS,Comisaria_1_Familia,2023,1.12,1.1,9,0,325,1
EXP-09371,LA CUMBRE,ALIMENTOS,Comisaria_1_Familia,2023,0.24,1.1,1,0,235,0
EXP-09372,BOLIVAR,ALIMENTOS,Juzgado_2_Familia,2024,0.2333333333333333,1.2,1,0,315,1
EXP-09373,SIN_DATO,HURTO_PATRIMONIAL,Juzgado_3_Familia,2022,2.2,0.95,2,1,286,0
EXP-09374,PALMIRA,HURTO_PATRIMONIAL,Juzgado_Penal_Municipal_1,2021,11.54,1.25,2,0,389,1
EXP-09375,ROLDANILLO,ALIMENTOS,Juzgado_3_Familia,2024,1.26,0.95,9,1,414,1
EXP-09376,GINEBRA,VIF,Comisaria_1_Familia,2024,0.6,1.1,1,0,205,1
EXP-09377,ANSERMANUEVO,ALIMENTOS,Juzgado_2_Familia,2021,0.2,1.2,9,1,301,0
EXP-09378,YUMBO,ALIMENTOS,Juzgado_3_Familia,2023,3.5,0.95,1,1,338,1
EXP-09379,GINEBRA,HURTO_PATRIMONIAL,Juzgado_Penal_Municipal_2,2024,0.6,1.05,1,0,130,0
EXP-09380,GUADALAJARA DE BUGA,HURTO_PATRIMONIAL,Comisaria_2_Familia,2021,6.6,0.9,2,1,398,1
EXP-09381,BUGALAGRANDE,HURTO_PATRIMONIAL,Juzgado_Penal_Municipal_1,2024,0.2799999999999999,1.25,5,0,431,1
EXP-09382,ZARZAL,VIF,Juzgado_Penal_Municipal_1,2023,1.12,1.25,4,0,253,1
EXP-09383,CALI,ALIMENTOS,Comisaria_2_Familia,2024,70.34,0.9,5,1,491,0
EXP-09384,BOLIVAR,HURTO_PATRIMONIAL,Juzgado_3_Familia,2024,0.2333333333333333,0.95,8,0,361,1
EXP-09385,EL DOVIO,HURTO_PATRIMONIAL,Juzgado_3_Familia,2022,0.1,0.95,4,1,444,1
EXP-09386,YUMBO,VIF,Juzgado_3_Familia,2020,3.5,0.95,2,0,187,1
EXP-09387,PALMIRA,ALIMENTOS,Comisaria_2_Familia,2022,11.54,0.9,3,1,428,1
EXP-09388,PRADERA,VIF,Juzgado_Penal_Municipal_1,2024,0.72,1.25,2,0,152,0
EXP-09389,GUADALAJARA DE BUGA,VIF,Juzgado_Penal_Municipal_2,2023,6.6,1.05,5,0,239,1
EXP-09390,PRADERA,VIF,Juzgado_Penal_Municipal_2,2024,0.72,1.05,2,0,138,0
EXP-09391,PALMIRA,ALIMENTOS,Juzgado_2_Familia,2023,11.54,1.2,2,0,287,1
EXP-09392,CAICEDONIA,VIF,Juzgado_2_Familia,2021,1.28,1.2,2,0,208,1
EXP-09393,BUENAVENTURA,VIF,Comisaria_2_Familia,2021,3.34,0.9,2,0,178,1
EXP-09394,CALI,VIF,Juzgado_2_Familia,2023,70.34,1.2,12,0,412,0
EXP-09395,ZARZAL,SUSTANCIAS,Juzgado_Penal_Municipal_1,2021,1.12,1.25,2,0,148,0
EXP-09396,CALI,VIF,Juzgado_Penal_Municipal_2,2020,70.34,1.05,3,0,377,1
EXP-09397,EL CERRITO,VIF,Juzgado_1_Familia,2022,1.1,1.35,1,0,239,1
EXP-09398,JAMUNDI,HURTO_PATRIMONIAL,Juzgado_Penal_Municipal_1,2023,2.64,1.25,4,1,522,1
EXP-09399,PRADERA,ALIMENTOS,Juzgado_Penal_Municipal_2,2020,0.72,1.05,4,0,282,1
EXP-09400,GINEBRA,HURTO_PATRIMONIAL,Juzgado_2_Familia,2023,0.6,1.2,14,1,247,0
EXP-09401,CALI,ALIMENTOS,Comisaria_1_Familia,2023,70.34,1.1,6,0,516,1
EXP-09402,CANDELARIA,VIF,Comisaria_1_Familia,2024,3.08,1.1,1,0,213,1
EXP-09403,CALI,VIF,Juzgado_3_Familia,2021,70.34,0.95,2,0,390,1
EXP-09404,EL CERRITO,ALIMENTOS,Juzgado_3_Familia,2024,1.1,0.95,1,0,240,1
EXP-09405,CANDELARIA,VIF,Juzgado_Penal_Municipal_1,2023,3.08,1.25,6,0,265,1
EXP-09406,TRUJILLO,ALIMENTOS,Juzgado_3_Familia,2024,0.225,0.95,1,0,222,1
EXP-09407,CARTAGO,SUSTANCIAS,Juzgado_Penal_Municipal_2,2024,5.56,1.05,8,0,230,0
EXP-09408,CALI,ALIMENTOS,Juzgado_3_Familia,2021,70.34,0.95,4,0,464,1
EXP-09409,CANDELARIA,ALIMENTOS,Juzgado_Penal_Municipal_2,2022,3.08,1.05,4,1,432,1
EXP-09410,CARTAGO,SUSTANCIAS,Juzgado_3_Familia,2024,5.56,0.95,8,0,240,1
EXP-09411,CALI,HURTO_PATRIMONIAL,Juzgado_2_Familia,2023,70.34,1.2,1,0,553,1
EXP-09412,GUADALAJARA DE BUGA,VIF,Comisaria_2_Familia,2022,6.6,0.9,9,0,258,1
EXP-09413,CAICEDONIA,ALIMENTOS,Juzgado_Penal_Municipal_1,2023,1.28,1.25,1,0,308,1
EXP-09414,ANDALUCIA,VIF,Juzgado_2_Familia,2023,0.38,1.2,4,0,231,1
EXP-09415,CANDELARIA,VIF,Juzgado_1_Familia,2021,3.08,1.35,8,0,306,1
EXP-09416,PALMIRA,VIF,Juzgado_3_Familia,2023,11.54,0.95,1,0,235,1
EXP-09417,PALMIRA,ALIMENTOS,Juzgado_Penal_Municipal_1,2021,11.54,1.25,2,0,357,1
EXP-09418,GUADALAJARA DE BUGA,HURTO_PATRIMONIAL,Juzgado_Penal_Municipal_2,2021,6.6,1.05,11,0,410,1
EXP-09419,GUACARI,VIF,Comisaria_1_Familia,2024,1.48,1.1,4,0,115,0
EXP-09420,CALI,ALIMENTOS,Comisaria_2_Familia,2024,70.34,0.9,9,1,649,1
EXP-09421,CARTAGO,VIF,Juzgado_1_Familia,2021,5.56,1.35,1,0,242,1
EXP-09422,CALI,VIF,Juzgado_Penal_Municipal_1,2024,70.34,1.25,6,0,483,1
EXP-09423,PALMIRA,ALIMENTOS,Comisaria_1_Familia,2023,11.54,1.1,1,0,324,1
EXP-09424,CALI,VIF,Comisaria_2_Familia,2022,70.34,0.9,7,0,287,0
EXP-09425,FLORIDA,VIF,Juzgado_Penal_Municipal_2,2020,0.8,1.05,7,0,180,0
EXP-09426,FLORIDA,VIF,Juzgado_Penal_Municipal_1,2022,0.8,1.25,2,0,187,0
EXP-09427,ZARZAL,VIF,Juzgado_Penal_Municipal_1,2021,1.12,1.25,4,0,238,1
EXP-09428,YUMBO,ALIMENTOS,Juzgado_1_Familia,2021,3.5,1.35,1,1,393,0
EXP-09429,CALI,HURTO_PATRIMONIAL,Comisaria_1_Familia,2022,70.34,1.1,5,1,686,1
EXP-09430,CALI,HURTO_PATRIMONIAL,Juzgado_3_Familia,2022,70.34,0.95,2,0,507,1
EXP-09431,YUMBO,SUSTANCIAS,Juzgado_2_Familia,2022,3.5,1.2,1,0,256,1
EXP-09432,EL AGUILA,VIF,Juzgado_1_Familia,2021,0.1666666666666666,1.35,3,0,278,1
EXP-09433,FLORIDA,SUSTANCIAS,Juzgado_Penal_Municipal_1,2020,0.8,1.25,3,0,238,1
EXP-09434,CALI,ALIMENTOS,Juzgado_Penal_Municipal_2,2021,70.34,1.05,8,1,421,0
EXP-09435,GUADALAJARA DE BUGA,HURTO_PATRIMONIAL,Comisaria_1_Familia,2024,6.6,1.1,4,0,365,1
EXP-09436,ANDALUCIA,ALIMENTOS,Comisaria_2_Familia,2023,0.38,0.9,2,1,406,1
EXP-09437,LA CUMBRE,ALIMENTOS,Juzgado_Penal_Municipal_1,2022,0.24,1.25,2,1,487,1
EXP-09438,EL AGUILA,HURTO_PATRIMONIAL,Juzgado_3_Familia,2022,0.1666666666666666,0.95,2,0,262,1
EXP-09439,CALI,VIF,Juzgado_3_Familia,2023,70.34,0.95,3,0,446,1
EXP-09440,JAMUNDI,VIF,Juzgado_1_Familia,2020,2.64,1.35,9,0,299,1
EXP-09441,ARGELIA,VIF,Juzgado_Penal_Municipal_1,2024,0.2,1.25,5,0,271,1
EXP-09442,CALI,HURTO_PATRIMONIAL,Juzgado_3_Familia,2021,70.34,0.95,8,1,656,1
EXP-09443,YUMBO,HURTO_PATRIMONIAL,Juzgado_3_Familia,2021,3.5,0.95,2,0,232,0
EXP-09444,CANDELARIA,SUSTANCIAS,Comisaria_2_Familia,2021,3.08,0.9,1,0,181,1
EXP-09445,JAMUNDI,VIF,Comisaria_1_Familia,2022,2.64,1.1,14,0,302,1
EXP-09446,CALIMA,VIF,Juzgado_3_Familia,2023,0.3199999999999999,0.95,2,0,184,1
EXP-09447,CALI,HURTO_PATRIMONIAL,Comisaria_1_Familia,2024,70.34,1.1,3,0,485,1
EXP-09448,SEVILLA,ALIMENTOS,Juzgado_3_Familia,2022,1.62,0.95,2,0,238,1
EXP-09449,JAMUNDI,VIF,Juzgado_Penal_Municipal_2,2024,2.64,1.05,4,0,212,1
EXP-09450,RESTREPO,ALIMENTOS,Juzgado_Penal_Municipal_1,2024,0.24,1.25,11,0,427,1
EXP-09451,CALI,ALIMENTOS,Juzgado_Penal_Municipal_2,2023,70.34,1.05,7,0,539,1
EXP-09452,GUADALAJARA DE BUGA,VIF,Comisaria_1_Familia,2021,6.6,1.1,13,0,303,1
EXP-09453,EL CAIRO,SUSTANCIAS,Juzgado_3_Familia,2023,0.1,0.95,7,0,231,1
EXP-09454,FLORIDA,VIF,Juzgado_3_Familia,2022,0.8,0.95,3,0,105,0
EXP-09455,PALMIRA,ALIMENTOS,Juzgado_2_Familia,2023,11.54,1.2,6,1,487,1
EXP-09456,RESTREPO,ALIMENTOS,Juzgado_1_Familia,2023,0.24,1.35,12,1,331,0
EXP-09457,GUADALAJARA DE BUGA,HURTO_PATRIMONIAL,Comisaria_1_Familia,2022,6.6,1.1,4,0,333,1
EXP-09458,TULUA,SUSTANCIAS,Juzgado_Penal_Municipal_2,2024,3.34,1.05,3,0,271,1
EXP-09459,CALI,ALIMENTOS,Juzgado_3_Familia,2024,70.34,0.95,1,0,420,1
EXP-09460,BUENAVENTURA,HURTO_PATRIMONIAL,Juzgado_Penal_Municipal_1,2024,3.34,1.25,2,1,537,1
EXP-09461,CARTAGO,VIF,Juzgado_1_Familia,2022,5.56,1.35,15,0,343,1
EXP-09462,GUADALAJARA DE BUGA,ALIMENTOS,Comisaria_1_Familia,2023,6.6,1.1,5,0,344,1
EXP-09463,CALI,ALIMENTOS,Juzgado_Penal_Municipal_1,2024,70.34,1.25,1,0,538,1
EXP-09464,PALMIRA,HURTO_PATRIMONIAL,Juzgado_1_Familia,2023,11.54,1.35,2,0,415,1
EXP-09465,YUMBO,VIF,Juzgado_Penal_Municipal_1,2024,3.5,1.25,2,0,262,1
EXP-09466,LA VICTORIA,VIF,Juzgado_3_Familia,2024,0.1666666666666666,0.95,3,0,184,1
EXP-09467,CALI,ALIMENTOS,Juzgado_Penal_Municipal_2,2022,70.34,1.05,1,0,521,1
EXP-09468,PALMIRA,ALIMENTOS,Juzgado_Penal_Municipal_1,2024,11.54,1.25,3,0,404,1
EXP-09469,GUADALAJARA DE BUGA,HURTO_PATRIMONIAL,Juzgado_2_Familia,2023,6.6,1.2,12,0,486,1
EXP-09470,ALCALA,ALIMENTOS,Juzgado_3_Familia,2024,0.22,0.95,2,0,294,1
EXP-09471,SIN_DATO,ALIMENTOS,Juzgado_2_Familia,2023,2.2,1.2,1,0,286,1
EXP-09472,SEVILLA,ALIMENTOS,Comisaria_2_Familia,2024,1.62,0.9,4,0,213,1
EXP-09473,CAICEDONIA,VIF,Juzgado_2_Familia,2022,1.28,1.2,3,0,239,1
EXP-09474,EL CERRITO,ALIMENTOS,Juzgado_Penal_Municipal_2,2023,1.1,1.05,2,0,268,1
EXP-09475,TORO,HURTO_PATRIMONIAL,Juzgado_Penal_Municipal_1,2022,0.1333333333333333,1.25,3,0,319,1
EXP-09476,PALMIRA,HURTO_PATRIMONIAL,Juzgado_Penal_Municipal_1,2023,11.54,1.25,1,0,396,1
EXP-09477,SEVILLA,ALIMENTOS,Juzgado_Penal_Municipal_1,2022,1.62,1.25,10,0,392,1
EXP-09478,CALI,VIF,Juzgado_Penal_Municipal_1,2023,70.34,1.25,3,0,299,0
EXP-09479,BUENAVENTURA,ALIMENTOS,Juzgado_3_Familia,2021,3.34,0.95,5,1,424,1
EXP-09480,CANDELARIA,VIF,Juzgado_Penal_Municipal_1,2022,3.08,1.25,1,0,251,1
EXP-09481,ZARZAL,HURTO_PATRIMONIAL,Comisaria_2_Familia,2023,1.12,0.9,5,0,316,1
EXP-09482,PALMIRA,ALIMENTOS,Juzgado_2_Familia,2022,11.54,1.2,1,0,367,1
EXP-09483,GUADALAJARA DE BUGA,ALIMENTOS,Juzgado_1_Familia,2021,6.6,1.35,3,0,321,1
EXP-09484,YUMBO,ALIMENTOS,Juzgado_1_Familia,2023,3.5,1.35,1,1,488,1
EXP-09485,CARTAGO,ALIMENTOS,Juzgado_Penal_Municipal_1,2024,5.56,1.25,9,1,503,1
EXP-09486,CAICEDONIA,SUSTANCIAS,Juzgado_Penal_Municipal_1,2024,1.28,1.25,2,0,266,1
EXP-09487,CALI,VIF,Juzgado_Penal_Municipal_1,2024,70.34,1.25,7,0,286,0
EXP-09488,CALI,HURTO_PATRIMONIAL,Juzgado_Penal_Municipal_1,2020,70.34,1.25,6,0,622,1
EXP-09489,TULUA,ALIMENTOS,Comisaria_2_Familia,2022,3.34,0.9,8,0,281,1
EXP-09490,CANDELARIA,VIF,Juzgado_1_Familia,2023,3.08,1.35,1,0,270,1
EXP-09491,PRADERA,HURTO_PATRIMONIAL,Juzgado_3_Familia,2021,0.72,0.95,2,1,198,0
EXP-09492,DAGUA,ALIMENTOS,Juzgado_2_Familia,2023,1.3666666666666665,1.2,1,0,120,0
EXP-09493,BUENAVENTURA,VIF,Juzgado_Penal_Municipal_2,2024,3.34,1.05,1,0,147,0
EXP-09494,VIJES,VIF,Juzgado_Penal_Municipal_2,2023,0.175,1.05,5,0,130,0
EXP-09495,CALI,VIF,Juzgado_3_Familia,2022,70.34,0.95,7,0,421,1
EXP-09496,GUADALAJARA DE BUGA,ALIMENTOS,Juzgado_Penal_Municipal_1,2021,6.6,1.25,5,1,484,1
EXP-09497,OBANDO,VIF,Juzgado_1_Familia,2022,0.38,1.35,8,0,291,1
EXP-09498,OBANDO,HURTO_PATRIMONIAL,Juzgado_1_Familia,2020,0.38,1.35,3,0,408,1
EXP-09499,DAGUA,ALIMENTOS,Juzgado_3_Familia,2023,1.3666666666666665,0.95,7,1,192,0
EXP-09500,PALMIRA,ALIMENTOS,Comisaria_2_Familia,2021,11.54,0.9,3,0,259,1
EXP-09501,CARTAGO,ALIMENTOS,Juzgado_1_Familia,2024,5.56,1.35,6,0,214,0
EXP-09502,GUADALAJARA DE BUGA,ALIMENTOS,Juzgado_3_Familia,2022,6.6,0.95,3,1,173,0
EXP-09503,ARGELIA,VIF,Juzgado_2_Familia,2022,0.2,1.2,2,0,235,1
EXP-09504,ROLDANILLO,VIF,Comisaria_1_Familia,2022,1.26,1.1,8,0,271,1
EXP-09505,PRADERA,ALIMENTOS,Juzgado_Penal_Municipal_1,2021,0.72,1.25,3,0,333,1
EXP-09506,GUADALAJARA DE BUGA,HURTO_PATRIMONIAL,Juzgado_2_Familia,2020,6.6,1.2,7,1,545,1
EXP-09507,EL CERRITO,HURTO_PATRIMONIAL,Comisaria_2_Familia,2023,1.1,0.9,4,0,263,1
EXP-09508,LA VICTORIA,HURTO_PATRIMONIAL,Juzgado_Penal_Municipal_1,2021,0.1666666666666666,1.25,7,0,462,1
EXP-09509,TULUA,ALIMENTOS,Comisaria_2_Familia,2024,3.34,0.9,2,1,393,1
EXP-09510,RESTREPO,ALIMENTOS,Comisaria_2_Familia,2020,0.24,0.9,5,1,356,1
EXP-09511,BUENAVENTURA,SUSTANCIAS,Juzgado_3_Familia,2020,3.34,0.95,9,0,258,1
EXP-09512,YUMBO,VIF,Juzgado_3_Familia,2022,3.5,0.95,4,0,208,1
EXP-09513,LA UNION,ALIMENTOS,Comisaria_2_Familia,2020,0.575,0.9,3,1,371,1
EXP-09514,ROLDANILLO,ALIMENTOS,Juzgado_Penal_Municipal_2,2021,1.26,1.05,5,0,173,0
EXP-09515,CALI,VIF,Comisaria_1_Familia,2020,70.34,1.1,2,0,428,1
EXP-09516,CALI,HURTO_PATRIMONIAL,Comisaria_2_Familia,2024,70.34,0.9,1,0,416,1
EXP-09517,CAICEDONIA,ALIMENTOS,Comisaria_2_Familia,2020,1.28,0.9,18,0,377,1
EXP-09518,GUADALAJARA DE BUGA,ALIMENTOS,Juzgado_Penal_Municipal_2,2022,6.6,1.05,3,1,434,1
EXP-09519,GUACARI,SUSTANCIAS,Comisaria_1_Familia,2021,1.48,1.1,2,0,242,1
EXP-09520,GUADALAJARA DE BUGA,VIF,Juzgado_Penal_Municipal_2,2020,6.6,1.05,3,0,237,1
EXP-09521,PALMIRA,ALIMENTOS,Juzgado_2_Familia,2020,11.54,1.2,1,0,168,0
EXP-09522,JAMUNDI,ALIMENTOS,Juzgado_Penal_Municipal_2,2024,2.64,1.05,1,1,387,1
EXP-09523,EL CERRITO,VIF,Juzgado_Penal_Municipal_1,2022,1.1,1.25,3,0,237,1
EXP-09524,GUACARI,ALIMENTOS,Juzgado_3_Familia,2020,1.48,0.95,5,0,254,1
EXP-09525,GUACARI,VIF,Comisaria_2_Familia,2024,1.48,0.9,2,0,175,1
EXP-09526,CANDELARIA,SUSTANCIAS,Comisaria_1_Familia,2022,3.08,1.1,5,0,264,1
EXP-09527,TULUA,VIF,Comisaria_2_Familia,2021,3.34,0.9,2,0,165,1
EXP-09528,BOLIVAR,VIF,Juzgado_2_Familia,2023,0.2333333333333333,1.2,3,0,132,0
EXP-09529,ZARZAL,ALIMENTOS,Comisaria_2_Familia,2023,1.12,0.9,13,0,356,1
EXP-09530,SIN_DATO,ALIMENTOS,Comisaria_1_Familia,2024,2.2,1.1,11,1,457,1
EXP-09531,TRUJILLO,HURTO_PATRIMONIAL,Juzgado_2_Familia,2020,0.225,1.2,5,0,387,1
EXP-09532,SEVILLA,HURTO_PATRIMONIAL,Juzgado_Penal_Municipal_2,2023,1.62,1.05,2,0,340,1
EXP-09533,DAGUA,HURTO_PATRIMONIAL,Juzgado_Penal_Municipal_2,2022,1.3666666666666665,1.05,3,1,448,1
EXP-09534,ALCALA,ALIMENTOS,Juzgado_Penal_Municipal_2,2022,0.22,1.05,6,1,424,1
EXP-09535,GUADALAJARA DE BUGA,VIF,Juzgado_2_Familia,2024,6.6,1.2,9,0,309,1
EXP-09536,GUACARI,ALIMENTOS,Juzgado_3_Familia,2024,1.48,0.95,4,0,301,1
EXP-09537,LA VICTORIA,HURTO_PATRIMONIAL,Juzgado_3_Familia,2024,0.1666666666666666,0.95,5,0,317,1
EXP-09538,GINEBRA,HURTO_PATRIMONIAL,Juzgado_3_Familia,2023,0.6,0.95,4,1,418,1
EXP-09539,CALI,HURTO_PATRIMONIAL,Juzgado_3_Familia,2022,70.34,0.95,4,1,642,1
EXP-09540,ROLDANILLO,VIF,Juzgado_Penal_Municipal_1,2022,1.26,1.25,4,0,248,1
EXP-09541,DAGUA,VIF,Juzgado_Penal_Municipal_1,2024,1.3666666666666665,1.25,13,0,317,1
EXP-09542,ANDALUCIA,ALIMENTOS,Comisaria_2_Familia,2023,0.38,0.9,1,1,355,1
EXP-09543,CARTAGO,ALIMENTOS,Juzgado_3_Familia,2023,5.56,0.95,3,0,273,1
EXP-09544,CALI,SUSTANCIAS,Comisaria_2_Familia,2021,70.34,0.9,1,0,370,1
EXP-09545,FLORIDA,VIF,Comisaria_1_Familia,2023,0.8,1.1,10,0,263,1
EXP-09546,CALI,ALIMENTOS,Juzgado_1_Familia,2024,70.34,1.35,1,0,557,1
EXP-09547,BUENAVENTURA,HURTO_PATRIMONIAL,Juzgado_1_Familia,2023,3.34,1.35,7,0,434,1
EXP-09548,SEVILLA,ALIMENTOS,Juzgado_1_Familia,2022,1.62,1.35,3,1,500,1
EXP-09549,ROLDANILLO,VIF,Juzgado_Penal_Municipal_1,2021,1.26,1.25,1,0,214,1
EXP-09550,EL CERRITO,ALIMENTOS,Juzgado_1_Familia,2023,1.1,1.35,6,0,393,1
EXP-09551,YOTOCO,HURTO_PATRIMONIAL,Juzgado_Penal_Municipal_1,2021,0.58,1.25,4,0,372,1
EXP-09552,DAGUA,ALIMENTOS,Juzgado_1_Familia,2024,1.3666666666666665,1.35,7,0,391,1
EXP-09553,CARTAGO,VIF,Juzgado_Penal_Municipal_1,2024,5.56,1.25,3,0,260,1
EXP-09554,YUMBO,VIF,Comisaria_1_Familia,2022,3.5,1.1,6,0,252,1
EXP-09555,PALMIRA,SUSTANCIAS,Juzgado_1_Familia,2023,11.54,1.35,3,0,316,1
EXP-09556,RIOFRIO,VIF,Juzgado_Penal_Municipal_1,2024,0.175,1.25,2,0,253,1
EXP-09557,SEVILLA,HURTO_PATRIMONIAL,Juzgado_3_Familia,2024,1.62,0.95,4,0,244,0
EXP-09558,EL AGUILA,VIF,Juzgado_3_Familia,2024,0.1666666666666666,0.95,7,0,225,1
EXP-09559,TULUA,ALIMENTOS,Juzgado_3_Familia,2022,3.34,0.95,5,1,394,1
EXP-09560,CALI,VIF,Juzgado_2_Familia,2024,70.34,1.2,1,0,438,1
EXP-09561,ROLDANILLO,HURTO_PATRIMONIAL,Juzgado_1_Familia,2023,1.26,1.35,9,0,319,0
EXP-09562,BUENAVENTURA,ALIMENTOS,Juzgado_1_Familia,2022,3.34,1.35,4,1,481,1
EXP-09563,CALI,ALIMENTOS,Juzgado_Penal_Municipal_1,2023,70.34,1.25,5,0,531,1
EXP-09564,RESTREPO,VIF,Comisaria_2_Familia,2022,0.24,0.9,12,0,249,1
EXP-09565,ZARZAL,SUSTANCIAS,Juzgado_Penal_Municipal_2,2024,1.12,1.05,7,0,110,0
EXP-09566,SIN_DATO,VIF,Juzgado_Penal_Municipal_2,2023,2.2,1.05,3,0,233,1
EXP-09567,YUMBO,VIF,Juzgado_Penal_Municipal_1,2020,3.5,1.25,2,0,229,1
EXP-09568,CALI,SUSTANCIAS,Comisaria_2_Familia,2021,70.34,0.9,14,0,501,1
EXP-09569,BUENAVENTURA,HURTO_PATRIMONIAL,Juzgado_Penal_Municipal_1,2023,3.34,1.25,13,0,482,1
EXP-09570,TULUA,ALIMENTOS,Juzgado_3_Familia,2020,3.34,0.95,15,0,355,1
EXP-09571,CAICEDONIA,ALIMENTOS,Juzgado_2_Familia,2020,1.28,1.2,5,1,450,1
EXP-09572,LA CUMBRE,SUSTANCIAS,Comisaria_2_Familia,2022,0.24,0.9,2,0,184,1
EXP-09573,CARTAGO,VIF,Comisaria_1_Familia,2022,5.56,1.1,5,0,263,1
EXP-09574,CALI,HURTO_PATRIMONIAL,Juzgado_Penal_Municipal_1,2022,70.34,1.25,6,0,300,0
EXP-09575,GINEBRA,SUSTANCIAS,Comisaria_2_Familia,2021,0.6,0.9,6,0,193,1
EXP-09576,BUENAVENTURA,VIF,Comisaria_2_Familia,2023,3.34,0.9,1,0,162,1
EXP-09577,GUACARI,VIF,Comisaria_1_Familia,2024,1.48,1.1,1,0,238,1
EXP-09578,CALI,SUSTANCIAS,Comisaria_2_Familia,2024,70.34,0.9,6,0,448,1
EXP-09579,TULUA,ALIMENTOS,Juzgado_3_Familia,2023,3.34,0.95,1,0,226,1
EXP-09580,LA UNION,ALIMENTOS,Juzgado_3_Familia,2020,0.575,0.95,1,0,265,1
EXP-09581,LA VICTORIA,VIF,Juzgado_3_Familia,2023,0.1666666666666666,0.95,10,0,266,1
EXP-09582,DAGUA,VIF,Juzgado_2_Familia,2021,1.3666666666666665,1.2,1,0,233,1
EXP-09583,CARTAGO,VIF,Comisaria_2_Familia,2024,5.56,0.9,6,0,131,0
EXP-09584,EL CAIRO,HURTO_PATRIMONIAL,Juzgado_1_Familia,2022,0.1,1.35,6,0,409,1
EXP-09585,CALI,VIF,Juzgado_2_Familia,2022,70.34,1.2,3,0,449,1
EXP-09586,LA UNION,VIF,Juzgado_1_Familia,2022,0.575,1.35,2,0,282,1
EXP-09587,ANDALUCIA,VIF,Comisaria_2_Familia,2021,0.38,0.9,3,0,183,1
EXP-09588,CALI,VIF,Juzgado_Penal_Municipal_1,2022,70.34,1.25,4,0,256,0
EXP-09589,ARGELIA,VIF,Comisaria_2_Familia,2023,0.2,0.9,4,0,86,0
EXP-09590,LA UNION,VIF,Juzgado_Penal_Municipal_2,2022,0.575,1.05,3,0,220,1
EXP-09591,SEVILLA,ALIMENTOS,Juzgado_1_Familia,2022,1.62,1.35,2,0,346,1
EXP-09592,YUMBO,VIF,Juzgado_Penal_Municipal_1,2022,3.5,1.25,9,0,320,1
EXP-09593,LA UNION,HURTO_PATRIMONIAL,Juzgado_2_Familia,2023,0.575,1.2,4,0,403,1
EXP-09594,JAMUNDI,ALIMENTOS,Juzgado_Penal_Municipal_2,2021,2.64,1.05,5,0,305,1
EXP-09595,CALI,ALIMENTOS,Juzgado_Penal_Municipal_1,2024,70.34,1.25,3,1,661,1
EXP-09596,TRUJILLO,HURTO_PATRIMONIAL,Juzgado_Penal_Municipal_2,2023,0.225,1.05,4,0,359,1
EXP-09597,PALMIRA,VIF,Juzgado_2_Familia,2023,11.54,1.2,3,0,284,1
EXP-09598,CALI,VIF,Juzgado_Penal_Municipal_2,2023,70.34,1.05,6,0,451,1
EXP-09599,JAMUNDI,ALIMENTOS,Comisaria_2_Familia,2024,2.64,0.9,1,0,225,1
EXP-09600,CALI,SUSTANCIAS,Comisaria_2_Familia,2024,70.34,0.9,3,0,451,1
EXP-09601,YOTOCO,ALIMENTOS,Juzgado_Penal_Municipal_1,2022,0.58,1.25,1,0,311,1
EXP-09602,CALI,ALIMENTOS,Juzgado_Penal_Municipal_2,2024,70.34,1.05,1,1,637,1
EXP-09603,TORO,VIF,Comisaria_1_Familia,2022,0.1333333333333333,1.1,2,0,184,1
EXP-09604,CALI,VIF,Juzgado_Penal_Municipal_1,2023,70.34,1.25,9,0,453,1
EXP-09605,ZARZAL,VIF,Juzgado_Penal_Municipal_2,2022,1.12,1.05,2,0,203,1
EXP-09606,LA VICTORIA,VIF,Juzgado_Penal_Municipal_1,2024,0.1666666666666666,1.25,8,0,259,1
EXP-09607,ALCALA,VIF,Comisaria_1_Familia,2022,0.22,1.1,3,0,194,1
EXP-09608,JAMUNDI,ALIMENTOS,Comisaria_1_Familia,2024,2.64,1.1,6,1,472,1
EXP-09609,BUENAVENTURA,VIF,Juzgado_1_Familia,2023,3.34,1.35,7,0,316,1
EXP-09610,TULUA,HURTO_PATRIMONIAL,Comisaria_2_Familia,2024,3.34,0.9,7,0,343,1
EXP-09611,CALI,HURTO_PATRIMONIAL,Juzgado_1_Familia,2023,70.34,1.35,1,1,460,0
EXP-09612,CALI,VIF,Juzgado_1_Familia,2024,70.34,1.35,2,0,462,1
EXP-09613,PALMIRA,ALIMENTOS,Juzgado_2_Familia,2023,11.54,1.2,3,0,325,1
EXP-09614,YUMBO,VIF,Juzgado_Penal_Municipal_1,2022,3.5,1.25,2,0,239,1
EXP-09615,CANDELARIA,VIF,Juzgado_Penal_Municipal_1,2024,3.08,1.25,8,0,275,1
EXP-09616,JAMUNDI,HURTO_PATRIMONIAL,Juzgado_Penal_Municipal_2,2023,2.64,1.05,4,1,455,1
EXP-09617,CALI,ALIMENTOS,Juzgado_1_Familia,2024,70.34,1.35,1,0,534,1
EXP-09618,CALI,HURTO_PATRIMONIAL,Juzgado_3_Familia,2020,70.34,0.95,6,1,656,1
EXP-09619,CARTAGO,VIF,Juzgado_Penal_Municipal_2,2022,5.56,1.05,10,0,258,1
EXP-09620,GUADALAJARA DE BUGA,ALIMENTOS,Juzgado_3_Familia,2022,6.6,0.95,5,1,427,1
EXP-09621,CALI,HURTO_PATRIMONIAL,Juzgado_Penal_Municipal_2,2022,70.34,1.05,3,0,527,1
EXP-09622,BUENAVENTURA,HURTO_PATRIMONIAL,Juzgado_2_Familia,2024,3.34,1.2,2,1,544,1
EXP-09623,CALIMA,VIF,Comisaria_1_Familia,2023,0.3199999999999999,1.1,1,0,186,1
EXP-09624,CALI,ALIMENTOS,Juzgado_Penal_Municipal_1,2023,70.34,1.25,10,0,583,1
EXP-09625,RIOFRIO,SUSTANCIAS,Juzgado_Penal_Municipal_2,2023,0.175,1.05,1,0,234,1
EXP-09626,CALI,HURTO_PATRIMONIAL,Comisaria_2_Familia,2020,70.34,0.9,2,1,656,1
EXP-09627,CALI,HURTO_PATRIMONIAL,Comisaria_1_Familia,2024,70.34,1.1,3,1,684,1
EXP-09628,CALI,ALIMENTOS,Juzgado_2_Familia,2024,70.34,1.2,3,1,656,1
EXP-09629,CALI,HURTO_PATRIMONIAL,Juzgado_1_Familia,2024,70.34,1.35,1,0,610,1
EXP-09630,CANDELARIA,VIF,Juzgado_2_Familia,2024,3.08,1.2,7,0,236,0
EXP-09631,LA VICTORIA,HURTO_PATRIMONIAL,Juzgado_2_Familia,2024,0.1666666666666666,1.2,3,1,527,1
EXP-09632,BUENAVENTURA,ALIMENTOS,Juzgado_Penal_Municipal_1,2023,3.34,1.25,1,0,317,1
EXP-09633,CANDELARIA,VIF,Juzgado_2_Familia,2021,3.08,1.2,7,0,227,0
EXP-09634,SEVILLA,VIF,Comisaria_2_Familia,2022,1.62,0.9,2,0,170,0
EXP-09635,YUMBO,ALIMENTOS,Comisaria_1_Familia,2022,3.5,1.1,12,0,352,1
EXP-09636,EL DOVIO,VIF,Comisaria_2_Familia,2023,0.1,0.9,3,0,191,1
EXP-09637,CAICEDONIA,ALIMENTOS,Juzgado_Penal_Municipal_2,2021,1.28,1.05,1,0,236,1
EXP-09638,BUENAVENTURA,SUSTANCIAS,Juzgado_2_Familia,2022,3.34,1.2,6,0,301,1
EXP-09639,BUGALAGRANDE,VIF,Juzgado_2_Familia,2023,0.2799999999999999,1.2,12,0,309,1
EXP-09640,CALIMA,ALIMENTOS,Juzgado_Penal_Municipal_1,2024,0.3199999999999999,1.25,6,0,345,1
EXP-09641,LA VICTORIA,HURTO_PATRIMONIAL,Juzgado_1_Familia,2020,0.1666666666666666,1.35,6,0,257,0
EXP-09642,CANDELARIA,VIF,Juzgado_1_Familia,2021,3.08,1.35,8,0,301,1
EXP-09643,CALI,HURTO_PATRIMONIAL,Comisaria_2_Familia,2020,70.34,0.9,4,0,201,0
EXP-09644,DAGUA,VIF,Juzgado_Penal_Municipal_2,2022,1.3666666666666665,1.05,1,0,191,1
EXP-09645,LA VICTORIA,ALIMENTOS,Juzgado_2_Familia,2024,0.1666666666666666,1.2,2,1,481,1
EXP-09646,PRADERA,ALIMENTOS,Juzgado_2_Familia,2021,0.72,1.2,6,1,219,0
EXP-09647,CAICEDONIA,ALIMENTOS,Comisaria_1_Familia,2023,1.28,1.1,1,1,222,0
EXP-09648,LA CUMBRE,VIF,Juzgado_Penal_Municipal_2,2020,0.24,1.05,5,0,241,1
EXP-09649,RESTREPO,HURTO_PATRIMONIAL,Juzgado_1_Familia,2024,0.24,1.35,8,0,473,1
EXP-09650,DAGUA,VIF,Comisaria_2_Familia,2024,1.3666666666666665,0.9,5,0,234,1
EXP-09651,SEVILLA,VIF,Comisaria_1_Familia,2024,1.62,1.1,6,0,244,1
EXP-09652,CALI,HURTO_PATRIMONIAL,Juzgado_3_Familia,2022,70.34,0.95,1,1,641,1
EXP-09653,SEVILLA,VIF,Juzgado_2_Familia,2022,1.62,1.2,2,0,225,1
EXP-09654,SEVILLA,VIF,Juzgado_Penal_Municipal_1,2021,1.62,1.25,3,0,221,1
EXP-09655,GUADALAJARA DE BUGA,ALIMENTOS,Juzgado_Penal_Municipal_1,2024,6.6,1.25,6,1,507,1
EXP-09656,TRUJILLO,ALIMENTOS,Juzgado_1_Familia,2024,0.225,1.35,5,0,337,1
EXP-09657,CANDELARIA,HURTO_PATRIMONIAL,Juzgado_3_Familia,2023,3.08,0.95,1,1,433,1
EXP-09658,PALMIRA,ALIMENTOS,Juzgado_Penal_Municipal_1,2022,11.54,1.25,4,0,377,1
EXP-09659,CALI,SUSTANCIAS,Juzgado_Penal_Municipal_1,2023,70.34,1.25,1,0,480,1
EXP-09660,PALMIRA,VIF,Juzgado_Penal_Municipal_1,2024,11.54,1.25,2,0,278,1
EXP-09661,LA UNION,VIF,Juzgado_Penal_Municipal_2,2021,0.575,1.05,4,0,227,1
EXP-09662,CALI,ALIMENTOS,Juzgado_2_Familia,2020,70.34,1.2,3,0,315,0
EXP-09663,CALI,ALIMENTOS,Comisaria_2_Familia,2022,70.34,0.9,6,0,431,1
EXP-09664,PRADERA,ALIMENTOS,Juzgado_2_Familia,2023,0.72,1.2,4,0,239,0
EXP-09665,BUENAVENTURA,ALIMENTOS,Juzgado_Penal_Municipal_2,2023,3.34,1.05,4,0,291,1
EXP-09666,CALI,ALIMENTOS,Comisaria_1_Familia,2023,70.34,1.1,4,1,639,1
EXP-09667,PALMIRA,SUSTANCIAS,Juzgado_Penal_Municipal_1,2024,11.54,1.25,6,0,369,1
EXP-09668,CARTAGO,VIF,Juzgado_1_Familia,2024,5.56,1.35,1,0,245,1
EXP-09669,PRADERA,HURTO_PATRIMONIAL,Juzgado_3_Familia,2021,0.72,0.95,7,0,339,1
EXP-09670,GUADALAJARA DE BUGA,VIF,Comisaria_2_Familia,2023,6.6,0.9,1,0,195,1
EXP-09671,LA UNION,VIF,Juzgado_2_Familia,2024,0.575,1.2,2,0,203,1
EXP-09672,CALI,ALIMENTOS,Juzgado_Penal_Municipal_2,2023,70.34,1.05,10,0,342,0
EXP-09673,YUMBO,HURTO_PATRIMONIAL,Juzgado_2_Familia,2022,3.5,1.2,2,0,327,1
EXP-09674,CALI,ALIMENTOS,Comisaria_1_Familia,2022,70.34,1.1,3,1,637,1
EXP-09675,CANDELARIA,VIF,Juzgado_Penal_Municipal_2,2022,3.08,1.05,3,0,197,1
EXP-09676,CARTAGO,HURTO_PATRIMONIAL,Comisaria_2_Familia,2022,5.56,0.9,4,1,441,1
EXP-09677,JAMUNDI,ALIMENTOS,Juzgado_3_Familia,2024,2.64,0.95,5,1,451,1
EXP-09678,CAICEDONIA,VIF,Juzgado_2_Familia,2020,1.28,1.2,1,0,216,1
EXP-09679,CARTAGO,SUSTANCIAS,Juzgado_Penal_Municipal_1,2023,5.56,1.25,14,0,349,1
EXP-09680,ALCALA,ALIMENTOS,Juzgado_Penal_Municipal_1,2024,0.22,1.25,1,0,310,1
EXP-09681,LA VICTORIA,ALIMENTOS,Juzgado_1_Familia,2021,0.1666666666666666,1.35,7,0,352,1
EXP-09682,ROLDANILLO,VIF,Juzgado_2_Familia,2021,1.26,1.2,5,0,254,1
EXP-09683,CALI,ALIMENTOS,Juzgado_2_Familia,2024,70.34,1.2,7,1,544,0
EXP-09684,RIOFRIO,VIF,Juzgado_3_Familia,2023,0.175,0.95,3,0,196,1
EXP-09685,EL CERRITO,ALIMENTOS,Juzgado_2_Familia,2023,1.1,1.2,4,1,434,1
EXP-09686,CALI,VIF,Juzgado_3_Familia,2024,70.34,0.95,8,0,460,1
EXP-09687,DAGUA,VIF,Juzgado_3_Familia,2023,1.3666666666666665,0.95,3,0,185,1
EXP-09688,YUMBO,VIF,Juzgado_Penal_Municipal_1,2020,3.5,1.25,3,0,230,1
EXP-09689,GUADALAJARA DE BUGA,HURTO_PATRIMONIAL,Juzgado_3_Familia,2020,6.6,0.95,8,1,482,1
EXP-09690,CARTAGO,ALIMENTOS,Comisaria_1_Familia,2022,5.56,1.1,5,1,427,1
EXP-09691,JAMUNDI,VIF,Juzgado_2_Familia,2022,2.64,1.2,6,0,252,1
EXP-09692,PALMIRA,VIF,Juzgado_Penal_Municipal_1,2021,11.54,1.25,5,0,293,1
EXP-09693,LA CUMBRE,HURTO_PATRIMONIAL,Comisaria_1_Familia,2024,0.24,1.1,2,0,350,1
EXP-09694,TULUA,ALIMENTOS,Comisaria_2_Familia,2024,3.34,0.9,4,0,274,1
EXP-09695,YUMBO,ALIMENTOS,Juzgado_Penal_Municipal_1,2024,3.5,1.25,1,0,286,1
EXP-09696,SAN PEDRO,VIF,Juzgado_Penal_Municipal_1,2020,0.3,1.25,6,0,275,1
EXP-09697,DAGUA,ALIMENTOS,Juzgado_1_Familia,2024,1.3666666666666665,1.35,1,0,269,0
EXP-09698,CALI,VIF,Juzgado_Penal_Municipal_2,2021,70.34,1.05,2,0,376,1
EXP-09699,CALI,ALIMENTOS,Juzgado_3_Familia,2021,70.34,0.95,10,1,654,1
EXP-09700,JAMUNDI,HURTO_PATRIMONIAL,Juzgado_Penal_Municipal_2,2023,2.64,1.05,5,0,216,0
EXP-09701,YOTOCO,ALIMENTOS,Juzgado_1_Familia,2024,0.58,1.35,6,1,501,1
EXP-09702,CALI,VIF,Juzgado_1_Familia,2023,70.34,1.35,6,0,498,1
EXP-09703,EL CERRITO,ALIMENTOS,Juzgado_2_Familia,2023,1.1,1.2,4,0,315,1
EXP-09704,CANDELARIA,SUSTANCIAS,Comisaria_1_Familia,2023,3.08,1.1,8,0,283,1
EXP-09705,CALI,ALIMENTOS,Juzgado_Penal_Municipal_2,2024,70.34,1.05,5,1,704,1
EXP-09706,JAMUNDI,HURTO_PATRIMONIAL,Juzgado_Penal_Municipal_2,2020,2.64,1.05,5,0,410,1
EXP-09707,RIOFRIO,ALIMENTOS,Juzgado_3_Familia,2024,0.175,0.95,10,0,139,0
EXP-09708,ANDALUCIA,VIF,Juzgado_Penal_Municipal_2,2020,0.38,1.05,5,0,224,1
EXP-09709,GINEBRA,HURTO_PATRIMONIAL,Comisaria_1_Familia,2021,0.6,1.1,1,1,431,1
EXP-09710,PALMIRA,HURTO_PATRIMONIAL,Comisaria_1_Familia,2024,11.54,1.1,4,0,358,1
EXP-09711,PALMIRA,HURTO_PATRIMONIAL,Comisaria_2_Familia,2023,11.54,0.9,8,0,328,1
EXP-09712,CAICEDONIA,SUSTANCIAS,Comisaria_1_Familia,2023,1.28,1.1,2,0,241,1
EXP-09713,CANDELARIA,ALIMENTOS,Comisaria_2_Familia,2024,3.08,0.9,3,0,220,0
EXP-09714,LA UNION,ALIMENTOS,Comisaria_1_Familia,2023,0.575,1.1,4,0,205,0
EXP-09715,CALI,SUSTANCIAS,Juzgado_Penal_Municipal_2,2024,70.34,1.05,8,0,482,1
EXP-09716,ZARZAL,HURTO_PATRIMONIAL,Juzgado_Penal_Municipal_1,2023,1.12,1.25,8,0,396,1
EXP-09717,CALI,ALIMENTOS,Comisaria_1_Familia,2020,70.34,1.1,5,0,504,1
EXP-09718,FLORIDA,VIF,Comisaria_1_Familia,2022,0.8,1.1,2,0,204,1
EXP-09719,LA VICTORIA,VIF,Comisaria_1_Familia,2023,0.1666666666666666,1.1,1,0,131,0
EXP-09720,LA CUMBRE,HURTO_PATRIMONIAL,Comisaria_1_Familia,2024,0.24,1.1,6,0,326,1
EXP-09721,YUMBO,HURTO_PATRIMONIAL,Juzgado_3_Familia,2023,3.5,0.95,3,0,327,1
EXP-09722,CALI,ALIMENTOS,Juzgado_1_Familia,2024,70.34,1.35,3,0,589,1
EXP-09723,FLORIDA,ALIMENTOS,Juzgado_1_Familia,2024,0.8,1.35,9,0,412,1
EXP-09724,FLORIDA,VIF,Juzgado_1_Familia,2022,0.8,1.35,3,0,249,1
EXP-09725,PALMIRA,HURTO_PATRIMONIAL,Juzgado_1_Familia,2021,11.54,1.35,2,0,270,0
EXP-09726,LA UNION,VIF,Juzgado_Penal_Municipal_1,2020,0.575,1.25,2,0,229,1
EXP-09727,BUGALAGRANDE,ALIMENTOS,Juzgado_Penal_Municipal_1,2024,0.2799999999999999,1.25,3,0,313,1
EXP-09728,YUMBO,HURTO_PATRIMONIAL,Comisaria_1_Familia,2021,3.5,1.1,3,1,295,0
EXP-09729,JAMUNDI,VIF,Juzgado_2_Familia,2023,2.64,1.2,3,0,255,1
EXP-09730,YOTOCO,ALIMENTOS,Juzgado_3_Familia,2022,0.58,0.95,6,0,279,1
EXP-09731,ALCALA,VIF,Juzgado_1_Familia,2024,0.22,1.35,17,0,400,1
EXP-09732,TORO,HURTO_PATRIMONIAL,Comisaria_1_Familia,2023,0.1333333333333333,1.1,7,1,544,1
EXP-09733,SAN PEDRO,ALIMENTOS,Juzgado_2_Familia,2024,0.3,1.2,3,0,274,1
EXP-09734,TRUJILLO,ALIMENTOS,Juzgado_1_Familia,2024,0.225,1.35,16,1,445,0
EXP-09735,CALIMA,VIF,Juzgado_3_Familia,2023,0.3199999999999999,0.95,7,0,244,1
EXP-09736,GUADALAJARA DE BUGA,VIF,Comisaria_2_Familia,2023,6.6,0.9,2,0,203,1
EXP-09737,TULUA,VIF,Juzgado_2_Familia,2022,3.34,1.2,16,0,371,1
EXP-09738,BOLIVAR,VIF,Juzgado_1_Familia,2024,0.2333333333333333,1.35,5,0,288,1
EXP-09739,EL CERRITO,VIF,Juzgado_1_Familia,2021,1.1,1.35,10,0,322,1
EXP-09740,VERSALLES,HURTO_PATRIMONIAL,Juzgado_2_Familia,2023,0.1333333333333333,1.2,11,0,410,1
EXP-09741,DAGUA,SUSTANCIAS,Juzgado_Penal_Municipal_2,2022,1.3666666666666665,1.05,2,0,220,1
EXP-09742,CALI,HURTO_PATRIMONIAL,Juzgado_2_Familia,2024,70.34,1.2,6,0,633,1
EXP-09743,TRUJILLO,SUSTANCIAS,Juzgado_Penal_Municipal_2,2024,0.225,1.05,10,0,282,1
EXP-09744,JAMUNDI,VIF,Juzgado_2_Familia,2024,2.64,1.2,2,0,100,0
EXP-09745,CALI,VIF,Juzgado_3_Familia,2024,70.34,0.95,2,0,397,1
EXP-09746,PRADERA,VIF,Juzgado_Penal_Municipal_1,2021,0.72,1.25,7,0,221,0
EXP-09747,GUACARI,ALIMENTOS,Comisaria_1_Familia,2023,1.48,1.1,1,0,286,1
EXP-09748,CARTAGO,VIF,Juzgado_Penal_Municipal_1,2022,5.56,1.25,3,0,132,0
EXP-09749,SEVILLA,HURTO_PATRIMONIAL,Juzgado_1_Familia,2023,1.62,1.35,2,0,402,1
EXP-09750,CAICEDONIA,ALIMENTOS,Juzgado_1_Familia,2024,1.28,1.35,6,1,520,1
EXP-09751,JAMUNDI,ALIMENTOS,Comisaria_2_Familia,2023,2.64,0.9,1,1,371,1
EXP-09752,LA CUMBRE,HURTO_PATRIMONIAL,Juzgado_2_Familia,2024,0.24,1.2,5,0,377,1
EXP-09753,FLORIDA,VIF,Juzgado_1_Familia,2023,0.8,1.35,10,0,142,0
EXP-09754,GINEBRA,ALIMENTOS,Juzgado_3_Familia,2024,0.6,0.95,1,0,264,1
EXP-09755,BUENAVENTURA,ALIMENTOS,Juzgado_2_Familia,2021,3.34,1.2,5,0,317,1
EXP-09756,BUENAVENTURA,ALIMENTOS,Juzgado_3_Familia,2023,3.34,0.95,2,1,374,1
EXP-09757,CALI,HURTO_PATRIMONIAL,Juzgado_Penal_Municipal_2,2022,70.34,1.05,1,1,712,1
EXP-09758,RIOFRIO,VIF,Juzgado_1_Familia,2022,0.175,1.35,3,0,150,0
EXP-09759,JAMUNDI,SUSTANCIAS,Juzgado_2_Familia,2020,2.64,1.2,2,0,239,1
EXP-09760,VERSALLES,HURTO_PATRIMONIAL,Juzgado_1_Familia,2024,0.1333333333333333,1.35,1,1,519,1
EXP-09761,PALMIRA,VIF,Juzgado_3_Familia,2024,11.54,0.95,2,0,218,1
EXP-09762,SEVILLA,SUSTANCIAS,Juzgado_3_Familia,2024,1.62,0.95,4,0,226,1
EXP-09763,CALI,SUSTANCIAS,Comisaria_2_Familia,2024,70.34,0.9,2,0,393,1
EXP-09764,EL AGUILA,VIF,Juzgado_3_Familia,2021,0.1666666666666666,0.95,5,0,123,0
EXP-09765,GUACARI,VIF,Juzgado_2_Familia,2023,1.48,1.2,8,0,261,1
EXP-09766,CALI,VIF,Juzgado_Penal_Municipal_1,2021,70.34,1.25,11,0,368,0
EXP-09767,BOLIVAR,VIF,Juzgado_3_Familia,2023,0.2333333333333333,0.95,1,0,172,1
EXP-09768,BUGALAGRANDE,HURTO_PATRIMONIAL,Juzgado_Penal_Municipal_2,2023,0.2799999999999999,1.05,2,0,179,0
EXP-09769,EL CAIRO,ALIMENTOS,Juzgado_2_Familia,2022,0.1,1.2,1,0,164,0
EXP-09770,SIN_DATO,ALIMENTOS,Comisaria_1_Familia,2022,2.2,1.1,1,0,266,1
EXP-09771,CALI,HURTO_PATRIMONIAL,Comisaria_2_Familia,2023,70.34,0.9,13,1,718,1
EXP-09772,CALI,HURTO_PATRIMONIAL,Juzgado_2_Familia,2024,70.34,1.2,2,1,723,1
EXP-09773,DAGUA,SUSTANCIAS,Juzgado_Penal_Municipal_1,2024,1.3666666666666665,1.25,6,0,303,1
EXP-09774,RIOFRIO,ALIMENTOS,Juzgado_Penal_Municipal_2,2023,0.175,1.05,4,0,274,1
EXP-09775,DAGUA,VIF,Comisaria_2_Familia,2023,1.3666666666666665,0.9,5,0,182,1
EXP-09776,CALI,VIF,Juzgado_2_Familia,2023,70.34,1.2,4,0,375,0
EXP-09777,DAGUA,ALIMENTOS,Comisaria_1_Familia,2024,1.3666666666666665,1.1,7,1,204,0
EXP-09778,CANDELARIA,ALIMENTOS,Juzgado_Penal_Municipal_2,2022,3.08,1.05,1,0,254,1
EXP-09779,CALI,HURTO_PATRIMONIAL,Juzgado_Penal_Municipal_1,2024,70.34,1.25,7,0,602,1
EXP-09780,CARTAGO,HURTO_PATRIMONIAL,Comisaria_1_Familia,2023,5.56,1.1,8,1,557,1
EXP-09781,CAICEDONIA,ALIMENTOS,Juzgado_Penal_Municipal_2,2021,1.28,1.05,2,0,247,1
EXP-09782,CALI,HURTO_PATRIMONIAL,Comisaria_2_Familia,2020,70.34,0.9,9,0,498,1
EXP-09783,ANDALUCIA,VIF,Juzgado_Penal_Municipal_1,2024,0.38,1.25,1,0,202,1
EXP-09784,ZARZAL,VIF,Comisaria_1_Familia,2024,1.12,1.1,5,0,243,1
EXP-09785,GUADALAJARA DE BUGA,VIF,Juzgado_Penal_Municipal_2,2023,6.6,1.05,3,0,234,1
EXP-09786,SIN_DATO,VIF,Comisaria_2_Familia,2020,2.2,0.9,5,0,181,1
EXP-09787,YUMBO,HURTO_PATRIMONIAL,Juzgado_2_Familia,2023,3.5,1.2,4,0,385,1
EXP-09788,CALI,ALIMENTOS,Juzgado_Penal_Municipal_1,2021,70.34,1.25,1,0,244,0
EXP-09789,ANDALUCIA,ALIMENTOS,Comisaria_2_Familia,2024,0.38,0.9,3,0,219,1
EXP-09790,CALI,VIF,Comisaria_2_Familia,2024,70.34,0.9,7,0,443,1
EXP-09791,ANDALUCIA,VIF,Juzgado_2_Familia,2021,0.38,1.2,1,0,194,1
EXP-09792,EL AGUILA,HURTO_PATRIMONIAL,Juzgado_Penal_Municipal_2,2023,0.1666666666666666,1.05,4,0,319,1
EXP-09793,CALI,HURTO_PATRIMONIAL,Juzgado_Penal_Municipal_1,2023,70.34,1.25,5,1,461,0
EXP-09794,PALMIRA,SUSTANCIAS,Juzgado_Penal_Municipal_2,2024,11.54,1.05,5,0,261,1
EXP-09795,JAMUNDI,HURTO_PATRIMONIAL,Juzgado_2_Familia,2024,2.64,1.2,7,0,382,1
EXP-09796,CARTAGO,HURTO_PATRIMONIAL,Juzgado_1_Familia,2023,5.56,1.35,4,0,441,1
EXP-09797,CANDELARIA,HURTO_PATRIMONIAL,Juzgado_2_Familia,2023,3.08,1.2,1,0,379,1
EXP-09798,CANDELARIA,ALIMENTOS,Juzgado_3_Familia,2023,3.08,0.95,4,1,392,1
EXP-09799,ROLDANILLO,VIF,Juzgado_1_Familia,2020,1.26,1.35,8,0,329,1
EXP-09800,SEVILLA,VIF,Comisaria_1_Familia,2024,1.62,1.1,7,0,281,1
EXP-09801,PALMIRA,VIF,Juzgado_Penal_Municipal_2,2024,11.54,1.05,7,0,284,1
EXP-09802,BOLIVAR,VIF,Juzgado_Penal_Municipal_2,2023,0.2333333333333333,1.05,2,0,202,1
EXP-09803,ARGELIA,VIF,Juzgado_Penal_Municipal_2,2023,0.2,1.05,2,0,180,1
EXP-09804,CALI,SUSTANCIAS,Juzgado_1_Familia,2021,70.34,1.35,3,0,275,0
EXP-09805,CALI,HURTO_PATRIMONIAL,Comisaria_2_Familia,2021,70.34,0.9,7,1,638,1
EXP-09806,SEVILLA,VIF,Comisaria_2_Familia,2022,1.62,0.9,7,0,237,1
EXP-09807,CALI,SUSTANCIAS,Juzgado_3_Familia,2023,70.34,0.95,4,0,396,1
EXP-09808,CALI,ALIMENTOS,Comisaria_1_Familia,2024,70.34,1.1,8,0,512,1
EXP-09809,BUENAVENTURA,VIF,Juzgado_1_Familia,2022,3.34,1.35,1,0,245,1
EXP-09810,EL CERRITO,HURTO_PATRIMONIAL,Comisaria_1_Familia,2023,1.1,1.1,2,0,280,1
EXP-09811,ALCALA,VIF,Juzgado_Penal_Municipal_1,2022,0.22,1.25,5,0,256,1
EXP-09812,VERSALLES,VIF,Juzgado_1_Familia,2024,0.1333333333333333,1.35,3,0,235,1
EXP-09813,GUACARI,ALIMENTOS,Juzgado_1_Familia,2023,1.48,1.35,4,0,222,0
EXP-09814,TORO,HURTO_PATRIMONIAL,Juzgado_Penal_Municipal_2,2020,0.1333333333333333,1.05,1,0,266,1
EXP-09815,CALI,VIF,Juzgado_1_Familia,2023,70.34,1.35,8,0,536,1
EXP-09816,CARTAGO,ALIMENTOS,Juzgado_3_Familia,2020,5.56,0.95,11,1,461,1
EXP-09817,PRADERA,ALIMENTOS,Juzgado_1_Familia,2023,0.72,1.35,5,0,340,1
EXP-09818,YUMBO,VIF,Juzgado_Penal_Municipal_2,2022,3.5,1.05,1,0,209,1
EXP-09819,CALIMA,SUSTANCIAS,Juzgado_Penal_Municipal_1,2024,0.3199999999999999,1.25,3,0,299,1
EXP-09820,YUMBO,ALIMENTOS,Comisaria_1_Familia,2022,3.5,1.1,4,1,434,1
EXP-09821,FLORIDA,VIF,Comisaria_1_Familia,2020,0.8,1.1,3,0,213,1
EXP-09822,CALI,VIF,Juzgado_Penal_Municipal_2,2024,70.34,1.05,16,0,533,1
EXP-09823,GINEBRA,ALIMENTOS,Comisaria_1_Familia,2024,0.6,1.1,9,1,467,1
EXP-09824,YOTOCO,VIF,Comisaria_2_Familia,2022,0.58,0.9,1,0,180,1
EXP-09825,BUENAVENTURA,ALIMENTOS,Juzgado_Penal_Municipal_1,2021,3.34,1.25,6,0,377,1
EXP-09826,CALI,ALIMENTOS,Juzgado_Penal_Municipal_1,2022,70.34,1.25,2,0,522,1
EXP-09827,ARGELIA,HURTO_PATRIMONIAL,Juzgado_1_Familia,2024,0.2,1.35,12,0,446,1
EXP-09828,CARTAGO,ALIMENTOS,Juzgado_1_Familia,2023,5.56,1.35,4,0,368,1
EXP-09829,GUADALAJARA DE BUGA,VIF,Juzgado_Penal_Municipal_1,2024,6.6,1.25,2,0,168,0
EXP-09830,JAMUNDI,HURTO_PATRIMONIAL,Juzgado_1_Familia,2023,2.64,1.35,1,1,406,0
EXP-09831,CALI,SUSTANCIAS,Juzgado_2_Familia,2023,70.34,1.2,3,0,480,1
EXP-09832,CALI,VIF,Juzgado_Penal_Municipal_2,2023,70.34,1.05,19,0,556,1
EXP-09833,TULUA,ALIMENTOS,Juzgado_1_Familia,2023,3.34,1.35,15,0,464,1
EXP-09834,CALI,HURTO_PATRIMONIAL,Juzgado_Penal_Municipal_2,2024,70.34,1.05,1,1,645,1
EXP-09835,ANDALUCIA,ALIMENTOS,Juzgado_2_Familia,2020,0.38,1.2,13,1,560,1
EXP-09836,GINEBRA,VIF,Juzgado_1_Familia,2022,0.6,1.35,11,0,348,1
EXP-09837,ANDALUCIA,ALIMENTOS,Comisaria_1_Familia,2023,0.38,1.1,6,0,251,1
EXP-09838,PRADERA,HURTO_PATRIMONIAL,Juzgado_2_Familia,2024,0.72,1.2,2,1,553,1
EXP-09839,CALI,ALIMENTOS,Comisaria_1_Familia,2022,70.34,1.1,11,0,613,1
EXP-09840,ANSERMANUEVO,SUSTANCIAS,Juzgado_1_Familia,2021,0.2,1.35,4,0,300,1
EXP-09841,PRADERA,ALIMENTOS,Juzgado_Penal_Municipal_1,2020,0.72,1.25,2,0,310,1
EXP-09842,GUADALAJARA DE BUGA,HURTO_PATRIMONIAL,Juzgado_3_Familia,2021,6.6,0.95,1,1,412,1
EXP-09843,CALIMA,VIF,Comisaria_2_Familia,2021,0.3199999999999999,0.9,2,0,189,1
EXP-09844,RESTREPO,VIF,Juzgado_Penal_Municipal_1,2022,0.24,1.25,2,0,218,1
EXP-09845,ANDALUCIA,ALIMENTOS,Juzgado_1_Familia,2024,0.38,1.35,2,0,386,1
EXP-09846,CALI,SUSTANCIAS,Comisaria_2_Familia,2023,70.34,0.9,2,0,409,1
EXP-09847,CAICEDONIA,HURTO_PATRIMONIAL,Comisaria_2_Familia,2021,1.28,0.9,10,0,361,1
EXP-09848,TULUA,ALIMENTOS,Juzgado_Penal_Municipal_1,2024,3.34,1.25,8,0,362,1
EXP-09849,ARGELIA,ALIMENTOS,Juzgado_3_Familia,2023,0.2,0.95,2,1,394,1
EXP-09850,EL CERRITO,ALIMENTOS,Juzgado_Penal_Municipal_2,2022,1.1,1.05,2,0,230,1
EXP-09851,CALI,ALIMENTOS,Comisaria_2_Familia,2024,70.34,0.9,4,1,604,1
EXP-09852,BUENAVENTURA,HURTO_PATRIMONIAL,Juzgado_Penal_Municipal_2,2024,3.34,1.05,1,1,446,1
EXP-09853,ANDALUCIA,HURTO_PATRIMONIAL,Comisaria_2_Familia,2023,0.38,0.9,2,0,270,1
EXP-09854,CANDELARIA,HURTO_PATRIMONIAL,Juzgado_2_Familia,2023,3.08,1.2,1,0,269,0
EXP-09855,SEVILLA,ALIMENTOS,Juzgado_1_Familia,2024,1.62,1.35,7,0,424,1
EXP-09856,CALI,ALIMENTOS,Juzgado_2_Familia,2023,70.34,1.2,6,1,372,0
EXP-09857,FLORIDA,ALIMENTOS,Comisaria_2_Familia,2023,0.8,0.9,17,1,534,1
EXP-09858,CAICEDONIA,HURTO_PATRIMONIAL,Comisaria_2_Familia,2021,1.28,0.9,3,0,227,1
EXP-09859,PALMIRA,ALIMENTOS,Juzgado_1_Familia,2022,11.54,1.35,3,1,549,1
EXP-09860,VIJES,ALIMENTOS,Juzgado_Penal_Municipal_2,2020,0.175,1.05,6,0,240,1
EXP-09861,SEVILLA,VIF,Juzgado_1_Familia,2021,1.62,1.35,2,0,249,1
EXP-09862,CANDELARIA,ALIMENTOS,Comisaria_2_Familia,2022,3.08,0.9,2,1,407,1
EXP-09863,TRUJILLO,ALIMENTOS,Juzgado_2_Familia,2023,0.225,1.2,5,0,322,1
EXP-09864,BOLIVAR,ALIMENTOS,Juzgado_Penal_Municipal_1,2022,0.2333333333333333,1.25,1,0,173,0
EXP-09865,JAMUNDI,VIF,Juzgado_Penal_Municipal_1,2024,2.64,1.25,1,0,222,1
EXP-09866,PALMIRA,VIF,Juzgado_Penal_Municipal_1,2020,11.54,1.25,3,0,263,1
EXP-09867,CALI,ALIMENTOS,Juzgado_Penal_Municipal_2,2024,70.34,1.05,4,0,481,1
EXP-09868,TORO,ALIMENTOS,Comisaria_1_Familia,2022,0.1333333333333333,1.1,5,0,160,0
EXP-09869,CALI,ALIMENTOS,Juzgado_3_Familia,2023,70.34,0.95,2,1,583,1
EXP-09870,SIN_DATO,HURTO_PATRIMONIAL,Juzgado_Penal_Municipal_2,2022,2.2,1.05,1,1,428,1
EXP-09871,CALIMA,VIF,Juzgado_Penal_Municipal_1,2023,0.3199999999999999,1.25,1,0,238,1
EXP-09872,SEVILLA,ALIMENTOS,Juzgado_Penal_Municipal_1,2023,1.62,1.25,1,1,484,1
EXP-09873,EL DOVIO,ALIMENTOS,Comisaria_1_Familia,2023,0.1,1.1,2,0,288,1
EXP-09874,RIOFRIO,ALIMENTOS,Juzgado_Penal_Municipal_1,2024,0.175,1.25,1,1,482,1
EXP-09875,SAN PEDRO,ALIMENTOS,Juzgado_Penal_Municipal_1,2020,0.3,1.25,3,0,287,1
EXP-09876,YOTOCO,ALIMENTOS,Juzgado_Penal_Municipal_2,2024,0.58,1.05,6,1,312,0
EXP-09877,EL DOVIO,VIF,Juzgado_2_Familia,2023,0.1,1.2,3,0,244,1
EXP-09878,VERSALLES,HURTO_PATRIMONIAL,Comisaria_2_Familia,2024,0.1333333333333333,0.9,13,0,340,1
EXP-09879,DAGUA,HURTO_PATRIMONIAL,Juzgado_1_Familia,2024,1.3666666666666665,1.35,1,0,428,1
EXP-09880,SAN PEDRO,SUSTANCIAS,Comisaria_2_Familia,2021,0.3,0.9,7,0,239,1
EXP-09881,RESTREPO,SUSTANCIAS,Juzgado_2_Familia,2024,0.24,1.2,7,0,284,1
EXP-09882,CALI,SUSTANCIAS,Juzgado_2_Familia,2023,70.34,1.2,1,0,475,1
EXP-09883,CALI,HURTO_PATRIMONIAL,Juzgado_2_Familia,2024,70.34,1.2,4,0,612,1
EXP-09884,EL CERRITO,VIF,Juzgado_3_Familia,2021,1.1,0.95,9,0,235,1
EXP-09885,DAGUA,SUSTANCIAS,Comisaria_2_Familia,2023,1.3666666666666665,0.9,4,0,219,1
EXP-09886,CALI,ALIMENTOS,Juzgado_2_Familia,2024,70.34,1.2,1,0,510,1
EXP-09887,CALI,ALIMENTOS,Comisaria_2_Familia,2023,70.34,0.9,6,1,417,0
EXP-09888,PALMIRA,VIF,Comisaria_1_Familia,2024,11.54,1.1,14,0,338,1
EXP-09889,CALI,VIF,Juzgado_2_Familia,2021,70.34,1.2,11,0,467,1
EXP-09890,BUGALAGRANDE,SUSTANCIAS,Comisaria_1_Familia,2023,0.2799999999999999,1.1,6,0,254,1
EXP-09891,EL CERRITO,ALIMENTOS,Juzgado_3_Familia,2024,1.1,0.95,2,0,239,1
EXP-09892,YOTOCO,VIF,Juzgado_3_Familia,2024,0.58,0.95,6,0,254,1
EXP-09893,CAICEDONIA,VIF,Juzgado_Penal_Municipal_2,2020,1.28,1.05,1,0,160,1
EXP-09894,GUADALAJARA DE BUGA,ALIMENTOS,Juzgado_1_Familia,2023,6.6,1.35,3,0,177,0
EXP-09895,TRUJILLO,HURTO_PATRIMONIAL,Comisaria_1_Familia,2024,0.225,1.1,3,1,446,1
EXP-09896,CALI,VIF,Comisaria_2_Familia,2022,70.34,0.9,2,0,234,0
EXP-09897,ARGELIA,ALIMENTOS,Comisaria_2_Familia,2020,0.2,0.9,11,0,314,1
EXP-09898,YUMBO,SUSTANCIAS,Juzgado_2_Familia,2021,3.5,1.2,3,0,250,1
EXP-09899,SIN_DATO,ALIMENTOS,Juzgado_2_Familia,2023,2.2,1.2,10,0,253,0
EXP-09900,JAMUNDI,ALIMENTOS,Juzgado_3_Familia,2024,2.64,0.95,1,0,232,1
EXP-09901,BOLIVAR,ALIMENTOS,Juzgado_2_Familia,2021,0.2333333333333333,1.2,6,1,502,1
EXP-09902,RIOFRIO,VIF,Juzgado_Penal_Municipal_1,2023,0.175,1.25,5,0,259,1
EXP-09903,EL DOVIO,ALIMENTOS,Comisaria_1_Familia,2020,0.1,1.1,2,1,206,0
EXP-09904,CALI,ALIMENTOS,Juzgado_2_Familia,2021,70.34,1.2,3,0,534,1
EXP-09905,SIN_DATO,ALIMENTOS,Juzgado_3_Familia,2023,2.2,0.95,2,0,256,1
EXP-09906,CAICEDONIA,SUSTANCIAS,Juzgado_2_Familia,2024,1.28,1.2,1,0,253,1
EXP-09907,YUMBO,ALIMENTOS,Juzgado_1_Familia,2022,3.5,1.35,7,0,395,1
EXP-09908,OBANDO,VIF,Juzgado_2_Familia,2023,0.38,1.2,9,0,275,1
EXP-09909,GUACARI,VIF,Comisaria_2_Familia,2020,1.48,0.9,1,0,158,1
EXP-09910,ROLDANILLO,ALIMENTOS,Comisaria_2_Familia,2024,1.26,0.9,3,0,235,1
EXP-09911,GUACARI,HURTO_PATRIMONIAL,Juzgado_1_Familia,2022,1.48,1.35,4,0,446,1
EXP-09912,PALMIRA,ALIMENTOS,Juzgado_Penal_Municipal_1,2021,11.54,1.25,5,0,367,1
EXP-09913,ROLDANILLO,HURTO_PATRIMONIAL,Juzgado_2_Familia,2023,1.26,1.2,1,0,352,1
EXP-09914,CALI,ALIMENTOS,Juzgado_Penal_Municipal_2,2023,70.34,1.05,3,0,517,1
EXP-09915,EL CERRITO,VIF,Juzgado_2_Familia,2022,1.1,1.2,4,0,253,1
EXP-09916,BUENAVENTURA,HURTO_PATRIMONIAL,Juzgado_Penal_Municipal_2,2024,3.34,1.05,5,1,378,0
EXP-09917,CARTAGO,HURTO_PATRIMONIAL,Juzgado_3_Familia,2020,5.56,0.95,7,0,320,1
EXP-09918,TULUA,HURTO_PATRIMONIAL,Juzgado_Penal_Municipal_1,2022,3.34,1.25,8,0,311,0
EXP-09919,ARGELIA,ALIMENTOS,Comisaria_2_Familia,2021,0.2,0.9,5,0,164,0
EXP-09920,GUADALAJARA DE BUGA,HURTO_PATRIMONIAL,Comisaria_1_Familia,2021,6.6,1.1,6,1,472,1
EXP-09921,SEVILLA,VIF,Juzgado_3_Familia,2023,1.62,0.95,5,0,225,1
EXP-09922,SIN_DATO,HURTO_PATRIMONIAL,Comisaria_2_Familia,2023,2.2,0.9,4,1,420,1
EXP-09923,PALMIRA,ALIMENTOS,Juzgado_Penal_Municipal_1,2022,11.54,1.25,4,1,512,1
EXP-09924,YUMBO,VIF,Comisaria_1_Familia,2023,3.5,1.1,9,0,290,1
EXP-09925,SIN_DATO,ALIMENTOS,Juzgado_Penal_Municipal_2,2021,2.2,1.05,6,1,440,1
EXP-09926,GUADALAJARA DE BUGA,ALIMENTOS,Juzgado_2_Familia,2021,6.6,1.2,8,0,335,1
EXP-09927,ANSERMANUEVO,HURTO_PATRIMONIAL,Juzgado_1_Familia,2020,0.2,1.35,6,1,560,1
EXP-09928,SIN_DATO,ALIMENTOS,Juzgado_Penal_Municipal_1,2022,2.2,1.25,3,0,335,1
EXP-09929,JAMUNDI,HURTO_PATRIMONIAL,Juzgado_3_Familia,2021,2.64,0.95,9,0,371,1
EXP-09930,LA CUMBRE,VIF,Comisaria_1_Familia,2023,0.24,1.1,12,0,259,1
EXP-09931,CAICEDONIA,ALIMENTOS,Juzgado_3_Familia,2023,1.28,0.95,5,0,271,1
EXP-09932,BUENAVENTURA,ALIMENTOS,Juzgado_3_Familia,2022,3.34,0.95,5,0,260,1
EXP-09933,PALMIRA,ALIMENTOS,Juzgado_2_Familia,2022,11.54,1.2,4,1,459,1
EXP-09934,PALMIRA,SUSTANCIAS,Juzgado_1_Familia,2020,11.54,1.35,3,0,320,1
EXP-09935,RESTREPO,ALIMENTOS,Juzgado_2_Familia,2024,0.24,1.2,9,1,462,1
EXP-09936,CANDELARIA,ALIMENTOS,Juzgado_1_Familia,2022,3.08,1.35,13,0,408,1
EXP-09937,ALCALA,HURTO_PATRIMONIAL,Juzgado_1_Familia,2023,0.22,1.35,16,1,644,1
EXP-09938,CANDELARIA,SUSTANCIAS,Comisaria_1_Familia,2021,3.08,1.1,4,0,229,1
EXP-09939,EL CAIRO,VIF,Juzgado_2_Familia,2023,0.1,1.2,5,0,263,1
EXP-09940,CAICEDONIA,ALIMENTOS,Juzgado_2_Familia,2024,1.28,1.2,2,0,312,1
EXP-09941,CANDELARIA,ALIMENTOS,Juzgado_Penal_Municipal_1,2024,3.08,1.25,14,1,574,1
EXP-09942,SIN_DATO,VIF,Comisaria_2_Familia,2023,2.2,0.9,7,0,221,1
EXP-09943,CALI,ALIMENTOS,Juzgado_2_Familia,2024,70.34,1.2,2,0,518,1
EXP-09944,VIJES,SUSTANCIAS,Juzgado_1_Familia,2023,0.175,1.35,1,0,292,1
EXP-09945,OBANDO,VIF,Juzgado_1_Familia,2023,0.38,1.35,15,0,350,1
EXP-09946,EL AGUILA,HURTO_PATRIMONIAL,Juzgado_2_Familia,2023,0.1666666666666666,1.2,4,1,471,1
EXP-09947,CARTAGO,SUSTANCIAS,Juzgado_1_Familia,2023,5.56,1.35,11,0,365,1
EXP-09948,TULUA,SUSTANCIAS,Comisaria_2_Familia,2023,3.34,0.9,10,0,260,1
EXP-09949,EL CERRITO,SUSTANCIAS,Comisaria_1_Familia,2023,1.1,1.1,6,0,268,1
EXP-09950,ZARZAL,ALIMENTOS,Comisaria_1_Familia,2024,1.12,1.1,7,0,289,1
EXP-09951,CANDELARIA,ALIMENTOS,Juzgado_Penal_Municipal_2,2023,3.08,1.05,6,1,246,0
EXP-09952,CARTAGO,SUSTANCIAS,Juzgado_2_Familia,2023,5.56,1.2,5,0,326,1
EXP-09953,PRADERA,VIF,Comisaria_2_Familia,2021,0.72,0.9,5,0,196,1
EXP-09954,TULUA,VIF,Juzgado_Penal_Municipal_2,2021,3.34,1.05,4,0,229,1
EXP-09955,CALI,VIF,Juzgado_Penal_Municipal_2,2024,70.34,1.05,4,0,440,1
EXP-09956,CARTAGO,HURTO_PATRIMONIAL,Juzgado_3_Familia,2024,5.56,0.95,1,0,271,1
EXP-09957,GINEBRA,VIF,Juzgado_2_Familia,2021,0.6,1.2,11,0,309,1
EXP-09958,CARTAGO,SUSTANCIAS,Juzgado_Penal_Municipal_2,2022,5.56,1.05,2,0,202,1
EXP-09959,CALI,VIF,Juzgado_3_Familia,2020,70.34,0.95,4,0,393,1
EXP-09960,ALCALA,VIF,Juzgado_2_Familia,2024,0.22,1.2,9,0,260,1
EXP-09961,PALMIRA,VIF,Juzgado_3_Familia,2021,11.54,0.95,3,0,217,1
EXP-09962,CALI,VIF,Juzgado_3_Familia,2021,70.34,0.95,1,0,418,1
EXP-09963,CALI,HURTO_PATRIMONIAL,Juzgado_2_Familia,2024,70.34,1.2,2,0,564,1
EXP-09964,PRADERA,HURTO_PATRIMONIAL,Juzgado_1_Familia,2024,0.72,1.35,5,0,417,1
EXP-09965,CALI,VIF,Juzgado_Penal_Municipal_1,2024,70.34,1.25,1,0,433,1
EXP-09966,TULUA,ALIMENTOS,Juzgado_1_Familia,2022,3.34,1.35,4,0,326,1
EXP-09967,LA CUMBRE,ALIMENTOS,Juzgado_2_Familia,2024,0.24,1.2,2,0,295,1
EXP-09968,CALI,ALIMENTOS,Comisaria_2_Familia,2022,70.34,0.9,4,0,261,0
EXP-09969,TULUA,ALIMENTOS,Juzgado_3_Familia,2022,3.34,0.95,8,0,241,1
EXP-09970,BUENAVENTURA,VIF,Juzgado_1_Familia,2020,3.34,1.35,9,0,329,1
EXP-09971,CALI,VIF,Juzgado_Penal_Municipal_2,2023,70.34,1.05,3,0,427,1
EXP-09972,SEVILLA,ALIMENTOS,Juzgado_2_Familia,2021,1.62,1.2,4,0,352,1
EXP-09973,VERSALLES,ALIMENTOS,Juzgado_2_Familia,2024,0.1333333333333333,1.2,7,0,330,1
EXP-09974,YUMBO,ALIMENTOS,Juzgado_1_Familia,2023,3.5,1.35,1,1,489,1
EXP-09975,CARTAGO,SUSTANCIAS,Juzgado_2_Familia,2020,5.56,1.2,4,0,277,1
EXP-09976,CARTAGO,VIF,Juzgado_Penal_Municipal_2,2024,5.56,1.05,3,0,201,1
EXP-09977,JAMUNDI,ALIMENTOS,Juzgado_2_Familia,2020,2.64,1.2,3,0,295,1
EXP-09978,CAICEDONIA,VIF,Juzgado_Penal_Municipal_1,2024,1.28,1.25,6,0,271,1
EXP-09979,GUACARI,ALIMENTOS,Comisaria_1_Familia,2021,1.48,1.1,18,1,558,1
EXP-09980,LA VICTORIA,HURTO_PATRIMONIAL,Juzgado_2_Familia,2021,0.1666666666666666,1.2,6,0,358,1
EXP-09981,GUACARI,HURTO_PATRIMONIAL,Comisaria_2_Familia,2022,1.48,0.9,8,1,420,1
EXP-09982,CANDELARIA,ALIMENTOS,Juzgado_2_Familia,2022,3.08,1.2,7,0,353,1
EXP-09983,ROLDANILLO,ALIMENTOS,Comisaria_2_Familia,2024,1.26,0.9,10,0,286,1
EXP-09984,SIN_DATO,VIF,Comisaria_2_Familia,2021,2.2,0.9,2,0,181,1
EXP-09985,CALI,VIF,Juzgado_2_Familia,2024,70.34,1.2,2,0,350,0
EXP-09986,TRUJILLO,HURTO_PATRIMONIAL,Juzgado_Penal_Municipal_1,2024,0.225,1.25,5,1,497,1
EXP-09987,CAICEDONIA,ALIMENTOS,Comisaria_2_Familia,2024,1.28,0.9,6,0,265,1
EXP-09988,CALI,ALIMENTOS,Comisaria_2_Familia,2023,70.34,0.9,5,0,447,1
EXP-09989,CARTAGO,VIF,Juzgado_2_Familia,2023,5.56,1.2,3,0,248,1
EXP-09990,PALMIRA,ALIMENTOS,Juzgado_Penal_Municipal_2,2023,11.54,1.05,2,0,348,1
EXP-09991,YOTOCO,HURTO_PATRIMONIAL,Juzgado_1_Familia,2022,0.58,1.35,6,0,450,1
EXP-09992,FLORIDA,VIF,Juzgado_Penal_Municipal_2,2023,0.8,1.05,1,0,215,1
EXP-09993,DAGUA,ALIMENTOS,Comisaria_2_Familia,2020,1.3666666666666665,0.9,5,0,263,1
EXP-09994,SEVILLA,ALIMENTOS,Juzgado_1_Familia,2022,1.62,1.35,4,1,526,1
EXP-09995,GUACARI,HURTO_PATRIMONIAL,Juzgado_2_Familia,2022,1.48,1.2,4,1,459,1
EXP-09996,ROLDANILLO,VIF,Juzgado_1_Familia,2022,1.26,1.35,17,0,370,1
EXP-09997,CANDELARIA,VIF,Juzgado_Penal_Municipal_2,2023,3.08,1.05,1,0,180,1
EXP-09998,ROLDANILLO,SUSTANCIAS,Juzgado_2_Familia,2024,1.26,1.2,6,0,322,1
EXP-09999,OBANDO,ALIMENTOS,Juzgado_2_Familia,2024,0.38,1.2,5,0,332,1
EXP-10000,GUADALAJARA DE BUGA,ALIMENTOS,Juzgado_2_Familia,2024,6.6,1.2,2,0,311,1
EXP-10001,CANDELARIA,HURTO_PATRIMONIAL,Juzgado_1_Familia,2023,3.08,1.35,3,1,593,1
EXP-10002,BUENAVENTURA,ALIMENTOS,Comisaria_2_Familia,2021,3.34,0.9,6,0,271,1
EXP-10003,YUMBO,VIF,Comisaria_2_Familia,2022,3.5,0.9,1,0,164,1
EXP-10004,CAICEDONIA,ALIMENTOS,Juzgado_3_Familia,2024,1.28,0.95,3,1,388,1
EXP-10005,TULUA,ALIMENTOS,Juzgado_3_Familia,2021,3.34,0.95,4,0,243,1
EXP-10006,JAMUNDI,HURTO_PATRIMONIAL,Comisaria_1_Familia,2022,2.64,1.1,2,1,258,0
EXP-10007,BUENAVENTURA,VIF,Juzgado_3_Familia,2024,3.34,0.95,1,0,181,1
EXP-10008,JAMUNDI,ALIMENTOS,Comisaria_2_Familia,2024,2.64,0.9,14,1,471,1
EXP-10009,GINEBRA,VIF,Juzgado_3_Familia,2022,0.6,0.95,3,0,87,0
EXP-10010,DAGUA,VIF,Juzgado_1_Familia,2023,1.3666666666666665,1.35,3,0,285,1
EXP-10011,GINEBRA,VIF,Comisaria_2_Familia,2022,0.6,0.9,10,0,219,1
EXP-10012,YOTOCO,SUSTANCIAS,Comisaria_2_Familia,2023,0.58,0.9,2,0,185,1
EXP-10013,SIN_DATO,VIF,Juzgado_1_Familia,2022,2.2,1.35,10,0,137,0
EXP-10014,RIOFRIO,VIF,Comisaria_1_Familia,2023,0.175,1.1,2,0,205,1
EXP-10015,LA UNION,HURTO_PATRIMONIAL,Juzgado_2_Familia,2021,0.575,1.2,4,0,339,1
EXP-10016,CALI,SUSTANCIAS,Comisaria_2_Familia,2023,70.34,0.9,11,0,476,1
EXP-10017,CALI,VIF,Juzgado_Penal_Municipal_2,2024,70.34,1.05,1,0,302,0
EXP-10018,DAGUA,ALIMENTOS,Comisaria_1_Familia,2024,1.3666666666666665,1.1,3,0,316,1
EXP-10019,CALI,HURTO_PATRIMONIAL,Juzgado_1_Familia,2020,70.34,1.35,4,0,580,1
EXP-10020,CALI,VIF,Comisaria_2_Familia,2024,70.34,0.9,6,0,412,1
EXP-10021,BUENAVENTURA,ALIMENTOS,Juzgado_2_Familia,2022,3.34,1.2,2,0,209,0
EXP-10022,DAGUA,HURTO_PATRIMONIAL,Juzgado_Penal_Municipal_1,2023,1.3666666666666665,1.25,3,1,511,1
EXP-10023,PALMIRA,ALIMENTOS,Juzgado_1_Familia,2023,11.54,1.35,1,0,344,1
EXP-10024,CALI,ALIMENTOS,Juzgado_Penal_Municipal_1,2021,70.34,1.25,5,0,539,1
EXP-10025,CANDELARIA,SUSTANCIAS,Comisaria_2_Familia,2021,3.08,0.9,7,0,252,1
EXP-10026,CALI,ALIMENTOS,Juzgado_1_Familia,2023,70.34,1.35,11,0,618,1
EXP-10027,RESTREPO,ALIMENTOS,Juzgado_3_Familia,2024,0.24,0.95,5,1,395,1
EXP-10028,JAMUNDI,ALIMENTOS,Juzgado_2_Familia,2023,2.64,1.2,5,0,297,1
EXP-10029,CARTAGO,HURTO_PATRIMONIAL,Juzgado_Penal_Municipal_1,2022,5.56,1.25,3,1,508,1
EXP-10030,SIN_DATO,SUSTANCIAS,Comisaria_1_Familia,2021,2.2,1.1,1,0,242,1
EXP-10031,ANSERMANUEVO,SUSTANCIAS,Juzgado_2_Familia,2024,0.2,1.2,2,0,278,1
EXP-10032,PALMIRA,ALIMENTOS,Comisaria_2_Familia,2023,11.54,0.9,11,0,339,1
EXP-10033,SAN PEDRO,VIF,Juzgado_Penal_Municipal_2,2022,0.3,1.05,2,0,67,0
EXP-10034,CANDELARIA,ALIMENTOS,Comisaria_1_Familia,2024,3.08,1.1,1,1,412,1
EXP-10035,EL DOVIO,SUSTANCIAS,Juzgado_1_Familia,2022,0.1,1.35,1,0,304,1
EXP-10036,SEVILLA,SUSTANCIAS,Juzgado_2_Familia,2024,1.62,1.2,2,0,270,1
EXP-10037,YUMBO,VIF,Juzgado_Penal_Municipal_1,2024,3.5,1.25,3,0,210,1
EXP-10038,GUACARI,ALIMENTOS,Juzgado_3_Familia,2022,1.48,0.95,1,1,370,1
EXP-10039,PALMIRA,VIF,Juzgado_Penal_Municipal_1,2020,11.54,1.25,10,0,300,1
EXP-10040,EL CERRITO,VIF,Juzgado_3_Familia,2024,1.1,0.95,5,0,236,1
EXP-10041,CAICEDONIA,ALIMENTOS,Juzgado_1_Familia,2023,1.28,1.35,1,0,346,1
EXP-10042,CALI,VIF,Juzgado_2_Familia,2022,70.34,1.2,1,0,446,1
EXP-10043,EL CAIRO,ALIMENTOS,Comisaria_2_Familia,2020,0.1,0.9,2,1,204,0
EXP-10044,CARTAGO,VIF,Juzgado_Penal_Municipal_1,2020,5.56,1.25,4,0,257,1
EXP-10045,GUADALAJARA DE BUGA,VIF,Juzgado_3_Familia,2024,6.6,0.95,3,0,218,1
EXP-10046,GUADALAJARA DE BUGA,VIF,Juzgado_2_Familia,2022,6.6,1.2,5,0,266,1
EXP-10047,SAN PEDRO,ALIMENTOS,Juzgado_2_Familia,2024,0.3,1.2,2,0,302,1
EXP-10048,EL CERRITO,VIF,Juzgado_1_Familia,2024,1.1,1.35,2,0,252,1
EXP-10049,PALMIRA,ALIMENTOS,Juzgado_3_Familia,2024,11.54,0.95,14,1,511,1
EXP-10050,CANDELARIA,ALIMENTOS,Juzgado_Penal_Municipal_1,2020,3.08,1.25,11,1,553,1
EXP-10051,OBANDO,VIF,Juzgado_1_Familia,2024,0.38,1.35,3,0,275,1
EXP-10052,JAMUNDI,VIF,Juzgado_2_Familia,2023,2.64,1.2,6,0,260,1
EXP-10053,ROLDANILLO,HURTO_PATRIMONIAL,Juzgado_1_Familia,2023,1.26,1.35,3,1,512,1
EXP-10054,JAMUNDI,VIF,Comisaria_2_Familia,2022,2.64,0.9,4,0,214,1
EXP-10055,SEVILLA,ALIMENTOS,Juzgado_Penal_Municipal_2,2022,1.62,1.05,7,1,445,1
EXP-10056,FLORIDA,VIF,Comisaria_2_Familia,2023,0.8,0.9,9,0,234,1
EXP-10057,BUGALAGRANDE,SUSTANCIAS,Comisaria_2_Familia,2024,0.2799999999999999,0.9,6,0,217,1
EXP-10058,JAMUNDI,ALIMENTOS,Juzgado_Penal_Municipal_2,2021,2.64,1.05,6,0,284,1
EXP-10059,GINEBRA,ALIMENTOS,Juzgado_1_Familia,2022,0.6,1.35,2,0,293,1
EXP-10060,LA VICTORIA,ALIMENTOS,Juzgado_1_Familia,2024,0.1666666666666666,1.35,4,1,476,1
EXP-10061,GUADALAJARA DE BUGA,SUSTANCIAS,Juzgado_Penal_Municipal_1,2023,6.6,1.25,3,0,285,1
EXP-10062,CALI,ALIMENTOS,Juzgado_Penal_Municipal_2,2024,70.34,1.05,5,0,540,1
EXP-10063,GUADALAJARA DE BUGA,ALIMENTOS,Juzgado_Penal_Municipal_1,2021,6.6,1.25,7,1,475,1
EXP-10064,LA UNION,SUSTANCIAS,Comisaria_2_Familia,2024,0.575,0.9,3,0,208,1
EXP-10065,ANDALUCIA,ALIMENTOS,Juzgado_2_Familia,2023,0.38,1.2,1,0,172,0
EXP-10066,SEVILLA,VIF,Comisaria_2_Familia,2021,1.62,0.9,1,0,168,1
EXP-10067,ARGELIA,ALIMENTOS,Juzgado_3_Familia,2022,0.2,0.95,2,1,384,1
EXP-10068,DAGUA,HURTO_PATRIMONIAL,Juzgado_3_Familia,2023,1.3666666666666665,0.95,1,0,141,0
EXP-10069,YUMBO,HURTO_PATRIMONIAL,Comisaria_2_Familia,2024,3.5,0.9,1,1,398,1
EXP-10070,GUACARI,ALIMENTOS,Juzgado_Penal_Municipal_2,2024,1.48,1.05,5,1,450,1
EXP-10071,CALI,SUSTANCIAS,Juzgado_2_Familia,2023,70.34,1.2,6,0,445,1
EXP-10072,CALI,SUSTANCIAS,Comisaria_2_Familia,2022,70.34,0.9,1,0,425,1
EXP-10073,CANDELARIA,ALIMENTOS,Juzgado_Penal_Municipal_1,2024,3.08,1.25,8,1,472,1
EXP-10074,PALMIRA,VIF,Juzgado_Penal_Municipal_2,2024,11.54,1.05,1,0,185,0
EXP-10075,CALI,HURTO_PATRIMONIAL,Juzgado_3_Familia,2021,70.34,0.95,6,0,514,1
EXP-10076,CALI,SUSTANCIAS,Juzgado_Penal_Municipal_1,2023,70.34,1.25,7,0,531,1
EXP-10077,CALI,HURTO_PATRIMONIAL,Comisaria_2_Familia,2023,70.34,0.9,1,0,409,1
EXP-10078,GUADALAJARA DE BUGA,VIF,Comisaria_2_Familia,2021,6.6,0.9,1,0,142,1
EXP-10079,BUENAVENTURA,HURTO_PATRIMONIAL,Comisaria_1_Familia,2023,3.34,1.1,8,0,401,1
EXP-10080,CALI,ALIMENTOS,Juzgado_Penal_Municipal_1,2023,70.34,1.25,1,1,654,1
EXP-10081,CARTAGO,ALIMENTOS,Juzgado_1_Familia,2022,5.56,1.35,2,0,325,1
EXP-10082,GUADALAJARA DE BUGA,VIF,Juzgado_2_Familia,2021,6.6,1.2,9,0,283,1
EXP-10083,ANDALUCIA,SUSTANCIAS,Juzgado_1_Familia,2021,0.38,1.35,1,0,199,0
EXP-10084,GINEBRA,HURTO_PATRIMONIAL,Comisaria_2_Familia,2023,0.6,0.9,6,1,372,1
EXP-10085,PALMIRA,SUSTANCIAS,Juzgado_Penal_Municipal_2,2021,11.54,1.05,1,0,237,1
EXP-10086,VIJES,HURTO_PATRIMONIAL,Juzgado_2_Familia,2021,0.175,1.2,4,0,409,1
EXP-10087,PALMIRA,ALIMENTOS,Juzgado_3_Familia,2024,11.54,0.95,5,0,292,1
EXP-10088,RIOFRIO,HURTO_PATRIMONIAL,Comisaria_1_Familia,2024,0.175,1.1,4,0,387,1
EXP-10089,CALI,HURTO_PATRIMONIAL,Juzgado_Penal_Municipal_1,2021,70.34,1.25,16,0,536,0
EXP-10090,EL AGUILA,ALIMENTOS,Juzgado_1_Familia,2024,0.1666666666666666,1.35,4,1,470,1
EXP-10091,RESTREPO,VIF,Comisaria_1_Familia,2020,0.24,1.1,1,0,178,1
EXP-10092,SIN_DATO,VIF,Comisaria_2_Familia,2020,2.2,0.9,9,0,213,1
EXP-10093,CAICEDONIA,ALIMENTOS,Juzgado_3_Familia,2023,1.28,0.95,2,1,367,1
EXP-10094,CALI,HURTO_PATRIMONIAL,Comisaria_1_Familia,2021,70.34,1.1,11,0,590,1
EXP-10095,CALI,ALIMENTOS,Comisaria_1_Familia,2021,70.34,1.1,1,0,482,1
EXP-10096,LA CUMBRE,VIF,Comisaria_2_Familia,2024,0.24,0.9,2,0,191,1
EXP-10097,SEVILLA,VIF,Juzgado_2_Familia,2023,1.62,1.2,1,0,246,1
EXP-10098,CALI,VIF,Juzgado_Penal_Municipal_1,2024,70.34,1.25,12,0,536,1
EXP-10099,CARTAGO,ALIMENTOS,Juzgado_Penal_Municipal_1,2023,5.56,1.25,7,1,493,1
EXP-10100,YOTOCO,HURTO_PATRIMONIAL,Juzgado_3_Familia,2024,0.58,0.95,2,0,319,1
EXP-10101,CALI,HURTO_PATRIMONIAL,Comisaria_1_Familia,2021,70.34,1.1,4,0,582,1
EXP-10102,SIN_DATO,VIF,Juzgado_Penal_Municipal_1,2021,2.2,1.25,1,0,229,1
EXP-10103,ROLDANILLO,ALIMENTOS,Juzgado_Penal_Municipal_2,2023,1.26,1.05,3,1,436,1
EXP-10104,YUMBO,ALIMENTOS,Juzgado_2_Familia,2020,3.5,1.2,7,0,358,1
EXP-10105,YUMBO,VIF,Juzgado_1_Familia,2020,3.5,1.35,7,0,296,1
EXP-10106,JAMUNDI,HURTO_PATRIMONIAL,Juzgado_Penal_Municipal_1,2023,2.64,1.25,5,0,426,1
EXP-10107,SEVILLA,ALIMENTOS,Juzgado_1_Familia,2024,1.62,1.35,1,0,355,1
EXP-10108,ANDALUCIA,HURTO_PATRIMONIAL,Juzgado_Penal_Municipal_2,2021,0.38,1.05,1,0,271,1
EXP-10109,PALMIRA,ALIMENTOS,Comisaria_2_Familia,2021,11.54,0.9,15,0,328,1
EXP-10110,ROLDANILLO,HURTO_PATRIMONIAL,Comisaria_1_Familia,2020,1.26,1.1,6,0,360,1
EXP-10111,GUADALAJARA DE BUGA,HURTO_PATRIMONIAL,Juzgado_1_Familia,2022,6.6,1.35,1,0,369,1
EXP-10112,TORO,ALIMENTOS,Juzgado_Penal_Municipal_1,2022,0.1333333333333333,1.25,5,0,363,1
EXP-10113,SAN PEDRO,HURTO_PATRIMONIAL,Juzgado_1_Familia,2024,0.3,1.35,2,0,380,1
EXP-10114,CALI,ALIMENTOS,Juzgado_Penal_Municipal_2,2022,70.34,1.05,8,1,684,1
EXP-10115,EL CAIRO,VIF,Comisaria_2_Familia,2024,0.1,0.9,9,0,171,0
EXP-10116,CAICEDONIA,VIF,Comisaria_1_Familia,2024,1.28,1.1,10,0,295,1
EXP-10117,CALI,ALIMENTOS,Comisaria_1_Familia,2022,70.34,1.1,2,1,621,1
EXP-10118,VIJES,ALIMENTOS,Comisaria_2_Familia,2021,0.175,0.9,4,0,86,0
EXP-10119,JAMUNDI,VIF,Comisaria_1_Familia,2024,2.64,1.1,2,0,246,1
EXP-10120,LA CUMBRE,ALIMENTOS,Juzgado_Penal_Municipal_1,2021,0.24,1.25,5,0,227,0
EXP-10121,SIN_DATO,VIF,Juzgado_Penal_Municipal_1,2020,2.2,1.25,8,0,280,1
EXP-10122,FLORIDA,VIF,Juzgado_2_Familia,2021,0.8,1.2,6,0,261,1
EXP-10123,CALI,SUSTANCIAS,Juzgado_3_Familia,2023,70.34,0.95,4,0,403,1
EXP-10124,EL AGUILA,ALIMENTOS,Comisaria_1_Familia,2024,0.1666666666666666,1.1,6,0,284,1
EXP-10125,CALI,HURTO_PATRIMONIAL,Juzgado_1_Familia,2023,70.34,1.35,1,0,597,1
EXP-10126,PALMIRA,HURTO_PATRIMONIAL,Comisaria_2_Familia,2024,11.54,0.9,4,0,312,1
EXP-10127,CALIMA,VIF,Comisaria_2_Familia,2020,0.3199999999999999,0.9,3,0,169,1
EXP-10128,CALI,SUSTANCIAS,Comisaria_2_Familia,2023,70.34,0.9,7,0,455,1
EXP-10129,GUADALAJARA DE BUGA,VIF,Juzgado_3_Familia,2024,6.6,0.95,4,0,237,1
EXP-10130,CALI,VIF,Juzgado_Penal_Municipal_1,2023,70.34,1.25,1,0,456,1
EXP-10131,CARTAGO,HURTO_PATRIMONIAL,Comisaria_1_Familia,2023,5.56,1.1,1,0,320,1
EXP-10132,CARTAGO,VIF,Comisaria_2_Familia,2022,5.56,0.9,1,0,72,0
EXP-10133,CALI,ALIMENTOS,Comisaria_2_Familia,2020,70.34,0.9,6,0,471,1
EXP-10134,EL CAIRO,VIF,Comisaria_2_Familia,2023,0.1,0.9,1,0,181,1
EXP-10135,JAMUNDI,HURTO_PATRIMONIAL,Comisaria_2_Familia,2024,2.64,0.9,9,0,349,1
EXP-10136,RESTREPO,VIF,Juzgado_2_Familia,2022,0.24,1.2,7,0,190,0
EXP-10137,CARTAGO,VIF,Comisaria_2_Familia,2024,5.56,0.9,3,0,194,1
EXP-10138,CALI,HURTO_PATRIMONIAL,Juzgado_Penal_Municipal_2,2023,70.34,1.05,9,0,580,1
EXP-10139,CALI,ALIMENTOS,Juzgado_Penal_Municipal_1,2023,70.34,1.25,6,0,600,1
EXP-10140,LA UNION,HURTO_PATRIMONIAL,Juzgado_1_Familia,2023,0.575,1.35,2,0,222,0
EXP-10141,TULUA,ALIMENTOS,Juzgado_3_Familia,2021,3.34,0.95,2,0,218,1
EXP-10142,CALI,HURTO_PATRIMONIAL,Comisaria_1_Familia,2022,70.34,1.1,3,0,543,1
EXP-10143,CALI,VIF,Juzgado_Penal_Municipal_1,2022,70.34,1.25,1,0,463,1
EXP-10144,EL DOVIO,ALIMENTOS,Comisaria_2_Familia,2024,0.1,0.9,2,0,224,0
EXP-10145,SAN PEDRO,HURTO_PATRIMONIAL,Juzgado_2_Familia,2021,0.3,1.2,2,1,509,1
EXP-10146,CALI,VIF,Comisaria_1_Familia,2020,70.34,1.1,2,0,428,1
EXP-10147,ALCALA,VIF,Juzgado_2_Familia,2021,0.22,1.2,4,0,216,1
EXP-10148,CALI,ALIMENTOS,Juzgado_Penal_Municipal_1,2022,70.34,1.25,5,0,535,1
EXP-10149,PALMIRA,HURTO_PATRIMONIAL,Juzgado_Penal_Municipal_1,2022,11.54,1.25,6,1,564,1
EXP-10150,BOLIVAR,VIF,Comisaria_2_Familia,2021,0.2333333333333333,0.9,3,0,186,1
EXP-10151,LA UNION,SUSTANCIAS,Juzgado_1_Familia,2023,0.575,1.35,8,0,326,1
EXP-10152,GUACARI,HURTO_PATRIMONIAL,Juzgado_3_Familia,2021,1.48,0.95,2,0,282,1
EXP-10153,EL CAIRO,ALIMENTOS,Juzgado_2_Familia,2024,0.1,1.2,1,1,323,0
EXP-10154,SIN_DATO,ALIMENTOS,Juzgado_1_Familia,2023,2.2,1.35,5,0,386,1
EXP-10155,CAICEDONIA,ALIMENTOS,Juzgado_2_Familia,2021,1.28,1.2,4,0,300,1
EXP-10156,YUMBO,HURTO_PATRIMONIAL,Comisaria_1_Familia,2023,3.5,1.1,12,0,358,1
EXP-10157,RESTREPO,VIF,Comisaria_1_Familia,2023,0.24,1.1,1,0,214,1
EXP-10158,PALMIRA,ALIMENTOS,Comisaria_2_Familia,2021,11.54,0.9,4,0,253,1
EXP-10159,ANSERMANUEVO,ALIMENTOS,Juzgado_3_Familia,2023,0.2,0.95,11,0,326,1
EXP-10160,FLORIDA,ALIMENTOS,Juzgado_1_Familia,2021,0.8,1.35,7,1,537,1
EXP-10161,CALI,HURTO_PATRIMONIAL,Juzgado_Penal_Municipal_2,2020,70.34,1.05,1,0,507,1
EXP-10162,CANDELARIA,ALIMENTOS,Juzgado_3_Familia,2024,3.08,0.95,1,0,278,1
EXP-10163,CALI,ALIMENTOS,Juzgado_Penal_Municipal_1,2021,70.34,1.25,1,0,516,1
EXP-10164,ZARZAL,ALIMENTOS,Comisaria_2_Familia,2021,1.12,0.9,1,0,122,0
EXP-10165,YUMBO,VIF,Juzgado_Penal_Municipal_1,2022,3.5,1.25,1,0,238,1
EXP-10166,CALI,VIF,Juzgado_2_Familia,2021,70.34,1.2,12,0,508,1
EXP-10167,EL CERRITO,VIF,Comisaria_2_Familia,2024,1.1,0.9,6,0,211,1
EXP-10168,CALI,HURTO_PATRIMONIAL,Juzgado_Penal_Municipal_2,2020,70.34,1.05,4,0,505,1
EXP-10169,CARTAGO,HURTO_PATRIMONIAL,Juzgado_3_Familia,2024,5.56,0.95,8,0,342,1
EXP-10170,GUADALAJARA DE BUGA,VIF,Juzgado_2_Familia,2024,6.6,1.2,6,0,188,0
EXP-10171,TRUJILLO,ALIMENTOS,Juzgado_Penal_Municipal_1,2021,0.225,1.25,11,0,367,1
EXP-10172,DAGUA,ALIMENTOS,Comisaria_2_Familia,2022,1.3666666666666665,0.9,7,1,410,1
EXP-10173,OBANDO,ALIMENTOS,Juzgado_3_Familia,2021,0.38,0.95,4,0,268,1
EXP-10174,CALI,ALIMENTOS,Juzgado_1_Familia,2024,70.34,1.35,5,0,494,0
EXP-10175,CALI,VIF,Juzgado_3_Familia,2022,70.34,0.95,5,0,429,1
EXP-10176,SEVILLA,ALIMENTOS,Juzgado_Penal_Municipal_2,2022,1.62,1.05,1,1,399,1
EXP-10177,BUENAVENTURA,HURTO_PATRIMONIAL,Comisaria_2_Familia,2022,3.34,0.9,13,0,336,1
EXP-10178,LA VICTORIA,SUSTANCIAS,Juzgado_Penal_Municipal_1,2022,0.1666666666666666,1.25,5,0,296,1
EXP-10179,CALI,VIF,Juzgado_3_Familia,2024,70.34,0.95,5,0,450,1
EXP-10180,CANDELARIA,VIF,Juzgado_Penal_Municipal_2,2023,3.08,1.05,11,0,279,1
EXP-10181,CAICEDONIA,ALIMENTOS,Juzgado_3_Familia,2024,1.28,0.95,6,0,321,1
EXP-10182,CALI,SUSTANCIAS,Comisaria_2_Familia,2020,70.34,0.9,5,0,428,1
EXP-10183,DAGUA,VIF,Juzgado_2_Familia,2022,1.3666666666666665,1.2,14,0,338,1
EXP-10184,CALI,SUSTANCIAS,Juzgado_Penal_Municipal_1,2023,70.34,1.25,1,0,462,1
EXP-10185,BUENAVENTURA,VIF,Comisaria_2_Familia,2022,3.34,0.9,1,0,181,1
EXP-10186,CALI,ALIMENTOS,Juzgado_2_Familia,2020,70.34,1.2,1,0,500,1
EXP-10187,BUENAVENTURA,HURTO_PATRIMONIAL,Juzgado_Penal_Municipal_2,2024,3.34,1.05,1,0,150,0
EXP-10188,CALI,ALIMENTOS,Juzgado_1_Familia,2024,70.34,1.35,1,0,571,1
EXP-10189,YOTOCO,ALIMENTOS,Juzgado_1_Familia,2021,0.58,1.35,1,0,312,1
EXP-10190,ROLDANILLO,ALIMENTOS,Juzgado_Penal_Municipal_1,2023,1.26,1.25,3,0,181,0
EXP-10191,GINEBRA,HURTO_PATRIMONIAL,Juzgado_Penal_Municipal_2,2024,0.6,1.05,4,0,324,1
EXP-10192,OBANDO,ALIMENTOS,Juzgado_3_Familia,2023,0.38,0.95,5,0,227,0
EXP-10193,CALI,HURTO_PATRIMONIAL,Juzgado_Penal_Municipal_1,2022,70.34,1.25,9,0,669,1
EXP-10194,TULUA,HURTO_PATRIMONIAL,Juzgado_2_Familia,2022,3.34,1.2,1,0,348,1
EXP-10195,GUADALAJARA DE BUGA,ALIMENTOS,Juzgado_Penal_Municipal_1,2024,6.6,1.25,1,0,305,1
EXP-10196,EL DOVIO,HURTO_PATRIMONIAL,Juzgado_1_Familia,2020,0.1,1.35,2,0,428,1
EXP-10197,GUADALAJARA DE BUGA,ALIMENTOS,Juzgado_Penal_Municipal_2,2023,6.6,1.05,1,1,431,1
EXP-10198,DAGUA,HURTO_PATRIMONIAL,Juzgado_Penal_Municipal_1,2020,1.3666666666666665,1.25,6,0,187,0
EXP-10199,SEVILLA,VIF,Juzgado_2_Familia,2023,1.62,1.2,5,0,259,1
EXP-10200,SIN_DATO,ALIMENTOS,Juzgado_Penal_Municipal_2,2024,2.2,1.05,1,0,291,1
EXP-10201,CANDELARIA,VIF,Comisaria_2_Familia,2023,3.08,0.9,1,0,173,1
EXP-10202,JAMUNDI,SUSTANCIAS,Juzgado_Penal_Municipal_1,2024,2.64,1.25,9,0,299,1
EXP-10203,BUENAVENTURA,ALIMENTOS,Comisaria_2_Familia,2023,3.34,0.9,1,1,395,1
EXP-10204,PALMIRA,ALIMENTOS,Juzgado_1_Familia,2024,11.54,1.35,2,0,397,1
EXP-10205,FLORIDA,ALIMENTOS,Juzgado_Penal_Municipal_2,2022,0.8,1.05,5,0,297,1
EXP-10206,GUADALAJARA DE BUGA,ALIMENTOS,Juzgado_Penal_Municipal_1,2022,6.6,1.25,2,0,318,1
EXP-10207,CALI,ALIMENTOS,Juzgado_Penal_Municipal_1,2022,70.34,1.25,1,1,353,0
EXP-10208,ZARZAL,VIF,Juzgado_1_Familia,2020,1.12,1.35,4,0,300,1
EXP-10209,GUADALAJARA DE BUGA,ALIMENTOS,Juzgado_1_Familia,2023,6.6,1.35,5,0,362,1
EXP-10210,ANSERMANUEVO,ALIMENTOS,Juzgado_3_Familia,2022,0.2,0.95,6,0,247,1
EXP-10211,CALI,VIF,Juzgado_3_Familia,2023,70.34,0.95,1,0,381,1
EXP-10212,ROLDANILLO,HURTO_PATRIMONIAL,Juzgado_1_Familia,2024,1.26,1.35,3,1,516,1
EXP-10213,CANDELARIA,VIF,Juzgado_1_Familia,2024,3.08,1.35,3,0,144,0
EXP-10214,ARGELIA,HURTO_PATRIMONIAL,Juzgado_Penal_Municipal_2,2021,0.2,1.05,1,0,336,1
EXP-10215,TULUA,ALIMENTOS,Comisaria_1_Familia,2022,3.34,1.1,2,0,307,1
EXP-10216,EL AGUILA,VIF,Comisaria_2_Familia,2024,0.1666666666666666,0.9,3,0,195,1
EXP-10217,GUACARI,SUSTANCIAS,Comisaria_2_Familia,2023,1.48,0.9,3,0,195,1
EXP-10218,ANSERMANUEVO,SUSTANCIAS,Juzgado_3_Familia,2024,0.2,0.95,1,0,190,1
EXP-10219,SIN_DATO,HURTO_PATRIMONIAL,Juzgado_2_Familia,2023,2.2,1.2,1,0,379,1
EXP-10220,DAGUA,ALIMENTOS,Juzgado_1_Familia,2023,1.3666666666666665,1.35,1,0,366,1
EXP-10221,RIOFRIO,VIF,Juzgado_Penal_Municipal_2,2021,0.175,1.05,10,0,140,0
EXP-10222,EL CAIRO,VIF,Juzgado_3_Familia,2021,0.1,0.95,7,0,211,1
EXP-10223,GUACARI,HURTO_PATRIMONIAL,Juzgado_Penal_Municipal_1,2022,1.48,1.25,7,1,294,0
EXP-10224,CALI,VIF,Comisaria_1_Familia,2022,70.34,1.1,2,0,393,1
EXP-10225,BUENAVENTURA,VIF,Juzgado_2_Familia,2024,3.34,1.2,5,0,248,1
EXP-10226,PALMIRA,ALIMENTOS,Comisaria_2_Familia,2024,11.54,0.9,1,1,400,1
EXP-10227,TULUA,ALIMENTOS,Juzgado_2_Familia,2023,3.34,1.2,8,1,476,1
EXP-10228,CALI,VIF,Juzgado_Penal_Municipal_2,2021,70.34,1.05,10,0,481,1
EXP-10229,GUADALAJARA DE BUGA,ALIMENTOS,Juzgado_3_Familia,2024,6.6,0.95,9,1,424,1
EXP-10230,PALMIRA,VIF,Juzgado_1_Familia,2023,11.54,1.35,2,0,301,1
EXP-10231,SEVILLA,SUSTANCIAS,Juzgado_2_Familia,2023,1.62,1.2,2,0,260,1
EXP-10232,CALIMA,VIF,Juzgado_3_Familia,2023,0.3199999999999999,0.95,2,0,197,1
EXP-10233,CALI,ALIMENTOS,Juzgado_1_Familia,2021,70.34,1.35,2,0,519,1
EXP-10234,CARTAGO,ALIMENTOS,Juzgado_3_Familia,2022,5.56,0.95,1,0,247,1
EXP-10235,RESTREPO,SUSTANCIAS,Comisaria_1_Familia,2024,0.24,1.1,4,0,163,0
EXP-10236,BUENAVENTURA,HURTO_PATRIMONIAL,Juzgado_Penal_Municipal_1,2020,3.34,1.25,2,0,370,1
EXP-10237,RESTREPO,VIF,Comisaria_2_Familia,2022,0.24,0.9,1,0,172,1
EXP-10238,CARTAGO,VIF,Comisaria_2_Familia,2024,5.56,0.9,10,0,237,1
EXP-10239,CANDELARIA,VIF,Juzgado_1_Familia,2024,3.08,1.35,3,0,287,1
EXP-10240,YUMBO,ALIMENTOS,Juzgado_Penal_Municipal_2,2021,3.5,1.05,6,0,348,1
EXP-10241,CALI,HURTO_PATRIMONIAL,Comisaria_2_Familia,2021,70.34,0.9,5,1,643,1
EXP-10242,SEVILLA,VIF,Comisaria_1_Familia,2023,1.62,1.1,2,0,225,1
EXP-10243,ANDALUCIA,SUSTANCIAS,Juzgado_1_Familia,2023,0.38,1.35,3,0,293,1
EXP-10244,LA VICTORIA,ALIMENTOS,Juzgado_1_Familia,2020,0.1666666666666666,1.35,3,0,378,1
EXP-10245,ANSERMANUEVO,HURTO_PATRIMONIAL,Juzgado_1_Familia,2023,0.2,1.35,8,1,591,1
EXP-10246,PALMIRA,HURTO_PATRIMONIAL,Comisaria_1_Familia,2023,11.54,1.1,10,1,289,0
EXP-10247,ROLDANILLO,VIF,Juzgado_Penal_Municipal_1,2023,1.26,1.25,3,0,269,1
EXP-10248,BUENAVENTURA,ALIMENTOS,Comisaria_2_Familia,2024,3.34,0.9,3,0,264,1
EXP-10249,JAMUNDI,ALIMENTOS,Juzgado_1_Familia,2021,2.64,1.35,3,0,325,1
EXP-10250,GUACARI,VIF,Juzgado_2_Familia,2023,1.48,1.2,4,0,274,1
EXP-10251,CARTAGO,SUSTANCIAS,Comisaria_2_Familia,2022,5.56,0.9,5,0,191,0
EXP-10252,CANDELARIA,VIF,Juzgado_1_Familia,2020,3.08,1.35,1,0,245,1
EXP-10253,CALI,HURTO_PATRIMONIAL,Juzgado_3_Familia,2021,70.34,0.95,1,0,516,1
EXP-10254,EL CAIRO,SUSTANCIAS,Juzgado_Penal_Municipal_1,2022,0.1,1.25,1,0,245,1
EXP-10255,CALI,ALIMENTOS,Comisaria_2_Familia,2022,70.34,0.9,1,1,596,1
EXP-10256,YOTOCO,ALIMENTOS,Juzgado_2_Familia,2023,0.58,1.2,11,0,354,1
EXP-10257,CALI,ALIMENTOS,Juzgado_3_Familia,2022,70.34,0.95,1,1,584,1
EXP-10258,CALI,ALIMENTOS,Juzgado_Penal_Municipal_2,2021,70.34,1.05,8,0,527,1
EXP-10259,BUENAVENTURA,ALIMENTOS,Juzgado_3_Familia,2024,3.34,0.95,5,0,308,1
EXP-10260,VIJES,SUSTANCIAS,Comisaria_1_Familia,2021,0.175,1.1,1,0,196,1
EXP-10261,BUENAVENTURA,VIF,Juzgado_3_Familia,2023,3.34,0.95,1,0,190,1
EXP-10262,EL AGUILA,VIF,Juzgado_1_Familia,2024,0.1666666666666666,1.35,13,0,358,1
EXP-10263,TULUA,VIF,Comisaria_2_Familia,2024,3.34,0.9,8,0,261,1
EXP-10264,CANDELARIA,ALIMENTOS,Juzgado_Penal_Municipal_2,2022,3.08,1.05,7,0,315,1
EXP-10265,ANDALUCIA,ALIMENTOS,Juzgado_1_Familia,2022,0.38,1.35,7,0,400,1
EXP-10266,CARTAGO,HURTO_PATRIMONIAL,Juzgado_1_Familia,2021,5.56,1.35,6,0,433,1
EXP-10267,LA VICTORIA,ALIMENTOS,Comisaria_1_Familia,2024,0.1666666666666666,1.1,5,0,266,1
EXP-10268,DAGUA,VIF,Juzgado_Penal_Municipal_2,2024,1.3666666666666665,1.05,5,0,227,1
EXP-10269,EL CERRITO,VIF,Juzgado_3_Familia,2020,1.1,0.95,1,0,193,1
EXP-10270,SAN PEDRO,VIF,Comisaria_2_Familia,2020,0.3,0.9,2,0,150,1
EXP-10271,CALI,VIF,Juzgado_Penal_Municipal_2,2024,70.34,1.05,1,0,400,1
EXP-10272,EL CAIRO,ALIMENTOS,Juzgado_3_Familia,2023,0.1,0.95,3,0,94,0
EXP-10273,TORO,ALIMENTOS,Comisaria_2_Familia,2024,0.1333333333333333,0.9,4,1,336,0
EXP-10274,VIJES,HURTO_PATRIMONIAL,Comisaria_1_Familia,2020,0.175,1.1,3,0,337,1
EXP-10275,GUACARI,VIF,Juzgado_3_Familia,2023,1.48,0.95,4,0,193,1
EXP-10276,JAMUNDI,HURTO_PATRIMONIAL,Comisaria_1_Familia,2023,2.64,1.1,4,1,515,1
EXP-10277,PALMIRA,VIF,Juzgado_1_Familia,2023,11.54,1.35,2,0,291,1
EXP-10278,EL CERRITO,HURTO_PATRIMONIAL,Juzgado_1_Familia,2023,1.1,1.35,3,0,291,0
EXP-10279,PALMIRA,ALIMENTOS,Juzgado_1_Familia,2021,11.54,1.35,2,1,513,1
EXP-10280,YUMBO,ALIMENTOS,Juzgado_2_Familia,2021,3.5,1.2,2,0,312,1
EXP-10281,CALI,ALIMENTOS,Juzgado_Penal_Municipal_2,2023,70.34,1.05,4,1,628,1
EXP-10282,PALMIRA,VIF,Juzgado_Penal_Municipal_1,2024,11.54,1.25,4,0,286,1
EXP-10283,BUENAVENTURA,SUSTANCIAS,Juzgado_3_Familia,2023,3.34,0.95,8,0,194,0
EXP-10284,LA UNION,VIF,Juzgado_3_Familia,2023,0.575,0.95,9,0,227,1
EXP-10285,SIN_DATO,VIF,Juzgado_1_Familia,2024,2.2,1.35,3,0,263,1
EXP-10286,TULUA,SUSTANCIAS,Juzgado_1_Familia,2020,3.34,1.35,3,0,301,1
EXP-10287,GUADALAJARA DE BUGA,ALIMENTOS,Juzgado_Penal_Municipal_1,2020,6.6,1.25,1,0,325,1
EXP-10288,CALI,ALIMENTOS,Juzgado_3_Familia,2022,70.34,0.95,4,0,517,1
EXP-10289,CALI,HURTO_PATRIMONIAL,Juzgado_2_Familia,2020,70.34,1.2,5,0,577,1
EXP-10290,GUADALAJARA DE BUGA,HURTO_PATRIMONIAL,Juzgado_Penal_Municipal_2,2022,6.6,1.05,8,1,481,1
EXP-10291,BUENAVENTURA,HURTO_PATRIMONIAL,Juzgado_1_Familia,2022,3.34,1.35,9,1,577,1
EXP-10292,RIOFRIO,HURTO_PATRIMONIAL,Juzgado_3_Familia,2024,0.175,0.95,1,0,269,1
EXP-10293,CALI,ALIMENTOS,Juzgado_Penal_Municipal_1,2021,70.34,1.25,4,0,537,1
EXP-10294,GUACARI,SUSTANCIAS,Comisaria_1_Familia,2023,1.48,1.1,7,0,256,1
EXP-10295,YUMBO,VIF,Juzgado_1_Familia,2020,3.5,1.35,2,0,242,1
EXP-10296,BOLIVAR,HURTO_PATRIMONIAL,Juzgado_2_Familia,2024,0.2333333333333333,1.2,1,0,345,1
EXP-10297,CAICEDONIA,ALIMENTOS,Juzgado_2_Familia,2024,1.28,1.2,5,0,346,1
EXP-10298,ANSERMANUEVO,VIF,Juzgado_Penal_Municipal_1,2024,0.2,1.25,4,0,270,1
EXP-10299,CANDELARIA,ALIMENTOS,Juzgado_1_Familia,2021,3.08,1.35,2,0,359,1
EXP-10300,JAMUNDI,VIF,Juzgado_Penal_Municipal_1,2020,2.64,1.25,2,0,225,1
EXP-10301,GINEBRA,HURTO_PATRIMONIAL,Comisaria_2_Familia,2022,0.6,0.9,3,0,267,1
EXP-10302,CALI,VIF,Juzgado_1_Familia,2023,70.34,1.35,7,0,283,0
EXP-10303,GUADALAJARA DE BUGA,VIF,Comisaria_2_Familia,2024,6.6,0.9,1,0,188,1
EXP-10304,CARTAGO,ALIMENTOS,Juzgado_2_Familia,2024,5.56,1.2,2,0,341,1
EXP-10305,FLORIDA,HURTO_PATRIMONIAL,Juzgado_1_Familia,2024,0.8,1.35,1,0,362,1
EXP-10306,CALI,ALIMENTOS,Comisaria_2_Familia,2022,70.34,0.9,4,0,453,1
EXP-10307,RIOFRIO,VIF,Juzgado_Penal_Municipal_2,2022,0.175,1.05,3,0,220,1
EXP-10308,GUADALAJARA DE BUGA,ALIMENTOS,Comisaria_1_Familia,2023,6.6,1.1,2,0,304,1
EXP-10309,SAN PEDRO,VIF,Comisaria_2_Familia,2022,0.3,0.9,1,0,148,1
EXP-10310,EL CAIRO,VIF,Juzgado_Penal_Municipal_2,2022,0.1,1.05,7,0,232,1
EXP-10311,PALMIRA,SUSTANCIAS,Juzgado_3_Familia,2024,11.54,0.95,10,0,277,1
EXP-10312,SEVILLA,HURTO_PATRIMONIAL,Juzgado_Penal_Municipal_2,2020,1.62,1.05,3,1,513,1
EXP-10313,BUENAVENTURA,ALIMENTOS,Juzgado_Penal_Municipal_2,2024,3.34,1.05,4,1,427,1
EXP-10314,GINEBRA,HURTO_PATRIMONIAL,Juzgado_3_Familia,2021,0.6,0.95,2,0,287,1
EXP-10315,BUENAVENTURA,HURTO_PATRIMONIAL,Comisaria_2_Familia,2023,3.34,0.9,1,0,253,1
EXP-10316,DAGUA,ALIMENTOS,Juzgado_Penal_Municipal_2,2023,1.3666666666666665,1.05,8,0,275,1
EXP-10317,SEVILLA,HURTO_PATRIMONIAL,Juzgado_Penal_Municipal_2,2021,1.62,1.05,3,1,495,1
EXP-10318,CALI,SUSTANCIAS,Comisaria_1_Familia,2023,70.34,1.1,4,0,471,1
EXP-10319,GINEBRA,VIF,Juzgado_1_Familia,2021,0.6,1.35,14,0,139,0
EXP-10320,GUADALAJARA DE BUGA,HURTO_PATRIMONIAL,Juzgado_3_Familia,2024,6.6,0.95,1,1,437,1
EXP-10321,CARTAGO,VIF,Juzgado_Penal_Municipal_1,2023,5.56,1.25,8,0,303,1
EXP-10322,PALMIRA,ALIMENTOS,Juzgado_2_Familia,2024,11.54,1.2,1,0,227,0
EXP-10323,ZARZAL,SUSTANCIAS,Juzgado_1_Familia,2024,1.12,1.35,2,0,112,0
EXP-10324,CALI,ALIMENTOS,Comisaria_1_Familia,2022,70.34,1.1,9,0,512,1
EXP-10325,CALI,HURTO_PATRIMONIAL,Comisaria_1_Familia,2024,70.34,1.1,3,1,727,1
EXP-10326,TULUA,SUSTANCIAS,Comisaria_2_Familia,2023,3.34,0.9,10,0,263,1
EXP-10327,SIN_DATO,ALIMENTOS,Juzgado_Penal_Municipal_1,2023,2.2,1.25,2,1,469,1
EXP-10328,PALMIRA,HURTO_PATRIMONIAL,Comisaria_2_Familia,2024,11.54,0.9,5,0,254,1
EXP-10329,BUENAVENTURA,ALIMENTOS,Comisaria_2_Familia,2023,3.34,0.9,3,0,233,1
EXP-10330,CALI,ALIMENTOS,Comisaria_1_Familia,2024,70.34,1.1,2,1,612,1
EXP-10331,CALI,VIF,Comisaria_2_Familia,2021,70.34,0.9,6,0,413,1
EXP-10332,CALI,VIF,Comisaria_1_Familia,2023,70.34,1.1,1,0,432,1
EXP-10333,CANDELARIA,SUSTANCIAS,Juzgado_3_Familia,2023,3.08,0.95,3,0,241,1
EXP-10334,OBANDO,ALIMENTOS,Comisaria_2_Familia,2024,0.38,0.9,6,1,395,1
EXP-10335,LA UNION,ALIMENTOS,Juzgado_Penal_Municipal_2,2020,0.575,1.05,3,0,281,1
EXP-10336,CALI,ALIMENTOS,Juzgado_1_Familia,2024,70.34,1.35,5,0,511,0
EXP-10337,PRADERA,ALIMENTOS,Juzgado_2_Familia,2020,0.72,1.2,2,0,222,0
EXP-10338,CALI,ALIMENTOS,Juzgado_Penal_Municipal_1,2024,70.34,1.25,4,1,703,1
EXP-10339,CAICEDONIA,SUSTANCIAS,Juzgado_2_Familia,2020,1.28,1.2,2,0,240,1
EXP-10340,CALIMA,ALIMENTOS,Juzgado_1_Familia,2024,0.3199999999999999,1.35,19,0,509,1
EXP-10341,BUENAVENTURA,ALIMENTOS,Juzgado_2_Familia,2022,3.34,1.2,6,1,478,1
EXP-10342,SEVILLA,HURTO_PATRIMONIAL,Juzgado_1_Familia,2023,1.62,1.35,1,1,292,0
EXP-10343,PALMIRA,VIF,Juzgado_2_Familia,2024,11.54,1.2,9,0,317,1
EXP-10344,RIOFRIO,VIF,Comisaria_1_Familia,2020,0.175,1.1,6,0,242,1
EXP-10345,YUMBO,ALIMENTOS,Juzgado_1_Familia,2023,3.5,1.35,3,0,365,1
EXP-10346,CALI,SUSTANCIAS,Juzgado_1_Familia,2023,70.34,1.35,6,0,553,1
EXP-10347,CARTAGO,ALIMENTOS,Juzgado_2_Familia,2024,5.56,1.2,2,1,477,1
EXP-10348,JAMUNDI,ALIMENTOS,Juzgado_1_Familia,2022,2.64,1.35,1,0,152,0
EXP-10349,CARTAGO,ALIMENTOS,Juzgado_Penal_Municipal_2,2020,5.56,1.05,3,0,273,1
EXP-10350,LA UNION,VIF,Juzgado_Penal_Municipal_1,2024,0.575,1.25,5,0,273,1
EXP-10351,LA UNION,ALIMENTOS,Comisaria_1_Familia,2023,0.575,1.1,6,0,247,1
EXP-10352,CARTAGO,VIF,Juzgado_3_Familia,2023,5.56,0.95,1,0,194,1
EXP-10353,JAMUNDI,VIF,Juzgado_Penal_Municipal_1,2024,2.64,1.25,1,0,268,1
EXP-10354,ZARZAL,HURTO_PATRIMONIAL,Juzgado_Penal_Municipal_2,2024,1.12,1.05,5,1,460,1
EXP-10355,CALI,ALIMENTOS,Comisaria_1_Familia,2022,70.34,1.1,4,0,466,1
EXP-10356,BUENAVENTURA,VIF,Juzgado_2_Familia,2022,3.34,1.2,3,0,254,1
EXP-10357,OBANDO,ALIMENTOS,Juzgado_Penal_Municipal_2,2020,0.38,1.05,7,1,461,1
EXP-10358,LA CUMBRE,VIF,Comisaria_2_Familia,2024,0.24,0.9,4,0,188,1
EXP-10359,CALI,VIF,Juzgado_2_Familia,2024,70.34,1.2,2,0,428,1
EXP-10360,CALI,VIF,Juzgado_1_Familia,2022,70.34,1.35,8,0,536,1
EXP-10361,SAN PEDRO,VIF,Comisaria_1_Familia,2024,0.3,1.1,14,0,303,1
EXP-10362,CALI,ALIMENTOS,Comisaria_2_Familia,2021,70.34,0.9,10,0,361,0
EXP-10363,TULUA,ALIMENTOS,Comisaria_1_Familia,2020,3.34,1.1,12,1,491,1
EXP-10364,CARTAGO,HURTO_PATRIMONIAL,Juzgado_3_Familia,2023,5.56,0.95,8,0,396,1
EXP-10365,GUADALAJARA DE BUGA,VIF,Juzgado_Penal_Municipal_2,2024,6.6,1.05,2,0,223,1
EXP-10366,TULUA,HURTO_PATRIMONIAL,Juzgado_3_Familia,2022,3.34,0.95,4,0,316,1
EXP-10367,CALI,VIF,Comisaria_2_Familia,2024,70.34,0.9,11,0,466,1
EXP-10368,CALI,HURTO_PATRIMONIAL,Juzgado_2_Familia,2023,70.34,1.2,8,1,525,0
EXP-10369,GUACARI,VIF,Comisaria_2_Familia,2020,1.48,0.9,5,0,187,1
EXP-10370,BOLIVAR,HURTO_PATRIMONIAL,Juzgado_1_Familia,2024,0.2333333333333333,1.35,2,0,422,1
EXP-10371,FLORIDA,HURTO_PATRIMONIAL,Juzgado_1_Familia,2020,0.8,1.35,4,1,531,1
EXP-10372,CAICEDONIA,VIF,Juzgado_3_Familia,2023,1.28,0.95,8,0,203,0
EXP-10373,ROLDANILLO,SUSTANCIAS,Juzgado_Penal_Municipal_2,2020,1.26,1.05,2,0,228,1
EXP-10374,ROLDANILLO,HURTO_PATRIMONIAL,Juzgado_3_Familia,2023,1.26,0.95,3,1,449,1
EXP-10375,TULUA,ALIMENTOS,Juzgado_3_Familia,2024,3.34,0.95,10,1,472,1
EXP-10376,YUMBO,SUSTANCIAS,Comisaria_1_Familia,2023,3.5,1.1,2,0,214,1
EXP-10377,PALMIRA,SUSTANCIAS,Juzgado_3_Familia,2022,11.54,0.95,14,0,306,1
EXP-10378,ANDALUCIA,SUSTANCIAS,Comisaria_2_Familia,2024,0.38,0.9,8,0,163,0
EXP-10379,EL CERRITO,HURTO_PATRIMONIAL,Juzgado_2_Familia,2020,1.1,1.2,7,1,295,0
EXP-10380,CARTAGO,VIF,Juzgado_1_Familia,2023,5.56,1.35,8,0,313,1
EXP-10381,BUGALAGRANDE,ALIMENTOS,Comisaria_1_Familia,2020,0.2799999999999999,1.1,4,1,404,1
EXP-10382,PALMIRA,ALIMENTOS,Juzgado_2_Familia,2022,11.54,1.2,3,0,307,1
EXP-10383,CANDELARIA,ALIMENTOS,Comisaria_1_Familia,2023,3.08,1.1,3,0,269,1
EXP-10384,GUACARI,SUSTANCIAS,Comisaria_1_Familia,2021,1.48,1.1,1,0,100,0
EXP-10385,PALMIRA,HURTO_PATRIMONIAL,Juzgado_Penal_Municipal_2,2022,11.54,1.05,3,0,376,1
EXP-10386,PALMIRA,SUSTANCIAS,Juzgado_1_Familia,2022,11.54,1.35,3,0,323,1
EXP-10387,CALIMA,ALIMENTOS,Comisaria_1_Familia,2024,0.3199999999999999,1.1,5,0,298,1
EXP-10388,CARTAGO,VIF,Juzgado_Penal_Municipal_2,2022,5.56,1.05,9,0,247,1
EXP-10389,GUADALAJARA DE BUGA,VIF,Comisaria_1_Familia,2020,6.6,1.1,3,0,217,1
EXP-10390,PALMIRA,SUSTANCIAS,Juzgado_1_Familia,2020,11.54,1.35,1,0,324,1
EXP-10391,TULUA,ALIMENTOS,Comisaria_1_Familia,2022,3.34,1.1,6,0,345,1
EXP-10392,GUADALAJARA DE BUGA,VIF,Juzgado_Penal_Municipal_2,2021,6.6,1.05,9,0,222,0
EXP-10393,CALI,VIF,Juzgado_1_Familia,2023,70.34,1.35,15,0,368,0
EXP-10394,CALI,SUSTANCIAS,Comisaria_1_Familia,2023,70.34,1.1,1,0,421,1
EXP-10395,CALI,VIF,Comisaria_2_Familia,2021,70.34,0.9,5,0,428,1
EXP-10396,TULUA,VIF,Juzgado_3_Familia,2022,3.34,0.95,1,0,188,1
EXP-10397,CANDELARIA,VIF,Juzgado_3_Familia,2022,3.08,0.95,1,0,204,1
EXP-10398,EL CAIRO,ALIMENTOS,Juzgado_2_Familia,2023,0.1,1.2,8,1,485,1
EXP-10399,CANDELARIA,VIF,Comisaria_2_Familia,2023,3.08,0.9,3,0,199,1
EXP-10400,DAGUA,SUSTANCIAS,Comisaria_1_Familia,2022,1.3666666666666665,1.1,3,0,261,1
EXP-10401,PALMIRA,SUSTANCIAS,Juzgado_3_Familia,2024,11.54,0.95,5,0,263,1
EXP-10402,BUENAVENTURA,HURTO_PATRIMONIAL,Juzgado_1_Familia,2024,3.34,1.35,3,0,444,1
EXP-10403,TULUA,HURTO_PATRIMONIAL,Juzgado_Penal_Municipal_1,2021,3.34,1.25,1,0,350,1
EXP-10404,BUGALAGRANDE,SUSTANCIAS,Comisaria_1_Familia,2024,0.2799999999999999,1.1,2,0,219,1
EXP-10405,CANDELARIA,ALIMENTOS,Comisaria_2_Familia,2022,3.08,0.9,2,1,382,1
EXP-10406,PALMIRA,VIF,Juzgado_Penal_Municipal_2,2021,11.54,1.05,1,0,212,1
EXP-10407,CANDELARIA,ALIMENTOS,Juzgado_2_Familia,2022,3.08,1.2,4,1,418,0
EXP-10408,BOLIVAR,VIF,Juzgado_Penal_Municipal_2,2022,0.2333333333333333,1.05,11,0,281,1
EXP-10409,ROLDANILLO,ALIMENTOS,Comisaria_2_Familia,2023,1.26,0.9,5,1,403,1
EXP-10410,DAGUA,ALIMENTOS,Juzgado_Penal_Municipal_1,2023,1.3666666666666665,1.25,14,0,424,1
EXP-10411,CALI,ALIMENTOS,Juzgado_3_Familia,2020,70.34,0.95,6,0,513,1
EXP-10412,LA CUMBRE,VIF,Juzgado_Penal_Municipal_2,2024,0.24,1.05,2,0,193,1
EXP-10413,PALMIRA,ALIMENTOS,Juzgado_Penal_Municipal_1,2020,11.54,1.25,2,0,316,1
EXP-10414,TULUA,ALIMENTOS,Comisaria_1_Familia,2024,3.34,1.1,4,1,469,1
EXP-10415,JAMUNDI,ALIMENTOS,Juzgado_2_Familia,2021,2.64,1.2,4,0,302,1
EXP-10416,VIJES,VIF,Comisaria_2_Familia,2022,0.175,0.9,14,0,252,1
EXP-10417,SIN_DATO,HURTO_PATRIMONIAL,Comisaria_2_Familia,2020,2.2,0.9,14,1,487,1
EXP-10418,BUENAVENTURA,HURTO_PATRIMONIAL,Juzgado_1_Familia,2022,3.34,1.35,2,0,385,1
EXP-10419,YOTOCO,ALIMENTOS,Juzgado_Penal_Municipal_2,2021,0.58,1.05,3,0,249,1
EXP-10420,BUGALAGRANDE,ALIMENTOS,Comisaria_2_Familia,2022,0.2799999999999999,0.9,1,0,204,1
EXP-10421,TRUJILLO,HURTO_PATRIMONIAL,Juzgado_1_Familia,2024,0.225,1.35,3,0,434,1
EXP-10422,ARGELIA,VIF,Juzgado_2_Familia,2023,0.2,1.2,2,0,264,1
EXP-10423,TULUA,VIF,Juzgado_1_Familia,2021,3.34,1.35,1,0,214,1
EXP-10424,BUENAVENTURA,VIF,Juzgado_1_Familia,2021,3.34,1.35,12,0,346,1
EXP-10425,ANDALUCIA,ALIMENTOS,Juzgado_Penal_Municipal_1,2022,0.38,1.25,10,0,360,1
EXP-10426,CAICEDONIA,ALIMENTOS,Comisaria_1_Familia,2023,1.28,1.1,9,1,490,1
EXP-10427,CAICEDONIA,VIF,Juzgado_3_Familia,2024,1.28,0.95,9,0,238,1
EXP-10428,CALI,VIF,Juzgado_3_Familia,2023,70.34,0.95,2,0,393,1
EXP-10429,CALI,ALIMENTOS,Juzgado_Penal_Municipal_1,2023,70.34,1.25,4,0,538,1
EXP-10430,CALI,ALIMENTOS,Juzgado_3_Familia,2024,70.34,0.95,7,1,629,1
EXP-10431,CALI,SUSTANCIAS,Comisaria_1_Familia,2022,70.34,1.1,2,0,412,1
EXP-10432,TULUA,ALIMENTOS,Juzgado_1_Familia,2023,3.34,1.35,2,0,314,1
EXP-10433,LA UNION,VIF,Juzgado_Penal_Municipal_2,2024,0.575,1.05,3,0,206,1
EXP-10434,TULUA,ALIMENTOS,Juzgado_3_Familia,2024,3.34,0.95,2,1,367,1
EXP-10435,CANDELARIA,VIF,Juzgado_3_Familia,2023,3.08,0.95,10,0,271,1
EXP-10436,PALMIRA,ALIMENTOS,Juzgado_Penal_Municipal_2,2023,11.54,1.05,2,1,446,1
EXP-10437,PALMIRA,VIF,Juzgado_3_Familia,2022,11.54,0.95,3,0,220,1
EXP-10438,PALMIRA,SUSTANCIAS,Juzgado_Penal_Municipal_1,2022,11.54,1.25,3,0,354,1
EXP-10439,LA UNION,VIF,Juzgado_Penal_Municipal_2,2022,0.575,1.05,1,0,202,1
EXP-10440,RESTREPO,VIF,Juzgado_Penal_Municipal_2,2023,0.24,1.05,1,0,182,1
EXP-10441,CALIMA,HURTO_PATRIMONIAL,Juzgado_Penal_Municipal_2,2023,0.3199999999999999,1.05,1,0,267,1
EXP-10442,ROLDANILLO,HURTO_PATRIMONIAL,Comisaria_2_Familia,2024,1.26,0.9,2,0,298,1
EXP-10443,CALI,HURTO_PATRIMONIAL,Comisaria_1_Familia,2023,70.34,1.1,2,1,668,1
EXP-10444,ANDALUCIA,ALIMENTOS,Juzgado_Penal_Municipal_1,2020,0.38,1.25,15,1,507,1
EXP-10445,TORO,ALIMENTOS,Comisaria_1_Familia,2022,0.1333333333333333,1.1,1,1,379,1
EXP-10446,TULUA,VIF,Juzgado_Penal_Municipal_1,2024,3.34,1.25,1,0,227,1
EXP-10447,TULUA,VIF,Juzgado_Penal_Municipal_2,2024,3.34,1.05,1,0,246,1
EXP-10448,EL CAIRO,ALIMENTOS,Comisaria_1_Familia,2024,0.1,1.1,1,0,223,1
EXP-10449,LA CUMBRE,VIF,Juzgado_3_Familia,2021,0.24,0.95,5,0,159,0
EXP-10450,CAICEDONIA,ALIMENTOS,Comisaria_1_Familia,2020,1.28,1.1,7,1,416,1
EXP-10451,GUADALAJARA DE BUGA,VIF,Juzgado_3_Familia,2023,6.6,0.95,12,0,304,1
EXP-10452,CALI,ALIMENTOS,Comisaria_1_Familia,2024,70.34,1.1,1,1,591,1
EXP-10453,CANDELARIA,HURTO_PATRIMONIAL,Juzgado_1_Familia,2021,3.08,1.35,8,0,447,1
EXP-10454,FLORIDA,HURTO_PATRIMONIAL,Juzgado_3_Familia,2023,0.8,0.95,8,0,279,1
EXP-10455,YUMBO,VIF,Juzgado_3_Familia,2023,3.5,0.95,5,0,230,1
EXP-10456,LA UNION,HURTO_PATRIMONIAL,Juzgado_3_Familia,2023,0.575,0.95,10,0,355,1
EXP-10457,CANDELARIA,SUSTANCIAS,Juzgado_1_Familia,2021,3.08,1.35,2,0,263,1
EXP-10458,GUACARI,HURTO_PATRIMONIAL,Comisaria_2_Familia,2024,1.48,0.9,6,1,212,0
EXP-10459,FLORIDA,ALIMENTOS,Comisaria_1_Familia,2023,0.8,1.1,4,0,169,0
EXP-10460,PALMIRA,HURTO_PATRIMONIAL,Juzgado_3_Familia,2024,11.54,0.95,2,0,297,1
EXP-10461,CALI,VIF,Juzgado_1_Familia,2024,70.34,1.35,4,0,478,1
EXP-10462,TRUJILLO,VIF,Juzgado_Penal_Municipal_2,2024,0.225,1.05,1,0,198,1
EXP-10463,SEVILLA,ALIMENTOS,Juzgado_Penal_Municipal_2,2023,1.62,1.05,3,1,389,1
EXP-10464,CALI,ALIMENTOS,Juzgado_2_Familia,2021,70.34,1.2,3,0,515,1
EXP-10465,CALI,VIF,Juzgado_Penal_Municipal_2,2023,70.34,1.05,9,0,272,0
EXP-10466,CALI,ALIMENTOS,Juzgado_2_Familia,2024,70.34,1.2,8,0,549,1
EXP-10467,OBANDO,ALIMENTOS,Juzgado_1_Familia,2020,0.38,1.35,8,1,547,1
EXP-10468,PALMIRA,ALIMENTOS,Comisaria_2_Familia,2023,11.54,0.9,7,0,304,1
EXP-10469,GUADALAJARA DE BUGA,HURTO_PATRIMONIAL,Comisaria_1_Familia,2023,6.6,1.1,7,1,528,1
EXP-10470,CARTAGO,HURTO_PATRIMONIAL,Comisaria_2_Familia,2024,5.56,0.9,2,1,417,1
EXP-10471,TULUA,HURTO_PATRIMONIAL,Comisaria_1_Familia,2024,3.34,1.1,1,1,451,1
EXP-10472,JAMUNDI,SUSTANCIAS,Comisaria_1_Familia,2021,2.64,1.1,4,0,258,1
EXP-10473,EL CERRITO,HURTO_PATRIMONIAL,Juzgado_1_Familia,2024,1.1,1.35,7,0,362,1
EXP-10474,EL AGUILA,HURTO_PATRIMONIAL,Juzgado_Penal_Municipal_2,2022,0.1666666666666666,1.05,2,0,337,1
EXP-10475,ZARZAL,ALIMENTOS,Juzgado_Penal_Municipal_1,2024,1.12,1.25,5,0,325,1
EXP-10476,CALI,ALIMENTOS,Juzgado_2_Familia,2022,70.34,1.2,1,0,306,0
EXP-10477,BUENAVENTURA,HURTO_PATRIMONIAL,Juzgado_2_Familia,2023,3.34,1.2,1,0,320,1
EXP-10478,CANDELARIA,HURTO_PATRIMONIAL,Juzgado_Penal_Municipal_2,2023,3.08,1.05,8,1,479,1
EXP-10479,YUMBO,VIF,Comisaria_2_Familia,2024,3.5,0.9,6,0,225,1
EXP-10480,ROLDANILLO,VIF,Juzgado_1_Familia,2024,1.26,1.35,1,0,245,1
EXP-10481,SIN_DATO,ALIMENTOS,Juzgado_1_Familia,2024,2.2,1.35,1,1,497,1
EXP-10482,CALI,VIF,Juzgado_Penal_Municipal_1,2024,70.34,1.25,11,0,546,1
EXP-10483,CARTAGO,ALIMENTOS,Juzgado_2_Familia,2024,5.56,1.2,1,0,150,0
EXP-10484,ANDALUCIA,VIF,Comisaria_1_Familia,2024,0.38,1.1,4,0,242,1
EXP-10485,DAGUA,ALIMENTOS,Juzgado_1_Familia,2024,1.3666666666666665,1.35,4,0,327,1
EXP-10486,CAICEDONIA,VIF,Comisaria_1_Familia,2023,1.28,1.1,10,0,280,1
EXP-10487,JAMUNDI,HURTO_PATRIMONIAL,Juzgado_Penal_Municipal_2,2022,2.64,1.05,1,0,257,1
EXP-10488,DAGUA,VIF,Comisaria_2_Familia,2022,1.3666666666666665,0.9,7,0,199,1
EXP-10489,GUACARI,ALIMENTOS,Juzgado_1_Familia,2021,1.48,1.35,5,1,457,1
EXP-10490,ZARZAL,ALIMENTOS,Juzgado_1_Familia,2021,1.12,1.35,3,1,440,1
EXP-10491,YUMBO,HURTO_PATRIMONIAL,Juzgado_Penal_Municipal_1,2023,3.5,1.25,3,1,472,1
EXP-10492,SIN_DATO,ALIMENTOS,Juzgado_2_Familia,2020,2.2,1.2,2,0,302,1
EXP-10493,SEVILLA,HURTO_PATRIMONIAL,Juzgado_Penal_Municipal_2,2023,1.62,1.05,8,1,512,1
EXP-10494,PALMIRA,HURTO_PATRIMONIAL,Comisaria_2_Familia,2020,11.54,0.9,2,0,309,1
EXP-10495,CALI,ALIMENTOS,Juzgado_Penal_Municipal_1,2024,70.34,1.25,4,0,502,1
EXP-10496,YUMBO,ALIMENTOS,Juzgado_Penal_Municipal_2,2023,3.5,1.05,3,0,251,1
EXP-10497,ANSERMANUEVO,VIF,Comisaria_2_Familia,2023,0.2,0.9,7,0,191,1
EXP-10498,CALIMA,ALIMENTOS,Comisaria_1_Familia,2022,0.3199999999999999,1.1,3,0,256,1
EXP-10499,DAGUA,ALIMENTOS,Comisaria_2_Familia,2020,1.3666666666666665,0.9,3,1,367,1
EXP-10500,CALI,VIF,Juzgado_Penal_Municipal_1,2024,70.34,1.25,3,0,460,1
EXP-10501,BOLIVAR,VIF,Juzgado_3_Familia,2023,0.2333333333333333,0.95,4,0,186,1
EXP-10502,JAMUNDI,HURTO_PATRIMONIAL,Juzgado_Penal_Municipal_2,2024,2.64,1.05,6,0,388,1
EXP-10503,CALI,HURTO_PATRIMONIAL,Comisaria_2_Familia,2022,70.34,0.9,4,0,518,1
EXP-10504,JAMUNDI,VIF,Juzgado_Penal_Municipal_2,2023,2.64,1.05,11,0,282,1
EXP-10505,CALI,ALIMENTOS,Comisaria_2_Familia,2023,70.34,0.9,3,0,420,1
EXP-10506,JAMUNDI,ALIMENTOS,Juzgado_Penal_Municipal_2,2022,2.64,1.05,2,1,422,1
EXP-10507,BUENAVENTURA,ALIMENTOS,Comisaria_1_Familia,2020,3.34,1.1,4,1,423,1
EXP-10508,TULUA,VIF,Comisaria_1_Familia,2023,3.34,1.1,3,0,225,1
EXP-10509,SIN_DATO,ALIMENTOS,Comisaria_1_Familia,2021,2.2,1.1,5,1,237,0
EXP-10510,VERSALLES,VIF,Juzgado_Penal_Municipal_2,2023,0.1333333333333333,1.05,2,0,203,1
EXP-10511,SIN_DATO,VIF,Juzgado_1_Familia,2022,2.2,1.35,1,0,258,1
EXP-10512,JAMUNDI,HURTO_PATRIMONIAL,Juzgado_3_Familia,2023,2.64,0.95,6,0,343,1
EXP-10513,BUENAVENTURA,SUSTANCIAS,Juzgado_Penal_Municipal_2,2022,3.34,1.05,9,0,173,0
EXP-10514,CALI,SUSTANCIAS,Juzgado_3_Familia,2020,70.34,0.95,6,0,437,1
EXP-10515,EL AGUILA,VIF,Juzgado_2_Familia,2023,0.1666666666666666,1.2,1,0,205,1
EXP-10516,CALI,VIF,Juzgado_Penal_Municipal_2,2021,70.34,1.05,3,0,388,1
EXP-10517,VERSALLES,ALIMENTOS,Juzgado_2_Familia,2023,0.1333333333333333,1.2,5,0,322,1
EXP-10518,CAICEDONIA,ALIMENTOS,Juzgado_1_Familia,2023,1.28,1.35,10,1,408,0
EXP-10519,ARGELIA,HURTO_PATRIMONIAL,Comisaria_1_Familia,2020,0.2,1.1,4,0,345,1
EXP-10520,ROLDANILLO,ALIMENTOS,Juzgado_2_Familia,2021,1.26,1.2,4,1,420,1
EXP-10521,LA VICTORIA,ALIMENTOS,Juzgado_3_Familia,2023,0.1666666666666666,0.95,3,0,218,0
EXP-10522,CANDELARIA,ALIMENTOS,Juzgado_1_Familia,2023,3.08,1.35,5,0,370,1
EXP-10523,JAMUNDI,ALIMENTOS,Juzgado_2_Familia,2024,2.64,1.2,13,0,405,1
EXP-10524,LA VICTORIA,VIF,Juzgado_2_Familia,2024,0.1666666666666666,1.2,1,0,225,1
EXP-10525,PALMIRA,ALIMENTOS,Juzgado_Penal_Municipal_1,2024,11.54,1.25,1,1,482,1
EXP-10526,GUACARI,VIF,Juzgado_Penal_Municipal_1,2024,1.48,1.25,5,0,310,1
EXP-10527,JAMUNDI,ALIMENTOS,Juzgado_Penal_Municipal_2,2024,2.64,1.05,1,0,251,1
EXP-10528,ARGELIA,VIF,Comisaria_1_Familia,2024,0.2,1.1,4,0,235,1
EXP-10529,TULUA,ALIMENTOS,Juzgado_3_Familia,2022,3.34,0.95,6,0,266,1
EXP-10530,GUADALAJARA DE BUGA,VIF,Juzgado_Penal_Municipal_2,2020,6.6,1.05,4,0,139,0
EXP-10531,OBANDO,ALIMENTOS,Juzgado_Penal_Municipal_2,2023,0.38,1.05,2,1,432,1
EXP-10532,CALIMA,VIF,Juzgado_2_Familia,2024,0.3199999999999999,1.2,6,0,247,1
EXP-10533,TULUA,HURTO_PATRIMONIAL,Comisaria_1_Familia,2023,3.34,1.1,3,0,378,1
EXP-10534,BUENAVENTURA,SUSTANCIAS,Juzgado_2_Familia,2024,3.34,1.2,12,0,328,1
EXP-10535,CARTAGO,HURTO_PATRIMONIAL,Juzgado_3_Familia,2022,5.56,0.95,12,1,528,1
EXP-10536,CALI,ALIMENTOS,Juzgado_3_Familia,2024,70.34,0.95,1,0,414,1
EXP-10537,GUACARI,ALIMENTOS,Comisaria_1_Familia,2024,1.48,1.1,8,0,323,1
EXP-10538,CARTAGO,ALIMENTOS,Juzgado_Penal_Municipal_1,2021,5.56,1.25,3,1,481,1
EXP-10539,PALMIRA,SUSTANCIAS,Juzgado_1_Familia,2023,11.54,1.35,1,0,293,1
EXP-10540,OBANDO,ALIMENTOS,Juzgado_3_Familia,2023,0.38,0.95,6,0,249,1
EXP-10541,SIN_DATO,HURTO_PATRIMONIAL,Juzgado_3_Familia,2023,2.2,0.95,4,0,160,0
EXP-10542,CALI,VIF,Juzgado_Penal_Municipal_1,2022,70.34,1.25,4,0,431,1
EXP-10543,CALI,ALIMENTOS,Comisaria_2_Familia,2023,70.34,0.9,1,0,475,1
EXP-10544,TRUJILLO,ALIMENTOS,Juzgado_Penal_Municipal_1,2021,0.225,1.25,8,0,333,1
EXP-10545,CARTAGO,ALIMENTOS,Comisaria_1_Familia,2020,5.56,1.1,7,0,306,1
EXP-10546,GINEBRA,ALIMENTOS,Comisaria_2_Familia,2024,0.6,0.9,6,0,237,1
EXP-10547,SEVILLA,VIF,Juzgado_Penal_Municipal_2,2022,1.62,1.05,3,0,229,1
EXP-10548,CALI,VIF,Juzgado_1_Familia,2024,70.34,1.35,1,0,491,1
EXP-10549,CARTAGO,VIF,Juzgado_1_Familia,2020,5.56,1.35,3,0,104,0
EXP-10550,EL AGUILA,ALIMENTOS,Juzgado_Penal_Municipal_1,2023,0.1666666666666666,1.25,5,0,308,1
EXP-10551,TORO,SUSTANCIAS,Comisaria_2_Familia,2023,0.1333333333333333,0.9,10,0,230,0
EXP-10552,CALIMA,SUSTANCIAS,Juzgado_Penal_Municipal_2,2024,0.3199999999999999,1.05,2,0,196,1
EXP-10553,CALI,ALIMENTOS,Juzgado_2_Familia,2023,70.34,1.2,2,0,536,1
EXP-10554,GUACARI,VIF,Juzgado_3_Familia,2022,1.48,0.95,5,0,206,1
EXP-10555,DAGUA,SUSTANCIAS,Comisaria_2_Familia,2023,1.3666666666666665,0.9,5,0,235,1
EXP-10556,BUENAVENTURA,VIF,Juzgado_1_Familia,2024,3.34,1.35,8,0,317,1
EXP-10557,CALI,VIF,Juzgado_Penal_Municipal_2,2024,70.34,1.05,13,0,510,1
EXP-10558,PALMIRA,ALIMENTOS,Juzgado_1_Familia,2024,11.54,1.35,2,1,543,1
EXP-10559,JAMUNDI,HURTO_PATRIMONIAL,Juzgado_Penal_Municipal_1,2021,2.64,1.25,1,0,339,1
EXP-10560,CALI,ALIMENTOS,Juzgado_Penal_Municipal_2,2021,70.34,1.05,1,1,605,1
EXP-10561,CARTAGO,VIF,Juzgado_Penal_Municipal_2,2022,5.56,1.05,5,0,220,1
EXP-10562,SIN_DATO,VIF,Comisaria_1_Familia,2021,2.2,1.1,1,0,205,1
EXP-10563,EL CERRITO,ALIMENTOS,Juzgado_1_Familia,2021,1.1,1.35,4,1,510,1
EXP-10564,BUENAVENTURA,ALIMENTOS,Comisaria_2_Familia,2022,3.34,0.9,6,0,279,1
EXP-10565,RESTREPO,ALIMENTOS,Comisaria_2_Familia,2023,0.24,0.9,3,1,383,1
EXP-10566,DAGUA,VIF,Comisaria_1_Familia,2023,1.3666666666666665,1.1,4,0,228,1
EXP-10567,ALCALA,ALIMENTOS,Juzgado_2_Familia,2024,0.22,1.2,6,1,195,0
EXP-10568,ROLDANILLO,VIF,Juzgado_3_Familia,2024,1.26,0.95,4,0,218,1
EXP-10569,BUENAVENTURA,HURTO_PATRIMONIAL,Juzgado_3_Familia,2022,3.34,0.95,7,0,279,1
EXP-10570,CALI,HURTO_PATRIMONIAL,Juzgado_2_Familia,2020,70.34,1.2,1,0,559,1
EXP-10571,CANDELARIA,ALIMENTOS,Juzgado_1_Familia,2024,3.08,1.35,1,0,344,1
EXP-10572,EL CERRITO,ALIMENTOS,Comisaria_2_Familia,2022,1.1,0.9,5,1,386,1
EXP-10573,CARTAGO,VIF,Comisaria_2_Familia,2022,5.56,0.9,4,0,116,0
EXP-10574,CALI,ALIMENTOS,Juzgado_1_Familia,2024,70.34,1.35,3,0,532,1
EXP-10575,GUADALAJARA DE BUGA,SUSTANCIAS,Juzgado_Penal_Municipal_2,2022,6.6,1.05,6,0,255,1
EXP-10576,CARTAGO,ALIMENTOS,Juzgado_Penal_Municipal_2,2022,5.56,1.05,5,1,456,1
EXP-10577,CALI,VIF,Juzgado_1_Familia,2023,70.34,1.35,10,0,539,1
EXP-10578,EL CERRITO,VIF,Juzgado_Penal_Municipal_1,2023,1.1,1.25,6,0,255,1
EXP-10579,PRADERA,ALIMENTOS,Juzgado_Penal_Municipal_2,2020,0.72,1.05,3,0,264,1
EXP-10580,PRADERA,SUSTANCIAS,Juzgado_Penal_Municipal_2,2022,0.72,1.05,5,0,254,1
EXP-10581,PALMIRA,ALIMENTOS,Juzgado_3_Familia,2023,11.54,0.95,2,1,400,1
EXP-10582,ROLDANILLO,VIF,Comisaria_1_Familia,2020,1.26,1.1,3,0,213,1
EXP-10583,JAMUNDI,ALIMENTOS,Juzgado_1_Familia,2023,2.64,1.35,1,0,344,1
EXP-10584,GUACARI,ALIMENTOS,Juzgado_2_Familia,2024,1.48,1.2,7,0,171,0
EXP-10585,TULUA,HURTO_PATRIMONIAL,Comisaria_2_Familia,2021,3.34,0.9,2,0,276,1
EXP-10586,GUADALAJARA DE BUGA,ALIMENTOS,Juzgado_3_Familia,2023,6.6,0.95,3,1,419,1
EXP-10587,YUMBO,ALIMENTOS,Juzgado_Penal_Municipal_2,2022,3.5,1.05,5,0,313,1
EXP-10588,GUACARI,VIF,Juzgado_1_Familia,2021,1.48,1.35,2,0,267,1
EXP-10589,DAGUA,HURTO_PATRIMONIAL,Comisaria_1_Familia,2023,1.3666666666666665,1.1,13,0,412,1
EXP-10590,CANDELARIA,ALIMENTOS,Comisaria_2_Familia,2020,3.08,0.9,1,0,214,1
EXP-10591,DAGUA,SUSTANCIAS,Juzgado_Penal_Municipal_2,2024,1.3666666666666665,1.05,8,0,261,1
EXP-10592,CALI,SUSTANCIAS,Juzgado_1_Familia,2024,70.34,1.35,7,0,537,1
EXP-10593,PALMIRA,HURTO_PATRIMONIAL,Juzgado_2_Familia,2023,11.54,1.2,3,1,587,1
EXP-10594,CARTAGO,ALIMENTOS,Comisaria_1_Familia,2021,5.56,1.1,1,0,264,1
EXP-10595,GUACARI,HURTO_PATRIMONIAL,Juzgado_Penal_Municipal_2,2024,1.48,1.05,4,0,399,1
EXP-10596,CANDELARIA,ALIMENTOS,Juzgado_Penal_Municipal_1,2022,3.08,1.25,7,0,357,1
EXP-10597,PRADERA,HURTO_PATRIMONIAL,Juzgado_2_Familia,2022,0.72,1.2,4,0,362,1
EXP-10598,YOTOCO,VIF,Juzgado_Penal_Municipal_2,2022,0.58,1.05,8,0,116,0
EXP-10599,CALI,ALIMENTOS,Juzgado_2_Familia,2023,70.34,1.2,3,0,507,1
EXP-10600,YUMBO,VIF,Comisaria_2_Familia,2024,3.5,0.9,3,0,186,1
EXP-10601,YUMBO,HURTO_PATRIMONIAL,Juzgado_1_Familia,2021,3.5,1.35,7,1,576,1
EXP-10602,CANDELARIA,VIF,Juzgado_3_Familia,2023,3.08,0.95,5,0,232,1
EXP-10603,CALI,HURTO_PATRIMONIAL,Juzgado_Penal_Municipal_1,2022,70.34,1.25,3,1,678,1
EXP-10604,RIOFRIO,ALIMENTOS,Comisaria_2_Familia,2023,0.175,0.9,5,0,308,1
EXP-10605,GINEBRA,SUSTANCIAS,Juzgado_1_Familia,2023,0.6,1.35,1,0,319,1
EXP-10606,ANDALUCIA,HURTO_PATRIMONIAL,Juzgado_1_Familia,2022,0.38,1.35,1,0,278,0
EXP-10607,TULUA,ALIMENTOS,Juzgado_2_Familia,2020,3.34,1.2,10,0,378,1
EXP-10608,CARTAGO,ALIMENTOS,Juzgado_1_Familia,2023,5.56,1.35,9,0,405,1
EXP-10609,TULUA,ALIMENTOS,Juzgado_Penal_Municipal_1,2023,3.34,1.25,9,0,386,1
EXP-10610,PRADERA,VIF,Juzgado_1_Familia,2022,0.72,1.35,7,0,294,1
EXP-10611,YUMBO,HURTO_PATRIMONIAL,Juzgado_Penal_Municipal_1,2023,3.5,1.25,3,0,415,1
EXP-10612,CARTAGO,VIF,Comisaria_1_Familia,2023,5.56,1.1,2,0,239,1
EXP-10613,PALMIRA,VIF,Juzgado_Penal_Municipal_1,2024,11.54,1.25,11,0,379,1
EXP-10614,CALI,VIF,Juzgado_Penal_Municipal_2,2024,70.34,1.05,5,0,412,1
EXP-10615,LA VICTORIA,ALIMENTOS,Comisaria_1_Familia,2022,0.1666666666666666,1.1,1,0,278,1
EXP-10616,JAMUNDI,VIF,Comisaria_1_Familia,2022,2.64,1.1,1,0,243,1
EXP-10617,CANDELARIA,VIF,Comisaria_2_Familia,2024,3.08,0.9,2,0,73,0
EXP-10618,DAGUA,VIF,Juzgado_3_Familia,2024,1.3666666666666665,0.95,2,0,207,1
EXP-10619,SIN_DATO,HURTO_PATRIMONIAL,Juzgado_2_Familia,2023,2.2,1.2,10,1,589,1
EXP-10620,CALI,HURTO_PATRIMONIAL,Juzgado_1_Familia,2022,70.34,1.35,2,0,657,1
EXP-10621,YUMBO,SUSTANCIAS,Juzgado_Penal_Municipal_1,2024,3.5,1.25,9,0,324,1
EXP-10622,YUMBO,ALIMENTOS,Comisaria_1_Familia,2020,3.5,1.1,4,0,266,1
EXP-10623,CARTAGO,VIF,Juzgado_1_Familia,2024,5.56,1.35,4,0,287,1
EXP-10624,BUGALAGRANDE,HURTO_PATRIMONIAL,Juzgado_Penal_Municipal_2,2022,0.2799999999999999,1.05,5,0,341,1
EXP-10625,EL DOVIO,HURTO_PATRIMONIAL,Comisaria_1_Familia,2023,0.1,1.1,4,0,331,1
EXP-10626,CALI,VIF,Comisaria_1_Familia,2024,70.34,1.1,3,0,441,1
EXP-10627,JAMUNDI,HURTO_PATRIMONIAL,Juzgado_Penal_Municipal_1,2022,2.64,1.25,4,0,201,0
EXP-10628,SEVILLA,ALIMENTOS,Juzgado_3_Familia,2021,1.62,0.95,4,1,412,1
EXP-10629,CALI,VIF,Juzgado_3_Familia,2024,70.34,0.95,1,0,412,1
EXP-10630,JAMUNDI,VIF,Juzgado_1_Familia,2023,2.64,1.35,1,0,238,1
EXP-10631,GUACARI,VIF,Juzgado_3_Familia,2022,1.48,0.95,2,0,199,1
EXP-10632,PALMIRA,SUSTANCIAS,Juzgado_Penal_Municipal_1,2020,11.54,1.25,1,0,273,1
EXP-10633,PALMIRA,VIF,Juzgado_Penal_Municipal_1,2024,11.54,1.25,1,0,270,1
EXP-10634,CAICEDONIA,SUSTANCIAS,Comisaria_1_Familia,2021,1.28,1.1,7,0,283,1
EXP-10635,ZARZAL,ALIMENTOS,Juzgado_Penal_Municipal_2,2024,1.12,1.05,11,1,459,1
EXP-10636,CALI,ALIMENTOS,Comisaria_1_Familia,2023,70.34,1.1,2,1,629,1
EXP-10637,ZARZAL,SUSTANCIAS,Juzgado_Penal_Municipal_1,2024,1.12,1.25,4,0,290,1
EXP-10638,GUACARI,VIF,Comisaria_2_Familia,2022,1.48,0.9,13,0,123,0
EXP-10639,GUADALAJARA DE BUGA,ALIMENTOS,Comisaria_2_Familia,2021,6.6,0.9,2,0,237,1
EXP-10640,LA UNION,VIF,Comisaria_1_Familia,2020,0.575,1.1,8,0,225,1
EXP-10641,TULUA,ALIMENTOS,Juzgado_2_Familia,2021,3.34,1.2,8,0,390,1
EXP-10642,JAMUNDI,HURTO_PATRIMONIAL,Juzgado_Penal_Municipal_1,2022,2.64,1.25,6,1,528,1
EXP-10643,LA VICTORIA,ALIMENTOS,Juzgado_2_Familia,2023,0.1666666666666666,1.2,7,0,348,1
EXP-10644,CALI,VIF,Juzgado_Penal_Municipal_1,2024,70.34,1.25,4,0,348,0
EXP-10645,ANDALUCIA,ALIMENTOS,Juzgado_2_Familia,2024,0.38,1.2,8,0,418,1
EXP-10646,SEVILLA,SUSTANCIAS,Comisaria_2_Familia,2021,1.62,0.9,2,0,181,1
EXP-10647,ALCALA,ALIMENTOS,Juzgado_Penal_Municipal_1,2023,0.22,1.25,1,0,314,1
EXP-10648,ALCALA,ALIMENTOS,Comisaria_1_Familia,2024,0.22,1.1,4,0,297,1
EXP-10649,CALI,ALIMENTOS,Juzgado_3_Familia,2021,70.34,0.95,2,0,463,1
EXP-10650,TRUJILLO,VIF,Comisaria_2_Familia,2023,0.225,0.9,9,0,219,1
EXP-10651,PALMIRA,ALIMENTOS,Comisaria_2_Familia,2024,11.54,0.9,4,0,290,1
EXP-10652,CALI,VIF,Juzgado_3_Familia,2022,70.34,0.95,11,0,469,1
EXP-10653,JAMUNDI,ALIMENTOS,Comisaria_1_Familia,2021,2.64,1.1,2,0,305,1
EXP-10654,ZARZAL,VIF,Juzgado_Penal_Municipal_1,2024,1.12,1.25,4,0,196,0
EXP-10655,CALI,ALIMENTOS,Juzgado_3_Familia,2023,70.34,0.95,4,0,413,1
EXP-10656,CARTAGO,VIF,Juzgado_Penal_Municipal_1,2022,5.56,1.25,2,0,254,1
EXP-10657,EL DOVIO,VIF,Comisaria_2_Familia,2022,0.1,0.9,3,0,166,1
EXP-10658,SIN_DATO,ALIMENTOS,Juzgado_3_Familia,2022,2.2,0.95,15,0,336,1
EXP-10659,DAGUA,VIF,Juzgado_2_Familia,2022,1.3666666666666665,1.2,4,0,258,1
EXP-10660,BUENAVENTURA,VIF,Juzgado_3_Familia,2024,3.34,0.95,3,0,154,0
EXP-10661,EL CERRITO,ALIMENTOS,Comisaria_2_Familia,2022,1.1,0.9,3,1,369,1
EXP-10662,ALCALA,ALIMENTOS,Comisaria_1_Familia,2021,0.22,1.1,5,1,437,1
EXP-10663,CALI,HURTO_PATRIMONIAL,Juzgado_1_Familia,2021,70.34,1.35,3,0,634,1
EXP-10664,CALI,HURTO_PATRIMONIAL,Juzgado_Penal_Municipal_2,2023,70.34,1.05,2,0,533,1
EXP-10665,BUGALAGRANDE,ALIMENTOS,Juzgado_Penal_Municipal_1,2021,0.2799999999999999,1.25,1,0,257,1
EXP-10666,CARTAGO,ALIMENTOS,Comisaria_1_Familia,2024,5.56,1.1,6,0,234,0
EXP-10667,SEVILLA,ALIMENTOS,Juzgado_3_Familia,2020,1.62,0.95,4,0,205,1
EXP-10668,PALMIRA,ALIMENTOS,Juzgado_3_Familia,2024,11.54,0.95,1,1,397,1
EXP-10669,CARTAGO,ALIMENTOS,Comisaria_1_Familia,2021,5.56,1.1,1,0,292,1
EXP-10670,ANSERMANUEVO,ALIMENTOS,Juzgado_2_Familia,2021,0.2,1.2,2,0,282,1
EXP-10671,LA UNION,VIF,Juzgado_3_Familia,2024,0.575,0.95,10,0,251,1
EXP-10672,ARGELIA,HURTO_PATRIMONIAL,Juzgado_Penal_Municipal_1,2024,0.2,1.25,5,0,414,1
EXP-10673,ALCALA,ALIMENTOS,Juzgado_Penal_Municipal_2,2020,0.22,1.05,3,1,416,1
EXP-10674,YUMBO,ALIMENTOS,Juzgado_1_Familia,2020,3.5,1.35,2,0,368,1
EXP-10675,YUMBO,ALIMENTOS,Comisaria_2_Familia,2020,3.5,0.9,1,0,245,1
EXP-10676,PRADERA,SUSTANCIAS,Juzgado_2_Familia,2024,0.72,1.2,3,0,263,1
EXP-10677,SIN_DATO,VIF,Comisaria_1_Familia,2024,2.2,1.1,5,0,256,1
EXP-10678,CAICEDONIA,ALIMENTOS,Juzgado_3_Familia,2020,1.28,0.95,2,0,248,1
EXP-10679,CANDELARIA,HURTO_PATRIMONIAL,Juzgado_Penal_Municipal_1,2023,3.08,1.25,13,0,458,1
EXP-10680,JAMUNDI,ALIMENTOS,Comisaria_2_Familia,2020,2.64,0.9,1,0,247,1
EXP-10681,PALMIRA,VIF,Juzgado_2_Familia,2023,11.54,1.2,12,0,371,1
EXP-10682,JAMUNDI,ALIMENTOS,Juzgado_Penal_Municipal_2,2022,2.64,1.05,9,1,509,1
EXP-10683,ROLDANILLO,VIF,Juzgado_Penal_Municipal_1,2024,1.26,1.25,8,0,304,1
EXP-10684,OBANDO,ALIMENTOS,Juzgado_Penal_Municipal_1,2024,0.38,1.25,7,0,363,1
EXP-10685,ARGELIA,ALIMENTOS,Comisaria_1_Familia,2022,0.2,1.1,7,0,320,1
EXP-10686,BUGALAGRANDE,SUSTANCIAS,Juzgado_3_Familia,2021,0.2799999999999999,0.95,8,0,243,1
EXP-10687,DAGUA,HURTO_PATRIMONIAL,Juzgado_2_Familia,2021,1.3666666666666665,1.2,1,1,399,0
EXP-10688,VIJES,VIF,Juzgado_1_Familia,2023,0.175,1.35,1,0,254,1
EXP-10689,EL CERRITO,VIF,Juzgado_3_Familia,2023,1.1,0.95,11,0,263,1
EXP-10690,CALI,VIF,Juzgado_2_Familia,2020,70.34,1.2,2,0,207,0
EXP-10691,ZARZAL,HURTO_PATRIMONIAL,Comisaria_1_Familia,2023,1.12,1.1,10,1,555,1
EXP-10692,CALI,ALIMENTOS,Comisaria_2_Familia,2023,70.34,0.9,1,0,475,1
EXP-10693,CALI,VIF,Juzgado_3_Familia,2022,70.34,0.95,4,0,402,1
EXP-10694,DAGUA,ALIMENTOS,Comisaria_2_Familia,2023,1.3666666666666665,0.9,6,0,301,1
EXP-10695,LA UNION,HURTO_PATRIMONIAL,Juzgado_Penal_Municipal_2,2024,0.575,1.05,1,0,202,0
EXP-10696,JAMUNDI,HURTO_PATRIMONIAL,Comisaria_1_Familia,2022,2.64,1.1,2,1,447,1
EXP-10697,GUACARI,VIF,Juzgado_Penal_Municipal_1,2022,1.48,1.25,3,0,249,1
EXP-10698,ALCALA,HURTO_PATRIMONIAL,Juzgado_Penal_Municipal_1,2021,0.22,1.25,12,1,563,1
EXP-10699,GUADALAJARA DE BUGA,HURTO_PATRIMONIAL,Juzgado_Penal_Municipal_2,2024,6.6,1.05,4,0,340,1
EXP-10700,PRADERA,HURTO_PATRIMONIAL,Juzgado_2_Familia,2021,0.72,1.2,14,0,445,1
EXP-10701,CALI,VIF,Comisaria_2_Familia,2024,70.34,0.9,1,0,373,1
EXP-10702,PALMIRA,ALIMENTOS,Juzgado_Penal_Municipal_1,2020,11.54,1.25,5,0,354,1
EXP-10703,PRADERA,HURTO_PATRIMONIAL,Juzgado_3_Familia,2022,0.72,0.95,4,1,294,0
EXP-10704,BOLIVAR,VIF,Comisaria_1_Familia,2022,0.2333333333333333,1.1,6,0,234,1
EXP-10705,GUADALAJARA DE BUGA,VIF,Juzgado_2_Familia,2024,6.6,1.2,4,0,254,1
EXP-10706,PALMIRA,ALIMENTOS,Comisaria_1_Familia,2024,11.54,1.1,4,0,324,1
EXP-10707,VIJES,ALIMENTOS,Comisaria_1_Familia,2022,0.175,1.1,1,0,292,1
EXP-10708,VIJES,ALIMENTOS,Juzgado_2_Familia,2024,0.175,1.2,4,0,328,1
EXP-10709,ROLDANILLO,VIF,Juzgado_Penal_Municipal_1,2023,1.26,1.25,3,0,186,0
EXP-10710,BUENAVENTURA,HURTO_PATRIMONIAL,Juzgado_1_Familia,2024,3.34,1.35,2,1,545,1
EXP-10711,PALMIRA,VIF,Juzgado_3_Familia,2023,11.54,0.95,1,0,212,1
EXP-10712,BUENAVENTURA,SUSTANCIAS,Comisaria_1_Familia,2024,3.34,1.1,2,0,258,1
EXP-10713,PALMIRA,VIF,Juzgado_3_Familia,2021,11.54,0.95,6,0,258,1
EXP-10714,SEVILLA,VIF,Juzgado_3_Familia,2024,1.62,0.95,5,0,233,1
EXP-10715,SAN PEDRO,ALIMENTOS,Comisaria_1_Familia,2023,0.3,1.1,10,1,489,1
EXP-10716,SEVILLA,VIF,Juzgado_3_Familia,2022,1.62,0.95,2,0,130,0
EXP-10717,GUACARI,HURTO_PATRIMONIAL,Comisaria_2_Familia,2023,1.48,0.9,1,1,390,1
EXP-10718,GUADALAJARA DE BUGA,ALIMENTOS,Comisaria_1_Familia,2022,6.6,1.1,6,0,295,1
EXP-10719,TULUA,SUSTANCIAS,Juzgado_2_Familia,2021,3.34,1.2,3,0,273,1
EXP-10720,LA UNION,HURTO_PATRIMONIAL,Juzgado_Penal_Municipal_1,2024,0.575,1.25,3,0,381,1
EXP-10721,TORO,VIF,Juzgado_2_Familia,2023,0.1333333333333333,1.2,6,0,258,1
EXP-10722,ZARZAL,HURTO_PATRIMONIAL,Juzgado_1_Familia,2024,1.12,1.35,1,1,539,1
EXP-10723,CANDELARIA,HURTO_PATRIMONIAL,Juzgado_2_Familia,2024,3.08,1.2,3,0,193,0
EXP-10724,ANDALUCIA,SUSTANCIAS,Juzgado_2_Familia,2021,0.38,1.2,2,0,234,1
EXP-10725,TRUJILLO,VIF,Juzgado_Penal_Municipal_1,2024,0.225,1.25,4,0,244,1
EXP-10726,CAICEDONIA,VIF,Juzgado_3_Familia,2023,1.28,0.95,4,0,199,1
EXP-10727,RIOFRIO,ALIMENTOS,Juzgado_Penal_Municipal_2,2023,0.175,1.05,1,0,283,1
EXP-10728,BOLIVAR,ALIMENTOS,Juzgado_Penal_Municipal_1,2023,0.2333333333333333,1.25,9,0,388,1
EXP-10729,PALMIRA,VIF,Juzgado_1_Familia,2024,11.54,1.35,4,0,317,1
EXP-10730,PALMIRA,ALIMENTOS,Comisaria_1_Familia,2024,11.54,1.1,2,1,477,1
EXP-10731,JAMUNDI,ALIMENTOS,Juzgado_Penal_Municipal_1,2022,2.64,1.25,1,0,319,1
EXP-10732,CALI,SUSTANCIAS,Juzgado_1_Familia,2024,70.34,1.35,2,0,503,1
EXP-10733,CALI,VIF,Juzgado_1_Familia,2024,70.34,1.35,1,0,421,1
EXP-10734,YOTOCO,VIF,Juzgado_Penal_Municipal_2,2020,0.58,1.05,7,0,237,1
EXP-10735,VERSALLES,SUSTANCIAS,Juzgado_Penal_Municipal_1,2020,0.1333333333333333,1.25,3,0,250,1
EXP-10736,GUADALAJARA DE BUGA,ALIMENTOS,Juzgado_Penal_Municipal_1,2020,6.6,1.25,1,0,287,1
EXP-10737,CALI,SUSTANCIAS,Juzgado_2_Familia,2024,70.34,1.2,3,0,344,0
EXP-10738,BOLIVAR,HURTO_PATRIMONIAL,Juzgado_3_Familia,2023,0.2333333333333333,0.95,12,0,395,1
EXP-10739,JAMUNDI,VIF,Comisaria_1_Familia,2024,2.64,1.1,5,0,224,0
EXP-10740,CALI,SUSTANCIAS,Comisaria_2_Familia,2023,70.34,0.9,2,0,366,0
EXP-10741,BUENAVENTURA,VIF,Juzgado_Penal_Municipal_1,2023,3.34,1.25,3,0,256,1
EXP-10742,CALI,ALIMENTOS,Juzgado_3_Familia,2022,70.34,0.95,8,0,504,1
EXP-10743,CALI,VIF,Juzgado_Penal_Municipal_2,2023,70.34,1.05,7,0,442,1
EXP-10744,DAGUA,SUSTANCIAS,Juzgado_2_Familia,2021,1.3666666666666665,1.2,8,0,295,1
EXP-10745,VIJES,ALIMENTOS,Juzgado_Penal_Municipal_2,2020,0.175,1.05,3,0,255,1
EXP-10746,GUADALAJARA DE BUGA,HURTO_PATRIMONIAL,Juzgado_1_Familia,2023,6.6,1.35,7,0,442,1
EXP-10747,YUMBO,ALIMENTOS,Juzgado_2_Familia,2023,3.5,1.2,4,1,466,1
EXP-10748,BOLIVAR,ALIMENTOS,Juzgado_2_Familia,2022,0.2333333333333333,1.2,7,0,312,1
EXP-10749,CAICEDONIA,ALIMENTOS,Juzgado_3_Familia,2022,1.28,0.95,2,0,234,1
EXP-10750,VERSALLES,ALIMENTOS,Juzgado_2_Familia,2020,0.1333333333333333,1.2,3,0,313,1
EXP-10751,ROLDANILLO,ALIMENTOS,Juzgado_3_Familia,2024,1.26,0.95,5,0,275,1
EXP-10752,CALI,ALIMENTOS,Juzgado_1_Familia,2022,70.34,1.35,9,1,622,0
EXP-10753,GUADALAJARA DE BUGA,HURTO_PATRIMONIAL,Comisaria_1_Familia,2023,6.6,1.1,3,0,400,1
EXP-10754,CALI,ALIMENTOS,Juzgado_2_Familia,2024,70.34,1.2,3,1,678,1
EXP-10755,LA VICTORIA,HURTO_PATRIMONIAL,Juzgado_2_Familia,2024,0.1666666666666666,1.2,2,1,514,1
EXP-10756,YUMBO,ALIMENTOS,Juzgado_Penal_Municipal_1,2021,3.5,1.25,7,1,485,1
EXP-10757,CARTAGO,VIF,Juzgado_Penal_Municipal_1,2024,5.56,1.25,7,0,303,1
EXP-10758,ZARZAL,SUSTANCIAS,Comisaria_2_Familia,2023,1.12,0.9,1,0,207,1
EXP-10759,OBANDO,VIF,Juzgado_3_Familia,2022,0.38,0.95,2,0,192,1
EXP-10760,LA CUMBRE,HURTO_PATRIMONIAL,Comisaria_1_Familia,2024,0.24,1.1,5,0,337,1
EXP-10761,CALI,VIF,Juzgado_2_Familia,2022,70.34,1.2,4,0,442,1
EXP-10762,CALI,ALIMENTOS,Juzgado_3_Familia,2022,70.34,0.95,6,1,607,1
EXP-10763,EL CERRITO,ALIMENTOS,Comisaria_2_Familia,2024,1.1,0.9,1,0,256,1
EXP-10764,ALCALA,HURTO_PATRIMONIAL,Juzgado_1_Familia,2021,0.22,1.35,3,0,393,1
EXP-10765,ROLDANILLO,HURTO_PATRIMONIAL,Juzgado_Penal_Municipal_2,2023,1.26,1.05,1,1,472,1
EXP-10766,GUADALAJARA DE BUGA,ALIMENTOS,Juzgado_Penal_Municipal_2,2020,6.6,1.05,5,0,333,1
EXP-10767,SIN_DATO,VIF,Juzgado_3_Familia,2023,2.2,0.95,3,0,194,1
EXP-10768,CALI,HURTO_PATRIMONIAL,Juzgado_3_Familia,2022,70.34,0.95,3,1,329,0
EXP-10769,CANDELARIA,HURTO_PATRIMONIAL,Juzgado_3_Familia,2020,3.08,0.95,2,1,420,1
EXP-10770,CALI,VIF,Juzgado_2_Familia,2020,70.34,1.2,3,0,427,1
EXP-10771,CAICEDONIA,VIF,Juzgado_2_Familia,2022,1.28,1.2,1,0,217,1
EXP-10772,EL CERRITO,VIF,Juzgado_2_Familia,2023,1.1,1.2,3,0,139,0
EXP-10773,FLORIDA,ALIMENTOS,Juzgado_3_Familia,2024,0.8,0.95,8,0,273,1
EXP-10774,TULUA,VIF,Juzgado_Penal_Municipal_1,2024,3.34,1.25,7,0,276,1
EXP-10775,CALI,HURTO_PATRIMONIAL,Comisaria_2_Familia,2021,70.34,0.9,2,0,357,0
EXP-10776,CALI,HURTO_PATRIMONIAL,Comisaria_2_Familia,2024,70.34,0.9,11,0,569,1
EXP-10777,JAMUNDI,SUSTANCIAS,Juzgado_Penal_Municipal_1,2023,2.64,1.25,11,0,382,1
EXP-10778,CALI,ALIMENTOS,Juzgado_Penal_Municipal_2,2024,70.34,1.05,1,0,464,1
EXP-10779,CALI,ALIMENTOS,Juzgado_Penal_Municipal_1,2024,70.34,1.25,2,0,533,1
EXP-10780,CANDELARIA,VIF,Juzgado_3_Familia,2024,3.08,0.95,3,0,238,1
EXP-10781,SAN PEDRO,ALIMENTOS,Juzgado_Penal_Municipal_1,2023,0.3,1.25,10,1,579,1
EXP-10782,CALI,SUSTANCIAS,Juzgado_2_Familia,2020,70.34,1.2,4,0,472,1
EXP-10783,PALMIRA,VIF,Comisaria_2_Familia,2022,11.54,0.9,1,0,178,1
EXP-10784,PALMIRA,ALIMENTOS,Juzgado_Penal_Municipal_2,2024,11.54,1.05,2,0,295,1
EXP-10785,BUENAVENTURA,ALIMENTOS,Comisaria_1_Familia,2020,3.34,1.1,10,0,353,1
EXP-10786,PALMIRA,ALIMENTOS,Comisaria_2_Familia,2021,11.54,0.9,6,0,285,1
EXP-10787,CARTAGO,HURTO_PATRIMONIAL,Juzgado_1_Familia,2023,5.56,1.35,12,1,647,1
EXP-10788,ANDALUCIA,VIF,Comisaria_2_Familia,2024,0.38,0.9,5,0,230,1
EXP-10789,YUMBO,VIF,Juzgado_1_Familia,2024,3.5,1.35,3,0,267,1
EXP-10790,YOTOCO,SUSTANCIAS,Juzgado_Penal_Municipal_1,2020,0.58,1.25,1,0,253,1
EXP-10791,CALI,HURTO_PATRIMONIAL,Juzgado_2_Familia,2020,70.34,1.2,1,1,596,1
EXP-10792,PALMIRA,VIF,Juzgado_Penal_Municipal_2,2021,11.54,1.05,4,0,245,1
EXP-10793,SAN PEDRO,HURTO_PATRIMONIAL,Juzgado_1_Familia,2024,0.3,1.35,7,0,401,1
EXP-10794,GINEBRA,ALIMENTOS,Comisaria_1_Familia,2020,0.6,1.1,1,0,229,0
EXP-10795,CANDELARIA,VIF,Juzgado_Penal_Municipal_1,2021,3.08,1.25,4,0,264,1
EXP-10796,GUACARI,ALIMENTOS,Comisaria_1_Familia,2024,1.48,1.1,6,0,321,1
EXP-10797,BUGALAGRANDE,ALIMENTOS,Comisaria_2_Familia,2024,0.2799999999999999,0.9,5,0,247,1
EXP-10798,YUMBO,SUSTANCIAS,Comisaria_1_Familia,2021,3.5,1.1,1,0,228,1
EXP-10799,TRUJILLO,VIF,Juzgado_1_Familia,2022,0.225,1.35,2,0,281,1
EXP-10800,CALI,ALIMENTOS,Comisaria_2_Familia,2024,70.34,0.9,5,1,245,0
EXP-10801,ANSERMANUEVO,VIF,Comisaria_1_Familia,2023,0.2,1.1,6,0,247,1
EXP-10802,ROLDANILLO,ALIMENTOS,Juzgado_3_Familia,2023,1.26,0.95,1,1,371,1
EXP-10803,TULUA,ALIMENTOS,Juzgado_Penal_Municipal_1,2024,3.34,1.25,4,1,511,1
EXP-10804,BUENAVENTURA,ALIMENTOS,Juzgado_1_Familia,2023,3.34,1.35,1,1,476,1
EXP-10805,GUACARI,HURTO_PATRIMONIAL,Juzgado_1_Familia,2023,1.48,1.35,2,0,417,1
EXP-10806,CALI,ALIMENTOS,Comisaria_2_Familia,2024,70.34,0.9,2,0,228,0
EXP-10807,CALIMA,SUSTANCIAS,Juzgado_3_Familia,2024,0.3199999999999999,0.95,2,0,230,1
EXP-10808,JAMUNDI,SUSTANCIAS,Comisaria_1_Familia,2021,2.64,1.1,3,0,244,1
EXP-10809,BUGALAGRANDE,VIF,Comisaria_2_Familia,2021,0.2799999999999999,0.9,4,0,190,1
EXP-10810,JAMUNDI,ALIMENTOS,Juzgado_1_Familia,2023,2.64,1.35,16,0,311,0
EXP-10811,PALMIRA,SUSTANCIAS,Juzgado_Penal_Municipal_1,2020,11.54,1.25,1,0,313,1
EXP-10812,BUGALAGRANDE,VIF,Juzgado_2_Familia,2022,0.2799999999999999,1.2,5,0,249,1
EXP-10813,CALI,VIF,Juzgado_Penal_Municipal_2,2020,70.34,1.05,7,0,452,1
EXP-10814,CALIMA,ALIMENTOS,Juzgado_Penal_Municipal_1,2024,0.3199999999999999,1.25,8,0,290,0
EXP-10815,BUENAVENTURA,ALIMENTOS,Comisaria_1_Familia,2021,3.34,1.1,4,1,426,1
EXP-10816,LA VICTORIA,ALIMENTOS,Juzgado_2_Familia,2024,0.1666666666666666,1.2,1,0,301,1
EXP-10817,LA UNION,ALIMENTOS,Juzgado_3_Familia,2021,0.575,0.95,4,0,210,0
EXP-10818,EL CAIRO,VIF,Juzgado_Penal_Municipal_2,2022,0.1,1.05,2,0,206,1
EXP-10819,CALI,HURTO_PATRIMONIAL,Comisaria_2_Familia,2024,70.34,0.9,3,1,607,1
EXP-10820,PALMIRA,ALIMENTOS,Juzgado_Penal_Municipal_1,2021,11.54,1.25,7,0,356,1
EXP-10821,BOLIVAR,HURTO_PATRIMONIAL,Juzgado_Penal_Municipal_1,2021,0.2333333333333333,1.25,5,0,392,1
EXP-10822,JAMUNDI,HURTO_PATRIMONIAL,Juzgado_Penal_Municipal_1,2020,2.64,1.25,3,1,560,1
EXP-10823,CAICEDONIA,ALIMENTOS,Juzgado_Penal_Municipal_1,2022,1.28,1.25,6,1,493,1
EXP-10824,CALI,ALIMENTOS,Juzgado_3_Familia,2024,70.34,0.95,4,0,462,1
EXP-10825,GUADALAJARA DE BUGA,VIF,Comisaria_2_Familia,2023,6.6,0.9,2,0,201,1
EXP-10826,CARTAGO,ALIMENTOS,Comisaria_1_Familia,2022,5.56,1.1,5,0,323,1
EXP-10827,RIOFRIO,VIF,Comisaria_1_Familia,2021,0.175,1.1,4,0,206,1
EXP-10828,SEVILLA,ALIMENTOS,Juzgado_2_Familia,2024,1.62,1.2,2,0,156,0
EXP-10829,CALI,ALIMENTOS,Juzgado_1_Familia,2023,70.34,1.35,7,0,355,0
EXP-10830,CALIMA,VIF,Juzgado_1_Familia,2024,0.3199999999999999,1.35,7,0,300,1
EXP-10831,GUACARI,SUSTANCIAS,Juzgado_2_Familia,2020,1.48,1.2,2,0,182,0
EXP-10832,LA UNION,VIF,Juzgado_3_Familia,2023,0.575,0.95,5,0,211,1
EXP-10833,PALMIRA,ALIMENTOS,Comisaria_1_Familia,2020,11.54,1.1,1,0,219,0
EXP-10834,YUMBO,VIF,Juzgado_2_Familia,2024,3.5,1.2,7,0,266,1
EXP-10835,BUENAVENTURA,ALIMENTOS,Juzgado_2_Familia,2022,3.34,1.2,5,0,347,1
EXP-10836,CARTAGO,VIF,Juzgado_2_Familia,2021,5.56,1.2,2,0,197,0
EXP-10837,CALI,VIF,Juzgado_2_Familia,2023,70.34,1.2,1,0,173,0
EXP-10838,GUADALAJARA DE BUGA,HURTO_PATRIMONIAL,Juzgado_2_Familia,2022,6.6,1.2,6,1,431,0
EXP-10839,JAMUNDI,ALIMENTOS,Comisaria_1_Familia,2023,2.64,1.1,2,1,430,1
EXP-10840,ANSERMANUEVO,HURTO_PATRIMONIAL,Juzgado_1_Familia,2024,0.2,1.35,2,0,383,1
EXP-10841,TULUA,VIF,Juzgado_3_Familia,2023,3.34,0.95,5,0,224,1
EXP-10842,EL CERRITO,VIF,Juzgado_2_Familia,2022,1.1,1.2,7,0,284,1
EXP-10843,JAMUNDI,VIF,Juzgado_2_Familia,2020,2.64,1.2,5,0,249,1
EXP-10844,LA UNION,HURTO_PATRIMONIAL,Comisaria_2_Familia,2024,0.575,0.9,3,0,231,1
EXP-10845,CALI,VIF,Juzgado_Penal_Municipal_1,2022,70.34,1.25,8,0,515,1
EXP-10846,CALI,ALIMENTOS,Juzgado_2_Familia,2024,70.34,1.2,2,0,497,1
EXP-10847,CALI,ALIMENTOS,Comisaria_1_Familia,2023,70.34,1.1,6,0,530,1
EXP-10848,CALI,ALIMENTOS,Juzgado_Penal_Municipal_1,2020,70.34,1.25,5,1,643,1
EXP-10849,BUENAVENTURA,VIF,Juzgado_3_Familia,2024,3.34,0.95,2,0,216,1
EXP-10850,VIJES,VIF,Comisaria_2_Familia,2023,0.175,0.9,8,0,240,1
EXP-10851,CALI,ALIMENTOS,Juzgado_Penal_Municipal_1,2021,70.34,1.25,1,0,510,1
EXP-10852,GUACARI,ALIMENTOS,Juzgado_Penal_Municipal_2,2021,1.48,1.05,4,0,192,0
EXP-10853,OBANDO,ALIMENTOS,Juzgado_3_Familia,2024,0.38,0.95,6,0,281,1
EXP-10854,ALCALA,ALIMENTOS,Juzgado_3_Familia,2024,0.22,0.95,3,0,123,0
EXP-10855,ANDALUCIA,HURTO_PATRIMONIAL,Comisaria_1_Familia,2020,0.38,1.1,6,1,517,1
EXP-10856,YUMBO,VIF,Juzgado_1_Familia,2023,3.5,1.35,3,0,200,0
EXP-10857,CANDELARIA,ALIMENTOS,Juzgado_2_Familia,2022,3.08,1.2,4,1,442,1
EXP-10858,CALI,VIF,Juzgado_Penal_Municipal_1,2020,70.34,1.25,3,0,259,0
EXP-10859,ROLDANILLO,ALIMENTOS,Juzgado_2_Familia,2022,1.26,1.2,4,0,323,1
EXP-10860,TULUA,VIF,Juzgado_Penal_Municipal_2,2022,3.34,1.05,4,0,264,1
EXP-10861,TORO,ALIMENTOS,Comisaria_1_Familia,2023,0.1333333333333333,1.1,1,0,265,1
EXP-10862,EL AGUILA,VIF,Juzgado_Penal_Municipal_2,2024,0.1666666666666666,1.05,2,0,185,1
EXP-10863,CANDELARIA,VIF,Comisaria_1_Familia,2024,3.08,1.1,2,0,237,1
EXP-10864,EL CERRITO,ALIMENTOS,Comisaria_2_Familia,2023,1.1,0.9,2,0,269,0
EXP-10865,CARTAGO,ALIMENTOS,Comisaria_2_Familia,2021,5.56,0.9,8,0,320,1
EXP-10866,BUENAVENTURA,ALIMENTOS,Juzgado_1_Familia,2022,3.34,1.35,4,0,336,1
EXP-10867,GUADALAJARA DE BUGA,VIF,Juzgado_Penal_Municipal_2,2021,6.6,1.05,7,0,251,1
EXP-10868,CARTAGO,ALIMENTOS,Juzgado_Penal_Municipal_1,2022,5.56,1.25,6,1,494,1
EXP-10869,CALI,VIF,Comisaria_2_Familia,2024,70.34,0.9,2,0,390,1
EXP-10870,CALI,SUSTANCIAS,Juzgado_Penal_Municipal_2,2024,70.34,1.05,3,0,186,0
EXP-10871,DAGUA,ALIMENTOS,Comisaria_1_Familia,2022,1.3666666666666665,1.1,4,1,426,1
EXP-10872,DAGUA,VIF,Juzgado_3_Familia,2024,1.3666666666666665,0.95,2,0,174,1
EXP-10873,DAGUA,VIF,Juzgado_Penal_Municipal_2,2022,1.3666666666666665,1.05,6,0,249,1
EXP-10874,CALI,HURTO_PATRIMONIAL,Juzgado_Penal_Municipal_1,2021,70.34,1.25,1,0,594,1
EXP-10875,TULUA,VIF,Juzgado_1_Familia,2024,3.34,1.35,7,0,151,0
EXP-10876,GUADALAJARA DE BUGA,ALIMENTOS,Comisaria_1_Familia,2023,6.6,1.1,1,0,316,1
EXP-10877,CANDELARIA,HURTO_PATRIMONIAL,Juzgado_Penal_Municipal_2,2024,3.08,1.05,17,0,455,1
EXP-10878,GUADALAJARA DE BUGA,ALIMENTOS,Comisaria_1_Familia,2023,6.6,1.1,2,1,440,1
EXP-10879,CALI,HURTO_PATRIMONIAL,Juzgado_Penal_Municipal_2,2022,70.34,1.05,2,0,454,0
EXP-10880,CALI,VIF,Comisaria_1_Familia,2024,70.34,1.1,1,0,409,1
EXP-10881,CALI,VIF,Comisaria_1_Familia,2020,70.34,1.1,2,0,396,1
EXP-10882,PALMIRA,VIF,Juzgado_Penal_Municipal_1,2024,11.54,1.25,1,0,282,1
EXP-10883,TULUA,VIF,Comisaria_1_Familia,2020,3.34,1.1,3,0,208,1
EXP-10884,GUADALAJARA DE BUGA,VIF,Juzgado_1_Familia,2024,6.6,1.35,3,0,303,1
EXP-10885,GUACARI,VIF,Juzgado_Penal_Municipal_2,2021,1.48,1.05,5,0,201,1
EXP-10886,YOTOCO,VIF,Comisaria_1_Familia,2021,0.58,1.1,3,0,199,1
EXP-10887,SIN_DATO,VIF,Juzgado_Penal_Municipal_1,2022,2.2,1.25,4,0,116,0
EXP-10888,DAGUA,HURTO_PATRIMONIAL,Juzgado_1_Familia,2020,1.3666666666666665,1.35,1,0,376,1
EXP-10889,ALCALA,VIF,Juzgado_Penal_Municipal_2,2022,0.22,1.05,2,0,205,1
EXP-10890,CARTAGO,ALIMENTOS,Juzgado_Penal_Municipal_1,2024,5.56,1.25,15,1,555,1
EXP-10891,GUADALAJARA DE BUGA,ALIMENTOS,Juzgado_1_Familia,2023,6.6,1.35,11,0,415,1
EXP-10892,GUADALAJARA DE BUGA,VIF,Juzgado_3_Familia,2024,6.6,0.95,9,0,250,1
EXP-10893,EL CERRITO,ALIMENTOS,Juzgado_Penal_Municipal_1,2023,1.1,1.25,4,0,332,1
EXP-10894,RESTREPO,HURTO_PATRIMONIAL,Juzgado_Penal_Municipal_2,2023,0.24,1.05,1,0,317,1
EXP-10895,CANDELARIA,ALIMENTOS,Juzgado_Penal_Municipal_2,2022,3.08,1.05,8,1,476,1
EXP-10896,CANDELARIA,VIF,Juzgado_2_Familia,2023,3.08,1.2,6,0,253,1
EXP-10897,CANDELARIA,VIF,Juzgado_Penal_Municipal_2,2021,3.08,1.05,5,0,216,1
EXP-10898,ANSERMANUEVO,ALIMENTOS,Juzgado_1_Familia,2023,0.2,1.35,1,0,288,1
EXP-10899,TORO,HURTO_PATRIMONIAL,Juzgado_2_Familia,2024,0.1333333333333333,1.2,1,0,158,0
EXP-10900,CAICEDONIA,ALIMENTOS,Juzgado_1_Familia,2022,1.28,1.35,7,0,359,1
EXP-10901,YUMBO,SUSTANCIAS,Juzgado_Penal_Municipal_1,2022,3.5,1.25,1,0,266,1
EXP-10902,YUMBO,HURTO_PATRIMONIAL,Juzgado_Penal_Municipal_1,2023,3.5,1.25,1,0,325,1
EXP-10903,BUENAVENTURA,VIF,Juzgado_2_Familia,2023,3.34,1.2,4,0,265,1
EXP-10904,CALI,ALIMENTOS,Juzgado_1_Familia,2023,70.34,1.35,7,1,715,1
EXP-10905,LA CUMBRE,ALIMENTOS,Juzgado_Penal_Municipal_1,2024,0.24,1.25,1,0,187,0
EXP-10906,CALI,ALIMENTOS,Comisaria_1_Familia,2022,70.34,1.1,10,0,429,0
EXP-10907,CARTAGO,HURTO_PATRIMONIAL,Comisaria_1_Familia,2020,5.56,1.1,1,0,335,1
EXP-10908,RESTREPO,VIF,Juzgado_Penal_Municipal_2,2024,0.24,1.05,14,0,328,1
EXP-10909,PALMIRA,VIF,Juzgado_Penal_Municipal_1,2022,11.54,1.25,11,0,366,1
EXP-10910,GINEBRA,VIF,Comisaria_2_Familia,2021,0.6,0.9,11,0,259,1
EXP-10911,EL CERRITO,VIF,Juzgado_2_Familia,2021,1.1,1.2,1,0,192,1
EXP-10912,PALMIRA,ALIMENTOS,Comisaria_2_Familia,2023,11.54,0.9,11,0,330,1
EXP-10913,ZARZAL,ALIMENTOS,Comisaria_2_Familia,2022,1.12,0.9,8,0,209,0
EXP-10914,DAGUA,ALIMENTOS,Juzgado_3_Familia,2021,1.3666666666666665,0.95,2,1,400,1
EXP-10915,GUADALAJARA DE BUGA,VIF,Juzgado_1_Familia,2024,6.6,1.35,2,0,310,1
EXP-10916,SIN_DATO,ALIMENTOS,Comisaria_1_Familia,2020,2.2,1.1,1,1,412,1
EXP-10917,ARGELIA,ALIMENTOS,Juzgado_Penal_Municipal_2,2023,0.2,1.05,2,0,176,0
EXP-10918,JAMUNDI,HURTO_PATRIMONIAL,Juzgado_Penal_Municipal_2,2024,2.64,1.05,8,1,497,1
EXP-10919,CANDELARIA,VIF,Comisaria_2_Familia,2023,3.08,0.9,3,0,222,1
EXP-10920,ROLDANILLO,VIF,Comisaria_2_Familia,2022,1.26,0.9,3,0,153,1
EXP-10921,TULUA,VIF,Juzgado_3_Familia,2022,3.34,0.95,3,0,204,1
EXP-10922,CALI,VIF,Juzgado_Penal_Municipal_2,2023,70.34,1.05,4,0,417,1
EXP-10923,LA UNION,ALIMENTOS,Juzgado_Penal_Municipal_1,2022,0.575,1.25,1,1,217,0
EXP-10924,ANDALUCIA,ALIMENTOS,Comisaria_2_Familia,2024,0.38,0.9,15,0,376,1
EXP-10925,ANDALUCIA,ALIMENTOS,Juzgado_Penal_Municipal_2,2024,0.38,1.05,1,0,262,1
EXP-10926,GINEBRA,HURTO_PATRIMONIAL,Juzgado_Penal_Municipal_1,2020,0.6,1.25,9,1,540,1
EXP-10927,EL CAIRO,SUSTANCIAS,Juzgado_Penal_Municipal_1,2022,0.1,1.25,7,0,294,1
EXP-10928,ARGELIA,VIF,Juzgado_Penal_Municipal_2,2024,0.2,1.05,5,0,231,1
EXP-10929,PALMIRA,VIF,Juzgado_1_Familia,2024,11.54,1.35,2,0,193,0
EXP-10930,YUMBO,ALIMENTOS,Juzgado_Penal_Municipal_1,2021,3.5,1.25,2,0,302,1
EXP-10931,LA CUMBRE,HURTO_PATRIMONIAL,Juzgado_1_Familia,2022,0.24,1.35,8,0,197,0
EXP-10932,CALI,ALIMENTOS,Comisaria_1_Familia,2021,70.34,1.1,1,0,475,1
EXP-10933,DAGUA,ALIMENTOS,Juzgado_Penal_Municipal_1,2024,1.3666666666666665,1.25,6,0,386,1
EXP-10934,ROLDANILLO,VIF,Juzgado_1_Familia,2023,1.26,1.35,4,0,282,1
EXP-10935,CANDELARIA,VIF,Juzgado_3_Familia,2020,3.08,0.95,15,0,265,1
EXP-10936,PALMIRA,ALIMENTOS,Juzgado_Penal_Municipal_1,2022,11.54,1.25,11,0,444,1
EXP-10937,JAMUNDI,ALIMENTOS,Juzgado_2_Familia,2023,2.64,1.2,1,0,269,0
EXP-10938,SEVILLA,VIF,Juzgado_Penal_Municipal_1,2020,1.62,1.25,6,0,183,0
EXP-10939,PALMIRA,VIF,Comisaria_1_Familia,2024,11.54,1.1,4,0,188,0
EXP-10940,GUACARI,HURTO_PATRIMONIAL,Juzgado_Penal_Municipal_2,2021,1.48,1.05,6,1,489,1
EXP-10941,VERSALLES,HURTO_PATRIMONIAL,Comisaria_2_Familia,2022,0.1333333333333333,0.9,1,0,259,1
EXP-10942,JAMUNDI,ALIMENTOS,Juzgado_Penal_Municipal_2,2024,2.64,1.05,2,0,246,0
EXP-10943,CANDELARIA,HURTO_PATRIMONIAL,Juzgado_1_Familia,2024,3.08,1.35,4,0,418,1
EXP-10944,CALI,VIF,Juzgado_3_Familia,2020,70.34,0.95,5,0,392,1
EXP-10945,YUMBO,HURTO_PATRIMONIAL,Comisaria_1_Familia,2023,3.5,1.1,6,0,138,0
EXP-10946,CALI,ALIMENTOS,Comisaria_2_Familia,2023,70.34,0.9,2,1,247,0
EXP-10947,CALI,ALIMENTOS,Juzgado_1_Familia,2024,70.34,1.35,1,0,520,1
EXP-10948,YUMBO,VIF,Juzgado_1_Familia,2021,3.5,1.35,3,0,235,1
EXP-10949,SEVILLA,VIF,Comisaria_2_Familia,2020,1.62,0.9,5,0,229,1
EXP-10950,CALI,VIF,Juzgado_3_Familia,2022,70.34,0.95,4,0,417,1
EXP-10951,ZARZAL,SUSTANCIAS,Juzgado_3_Familia,2024,1.12,0.95,8,0,276,1
EXP-10952,DAGUA,VIF,Juzgado_1_Familia,2024,1.3666666666666665,1.35,10,0,334,1
EXP-10953,BOLIVAR,VIF,Juzgado_1_Familia,2023,0.2333333333333333,1.35,7,0,302,1
EXP-10954,DAGUA,VIF,Juzgado_Penal_Municipal_2,2023,1.3666666666666665,1.05,17,0,317,1
EXP-10955,CALI,ALIMENTOS,Comisaria_1_Familia,2023,70.34,1.1,1,1,605,1
EXP-10956,CALI,ALIMENTOS,Juzgado_Penal_Municipal_2,2022,70.34,1.05,9,1,678,1
EXP-10957,CARTAGO,ALIMENTOS,Juzgado_3_Familia,2024,5.56,0.95,1,0,238,1
EXP-10958,GUADALAJARA DE BUGA,HURTO_PATRIMONIAL,Juzgado_Penal_Municipal_2,2020,6.6,1.05,7,1,534,1
EXP-10959,BUENAVENTURA,HURTO_PATRIMONIAL,Juzgado_2_Familia,2024,3.34,1.2,1,0,336,1
EXP-10960,CANDELARIA,ALIMENTOS,Juzgado_Penal_Municipal_1,2022,3.08,1.25,5,1,219,0
EXP-10961,PALMIRA,HURTO_PATRIMONIAL,Juzgado_2_Familia,2021,11.54,1.2,4,1,536,1
EXP-10962,PALMIRA,VIF,Juzgado_1_Familia,2020,11.54,1.35,8,0,261,0
EXP-10963,CALI,VIF,Comisaria_1_Familia,2023,70.34,1.1,8,0,447,1
EXP-10964,LA CUMBRE,VIF,Comisaria_2_Familia,2021,0.24,0.9,1,0,149,1
EXP-10965,CALI,VIF,Juzgado_3_Familia,2022,70.34,0.95,6,0,406,1
EXP-10966,PALMIRA,ALIMENTOS,Juzgado_2_Familia,2023,11.54,1.2,6,0,356,1
EXP-10967,SEVILLA,HURTO_PATRIMONIAL,Juzgado_3_Familia,2024,1.62,0.95,5,0,298,1
EXP-10968,CANDELARIA,ALIMENTOS,Juzgado_3_Familia,2020,3.08,0.95,2,0,144,0
EXP-10969,RESTREPO,HURTO_PATRIMONIAL,Comisaria_2_Familia,2020,0.24,0.9,3,0,237,1
EXP-10970,JAMUNDI,ALIMENTOS,Juzgado_Penal_Municipal_2,2022,2.64,1.05,11,0,171,0
EXP-10971,CAICEDONIA,ALIMENTOS,Juzgado_Penal_Municipal_2,2023,1.28,1.05,2,0,269,1
EXP-10972,CALIMA,SUSTANCIAS,Comisaria_2_Familia,2024,0.3199999999999999,0.9,3,0,199,1
EXP-10973,CARTAGO,HURTO_PATRIMONIAL,Juzgado_Penal_Municipal_2,2024,5.56,1.05,2,0,134,0
EXP-10974,PALMIRA,VIF,Juzgado_Penal_Municipal_2,2020,11.54,1.05,8,0,171,0
EXP-10975,PALMIRA,VIF,Juzgado_3_Familia,2023,11.54,0.95,4,0,207,1
EXP-10976,FLORIDA,ALIMENTOS,Comisaria_1_Familia,2020,0.8,1.1,3,0,271,1
EXP-10977,ZARZAL,VIF,Juzgado_Penal_Municipal_1,2022,1.12,1.25,9,0,298,1
EXP-10978,EL AGUILA,HURTO_PATRIMONIAL,Comisaria_2_Familia,2024,0.1666666666666666,0.9,1,0,246,1
EXP-10979,TORO,HURTO_PATRIMONIAL,Juzgado_2_Familia,2024,0.1333333333333333,1.2,4,1,495,1
EXP-10980,GUADALAJARA DE BUGA,VIF,Juzgado_Penal_Municipal_2,2022,6.6,1.05,2,0,198,1
EXP-10981,OBANDO,ALIMENTOS,Juzgado_2_Familia,2024,0.38,1.2,1,0,285,1
EXP-10982,GUADALAJARA DE BUGA,HURTO_PATRIMONIAL,Juzgado_1_Familia,2021,6.6,1.35,6,1,504,0
EXP-10983,CALI,HURTO_PATRIMONIAL,Juzgado_Penal_Municipal_2,2022,70.34,1.05,5,0,543,1
EXP-10984,ARGELIA,VIF,Juzgado_3_Familia,2023,0.2,0.95,3,0,227,1
EXP-10985,GUADALAJARA DE BUGA,VIF,Juzgado_3_Familia,2023,6.6,0.95,2,0,229,1
EXP-10986,CALI,VIF,Comisaria_2_Familia,2023,70.34,0.9,21,0,302,0
EXP-10987,PALMIRA,VIF,Juzgado_3_Familia,2020,11.54,0.95,2,0,230,1
EXP-10988,CALI,VIF,Juzgado_3_Familia,2022,70.34,0.95,6,0,422,1
EXP-10989,CAICEDONIA,VIF,Juzgado_1_Familia,2023,1.28,1.35,2,0,243,1
EXP-10990,CALI,ALIMENTOS,Juzgado_1_Familia,2023,70.34,1.35,1,0,527,1
EXP-10991,YUMBO,HURTO_PATRIMONIAL,Juzgado_Penal_Municipal_1,2022,3.5,1.25,17,0,493,1
EXP-10992,TORO,HURTO_PATRIMONIAL,Juzgado_3_Familia,2023,0.1333333333333333,0.95,5,1,374,1
EXP-10993,TULUA,VIF,Juzgado_1_Familia,2024,3.34,1.35,1,0,150,0
EXP-10994,CARTAGO,HURTO_PATRIMONIAL,Juzgado_2_Familia,2022,5.56,1.2,12,0,447,1
EXP-10995,CALI,SUSTANCIAS,Juzgado_Penal_Municipal_1,2024,70.34,1.25,4,0,492,1
EXP-10996,ANDALUCIA,ALIMENTOS,Juzgado_Penal_Municipal_1,2024,0.38,1.25,9,0,281,0
EXP-10997,RESTREPO,SUSTANCIAS,Juzgado_Penal_Municipal_2,2022,0.24,1.05,15,0,355,1
EXP-10998,BUGALAGRANDE,ALIMENTOS,Comisaria_2_Familia,2020,0.2799999999999999,0.9,11,1,438,1
EXP-10999,PALMIRA,VIF,Juzgado_Penal_Municipal_1,2020,11.54,1.25,4,0,261,1
EXP-11000,EL CERRITO,VIF,Comisaria_2_Familia,2024,1.1,0.9,3,0,217,1
EXP-11001,CALIMA,VIF,Juzgado_Penal_Municipal_2,2023,0.3199999999999999,1.05,3,0,205,1
EXP-11002,PALMIRA,SUSTANCIAS,Juzgado_2_Familia,2024,11.54,1.2,1,0,274,1
EXP-11003,SIN_DATO,VIF,Comisaria_2_Familia,2022,2.2,0.9,3,0,97,0
EXP-11004,CARTAGO,HURTO_PATRIMONIAL,Comisaria_1_Familia,2022,5.56,1.1,3,0,375,1
EXP-11005,PALMIRA,VIF,Juzgado_Penal_Municipal_2,2021,11.54,1.05,3,0,153,0
EXP-11006,TULUA,HURTO_PATRIMONIAL,Comisaria_2_Familia,2024,3.34,0.9,14,0,411,1
EXP-11007,CALI,VIF,Juzgado_2_Familia,2022,70.34,1.2,5,0,474,1
EXP-11008,CALI,HURTO_PATRIMONIAL,Juzgado_2_Familia,2023,70.34,1.2,6,0,614,1
EXP-11009,CANDELARIA,ALIMENTOS,Juzgado_3_Familia,2023,3.08,0.95,6,0,268,1
EXP-11010,TORO,SUSTANCIAS,Juzgado_1_Familia,2020,0.1333333333333333,1.35,2,0,300,1
EXP-11011,SIN_DATO,ALIMENTOS,Juzgado_Penal_Municipal_2,2021,2.2,1.05,2,0,240,1
EXP-11012,CARTAGO,VIF,Comisaria_2_Familia,2022,5.56,0.9,10,0,275,1
EXP-11013,JAMUNDI,VIF,Comisaria_1_Familia,2020,2.64,1.1,1,0,224,1
EXP-11014,OBANDO,VIF,Juzgado_Penal_Municipal_2,2023,0.38,1.05,9,0,228,1
EXP-11015,CALI,VIF,Comisaria_2_Familia,2022,70.34,0.9,1,0,373,1
EXP-11016,SAN PEDRO,VIF,Juzgado_Penal_Municipal_2,2022,0.3,1.05,1,0,170,1
EXP-11017,CALI,ALIMENTOS,Comisaria_1_Familia,2024,70.34,1.1,6,0,494,1
EXP-11018,ANSERMANUEVO,ALIMENTOS,Juzgado_Penal_Municipal_1,2020,0.2,1.25,5,0,147,0
EXP-11019,SEVILLA,ALIMENTOS,Juzgado_3_Familia,2020,1.62,0.95,5,1,376,1
EXP-11020,EL DOVIO,ALIMENTOS,Juzgado_3_Familia,2021,0.1,0.95,5,1,381,1
EXP-11021,SIN_DATO,ALIMENTOS,Juzgado_1_Familia,2022,2.2,1.35,2,0,377,1
EXP-11022,PRADERA,ALIMENTOS,Juzgado_1_Familia,2020,0.72,1.35,2,0,344,1
EXP-11023,FLORIDA,VIF,Comisaria_1_Familia,2020,0.8,1.1,4,0,221,1
EXP-11024,YOTOCO,SUSTANCIAS,Comisaria_1_Familia,2022,0.58,1.1,1,0,247,1
EXP-11025,GUADALAJARA DE BUGA,HURTO_PATRIMONIAL,Comisaria_2_Familia,2020,6.6,0.9,10,1,499,1
EXP-11026,RESTREPO,VIF,Juzgado_Penal_Municipal_1,2023,0.24,1.25,4,0,225,1
EXP-11027,TULUA,HURTO_PATRIMONIAL,Juzgado_Penal_Municipal_2,2023,3.34,1.05,1,0,301,1
EXP-11028,CAICEDONIA,VIF,Juzgado_Penal_Municipal_1,2023,1.28,1.25,4,0,274,1
EXP-11029,EL CERRITO,HURTO_PATRIMONIAL,Juzgado_1_Familia,2024,1.1,1.35,6,0,381,1
EXP-11030,EL CERRITO,ALIMENTOS,Juzgado_Penal_Municipal_1,2024,1.1,1.25,3,1,449,1
EXP-11031,JAMUNDI,VIF,Comisaria_1_Familia,2023,2.64,1.1,2,0,230,1
EXP-11032,LA VICTORIA,SUSTANCIAS,Juzgado_2_Familia,2021,0.1666666666666666,1.2,4,0,276,1
EXP-11033,LA UNION,VIF,Juzgado_2_Familia,2021,0.575,1.2,8,0,209,0
EXP-11034,EL CERRITO,VIF,Juzgado_3_Familia,2024,1.1,0.95,3,0,212,1
EXP-11035,CALI,SUSTANCIAS,Juzgado_Penal_Municipal_2,2023,70.34,1.05,4,0,181,0
EXP-11036,PALMIRA,ALIMENTOS,Juzgado_Penal_Municipal_1,2024,11.54,1.25,9,0,421,1
EXP-11037,CANDELARIA,SUSTANCIAS,Juzgado_1_Familia,2020,3.08,1.35,2,0,249,1
EXP-11038,PRADERA,VIF,Juzgado_Penal_Municipal_2,2024,0.72,1.05,1,0,225,1
EXP-11039,SEVILLA,VIF,Juzgado_Penal_Municipal_2,2020,1.62,1.05,4,0,174,0
EXP-11040,JAMUNDI,VIF,Juzgado_2_Familia,2022,2.64,1.2,16,0,345,1
EXP-11041,CAICEDONIA,HURTO_PATRIMONIAL,Juzgado_2_Familia,2024,1.28,1.2,1,0,333,1
EXP-11042,YOTOCO,ALIMENTOS,Juzgado_3_Familia,2020,0.58,0.95,1,0,80,0
EXP-11043,CALI,VIF,Juzgado_3_Familia,2023,70.34,0.95,1,0,366,1
EXP-11044,EL CERRITO,ALIMENTOS,Comisaria_1_Familia,2023,1.1,1.1,6,1,448,1
EXP-11045,SAN PEDRO,HURTO_PATRIMONIAL,Comisaria_1_Familia,2024,0.3,1.1,13,1,579,1
EXP-11046,DAGUA,ALIMENTOS,Juzgado_2_Familia,2021,1.3666666666666665,1.2,4,1,432,1
EXP-11047,ANSERMANUEVO,SUSTANCIAS,Comisaria_1_Familia,2021,0.2,1.1,1,0,262,1
EXP-11048,CANDELARIA,ALIMENTOS,Comisaria_1_Familia,2021,3.08,1.1,4,0,309,1
EXP-11049,CALI,VIF,Comisaria_2_Familia,2024,70.34,0.9,2,0,425,1
EXP-11050,CAICEDONIA,VIF,Comisaria_2_Familia,2024,1.28,0.9,8,0,226,1
EXP-11051,BUGALAGRANDE,VIF,Comisaria_1_Familia,2024,0.2799999999999999,1.1,1,0,232,1
EXP-11052,DAGUA,ALIMENTOS,Juzgado_2_Familia,2022,1.3666666666666665,1.2,2,0,330,1
EXP-11053,TRUJILLO,VIF,Juzgado_2_Familia,2024,0.225,1.2,1,0,219,1
EXP-11054,ZARZAL,ALIMENTOS,Juzgado_Penal_Municipal_2,2023,1.12,1.05,6,0,197,0
EXP-11055,VIJES,VIF,Juzgado_2_Familia,2022,0.175,1.2,9,0,291,1
EXP-11056,CALI,SUSTANCIAS,Juzgado_3_Familia,2024,70.34,0.95,16,0,538,1
EXP-11057,CARTAGO,HURTO_PATRIMONIAL,Juzgado_2_Familia,2023,5.56,1.2,1,1,539,1
EXP-11058,EL DOVIO,VIF,Juzgado_Penal_Municipal_2,2024,0.1,1.05,2,0,145,0
EXP-11059,CALI,ALIMENTOS,Juzgado_1_Familia,2024,70.34,1.35,2,0,591,1
EXP-11060,SEVILLA,HURTO_PATRIMONIAL,Juzgado_3_Familia,2024,1.62,0.95,6,0,359,1
EXP-11061,TULUA,ALIMENTOS,Juzgado_Penal_Municipal_2,2022,3.34,1.05,3,1,438,1
EXP-11062,GINEBRA,HURTO_PATRIMONIAL,Juzgado_2_Familia,2023,0.6,1.2,7,0,439,1
EXP-11063,CALI,VIF,Comisaria_1_Familia,2023,70.34,1.1,6,0,438,1
EXP-11064,PALMIRA,HURTO_PATRIMONIAL,Juzgado_1_Familia,2023,11.54,1.35,9,0,492,1
EXP-11065,EL DOVIO,ALIMENTOS,Juzgado_2_Familia,2022,0.1,1.2,3,1,365,0
EXP-11066,SIN_DATO,ALIMENTOS,Comisaria_2_Familia,2020,2.2,0.9,2,0,198,0
EXP-11067,CALI,HURTO_PATRIMONIAL,Juzgado_3_Familia,2022,70.34,0.95,10,0,528,1
EXP-11068,ZARZAL,SUSTANCIAS,Comisaria_1_Familia,2022,1.12,1.1,4,0,258,1
EXP-11069,EL CERRITO,HURTO_PATRIMONIAL,Juzgado_2_Familia,2021,1.1,1.2,3,0,332,1
EXP-11070,CANDELARIA,HURTO_PATRIMONIAL,Juzgado_3_Familia,2023,3.08,0.95,2,1,396,1
EXP-11071,CALI,ALIMENTOS,Juzgado_Penal_Municipal_2,2024,70.34,1.05,4,1,621,1
EXP-11072,ZARZAL,ALIMENTOS,Juzgado_1_Familia,2021,1.12,1.35,3,0,298,1
EXP-11073,GUADALAJARA DE BUGA,ALIMENTOS,Comisaria_1_Familia,2024,6.6,1.1,1,0,274,1
EXP-11074,LA VICTORIA,VIF,Juzgado_Penal_Municipal_1,2024,0.1666666666666666,1.25,6,0,270,1
EXP-11075,PALMIRA,VIF,Juzgado_3_Familia,2024,11.54,0.95,5,0,239,1
EXP-11076,SEVILLA,SUSTANCIAS,Comisaria_2_Familia,2021,1.62,0.9,9,0,271,1
EXP-11077,CALI,SUSTANCIAS,Comisaria_2_Familia,2024,70.34,0.9,13,0,466,1
EXP-11078,ZARZAL,HURTO_PATRIMONIAL,Comisaria_2_Familia,2023,1.12,0.9,4,1,386,1
EXP-11079,SAN PEDRO,ALIMENTOS,Juzgado_2_Familia,2024,0.3,1.2,4,0,361,1
EXP-11080,PRADERA,ALIMENTOS,Comisaria_1_Familia,2023,0.72,1.1,5,0,280,0
EXP-11081,DAGUA,VIF,Juzgado_3_Familia,2023,1.3666666666666665,0.95,12,0,115,0
EXP-11082,CARTAGO,ALIMENTOS,Juzgado_3_Familia,2024,5.56,0.95,3,1,360,1
EXP-11083,DAGUA,ALIMENTOS,Juzgado_Penal_Municipal_2,2024,1.3666666666666665,1.05,5,0,268,1
EXP-11084,GUACARI,ALIMENTOS,Juzgado_2_Familia,2023,1.48,1.2,2,0,314,1
EXP-11085,GUACARI,VIF,Juzgado_3_Familia,2021,1.48,0.95,5,0,217,1
EXP-11086,CALI,ALIMENTOS,Comisaria_2_Familia,2021,70.34,0.9,3,0,454,1
EXP-11087,PALMIRA,VIF,Comisaria_2_Familia,2024,11.54,0.9,9,0,278,1
EXP-11088,CARTAGO,SUSTANCIAS,Juzgado_2_Familia,2024,5.56,1.2,10,0,319,1
EXP-11089,PALMIRA,HURTO_PATRIMONIAL,Comisaria_2_Familia,2020,11.54,0.9,5,0,310,1
EXP-11090,BUENAVENTURA,SUSTANCIAS,Juzgado_2_Familia,2024,3.34,1.2,5,0,312,1
EXP-11091,CALI,VIF,Comisaria_1_Familia,2023,70.34,1.1,4,0,441,1
EXP-11092,ROLDANILLO,VIF,Juzgado_1_Familia,2024,1.26,1.35,4,0,253,1
EXP-11093,YUMBO,VIF,Comisaria_1_Familia,2024,3.5,1.1,3,0,234,1
EXP-11094,TRUJILLO,ALIMENTOS,Juzgado_1_Familia,2024,0.225,1.35,5,0,365,1
EXP-11095,BUENAVENTURA,VIF,Juzgado_Penal_Municipal_2,2020,3.34,1.05,5,0,210,1
EXP-11096,LA UNION,ALIMENTOS,Juzgado_Penal_Municipal_1,2023,0.575,1.25,5,0,329,1
EXP-11097,ALCALA,ALIMENTOS,Juzgado_2_Familia,2024,0.22,1.2,5,1,516,1
EXP-11098,JAMUNDI,ALIMENTOS,Juzgado_1_Familia,2021,2.64,1.35,5,1,491,1
EXP-11099,CARTAGO,ALIMENTOS,Juzgado_2_Familia,2021,5.56,1.2,1,1,433,1
EXP-11100,PALMIRA,ALIMENTOS,Juzgado_1_Familia,2024,11.54,1.35,2,0,374,1
EXP-11101,CAICEDONIA,VIF,Juzgado_2_Familia,2021,1.28,1.2,2,0,193,1
EXP-11102,CALI,SUSTANCIAS,Juzgado_Penal_Municipal_1,2023,70.34,1.25,10,0,299,0
EXP-11103,BUENAVENTURA,HURTO_PATRIMONIAL,Juzgado_Penal_Municipal_1,2020,3.34,1.25,3,1,504,1
EXP-11104,SEVILLA,VIF,Comisaria_1_Familia,2020,1.62,1.1,10,0,266,1
EXP-11105,SEVILLA,HURTO_PATRIMONIAL,Comisaria_1_Familia,2022,1.62,1.1,7,0,324,1
EXP-11106,CAICEDONIA,ALIMENTOS,Juzgado_1_Familia,2024,1.28,1.35,8,0,370,1
EXP-11107,LA CUMBRE,ALIMENTOS,Juzgado_2_Familia,2020,0.24,1.2,2,0,277,1
EXP-11108,GUADALAJARA DE BUGA,HURTO_PATRIMONIAL,Juzgado_1_Familia,2023,6.6,1.35,3,1,528,1
EXP-11109,RESTREPO,VIF,Juzgado_3_Familia,2020,0.24,0.95,7,0,217,1
EXP-11110,ZARZAL,VIF,Juzgado_Penal_Municipal_1,2021,1.12,1.25,13,0,318,1
EXP-11111,CALI,ALIMENTOS,Juzgado_3_Familia,2024,70.34,0.95,3,1,609,1
EXP-11112,CAICEDONIA,HURTO_PATRIMONIAL,Juzgado_Penal_Municipal_2,2021,1.28,1.05,10,1,497,1
EXP-11113,CALI,ALIMENTOS,Comisaria_2_Familia,2023,70.34,0.9,16,1,703,1
EXP-11114,CANDELARIA,VIF,Comisaria_2_Familia,2022,3.08,0.9,3,0,193,1
EXP-11115,LA CUMBRE,HURTO_PATRIMONIAL,Juzgado_Penal_Municipal_2,2024,0.24,1.05,3,0,148,0
EXP-11116,GINEBRA,VIF,Comisaria_1_Familia,2021,0.6,1.1,5,0,210,1
EXP-11117,GUACARI,VIF,Juzgado_3_Familia,2021,1.48,0.95,2,0,192,1
EXP-11118,CALIMA,ALIMENTOS,Juzgado_3_Familia,2021,0.3199999999999999,0.95,2,0,116,0
EXP-11119,CALIMA,HURTO_PATRIMONIAL,Juzgado_Penal_Municipal_2,2024,0.3199999999999999,1.05,1,0,242,0
EXP-11120,SIN_DATO,HURTO_PATRIMONIAL,Comisaria_1_Familia,2020,2.2,1.1,4,0,358,1
EXP-11121,ZARZAL,ALIMENTOS,Comisaria_1_Familia,2022,1.12,1.1,2,0,220,1
EXP-11122,ANSERMANUEVO,ALIMENTOS,Juzgado_1_Familia,2024,0.2,1.35,6,1,566,1
EXP-11123,LA UNION,VIF,Juzgado_2_Familia,2020,0.575,1.2,10,0,257,1
EXP-11124,RIOFRIO,VIF,Juzgado_3_Familia,2022,0.175,0.95,4,0,182,1
EXP-11125,CAICEDONIA,VIF,Juzgado_Penal_Municipal_1,2023,1.28,1.25,6,0,119,0
EXP-11126,CALI,ALIMENTOS,Juzgado_Penal_Municipal_2,2021,70.34,1.05,9,1,653,1
EXP-11127,PALMIRA,ALIMENTOS,Juzgado_Penal_Municipal_1,2021,11.54,1.25,8,0,405,1
EXP-11128,GINEBRA,SUSTANCIAS,Juzgado_2_Familia,2021,0.6,1.2,2,0,251,1
EXP-11129,EL CERRITO,ALIMENTOS,Juzgado_Penal_Municipal_1,2023,1.1,1.25,19,1,563,1
EXP-11130,BUENAVENTURA,ALIMENTOS,Comisaria_1_Familia,2020,3.34,1.1,7,0,315,1
EXP-11131,CARTAGO,VIF,Comisaria_2_Familia,2024,5.56,0.9,5,0,221,1
EXP-11132,CALI,ALIMENTOS,Juzgado_1_Familia,2024,70.34,1.35,8,0,593,1
EXP-11133,SIN_DATO,ALIMENTOS,Juzgado_Penal_Municipal_2,2023,2.2,1.05,1,1,414,1
EXP-11134,SEVILLA,SUSTANCIAS,Juzgado_2_Familia,2022,1.62,1.2,2,0,280,1
EXP-11135,CANDELARIA,VIF,Juzgado_Penal_Municipal_1,2022,3.08,1.25,4,0,256,1
EXP-11136,GUACARI,SUSTANCIAS,Juzgado_Penal_Municipal_1,2021,1.48,1.25,3,0,294,1
EXP-11137,ANDALUCIA,VIF,Juzgado_3_Familia,2021,0.38,0.95,1,0,199,1
EXP-11138,CALI,HURTO_PATRIMONIAL,Juzgado_Penal_Municipal_1,2024,70.34,1.25,6,0,547,1
EXP-11139,SEVILLA,HURTO_PATRIMONIAL,Juzgado_3_Familia,2021,1.62,0.95,4,1,460,1
EXP-11140,TULUA,VIF,Juzgado_2_Familia,2024,3.34,1.2,1,0,234,1
EXP-11141,PALMIRA,HURTO_PATRIMONIAL,Juzgado_3_Familia,2021,11.54,0.95,3,1,282,0
EXP-11142,FLORIDA,ALIMENTOS,Comisaria_2_Familia,2024,0.8,0.9,13,0,294,1
EXP-11143,SEVILLA,VIF,Juzgado_1_Familia,2023,1.62,1.35,9,0,320,1
EXP-11144,CALI,VIF,Juzgado_Penal_Municipal_1,2022,70.34,1.25,8,0,501,1
EXP-11145,CALI,HURTO_PATRIMONIAL,Juzgado_1_Familia,2023,70.34,1.35,5,0,637,1
EXP-11146,SIN_DATO,HURTO_PATRIMONIAL,Comisaria_2_Familia,2024,2.2,0.9,2,1,453,1
EXP-11147,ANDALUCIA,SUSTANCIAS,Juzgado_Penal_Municipal_2,2024,0.38,1.05,6,0,234,1
EXP-11148,CALI,VIF,Juzgado_Penal_Municipal_2,2024,70.34,1.05,3,0,380,0
EXP-11149,SIN_DATO,VIF,Juzgado_Penal_Municipal_2,2023,2.2,1.05,1,0,168,1
EXP-11150,CANDELARIA,VIF,Juzgado_2_Familia,2020,3.08,1.2,2,0,227,1
EXP-11151,TRUJILLO,HURTO_PATRIMONIAL,Juzgado_2_Familia,2023,0.225,1.2,6,0,369,1
EXP-11152,YOTOCO,HURTO_PATRIMONIAL,Juzgado_Penal_Municipal_1,2022,0.58,1.25,4,0,403,1
EXP-11153,CALI,VIF,Juzgado_2_Familia,2023,70.34,1.2,3,0,437,1
EXP-11154,CARTAGO,HURTO_PATRIMONIAL,Juzgado_Penal_Municipal_1,2023,5.56,1.25,9,1,602,1
EXP-11155,CAICEDONIA,VIF,Juzgado_Penal_Municipal_2,2021,1.28,1.05,12,0,283,1
EXP-11156,FLORIDA,VIF,Comisaria_1_Familia,2022,0.8,1.1,3,0,252,1
EXP-11157,CAICEDONIA,ALIMENTOS,Juzgado_2_Familia,2023,1.28,1.2,1,0,314,1
EXP-11158,PRADERA,ALIMENTOS,Juzgado_2_Familia,2024,0.72,1.2,5,0,229,0
EXP-11159,SAN PEDRO,ALIMENTOS,Juzgado_2_Familia,2022,0.3,1.2,8,1,476,1
EXP-11160,CALI,ALIMENTOS,Comisaria_2_Familia,2024,70.34,0.9,7,0,524,1
EXP-11161,CARTAGO,VIF,Juzgado_2_Familia,2022,5.56,1.2,2,0,230,1
EXP-11162,CALI,ALIMENTOS,Comisaria_2_Familia,2024,70.34,0.9,4,0,482,1
EXP-11163,ROLDANILLO,HURTO_PATRIMONIAL,Juzgado_1_Familia,2021,1.26,1.35,3,0,251,0
EXP-11164,BUGALAGRANDE,ALIMENTOS,Juzgado_3_Familia,2021,0.2799999999999999,0.95,8,1,424,1
EXP-11165,CALI,VIF,Juzgado_1_Familia,2021,70.34,1.35,7,0,508,1
EXP-11166,YUMBO,ALIMENTOS,Comisaria_2_Familia,2023,3.5,0.9,9,0,377,1
EXP-11167,BUENAVENTURA,ALIMENTOS,Comisaria_1_Familia,2021,3.34,1.1,5,1,472,1
EXP-11168,SEVILLA,ALIMENTOS,Juzgado_Penal_Municipal_1,2024,1.62,1.25,12,0,426,1
EXP-11169,YUMBO,HURTO_PATRIMONIAL,Comisaria_2_Familia,2020,3.5,0.9,4,0,205,0
EXP-11170,TORO,HURTO_PATRIMONIAL,Juzgado_Penal_Municipal_1,2024,0.1333333333333333,1.25,4,0,416,1
EXP-11171,BUENAVENTURA,VIF,Juzgado_2_Familia,2022,3.34,1.2,3,0,249,1
EXP-11172,SEVILLA,VIF,Juzgado_Penal_Municipal_1,2022,1.62,1.25,3,0,250,1
EXP-11173,ZARZAL,VIF,Comisaria_2_Familia,2024,1.12,0.9,1,0,206,1
EXP-11174,GUADALAJARA DE BUGA,VIF,Juzgado_2_Familia,2023,6.6,1.2,4,0,267,1
EXP-11175,GUADALAJARA DE BUGA,ALIMENTOS,Comisaria_1_Familia,2021,6.6,1.1,12,0,392,1
EXP-11176,CANDELARIA,ALIMENTOS,Juzgado_3_Familia,2020,3.08,0.95,4,1,264,0
EXP-11177,TORO,VIF,Comisaria_2_Familia,2024,0.1333333333333333,0.9,2,0,177,1
EXP-11178,YUMBO,HURTO_PATRIMONIAL,Juzgado_Penal_Municipal_2,2024,3.5,1.05,6,0,309,1
EXP-11179,YOTOCO,ALIMENTOS,Juzgado_1_Familia,2024,0.58,1.35,1,0,323,1
EXP-11180,JAMUNDI,SUSTANCIAS,Juzgado_3_Familia,2021,2.64,0.95,4,0,228,1
EXP-11181,ANSERMANUEVO,VIF,Juzgado_Penal_Municipal_2,2022,0.2,1.05,3,0,165,0
EXP-11182,BOLIVAR,VIF,Juzgado_2_Familia,2022,0.2333333333333333,1.2,8,0,275,1
EXP-11183,YUMBO,VIF,Comisaria_2_Familia,2023,3.5,0.9,7,0,232,1
EXP-11184,YUMBO,SUSTANCIAS,Juzgado_Penal_Municipal_2,2020,3.5,1.05,3,0,254,1
EXP-11185,BUENAVENTURA,HURTO_PATRIMONIAL,Juzgado_1_Familia,2024,3.34,1.35,2,1,522,1
EXP-11186,BUENAVENTURA,HURTO_PATRIMONIAL,Juzgado_Penal_Municipal_1,2022,3.34,1.25,4,1,481,1
EXP-11187,ROLDANILLO,VIF,Juzgado_1_Familia,2023,1.26,1.35,3,0,278,1
EXP-11188,CALI,VIF,Comisaria_1_Familia,2024,70.34,1.1,9,0,483,1
EXP-11189,ZARZAL,ALIMENTOS,Juzgado_1_Familia,2024,1.12,1.35,8,1,509,1
EXP-11190,OBANDO,ALIMENTOS,Juzgado_1_Familia,2021,0.38,1.35,6,1,489,1
EXP-11191,DAGUA,ALIMENTOS,Comisaria_2_Familia,2023,1.3666666666666665,0.9,4,1,380,1
EXP-11192,SEVILLA,ALIMENTOS,Juzgado_2_Familia,2021,1.62,1.2,2,0,293,1
EXP-11193,GUADALAJARA DE BUGA,ALIMENTOS,Comisaria_2_Familia,2023,6.6,0.9,4,1,423,1
EXP-11194,LA CUMBRE,ALIMENTOS,Juzgado_3_Familia,2024,0.24,0.95,6,0,253,1
EXP-11195,YUMBO,SUSTANCIAS,Juzgado_Penal_Municipal_1,2022,3.5,1.25,18,0,413,1
EXP-11196,ANSERMANUEVO,HURTO_PATRIMONIAL,Juzgado_3_Familia,2024,0.2,0.95,7,1,439,1
EXP-11197,ANSERMANUEVO,ALIMENTOS,Juzgado_Penal_Municipal_1,2024,0.2,1.25,14,0,261,0
EXP-11198,CARTAGO,VIF,Juzgado_Penal_Municipal_1,2024,5.56,1.25,1,0,254,1
EXP-11199,BUENAVENTURA,VIF,Juzgado_2_Familia,2023,3.34,1.2,2,0,256,1
EXP-11200,CALI,VIF,Juzgado_3_Familia,2021,70.34,0.95,4,0,397,1
EXP-11201,OBANDO,ALIMENTOS,Juzgado_Penal_Municipal_2,2024,0.38,1.05,3,0,297,1
EXP-11202,SEVILLA,ALIMENTOS,Comisaria_1_Familia,2020,1.62,1.1,5,1,447,1
EXP-11203,CALI,ALIMENTOS,Juzgado_Penal_Municipal_2,2024,70.34,1.05,1,0,486,1
EXP-11204,CANDELARIA,VIF,Juzgado_Penal_Municipal_2,2023,3.08,1.05,10,0,265,1
EXP-11205,CALI,VIF,Comisaria_2_Familia,2023,70.34,0.9,3,0,350,1
EXP-11206,CALI,SUSTANCIAS,Juzgado_Penal_Municipal_2,2024,70.34,1.05,4,0,445,1
EXP-11207,CANDELARIA,VIF,Juzgado_1_Familia,2020,3.08,1.35,1,0,238,1
EXP-11208,CALI,ALIMENTOS,Juzgado_2_Familia,2021,70.34,1.2,3,1,577,1
EXP-11209,YUMBO,SUSTANCIAS,Juzgado_Penal_Municipal_2,2021,3.5,1.05,4,0,224,1
EXP-11210,SEVILLA,VIF,Juzgado_3_Familia,2023,1.62,0.95,4,0,171,1
EXP-11211,EL DOVIO,ALIMENTOS,Juzgado_1_Familia,2023,0.1,1.35,5,0,347,1
EXP-11212,LA CUMBRE,VIF,Comisaria_2_Familia,2023,0.24,0.9,1,0,157,1
EXP-11213,CALI,ALIMENTOS,Juzgado_3_Familia,2023,70.34,0.95,1,1,572,1
EXP-11214,JAMUNDI,VIF,Comisaria_2_Familia,2020,2.64,0.9,3,0,202,1
EXP-11215,CAICEDONIA,SUSTANCIAS,Juzgado_Penal_Municipal_2,2023,1.28,1.05,11,0,148,0
EXP-11216,SAN PEDRO,VIF,Juzgado_Penal_Municipal_2,2024,0.3,1.05,9,0,287,1
EXP-11217,BUENAVENTURA,ALIMENTOS,Juzgado_Penal_Municipal_2,2023,3.34,1.05,1,0,151,0
EXP-11218,CALI,ALIMENTOS,Juzgado_Penal_Municipal_1,2021,70.34,1.25,2,0,396,0
EXP-11219,CALI,ALIMENTOS,Comisaria_2_Familia,2023,70.34,0.9,1,0,420,1
EXP-11220,CALI,HURTO_PATRIMONIAL,Juzgado_Penal_Municipal_2,2024,70.34,1.05,4,0,504,1
EXP-11221,PALMIRA,SUSTANCIAS,Juzgado_Penal_Municipal_1,2020,11.54,1.25,4,0,300,1
EXP-11222,CALIMA,VIF,Juzgado_3_Familia,2024,0.3199999999999999,0.95,1,0,201,1
EXP-11223,CANDELARIA,HURTO_PATRIMONIAL,Juzgado_Penal_Municipal_1,2023,3.08,1.25,2,0,398,1
EXP-11224,YUMBO,ALIMENTOS,Juzgado_Penal_Municipal_1,2023,3.5,1.25,3,0,313,1
EXP-11225,CALI,ALIMENTOS,Comisaria_2_Familia,2023,70.34,0.9,1,0,225,0
EXP-11226,DAGUA,HURTO_PATRIMONIAL,Comisaria_2_Familia,2022,1.3666666666666665,0.9,2,1,398,1
EXP-11227,SEVILLA,VIF,Comisaria_2_Familia,2022,1.62,0.9,3,0,184,1
EXP-11228,YUMBO,ALIMENTOS,Juzgado_1_Familia,2024,3.5,1.35,4,1,508,1
EXP-11229,TULUA,VIF,Juzgado_2_Familia,2022,3.34,1.2,2,0,113,0
EXP-11230,RESTREPO,VIF,Juzgado_Penal_Municipal_1,2022,0.24,1.25,12,0,333,1
EXP-11231,LA CUMBRE,VIF,Juzgado_2_Familia,2024,0.24,1.2,4,0,257,1
EXP-11232,SIN_DATO,VIF,Juzgado_Penal_Municipal_2,2022,2.2,1.05,6,0,218,1
EXP-11233,CARTAGO,VIF,Comisaria_1_Familia,2022,5.56,1.1,10,0,288,1
EXP-11234,CARTAGO,ALIMENTOS,Juzgado_Penal_Municipal_1,2023,5.56,1.25,3,1,486,1
EXP-11235,JAMUNDI,VIF,Comisaria_2_Familia,2021,2.64,0.9,7,0,212,1
EXP-11236,LA VICTORIA,ALIMENTOS,Juzgado_Penal_Municipal_2,2024,0.1666666666666666,1.05,6,0,288,1
EXP-11237,SEVILLA,ALIMENTOS,Juzgado_Penal_Municipal_1,2022,1.62,1.25,9,1,525,1
EXP-11238,CALI,VIF,Juzgado_1_Familia,2022,70.34,1.35,5,0,501,1
EXP-11239,TORO,VIF,Juzgado_3_Familia,2023,0.1333333333333333,0.95,5,0,196,1
EXP-11240,PALMIRA,ALIMENTOS,Juzgado_Penal_Municipal_1,2021,11.54,1.25,8,0,381,1
EXP-11241,ZARZAL,HURTO_PATRIMONIAL,Juzgado_2_Familia,2023,1.12,1.2,5,1,522,1
EXP-11242,CALI,ALIMENTOS,Comisaria_2_Familia,2022,70.34,0.9,2,0,439,1
EXP-11243,GUACARI,VIF,Comisaria_2_Familia,2024,1.48,0.9,1,0,159,1
EXP-11244,GUADALAJARA DE BUGA,VIF,Juzgado_Penal_Municipal_2,2021,6.6,1.05,2,0,191,1
EXP-11245,CALI,ALIMENTOS,Juzgado_1_Familia,2023,70.34,1.35,2,0,533,1
EXP-11246,CANDELARIA,VIF,Comisaria_1_Familia,2023,3.08,1.1,8,0,262,1
EXP-11247,CALI,VIF,Comisaria_1_Familia,2024,70.34,1.1,1,0,419,1
EXP-11248,SIN_DATO,HURTO_PATRIMONIAL,Comisaria_2_Familia,2023,2.2,0.9,9,0,321,1
EXP-11249,CALI,VIF,Comisaria_2_Familia,2022,70.34,0.9,3,0,405,1
EXP-11250,GUADALAJARA DE BUGA,ALIMENTOS,Comisaria_1_Familia,2020,6.6,1.1,1,1,272,0
EXP-11251,CALI,SUSTANCIAS,Comisaria_2_Familia,2024,70.34,0.9,3,0,392,1
EXP-11252,TORO,VIF,Juzgado_3_Familia,2020,0.1333333333333333,0.95,3,0,212,1
EXP-11253,GUADALAJARA DE BUGA,HURTO_PATRIMONIAL,Comisaria_1_Familia,2024,6.6,1.1,4,0,279,1
EXP-11254,ROLDANILLO,VIF,Juzgado_Penal_Municipal_1,2022,1.26,1.25,6,0,281,1
EXP-11255,LA CUMBRE,VIF,Comisaria_2_Familia,2022,0.24,0.9,9,0,221,1
EXP-11256,YUMBO,ALIMENTOS,Juzgado_Penal_Municipal_2,2021,3.5,1.05,4,0,292,1
EXP-11257,PALMIRA,VIF,Juzgado_Penal_Municipal_2,2021,11.54,1.05,1,0,218,1
EXP-11258,CALI,VIF,Comisaria_1_Familia,2022,70.34,1.1,8,0,476,1
EXP-11259,DAGUA,VIF,Comisaria_1_Familia,2020,1.3666666666666665,1.1,5,0,240,1
EXP-11260,CALI,VIF,Comisaria_1_Familia,2024,70.34,1.1,1,0,424,1
EXP-11261,ZARZAL,VIF,Juzgado_3_Familia,2023,1.12,0.95,9,0,232,1
EXP-11262,CALI,HURTO_PATRIMONIAL,Juzgado_2_Familia,2021,70.34,1.2,2,0,522,1
EXP-11263,CALI,VIF,Juzgado_Penal_Municipal_1,2020,70.34,1.25,5,0,438,1
EXP-11264,CARTAGO,SUSTANCIAS,Juzgado_1_Familia,2022,5.56,1.35,3,0,333,1
EXP-11265,CARTAGO,HURTO_PATRIMONIAL,Juzgado_Penal_Municipal_1,2023,5.56,1.25,1,0,324,1
EXP-11266,JAMUNDI,VIF,Juzgado_Penal_Municipal_1,2024,2.64,1.25,4,0,273,1
EXP-11267,CALIMA,VIF,Comisaria_1_Familia,2024,0.3199999999999999,1.1,1,0,182,1
EXP-11268,BUENAVENTURA,HURTO_PATRIMONIAL,Juzgado_1_Familia,2024,3.34,1.35,1,0,393,1
EXP-11269,PALMIRA,SUSTANCIAS,Juzgado_1_Familia,2023,11.54,1.35,1,0,308,1
EXP-11270,FLORIDA,VIF,Comisaria_2_Familia,2024,0.8,0.9,2,0,185,0
EXP-11271,VIJES,VIF,Juzgado_2_Familia,2024,0.175,1.2,2,0,228,1
EXP-11272,PALMIRA,VIF,Juzgado_2_Familia,2024,11.54,1.2,1,0,278,1
EXP-11273,ALCALA,SUSTANCIAS,Juzgado_2_Familia,2023,0.22,1.2,1,0,268,1
EXP-11274,EL CAIRO,VIF,Juzgado_1_Familia,2023,0.1,1.35,1,0,258,1
EXP-11275,RIOFRIO,ALIMENTOS,Juzgado_Penal_Municipal_2,2024,0.175,1.05,3,1,445,1
EXP-11276,TORO,ALIMENTOS,Juzgado_1_Familia,2022,0.1333333333333333,1.35,2,1,474,1
EXP-11277,CALI,VIF,Juzgado_2_Familia,2024,70.34,1.2,3,0,453,1
EXP-11278,CALI,ALIMENTOS,Comisaria_2_Familia,2020,70.34,0.9,6,0,462,1
EXP-11279,LA VICTORIA,HURTO_PATRIMONIAL,Juzgado_1_Familia,2023,0.1666666666666666,1.35,9,1,595,1
EXP-11280,CALI,HURTO_PATRIMONIAL,Juzgado_2_Familia,2023,70.34,1.2,4,0,577,1
EXP-11281,PALMIRA,HURTO_PATRIMONIAL,Juzgado_3_Familia,2021,11.54,0.95,3,0,347,1
EXP-11282,GUADALAJARA DE BUGA,VIF,Juzgado_1_Familia,2023,6.6,1.35,1,0,157,0
EXP-11283,GUADALAJARA DE BUGA,ALIMENTOS,Comisaria_2_Familia,2023,6.6,0.9,1,0,226,0
EXP-11284,EL CERRITO,ALIMENTOS,Juzgado_2_Familia,2021,1.1,1.2,3,1,441,1
EXP-11285,SIN_DATO,VIF,Juzgado_Penal_Municipal_1,2020,2.2,1.25,6,0,245,1
EXP-11286,ALCALA,ALIMENTOS,Juzgado_1_Familia,2021,0.22,1.35,5,0,360,1
EXP-11287,EL CAIRO,SUSTANCIAS,Juzgado_1_Familia,2020,0.1,1.35,8,0,343,1
EXP-11288,SEVILLA,VIF,Comisaria_2_Familia,2024,1.62,0.9,5,0,206,1
EXP-11289,SEVILLA,ALIMENTOS,Comisaria_1_Familia,2021,1.62,1.1,2,0,245,1
EXP-11290,CALI,VIF,Juzgado_3_Familia,2024,70.34,0.95,6,0,449,1
EXP-11291,TULUA,HURTO_PATRIMONIAL,Juzgado_1_Familia,2021,3.34,1.35,6,1,536,1
EXP-11292,SEVILLA,HURTO_PATRIMONIAL,Juzgado_2_Familia,2024,1.62,1.2,9,0,405,1
EXP-11293,GINEBRA,HURTO_PATRIMONIAL,Comisaria_1_Familia,2023,0.6,1.1,2,0,332,1
EXP-11294,GUADALAJARA DE BUGA,VIF,Juzgado_Penal_Municipal_1,2023,6.6,1.25,9,0,321,1
EXP-11295,SEVILLA,VIF,Juzgado_3_Familia,2022,1.62,0.95,9,0,224,1
EXP-11296,CARTAGO,VIF,Juzgado_Penal_Municipal_2,2022,5.56,1.05,8,0,244,1
EXP-11297,DAGUA,ALIMENTOS,Comisaria_2_Familia,2022,1.3666666666666665,0.9,1,1,366,1
EXP-11298,PALMIRA,VIF,Juzgado_3_Familia,2022,11.54,0.95,9,0,278,1
EXP-11299,CAICEDONIA,ALIMENTOS,Juzgado_2_Familia,2023,1.28,1.2,3,0,302,1
EXP-11300,SAN PEDRO,VIF,Juzgado_Penal_Municipal_2,2023,0.3,1.05,6,0,236,1
EXP-11301,LA UNION,VIF,Juzgado_3_Familia,2024,0.575,0.95,1,0,104,0
EXP-11302,CALI,VIF,Juzgado_3_Familia,2022,70.34,0.95,1,0,382,1
EXP-11303,CARTAGO,VIF,Comisaria_1_Familia,2022,5.56,1.1,6,0,277,1
EXP-11304,CALI,ALIMENTOS,Juzgado_3_Familia,2022,70.34,0.95,1,0,445,1
EXP-11305,CARTAGO,VIF,Juzgado_3_Familia,2024,5.56,0.95,4,0,221,1
EXP-11306,PALMIRA,SUSTANCIAS,Juzgado_2_Familia,2022,11.54,1.2,2,0,282,1
EXP-11307,CALI,ALIMENTOS,Juzgado_1_Familia,2020,70.34,1.35,1,0,513,1
EXP-11308,EL CAIRO,SUSTANCIAS,Comisaria_1_Familia,2020,0.1,1.1,3,0,131,0
EXP-11309,CALI,ALIMENTOS,Comisaria_1_Familia,2024,70.34,1.1,9,1,667,1
EXP-11310,ROLDANILLO,ALIMENTOS,Juzgado_Penal_Municipal_2,2021,1.26,1.05,4,0,253,1
EXP-11311,CARTAGO,ALIMENTOS,Juzgado_2_Familia,2020,5.56,1.2,7,0,357,1
EXP-11312,ANSERMANUEVO,ALIMENTOS,Comisaria_2_Familia,2024,0.2,0.9,7,1,419,1
EXP-11313,LA UNION,VIF,Juzgado_1_Familia,2024,0.575,1.35,7,0,221,0
EXP-11314,ARGELIA,SUSTANCIAS,Juzgado_Penal_Municipal_2,2023,0.2,1.05,2,0,233,1
EXP-11315,BUENAVENTURA,VIF,Comisaria_1_Familia,2023,3.34,1.1,6,0,277,1
EXP-11316,LA CUMBRE,ALIMENTOS,Juzgado_3_Familia,2024,0.24,0.95,1,0,272,1
EXP-11317,YOTOCO,ALIMENTOS,Juzgado_Penal_Municipal_1,2022,0.58,1.25,2,0,345,1
EXP-11318,BUENAVENTURA,HURTO_PATRIMONIAL,Comisaria_2_Familia,2021,3.34,0.9,2,1,252,0
EXP-11319,CARTAGO,ALIMENTOS,Comisaria_2_Familia,2022,5.56,0.9,5,1,209,0
EXP-11320,CALI,VIF,Comisaria_2_Familia,2024,70.34,0.9,7,0,432,1
EXP-11321,SIN_DATO,ALIMENTOS,Juzgado_Penal_Municipal_2,2024,2.2,1.05,1,0,120,0
EXP-11322,TORO,SUSTANCIAS,Comisaria_1_Familia,2024,0.1333333333333333,1.1,2,0,228,1
EXP-11323,OBANDO,VIF,Comisaria_1_Familia,2021,0.38,1.1,2,0,222,1
EXP-11324,YUMBO,VIF,Comisaria_1_Familia,2021,3.5,1.1,6,0,257,1
EXP-11325,CALI,HURTO_PATRIMONIAL,Comisaria_2_Familia,2023,70.34,0.9,11,1,659,1
EXP-11326,YUMBO,ALIMENTOS,Juzgado_3_Familia,2023,3.5,0.95,5,0,280,1
EXP-11327,JAMUNDI,ALIMENTOS,Juzgado_3_Familia,2024,2.64,0.95,2,1,358,1
EXP-11328,SEVILLA,VIF,Juzgado_Penal_Municipal_2,2023,1.62,1.05,5,0,140,0
EXP-11329,YOTOCO,SUSTANCIAS,Juzgado_3_Familia,2021,0.58,0.95,2,0,165,1
EXP-11330,CAICEDONIA,HURTO_PATRIMONIAL,Juzgado_1_Familia,2022,1.28,1.35,3,0,277,0
EXP-11331,YUMBO,VIF,Comisaria_1_Familia,2024,3.5,1.1,7,0,247,1
EXP-11332,CALI,HURTO_PATRIMONIAL,Juzgado_2_Familia,2022,70.34,1.2,10,0,520,0
EXP-11333,SAN PEDRO,VIF,Comisaria_2_Familia,2021,0.3,0.9,3,0,202,1
EXP-11334,CANDELARIA,VIF,Juzgado_2_Familia,2022,3.08,1.2,3,0,256,1
EXP-11335,TRUJILLO,HURTO_PATRIMONIAL,Juzgado_3_Familia,2022,0.225,0.95,5,0,263,1
EXP-11336,LA CUMBRE,VIF,Juzgado_2_Familia,2024,0.24,1.2,2,0,243,1
EXP-11337,GUACARI,VIF,Juzgado_1_Familia,2020,1.48,1.35,3,0,182,0
EXP-11338,GUADALAJARA DE BUGA,SUSTANCIAS,Juzgado_Penal_Municipal_2,2021,6.6,1.05,6,0,284,1
EXP-11339,LA CUMBRE,ALIMENTOS,Juzgado_3_Familia,2022,0.24,0.95,10,0,309,1
EXP-11340,PALMIRA,VIF,Juzgado_Penal_Municipal_1,2024,11.54,1.25,4,0,288,1
EXP-11341,VIJES,ALIMENTOS,Juzgado_Penal_Municipal_2,2020,0.175,1.05,1,0,262,1
EXP-11342,ZARZAL,ALIMENTOS,Juzgado_Penal_Municipal_2,2024,1.12,1.05,1,0,290,1
EXP-11343,SIN_DATO,VIF,Juzgado_3_Familia,2023,2.2,0.95,1,0,192,1
EXP-11344,PRADERA,ALIMENTOS,Juzgado_1_Familia,2024,0.72,1.35,9,0,397,1
EXP-11345,CALI,VIF,Juzgado_1_Familia,2023,70.34,1.35,1,0,494,1
EXP-11346,EL AGUILA,ALIMENTOS,Juzgado_Penal_Municipal_2,2023,0.1666666666666666,1.05,3,1,413,1
EXP-11347,PRADERA,ALIMENTOS,Juzgado_1_Familia,2024,0.72,1.35,2,1,470,1
EXP-11348,CALI,VIF,Juzgado_2_Familia,2021,70.34,1.2,9,0,524,1
EXP-11349,VIJES,HURTO_PATRIMONIAL,Comisaria_1_Familia,2024,0.175,1.1,4,0,356,1
EXP-11350,EL CERRITO,ALIMENTOS,Comisaria_1_Familia,2023,1.1,1.1,1,0,241,1
EXP-11351,GINEBRA,ALIMENTOS,Comisaria_2_Familia,2022,0.6,0.9,7,0,157,0
EXP-11352,ANDALUCIA,HURTO_PATRIMONIAL,Juzgado_Penal_Municipal_2,2023,0.38,1.05,2,0,328,1
EXP-11353,PALMIRA,ALIMENTOS,Juzgado_2_Familia,2024,11.54,1.2,1,0,317,1
EXP-11354,GINEBRA,ALIMENTOS,Juzgado_Penal_Municipal_2,2023,0.6,1.05,6,1,451,1
EXP-11355,CALI,VIF,Comisaria_1_Familia,2020,70.34,1.1,1,0,424,1
EXP-11356,CALI,VIF,Juzgado_2_Familia,2023,70.34,1.2,10,0,504,1
EXP-11357,CALI,VIF,Juzgado_2_Familia,2020,70.34,1.2,3,0,471,1
EXP-11358,ANDALUCIA,VIF,Juzgado_3_Familia,2024,0.38,0.95,2,0,164,1
EXP-11359,LA UNION,ALIMENTOS,Juzgado_3_Familia,2023,0.575,0.95,13,0,364,1
EXP-11360,CALI,VIF,Juzgado_Penal_Municipal_2,2023,70.34,1.05,7,0,209,0
EXP-11361,ALCALA,VIF,Juzgado_3_Familia,2022,0.22,0.95,4,0,213,1
EXP-11362,YUMBO,ALIMENTOS,Comisaria_2_Familia,2024,3.5,0.9,4,0,258,1
EXP-11363,ANDALUCIA,VIF,Juzgado_2_Familia,2024,0.38,1.2,7,0,157,0
EXP-11364,ZARZAL,HURTO_PATRIMONIAL,Juzgado_2_Familia,2024,1.12,1.2,3,1,482,1
EXP-11365,CALI,SUSTANCIAS,Juzgado_3_Familia,2023,70.34,0.95,2,0,235,0
EXP-11366,BUENAVENTURA,SUSTANCIAS,Juzgado_Penal_Municipal_1,2022,3.34,1.25,10,0,337,1
EXP-11367,ANDALUCIA,HURTO_PATRIMONIAL,Juzgado_Penal_Municipal_2,2024,0.38,1.05,1,0,368,1
EXP-11368,BUENAVENTURA,VIF,Juzgado_3_Familia,2021,3.34,0.95,8,0,179,0
EXP-11369,GUADALAJARA DE BUGA,SUSTANCIAS,Juzgado_Penal_Municipal_2,2023,6.6,1.05,4,0,159,0
EXP-11370,JAMUNDI,ALIMENTOS,Juzgado_Penal_Municipal_2,2020,2.64,1.05,2,1,382,1
EXP-11371,ALCALA,VIF,Juzgado_1_Familia,2022,0.22,1.35,5,0,272,1
EXP-11372,TRUJILLO,SUSTANCIAS,Juzgado_2_Familia,2023,0.225,1.2,4,0,261,1
EXP-11373,TRUJILLO,HURTO_PATRIMONIAL,Juzgado_1_Familia,2024,0.225,1.35,2,0,420,1
EXP-11374,CARTAGO,SUSTANCIAS,Juzgado_3_Familia,2022,5.56,0.95,4,0,234,1
EXP-11375,GUADALAJARA DE BUGA,VIF,Comisaria_1_Familia,2020,6.6,1.1,5,0,193,1
EXP-11376,RIOFRIO,ALIMENTOS,Juzgado_1_Familia,2022,0.175,1.35,3,0,358,1
EXP-11377,VIJES,HURTO_PATRIMONIAL,Comisaria_2_Familia,2023,0.175,0.9,3,0,244,1
EXP-11378,CALI,VIF,Juzgado_2_Familia,2024,70.34,1.2,4,0,436,1
EXP-11379,CARTAGO,ALIMENTOS,Comisaria_1_Familia,2021,5.56,1.1,6,0,321,1
EXP-11380,PALMIRA,SUSTANCIAS,Juzgado_Penal_Municipal_1,2024,11.54,1.25,5,0,341,1
EXP-11381,ROLDANILLO,ALIMENTOS,Juzgado_2_Familia,2023,1.26,1.2,8,0,194,0
EXP-11382,CALI,ALIMENTOS,Juzgado_3_Familia,2023,70.34,0.95,3,0,493,1
EXP-11383,ROLDANILLO,ALIMENTOS,Comisaria_2_Familia,2022,1.26,0.9,5,1,396,1
EXP-11384,PALMIRA,VIF,Juzgado_Penal_Municipal_1,2022,11.54,1.25,3,0,282,1
EXP-11385,CALI,SUSTANCIAS,Juzgado_2_Familia,2020,70.34,1.2,1,0,441,1
EXP-11386,VIJES,SUSTANCIAS,Juzgado_1_Familia,2021,0.175,1.35,1,0,306,1
EXP-11387,CALI,HURTO_PATRIMONIAL,Comisaria_2_Familia,2022,70.34,0.9,1,0,472,1
EXP-11388,CALI,ALIMENTOS,Juzgado_Penal_Municipal_2,2024,70.34,1.05,10,1,667,1
EXP-11389,LA VICTORIA,ALIMENTOS,Comisaria_2_Familia,2024,0.1666666666666666,0.9,13,0,318,1
EXP-11390,CALI,HURTO_PATRIMONIAL,Juzgado_3_Familia,2023,70.34,0.95,6,0,518,1
EXP-11391,EL DOVIO,VIF,Juzgado_Penal_Municipal_1,2023,0.1,1.25,4,0,251,1
EXP-11392,DAGUA,VIF,Comisaria_1_Familia,2022,1.3666666666666665,1.1,7,0,234,1
EXP-11393,VERSALLES,VIF,Comisaria_1_Familia,2022,0.1333333333333333,1.1,2,0,205,1
EXP-11394,SEVILLA,ALIMENTOS,Comisaria_1_Familia,2020,1.62,1.1,1,1,385,1
EXP-11395,CALI,VIF,Juzgado_3_Familia,2024,70.34,0.95,22,0,541,1
EXP-11396,BUENAVENTURA,ALIMENTOS,Comisaria_1_Familia,2023,3.34,1.1,5,0,325,1
EXP-11397,PALMIRA,VIF,Juzgado_3_Familia,2022,11.54,0.95,3,0,212,1
EXP-11398,JAMUNDI,SUSTANCIAS,Comisaria_1_Familia,2023,2.64,1.1,6,0,259,1
EXP-11399,ALCALA,VIF,Juzgado_Penal_Municipal_2,2023,0.22,1.05,2,0,210,1
EXP-11400,CALI,ALIMENTOS,Comisaria_2_Familia,2022,70.34,0.9,8,0,508,1
EXP-11401,CANDELARIA,ALIMENTOS,Juzgado_Penal_Municipal_1,2023,3.08,1.25,6,0,299,1
EXP-11402,GUADALAJARA DE BUGA,HURTO_PATRIMONIAL,Comisaria_1_Familia,2023,6.6,1.1,10,0,427,1
EXP-11403,BUENAVENTURA,HURTO_PATRIMONIAL,Juzgado_Penal_Municipal_2,2022,3.34,1.05,16,0,432,1
EXP-11404,CARTAGO,VIF,Comisaria_1_Familia,2021,5.56,1.1,14,0,341,1
EXP-11405,LA CUMBRE,ALIMENTOS,Comisaria_2_Familia,2024,0.24,0.9,17,0,358,1
EXP-11406,CARTAGO,ALIMENTOS,Juzgado_Penal_Municipal_1,2023,5.56,1.25,4,1,491,1
EXP-11407,YUMBO,ALIMENTOS,Juzgado_Penal_Municipal_2,2021,3.5,1.05,1,0,251,1
EXP-11408,BUENAVENTURA,ALIMENTOS,Juzgado_Penal_Municipal_1,2024,3.34,1.25,5,1,485,1
EXP-11409,TRUJILLO,VIF,Juzgado_3_Familia,2024,0.225,0.95,6,0,214,1
EXP-11410,PALMIRA,SUSTANCIAS,Juzgado_Penal_Municipal_1,2021,11.54,1.25,2,0,288,1
EXP-11411,CALI,ALIMENTOS,Comisaria_1_Familia,2023,70.34,1.1,4,0,212,0
EXP-11412,CALI,HURTO_PATRIMONIAL,Comisaria_2_Familia,2023,70.34,0.9,7,1,698,1
EXP-11413,CALI,ALIMENTOS,Comisaria_2_Familia,2022,70.34,0.9,20,1,577,0
EXP-11414,CALI,ALIMENTOS,Juzgado_Penal_Municipal_1,2020,70.34,1.25,13,1,717,1
EXP-11415,ZARZAL,ALIMENTOS,Comisaria_2_Familia,2021,1.12,0.9,2,0,185,1
EXP-11416,CALI,ALIMENTOS,Comisaria_1_Familia,2024,70.34,1.1,14,1,720,1
EXP-11417,CANDELARIA,VIF,Juzgado_3_Familia,2024,3.08,0.95,5,0,210,1
EXP-11418,TRUJILLO,VIF,Juzgado_1_Familia,2023,0.225,1.35,5,0,286,1
EXP-11419,LA VICTORIA,HURTO_PATRIMONIAL,Comisaria_2_Familia,2023,0.1666666666666666,0.9,1,0,202,1
EXP-11420,GUACARI,HURTO_PATRIMONIAL,Comisaria_2_Familia,2024,1.48,0.9,4,0,288,1
EXP-11421,BUGALAGRANDE,ALIMENTOS,Juzgado_3_Familia,2023,0.2799999999999999,0.95,5,0,294,1
EXP-11422,BUENAVENTURA,SUSTANCIAS,Juzgado_1_Familia,2020,3.34,1.35,7,0,314,1
EXP-11423,GUACARI,SUSTANCIAS,Juzgado_1_Familia,2024,1.48,1.35,1,0,219,0
EXP-11424,JAMUNDI,ALIMENTOS,Juzgado_2_Familia,2020,2.64,1.2,1,0,200,0
EXP-11425,CAICEDONIA,ALIMENTOS,Comisaria_1_Familia,2020,1.28,1.1,12,1,490,1
EXP-11426,CALI,HURTO_PATRIMONIAL,Juzgado_1_Familia,2021,70.34,1.35,1,0,597,1
EXP-11427,YUMBO,VIF,Juzgado_3_Familia,2024,3.5,0.95,10,0,262,1
EXP-11428,CANDELARIA,ALIMENTOS,Juzgado_1_Familia,2021,3.08,1.35,6,0,354,1
EXP-11429,ZARZAL,VIF,Juzgado_Penal_Municipal_1,2021,1.12,1.25,7,0,272,1
EXP-11430,LA UNION,HURTO_PATRIMONIAL,Comisaria_2_Familia,2022,0.575,0.9,1,0,233,1
EXP-11431,GINEBRA,VIF,Juzgado_Penal_Municipal_2,2023,0.6,1.05,3,0,188,1
EXP-11432,CALI,HURTO_PATRIMONIAL,Juzgado_3_Familia,2022,70.34,0.95,2,1,610,1
EXP-11433,GUADALAJARA DE BUGA,ALIMENTOS,Juzgado_2_Familia,2022,6.6,1.2,4,1,442,1
EXP-11434,FLORIDA,HURTO_PATRIMONIAL,Juzgado_1_Familia,2021,0.8,1.35,8,0,449,1
EXP-11435,PALMIRA,HURTO_PATRIMONIAL,Juzgado_3_Familia,2024,11.54,0.95,5,1,488,1
EXP-11436,BUENAVENTURA,ALIMENTOS,Juzgado_Penal_Municipal_2,2024,3.34,1.05,2,0,288,1
EXP-11437,FLORIDA,VIF,Comisaria_1_Familia,2024,0.8,1.1,1,0,153,0
EXP-11438,DAGUA,HURTO_PATRIMONIAL,Comisaria_1_Familia,2022,1.3666666666666665,1.1,1,0,267,1
EXP-11439,CALI,SUSTANCIAS,Comisaria_1_Familia,2024,70.34,1.1,5,0,457,1
EXP-11440,ZARZAL,VIF,Comisaria_1_Familia,2024,1.12,1.1,5,0,263,1
EXP-11441,EL CERRITO,VIF,Comisaria_2_Familia,2023,1.1,0.9,12,0,250,1
EXP-11442,PRADERA,VIF,Juzgado_1_Familia,2023,0.72,1.35,3,0,283,1
EXP-11443,CALI,VIF,Juzgado_Penal_Municipal_1,2022,70.34,1.25,4,0,501,1
EXP-11444,LA CUMBRE,HURTO_PATRIMONIAL,Juzgado_Penal_Municipal_1,2020,0.24,1.25,6,1,591,1
EXP-11445,PALMIRA,VIF,Comisaria_2_Familia,2023,11.54,0.9,13,0,304,1
EXP-11446,EL CAIRO,VIF,Comisaria_2_Familia,2024,0.1,0.9,4,0,171,1
EXP-11447,CALI,HURTO_PATRIMONIAL,Juzgado_Penal_Municipal_1,2022,70.34,1.25,8,0,614,1
EXP-11448,GUACARI,VIF,Juzgado_Penal_Municipal_1,2023,1.48,1.25,3,0,225,1
EXP-11449,PALMIRA,ALIMENTOS,Comisaria_2_Familia,2021,11.54,0.9,2,1,397,1
EXP-11450,ALCALA,ALIMENTOS,Juzgado_1_Familia,2021,0.22,1.35,1,0,305,1
EXP-11451,GUADALAJARA DE BUGA,HURTO_PATRIMONIAL,Juzgado_2_Familia,2022,6.6,1.2,1,0,289,0
EXP-11452,VIJES,SUSTANCIAS,Comisaria_1_Familia,2024,0.175,1.1,1,0,228,1
EXP-11453,CANDELARIA,HURTO_PATRIMONIAL,Juzgado_Penal_Municipal_1,2024,3.08,1.25,13,0,456,1
EXP-11454,PRADERA,ALIMENTOS,Juzgado_Penal_Municipal_2,2022,0.72,1.05,3,0,272,1
EXP-11455,VIJES,VIF,Comisaria_2_Familia,2020,0.175,0.9,4,0,199,1
EXP-11456,VIJES,VIF,Juzgado_2_Familia,2023,0.175,1.2,3,0,252,1
EXP-11457,DAGUA,ALIMENTOS,Juzgado_3_Familia,2023,1.3666666666666665,0.95,3,0,120,0
EXP-11458,PALMIRA,ALIMENTOS,Juzgado_2_Familia,2022,11.54,1.2,3,1,432,1
EXP-11459,RESTREPO,VIF,Juzgado_Penal_Municipal_1,2022,0.24,1.25,2,0,222,1
EXP-11460,CARTAGO,ALIMENTOS,Comisaria_2_Familia,2022,5.56,0.9,6,0,244,1
EXP-11461,GUADALAJARA DE BUGA,SUSTANCIAS,Comisaria_1_Familia,2023,6.6,1.1,5,0,273,1
EXP-11462,GUADALAJARA DE BUGA,HURTO_PATRIMONIAL,Juzgado_Penal_Municipal_2,2022,6.6,1.05,3,0,169,0
EXP-11463,BUENAVENTURA,SUSTANCIAS,Juzgado_1_Familia,2020,3.34,1.35,2,0,275,1
EXP-11464,CALI,ALIMENTOS,Juzgado_1_Familia,2023,70.34,1.35,4,0,458,0
EXP-11465,CALI,HURTO_PATRIMONIAL,Juzgado_2_Familia,2020,70.34,1.2,10,0,566,1
EXP-11466,CAICEDONIA,ALIMENTOS,Juzgado_2_Familia,2024,1.28,1.2,7,0,378,1
EXP-11467,DAGUA,ALIMENTOS,Juzgado_Penal_Municipal_1,2024,1.3666666666666665,1.25,4,0,347,1
EXP-11468,VERSALLES,HURTO_PATRIMONIAL,Comisaria_1_Familia,2020,0.1333333333333333,1.1,7,0,339,1
EXP-11469,SEVILLA,SUSTANCIAS,Comisaria_1_Familia,2024,1.62,1.1,3,0,257,1
EXP-11470,BUENAVENTURA,VIF,Juzgado_3_Familia,2022,3.34,0.95,2,0,195,1
EXP-11471,SIN_DATO,VIF,Juzgado_Penal_Municipal_1,2024,2.2,1.25,1,0,232,1
EXP-11472,JAMUNDI,ALIMENTOS,Juzgado_Penal_Municipal_2,2021,2.64,1.05,1,1,350,1
EXP-11473,SIN_DATO,ALIMENTOS,Juzgado_1_Familia,2024,2.2,1.35,4,1,539,1
EXP-11474,YOTOCO,ALIMENTOS,Juzgado_3_Familia,2024,0.58,0.95,1,0,215,1
EXP-11475,ZARZAL,ALIMENTOS,Comisaria_2_Familia,2021,1.12,0.9,1,0,251,1
EXP-11476,BUENAVENTURA,VIF,Juzgado_3_Familia,2021,3.34,0.95,7,0,131,0
EXP-11477,ANSERMANUEVO,HURTO_PATRIMONIAL,Comisaria_2_Familia,2022,0.2,0.9,5,1,463,1
EXP-11478,SIN_DATO,HURTO_PATRIMONIAL,Juzgado_1_Familia,2024,2.2,1.35,4,1,312,0
EXP-11479,CARTAGO,HURTO_PATRIMONIAL,Comisaria_1_Familia,2024,5.56,1.1,5,1,491,1
EXP-11480,CAICEDONIA,ALIMENTOS,Comisaria_2_Familia,2020,1.28,0.9,8,1,438,1
EXP-11481,CALI,VIF,Comisaria_2_Familia,2022,70.34,0.9,1,0,394,1
EXP-11482,CARTAGO,SUSTANCIAS,Juzgado_Penal_Municipal_1,2022,5.56,1.25,2,0,273,1
EXP-11483,GINEBRA,VIF,Juzgado_Penal_Municipal_1,2023,0.6,1.25,1,0,221,1
EXP-11484,DAGUA,VIF,Juzgado_1_Familia,2021,1.3666666666666665,1.35,4,0,293,1
EXP-11485,CALI,VIF,Juzgado_3_Familia,2021,70.34,0.95,4,0,397,1
EXP-11486,BUENAVENTURA,HURTO_PATRIMONIAL,Juzgado_2_Familia,2021,3.34,1.2,4,0,261,0
EXP-11487,ANDALUCIA,ALIMENTOS,Juzgado_Penal_Municipal_2,2024,0.38,1.05,2,0,255,1
EXP-11488,GUADALAJARA DE BUGA,VIF,Juzgado_2_Familia,2023,6.6,1.2,3,0,240,1
EXP-11489,YOTOCO,SUSTANCIAS,Juzgado_2_Familia,2023,0.58,1.2,3,0,256,1
EXP-11490,VERSALLES,ALIMENTOS,Juzgado_Penal_Municipal_2,2021,0.1333333333333333,1.05,1,1,393,1
EXP-11491,ALCALA,ALIMENTOS,Comisaria_2_Familia,2023,0.22,0.9,6,0,169,0
EXP-11492,PALMIRA,VIF,Comisaria_2_Familia,2022,11.54,0.9,6,0,211,1
EXP-11493,BUENAVENTURA,VIF,Juzgado_3_Familia,2024,3.34,0.95,2,0,188,1
EXP-11494,SEVILLA,SUSTANCIAS,Comisaria_2_Familia,2024,1.62,0.9,1,0,198,1
EXP-11495,FLORIDA,ALIMENTOS,Juzgado_Penal_Municipal_1,2024,0.8,1.25,1,0,262,1
EXP-11496,PRADERA,VIF,Juzgado_Penal_Municipal_1,2022,0.72,1.25,2,0,238,1
EXP-11497,LA CUMBRE,VIF,Comisaria_2_Familia,2023,0.24,0.9,8,0,191,1
EXP-11498,GUADALAJARA DE BUGA,ALIMENTOS,Juzgado_3_Familia,2021,6.6,0.95,4,1,405,1
EXP-11499,JAMUNDI,VIF,Juzgado_Penal_Municipal_1,2023,2.64,1.25,2,0,258,1
EXP-11500,EL AGUILA,ALIMENTOS,Juzgado_2_Familia,2024,0.1666666666666666,1.2,1,0,370,1
EXP-11501,LA CUMBRE,ALIMENTOS,Juzgado_Penal_Municipal_2,2022,0.24,1.05,4,0,283,1
EXP-11502,CANDELARIA,ALIMENTOS,Comisaria_2_Familia,2023,3.08,0.9,4,1,197,0
EXP-11503,ANSERMANUEVO,ALIMENTOS,Comisaria_1_Familia,2021,0.2,1.1,1,0,299,1
EXP-11504,CALI,VIF,Juzgado_2_Familia,2024,70.34,1.2,4,0,479,1
EXP-11505,SIN_DATO,SUSTANCIAS,Comisaria_1_Familia,2024,2.2,1.1,1,0,232,1
EXP-11506,CALI,ALIMENTOS,Juzgado_3_Familia,2023,70.34,0.95,1,0,460,1
EXP-11507,CALI,HURTO_PATRIMONIAL,Juzgado_1_Familia,2024,70.34,1.35,4,0,640,1
EXP-11508,VIJES,ALIMENTOS,Juzgado_1_Familia,2021,0.175,1.35,7,0,375,1
EXP-11509,CALI,VIF,Comisaria_1_Familia,2022,70.34,1.1,11,0,490,1
EXP-11510,PRADERA,VIF,Juzgado_2_Familia,2021,0.72,1.2,6,0,278,1
EXP-11511,JAMUNDI,VIF,Juzgado_1_Familia,2023,2.64,1.35,10,0,322,1
EXP-11512,CARTAGO,ALIMENTOS,Juzgado_Penal_Municipal_1,2023,5.56,1.25,4,1,252,0
EXP-11513,CALI,VIF,Juzgado_1_Familia,2023,70.34,1.35,2,0,451,1
EXP-11514,CARTAGO,ALIMENTOS,Juzgado_3_Familia,2023,5.56,0.95,4,0,277,1
EXP-11515,SIN_DATO,ALIMENTOS,Juzgado_2_Familia,2021,2.2,1.2,9,1,498,1
EXP-11516,SEVILLA,VIF,Juzgado_Penal_Municipal_1,2024,1.62,1.25,22,0,411,1
EXP-11517,PALMIRA,ALIMENTOS,Juzgado_2_Familia,2023,11.54,1.2,5,0,372,1
EXP-11518,CALI,ALIMENTOS,Juzgado_Penal_Municipal_1,2024,70.34,1.25,3,1,602,1
EXP-11519,CALI,VIF,Juzgado_2_Familia,2022,70.34,1.2,2,0,426,1
EXP-11520,DAGUA,ALIMENTOS,Juzgado_2_Familia,2023,1.3666666666666665,1.2,4,0,323,1
EXP-11521,RESTREPO,VIF,Juzgado_2_Familia,2024,0.24,1.2,1,0,207,1
EXP-11522,RIOFRIO,VIF,Juzgado_Penal_Municipal_2,2023,0.175,1.05,6,0,221,1
EXP-11523,EL CERRITO,HURTO_PATRIMONIAL,Comisaria_2_Familia,2024,1.1,0.9,4,0,155,0
EXP-11524,CANDELARIA,ALIMENTOS,Juzgado_3_Familia,2022,3.08,0.95,10,0,214,0
EXP-11525,CARTAGO,VIF,Juzgado_2_Familia,2024,5.56,1.2,3,0,256,1
EXP-11526,LA UNION,ALIMENTOS,Juzgado_3_Familia,2022,0.575,0.95,3,0,237,1
EXP-11527,EL CERRITO,VIF,Juzgado_3_Familia,2022,1.1,0.95,2,0,191,1
EXP-11528,CARTAGO,ALIMENTOS,Comisaria_2_Familia,2022,5.56,0.9,1,0,271,1
EXP-11529,VERSALLES,HURTO_PATRIMONIAL,Comisaria_2_Familia,2023,0.1333333333333333,0.9,2,1,399,1
EXP-11530,DAGUA,HURTO_PATRIMONIAL,Comisaria_2_Familia,2022,1.3666666666666665,0.9,16,1,479,1
EXP-11531,BUENAVENTURA,ALIMENTOS,Juzgado_2_Familia,2021,3.34,1.2,1,1,440,1
EXP-11532,CANDELARIA,ALIMENTOS,Juzgado_Penal_Municipal_1,2020,3.08,1.25,1,0,291,1
EXP-11533,BUENAVENTURA,VIF,Juzgado_3_Familia,2023,3.34,0.95,1,0,179,1
EXP-11534,CALI,VIF,Juzgado_Penal_Municipal_2,2024,70.34,1.05,3,0,441,1
EXP-11535,SIN_DATO,SUSTANCIAS,Comisaria_1_Familia,2020,2.2,1.1,1,0,212,1
EXP-11536,DAGUA,ALIMENTOS,Juzgado_Penal_Municipal_1,2021,1.3666666666666665,1.25,2,0,330,1
EXP-11537,PALMIRA,ALIMENTOS,Juzgado_Penal_Municipal_1,2023,11.54,1.25,3,1,476,1
EXP-11538,SIN_DATO,SUSTANCIAS,Juzgado_1_Familia,2023,2.2,1.35,5,0,302,1
EXP-11539,CANDELARIA,VIF,Juzgado_Penal_Municipal_2,2023,3.08,1.05,3,0,194,1
EXP-11540,LA CUMBRE,HURTO_PATRIMONIAL,Juzgado_Penal_Municipal_2,2022,0.24,1.05,5,0,316,1
EXP-11541,TORO,HURTO_PATRIMONIAL,Comisaria_2_Familia,2022,0.1333333333333333,0.9,5,0,328,1
EXP-11542,CARTAGO,VIF,Juzgado_1_Familia,2020,5.56,1.35,14,0,390,1
EXP-11543,EL AGUILA,HURTO_PATRIMONIAL,Comisaria_1_Familia,2024,0.1666666666666666,1.1,12,0,460,1
EXP-11544,PALMIRA,ALIMENTOS,Juzgado_2_Familia,2021,11.54,1.2,1,0,350,1
EXP-11545,EL DOVIO,ALIMENTOS,Juzgado_3_Familia,2022,0.1,0.95,2,0,257,1
EXP-11546,BUENAVENTURA,HURTO_PATRIMONIAL,Juzgado_Penal_Municipal_1,2024,3.34,1.25,4,1,523,1
EXP-11547,CALI,VIF,Juzgado_Penal_Municipal_2,2022,70.34,1.05,3,0,425,1
EXP-11548,CANDELARIA,ALIMENTOS,Juzgado_1_Familia,2020,3.08,1.35,3,0,334,1
EXP-11549,GUADALAJARA DE BUGA,ALIMENTOS,Juzgado_2_Familia,2022,6.6,1.2,10,0,371,1
EXP-11550,CALI,ALIMENTOS,Juzgado_1_Familia,2021,70.34,1.35,1,1,665,1
EXP-11551,PALMIRA,VIF,Juzgado_3_Familia,2022,11.54,0.95,2,0,213,1
EXP-11552,ROLDANILLO,ALIMENTOS,Juzgado_3_Familia,2022,1.26,0.95,1,1,392,1
EXP-11553,PALMIRA,ALIMENTOS,Juzgado_3_Familia,2024,11.54,0.95,8,0,342,1
EXP-11554,PRADERA,ALIMENTOS,Juzgado_Penal_Municipal_1,2023,0.72,1.25,4,0,320,1
EXP-11555,CARTAGO,ALIMENTOS,Comisaria_2_Familia,2022,5.56,0.9,2,1,349,1
EXP-11556,CARTAGO,VIF,Juzgado_1_Familia,2022,5.56,1.35,4,0,272,1
EXP-11557,DAGUA,VIF,Comisaria_2_Familia,2024,1.3666666666666665,0.9,1,0,179,1
EXP-11558,CALI,ALIMENTOS,Comisaria_2_Familia,2024,70.34,0.9,2,1,574,1
EXP-11559,CALI,SUSTANCIAS,Comisaria_1_Familia,2024,70.34,1.1,5,0,476,1
EXP-11560,CARTAGO,ALIMENTOS,Comisaria_2_Familia,2020,5.56,0.9,3,0,281,1
EXP-11561,DAGUA,VIF,Juzgado_Penal_Municipal_1,2022,1.3666666666666665,1.25,6,0,287,1
EXP-11562,SIN_DATO,ALIMENTOS,Comisaria_1_Familia,2023,2.2,1.1,5,0,305,1
EXP-11563,CALI,ALIMENTOS,Comisaria_2_Familia,2023,70.34,0.9,2,0,441,1
EXP-11564,CARTAGO,ALIMENTOS,Comisaria_2_Familia,2022,5.56,0.9,4,0,257,1
EXP-11565,RIOFRIO,SUSTANCIAS,Comisaria_1_Familia,2022,0.175,1.1,6,0,221,1
EXP-11566,PRADERA,ALIMENTOS,Juzgado_Penal_Municipal_1,2024,0.72,1.25,6,0,327,1
EXP-11567,DAGUA,HURTO_PATRIMONIAL,Comisaria_1_Familia,2022,1.3666666666666665,1.1,1,1,436,1
EXP-11568,ROLDANILLO,ALIMENTOS,Comisaria_2_Familia,2023,1.26,0.9,5,1,392,1
EXP-11569,LA VICTORIA,VIF,Juzgado_1_Familia,2022,0.1666666666666666,1.35,3,0,226,1
EXP-11570,ANSERMANUEVO,SUSTANCIAS,Comisaria_2_Familia,2020,0.2,0.9,6,0,152,0
EXP-11571,BUENAVENTURA,VIF,Juzgado_Penal_Municipal_2,2020,3.34,1.05,1,0,208,1
EXP-11572,VIJES,SUSTANCIAS,Juzgado_1_Familia,2023,0.175,1.35,2,0,304,1
EXP-11573,CALI,VIF,Juzgado_1_Familia,2024,70.34,1.35,3,0,336,0
EXP-11574,TULUA,ALIMENTOS,Comisaria_1_Familia,2024,3.34,1.1,3,0,292,1
EXP-11575,CALI,HURTO_PATRIMONIAL,Juzgado_2_Familia,2020,70.34,1.2,5,0,547,1
EXP-11576,ARGELIA,ALIMENTOS,Juzgado_Penal_Municipal_1,2020,0.2,1.25,9,1,499,1
EXP-11577,PALMIRA,VIF,Juzgado_2_Familia,2024,11.54,1.2,2,0,242,1
EXP-11578,CALI,ALIMENTOS,Juzgado_2_Familia,2023,70.34,1.2,7,1,707,1
EXP-11579,SEVILLA,VIF,Juzgado_3_Familia,2023,1.62,0.95,3,0,192,1
EXP-11580,GINEBRA,HURTO_PATRIMONIAL,Juzgado_1_Familia,2021,0.6,1.35,10,0,457,1
EXP-11581,BUGALAGRANDE,VIF,Comisaria_2_Familia,2023,0.2799999999999999,0.9,2,0,171,1
EXP-11582,LA UNION,VIF,Juzgado_3_Familia,2022,0.575,0.95,2,0,191,1
EXP-11583,PALMIRA,VIF,Juzgado_Penal_Municipal_2,2023,11.54,1.05,10,0,297,1
EXP-11584,JAMUNDI,SUSTANCIAS,Juzgado_2_Familia,2023,2.64,1.2,4,0,265,1
EXP-11585,EL CERRITO,ALIMENTOS,Juzgado_Penal_Municipal_2,2024,1.1,1.05,1,1,435,1
EXP-11586,ZARZAL,ALIMENTOS,Juzgado_Penal_Municipal_2,2022,1.12,1.05,7,1,416,1
EXP-11587,TULUA,VIF,Juzgado_Penal_Municipal_2,2024,3.34,1.05,5,0,233,1
EXP-11588,CALIMA,ALIMENTOS,Juzgado_1_Familia,2023,0.3199999999999999,1.35,1,0,257,0
EXP-11589,GUADALAJARA DE BUGA,ALIMENTOS,Juzgado_Penal_Municipal_1,2021,6.6,1.25,2,0,344,1
EXP-11590,GUADALAJARA DE BUGA,VIF,Juzgado_Penal_Municipal_1,2024,6.6,1.25,7,0,172,0
EXP-11591,FLORIDA,VIF,Juzgado_2_Familia,2020,0.8,1.2,9,0,258,1
EXP-11592,CALI,ALIMENTOS,Juzgado_Penal_Municipal_2,2021,70.34,1.05,5,0,482,1
EXP-11593,CARTAGO,SUSTANCIAS,Juzgado_1_Familia,2020,5.56,1.35,3,0,305,1
EXP-11594,CALI,HURTO_PATRIMONIAL,Juzgado_Penal_Municipal_1,2024,70.34,1.25,5,0,575,1
EXP-11595,BUGALAGRANDE,HURTO_PATRIMONIAL,Juzgado_Penal_Municipal_2,2021,0.2799999999999999,1.05,5,0,338,1
EXP-11596,CANDELARIA,HURTO_PATRIMONIAL,Juzgado_2_Familia,2023,3.08,1.2,7,1,549,1
EXP-11597,ZARZAL,HURTO_PATRIMONIAL,Comisaria_2_Familia,2023,1.12,0.9,8,1,499,1
EXP-11598,VIJES,HURTO_PATRIMONIAL,Comisaria_2_Familia,2021,0.175,0.9,5,0,270,1
EXP-11599,BUENAVENTURA,VIF,Juzgado_Penal_Municipal_2,2024,3.34,1.05,9,0,247,1
EXP-11600,BUENAVENTURA,VIF,Juzgado_Penal_Municipal_1,2021,3.34,1.25,3,0,264,1
EXP-11601,CANDELARIA,ALIMENTOS,Comisaria_1_Familia,2024,3.08,1.1,1,0,276,1
EXP-11602,YUMBO,VIF,Juzgado_1_Familia,2022,3.5,1.35,4,0,262,1
EXP-11603,PALMIRA,VIF,Juzgado_3_Familia,2024,11.54,0.95,2,0,216,1
EXP-11604,JAMUNDI,VIF,Juzgado_3_Familia,2024,2.64,0.95,14,0,311,1
EXP-11605,PALMIRA,VIF,Juzgado_3_Familia,2023,11.54,0.95,5,0,218,1
EXP-11606,BOLIVAR,HURTO_PATRIMONIAL,Juzgado_Penal_Municipal_1,2023,0.2333333333333333,1.25,1,1,487,1
EXP-11607,PALMIRA,VIF,Comisaria_2_Familia,2023,11.54,0.9,2,0,214,1
EXP-11608,CARTAGO,ALIMENTOS,Comisaria_2_Familia,2021,5.56,0.9,6,0,184,0
EXP-11609,TULUA,VIF,Juzgado_Penal_Municipal_1,2024,3.34,1.25,9,0,282,1
EXP-11610,PALMIRA,ALIMENTOS,Comisaria_2_Familia,2020,11.54,0.9,3,0,244,1
EXP-11611,BUENAVENTURA,HURTO_PATRIMONIAL,Comisaria_2_Familia,2024,3.34,0.9,7,1,419,1
EXP-11612,OBANDO,ALIMENTOS,Juzgado_Penal_Municipal_1,2022,0.38,1.25,2,0,162,0
EXP-11613,EL DOVIO,HURTO_PATRIMONIAL,Juzgado_2_Familia,2020,0.1,1.2,4,0,372,1
EXP-11614,ROLDANILLO,ALIMENTOS,Comisaria_1_Familia,2020,1.26,1.1,5,0,320,1
EXP-11615,PALMIRA,ALIMENTOS,Comisaria_2_Familia,2024,11.54,0.9,2,1,426,1
EXP-11616,CARTAGO,VIF,Juzgado_Penal_Municipal_2,2020,5.56,1.05,5,0,209,1
EXP-11617,RIOFRIO,ALIMENTOS,Comisaria_2_Familia,2022,0.175,0.9,5,1,364,1
EXP-11618,BUENAVENTURA,VIF,Juzgado_Penal_Municipal_2,2021,3.34,1.05,4,0,233,1
EXP-11619,PALMIRA,ALIMENTOS,Juzgado_3_Familia,2023,11.54,0.95,1,0,243,1
EXP-11620,LA CUMBRE,ALIMENTOS,Juzgado_Penal_Municipal_2,2023,0.24,1.05,3,0,195,0
EXP-11621,VIJES,HURTO_PATRIMONIAL,Comisaria_1_Familia,2024,0.175,1.1,2,1,297,0
EXP-11622,SEVILLA,VIF,Juzgado_Penal_Municipal_1,2023,1.62,1.25,1,0,206,1
EXP-11623,CAICEDONIA,HURTO_PATRIMONIAL,Juzgado_1_Familia,2023,1.28,1.35,1,0,364,1
EXP-11624,VERSALLES,ALIMENTOS,Comisaria_1_Familia,2022,0.1333333333333333,1.1,27,0,427,1
EXP-11625,SAN PEDRO,ALIMENTOS,Juzgado_Penal_Municipal_1,2023,0.3,1.25,6,0,186,0
EXP-11626,JAMUNDI,VIF,Comisaria_2_Familia,2023,2.64,0.9,1,0,176,1
EXP-11627,ROLDANILLO,SUSTANCIAS,Comisaria_2_Familia,2024,1.26,0.9,4,0,216,1
EXP-11628,CAICEDONIA,HURTO_PATRIMONIAL,Juzgado_2_Familia,2021,1.28,1.2,6,0,356,1
EXP-11629,FLORIDA,VIF,Juzgado_Penal_Municipal_1,2023,0.8,1.25,3,0,240,1
EXP-11630,CALI,ALIMENTOS,Comisaria_2_Familia,2022,70.34,0.9,8,1,602,1
EXP-11631,CALI,ALIMENTOS,Comisaria_2_Familia,2022,70.34,0.9,1,0,392,0
EXP-11632,EL AGUILA,ALIMENTOS,Comisaria_2_Familia,2023,0.1666666666666666,0.9,7,1,420,1
EXP-11633,CANDELARIA,SUSTANCIAS,Juzgado_2_Familia,2020,3.08,1.2,9,0,332,1
EXP-11634,CALI,HURTO_PATRIMONIAL,Comisaria_1_Familia,2022,70.34,1.1,10,0,631,1
EXP-11635,VERSALLES,ALIMENTOS,Comisaria_2_Familia,2024,0.1333333333333333,0.9,14,0,241,0
EXP-11636,PALMIRA,ALIMENTOS,Juzgado_Penal_Municipal_2,2023,11.54,1.05,3,0,335,1
EXP-11637,SIN_DATO,VIF,Juzgado_1_Familia,2021,2.2,1.35,8,0,297,1
EXP-11638,BUENAVENTURA,ALIMENTOS,Juzgado_1_Familia,2022,3.34,1.35,1,0,281,1
EXP-11639,BOLIVAR,VIF,Comisaria_1_Familia,2023,0.2333333333333333,1.1,2,0,186,0
EXP-11640,FLORIDA,VIF,Comisaria_2_Familia,2023,0.8,0.9,7,0,244,1
EXP-11641,CARTAGO,HURTO_PATRIMONIAL,Juzgado_1_Familia,2024,5.56,1.35,1,0,239,0
EXP-11642,SEVILLA,ALIMENTOS,Juzgado_2_Familia,2023,1.62,1.2,4,0,287,1
EXP-11643,BUGALAGRANDE,ALIMENTOS,Juzgado_3_Familia,2023,0.2799999999999999,0.95,8,1,434,1
EXP-11644,LA UNION,ALIMENTOS,Comisaria_2_Familia,2023,0.575,0.9,5,0,240,1
EXP-11645,YUMBO,SUSTANCIAS,Juzgado_Penal_Municipal_1,2022,3.5,1.25,5,0,311,1
EXP-11646,EL DOVIO,HURTO_PATRIMONIAL,Comisaria_2_Familia,2022,0.1,0.9,4,1,406,1
EXP-11647,GUADALAJARA DE BUGA,HURTO_PATRIMONIAL,Juzgado_1_Familia,2021,6.6,1.35,2,0,384,1
EXP-11648,ALCALA,VIF,Juzgado_Penal_Municipal_2,2023,0.22,1.05,6,0,220,1
EXP-11649,TORO,ALIMENTOS,Comisaria_2_Familia,2024,0.1333333333333333,0.9,2,0,250,1
EXP-11650,CALI,SUSTANCIAS,Juzgado_Penal_Municipal_2,2024,70.34,1.05,1,0,401,1
EXP-11651,CALI,VIF,Comisaria_1_Familia,2020,70.34,1.1,4,0,411,1
EXP-11652,CARTAGO,HURTO_PATRIMONIAL,Juzgado_1_Familia,2020,5.56,1.35,6,0,203,0
EXP-11653,CARTAGO,ALIMENTOS,Comisaria_1_Familia,2023,5.56,1.1,8,0,320,1
EXP-11654,PALMIRA,HURTO_PATRIMONIAL,Juzgado_Penal_Municipal_2,2022,11.54,1.05,5,0,327,1
EXP-11655,SAN PEDRO,VIF,Comisaria_1_Familia,2024,0.3,1.1,4,0,204,1
EXP-11656,CALI,SUSTANCIAS,Juzgado_Penal_Municipal_1,2022,70.34,1.25,8,0,516,1
EXP-11657,DAGUA,SUSTANCIAS,Juzgado_2_Familia,2023,1.3666666666666665,1.2,12,0,326,1
EXP-11658,LA UNION,VIF,Juzgado_3_Familia,2024,0.575,0.95,8,0,236,1
EXP-11659,CALI,SUSTANCIAS,Juzgado_1_Familia,2022,70.34,1.35,17,0,626,1
EXP-11660,CALI,ALIMENTOS,Juzgado_2_Familia,2021,70.34,1.2,2,0,526,1
EXP-11661,GINEBRA,ALIMENTOS,Juzgado_1_Familia,2024,0.6,1.35,4,0,352,1
EXP-11662,CALI,VIF,Juzgado_1_Familia,2023,70.34,1.35,6,0,519,1
EXP-11663,CALI,VIF,Juzgado_Penal_Municipal_1,2024,70.34,1.25,1,0,452,1
EXP-11664,CALI,ALIMENTOS,Juzgado_1_Familia,2023,70.34,1.35,6,1,712,1
EXP-11665,SIN_DATO,ALIMENTOS,Juzgado_3_Familia,2021,2.2,0.95,1,1,307,0
EXP-11666,BUGALAGRANDE,ALIMENTOS,Comisaria_2_Familia,2022,0.2799999999999999,0.9,2,1,341,1
EXP-11667,CALI,ALIMENTOS,Juzgado_1_Familia,2021,70.34,1.35,1,0,536,1
EXP-11668,CALI,HURTO_PATRIMONIAL,Juzgado_1_Familia,2024,70.34,1.35,2,0,493,0
EXP-11669,OBANDO,HURTO_PATRIMONIAL,Juzgado_3_Familia,2023,0.38,0.95,3,1,390,0
EXP-11670,EL CERRITO,VIF,Juzgado_2_Familia,2021,1.1,1.2,1,0,213,1
EXP-11671,ZARZAL,ALIMENTOS,Juzgado_1_Familia,2022,1.12,1.35,1,0,374,1
EXP-11672,CALI,ALIMENTOS,Juzgado_1_Familia,2021,70.34,1.35,4,0,356,0
EXP-11673,CALI,VIF,Juzgado_1_Familia,2024,70.34,1.35,8,0,525,1
EXP-11674,CALI,VIF,Juzgado_1_Familia,2022,70.34,1.35,10,0,516,1
EXP-11675,GUADALAJARA DE BUGA,HURTO_PATRIMONIAL,Juzgado_2_Familia,2023,6.6,1.2,1,0,280,0
EXP-11676,LA VICTORIA,VIF,Juzgado_2_Familia,2023,0.1666666666666666,1.2,10,0,311,1
EXP-11677,YUMBO,ALIMENTOS,Juzgado_3_Familia,2021,3.5,0.95,2,1,397,1
EXP-11678,PALMIRA,VIF,Juzgado_1_Familia,2023,11.54,1.35,4,0,315,1
EXP-11679,CALI,ALIMENTOS,Juzgado_Penal_Municipal_2,2023,70.34,1.05,1,0,451,1
EXP-11680,VIJES,ALIMENTOS,Juzgado_Penal_Municipal_1,2022,0.175,1.25,1,0,273,1
EXP-11681,CARTAGO,VIF,Juzgado_2_Familia,2021,5.56,1.2,2,0,253,1
EXP-11682,ZARZAL,VIF,Comisaria_2_Familia,2023,1.12,0.9,7,0,209,1
EXP-11683,PALMIRA,VIF,Comisaria_1_Familia,2022,11.54,1.1,4,0,250,1
EXP-11684,BUENAVENTURA,VIF,Comisaria_1_Familia,2022,3.34,1.1,1,0,251,1
EXP-11685,EL CERRITO,ALIMENTOS,Comisaria_1_Familia,2024,1.1,1.1,6,1,440,1
EXP-11686,CAICEDONIA,VIF,Juzgado_3_Familia,2020,1.28,0.95,2,0,79,0
EXP-11687,CALI,ALIMENTOS,Juzgado_Penal_Municipal_1,2022,70.34,1.25,5,1,675,1
EXP-11688,PALMIRA,HURTO_PATRIMONIAL,Juzgado_Penal_Municipal_1,2020,11.54,1.25,2,0,369,1
EXP-11689,CALI,HURTO_PATRIMONIAL,Juzgado_2_Familia,2020,70.34,1.2,1,0,319,0
EXP-11690,TULUA,HURTO_PATRIMONIAL,Juzgado_1_Familia,2022,3.34,1.35,2,0,220,0
EXP-11691,LA CUMBRE,SUSTANCIAS,Comisaria_1_Familia,2022,0.24,1.1,7,0,285,1
EXP-11692,PALMIRA,VIF,Comisaria_2_Familia,2022,11.54,0.9,4,0,244,1
EXP-11693,ZARZAL,SUSTANCIAS,Juzgado_Penal_Municipal_2,2022,1.12,1.05,4,0,112,0
EXP-11694,GUACARI,VIF,Comisaria_1_Familia,2023,1.48,1.1,6,0,252,1
EXP-11695,PALMIRA,ALIMENTOS,Juzgado_1_Familia,2024,11.54,1.35,10,1,449,0
EXP-11696,GUACARI,HURTO_PATRIMONIAL,Juzgado_2_Familia,2020,1.48,1.2,1,1,502,1
EXP-11697,CALIMA,ALIMENTOS,Comisaria_1_Familia,2024,0.3199999999999999,1.1,1,0,295,1
EXP-11698,BUENAVENTURA,ALIMENTOS,Juzgado_1_Familia,2024,3.34,1.35,9,1,522,1
EXP-11699,RIOFRIO,VIF,Juzgado_Penal_Municipal_2,2020,0.175,1.05,3,0,205,1
EXP-11700,VIJES,VIF,Comisaria_2_Familia,2020,0.175,0.9,1,0,159,1
EXP-11701,CALI,VIF,Juzgado_Penal_Municipal_2,2024,70.34,1.05,4,0,435,1
EXP-11702,PRADERA,ALIMENTOS,Juzgado_3_Familia,2021,0.72,0.95,2,0,260,1
EXP-11703,CANDELARIA,ALIMENTOS,Juzgado_1_Familia,2023,3.08,1.35,1,0,338,1
EXP-11704,PALMIRA,SUSTANCIAS,Comisaria_2_Familia,2021,11.54,0.9,9,0,287,1
EXP-11705,BUENAVENTURA,VIF,Juzgado_3_Familia,2024,3.34,0.95,2,0,204,1
EXP-11706,CANDELARIA,VIF,Juzgado_Penal_Municipal_1,2024,3.08,1.25,3,0,274,1
EXP-11707,CALI,VIF,Juzgado_3_Familia,2024,70.34,0.95,1,0,377,1
EXP-11708,JAMUNDI,VIF,Juzgado_1_Familia,2024,2.64,1.35,5,0,262,1
EXP-11709,ROLDANILLO,VIF,Juzgado_2_Familia,2023,1.26,1.2,5,0,278,1
EXP-11710,OBANDO,HURTO_PATRIMONIAL,Comisaria_2_Familia,2024,0.38,0.9,1,0,277,1
EXP-11711,YUMBO,VIF,Juzgado_Penal_Municipal_2,2023,3.5,1.05,11,0,272,1
EXP-11712,SIN_DATO,ALIMENTOS,Comisaria_1_Familia,2024,2.2,1.1,2,0,289,1
EXP-11713,GUACARI,ALIMENTOS,Juzgado_2_Familia,2022,1.48,1.2,2,0,262,1
EXP-11714,CANDELARIA,VIF,Juzgado_2_Familia,2024,3.08,1.2,1,0,229,1
EXP-11715,GUACARI,ALIMENTOS,Juzgado_Penal_Municipal_2,2023,1.48,1.05,9,1,439,1
EXP-11716,SIN_DATO,VIF,Juzgado_Penal_Municipal_2,2024,2.2,1.05,2,0,215,1
EXP-11717,ZARZAL,VIF,Juzgado_Penal_Municipal_2,2023,1.12,1.05,6,0,261,1
EXP-11718,CARTAGO,SUSTANCIAS,Juzgado_3_Familia,2022,5.56,0.95,3,0,167,0
EXP-11719,SIN_DATO,VIF,Comisaria_2_Familia,2024,2.2,0.9,6,0,230,1
EXP-11720,CALI,VIF,Juzgado_2_Familia,2022,70.34,1.2,2,0,440,1
EXP-11721,CANDELARIA,ALIMENTOS,Comisaria_2_Familia,2023,3.08,0.9,17,1,510,1
EXP-11722,LA VICTORIA,ALIMENTOS,Comisaria_2_Familia,2021,0.1666666666666666,0.9,7,0,269,1
EXP-11723,CALI,HURTO_PATRIMONIAL,Juzgado_Penal_Municipal_1,2021,70.34,1.25,3,0,578,1
EXP-11724,GINEBRA,ALIMENTOS,Juzgado_2_Familia,2022,0.6,1.2,12,0,391,1
EXP-11725,YOTOCO,VIF,Juzgado_Penal_Municipal_2,2023,0.58,1.05,1,0,220,1
EXP-11726,RIOFRIO,ALIMENTOS,Comisaria_1_Familia,2023,0.175,1.1,2,1,253,0
EXP-11727,GUADALAJARA DE BUGA,VIF,Comisaria_2_Familia,2020,6.6,0.9,4,0,212,1
EXP-11728,GUACARI,SUSTANCIAS,Juzgado_2_Familia,2023,1.48,1.2,9,0,323,1
EXP-11729,PRADERA,VIF,Juzgado_Penal_Municipal_2,2024,0.72,1.05,2,0,128,0
EXP-11730,CAICEDONIA,ALIMENTOS,Juzgado_1_Familia,2024,1.28,1.35,6,0,282,0
EXP-11731,CARTAGO,VIF,Juzgado_Penal_Municipal_2,2022,5.56,1.05,4,0,216,1
EXP-11732,SAN PEDRO,VIF,Juzgado_2_Familia,2024,0.3,1.2,11,0,304,1
EXP-11733,ROLDANILLO,HURTO_PATRIMONIAL,Juzgado_Penal_Municipal_2,2020,1.26,1.05,8,0,353,1
EXP-11734,CAICEDONIA,ALIMENTOS,Juzgado_Penal_Municipal_2,2023,1.28,1.05,4,0,321,1
EXP-11735,GUADALAJARA DE BUGA,HURTO_PATRIMONIAL,Juzgado_Penal_Municipal_1,2024,6.6,1.25,3,0,258,0
EXP-11736,ARGELIA,ALIMENTOS,Juzgado_Penal_Municipal_2,2022,0.2,1.05,8,1,429,1
EXP-11737,LA CUMBRE,VIF,Juzgado_3_Familia,2022,0.24,0.95,9,0,225,1
EXP-11738,CALI,ALIMENTOS,Comisaria_1_Familia,2023,70.34,1.1,7,0,527,1
EXP-11739,TORO,HURTO_PATRIMONIAL,Juzgado_1_Familia,2022,0.1333333333333333,1.35,6,0,424,1
EXP-11740,ZARZAL,ALIMENTOS,Juzgado_1_Familia,2020,1.12,1.35,4,1,499,1
EXP-11741,GUACARI,VIF,Juzgado_Penal_Municipal_2,2021,1.48,1.05,6,0,221,1
EXP-11742,SEVILLA,ALIMENTOS,Juzgado_3_Familia,2023,1.62,0.95,1,0,246,1
EXP-11743,PALMIRA,VIF,Juzgado_1_Familia,2022,11.54,1.35,6,0,325,1
EXP-11744,OBANDO,HURTO_PATRIMONIAL,Juzgado_2_Familia,2021,0.38,1.2,2,0,320,1
EXP-11745,CARTAGO,VIF,Comisaria_1_Familia,2021,5.56,1.1,2,0,219,1
EXP-11746,CAICEDONIA,ALIMENTOS,Juzgado_Penal_Municipal_2,2020,1.28,1.05,1,1,418,1
EXP-11747,CANDELARIA,ALIMENTOS,Comisaria_1_Familia,2022,3.08,1.1,9,0,371,1
EXP-11748,JAMUNDI,SUSTANCIAS,Juzgado_1_Familia,2024,2.64,1.35,1,0,260,1
EXP-11749,RIOFRIO,ALIMENTOS,Juzgado_Penal_Municipal_2,2024,0.175,1.05,10,1,474,1
EXP-11750,OBANDO,HURTO_PATRIMONIAL,Comisaria_2_Familia,2023,0.38,0.9,2,0,185,1
EXP-11751,OBANDO,VIF,Juzgado_1_Familia,2020,0.38,1.35,4,0,288,1
EXP-11752,VERSALLES,ALIMENTOS,Comisaria_1_Familia,2024,0.1333333333333333,1.1,3,0,317,1
EXP-11753,SAN PEDRO,VIF,Juzgado_Penal_Municipal_1,2022,0.3,1.25,3,0,179,0
EXP-11754,LA UNION,ALIMENTOS,Juzgado_Penal_Municipal_1,2020,0.575,1.25,8,0,374,1
EXP-11755,VIJES,ALIMENTOS,Juzgado_Penal_Municipal_1,2024,0.175,1.25,7,1,204,0
EXP-11756,CALI,HURTO_PATRIMONIAL,Juzgado_2_Familia,2024,70.34,1.2,4,0,572,1
EXP-11757,DAGUA,ALIMENTOS,Juzgado_3_Familia,2020,1.3666666666666665,0.95,2,0,258,1
EXP-11758,CANDELARIA,ALIMENTOS,Juzgado_Penal_Municipal_1,2024,3.08,1.25,8,1,505,1
EXP-11759,DAGUA,ALIMENTOS,Juzgado_3_Familia,2023,1.3666666666666665,0.95,8,1,458,1
EXP-11760,EL AGUILA,VIF,Comisaria_1_Familia,2022,0.1666666666666666,1.1,6,0,152,0
EXP-11761,GUADALAJARA DE BUGA,SUSTANCIAS,Juzgado_3_Familia,2022,6.6,0.95,1,0,218,1
EXP-11762,ZARZAL,ALIMENTOS,Juzgado_Penal_Municipal_1,2023,1.12,1.25,11,0,419,1
EXP-11763,PALMIRA,VIF,Juzgado_Penal_Municipal_1,2021,11.54,1.25,1,0,157,0
EXP-11764,BUENAVENTURA,SUSTANCIAS,Comisaria_2_Familia,2024,3.34,0.9,4,0,172,0
EXP-11765,FLORIDA,VIF,Juzgado_Penal_Municipal_2,2023,0.8,1.05,2,0,189,1
EXP-11766,SEVILLA,HURTO_PATRIMONIAL,Comisaria_1_Familia,2020,1.62,1.1,8,0,333,1
EXP-11767,CALI,HURTO_PATRIMONIAL,Juzgado_Penal_Municipal_2,2022,70.34,1.05,2,0,506,1
EXP-11768,CARTAGO,ALIMENTOS,Juzgado_1_Familia,2023,5.56,1.35,8,0,399,1
EXP-11769,CARTAGO,HURTO_PATRIMONIAL,Juzgado_3_Familia,2024,5.56,0.95,3,0,310,1
EXP-11770,GUADALAJARA DE BUGA,ALIMENTOS,Juzgado_Penal_Municipal_2,2021,6.6,1.05,6,0,343,1
EXP-11771,CARTAGO,ALIMENTOS,Juzgado_Penal_Municipal_1,2022,5.56,1.25,5,0,356,1
EXP-11772,CALI,ALIMENTOS,Juzgado_2_Familia,2021,70.34,1.2,1,0,493,1
EXP-11773,CANDELARIA,VIF,Juzgado_2_Familia,2022,3.08,1.2,2,0,249,1
EXP-11774,CALI,HURTO_PATRIMONIAL,Juzgado_3_Familia,2023,70.34,0.95,1,0,478,1
EXP-11775,ZARZAL,VIF,Juzgado_3_Familia,2024,1.12,0.95,5,0,196,1
EXP-11776,SAN PEDRO,VIF,Juzgado_Penal_Municipal_1,2024,0.3,1.25,1,0,244,1
EXP-11777,ROLDANILLO,HURTO_PATRIMONIAL,Comisaria_1_Familia,2023,1.26,1.1,7,0,365,1
EXP-11778,CAICEDONIA,ALIMENTOS,Comisaria_2_Familia,2022,1.28,0.9,6,1,418,1
EXP-11779,GUADALAJARA DE BUGA,VIF,Comisaria_1_Familia,2024,6.6,1.1,3,0,270,1
EXP-11780,BUENAVENTURA,HURTO_PATRIMONIAL,Juzgado_3_Familia,2023,3.34,0.95,3,0,258,1
EXP-11781,DAGUA,ALIMENTOS,Juzgado_1_Familia,2023,1.3666666666666665,1.35,7,0,373,1
EXP-11782,JAMUNDI,HURTO_PATRIMONIAL,Comisaria_2_Familia,2023,2.64,0.9,3,1,412,1
EXP-11783,LA UNION,SUSTANCIAS,Juzgado_1_Familia,2022,0.575,1.35,5,0,183,0
EXP-11784,OBANDO,SUSTANCIAS,Comisaria_2_Familia,2024,0.38,0.9,1,0,153,0
EXP-11785,CALI,HURTO_PATRIMONIAL,Comisaria_2_Familia,2023,70.34,0.9,2,1,376,0
EXP-11786,CALI,ALIMENTOS,Juzgado_Penal_Municipal_2,2024,70.34,1.05,2,0,244,0
EXP-11787,BUENAVENTURA,VIF,Comisaria_2_Familia,2022,3.34,0.9,6,0,222,1
EXP-11788,EL AGUILA,VIF,Juzgado_2_Familia,2023,0.1666666666666666,1.2,4,0,203,0
EXP-11789,TULUA,ALIMENTOS,Juzgado_3_Familia,2021,3.34,0.95,7,0,290,1
EXP-11790,CALI,VIF,Juzgado_Penal_Municipal_1,2020,70.34,1.25,4,0,447,1
EXP-11791,CALIMA,VIF,Juzgado_2_Familia,2024,0.3199999999999999,1.2,2,0,235,1
EXP-11792,CALI,ALIMENTOS,Juzgado_Penal_Municipal_2,2020,70.34,1.05,4,0,522,1
EXP-11793,ARGELIA,ALIMENTOS,Juzgado_Penal_Municipal_2,2023,0.2,1.05,1,0,260,1
EXP-11794,CALI,VIF,Comisaria_2_Familia,2021,70.34,0.9,13,0,440,1
EXP-11795,GUADALAJARA DE BUGA,HURTO_PATRIMONIAL,Comisaria_2_Familia,2020,6.6,0.9,7,0,338,1
EXP-11796,CANDELARIA,SUSTANCIAS,Juzgado_Penal_Municipal_2,2024,3.08,1.05,2,0,263,1
EXP-11797,CALI,ALIMENTOS,Comisaria_1_Familia,2023,70.34,1.1,5,0,577,1
EXP-11798,EL AGUILA,ALIMENTOS,Juzgado_3_Familia,2023,0.1666666666666666,0.95,2,0,255,1
EXP-11799,RESTREPO,ALIMENTOS,Comisaria_2_Familia,2021,0.24,0.9,1,0,224,1
EXP-11800,CALI,ALIMENTOS,Juzgado_2_Familia,2024,70.34,1.2,5,0,556,1
EXP-11801,CARTAGO,HURTO_PATRIMONIAL,Comisaria_2_Familia,2023,5.56,0.9,1,1,361,1
EXP-11802,CALI,VIF,Juzgado_2_Familia,2022,70.34,1.2,2,0,365,0
EXP-11803,TULUA,ALIMENTOS,Juzgado_Penal_Municipal_2,2022,3.34,1.05,1,0,301,1
EXP-11804,DAGUA,SUSTANCIAS,Juzgado_Penal_Municipal_1,2022,1.3666666666666665,1.25,6,0,153,0
EXP-11805,GUACARI,HURTO_PATRIMONIAL,Comisaria_1_Familia,2020,1.48,1.1,1,0,313,1
EXP-11806,CALI,ALIMENTOS,Comisaria_2_Familia,2024,70.34,0.9,8,0,520,1
EXP-11807,PALMIRA,VIF,Juzgado_Penal_Municipal_2,2024,11.54,1.05,1,0,212,1
EXP-11808,YUMBO,VIF,Comisaria_1_Familia,2022,3.5,1.1,3,0,217,1
EXP-11809,TRUJILLO,VIF,Juzgado_1_Familia,2023,0.225,1.35,1,0,221,1
EXP-11810,GUADALAJARA DE BUGA,HURTO_PATRIMONIAL,Comisaria_2_Familia,2022,6.6,0.9,1,1,420,1
EXP-11811,CANDELARIA,SUSTANCIAS,Comisaria_1_Familia,2024,3.08,1.1,4,0,266,1
EXP-11812,CALI,ALIMENTOS,Comisaria_1_Familia,2023,70.34,1.1,7,1,658,1
EXP-11813,CALI,ALIMENTOS,Juzgado_2_Familia,2023,70.34,1.2,10,0,614,1
EXP-11814,BOLIVAR,HURTO_PATRIMONIAL,Juzgado_2_Familia,2023,0.2333333333333333,1.2,7,1,374,0
EXP-11815,CARTAGO,VIF,Comisaria_2_Familia,2022,5.56,0.9,6,0,109,0
EXP-11816,CAICEDONIA,ALIMENTOS,Juzgado_3_Familia,2024,1.28,0.95,6,1,340,0
EXP-11817,CALI,HURTO_PATRIMONIAL,Comisaria_1_Familia,2021,70.34,1.1,1,0,521,1
EXP-11818,GUADALAJARA DE BUGA,VIF,Comisaria_1_Familia,2024,6.6,1.1,2,0,240,1
EXP-11819,TORO,VIF,Juzgado_1_Familia,2024,0.1333333333333333,1.35,3,0,272,1
EXP-11820,SAN PEDRO,ALIMENTOS,Juzgado_2_Familia,2023,0.3,1.2,6,1,496,1
EXP-11821,TULUA,VIF,Comisaria_1_Familia,2021,3.34,1.1,6,0,237,1
EXP-11822,CARTAGO,HURTO_PATRIMONIAL,Comisaria_2_Familia,2021,5.56,0.9,1,0,309,1
EXP-11823,CALI,ALIMENTOS,Juzgado_1_Familia,2024,70.34,1.35,3,0,566,1
EXP-11824,RESTREPO,VIF,Juzgado_2_Familia,2021,0.24,1.2,1,0,217,1
EXP-11825,CANDELARIA,ALIMENTOS,Juzgado_2_Familia,2024,3.08,1.2,4,0,335,1
EXP-11826,DAGUA,VIF,Juzgado_Penal_Municipal_2,2023,1.3666666666666665,1.05,5,0,175,0
EXP-11827,CANDELARIA,VIF,Juzgado_1_Familia,2024,3.08,1.35,1,0,263,1
EXP-11828,CALI,VIF,Juzgado_2_Familia,2020,70.34,1.2,2,0,442,1
EXP-11829,BUGALAGRANDE,HURTO_PATRIMONIAL,Juzgado_3_Familia,2021,0.2799999999999999,0.95,4,0,303,1
EXP-11830,CALI,VIF,Juzgado_Penal_Municipal_2,2021,70.34,1.05,4,0,363,0
EXP-11831,CALI,HURTO_PATRIMONIAL,Juzgado_Penal_Municipal_2,2022,70.34,1.05,2,0,521,1
EXP-11832,LA UNION,HURTO_PATRIMONIAL,Juzgado_Penal_Municipal_1,2024,0.575,1.25,4,0,149,0
EXP-11833,ANSERMANUEVO,ALIMENTOS,Juzgado_Penal_Municipal_2,2024,0.2,1.05,4,1,333,0
EXP-11834,GUADALAJARA DE BUGA,VIF,Comisaria_1_Familia,2022,6.6,1.1,5,0,255,1
EXP-11835,CALI,ALIMENTOS,Juzgado_Penal_Municipal_2,2020,70.34,1.05,6,1,611,1
EXP-11836,CAICEDONIA,ALIMENTOS,Comisaria_2_Familia,2022,1.28,0.9,6,1,422,1
EXP-11837,CARTAGO,HURTO_PATRIMONIAL,Comisaria_2_Familia,2020,5.56,0.9,2,0,266,1
EXP-11838,GUACARI,ALIMENTOS,Juzgado_1_Familia,2023,1.48,1.35,1,1,474,1
EXP-11839,TULUA,ALIMENTOS,Juzgado_2_Familia,2024,3.34,1.2,6,0,364,1
EXP-11840,CALI,VIF,Comisaria_1_Familia,2023,70.34,1.1,3,0,409,1
EXP-11841,SAN PEDRO,HURTO_PATRIMONIAL,Juzgado_1_Familia,2024,0.3,1.35,6,0,441,1
EXP-11842,CANDELARIA,HURTO_PATRIMONIAL,Juzgado_2_Familia,2024,3.08,1.2,2,0,196,0
EXP-11843,CAICEDONIA,HURTO_PATRIMONIAL,Juzgado_3_Familia,2024,1.28,0.95,5,0,177,0
EXP-11844,CARTAGO,HURTO_PATRIMONIAL,Comisaria_2_Familia,2023,5.56,0.9,7,1,417,1
EXP-11845,CAICEDONIA,HURTO_PATRIMONIAL,Juzgado_2_Familia,2023,1.28,1.2,1,0,332,1
EXP-11846,PALMIRA,SUSTANCIAS,Juzgado_1_Familia,2024,11.54,1.35,6,0,374,1
EXP-11847,ALCALA,ALIMENTOS,Juzgado_2_Familia,2021,0.22,1.2,4,0,305,1
EXP-11848,ROLDANILLO,ALIMENTOS,Comisaria_2_Familia,2023,1.26,0.9,12,1,466,1
EXP-11849,PALMIRA,HURTO_PATRIMONIAL,Comisaria_1_Familia,2024,11.54,1.1,4,1,480,1
EXP-11850,BUENAVENTURA,HURTO_PATRIMONIAL,Comisaria_1_Familia,2023,3.34,1.1,3,0,301,1
EXP-11851,DAGUA,VIF,Juzgado_3_Familia,2023,1.3666666666666665,0.95,3,0,178,1
EXP-11852,GUADALAJARA DE BUGA,ALIMENTOS,Comisaria_1_Familia,2020,6.6,1.1,1,0,299,1
EXP-11853,CALI,ALIMENTOS,Juzgado_3_Familia,2022,70.34,0.95,4,0,454,1
EXP-11854,SAN PEDRO,HURTO_PATRIMONIAL,Comisaria_2_Familia,2024,0.3,0.9,7,0,319,1
EXP-11855,BUENAVENTURA,ALIMENTOS,Comisaria_2_Familia,2024,3.34,0.9,6,0,252,1
EXP-11856,CAICEDONIA,ALIMENTOS,Juzgado_Penal_Municipal_1,2024,1.28,1.25,7,1,496,1
EXP-11857,CALI,VIF,Juzgado_2_Familia,2024,70.34,1.2,6,0,219,0
EXP-11858,CALI,VIF,Juzgado_Penal_Municipal_2,2023,70.34,1.05,3,0,415,1
EXP-11859,CALI,ALIMENTOS,Juzgado_3_Familia,2022,70.34,0.95,1,0,461,1
EXP-11860,CALI,ALIMENTOS,Juzgado_Penal_Municipal_1,2024,70.34,1.25,6,1,695,1
EXP-11861,TULUA,VIF,Juzgado_2_Familia,2022,3.34,1.2,6,0,185,0
EXP-11862,CAICEDONIA,ALIMENTOS,Comisaria_1_Familia,2020,1.28,1.1,6,1,447,1
EXP-11863,EL AGUILA,ALIMENTOS,Juzgado_Penal_Municipal_2,2020,0.1666666666666666,1.05,3,0,261,1
EXP-11864,TULUA,ALIMENTOS,Juzgado_1_Familia,2022,3.34,1.35,3,1,456,1
EXP-11865,BUENAVENTURA,VIF,Juzgado_Penal_Municipal_1,2021,3.34,1.25,6,0,228,0
EXP-11866,EL CAIRO,ALIMENTOS,Juzgado_3_Familia,2024,0.1,0.95,5,0,279,1
EXP-11867,CALI,VIF,Juzgado_2_Familia,2023,70.34,1.2,6,0,329,0
EXP-11868,CALI,VIF,Juzgado_2_Familia,2024,70.34,1.2,2,0,448,1
EXP-11869,DAGUA,ALIMENTOS,Comisaria_2_Familia,2020,1.3666666666666665,0.9,4,0,263,1
EXP-11870,CAICEDONIA,ALIMENTOS,Comisaria_2_Familia,2022,1.28,0.9,6,0,258,1
EXP-11871,OBANDO,ALIMENTOS,Juzgado_Penal_Municipal_1,2024,0.38,1.25,4,0,313,1
EXP-11872,ZARZAL,HURTO_PATRIMONIAL,Juzgado_3_Familia,2024,1.12,0.95,3,0,271,1
EXP-11873,CAICEDONIA,ALIMENTOS,Comisaria_2_Familia,2020,1.28,0.9,9,0,270,1
EXP-11874,VIJES,ALIMENTOS,Comisaria_1_Familia,2022,0.175,1.1,15,0,201,0
EXP-11875,CARTAGO,VIF,Juzgado_Penal_Municipal_1,2020,5.56,1.25,4,0,265,1
EXP-11876,CALI,VIF,Comisaria_2_Familia,2020,70.34,0.9,4,0,394,1
EXP-11877,YOTOCO,HURTO_PATRIMONIAL,Juzgado_1_Familia,2020,0.58,1.35,5,0,452,1
EXP-11878,DAGUA,ALIMENTOS,Juzgado_Penal_Municipal_1,2024,1.3666666666666665,1.25,2,0,178,0
EXP-11879,SIN_DATO,VIF,Juzgado_Penal_Municipal_1,2024,2.2,1.25,16,0,343,1
EXP-11880,PALMIRA,SUSTANCIAS,Juzgado_1_Familia,2023,11.54,1.35,2,0,286,1
EXP-11881,GUADALAJARA DE BUGA,ALIMENTOS,Juzgado_2_Familia,2024,6.6,1.2,9,0,381,1
EXP-11882,LA VICTORIA,HURTO_PATRIMONIAL,Juzgado_1_Familia,2024,0.1666666666666666,1.35,5,0,386,1
EXP-11883,CALI,VIF,Juzgado_Penal_Municipal_1,2024,70.34,1.25,1,0,466,1
EXP-11884,GUADALAJARA DE BUGA,HURTO_PATRIMONIAL,Comisaria_1_Familia,2020,6.6,1.1,2,0,355,1
EXP-11885,CALI,HURTO_PATRIMONIAL,Juzgado_2_Familia,2021,70.34,1.2,2,0,560,1
EXP-11886,GUACARI,ALIMENTOS,Juzgado_3_Familia,2022,1.48,0.95,1,0,244,1
EXP-11887,CALI,ALIMENTOS,Juzgado_Penal_Municipal_1,2023,70.34,1.25,3,0,528,1
EXP-11888,GINEBRA,VIF,Juzgado_3_Familia,2024,0.6,0.95,3,0,200,1
EXP-11889,SEVILLA,SUSTANCIAS,Juzgado_2_Familia,2023,1.62,1.2,3,0,290,1
EXP-11890,BUENAVENTURA,VIF,Juzgado_Penal_Municipal_1,2023,3.34,1.25,14,0,331,1
EXP-11891,PRADERA,ALIMENTOS,Juzgado_Penal_Municipal_1,2023,0.72,1.25,1,0,316,1
EXP-11892,CALI,VIF,Comisaria_1_Familia,2024,70.34,1.1,2,0,433,1
EXP-11893,VERSALLES,HURTO_PATRIMONIAL,Juzgado_Penal_Municipal_1,2024,0.1333333333333333,1.25,5,0,394,1
EXP-11894,PALMIRA,ALIMENTOS,Comisaria_1_Familia,2024,11.54,1.1,1,0,332,1
EXP-11895,YUMBO,HURTO_PATRIMONIAL,Juzgado_Penal_Municipal_1,2024,3.5,1.25,2,0,380,1
EXP-11896,JAMUNDI,SUSTANCIAS,Juzgado_Penal_Municipal_1,2022,2.64,1.25,11,0,334,1
EXP-11897,ALCALA,VIF,Juzgado_3_Familia,2020,0.22,0.95,11,0,222,1
EXP-11898,VERSALLES,VIF,Juzgado_Penal_Municipal_1,2023,0.1333333333333333,1.25,7,0,289,1
EXP-11899,OBANDO,VIF,Juzgado_3_Familia,2023,0.38,0.95,9,0,247,1
EXP-11900,ANDALUCIA,ALIMENTOS,Juzgado_3_Familia,2021,0.38,0.95,4,1,360,1
EXP-11901,YOTOCO,ALIMENTOS,Comisaria_1_Familia,2024,0.58,1.1,3,1,391,0
EXP-11902,GUADALAJARA DE BUGA,HURTO_PATRIMONIAL,Juzgado_1_Familia,2020,6.6,1.35,4,1,572,1
EXP-11903,ARGELIA,ALIMENTOS,Juzgado_Penal_Municipal_1,2022,0.2,1.25,4,0,281,1
EXP-11904,RESTREPO,ALIMENTOS,Juzgado_3_Familia,2023,0.24,0.95,2,0,205,1
EXP-11905,TRUJILLO,ALIMENTOS,Juzgado_2_Familia,2023,0.225,1.2,9,1,436,1
EXP-11906,DAGUA,VIF,Juzgado_3_Familia,2020,1.3666666666666665,0.95,5,0,211,1
EXP-11907,CALI,VIF,Comisaria_2_Familia,2024,70.34,0.9,7,0,418,1
EXP-11908,SEVILLA,ALIMENTOS,Juzgado_2_Familia,2023,1.62,1.2,3,0,304,1
EXP-11909,CALI,SUSTANCIAS,Juzgado_Penal_Municipal_2,2022,70.34,1.05,2,0,420,1
EXP-11910,YUMBO,ALIMENTOS,Comisaria_2_Familia,2024,3.5,0.9,4,0,243,1
EXP-11911,YUMBO,VIF,Juzgado_1_Familia,2021,3.5,1.35,5,0,162,0
EXP-11912,CALI,HURTO_PATRIMONIAL,Juzgado_Penal_Municipal_2,2020,70.34,1.05,8,1,681,1
EXP-11913,ALCALA,ALIMENTOS,Juzgado_2_Familia,2023,0.22,1.2,9,1,484,1
EXP-11914,YUMBO,VIF,Comisaria_1_Familia,2024,3.5,1.1,2,0,253,1
EXP-11915,CARTAGO,VIF,Juzgado_Penal_Municipal_2,2024,5.56,1.05,5,0,211,1
EXP-11916,GUADALAJARA DE BUGA,VIF,Juzgado_1_Familia,2022,6.6,1.35,1,0,213,0
EXP-11917,CARTAGO,VIF,Juzgado_2_Familia,2022,5.56,1.2,8,0,293,1
EXP-11918,PALMIRA,ALIMENTOS,Juzgado_Penal_Municipal_1,2022,11.54,1.25,9,0,399,1
EXP-11919,SEVILLA,VIF,Juzgado_3_Familia,2024,1.62,0.95,2,0,196,1
EXP-11920,YOTOCO,HURTO_PATRIMONIAL,Juzgado_Penal_Municipal_1,2023,0.58,1.25,2,1,523,1
EXP-11921,PRADERA,VIF,Juzgado_1_Familia,2021,0.72,1.35,8,0,297,1
EXP-11922,CALI,VIF,Comisaria_1_Familia,2022,70.34,1.1,1,0,408,1
EXP-11923,CALI,ALIMENTOS,Juzgado_2_Familia,2023,70.34,1.2,3,0,532,1
EXP-11924,CALI,HURTO_PATRIMONIAL,Juzgado_3_Familia,2024,70.34,0.95,3,0,476,1
EXP-11925,GUADALAJARA DE BUGA,ALIMENTOS,Juzgado_3_Familia,2024,6.6,0.95,7,0,312,1
EXP-11926,BUENAVENTURA,ALIMENTOS,Juzgado_1_Familia,2023,3.34,1.35,2,1,461,1
EXP-11927,CALI,ALIMENTOS,Juzgado_1_Familia,2024,70.34,1.35,2,0,535,1
EXP-11928,GUACARI,VIF,Juzgado_1_Familia,2022,1.48,1.35,4,0,292,1
EXP-11929,CALI,ALIMENTOS,Juzgado_Penal_Municipal_1,2022,70.34,1.25,3,0,436,0
EXP-11930,ALCALA,VIF,Comisaria_1_Familia,2024,0.22,1.1,2,0,246,1
EXP-11931,CALI,HURTO_PATRIMONIAL,Juzgado_3_Familia,2024,70.34,0.95,1,0,503,1
EXP-11932,VIJES,VIF,Juzgado_3_Familia,2023,0.175,0.95,14,0,326,1
EXP-11933,SEVILLA,SUSTANCIAS,Juzgado_2_Familia,2023,1.62,1.2,3,0,236,1
EXP-11934,PALMIRA,VIF,Juzgado_Penal_Municipal_2,2024,11.54,1.05,3,0,263,1
EXP-11935,PALMIRA,ALIMENTOS,Comisaria_2_Familia,2021,11.54,0.9,9,0,325,1
EXP-11936,BOLIVAR,SUSTANCIAS,Juzgado_3_Familia,2023,0.2333333333333333,0.95,9,0,256,1
EXP-11937,CALI,SUSTANCIAS,Comisaria_1_Familia,2023,70.34,1.1,1,0,234,0
EXP-11938,EL CERRITO,ALIMENTOS,Juzgado_2_Familia,2023,1.1,1.2,1,0,297,1
EXP-11939,CANDELARIA,ALIMENTOS,Juzgado_3_Familia,2022,3.08,0.95,1,0,252,1
EXP-11940,CALI,HURTO_PATRIMONIAL,Juzgado_Penal_Municipal_1,2024,70.34,1.25,13,0,669,1
EXP-11941,CARTAGO,SUSTANCIAS,Juzgado_3_Familia,2021,5.56,0.95,2,0,203,1
EXP-11942,EL CERRITO,ALIMENTOS,Juzgado_3_Familia,2021,1.1,0.95,3,0,263,1
EXP-11943,BUENAVENTURA,ALIMENTOS,Juzgado_1_Familia,2022,3.34,1.35,4,1,298,0
EXP-11944,PALMIRA,VIF,Comisaria_2_Familia,2022,11.54,0.9,10,0,244,1
EXP-11945,TRUJILLO,VIF,Juzgado_Penal_Municipal_1,2022,0.225,1.25,9,0,327,1
EXP-11946,ANDALUCIA,ALIMENTOS,Juzgado_1_Familia,2023,0.38,1.35,2,1,489,1
EXP-11947,CALI,HURTO_PATRIMONIAL,Juzgado_Penal_Municipal_1,2023,70.34,1.25,3,0,584,1
EXP-11948,GUADALAJARA DE BUGA,HURTO_PATRIMONIAL,Juzgado_2_Familia,2022,6.6,1.2,6,0,365,1
EXP-11949,SIN_DATO,VIF,Juzgado_2_Familia,2023,2.2,1.2,1,0,228,1
EXP-11950,VERSALLES,ALIMENTOS,Juzgado_Penal_Municipal_2,2024,0.1333333333333333,1.05,4,0,285,1
EXP-11951,TULUA,ALIMENTOS,Juzgado_Penal_Municipal_2,2023,3.34,1.05,3,1,397,1
EXP-11952,CARTAGO,ALIMENTOS,Juzgado_Penal_Municipal_1,2024,5.56,1.25,1,0,327,1
EXP-11953,YOTOCO,ALIMENTOS,Juzgado_Penal_Municipal_1,2020,0.58,1.25,1,0,317,1
EXP-11954,GUADALAJARA DE BUGA,VIF,Juzgado_Penal_Municipal_2,2021,6.6,1.05,2,0,233,1
EXP-11955,ROLDANILLO,SUSTANCIAS,Juzgado_2_Familia,2020,1.26,1.2,6,0,269,1
EXP-11956,FLORIDA,ALIMENTOS,Juzgado_Penal_Municipal_1,2021,0.8,1.25,2,0,319,1
EXP-11957,YUMBO,SUSTANCIAS,Juzgado_Penal_Municipal_1,2020,3.5,1.25,2,0,259,1
EXP-11958,CALI,VIF,Juzgado_2_Familia,2024,70.34,1.2,4,0,445,1
EXP-11959,SEVILLA,ALIMENTOS,Juzgado_Penal_Municipal_1,2024,1.62,1.25,3,0,334,1
EXP-11960,ZARZAL,HURTO_PATRIMONIAL,Comisaria_2_Familia,2022,1.12,0.9,4,0,186,0
EXP-11961,BUENAVENTURA,HURTO_PATRIMONIAL,Juzgado_2_Familia,2023,3.34,1.2,3,0,306,1
EXP-11962,ANDALUCIA,VIF,Comisaria_1_Familia,2024,0.38,1.1,16,0,161,0
EXP-11963,CANDELARIA,HURTO_PATRIMONIAL,Juzgado_Penal_Municipal_1,2022,3.08,1.25,3,0,400,1
EXP-11964,CALI,HURTO_PATRIMONIAL,Juzgado_3_Familia,2020,70.34,0.95,12,0,515,0
EXP-11965,LA UNION,ALIMENTOS,Juzgado_Penal_Municipal_1,2021,0.575,1.25,5,0,353,1
EXP-11966,BUGALAGRANDE,VIF,Juzgado_2_Familia,2021,0.2799999999999999,1.2,1,0,211,1
EXP-11967,YUMBO,HURTO_PATRIMONIAL,Juzgado_3_Familia,2024,3.5,0.95,6,1,456,1
EXP-11968,CALI,VIF,Juzgado_Penal_Municipal_1,2024,70.34,1.25,4,0,471,1
EXP-11969,YUMBO,ALIMENTOS,Juzgado_2_Familia,2022,3.5,1.2,7,0,330,1
EXP-11970,CALI,SUSTANCIAS,Juzgado_3_Familia,2024,70.34,0.95,9,0,484,1
EXP-11971,ZARZAL,ALIMENTOS,Juzgado_Penal_Municipal_1,2024,1.12,1.25,1,0,296,1
EXP-11972,DAGUA,VIF,Comisaria_2_Familia,2023,1.3666666666666665,0.9,10,0,239,1
EXP-11973,BUENAVENTURA,ALIMENTOS,Juzgado_3_Familia,2023,3.34,0.95,1,0,235,1
EXP-11974,TRUJILLO,SUSTANCIAS,Juzgado_1_Familia,2024,0.225,1.35,12,0,370,1
EXP-11975,CALI,VIF,Juzgado_2_Familia,2022,70.34,1.2,3,0,451,1
EXP-11976,CALI,VIF,Juzgado_1_Familia,2024,70.34,1.35,2,0,476,1
EXP-11977,SIN_DATO,ALIMENTOS,Juzgado_3_Familia,2020,2.2,0.95,9,0,297,1
EXP-11978,ALCALA,HURTO_PATRIMONIAL,Comisaria_1_Familia,2024,0.22,1.1,3,0,286,1
EXP-11979,CALI,SUSTANCIAS,Juzgado_2_Familia,2022,70.34,1.2,6,0,338,0
EXP-11980,CAICEDONIA,ALIMENTOS,Juzgado_Penal_Municipal_1,2024,1.28,1.25,2,0,332,1
EXP-11981,PRADERA,ALIMENTOS,Juzgado_1_Familia,2024,0.72,1.35,11,0,405,1
EXP-11982,CANDELARIA,SUSTANCIAS,Juzgado_Penal_Municipal_1,2022,3.08,1.25,2,0,245,1
EXP-11983,ANSERMANUEVO,HURTO_PATRIMONIAL,Juzgado_1_Familia,2022,0.2,1.35,7,1,578,1
EXP-11984,CALI,ALIMENTOS,Juzgado_Penal_Municipal_1,2024,70.34,1.25,14,1,343,0
EXP-11985,CALI,ALIMENTOS,Juzgado_Penal_Municipal_2,2022,70.34,1.05,5,0,467,0
EXP-11986,YUMBO,VIF,Comisaria_1_Familia,2023,3.5,1.1,1,0,209,1
EXP-11987,TULUA,VIF,Juzgado_3_Familia,2024,3.34,0.95,3,0,228,1
EXP-11988,CARTAGO,SUSTANCIAS,Juzgado_3_Familia,2022,5.56,0.95,3,0,210,1
EXP-11989,GUADALAJARA DE BUGA,ALIMENTOS,Comisaria_1_Familia,2024,6.6,1.1,4,0,124,0
EXP-11990,TULUA,HURTO_PATRIMONIAL,Juzgado_Penal_Municipal_1,2024,3.34,1.25,9,0,417,1
EXP-11991,ROLDANILLO,ALIMENTOS,Juzgado_Penal_Municipal_1,2024,1.26,1.25,4,0,344,1
EXP-11992,CALI,VIF,Comisaria_2_Familia,2021,70.34,0.9,5,0,394,1
EXP-11993,VERSALLES,ALIMENTOS,Juzgado_2_Familia,2022,0.1333333333333333,1.2,5,0,333,1
EXP-11994,TULUA,VIF,Juzgado_Penal_Municipal_1,2024,3.34,1.25,10,0,318,1
EXP-11995,SAN PEDRO,HURTO_PATRIMONIAL,Juzgado_3_Familia,2020,0.3,0.95,4,0,350,1
EXP-11996,ZARZAL,HURTO_PATRIMONIAL,Juzgado_1_Familia,2021,1.12,1.35,3,0,348,1
EXP-11997,CALI,HURTO_PATRIMONIAL,Juzgado_Penal_Municipal_1,2023,70.34,1.25,4,0,399,0
EXP-11998,EL CERRITO,HURTO_PATRIMONIAL,Juzgado_1_Familia,2024,1.1,1.35,3,0,438,1
EXP-11999,PALMIRA,VIF,Juzgado_Penal_Municipal_2,2024,11.54,1.05,7,0,274,1
EXP-12000,CALI,ALIMENTOS,Comisaria_2_Familia,2021,70.34,0.9,4,0,440,1
