expediente_id,municipio,tipo_proceso,despacho,anio_radicacion,ivf_score,carga_despacho,n_audiencias,apelacion,duracion_dias,terminado,tipo_proceso_enc,municipio_enc,despacho_enc,duracion_estimada,p75_duracion,riesgo
EXP-02592,EL CERRITO,HURTO_PATRIMONIAL,Juzgado_1_Familia,2020,41,1.35,14,1,886,1,1,4,2,857,550.0,Alto
EXP-04600,CANDELARIA,HURTO_PATRIMONIAL,Juzgado_1_Familia,2022,48,1.35,15,1,873,1,1,2,2,842,550.0,Alto
EXP-00495,SEVILLA,HURTO_PATRIMONIAL,Juzgado_Penal_Municipal_1,2024,35,1.25,16,1,909,1,1,10,5,801,499.0,Alto
EXP-04538,EL CERRITO,HURTO_PATRIMONIAL,Juzgado_Penal_Municipal_1,2023,41,1.25,13,1,812,1,1,4,5,796,499.0,Alto
EXP-02958,PRADERA,HURTO_PATRIMONIAL,Juzgado_Penal_Municipal_1,2022,38,1.25,13,1,782,1,1,9,5,780,499.0,Alto
EXP-04934,SEVILLA,HURTO_PATRIMONIAL,Juzgado_3_Familia,2023,35,0.95,13,1,784,1,1,10,4,770,422.5,Alto
EXP-03602,JAMUNDI,HURTO_PATRIMONIAL,Comisaria_1_Familia,2024,67,1.1,14,1,837,1,1,7,0,769,440.0,Alto
EXP-04719,BUENAVENTURA,HURTO_PATRIMONIAL,Comisaria_2_Familia,2022,89,0.9,11,1,798,1,1,0,1,764,388.25,Alto
EXP-03649,PALMIRA,HURTO_PATRIMONIAL,Juzgado_Penal_Municipal_1,2024,74,1.25,12,1,746,1,1,8,5,762,499.0,Alto
EXP-04521,TULUA,HURTO_PATRIMONIAL,Comisaria_1_Familia,2023,71,1.1,13,1,798,1,1,11,0,762,440.0,Alto
EXP-00898,EL CERRITO,HURTO_PATRIMONIAL,Juzgado_Penal_Municipal_2,2023,41,1.05,12,1,791,1,1,4,6,754,409.5,Alto
EXP-04929,JAMUNDI,HURTO_PATRIMONIAL,Juzgado_Penal_Municipal_2,2024,67,1.05,12,1,765,1,1,7,6,738,409.5,Alto
EXP-00268,PALMIRA,ALIMENTOS,Juzgado_1_Familia,2023,74,1.35,12,1,740,1,0,8,2,731,482.25,Alto
EXP-04461,JAMUNDI,ALIMENTOS,Juzgado_Penal_Municipal_1,2024,67,1.25,12,1,779,1,0,7,5,730,433.0,Alto
EXP-04704,JAMUNDI,HURTO_PATRIMONIAL,Comisaria_1_Familia,2024,67,1.1,12,1,690,1,1,7,0,729,440.0,Alto
EXP-03485,FLORIDA,ALIMENTOS,Juzgado_Penal_Municipal_1,2022,44,1.25,12,1,750,1,0,5,5,727,433.0,Alto
EXP-02299,PALMIRA,HURTO_PATRIMONIAL,Comisaria_1_Familia,2022,74,1.1,12,1,721,1,1,8,0,720,440.0,Alto
EXP-01551,GUADALAJARA DE BUGA,HURTO_PATRIMONIAL,Comisaria_1_Familia,2023,53,1.1,12,1,670,1,1,6,0,713,440.0,Alto
EXP-01750,TULUA,HURTO_PATRIMONIAL,Juzgado_Penal_Municipal_2,2024,71,1.05,11,1,784,1,1,11,6,704,409.5,Alto
EXP-02997,CALI,HURTO_PATRIMONIAL,Juzgado_Penal_Municipal_2,2024,82,1.05,11,1,707,1,1,1,6,698,409.5,Alto
EXP-04980,GUADALAJARA DE BUGA,ALIMENTOS,Comisaria_1_Familia,2020,53,1.1,12,1,679,1,0,6,0,688,412.5,Alto
EXP-02953,TULUA,ALIMENTOS,Juzgado_Penal_Municipal_1,2023,71,1.25,11,1,684,1,0,11,5,686,433.0,Alto
EXP-03204,FLORIDA,HURTO_PATRIMONIAL,Comisaria_1_Familia,2024,44,1.1,11,1,681,1,1,5,0,673,440.0,Alto
EXP-03983,PALMIRA,ALIMENTOS,Juzgado_Penal_Municipal_2,2022,74,1.05,11,1,667,1,0,8,6,669,378.75,Alto
EXP-04570,PRADERA,HURTO_PATRIMONIAL,Juzgado_Penal_Municipal_2,2020,38,1.05,11,1,688,1,1,9,6,668,409.5,Alto
EXP-00120,CARTAGO,HURTO_PATRIMONIAL,Juzgado_3_Familia,2024,58,0.95,11,1,701,1,1,3,4,667,422.5,Alto
EXP-01994,CARTAGO,HURTO_PATRIMONIAL,Juzgado_3_Familia,2024,58,0.95,11,1,744,1,1,3,4,667,422.5,Alto
EXP-02794,BUENAVENTURA,ALIMENTOS,Juzgado_Penal_Municipal_1,2024,89,1.25,11,1,638,1,0,0,5,656,433.0,Alto
EXP-03189,TULUA,HURTO_PATRIMONIAL,Juzgado_Penal_Municipal_2,2023,71,1.05,10,1,677,1,1,11,6,651,409.5,Alto
EXP-02038,PALMIRA,ALIMENTOS,Juzgado_2_Familia,2022,74,1.2,10,1,648,1,0,8,3,644,410.0,Alto
EXP-01513,PALMIRA,HURTO_PATRIMONIAL,Juzgado_3_Familia,2023,74,0.95,10,1,705,1,1,8,4,643,422.5,Alto
EXP-01600,CALI,HURTO_PATRIMONIAL,Juzgado_Penal_Municipal_2,2022,82,1.05,10,1,691,1,1,1,6,641,409.5,Alto
EXP-00256,CARTAGO,HURTO_PATRIMONIAL,Juzgado_Penal_Municipal_2,2021,58,1.05,10,1,659,1,1,3,6,632,409.5,Alto
EXP-02533,YUMBO,ALIMENTOS,Comisaria_2_Familia,2020,62,0.9,10,1,686,1,0,12,1,630,341.0,Alto
EXP-02665,EL CERRITO,ALIMENTOS,Juzgado_2_Familia,2023,41,1.2,10,1,722,1,0,4,3,630,410.0,Alto
EXP-01357,BUENAVENTURA,HURTO_PATRIMONIAL,Juzgado_Penal_Municipal_2,2024,89,1.05,10,1,589,1,1,0,6,629,409.5,Alto
EXP-01654,BUENAVENTURA,HURTO_PATRIMONIAL,Juzgado_Penal_Municipal_2,2024,89,1.05,10,1,660,1,1,0,6,629,409.5,Alto
EXP-04855,JAMUNDI,ALIMENTOS,Juzgado_2_Familia,2022,67,1.2,10,1,722,1,0,7,3,628,410.0,Alto
EXP-04545,CARTAGO,ALIMENTOS,Juzgado_Penal_Municipal_2,2022,58,1.05,11,1,646,1,0,3,6,626,378.75,Alto
EXP-02931,EL CERRITO,ALIMENTOS,Comisaria_1_Familia,2023,41,1.1,10,1,638,1,0,4,0,625,412.5,Alto
EXP-00655,CALI,HURTO_PATRIMONIAL,Juzgado_Penal_Municipal_2,2024,82,1.05,10,1,516,1,1,1,6,624,409.5,Alto
EXP-03439,PALMIRA,ALIMENTOS,Comisaria_2_Familia,2023,74,0.9,10,1,660,1,0,8,1,608,341.0,Alto
EXP-00734,CARTAGO,ALIMENTOS,Juzgado_Penal_Municipal_2,2023,58,1.05,11,1,510,1,0,3,6,600,378.75,Alto
EXP-04675,TULUA,HURTO_PATRIMONIAL,Comisaria_2_Familia,2023,71,0.9,10,1,560,1,1,11,1,600,388.25,Alto
EXP-01178,PRADERA,HURTO_PATRIMONIAL,Comisaria_2_Familia,2024,38,0.9,10,1,572,1,1,9,1,592,388.25,Alto
EXP-04024,YUMBO,ALIMENTOS,Juzgado_Penal_Municipal_2,2021,62,1.05,9,1,659,1,0,12,6,587,378.75,Alto
EXP-03808,ZARZAL,ALIMENTOS,Juzgado_Penal_Municipal_2,2024,33,1.05,10,1,565,1,0,13,6,581,378.75,Alto
EXP-04331,CALI,ALIMENTOS,Juzgado_Penal_Municipal_2,2023,82,1.05,10,1,522,1,0,1,6,579,378.75,Alto
EXP-01639,JAMUNDI,ALIMENTOS,Comisaria_2_Familia,2020,67,0.9,10,1,551,1,0,7,1,573,341.0,Alto
EXP-00640,BUENAVENTURA,ALIMENTOS,Juzgado_Penal_Municipal_2,2024,89,1.05,14,0,548,0,0,0,6,570,378.75,Alto
EXP-01625,GUADALAJARA DE BUGA,ALIMENTOS,Juzgado_3_Familia,2021,53,0.95,10,1,574,1,0,6,4,570,362.0,Alto
EXP-02169,CALI,ALIMENTOS,Juzgado_3_Familia,2022,82,0.95,13,0,579,1,0,1,4,567,362.0,Alto
EXP-01708,PRADERA,ALIMENTOS,Juzgado_3_Familia,2022,38,0.95,9,1,579,1,0,9,4,561,362.0,Alto
EXP-04176,FLORIDA,ALIMENTOS,Comisaria_2_Familia,2020,44,0.9,10,1,513,1,0,5,1,561,341.0,Alto
EXP-01239,CANDELARIA,ALIMENTOS,Juzgado_3_Familia,2023,48,0.95,10,1,492,1,0,2,4,554,362.0,Alto
EXP-03110,CARTAGO,ALIMENTOS,Juzgado_3_Familia,2023,58,0.95,9,1,550,1,0,3,4,550,362.0,Alto
EXP-02590,CARTAGO,ALIMENTOS,Comisaria_2_Familia,2022,58,0.9,9,1,536,1,0,3,1,549,341.0,Alto
EXP-04995,CARTAGO,ALIMENTOS,Comisaria_2_Familia,2023,58,0.9,9,1,562,1,0,3,1,549,341.0,Alto
EXP-03517,CANDELARIA,ALIMENTOS,Comisaria_2_Familia,2021,48,0.9,9,1,613,1,0,2,1,542,341.0,Alto
EXP-01796,YUMBO,ALIMENTOS,Comisaria_2_Familia,2023,62,0.9,8,1,550,1,0,12,1,518,341.0,Alto
EXP-03872,YUMBO,ALIMENTOS,Comisaria_2_Familia,2023,62,0.9,8,1,541,1,0,12,1,518,341.0,Alto
EXP-00837,CANDELARIA,VIF,Juzgado_1_Familia,2024,48,1.35,12,0,496,1,3,2,2,499,325.75,Alto
EXP-03329,BUENAVENTURA,VIF,Juzgado_Penal_Municipal_1,2024,89,1.25,12,0,506,1,3,0,5,495,306.0,Alto
EXP-03039,BUENAVENTURA,SUSTANCIAS,Juzgado_Penal_Municipal_2,2023,89,1.05,11,0,479,1,2,0,6,471,275.0,Alto
EXP-04969,CALI,SUSTANCIAS,Juzgado_Penal_Municipal_2,2021,82,1.05,10,0,433,1,2,1,6,444,275.0,Alto
EXP-04952,BUENAVENTURA,VIF,Juzgado_Penal_Municipal_2,2020,89,1.05,9,0,475,1,3,0,6,407,268.0,Alto
EXP-00721,PALMIRA,HURTO_PATRIMONIAL,Juzgado_1_Familia,2021,74,1.35,14,1,779,1,1,8,2,798,550.0,Medio
EXP-02002,BUENAVENTURA,HURTO_PATRIMONIAL,Juzgado_1_Familia,2024,89,1.35,12,1,835,1,1,0,2,794,550.0,Medio
EXP-03900,SEVILLA,HURTO_PATRIMONIAL,Juzgado_1_Familia,2024,35,1.35,13,1,718,1,1,10,2,789,550.0,Medio
EXP-01315,JAMUNDI,HURTO_PATRIMONIAL,Juzgado_2_Familia,2024,67,1.2,14,1,908,1,1,7,3,778,542.5,Medio
EXP-01611,BUENAVENTURA,HURTO_PATRIMONIAL,Juzgado_1_Familia,2023,89,1.35,11,1,841,1,1,0,2,773,550.0,Medio
EXP-00672,EL CERRITO,HURTO_PATRIMONIAL,Juzgado_2_Familia,2022,41,1.2,12,1,716,1,1,4,3,763,542.5,Medio
EXP-00953,JAMUNDI,HURTO_PATRIMONIAL,Juzgado_1_Familia,2024,67,1.35,12,1,856,1,1,7,2,757,550.0,Medio
EXP-01384,CALI,HURTO_PATRIMONIAL,Juzgado_2_Familia,2024,82,1.2,12,1,812,1,1,1,3,755,542.5,Medio
EXP-04539,PALMIRA,HURTO_PATRIMONIAL,Juzgado_2_Familia,2021,74,1.2,12,1,799,1,1,8,3,755,542.5,Medio
EXP-03416,YUMBO,HURTO_PATRIMONIAL,Juzgado_1_Familia,2023,62,1.35,11,1,781,1,1,12,2,741,550.0,Medio
EXP-01642,ZARZAL,HURTO_PATRIMONIAL,Juzgado_Penal_Municipal_1,2022,33,1.25,13,1,719,1,1,13,5,740,499.0,Medio
EXP-01413,CARTAGO,HURTO_PATRIMONIAL,Juzgado_1_Familia,2023,58,1.35,13,1,709,1,1,3,2,736,550.0,Medio
EXP-00348,CALI,HURTO_PATRIMONIAL,Juzgado_2_Familia,2021,82,1.2,11,1,777,1,1,1,3,733,542.5,Medio
EXP-00294,CARTAGO,HURTO_PATRIMONIAL,Juzgado_2_Familia,2024,58,1.2,12,1,722,1,1,3,3,729,542.5,Medio
EXP-04289,GUADALAJARA DE BUGA,HURTO_PATRIMONIAL,Juzgado_Penal_Municipal_1,2023,53,1.25,12,1,764,1,1,6,5,729,499.0,Medio
EXP-03372,TULUA,HURTO_PATRIMONIAL,Juzgado_2_Familia,2023,71,1.2,12,1,688,1,1,11,3,728,542.5,Medio
EXP-00429,YUMBO,HURTO_PATRIMONIAL,Juzgado_2_Familia,2024,62,1.2,13,1,869,1,1,12,3,724,542.5,Medio
EXP-00912,BUENAVENTURA,HURTO_PATRIMONIAL,Juzgado_2_Familia,2021,89,1.2,11,1,660,1,1,0,3,720,542.5,Medio
EXP-04831,TULUA,ALIMENTOS,Juzgado_1_Familia,2022,71,1.35,12,1,694,1,0,11,2,719,482.25,Medio
EXP-03586,YUMBO,ALIMENTOS,Juzgado_1_Familia,2024,62,1.35,12,1,799,1,0,12,2,713,482.25,Medio
EXP-04770,JAMUNDI,ALIMENTOS,Juzgado_1_Familia,2022,67,1.35,11,1,823,1,0,7,2,712,482.25,Medio
EXP-04504,GUADALAJARA DE BUGA,ALIMENTOS,Juzgado_1_Familia,2023,53,1.35,13,1,681,1,0,6,2,711,482.25,Medio
EXP-02738,TULUA,HURTO_PATRIMONIAL,Juzgado_Penal_Municipal_1,2022,71,1.25,11,1,705,1,1,11,5,706,499.0,Medio
EXP-04594,TULUA,HURTO_PATRIMONIAL,Juzgado_Penal_Municipal_1,2022,71,1.25,11,1,705,1,1,11,5,706,499.0,Medio
EXP-02885,TULUA,HURTO_PATRIMONIAL,Juzgado_Penal_Municipal_1,2024,71,1.25,11,1,686,1,1,11,5,700,499.0,Medio
EXP-02938,TULUA,HURTO_PATRIMONIAL,Juzgado_Penal_Municipal_1,2021,71,1.25,11,1,649,1,1,11,5,692,499.0,Medio
EXP-03525,SEVILLA,HURTO_PATRIMONIAL,Juzgado_2_Familia,2023,35,1.2,11,1,681,1,1,10,3,687,542.5,Medio
EXP-00198,CARTAGO,HURTO_PATRIMONIAL,Juzgado_1_Familia,2024,58,1.35,11,1,645,1,1,3,2,682,550.0,Medio
EXP-03223,CANDELARIA,HURTO_PATRIMONIAL,Juzgado_2_Familia,2022,48,1.2,11,1,674,1,1,2,3,682,542.5,Medio
EXP-01027,BUENAVENTURA,HURTO_PATRIMONIAL,Juzgado_1_Familia,2020,89,1.35,10,1,667,1,1,0,2,673,550.0,Medio
EXP-02930,BUENAVENTURA,HURTO_PATRIMONIAL,Juzgado_1_Familia,2020,89,1.35,10,1,701,1,1,0,2,673,550.0,Medio
EXP-04844,YUMBO,HURTO_PATRIMONIAL,Juzgado_1_Familia,2022,62,1.35,10,1,721,1,1,12,2,673,550.0,Medio
EXP-00259,PRADERA,HURTO_PATRIMONIAL,Juzgado_Penal_Municipal_1,2024,38,1.25,11,1,651,1,1,9,5,670,499.0,Medio
EXP-02999,ZARZAL,HURTO_PATRIMONIAL,Juzgado_1_Familia,2022,33,1.35,9,1,758,1,1,13,2,661,550.0,Medio
EXP-03758,YUMBO,HURTO_PATRIMONIAL,Juzgado_1_Familia,2024,62,1.35,10,1,623,0,1,12,2,659,550.0,Medio
EXP-04533,BUENAVENTURA,HURTO_PATRIMONIAL,Juzgado_1_Familia,2021,89,1.35,14,0,674,1,1,0,2,658,550.0,Medio
EXP-01381,EL CERRITO,ALIMENTOS,Juzgado_1_Familia,2023,41,1.35,11,1,637,1,0,4,2,657,482.25,Medio
EXP-02087,GUADALAJARA DE BUGA,HURTO_PATRIMONIAL,Juzgado_1_Familia,2020,53,1.35,11,1,603,1,1,6,2,654,550.0,Medio
EXP-03079,SEVILLA,ALIMENTOS,Juzgado_1_Familia,2023,35,1.35,11,1,623,1,0,10,2,651,482.25,Medio
EXP-03051,PALMIRA,HURTO_PATRIMONIAL,Juzgado_2_Familia,2023,74,1.2,10,1,630,1,1,8,3,645,542.5,Medio
EXP-01913,BUENAVENTURA,HURTO_PATRIMONIAL,Juzgado_1_Familia,2022,89,1.35,10,1,597,1,1,0,2,642,550.0,Medio
EXP-02967,PALMIRA,HURTO_PATRIMONIAL,Juzgado_2_Familia,2021,74,1.2,10,1,635,1,1,8,3,640,542.5,Medio
EXP-03323,YUMBO,HURTO_PATRIMONIAL,Juzgado_Penal_Municipal_1,2022,62,1.25,14,0,660,1,1,12,5,640,499.0,Medio
EXP-03752,EL CERRITO,HURTO_PATRIMONIAL,Juzgado_1_Familia,2022,41,1.35,10,1,702,1,1,4,2,640,550.0,Medio
EXP-04256,YUMBO,HURTO_PATRIMONIAL,Juzgado_1_Familia,2021,62,1.35,15,0,644,1,1,12,2,640,550.0,Medio
EXP-01018,FLORIDA,HURTO_PATRIMONIAL,Comisaria_1_Familia,2022,44,1.1,14,0,651,1,1,5,0,639,440.0,Medio
EXP-02712,YUMBO,ALIMENTOS,Juzgado_1_Familia,2023,62,1.35,10,1,637,1,0,12,2,636,482.25,Medio
EXP-02893,CANDELARIA,HURTO_PATRIMONIAL,Juzgado_Penal_Municipal_1,2023,48,1.25,11,1,646,1,1,2,5,636,499.0,Medio
EXP-03848,ZARZAL,HURTO_PATRIMONIAL,Juzgado_1_Familia,2024,33,1.35,9,1,498,0,1,13,2,634,550.0,Medio
EXP-04257,JAMUNDI,ALIMENTOS,Juzgado_1_Familia,2023,67,1.35,10,1,583,1,0,7,2,634,482.25,Medio
EXP-04910,JAMUNDI,ALIMENTOS,Juzgado_1_Familia,2023,67,1.35,10,1,623,1,0,7,2,634,482.25,Medio
EXP-01300,PALMIRA,HURTO_PATRIMONIAL,Juzgado_Penal_Municipal_1,2021,74,1.25,10,1,624,1,1,8,5,633,499.0,Medio
EXP-00705,FLORIDA,HURTO_PATRIMONIAL,Juzgado_1_Familia,2020,44,1.35,10,1,681,1,1,5,2,628,550.0,Medio
EXP-00880,FLORIDA,HURTO_PATRIMONIAL,Juzgado_1_Familia,2020,44,1.35,10,1,639,1,1,5,2,628,550.0,Medio
EXP-00869,PRADERA,HURTO_PATRIMONIAL,Juzgado_1_Familia,2021,38,1.35,10,1,658,1,1,9,2,627,550.0,Medio
EXP-02282,CALI,HURTO_PATRIMONIAL,Juzgado_3_Familia,2021,82,0.95,10,1,655,1,1,1,4,625,422.5,Medio
EXP-03149,BUENAVENTURA,ALIMENTOS,Juzgado_1_Familia,2023,89,1.35,10,1,554,1,0,0,2,623,482.25,Medio
EXP-02179,SEVILLA,HURTO_PATRIMONIAL,Juzgado_2_Familia,2021,35,1.2,9,1,642,1,1,10,3,621,542.5,Medio
EXP-02728,CARTAGO,ALIMENTOS,Juzgado_Penal_Municipal_1,2024,58,1.25,11,1,520,1,0,3,5,621,433.0,Medio
EXP-03760,CARTAGO,ALIMENTOS,Juzgado_Penal_Municipal_1,2024,58,1.25,11,1,709,1,0,3,5,621,433.0,Medio
EXP-03036,BUENAVENTURA,HURTO_PATRIMONIAL,Juzgado_Penal_Municipal_1,2024,89,1.25,17,0,711,1,1,0,5,618,499.0,Medio
EXP-02489,PRADERA,HURTO_PATRIMONIAL,Juzgado_2_Familia,2023,38,1.2,10,1,544,1,1,9,3,617,542.5,Medio
EXP-04623,FLORIDA,ALIMENTOS,Juzgado_1_Familia,2022,44,1.35,10,1,617,1,0,5,2,617,482.25,Medio
EXP-01175,CANDELARIA,HURTO_PATRIMONIAL,Juzgado_2_Familia,2020,48,1.2,14,0,622,1,1,2,3,616,542.5,Medio
EXP-01583,ZARZAL,ALIMENTOS,Juzgado_1_Familia,2024,33,1.35,10,1,602,1,0,13,2,615,482.25,Medio
EXP-04351,TULUA,HURTO_PATRIMONIAL,Juzgado_Penal_Municipal_2,2021,71,1.05,14,0,613,1,1,11,6,614,409.5,Medio
EXP-01964,EL CERRITO,ALIMENTOS,Juzgado_1_Familia,2023,41,1.35,10,1,586,1,0,4,2,613,482.25,Medio
EXP-00387,SEVILLA,ALIMENTOS,Juzgado_1_Familia,2021,35,1.35,13,0,651,1,0,10,2,611,482.25,Medio
EXP-01251,CARTAGO,ALIMENTOS,Comisaria_1_Familia,2023,58,1.1,10,1,676,1,0,3,0,611,412.5,Medio
EXP-01916,CARTAGO,ALIMENTOS,Comisaria_1_Familia,2023,58,1.1,10,1,564,1,0,3,0,611,412.5,Medio
EXP-02720,EL CERRITO,HURTO_PATRIMONIAL,Juzgado_2_Familia,2021,41,1.2,15,0,605,1,1,4,3,611,542.5,Medio
EXP-01711,CALI,ALIMENTOS,Juzgado_1_Familia,2021,82,1.35,10,1,648,1,0,1,2,609,482.25,Medio
EXP-00176,CARTAGO,HURTO_PATRIMONIAL,Juzgado_2_Familia,2023,58,1.2,10,1,607,1,1,3,3,608,542.5,Medio
EXP-03305,CALI,ALIMENTOS,Juzgado_2_Familia,2023,82,1.2,10,1,583,1,0,1,3,608,410.0,Medio
EXP-02213,CANDELARIA,ALIMENTOS,Juzgado_Penal_Municipal_1,2022,48,1.25,11,1,555,1,0,2,5,607,433.0,Medio
EXP-02229,BUENAVENTURA,HURTO_PATRIMONIAL,Comisaria_1_Familia,2022,89,1.1,10,1,571,1,1,0,0,607,440.0,Medio
EXP-02628,FLORIDA,HURTO_PATRIMONIAL,Juzgado_2_Familia,2024,44,1.2,10,1,578,1,1,5,3,607,542.5,Medio
EXP-00897,FLORIDA,HURTO_PATRIMONIAL,Juzgado_Penal_Municipal_1,2021,44,1.25,10,1,610,1,1,5,5,606,499.0,Medio
EXP-00618,PRADERA,HURTO_PATRIMONIAL,Juzgado_2_Familia,2022,38,1.2,14,0,590,1,1,9,3,605,542.5,Medio
EXP-02298,YUMBO,HURTO_PATRIMONIAL,Juzgado_2_Familia,2020,62,1.2,10,1,589,1,1,12,3,604,542.5,Medio
EXP-00010,CALI,ALIMENTOS,Juzgado_1_Familia,2024,82,1.35,10,1,617,1,0,1,2,603,482.25,Medio
EXP-04547,SEVILLA,HURTO_PATRIMONIAL,Comisaria_1_Familia,2023,35,1.1,9,1,589,1,1,10,0,603,440.0,Medio
EXP-00407,PALMIRA,HURTO_PATRIMONIAL,Juzgado_1_Familia,2024,74,1.35,9,1,611,1,1,8,2,602,550.0,Medio
EXP-01204,GUADALAJARA DE BUGA,HURTO_PATRIMONIAL,Juzgado_Penal_Municipal_1,2024,53,1.25,10,1,646,0,1,6,5,602,499.0,Medio
EXP-04250,EL CERRITO,HURTO_PATRIMONIAL,Juzgado_2_Familia,2024,41,1.2,13,0,596,1,1,4,3,601,542.5,Medio
EXP-01084,BUENAVENTURA,HURTO_PATRIMONIAL,Juzgado_Penal_Municipal_1,2023,89,1.25,10,1,581,1,1,0,5,600,499.0,Medio
EXP-04811,FLORIDA,HURTO_PATRIMONIAL,Juzgado_1_Familia,2022,44,1.35,13,0,563,1,1,5,2,598,550.0,Medio
EXP-01457,JAMUNDI,ALIMENTOS,Comisaria_1_Familia,2021,67,1.1,10,1,571,1,0,7,0,596,412.5,Medio
EXP-03810,EL CERRITO,ALIMENTOS,Juzgado_2_Familia,2023,41,1.2,9,1,614,1,0,4,3,596,410.0,Medio
EXP-04052,CARTAGO,HURTO_PATRIMONIAL,Juzgado_Penal_Municipal_1,2023,58,1.25,10,1,537,1,1,3,5,596,499.0,Medio
EXP-04101,PALMIRA,HURTO_PATRIMONIAL,Juzgado_2_Familia,2023,74,1.2,9,1,638,1,1,8,3,596,542.5,Medio
EXP-04772,CANDELARIA,HURTO_PATRIMONIAL,Juzgado_1_Familia,2021,48,1.35,10,1,506,1,1,2,2,596,550.0,Medio
EXP-04546,FLORIDA,HURTO_PATRIMONIAL,Juzgado_1_Familia,2023,44,1.35,9,1,607,1,1,5,2,595,550.0,Medio
EXP-03945,ZARZAL,ALIMENTOS,Juzgado_Penal_Municipal_1,2022,33,1.25,9,1,609,1,0,13,5,593,433.0,Medio
EXP-04075,YUMBO,ALIMENTOS,Comisaria_1_Familia,2024,62,1.1,9,1,672,1,0,12,0,593,412.5,Medio
EXP-00282,GUADALAJARA DE BUGA,HURTO_PATRIMONIAL,Juzgado_2_Familia,2022,53,1.2,10,1,533,1,1,6,3,591,542.5,Medio
EXP-04936,PRADERA,ALIMENTOS,Juzgado_Penal_Municipal_1,2022,38,1.25,10,1,520,1,0,9,5,591,433.0,Medio
EXP-01501,CALI,HURTO_PATRIMONIAL,Juzgado_Penal_Municipal_2,2022,82,1.05,14,0,574,1,1,1,6,590,409.5,Medio
EXP-03077,EL CERRITO,ALIMENTOS,Comisaria_1_Familia,2021,41,1.1,9,1,589,1,0,4,0,589,412.5,Medio
EXP-03546,PRADERA,ALIMENTOS,Juzgado_Penal_Municipal_1,2020,38,1.25,10,1,628,1,0,9,5,589,433.0,Medio
EXP-04191,GUADALAJARA DE BUGA,HURTO_PATRIMONIAL,Juzgado_2_Familia,2024,53,1.2,10,1,746,1,1,6,3,589,542.5,Medio
EXP-00555,BUENAVENTURA,ALIMENTOS,Juzgado_1_Familia,2024,89,1.35,9,1,635,1,0,0,2,588,482.25,Medio
EXP-00853,YUMBO,HURTO_PATRIMONIAL,Juzgado_1_Familia,2022,62,1.35,13,0,550,1,1,12,2,588,550.0,Medio
EXP-03404,BUENAVENTURA,ALIMENTOS,Juzgado_1_Familia,2023,89,1.35,9,1,614,1,0,0,2,588,482.25,Medio
EXP-03593,BUENAVENTURA,ALIMENTOS,Juzgado_1_Familia,2023,89,1.35,9,1,646,1,0,0,2,588,482.25,Medio
EXP-03924,BUENAVENTURA,ALIMENTOS,Juzgado_1_Familia,2024,89,1.35,9,1,571,1,0,0,2,588,482.25,Medio
EXP-04365,GUADALAJARA DE BUGA,ALIMENTOS,Juzgado_2_Familia,2023,53,1.2,10,1,618,1,0,6,3,588,410.0,Medio
EXP-00125,GUADALAJARA DE BUGA,HURTO_PATRIMONIAL,Juzgado_1_Familia,2023,53,1.35,13,0,602,1,1,6,2,587,550.0,Medio
EXP-00502,PALMIRA,HURTO_PATRIMONIAL,Juzgado_1_Familia,2022,74,1.35,13,0,595,1,1,8,2,586,550.0,Medio
EXP-01957,SEVILLA,ALIMENTOS,Juzgado_Penal_Municipal_1,2023,35,1.25,9,1,630,1,0,10,5,584,433.0,Medio
EXP-00384,TULUA,ALIMENTOS,Juzgado_1_Familia,2023,71,1.35,9,1,596,1,0,11,2,583,482.25,Medio
EXP-02480,TULUA,ALIMENTOS,Juzgado_1_Familia,2024,71,1.35,9,1,603,1,0,11,2,583,482.25,Medio
EXP-00028,PALMIRA,HURTO_PATRIMONIAL,Juzgado_3_Familia,2024,74,0.95,9,1,596,1,1,8,4,582,422.5,Medio
EXP-01476,CARTAGO,ALIMENTOS,Juzgado_Penal_Municipal_1,2023,58,1.25,10,1,610,1,0,3,5,581,433.0,Medio
EXP-02567,EL CERRITO,HURTO_PATRIMONIAL,Juzgado_Penal_Municipal_1,2023,41,1.25,9,1,562,1,1,4,5,580,499.0,Medio
EXP-02692,SEVILLA,ALIMENTOS,Comisaria_1_Familia,2021,35,1.1,9,1,593,1,0,10,0,580,412.5,Medio
EXP-04097,PALMIRA,HURTO_PATRIMONIAL,Juzgado_Penal_Municipal_2,2023,74,1.05,9,1,534,1,1,8,6,580,409.5,Medio
EXP-04442,YUMBO,ALIMENTOS,Juzgado_1_Familia,2023,62,1.35,9,1,561,1,0,12,2,580,482.25,Medio
EXP-03385,PRADERA,HURTO_PATRIMONIAL,Juzgado_2_Familia,2020,38,1.2,9,1,588,1,1,9,3,579,542.5,Medio
EXP-03612,FLORIDA,HURTO_PATRIMONIAL,Comisaria_1_Familia,2024,44,1.1,9,1,688,1,1,5,0,579,440.0,Medio
EXP-03807,PALMIRA,ALIMENTOS,Juzgado_1_Familia,2024,74,1.35,13,0,586,1,0,8,2,579,482.25,Medio
EXP-00682,JAMUNDI,HURTO_PATRIMONIAL,Juzgado_Penal_Municipal_1,2024,67,1.25,9,1,452,1,1,7,5,578,499.0,Medio
EXP-04001,JAMUNDI,ALIMENTOS,Juzgado_Penal_Municipal_1,2024,67,1.25,9,1,611,1,0,7,5,578,433.0,Medio
EXP-03494,YUMBO,HURTO_PATRIMONIAL,Juzgado_Penal_Municipal_2,2022,62,1.05,9,1,548,1,1,12,6,577,409.5,Medio
EXP-00852,JAMUNDI,ALIMENTOS,Juzgado_1_Familia,2020,67,1.35,9,1,634,1,0,7,2,576,482.25,Medio
EXP-01474,TULUA,HURTO_PATRIMONIAL,Juzgado_2_Familia,2024,71,1.2,9,1,502,1,1,11,3,576,542.5,Medio
EXP-02174,TULUA,ALIMENTOS,Comisaria_1_Familia,2022,71,1.1,9,1,585,1,0,11,0,576,412.5,Medio
EXP-03679,CARTAGO,HURTO_PATRIMONIAL,Comisaria_1_Familia,2021,58,1.1,9,1,582,1,1,3,0,576,440.0,Medio
EXP-04892,FLORIDA,HURTO_PATRIMONIAL,Juzgado_2_Familia,2024,44,1.2,9,1,623,1,1,5,3,576,542.5,Medio
EXP-00802,CALI,HURTO_PATRIMONIAL,Juzgado_2_Familia,2024,82,1.2,9,1,635,1,1,1,3,575,542.5,Medio
EXP-02007,GUADALAJARA DE BUGA,ALIMENTOS,Comisaria_1_Familia,2020,53,1.1,9,1,634,1,0,6,0,574,412.5,Medio
EXP-01804,FLORIDA,ALIMENTOS,Juzgado_2_Familia,2021,44,1.2,9,1,505,1,0,5,3,573,410.0,Medio
EXP-00056,JAMUNDI,ALIMENTOS,Comisaria_1_Familia,2022,67,1.1,9,1,575,1,0,7,0,570,412.5,Medio
EXP-02881,GUADALAJARA DE BUGA,HURTO_PATRIMONIAL,Juzgado_Penal_Municipal_1,2024,53,1.25,9,1,590,1,1,6,5,569,499.0,Medio
EXP-04544,PALMIRA,HURTO_PATRIMONIAL,Juzgado_Penal_Municipal_2,2021,74,1.05,9,1,553,1,1,8,6,569,409.5,Medio
EXP-02319,ZARZAL,HURTO_PATRIMONIAL,Juzgado_Penal_Municipal_2,2024,33,1.05,9,1,638,1,1,13,6,568,409.5,Medio
EXP-02545,CALI,ALIMENTOS,Comisaria_1_Familia,2023,82,1.1,9,1,645,1,0,1,0,568,412.5,Medio
EXP-02219,PRADERA,ALIMENTOS,Comisaria_1_Familia,2024,38,1.1,9,1,669,1,0,9,0,567,412.5,Medio
EXP-04100,PRADERA,ALIMENTOS,Comisaria_1_Familia,2024,38,1.1,9,1,512,1,0,9,0,567,412.5,Medio
EXP-04189,FLORIDA,ALIMENTOS,Juzgado_Penal_Municipal_1,2023,44,1.25,9,1,614,1,0,5,5,567,433.0,Medio
EXP-04029,YUMBO,ALIMENTOS,Juzgado_Penal_Municipal_1,2024,62,1.25,9,1,461,1,0,12,5,566,433.0,Medio
EXP-02994,CALI,ALIMENTOS,Juzgado_2_Familia,2023,82,1.2,9,1,526,1,0,1,3,564,410.0,Medio
EXP-03965,BUENAVENTURA,ALIMENTOS,Juzgado_Penal_Municipal_2,2022,89,1.05,9,1,583,1,0,0,6,564,378.75,Medio
EXP-04607,YUMBO,HURTO_PATRIMONIAL,Juzgado_2_Familia,2021,62,1.2,12,0,583,1,1,12,3,564,542.5,Medio
EXP-03959,ZARZAL,ALIMENTOS,Juzgado_1_Familia,2020,33,1.35,9,1,550,1,0,13,2,563,482.25,Medio
EXP-02865,EL CERRITO,HURTO_PATRIMONIAL,Juzgado_3_Familia,2024,41,0.95,9,1,585,1,1,4,4,562,422.5,Medio
EXP-01036,JAMUNDI,HURTO_PATRIMONIAL,Juzgado_3_Familia,2024,67,0.95,9,1,572,1,1,7,4,561,422.5,Medio
EXP-02749,SEVILLA,HURTO_PATRIMONIAL,Juzgado_2_Familia,2024,35,1.2,8,1,411,1,1,10,3,561,542.5,Medio
EXP-03256,CANDELARIA,HURTO_PATRIMONIAL,Juzgado_1_Familia,2024,48,1.35,9,1,674,1,1,2,2,561,550.0,Medio
EXP-04408,SEVILLA,HURTO_PATRIMONIAL,Juzgado_1_Familia,2024,35,1.35,8,1,478,1,1,10,2,561,550.0,Medio
EXP-04411,SEVILLA,HURTO_PATRIMONIAL,Comisaria_1_Familia,2023,35,1.1,8,1,578,1,1,10,0,558,440.0,Medio
EXP-00123,EL CERRITO,ALIMENTOS,Juzgado_2_Familia,2022,41,1.2,8,1,583,1,0,4,3,557,410.0,Medio
EXP-01958,FLORIDA,HURTO_PATRIMONIAL,Juzgado_Penal_Municipal_1,2020,44,1.25,9,1,546,1,1,5,5,557,499.0,Medio
EXP-01017,YUMBO,HURTO_PATRIMONIAL,Juzgado_1_Familia,2024,62,1.35,12,0,557,1,1,12,2,556,550.0,Medio
EXP-02369,PALMIRA,HURTO_PATRIMONIAL,Comisaria_2_Familia,2024,74,0.9,9,1,585,1,1,8,1,556,388.25,Medio
EXP-02773,CANDELARIA,ALIMENTOS,Juzgado_1_Familia,2022,48,1.35,9,1,498,1,0,2,2,556,482.25,Medio
EXP-03320,CANDELARIA,ALIMENTOS,Juzgado_1_Familia,2022,48,1.35,9,1,603,1,0,2,2,556,482.25,Medio
EXP-04110,SEVILLA,HURTO_PATRIMONIAL,Juzgado_Penal_Municipal_2,2022,35,1.05,8,1,652,1,1,10,6,556,409.5,Medio
EXP-00899,GUADALAJARA DE BUGA,ALIMENTOS,Juzgado_2_Familia,2022,53,1.2,9,1,541,1,0,6,3,555,410.0,Medio
EXP-04951,TULUA,HURTO_PATRIMONIAL,Juzgado_1_Familia,2022,71,1.35,8,1,572,1,1,11,2,555,550.0,Medio
EXP-00179,PALMIRA,ALIMENTOS,Juzgado_Penal_Municipal_1,2024,74,1.25,8,1,506,1,0,8,5,554,433.0,Medio
EXP-03484,PALMIRA,ALIMENTOS,Juzgado_Penal_Municipal_1,2023,74,1.25,8,1,548,1,0,8,5,554,433.0,Medio
EXP-03937,CALI,ALIMENTOS,Juzgado_1_Familia,2022,82,1.35,9,1,450,1,0,1,2,554,482.25,Medio
EXP-01268,EL CERRITO,HURTO_PATRIMONIAL,Comisaria_1_Familia,2020,41,1.1,9,1,478,0,1,4,0,552,440.0,Medio
EXP-00018,CARTAGO,HURTO_PATRIMONIAL,Juzgado_1_Familia,2022,58,1.35,8,1,599,1,1,3,2,551,550.0,Medio
EXP-00270,JAMUNDI,HURTO_PATRIMONIAL,Juzgado_2_Familia,2020,67,1.2,9,1,512,1,1,7,3,551,542.5,Medio
EXP-00685,CALI,HURTO_PATRIMONIAL,Juzgado_Penal_Municipal_1,2021,82,1.25,13,0,523,1,1,1,5,551,499.0,Medio
EXP-03045,CALI,HURTO_PATRIMONIAL,Juzgado_Penal_Municipal_1,2022,82,1.25,13,0,565,1,1,1,5,551,499.0,Medio
EXP-00090,TULUA,HURTO_PATRIMONIAL,Juzgado_Penal_Municipal_1,2022,71,1.25,8,1,562,1,1,11,5,550,499.0,Medio
EXP-02559,TULUA,HURTO_PATRIMONIAL,Juzgado_Penal_Municipal_1,2022,71,1.25,8,1,572,1,1,11,5,550,499.0,Medio
EXP-00134,PALMIRA,ALIMENTOS,Juzgado_2_Familia,2021,74,1.2,8,1,588,1,0,8,3,549,410.0,Medio
EXP-02598,GUADALAJARA DE BUGA,ALIMENTOS,Comisaria_1_Familia,2022,53,1.1,8,1,579,1,0,6,0,549,412.5,Medio
EXP-01991,JAMUNDI,HURTO_PATRIMONIAL,Juzgado_Penal_Municipal_2,2022,67,1.05,9,1,489,1,1,7,6,548,409.5,Medio
EXP-00728,SEVILLA,ALIMENTOS,Juzgado_1_Familia,2024,35,1.35,12,0,578,1,0,10,2,547,482.25,Medio
EXP-02185,SEVILLA,ALIMENTOS,Comisaria_1_Familia,2022,35,1.1,8,1,586,1,0,10,0,547,412.5,Medio
EXP-04637,CANDELARIA,ALIMENTOS,Comisaria_1_Familia,2020,48,1.1,8,1,581,1,0,2,0,547,412.5,Medio
EXP-02512,YUMBO,HURTO_PATRIMONIAL,Juzgado_3_Familia,2024,62,0.95,9,1,525,1,1,12,4,546,422.5,Medio
EXP-03833,YUMBO,HURTO_PATRIMONIAL,Juzgado_Penal_Municipal_2,2021,62,1.05,11,0,562,1,1,12,6,546,409.5,Medio
EXP-00952,CARTAGO,ALIMENTOS,Comisaria_1_Familia,2023,58,1.1,8,1,567,1,0,3,0,545,412.5,Medio
EXP-01660,CANDELARIA,ALIMENTOS,Juzgado_1_Familia,2024,48,1.35,9,1,551,1,0,2,2,545,482.25,Medio
EXP-02701,GUADALAJARA DE BUGA,ALIMENTOS,Comisaria_1_Familia,2024,53,1.1,8,1,522,1,0,6,0,545,412.5,Medio
EXP-02844,GUADALAJARA DE BUGA,ALIMENTOS,Comisaria_1_Familia,2024,53,1.1,8,1,568,1,0,6,0,545,412.5,Medio
EXP-00071,CALI,HURTO_PATRIMONIAL,Juzgado_2_Familia,2020,82,1.2,8,1,567,1,1,1,3,544,542.5,Medio
EXP-02086,CALI,HURTO_PATRIMONIAL,Juzgado_2_Familia,2021,82,1.2,12,0,544,1,1,1,3,544,542.5,Medio
EXP-03225,YUMBO,ALIMENTOS,Juzgado_1_Familia,2020,62,1.35,9,1,560,1,0,12,2,544,482.25,Medio
EXP-04625,YUMBO,ALIMENTOS,Juzgado_1_Familia,2020,62,1.35,9,1,422,0,0,12,2,544,482.25,Medio
EXP-04881,JAMUNDI,HURTO_PATRIMONIAL,Juzgado_2_Familia,2024,67,1.2,12,0,548,1,1,7,3,543,542.5,Medio
EXP-04143,FLORIDA,HURTO_PATRIMONIAL,Juzgado_Penal_Municipal_1,2022,44,1.25,8,1,646,0,1,5,5,542,499.0,Medio
EXP-04716,PALMIRA,ALIMENTOS,Juzgado_2_Familia,2023,74,1.2,12,0,522,1,0,8,3,542,410.0,Medio
EXP-00315,PALMIRA,HURTO_PATRIMONIAL,Juzgado_Penal_Municipal_2,2024,74,1.05,12,0,562,1,1,8,6,541,409.5,Medio
EXP-00629,CANDELARIA,ALIMENTOS,Comisaria_1_Familia,2023,48,1.1,8,1,513,1,0,2,0,541,412.5,Medio
EXP-00684,TULUA,ALIMENTOS,Juzgado_2_Familia,2022,71,1.2,8,1,512,1,0,11,3,541,410.0,Medio
EXP-01292,EL CERRITO,ALIMENTOS,Juzgado_1_Familia,2022,41,1.35,8,1,480,1,0,4,2,541,482.25,Medio
EXP-02349,PALMIRA,HURTO_PATRIMONIAL,Juzgado_3_Familia,2024,74,0.95,12,0,534,1,1,8,4,541,422.5,Medio
EXP-01316,YUMBO,ALIMENTOS,Comisaria_1_Familia,2023,62,1.1,8,1,491,1,0,12,0,540,412.5,Medio
EXP-01747,ZARZAL,HURTO_PATRIMONIAL,Juzgado_Penal_Municipal_1,2022,33,1.25,8,1,522,1,1,13,5,540,499.0,Medio
EXP-02482,FLORIDA,ALIMENTOS,Juzgado_1_Familia,2021,44,1.35,8,1,648,1,0,5,2,540,482.25,Medio
EXP-04783,CANDELARIA,ALIMENTOS,Juzgado_Penal_Municipal_2,2022,48,1.05,9,1,576,1,0,2,6,540,378.75,Medio
EXP-04216,JAMUNDI,HURTO_PATRIMONIAL,Juzgado_Penal_Municipal_1,2024,67,1.25,8,1,471,1,1,7,5,539,499.0,Medio
EXP-04693,CANDELARIA,HURTO_PATRIMONIAL,Juzgado_3_Familia,2024,48,0.95,9,1,602,1,1,2,4,539,422.5,Medio
EXP-01557,CALI,HURTO_PATRIMONIAL,Comisaria_1_Familia,2022,82,1.1,8,1,579,1,1,1,0,537,440.0,Medio
EXP-03308,CANDELARIA,HURTO_PATRIMONIAL,Comisaria_1_Familia,2023,48,1.1,8,1,532,1,1,2,0,537,440.0,Medio
EXP-04676,JAMUNDI,ALIMENTOS,Juzgado_Penal_Municipal_1,2024,67,1.25,8,1,558,1,0,7,5,537,433.0,Medio
EXP-02718,CANDELARIA,ALIMENTOS,Juzgado_2_Familia,2022,48,1.2,8,1,560,1,0,2,3,536,410.0,Medio
EXP-00779,JAMUNDI,ALIMENTOS,Comisaria_1_Familia,2023,67,1.1,8,1,560,1,0,7,0,535,412.5,Medio
EXP-02207,CARTAGO,HURTO_PATRIMONIAL,Juzgado_Penal_Municipal_2,2022,58,1.05,8,1,588,1,1,3,6,535,409.5,Medio
EXP-04361,PALMIRA,ALIMENTOS,Juzgado_3_Familia,2023,74,0.95,8,1,603,1,0,8,4,535,362.0,Medio
EXP-04383,CARTAGO,ALIMENTOS,Comisaria_1_Familia,2020,58,1.1,8,1,543,1,0,3,0,535,412.5,Medio
EXP-01736,JAMUNDI,ALIMENTOS,Juzgado_2_Familia,2023,67,1.2,8,1,506,1,0,7,3,534,410.0,Medio
EXP-02337,TULUA,ALIMENTOS,Juzgado_1_Familia,2023,71,1.35,8,1,537,1,0,11,2,534,482.25,Medio
EXP-02932,EL CERRITO,HURTO_PATRIMONIAL,Juzgado_Penal_Municipal_1,2024,41,1.25,8,1,473,0,1,4,5,534,499.0,Medio
EXP-03038,EL CERRITO,HURTO_PATRIMONIAL,Juzgado_3_Familia,2024,41,0.95,12,0,521,1,1,4,4,534,422.5,Medio
EXP-04896,TULUA,ALIMENTOS,Juzgado_1_Familia,2024,71,1.35,8,1,431,0,0,11,2,534,482.25,Medio
EXP-01324,TULUA,ALIMENTOS,Juzgado_1_Familia,2021,71,1.35,8,1,560,1,0,11,2,533,482.25,Medio
EXP-01802,TULUA,ALIMENTOS,Juzgado_1_Familia,2021,71,1.35,8,1,532,1,0,11,2,533,482.25,Medio
EXP-02909,TULUA,ALIMENTOS,Juzgado_1_Familia,2021,71,1.35,8,1,533,1,0,11,2,533,482.25,Medio
EXP-04223,GUADALAJARA DE BUGA,ALIMENTOS,Juzgado_1_Familia,2021,53,1.35,8,1,499,1,0,6,2,533,482.25,Medio
EXP-04994,CANDELARIA,ALIMENTOS,Juzgado_Penal_Municipal_1,2024,48,1.25,9,1,589,1,0,2,5,533,433.0,Medio
EXP-01828,ZARZAL,ALIMENTOS,Juzgado_1_Familia,2024,33,1.35,8,1,620,1,0,13,2,532,482.25,Medio
EXP-02542,PALMIRA,HURTO_PATRIMONIAL,Juzgado_Penal_Municipal_2,2021,74,1.05,12,0,513,1,1,8,6,532,409.5,Medio
EXP-01021,CARTAGO,HURTO_PATRIMONIAL,Juzgado_3_Familia,2023,58,0.95,8,1,537,1,1,3,4,530,422.5,Medio
EXP-03178,FLORIDA,ALIMENTOS,Juzgado_2_Familia,2024,44,1.2,8,1,417,1,0,5,3,530,410.0,Medio
EXP-03441,FLORIDA,ALIMENTOS,Juzgado_2_Familia,2024,44,1.2,8,1,420,1,0,5,3,530,410.0,Medio
EXP-04096,CALI,ALIMENTOS,Comisaria_1_Familia,2021,82,1.1,8,1,513,1,0,1,0,530,412.5,Medio
EXP-02788,PALMIRA,ALIMENTOS,Juzgado_Penal_Municipal_2,2022,74,1.05,8,1,526,1,0,8,6,529,378.75,Medio
EXP-00503,EL CERRITO,ALIMENTOS,Juzgado_1_Familia,2023,41,1.35,12,0,523,1,0,4,2,527,482.25,Medio
EXP-00950,GUADALAJARA DE BUGA,ALIMENTOS,Juzgado_1_Familia,2024,53,1.35,8,1,606,1,0,6,2,527,482.25,Medio
EXP-03282,TULUA,ALIMENTOS,Juzgado_2_Familia,2021,71,1.2,8,1,448,1,0,11,3,527,410.0,Medio
EXP-04376,CARTAGO,HURTO_PATRIMONIAL,Juzgado_Penal_Municipal_1,2024,58,1.25,8,1,506,1,1,3,5,527,499.0,Medio
EXP-00210,PRADERA,ALIMENTOS,Juzgado_2_Familia,2021,38,1.2,12,0,532,1,0,9,3,526,410.0,Medio
EXP-01592,YUMBO,ALIMENTOS,Juzgado_1_Familia,2024,62,1.35,8,1,527,1,0,12,2,526,482.25,Medio
EXP-02895,CALI,ALIMENTOS,Juzgado_2_Familia,2023,82,1.2,8,1,530,1,0,1,3,526,410.0,Medio
EXP-04421,YUMBO,ALIMENTOS,Juzgado_1_Familia,2023,62,1.35,8,1,529,1,0,12,2,526,482.25,Medio
EXP-01207,PRADERA,ALIMENTOS,Juzgado_Penal_Municipal_1,2024,38,1.25,8,1,558,1,0,9,5,525,433.0,Medio
EXP-03019,FLORIDA,ALIMENTOS,Juzgado_Penal_Municipal_2,2022,44,1.05,9,1,482,1,0,5,6,525,378.75,Medio
EXP-03543,PRADERA,ALIMENTOS,Juzgado_1_Familia,2024,38,1.35,8,1,600,1,0,9,2,525,482.25,Medio
EXP-03841,BUENAVENTURA,HURTO_PATRIMONIAL,Juzgado_Penal_Municipal_1,2024,89,1.25,12,0,548,0,1,0,5,525,499.0,Medio
EXP-04646,BUENAVENTURA,ALIMENTOS,Comisaria_1_Familia,2023,89,1.1,8,1,579,1,0,0,0,525,412.5,Medio
EXP-04476,CALI,HURTO_PATRIMONIAL,Juzgado_Penal_Municipal_1,2023,82,1.25,12,0,513,1,1,1,5,523,499.0,Medio
EXP-04326,CALI,ALIMENTOS,Juzgado_1_Familia,2022,82,1.35,8,1,496,1,0,1,2,522,482.25,Medio
EXP-02178,EL CERRITO,ALIMENTOS,Juzgado_Penal_Municipal_1,2024,41,1.25,8,1,496,0,0,4,5,521,433.0,Medio
EXP-03035,CALI,HURTO_PATRIMONIAL,Comisaria_2_Familia,2024,82,0.9,11,0,537,1,1,1,1,521,388.25,Medio
EXP-03211,PRADERA,ALIMENTOS,Juzgado_Penal_Municipal_2,2022,38,1.05,8,1,499,1,0,9,6,521,378.75,Medio
EXP-01186,YUMBO,ALIMENTOS,Juzgado_2_Familia,2021,62,1.2,8,1,567,1,0,12,3,520,410.0,Medio
EXP-04066,PALMIRA,HURTO_PATRIMONIAL,Comisaria_2_Familia,2023,74,0.9,8,1,442,1,1,8,1,520,388.25,Medio
EXP-04689,SEVILLA,HURTO_PATRIMONIAL,Juzgado_3_Familia,2024,35,0.95,8,1,432,0,1,10,4,520,422.5,Medio
EXP-03727,CARTAGO,ALIMENTOS,Juzgado_3_Familia,2024,58,0.95,8,1,492,1,0,3,4,519,362.0,Medio
EXP-02847,CARTAGO,HURTO_PATRIMONIAL,Juzgado_Penal_Municipal_2,2024,58,1.05,8,1,618,1,1,3,6,518,409.5,Medio
EXP-03360,GUADALAJARA DE BUGA,ALIMENTOS,Juzgado_Penal_Municipal_1,2024,53,1.25,8,1,400,1,0,6,5,517,433.0,Medio
EXP-02372,CANDELARIA,ALIMENTOS,Juzgado_2_Familia,2024,48,1.2,8,1,560,1,0,2,3,516,410.0,Medio
EXP-03595,PRADERA,ALIMENTOS,Juzgado_Penal_Municipal_2,2023,38,1.05,8,1,534,1,0,9,6,516,378.75,Medio
EXP-04651,CANDELARIA,ALIMENTOS,Juzgado_2_Familia,2023,48,1.2,8,1,544,1,0,2,3,516,410.0,Medio
EXP-01241,CANDELARIA,HURTO_PATRIMONIAL,Comisaria_2_Familia,2022,48,0.9,11,0,558,1,1,2,1,515,388.25,Medio
EXP-01615,PALMIRA,HURTO_PATRIMONIAL,Comisaria_2_Familia,2021,74,0.9,9,1,470,1,1,8,1,515,388.25,Medio
EXP-04002,CARTAGO,ALIMENTOS,Juzgado_Penal_Municipal_1,2023,58,1.25,8,1,508,1,0,3,5,515,433.0,Medio
EXP-02246,ZARZAL,ALIMENTOS,Comisaria_1_Familia,2021,33,1.1,8,1,501,0,0,13,0,514,412.5,Medio
EXP-00902,CALI,HURTO_PATRIMONIAL,Comisaria_2_Familia,2024,82,0.9,8,1,485,1,1,1,1,513,388.25,Medio
EXP-00967,JAMUNDI,HURTO_PATRIMONIAL,Comisaria_1_Familia,2020,67,1.1,12,0,501,1,1,7,0,513,440.0,Medio
EXP-03393,CALI,ALIMENTOS,Juzgado_Penal_Municipal_2,2022,82,1.05,8,1,512,1,0,1,6,513,378.75,Medio
EXP-00491,CALI,ALIMENTOS,Juzgado_3_Familia,2024,82,0.95,8,1,548,1,0,1,4,512,362.0,Medio
EXP-00607,CALI,HURTO_PATRIMONIAL,Juzgado_3_Familia,2020,82,0.95,8,1,482,1,1,1,4,512,422.5,Medio
EXP-01275,CARTAGO,ALIMENTOS,Juzgado_1_Familia,2022,58,1.35,12,0,516,1,0,3,2,512,482.25,Medio
EXP-03081,CANDELARIA,HURTO_PATRIMONIAL,Comisaria_2_Familia,2023,48,0.9,8,1,554,1,1,2,1,512,388.25,Medio
EXP-00034,TULUA,ALIMENTOS,Juzgado_1_Familia,2020,71,1.35,8,1,502,1,0,11,2,510,482.25,Medio
EXP-01069,TULUA,HURTO_PATRIMONIAL,Juzgado_3_Familia,2024,71,0.95,8,1,438,1,1,11,4,510,422.5,Medio
EXP-02495,YUMBO,ALIMENTOS,Juzgado_Penal_Municipal_2,2022,62,1.05,8,1,420,1,0,12,6,509,378.75,Medio
EXP-00436,CALI,ALIMENTOS,Comisaria_2_Familia,2022,82,0.9,9,1,401,1,0,1,1,508,341.0,Medio
EXP-01464,BUENAVENTURA,ALIMENTOS,Juzgado_1_Familia,2024,89,1.35,11,0,436,1,0,0,2,507,482.25,Medio
EXP-02470,GUADALAJARA DE BUGA,ALIMENTOS,Juzgado_2_Familia,2023,53,1.2,8,1,372,1,0,6,3,507,410.0,Medio
EXP-03047,CANDELARIA,HURTO_PATRIMONIAL,Juzgado_3_Familia,2023,48,0.95,8,1,540,0,1,2,4,507,422.5,Medio
EXP-03427,CANDELARIA,ALIMENTOS,Juzgado_Penal_Municipal_1,2022,48,1.25,8,1,475,0,0,2,5,507,433.0,Medio
EXP-03563,CANDELARIA,ALIMENTOS,Juzgado_Penal_Municipal_1,2022,48,1.25,8,1,502,1,0,2,5,507,433.0,Medio
EXP-02159,EL CERRITO,ALIMENTOS,Juzgado_Penal_Municipal_2,2024,41,1.05,8,1,418,1,0,4,6,506,378.75,Medio
EXP-01562,BUENAVENTURA,ALIMENTOS,Juzgado_Penal_Municipal_2,2021,89,1.05,8,1,485,1,0,0,6,505,378.75,Medio
EXP-00077,BUENAVENTURA,ALIMENTOS,Juzgado_Penal_Municipal_1,2023,89,1.25,8,1,478,1,0,0,5,504,433.0,Medio
EXP-01988,CANDELARIA,ALIMENTOS,Juzgado_Penal_Municipal_1,2021,48,1.25,8,1,553,1,0,2,5,503,433.0,Medio
EXP-01232,CALI,HURTO_PATRIMONIAL,Juzgado_3_Familia,2022,82,0.95,11,0,494,1,1,1,4,502,422.5,Medio
EXP-02742,CANDELARIA,ALIMENTOS,Juzgado_1_Familia,2023,48,1.35,8,1,463,1,0,2,2,501,482.25,Medio
EXP-03978,CANDELARIA,ALIMENTOS,Juzgado_1_Familia,2023,48,1.35,8,1,498,1,0,2,2,501,482.25,Medio
EXP-00788,GUADALAJARA DE BUGA,ALIMENTOS,Juzgado_2_Familia,2020,53,1.2,8,1,525,1,0,6,3,500,410.0,Medio
EXP-02465,EL CERRITO,HURTO_PATRIMONIAL,Comisaria_2_Familia,2020,41,0.9,8,1,523,1,1,4,1,500,388.25,Medio
EXP-00737,YUMBO,HURTO_PATRIMONIAL,Juzgado_Penal_Municipal_2,2022,62,1.05,10,0,563,1,1,12,6,499,409.5,Medio
EXP-00205,SEVILLA,HURTO_PATRIMONIAL,Juzgado_3_Familia,2020,35,0.95,8,1,499,1,1,10,4,498,422.5,Medio
EXP-04042,SEVILLA,HURTO_PATRIMONIAL,Juzgado_3_Familia,2020,35,0.95,8,1,477,1,1,10,4,498,422.5,Medio
EXP-00226,TULUA,ALIMENTOS,Juzgado_Penal_Municipal_2,2022,71,1.05,11,0,496,1,0,11,6,495,378.75,Medio
EXP-00649,EL CERRITO,ALIMENTOS,Juzgado_2_Familia,2022,41,1.2,7,1,518,1,0,4,3,495,410.0,Medio
EXP-03594,GUADALAJARA DE BUGA,ALIMENTOS,Juzgado_Penal_Municipal_1,2020,53,1.25,8,1,536,1,0,6,5,495,433.0,Medio
EXP-00960,YUMBO,ALIMENTOS,Juzgado_1_Familia,2024,62,1.35,11,0,520,1,0,12,2,494,482.25,Medio
EXP-03934,PALMIRA,ALIMENTOS,Juzgado_1_Familia,2022,74,1.35,7,1,536,1,0,8,2,493,482.25,Medio
EXP-01043,CALI,ALIMENTOS,Juzgado_1_Familia,2020,82,1.35,7,1,525,1,0,1,2,492,482.25,Medio
EXP-02309,CANDELARIA,HURTO_PATRIMONIAL,Comisaria_2_Familia,2024,48,0.9,11,0,458,1,1,2,1,492,388.25,Medio
EXP-02763,ZARZAL,ALIMENTOS,Juzgado_Penal_Municipal_1,2023,33,1.25,8,1,541,1,0,13,5,492,433.0,Medio
EXP-03344,ZARZAL,ALIMENTOS,Juzgado_Penal_Municipal_1,2023,33,1.25,8,1,390,1,0,13,5,492,433.0,Medio
EXP-02730,FLORIDA,ALIMENTOS,Juzgado_Penal_Municipal_2,2022,44,1.05,8,1,431,1,0,5,6,490,378.75,Medio
EXP-03032,PALMIRA,ALIMENTOS,Juzgado_1_Familia,2021,74,1.35,7,1,533,1,0,8,2,490,482.25,Medio
EXP-01602,TULUA,HURTO_PATRIMONIAL,Juzgado_3_Familia,2022,71,0.95,11,0,503,1,1,11,4,489,422.5,Medio
EXP-01959,BUENAVENTURA,ALIMENTOS,Juzgado_1_Familia,2022,89,1.35,7,1,494,1,0,0,2,489,482.25,Medio
EXP-00671,JAMUNDI,ALIMENTOS,Juzgado_1_Familia,2024,67,1.35,11,0,513,1,0,7,2,488,482.25,Medio
EXP-00765,YUMBO,ALIMENTOS,Juzgado_3_Familia,2023,62,0.95,11,0,494,1,0,12,4,488,362.0,Medio
EXP-01451,CALI,ALIMENTOS,Juzgado_1_Familia,2023,82,1.35,11,0,473,1,0,1,2,488,482.25,Medio
EXP-02527,JAMUNDI,ALIMENTOS,Juzgado_1_Familia,2024,67,1.35,11,0,499,1,0,7,2,488,482.25,Medio
EXP-02925,TULUA,ALIMENTOS,Juzgado_Penal_Municipal_1,2022,71,1.25,7,1,620,1,0,11,5,488,433.0,Medio
EXP-03418,ZARZAL,ALIMENTOS,Juzgado_2_Familia,2022,33,1.2,7,1,448,1,0,13,3,487,410.0,Medio
EXP-01950,CALI,ALIMENTOS,Juzgado_Penal_Municipal_2,2024,82,1.05,11,0,419,1,0,1,6,486,378.75,Medio
EXP-01969,CALI,ALIMENTOS,Juzgado_2_Familia,2020,82,1.2,7,1,537,1,0,1,3,486,410.0,Medio
EXP-02239,CALI,ALIMENTOS,Juzgado_Penal_Municipal_2,2023,82,1.05,11,0,537,1,0,1,6,486,378.75,Medio
EXP-01540,FLORIDA,HURTO_PATRIMONIAL,Comisaria_1_Familia,2024,44,1.1,11,0,535,1,1,5,0,485,440.0,Medio
EXP-01759,SEVILLA,ALIMENTOS,Juzgado_2_Familia,2024,35,1.2,7,1,364,1,0,10,3,483,410.0,Medio
EXP-02869,TULUA,ALIMENTOS,Juzgado_Penal_Municipal_1,2024,71,1.25,11,0,482,1,0,11,5,482,433.0,Medio
EXP-04072,CANDELARIA,ALIMENTOS,Comisaria_1_Familia,2020,48,1.1,7,1,505,1,0,2,0,482,412.5,Medio
EXP-04543,TULUA,ALIMENTOS,Juzgado_Penal_Municipal_1,2023,71,1.25,11,0,498,1,0,11,5,482,433.0,Medio
EXP-02476,TULUA,ALIMENTOS,Juzgado_Penal_Municipal_1,2023,71,1.25,7,1,464,1,0,11,5,481,433.0,Medio
EXP-01677,EL CERRITO,HURTO_PATRIMONIAL,Juzgado_Penal_Municipal_2,2022,41,1.05,11,0,452,1,1,4,6,479,409.5,Medio
EXP-02604,CANDELARIA,ALIMENTOS,Comisaria_1_Familia,2024,48,1.1,11,0,505,1,0,2,0,478,412.5,Medio
EXP-01431,CANDELARIA,ALIMENTOS,Juzgado_2_Familia,2021,48,1.2,7,1,491,1,0,2,3,476,410.0,Medio
EXP-02265,TULUA,ALIMENTOS,Juzgado_2_Familia,2023,71,1.2,7,1,482,1,0,11,3,476,410.0,Medio
EXP-00064,JAMUNDI,ALIMENTOS,Juzgado_3_Familia,2024,67,0.95,11,0,486,1,0,7,4,473,362.0,Medio
EXP-01834,JAMUNDI,ALIMENTOS,Comisaria_2_Familia,2023,67,0.9,11,0,457,1,0,7,1,473,341.0,Medio
EXP-03239,CARTAGO,ALIMENTOS,Comisaria_1_Familia,2021,58,1.1,7,1,467,1,0,3,0,472,412.5,Medio
EXP-03607,YUMBO,ALIMENTOS,Comisaria_1_Familia,2023,62,1.1,7,1,491,1,0,12,0,472,412.5,Medio
EXP-00421,GUADALAJARA DE BUGA,ALIMENTOS,Comisaria_1_Familia,2024,53,1.1,7,1,519,1,0,6,0,471,412.5,Medio
EXP-01621,PALMIRA,ALIMENTOS,Juzgado_Penal_Municipal_2,2024,74,1.05,7,1,386,1,0,8,6,471,378.75,Medio
EXP-01899,FLORIDA,ALIMENTOS,Comisaria_1_Familia,2022,44,1.1,7,1,443,1,0,5,0,471,412.5,Medio
EXP-02352,CARTAGO,ALIMENTOS,Comisaria_1_Familia,2024,58,1.1,7,1,485,1,0,3,0,471,412.5,Medio
EXP-03952,ZARZAL,ALIMENTOS,Juzgado_2_Familia,2024,33,1.2,7,1,529,1,0,13,3,471,410.0,Medio
EXP-04671,JAMUNDI,ALIMENTOS,Juzgado_Penal_Municipal_1,2022,67,1.25,11,0,433,1,0,7,5,471,433.0,Medio
EXP-01525,BUENAVENTURA,ALIMENTOS,Juzgado_3_Familia,2022,89,0.95,7,1,506,1,0,0,4,470,362.0,Medio
EXP-00449,CANDELARIA,ALIMENTOS,Juzgado_2_Familia,2020,48,1.2,7,1,393,1,0,2,3,469,410.0,Medio
EXP-04058,CARTAGO,HURTO_PATRIMONIAL,Juzgado_3_Familia,2022,58,0.95,7,1,421,1,1,3,4,469,422.5,Medio
EXP-01502,SEVILLA,ALIMENTOS,Juzgado_Penal_Municipal_1,2024,35,1.25,11,0,486,1,0,10,5,468,433.0,Medio
EXP-03830,FLORIDA,ALIMENTOS,Comisaria_1_Familia,2023,44,1.1,7,1,518,1,0,5,0,467,412.5,Medio
EXP-03583,YUMBO,ALIMENTOS,Comisaria_2_Familia,2022,62,0.9,7,1,414,1,0,12,1,466,341.0,Medio
EXP-04678,TULUA,ALIMENTOS,Juzgado_Penal_Municipal_2,2023,71,1.05,10,0,516,1,0,11,6,466,378.75,Medio
EXP-03554,EL CERRITO,ALIMENTOS,Comisaria_2_Familia,2022,41,0.9,7,1,457,1,0,4,1,465,341.0,Medio
EXP-00526,JAMUNDI,ALIMENTOS,Juzgado_Penal_Municipal_1,2021,67,1.25,7,1,494,1,0,7,5,463,433.0,Medio
EXP-01510,PALMIRA,ALIMENTOS,Juzgado_Penal_Municipal_1,2024,74,1.25,6,1,467,1,0,8,5,463,433.0,Medio
EXP-02004,ZARZAL,ALIMENTOS,Juzgado_3_Familia,2021,33,0.95,11,0,499,1,0,13,4,463,362.0,Medio
EXP-03768,SEVILLA,ALIMENTOS,Juzgado_Penal_Municipal_1,2024,35,1.25,7,1,413,1,0,10,5,463,433.0,Medio
EXP-03926,PALMIRA,SUSTANCIAS,Juzgado_1_Familia,2024,74,1.35,11,0,505,1,2,8,2,463,336.0,Medio
EXP-04848,SEVILLA,ALIMENTOS,Juzgado_Penal_Municipal_1,2024,35,1.25,7,1,480,1,0,10,5,463,433.0,Medio
EXP-01634,PRADERA,HURTO_PATRIMONIAL,Comisaria_2_Familia,2021,38,0.9,7,1,530,1,1,9,1,462,388.25,Medio
EXP-00488,PRADERA,HURTO_PATRIMONIAL,Juzgado_Penal_Municipal_2,2021,38,1.05,10,0,476,1,1,9,6,461,409.5,Medio
EXP-01581,PALMIRA,ALIMENTOS,Comisaria_1_Familia,2024,74,1.1,7,1,453,1,0,8,0,461,412.5,Medio
EXP-03192,CARTAGO,HURTO_PATRIMONIAL,Juzgado_3_Familia,2023,58,0.95,7,1,496,1,1,3,4,461,422.5,Medio
EXP-00218,CALI,HURTO_PATRIMONIAL,Comisaria_1_Familia,2024,82,1.1,7,1,558,1,1,1,0,460,440.0,Medio
EXP-00284,CARTAGO,ALIMENTOS,Juzgado_3_Familia,2024,58,0.95,7,1,261,0,0,3,4,460,362.0,Medio
EXP-00319,JAMUNDI,ALIMENTOS,Comisaria_1_Familia,2023,67,1.1,7,1,411,1,0,7,0,460,412.5,Medio
EXP-00637,CALI,ALIMENTOS,Comisaria_1_Familia,2021,82,1.1,7,1,489,0,0,1,0,460,412.5,Medio
EXP-02280,YUMBO,ALIMENTOS,Juzgado_2_Familia,2024,62,1.2,7,1,519,1,0,12,3,460,410.0,Medio
EXP-03122,CARTAGO,ALIMENTOS,Juzgado_3_Familia,2023,58,0.95,7,1,470,1,0,3,4,460,362.0,Medio
EXP-03336,CALI,ALIMENTOS,Comisaria_1_Familia,2023,82,1.1,7,1,406,1,0,1,0,460,412.5,Medio
EXP-04459,CALI,ALIMENTOS,Comisaria_1_Familia,2023,82,1.1,7,1,431,1,0,1,0,460,412.5,Medio
EXP-04486,CALI,ALIMENTOS,Comisaria_1_Familia,2024,82,1.1,7,1,495,1,0,1,0,460,412.5,Medio
EXP-04584,BUENAVENTURA,ALIMENTOS,Comisaria_1_Familia,2024,89,1.1,7,1,401,1,0,0,0,460,412.5,Medio
EXP-00053,CALI,HURTO_PATRIMONIAL,Comisaria_1_Familia,2022,82,1.1,7,1,404,1,1,1,0,459,440.0,Medio
EXP-02431,GUADALAJARA DE BUGA,HURTO_PATRIMONIAL,Comisaria_2_Familia,2023,53,0.9,7,1,495,1,1,6,1,459,388.25,Medio
EXP-04210,TULUA,ALIMENTOS,Juzgado_Penal_Municipal_2,2022,71,1.05,10,0,411,1,0,11,6,459,378.75,Medio
EXP-00271,YUMBO,ALIMENTOS,Juzgado_Penal_Municipal_1,2023,62,1.25,7,1,532,1,0,12,5,458,433.0,Medio
EXP-00418,BUENAVENTURA,ALIMENTOS,Juzgado_2_Familia,2024,89,1.2,7,1,628,1,0,0,3,458,410.0,Medio
EXP-00730,CALI,HURTO_PATRIMONIAL,Comisaria_1_Familia,2021,82,1.1,7,1,491,1,1,1,0,458,440.0,Medio
EXP-00997,GUADALAJARA DE BUGA,HURTO_PATRIMONIAL,Comisaria_1_Familia,2023,53,1.1,10,0,474,1,1,6,0,458,440.0,Medio
EXP-01025,FLORIDA,ALIMENTOS,Juzgado_Penal_Municipal_1,2021,44,1.25,7,1,445,1,0,5,5,458,433.0,Medio
EXP-01791,BUENAVENTURA,HURTO_PATRIMONIAL,Juzgado_Penal_Municipal_2,2023,89,1.05,7,1,453,1,1,0,6,458,409.5,Medio
EXP-01892,BUENAVENTURA,ALIMENTOS,Juzgado_2_Familia,2024,89,1.2,7,1,571,1,0,0,3,458,410.0,Medio
EXP-03463,FLORIDA,ALIMENTOS,Comisaria_1_Familia,2020,44,1.1,7,1,435,1,0,5,0,458,412.5,Medio
EXP-00024,CARTAGO,ALIMENTOS,Juzgado_Penal_Municipal_1,2023,58,1.25,7,1,424,1,0,3,5,457,433.0,Medio
EXP-00468,EL CERRITO,ALIMENTOS,Juzgado_3_Familia,2023,41,0.95,7,1,389,1,0,4,4,457,362.0,Medio
EXP-01248,EL CERRITO,ALIMENTOS,Juzgado_3_Familia,2023,41,0.95,7,1,515,1,0,4,4,457,362.0,Medio
EXP-01813,ZARZAL,ALIMENTOS,Juzgado_3_Familia,2024,33,0.95,8,1,602,1,0,13,4,457,362.0,Medio
EXP-02044,CANDELARIA,ALIMENTOS,Juzgado_Penal_Municipal_2,2021,48,1.05,7,1,513,1,0,2,6,457,378.75,Medio
EXP-02416,BUENAVENTURA,ALIMENTOS,Juzgado_3_Familia,2024,89,0.95,7,1,361,1,0,0,4,457,362.0,Medio
EXP-02651,CARTAGO,ALIMENTOS,Juzgado_Penal_Municipal_1,2023,58,1.25,7,1,417,1,0,3,5,457,433.0,Medio
EXP-03391,EL CERRITO,ALIMENTOS,Juzgado_3_Familia,2023,41,0.95,7,1,450,1,0,4,4,457,362.0,Medio
EXP-04070,EL CERRITO,ALIMENTOS,Juzgado_3_Familia,2023,41,0.95,7,1,468,1,0,4,4,457,362.0,Medio
EXP-03151,FLORIDA,ALIMENTOS,Juzgado_3_Familia,2024,44,0.95,11,0,519,1,0,5,4,456,362.0,Medio
EXP-04901,GUADALAJARA DE BUGA,ALIMENTOS,Juzgado_Penal_Municipal_1,2023,53,1.25,10,0,483,1,0,6,5,456,433.0,Medio
EXP-04819,BUENAVENTURA,VIF,Juzgado_Penal_Municipal_1,2024,89,1.25,11,0,451,1,3,0,5,455,306.0,Medio
EXP-00915,SEVILLA,ALIMENTOS,Juzgado_3_Familia,2023,35,0.95,11,0,451,1,0,10,4,454,362.0,Medio
EXP-01655,BUENAVENTURA,HURTO_PATRIMONIAL,Juzgado_3_Familia,2024,89,0.95,10,0,438,1,1,0,4,454,422.5,Medio
EXP-01926,EL CERRITO,HURTO_PATRIMONIAL,Juzgado_Penal_Municipal_2,2024,41,1.05,10,0,385,1,1,4,6,454,409.5,Medio
EXP-02520,GUADALAJARA DE BUGA,ALIMENTOS,Juzgado_2_Familia,2022,53,1.2,7,1,406,1,0,6,3,454,410.0,Medio
EXP-03027,YUMBO,HURTO_PATRIMONIAL,Comisaria_2_Familia,2024,62,0.9,7,1,348,1,1,12,1,454,388.25,Medio
EXP-04301,PALMIRA,ALIMENTOS,Juzgado_2_Familia,2022,74,1.2,6,1,456,1,0,8,3,454,410.0,Medio
EXP-04501,PRADERA,HURTO_PATRIMONIAL,Comisaria_2_Familia,2024,38,0.9,7,1,557,0,1,9,1,454,388.25,Medio
EXP-00980,CARTAGO,HURTO_PATRIMONIAL,Comisaria_1_Familia,2023,58,1.1,10,0,456,1,1,3,0,453,440.0,Medio
EXP-01137,CARTAGO,ALIMENTOS,Comisaria_2_Familia,2023,58,0.9,7,1,453,1,0,3,1,453,341.0,Medio
EXP-03625,CALI,ALIMENTOS,Comisaria_1_Familia,2023,82,1.1,10,0,420,1,0,1,0,453,412.5,Medio
EXP-01852,BUENAVENTURA,ALIMENTOS,Juzgado_Penal_Municipal_2,2024,89,1.05,7,1,461,1,0,0,6,452,378.75,Medio
EXP-03757,PALMIRA,ALIMENTOS,Juzgado_Penal_Municipal_1,2021,74,1.25,10,0,459,1,0,8,5,452,433.0,Medio
EXP-04498,TULUA,ALIMENTOS,Juzgado_Penal_Municipal_1,2023,71,1.25,6,1,510,1,0,11,5,452,433.0,Medio
EXP-00317,CALI,HURTO_PATRIMONIAL,Juzgado_Penal_Municipal_2,2024,82,1.05,7,1,461,0,1,1,6,451,409.5,Medio
EXP-01921,CANDELARIA,ALIMENTOS,Juzgado_Penal_Municipal_1,2021,48,1.25,7,1,459,1,0,2,5,451,433.0,Medio
EXP-04591,CANDELARIA,ALIMENTOS,Comisaria_2_Familia,2024,48,0.9,7,1,443,1,0,2,1,450,341.0,Medio
EXP-02186,GUADALAJARA DE BUGA,HURTO_PATRIMONIAL,Juzgado_3_Familia,2024,53,0.95,7,1,590,1,1,6,4,449,422.5,Medio
EXP-03537,TULUA,ALIMENTOS,Juzgado_3_Familia,2023,71,0.95,7,1,385,1,0,11,4,449,362.0,Medio
EXP-01306,YUMBO,HURTO_PATRIMONIAL,Juzgado_3_Familia,2023,62,0.95,10,0,429,1,1,12,4,448,422.5,Medio
EXP-01866,BUENAVENTURA,ALIMENTOS,Comisaria_1_Familia,2020,89,1.1,10,0,476,1,0,0,0,448,412.5,Medio
EXP-03754,BUENAVENTURA,ALIMENTOS,Comisaria_1_Familia,2020,89,1.1,10,0,453,1,0,0,0,448,412.5,Medio
EXP-00556,PRADERA,ALIMENTOS,Juzgado_3_Familia,2024,38,0.95,7,1,474,1,0,9,4,447,362.0,Medio
EXP-00746,TULUA,HURTO_PATRIMONIAL,Comisaria_2_Familia,2021,71,0.9,10,0,413,1,1,11,1,447,388.25,Medio
EXP-01831,CANDELARIA,ALIMENTOS,Juzgado_3_Familia,2020,48,0.95,11,0,453,1,0,2,4,447,362.0,Medio
EXP-04710,ZARZAL,ALIMENTOS,Juzgado_2_Familia,2024,33,1.2,10,0,410,1,0,13,3,447,410.0,Medio
EXP-01680,SEVILLA,HURTO_PATRIMONIAL,Juzgado_3_Familia,2024,35,0.95,7,1,473,1,1,10,4,446,422.5,Medio
EXP-01993,SEVILLA,ALIMENTOS,Juzgado_3_Familia,2023,35,0.95,7,1,494,1,0,10,4,446,362.0,Medio
EXP-03610,CALI,ALIMENTOS,Juzgado_2_Familia,2024,82,1.2,10,0,466,1,0,1,3,446,410.0,Medio
EXP-04146,CALI,ALIMENTOS,Juzgado_2_Familia,2024,82,1.2,10,0,495,1,0,1,3,446,410.0,Medio
EXP-04208,CALI,HURTO_PATRIMONIAL,Comisaria_2_Familia,2020,82,0.9,10,0,437,1,1,1,1,446,388.25,Medio
EXP-00048,SEVILLA,ALIMENTOS,Juzgado_Penal_Municipal_2,2024,35,1.05,7,1,434,1,0,10,6,444,378.75,Medio
EXP-00219,YUMBO,ALIMENTOS,Juzgado_2_Familia,2022,62,1.2,10,0,390,1,0,12,3,444,410.0,Medio
EXP-00356,CARTAGO,ALIMENTOS,Juzgado_2_Familia,2024,58,1.2,10,0,396,1,0,3,3,444,410.0,Medio
EXP-00447,CANDELARIA,HURTO_PATRIMONIAL,Comisaria_2_Familia,2024,48,0.9,7,1,397,1,1,2,1,444,388.25,Medio
EXP-01109,CALI,ALIMENTOS,Juzgado_Penal_Municipal_2,2023,82,1.05,7,1,463,1,0,1,6,444,378.75,Medio
EXP-02610,CALI,ALIMENTOS,Juzgado_Penal_Municipal_1,2023,82,1.25,10,0,457,1,0,1,5,444,433.0,Medio
EXP-02639,GUADALAJARA DE BUGA,ALIMENTOS,Juzgado_Penal_Municipal_2,2024,53,1.05,7,1,431,1,0,6,6,444,378.75,Medio
EXP-03588,PALMIRA,HURTO_PATRIMONIAL,Juzgado_3_Familia,2021,74,0.95,10,0,423,1,1,8,4,444,422.5,Medio
EXP-03829,TULUA,SUSTANCIAS,Juzgado_Penal_Municipal_1,2023,71,1.25,11,0,436,1,2,11,5,444,318.25,Medio
EXP-04780,TULUA,HURTO_PATRIMONIAL,Comisaria_2_Familia,2022,71,0.9,7,1,487,1,1,11,1,444,388.25,Medio
EXP-00310,PRADERA,ALIMENTOS,Comisaria_1_Familia,2023,38,1.1,7,1,457,1,0,9,0,443,412.5,Medio
EXP-01441,TULUA,ALIMENTOS,Juzgado_2_Familia,2023,71,1.2,6,1,481,1,0,11,3,443,410.0,Medio
EXP-03564,CARTAGO,ALIMENTOS,Juzgado_Penal_Municipal_2,2023,58,1.05,7,1,408,1,0,3,6,443,378.75,Medio
EXP-04159,PRADERA,HURTO_PATRIMONIAL,Comisaria_1_Familia,2023,38,1.1,10,0,512,1,1,9,0,443,440.0,Medio
EXP-00820,BUENAVENTURA,VIF,Juzgado_Penal_Municipal_1,2020,89,1.25,10,0,425,1,3,0,5,442,306.0,Medio
EXP-04987,CALI,ALIMENTOS,Juzgado_2_Familia,2023,82,1.2,6,1,505,1,0,1,3,442,410.0,Medio
EXP-00864,GUADALAJARA DE BUGA,HURTO_PATRIMONIAL,Juzgado_Penal_Municipal_2,2024,53,1.05,7,1,553,1,1,6,6,441,409.5,Medio
EXP-01582,BUENAVENTURA,ALIMENTOS,Juzgado_Penal_Municipal_2,2022,89,1.05,6,1,453,1,0,0,6,441,378.75,Medio
EXP-01992,BUENAVENTURA,ALIMENTOS,Juzgado_Penal_Municipal_2,2022,89,1.05,6,1,491,1,0,0,6,441,378.75,Medio
EXP-03209,GUADALAJARA DE BUGA,HURTO_PATRIMONIAL,Juzgado_Penal_Municipal_2,2024,53,1.05,7,1,420,0,1,6,6,441,409.5,Medio
EXP-03253,BUENAVENTURA,ALIMENTOS,Juzgado_3_Familia,2022,89,0.95,6,1,362,1,0,0,4,441,362.0,Medio
EXP-04404,CARTAGO,ALIMENTOS,Comisaria_1_Familia,2024,58,1.1,10,0,471,1,0,3,0,441,412.5,Medio
EXP-04632,YUMBO,ALIMENTOS,Comisaria_1_Familia,2023,62,1.1,10,0,439,1,0,12,0,441,412.5,Medio
EXP-00122,FLORIDA,ALIMENTOS,Juzgado_Penal_Municipal_2,2024,44,1.05,10,0,410,1,0,5,6,440,378.75,Medio
EXP-02719,PALMIRA,ALIMENTOS,Comisaria_2_Familia,2024,74,0.9,10,0,420,1,0,8,1,440,341.0,Medio
EXP-03005,SEVILLA,ALIMENTOS,Juzgado_2_Familia,2023,35,1.2,10,0,405,1,0,10,3,440,410.0,Medio
EXP-03968,CARTAGO,ALIMENTOS,Juzgado_2_Familia,2021,58,1.2,10,0,479,1,0,3,3,440,410.0,Medio
EXP-04041,PALMIRA,ALIMENTOS,Comisaria_2_Familia,2024,74,0.9,10,0,424,1,0,8,1,440,341.0,Medio
EXP-00458,SEVILLA,ALIMENTOS,Juzgado_Penal_Municipal_1,2024,35,1.25,10,0,412,1,0,10,5,439,433.0,Medio
EXP-02363,SEVILLA,ALIMENTOS,Juzgado_Penal_Municipal_1,2024,35,1.25,10,0,488,1,0,10,5,439,433.0,Medio
EXP-00490,PALMIRA,HURTO_PATRIMONIAL,Juzgado_Penal_Municipal_2,2023,74,1.05,6,1,553,1,1,8,6,438,409.5,Medio
EXP-01840,JAMUNDI,ALIMENTOS,Comisaria_1_Familia,2020,67,1.1,7,1,390,1,0,7,0,438,412.5,Medio
EXP-03052,JAMUNDI,ALIMENTOS,Juzgado_2_Familia,2024,67,1.2,6,1,326,0,0,7,3,438,410.0,Medio
EXP-00390,YUMBO,HURTO_PATRIMONIAL,Comisaria_2_Familia,2021,62,0.9,9,0,471,1,1,12,1,437,388.25,Medio
EXP-00572,CARTAGO,HURTO_PATRIMONIAL,Juzgado_3_Familia,2023,58,0.95,10,0,389,1,1,3,4,437,422.5,Medio
EXP-01371,SEVILLA,ALIMENTOS,Juzgado_Penal_Municipal_2,2024,35,1.05,10,0,450,1,0,10,6,437,378.75,Medio
EXP-01425,ZARZAL,ALIMENTOS,Juzgado_2_Familia,2022,33,1.2,6,1,499,1,0,13,3,437,410.0,Medio
EXP-04947,CALI,ALIMENTOS,Juzgado_3_Familia,2022,82,0.95,10,0,428,1,0,1,4,437,362.0,Medio
EXP-00316,ZARZAL,ALIMENTOS,Comisaria_1_Familia,2024,33,1.1,7,1,449,1,0,13,0,436,412.5,Medio
EXP-00461,ZARZAL,ALIMENTOS,Comisaria_1_Familia,2024,33,1.1,7,1,386,1,0,13,0,436,412.5,Medio
EXP-00485,CANDELARIA,ALIMENTOS,Juzgado_2_Familia,2024,48,1.2,10,0,402,1,0,2,3,436,410.0,Medio
EXP-01319,CARTAGO,HURTO_PATRIMONIAL,Juzgado_3_Familia,2021,58,0.95,10,0,440,1,1,3,4,436,422.5,Medio
EXP-01942,ZARZAL,HURTO_PATRIMONIAL,Juzgado_3_Familia,2020,33,0.95,11,0,382,1,1,13,4,436,422.5,Medio
EXP-02529,PALMIRA,ALIMENTOS,Juzgado_3_Familia,2024,74,0.95,6,1,382,0,0,8,4,436,362.0,Medio
EXP-02633,PALMIRA,ALIMENTOS,Juzgado_3_Familia,2024,74,0.95,6,1,457,1,0,8,4,436,362.0,Medio
EXP-03457,TULUA,HURTO_PATRIMONIAL,Comisaria_2_Familia,2020,71,0.9,8,1,382,1,1,11,1,436,388.25,Medio
EXP-00993,SEVILLA,HURTO_PATRIMONIAL,Juzgado_3_Familia,2020,35,0.95,11,0,438,1,1,10,4,435,422.5,Medio
EXP-02957,FLORIDA,ALIMENTOS,Juzgado_2_Familia,2023,44,1.2,6,1,422,1,0,5,3,435,410.0,Medio
EXP-03250,BUENAVENTURA,ALIMENTOS,Juzgado_3_Familia,2023,89,0.95,10,0,412,1,0,0,4,435,362.0,Medio
EXP-03276,CARTAGO,ALIMENTOS,Juzgado_2_Familia,2021,58,1.2,6,1,435,1,0,3,3,435,410.0,Medio
EXP-00246,YUMBO,ALIMENTOS,Comisaria_1_Familia,2024,62,1.1,6,1,352,1,0,12,0,434,412.5,Medio
EXP-01032,JAMUNDI,ALIMENTOS,Juzgado_3_Familia,2023,67,0.95,10,0,472,1,0,7,4,434,362.0,Medio
EXP-01707,FLORIDA,HURTO_PATRIMONIAL,Comisaria_2_Familia,2020,44,0.9,7,1,442,1,1,5,1,433,388.25,Medio
EXP-00627,JAMUNDI,ALIMENTOS,Juzgado_3_Familia,2020,67,0.95,7,1,468,1,0,7,4,432,362.0,Medio
EXP-01902,GUADALAJARA DE BUGA,ALIMENTOS,Comisaria_1_Familia,2023,53,1.1,6,1,417,1,0,6,0,432,412.5,Medio
EXP-00406,BUENAVENTURA,ALIMENTOS,Juzgado_3_Familia,2024,89,0.95,6,1,410,1,0,0,4,431,362.0,Medio
EXP-01442,BUENAVENTURA,ALIMENTOS,Juzgado_3_Familia,2023,89,0.95,6,1,468,1,0,0,4,431,362.0,Medio
EXP-00829,CANDELARIA,ALIMENTOS,Juzgado_2_Familia,2023,48,1.2,6,1,421,1,0,2,3,430,410.0,Medio
EXP-01313,ZARZAL,ALIMENTOS,Juzgado_2_Familia,2024,33,1.2,6,1,358,1,0,13,3,430,410.0,Medio
EXP-02133,FLORIDA,ALIMENTOS,Comisaria_1_Familia,2022,44,1.1,6,1,468,1,0,5,0,430,412.5,Medio
EXP-03082,CANDELARIA,ALIMENTOS,Juzgado_2_Familia,2023,48,1.2,6,1,489,1,0,2,3,430,410.0,Medio
EXP-04540,FLORIDA,ALIMENTOS,Comisaria_1_Familia,2022,44,1.1,6,1,383,1,0,5,0,430,412.5,Medio
EXP-04883,CANDELARIA,ALIMENTOS,Juzgado_2_Familia,2024,48,1.2,6,1,408,1,0,2,3,430,410.0,Medio
EXP-02886,TULUA,ALIMENTOS,Comisaria_1_Familia,2024,71,1.1,6,1,482,1,0,11,0,428,412.5,Medio
EXP-01826,EL CERRITO,ALIMENTOS,Comisaria_1_Familia,2024,41,1.1,10,0,380,1,0,4,0,427,412.5,Medio
EXP-04117,CARTAGO,ALIMENTOS,Juzgado_3_Familia,2024,58,0.95,6,1,298,1,0,3,4,427,362.0,Medio
EXP-00062,CARTAGO,HURTO_PATRIMONIAL,Juzgado_3_Familia,2023,58,0.95,6,1,413,1,1,3,4,426,422.5,Medio
EXP-01267,GUADALAJARA DE BUGA,ALIMENTOS,Juzgado_Penal_Municipal_2,2020,53,1.05,7,1,378,1,0,6,6,425,378.75,Medio
EXP-01356,PRADERA,ALIMENTOS,Juzgado_2_Familia,2021,38,1.2,6,1,475,1,0,9,3,425,410.0,Medio
EXP-03706,CALI,ALIMENTOS,Juzgado_Penal_Municipal_2,2022,82,1.05,6,1,368,1,0,1,6,425,378.75,Medio
EXP-03125,FLORIDA,ALIMENTOS,Comisaria_1_Familia,2021,44,1.1,10,0,387,1,0,5,0,424,412.5,Medio
EXP-03075,YUMBO,ALIMENTOS,Comisaria_1_Familia,2020,62,1.1,6,1,510,1,0,12,0,423,412.5,Medio
EXP-00223,YUMBO,ALIMENTOS,Juzgado_Penal_Municipal_2,2024,62,1.05,9,0,315,1,0,12,6,422,378.75,Medio
EXP-00353,YUMBO,ALIMENTOS,Juzgado_Penal_Municipal_2,2023,62,1.05,9,0,493,1,0,12,6,422,378.75,Medio
EXP-02426,JAMUNDI,ALIMENTOS,Juzgado_3_Familia,2024,67,0.95,6,1,347,1,0,7,4,422,362.0,Medio
EXP-02585,JAMUNDI,ALIMENTOS,Juzgado_3_Familia,2024,67,0.95,6,1,397,1,0,7,4,422,362.0,Medio
EXP-00908,JAMUNDI,ALIMENTOS,Comisaria_1_Familia,2024,67,1.1,6,1,417,1,0,7,0,421,412.5,Medio
EXP-01795,EL CERRITO,ALIMENTOS,Juzgado_3_Familia,2023,41,0.95,6,1,408,0,0,4,4,421,362.0,Medio
EXP-03196,CARTAGO,ALIMENTOS,Juzgado_Penal_Municipal_2,2022,58,1.05,6,1,364,1,0,3,6,421,378.75,Medio
EXP-04510,JAMUNDI,ALIMENTOS,Comisaria_1_Familia,2023,67,1.1,6,1,378,1,0,7,0,421,412.5,Medio
EXP-04685,FLORIDA,ALIMENTOS,Juzgado_3_Familia,2020,44,0.95,7,1,348,1,0,5,4,421,362.0,Medio
EXP-03105,CALI,VIF,Juzgado_Penal_Municipal_1,2024,82,1.25,10,0,400,1,3,1,5,420,306.0,Medio
EXP-03181,ZARZAL,ALIMENTOS,Juzgado_3_Familia,2021,33,0.95,10,0,438,1,0,13,4,420,362.0,Medio
EXP-03208,FLORIDA,ALIMENTOS,Comisaria_1_Familia,2021,44,1.1,6,1,378,1,0,5,0,419,412.5,Medio
EXP-04056,CALI,ALIMENTOS,Comisaria_1_Familia,2023,82,1.1,9,0,418,1,0,1,0,418,412.5,Medio
EXP-04068,CALI,ALIMENTOS,Comisaria_1_Familia,2021,82,1.1,9,0,405,1,0,1,0,418,412.5,Medio
EXP-04588,JAMUNDI,ALIMENTOS,Comisaria_2_Familia,2022,67,0.9,6,1,502,1,0,7,1,418,341.0,Medio
EXP-04754,CALI,ALIMENTOS,Comisaria_1_Familia,2024,82,1.1,9,0,388,1,0,1,0,418,412.5,Medio
EXP-01666,YUMBO,HURTO_PATRIMONIAL,Comisaria_2_Familia,2023,62,0.9,9,0,422,1,1,12,1,417,388.25,Medio
EXP-02667,CALI,VIF,Juzgado_1_Familia,2023,82,1.35,10,0,423,1,3,1,2,417,325.75,Medio
EXP-03761,CALI,VIF,Juzgado_1_Familia,2023,82,1.35,10,0,512,1,3,1,2,417,325.75,Medio
EXP-03202,CARTAGO,ALIMENTOS,Juzgado_3_Familia,2021,58,0.95,6,1,491,1,0,3,4,416,362.0,Medio
EXP-04334,TULUA,HURTO_PATRIMONIAL,Juzgado_Penal_Municipal_2,2022,71,1.05,9,0,409,1,1,11,6,416,409.5,Medio
EXP-01872,BUENAVENTURA,ALIMENTOS,Comisaria_2_Familia,2023,89,0.9,6,1,379,1,0,0,1,415,341.0,Medio
EXP-02082,CALI,ALIMENTOS,Comisaria_1_Familia,2022,82,1.1,9,0,461,1,0,1,0,415,412.5,Medio
EXP-04322,JAMUNDI,ALIMENTOS,Comisaria_2_Familia,2023,67,0.9,6,1,442,1,0,7,1,415,341.0,Medio
EXP-04443,JAMUNDI,ALIMENTOS,Comisaria_2_Familia,2024,67,0.9,6,1,348,0,0,7,1,415,341.0,Medio
EXP-01552,CANDELARIA,ALIMENTOS,Comisaria_2_Familia,2022,48,0.9,6,1,413,1,0,2,1,414,341.0,Medio
EXP-04303,CALI,HURTO_PATRIMONIAL,Juzgado_Penal_Municipal_2,2024,82,1.05,9,0,398,1,1,1,6,414,409.5,Medio
EXP-01909,YUMBO,ALIMENTOS,Comisaria_2_Familia,2024,62,0.9,6,1,394,1,0,12,1,413,341.0,Medio
EXP-02118,BUENAVENTURA,VIF,Juzgado_Penal_Municipal_1,2021,89,1.25,9,0,409,1,3,0,5,413,306.0,Medio
EXP-02946,GUADALAJARA DE BUGA,ALIMENTOS,Comisaria_2_Familia,2023,53,0.9,6,1,411,1,0,6,1,413,341.0,Medio
EXP-03021,YUMBO,ALIMENTOS,Comisaria_2_Familia,2023,62,0.9,6,1,450,1,0,12,1,413,341.0,Medio
EXP-04013,TULUA,ALIMENTOS,Juzgado_3_Familia,2022,71,0.95,6,1,375,1,0,11,4,413,362.0,Medio
EXP-04323,PALMIRA,VIF,Juzgado_1_Familia,2023,74,1.35,10,0,429,1,3,8,2,413,325.75,Medio
EXP-04451,BUENAVENTURA,VIF,Juzgado_1_Familia,2023,89,1.35,10,0,405,1,3,0,2,412,325.75,Medio
EXP-04213,PALMIRA,HURTO_PATRIMONIAL,Comisaria_2_Familia,2024,74,0.9,6,1,418,1,1,8,1,411,388.25,Medio
EXP-01981,JAMUNDI,ALIMENTOS,Juzgado_Penal_Municipal_2,2023,67,1.05,6,1,429,1,0,7,6,409,378.75,Medio
EXP-02035,JAMUNDI,ALIMENTOS,Juzgado_Penal_Municipal_2,2024,67,1.05,6,1,470,1,0,7,6,409,378.75,Medio
EXP-04592,PALMIRA,ALIMENTOS,Comisaria_2_Familia,2024,74,0.9,6,1,435,0,0,8,1,409,341.0,Medio
EXP-01998,TULUA,ALIMENTOS,Juzgado_Penal_Municipal_2,2022,71,1.05,6,1,347,0,0,11,6,408,378.75,Medio
EXP-02158,YUMBO,ALIMENTOS,Juzgado_Penal_Municipal_2,2021,62,1.05,6,1,355,1,0,12,6,408,378.75,Medio
EXP-02251,EL CERRITO,VIF,Juzgado_1_Familia,2024,41,1.35,10,0,492,1,3,4,2,408,325.75,Medio
EXP-02813,TULUA,ALIMENTOS,Juzgado_Penal_Municipal_2,2022,71,1.05,6,1,428,1,0,11,6,408,378.75,Medio
EXP-02998,CALI,VIF,Juzgado_2_Familia,2024,82,1.2,10,0,435,1,3,1,3,408,296.5,Medio
EXP-04902,CALI,HURTO_PATRIMONIAL,Comisaria_2_Familia,2023,82,0.9,6,1,424,1,1,1,1,408,388.25,Medio
EXP-00776,BUENAVENTURA,SUSTANCIAS,Juzgado_Penal_Municipal_2,2021,89,1.05,9,0,419,1,2,0,6,407,275.0,Medio
EXP-01040,SEVILLA,ALIMENTOS,Juzgado_3_Familia,2021,35,0.95,10,0,372,1,0,10,4,407,362.0,Medio
EXP-04019,ZARZAL,ALIMENTOS,Juzgado_Penal_Municipal_2,2021,33,1.05,6,1,463,1,0,13,6,407,378.75,Medio
EXP-03689,TULUA,ALIMENTOS,Juzgado_3_Familia,2024,71,0.95,9,0,387,1,0,11,4,406,362.0,Medio
EXP-04524,FLORIDA,VIF,Juzgado_1_Familia,2023,44,1.35,10,0,416,1,3,5,2,406,325.75,Medio
EXP-03279,FLORIDA,SUSTANCIAS,Juzgado_1_Familia,2022,44,1.35,10,0,367,1,2,5,2,405,336.0,Medio
EXP-01101,JAMUNDI,ALIMENTOS,Juzgado_Penal_Municipal_2,2022,67,1.05,6,1,338,1,0,7,6,404,378.75,Medio
EXP-04529,PRADERA,ALIMENTOS,Juzgado_3_Familia,2022,38,0.95,6,1,450,1,0,9,4,403,362.0,Medio
EXP-02303,TULUA,ALIMENTOS,Juzgado_3_Familia,2022,71,0.95,9,0,429,1,0,11,4,402,362.0,Medio
EXP-02852,FLORIDA,ALIMENTOS,Juzgado_3_Familia,2022,44,0.95,6,1,385,1,0,5,4,402,362.0,Medio
EXP-00378,EL CERRITO,HURTO_PATRIMONIAL,Comisaria_2_Familia,2024,41,0.9,6,1,414,1,1,4,1,401,388.25,Medio
EXP-01061,TULUA,ALIMENTOS,Comisaria_2_Familia,2021,71,0.9,9,0,459,1,0,11,1,401,341.0,Medio
EXP-01725,YUMBO,ALIMENTOS,Juzgado_Penal_Municipal_2,2022,62,1.05,6,1,449,1,0,12,6,401,378.75,Medio
EXP-02034,EL CERRITO,HURTO_PATRIMONIAL,Comisaria_2_Familia,2024,41,0.9,6,1,299,1,1,4,1,401,388.25,Medio
EXP-04650,ZARZAL,HURTO_PATRIMONIAL,Comisaria_2_Familia,2023,33,0.9,9,0,426,1,1,13,1,401,388.25,Medio
EXP-02073,CALI,ALIMENTOS,Juzgado_Penal_Municipal_2,2022,82,1.05,9,0,404,1,0,1,6,400,378.75,Medio
EXP-02694,CALI,ALIMENTOS,Juzgado_Penal_Municipal_2,2020,82,1.05,6,1,375,0,0,1,6,400,378.75,Medio
EXP-04164,YUMBO,ALIMENTOS,Juzgado_Penal_Municipal_2,2023,62,1.05,6,1,414,1,0,12,6,400,378.75,Medio
EXP-00995,CALI,VIF,Juzgado_Penal_Municipal_1,2021,82,1.25,9,0,382,1,3,1,5,399,306.0,Medio
EXP-01166,FLORIDA,ALIMENTOS,Juzgado_3_Familia,2023,44,0.95,6,1,410,1,0,5,4,398,362.0,Medio
EXP-01375,PALMIRA,ALIMENTOS,Comisaria_2_Familia,2024,74,0.9,9,0,353,1,0,8,1,398,341.0,Medio
EXP-01742,BUENAVENTURA,ALIMENTOS,Juzgado_Penal_Municipal_2,2020,89,1.05,6,1,394,1,0,0,6,398,378.75,Medio
EXP-02315,BUENAVENTURA,VIF,Comisaria_1_Familia,2021,89,1.1,9,0,403,1,3,0,0,398,279.0,Medio
EXP-03140,BUENAVENTURA,ALIMENTOS,Juzgado_3_Familia,2023,89,0.95,9,0,374,1,0,0,4,398,362.0,Medio
EXP-00469,PALMIRA,VIF,Juzgado_2_Familia,2021,74,1.2,10,0,375,1,3,8,3,397,296.5,Medio
EXP-03029,SEVILLA,HURTO_PATRIMONIAL,Comisaria_2_Familia,2023,35,0.9,9,0,398,1,1,10,1,397,388.25,Medio
EXP-03247,JAMUNDI,SUSTANCIAS,Juzgado_3_Familia,2024,67,0.95,10,0,409,1,2,7,4,397,288.5,Medio
EXP-00260,YUMBO,HURTO_PATRIMONIAL,Comisaria_2_Familia,2021,62,0.9,8,0,458,1,1,12,1,395,388.25,Medio
EXP-00941,BUENAVENTURA,ALIMENTOS,Juzgado_3_Familia,2022,89,0.95,5,1,481,1,0,0,4,395,362.0,Medio
EXP-03378,ZARZAL,ALIMENTOS,Juzgado_3_Familia,2022,33,0.95,6,1,503,1,0,13,4,395,362.0,Medio
EXP-04080,YUMBO,HURTO_PATRIMONIAL,Comisaria_2_Familia,2021,62,0.9,8,0,400,1,1,12,1,395,388.25,Medio
EXP-00553,PALMIRA,SUSTANCIAS,Juzgado_2_Familia,2022,74,1.2,9,0,458,1,2,8,3,394,321.0,Medio
EXP-03252,FLORIDA,SUSTANCIAS,Juzgado_2_Familia,2024,44,1.2,10,0,386,1,2,5,3,394,321.0,Medio
EXP-00290,GUADALAJARA DE BUGA,ALIMENTOS,Comisaria_2_Familia,2023,53,0.9,9,0,414,1,0,6,1,393,341.0,Medio
EXP-01377,GUADALAJARA DE BUGA,ALIMENTOS,Comisaria_2_Familia,2024,53,0.9,9,0,421,1,0,6,1,393,341.0,Medio
EXP-02644,YUMBO,ALIMENTOS,Juzgado_3_Familia,2023,62,0.95,6,1,247,1,0,12,4,393,362.0,Medio
EXP-00713,GUADALAJARA DE BUGA,ALIMENTOS,Juzgado_Penal_Municipal_2,2024,53,1.05,9,0,443,1,0,6,6,392,378.75,Medio
EXP-01682,ZARZAL,ALIMENTOS,Comisaria_2_Familia,2021,33,0.9,6,1,393,0,0,13,1,392,341.0,Medio
EXP-04132,PRADERA,ALIMENTOS,Juzgado_Penal_Municipal_2,2024,38,1.05,6,1,359,1,0,9,6,392,378.75,Medio
EXP-00115,SEVILLA,ALIMENTOS,Juzgado_Penal_Municipal_2,2023,35,1.05,6,1,386,1,0,10,6,391,378.75,Medio
EXP-00116,ZARZAL,ALIMENTOS,Comisaria_2_Familia,2022,33,0.9,6,1,362,1,0,13,1,391,341.0,Medio
EXP-00373,FLORIDA,VIF,Juzgado_1_Familia,2021,44,1.35,9,0,412,1,3,5,2,391,325.75,Medio
EXP-01303,SEVILLA,ALIMENTOS,Juzgado_Penal_Municipal_2,2023,35,1.05,6,1,380,1,0,10,6,391,378.75,Medio
EXP-00719,FLORIDA,ALIMENTOS,Juzgado_Penal_Municipal_2,2024,44,1.05,9,0,450,1,0,5,6,390,378.75,Medio
EXP-02601,BUENAVENTURA,SUSTANCIAS,Juzgado_1_Familia,2023,89,1.35,9,0,350,1,2,0,2,390,336.0,Medio
EXP-03396,FLORIDA,ALIMENTOS,Juzgado_Penal_Municipal_2,2023,44,1.05,9,0,395,1,0,5,6,390,378.75,Medio
EXP-03017,TULUA,ALIMENTOS,Juzgado_3_Familia,2021,71,0.95,6,1,399,1,0,11,4,389,362.0,Medio
EXP-04222,CALI,ALIMENTOS,Comisaria_2_Familia,2024,82,0.9,9,0,379,1,0,1,1,389,341.0,Medio
EXP-04274,JAMUNDI,VIF,Juzgado_2_Familia,2021,67,1.2,10,0,382,1,3,7,3,389,296.5,Medio
EXP-00576,FLORIDA,ALIMENTOS,Juzgado_3_Familia,2024,44,0.95,9,0,406,1,0,5,4,388,362.0,Medio
EXP-01129,CARTAGO,SUSTANCIAS,Juzgado_1_Familia,2022,58,1.35,9,0,384,1,2,3,2,388,336.0,Medio
EXP-02093,SEVILLA,ALIMENTOS,Comisaria_2_Familia,2024,35,0.9,6,1,348,1,0,10,1,388,341.0,Medio
EXP-03982,SEVILLA,ALIMENTOS,Comisaria_2_Familia,2023,35,0.9,6,1,441,1,0,10,1,388,341.0,Medio
EXP-00126,CARTAGO,ALIMENTOS,Juzgado_3_Familia,2022,58,0.95,9,0,363,1,0,3,4,387,362.0,Medio
EXP-03451,SEVILLA,ALIMENTOS,Juzgado_Penal_Municipal_2,2023,35,1.05,9,0,377,1,0,10,6,387,378.75,Medio
EXP-00836,PRADERA,VIF,Juzgado_1_Familia,2021,38,1.35,9,0,393,1,3,9,2,386,325.75,Medio
EXP-01039,ZARZAL,SUSTANCIAS,Juzgado_2_Familia,2023,33,1.2,9,0,384,1,2,13,3,386,321.0,Medio
EXP-01765,YUMBO,VIF,Juzgado_Penal_Municipal_1,2023,62,1.25,10,0,327,1,3,12,5,386,306.0,Medio
EXP-01435,GUADALAJARA DE BUGA,ALIMENTOS,Juzgado_Penal_Municipal_2,2022,53,1.05,9,0,335,1,0,6,6,385,378.75,Medio
EXP-01918,FLORIDA,ALIMENTOS,Juzgado_3_Familia,2021,44,0.95,9,0,418,1,0,5,4,385,362.0,Medio
EXP-03002,JAMUNDI,SUSTANCIAS,Juzgado_Penal_Municipal_1,2024,67,1.25,9,0,443,1,2,7,5,385,318.25,Medio
EXP-04923,FLORIDA,SUSTANCIAS,Comisaria_1_Familia,2024,44,1.1,10,0,304,1,2,5,0,385,303.0,Medio
EXP-00424,PALMIRA,VIF,Juzgado_1_Familia,2023,74,1.35,9,0,382,1,3,8,2,384,325.75,Medio
EXP-00442,SEVILLA,VIF,Juzgado_1_Familia,2022,35,1.35,9,0,391,1,3,10,2,384,325.75,Medio
EXP-02437,JAMUNDI,SUSTANCIAS,Comisaria_1_Familia,2022,67,1.1,10,0,348,0,2,7,0,384,303.0,Medio
EXP-02829,JAMUNDI,ALIMENTOS,Juzgado_Penal_Municipal_2,2020,67,1.05,6,1,450,1,0,7,6,384,378.75,Medio
EXP-03445,TULUA,SUSTANCIAS,Juzgado_2_Familia,2021,71,1.2,9,0,374,1,2,11,3,384,321.0,Medio
EXP-04659,PALMIRA,VIF,Juzgado_1_Familia,2024,74,1.35,9,0,388,1,3,8,2,384,325.75,Medio
EXP-00714,GUADALAJARA DE BUGA,SUSTANCIAS,Comisaria_1_Familia,2022,53,1.1,9,0,395,1,2,6,0,383,303.0,Medio
EXP-00768,CALI,VIF,Juzgado_1_Familia,2023,82,1.35,9,0,355,1,3,1,2,383,325.75,Medio
EXP-00850,BUENAVENTURA,SUSTANCIAS,Juzgado_2_Familia,2023,89,1.2,9,0,352,1,2,0,3,383,321.0,Medio
EXP-03026,BUENAVENTURA,SUSTANCIAS,Juzgado_2_Familia,2024,89,1.2,9,0,383,1,2,0,3,383,321.0,Medio
EXP-00575,FLORIDA,ALIMENTOS,Juzgado_3_Familia,2020,44,0.95,9,0,420,1,0,5,4,382,362.0,Medio
EXP-02524,PRADERA,ALIMENTOS,Juzgado_3_Familia,2024,38,0.95,9,0,429,1,0,9,4,382,362.0,Medio
EXP-03999,PRADERA,ALIMENTOS,Comisaria_2_Familia,2024,38,0.9,9,0,370,1,0,9,1,382,341.0,Medio
EXP-04267,BUENAVENTURA,VIF,Juzgado_Penal_Municipal_2,2024,89,1.05,9,0,392,1,3,0,6,382,268.0,Medio
EXP-04787,ZARZAL,ALIMENTOS,Juzgado_3_Familia,2021,33,0.95,9,0,327,1,0,13,4,381,362.0,Medio
EXP-00945,CARTAGO,VIF,Juzgado_1_Familia,2023,58,1.35,9,0,410,1,3,3,2,380,325.75,Medio
EXP-01255,PRADERA,VIF,Juzgado_Penal_Municipal_2,2021,38,1.05,9,0,410,1,3,9,6,380,268.0,Medio
EXP-01350,CANDELARIA,ALIMENTOS,Comisaria_2_Familia,2024,48,0.9,9,0,384,1,0,2,1,380,341.0,Medio
EXP-02501,CARTAGO,VIF,Juzgado_1_Familia,2023,58,1.35,9,0,349,1,3,3,2,380,325.75,Medio
EXP-02703,CANDELARIA,VIF,Juzgado_1_Familia,2021,48,1.35,9,0,401,1,3,2,2,380,325.75,Medio
EXP-03363,CARTAGO,VIF,Juzgado_1_Familia,2024,58,1.35,9,0,388,1,3,3,2,380,325.75,Medio
EXP-03710,CARTAGO,VIF,Juzgado_1_Familia,2022,58,1.35,9,0,374,1,3,3,2,380,325.75,Medio
EXP-04402,CANDELARIA,ALIMENTOS,Comisaria_2_Familia,2023,48,0.9,9,0,353,1,0,2,1,380,341.0,Medio
EXP-02241,BUENAVENTURA,VIF,Juzgado_2_Familia,2024,89,1.2,9,0,425,1,3,0,3,379,296.5,Medio
EXP-04251,TULUA,ALIMENTOS,Juzgado_Penal_Municipal_2,2020,71,1.05,6,1,400,1,0,11,6,379,378.75,Medio
EXP-01016,BUENAVENTURA,SUSTANCIAS,Juzgado_1_Familia,2021,89,1.35,8,0,377,1,2,0,2,378,336.0,Medio
EXP-01938,TULUA,ALIMENTOS,Comisaria_2_Familia,2021,71,0.9,6,1,341,1,0,11,1,378,341.0,Medio
EXP-02202,SEVILLA,VIF,Juzgado_2_Familia,2023,35,1.2,10,0,360,1,3,10,3,378,296.5,Medio
EXP-02984,YUMBO,VIF,Juzgado_1_Familia,2021,62,1.35,9,0,409,1,3,12,2,378,325.75,Medio
EXP-03443,CALI,VIF,Juzgado_1_Familia,2022,82,1.35,9,0,344,1,3,1,2,378,325.75,Medio
EXP-03454,TULUA,ALIMENTOS,Comisaria_2_Familia,2021,71,0.9,6,1,352,1,0,11,1,378,341.0,Medio
EXP-03568,CALI,VIF,Juzgado_1_Familia,2022,82,1.35,9,0,363,1,3,1,2,378,325.75,Medio
EXP-04008,PRADERA,ALIMENTOS,Juzgado_3_Familia,2022,38,0.95,9,0,371,1,0,9,4,378,362.0,Medio
EXP-04645,CALI,ALIMENTOS,Comisaria_2_Familia,2021,82,0.9,9,0,348,1,0,1,1,377,341.0,Medio
EXP-00498,JAMUNDI,VIF,Juzgado_1_Familia,2024,67,1.35,9,0,392,1,3,7,2,376,325.75,Medio
EXP-02346,PRADERA,SUSTANCIAS,Comisaria_2_Familia,2022,38,0.9,9,0,378,1,2,9,1,376,264.75,Medio
EXP-02942,TULUA,VIF,Juzgado_1_Familia,2021,71,1.35,9,0,399,1,3,11,2,375,325.75,Medio
EXP-02366,JAMUNDI,SUSTANCIAS,Juzgado_3_Familia,2024,67,0.95,9,0,376,1,2,7,4,374,288.5,Medio
EXP-03628,TULUA,VIF,Juzgado_Penal_Municipal_1,2021,71,1.25,9,0,348,1,3,11,5,374,306.0,Medio
EXP-00215,CARTAGO,VIF,Juzgado_2_Familia,2022,58,1.2,9,0,369,1,3,3,3,373,296.5,Medio
EXP-00285,BUENAVENTURA,ALIMENTOS,Comisaria_2_Familia,2024,89,0.9,5,1,415,1,0,0,1,373,341.0,Medio
EXP-01000,SEVILLA,VIF,Juzgado_Penal_Municipal_1,2024,35,1.25,9,0,381,1,3,10,5,373,306.0,Medio
EXP-00212,TULUA,ALIMENTOS,Juzgado_3_Familia,2024,71,0.95,8,0,377,1,0,11,4,372,362.0,Medio
EXP-00904,CANDELARIA,VIF,Juzgado_Penal_Municipal_1,2023,48,1.25,9,0,406,1,3,2,5,372,306.0,Medio
EXP-01130,CALI,VIF,Juzgado_Penal_Municipal_1,2020,82,1.25,8,0,406,1,3,1,5,372,306.0,Medio
EXP-01245,CANDELARIA,VIF,Juzgado_Penal_Municipal_1,2024,48,1.25,9,0,324,1,3,2,5,372,306.0,Medio
EXP-03765,TULUA,ALIMENTOS,Juzgado_3_Familia,2024,71,0.95,8,0,359,1,0,11,4,372,362.0,Medio
EXP-04941,TULUA,ALIMENTOS,Juzgado_3_Familia,2023,71,0.95,8,0,421,1,0,11,4,372,362.0,Medio
EXP-01662,JAMUNDI,VIF,Juzgado_2_Familia,2023,67,1.2,9,0,417,1,3,7,3,371,296.5,Medio
EXP-02478,YUMBO,VIF,Juzgado_1_Familia,2022,62,1.35,9,0,328,1,3,12,2,371,325.75,Medio
EXP-03322,ZARZAL,SUSTANCIAS,Juzgado_1_Familia,2021,33,1.35,8,0,364,1,2,13,2,371,336.0,Medio
EXP-04861,PALMIRA,VIF,Juzgado_Penal_Municipal_1,2023,74,1.25,8,0,344,1,3,8,5,371,306.0,Medio
EXP-01976,CARTAGO,SUSTANCIAS,Comisaria_2_Familia,2023,58,0.9,9,0,365,0,2,3,1,370,264.75,Medio
EXP-02641,BUENAVENTURA,ALIMENTOS,Juzgado_3_Familia,2021,89,0.95,5,1,406,1,0,0,4,370,362.0,Medio
EXP-03490,PRADERA,VIF,Juzgado_Penal_Municipal_1,2023,38,1.25,9,0,318,1,3,9,5,370,306.0,Medio
EXP-03567,PRADERA,VIF,Juzgado_Penal_Municipal_1,2024,38,1.25,9,0,398,1,3,9,5,370,306.0,Medio
EXP-01200,CALI,SUSTANCIAS,Juzgado_1_Familia,2020,82,1.35,8,0,395,1,2,1,2,369,336.0,Medio
EXP-01358,GUADALAJARA DE BUGA,VIF,Juzgado_2_Familia,2022,53,1.2,9,0,343,1,3,6,3,367,296.5,Medio
EXP-04163,TULUA,VIF,Juzgado_2_Familia,2024,71,1.2,9,0,386,1,3,11,3,367,296.5,Medio
EXP-00523,CALI,ALIMENTOS,Juzgado_3_Familia,2022,82,0.95,8,0,387,1,0,1,4,366,362.0,Medio
EXP-00948,CALI,ALIMENTOS,Juzgado_3_Familia,2022,82,0.95,8,0,413,1,0,1,4,366,362.0,Medio
EXP-04696,TULUA,ALIMENTOS,Comisaria_2_Familia,2024,71,0.9,8,0,375,1,0,11,1,366,341.0,Medio
EXP-00813,CARTAGO,ALIMENTOS,Juzgado_3_Familia,2023,58,0.95,5,1,400,1,0,3,4,365,362.0,Medio
EXP-01709,PALMIRA,ALIMENTOS,Comisaria_2_Familia,2024,74,0.9,8,0,347,1,0,8,1,365,341.0,Medio
EXP-04657,CARTAGO,ALIMENTOS,Juzgado_3_Familia,2024,58,0.95,5,1,399,1,0,3,4,365,362.0,Medio
EXP-01330,PRADERA,VIF,Juzgado_1_Familia,2020,38,1.35,8,0,373,1,3,9,2,363,325.75,Medio
EXP-00308,PRADERA,SUSTANCIAS,Juzgado_Penal_Municipal_1,2024,38,1.25,8,0,351,1,2,9,5,362,318.25,Medio
EXP-01046,PRADERA,SUSTANCIAS,Juzgado_Penal_Municipal_1,2023,38,1.25,8,0,410,1,2,9,5,362,318.25,Medio
EXP-02055,GUADALAJARA DE BUGA,SUSTANCIAS,Juzgado_1_Familia,2023,53,1.35,8,0,376,1,2,6,2,362,336.0,Medio
EXP-02271,PRADERA,SUSTANCIAS,Juzgado_3_Familia,2024,38,0.95,9,0,301,1,2,9,4,362,288.5,Medio
EXP-03188,BUENAVENTURA,VIF,Juzgado_2_Familia,2021,89,1.2,8,0,395,1,3,0,3,362,296.5,Medio
EXP-03429,SEVILLA,SUSTANCIAS,Juzgado_Penal_Municipal_1,2022,35,1.25,8,0,387,1,2,10,5,362,318.25,Medio
EXP-00851,YUMBO,ALIMENTOS,Comisaria_2_Familia,2023,62,0.9,8,0,331,1,0,12,1,361,341.0,Medio
EXP-02380,YUMBO,SUSTANCIAS,Juzgado_1_Familia,2021,62,1.35,8,0,314,1,2,12,2,361,336.0,Medio
EXP-03300,BUENAVENTURA,SUSTANCIAS,Juzgado_2_Familia,2021,89,1.2,8,0,315,1,2,0,3,360,321.0,Medio
EXP-04131,GUADALAJARA DE BUGA,SUSTANCIAS,Juzgado_1_Familia,2021,53,1.35,8,0,297,1,2,6,2,360,336.0,Medio
EXP-00881,FLORIDA,SUSTANCIAS,Juzgado_1_Familia,2024,44,1.35,8,0,308,1,2,5,2,359,336.0,Medio
EXP-00922,TULUA,SUSTANCIAS,Juzgado_1_Familia,2023,71,1.35,8,0,364,1,2,11,2,359,336.0,Medio
EXP-02016,CARTAGO,SUSTANCIAS,Juzgado_1_Familia,2020,58,1.35,8,0,384,1,2,3,2,359,336.0,Medio
EXP-02223,PRADERA,SUSTANCIAS,Juzgado_2_Familia,2023,38,1.2,8,0,391,1,2,9,3,359,321.0,Medio
EXP-04381,BUENAVENTURA,SUSTANCIAS,Juzgado_1_Familia,2022,89,1.35,8,0,443,1,2,0,2,359,336.0,Medio
EXP-01896,CALI,VIF,Juzgado_Penal_Municipal_1,2022,82,1.25,8,0,410,1,3,1,5,358,306.0,Medio
EXP-01905,CALI,VIF,Juzgado_Penal_Municipal_1,2024,82,1.25,8,0,326,1,3,1,5,358,306.0,Medio
EXP-04794,JAMUNDI,VIF,Juzgado_1_Familia,2020,67,1.35,8,0,365,1,3,7,2,358,325.75,Medio
EXP-00522,GUADALAJARA DE BUGA,ALIMENTOS,Comisaria_2_Familia,2023,53,0.9,5,1,415,1,0,6,1,356,341.0,Medio
EXP-02084,PALMIRA,VIF,Juzgado_1_Familia,2022,74,1.35,8,0,338,1,3,8,2,356,325.75,Medio
EXP-02936,PALMIRA,VIF,Juzgado_1_Familia,2022,74,1.35,8,0,413,1,3,8,2,356,325.75,Medio
EXP-00049,PALMIRA,VIF,Juzgado_1_Familia,2024,74,1.35,8,0,333,1,3,8,2,355,325.75,Medio
EXP-00798,ZARZAL,SUSTANCIAS,Juzgado_2_Familia,2024,33,1.2,8,0,247,1,2,13,3,355,321.0,Medio
EXP-01026,PALMIRA,VIF,Juzgado_1_Familia,2023,74,1.35,8,0,290,1,3,8,2,355,325.75,Medio
EXP-01671,SEVILLA,ALIMENTOS,Comisaria_2_Familia,2024,35,0.9,8,0,352,1,0,10,1,355,341.0,Medio
EXP-01934,SEVILLA,ALIMENTOS,Comisaria_2_Familia,2023,35,0.9,8,0,305,1,0,10,1,355,341.0,Medio
EXP-02739,EL CERRITO,ALIMENTOS,Comisaria_2_Familia,2024,41,0.9,5,1,354,1,0,4,1,355,341.0,Medio
EXP-03162,BUENAVENTURA,SUSTANCIAS,Juzgado_3_Familia,2024,89,0.95,8,0,380,1,2,0,4,355,288.5,Medio
EXP-01761,FLORIDA,VIF,Juzgado_1_Familia,2021,44,1.35,8,0,354,1,3,5,2,354,325.75,Medio
EXP-02924,PALMIRA,SUSTANCIAS,Comisaria_1_Familia,2023,74,1.1,8,0,317,1,2,8,0,354,303.0,Medio
EXP-04739,ZARZAL,VIF,Juzgado_1_Familia,2024,33,1.35,8,0,356,1,3,13,2,354,325.75,Medio
EXP-00147,SEVILLA,SUSTANCIAS,Juzgado_Penal_Municipal_2,2024,35,1.05,8,0,331,1,2,10,6,353,275.0,Medio
EXP-00376,CALI,SUSTANCIAS,Juzgado_Penal_Municipal_1,2022,82,1.25,8,0,384,1,2,1,5,353,318.25,Medio
EXP-00402,TULUA,SUSTANCIAS,Juzgado_Penal_Municipal_2,2024,71,1.05,8,0,353,1,2,11,6,353,275.0,Medio
EXP-01695,FLORIDA,ALIMENTOS,Comisaria_2_Familia,2022,44,0.9,5,1,379,1,0,5,1,353,341.0,Medio
EXP-01731,PRADERA,VIF,Comisaria_1_Familia,2023,38,1.1,9,0,325,1,3,9,0,353,279.0,Medio
EXP-03813,BUENAVENTURA,VIF,Comisaria_1_Familia,2023,89,1.1,8,0,400,1,3,0,0,353,279.0,Medio
EXP-01489,JAMUNDI,SUSTANCIAS,Juzgado_2_Familia,2021,67,1.2,8,0,338,1,2,7,3,352,321.0,Medio
EXP-02805,CALI,ALIMENTOS,Comisaria_2_Familia,2023,82,0.9,5,1,468,1,0,1,1,352,341.0,Medio
EXP-02846,EL CERRITO,VIF,Comisaria_1_Familia,2021,41,1.1,9,0,348,1,3,4,0,352,279.0,Medio
EXP-03420,PALMIRA,VIF,Juzgado_2_Familia,2022,74,1.2,8,0,335,1,3,8,3,352,296.5,Medio
EXP-03647,TULUA,SUSTANCIAS,Comisaria_1_Familia,2024,71,1.1,8,0,341,1,2,11,0,352,303.0,Medio
EXP-04102,PALMIRA,VIF,Juzgado_2_Familia,2022,74,1.2,8,0,282,1,3,8,3,352,296.5,Medio
EXP-00320,BUENAVENTURA,VIF,Juzgado_1_Familia,2023,89,1.35,8,0,325,1,3,0,2,351,325.75,Medio
EXP-00570,FLORIDA,VIF,Juzgado_1_Familia,2022,44,1.35,8,0,352,1,3,5,2,351,325.75,Medio
EXP-03734,CALI,VIF,Comisaria_1_Familia,2022,82,1.1,8,0,273,1,3,1,0,351,279.0,Medio
EXP-04920,BUENAVENTURA,VIF,Juzgado_1_Familia,2024,89,1.35,8,0,408,1,3,0,2,351,325.75,Medio
EXP-00636,TULUA,SUSTANCIAS,Juzgado_3_Familia,2024,71,0.95,8,0,344,1,2,11,4,350,288.5,Medio
EXP-02390,SEVILLA,VIF,Juzgado_Penal_Municipal_1,2024,35,1.25,8,0,347,1,3,10,5,350,306.0,Medio
EXP-02442,GUADALAJARA DE BUGA,SUSTANCIAS,Comisaria_1_Familia,2024,53,1.1,8,0,371,1,2,6,0,350,303.0,Medio
EXP-03235,GUADALAJARA DE BUGA,VIF,Juzgado_1_Familia,2022,53,1.35,8,0,323,1,3,6,2,350,325.75,Medio
EXP-00129,JAMUNDI,ALIMENTOS,Comisaria_2_Familia,2024,67,0.9,8,0,395,1,0,7,1,349,341.0,Medio
EXP-00265,CALI,VIF,Juzgado_2_Familia,2022,82,1.2,8,0,325,1,3,1,3,349,296.5,Medio
EXP-00318,CALI,VIF,Juzgado_2_Familia,2022,82,1.2,8,0,346,1,3,1,3,349,296.5,Medio
EXP-00324,CARTAGO,ALIMENTOS,Comisaria_2_Familia,2023,58,0.9,8,0,423,1,0,3,1,349,341.0,Medio
EXP-00506,BUENAVENTURA,VIF,Juzgado_3_Familia,2023,89,0.95,8,0,356,1,3,0,4,349,255.0,Medio
EXP-01799,GUADALAJARA DE BUGA,VIF,Juzgado_1_Familia,2024,53,1.35,8,0,312,1,3,6,2,349,325.75,Medio
EXP-01849,GUADALAJARA DE BUGA,VIF,Juzgado_1_Familia,2024,53,1.35,8,0,333,1,3,6,2,349,325.75,Medio
EXP-01857,CALI,VIF,Juzgado_1_Familia,2024,82,1.35,8,0,422,1,3,1,2,349,325.75,Medio
EXP-02152,PALMIRA,ALIMENTOS,Comisaria_2_Familia,2024,74,0.9,5,1,322,0,0,8,1,349,341.0,Medio
EXP-03373,JAMUNDI,ALIMENTOS,Comisaria_2_Familia,2023,67,0.9,8,0,342,1,0,7,1,349,341.0,Medio
EXP-03523,YUMBO,VIF,Juzgado_2_Familia,2021,62,1.2,8,0,363,1,3,12,3,349,296.5,Medio
EXP-03966,BUENAVENTURA,VIF,Juzgado_1_Familia,2020,89,1.35,7,0,424,1,3,0,2,349,325.75,Medio
EXP-04614,JAMUNDI,ALIMENTOS,Comisaria_2_Familia,2024,67,0.9,8,0,384,1,0,7,1,349,341.0,Medio
EXP-02293,SEVILLA,VIF,Juzgado_Penal_Municipal_1,2021,35,1.25,8,0,361,1,3,10,5,348,306.0,Medio
EXP-02845,JAMUNDI,SUSTANCIAS,Juzgado_3_Familia,2022,67,0.95,8,0,341,1,2,7,4,348,288.5,Medio
EXP-03015,EL CERRITO,ALIMENTOS,Comisaria_2_Familia,2021,41,0.9,5,1,418,1,0,4,1,348,341.0,Medio
EXP-04585,ZARZAL,VIF,Juzgado_Penal_Municipal_1,2021,33,1.25,8,0,361,1,3,13,5,348,306.0,Medio
EXP-00114,FLORIDA,ALIMENTOS,Comisaria_2_Familia,2023,44,0.9,5,1,338,1,0,5,1,347,341.0,Medio
EXP-00812,FLORIDA,VIF,Juzgado_1_Familia,2024,44,1.35,8,0,357,1,3,5,2,347,325.75,Medio
EXP-00819,EL CERRITO,SUSTANCIAS,Juzgado_Penal_Municipal_1,2023,41,1.25,8,0,384,1,2,4,5,347,318.25,Medio
EXP-01067,FLORIDA,VIF,Juzgado_1_Familia,2023,44,1.35,8,0,255,1,3,5,2,347,325.75,Medio
EXP-02065,GUADALAJARA DE BUGA,VIF,Juzgado_Penal_Municipal_1,2023,53,1.25,8,0,404,1,3,6,5,347,306.0,Medio
EXP-02899,CALI,VIF,Juzgado_2_Familia,2023,82,1.2,8,0,337,1,3,1,3,347,296.5,Medio
EXP-03618,CARTAGO,SUSTANCIAS,Juzgado_Penal_Municipal_1,2024,58,1.25,8,0,373,1,2,3,5,347,318.25,Medio
EXP-04109,JAMUNDI,VIF,Juzgado_2_Familia,2020,67,1.2,8,0,377,1,3,7,3,347,296.5,Medio
EXP-00189,JAMUNDI,VIF,Juzgado_1_Familia,2024,67,1.35,8,0,321,1,3,7,2,346,325.75,Medio
EXP-00357,CANDELARIA,ALIMENTOS,Comisaria_2_Familia,2024,48,0.9,5,1,334,1,0,2,1,346,341.0,Medio
EXP-00489,JAMUNDI,VIF,Juzgado_1_Familia,2023,67,1.35,8,0,378,1,3,7,2,346,325.75,Medio
EXP-00544,CANDELARIA,ALIMENTOS,Comisaria_2_Familia,2024,48,0.9,5,1,281,1,0,2,1,346,341.0,Medio
EXP-02187,GUADALAJARA DE BUGA,VIF,Juzgado_3_Familia,2024,53,0.95,8,0,336,1,3,6,4,346,255.0,Medio
EXP-02659,GUADALAJARA DE BUGA,VIF,Juzgado_3_Familia,2022,53,0.95,8,0,381,1,3,6,4,346,255.0,Medio
EXP-02848,JAMUNDI,VIF,Juzgado_3_Familia,2023,67,0.95,8,0,344,1,3,7,4,346,255.0,Medio
EXP-04135,CARTAGO,ALIMENTOS,Comisaria_2_Familia,2023,58,0.9,5,1,280,1,0,3,1,346,341.0,Medio
EXP-04261,GUADALAJARA DE BUGA,SUSTANCIAS,Comisaria_1_Familia,2022,53,1.1,8,0,387,1,2,6,0,346,303.0,Medio
EXP-04582,TULUA,ALIMENTOS,Comisaria_2_Familia,2023,71,0.9,5,1,362,1,0,11,1,346,341.0,Medio
EXP-00255,JAMUNDI,VIF,Juzgado_3_Familia,2022,67,0.95,8,0,341,1,3,7,4,345,255.0,Medio
EXP-04975,GUADALAJARA DE BUGA,SUSTANCIAS,Juzgado_2_Familia,2024,53,1.2,8,0,405,1,2,6,3,345,321.0,Medio
EXP-00035,PRADERA,ALIMENTOS,Comisaria_2_Familia,2022,38,0.9,5,1,273,1,0,9,1,344,341.0,Medio
EXP-02050,EL CERRITO,SUSTANCIAS,Juzgado_2_Familia,2023,41,1.2,8,0,345,1,2,4,3,344,321.0,Medio
EXP-00667,TULUA,SUSTANCIAS,Comisaria_2_Familia,2023,71,0.9,8,0,363,1,2,11,1,343,264.75,Medio
EXP-03392,TULUA,SUSTANCIAS,Comisaria_2_Familia,2023,71,0.9,8,0,326,1,2,11,1,343,264.75,Medio
EXP-00679,BUENAVENTURA,SUSTANCIAS,Juzgado_Penal_Municipal_1,2020,89,1.25,7,0,381,1,2,0,5,342,318.25,Medio
EXP-01724,BUENAVENTURA,VIF,Juzgado_Penal_Municipal_1,2021,89,1.25,7,0,350,1,3,0,5,342,306.0,Medio
EXP-01954,CANDELARIA,ALIMENTOS,Comisaria_2_Familia,2024,48,0.9,8,0,304,1,0,2,1,342,341.0,Medio
EXP-02926,TULUA,VIF,Juzgado_2_Familia,2021,71,1.2,8,0,368,1,3,11,3,342,296.5,Medio
EXP-03538,YUMBO,VIF,Juzgado_1_Familia,2023,62,1.35,8,0,341,1,3,12,2,342,325.75,Medio
EXP-04731,YUMBO,VIF,Juzgado_1_Familia,2023,62,1.35,8,0,347,1,3,12,2,342,325.75,Medio
EXP-02453,TULUA,VIF,Comisaria_1_Familia,2022,71,1.1,8,0,368,1,3,11,0,341,279.0,Medio
EXP-03328,PALMIRA,SUSTANCIAS,Juzgado_Penal_Municipal_1,2024,74,1.25,7,0,238,1,2,8,5,341,318.25,Medio
EXP-04400,CARTAGO,VIF,Juzgado_Penal_Municipal_1,2023,58,1.25,8,0,391,0,3,3,5,341,306.0,Medio
EXP-04531,CANDELARIA,SUSTANCIAS,Juzgado_1_Familia,2020,48,1.35,8,0,313,0,2,2,2,341,336.0,Medio
EXP-04894,CARTAGO,VIF,Juzgado_Penal_Municipal_1,2023,58,1.25,8,0,324,1,3,3,5,341,306.0,Medio
EXP-00831,SEVILLA,VIF,Juzgado_2_Familia,2022,35,1.2,8,0,339,1,3,10,3,340,296.5,Medio
EXP-02922,PALMIRA,VIF,Juzgado_Penal_Municipal_2,2024,74,1.05,8,0,384,1,3,8,6,340,268.0,Medio
EXP-02954,YUMBO,VIF,Juzgado_Penal_Municipal_1,2023,62,1.25,8,0,350,1,3,12,5,340,306.0,Medio
EXP-04943,YUMBO,VIF,Juzgado_Penal_Municipal_1,2024,62,1.25,8,0,319,1,3,12,5,340,306.0,Medio
EXP-00177,TULUA,VIF,Juzgado_Penal_Municipal_1,2023,71,1.25,8,0,304,1,3,11,5,339,306.0,Medio
EXP-01833,PRADERA,VIF,Juzgado_2_Familia,2022,38,1.2,8,0,379,1,3,9,3,339,296.5,Medio
EXP-03277,TULUA,VIF,Juzgado_Penal_Municipal_1,2024,71,1.25,8,0,327,1,3,11,5,339,306.0,Medio
EXP-03958,GUADALAJARA DE BUGA,VIF,Juzgado_Penal_Municipal_2,2024,53,1.05,8,0,310,1,3,6,6,339,268.0,Medio
EXP-00091,YUMBO,VIF,Comisaria_1_Familia,2024,62,1.1,8,0,373,1,3,12,0,338,279.0,Medio
EXP-00479,CARTAGO,SUSTANCIAS,Comisaria_1_Familia,2021,58,1.1,8,0,320,1,2,3,0,338,303.0,Medio
EXP-00761,CALI,SUSTANCIAS,Comisaria_2_Familia,2022,82,0.9,8,0,325,1,2,1,1,338,264.75,Medio
EXP-01076,YUMBO,VIF,Juzgado_2_Familia,2024,62,1.2,8,0,299,1,3,12,3,338,296.5,Medio
EXP-01333,PALMIRA,VIF,Juzgado_Penal_Municipal_1,2023,74,1.25,7,0,378,1,3,8,5,338,306.0,Medio
EXP-01702,YUMBO,VIF,Comisaria_1_Familia,2024,62,1.1,8,0,344,1,3,12,0,338,279.0,Medio
EXP-02262,PALMIRA,VIF,Juzgado_Penal_Municipal_1,2023,74,1.25,7,0,321,1,3,8,5,338,306.0,Medio
EXP-02981,YUMBO,VIF,Juzgado_2_Familia,2023,62,1.2,8,0,359,1,3,12,3,338,296.5,Medio
EXP-04035,CARTAGO,SUSTANCIAS,Juzgado_3_Familia,2021,58,0.95,8,0,225,1,2,3,4,338,288.5,Medio
EXP-04753,YUMBO,VIF,Comisaria_1_Familia,2024,62,1.1,8,0,300,1,3,12,0,338,279.0,Medio
EXP-04767,YUMBO,VIF,Comisaria_1_Familia,2024,62,1.1,8,0,315,1,3,12,0,338,279.0,Medio
EXP-04915,YUMBO,VIF,Juzgado_2_Familia,2024,62,1.2,8,0,331,1,3,12,3,338,296.5,Medio
EXP-00171,ZARZAL,VIF,Juzgado_Penal_Municipal_1,2024,33,1.25,8,0,314,1,3,13,5,337,306.0,Medio
EXP-00571,PALMIRA,VIF,Comisaria_1_Familia,2021,74,1.1,8,0,363,1,3,8,0,337,279.0,Medio
EXP-02547,ZARZAL,VIF,Juzgado_Penal_Municipal_1,2024,33,1.25,8,0,281,1,3,13,5,337,306.0,Medio
EXP-00732,YUMBO,VIF,Juzgado_Penal_Municipal_1,2020,62,1.25,8,0,322,1,3,12,5,336,306.0,Medio
EXP-03078,EL CERRITO,VIF,Juzgado_Penal_Municipal_1,2023,41,1.25,8,0,336,1,3,4,5,336,306.0,Medio
EXP-03972,EL CERRITO,VIF,Juzgado_Penal_Municipal_1,2024,41,1.25,8,0,296,1,3,4,5,336,306.0,Medio
EXP-00154,ZARZAL,VIF,Juzgado_2_Familia,2023,33,1.2,8,0,275,1,3,13,3,335,296.5,Medio
EXP-01227,PALMIRA,VIF,Comisaria_1_Familia,2020,74,1.1,8,0,370,1,3,8,0,335,279.0,Medio
EXP-03136,CANDELARIA,VIF,Juzgado_Penal_Municipal_1,2023,48,1.25,8,0,307,1,3,2,5,335,306.0,Medio
EXP-03163,CANDELARIA,VIF,Juzgado_Penal_Municipal_1,2020,48,1.25,8,0,283,1,3,2,5,335,306.0,Medio
EXP-03227,YUMBO,VIF,Comisaria_1_Familia,2022,62,1.1,8,0,335,1,3,12,0,334,279.0,Medio
EXP-01650,CARTAGO,VIF,Comisaria_2_Familia,2024,58,0.9,8,0,317,1,3,3,1,333,238.0,Medio
EXP-04093,PALMIRA,SUSTANCIAS,Juzgado_3_Familia,2023,74,0.95,7,0,398,1,2,8,4,333,288.5,Medio
EXP-00097,PALMIRA,SUSTANCIAS,Juzgado_Penal_Municipal_1,2020,74,1.25,7,0,335,1,2,8,5,332,318.25,Medio
EXP-03102,CANDELARIA,SUSTANCIAS,Juzgado_Penal_Municipal_2,2024,48,1.05,8,0,419,1,2,2,6,332,275.0,Medio
EXP-00821,YUMBO,VIF,Juzgado_3_Familia,2024,62,0.95,8,0,265,1,3,12,4,331,255.0,Medio
EXP-01132,PALMIRA,VIF,Comisaria_2_Familia,2023,74,0.9,8,0,348,1,3,8,1,331,238.0,Medio
EXP-03470,BUENAVENTURA,VIF,Juzgado_2_Familia,2021,89,1.2,7,0,421,1,3,0,3,331,296.5,Medio
EXP-03553,BUENAVENTURA,VIF,Juzgado_Penal_Municipal_2,2023,89,1.05,8,0,301,1,3,0,6,331,268.0,Medio
EXP-04803,BUENAVENTURA,VIF,Juzgado_Penal_Municipal_2,2023,89,1.05,8,0,295,1,3,0,6,331,268.0,Medio
EXP-01148,YUMBO,SUSTANCIAS,Juzgado_Penal_Municipal_1,2021,62,1.25,7,0,346,1,2,12,5,330,318.25,Medio
EXP-01974,YUMBO,VIF,Comisaria_2_Familia,2024,62,0.9,8,0,369,1,3,12,1,330,238.0,Medio
EXP-02429,FLORIDA,SUSTANCIAS,Juzgado_3_Familia,2023,44,0.95,8,0,362,1,2,5,4,330,288.5,Medio
EXP-03260,EL CERRITO,SUSTANCIAS,Comisaria_1_Familia,2024,41,1.1,8,0,368,1,2,4,0,330,303.0,Medio
EXP-03293,TULUA,VIF,Comisaria_1_Familia,2020,71,1.1,8,0,318,1,3,11,0,329,279.0,Medio
EXP-03321,CANDELARIA,VIF,Juzgado_Penal_Municipal_2,2023,48,1.05,8,0,373,1,3,2,6,329,268.0,Medio
EXP-03714,FLORIDA,VIF,Juzgado_Penal_Municipal_2,2022,44,1.05,8,0,369,1,3,5,6,329,268.0,Medio
EXP-03910,CANDELARIA,VIF,Juzgado_Penal_Municipal_2,2023,48,1.05,8,0,288,1,3,2,6,329,268.0,Medio
EXP-00552,FLORIDA,VIF,Juzgado_Penal_Municipal_2,2024,44,1.05,8,0,286,1,3,5,6,327,268.0,Medio
EXP-01686,SEVILLA,VIF,Juzgado_1_Familia,2024,35,1.35,7,0,363,1,3,10,2,327,325.75,Medio
EXP-02921,BUENAVENTURA,VIF,Juzgado_Penal_Municipal_1,2022,89,1.25,7,0,317,1,3,0,5,327,306.0,Medio
EXP-04527,BUENAVENTURA,VIF,Comisaria_2_Familia,2021,89,0.9,8,0,305,1,3,0,1,326,238.0,Medio
EXP-00868,CALI,VIF,Juzgado_Penal_Municipal_1,2022,82,1.25,7,0,353,1,3,1,5,325,306.0,Medio
EXP-02255,YUMBO,SUSTANCIAS,Juzgado_Penal_Municipal_1,2022,62,1.25,7,0,390,1,2,12,5,325,318.25,Medio
EXP-02498,CALI,VIF,Juzgado_Penal_Municipal_1,2023,82,1.25,7,0,317,1,3,1,5,325,306.0,Medio
EXP-03115,CALI,VIF,Juzgado_Penal_Municipal_1,2022,82,1.25,7,0,353,1,3,1,5,325,306.0,Medio
EXP-00016,BUENAVENTURA,VIF,Juzgado_Penal_Municipal_1,2023,89,1.25,7,0,309,1,3,0,5,324,306.0,Medio
EXP-00252,BUENAVENTURA,VIF,Juzgado_Penal_Municipal_1,2023,89,1.25,7,0,325,1,3,0,5,324,306.0,Medio
EXP-01126,SEVILLA,VIF,Juzgado_3_Familia,2022,35,0.95,8,0,281,1,3,10,4,324,255.0,Medio
EXP-02312,BUENAVENTURA,VIF,Juzgado_Penal_Municipal_1,2024,89,1.25,7,0,255,1,3,0,5,324,306.0,Medio
EXP-02629,BUENAVENTURA,VIF,Juzgado_Penal_Municipal_1,2024,89,1.25,7,0,346,1,3,0,5,324,306.0,Medio
EXP-03060,ZARZAL,VIF,Juzgado_Penal_Municipal_2,2024,33,1.05,8,0,344,1,3,13,6,324,268.0,Medio
EXP-03499,BUENAVENTURA,SUSTANCIAS,Juzgado_3_Familia,2024,89,0.95,7,0,286,1,2,0,4,324,288.5,Medio
EXP-00930,BUENAVENTURA,VIF,Comisaria_1_Familia,2022,89,1.1,7,0,372,1,3,0,0,323,279.0,Medio
EXP-03310,PALMIRA,VIF,Juzgado_2_Familia,2023,74,1.2,7,0,302,1,3,8,3,323,296.5,Medio
EXP-03692,CALI,VIF,Juzgado_3_Familia,2024,82,0.95,7,0,339,1,3,1,4,323,255.0,Medio
EXP-03713,PALMIRA,VIF,Juzgado_2_Familia,2024,74,1.2,7,0,315,1,3,8,3,323,296.5,Medio
EXP-04419,ZARZAL,SUSTANCIAS,Juzgado_2_Familia,2023,33,1.2,7,0,374,1,2,13,3,323,321.0,Medio
EXP-04440,PALMIRA,VIF,Juzgado_2_Familia,2024,74,1.2,7,0,345,1,3,8,3,323,296.5,Medio
EXP-04790,CALI,VIF,Juzgado_3_Familia,2024,82,0.95,7,0,245,1,3,1,4,323,255.0,Medio
EXP-00399,TULUA,SUSTANCIAS,Juzgado_Penal_Municipal_1,2022,71,1.25,7,0,292,0,2,11,5,322,318.25,Medio
EXP-01881,PALMIRA,VIF,Juzgado_2_Familia,2022,74,1.2,7,0,354,1,3,8,3,322,296.5,Medio
EXP-03289,CALI,VIF,Comisaria_1_Familia,2024,82,1.1,7,0,348,1,3,1,0,321,279.0,Medio
EXP-04489,CALI,VIF,Juzgado_3_Familia,2022,82,0.95,7,0,319,1,3,1,4,321,255.0,Medio
EXP-04574,CALI,VIF,Comisaria_1_Familia,2024,82,1.1,7,0,376,1,3,1,0,321,279.0,Medio
EXP-04870,BUENAVENTURA,VIF,Juzgado_3_Familia,2023,89,0.95,7,0,343,1,3,0,4,321,255.0,Medio
EXP-01768,FLORIDA,VIF,Comisaria_2_Familia,2023,44,0.9,8,0,291,1,3,5,1,320,238.0,Medio
EXP-02817,JAMUNDI,SUSTANCIAS,Juzgado_Penal_Municipal_1,2021,67,1.25,7,0,332,1,2,7,5,320,318.25,Medio
EXP-03611,CARTAGO,SUSTANCIAS,Juzgado_Penal_Municipal_1,2021,58,1.25,7,0,304,1,2,3,5,320,318.25,Medio
EXP-00846,GUADALAJARA DE BUGA,SUSTANCIAS,Juzgado_Penal_Municipal_1,2021,53,1.25,7,0,277,1,2,6,5,319,318.25,Medio
EXP-01717,YUMBO,SUSTANCIAS,Juzgado_Penal_Municipal_1,2024,62,1.25,7,0,291,1,2,12,5,319,318.25,Medio
EXP-02579,BUENAVENTURA,SUSTANCIAS,Comisaria_1_Familia,2022,89,1.1,7,0,284,1,2,0,0,318,303.0,Medio
EXP-03656,CARTAGO,SUSTANCIAS,Comisaria_2_Familia,2020,58,0.9,7,0,378,1,2,3,1,318,264.75,Medio
EXP-00550,PALMIRA,VIF,Comisaria_1_Familia,2023,74,1.1,7,0,288,1,3,8,0,317,279.0,Medio
EXP-02394,PALMIRA,VIF,Comisaria_1_Familia,2024,74,1.1,7,0,342,1,3,8,0,317,279.0,Medio
EXP-03018,SEVILLA,VIF,Juzgado_Penal_Municipal_1,2024,35,1.25,7,0,230,1,3,10,5,317,306.0,Medio
EXP-03654,PALMIRA,VIF,Comisaria_1_Familia,2024,74,1.1,7,0,266,1,3,8,0,317,279.0,Medio
EXP-04669,PALMIRA,VIF,Comisaria_1_Familia,2024,74,1.1,7,0,319,1,3,8,0,317,279.0,Medio
EXP-00065,JAMUNDI,VIF,Juzgado_3_Familia,2024,67,0.95,7,0,377,1,3,7,4,316,255.0,Medio
EXP-00994,SEVILLA,VIF,Juzgado_2_Familia,2024,35,1.2,7,0,334,1,3,10,3,316,296.5,Medio
EXP-03108,JAMUNDI,VIF,Juzgado_3_Familia,2023,67,0.95,7,0,359,1,3,7,4,316,255.0,Medio
EXP-03576,CARTAGO,SUSTANCIAS,Juzgado_3_Familia,2021,58,0.95,7,0,371,1,2,3,4,316,288.5,Medio
EXP-04005,GUADALAJARA DE BUGA,SUSTANCIAS,Juzgado_3_Familia,2024,53,0.95,7,0,393,1,2,6,4,316,288.5,Medio
EXP-01216,CARTAGO,VIF,Juzgado_3_Familia,2021,58,0.95,7,0,345,1,3,3,4,315,255.0,Medio
EXP-01298,JAMUNDI,SUSTANCIAS,Juzgado_3_Familia,2024,67,0.95,7,0,280,1,2,7,4,315,288.5,Medio
EXP-03275,BUENAVENTURA,VIF,Juzgado_2_Familia,2024,89,1.2,7,0,291,1,3,0,3,315,296.5,Medio
EXP-00363,CARTAGO,VIF,Juzgado_3_Familia,2024,58,0.95,7,0,297,1,3,3,4,314,255.0,Medio
EXP-00608,ZARZAL,VIF,Juzgado_Penal_Municipal_1,2020,33,1.25,7,0,321,1,3,13,5,314,306.0,Medio
EXP-01296,ZARZAL,VIF,Juzgado_Penal_Municipal_1,2020,33,1.25,7,0,334,1,3,13,5,314,306.0,Medio
EXP-03434,CARTAGO,VIF,Juzgado_3_Familia,2024,58,0.95,7,0,299,1,3,3,4,314,255.0,Medio
EXP-03909,CARTAGO,VIF,Juzgado_2_Familia,2022,58,1.2,7,0,367,1,3,3,3,314,296.5,Medio
EXP-04635,CARTAGO,VIF,Juzgado_Penal_Municipal_1,2022,58,1.25,7,0,291,1,3,3,5,314,306.0,Medio
EXP-01359,ZARZAL,VIF,Juzgado_Penal_Municipal_1,2024,33,1.25,7,0,355,1,3,13,5,313,306.0,Medio
EXP-01514,ZARZAL,VIF,Juzgado_Penal_Municipal_1,2023,33,1.25,7,0,301,1,3,13,5,313,306.0,Medio
EXP-01943,BUENAVENTURA,SUSTANCIAS,Juzgado_Penal_Municipal_2,2022,89,1.05,7,0,283,1,2,0,6,313,275.0,Medio
EXP-02374,SEVILLA,VIF,Juzgado_Penal_Municipal_1,2021,35,1.25,7,0,321,1,3,10,5,313,306.0,Medio
EXP-02425,GUADALAJARA DE BUGA,SUSTANCIAS,Comisaria_2_Familia,2024,53,0.9,7,0,296,1,2,6,1,313,264.75,Medio
EXP-02609,TULUA,VIF,Juzgado_3_Familia,2024,71,0.95,7,0,333,1,3,11,4,313,255.0,Medio
EXP-02652,YUMBO,VIF,Juzgado_Penal_Municipal_1,2022,62,1.25,7,0,295,1,3,12,5,313,306.0,Medio
EXP-02756,BUENAVENTURA,SUSTANCIAS,Juzgado_Penal_Municipal_2,2022,89,1.05,7,0,253,1,2,0,6,313,275.0,Medio
EXP-01783,CANDELARIA,VIF,Juzgado_3_Familia,2022,48,0.95,7,0,332,1,3,2,4,312,255.0,Medio
EXP-02564,YUMBO,VIF,Comisaria_2_Familia,2022,62,0.9,7,0,240,1,3,12,1,312,238.0,Medio
EXP-02680,CARTAGO,SUSTANCIAS,Juzgado_3_Familia,2023,58,0.95,7,0,321,1,2,3,4,312,288.5,Medio
EXP-03791,BUENAVENTURA,SUSTANCIAS,Comisaria_2_Familia,2021,89,0.9,7,0,346,1,2,0,1,312,264.75,Medio
EXP-04053,ZARZAL,VIF,Juzgado_2_Familia,2023,33,1.2,7,0,319,1,3,13,3,312,296.5,Medio
EXP-00722,PRADERA,VIF,Juzgado_Penal_Municipal_1,2024,38,1.25,7,0,250,1,3,9,5,311,306.0,Medio
EXP-01057,CANDELARIA,VIF,Juzgado_2_Familia,2022,48,1.2,7,0,295,1,3,2,3,311,296.5,Medio
EXP-01213,PRADERA,VIF,Juzgado_Penal_Municipal_1,2024,38,1.25,7,0,264,1,3,9,5,311,306.0,Medio
EXP-01584,PRADERA,VIF,Juzgado_Penal_Municipal_1,2023,38,1.25,7,0,325,1,3,9,5,311,306.0,Medio
EXP-03988,PRADERA,VIF,Juzgado_Penal_Municipal_1,2023,38,1.25,7,0,260,1,3,9,5,311,306.0,Medio
EXP-04269,CANDELARIA,VIF,Juzgado_Penal_Municipal_2,2022,48,1.05,7,0,272,1,3,2,6,311,268.0,Medio
EXP-00473,CARTAGO,VIF,Juzgado_2_Familia,2023,58,1.2,7,0,309,1,3,3,3,310,296.5,Medio
EXP-00501,GUADALAJARA DE BUGA,VIF,Juzgado_Penal_Municipal_1,2023,53,1.25,7,0,346,1,3,6,5,310,306.0,Medio
EXP-00516,CARTAGO,VIF,Juzgado_Penal_Municipal_1,2024,58,1.25,7,0,359,1,3,3,5,310,306.0,Medio
EXP-00694,PALMIRA,VIF,Juzgado_Penal_Municipal_1,2023,74,1.25,6,0,364,1,3,8,5,310,306.0,Medio
EXP-00709,TULUA,SUSTANCIAS,Comisaria_1_Familia,2024,71,1.1,7,0,373,1,2,11,0,310,303.0,Medio
EXP-00841,TULUA,SUSTANCIAS,Comisaria_1_Familia,2023,71,1.1,7,0,354,1,2,11,0,310,303.0,Medio
EXP-01495,CARTAGO,VIF,Juzgado_2_Familia,2023,58,1.2,7,0,329,1,3,3,3,310,296.5,Medio
EXP-02067,PALMIRA,VIF,Juzgado_Penal_Municipal_1,2023,74,1.25,6,0,286,1,3,8,5,310,306.0,Medio
EXP-02214,GUADALAJARA DE BUGA,VIF,Juzgado_Penal_Municipal_1,2024,53,1.25,7,0,285,1,3,6,5,310,306.0,Medio
EXP-02288,GUADALAJARA DE BUGA,VIF,Juzgado_Penal_Municipal_1,2024,53,1.25,7,0,334,1,3,6,5,310,306.0,Medio
EXP-02708,CARTAGO,VIF,Juzgado_2_Familia,2024,58,1.2,7,0,291,1,3,3,3,310,296.5,Medio
EXP-02901,TULUA,SUSTANCIAS,Comisaria_2_Familia,2024,71,0.9,7,0,348,1,2,11,1,310,264.75,Medio
EXP-03113,PRADERA,SUSTANCIAS,Juzgado_Penal_Municipal_2,2022,38,1.05,7,0,305,1,2,9,6,310,275.0,Medio
EXP-03461,GUADALAJARA DE BUGA,VIF,Juzgado_Penal_Municipal_1,2024,53,1.25,7,0,278,1,3,6,5,310,306.0,Medio
EXP-03897,CARTAGO,VIF,Juzgado_Penal_Municipal_1,2024,58,1.25,7,0,231,1,3,3,5,310,306.0,Medio
EXP-04624,PALMIRA,VIF,Juzgado_Penal_Municipal_1,2024,74,1.25,6,0,350,1,3,8,5,310,306.0,Medio
EXP-00225,PALMIRA,VIF,Juzgado_Penal_Municipal_2,2024,74,1.05,7,0,273,1,3,8,6,309,268.0,Medio
EXP-00955,CARTAGO,SUSTANCIAS,Juzgado_Penal_Municipal_2,2022,58,1.05,7,0,325,1,2,3,6,309,275.0,Medio
EXP-01614,GUADALAJARA DE BUGA,VIF,Comisaria_2_Familia,2023,53,0.9,7,0,302,1,3,6,1,309,238.0,Medio
EXP-03514,YUMBO,VIF,Juzgado_Penal_Municipal_1,2023,62,1.25,7,0,328,1,3,12,5,309,306.0,Medio
EXP-04196,EL CERRITO,VIF,Comisaria_1_Familia,2020,41,1.1,8,0,283,1,3,4,0,309,279.0,Medio
EXP-04248,SEVILLA,VIF,Juzgado_Penal_Municipal_1,2020,35,1.25,7,0,332,1,3,10,5,309,306.0,Medio
EXP-04283,PALMIRA,SUSTANCIAS,Comisaria_1_Familia,2022,74,1.1,7,0,328,1,2,8,0,309,303.0,Medio
EXP-01233,JAMUNDI,VIF,Juzgado_Penal_Municipal_1,2022,67,1.25,7,0,288,1,3,7,5,308,306.0,Medio
EXP-03169,CARTAGO,SUSTANCIAS,Comisaria_1_Familia,2024,58,1.1,7,0,417,1,2,3,0,308,303.0,Medio
EXP-03691,CALI,VIF,Juzgado_Penal_Municipal_2,2022,82,1.05,7,0,275,0,3,1,6,308,268.0,Medio
EXP-04407,CARTAGO,VIF,Comisaria_1_Familia,2023,58,1.1,7,0,353,1,3,3,0,308,279.0,Medio
EXP-00758,JAMUNDI,VIF,Juzgado_Penal_Municipal_1,2024,67,1.25,7,0,269,0,3,7,5,307,306.0,Medio
EXP-01262,CARTAGO,VIF,Comisaria_2_Familia,2023,58,0.9,7,0,342,1,3,3,1,307,238.0,Medio
EXP-02061,BUENAVENTURA,VIF,Comisaria_2_Familia,2023,89,0.9,7,0,244,1,3,0,1,307,238.0,Medio
EXP-02242,BUENAVENTURA,SUSTANCIAS,Juzgado_Penal_Municipal_2,2023,89,1.05,7,0,275,1,2,0,6,307,275.0,Medio
EXP-02664,GUADALAJARA DE BUGA,SUSTANCIAS,Juzgado_Penal_Municipal_2,2024,53,1.05,7,0,266,1,2,6,6,307,275.0,Medio
EXP-02825,PALMIRA,VIF,Juzgado_Penal_Municipal_1,2022,74,1.25,6,0,301,1,3,8,5,307,306.0,Medio
EXP-03193,CARTAGO,SUSTANCIAS,Juzgado_Penal_Municipal_2,2020,58,1.05,7,0,294,1,2,3,6,307,275.0,Medio
EXP-04118,GUADALAJARA DE BUGA,VIF,Comisaria_1_Familia,2023,53,1.1,7,0,289,1,3,6,0,307,279.0,Medio
EXP-04367,PALMIRA,VIF,Juzgado_Penal_Municipal_1,2022,74,1.25,6,0,358,1,3,8,5,307,306.0,Medio
EXP-01646,TULUA,VIF,Comisaria_1_Familia,2022,71,1.1,7,0,297,1,3,11,0,306,279.0,Medio
EXP-02108,TULUA,VIF,Juzgado_2_Familia,2023,71,1.2,7,0,318,1,3,11,3,306,296.5,Medio
EXP-03234,JAMUNDI,VIF,Juzgado_2_Familia,2023,67,1.2,7,0,324,1,3,7,3,306,296.5,Medio
EXP-00054,CALI,VIF,Juzgado_Penal_Municipal_2,2024,82,1.05,7,0,345,1,3,1,6,305,268.0,Medio
EXP-00135,CARTAGO,VIF,Juzgado_Penal_Municipal_2,2020,58,1.05,7,0,305,1,3,3,6,305,268.0,Medio
EXP-01220,SEVILLA,VIF,Comisaria_2_Familia,2022,35,0.9,7,0,299,1,3,10,1,305,238.0,Medio
EXP-01454,FLORIDA,VIF,Juzgado_2_Familia,2022,44,1.2,7,0,248,1,3,5,3,305,296.5,Medio
EXP-03165,YUMBO,SUSTANCIAS,Juzgado_3_Familia,2024,62,0.95,7,0,331,1,2,12,4,305,288.5,Medio
EXP-04838,CANDELARIA,VIF,Juzgado_2_Familia,2024,48,1.2,7,0,242,1,3,2,3,305,296.5,Medio
EXP-00291,JAMUNDI,SUSTANCIAS,Comisaria_1_Familia,2024,67,1.1,7,0,287,1,2,7,0,304,303.0,Medio
EXP-00423,JAMUNDI,SUSTANCIAS,Comisaria_1_Familia,2024,67,1.1,7,0,277,1,2,7,0,304,303.0,Medio
EXP-00426,BUENAVENTURA,VIF,Juzgado_Penal_Municipal_2,2024,89,1.05,7,0,295,1,3,0,6,304,268.0,Medio
EXP-00934,BUENAVENTURA,VIF,Juzgado_Penal_Municipal_2,2023,89,1.05,7,0,279,1,3,0,6,304,268.0,Medio
EXP-00966,CANDELARIA,VIF,Juzgado_Penal_Municipal_2,2024,48,1.05,7,0,287,1,3,2,6,304,268.0,Medio
EXP-02195,CANDELARIA,SUSTANCIAS,Juzgado_Penal_Municipal_2,2024,48,1.05,7,0,336,1,2,2,6,304,275.0,Medio
EXP-02249,YUMBO,VIF,Juzgado_Penal_Municipal_2,2023,62,1.05,7,0,288,1,3,12,6,304,268.0,Medio
EXP-02464,CANDELARIA,VIF,Juzgado_Penal_Municipal_2,2023,48,1.05,7,0,315,1,3,2,6,304,268.0,Medio
EXP-02569,BUENAVENTURA,VIF,Juzgado_Penal_Municipal_2,2023,89,1.05,7,0,389,1,3,0,6,304,268.0,Medio
EXP-02959,CALI,VIF,Comisaria_2_Familia,2022,82,0.9,7,0,288,1,3,1,1,304,238.0,Medio
EXP-04450,YUMBO,VIF,Juzgado_Penal_Municipal_2,2023,62,1.05,7,0,325,1,3,12,6,304,268.0,Medio
EXP-01830,TULUA,VIF,Juzgado_Penal_Municipal_2,2024,71,1.05,7,0,264,0,3,11,6,303,268.0,Medio
EXP-01927,PALMIRA,SUSTANCIAS,Juzgado_3_Familia,2024,74,0.95,6,0,293,1,2,8,4,303,288.5,Medio
EXP-02100,SEVILLA,VIF,Juzgado_Penal_Municipal_2,2024,35,1.05,7,0,281,1,3,10,6,303,268.0,Medio
EXP-02112,EL CERRITO,VIF,Juzgado_2_Familia,2024,41,1.2,7,0,243,1,3,4,3,303,296.5,Medio
EXP-02630,TULUA,VIF,Juzgado_Penal_Municipal_2,2024,71,1.05,7,0,291,1,3,11,6,303,268.0,Medio
EXP-02746,BUENAVENTURA,SUSTANCIAS,Juzgado_3_Familia,2022,89,0.95,6,0,356,1,2,0,4,303,288.5,Medio
EXP-03331,JAMUNDI,VIF,Comisaria_2_Familia,2022,67,0.9,7,0,317,1,3,7,1,303,238.0,Medio
EXP-03645,EL CERRITO,VIF,Juzgado_2_Familia,2024,41,1.2,7,0,316,1,3,4,3,303,296.5,Medio
EXP-01524,PALMIRA,VIF,Comisaria_1_Familia,2021,74,1.1,7,0,279,1,3,8,0,302,279.0,Medio
EXP-03635,CANDELARIA,VIF,Comisaria_1_Familia,2024,48,1.1,7,0,348,1,3,2,0,302,279.0,Medio
EXP-04613,ZARZAL,VIF,Juzgado_3_Familia,2021,33,0.95,7,0,312,1,3,13,4,302,255.0,Medio
EXP-03693,PRADERA,VIF,Juzgado_3_Familia,2021,38,0.95,7,0,266,1,3,9,4,301,255.0,Medio
EXP-00362,BUENAVENTURA,VIF,Juzgado_3_Familia,2022,89,0.95,6,0,318,1,3,0,4,300,255.0,Medio
EXP-00770,JAMUNDI,VIF,Juzgado_Penal_Municipal_2,2023,67,1.05,7,0,260,1,3,7,6,300,268.0,Medio
EXP-00834,PRADERA,VIF,Comisaria_2_Familia,2024,38,0.9,7,0,333,1,3,9,1,300,238.0,Medio
EXP-03062,PRADERA,VIF,Comisaria_2_Familia,2024,38,0.9,7,0,348,1,3,9,1,300,238.0,Medio
EXP-00132,PALMIRA,VIF,Juzgado_3_Familia,2024,74,0.95,6,0,196,1,3,8,4,299,255.0,Medio
EXP-00610,PALMIRA,VIF,Juzgado_3_Familia,2024,74,0.95,6,0,275,1,3,8,4,299,255.0,Medio
EXP-01596,PALMIRA,VIF,Juzgado_3_Familia,2023,74,0.95,6,0,343,1,3,8,4,299,255.0,Medio
EXP-02091,ZARZAL,VIF,Juzgado_Penal_Municipal_2,2024,33,1.05,7,0,296,1,3,13,6,299,268.0,Medio
EXP-02110,PALMIRA,VIF,Juzgado_3_Familia,2024,74,0.95,6,0,282,1,3,8,4,299,255.0,Medio
EXP-03970,PALMIRA,VIF,Juzgado_3_Familia,2023,74,0.95,6,0,260,1,3,8,4,299,255.0,Medio
EXP-01304,FLORIDA,SUSTANCIAS,Juzgado_Penal_Municipal_2,2023,44,1.05,7,0,259,1,2,5,6,298,275.0,Medio
EXP-03756,BUENAVENTURA,VIF,Juzgado_3_Familia,2024,89,0.95,6,0,247,1,3,0,4,297,255.0,Medio
EXP-00235,SEVILLA,VIF,Comisaria_1_Familia,2024,35,1.1,7,0,287,1,3,10,0,296,279.0,Medio
EXP-02570,PRADERA,VIF,Comisaria_1_Familia,2024,38,1.1,7,0,339,1,3,9,0,296,279.0,Medio
EXP-03120,FLORIDA,VIF,Juzgado_Penal_Municipal_2,2024,44,1.05,7,0,341,1,3,5,6,296,268.0,Medio
EXP-03216,SEVILLA,VIF,Comisaria_1_Familia,2024,35,1.1,7,0,344,1,3,10,0,296,279.0,Medio
EXP-04887,FLORIDA,SUSTANCIAS,Comisaria_2_Familia,2023,44,0.9,7,0,271,1,2,5,1,296,264.75,Medio
EXP-01949,TULUA,VIF,Comisaria_2_Familia,2023,71,0.9,7,0,287,1,3,11,1,295,238.0,Medio
EXP-02128,EL CERRITO,VIF,Comisaria_2_Familia,2020,41,0.9,7,0,281,1,3,4,1,295,238.0,Medio
EXP-01798,FLORIDA,VIF,Comisaria_1_Familia,2022,44,1.1,7,0,293,1,3,5,0,293,279.0,Medio
EXP-02841,FLORIDA,VIF,Comisaria_1_Familia,2021,44,1.1,7,0,237,1,3,5,0,293,279.0,Medio
EXP-02955,FLORIDA,VIF,Comisaria_1_Familia,2021,44,1.1,7,0,300,1,3,5,0,293,279.0,Medio
EXP-00105,EL CERRITO,VIF,Juzgado_3_Familia,2023,41,0.95,7,0,249,1,3,4,4,292,255.0,Medio
EXP-01231,ZARZAL,VIF,Juzgado_3_Familia,2024,33,0.95,7,0,343,1,3,13,4,292,255.0,Medio
EXP-01888,CALI,VIF,Comisaria_1_Familia,2022,82,1.1,6,0,360,1,3,1,0,292,279.0,Medio
EXP-02578,EL CERRITO,VIF,Comisaria_1_Familia,2022,41,1.1,7,0,288,1,3,4,0,291,279.0,Medio
EXP-03762,ZARZAL,VIF,Comisaria_1_Familia,2021,33,1.1,7,0,313,1,3,13,0,291,279.0,Medio
EXP-04705,CALI,VIF,Comisaria_1_Familia,2024,82,1.1,6,0,237,1,3,1,0,291,279.0,Medio
EXP-04818,CALI,VIF,Comisaria_1_Familia,2024,82,1.1,6,0,226,1,3,1,0,291,279.0,Medio
EXP-02381,EL CERRITO,VIF,Comisaria_1_Familia,2023,41,1.1,7,0,320,1,3,4,0,290,279.0,Medio
EXP-04653,BUENAVENTURA,VIF,Comisaria_1_Familia,2024,89,1.1,6,0,169,1,3,0,0,289,279.0,Medio
EXP-02052,PALMIRA,VIF,Comisaria_1_Familia,2023,74,1.1,6,0,343,1,3,8,0,288,279.0,Medio
EXP-02622,PALMIRA,VIF,Comisaria_1_Familia,2024,74,1.1,6,0,300,1,3,8,0,288,279.0,Medio
EXP-03500,PALMIRA,VIF,Comisaria_1_Familia,2024,74,1.1,6,0,263,1,3,8,0,288,279.0,Medio
EXP-01329,GUADALAJARA DE BUGA,VIF,Juzgado_3_Familia,2024,53,0.95,6,0,298,1,3,6,4,286,255.0,Medio
EXP-03382,YUMBO,VIF,Comisaria_2_Familia,2021,62,0.9,6,0,367,1,3,12,1,286,238.0,Medio
EXP-00635,TULUA,VIF,Juzgado_3_Familia,2023,71,0.95,6,0,312,1,3,11,4,285,255.0,Medio
EXP-01283,JAMUNDI,VIF,Juzgado_3_Familia,2024,67,0.95,6,0,277,1,3,7,4,285,255.0,Medio
EXP-02455,JAMUNDI,VIF,Juzgado_3_Familia,2023,67,0.95,6,0,280,1,3,7,4,285,255.0,Medio
EXP-03183,TULUA,VIF,Juzgado_3_Familia,2024,71,0.95,6,0,303,1,3,11,4,285,255.0,Medio
EXP-01653,GUADALAJARA DE BUGA,SUSTANCIAS,Comisaria_2_Familia,2020,53,0.9,6,0,274,1,2,6,1,283,264.75,Medio
EXP-04889,PALMIRA,SUSTANCIAS,Comisaria_2_Familia,2023,74,0.9,6,0,282,1,2,8,1,283,264.75,Medio
EXP-01093,CARTAGO,VIF,Juzgado_3_Familia,2024,58,0.95,6,0,364,1,3,3,4,282,255.0,Medio
EXP-02451,CARTAGO,VIF,Juzgado_3_Familia,2023,58,0.95,6,0,280,1,3,3,4,282,255.0,Medio
EXP-00862,BUENAVENTURA,VIF,Comisaria_2_Familia,2022,89,0.9,6,0,259,1,3,0,1,281,238.0,Medio
EXP-01004,TULUA,VIF,Comisaria_1_Familia,2023,71,1.1,6,0,325,1,3,11,0,281,279.0,Medio
EXP-01006,TULUA,VIF,Comisaria_1_Familia,2023,71,1.1,6,0,273,1,3,11,0,281,279.0,Medio
EXP-01031,TULUA,VIF,Comisaria_1_Familia,2024,71,1.1,6,0,250,1,3,11,0,281,279.0,Medio
EXP-02376,GUADALAJARA DE BUGA,VIF,Comisaria_2_Familia,2021,53,0.9,6,0,349,1,3,6,1,281,238.0,Medio
EXP-02591,TULUA,VIF,Comisaria_1_Familia,2024,71,1.1,6,0,233,1,3,11,0,281,279.0,Medio
EXP-03862,GUADALAJARA DE BUGA,VIF,Comisaria_2_Familia,2021,53,0.9,6,0,292,1,3,6,1,281,238.0,Medio
EXP-03258,PALMIRA,VIF,Juzgado_Penal_Municipal_2,2024,74,1.05,6,0,317,1,3,8,6,280,268.0,Medio
EXP-00258,BUENAVENTURA,VIF,Comisaria_2_Familia,2023,89,0.9,6,0,311,1,3,0,1,279,238.0,Medio
EXP-01136,TULUA,SUSTANCIAS,Juzgado_Penal_Municipal_2,2024,71,1.05,6,0,240,1,2,11,6,279,275.0,Medio
EXP-01550,BUENAVENTURA,VIF,Comisaria_2_Familia,2024,89,0.9,6,0,275,1,3,0,1,279,238.0,Medio
EXP-03915,CALI,VIF,Comisaria_2_Familia,2023,82,0.9,6,0,255,1,3,1,1,279,238.0,Medio
EXP-04375,TULUA,VIF,Juzgado_3_Familia,2020,71,0.95,6,0,329,1,3,11,4,279,255.0,Medio
EXP-01728,PRADERA,SUSTANCIAS,Juzgado_Penal_Municipal_2,2023,38,1.05,6,0,254,1,2,9,6,278,275.0,Medio
EXP-02277,YUMBO,VIF,Juzgado_3_Familia,2021,62,0.95,6,0,269,1,3,12,4,278,255.0,Medio
EXP-01838,GUADALAJARA DE BUGA,VIF,Comisaria_2_Familia,2023,53,0.9,6,0,278,1,3,6,1,276,238.0,Medio
EXP-02733,BUENAVENTURA,SUSTANCIAS,Juzgado_Penal_Municipal_2,2023,89,1.05,6,0,265,1,2,0,6,276,275.0,Medio
EXP-03054,CANDELARIA,VIF,Juzgado_Penal_Municipal_2,2022,48,1.05,6,0,284,1,3,2,6,276,268.0,Medio
EXP-01338,CALI,VIF,Juzgado_Penal_Municipal_2,2022,82,1.05,6,0,290,1,3,1,6,275,268.0,Medio
EXP-03575,TULUA,SUSTANCIAS,Comisaria_2_Familia,2023,71,0.9,6,0,307,1,2,11,1,275,264.75,Medio
EXP-04278,CALI,VIF,Juzgado_Penal_Municipal_2,2022,82,1.05,6,0,301,1,3,1,6,275,268.0,Medio
EXP-04357,TULUA,SUSTANCIAS,Comisaria_2_Familia,2024,71,0.9,6,0,261,1,2,11,1,275,264.75,Medio
EXP-04642,TULUA,SUSTANCIAS,Comisaria_2_Familia,2024,71,0.9,6,0,238,1,2,11,1,275,264.75,Medio
EXP-01372,BUENAVENTURA,VIF,Juzgado_Penal_Municipal_2,2023,89,1.05,6,0,287,1,3,0,6,274,268.0,Medio
EXP-02156,BUENAVENTURA,VIF,Juzgado_Penal_Municipal_2,2024,89,1.05,6,0,298,1,3,0,6,274,268.0,Medio
EXP-04475,BUENAVENTURA,VIF,Juzgado_Penal_Municipal_2,2024,89,1.05,6,0,299,1,3,0,6,274,268.0,Medio
EXP-00810,CALI,VIF,Juzgado_Penal_Municipal_2,2023,82,1.05,6,0,300,1,3,1,6,273,268.0,Medio
EXP-01977,CARTAGO,VIF,Juzgado_Penal_Municipal_2,2022,58,1.05,6,0,233,1,3,3,6,273,268.0,Medio
EXP-02317,CALI,VIF,Juzgado_Penal_Municipal_2,2024,82,1.05,6,0,243,1,3,1,6,273,268.0,Medio
EXP-02808,TULUA,VIF,Juzgado_Penal_Municipal_2,2023,71,1.05,6,0,291,1,3,11,6,273,268.0,Medio
EXP-00211,CANDELARIA,VIF,Comisaria_2_Familia,2024,48,0.9,6,0,222,1,3,2,1,272,238.0,Medio
EXP-00347,CARTAGO,VIF,Juzgado_Penal_Municipal_2,2021,58,1.05,6,0,276,1,3,3,6,272,268.0,Medio
EXP-01884,GUADALAJARA DE BUGA,VIF,Juzgado_Penal_Municipal_2,2023,53,1.05,6,0,335,1,3,6,6,272,268.0,Medio
EXP-04353,PALMIRA,VIF,Comisaria_2_Familia,2024,74,0.9,6,0,326,1,3,8,1,272,238.0,Medio
EXP-04911,PALMIRA,VIF,Comisaria_2_Familia,2024,74,0.9,6,0,315,1,3,8,1,272,238.0,Medio
EXP-00790,YUMBO,VIF,Juzgado_3_Familia,2024,62,0.95,6,0,314,1,3,12,4,271,255.0,Medio
EXP-02707,PRADERA,VIF,Juzgado_Penal_Municipal_2,2023,38,1.05,6,0,255,1,3,9,6,271,268.0,Medio
EXP-04906,FLORIDA,VIF,Juzgado_3_Familia,2021,44,0.95,6,0,294,1,3,5,4,271,255.0,Medio
EXP-00204,PRADERA,VIF,Juzgado_3_Familia,2024,38,0.95,6,0,243,1,3,9,4,270,255.0,Medio
EXP-00707,FLORIDA,VIF,Comisaria_2_Familia,2022,44,0.9,6,0,258,1,3,5,1,270,238.0,Medio
EXP-00751,YUMBO,VIF,Juzgado_Penal_Municipal_2,2023,62,1.05,6,0,252,1,3,12,6,270,268.0,Medio
EXP-02948,SEVILLA,VIF,Juzgado_Penal_Municipal_2,2023,35,1.05,6,0,328,1,3,10,6,270,268.0,Medio
EXP-04550,BUENAVENTURA,VIF,Juzgado_Penal_Municipal_2,2020,89,1.05,6,0,303,1,3,0,6,270,268.0,Medio
EXP-04686,PRADERA,VIF,Juzgado_3_Familia,2023,38,0.95,6,0,285,1,3,9,4,270,255.0,Medio
EXP-01042,PALMIRA,VIF,Juzgado_Penal_Municipal_2,2021,74,1.05,6,0,317,1,3,8,6,269,268.0,Medio
EXP-01354,CANDELARIA,VIF,Juzgado_Penal_Municipal_2,2024,48,1.05,6,0,291,1,3,2,6,269,268.0,Medio
EXP-01982,PALMIRA,VIF,Juzgado_Penal_Municipal_2,2021,74,1.05,6,0,227,1,3,8,6,269,268.0,Medio
EXP-02026,CARTAGO,VIF,Juzgado_Penal_Municipal_2,2023,58,1.05,6,0,224,1,3,3,6,269,268.0,Medio
EXP-02183,CARTAGO,VIF,Juzgado_Penal_Municipal_2,2024,58,1.05,6,0,296,1,3,3,6,269,268.0,Medio
EXP-03175,CARTAGO,VIF,Juzgado_Penal_Municipal_2,2024,58,1.05,6,0,208,1,3,3,6,269,268.0,Medio
EXP-00699,PRADERA,SUSTANCIAS,Comisaria_2_Familia,2024,38,0.9,6,0,295,1,2,9,1,268,264.75,Medio
EXP-01622,FLORIDA,VIF,Comisaria_2_Familia,2021,44,0.9,6,0,308,1,3,5,1,268,238.0,Medio
EXP-04860,CARTAGO,SUSTANCIAS,Comisaria_2_Familia,2023,58,0.9,6,0,259,1,2,3,1,268,264.75,Medio
EXP-00162,SEVILLA,VIF,Juzgado_3_Familia,2021,35,0.95,6,0,293,1,3,10,4,267,255.0,Medio
EXP-04609,SEVILLA,VIF,Juzgado_3_Familia,2021,35,0.95,6,0,251,1,3,10,4,267,255.0,Medio
EXP-04982,SEVILLA,VIF,Juzgado_3_Familia,2021,35,0.95,6,0,274,1,3,10,4,267,255.0,Medio
EXP-04202,SEVILLA,VIF,Comisaria_2_Familia,2022,35,0.9,6,0,261,1,3,10,1,266,238.0,Medio
EXP-04695,JAMUNDI,SUSTANCIAS,Comisaria_2_Familia,2023,67,0.9,6,0,213,1,2,7,1,265,264.75,Medio
EXP-04622,EL CERRITO,VIF,Juzgado_3_Familia,2024,41,0.95,6,0,284,1,3,4,4,264,255.0,Medio
EXP-01113,ZARZAL,VIF,Comisaria_2_Familia,2024,33,0.9,6,0,226,1,3,13,1,263,238.0,Medio
EXP-03641,ZARZAL,VIF,Comisaria_2_Familia,2023,33,0.9,6,0,309,1,3,13,1,263,238.0,Medio
EXP-03307,BUENAVENTURA,VIF,Juzgado_3_Familia,2022,89,0.95,5,0,270,1,3,0,4,262,255.0,Medio
EXP-00334,JAMUNDI,VIF,Comisaria_2_Familia,2023,67,0.9,6,0,255,1,3,7,1,261,238.0,Medio
EXP-02209,PRADERA,VIF,Comisaria_2_Familia,2023,38,0.9,6,0,263,1,3,9,1,261,238.0,Medio
EXP-02593,PRADERA,VIF,Comisaria_2_Familia,2024,38,0.9,6,0,279,1,3,9,1,261,238.0,Medio
EXP-02771,PRADERA,VIF,Comisaria_2_Familia,2023,38,0.9,6,0,234,1,3,9,1,261,238.0,Medio
EXP-03384,JAMUNDI,VIF,Comisaria_2_Familia,2024,67,0.9,6,0,287,1,3,7,1,261,238.0,Medio
EXP-02595,TULUA,VIF,Comisaria_2_Familia,2021,71,0.9,6,0,257,1,3,11,1,260,238.0,Medio
EXP-00859,ZARZAL,VIF,Juzgado_3_Familia,2023,33,0.95,6,0,265,1,3,13,4,259,255.0,Medio
EXP-00251,CALI,VIF,Juzgado_3_Familia,2023,82,0.95,5,0,283,1,3,1,4,258,255.0,Medio
EXP-02608,BUENAVENTURA,VIF,Juzgado_3_Familia,2024,89,0.95,5,0,235,1,3,0,4,258,255.0,Medio
EXP-03327,BUENAVENTURA,VIF,Juzgado_3_Familia,2023,89,0.95,5,0,213,1,3,0,4,258,255.0,Medio
EXP-02114,PALMIRA,VIF,Comisaria_2_Familia,2021,74,0.9,6,0,167,0,3,8,1,252,238.0,Medio
EXP-00778,YUMBO,VIF,Comisaria_2_Familia,2021,62,0.9,5,0,290,1,3,12,1,249,238.0,Medio
EXP-00138,BUENAVENTURA,VIF,Comisaria_2_Familia,2023,89,0.9,5,0,230,1,3,0,1,247,238.0,Medio
EXP-02571,BUENAVENTURA,VIF,Comisaria_2_Familia,2023,89,0.9,5,0,219,0,3,0,1,247,238.0,Medio
EXP-02745,BUENAVENTURA,VIF,Comisaria_2_Familia,2023,89,0.9,5,0,197,1,3,0,1,247,238.0,Medio
EXP-02827,BUENAVENTURA,VIF,Comisaria_2_Familia,2023,89,0.9,5,0,249,1,3,0,1,247,238.0,Medio
EXP-03268,CALI,VIF,Comisaria_2_Familia,2023,82,0.9,5,0,224,1,3,1,1,247,238.0,Medio
EXP-03651,BUENAVENTURA,VIF,Comisaria_2_Familia,2023,89,0.9,5,0,361,1,3,0,1,247,238.0,Medio
EXP-04699,BUENAVENTURA,VIF,Comisaria_2_Familia,2024,89,0.9,5,0,235,1,3,0,1,247,238.0,Medio
EXP-04709,CALI,VIF,Comisaria_2_Familia,2024,82,0.9,5,0,198,1,3,1,1,247,238.0,Medio
EXP-01077,GUADALAJARA DE BUGA,VIF,Comisaria_2_Familia,2021,53,0.9,5,0,234,1,3,6,1,246,238.0,Medio
EXP-04078,GUADALAJARA DE BUGA,VIF,Comisaria_2_Familia,2021,53,0.9,5,0,248,1,3,6,1,246,238.0,Medio
EXP-01163,CARTAGO,VIF,Comisaria_2_Familia,2022,58,0.9,5,0,260,1,3,3,1,242,238.0,Medio
EXP-02370,CARTAGO,VIF,Comisaria_2_Familia,2022,58,0.9,5,0,197,1,3,3,1,242,238.0,Medio
