c_digo_dane_departamento,departamento,c_digo_dane_municipio,municipio,tipo_municipio_isla_rea_no,categoria_municipio,comisarias_ley_2126_100_000,existencia_de_comisarias,nombre_comisaria,direcci_n_comisara,telefono_de_contacto,horario_de_atenci_n,longitud_de_ubicaci_n_de,latitud_de_ubicaci_n_de_la,coordenadas_de_ubicaci_n,fuente
5,ANTIOQUIA,5088,BELLO,Municipio,1,6,1,Comisaría Cuarta,Calle 20D # 42A-65,Null,"lunes a jueves de 7:00 a. m. a 12:00 m. y de 1:30 p. m. a 5:00 de la tarde, y los viernes de 7:00 de la mañana a 12:00 m. y de 1:30 p.m. a 4:00 p. m.",6307490,"-75,551,670","6°18'27.0""N 75°33'06.0""W",Directorio Comisarias Ley 2126
5,ANTIOQUIA,5266,ENVIGADO,Municipio,1,3,2,Comisaría de Familia Tercera,Calle 40 Sur# 24F106,604) 3394000 ext. 4035,"Lunes a Viernes de
7:00 a.m. a 12:00 m y
de 1:00 a 5:00 p.m.",6148884,"-75,577,145","6°08'56.0""N 75°34'37.7""W",Directorio Comisarias Ley 2126
5,ANTIOQUIA,5266,ENVIGADO,Municipio,1,3,2,Comisaría de Familia Cuarta,Calle 40 Sur# 24F106,604) 3394000 ext. 4091,"Lunes a Viernes de
7:00 a.m. a 12:00 m y
de 1:00 a 5:00 p.m.",6148884,"-75,577,145","6°08'56.0""N 75°34'37.7""W",Directorio Comisarias Ley 2126
5,ANTIOQUIA,5360,ITAGUI,Municipio,1,3,5,Comisaría Centro 1,carrera 51 # 54 - 36,377 12 86,Null,6174153,"-75,606,522","6°10'27.0""N 75°36'23.5""W",Directorio Comisarias Ley 2126
5,ANTIOQUIA,5360,ITAGUI,Municipio,1,3,5,Comisaría Centro 2,carrera 51 # 52 - 09,"373 76 76, extensión 1290 – 1292",Null,6173500,-75.608502,"6°10'24.6""N 75°36'30.6""W",Directorio Comisarias Ley 2126
5,ANTIOQUIA,5360,ITAGUI,Municipio,1,3,5,Comisaría zona sur,"calle 33 # 50C, barrio Las Margarita (Hogar de Los Recuerdos)",372 91 91,L-V 8-5,6165186,"-75,622,407","6°09'54.7""N 75°37'20.7""W",Directorio Comisarias Ley 2126
5,ANTIOQUIA,5360,ITAGUI,Municipio,1,3,5,Comisaría zona norte,"carrera 52 A # 74 - 67, Santa María (Casa de la Justicia)","402 56 00, extensión 1017",Null,6185469,-75.597206,"6°11'07.7""N 75°35'49.9""W",Directorio Comisarias Ley 2126
5,ANTIOQUIA,5360,ITAGUI,Municipio,1,3,5,Comisaría zona rural,diagonal a la Subestación de Policía Los Gómez,372 61 16,L-V 8-5,6190008,"-75,610,528","6°11'24.0""N 75°36'37.9""W",Directorio Comisarias Ley 2126
5,ANTIOQUIA,5615,RIONEGRO,Municipio,1,2,3,Comisaria Primera de Familia el Porvenir,Calle 42 # 61E - 32,(604) 5204060 ext6100,L-V 8-5,6148311,"-75,383,049","6°08'53.9""N 75°22'59.0""W",Directorio Comisarias Ley 2126
5,ANTIOQUIA,5615,RIONEGRO,Municipio,1,2,3,Comisaría Tercera de Familia Cuatro Esquinas,Cl. 52 #03 44,604) 5204060 EXT 4115,L-V 8-5,6155433,"-75,368,934","6°09'19.6""N 75°22'08.2""W",Directorio Comisarias Ley 2126
5,ANTIOQUIA,5615,RIONEGRO,Municipio,1,2,3,Comisaria Cuarta de Familia San Antonio,Calle 24 # 55B - 61,(604) 5204060 EXT 5300,L-V 8-5,"6.130681,","-75,381,089","6°07'50.5""N 75°22'51.9""W",Directorio Comisarias Ley 2126
5,ANTIOQUIA,5631,SABANETA,Municipio,1,1,1,Comisaría de Familia 1,Cr 45 # 68 Sur - 47,"(604) 4406801
Ext.1313 comisaria1@sabaneta.gov.co","Lunes a Jueves 8:00 a.m. a 12:00 m - 2:00 p.m. a 6:00p.m -
Viernes 8:00 a.m. a 12:00 m - 2:00 p.m. a 5:00p.m",6152138,"-75,615,239","6°09'07.7""N 75°36'54.9""W",Directorio Comisarias Ley 2126
15,BOYACA,15001,TUNJA,Municipio,1,2,6,COMISARÍA PRIMERA DE FAMILIA,Transversal 15 No. 20-65 Salida Vía a Villa De Leyva,3168190269,Lunes a Viernes: De 8 a.m. hasta 12 m. / De 2 p.m. hasta 6 p.m.,5535194,"-73,367,046","5°32'06.7""N 73°22'01.4""W",Directorio Comisarias Ley 2126
15,BOYACA,15001,TUNJA,Municipio,1,2,6,COMISARÍA SEGUNDA DE FAMILIA,Carrera 11 No. 6-25 Barrio Libertador,3182547577,Lunes a Viernes: De 8 a.m. hasta 12 m. / De 2 p.m. hasta 6 p.m.,5520745,"-73,367,049","5°31'14.7""N 73°22'01.4""W",Directorio Comisarias Ley 2126
15,BOYACA,15001,TUNJA,Municipio,1,2,6,COMISARÍA TERCERA DE FAMILIA,Carrera 2B No. 4A - 35 Barrio Cooservicios,3184654182,Lunes a Viernes: De 8 a.m. hasta 12 m. / De 2 p.m. hasta 6 p.m.,5525082,"-73,355,564","5°31'30.3""N 73°21'20.0""W",Directorio Comisarias Ley 2126
15,BOYACA,15001,TUNJA,Municipio,1,2,6,COMISARÍA CUARTA DE FAMILIA,Carrera 6 No. 47 - 29 Frente a Centro Norte,3156014896,Lunes a Viernes: De 8 a.m. hasta 12 m. / De 2 p.m. hasta 6 p.m.,5555371,"-73,351,077","5°33'19.3""N 73°21'03.9""W",Directorio Comisarias Ley 2126
15,BOYACA,15001,TUNJA,Municipio,1,2,6,COMISARÍA QUINTA DE FAMILIA,Transversal 2A No. 65 - 36 Barrio Los Muiscas,3153682446,Lunes a Viernes: De 8 a.m. hasta 12 m. / De 2 p.m. hasta 6 p.m.,"5.570090,","-73,336,477","5°34'12.3""N 73°20'11.3""W",Directorio Comisarias Ley 2126
15,BOYACA,15001,TUNJA,Municipio,1,2,6,COMISARÍA SEXTA DE FAMILIA,Carrera 9 No. 17 – 96 Segundo Piso Centro,3182843260,Lunes a Viernes: De 8 a.m. hasta 12 m. / De 2 p.m. hasta 6 p.m.,5530687,"-73,361,496","5°31'50.5""N 73°21'41.4""W",Directorio Comisarias Ley 2126
17,CALDAS,17001,MANIZALES,Municipio,1,5,2,Comisaría Primera de Familia - Comuna Cumanday,"Cl. 33 #20-2 a 20-84, Manizales, Caldas",Null,Null,"5.068974,","-75,510,600","5°04'08.3""N 75°30'38.2""W",Directorio Comisarias Ley 2126
17,CALDAS,17001,MANIZALES,Municipio,1,5,2,Comisaría Tercera de Familia,"Cl. 48 D #3c130 2, Manizales, Caldas",6068757070,"viernes, 7 a. m.a3 p. m.","5.083631,","-75,490,031","5°05'01.1""N 75°29'24.1""W",Directorio Comisarias Ley 2126
19,CAUCA,19001,POPAYAN,Municipio,1,4,1,COMISARÍA DE FAMILIA DE POPAYÁN,Edificio el CAM Carrera 6 # 4-21,"(572)8333033, 8243075, 3154679004",Lunes a Viernes De 8:00 a.m. a 12:00 p.m. Y 2:00 p.m. a 5:30 p.m.,2441462,"-76,605,000","2°26'29.3""N 76°36'18.0""W",Directorio Comisarias Ley 2126
20,CESAR,20001,VALLEDUPAR,Municipio,1,6,2,Comisaria de familia la Nevada,"Cl. 7 E #42-83, Valledupar, Cesar",Null,Null,10475394,"-73,282,789","10°28'31.4""N 73°16'58.0""W",Directorio Comisarias Ley 2126
20,CESAR,20001,VALLEDUPAR,Municipio,1,6,2,Comisaria de famialia primero de mayo,"#28-1 a, Cra. 22 #2875, Valledupar, Cesar",Null,L-V 8-5,"10.453797,","-73,252,916","10°27'13.7""N 73°15'10.5""W",Directorio Comisarias Ley 2126
23,CORDOBA,23001,MONTERIA,Municipio,1,6,1,CASA DE JUSTICIA MONTERIA - CORDOBA,"a 13a-42, Cl. 1a #13a-2, Montería, Córdoba",7910110,L-V 8-5,8726601,"-75,887,162","8°43'35.8""N 75°53'13.8""W",Directorio Comisarias Ley 2126
25,CUNDINAMARCA,25175,CHIA,Municipio,1,2,2,Comisaria la Libertad,Cl. 10 #11-36,8844444 EXT 3305,L-V 8-5,4860495,"-74,061,441","4°51'37.8""N 74°03'41.2""W",Directorio Comisarias Ley 2126
25,CUNDINAMARCA,25175,CHIA,Municipio,1,2,2,Comisaria Bojaca,"Cl. 29 #1 Este-124 a, Cra. 1 #2, Chía, Cundinamarca",3502823796,L-V 8-5,4874547,"-74,040,061","4°52'28.4""N 74°02'24.2""W",Directorio Comisarias Ley 2126
25,CUNDINAMARCA,25286,FUNZA,Municipio,1,2,2,Comisaria 1,"Cra 12A #8 - 18 A, Funza, Cundinamarca",Null,L-V 8-5,4715704,"-74,206,123","4°42'56.5""N 74°12'22.0""W",Directorio Comisarias Ley 2126
25,CUNDINAMARCA,25286,FUNZA,Municipio,1,2,2,Comisaria 2,"Cl. 18 #9-2 a 9-80, Funza, Cundinamarca",Null,L-V 8-5,4714139,"-74,215,725","4°42'50.9""N 74°12'56.6""W",Directorio Comisarias Ley 2126
25,CUNDINAMARCA,25473,MOSQUERA,Municipio,1,2,3,comisaria 3,calle 17ª N° 14-45 en el Barrio Praderas,18276366,L-V 8-5,4.720150,"-74,225,587","4°43'12.5""N 74°13'32.1""W",Directorio Comisarias Ley 2126
25,CUNDINAMARCA,25754,SOACHA,Municipio,1,9,3,Comisaria 1,Autopista Sur N 34- 70,"601 8400022
601 8400023",L-V 8-5,4579226,"-74,217,896","4°34'45.2""N 74°13'04.4""W",Directorio Comisarias Ley 2126
25,CUNDINAMARCA,25754,SOACHA,Municipio,1,9,3,Comisaria 2,Carrera 11 No. 16 - 80 Barrio Villa Clara,Null,L-V 8-5,4585875,"-74,217,187","4°35'09.2""N 74°13'01.9""W",Directorio Comisarias Ley 2126
25,CUNDINAMARCA,25754,SOACHA,Municipio,1,9,3,comisaria 3,Calle 20sur No. 9-18 Compartir,601 7224352,L-V 8-5,4565412,"-74,237,972","4°33'55.5""N 74°14'16.7""W",Directorio Comisarias Ley 2126
41,HUILA,41001,NEIVA,Municipio,1,4,1,Comisaria 1,Carrera 8 No. 6-61 Primer Piso Neiva - Huila,Null,L-V 8-5,2926987,"-75,285,544","2°55'37.2""N 75°17'08.0""W",Directorio Comisarias Ley 2126
41,HUILA,41001,NEIVA,Municipio,1,4,1,Comisaria 2,Carrera 8 No. 6-61 Primer Piso Neiva - Huila,Null,L-V 8-5,2926987,"-75,285,544","2°55'37.2""N 75°17'08.0""W",Directorio Comisarias Ley 2126
41,HUILA,41001,NEIVA,Municipio,1,4,1,Comisaria 3,Carrera 8 No. 6-61 Primer Piso Neiva - Huila,Null,L-V 8-5,2926987,"-75,285,544","2°55'37.2""N 75°17'08.0""W",Directorio Comisarias Ley 2126
41,HUILA,41001,NEIVA,Municipio,1,4,1,Comisaría de Familia-Casa de Justicia,"Casa de Justicia- Calle 2 C No.28-14, Barrio Los Parques,  Neiva- Huila.",Null,L-V 8-5,2926858,"-75,269,404","2°55'36.7""N 75°16'09.9""W",Directorio Comisarias Ley 2126
47,MAGDALENA,47001,SANTA MARTA,Municipio,1,6,2,Comisaría Norte,Carrera 16 N° 31A – 34,4209600 Ext. 1358 1356,L-V 8-5,11226123,"-74,204,348","11°13'34.0""N 74°12'15.7""W",Directorio Comisarias Ley 2126
50,META,50001,VILLAVICENCIO,Municipio,1,6,1,Comisaria 1,calle 23 no. 37l-14 barrio teusaca,57 (8) 6719462,L-V 8-5,4136292,"-73,634,815","4°08'10.7""N 73°38'05.3""W",Directorio Comisarias Ley 2126
50,META,50001,VILLAVICENCIO,Municipio,1,6,1,Comisaria 2,calle 54 sur no.39-59 ciudad porfía-casa de justicia,57 (8)   6707160 3213133771,L-V 8-5,4082269,-73.667449,"4°04'56.2""N 73°40'02.8""W",Directorio Comisarias Ley 2126
50,META,50001,VILLAVICENCIO,Municipio,1,6,1,Comisaria 3,Calle 34 No.40-03 Barzal Alto- 3º Piso Edificio Caima,57 (8) 6730674,L-V 8-5,4144739,"-73,640,689","4°08'41.1""N 73°38'26.5""W",Directorio Comisarias Ley 2126
52,NARINO,52001,PASTO,Municipio,1,5,3,Comisaría Segunda de Familia,Calle 21b No 2-36 Santa Barbara,Null,L-V 8-5,1204964,"-77,258,439","1°12'17.9""N 77°15'30.4""W",Directorio Comisarias Ley 2126
52,NARINO,52001,PASTO,Municipio,1,5,3,Comisaría Tercera de Familia,Carrera 48 No. 17 - 17,Null,L-V 8-5,1229462,"-77,292,255","1°13'46.1""N 77°17'32.1""W",Directorio Comisarias Ley 2126
54,NORTE DE SANTANDER,54001,SAN JOSE DE CUCUTA,Municipio,1,9,1,Comisaria de familia permanente de Cucuta,Avenida 6 # 1 A - 105,57(607) 587 15 88,L-V 8-5,7929916,"-72,502,303","7°55'47.7""N 72°30'08.3""W",Directorio Comisarias Ley 2126
63,QUINDIO,63001,ARMENIA,Municipio,1,4,1,Comisaria 1,PLAZA MINORÍSTA BARRIO SAN JOSE,(606) 7403005,L-V 8-5,4539894,"-75,683,601","4°32'23.6""N 75°41'01.0""W",Directorio Comisarias Ley 2126
63,QUINDIO,63001,ARMENIA,Municipio,1,4,1,Comisaria 2,EDIFICIO CASE CARRERA 17 # 14-20 PISO 2,(606) 7467324,L-V 8-5,4537160,"-75,671,566","4°32'13.8""N 75°40'17.6""W",Directorio Comisarias Ley 2126
63,QUINDIO,63001,ARMENIA,Municipio,1,4,1,Comisaria 3,B/CAÑAS GORDAS MZ 9 CASA 11- CASA DE JUSTICIA,(606) 7372020,L-V 8-5,4506933,"-75,695,729","4°30'25.0""N 75°41'44.6""W",Directorio Comisarias Ley 2126
66,RISARALDA,66001,PEREIRA,Municipio,1,5,4,Comisaría de familia centro,Calle 14 #5 - 20,322 8615713,L-V 8-5,4815791,-75.689880,"4°48'56.9""N 75°41'23.6""W",Directorio Comisarias Ley 2126
66,RISARALDA,66001,PEREIRA,Municipio,1,5,4,Comisaría de familia nororiental,"Manzana 56, casa 8, barrio San Vicente alto, junto a la estación de Policía",322 8615715,L-V 8-5,4797717,-75.669111,"4°47'51.8""N 75°40'08.8""W",Directorio Comisarias Ley 2126
66,RISARALDA,66001,PEREIRA,Municipio,1,5,4,Comisaría de familia barrio Galán,Carrera 2 Bis #33 - 46,320 7274305,L-V 8-5,4819340,"-75,700,991","4°49'09.6""N 75°42'03.6""W",Directorio Comisarias Ley 2126
66,RISARALDA,66001,PEREIRA,Municipio,1,5,4,Comisaría de familia suroccidental,Carrera 24 #70B - 10,322 8615707,L-V 8-5,4805799,"-75,739,315","4°48'20.9""N 75°44'21.5""W",Directorio Comisarias Ley 2126
68,SANTANDER,68081,BARRANCABERMEJA,Municipio,1,3,2,Centro de Convivencia Ciudadana,Calle 54 Cra 36E,6216674,L-V 8-5,7063968,"-73,839,247","7°03'50.3""N 73°50'21.3""W",Directorio Comisarias Ley 2126
68,SANTANDER,68081,BARRANCABERMEJA,Municipio,1,3,2,Centro de atención regional a victimas,"Dg. 60 #Cl 65B-409, Barrancabermeja, Santander",313 331 6484,L-V 8-5,7071727,"-73,843,990","7°04'18.2""N 73°50'38.4""W",Directorio Comisarias Ley 2126
68,SANTANDER,68276,FLORIDABLANCA,Municipio,1,4,1,Comisaria de familia de Floridablanca,"Av. 60 #42-63, Floridablanca, Santander",Null,L-V 8-5,7084445,"-73,086,255","7°05'04.0""N 73°05'10.5""W",Directorio Comisarias Ley 2126
73,TOLIMA,73001,IBAGUE,Municipio,1,6,1,Comisaría Familia del sur,Null,Null,Null,Null,Null,Null,Directorio Comisarias Ley 2126
73,TOLIMA,73001,IBAGUE,Municipio,1,6,1,Comisaría de Familia del Norte,Null,Null,Null,Null,Null,Null,Directorio Comisarias Ley 2126
73,TOLIMA,73001,IBAGUE,Municipio,1,6,1,Comisaría de Familia (Fiscalía),Null,Null,Null,Null,Null,Null,Directorio Comisarias Ley 2126
73,TOLIMA,73001,IBAGUE,Municipio,1,6,1,Comisaría Permanente de Familia,"Cra. 5 #6-38, Ibagué, Tolima",3165262354,L-V 8-5,4447701,"-75,244,612","4°26'51.7""N 75°14'40.6""W",Directorio Comisarias Ley 2126
76,VALLE DEL CAUCA,76520,PALMIRA,Municipio,1,4,3,Comisaría de Familia Móvil,Null,321 5813764,"Atención de lunes a viernes de 7:00 a.m. a 4:00 p.m., jornada continua.",Null,Null,Null,Directorio Comisarias Ley 2126
76,VALLE DEL CAUCA,76520,PALMIRA,Municipio,1,4,3,Comisaría de Familia de Rozo,Calle 10 # 11 – 05,321 5813764,"Atención los lunes, miércoles y viernes, de 7:30 a.m. a 12:30 p.m. y de 1:30 p.m. a 4:30 p.m.",3614674,"-76,387,812","3°36'52.8""N 76°23'16.1""W",Directorio Comisarias Ley 2126
76,VALLE DEL CAUCA,76520,PALMIRA,Municipio,1,4,3,Comisaría de Familia ubicada en la Casa de Justicia,"Calle 57 # 44 – 02, barrio Caimitos",2859694 – 318 8276379,"Atención de lunes a viernes, de 7:00 a.m. a 4:00 p.m., jornada continua.",3548598,"-76,315,400","3°32'55.0""N 76°18'55.4""W",Directorio Comisarias Ley 2126
76,VALLE DEL CAUCA,76520,PALMIRA,Municipio,1,4,3,Comisaría de Familia del Centro de Atención Integral (CeAI),"Carrera 28 # 27 – 68, edificio de la Fiscalía General de la Nación, seccional Palmira, tercer piso.",317 4976717,atención de lunes a viernes de 7:30 a.m. a 12:30 p.m. y de 1:30 p.m. a 5:00 p.m.,"3,525,076.00","-76,299,242","3°31'30.3""N 76°17'57.3""W",Directorio Comisarias Ley 2126
76,VALLE DEL CAUCA,76520,PALMIRA,Municipio,1,4,3,Comisaría de Familia Central,"Calle 23 # 28A – 15, barrio Nuevo.",2859732 – 2859736 – 317 5100201.,24 horas del día,3520759,"-76,295,233","3°31'14.7""N 76°17'42.8""W",Directorio Comisarias Ley 2126
76,VALLE DEL CAUCA,76892,YUMBO,Municipio,1,2,2,Comisaría de Familia de Yumbo,Calle 1A No. 3-29 barrio Belalcázar de Yumbo (Valle),6570634- Celular 3505377406,L-V 8-5,3584837,"-76,498,724","3°35'05.4""N 76°29'55.4""W",Directorio Comisarias Ley 2126
76,VALLE DEL CAUCA,76892,YUMBO,Municipio,1,2,2,"cOMISARIA 1, 2, 3 Y 4",Carrera 33 # 26 A - 12,+57 (60+8) 6345913 Extensión 1021 - 1022 - 1023,L-V 8-5,5340192,"-72,381,773","5°20'24.7""N 72°22'54.4""W",Directorio Comisarias Ley 2126
85,CASANARE,85001,YOPAL,Municipio,1,2,1,Null,Null,Null,Null,Null,Null,Null,Directorio Comisarias Ley 2126
5,ANTIOQUIA,5148,EL CARMEN DE VIBORAL,Municipio,2,1,1,Comisaria de Familia EL CARMEN DE VIBORAL,"carrera 27 N°29-23 Piso 2 casa de
Justicia",5433333 Ext- 110- 3144808518,L-V 8-5,6090239,"-75,335,073","6°05'24.9""N 75°20'06.3""W",Directorio Comisarias Ley 2126
5,ANTIOQUIA,5308,GIRARDOTA,Municipio,2,1,1,Comisaria de familia de girardota,Calle 6 No. 14 - 43,Conmutador: (+57) 4 3224299,Horario de Atención: Lunes a jueves 7:00 a.m. 12:00 p.m. y de 1:00 p.m. a 5:00 p.m.Viernes de 7:00 a.m. a 05:00 p.m. y 1:00 p.m. a 400 p.m.,6377309,"-75,445,503","6°22'38.3""N 75°26'43.8""W",Directorio Comisarias Ley 2126
5,ANTIOQUIA,5318,GUARNE,Municipio,2,1,1,Comisaria de familia de Guarne 1 y 2,CALLE 52 N° 51-26,313 652 59 96 - 551 02 93,L-V 8-5,6276245,"-75,439,132","6°16'34.5""N 75°26'20.9""W",Directorio Comisarias Ley 2126
5,ANTIOQUIA,5376,LA CEJA,Municipio,2,1,1,Comisaria de familia de la Ceja,Carrera 17 # 20 - 53,553 10 40 EXT 124 125,L-V 8-5,6030669,"-75,428,729","6°01'50.4""N 75°25'43.4""W",Directorio Comisarias Ley 2126
5,ANTIOQUIA,5380,LA ESTRELLA,Municipio,2,1,1,Null,Null,Null,Null,Null,Null,Null,Directorio Comisarias Ley 2126
5,ANTIOQUIA,5736,SEGOVIA,Municipio,2,1,1,Comisaria de Familia,"Carrera 48 # 48 – 88, Calle los Angeles (Casa de Justicia)","(+60)(4) 8315860 EXT 4001, 4002",L-V 8-5,7080403,"-74,699,643","7°04'49.5""N 74°41'58.7""W",Directorio Comisarias Ley 2126
8,ATLANTICO,8758,SOLEDAD,Municipio,2,7,2,Comisaria 1 de soledad,Carrera 30 # 26 - 04,Null,L-V 8-5,10941420,"-74,802,521","10°56'29.1""N 74°48'09.1""W",Directorio Comisarias Ley 2126
8,ATLANTICO,8758,SOLEDAD,Municipio,2,Null,2,Comisaria 3 de soledad,cra 22 # 60 -28,Null,L-V 8-5,10919008,", -74.797420","10°55'08.4""N 74°47'50.7""W",Directorio Comisarias Ley 2126
15,BOYACA,15572,PUERTO BOYACA,Municipio,2,1,1,Comisaria de Familia,Carrera 5 entre calle 20 - 21,Null,L-V 8-5,5975274,"-74,583,424","5°58'31.0""N 74°35'00.3""W",Directorio Comisarias Ley 2126
15,BOYACA,15759,SOGAMOSO,Municipio,2,2,3,Comisaria 1 de Sogamoso,Edificio El Pintor Calle 15 N° 11-79 Piso 5,608  7710513,L-V 8-5,5718809,"-72,927,165","5°43'07.7""N 72°55'37.8""W",Directorio Comisarias Ley 2126
15,BOYACA,15759,SOGAMOSO,Municipio,2,Null,3,Comisaria 2 de Sogamoso,Calle 11 # 9-32,608  7721128,L-V 8-5,5713655,"-72,926,955","5°42'49.2""N 72°55'37.0""W",Directorio Comisarias Ley 2126
15,BOYACA,15759,SOGAMOSO,Municipio,2,Null,3,Comisaria 3 de Sogamoso,Edificio c arrera 32 No.7-127 (centro de Convivencia) Barrio La Isla,608 7706993,L-V 8-5,"5,720,357","-72,944,352","5°43'13.2""N 72°56'39.3""W",Directorio Comisarias Ley 2126
18,CAQUETA,18001,FLORENCIA,Municipio,2,2,1,COMISARIA DE FAMILIA DE FLORENCIA,"Carrera 10 # Cl. 18 esquina, Cl. 18 #9-49, Florencia, Caquetá",84358100,L-V 8-5,"1,618,350","-75,612,483","1°37'06.1""N 75°36'44.9""W",Directorio Comisarias Ley 2126
25,CUNDINAMARCA,25126,CAJICA,Municipio,2,2,2,Comisaria 1 cajica,"Cra. 12 #18 25, Cajicá, Cundinamarca",3173695628,L-V 8-5,4917485,"-74,024,751","4°55'03.0""N 74°01'29.1""W",Directorio Comisarias Ley 2126
25,CUNDINAMARCA,25214,COTA,Municipio,2,1,1,Comisaria 1 de Cajica,Carrera 5 No. 1 - 19 Centro Comercial Cedro Mall,3502523231		comisaria@alcaldiacota.gov.co,L-V 8-5,4802550,"-74,108,200","4°48'09.2""N 74°06'29.5""W",Directorio Comisarias Ley 2126
25,CUNDINAMARCA,25269,FACATATIVA,Municipio,2,2,2,Comisaría de Familia Primera,Calle 13 A # 6-13 Barrio Laureles,"Cel. 311 809 8182
Correo electrónico:
comisaria1facatativa@yahoo.com",L-V 8-5,"4,819,323","-74,358,520","4°49'09.6""N 74°21'30.7""W",Directorio Comisarias Ley 2126
25,CUNDINAMARCA,25269,FACATATIVA,Municipio,2,Null,2,Comisaría de Familia Segunda,Calle 13 A # 6–13 Barrio Laureles,"Cel. 315 258 0528
Correo electrónico:
csegundadefamiliafacatativa@gmail.com",L-V 8-5,"4,819,323","-74,358,520","4°49'09.6""N 74°21'30.7""W",Directorio Comisarias Ley 2126
25,CUNDINAMARCA,25290,FUSAGASUGA,Municipio,2,2,3,"Comisaria de familia 1,2 y 3",Calle quinta # 6-49,"Cel. 314 460 6118
Correo electrónico:
comisariadefamilia@fusagasugacundinamarca.gov.co",L-V 8-5,4344935,"-74,361,946","4°20'41.8""N 74°21'43.0""W",Directorio Comisarias Ley 2126
25,CUNDINAMARCA,25290,FUSAGASUGA,Municipio,2,Null,Null,"Comisaria de familia 1,2 y 3",Calle quinta # 6-49,"Cel. 314 460 6118
Correo electrónico:
comisariadefamilia@fusagasugacundinamarca.gov.co",L-V 8-5,4344935,"-74,361,946","4°20'41.8""N 74°21'43.0""W",Directorio Comisarias Ley 2126
25,CUNDINAMARCA,25307,GIRARDOT,Municipio,2,2,2,Comisaría Primera,Calle 14 # 11- 59 Centro,"Cel. 312 314 4684
Correo electrónico:
comisaria1@girardot-cundinamarca.gov.co",L-V 8-5,4294595,"-74,808,629","4°17'40.5""N 74°48'31.1""W",Directorio Comisarias Ley 2126
25,CUNDINAMARCA,25307,GIRARDOT,Municipio,2,Null,2,Comisaría Segunda,"Calle 16 con Carrera 16 antiguas
instalaciones del Ituc","Cel. 310 805 5003
Correo electrónico:
comisaria2@girardot-cundinamarca.gov.co",L-V 8-5,4298013,"-74,809,896","4°17'52.9""N 74°48'35.6""W",Directorio Comisarias Ley 2126
25,CUNDINAMARCA,25430,MADRID,Municipio,2,2,2,Comisaría Primera de madrid,"a 7b-37, Cl. 9 #7b-1, Madrid, Cundinamarca",18250028,L-V 8-5,4734727,"-74,262,894","4°44'05.0""N 74°15'46.4""W",Directorio Comisarias Ley 2126
25,CUNDINAMARCA,25430,MADRID,Municipio,2,Null,Null,Comisaría Segunda de madrid,"a 7b-37, Cl. 9 #7b-1, Madrid, Cundinamarca",Null,L-V 8-5,4732784,"-74,262,994","4°43'58.0""N 74°15'46.8""W",Directorio Comisarias Ley 2126
25,CUNDINAMARCA,25817,TOCANCIPA,Municipio,2,1,2,COMISARIA DE FAMILIA UNO,Carrera 7 No. 10-17 1er Piso Oficina 106 Casa de Justicia Centro Tocancipá,"Email: comisariadefamilia1@tocancipa.gov.co

Teléfono: 311 4698081",L-V 8-5,4965910,"-73,914,146","4°57'57.3""N 73°54'50.9""W",Directorio Comisarias Ley 2126
25,CUNDINAMARCA,25817,TOCANCIPA,Municipio,2,Null,2,COMISARIA DE FAMILIA DOS,Carrera 7 No. 10-17 1er Piso Oficina 107 Casa de Justicia Centro Tocancipá,"Email: comisariadefamilia2@tocancipa.gov.co

Teléfono: 318 803 06 96",L-V 8-5,4965910,"-73,914,146","4°57'57.3""N 73°54'50.9""W",Directorio Comisarias Ley 2126
25,CUNDINAMARCA,25899,ZIPAQUIRA,Municipio,2,2,3,Comisaría Primera,Carrera 11 a # 5-21 Barrio Algarra 1,"Cel. 315 358 3130
Correo electrónico:
comisariadefamiliazipaquira@gmail.com",L-V 8-5,5037625,"-73,993,797","5°02'15.5""N 73°59'37.7""W",Directorio Comisarias Ley 2126
25,CUNDINAMARCA,25899,ZIPAQUIRA,Municipio,2,Null,3,Comisaría Segunda,Avenida 15 o Carrera 16 # 7d- 43,"Cel. 313 851 8714
Correo electrónico:
comisariasegundafamiliazipa@gmail.com",L-V 8-5,5023891,"-73,995,801","5°01'26.0""N 73°59'44.9""W",Directorio Comisarias Ley 2126
25,CUNDINAMARCA,25899,ZIPAQUIRA,Municipio,2,Null,3,Comisaría Tercera,Carrera tercera # 2f - 35,"Cel. 312 494 6335
Correo electrónico:
comisariamovildefamilia@gmail.com",L-V 8-5,5006273,"-73,978,624","5°00'22.6""N 73°58'43.1""W",Directorio Comisarias Ley 2126
50,META,50568,PUERTO GAITAN,Municipio,2,1,1,Comisaria de familia,Null,3208747467,L-V 8-5,Null,Null,Null,Directorio Comisarias Ley 2126
66,RISARALDA,66170,DOSQUEBRADAS,Municipio,2,3,2,Comisaría Primera de familia,"Carrera 19 #17-20, Santa
Mónica, Dosquebradas,
Risaralda","(6)3156665
ext.150, 151",L-V 8-5,4823836,"-75,680,635","4°49'25.8""N 75°40'50.3""W",Directorio Comisarias Ley 2126
66,RISARALDA,66170,DOSQUEBRADAS,Municipio,2,Null,2,"Comisaría Segunda de
familia","Carrera 21 # 66-21 /Plan 3
Zona 6 Camilo Torres,
Dosquebradas, Risaralda",(6) 3289101,L-V 8-5,4852449,"-75,654,570","4°51'08.8""N 75°39'16.5""W",Directorio Comisarias Ley 2126
68,SANTANDER,68307,GIRON,Municipio,2,2,1,Comisaría de Familia Girón,"Cra. 28 #con 53, Girón, Santander",Null,L-V 8-5,7079169,"-73,171,559","7°04'45.0""N 73°10'17.6""W",Directorio Comisarias Ley 2126
68,SANTANDER,68547,PIEDECUESTA,Municipio,2,2,1,Comisaria de Piedecuesta,cra. 6 #10-78,6650444,L-V 8-5,6984319,"-73,050,959","6°59'03.6""N 73°03'03.5""W",Directorio Comisarias Ley 2126
70,SUCRE,70001,SINCELEJO,Municipio,2,4,1,Comisaria Primera de Sincelejo,Calle 26 #16A-73 Calle Sabanas de Nariño,(+57) 5 2821742	comfamilia1@sincelejo.gov.co,L-V 8-5,9298504,"-75,396,123","9°17'54.6""N 75°23'46.0""W",Directorio Comisarias Ley 2126
70,SUCRE,70001,SINCELEJO,Municipio,2,Null,Null,Comisaría segunda de sincelejo,Calle 25 Nº 27 - 84 Barrio El Socorro,(+57) 3002829043	 comisariadefamilia2@sincelejo.gov.co,L-V 8-5,9302727,"-75,384,403","9°18'09.8""N 75°23'03.9""W",Directorio Comisarias Ley 2126
76,VALLE DEL CAUCA,76109,BUENAVENTURA,Municipio,2,4,1,Comisaría de Familia de Buenaventura,Carrera 73B Calle 3ª Esquina.,"DENUNCIA: Recepción a las denuncias vía
telefónica o whatsapp al cel. 316 249 2622
JURÍDICA: Recepción a los casos vía
telefónica o whatsapp al cel. 317 682 0627
PSICOSOCIAL: Recepción a la orientación
psicológica vía telefónica o whatsapp al
cel. 316 249 2622",L-V 8-5,Null,Null,Null,Directorio Comisarias Ley 2126
76,VALLE DEL CAUCA,76111,GUADALAJARA DE BUGA,Municipio,2,2,0,Comisaría de Familia de Guadalara de Buga,Calle 24 # 13-04,"Tels. 236 6781 - 236 6784 - 228 2000
Cel. 311 340 1230
Correo electrónico:
sgobierno@guadalajaradebuga-valle.gov.co",L-V 8-5,"3,913,439","-76,295,345","3°54'48.4""N 76°17'43.2""W",Directorio Comisarias Ley 2126
76,VALLE DEL CAUCA,76130,CANDELARIA,Municipio,2,1,0,comisaria de familia de buga 1,"carrera 8 # 8-45, barrio San Cristóbal - Candelaria",(602) 264 6830,L-V 8-5,3408529,"-76,347,839","3°24'30.7""N 76°20'52.2""W",Directorio Comisarias Ley 2126
76,VALLE DEL CAUCA,76130,CANDELARIA,Municipio,2,Null,Null,comisaria de familia de buga 2,"calle 10 # 10-55, 3er piso - Edificio Copecan - Villagorgona",(602) 261 5053,L-V 8-5,3395364,"-76,388,031","3°23'43.3""N 76°23'16.9""W",Directorio Comisarias Ley 2126
76,VALLE DEL CAUCA,76147,CARTAGO,Municipio,2,2,1,Comisaría de Familia 1,Carrera 2 Norte N° 12 – 35,(57+2) 211 41 01/02/03/04 Fax: (57+2) 212 77 84,L-V 8-5,4753833,"-75,914,717","4°45'13.8""N 75°54'53.0""W",Directorio Comisarias Ley 2126
76,VALLE DEL CAUCA,76147,CARTAGO,Municipio,2,Null,Null,Comisaría de Familia 2,"Carrera 1 con calle 37, barrio Campo Alegre, Casa de Justicia",(57+2) 211 41 01/02/03/04 Fax: (57+2) 212 77 84,L-V 8-5,4760180,"-75,934,259","4°45'36.7""N 75°56'03.3""W",Directorio Comisarias Ley 2126
76,VALLE DEL CAUCA,76364,JAMUNDI,Municipio,2,2,1,Comisaría Primera,Null,"Tel. 519 0969 Ext. 1056
Cel. 318 796 5216
Correo electrónico:
comisariafamilia@jamundi.gov.co",L-V 8-5,Null,Null,Null,Directorio Comisarias Ley 2126
76,VALLE DEL CAUCA,76364,JAMUNDI,Municipio,2,Null,Null,Comisaría Segunda,Null,"Tel. 519 0969 Ext. 1056
Cel. 321 503 9695
Correo electrónico:
Comisaria.segundajamundi@gmail.com",Null,Null,Null,Null,Directorio Comisarias Ley 2126
76,VALLE DEL CAUCA,76834,TULUA,Municipio,2,3,1,Comisaría de Familia - Casa de Justicia,Carrera 10 # 25-50 Barrio Marandua,"Tel. 233 9300 – 233 9333 Ext. 5037
Correo electrónico:
salud@tulua.gov.co",L-V 8-5,3271999,"-76,535,293","3°16'19.2""N 76°32'07.1""W",Directorio Comisarias Ley 2126
5,ANTIOQUIA,5045,APARTADO,Municipio,Null,2,1,Comisaria Unica de Apartadó,Cl. 103 B #98-80,"8285353, EXT: 18",L-V 8-5,7887646,"-76,630,164","7°53'15.5""N 76°37'48.6""W",Directorio Comisarias Ley 2126
5,ANTIOQUIA,5129,CALDAS,Municipio,Null,1,0,Alcaldia Municipal,Carrera 49 # 129 Sur 50,Teléfono: (57) 604 3788500,L-V 8-5,6091873,"-75,635,291","6°05'30.7""N 75°38'07.1""W",Directorio Comisarias Ley 2126
5,ANTIOQUIA,5212,COPACABANA,Municipio,Null,1,1,Comisaría de Familia de Copacabana,"Cl. 52 # 47-1, Copacabana, Antioquia",(604) 2747627,L-V 8-5,6349095,"-75,506,439","6°20'56.7""N 75°30'23.2""W",Directorio Comisarias Ley 2126
5,ANTIOQUIA,5440,MARINILLA,Municipio,Null,1,1,Camisaria de Familia 1 y 2 de Marinilla,Calle 30 No. 30-13,(604)5484410,L-V 8-5,6173493,"-75,334,882","6°10'24.6""N 75°20'05.6""W",Directorio Comisarias Ley 2126
5,ANTIOQUIA,5607,RETIRO,Municipio,Null,1,1,Comisaria de Familia de El Retiro,Calle 20 N° 20 - 40,6044025450,L-V 8-5,6057597,"-75,502,881","6°03'27.4""N 75°30'10.4""W",Directorio Comisarias Ley 2126
8,ATLANTICO,8433,MALAMBO,Municipio,Null,2,1,Comisaria de familia de Malambo,"Cl. 10 #15-03, Malambo, Atlántico",(605) 3225059,L-V 8-5,10861530,"-74,773,526","10°51'41.5""N 74°46'24.7""W",Directorio Comisarias Ley 2126
8,ATLANTICO,8573,PUERTO COLOMBIA,Municipio,Null,1,1,Comisaria de familia de Puerto Colombia,Carrera 4 # 2-18,+57 (605) 3226722,L-V 8-5,10988110,"-74,959,306","10°59'17.2""N 74°57'33.5""W",Directorio Comisarias Ley 2126
13,BOLIVAR,13836,TURBACO,Municipio,Null,2,1,Comisaria de Turbaco,"Avenida México Calle 17 # 804 Plaza principal, Turbaco - Bolívar",(+57) 5 643 6408,L-V 8-5,10330306,"-75,407,717","10°19'49.1""N 75°24'27.8""W",Directorio Comisarias Ley 2126
15,BOYACA,15238,DUITAMA,Municipio,Null,2,2,Comisaria de Familia 1 Alcaldía municipal,"Cra. 14 #1541, Centro-Sur, Duitama, Boyacá","Tel. 7626248

e-mail. comisaria1@duitama-boyaca.com.co",L-V 8-5,5828743,"-73,034,818","5°49'43.5""N 73°02'05.3""W",Directorio Comisarias Ley 2126
25,CUNDINAMARCA,25612,RICAURTE,Municipio,Null,1,1,Comisaria de Familia de Ricaurte,Calle 3 N° 16 - 30,"""601-836-6415		comisariadefamilia@ricaurte-cundinamarca.gov.co""",L-V 8-5,4274623,"-74,773,620","4°16'28.6""N 74°46'25.0""W",Directorio Comisarias Ley 2126
25,CUNDINAMARCA,25758,SOPO,Municipio,Null,1,1,Comisaria de Familia de Sopo,Carrera 3 # 2-45,"(+571) 8572488

Correo electrónico:comisariadefamilia@sopo-cundinamarca.gov.co",L-V 8-5,4907936,"-73,940,615","4°54'28.6""N 73°56'26.2""W",Directorio Comisarias Ley 2126
25,CUNDINAMARCA,25799,TENJO,Municipio,Null,1,1,Comisaria de Familia de Tenjo,"Calle 3 No. 3 - 86, Tenjo, Cundinamarca.",(+57) 5807997 - (+57) 8646806 - (+57) 8646471 - (+57) 8646337,L-V 8-5,4871434,"-74,145,144","4°52'17.2""N 74°08'42.5""W",Directorio Comisarias Ley 2126
27,CHOCO,27001,QUIBDO,Municipio,Null,2,0,Null,Null,Null,L-V 8-5,Null,Null,Null,Directorio Comisarias Ley 2126
41,HUILA,41551,PITALITO,Municipio,Null,2,1,Comisaria de Familia de Pitalito,Carrera 3 No. 4 - 78 Centro,8360040 - 318 4281282,L-V 8-5,1851080,"-76,045,654","1°51'03.9""N 76°02'44.4""W",Directorio Comisarias Ley 2126
44,LA GUAJIRA,44001,RIOHACHA,Municipio,Null,3,1,Comisaría de Familia,Calle 38 # 37-47 Mercado Nuevo,Calle 38 # 37-47 Mercado Nuevo,L-V 8-5,Null,Null,Null,Directorio Comisarias Ley 2126
50,META,50006,ACACIAS,Municipio,Null,1,1,Comisaria de familia de Acacias,Calle 11 A # 35 A 05 barrio La Independencia.,3203509652,L-V 8-5,3987479,"-73,764,228","3°59'14.9""N 73°45'51.2""W",Directorio Comisarias Ley 2126
73,TOLIMA,73268,ESPINAL,Municipio,Null,1,1,Comisaria de Familia,Carrera 6 N. 2 - 37,(8) 2482481 - 3108628033,L-V 8-5,4140993,"-74,882,515","4°08'27.6""N 74°52'57.1""W",Directorio Comisarias Ley 2126
5,ANTIOQUIA,5079,BARBOSA,Municipio,4,1,1,Comisaria de Familia de Barbosa,Calle 15 Nº 13-66,(+57) 604 4548300 Ext. 1615,Lunes a Jueves de 7:30 a.m a 12:30 p.m y 1:30 p.m a 5:30 p.m. Viernes de 7:30 a.m a 12:30 p.m y 1:30 p.m a 4:30 p.m,6.43691777276623,-75.3306489484427,"6°26'13.3""N 75°19'50.2""W",Directorio Comisarias Ley 2126
5,ANTIOQUIA,5250,EL BAGRE,Municipio,4,1,1,Comisaría de Familia de El Bagre,Carrera 49 A N° 48 A -55,(+57) 320 413 03 58,Lunes a jueves 8:00 a.m. a 12:00 m. y 2:00 p.m. a 6:00 p.m. Viernes 8:00 a.m. a 12:00 m. y 2:00 p.m. a 5:00 p.m.,7.59740255880548,-74.7993310330947,"7°35'50.6""N 74°47'57.8""W",Directorio Comisarias Ley 2126
8,ATLANTICO,8296,GALAPA,Municipio,4,1,1,Comisaría de Familia de Galapa,Calle 13 No. 14 - 19,(+57)  316 027 24 93 Ext: 129,De Lunes a Viernes de 8:00 a.m. a 5;00 p.m.,10.9222178514747,-74.8634396753984,"10°55'19.0""N 74°51'48.5""W",Directorio Comisarias Ley 2126
19,CAUCA,19300,GUACHENE,Municipio,4,1,1,Comisaría de Familia de Guachene,Calle 4 No. 5 - 46,"(572)8259107, 3218129147",Lunes a Jueves De 7:00 a.m. a 12:00 m. Y 1:00 p.m. a 5:00 p.m. Viernes De 7:00 a.m. a 12:00 m Y De 1:00 p.m. a 4:00 p.m.,3.13319131442188,-76.3937205042708,"3°07'59.6""N 76°23'37.4""W",Directorio Comisarias Ley 2126
19,CAUCA,19698,SANTANDER DE QUILICHAO,Municipio,4,2,1,Comisaría de Familia de Santander de Quilichao,Cra 9# 2S-35,8313100,Lunes a viernes 8:00 a.m.- 12:00 p.m. y de 2:00 p.m. a 6:00 p.m.,3.00522467861027,-76.4827308754350,"3°00'18.9""N 76°28'57.8""W",Directorio Comisarias Ley 2126
20,CESAR,20011,AGUACHICA,Municipio,4,2,2,Comisaría de Familia de Aguachica,Carrera 8 #4-18,N/A,Lunes a viernes 8:00 a.m.- 12:00 p.m. y de 2:00 p.m. a 6:00 p.m.,8.31094586652296,-73.6261877619261,"8°18'39.6""N 73°37'34.2""W",Directorio Comisarias Ley 2126
25,CUNDINAMARCA,25035,ANAPOIMA,Municipio,4,1,1,Comisaría de Familia de Anapoima,Calle 2 N° 3 - 36,(+57) 1 8993 733 Ext. 138 - 230 Cel. 321 4491386,Lunes a Viernes de 8:00 a.m.- 12:30 p.m. - 2:00 p.m. a 5:30 p.m; Sábado de 8:00 a.m - 12:00 m.,4.54979887432234,-74.5364391857206,"4°32'58.9""N 74°32'10.3""W",Directorio Comisarias Ley 2126
25,CUNDINAMARCA,25377,LA CALERA,Municipio,4,1,2,Comisaría de Familia de La Calera,Carrera 3 Nº 9-45,875 6660,Lunes a Jueves de 8:00 a.m. a 6:00 p.m. y Viernes de 8:00 a.m. a 5:00 p.m. jornada continua,4.72211980427875,-73.9673994331051,"4°43'19.9""N 73°58'02.6""W",Directorio Comisarias Ley 2126
25,CUNDINAMARCA,25740,SIBATE,Municipio,4,1,1,Comisaría de Familia de Sibaté,Calle 10 Nº 8-01,(571)5297107,Lunes a Viernes De 7:30 a.m. a 12:30 m. Y De 1:30 p.m. a 4:30 p.m. Sábados De 8:00 a.m. a 12:00 m.,4.49254021706702,-74.2596357042698,"4°29'32.7""N 74°15'34.7""W",Directorio Comisarias Ley 2126
44,LA GUAJIRA,44430,MAICAO,Municipio,4,3,1,Comisaría de Familia de Maicao,Calle 12 # 11-36,N/A,Lunes a Viernes: 08:00 a.m. - 12:00 m. y 02:00 p.m. - 06:00 p.m.,11.378100802375,-72.2388195042295,"11°22'41.6""N 72°14'19.8""W",Directorio Comisarias Ley 2126
44,LA GUAJIRA,44560,MANAURE,Municipio,4,1,1,Comisaría de Familia de Manaure,Calle 2 Nº 3a - 09,(+57) 5 7178025,Lunes a Viernes 08:00 a.m. a 05:00 p.m. (Jornada Continua),11.7777990120381,-72.4485788410990,"11°46'39.4""N 72°26'55.0""W",Directorio Comisarias Ley 2126
44,LA GUAJIRA,44847,URIBIA,Municipio,4,2,1,Comisaría de Familia de Uribia,Tv. 8 #6-45,(+57)  300 5140748,Lunes a Viernes de 8:00 a.m. a 12:00 m. y de 2:00 p.m. a 6:00 p.m,"11.715998794793745,","-72.26572543306162,","11°42'56.8""N 72°15'56.6""W",Directorio Comisarias Ley 2126
52,NARINO,52356,IPIALES,Municipio,4,2,1,Comisaría de Familia de Ipiales,Carrera 3 # 10 - 21,57(602) 737 45 61 Ext: 234000 - 234015,Lunes a Viernes 08:00 a.m. a 05:00 p.m. (Jornada Continua),"0.8233769319125752,","-77.63515020426678,","0°49'23.8""N 77°38'06.6""W",Directorio Comisarias Ley 2126
52,NARINO,52835,SAN ANDRES DE TUMACO,Municipio,4,3,1,Comisaría de Familia de San Andrés de Tumaco,Calle 11 Nº 9 - 2,(+57) 310 526 7038,Lunes a viernes 8:00 a.m.- 12:00 p.m. y de 2:00 p.m. a 6:00 p.m,"1.80769779762578,","-78.76589331961188,","1°48'27.5""N 78°45'57.2""W",Directorio Comisarias Ley 2126
54,NORTE DE SANTANDER,54405,LOS PATIOS,Municipio,4,2,1,Comisaría de Familia de Los Patios,Calle 17 N 7- 20,3142195570,Lunes a Viernes 7:00 am  - 12:00 pm  02:00 pm A 05:00 pm,"7.801780387465262,","-72.5190629619293,","7°48'06.7""N 72°31'08.6""W",Directorio Comisarias Ley 2126
54,NORTE DE SANTANDER,54498,OCANA,Municipio,4,2,1,Comisaría de Familia de Ocaña,Cra. 28c #10A-30,5610935 Ext.3,Lunes a viernes 8:00 a.m.- 12:00 p.m. y de 2:00 p.m. a 6:00 p.m,"8.235136037743718,","-73.35414546192682,","8°14'06.2""N 73°21'14.9""W",Directorio Comisarias Ley 2126
54,NORTE DE SANTANDER,54874,VILLA DEL ROSARIO,Municipio,4,2,1,Comisaría de Familia de Villa del Rosario,"Cra. 6ª, 6-1",317 353 9388,Lunes a Jueves: 8:00 a.m. a 12:00 p.m. y 2:00 p.m. a 6:00 p.m. // Viernes: 7:30 a.m. a 4:00 p.m.,"7.8313467428127455,","-72.47058177912118,","7°49'52.3""N 72°28'13.8""W",Directorio Comisarias Ley 2126
66,RISARALDA,66682,SANTA ROSA DE CABAL,Municipio,4,1,1,Comisaría de Familia de Santa Rosa de Cabal,Carrera 14 con Calle 12 Esquina,606 3660600 Ext. 115 o 606 3655223,Lunes a Jueves de 7:00 a. m. a 12:00 m y de 2:00 p.m. a 5:00 p.m. Viernes de 7:00 a.m. a 3:00 p.m. Jornada Continua.,"4.864888787141413,","-75.62066534659797,","4°51'53.6""N 75°37'14.4""W",Directorio Comisarias Ley 2126
70,SUCRE,70221,COVENAS,Municipio,4,1,1,Comisaría de Familia de Coveñas,Cl 3B # 4 - 16,3108798940,Lunes a viernes 8:00 a.m.- 12:00 p.m. y de 2:00 p.m. a 6:00 p.m.,"9.400081465675013,","-75.6795075286662,","9°23'55.9""N 75°40'45.8""W",Directorio Comisarias Ley 2126
73,TOLIMA,73449,MELGAR,Municipio,4,1,1,Comisaría de Familia de Melgar,Cra 25 No 5-56,317-644-33-11,Lunes a viernes 8:00 a.m.- 12:00 p.m. y de 2:00 p.m. a 6:00 p.m.,"4.2048459950068295,","-74.6432160465991,","4°12'17.5""N 74°38'35.6""W",Directorio Comisarias Ley 2126
81,ARAUCA,81001,ARAUCA,Municipio,4,2,1,Comisaría de Familia de Arauca,Cra. 22 #20-38,(+57) 316 299 8823,Lunes-Viernes: 8:00 a.m. a 12:00m. y 2:00 p.m. a 6:00 p.m.,"7.085219796547738,","-70.75875074659045,","7°05'06.8""N 70°45'31.7""W",Directorio Comisarias Ley 2126
85,CASANARE,85010,AGUAZUL,Municipio,4,1,1,Comisaría de Familia de Aguazul,Diagonal 7 #22-54,098-6384303,"Lunes de 7:00 am - 12m y de 2:00 - 6:00 pm, Martes a jueves de 7:30 am - 12m y de 2:00 - 6:00 pm, Viernes 7:30 am a 12m y de 2:00 - 5:00 pm","5.172465321933643,","-72.55537196658034,","5°10'19.3""N 72°33'19.5""W",Directorio Comisarias Ley 2126
99,VICHADA,99773,CUMARIBO,Municipio,4,1,1,Comisaría de Familia de Cumaribo,Calle 8 N° 13-37,3212396122,Lunes a Viernes: 8:00am - 12:00M - 2:00pm - 06:00pm,"4.521921553743653,","-69.70005257509207,","4°31'19.4""N 69°42'01.1""W",Directorio Comisarias Ley 2126
5,ANTIOQUIA,5030,AMAGA,Municipio,5,1,1,Comisaria de Familia,Sector El Refresco Amagá Antioquia,3208084183,Lunes a a viernes de 8:00 am a 12:00 m y de 1:00 pm a 5.00 pm Sábados de 8:00 am a 12:00 m,-75703157,6041166,"6°02'31.4""N 75°42'11.6""W",Directorio Comisarias Ley 2126
5,ANTIOQUIA,5042,SANTA FE DE ANTIOQUIA,Municipio,5,1,1,Comisaria de Familia,Calle 9 No. 7-70,(4)8534892,"De Lunes a Viernes de 8:00 am a 12:00 m y de 2:00 pm a 6:00 pm. 
Los Sábados de 8:00 am a 12:00 pm. 
Los Domingos y Festivos NO HAY SERVICIO.",-75826824,6555011,"6°33'18.6""N 75°49'36.6""W",Directorio Comisarias Ley 2126
5,ANTIOQUIA,5154,CAUCASIA,Municipio,5,1,1,Comisaria de Familia,Casa de Justicia,(604) 814 91 40  ext 155,Lunes a jueves de 7:00 a.m. a 12:00 m. y de 2:00 p.m. a 6:00 p.m. - viernes de 7:00 a.m. a 12:00 m. y de 2:00 p.m. a 5:00 p.m.,-75198220,7988211,"7°59'17.6""N 75°11'53.6""W",Directorio Comisarias Ley 2126
5,ANTIOQUIA,5604,REMEDIOS,Municipio,5,1,1,Comisaria de Familia,"KR 11 Nro. 5-148 Piso 1, Casa de Justicia, Calle El Retiro.",57 (604) 8303130 ó 312 8661488,Horario de atención: Lunes a Jueves 7:00 a.m.- 12:00 m / 2:00 p.m. - 6:00 p.m. y Viernes 7:00 a.m.- 12:00 m / 2:00 p.m. - 5:00 p.m.,-74693887,7025979,"7°01'33.5""N 74°41'38.1""W",Directorio Comisarias Ley 2126
5,ANTIOQUIA,5664,SAN PEDRO DE LOS MILAGROS,Municipio,5,1,1,Comisaria de Familia,Carrera 49A # 49-36,57 (604) 8686063 3103677646,Lunes a jueves de 7:30 a 11:30 a.m. y de 1:30 a 5:30 p.m. | Viernes de 7:30 a 11:30 a.m. y de 1:30 a 5:00 p.m.,-75555569,6461810,"6°27'42.5""N 75°33'20.1""W",Directorio Comisarias Ley 2126
5,ANTIOQUIA,5686,SANTA ROSA DE OSOS,Municipio,5,1,1,Comisaria de Familia,Calle 29 No. 30-31,(57) (4) 8607768,"Lunes, Martes y Jueves de 7:30 a.m. a 12:00 m y 1:30 p.m. a 5:30 p.m. - Miércoles de 7:30 a.m. a 12:00 m y 1:30 p.m. a 3:30 p.m. - Viernes de 7:30 a.m. a 12:00 m y 1:30 p.m. a 5:00 p.m.",-75459484,6648607,"6°38'55.0""N 75°27'34.1""W",Directorio Comisarias Ley 2126
5,ANTIOQUIA,5756,SONSON,Municipio,5,1,1,Comisaria de Familia,Carrera 8 # 6-11,(+57) 4 8692596 / 8692597 / 8692614,"Lunes, martes, jueves y viernes de 8:00 a.m. a 12:00 m. y de 2:00 p.m. a 5:00 p.m. Miércoles y sábados de 8:00 a.m a 2:00 p.m.",-75312333,5710015,"5°42'36.1""N 75°18'44.6""W",Directorio Comisarias Ley 2126
5,ANTIOQUIA,5837,TURBO,Municipio,5,2,1,Comisaria de Familia,Calle 99 Carrera 97D-Esquina,"(574)8272026, 8276001",Lunes a Viernes De 8:00 A.m a 12:00 m. Y De 2 p.m a 6 p.m Sábados De 8:00 A.m a 12 m,-76727162,8090570,"8°05'26.1""N 76°43'37.8""W",Directorio Comisarias Ley 2126
5,ANTIOQUIA,5887,YARUMAL,Municipio,5,1,1,Comisaria de Familia,Calle 19 N° 21-43 Casa de Justica,(574)8536270 y 314 8301934,Lunes a Viernes de 8:00 a.m a 5:00 p.m,-75417524,6961562,"6°57'41.6""N 75°25'03.1""W",Directorio Comisarias Ley 2126
5,ANTIOQUIA,5893,YONDO,Municipio,5,1,1,Comisaria de Familia,"Carrera 55, No 46 A 16 Barrio Colonia Sur",604+8325109,"Lunes a Jueves 07:00 am - 12:00 pm y de 01:30 pm a 05:30 pm, Viernes 07:00 am - 12:00 pm y de 01:30 pm a 04:30 pm",-73910884,7005268,"7°00'19.0""N 73°54'39.2""W",Directorio Comisarias Ley 2126
8,ATLANTICO,8638,SABANALARGA,Municipio,5,2,1,Comisaria de Familia,Calle 21 No 18-46,No sale información,Días hábiles 8:00 am a 12:00 M - 2:00 pm a 6:00 pm.,-7.58185E+15,6.85091E+15,"10°37'55.9""N 74°55'12.6""W",Directorio Comisarias Ley 2126
13,BOLIVAR,13430,MAGANGUE,Municipio,5,2,1,Comisaria de Familia,Calle 16 # 16A - 208,No sale información,Lunes a viernes de 8:00 Am - 12:00 M y 2:00 Pm - 5:30 Pm,-7.476E+15,9.24735E+15,"9°14'55.4""N 74°45'36.1""W",Directorio Comisarias Ley 2126
15,BOYACA,15176,CHIQUINQUIRA,Municipio,5,1,1,Comisaria de Familia,Calle 17 No. 7 A - 48 CAM Bloque 2,(+60) 8 7262535,Lunes a Jueves de 8:00 a.m a 12:00 m y 2:00 p.m a 6:00 p.m. Viernes 8:00 a.m a 12:00 m y 2:00 p.m a 5:30 p.m,-7.38146E+15,5.61545E+14,No registra en Google maps con la opción indicada en la capacitación,Directorio Comisarias Ley 2126
15,BOYACA,15491,NOBSA,Municipio,5,1,1,Comisaria de Familia,Parque Principal - Calle 6 No.9-01,7773126 - 7773127,Lunes a Jueves de 7:30 a.m. a 12:00 M. y 1:30 p.m. - 6:00 p.m. Viernes de 7:30 a.m - 12:00 M y de 1:30 p.m - 5:00 p.m.,-72939386,5770248,"5°46'12.8""N 72°56'21.7""W",Directorio Comisarias Ley 2126
15,BOYACA,15516,PAIPA,Municipio,5,1,1,Comisaria de Familia,Carrera 22 No 25 14,57 (8)7850131,LUNES A VIERNES DE 8:00 AM - 12:00 PM Y 2:00 PM - 6:00 PM,-73117258,5781513,"5°46'53.5""N 73°07'02.1""W",Directorio Comisarias Ley 2126
15,BOYACA,15806,TIBASOSA,Municipio,5,1,1,Comisaria de Familia,Cra 10 Nº 3-25,"3004973976, 3168751525",Lunes a Viernes 8 a.m - 12 m  y  2 p.m - 6 p.m,-73003930,5745531,"5°44'43.9""N 73°00'14.2""W",Directorio Comisarias Ley 2126
17,CALDAS,17174,CHINCHINA,Municipio,5,1,1,Comisaria de Familia,"Carrera 8 No. 11-31 Esquina, Tercer piso oficina 312 Palacio Municipal Chinchiná",8402380 Ext. 404,lunes a Jueves de 7:30 a.m. a 12:00 m y de 1:30 p.m. a 6:00 p.m. y Viernes de 7:30 a.m. a 12:00 m y de 1:30 p.m a 5:00 p.m.,-75605922,4983726,"4°59'01.4""N 75°36'21.3""W",Directorio Comisarias Ley 2126
17,CALDAS,17380,LA DORADA,Municipio,5,1,1,Comisaria de Familia,Calle 47 con Carrera 4 Barrio Las Ferias,57+6+8577190,Lunes a Jueves de 7:00 a.m a 12:00 p.m y de 2:00 p.m a 6:00 p.mViernes 7:00 a.m a 12:00 p.m. y de 1:00 p.m a 4:00 p.m,No se logró ubicar en Google maps,No se logró ubicar en Google maps,No se logró ubicar en Google maps,Directorio Comisarias Ley 2126
17,CALDAS,17873,VILLAMARIA,Municipio,5,1,1,Comisaria de Familia,"Palacio Municipal, Carrera 4 calle 9 esquina piso 1.",8775851,lunes a jueves de 8: 00 a.m a 12:00 p.m y de 2: 00 p.m a 6:00 p.m y los viernes 7:00 am a 3:00 pm Jornada continua,-75511957,5045394,"5°02'43.4""N 75°30'43.1""W",Directorio Comisarias Ley 2126
19,CAUCA,19142,CALOTO,Municipio,5,1,1,Comisaria de Familia,Centro de Convicencia,No reporta,"Martes a Viernes: De 8:00 A.M. a 04:00 P.M.

Sábados: De 8:00 A.M. a 02:00 P.M.",-76408028,3046294,"3°02'46.8""N 76°24'28.9""W",Directorio Comisarias Ley 2126
19,CAUCA,19455,MIRANDA,Municipio,5,1,1,Comisaria de Familia,Carrera 6 con calles 4 y 5 del barrio Central,57 (602) 8476013 - 8476303,Lunes a Viernes de 7:30 am a 12:00m y de 1:30 pm a 5:30 pm,-7.62297E+15,3.24995E+16,"3°14'59.9""N 76°13'46.8""W",Directorio Comisarias Ley 2126
19,CAUCA,19573,PUERTO TEJADA,Municipio,5,1,1,Comisaria de Familia,Carrera 19 con calle 17 esquina CAM,(+57602) 8282009,Lunes a viernes de 8:00 a.m. a 1:00 p.m. y de 2:00 p.m a 5:00 p.m.,-76419305,3230018,"3°13'48.1""N 76°25'09.5""W",Directorio Comisarias Ley 2126
19,CAUCA,19845,VILLA RICA,Municipio,5,1,1,Comisaria de Familia,Calle 2 esq Nro 1 - 187 Barrio Caicedo Roa,317372252,lunes a jueves de 7:30 a.m. a 12 m y de 1 p.m. a 5:30 p.m. y el día viernes   de 7:30 a.m. a 12 m y de 1 p.m. a 4:30 p.m.,-76457446,3171199,"3°10'16.3""N 76°27'26.8""W",Directorio Comisarias Ley 2126
20,CESAR,20013,AGUSTIN CODAZZI,Municipio,5,1,1,Comisaria de Familia,Carrera 16 # 17 - 02,3234676965,Lunes a Viernes: 8:00 a.m - 12:00 m | 2:00 p.m - 6:00 p.m,-73236166,10035819,"10°02'09.0""N 73°14'10.2""W",Directorio Comisarias Ley 2126
20,CESAR,20400,LA JAGUA DE IBIRICO,Municipio,5,1,1,Comisaria de Familia,Cra. 4 #7-1 a 7-65,(057) 5 5769024 - (057) 5 5769206 Teléfono móvil: 3148691240,Lunes - Viernes 8:00 am a 12 am y de 2:00 pm - 6:00 pm,-73333259,9561638,"9°33'41.9""N 73°19'59.7""W",Directorio Comisarias Ley 2126
23,CORDOBA,23162,CERETE,Municipio,5,2,1,Comisaria de Familia,Calle 14 N° 12 - 41 Calle del Comercio,3008039377,Lunes a Viernes de 07:30 a.m. a 12:00 m. y de 02:00 p.m a 05:30 p.m.,-75790040,8888353,"8°53'18.1""N 75°47'24.1""W",Directorio Comisarias Ley 2126
23,CORDOBA,23466,MONTELIBANO,Municipio,5,1,1,Comisaria de Familia,Carrera 6 NO. 15-23 - PALACIO MUNICIPAL,(57) (604) 7721563 -7627455,Lunes a Viernes De 7am - 12m y 2 pm - 5 pm,-75421446,7983550,"7°59'00.8""N 75°25'17.2""W",Directorio Comisarias Ley 2126
25,CUNDINAMARCA,25200,COGUA,Municipio,5,1,1,Comisaria de Familia,Carrera 3 Nº 3 - 34,3184146066,Lunes a Viernes 7:30 a.m. a 12:30 pm y de 1:30 p.m. a 5:00 p.m.,-73978321,5059866,"5°03'35.5""N 73°58'42.0""W",Directorio Comisarias Ley 2126
25,CUNDINAMARCA,25386,LA MESA,Municipio,5,1,1,Comisaria de Familia,Calle 8 No 20-58,(+60) (1)  8973000 ext 114,"De lunes a jueves, de 8:00 a.m. a 1:00 p.m. y de 2:00 p.m. a 6:00 p.m. y el día viernes de 8:00 a.m. a 1:00 p.m. y de 2:00 p.m. a 5:00 p.m.",-74463244,4632361,"4°37'56.5""N 74°27'47.7""W",Directorio Comisarias Ley 2126
25,CUNDINAMARCA,25843,VILLA DE SAN DIEGO DE UBATE,Municipio,5,1,1,Comisaria de Familia,Carrera 7 # 6- 41,(57-1)8551025,Lunes a Viernes de 8:00 am a 5:00 pm Jornada continua,-73815232,5306818,"5°18'24.5""N 73°48'54.8""W",Directorio Comisarias Ley 2126
27,CHOCO,27615,RIOSUCIO,Municipio,5,1,1,Comisaria de Familia,Calle principal Barrio el Centro. Edificio Alcaldía Municipal,314 7498466 3136331606,Lunes a Viernes de 8:00 AM - 12:00 y de 02:00 PM - 06:00 PM,No se logró ubicar en Google maps,No se logró ubicar en Google maps,No se logró ubicar en Google maps,Directorio Comisarias Ley 2126
41,HUILA,41298,GARZON,Municipio,5,1,1,Comisaria de Familia,Carrera 8 No.7-74 Esquina,3106871900,Lunes a Viernes de 7:00 a.m. a 12:00 m. y 2:00 p.m. a 5:00 p.m.,-75626406,2196748,"2°11'48.3""N 75°37'35.1""W",Directorio Comisarias Ley 2126
44,LA GUAJIRA,44035,ALBANIA,Municipio,5,1,1,Comisaria de Familia,Carrera 4 # 4 - 48 Barrio el Centro,linea de atencion 3166409024 durante las 24 horas para brindar atencion psicosocial y juridica de forma gratuita,Lunes a viernes: 8:00 a. m. a 12:00 m y de 2:00 p. m. a 6:00 p. m.,-72589244,11163179,"11°09'47.5""N 72°35'21.3""W",Directorio Comisarias Ley 2126
47,MAGDALENA,47189,CIENAGA,Municipio,5,2,1,Comisaria de Familia,"Carrera 11A N°. 8A - 23, Palacio Municipal",No reporta,Lunes a viernes de 8:00 a.m. a 12:00 m. y de 2:00 p.m. a 6:00 p.m.,-74251325,11011136,"11°00'40.1""N 74°15'04.8""W",Directorio Comisarias Ley 2126
47,MAGDALENA,47745,SITIONUEVO,Municipio,5,1,1,Comisaria de Familia,Carrera 7 # 3-09,3205926679 3043871964,de 8:00 AM a 12:30 PM- y de 1:30 A 5:00 PM LUNES A VIERNES.,-74722025,10777141,"10°46'37.7""N 74°43'19.3""W",Directorio Comisarias Ley 2126
50,META,50313,GRANADA,Municipio,5,1,1,Comisaria de Familia,"Carrera 15 con calle 17 3er piso, Esquina. Barrio El Centro",(+57) 8 658 8158,"Lunes a Jueves, de 7:00 am a 12:00 m y de 2:00 p.m a 6:00 p.m. Viernes, de 7:00 a.m. a 12:00 m y de 2:00 p.m. a 5:00 p.m.",-73709525,3541996,"3°32'31.2""N 73°42'34.3""W",Directorio Comisarias Ley 2126
50,META,50573,PUERTO LOPEZ,Municipio,5,1,1,Comisaria de Familia,"Calle 6 Nº 4 - 40, Barrio Centro",(608) 645 1867 - 608 645 0336,Lunes a viernes de 8:00 a.m. a 12:00 m. y de 2:00 p.m. a 5:30 p.m.,-7.29534E+15,4.08561E+15,"4°05'08.1""N 72°57'12.3""W",Directorio Comisarias Ley 2126
63,QUINDIO,63130,CALARCA,Municipio,5,1,2,Comisaria de Familia,Cra 24 No. 38 - 57,318 712 10 23  57 (606) 7430300,Lunes a Viernes de 7:30 a.m a 12:00 p.m. y de 2:00 a 5:30 p.m.,-75640390,4529972,"4°31'47.9""N 75°38'25.4""W",Directorio Comisarias Ley 2126
68,SANTANDER,68406,LEBRIJA,Municipio,5,1,2,Comisaria de Familia,Calle 11 No 8 – 59 Piso 1.,3183609295 / (607)-6854900 EXT 111,"Lunes a Viernes de 6:00 a.m - 10:00 p.m 
Sábados 6:00 a.m - 2:00 p.m",-73217689,7113536,"7°06'48.7""N 73°13'03.7""W",Directorio Comisarias Ley 2126
68,SANTANDER,68679,SAN GIL,Municipio,5,1,1,Comisaria de Familia,Calle 12 número 9 - 51,"684031 
684031237",lunes a viernes 8:00 a.m a 12:00 p. m - 2:00 p.m. a 6:00 p.m.,-73133261,6554467,"6°33'16.1""N 73°07'59.7""W",Directorio Comisarias Ley 2126
73,TOLIMA,73275,FLANDES,Municipio,5,1,1,Comisaria de Familia,Carrera 8a con calle 12 Esquina Barrio Centro,"3228411682
3105512398",Lunes a Jueves 7:30am a 12:30m / 2:00pm a 6:00pm - Viernes 7:30am a 12:30m/2:00pm a 5:00pm,-74814278,4289919,"4°17'23.7""N 74°48'51.4""W",Directorio Comisarias Ley 2126
76,VALLE DEL CAUCA,76113,BUGALAGRANDE,Municipio,5,1,1,Comisaria de Familia,Carrera 6 No 5-65 - Barrio El Centro - Parque Principal,3184346466,lunes a jueves de 7:30 a.m. a 12:00 m. y de 1:30 p.m. a 6:00 p.m. Viernes de 7:30 a.m. a 12:00 m. y de 1:30 p.m. a 5:00 p.m.,-76157111,4212227,"4°12'44.0""N 76°09'25.6""W",Directorio Comisarias Ley 2126
76,VALLE DEL CAUCA,76248,EL CERRITO,Municipio,5,1,1,Comisaria de Familia,"Calle 6 con Carrera 11 esquina - Hotel Club El Paraíso, segundo piso",(+57)3175160790,LUNES A JUEVES: de 7:00 am a 12:00 pm; de 1:30 pm a 5:30 pm                          VIERNES: de 7:00 am a 12:00 pm; de 1:30 pm a 4:30 pm,-76312012,3683380,"3°41'00.2""N 76°18'43.2""W",Directorio Comisarias Ley 2126
76,VALLE DEL CAUCA,76895,ZARZAL,Municipio,5,1,1,Comisaria de Familia,Carrera 9 No. 10 - 36,572219000,Lunes a viernes - 07:30 - 12:00 y 14:00 - 18:00,-76070822,4394859,"4°23'41.5""N 76°04'15.0""W",Directorio Comisarias Ley 2126
85,CASANARE,85410,TAURAMENA,Municipio,5,1,1,Comisaria de Familia,Calle 7 A N° 9-28 Barrio Palmarito,314 442 15 18,Lunes a viernes de 7:00 a.m. a 12:00 m. y de 2:00 p.m. a 5:00 p.m.,-72746826,5016914,"5°01'00.9""N 72°44'48.6""W",Directorio Comisarias Ley 2126
85,CASANARE,85440,VILLANUEVA,Municipio,5,1,1,Comisaria de Familia,Calle 8 No 13 - 57/59 Barrio Fundadores,3208576040,lunes a viernes - 8:00 a.m. a 12:00 m y 2:00 a 6:00 p.m.,-72932007,4610750,"4°36'38.7""N 72°55'55.2""W",Directorio Comisarias Ley 2126
88,"ARCHIPIELAGO DE SAN ANDRES, PROVIDENCIA Y SANTA CATALINA",88564,PROVIDENCIA,Municipio,5,1,2,Comisaria de Familia,"Avenida Francisco Newball No. 6-30, Edificio Coral Palace. San Andrés Isla",57 8 5130801,Lunes a viernes 8:00 am a 12:00 pm y de 2:00 pm a 6:00 pm,-81697586,12579468,"12°34'46.1""N 81°41'51.3""W",Directorio Comisarias Ley 2126
91,AMAZONAS,91001,LETICIA,Municipio,5,1,1,Comisaria de Familia,Calle 10 No. 10-87,60(8)5928064,Lunes a Viernes de 7:00 a.m. 12:00 M. y de 2:00 a 5:00 p.m.,-69942950,-4213262,"4°12'47.7""S 69°56'34.6""W",Directorio Comisarias Ley 2126
5,ANTIOQUIA,5002,ABEJORRAL,Municipio,6,1,1,Comisaria de Familia,Cra. 50 # 50 - 06,(604) 8647611,"Lunes y Martes: 8 a.m. – 12 m, 2 p.m. a 6 p.m. Miércoles: 8 a.m. 1 p.m. Jueves y Viernes: 8 a.m. – 12 m, 2 p.m. a 6 p.m. Sábado: 8 a.m. – 1:00 p.m",-75426599,5791424,"5°47'29.1""N 75°25'35.8""W",Directorio Comisarias Ley 2126
5,ANTIOQUIA,5004,ABRIAQUI,Municipio,6,1,1,Comisaria de Familia,Carrera 11 No 11-07 Palacio Municipal,(604) 852 00 86 - (604) 852 00 24,De Lunes a Viernes de 7:30A.M. a 12:00 P.M y de 1:00 P.M a 5:30 P.M.,No se logró ubicar en Google maps,No se logró ubicar en Google maps,No se logró ubicar en Google maps,Directorio Comisarias Ley 2126
5,ANTIOQUIA,5021,ALEJANDRIA,Municipio,6,1,1,Comisaria de Familia,"calle 20 Nº 19-36, segundo piso",(57+4) + 8660102 / (57+4) 8660016,"De Martes a Viernes de 8:00 am a 1:00 pm y de 2:00 pm a 6:00 pm, Sábado de 8:00 am a 3:30 pm",-75140946,6377273,"6°22'38.2""N 75°08'27.4""W",Directorio Comisarias Ley 2126
5,ANTIOQUIA,5031,AMALFI,Municipio,6,1,1,Comisaria de Familia,Calle 20 Bolívar N° 20-052,57 (604) 830 1805,Martes a viernes: 7:00 a.m. - 12:00m y 2:00 p.m. - 6:00 p.m. Sábado 8:00 a.m. - 4 p.m. en jornada continua.,-75074918,6908076,"6°54'29.1""N 75°04'29.7""W",Directorio Comisarias Ley 2126
5,ANTIOQUIA,5034,ANDES,Municipio,6,1,1,Comisaria de Familia,Calle Arboleda N°49A-39 | Palacio Municipal,(+57) 841 41 01,"Lunes, martes, jueves y viernes de 8:00 a.m. a 12 m. y de 2:00 p.m. a 6:00 p.m. miércoles y sábado de 8:00 a.m. a 12 m.",-75877018,5654505,"5°39'16.2""N 75°52'37.3""W",Directorio Comisarias Ley 2126
5,ANTIOQUIA,5036,ANGELOPOLIS,Municipio,6,1,1,Comisaria de Familia,Calle 10 Nº 9-61 Calle Santander,3187168174,Lunes a viernes de 8:00 A.M. a 12:00 M. y de 1:00 P.M. a 5:00 P.M. / Sábados de 8:00 A.M. a 12:00 M,-75709938,6111269,"6°06'40.6""N 75°42'35.8""W",Directorio Comisarias Ley 2126
5,ANTIOQUIA,5038,ANGOSTURA,Municipio,6,1,1,Comisaria de Familia,"Palacio Municipal, Calle 11 N0. 9-38","604 864 50 62
 (4) 864.51.61 EXT 119","lunes a viernes de 7: 30 am - 12:00 pm Y de 1:30 p.m. a 6:00 p.m
Sábado: 8:00 am - 12:00 pm",-75335001,6885858,"6°53'09.1""N 75°20'06.0""W",Directorio Comisarias Ley 2126
5,ANTIOQUIA,5040,ANORI,Municipio,6,1,1,Comisaria de Familia,"carrera 30 No. 30-09, Casa de Justicia,",3148128837,Martes a Viernes: 7:30 a.m. - 12:00 m; 1:30 p.m. - 5:00 p.m. | Sábados: 7:00 a.m. - 3:00 p.m. (jornada continua),-75146865,7073843,"7°04'25.8""N 75°08'48.7""W",Directorio Comisarias Ley 2126
5,ANTIOQUIA,5044,ANZA,Municipio,6,1,1,Comisaria de Familia,Calle 10 #10 - 08 - Parque Principal,"3108397060
3137357893
604 852 2082 EXT 107","Lunes, Martes, Miércoles, Jueves y Viernes de 8:00 a.m. a 12:00 m. - 2:00 p.m. A 6:00 p.m. y Sábados, de 8:00 a.m. a 12:00m.",-75853912,6303569,"6°18'12.9""N 75°51'14.1""W",Directorio Comisarias Ley 2126
5,ANTIOQUIA,5051,ARBOLETES,Municipio,6,1,1,Comisaria de Familia,"Centro Administrativo Municipal Jorge Eliécer Gaitán, Calle 31 N° 29 – 08",Teléfono: 8200367 ext 113,Lunes a Jueves de 7:30 am a 12:30 pm - 2:00 pm a 6:00 pm y Viernes de 07:30 am a 12:30 pm - 2:00 pm a 5:00 pm,-76426526,8853416,"8°51'12.3""N 76°25'35.5""W",Directorio Comisarias Ley 2126
5,ANTIOQUIA,5055,ARGELIA,Municipio,6,1,1,Comisaria de Familia,Cra 30 Nº 30-34 Oficina 107 Palacio Municipal Antonio Díaz García,(57)(4)8650077 ext 25,"LUNES, MARTES, JUEVES Y VIERNES DE 8:00 AM A 12:00 PM Y DE 2:00 PM A 6:00 PM LOS DÍAS MIÉRCOLES Y SÁBADO DE 8:00 AM A 2:00 PM JORNADA CONTINUA",-75142452,5730836,"5°43'51.0""N 75°08'32.8""W",Directorio Comisarias Ley 2126
5,ANTIOQUIA,5059,ARMENIA,Municipio,6,1,1,Comisaria de Familia,Calle 10 No. 9-22 Armenia (Antioquia) TERCER PISO PARQUE PRINCIPAL,(4) 8559064 - 8559053 EXT 109,Lunes a Viernes de 8:00 am - 12:00 m y de 01:00 pm - 05:00 pm y Sábados de 08:00 am - 12:00 m,-75787552,6156346,"6°09'22.9""N 75°47'15.2""W",Directorio Comisarias Ley 2126
5,ANTIOQUIA,5086,BELMIRA,Municipio,6,1,1,Comisaria de Familia,Carrera 21 #19-43,Tel: 8674030 Ext 110,Lunes a viernes de 8:00 am a 12:00 m y de 1:00 pm a 5:00 pm. Sábados de 8:00 am a 12:00 pm,-75667168,6605884,"6°36'21.2""N 75°40'01.8""W",Directorio Comisarias Ley 2126
5,ANTIOQUIA,5091,BETANIA,Municipio,6,1,1,Comisaria de Familia,CALLE 19 # 21-60,843 51 80 Ext. 120,"LUNES, MARTES, JUEVES Y VIERNES 8:00 a.m. A 12:00 m. Y 2:00 p.m. A 6:00 p.m. | MIÉRCOLES, SÁBADO 8:00 a.m. A 12:00 m.d | DOMINGO 9:00 a.m. a 12:00 m.d",-75977056,5745454,"5°44'43.6""N 75°58'37.4""W",Directorio Comisarias Ley 2126
5,ANTIOQUIA,5093,BETULIA,Municipio,6,1,1,Comisaria de Familia,Carrera 20 Nro 20-14 Parque Principal - Palacio Municipal de Betulia,(604)  843 66 90 Ext. 123,"Lun., mar., jue., vie. 7:00 a.m. a 12:00 p.m. y de 1:30 p.m. a 6:00 p.m. / / Sáb. 7:00 a.m. a 12:00 p.m / / Mié., dom. y fest., no hay servicio",-75984355,6113255,"6°06'47.7""N 75°59'03.7""W",Directorio Comisarias Ley 2126
5,ANTIOQUIA,5101,CIUDAD BOLIVAR,Municipio,6,1,1,Comisaria de Familia,Calle 49 # 51-20,8411183 Ext.136,Lunes a Viernes de 8:00 a.m. a 12:00 m y de 2:00p.m. A 6:00 p.m. - Sábado de 8:00 a.m. a 12:00 m,-76022200,5850147,"5°51'00.5""N 76°01'19.9""W",Directorio Comisarias Ley 2126
5,ANTIOQUIA,5107,BRICENO,Municipio,6,1,1,Comisaria de Familia,CR 10 # 9-11,8570053 - 8570052,Lunes a Viernes 08:00 AM - 12:00 PM y 02:00 PM - 06:00 PM | Sábados 08:00 AM a 12:00 PM,No se logró ubicar en Google maps,No se logró ubicar en Google maps,No se logró ubicar en Google maps,Directorio Comisarias Ley 2126
5,ANTIOQUIA,5113,BURITICA,Municipio,6,1,1,Comisaria de Familia,Calle 7 Nro. 6 – 15,"(57-4) 8527015
Teléfono móvil: 3137196618",Lunes a Jueves 8:00 am a 12:00 pm y de 02:00 pm a 6:00 pm / Viernes de 8:00 a.m. a 12:00 pm y de 2:00 pm a 5:00 pm / Sábados de 9:00 am a 2:00 pm,No se logró ubicar en Google maps,No se logró ubicar en Google maps,No se logró ubicar en Google maps,Directorio Comisarias Ley 2126
5,ANTIOQUIA,5120,CACERES,Municipio,6,1,1,Comisaria de Familia,"Carrera 50 # 49-15, Frente al Parque Principal","3113434186
(+57) 317 5368330 / 3175350093 | (604) 836 2203",Lunes a Viernes de 07:30AM a 12:30PM / 02:00PM a 05:30PM,-75348092,7582110,"7°34'55.6""N 75°20'53.1""W",Directorio Comisarias Ley 2126
5,ANTIOQUIA,5125,CAICEDO,Municipio,6,1,1,Comisaria de Familia,Calle 5 No. 4-01,8572002 etx 103,"Lunes, martes, jueves y viernes de 8:00 am a 12:30 pm y de 2:00 pm a 6:00 pm; miércoles 8:00 am a 1:00 pm y los sábados 8:00 am a 1:00 pm",-75982338,6405705,"6°24'20.5""N 75°58'56.4""W",Directorio Comisarias Ley 2126
5,ANTIOQUIA,5134,CAMPAMENTO,Municipio,6,1,1,Comisaria de Familia,CRA 10 No 9-30 PARQUE PRINCIPAL PALACIO MUNICIPAL,(57)(4) 8614020 - (57)(4) 8614055 -(57) (4)8614229,LUNES A JUEVES DE 8:00 AM-12:30 PM Y DE 2:00 PM-6:30 PM VIERNES DE 8:00 AM A 12:30 PM Y DE 2:00 PM A 5:30,-75296239,6979163,"6°58'45.0""N 75°17'46.5""W",Directorio Comisarias Ley 2126
15,BOYACA,15533,PAYA,Municipio,6,1,1,COMISARÍA ÚNICA DE FAMILIA PAYA BOYACÁ,Calle 3 # 3-45,3232236962,Lunes a Viernes de  8-12 PM y de 2-6 PM,-72423389,5625028,"5°37'30.1""N 72°25'24.2""W",Directorio Comisarias Ley 2126
5,ANTIOQUIA,5138,CANASGORDAS,Municipio,6,1,1,Comisaria de Familia,Calle 25 N° 29 A 03,"57 323 573 8793
Teléfono móvil: 3235738793","Martes a Viernes 8:00am a 12m, de 2:00pm a 6:00pm, Sábados de 8:00am a 4:00pm en Jornada Continua",-76023682,6747724,"6°44'51.8""N 76°01'25.3""W",Directorio Comisarias Ley 2126
5,ANTIOQUIA,5142,CARACOLI,Municipio,6,1,1,Comisaria de Familia,Carrera 21 N° 20B-05 Calle del Comercio,"Celular 3136921199
(604) 8336018 - 3217994568",Lunes a Viernes 8:00am a 12:00m y 2:00pm a 6:00pm Sábados de 8:00am a 12:00m,No se logró ubicar en Google maps,No se logró ubicar en Google maps,No se logró ubicar en Google maps,Directorio Comisarias Ley 2126
5,ANTIOQUIA,5145,CARAMANTA,Municipio,6,1,1,Comisaria de Familia,Carrera 21 N 19-55,"57 (4) 8553358
Teléfono móvil: 321 787794","Lunes, martes, jueves y viernes de 08:00 a.m. a 12:00 m y de 01:30 p.m. a 6:00 p.m. Miércoles y sábados entre las 08:00 a.m. y la 01:00 p.m.",-75645062,5548765,"5°32'55.6""N 75°38'42.2""W",Directorio Comisarias Ley 2126
5,ANTIOQUIA,5147,CAREPA,Municipio,6,1,0,Comisaria de Familia,Cll 77 Nº 76-63 Barrio María Cano,317 636 49 93,lunes a viernes 7:00 a.m. - 12:00 m. y 2:00 a 5:00 p.m.,-76658333,7756452,"7°45'23.2""N 76°39'30.0""W",Directorio Comisarias Ley 2126
5,ANTIOQUIA,5150,CAROLINA,Municipio,6,1,1,Comisaria de Familia,Carrera 50 # 49 - 59 (Parque Principal),6048634033 / 6048634259 / 6048634033 ext. 102 / 604863 4259 ext. 102,Lunes a Jueves de 8 a.m. a 12 m. y 1 p.m. a 5:30 p.m - Viernes 8 a.m. a 12 m. y 1 p.m. a 5 p.m - Sábados de 8 a.m. a 12 m.,-75281833,6723543,"6°43'24.8""N 75°16'54.6""W",Directorio Comisarias Ley 2126
5,ANTIOQUIA,5172,CHIGORODO,Municipio,6,1,1,Comisaria de Familia,Carrera 98A No. 104 - 14,Teléfono: 8253630 Ext 163,LUNES A VIERNES DE 8:AM A 12:AM Y 2:PM A 5:PM,-76684503,7672365,"7°40'20.5""N 76°41'04.2""W",Directorio Comisarias Ley 2126
5,ANTIOQUIA,5190,CISNEROS,Municipio,6,1,1,Comisaria de Familia,Carrera 20 N° 20-37,(4) 863 14 30 - 863 13 27 - 863 15 67 / Ext: 110,Lunes a Viernes de 8:00 am a 12:00 pm y de 2:00 pm a 6:00 pm Sabados de 8:00 am a 12:00 pm,-75089084,6539098,"6°32'20.8""N 75°05'20.7""W",Directorio Comisarias Ley 2126
5,ANTIOQUIA,5197,COCORNA,Municipio,6,1,1,Comisaria de Familia,Calle 20 N° 20-29,(604)8343404,Lunes a Martes 07:30.AM a 12.M - 1:30.PM a 6PM DESCANSO MIÉRCOLES Jueves a viernes: 07:30.AM a 12.M - 1:30.PM a 6:00PM Y Sábados: 7:30.AM. a 3 PM,-75.185519,6057286,"6°03'26.2""N 75°11'07.9""W",Directorio Comisarias Ley 2126
5,ANTIOQUIA,5206,CONCEPCION,Municipio,6,1,1,Comisaria de Familia,Carrera 21 N° 19-23,8567083 - 8567084,"Lunes, Martes, Jueves y Viernes: 8:00 a 12:00 y 2:00 a 6:00 Miércoles 8:00 - 2:00 (Jornada continua) Sábados de 8:00 a 12:00.",-75259725,6395325,"6°23'43.2""N 75°15'35.0""W",Directorio Comisarias Ley 2126
5,ANTIOQUIA,5209,CONCORDIA,Municipio,6,1,1,Comisaria de Familia,Carrera 4 No. 5A - 18 Palacio Municipal.,"304 206 9183.
57 3183484591
Teléfono móvil: 3183484591",Lunes a Viernes de 8:00 AM a 12:00 M y de 2:00 PM a 6:00 PM,-75907235,6045681,"6°02'44.5""N 75°54'26.1""W",Directorio Comisarias Ley 2126
5,ANTIOQUIA,5234,DABEIBA,Municipio,6,1,1,Comisaria de Familia,Carrera Murillo Toro # 10 - 75 Palacio Municipal,"323 510 9446
8590194","Lunes a Viernes de: 8:00 Am a 6:00 Pm, Jornada Continua - Sábados de: 9:00 Am a 1:00 Pm",-76267158,7001118,"7°00'04.0""N 76°16'01.8""W",Directorio Comisarias Ley 2126
5,ANTIOQUIA,5237,DONMATIAS,Municipio,6,1,1,Comisaria de Familia,Carrera 29 N° 28-52,(+57) (4) 8663243 Ext 123,Lunes a Viernes 7:30 a.m. a 2:30 p.m,-75394000,6485962,"6°29'09.5""N 75°23'38.4""W",Directorio Comisarias Ley 2126
5,ANTIOQUIA,5240,EBEJICO,Municipio,6,1,1,Comisaria de Familia,Carrera 20 Nº 20 - 11,"3046569937 
3105998773",Lunes a viernes de 8:00 a.m. a 12:00 p.m. y de 1:00 p.m. a 5:00 p.m. Sábados de 8:00 a.m. a 12:00 p.m.,-75768671,6326805,"6°19'36.5""N 75°46'07.2""W",Directorio Comisarias Ley 2126
5,ANTIOQUIA,5264,ENTRERRIOS,Municipio,6,1,1,Comisaria de Familia,Calle 10ª No. 11-28 Alcaldía de Entrerríos,8670411 ext. 117,Lunes a Viernes 7:00 a.m a 12 m y 1:30 p.m a 5:30 p.m,No se logró ubicar en Google maps,No se logró ubicar en Google maps,No se logró ubicar en Google maps,Directorio Comisarias Ley 2126
5,ANTIOQUIA,5282,FREDONIA,Municipio,6,1,1,Comisaria de Familia,Calle 50 N° 50-58,(+57)6048401264,"Lunes, martes, jueves y viernes de 8:00a.m. a 12:00m. y 1:30p.m. a 5:00p.m. miércoles de 8:00a.m. a 1:00p.m. y sábado de 8:00a.m. a 1:00p.m.",-75672153,5927394,"5°55'38.6""N 75°40'19.8""W",Directorio Comisarias Ley 2126
5,ANTIOQUIA,5284,FRONTINO,Municipio,6,1,0,Comisaria de Familia,Calle 30 Nº 30-04,8595032 extensión 124,"lunes-martes-jueves y viernes 7:30 am a 12:00m y 1:00pm a 5:00 pm -Miércoles: De 8:00 am a 12:00 pm, Sábado: De 8:00 am a 2:00 pm. Domingo no atención",-76128371,6780254,"6°46'48.9""N 76°07'42.1""W",Directorio Comisarias Ley 2126
5,ANTIOQUIA,5306,GIRALDO,Municipio,6,1,1,Comisaria de Familia,Carrera 9 # 10-36,(57) + (4) 8571107,De Lunes a Jueves de 8:00 a 12:30 - 14:00 a 18:00 y Viernes de 8:00 a 12:30 - 13:30 a 17:00,No se logró ubicar en Google maps,No se logró ubicar en Google maps,No se logró ubicar en Google maps,Directorio Comisarias Ley 2126
5,ANTIOQUIA,5310,GOMEZ PLATA,Municipio,6,1,1,Comisaria de Familia,"carrera 50 No. 49-49, Alcaldía
municipal",(604) 862 75 22,Lunes a jueves 8:00 a.m. a 12:00 m. - 2:00 p.m. a 6:00 p.m. - viernes 8:00 a.m. a 12:00 m. - 2:00 p.m. a 5:00 p.m. - Sábados de 8:00 a.m. a 1:00 p.m.,No se logró ubicar en Google maps,No se logró ubicar en Google maps,No se logró ubicar en Google maps,Directorio Comisarias Ley 2126
5,ANTIOQUIA,5313,GRANADA,Municipio,6,1,1,Comisaria de Familia,calle 20 #20-05,8320549 Teléfono móvil: 3122961212,"De lunes a viernes de 8 am. a 12:30 p.m. y de 2 pm a 6pm, los sábados de 8am. a 12 m. y de 1 pm. a 4 pm. (Miércoles y domingos no hay servicio)",-75184048,6144256,"6°08'39.3""N 75°11'02.6""W",Directorio Comisarias Ley 2126
5,ANTIOQUIA,5315,GUADALUPE,Municipio,6,1,1,Comisaria de Familia,Calle 50 Número 50 - 27,"(57)(4) 8616440 EXT: 124 -114 
Celular 3148318532","Lunes a Viernes de 8:00 a.m a 12:00 m. y de 1:00 a 5:00 p.m, Sábados de 8:00 a.m a 12:00 m.",-75241026,6814800,"6°48'53.3""N 75°14'27.7""W",Directorio Comisarias Ley 2126
5,ANTIOQUIA,5321,GUATAPE,Municipio,6,1,1,Comisaria de Familia,Calle 31 No. 30-08,57 (604) 8610079 Ext. 101,"lunes y viernes, 8:00 a.m. a 1:00 p.m., 2:00 p.m. a 6:00 p.m.",-75161364,6234469,"6°14'04.1""N 75°09'40.9""W",Directorio Comisarias Ley 2126
5,ANTIOQUIA,5347,HELICONIA,Municipio,6,1,1,Comisaria de Familia,Calle 20 # 20 - 31,"(604) 8549673 
(+57) 3148219034",Lunes a Jueves de 07:30 a.m. a 12:00 p.m. y de 1:30 p.m. a 6:00 p.m. - Viernes de 7:30 a.m. a 12:00 p.m. y de 1:30 p.m. a 5:00 p.m.,-75732754,6208371,"6°12'30.1""N 75°43'57.9""W",Directorio Comisarias Ley 2126
5,ANTIOQUIA,5353,HISPANIA,Municipio,6,1,1,Comisaria de Familia,Calle 48 Lisboa N° 50 - 36,"(+57)(4) 843 2862
Teléfono móvil: 3113157563","Lunes, martes, miercoles, jueves y viernes de 08:00 a.m. a 12:00 p.m. y de 02:00 p.m. a 06:00 p.m. / Sábados 08:00 a.m. a 12:00 p.m.",-75906911,5799163,"5°47'57.0""N 75°54'24.9""W",Directorio Comisarias Ley 2126
5,ANTIOQUIA,5361,ITUANGO,Municipio,6,1,1,Comisaria de Familia,Calle Berrio N° 19-08 Palacio Municipal Piso 3 Of. 303,(57 4) 8643175 Ext. 109,Lunes a Viernes 08:00 am - 12:00 m  y  2:00 pm - 06:00 pm.   Sábados 08:00 am - 12:00 m,-75763524,7172454,"7°10'20.8""N 75°45'48.7""W",Directorio Comisarias Ley 2126
5,ANTIOQUIA,5364,JARDIN,Municipio,6,1,1,Comisaria de Familia,Carrera 3 N°10-14,3204264707,"Lunes, martes, jueves, viernes: 8:00 am a 12:00 m - 2:00 pm a 6:00 pm. Miércoles y Sábados: 7:00 am a 1:00 pm",-75818504,5599211,"5°35'57.2""N 75°49'06.6""W",Directorio Comisarias Ley 2126
5,ANTIOQUIA,5368,JERICO,Municipio,6,1,1,Comisaria de Familia,"Carrera 5 Nr. 7-50 Palacio Municipal ""Santiago Santamaría",(+57)(604)8523101,"Lunes, martes, jueves, viernes: 8:00 a.m. A 12:00 m. - 1:30 p.m. a 6:00 p.m. - miércoles, sábado: 8:00 a.m. A 1:00 p.m.",-75786472,5790851,"5°47'27.1""N 75°47'11.3""W",Directorio Comisarias Ley 2126
5,ANTIOQUIA,5390,LA PINTADA,Municipio,6,1,1,Comisaria de Familia,CONTIGUO AL COLEGIO MARCO TULIO RESTREPO,3156074038,7:30 AM A 12 M Y DDE 1:40 PM A 6:00 PM,No se logró ubicar en Google maps,No se logró ubicar en Google maps,No se logró ubicar en Google maps,Directorio Comisarias Ley 2126
5,ANTIOQUIA,5400,LA UNION,Municipio,6,1,1,Comisaria de Familia,Cra 10 # 10 - 15 Parque Principal,57 (4) 5560610,De Lunes a Viernes de 7:30 am a 12:30 pm y de 2:00 pm a 5:00 pm y Sábados de 8:00 am a 12:00 pm,-75361563,5973399,"5°58'24.2""N 75°21'41.6""W",Directorio Comisarias Ley 2126
5,ANTIOQUIA,5411,LIBORINA,Municipio,6,1,1,Comisaria de Familia,Carrera 10 Nº 7-71,(+57) 3227496191 (4) 8561865,Lunes-Martes-Jueves y Viernes de 7:30 am 12:30 pm y de 2:00 pm a 5:00 pm. Los Sábados de 8:00 am a  12 M.  Los Miércoles NO hay servicio al público,-75811319,6677774,"6°40'40.0""N 75°48'40.8""W",Directorio Comisarias Ley 2126
5,ANTIOQUIA,5425,MACEO,Municipio,6,1,1,Comisaria de Familia,Carrera 30 # 30-32,8640209,"Lunes a Viernes 8 AM - 12 M Y 2 PM - 6PM, Sábados 8 AM - 12M",-74787793,6553430,"6°33'12.4""N 74°47'16.1""W",Directorio Comisarias Ley 2126
5,ANTIOQUIA,5467,MONTEBELLO,Municipio,6,1,1,Comisaria de Familia,Calle 20 Bolivar Nro. 19-51,"846-1020
Teléfono móvil: 3117623422",Lunes Martes Jueves y Viernes de 7:30 a.m. a 12:30 m y de 01:30 p.m. a 05:00 p.m. Miércoles de 07:30 a.m. a 12:00 m. Sábado de 07:30 a.m. a 1:00 p.m,-75524176,5945725,"5°56'44.6""N 75°31'27.0""W",Directorio Comisarias Ley 2126
5,ANTIOQUIA,5475,MURINDO,Municipio,6,1,1,Comisaria de Familia,Carrera 2B N° 21-08 Barrio Porvenir,"(57)(4)8575015 / (57)(4)8575085 / (57)(4)8575041
Teléfono móvil: 3218005111",8:00 AM A 12:00 M y de 2:00 PM a 6:00 PM,No se logró ubicar en Google maps,No se logró ubicar en Google maps,No se logró ubicar en Google maps,Directorio Comisarias Ley 2126
5,ANTIOQUIA,5480,MUTATA,Municipio,6,1,1,Comisaria de Familia,Carrera 10 # 10 - 15,8578639,Lunes a viernes de 7:30 am a 12 pm y de 1:30 pm a 6 pm,No se logró ubicar en Google maps,No se logró ubicar en Google maps,No se logró ubicar en Google maps,Directorio Comisarias Ley 2126
5,ANTIOQUIA,5483,NARINO,Municipio,6,1,1,Comisaria de Familia,Calle 10 #10-15 Plaza Principal,8680179 Ext 111,"Lunes 8:00 a 12:00 m. y de 1:30 a 5:30 Martes, Miércoles, Jueves y Viernes 8:00 a 12:00 y de 1:30 a 5:00 Sábado 8:00 a 2:00",-75178112,5608267,"5°36'29.8""N 75°10'41.2""W",Directorio Comisarias Ley 2126
5,ANTIOQUIA,5490,NECOCLI,Municipio,6,1,1,Comisaria de Familia,"Carrera 50 N° 52 - 46 Cll El Cucharo, Necoclí",3113907353,Lunes a Viernes 7:00 a.m. a  2:00 p.m,-76786151,8426315,"8°25'34.7""N 76°47'10.1""W",Directorio Comisarias Ley 2126
5,ANTIOQUIA,5495,NECHI,Municipio,6,1,1,Comisaria de Familia,Carrera 30 Nº 27-28 [Calle la Misericordia],"(304) 652 39 89
(60)+(4) 8368190",7:00 am a 12:00m y de 2:00 pm a 6:00 pm de lunes a viernes,-74775221,8096954,"8°05'49.0""N 74°46'30.8""W",Directorio Comisarias Ley 2126
5,ANTIOQUIA,5501,OLAYA,Municipio,6,1,0,Comisaria de Familia,Calle 10 No. 10-39,"(604)8550007
3168342924",Lunes a viernes de 08:00 a.m. a 12:30 p.m. y de 01:00 p.m. a 05:30 p.m.,-75813082,6627845,"6°37'40.2""N 75°48'47.1""W",Directorio Comisarias Ley 2126
5,ANTIOQUIA,5541,PENOL,Municipio,6,1,1,Comisaria de Familia,Carrera 18 N°  2-91 Parque de Bolívar,(+57) 4 8515855 ext. 108 - 3234031926,De lunes a jueves de 7:30 a.m. a 12:00 m. y de 1:30 p.m. a 6:00 p.m. Los viernes de 7:30 a.m. a 12:00 m. y de 1:30 p.m. a 5:00 p.m.,-75243902,6216672,"6°13'00.0""N 75°14'38.1""W",Directorio Comisarias Ley 2126
5,ANTIOQUIA,5543,PEQUE,Municipio,6,1,1,Comisaria de Familia,Calle 10 N° 9-40,3127832843,Lunes - Viernes 8:00 Am a 12M - 1:00 Pm a 5:00Pm Miercoles - Sabados 8:00 Am a 2:00 Pm,-75908930,7022082,"7°01'19.5""N 75°54'32.2""W",Directorio Comisarias Ley 2126
5,ANTIOQUIA,5576,PUEBLORRICO,Municipio,6,1,1,Comisaria de Familia,Carrera 31 nº 30-41 Los Andes Parque Principal,"(57) (4)849 - 88 -65
Teléfono móvil: 8498865","Lunes, Martes, jueves, Viernes: 7:00 a.m. a 12:30 m. y de 2:00 p.m. a 6:15 p.m. - Sábados de 8:00 a.m. a 1:00 p.m. Miercoles,Domingos no hay",-75842305,5790678,"5°47'26.4""N 75°50'32.3""W",Directorio Comisarias Ley 2126
5,ANTIOQUIA,5579,PUERTO BERRIO,Municipio,6,1,1,Comisaria de Familia,Carrera 6 con Calle 46 esquina,314 6141532,Lunes a Viernes de 8:00 a.m. a 12:00 m. y 2:00 p.m. a 6:00 p.m.,No se logró ubicar en Google maps,No se logró ubicar en Google maps,No se logró ubicar en Google maps,Directorio Comisarias Ley 2126
5,ANTIOQUIA,5585,PUERTO NARE,Municipio,6,1,0,Comisaria de Familia,Calle 50 # 2 -13 Parque Principal,"(+57)(4) 834 7452/834 7120/834 6201/834 7329 Extensión 101
Teléfono móvil: 3128332105",Lunes a Viernes de 8:00 am a 12:00 m - 2:00 pm a 6:00 pm,No se logró ubicar en Google maps,No se logró ubicar en Google maps,No se logró ubicar en Google maps,Directorio Comisarias Ley 2126
5,ANTIOQUIA,5591,PUERTO TRIUNFO,Municipio,6,1,0,Comisaria de Familia,Calle 10 N° 10-71,(+57) 604 8352276,De lunes a vienes de 8:00 a.m. a 12:30 m. y de 2:00 p.m. a 6:00 p.m.,-74641236,5868417,"5°52'06.3""N 74°38'28.5""W",Directorio Comisarias Ley 2126
5,ANTIOQUIA,5628,SABANALARGA,Municipio,6,1,1,Comisaria de Familia,Calle 20 #19-30,(604) 8554201,De martes a viernes de 07:30 a.m. a 12:30 p.m y de 02:00 p.m. a 06:30 p.m.; sábado de 08:00 a 2:00pm.,-75818445,6850632,"6°51'02.3""N 75°49'06.4""W",Directorio Comisarias Ley 2126
5,ANTIOQUIA,5642,SALGAR,Municipio,6,1,1,Comisaria de Familia,Calle 29 No.30-17 Palacio Municipal,3148143059,"Lunes, Martes, Jueves, Viernes de 8:00 am a 12 m y de 2:00 pm a 6:00 pm, Miércoles de 8:00 am a 12:00 m, Sábado de 8:00 am a 12:00pm",-75979101,5962764,"5°57'46.0""N 75°58'44.8""W",Directorio Comisarias Ley 2126
5,ANTIOQUIA,5647,SAN ANDRES DE CUERQUIA,Municipio,6,1,1,Comisaria de Familia,Calle Boyacá Nº 30-08 Parque Principal,"604 861 8021
3104650590",Lunes a Jueves de 08:00 a.m. a 12:00 m. y de 01:30 a 06:30 p.m. y viernes de 08:00 a.m. a 12:00 m y de 2:00 p.m. 6:00 p.m.,-75676206,6914961,"6°54'53.9""N 75°40'34.3""W",Directorio Comisarias Ley 2126
5,ANTIOQUIA,5649,SAN CARLOS,Municipio,6,1,1,Comisaria de Familia,calle 19 Nro. 18 – 71,(+57) 604 8358-051,martes a viernes de 7:30 a.m. - 12:30 p.m. y 2:00 p.m. - 6:00 p.m. – Sábado en jornada continua de 7:00 a.m. a 3:00 p.m,-74990717,6187707,"6°11'15.8""N 74°59'26.6""W",Directorio Comisarias Ley 2126
5,ANTIOQUIA,5652,SAN FRANCISCO,Municipio,6,1,1,Comisaria de Familia,Calle 11 09-61 parque principal,(604) 8323030,"De Martes a Jueves de 7:30 a.m. a 12: p.m. y de 1:30 p.m. a 6: p.m., los dias viernes 7: am a 12:m y 1 pm a 6:pm sábados de 7: 00 a.m. 02: 00 p.m.",-75101812,5965206,"5°57'54.7""N 75°06'06.5""W",Directorio Comisarias Ley 2126
5,ANTIOQUIA,5656,SAN JERONIMO,Municipio,6,1,1,Comisaria de Familia,Carrera 11 No. 18 - 132,(+57) 4 8582024 | (+57) 4 8582580 | (+57) 48582162,"Horario de atención tres primeras semanas de cada mes: Lunes a jueves de 7:30 a.m. a 12:00 p.m. y de 1:30 p.m. a 6:00 p.m. Viernes de 8:00a.m a 12:00 p.m y de 2:00 p.m a 6:00 p.m

Horario de atención última semana de cada mes: Lunes a jueves de 8:00 a.m. a 12:00 p.m. y de 2:00 p.m. a 6:00 p.m. Viernes de 8:00a.m a 12:00 p.m y de 2:00 p.m a 5:00 p.m El úitimo sábado de cada mes de 8:00 a.m. a 1:00 p.m",-75727907,6442337,"6°26'32.4""N 75°43'40.5""W",Directorio Comisarias Ley 2126
5,ANTIOQUIA,5658,SAN JOSE DE LA MONTANA,Municipio,6,1,1,Comisaria de Familia,Edificio Municipal Carrera 20- No. 19-08 parque principal,8622667,De lunes a viernes de 08:00 am a 1:00 pm y de 02:00 pm a 06:00 pm,-75682122,6850826,"6°51'03.0""N 75°40'55.6""W",Directorio Comisarias Ley 2126
5,ANTIOQUIA,5659,SAN JUAN DE URABA,Municipio,6,1,1,Comisaria de Familia,Calle 22 #22-07,(+57)(4) 821 2244 / 821 2100 Ext 108 - 115 / 821 2154,Lunes a Viernes de 7:30 a.m. a 12:00 m y 1:30 p.m. a 5:00 p.m.,-76528638,8762471,"8°45'44.9""N 76°31'43.1""W",Directorio Comisarias Ley 2126
5,ANTIOQUIA,5660,SAN LUIS,Municipio,6,1,1,Comisaria de Familia,Carrera 18 No. 17-08,(604)5906971,De Lunes a Jueves de 7:00 a.m. a 12:00 pm. y de 2:00 a 6:00 pm y los viernes de 8:00 a.m. a 12:00 m. y de 2:00 a 4:00 pm. Sábado y domingos descanso,-74991625,6041929,"6°02'30.9""N 74°59'29.9""W",Directorio Comisarias Ley 2126
5,ANTIOQUIA,5665,SAN PEDRO DE URABA,Municipio,6,1,1,Comisaria de Familia,Carrera 50 N° 52 - 114 Edificio Obras Públicas,(+57) 4 8205502 ext. 120,Lunes a Viernes de 8:00 a.m. a 12:00 m. y de 1:30 p.m. a 6:00 p.m.,-76383722,8279962,"8°16'47.9""N 76°23'01.4""W",Directorio Comisarias Ley 2126
5,ANTIOQUIA,5667,SAN RAFAEL,Municipio,6,1,1,Comisaria de Familia,calle 20 Nº 20-29,323225827,Martes a viernes de 8:00 am a 12:00 m - 1:00 pm a 6:00 pm - Sábados de 7:00 am a 3:00 pm,-75028124,6295233,"6°17'42.8""N 75°01'41.3""W",Directorio Comisarias Ley 2126
5,ANTIOQUIA,5670,SAN ROQUE,Municipio,6,1,1,Comisaria de Familia,Carrera 20 Nº 20-59,"Línea de atención 3203699448
(60) (4) 865 67 55",Lunes-Martes-Jueves-Viernes: 7:30 am a 12:30 p.m y 2:00 p.m a 5:00 p.m Miércoles: : 7:30 am a 1:30 p.m y Sábados: 8:00 am a 12:00 m,No se logró ubicar en Google maps,No se logró ubicar en Google maps,No se logró ubicar en Google maps,Directorio Comisarias Ley 2126
5,ANTIOQUIA,5674,SAN VICENTE FERRER,Municipio,6,1,0,Comisaria de Familia,Plazuela Vicente Arbeláez Cr 28 N° 29-04,(57)+(4)8544251 - 8544252,Lunes de 7:30 a. m. a 12:00 m. y de 1:30 p. m. a 5:00 p. m. Martes a Viernes 7:30 a. m. a 12:00 m. y de 1:30 p. m. a 6:00 p. m,-75331259,6282282,"6°16'56.2""N 75°19'52.5""W",Directorio Comisarias Ley 2126
5,ANTIOQUIA,5679,SANTA BARBARA,Municipio,6,1,1,Comisaria de Familia,Cra. Bolívar # 50 - 21 Parque Principal,(+57) (604) 846 10 60,Lunes a Viernes de 8:00 a.m. a 12:00 p.m. y de 2:00 p.m. a 6:00 p.m. - Sábados de 8:00 a.m. a 12:00 p.m.,-75568205,5874111,"5°52'26.8""N 75°34'05.5""W",Directorio Comisarias Ley 2126
5,ANTIOQUIA,5690,SANTO DOMINGO,Municipio,6,1,1,Comisaria de Familia,Calle 13. No: 15-32,"(57) (4) 8621101 / (57) (4) 8621313 Fax:(57) (4) 8621101 ext. 102
Teléfono móvil: 3116189175",Lunes a Jueves de 8 A.M. a 12 M. y de 2 P.M. a 6 P.M. Viernes de 8 A.M. a 12 M. y de 2 P.M. a 5 P.M. Sábados de 8 A.M. a 1 P.M.,-75164527,6471881,"6°28'18.8""N 75°09'52.3""W",Directorio Comisarias Ley 2126
5,ANTIOQUIA,5697,EL SANTUARIO,Municipio,6,1,1,Comisaria de Familia,Calle 50 Nº 49-71 Plaza Mayor José María Córdova,"(604)5460080
Teléfono móvil: 3217242255",Lunes a viernes: 8 a.m. a 12 m. y de 1 p.m. a 5 p.m. Sábados 8 a.m. a 12 m.,-75265921,6139306,"6°08'21.5""N 75°15'57.3""W",Directorio Comisarias Ley 2126
5,ANTIOQUIA,5761,SOPETRAN,Municipio,6,1,1,Comisaria de Familia,Carrera 10 con calle 10 Palacio Municipal,854 15 60 ext 101 ext 116,Lunes a viernes de 07:00 AM a 12:00 M - 02:00 PM 05:00 PM - Sábados de 08:00 AM a 12:00 M (Hacienda hasta las 4:00 Pm y sábados hasta las 11:00Am),-75742770,6501238,"6°30'04.5""N 75°44'34.0""W",Directorio Comisarias Ley 2126
5,ANTIOQUIA,5789,TAMESIS,Municipio,6,1,1,Comisaria de Familia,Casa de Gobierno Municipal — Calle 10 No 9-51,"590 6968 Ext. 2004
Teléfono móvil: 3218519916","lunes, martes, jueves, viernes: 8:00 a.m. a 12:00 m. y de 2:00 p.m. a 6:30 p.m. / miércoles y sábados: 8:00 a.m. a 1:00 p.m.",-75712595,5662437,"5°39'44.8""N 75°42'45.3""W",Directorio Comisarias Ley 2126
5,ANTIOQUIA,5790,TARAZA,Municipio,6,1,1,Comisaria de Familia,Casa de Justicia - Calle 31 # 30-43 Barrio La Frontera,(+57) 3226906108,De lunes a viernes de 7:00 a.m. a 12:00 m. y de 2:00 p.m. a 6:00 p.m.,-75400536,7581364,"7°34'52.9""N 75°24'01.9""W",Directorio Comisarias Ley 2126
5,ANTIOQUIA,5792,TARSO,Municipio,6,1,1,Comisaria de Familia,Carrera 20 # 20 - 08 Palacio Municipal,"(604) 8458541 Ext: 101 - 111
Teléfono móvil: 3116004724","Lunes, martes, jueves y viernes de 7:30am a 12:30m y de 2:00pm a 6:30pm Sábados 7:00am a 1:00pm",-75822166,5865660,"5°51'56.4""N 75°49'19.8""W",Directorio Comisarias Ley 2126
5,ANTIOQUIA,5809,TITIRIBI,Municipio,6,1,1,Comisaria de Familia,Carrera 20 N° 20-28,"3124622920
Teléfono móvil: 3124622920",Lunes a viernes de 8:00 a. m. a 12:00 m y de 2:00 pm a 6:00 p. m. Sábados de 8:00 a. m. a 12:00 m.,-75793465,6063601,"6°03'49.0""N 75°47'36.5""W",Directorio Comisarias Ley 2126
5,ANTIOQUIA,5819,TOLEDO,Municipio,6,1,1,Comisaria de Familia,Parque Principal de Toledo - Antioquia Carrera 10 # 10-30,"(604) 8619020 / (604) 8619110 / (604) 8919009
Teléfono móvil: 3137785878",Lunes a Viernes de 8:00 am a 12:00 m y de 2:00 pm a 6:00 pm Sábados de: 8:00 am a 12:00 pm,-75691498,7011392,"7°00'41.0""N 75°41'29.4""W",Directorio Comisarias Ley 2126
5,ANTIOQUIA,5842,URAMITA,Municipio,6,1,1,Comisaria de Familia,Calle 20 Nº 17 - 34,8574062,"Lunes, Martes, Jueves y Viernes: De 8:00 am a 12:00 pm y de 1:00 pm a 5:00 pm - Miércoles y sábados : 8:00 am a 2:00 pm",-76173982,6898534,"6°53'54.7""N 76°10'26.3""W",Directorio Comisarias Ley 2126
5,ANTIOQUIA,5847,URRAO,Municipio,6,1,1,Comisaria de Familia,Calle 34 No. 27-10,(57+4) 8502300,"Lunes, Martes, Jueves y Viernes de 7:00 a.m a 12:00 pm y de 1:30 p.m. a 6:00 p.m.; Sábados de 7:00 a.m. a 1:00 p.m. Sábados de Feria 8:00 am a 4:00 pm",-76134063,6321459,"6°19'17.3""N 76°08'02.6""W",Directorio Comisarias Ley 2126
5,ANTIOQUIA,5854,VALDIVIA,Municipio,6,1,1,Comisaria de Familia,Carrera 9 #8-14 Palacio Municipal,3234414191,Lunes a viernes de 7:30 a.m. a 12:00 m. y 1:30 p.m. a 6:00 p.m.,-75438655,7165191,"7°09'54.7""N 75°26'19.2""W",Directorio Comisarias Ley 2126
15,BOYACA,15522,PANQUEBA,Municipio,6,1,1,COMISARÍA DE FAMILIA DE PANQUEBA BOYACÁ,Carrera 5 # 4-79 segundo Piso Palacio Municipal,3138325951,Lunes a Viernes de 8:00 a.m. -12: 00 m  y 2:00 p.m. - 6:00 p.m.,-72460417,6443056,"6°26'35.0""N 72°27'37.5""W",Directorio Comisarias Ley 2126
5,ANTIOQUIA,5856,VALPARAISO,Municipio,6,1,1,Comisaria de Familia,Calle 10 Villa Nueva Nº 9 - 43,"3103682052
Teléfono móvil: 3103682052","Lunes a jueves: de 7:00 am - 12:30 pm y 2:00 pm a 5:30 pm, viernes: de 7:00 am a 12:00 m y de 1:00 pm a 5:00 pm, sábados y domingo DESCANSO",-75624278,561601,"5°36'57.7""N 75°37'27.4""W",Directorio Comisarias Ley 2126
5,ANTIOQUIA,5858,VEGACHI,Municipio,6,1,1,Comisaria de Familia,Carrera 49a N° 50a - 14,(604) 8305347 Ext. 111,"Lunes, martes, jueves y viernes de 08:00 a. m., a 12:00 m., y de 02:00 p. m., a 06:00 p. m. Miércoles y sábados de 08:00 a. m., a 02:00 p. m.",-74798324,6771832,"6°46'18.6""N 74°47'54.0""W",Directorio Comisarias Ley 2126
5,ANTIOQUIA,5861,VENECIA,Municipio,6,1,1,Comisaria de Familia,Cra. 51 No. 50 - 19,"314 8889344 
(604) 8490380 Ext 122","lunes a viernes de 8:00 a.m. a 12:00 p.m. y de 2:00 p.m. a 6:00 p.m., sábados de 8:00 a.m. a 12:00 p.m.",-75734268,5962945,"5°57'46.6""N 75°44'03.4""W",Directorio Comisarias Ley 2126
5,ANTIOQUIA,5873,VIGIA DEL FUERTE,Municipio,6,1,1,Comisaria de Familia,Calle 18 No. 2-02,"3146041405
(094)867 80 80",Lunes a Viernes de 8:00 a.m. a 12:00 pm y 2:00 p.m. a 6:00 p.m,-76896160,6589483,"6°35'22.1""N 76°53'46.2""W",Directorio Comisarias Ley 2126
5,ANTIOQUIA,5885,YALI,Municipio,6,1,1,Comisaria de Familia,Calle 19 # 20 a 13,(4) 867 5656,Lunes a Viernes de 7:30 AM a 12:00 PM y 2:00 PM a 6:00 PM,-74842539,6674525,"6°40'28.3""N 74°50'33.1""W",Directorio Comisarias Ley 2126
5,ANTIOQUIA,5890,YOLOMBO,Municipio,6,1,1,Comisaria de Familia,Calle Colombia N° 20 - 92,(+57)(4) 865 4181 / 865 4200 / 865 4337,Lunes a Viernes de 8:00 a.m. a 12:00 m y 2:00 p.m. a 6:00 p.m. Sádado de 9:00 a.m. a 1:00 p.m.,-75012583,6599199,"6°35'57.1""N 75°00'45.3""W",Directorio Comisarias Ley 2126
5,ANTIOQUIA,5895,ZARAGOZA,Municipio,6,1,1,Comisaria de Familia,Calle 40 (Bolívar) N° 40-01 - Parque Principal - Edificio Palacio Municipal,"(604)838 9510
Teléfono móvil: 604838 951",Lunes a Jueves de 7:00 a.m. a 12:00 p.m. y de 2:00 p.m. a 6:00 p.m. - Viernes de 7:00 a.m a 12:00 p.m y 2:00 p.m a 5:00 p.m,-74868038,7492459,"7°29'32.9""N 74°52'04.9""W",Directorio Comisarias Ley 2126
8,ATLANTICO,8078,BARANOA,Municipio,6,1,1,Comisaria de Familia,Carrera 19 # 11 331  Centro de Convivencia Ciudadana,"6058789999
Extensión 200",Lunes a Viernes 8:00 am A 12:00 m - 2:00 pm a 6:00 pm,-74914997,10802068,"10°48'07.4""N 74°54'54.0""W",Directorio Comisarias Ley 2126
8,ATLANTICO,8137,CAMPO DE LA CRUZ,Municipio,6,1,1,Comisaria de Familia,Calle 6 No. 10-106,"3043769002
Teléfono móvil: 3043769002",Lunes a Viernes de 8:00 A.M. a 1:00 A.M. y de 2:00 P.M. a 5:00 P.M.,-74883751,10379194,"10°22'45.1""N 74°53'01.5""W",Directorio Comisarias Ley 2126
8,ATLANTICO,8141,CANDELARIA,Municipio,6,1,1,Comisaria de Familia,"Plaza La Esperanza, Calle 10A No. 11-06",No reporta,8:00 a 12:00 y 2:00 a 6:00 P.M.,-74880390,10455904,"10°27'21.3""N 74°52'49.4""W",Directorio Comisarias Ley 2126
8,ATLANTICO,8372,JUAN DE ACOSTA,Municipio,6,1,1,Comisaria de Familia,CALLE 6A # 3 - 38 EDIFICIO PALACIO MUNICIPAL ARIEL ARTETA MOLINA,"3015413145
Teléfono Conmutador: 6053116670307
Teléfono móvil: 3116670307","De lunes a viernes de 8 am a 12 m y de 2 pm a 6:00 pm; sábados, de 8,00 am a 12 m. Los sábados no hay atención al público",-75031770,10830233,"10°49'48.8""N 75°01'54.3""W",Directorio Comisarias Ley 2126
8,ATLANTICO,8421,LURUACO,Municipio,6,1,1,Comisaria de Familia,Calle 17 # 20 - 27,No reporta,Lunes a viernes de 08:00 am a 12:00 pm. - 02:00 pm a 06:00 p.m.,-7.51438E+15,1.06103E+14,"10°36'36.7""N 75°08'38.1""W",Directorio Comisarias Ley 2126
8,ATLANTICO,8436,MANATI,Municipio,6,1,1,Comisaria de Familia,Calle 7A N° 4B 25 - Palacio Municipal,3205194096,L - V (8:00 am - 12:30 m) y (2:00 pm - 6:00 pm),No se logró ubicar en Google maps,No se logró ubicar en Google maps,No se logró ubicar en Google maps,Directorio Comisarias Ley 2126
8,ATLANTICO,8520,PALMAR DE VARELA,Municipio,6,1,1,Comisaria de Familia,Calle 3 No. 5 - 04 Palacio Municipal.,57(605)8700590,Lunes a Viernes de 8:00 a.m. a 12:00 m y de 1:00 p.m. a 5:00 p.m.,-7.47495E+15,1.07435E+16,No se logró ubicar en Google maps,Directorio Comisarias Ley 2126
8,ATLANTICO,8549,PIOJO,Municipio,6,1,1,Comisaria de Familia,calle 6 # 4A - 04,"1234567
Teléfono móvil: 1234567","8:00 AM - 12 M, 2:00 PM - 6:00 PM",-75107727,10748731,"10°44'55.4""N 75°06'27.8""W",Directorio Comisarias Ley 2126
8,ATLANTICO,8558,POLONUEVO,Municipio,6,1,1,Comisaria de Familia,Calle 3 No. 9 - 10,No reporta,(8:00 am a 12:00 pm) (1:00 pm a 5:00pm) Lunes a Viernes,-74856239,10776955,"10°46'37.0""N 74°51'22.5""W",Directorio Comisarias Ley 2126
8,ATLANTICO,8560,PONEDERA,Municipio,6,1,1,Comisaria de Familia,Calle 11 Nº16-64 Barrio la Plaza,"8769670
Teléfono móvil: 8769670",De Lunes a Viernes en los horarios de 8:00 AM - 12:00 PM y 2:00 PM - 6:00 PM,-74747344,10638787,"10°38'19.6""N 74°44'50.4""W",Directorio Comisarias Ley 2126
8,ATLANTICO,8606,REPELON,Municipio,6,1,1,Comisaria de Familia,Calle 8 # 7-09 Plaza Principal.,Teléfono: (57+5) 8709641 / (057+5) 8709631,Lunes a Viernes de 8:00 AM a 12:00 M y de 2:00 PM a 6:00 PM,-75123077,10494055,"10°29'38.6""N 75°07'23.1""W",Directorio Comisarias Ley 2126
8,ATLANTICO,8634,SABANAGRANDE,Municipio,6,1,1,Comisaria de Familia,Calle 21 No 18-46,(60)5 8700007,Días hábiles 8:00 am a 12:00 M - 2:00 pm a 6:00 pm.,-74920156,10632154,"10°37'55.8""N 74°55'12.6""W",Directorio Comisarias Ley 2126
8,ATLANTICO,8675,SANTA LUCIA,Municipio,6,1,1,Comisaria de Familia,Carrera 8 # 3- 79,"3013621364
(+57)321 9337645
Teléfono móvil: 321 933764","08:00 am - 12:00 pm, 02:00 pm - 6:00 pm",-74961224,10322433,"10°19'20.8""N 74°57'40.4""W",Directorio Comisarias Ley 2126
8,ATLANTICO,8685,SANTO TOMAS,Municipio,6,1,1,Comisaria de Familia,Calle 3 No. 11 - 13 Esq,8790596,Lunes a Viernes de 8:00 A.M. a 12:00 M y de 1:30 P.M. a 5:30 P.M.,-74752351,10759657,"10°45'34.8""N 74°45'08.5""W",Directorio Comisarias Ley 2126
8,ATLANTICO,8770,SUAN,Municipio,6,1,1,Comisaria de Familia,Calle 3 No. 14-08,57(035)8723029,De lunes a viernes de 8:00 AM a 12:00 M. - 2:00 P.M. a 6:00 P.M.,-74878855,10333506,"10°20'00.6""N 74°52'43.9""W",Directorio Comisarias Ley 2126
8,ATLANTICO,8832,TUBARA,Municipio,6,1,1,Comisaria de Familia,"Calle 5 #3 - 08 Barrio Centro, Plaza Principal",No reporta,Lunes a Viernes: 8:00 a.m. a 12:00 m - 2:00 p.m. a 6:00 p.m,-7.49761E+15,1.08752E+16,No se logró ubicar en Google maps,Directorio Comisarias Ley 2126
8,ATLANTICO,8849,USIACURI,Municipio,6,1,1,Comisaria de Familia,Calle 14 No 15 -16,(605) 3885154,Lunes a Viernes de 8:00 am a 12:00 pm y de 1:00 pm a 5:00 pm.,-74978004,10743285,"10°44'35.8""N 74°58'40.8""W",Directorio Comisarias Ley 2126
13,BOLIVAR,13006,ACHI,Municipio,6,1,1,Comisaria de Familia,Centro Calle San José. Cra. 8 Calle 8 - 4,Teléfono móvil: 3135749673,8.00 am -12:00 m / 2:00 pm - 6:00pm,-74554951,8568765,"8°34'07.6""N 74°33'17.8""W",Directorio Comisarias Ley 2126
13,BOLIVAR,13030,ALTOS DEL ROSARIO,Municipio,6,1,1,Comisaria de Familia,Calle y Barrio Marcelo Palacio Municipal,"3145276790
Teléfono móvil: 3217851728",8:00am a 12:00pm Y 12:00 pm a 6:00 pm,-7.41639E+15,8.79332E+15,No se logró ubicar en Google maps,Directorio Comisarias Ley 2126
13,BOLIVAR,13042,ARENAL,Municipio,6,1,1,Comisaria de Familia,Calle 13 N° 5-74 Arenal - Bolívar. Palacio Municipal,"3145686620
Teléfono móvil: 3145684277",Lunes a Viernes de 8:00 A.M. a 12:00 P.M y de 2:00 P.M a 6:00 P.M,-73942545,8458159,"8°27'29.4""N 73°56'33.2""W",Directorio Comisarias Ley 2126
13,BOLIVAR,13052,ARJONA,Municipio,6,1,1,Comisaria de Familia,Carrera 40 Sector Plaza Principal,No reporta,Lunes a Viernes de 8:00 a 12:00 y de 2:00 a 5:00,-75343169,10255037,"10°15'18.1""N 75°20'35.4""W",Directorio Comisarias Ley 2126
13,BOLIVAR,13062,ARROYOHONDO,Municipio,6,1,1,Comisaria de Familia,CALLE SANTA ELENA 6 # 6-32,"3022478380
Teléfono móvil: 3106105068",LUNES A VIERNES DE 8:00 A.M. A 12:00 M. Y DE 2:00 P.M. A 6:00 P.M.,-75020279,10254558,"10°15'16.4""N 75°01'13.0""W",Directorio Comisarias Ley 2126
13,BOLIVAR,13074,BARRANCO DE LOBA,Municipio,6,1,1,Comisaria de Familia,"Alcaldía Municipal de Barranco de Loba, Bolívar
Carrera 12 N°. 15 – 20 Palacio Municipal, Calle de la Iglesia 1er piso",3118996545,lunes a viernes 7:00am – 12:00m y 2:00pm – 5:00pm,-74110131,8947705,"8°56'51.7""N 74°06'36.5""W",Directorio Comisarias Ley 2126
13,BOLIVAR,13140,CALAMAR,Municipio,6,1,1,Comisaria de Familia,Calle 20 No. 2 - 06 Palacio Municipal,"(60)56208398
Teléfono móvil: 3127747946",LUNES A VIERNES DE 8:00 AM a 12:00 PM & DE 2:00 PM a 5:30 PM,-74912883,10253785,"10°15'13.6""N 74°54'46.4""W",Directorio Comisarias Ley 2126
13,BOLIVAR,13160,CANTAGALLO,Municipio,6,1,1,Comisaria de Familia,Calle 1ra # 4-50 Barrio el Centro,601 9156595,De lunes a viernes de 8:00am - 12:00 m y de 2:00pm - 6:00 pm,-73915727,7376922,"7°22'36.9""N 73°54'56.6""W",Directorio Comisarias Ley 2126
13,BOLIVAR,13188,CICUCO,Municipio,6,1,1,Comisaria de Familia,CENTRO ADMINISTRATIVO MUNICIPAL-CAM TRANSV. DEPRESION MOMPOSINA-CRA 12 ESQUINA,"3003790525
3136777378","8 am - 12 m, 2 pm - 6 pm",-74645713,9274504,"9°16'28.2""N 74°38'44.6""W",Directorio Comisarias Ley 2126
13,BOLIVAR,13212,CORDOBA,Municipio,6,1,1,Comisaria de Familia,"Avenida Luis Carlos Galán, Calle 3 # 2 - 01. Centro Administrativo Municipal","300 5642381
3012255030",Lunes a Viernes de 7:00 am a 12:00 m y 1:00 pm - 4:00 pm,-7.48245E+15,9.58405E+15,No se logró ubicar en Google maps,Directorio Comisarias Ley 2126
13,BOLIVAR,13222,CLEMENCIA,Municipio,6,1,1,Comisaria de Familia,"Clemencia - Bolívar, Plaza Principal - Palacio Municipal","57 - 3114172697
Teléfono móvil: 3114172697",Lunes a Viernes 8:00am a 12:30m - 2:00pm a 5:30pm,-75325504,10568450,"10°34'06.4""N 75°19'31.8""W",Directorio Comisarias Ley 2126
13,BOLIVAR,13244,EL CARMEN DE BOLIVAR,Municipio,6,1,1,Comisaria de Familia,Calle 24 Carrera 49 Esquina – Centro,(57) 6056862229,Lunes a Viernes: 8:00 a.m a 12 m y de 2:00 p.m a 6:00 p.m,-75121739,9716052,"9°42'57.8""N 75°07'18.3""W",Directorio Comisarias Ley 2126
13,BOLIVAR,13248,EL GUAMO,Municipio,6,1,1,Comisaria de Familia,Calle Santander No. 20A - Plaza Principal,"Teléfono Conmutador: 3044317905
Teléfono móvil: 3044317905",8:00 a.m. - 12:00 m. 2:00 p.m. - 6:00 p.m,-74976989,10031012,"10°01'51.6""N 74°58'37.2""W",Directorio Comisarias Ley 2126
13,BOLIVAR,13268,EL PENON,Municipio,6,1,1,Comisaria de Familia,CAM-Calle Bolivar 4#8-52 Centro.,"321 4659016
Teléfono Conmutador: 3244636893
Teléfono móvil: 3244636893",Lunes a Viernes de 8 AM - 5PM,-73949751,8990488,"8°59'25.8""N 73°56'59.1""W",Directorio Comisarias Ley 2126
13,BOLIVAR,13300,HATILLO DE LOBA,Municipio,6,1,1,Comisaria de Familia,Carrera 6 Nº 4-13 Palacio Municipal,"320 5581527
3023313064
Teléfono móvil: 3106551052",Lunes a viernes 8:00 a.m. – 12:00 m. / 2:00 p.m. – 6:00 p.m.,-7.40758E+15,8.95547E+15,No se logró ubicar en Google maps,Directorio Comisarias Ley 2126
13,BOLIVAR,13433,MAHATES,Municipio,6,1,1,Comisaria de Familia,"Edificio Palacio Municipal, K 37 No. 18 – 05","318 4316382
Teléfono Conmutador: (+57) 3116512050
Teléfono móvil: 3116512050",Lunes a viernes. de 08:00 am A 12: 00 m y de 1:00 pm A 05:00 pm,-75188567,10237173,"10°14'13.8""N 75°11'18.8""W",Directorio Comisarias Ley 2126
13,BOLIVAR,13440,MARGARITA,Municipio,6,1,1,Comisaria de Familia,"calle principal, sector 3 Margarita",3172898389,Lunes a viernes de 08:00 a.m - 12:00 p.m y 01:00 p.m. - 05:00 p.m.,-74296985,9156113,"9°09'22.0""N 74°17'49.2""W",Directorio Comisarias Ley 2126
13,BOLIVAR,13442,MARIA LA BAJA,Municipio,6,1,1,Comisaria de Familia,"Carrera 14 # 20-26 Plaza Principal, Palacio Municipal",Teléfono conmutador: (+57) 5 6261259,Lunes a Viernes de 8:00 a.m. a 12:30 p.m. y de 2:00 p.m. a 5:30 p.m. Sádado de 9:00 a.m. a 1:00 p.m.,-7.53021E+15,9.98449E+15,No se logró ubicar en Google maps,Directorio Comisarias Ley 2126
13,BOLIVAR,13458,MONTECRISTO,Municipio,6,1,1,Comisaria de Familia,"Calle Principal, Palacio Municipal","Teléfono Conmutador: 3207632842
Teléfono móvil: 3122884567","Lunes a Viernes de 8:00 am a 12:00 am, y de 2:00 pm a 5:00 pm",-74471651,8297823,"8°17'52.2""N 74°28'17.9""W",Directorio Comisarias Ley 2126
13,BOLIVAR,13468,SANTA CRUZ DE MOMPOX,Municipio,6,1,1,Comisaria de Familia,Carrera 2A No. 18B-21 - Palacio Municipal de San Carlos,(57) 6855039,Lunes - Viernes: 8:00a.m. a 12:00m y de 1:00p.m. a 5:00 p.m.,-74425425,9241369,"9°14'28.9""N 74°25'31.5""W",Directorio Comisarias Ley 2126
13,BOLIVAR,13473,MORALES,Municipio,6,1,1,Comisaria de Familia,Carrera 2 N° 17 - 05 Palacio Municipal,Teléfono Conmutador: 3225176641,Lunes a Viernes 8:00 a.m. a 12:00 m | 2:00 p.m. a 6:00 p.m.,-7.38693E+15,8.27722E+15,No se logró ubicar en Google maps,Directorio Comisarias Ley 2126
13,BOLIVAR,13490,NOROSI,Municipio,6,1,1,Comisaria de Familia,calle central- palacio Municipal,"3104747511
3103690085
Teléfono móvil: 3222486198","de 7:30 a-m- 12:30 pm, 2:00 p.m- 5:00 p.m",-74037340,8526632,"8°31'35.9""N 74°02'14.4""W",Directorio Comisarias Ley 2126
13,BOLIVAR,13549,PINILLOS,Municipio,6,1,1,Comisaria de Familia,Carrera 4° # 10 - 60. Palacio Municipal,Teléfono Conmutador: (57) 3242009235,Lunes a Viernes de 8:00 a.m. a 12:00 m - 2:00 p.m. a 6:00 p.m,-74462189,8914588,"8°54'52.5""N 74°27'43.9""W",Directorio Comisarias Ley 2126
13,BOLIVAR,13580,REGIDOR,Municipio,6,1,1,Comisaria de Familia,Av/ Rioviejo Palacio Municipal,Teléfono móvil: 3155453584,De 8:00 a 12:00 a.m. y de 2:00 a 6:00 p.m. de lunes a viernes,-73823438,8665866,"8°39'57.1""N 73°49'24.4""W",Directorio Comisarias Ley 2126
13,BOLIVAR,13600,RIO VIEJO,Municipio,6,1,1,Comisaria de Familia,Calle 1ra San Pedro - Plaza Principal - Palacio Municipal,Teléfono Conmutador: 3145034326,07:00 a.m. - 12:00 m. - 02:00 p.m. - 05:00 p.m.,-73838597,8586753,"8°35'12.3""N 73°50'19.0""W",Directorio Comisarias Ley 2126
13,BOLIVAR,13620,SAN CRISTOBAL,Municipio,6,1,1,Comisaria de Familia,"Kr 4 No. 19-43 Plaza Principal, Palacio Municipal",No reporta,Lunes a Viernes de 08:00 A.m a 12:00 P.m y de 02:00 P.m a 06:00 P.m,-75066275,10396590,"10°23'47.7""N 75°03'58.6""W",Directorio Comisarias Ley 2126
13,BOLIVAR,13647,SAN ESTANISLAO,Municipio,6,1,1,Comisaria de Familia,Calle 23 No. 15-56,324 605 91 41,8:00 am a 12:00 m 1:00 pm a 5:00 pm,-75147836,10396500,"10°23'47.4""N 75°08'52.2""W",Directorio Comisarias Ley 2126
13,BOLIVAR,13650,SAN FERNANDO,Municipio,6,1,1,Comisaria de Familia,Calle.3 N° 7-06,"3127716567
Teléfono móvil: 3204797286","De Lunes A Viernes de 8:00 am a 12:00 pm y, de 2:00 pm a 6:00 pm.",-74319462,9212955,"9°12'46.6""N 74°19'10.1""W",Directorio Comisarias Ley 2126
13,BOLIVAR,13654,SAN JACINTO,Municipio,6,1,1,Comisaria de Familia,Calle 19. Carrera 40 Esquina,(+57) 3002966985,Lunes a Viernes de 8:00 a.m. a 12:00 m. y de 2:00 p.m. a 6:00 p.m.,-75122077,9827399,"9°49'38.6""N 75°07'19.5""W",Directorio Comisarias Ley 2126
13,BOLIVAR,13655,SAN JACINTO DEL CAUCA,Municipio,6,1,1,Comisaria de Familia,Barrio la Floresta Calle 12 # 02-41,"3234543376 WhatsApp
Teléfono móvil: 3234543376",De Lunes a Viernes de 8:00am a 12:00pm y de 2:00pm a 6:00pm,No se logró ubicar en Google maps,No se logró ubicar en Google maps,No se logró ubicar en Google maps,Directorio Comisarias Ley 2126
13,BOLIVAR,13657,SAN JUAN NEPOMUCENO,Municipio,6,1,1,Comisaria de Familia,Calle 12 Cr 11-24 Barrio centro,3165110767,"Lunes a Viernes

8Am - 12Pm

2Pm - 4Pm",-75082122,9952467,"9°57'08.9""N 75°04'55.6""W",Directorio Comisarias Ley 2126
13,BOLIVAR,13667,SAN MARTIN DE LOBA,Municipio,6,1,1,Comisaria de Familia,"Plaza Principal, Palacio Municipal",311 5162581,Lunes a Viernes de 08:00 am a 12:00 m y de 02:00 pm a 05:00 pm,-7.40406E+14,8.94109E+15,No se logró ubicar en Google maps,Directorio Comisarias Ley 2126
13,BOLIVAR,13670,SAN PABLO,Municipio,6,1,0,Comisaria de Familia,CR 7 No. 17-73,3176398765,De Lunes a Viernes 8:00 am a 12:00 Pm - 2:00 Pm a 6:00 Pm,-73922079,7480208,"7°28'48.8""N 73°55'19.5""W",Directorio Comisarias Ley 2126
13,BOLIVAR,13673,SANTA CATALINA,Municipio,6,1,1,Comisaria de Familia,Carrera 16 # 15 - 03,"Teléfono Conmutador: 3114659004
Teléfono móvil: 3022556594",Lunes a viernes de 8:00 A. M. a 12:00 M. y de 2:00 P.M. a 5:00 P.M.,-75290156,10603026,"10°36'10.9""N 75°17'24.6""W",Directorio Comisarias Ley 2126
13,BOLIVAR,13683,SANTA ROSA,Municipio,6,1,1,Comisaria de Familia,Calle 16 Nº 27-71,3233927467 o 3233927465,lunes a viernes de 8:00 am a 4:30 pm.,-75371269,10442981,"10°26'34.7""N 75°22'16.6""W",Directorio Comisarias Ley 2126
13,BOLIVAR,13688,SANTA ROSA DEL SUR,Municipio,6,1,1,Comisaria de Familia,Carrera 12 A Nº 11-26 Centro.,(57) (5) 5697214 Ext. 205,Lunes a Viernes 7:00am -12:00 m y 2:00pm - 5:00 pm,-74052074,7962926,"7°57'46.5""N 74°03'07.5""W",Directorio Comisarias Ley 2126
13,BOLIVAR,13744,SIMITI,Municipio,6,1,1,Comisaria de Familia,Calle 12 # 5 - 31 - Palacio Municipal,3183540158,De lunes a viernes de 08:00 a.m. a 12:00 m. y de 02:00 p.m. a 05:00 p.m,No se logró ubicar en Google maps,No se logró ubicar en Google maps,No se logró ubicar en Google maps,Directorio Comisarias Ley 2126
13,BOLIVAR,13760,SOPLAVIENTO,Municipio,6,1,1,COMISARÍA DE FAMILIA DE SOPLAVIENTO BOLÍVAR,"Carrera 3 #18-03, Soplaviento, Bolívar","(575)3126222228, 3104639964",Lunes a Viernes De 08:00 a.m. a 12:00 m.  Y de 02:00 p.m. a 06:00 p.m,-75140263,10388403,"10°23'18.3""N 75°08'25.0""W",Directorio Comisarias Ley 2126
13,BOLIVAR,13780,TALAIGUA NUEVO,Municipio,6,1,1,COMISARÍA DE FAMILIA DE TALAIGUA NUEVO BOLÍVAR,"Cl. 14 #6-22, Talaigua Nuevo, Bolívar",3006171937,"Lunes a Viernes de 8:00-12:00 a.m , 2:00 - 5:30 p.m",-74566880,9303746,"9°18'13.5""N 74°34'00.8""W",Directorio Comisarias Ley 2126
13,BOLIVAR,13810,TIQUISIO,Municipio,6,1,1,COMISARÍA DE FAMILIA DE TIQUISIO BOLÍVAR,"CENTRO  DE CONVIVENCIA CIUDADANA, BARRIO  EL RECREO",3107145877,Null,Null,Null,Null,Directorio Comisarias Ley 2126
13,BOLIVAR,13838,TURBANA,Municipio,6,1,1,COMISARÍA DE FAMILIA DE TURBANA BOLÍVAR,"Carrera 16 N 14b-73, Turbana Bolívar",3005761497,Lunes a Viernes de 8am a 12pm y de 2pm a 5pm,-75443917,10274306,"10°16'27.5""N 75°26'38.1""W",Directorio Comisarias Ley 2126
13,BOLIVAR,13873,VILLANUEVA,Municipio,6,1,1,COMISARÍA DE FAMILIA DE VILLANUEVA BOLÍVAR,"Carrera 14 N° 15-95, Villanueva Bolívar",3012964996,"Lunes a viernes de 08:00 am - 05:00, disponibilidad los fines de semana",-75273050,10445090,"10°26'42.3""N 75°16'23.0""W",Directorio Comisarias Ley 2126
13,BOLIVAR,13894,ZAMBRANO,Municipio,6,1,1,COMISARÍA DE FAMILIA DE ZAMBRANO BOLÍVAR,Avenida 20 de enero# 13-27 Barrio Centro,3014095092,Lunes a Viernes de  8-12 a.m 2-6 p.m,Null,Null,Null,Directorio Comisarias Ley 2126
15,BOYACA,15022,ALMEIDA,Municipio,6,1,1,COMISARÍA DE FAMILIA DE ALMEIDA BOYACÁ,Calle 4 #3-06 Almeida Boyacá,3213154824,Lunes a Viernes de 7:30 a 12:00 m y de 1:00 a 5:00pm,-73378525,4971614,"4°58'17.8""N 73°22'42.7""W",Directorio Comisarias Ley 2126
15,BOYACA,15047,AQUITANIA,Municipio,6,1,1,COMISARÍA DE FAMILIA DE AQUITANIA BOYACÁ,Calle 6 #  6 - 45,7794118,Lunes a Domingo 24 horas,-72883498,5517308,"5°31'02.3""N 72°53'00.6""W",Directorio Comisarias Ley 2126
15,BOYACA,15051,ARCABUCO,Municipio,6,1,1,COMISARÍA DE FAMILIA DE ARCABUCO BOYACÁ,CARRERA 6 # 4 - 09,321 850 5357,Lunes a Viernes de  8:00 A.M a 1:00 P.M Y 2:00 P.M A 5:00 P.M,-73436698,5755237,"5°45'18.9""N 73°26'12.1""W",Directorio Comisarias Ley 2126
15,BOYACA,15087,BELEN,Municipio,6,1,1,COMISARÍA DE FAMILIA DE BELÉN BOYACÁ,"Cra. 6 #6-22, Belén, Boyacá",3132439652,Lunes a Viernes de  08:00 a.m. 12:00 m y de 02:00 p.m. a 06:00 p.m. Después de ese horario y fines de semana casos urgentes.,-72913139,5989167,"5°59'21.0""N 72°54'47.3""W",Directorio Comisarias Ley 2126
15,BOYACA,15090,BERBEO,Municipio,6,1,1,COMISARÍA DE FAMILIA DE BERBEO BOYACÁ,Carrera 3 No. 5-23 Palacio Municipal Primer Piso,3102840768,Lunes a Viernes: 8 am - 12:30 pm / 2 pm - 5:30 pm,-73126179,5226463,"5°13'35.3""N 73°07'34.3""W",Directorio Comisarias Ley 2126
15,BOYACA,15092,BETEITIVA,Municipio,6,1,1,COMISARÍA DE FAMILIA DEL MUNICIPIO DE BETÉITIVA BOYACÁ,Carrera 4 Numero 03-09,3133173682,Lunes a Viernes de 07:00 AM -01:00 PM y de 02:00pm-04:00pm,-72808640,5911703,"5°54'42.1""N 72°48'31.1""W",Directorio Comisarias Ley 2126
15,BOYACA,15097,BOAVITA,Municipio,6,1,1,COMISARIA DE FAMILIA MUNICIPIO DE BOAVITA BOYACÁ,Calle 5 N° 7 - 02 segundo piso,3134617412,Lunes a Jueves de 7 y 30 am a 12 m y 2 pm a 6 pm y los dias Viernes de 7 am a 1 y 30 pm,-72585701,6332921,"6°19'58.5""N 72°35'08.5""W",Directorio Comisarias Ley 2126
15,BOYACA,15104,BOYACA,Municipio,6,1,1,COMISARÍA DE FAMILIA DE BOYACÁ,Null,Null,Null,Null,Null,Null,Directorio Comisarias Ley 2126
15,BOYACA,15106,BRICENO,Municipio,6,1,1,COMISARÍA DE FAMILIA DE BRICEÑO BOYACÁ,"Cra. 4 #4-53, Briceño, Boyacá",3014143240,Lunes a Viernes de  8AM - 12:30 - 2PM - 5:30PM.,-73923921,5691142,"5°41'28.1""N 73°55'26.1""W",Directorio Comisarias Ley 2126
15,BOYACA,15109,BUENAVISTA,Municipio,6,1,1,COMISARIA DE FAMILIA UNICA  DE BUENAVISTA BOYACÁ,"Calle 4  # 4 - 44, Buenavista Boyacá",3104867547,Lunes a Viernes de  8:00 A.M. A 12:00 M - 01:00 P.M. A 05:00 P.M.,-73943395,5512239,"5°30'44.1""N 73°56'36.2""W",Directorio Comisarias Ley 2126
15,BOYACA,15114,BUSBANZA,Municipio,6,1,1,COMISARÍA DE FAMILIA DE BUSBANZÁ BOYACÁ,"Carrera 3 # 3-32, Busbanzá Boyacá",3142941258,Lunes a Viernes de de 8 a 1 y de 2 a 5,-72884444,5830722,"5°49'50.6""N 72°53'04.0""W",Directorio Comisarias Ley 2126
15,BOYACA,15131,CALDAS,Municipio,6,1,1,COMISARÍA DE FAMILIA DE CALDAS BOYACÁ,"Carrera 3 # 2 - 09 segundo piso, Palacio municipal",3204994583,Lunes a Viernes de  8:00 AM. A 1:00 PM. Y DE 2:00P.M. A 5:00 PM.,-73865949,5554721,"5°33'17.0""N 73°51'57.4""W",Directorio Comisarias Ley 2126
15,BOYACA,15135,CAMPOHERMOSO,Municipio,6,1,1,COMISARÍA DE FAMILIA DE CAMPOHERMOSO BOYACÁ,"CRA. 5 # 2- 23, Campohermoso Boyacá",3115419662,Lunes a Jueves de 8:00 A.M. A 12:30 P.M.; 2:00 P.M. A 6:30 P.M.. Y Viernes de  8:00 A.M. A 12:45 P.M.,-73104425,5030398,"5°01'49.4""N 73°06'15.9""W",Directorio Comisarias Ley 2126
15,BOYACA,15162,CERINZA,Municipio,6,1,1,COMISARÍA DE FAMILIA ÚNICA DE CERINZA BOYACÁ,"Calle 7 # 5 - 73 Piso 1, Cerinza Boyacá",3112277624,Lunes a Viernes 8:00 am - 12:30 M y 2:00 pm - 6:00 pm,-72947637,5956535,"5°57'23.5""N 72°56'51.5""W",Directorio Comisarias Ley 2126
15,BOYACA,15172,CHINAVITA,Municipio,6,1,1,COMISARÍA DE FAMILIA DE CHINAVITA BOYACÁ,"Calle 4 # 3-28 Palacio municipal, Chinavita Boyacá",3125353991,LUNES A VIERNES DE 8:00 AM A 12:00 PM Y 2:00 PM A 5:00 PM / SABADO DE 8:00 AM A 01:00 PM,-73368545,5166916,"5°10'00.9""N 73°22'06.8""W",Directorio Comisarias Ley 2126
15,BOYACA,15180,CHISCAS,Municipio,6,1,1,COMISARÍA DE FAMILIA CHISCAS BOYACÁ,"Calle 4 # 4-41, Chiscas  Boyacá",3115139669,"Lunes, martes, Miércoles y  Viernes de 08:00-12:30 / 2:00-6:00  El día jueves de 07:00 - 2:00 pm",-72499929,6551769,"6°33'06.4""N 72°29'59.7""W",Directorio Comisarias Ley 2126
15,BOYACA,15183,CHITA,Municipio,6,1,1,COMISARÍA DE FAMILIA DE CHITA BOYACÁ,"Calle  4 # 4-43 Edificio antiguo centro de salud, Chita Boyacá",3222552326,De lunes a viernes de 8:00 AM -12:00 m y de 2:00 pm a 6:00 pm,-72472240,6185918,"6°11'09.3""N 72°28'20.1""W",Directorio Comisarias Ley 2126
15,BOYACA,15185,CHITARAQUE,Municipio,6,1,1,COMISARÍA DE FAMILIA ÚNICA DE CHITARAQUE BOYACÁ,"Calle 2 # 3-35 piso 1, Chitarraque Boyacá",7290631,Lunes a Jueves de 7 a 12 y de 1 y 30 a 5  viernes de 7 a 4 y 30,-73446925,6027529,"6°01'39.1""N 73°26'48.9""W",Directorio Comisarias Ley 2126
15,BOYACA,15187,CHIVATA,Municipio,6,1,1,COMISARÍA DE FAMILIA DE CHIVATÁ  BOYACÁ,Calle 4 # 3-36 primer piso - Alcaldía   Chivatá Boyacá,3123824931,Lunes a Viernes de  8 AM A LAS 5 PM,-73282997,5557513,"5°33'27.0""N 73°16'59.1""W",Directorio Comisarias Ley 2126
15,BOYACA,15189,CIENEGA,Municipio,6,1,1,COMISARÍA DE FAMILIA DE CIÉNAGA BOYACÁ,"Calle 3 # 7 -13, Ciénaga Boyacá",3102887563,Lunes - Viernes: 8:00 am. a 12:00 m. y 1:00 pm 5:00 pm,-73296596,5408983,"5°24'32.3""N 73°17'47.8""W",Directorio Comisarias Ley 2126
15,BOYACA,15204,COMBITA,Municipio,6,1,1,COMISARÍA DE FAMILIA DE CÓMBITA BOYACÁ,"Calle 3 # 5-63, Cómbita Boyacá",3213365383,Lunes a Viernes de 8:00 a.m. a 5 p.m.,-73324452,5633199,"5°37'59.5""N 73°19'28.0""W",Directorio Comisarias Ley 2126
15,BOYACA,15212,COPER,Municipio,6,1,1,COMISARÍA DE FAMILIA ÚNICA DE COPER BOYACÁ,"Carrera 2 # 4-61 PISO 1, Coper Boyacá",3105552191,Lunes a Jueves de 07:30 am a 12 m d y de 07:00 am a 1:00 pm los Viernes,-74044972,5475292,"5°28'31.1""N 74°02'41.9""W",Directorio Comisarias Ley 2126
15,BOYACA,15215,CORRALES,Municipio,6,1,1,COMISARÍA DE FAMILIA ÚNICA DE CORRALES BOYACÁ,"Calle 8 # 3-40, Corrales Boyacá",3143571776,Lunes a Viernes de  8 a 12:30 y de 2 a 6:30,-72843597,5830139,"5°49'48.5""N 72°50'37.0""W",Directorio Comisarias Ley 2126
15,BOYACA,15218,COVARACHIA,Municipio,6,1,1,COMISARÍA DE FAMILIA COVARACHÍA BOYACÁ,"Cra 1 # numero 2-22, Covarachía, Boyacá",3102551889,Lunes a Viernes de  7:30 a 1:00 y de 2:00 a 6:00,-72739875,6499885,"6°29'59.6""N 72°44'23.6""W",Directorio Comisarias Ley 2126
15,BOYACA,15223,CUBARA,Municipio,6,1,1,COMISARÍA DE FAMILIA DE CUBARÁ BOYACÁ,"Calle 4 # 4-43 Barrio el Comercio  Cubará, Boyacá",3214606284,Lunes a Viernes de 7:30 am a 12:00 m - 1:30 pm a 5:00 pm,-72109519,7001192,"7°00'04.3""N 72°06'34.3""W",Directorio Comisarias Ley 2126
15,BOYACA,15224,CUCAITA,Municipio,6,1,1,COMISARÍA DE FAMILIA DE CUCAITA BOYACÁ,"Carrera 7 # 7 - 09, CASA  DE LA CULTURA SEGUNDO PISO, Cucaita Boyacá",7340127,Lunes a Viernes 8:00 a.m a   5:00 p.m.,-73454136,5544742,"5°32'41.1""N 73°27'14.9""W",Directorio Comisarias Ley 2126
15,BOYACA,15226,CUITIVA,Municipio,6,1,1,COMISARÍA DE FAMILIA DE CUÍTIVA BOYACÁ,"Carrera 4  a # 4 -45 SEGUNDO PISO , PALACIO MUNICIPAL, Cuítiva Boyacá",3138605790,Lunes a Viernes de  8:00am  a 1:00P.m   y de  2:00pm a 5:00pm,-72966528,5581083,"5°34'51.9""N 72°57'59.5""W",Directorio Comisarias Ley 2126
15,BOYACA,15232,CHIQUIZA,Municipio,6,1,1,COMISARIA DE FAMILIA DE CHÍQUIZA - SAN PEDRO DE IGUAQUE BOYACÁ,"Calle 6 No. 3-08, COMPLEJO ADMINISTRATIVO DE SERVICIOS. Chíquiza, Boyacá",3103880621,Lunes a Viernes de   8:00 A 1:00 PM Y DE 2:00 A 5:00 PM,-73449133,5639402,"5°38'28.4""N 73°26'56.4""W",Directorio Comisarias Ley 2126
15,BOYACA,15236,CHIVOR,Municipio,6,1,1,COMISARÍA DE FAMILIA DE CHIVOR BOYACÁ,"CARRERA 4 # 5  - 26. Chivor, Boyacá",3104755669-3138788967,Lunes a Jueves de  8:00 AM  A 12.30 M y de  2:00 PM A 6:00 pm y los Viernes de  8:00 AM A 2;00 PM,-7.33691E+15,4.88881E+15,"4°53'20.3""N 73°22'09.0""W",Directorio Comisarias Ley 2126
15,BOYACA,15244,EL COCUY,Municipio,6,1,1,COMISARÍA DE FAMILIA DE EL COCUY BOYACÁ,"CARRERA 3 No.8-36- Cocuy, Boyacá",3147102957,Lunes a Viernes de 08:00 a 12:00 - 01:30 p.m 6:00 p.m,-72.444044,6409320,"6°24'33.6""N 72°26'38.6""W",Directorio Comisarias Ley 2126
15,BOYACA,15248,EL ESPINO,Municipio,6,1,2,COMISARÍA DE FAMILIA  EL ESPINO BOYACÁ,"Carrera 5  # 5-57  El Espino, Boyacá",3202345602,Martes a Vienes de   8am a 1 pm  y de 2 pm  a  6pm  y Sábado de  8 am  a 1  pm,-72496824,6482834,"6°28'58.2""N 72°29'48.6""W",Directorio Comisarias Ley 2126
15,BOYACA,15272,FIRAVITOBA,Municipio,6,1,1,COMISARÍA ÚNICA DE FAMILIA DE FIRAVITOBA BOYACÁ,"CALLE 7 # 4 - 35. Firavitoba, Boyacá",3209733842,Lunes a Viernes de  7:30 AM - 12:30 PM - 2:00 PM - 5:00 PM,-72993444,5668750,"5°40'07.5""N 72°59'36.4""W",Directorio Comisarias Ley 2126
15,BOYACA,15276,FLORESTA,Municipio,6,1,1,COMISARÍA DE FAMILIA DE FLORESTA BOYACÁ,"Calle 5 #  5-16 ,Floresta Boyacá",3166479305,Lunes a Viernes de   8 am a  5pm,-72920167,5859722,"5°51'35.0""N 72°55'12.6""W",Directorio Comisarias Ley 2126
15,BOYACA,15293,GACHANTIVA,Municipio,6,1,1,COMISARÍA DE FAMILIA DE GACHANTIVÁ BOYACÁ,"Carrera 5 # 4-27 Palacio Municipal, Gachantivá, Boyacá",3174302016,Lunes a Viernes de  8:00 a.m. a 12:00 m.d. y 2:00 p.m. a 6:00 p.m.,-73549702,5751835,"5°45'06.6""N 73°32'58.9""W",Directorio Comisarias Ley 2126
15,BOYACA,15296,GAMEZA,Municipio,6,1,1,COMISARÍA DE FAMILIA DE GÁMEZA BOYACÁ,"Cl. 3 #4-2 a 4-70, Gameza, Boyacá",No reporta,No reporta,-72805001,5801553,"5°48'05.6""N 72°48'18.0""W",Directorio Comisarias Ley 2126
15,BOYACA,15299,GARAGOA,Municipio,6,1,1,COMISARÍA DE FAMILIA GARAGOA BOYACÁ,"CALLE 10 # 9-65 Garagoa, Boyacá",3232311568,Lunes a Viernes de  8am A 12pm  y de 2pm  a  6pm,-73364158,5081560,"5°04'53.6""N 73°21'51.0""W",Directorio Comisarias Ley 2126
15,BOYACA,15531,PAUNA,Municipio,6,1,1,COMISARÍA DE FAMILIA PAUNA BOYACÁ,CRA 5 # 5-68,3132494167,Lunes a Viernes de 8:00 AM - 12:00 PM  Y  2:00PM - 6:00PM,-73979083,5656667,"5°39'24.0""N 73°58'44.7""W",Directorio Comisarias Ley 2126
15,BOYACA,15317,GUACAMAYAS,Municipio,6,1,1,COMISARÍA DE FAMILIA DE GUACAMAYAS BOYACÁ,"Carrera 5# 3-35 ,Guacamayas Boyacá",3143267160,Lunes a Viernes de 08:00 am- 12:00 pm. Domingos de 08:00 am- 12:00 p.m de manera presencial. Con disponibilidad los demas dias (festivos) las 24 horas con equipo interdisciplinario,-72501551,6460080,"6°27'36.3""N 72°30'05.6""W",Directorio Comisarias Ley 2126
15,BOYACA,15322,GUATEQUE,Municipio,6,1,1,COMISARÍA DE FAMILIA DE GUATEQUE BOYACÁ,"Carrera 6 # 9-18, Guateque, Boyacá",3188018604,Lunes a Viernes de 8: 00 am - 12:00 am - 2:00 pm  - 6:00 pm,-73472889,5006194,"5°00'22.3""N 73°28'22.4""W",Directorio Comisarias Ley 2126
15,BOYACA,15325,GUAYATA,Municipio,6,1,1,COMISARÍA DE FAMILIA DE GUAYATÁ BOYACÁ,"Carrera 5 # 3 - 13, Guayatá Boyacá",3107844478,"Lunes, Miércoles, Jueves y Viernes de 8:00 A 12:00  y de 2:00 pm A 6:00 pm  y  Martes de  7:30 a  2:00 PM",-73491056,4964889,"4°57'53.6""N 73°29'27.8""W",Directorio Comisarias Ley 2126
15,BOYACA,15332,GUICAN DE LA SIERRA,Municipio,6,1,1,COMISARÍA DE FAMILIA DE GÜICÁN DE LA SIERRA,"Carrera 5 # 2-85 barrio progreso, Güicán Boyacá",3155541448,Lunes a Viernes de 8 am -12 pm y de 2pm 6-pm,-72412283,6461237,"6°27'40.5""N 72°24'44.2""W",Directorio Comisarias Ley 2126
15,BOYACA,15362,IZA,Municipio,6,1,1,COMISARÍA DE FAMILIA IZA BOYACÁ,"Cra 4 # 4 -10, Iza Boyacá",3227078124,Lunes a viernes 8 a 12.30 M y 2.00 a 500 pm,-72979083,5611944,"5°36'43.0""N 72°58'44.7""W",Directorio Comisarias Ley 2126
15,BOYACA,15367,JENESANO,Municipio,6,1,1,COMISARÍA DE FAMILIA DE JENESANO BOYACÁ,"CRA 4 # 7- 11, Jenesano Boyacá",3155583752,Lunes a Viernes de  8:00AM - 12:30PM Y 2:00PM - 5:30PM,-73364944,5385500,"5°23'07.8""N 73°21'53.8""W",Directorio Comisarias Ley 2126
15,BOYACA,15368,JERICO,Municipio,6,1,1,COMISARÍA DE FAMILIA DE JERICÓ BOYACÁ,"Carrera 4 # 3 - 71, Jericó, Boyacá",3102692570,Martes a Sábado de manera presencial; con disponibilidad las 24 Horas del día los 7 días de la semana,-72571278,6146611,"6°08'47.8""N 72°34'16.6""W",Directorio Comisarias Ley 2126
15,BOYACA,15377,LABRANZAGRANDE,Municipio,6,1,1,COMISARÍA DE FAMILIA DE LABRANZAGRANDE  BOYACÁ,"Carrera 9 # 8-05 Parque principal Labranzagrande, Boyacá",3124580004 Y 3107718156,Lunes a Viernes  de 8 AM a 12PM  y de 2PM  a 6 PM,-72578472,5562611,"5°33'45.4""N 72°34'42.5""W",Directorio Comisarias Ley 2126
15,BOYACA,15380,LA CAPILLA,Municipio,6,1,1,COMISARÍA DE FAMILIA DE LA CAPILLA BOYACÁ,"Carrera 4 # 3 - 63  piso 2, La Capilla, Boyacá",3132620467,Presencial: Lunes (8:00am- 4:00pm) Martes a Viernes (8:00am- 6:00pm) y disponibilidad 24 horas,-73445000,5096167,"5°05'46.2""N 73°26'42.0""W",Directorio Comisarias Ley 2126
15,BOYACA,15401,LA VICTORIA,Municipio,6,1,1,COMISARÍA DE FAMILIA  LA VICTORIA BOYACÁ,"Calle 2 # 2-18 la Victoria, Boyacá",3214161183,Lunes a Viernes de  8 a.m. a 12:30 p.m y 2 p.m. a 6:00 p.m.,Null,Null,Null,Directorio Comisarias Ley 2126
15,BOYACA,15403,LA UVITA,Municipio,6,1,0,COMISARÍA DE FAMILIA DE LA UVITA BOYACÁ,"Carrera 6 #  6 - 15 , La Uvita Boyacá",31255933370,Lunes a Viernes de  8:00-12:30 PM -02:00-06:00 PM,-72560778,6317889,"6°19'04.4""N 72°33'38.8""W",Directorio Comisarias Ley 2126
15,BOYACA,15407,VILLA DE LEYVA,Municipio,6,1,1,COMISARÍA DE FAMILIA DE VILLA DE LEYVA BOYACÁ,"Calle 12 # 4-50 Casa de Justicia , Villa de Leyva",(+57)(8) 7321820,No reporta,-73527139,5636472,"5°38'11.3""N 73°31'37.7""W",Directorio Comisarias Ley 2126
15,BOYACA,15425,MACANAL,Municipio,6,1,1,COMISARÍA DE FAMILIA DE MACANAL BOYACÁ,"Carrera 6 # 2- 73, Macanal, Boyacá",3107875704,Lunes a Mércoles: 8:00a.m hasta las 12:30 y de 1:30 hasta las 6:00 p.m /Jueves y Viernes 8:00 a.m a 12:30 m desde 1:30 hasta 5:30p.m,-73320361,4971778,"4°58'18.4""N 73°19'13.3""W",Directorio Comisarias Ley 2126
15,BOYACA,15442,MARIPI,Municipio,6,1,1,COMISARÍA DE FAMILIA DE MARIPÍ BOYACÁ,"Calle 3 # 3-20 Biblioteca municipal piso 2, Maripí Boyacá",3138221243,Lunes a Viernes de  8 am a 12 del dia y de 2 pm a 6 pm,-74005583,5550472,"5°33'01.7""N 74°00'20.1""W",Directorio Comisarias Ley 2126
15,BOYACA,15455,MIRAFLORES,Municipio,6,1,0,COMISARÍA DE FAMILIA MIRAFLORES BOYACÁ,"Calle 4A  # 7-42, Miraflores Boyacá",3112235317,Lunes  a jueves de 8 A 12 Y DE 2-6:30 Viiernes  8 A 1P.M.,-73146194,5196250,"5°11'46.5""N 73°08'46.3""W",Directorio Comisarias Ley 2126
15,BOYACA,15464,MONGUA,Municipio,6,1,1,COMISARÍA DE FAMILIA DE MONGUA BOYACÁ,"Cra 4 # 4-43, Mongua Boyacá",3204195065,Lunes a Viernes de  8:00AM - 12:30PM Y 2:00PM - 5:30PM,-72798361,5754583,"5°45'16.5""N 72°47'54.1""W",Directorio Comisarias Ley 2126
15,BOYACA,15466,MONGUI,Municipio,6,1,1,COMISARÍA DE FAMILIA DE MONGUÍ BOYACÁ,"Carrera 5# 3-24 , Monguí, Boyacá",3208461011,Lunes a Viernes de 8:00 a.m. a 1:00 p.m. y de 1:40 a 5:10,-72849306,5722694,"5°43'21.7""N 72°50'57.5""W",Directorio Comisarias Ley 2126
15,BOYACA,15469,MONIQUIRA,Municipio,6,1,1,COMISARÍA DE FAMILIA DE MONIQUIRÁ BOYACÁ,"Cl. 18 #4-57, Moniquirá, Boyacá",33124306452,"Lunes, Martes, Jueves y Viernes de 8 a 12 y de 2 a 6 el dia Miercoles de 8 a 4 jornanda continua",-73571194,5877389,"5°52'38.6""N 73°34'16.3""W",Directorio Comisarias Ley 2126
15,BOYACA,15476,MOTAVITA,Municipio,6,1,1,COMISARÍA DE FAMILIA DE MOTAVITA BOYACÁ,CARRRERA 2 # 2-56,3213555969,Lunes a Viernes de: 8 AM -1PM  y 2 PM - 5PM,-73368417,5575639,"5°34'32.3""N 73°22'06.3""W",Directorio Comisarias Ley 2126
15,BOYACA,15480,MUZO,Municipio,6,1,1,COMISARÍA DE FAMILIA DE MUZO BOYACÁ,Calle 3 # 8-03,3105522712,Lunes a Viernes de  08:00 AM a 12:00M y 02:00 PM a 06:00 PM,-74105535,5532823,"5°31'58.2""N 74°06'19.9""W",Directorio Comisarias Ley 2126
15,BOYACA,15494,NUEVO COLON,Municipio,6,1,1,COMISARÍA DE FAMILIA NUEVO COLÓN BOYACÁ,Calle 4 # 4-60 Palacio municipal,3115231750,Lunes a Viernes de  8:00AM A 5:00PM,-73456953,5354991,"5°21'18.0""N 73°27'25.0""W",Directorio Comisarias Ley 2126
15,BOYACA,15500,OICATA,Municipio,6,1,1,COMISARÍA DE FAMILIA DE OICATÁ BOYACÁ,CALLE 4 # 3-17,3105595888,Lunes a Viernes de 8:00 - 1:00 ; 2:00 - 5:00,-73307556,5595028,"5°35'42.1""N 73°18'27.2""W",Directorio Comisarias Ley 2126
15,BOYACA,15507,OTANCHE,Municipio,6,1,1,COMISARIA DE FAMILIA MUNICIPIO DE OTANCHE BOYACÁ,Carrera 6 #  3-30,3112363000,Lunes a Viernes de  8a.m a 12 mm - 2 pm a 6 pm,-73308778,5595778,"5°35'44.8""N 73°18'31.6""W",Directorio Comisarias Ley 2126
15,BOYACA,15511,PACHAVITA,Municipio,6,1,1,COMISARÍA DE FAMILIA DE PACHAVITA BOYACÁ,Carrera 2 # 2- 38,3136828327,"Lunes a Viernes de 8:00 a.m, a 12:00 y 1:00 p.m., a 5:00 p.m.",-73396267,5139645,"5°08'22.7""N 73°23'46.6""W",Directorio Comisarias Ley 2126
15,BOYACA,15514,PAEZ,Municipio,6,1,1,COMISARÍA DE FAMILIA DE PÁEZ BOYACÁ,Carrera 3b # 3-63,3133674733,Lunes a Viernes de 8:00am-12:30pm 2:00pm-6:00pm,-73052663,5102255,"5°06'08.1""N 73°03'09.6""W",Directorio Comisarias Ley 2126
15,BOYACA,15518,PAJARITO,Municipio,6,1,1,ÚNICA COMISARÍA DE FAMILIA DE PAJARITO BOYACÁ,Carrera 2  calle  5  Palacio Municipal,3208560662,Lunes a Viernes de  8AM -12 PM Y 2-6 PM,-72702917,5292972,"5°17'34.7""N 72°42'10.5""W",Directorio Comisarias Ley 2126
15,BOYACA,15537,PAZ DE RIO,Municipio,6,1,1,COMISARÍA DE FAMILIA DE PAZ DE RÍO BOYACÁ,Carrera 3 # 7-50,310802415,Lunes a Viernes de 8 a 12 y de 1:30 a 6pm,-72749694,5985139,"5°59'06.5""N 72°44'58.9""W",Directorio Comisarias Ley 2126
15,BOYACA,15542,PESCA,Municipio,6,1,1,COMISARÍA DE FAMILIA  PESCA BOYACÁ,Carrera 5 # 4-53,3142231260,Lunes a Viernes de 8 am a 6 pm,-73051944,5558361,"5°33'30.1""N 73°03'07.0""W",Directorio Comisarias Ley 2126
15,BOYACA,15550,PISBA,Municipio,6,1,1,COMISARÍA DE FAMILIA  PISBA BOYACÁ,ESQUINA PARQUE PRINCIPAL,3114774078,Lunes a Viernes de 8:00 AM A 12M Y DE 2:00PM A 6:00PM,-72485139,5723417,"5°43'24.3""N 72°29'06.5""W",Directorio Comisarias Ley 2126
15,BOYACA,15580,QUIPAMA,Municipio,6,1,1,COMISARÍA DE FAMILIA DE QUÍPAMA BOYACÁ,Calle  9# 6- 28,3113304090,Lunes a Viernes de 8:00 AM A 12M Y DE 2:00PM A 6:00PM,-74178472,5523583,"5°31'24.9""N 74°10'42.5""W",Directorio Comisarias Ley 2126
15,BOYACA,15599,RAMIRIQUI,Municipio,6,1,1,COMISARÍA DE FAMILIA RAMIRIQUÍ BOYACÁ,Carrera 6 # 7-35 Ramiriquí,3232203261,Lunes a Viernes de  8 AM -12:30 PM  - 2PM -6 PM,-73335707,5401247,"5°24'04.5""N 73°20'08.6""W",Directorio Comisarias Ley 2126
15,BOYACA,15600,RAQUIRA,Municipio,6,1,1,COMISARÍA DE FAMILIA RÁQUIRA BOYACÁ,Carrera 4 # 3 - 17 Palacio Municipal,3004651470 - 3114462445,Lunes a Jueves: 8:00am a 1:00pm y de 2:00pm a 5:00pm. Domingos: de 8:00am a 12:00m del medio dia.,-73633250,5537917,"5°32'16.5""N 73°37'59.7""W",Directorio Comisarias Ley 2126
15,BOYACA,15621,RONDON,Municipio,6,1,1,COMISARÍA DE FAMILIA DE RONDÓN BOYACÁ,Carrera 4 # 4-41,3204642104,Lunes a Viernes de  8 am a 6 pm,-73209041,5356458,"5°21'23.3""N 73°12'32.6""W",Directorio Comisarias Ley 2126
15,BOYACA,15632,SABOYA,Municipio,6,1,1,COMISARÍA DE FAMILIA DE SABOYÁ BOYACÁ,CALLE 8 # 9-50 PLAZA DE MERCADO PRIMER PISO,3209636620,"Lunes a Viernes de  8:00 AM - 12:30 PM , 1:30 PM - 5:00 PM",-73765639,5699361,"5°41'57.7""N 73°45'56.3""W",Directorio Comisarias Ley 2126
15,BOYACA,15638,SACHICA,Municipio,6,1,1,COMISARÍA DE FAMILIA DE SÁCHICA BOYACÁ,CARRERA 4 # 3 41,3209042590,Lunes a Viernes de  8:00 A.M. A 1:00 P.M. Y DE 2:00 P.M. A 5:00 P.M.,-73542611,5583441,"5°35'00.4""N 73°32'33.4""W",Directorio Comisarias Ley 2126
15,BOYACA,15646,SAMACA,Municipio,6,1,1,COMISARÍA DE FAMILIA DE SAMACÁ BOYACÁ,CARRERA 6 # 4-53 PARQUE PRINCIPAL SAMACÁ,3202777454,Lunes a Viernes de8:00 AM A 1:00 PM Y DE 2:00PM A 5:30 pm,-73485778,5491639,"5°29'29.9""N 73°29'08.8""W",Directorio Comisarias Ley 2126
15,BOYACA,15660,SAN EDUARDO,Municipio,6,1,1,COMISARÍA DE FAMILIA DE SAN EDUARDO BOYACÁ,Calle 4 # 3-61,3112457185,Lunes a Viernes de  8 a 12 am  y 2 a 6:15 pm,-73077306,5223094,"5°13'23.1""N 73°04'38.3""W",Directorio Comisarias Ley 2126
15,BOYACA,15664,SAN JOSE DE PARE,Municipio,6,1,1,COMISARÍA DE FAMILIA DE SAN JOSÉ DE PARE BOYACÁ,Carrera 3 # 1-63 centro Palacio municipal,321-9656926,Lunes a Viernes de   7 AM -5 P.M,-73547085,6018010,"6°01'04.8""N 73°32'49.5""W",Directorio Comisarias Ley 2126
15,BOYACA,15667,SAN LUIS DE GACENO,Municipio,6,1,1,COMISARÍA DE FAMILIA DE SAN LUIS DE GACENO BOYACÁ,"Carrera 3, frente al Hospital San Francisco en San Luis de Gaceno-Boyacá",3103353457,Lunes a Jueves de 08:00 a.m. a 12:00 a.m y 2:00 p.m. a 06:00 p.m. y el dia Viernes desde las 07:00 a.m. hasta las 04:00 p.m.,-73170046,4819777,"4°49'11.2""N 73°10'12.2""W",Directorio Comisarias Ley 2126
15,BOYACA,15673,SAN MATEO,Municipio,6,1,1,COMISARÍA DE FAMILIA DE SAN MATEO BOYACÁ,CARRERA 4 # 3-31 segundo piso,3222838471,"Lunes,martes, jueves ,viernes de 8 a.m a 12 a.m y de 2 p.m a 6 p.m  y miercoles de 7 a.m a 2 p.m",-72556332,6401660,"6°24'06.0""N 72°33'22.8""W",Directorio Comisarias Ley 2126
15,BOYACA,15676,SAN MIGUEL DE SEMA,Municipio,6,1,1,COMISARÍA DE FAMILIA DE SAN MIGUEL DE SEMA BOYACÁ,Calle 7 # 6 - 42 primer piso,3213464017,Lunes a Viernes de  08 am a 1:00 pm - 02:00 pm a 05:00 pm,-73721564,5518308,"5°31'05.9""N 73°43'17.6""W",Directorio Comisarias Ley 2126
15,BOYACA,15681,SAN PABLO DE BORBUR,Municipio,6,1,1,COMISARÍA DE FAMILIA DE SAN PABLO DE BORBUR BOYACÁ,CARRERA 3 # 2-06,3205760862,Lunes a Viernes de  8-12:30 y de 2:00 pm- 6:00 pm,-74066722,5658778,"5°39'31.6""N 74°04'00.2""W",Directorio Comisarias Ley 2126
15,BOYACA,15686,SANTANA,Municipio,6,1,1,COMISARÍA DE FAMILIA DE SANTANA BOYACÁ,Calle 4 # 4-04 piso 2,3143000679,Lunes a Jueves de 8:00 am a 12: 00 M y de 1:30 P.M. a 6:00 PM y los Viernes de 7:00 A.M. a 1:00 PM. en jonada continua,-73482472,6057889,"6°03'28.4""N 73°28'56.9""W",Directorio Comisarias Ley 2126
15,BOYACA,15690,SANTA MARIA,Municipio,6,1,1,COMISARÍA DE FAMILIA DE SANTA MARÍA BOYACÁ,Calle 3 # 3-53 Palacio municipal,3212092213,24 horas Lunes a Domingo,-73262475,4861294,"4°51'40.7""N 73°15'44.9""W",Directorio Comisarias Ley 2126
15,BOYACA,15693,SANTA ROSA DE VITERBO,Municipio,6,1,1,COMISARÍA DE FAMILIA ÚNICA DE SANTA ROSA DE VITERBO BOYACÁ,Carrera 5 # 8-67,3133720352,Lunes a Viernes de  8 a 12 m y 2 a 6 pm,-72984243,5870994,"5°52'15.6""N 72°59'03.3""W",Directorio Comisarias Ley 2126
15,BOYACA,15696,SANTA SOFIA,Municipio,6,1,1,COMISARÍA DE FAMILIA DE SANTA SOFÍA BOYACÁ,CALLE 5 # 3-54,3114937845,Lunes a Viernes de   8:00 A.M A 12:00 Y DE 2:00 P.M A 6:00 P.M,-73602250,5713917,"5°42'50.1""N 73°36'08.1""W",Directorio Comisarias Ley 2126
15,BOYACA,15720,SATIVANORTE,Municipio,6,1,1,COMISARÍA DE FAMILIA MUNICIPIO DE SATIVANORTE  BOYACÁ,CARRERA 3 # 7-12 CASA DE LA CULTURA,3142197460,"Lunes 8am-12m 2pm-6pm, martes 8am-12m 1pm-6pm, miércoles 8am-12m 2pm-6pm, jueves 8am-12m 2pm-6pm, viernes 8am-12m 1pm-4pm",-72707472,6131694,"6°07'54.1""N 72°42'27.0""W",Directorio Comisarias Ley 2126
15,BOYACA,15723,SATIVASUR,Municipio,6,1,1,COMISARÍA DE FAMILIA DE SATIVASUR BOYACÁ,Carrera 3 # 2-04 Palacio Municipal,3164509728,Lunes a Jueves de  08:00 A.M. A 12:30 PM y de 02:00 PM A 06:00 PM Viernes de  07:00 AM A 01:00 PM,-72713361,6093194,"6°05'35.5""N 72°42'48.1""W",Directorio Comisarias Ley 2126
15,BOYACA,15740,SIACHOQUE,Municipio,6,1,1,COMISARÍA DE FAMILIA SIACHOQUE BOYACÁ,CARRERA  6 # 3-41,3152820650,Lunes a Viernes de  8: 00 AM    A  5:30,-73245361,5513333,"5°30'48.0""N 73°14'43.3""W",Directorio Comisarias Ley 2126
15,BOYACA,15753,SOATA,Municipio,6,1,1,COMISARÍA DE FAMILIA ÚNICA DE SOATÁ BOYACÁ,CARRERA 4 #10-75,3184307350,Lunes a Viernes de  8.00 AM  - 12M  Y DE 2P.M A 5 P.M  Y SABADOS DE 8 AM  A 1 P.M,-72680944,6335500,"6°20'07.8""N 72°40'51.4""W",Directorio Comisarias Ley 2126
15,BOYACA,15755,SOCOTA,Municipio,6,1,1,COMISARÍA DE FAMILIA ÚNICA  DE SOCOTÁ BOYACÁ,Carrera 3 # 2-78 PARQUE PRINCIPAL,3213498464,LUNES A JUEVES DE 8:00A.M A 12:00M y de 2:00P.M A 6:00P.M   Y  DOMINGO DE 8:00A.M A 1:00P.M,-72636810,6039770,"6°02'23.2""N 72°38'12.5""W",Directorio Comisarias Ley 2126
15,BOYACA,15757,SOCHA,Municipio,6,1,1,COMISARÍA DE FAMILIA SOCHA BOYACÁ,Calle 4 # 9-26,3203872637,Lunes a Viernes 8-12  2-5 Sabado 8-12,-72692324,5997974,"5°59'52.7""N 72°41'32.4""W",Directorio Comisarias Ley 2126
15,BOYACA,15761,SOMONDOCO,Municipio,6,1,1,COMISARÍA DE FAMILIA DE SOMONDOCO BOYACÁ,Calle 5a # 3 - 14,3024685457,Lunes a Viernes 8:00 a.m. a 12:00pm y de 1:00 p.m. a 5:00 p.m.,-73431579,4985939,"4°59'09.4""N 73°25'53.7""W",Directorio Comisarias Ley 2126
15,BOYACA,15762,SORA,Municipio,6,1,1,COMISARÍA DE FAMILIA DEL MUNICIPIO DE SORA BOYACÁ,Calle 3 # 2-35,3202637034 / 3103122678,Lunes a Viernes 8 a 1 pm  y  2 pm a  5 pm,-73449944,5565694,"5°33'56.5""N 73°26'59.8""W",Directorio Comisarias Ley 2126
15,BOYACA,15763,SOTAQUIRA,Municipio,6,1,1,COMISARÍA DE FAMILIA DE SOTAQUIRÁ BOYACÁ,CARRERA 7# 6- 64,3213577625,MARTES A VIERNES DE 08 AM A 5 PM Y SABADOS DE 08 AM A 1 PM,-73246969,5765499,"5°45'55.8""N 73°14'49.1""W",Directorio Comisarias Ley 2126
15,BOYACA,15764,SORACA,Municipio,6,1,1,COMISARÍA DE FAMILIA DE SORACÁ BOYACÁ,CARRERA 6# 4-56,3212314444,Lunes a Viernes 7:30 a 12:30  y de 2:00 p.m a 5:00 p.m  y un sabado en el mes de 8:00 a.m. hasta 12:00 del dia.,-73333784,5502000,"5°30'07.2""N 73°20'01.6""W",Directorio Comisarias Ley 2126
15,BOYACA,15774,SUSACON,Municipio,6,1,1,COMISARÍA DE FAMILIA DE SUSACÓN BOYACÁ,Carrera 4 # 6 - 29,3112074633,LUNES A VIERNES 8:00 am A 6:00p.m - SABADO 8:00 A 1:00 p.m,-72690692,6230923,"6°13'51.3""N 72°41'26.5""W",Directorio Comisarias Ley 2126
15,BOYACA,15776,SUTAMARCHAN,Municipio,6,1,1,COMISARÍA DE FAMILIA DE SUTAMARCHÁN BOYACÁ,CARRERA 6 # 3-14,3108800483,Lunes a Viernes 8:00 A.M.-12:30 P.M. Y 2:00 P.M. - 06:00 A.M.,-73619910,5620674,"5°37'14.4""N 73°37'11.7""W",Directorio Comisarias Ley 2126
15,BOYACA,15778,SUTATENZA,Municipio,6,1,1,COMISARÍA DE FAMILIA DE SUTATENZA BOYACÁ,CARRERA 4 # 4-34,3126719601,Lunes a Viernes 8:00 AM A 01:00 PM Y DE 02:00 PM A 05:00 PM,-73452105,5022184,"5°01'19.9""N 73°27'07.6""W",Directorio Comisarias Ley 2126
15,BOYACA,15790,TASCO,Municipio,6,1,1,COMISARÍA DE FAMILIA DE TASCO BOYACÁ,Carrera 5# 5 A 51 Palacio municipal PARQUE principal TASCO,3204896874,Lunes a Viernes de 8.00 a.m. a 12.30 p.m. y de 2.00p.m. a 5.30 p.m. Con disponibilidad sábados y domingos.,-72782356,5910171,"5°54'36.6""N 72°46'56.5""W",Directorio Comisarias Ley 2126
15,BOYACA,15798,TENZA,Municipio,6,1,1,COMISARÍA DE FAMILIA DE TENZA,CALLE 5 # 5 - 57 PALACIO MUNICIPAL,3178557912,"LUNES A VIERNES DE 8 - 12 Y 2 - 5, SABADO DE 8 - 12",-73419995,5076401,"5°04'35.0""N 73°25'12.0""W",Directorio Comisarias Ley 2126
15,BOYACA,15804,TIBANA,Municipio,6,1,1,COMISARÍA DE FAMILIA DE TIBANÁ BOYACÁ,Carrera 5 #6-17,3212006392,"7:30 - 12:00 Y 1:30 - 5:30 LUNES, MIERCOLES, JUEVES Y VIERNES, 7:30 - 2:30 MARTES",-73397087,5317749,"5°19'03.9""N 73°23'49.5""W",Directorio Comisarias Ley 2126
15,BOYACA,15808,TINJACA,Municipio,6,1,1,COMISARÍA DE FAMILIA DE TINJACÁ BOYACÁ,Carrera 3 # 4-24 segundo piso,3208537811,Lunes a Viernes 08: 00 am - 12: 00pm y 01-00pm - 05:00pm,-73646383,5579388,"5°34'45.8""N 73°38'47.0""W",Directorio Comisarias Ley 2126
15,BOYACA,15810,TIPACOQUE,Municipio,6,1,1,COMISARÍA DE FAMILIA  DE TIPACOQUE BOYACÁ,"Carrera 3 calle 8 esquina, segundo piso",3204551591 wasap,7:30 a 12:30 de lunes a viernes y 2:00 a 6:00 p.m. de lunes a jueves y viernes de 2:00 a 5:00,-72691227,6434439,"6°26'04.0""N 72°41'28.4""W",Directorio Comisarias Ley 2126
15,BOYACA,15814,TOCA,Municipio,6,1,1,COMISARÍA DE FAMILIA DE TOCA BOYACÁ,Calle 5 N° 7-38 TOCA,3203057405,MARTES A SABADO,-73184349,5564486,"5°33'52.2""N 73°11'03.7""W",Directorio Comisarias Ley 2126
15,BOYACA,15816,TOGUI,Municipio,6,1,1,COMISARIA ÚNICA - TOGUI BOYACA,CALLE 3 Nº 3-23,3124320528,Lunes a Viernes 8 A.M. a 12 P.M. y de 1 P.M. a 5:00 P.M.,-73521351,5365326,"5°21'55.2""N 73°31'16.9""W",Directorio Comisarias Ley 2126
15,BOYACA,15820,TOPAGA,Municipio,6,1,0,COMISARÍA DE FAMILIA DE TÓPAGA BOYACÁ,Calle 4 # 4-65,3124354039,Lunes a Viernes 08:00 A. M. - 12:00 M. 01:00 P. M. - 05:00 P. M.,-72832450,5768507,"5°46'06.6""N 72°49'56.8""W",Directorio Comisarias Ley 2126
15,BOYACA,15822,TOTA,Municipio,6,1,1,COMISARÍA DE FAMILIA DE TOTA BOYACÁ,Calle 4 # 3-72 Palacio municipal parque principal,3108763959,Lunes a Viernes 8 A.M. a 12 P.M. y de 1 P.M. a 5:00 P.M.,-72986179,5561192,"5°33'40.3""N 72°59'10.2""W",Directorio Comisarias Ley 2126
15,BOYACA,15832,TUNUNGUA,Municipio,6,1,1,COMISARÍA DE FAMILIA DE TUNUNGUÁ BOYACÁ,Calle 2 # 2-15,3204036882,Lunes a Viernes 08:00 a.m a 12:30 p.m y de 02:00 p.m a 5:30 p.m,-73933185,5729776,"5°43'47.2""N 73°55'59.5""W",Directorio Comisarias Ley 2126
15,BOYACA,15835,TURMEQUE,Municipio,6,1,1,COMISARÍA DE FAMILIA DE TUMERQUÉ,CALLE 3 # 4 - 65,3157799711,Lunes a Viernes 8:00a.m. - 12:00p.m. y de 1:00p.m. - 5:00p.m.,-73491116,5324135,"5°19'26.9""N 73°29'28.0""W",Directorio Comisarias Ley 2126
15,BOYACA,15837,TUTA,Municipio,6,1,1,COMISARÍA DE  FAMILIA DE TUTA BOYACÁ,Carrera 7 # 5-53,3134627804,Lunes a Jueves de 8 am a 5:30 Pm. Viernes de 8 am a 5:00 pm,-73228375,5690067,"5°41'24.2""N 73°13'42.2""W",Directorio Comisarias Ley 2126
15,BOYACA,15839,TUTAZA,Municipio,6,1,1,COMISARÍA DE FAMILIA DE TUTAZÁ BOYACÁ,Carrera 3 # 3-17,3132052548,Lunes a Viernes 8:00 a. m. a 5:00 p. m.,-72856412,6032282,"6°01'56.2""N 72°51'23.1""W",Directorio Comisarias Ley 2126
15,BOYACA,15842,UMBITA,Municipio,6,1,1,COMISARÍA DE FAMILIA DE ÚMBITA BOYACÁ,Calle 6 N°5-92,3142200971,Domingo 8am a 2pm y lunes a jueves 8am a 12:30m- 2pm a 6:00 pm,-73456764,5220931,"5°13'15.4""N 73°27'24.4""W",Directorio Comisarias Ley 2126
15,BOYACA,15861,VENTAQUEMADA,Municipio,6,1,1,COMISARÍA DE FAMILIA  VENTAQUEMADA BOYACÁ,"Cl. 4 #3-73 a 3-1, Ventaquemada, Boyacá",3188566386,Lunes a Viernes 8:00 A.M. A 12:30 M Y 2:00 P.M. A 6:00 P.M.,-73521342,5366053,"5°21'57.8""N 73°31'16.8""W",Directorio Comisarias Ley 2126
15,BOYACA,15879,VIRACACHA,Municipio,6,1,1,COMISARÍA DE FAMILIA VIRACACHÁ BOYACÁ,Carrera 6 # 04-37,3226807564,Lunes a Viernes  7.30 a 5.00,-73297612,5437194,"5°26'13.9""N 73°17'51.4""W",Directorio Comisarias Ley 2126
15,BOYACA,15897,ZETAQUIRA,Municipio,6,1,1,COMISARÍA DE FAMILIA ÚNICA DE ZETAQUIRA BOYACÁ,Carrera 3 # 2 - 08,3107540909,Martes a Viernes de 7:30 am a 12:00 pm - de 1:30 pm a 6:00pm Sabados de 8:00 am a 1:00,-73168835,5281675,"5°16'54.0""N 73°10'07.8""W",Directorio Comisarias Ley 2126
17,CALDAS,17013,AGUADAS,Municipio,6,1,1,COMISARÍA DE FAMILIA DE AGUADAS CALDAS,CALLE 6 NO. 5-23,311 3796308,7:30 AM HASTA 12:30 P.M Y 1:30 PM HASTA LAS 6:00 PM DE MARTES A VIERNES Y SABADO DE 8:00 AM HASTA LAS 2:00 PM,-75458511,5612959,"5°36'46.7""N 75°27'30.6""W",Directorio Comisarias Ley 2126
17,CALDAS,17042,ANSERMA,Municipio,6,1,1,COMISARÍA DE FAMILIA DE ANSERMA CALDAS,"Calle 7ta entre carreras 4ta y 5ta, oficina 104 primer piso",3217826559,Martes a Viernes de 8:00 a.m. a 12:30 p.m. y de 2:00 p.m. a 6:00 p.m. Sábado de 8:00 a.m. a 2:00 p.m.,-75787944,5229222,"5°13'45.2""N 75°47'16.6""W",Directorio Comisarias Ley 2126
17,CALDAS,17050,ARANZAZU,Municipio,6,1,1,COMISARÍA DE FAMILIA DE ARANZAZU CALDAS,Carrera 6 # 6-23 piso 2,3103779398,Martes a Viernes de 8:00 a 12:30 y 1:30 a 5:30 pm. Sabados de 8:00 am a 2 pm en horario corrido.,-75491111,5272167,"5°16'19.8""N 75°29'28.0""W",Directorio Comisarias Ley 2126
17,CALDAS,17088,BELALCAZAR,Municipio,6,1,1,COMISARÍA DE FAMILIA DE BELALCÁZAR CALDAS,CALLE 12 # 4-17,3142344138,Lunes a Viernes 7:30am - 6:30 pm,-75813020,4992017,"4°59'31.3""N 75°48'46.9""W",Directorio Comisarias Ley 2126
17,CALDAS,17272,FILADELFIA,Municipio,6,1,1,COMISARÍA DE FAMILIA DE FILADELFIA CALDAS,CALLE 8 Nro 6-08,3117475625,Martes a Sábado de 8:00 am a 12:30pm de 2:00 pm a 6:30 pm,-75560917,5297444,"5°17'50.8""N 75°33'39.3""W",Directorio Comisarias Ley 2126
17,CALDAS,17388,LA MERCED,Municipio,6,1,1,COMISARÍA DE FAMILIA DE LA MERCED CALDAS,CALLE 14 No. 6-27,3127725353,"Martes a Viernes de 7:30 a.m. a 12: 00 m y de 1: 30 p.m a 6: 00p.m, Sábados de 8: 00 a.m. a 12: 00m",-75547889,5398806,"5°23'55.7""N 75°32'52.4""W",Directorio Comisarias Ley 2126
17,CALDAS,17433,MANZANARES,Municipio,6,1,1,COMISARÍA DE FAMILIA DE MANZANARES CALDAS,CENTRO CULTURAL Y DE LA JUVENTUD TERCER PISO OFICINA 315,3127701308,Martes a Viernes 8:00 AM -12:30 PM- 2:00PM - 6:30 PM Sábado de  8:00AM - 4:00 PM JORNADA CONTINUA,-75154667,5253667,"5°15'13.2""N 75°09'16.8""W",Directorio Comisarias Ley 2126
17,CALDAS,17442,MARMATO,Municipio,6,1,1,COMISARÍA DE FAMILIA DE MARMATO  CALDAS,"Marmato Caldas, Area Urbana, El atrio Calle principal casa redonda",3122428440,"Lunes a Viernes 8:00 am a 12:30 y de 1:30pm a 5:00 pm, sábado de 8:00am a 1:00pm, y disponiblidad 24 horas",-75599277,5474858,"5°28'29.5""N 75°35'57.4""W",Directorio Comisarias Ley 2126
17,CALDAS,17444,MARQUETALIA,Municipio,6,1,1,COMISARÍA DE FAMILIA DE MARQUETALIA CALDAS,Carrera 2 # 2-112,3147933943,"Martes a viernes de 7:30 am a 12:30 pm y de 2:00pm a 6:30pm, sabados de 7:30 am a 1:30pm jornada continua",-75053778,5296417,"5°17'47.1""N 75°03'13.6""W",Directorio Comisarias Ley 2126
17,CALDAS,17446,MARULANDA,Municipio,6,1,1,COMISARÍA DE FAMILIA DE MARULANDA CALDAS,CARRERA 6 N. 05-02,3137535964,Martes- Viernes 8:00am- 12:30pm 2:00pm- 6:30pm y Sábados de 8:00am- 4:00pm,-75259972,5283222,"5°16'59.6""N 75°15'35.9""W",Directorio Comisarias Ley 2126
17,CALDAS,17486,NEIRA,Municipio,6,1,1,COMISARÍA DE FAMILIA DE NEIRA CALDAS,Carrera 9 Calle 9 ESQUINA CENTRO CULTURAL PRIMER PISO,3014844354,Martes a Sabado,-75520556,5166444,"5°09'59.2""N 75°31'14.0""W",Directorio Comisarias Ley 2126
17,CALDAS,17495,NORCASIA,Municipio,6,1,1,COMISARÍA DE FAMILIA DE NORCASIA CALDAS,CARRERA 6 N 10-02 CASA DE LA CULTURA PISO 2,3146416406,MARTES A VIERNES 7AM A 12M Y 2PM A 6PM - SÁBADOS 7AM A 1PM,-74888000,5575361,"5°34'31.3""N 74°53'16.8""W",Directorio Comisarias Ley 2126
17,CALDAS,17513,PACORA,Municipio,6,1,1,COMISARÍA DE FAMILIA DE PÁCORA CALDAS,Carrera 4#5-76 Palacio Municipal,3054005649,Martes a Viernes de 8am a 12m y de 2pm a 5pm y Sábados de 8am a 1pm,-75459750,5527000,"5°31'37.2""N 75°27'35.1""W",Directorio Comisarias Ley 2126
17,CALDAS,17524,PALESTINA,Municipio,6,1,1,COMISARÍA DE FAMILIA DE PALESTINA CALDAS,CARRERA 10 NUMERO 8-25,3126132376,MARTES A VIERNES  7:30AM- 12:30PM   Y DE 02:00PM -06:30PM  SÁBADO 08:00AM-02:00PM,-75622500,5020111,"5°01'12.4""N 75°37'21.0""W",Directorio Comisarias Ley 2126
17,CALDAS,17541,PENSILVANIA,Municipio,6,1,1,COMISARÍA DE FAMILIA ÚNICA DE PENSILVANIA CALDAS,Carrera 6 # 4-06 primer piso,3105197348,De martes a viernes de 8: 00am a 12:30 pm y de 2:00pm a 6:30pm y sabados jornada continua de 8:00am a 2:00pm,-75160806,5382944,"5°22'58.6""N 75°09'38.9""W",Directorio Comisarias Ley 2126
17,CALDAS,17614,RIOSUCIO,Municipio,6,1,1,COMISARÍA DE FAMILIA ÚNICA DE RIOSUCIO CALDAS,Calle 6 nro. 12b-55,3124009405,Lunes a Viernes 8:00 am a 6:00 pm,-75699556,5416722,"5°25'00.2""N 75°41'58.4""W",Directorio Comisarias Ley 2126
17,CALDAS,17616,RISARALDA,Municipio,6,1,1,COMISARÍA DE FAMILIA DE RISARALDA CALDAS,Carrera 2 Calle 5 Esquina Piso 2,3206887238,Martes a Sábado,-75767583,5162833,"5°09'46.2""N 75°46'03.3""W",Directorio Comisarias Ley 2126
17,CALDAS,17653,SALAMINA,Municipio,6,1,1,COMISARÍA DE FAMILIA DE SALAMINA CALDAS,Palacio Municipal Calle 5 N° 5-65 Salamina - Caldas,8595016 Ext 113 - 3103342875,Lunes a Viernes 8:00 am a 5:00 pm,-75489488,5407293,"5°24'26.3""N 75°29'22.2""W",Directorio Comisarias Ley 2126
17,CALDAS,17662,SAMANA,Municipio,6,1,1,COMISARÍA DE FAMILIA DE SAMANÁ,Carrera 9 No. 5-48,8658281,"8:00 a 12:30 pm y de 02:00 a 06:00 pm, de martes a viernes y sábados de 08:00 a 03:00 pm.",-74992389,5412028,"5°24'43.3""N 74°59'32.6""W",Directorio Comisarias Ley 2126
17,CALDAS,17665,SAN JOSE,Municipio,6,1,1,COMISARÍA DE FAMILIA DE SAN JOSÉ CALDAS,Calle 5 No 1 a 32 - Centro,3225194685,Lunes a Viernes 8:00 am - 12:30 Pm -2:00 pm a 6:00 pm,-75791389,5081750,"5°04'54.3""N 75°47'29.0""W",Directorio Comisarias Ley 2126
17,CALDAS,17777,SUPIA,Municipio,6,1,1,COMISARÍA DE FAMILIA SUPÍA CALDAS,Cra 7 nro.29 - 42 casa de justicia,3117266547,Lunes a Viernes 8 a 12:30 P.M. 2 a 06:30 P.M.,-75649778,5449861,"5°26'59.5""N 75°38'59.2""W",Directorio Comisarias Ley 2126
17,CALDAS,17867,VICTORIA,Municipio,6,1,1,COMISARÍA DE FAMILIA DE VICTORIA CALDAS,CASA DE LA JUSTICIA,3235497012,"MARTES A VIERNES DE 8 A 12 Y 2 A 6, SABADOS DE 8 A 4 JORNADA CONTINUA",-74911972,5317306,"5°19'02.3""N 74°54'43.1""W",Directorio Comisarias Ley 2126
17,CALDAS,17877,VITERBO,Municipio,6,1,1,COMISARÍA DE FAMILIA VITERBO CAQUETA,CARRERA 8 # 7-63,3134748426,8 am -12M Y DE 2pm. -6pm,-75872833,5062306,"5°03'44.3""N 75°52'22.2""W",Directorio Comisarias Ley 2126
18,CAQUETA,18029,ALBANIA,Municipio,6,1,1,COMISARÍA DE FAMILIA DE ALBANIA CAQUETA,"Calle 6 N° 6-05 barrio Centro Albania, Caquetá",3107898605,Lunes a jueves 7:00-12 pm y 2:00- 6:00pm y viernes 7:00-12:00pm y 2:00-5:00pm. Disponibilidad 24/7,-75880000,1329833,"1°19'47.4""N 75°52'48.0""W",Directorio Comisarias Ley 2126
18,CAQUETA,18094,BELEN DE LOS ANDAQUIES,Municipio,6,1,1,COMISARÍA DE FAMILIA DE BELÉN DE LOS ANDAQUÍES,Calle 5 No. 4-42 Centro Administrativo Municipal - C.A.M. Belén de los Andaquies Caquetá,3118085326,7:00 AM -12:00 PM y de 2:00 PM- 6:00 PM,-75873167,1416444,"1°24'59.2""N 75°52'23.4""W",Directorio Comisarias Ley 2126
18,CAQUETA,18150,CARTAGENA DEL CHAIRA,Municipio,6,1,1,COMISARÍA DE FAMILIA DE CARTAGENA DEL CHAIRÁ CAQUETA,CARRERA 4 NO 3-24,3203256505,LUNES A JUEVES DE DE 7 A 12 Y DE 2 A 6 Y VIERNES DE 7 A 12 Y DE 2 A 5,-74841611,1334250,"1°20'03.3""N 74°50'29.8""W",Directorio Comisarias Ley 2126
18,CAQUETA,18205,CURILLO,Municipio,6,1,1,COMISARÍA DE FAMILIA 1 DE CURILLO,calle 11No.. 2-01,3142485706,"lunes a jueves de 7 de la mañana a 12 del medio día y de 2pm a 6pm, y los vienes de 7am a 12m y de 2pm a 5pm",-75922556,1033528,"1°02'00.7""N 75°55'21.2""W",Directorio Comisarias Ley 2126
18,CAQUETA,18247,EL DONCELLO,Municipio,6,1,1,COMISARÍA DE FAMILIA DE EL DONCELLO,Carrera 4 # calle 3 esquina,3160174092,Lunes a Viernes 7 am a 12 m 2 pm a 6 pm,-75286472,1684556,"1°41'04.4""N 75°17'11.3""W",Directorio Comisarias Ley 2126
18,CAQUETA,18256,EL PAUJIL,Municipio,6,1,1,COMISARÍA DE FAMILIA  DE  EL PAUJÍL CAQUETA,CRA 4 # 5-20,3183899007,Lunes a Viernes 7 A 12 2 A 6 PM,-75327056,1568917,"1°34'08.1""N 75°19'37.4""W",Directorio Comisarias Ley 2126
18,CAQUETA,18410,LA MONTANITA,Municipio,6,1,1,COMISARÍA DE FAMILIA DE LA MONTAÑITA CAQUETA,CARRERA  5 ESQUINA PARQUE PRINCIPAL,3165283873,Lunes a Viernes 7:00 AM - 12:00 ---02:00 PM - 06:00 PM,-75436972,1478333,"1°28'42.0""N 75°26'13.1""W",Directorio Comisarias Ley 2126
18,CAQUETA,18460,MILAN,Municipio,6,1,1,COMISARÍA DE FAMILIA DE MILÁN CAQUETA,Calle 6 No. 7-12 B/ Centro,3106510157,Lunes a Viernes 7 a 12 pm 2 a 6 pm,-75507306,1290306,"1°17'25.1""N 75°30'26.3""W",Directorio Comisarias Ley 2126
18,CAQUETA,18479,MORELIA,Municipio,6,1,1,COMISARÍA DE FAMILIA DE MORELIA CAQUETA,"Calle 3 Cra 3 esquina, frente al parque",3186497019,Lunes a Viernes 7:30 am - 12:00 m y 2:00 pm - 5:30 pm,-75725722,1487222,"1°29'14.0""N 75°43'32.6""W",Directorio Comisarias Ley 2126
18,CAQUETA,18592,PUERTO RICO,Municipio,6,1,1,COMISARÍA DE FAMILIA   DE PUERTO RICO CAQUETA,CARRERA 5A NO 4-01 Barrio el comercio,3138395921,Lunes a Viernes 7AM - 12 PM A 2:00 -6:00,-75153472,1908833,"1°54'31.8""N 75°09'12.5""W",Directorio Comisarias Ley 2126
18,CAQUETA,18610,SAN JOSE DEL FRAGUA,Municipio,6,1,1,COMISARÍA DE FAMILIA DE SAN JOSÉ DEL FRAGUA CAQUETA,Cra 6# 4-68,3228782581,Lunes a Viernes mañana 7:00 am - 11:30am -  tarde 2:00pm-5:30 pm,-75974417,1329556,"1°19'46.4""N 75°58'27.9""W",Directorio Comisarias Ley 2126
18,CAQUETA,18753,SAN VICENTE DEL CAGUAN,Municipio,6,1,1,COMISARÍA DE FAMILIA DE SAN VICENTE DEL CAGUÁN CAQUETA,Calle 4  N4-65 esquina,4644757,Lunes a Viernes 7-11 2 -5 pm,-74768806,2113056,"2°06'47.0""N 74°46'07.7""W",Directorio Comisarias Ley 2126
18,CAQUETA,18756,SOLANO,Municipio,6,1,1,COMISARÍA DE FAMILIA DE SOLANO CAQUETA,CRA 4 No.5-78 Bella Vista,3228319193,lunes - jueves de 7am a 6pm vienes de 7am a 5pm,-75254861,"0.698583,","0°41'54.9""N 75°15'17.5""W",Directorio Comisarias Ley 2126
18,CAQUETA,18785,SOLITA,Municipio,6,1,1,COMISARÍA DE FAMILIA DE SOLITA CAQUETÁ,Carrera 3 # 3 -42,3214992032,Lunes a jueves 7 a.m. a 12 p.m. - 2 p.m. a 6 p.m.  - Viernes de 7 a.m. a 12 p.m. - 2 p.m. a 5 p.m.,-75619160,"0.871227,","0°52'16.4""N 75°37'09.0""W",Directorio Comisarias Ley 2126
18,CAQUETA,18860,VALPARAISO,Municipio,6,1,1,COMISARÍA DE FAMILIA VALPARAÍSO CAQUETA,Calle 11 No. 3-50 Barrio el Centro,Es el numero personal del Comisario,Lunes a Viernes 7:30am - 12m - 2pm - 6pm,-75704806,1196972,"1°11'49.1""N 75°42'17.3""W",Directorio Comisarias Ley 2126
19,CAUCA,19022,ALMAGUER,Municipio,6,1,1,COMISARÍA DE FAMILIA DE ALMAGUER CAUCA,Calle 3 # 4-61 CAM-PARQUE PRINCIPAL,3145960249,Lunes a Viernes 8am a 12:30 pm de 02:00 p.m a 06:00 pm,-76853417,1915000,"1°54'54.0""N 76°51'12.3""W",Directorio Comisarias Ley 2126
19,CAUCA,19050,ARGELIA,Municipio,6,1,1,COMISARÍA DE FAMILIA DE ARGELIA CAUCA,Calle 2 carrera 2 esquina segundo piso Alcaldía Municipal,3196128928,Martes a viernes de 8:00 a.m. a 01:00 p.m. y de 2:00 p.m. a 05:00 p.m. - sábados de 8:00 a.m. a 03:00 p.m.,-77240435,2361228,"2°21'40.4""N 77°14'25.6""W",Directorio Comisarias Ley 2126
19,CAUCA,19075,BALBOA,Municipio,6,1,1,COMISARÍA DE FAMILIA  DE BALBOA CAUCA,Carrera 3 #  5 -08,3235985819,"Martes a viernes de 8:00 -12:30 - 2:00 - 6:00 pm , sabados de 7:30 am a 1:30 pm",-77216051,2040243,"2°02'24.9""N 77°12'57.8""W",Directorio Comisarias Ley 2126
19,CAUCA,19100,BOLIVAR,Municipio,6,1,1,COMISARIA DE FAMILIA DE BOLIVAR CAUCA,Calle 6 # 4-28 PARQUE LOS FUNDADORES,3009634478,MARTES Y JUEVES: DE 08:00 A 12:30 PM Y DE 02:00 A 06:00 PM. MIERCOLES Y VIERNES: DE 08:00 A 01:00 PM Y SÁBADOS DE 08:00 AM A 1:00 PM PM.,-76967817,1834625,"1°50'04.7""N 76°58'04.1""W",Directorio Comisarias Ley 2126
19,CAUCA,19110,BUENOS AIRES,Municipio,6,1,1,COMISARÍA DE FAMILIA DE BUENOS AIRES,CASA  DE JUSTICIA - BARRIO CENTRO- MUNICIPIO DE BUENOS AIRES CAUCA,3022160440,Lunes a Viernes 8: 00 AM. a 5:00 PM.,-76642417,3016361,"3°00'58.9""N 76°38'32.7""W",Directorio Comisarias Ley 2126
19,CAUCA,19130,CAJIBIO,Municipio,6,1,1,COMISARÍA DE FAMILIA DE CAJIBÍO CACUA,Calle 5 N° 1-34/38,No reporta,Lunes a Viernes de 8:00 a.m. a 1:00 p.m. y de 2:00 p.m. a 5:30 p.m.,-76569225,2621908,"2°37'18.9""N 76°34'09.2""W",Directorio Comisarias Ley 2126
19,CAUCA,19137,CALDONO,Municipio,6,1,1,COMISARÍA DE FAMILIA DE CALDONO CAUCA,segundo piso de la alcaldia municipal- al frente del parque principal,3106022649,Martes  a  viernes de 8 a 6 pm y sabados 2 pm jornada continua,-76483921,2796136,"2°47'46.1""N 76°29'02.1""W",Directorio Comisarias Ley 2126
19,CAUCA,19212,CORINTO,Municipio,6,1,1,COMISARÍA DE FAMILIA DE CORINTO CAUCA,CALLE 10 # 6-77,3216466024,LUNES A VIERNES DE 8:00-12:30 PM Y 1:30 A 5:00 PM,-76261084,3174279,"3°10'27.4""N 76°15'39.9""W",Directorio Comisarias Ley 2126
19,CAUCA,19256,EL TAMBO,Municipio,6,1,1,COMISARÍA DE FAMILIA EL TAMBO CAUCA,Carrera 6ª #2-60 Barrio La Concordia,3154226497,Lunes a Viernes 8:00 AM - 04:30 PM,-76807860,2451246,"2°27'04.5""N 76°48'28.3""W",Directorio Comisarias Ley 2126
19,CAUCA,19290,FLORENCIA,Municipio,6,1,1,COMISARÍA DE FAMILIA DE FLORENCIA CAUCA,CARRERA 3 # 3 - 34 BARRIO CENTRO FLORENCIA CAUCA,3173864876,MARTES A VIERNES DE 08:00 AM A 12:00 M Y DE 1:00 PM A 6:00 PM - SABADOS DE 7:00 AM A 03:00 PM,-77072201,1682084,"1°40'55.5""N 77°04'19.9""W",Directorio Comisarias Ley 2126
19,CAUCA,19318,GUAPI,Municipio,6,1,1,COMISARÍA DE FAMILIA  DE GUAPI CAUCA,Carrera 2  # 5-71,3217912622,Lunes a Viernes 8:00 AM - 05:30 PM  y  cuando se requiera el servicio,-77882221,2569941,"2°34'11.8""N 77°52'56.0""W",Directorio Comisarias Ley 2126
19,CAUCA,19355,INZA,Municipio,6,1,1,COMISARÍA DE FAMILIA DE INZÁ CAUCA,"CALLE 5No. 3-21, CASA DE JUSTICIA BARRIO BOLIVAR, INZÁ CAUCA",3206971061,"MARTES  A VIERNES DE 8:00 A 12:30 Y DE 2:00 A 6:30, SABADO DE 8:00 A 12 M",-76065355,2550463,"2°33'01.7""N 76°03'55.3""W",Directorio Comisarias Ley 2126
19,CAUCA,19364,JAMBALO,Municipio,6,1,1,COMISARÍA DE FAMILIA   DE JAMBALÓ,Calle 3 A # 5-11 parque principal,3156642621,Lunes a Viernes 8:00 AM - 04:30 PM  8:00 a 12:30 y de 2:00 a 6:30,-76325265,2776710,"2°46'36.2""N 76°19'31.0""W",Directorio Comisarias Ley 2126
19,CAUCA,19392,LA SIERRA,Municipio,6,1,1,COMISARÍA DE FAMILIA DE LA SIERRA,Calle 4 N° 18-20 barrio sur,Null,Martes a sábado de 8 AM a 1pm y de 2pm a 6pm los sábados de 8am a 3pm,-76764583,2177500,"2°10'39.0""N 76°45'52.5""W",Directorio Comisarias Ley 2126
19,CAUCA,19397,LA VEGA,Municipio,6,1,1,COMISARÍA DE FAMILIA DE LA VEGA CAUCA,Calle 2 # 8-39,3104317742,"Mares a viernes 8 am a 12:30, 2 pm a 6:30 pm, sabados 8am a 12 del dìa.",-76780441,2002615,"2°00'09.4""N 76°46'49.6""W",Directorio Comisarias Ley 2126
19,CAUCA,19418,LOPEZ DE MICAY,Municipio,6,1,1,COMISARÍA DE FAMILIA DE LÓPEZ DE MICAY CAUCA,Cra 2 # 5 - 07 Calle Las Flores,3175538715,Lunes a Viernes 8:00 AM - 04:30 PM  08:00am-12m 02:00-06:00pm,-77248457,2847391,"2°50'50.6""N 77°14'54.4""W",Directorio Comisarias Ley 2126
19,CAUCA,19450,MERCADERES,Municipio,6,1,1,COMISARÍA DE FAMILIA DE MERCADERES CAUCA,Carrera 3 Calle 4 ESQUINA,3116191981,"Martes a viernes de 8 am a 1 pm y de 2:30 pm a 6 pm, sábados de 8 am a 2pm",-77166056,1800639,"1°48'02.3""N 77°09'57.8""W",Directorio Comisarias Ley 2126
19,CAUCA,19473,MORALES,Municipio,6,1,1,COMISARÍA DE FAMILIA DE MORALES CAUCA,"calle 4 - 1 - 10 edificio cam, frente al parque los fundadores",3107384060,Lunes a Viernes 8: 00 AM. a 6:00 PM.,-76630194,2757583,"2°45'27.3""N 76°37'48.7""W",Directorio Comisarias Ley 2126
19,CAUCA,19513,PADILLA,Municipio,6,1,1,COMISARÍA DE FAMILIA DE PADILLA CAUCA,CARRERA 3ra Esquina #9-39 BARRIO EL CENTRO ALCALDÍA MUNICIPAL,3216058396,Lunes a Viernes 8: 00 AM. a 5:00 PM.  7:30 A 12:00 A 5:30 Y LOS VIERNES 7:30 AM 4:30 PM,-76313306,3225889,"3°13'33.2""N 76°18'47.9""W",Directorio Comisarias Ley 2126
19,CAUCA,19517,PAEZ,Municipio,6,1,1,COMISARÍA DE FAMILIA DE PÁEZ,Cra 2 No. 4-35,3217548712,Lunes a Viernes 8: 00 AM. a 5:00 PM. 8:00-12:30 y 14:00-18:30,-75971417,2645167,"2°38'42.6""N 75°58'17.1""W",Directorio Comisarias Ley 2126
19,CAUCA,19532,PATIA,Municipio,6,1,1,COMISARÍA DE FAMILIA DE PATÍA CAUCA,carrera 3 No 4 -37,8261024,MARTES a VIERNES de 8 am a 12:30 pm Y SABADO de 8 am a 3:00 pm,-76984833,2115917,"2°06'57.3""N 76°59'05.4""W",Directorio Comisarias Ley 2126
19,CAUCA,19533,PIAMONTE,Municipio,6,1,1,COMISARÍA DE FAMILIA DE PIAMONTE CAUCA,Cam piamonte cauca,Null,Lunes a Viernes 8: 00 AM. a 5:00 PM. 8-12 de 2 a 6 pm,-76326861,1119194,"1°07'09.1""N 76°19'36.7""W",Directorio Comisarias Ley 2126
19,CAUCA,19548,PIENDAMO - TUNIA,Municipio,6,1,1,COMISARÍA DE FAMILIA DE PIENDAMÓ - TUNÍA,Carrera 14 # 10-103 barrio Oasis. Edificio Centro de Convivencia Ciudadana,3154990948,"Martes a Viernes de 8:00 am a 12:30 pm y de 2:00 a 6:00 pm, sábados de 8:00 am a 2:00 y cuando el lunes es festivos los sábados se atiende de 8:00 am a 12:00 pm",-76531288,2643850,"2°38'37.9""N 76°31'52.6""W",Directorio Comisarias Ley 2126
19,CAUCA,19585,PURACE,Municipio,6,1,1,COMISARÍA DE FAMILIA DE PURACÉ CAUCA,"CARRERA 3#5-22, COCONUCO, MUNICPIO DE PURACÉ, CAUCA.",3117437659,Lunes a Viernes 8: 00 AM. a 5:00 PM.,-76603586,2440404,"2°26'25.5""N 76°36'12.9""W",Directorio Comisarias Ley 2126
19,CAUCA,19622,ROSAS,Municipio,6,1,1,COMISARÍA DE FAMILIA DE ROSAS CAUCA,Carrera 5ª # 5-60 antiguo C.A.M,3011248846,Lunes a Viernes 8: 00 AM. a 5:00 PM. 8: am a 12:00 pm 2: pm a 4: 30 pm,-76740890,2261606,"2°15'41.8""N 76°44'27.2""W",Directorio Comisarias Ley 2126
19,CAUCA,19693,SAN SEBASTIAN,Municipio,6,1,1,COMISARÍA DE FAMILIA DE SAN SEBASTIÁN CAUCA,Alcaldía municipal - San Sebastian Cauca,3128945168,MARTES  a VIERNES 8: 00 AM a 6:00 PM . SABADOS 7:00 AM a 1:00 pm,-76768894,1838969,"1°50'20.3""N 76°46'08.0""W",Directorio Comisarias Ley 2126
19,CAUCA,19701,SANTA ROSA,Municipio,6,1,1,COMISARÍA DE FAMILIA DE SANTA ROSA CAUCA,Calle 5 # 5-41,3104987730,Lunes a Viernes de 7:00 a.m. a 12 m y de 2:00 p.m. a 5:00 p.m.,-76588490,1744866,"1°44'41.5""N 76°35'18.6""W",Directorio Comisarias Ley 2126
19,CAUCA,19743,SILVIA,Municipio,6,1,1,COMISARÍA DE FAMILIA DE SILVIA CAUCA,"Cra. 2 #8-43, Silvia, Cauca",3128630551,Lunes a Viernes 8: 00 AM. a 5:00 PM.,-76379529,2610419,"2°36'37.5""N 76°22'46.3""W",Directorio Comisarias Ley 2126
19,CAUCA,19760,SOTARA PAISPAMBA,Municipio,6,1,1,COMISARÍA DE FAMILIA  ÚNICA DE SOTARÁ PAISPAMBA CAUCA,"Cra. 6ª Centro, Paispamba Sotara Centro Administrativo Municipal",3228450400,Lunes a Viernes 8: 00 AM. a 5:00 PM.,-76605403,2441602,"2°26'29.8""N 76°36'19.5""W",Directorio Comisarias Ley 2126
19,CAUCA,19780,SUAREZ,Municipio,6,1,1,COMISARÍA DE FAMILIA DE SUÁREZ CAUCA,Carrera 5ª # 5-60 antiguo C.A.M.,3001248846,Lunes a Viernes 8: 00 AM. a 5:00 PM. 7:40 a.m  a 1:00 pm  y de 2:00 pm a 5:00 pm,-76692793,2953853,"2°57'13.9""N 76°41'34.1""W",Directorio Comisarias Ley 2126
19,CAUCA,19785,SUCRE,Municipio,6,1,1,COMISARÍA DE FAMILIA DE SUCRE CAUCA,Carrera 2 # 1-19 barrio centro,322 6367788,Lunes a viernes de 8:00 am a 12:30 pm y de 2:00 pm a 6:00 pm sábados de 8:00 am a 2:00 pm,-76924881,2039240,"2°02'21.3""N 76°55'29.6""W",Directorio Comisarias Ley 2126
19,CAUCA,19807,TIMBIO,Municipio,6,1,1,COMISARÍA DE FAMILIA DE TIMBÍO CAUCA,Calle 19 con Carrera 20 ESQUINA barrio OSPINA PEREZ,3175047908,Martes a viernes de 7:30 am a 1:00 y de 2:00 a 6:00 pm ; Sábado de 7:30 a 1:30 pm,-76683219,2351349,"2°21'04.9""N 76°40'59.6""W",Directorio Comisarias Ley 2126
19,CAUCA,19809,TIMBIQUI,Municipio,6,1,1,COMISARÍA DE FAMILIA DE TIMBIQUÍ CAUCA,Carrera 2 # 3 - 16 barrio Cabecera municipal,3174331529,De  Lunes a Domingo,-77664230,2770966,"2°46'15.5""N 77°39'51.2""W",Directorio Comisarias Ley 2126
19,CAUCA,19821,TORIBIO,Municipio,6,1,1,COMISARÍA DE FAMILIA DE TORIBIO CAUCA,Calle 3 # 2-07 barrio el centro,3502863849,Lunes a Viernes 8: 00 AM. a 5:00 PM. 730 a 1230 de 130 a 600,-76267750,2954859,"2°57'17.5""N 76°16'03.9""W",Directorio Comisarias Ley 2126
19,CAUCA,19824,TOTORO,Municipio,6,1,1,COMISARÍA DE FAMILIA DE TOTORÓ CAUCA,Edificio Cam calle principal Totoró,3204714743,Lunes a Viernes. 8:00 a 12 M y 01:00 p.m. a 5:00 p.m.,-76402709,2511498,"2°30'41.4""N 76°24'09.8""W",Directorio Comisarias Ley 2126
20,CESAR,20032,ASTREA,Municipio,6,1,1,COMISARÍA DE FAMILIA DE ASTREA CESAR,CARRERA 2 #7-31 BARRIO CENTRO,3185577926,Lunes a Viernes 8:00AM-12:00 M - 2:00PM-6:00PM,-73973656,9499115,"9°29'56.8""N 73°58'25.2""W",Directorio Comisarias Ley 2126
20,CESAR,20045,BECERRIL,Municipio,6,1,1,COMISARÍA DE FAMILIA ÚNICA DE BECERRIL CESAR,Calle 10 # 6-84 CENTRO ADMINISTRATIVO 1 PISO,3105159956,24 HORAS 7 DÁS A LA SEMANA,-73280435,9701820,"9°42'06.6""N 73°16'49.6""W",Directorio Comisarias Ley 2126
20,CESAR,20060,BOSCONIA,Municipio,6,1,1,COMISARÍA DE FAMILIA DE BOSCONIA CESAR,CARRERA 23 # 14-50 BARRIO SAN JUAN,3022881330,Lunes a Viernes  8:00 AM - 12:00 - 02: 00 PM - 6:0 PM,-73891455,9971521,"9°58'17.5""N 73°53'29.2""W",Directorio Comisarias Ley 2126
20,CESAR,20175,CHIMICHAGUA,Municipio,6,1,1,COMISARÍA DE FAMILIA DE CHIMICHAGUA CESAR,Calle 8 # 4-71 Barrio - Inmaculada,314-5565489,Lunes a Viernes  08 :00 Am - 12:30 Pm Hasta 02:30 Pm - 06:00 Pm,-73812040,9255127,"9°15'18.5""N 73°48'43.3""W",Directorio Comisarias Ley 2126
20,CESAR,20178,CHIRIGUANA,Municipio,6,1,1,COMISARÍA DE FAMILIA DE CHIRIGUANÁ CESAR,CALLE 7 # 5-26,3114079530,Lunes a Viernes  07:00 A.M  A 12M Y DE 03:00 PM  A 06:00 PM,-73603324,9363722,"9°21'49.4""N 73°36'12.0""W",Directorio Comisarias Ley 2126
20,CESAR,20228,CURUMANI,Municipio,6,1,1,COMISARÍA DE FAMILIA DE CURUMANÍ CESAR,CALLE  7 # 15-104,3113831935,Lunes a Viernes  7:00am -12:00am  3:00pm-6:00pm,-73542001,9221159,"9°13'16.2""N 73°32'31.2""W",Directorio Comisarias Ley 2126
20,CESAR,20238,EL COPEY,Municipio,6,1,1,Comisaría de Familia El Copey,Cra. 6 # 5-131,3216990636,7:00 - 12:00 y 14:00 - 18:00,-73.96133753,10.14909982,"10.14909982148209, -73.96133753447447",Directorio Comisarias Ley 2126
20,CESAR,20250,EL PASO,Municipio,6,1,1,Comisaría de Familia El Paso,Cl. 3 # 3-52,5530473,7:00 - 12:00 y 14:00 - 18:00,-73.75039114,9.659242593,"9.659242592874326, -73.75039113628787",Directorio Comisarias Ley 2126
20,CESAR,20295,GAMARRA,Municipio,6,1,1,Comisaría de Familia Gamarra,Cra. 9 # 6,3107393247,8:00 - 12:00 y 14:00 - 18:00,-73.74418524,8.3211184,"8.321118400385128, -73.74418523942522",Directorio Comisarias Ley 2126
20,CESAR,20310,GONZALEZ,Municipio,6,1,1,Comisaría de Familia González,Cra. 9 # 2A,5636588,8:00 - 13:00 y 14:00 - 17:00,-73.3827026,8.3917336,"8.391733600254732, -73.38270259561152",Directorio Comisarias Ley 2126
20,CESAR,20383,LA GLORIA,Municipio,6,1,1,Comisaría de Familia La Gloria,Cl. 2 #4-07,3173715582,8:00 - 13:00 y 15:00 - 18:00,-73.80444468,8.618887816,"8.618887816018935, -73.80444467586149",Directorio Comisarias Ley 2126
20,CESAR,20443,MANAURE BALCON DEL CESAR,Municipio,6,1,1,Comisaría de Familia Manaure Balcón del Cesar,Cl. 3 #6a-78,579 0591,8:00 - 12:00 y 14:00 - 18:00,-73.03312434,10.3929056,"10.392905598679002, -73.03312434162993",Directorio Comisarias Ley 2126
20,CESAR,20517,PAILITAS,Municipio,6,1,1,Comisaría de Familia de Pailitas,Cl. 6 #7-34,3185125089,8:30 - 12:30 y 14:30 - 18:30,-73.62317342,8.957534935,"8.957534934837165, -73.62317342072998",Directorio Comisarias Ley 2126
20,CESAR,20550,PELAYA,Municipio,6,1,1,Comisaría de Familia Pelaya,Cra 8 #12-20,3134600564,8:00 - 13:00 y 15:00 - 18:00,-73.66835702,8.689053148,"8.689053148359633, -73.66835702073585",Directorio Comisarias Ley 2126
20,CESAR,20570,PUEBLO BELLO,Municipio,6,1,1,Comisaría de Familia Pueblo Bello,Cl. 9 #10-25,3106406919,8:00 - 12:00 y 14:00 - 18:00,-73.58612603,10.41606217,"10.41606216626277, -73.58612603334082",Directorio Comisarias Ley 2126
20,CESAR,20614,RIO DE ORO,Municipio,6,1,1,Comisaría de Familia Rio de Oro,Cra 3 #1D-09,3132110681,7:30 - 12:30 y 14:00 - 17:00,-73.38454011,8.293579608,"8.293579608181108, -73.38454010540131",Directorio Comisarias Ley 2126
20,CESAR,20621,LA PAZ,Municipio,6,1,1,Comisaría de Familia la Paz,Cl. 8a #7-29,3215232682,8:00 - 12:30 - 14:30 - 18:00,-73.16863279,10.38592826,"10.385928261115343, -73.16863278696196",Directorio Comisarias Ley 2126
20,CESAR,20710,SAN ALBERTO,Municipio,6,1,1,Comisaría de Familia San Alberto,Cra 2 #6-32,5645050,8:00 - 12:00 y 14:00 - 18:00,-73.38918959,7.760748093,"7.760748092715211, -73.3891895878748",Directorio Comisarias Ley 2126
20,CESAR,20750,SAN DIEGO,Municipio,6,1,1,Comisaría de Familia San Diego,Cra 9. #2C–71,55798008,7:45 - 12:45 y 14:45 - 17:45,-73.18118651,10.33955684,"10.339556840565725, -73.18118650873033",Directorio Comisarias Ley 2126
20,CESAR,20770,SAN MARTIN,Municipio,6,1,1,Comisaría de Familia San Martin,Cl. 15 #7-81,5548058,8:00 - 12:00 y 14:00 - 18:00,-73.50789003,8.024289525,"8.02428952472259, -73.50789002678331",Directorio Comisarias Ley 2126
20,CESAR,20787,TAMALAMEQUE,Municipio,6,1,1,Comisaría de Familia Tamalameq,Cl. 3 #3-14,3202771308,7:00 - 12:00 y 14:00 - 17:00,-73.81630686,8.855707404,"8.855707403996606, -73.8163068557539",Directorio Comisarias Ley 2126
23,CORDOBA,23068,AYAPEL,Municipio,6,1,1,Comisaría de Familia Ayapel,Cl. 9 #8a-08,7705021,8:00 - 12:00 y 14:00 - 18:00,-75.14000263,8.315125308,"8.31512530777116, -75.14000263423588",Directorio Comisarias Ley 2126
23,CORDOBA,23079,BUENAVISTA,Municipio,6,1,1,Comisaría de Familia Buenavista,Cra 11 #11-47,3103672836,8:00 - 12:00 y 14:00 - 18:00,-75.48328009,8.223920163,"8.223920163050577, -75.48328008858002",Directorio Comisarias Ley 2126
23,CORDOBA,23090,CANALETE,Municipio,6,1,1,Comisaría de Familia Canalete,Cra 3 #2-05,3004938304,8:00 - 12:30 - 14:00 - 17:30,-76.23949523,8.785408124,"8.785408123820366, -76.23949523422961",Directorio Comisarias Ley 2126
23,CORDOBA,23168,CHIMA,Municipio,6,1,1,Comisaría de Familia Chimá,Cl. 4 #8 esquina,3175164559,7:00 - 12:00 y 14:00 - 18:00,-75.62917883,9.149304858,"9.149304858095663, -75.62917882928849",Directorio Comisarias Ley 2126
23,CORDOBA,23182,CHINU,Municipio,6,1,1,Comisaría de Familia Chinú,Cl. 15 #8-20,3007390729,8:00 - 12:00 y 14:00 - 17:30,-75.39965551,9.10455394,"9.104553940295924, -75.39965550539016",Directorio Comisarias Ley 2126
23,CORDOBA,23189,CIENAGA DE ORO,Municipio,6,1,1,Comisaría de Familia Ciénaga De Oro,Cra. 18 #5-16,3205740517,8:00 - 12:00 y 14:00 - 18:00,-75.62095217,8.874027204,"8.874027204054709, -75.62095217141577",Directorio Comisarias Ley 2126
23,CORDOBA,23300,COTORRA,Municipio,6,1,1,Comisaría de Familia Cotorra,Cl. 15 #6-165,3107383292,8:00 - 12:00 y 14:00 - 18:00,-75.80018566,9.038572641,"9.03857264137721, -75.80018565767065",Directorio Comisarias Ley 2126
23,CORDOBA,23350,LA APARTADA,Municipio,6,1,1,Comisaría de Familia La Apartada,Cra 7 #20-21,347742546,8:00 - 12:00 y 14:00 - 18:00,-75.33943867,8.05205693,"8.052056929651549, -75.33943866817923",Directorio Comisarias Ley 2126
23,CORDOBA,23417,LORICA,Municipio,6,2,1,Comisaría de Familia Lorica,Cl. 1Bis #17-54,7892998,8:00 - 12:30 - 14:00 - 17:30,-75.81807245,9.228214015,"9.228214014735151, -75.81807244611022",Directorio Comisarias Ley 2126
23,CORDOBA,23419,LOS CORDOBAS,Municipio,6,1,1,Comisaría de Familia Los Córdobas,Cl. 6 #2,3108268445,8:00 - 12:00 - 13:00 - 17:00,-76.35458069,8.89700432,"8.897004320266454, -76.35458068815467",Directorio Comisarias Ley 2126
23,CORDOBA,23464,MOMIL,Municipio,6,1,1,Comisaría de Familia Momil,Cra 10 #8-05,232001,8:00 - 12:00 y 14:00 - 18:00,-75.67600096,9.237061123,"9.23706112325258, -75.67600095755334",Directorio Comisarias Ley 2126
23,CORDOBA,23500,MONITOS,Municipio,6,1,1,Comisaría de Familia Moñitos,Cra 2 #20-20,3216201147,8:00 - 12:00 y 14:00 - 18:00,-76.13060537,9.24716827,"9.247168269504677, -76.13060536576116",Directorio Comisarias Ley 2126
23,CORDOBA,23555,PLANETA RICA,Municipio,6,1,1,Comisaría de Familia Planeta Rica,Cl. 18 #10-09,7662274,7:00 - 12:00 y 14:00 - 17:00,-75.58533811,8.410829888,"8.410829888385798, -75.58533810872368",Directorio Comisarias Ley 2126
23,CORDOBA,23570,PUEBLO NUEVO,Municipio,6,1,1,Comisaría de Familia Pueblo Nuevo,Cl. 12 #8-25,47653603,7:00 - 12:00 y 14:00 - 17:00,-75.50863275,8.501203719,"8.501203718500562, -75.5086327537495",Directorio Comisarias Ley 2126
23,CORDOBA,23574,PUERTO ESCONDIDO,Municipio,6,1,1,Comisaría de Familia Puerto Escondido,Cl. 18 #68-18,7716030,8:00 - 13:00 y 14:00 - 17:00,No registra en Google Map,No registra en Google Map,No registra en Google Map,Directorio Comisarias Ley 2126
23,CORDOBA,23580,PUERTO LIBERTADOR,Municipio,6,1,1,Comisaría de Familia Puerto Libertador,Cra 9  #10-15,3215493511,8:00 - 12:00 y 14:00 - 18:00,-75.67143491,7.889717919,"7.889717918724904, -75.67143491053093",Directorio Comisarias Ley 2126
23,CORDOBA,23586,PURISIMA DE LA CONCEPCION,Municipio,6,1,1,Comisaría de Familia Purísima De La Concepción,Cra 7 Calle 5 Esquina,7718028,8:00 - 12:00 y 14:00 - 18:00,-75.72193306,9.235791388,"9.23579138782733, -75.72193306321198",Directorio Comisarias Ley 2126
23,CORDOBA,23660,SAHAGUN,Municipio,6,2,1,Comisaría de Familia Sahagún,Cl. 14 #10-30,7778326,7:30 - 12:00 y 14:00 - 17:00,-75.44074146,8.951193331,"8.951193331445031, -75.44074145851842",Directorio Comisarias Ley 2126
23,CORDOBA,23670,SAN ANDRES DE SOTAVENTO,Municipio,6,1,1,Comisaría de Familia San Andrés De Sotavento,Cl 6b #7c,3114014871,8:00 - 12:00 y 14:00 - 18:00,-75.50971554,9.144294097,"9.14429409655342, -75.50971553620926",Directorio Comisarias Ley 2126
23,CORDOBA,23672,SAN ANTERO,Municipio,6,1,1,Comisaría de Familia San Antero,Cra 14 #12D-13,3014702262,8:00 - 12:00 y 14:00 - 18:00,-75.75951598,9.374264775,"9.374264775166154, -75.75951597655127",Directorio Comisarias Ley 2126
23,CORDOBA,23675,SAN BERNARDO DEL VIENTO,Municipio,6,1,1,Comisaría de Familia San Bernardo Del Viento,Cl. 8 #8-02,7554041,8:00 - 12:00 y 14:00 - 18:00,-75.95146394,9.354284454,"9.354284454086796, -75.95146393894089",Directorio Comisarias Ley 2126
23,CORDOBA,23678,SAN CARLOS,Municipio,6,1,1,Comisaría de Familia San Carlos,Cl. 10 #2-51,3127396290,8:00 - 12:00 y 14:00 - 17:00,-75.69921379,8.795765266,"8.795765266295003, -75.69921378938099",Directorio Comisarias Ley 2126
23,CORDOBA,23682,SAN JOSE DE URE,Municipio,6,1,1,Comisaría de Familia San José De Uré,Cl. 8 #1a-95,3235931450,8:00 - 12:00 y 14:00 - 18:00,-75.53466063,7.788497696,"7.788497696017482, -75.53466063161594",Directorio Comisarias Ley 2126
23,CORDOBA,23686,SAN PELAYO,Municipio,6,1,1,Comisaría de Familia San Pelayo,Cl. 3A #8D,7633219,8:00 - 12:00 y 14:00 - 17:00,-75.83622199,8.954421504,"8.954421504044552, -75.8362219912562",Directorio Comisarias Ley 2126
23,CORDOBA,23807,TIERRALTA,Municipio,6,1,1,Comisaría de Familia Tierralta,Cl. 4 #14-13,47771553,8:00 - 12:00 y 14:00 - 18:00,-76.06176262,8.176702751,"8.176702751159933, -76.06176262074261",Directorio Comisarias Ley 2126
23,CORDOBA,23815,TUCHIN,Municipio,6,1,1,Comisaría de Familia Tuchín,Cl. 12 #7A-171,47799103,8:00 - 12:00 y 14:00 - 18:00,-75.54951647,9.184613334,"9.184613334160433, -75.54951647114524",Directorio Comisarias Ley 2126
23,CORDOBA,23855,VALENCIA,Municipio,6,1,1,Comisaría de Familia Valencia,Cl. 11 #15 Plaza Central,7773071,7:00 - 12:00 y 14:00 - 18:00,-76.14857951,8.25948428,"8.259484279539413, -76.14857950540168",Directorio Comisarias Ley 2126
25,CUNDINAMARCA,25001,AGUA DE DIOS,Municipio,6,1,1,Comisaría de Familia Agua De Dios,Cra 9 #8-36,834 5110,8:00 - 12:00 y 14:00 - 18:00,-74.67026913,4.376657674,"4.376657673551556, -74.6702691342755",Directorio Comisarias Ley 2126
25,CUNDINAMARCA,25019,ALBAN,Municipio,6,1,1,Comisaría de Familia Albán,Cra 3 #1-30,3177731127,8:00 - 13:00 y 14:00 - 17:00,-74.43733241,4.877506253,"4.8775062532906475, -74.43733240662976",Directorio Comisarias Ley 2126
25,CUNDINAMARCA,25040,ANOLAIMA,Municipio,6,1,1,Comisaría de Familia Anolaima,Cra 4 #3-12,8454001,8:00 - 12:00 y 14:00 - 18:00,-74.46521878,4.761952383,"4.761952383305418, -74.46521878259752",Directorio Comisarias Ley 2126
25,CUNDINAMARCA,25053,ARBELAEZ,Municipio,6,1,1,Comisaría de Familia Arbeláez,Cl. 4  #6-15,8686028,7:30 - 16:30,-74.41466713,4.271728683,"4.271728683121051, -74.41466713427612",Directorio Comisarias Ley 2126
25,CUNDINAMARCA,25086,BELTRAN,Municipio,6,1,1,Comisaría de Familia Beltrán,Cra 4 #3-07,3203909404,8:00 - 13:00 y 14:00 - 18:00,-74.74189249,4.79967969,"4.799679689747884, -74.74189249194235",Directorio Comisarias Ley 2126
25,CUNDINAMARCA,25095,BITUIMA,Municipio,6,1,1,Comisaría de Familia Bituima,Cra 2 #2-14,8462030,8:30 - 13:00 y 14:00 - 17:30,-74.53885335,4.872219107,"4.87221910715375, -74.53885334776689",Directorio Comisarias Ley 2126
25,CUNDINAMARCA,25099,BOJACA,Municipio,6,1,1,Comisaría de Familia Bojacá,Cra 7 #6-06,3164086611,7:00 - 12:30 y 13:30 - 17:00,-74.34215111,4.732038326,"4.732038325641018, -74.34215110543786",Directorio Comisarias Ley 2126
25,CUNDINAMARCA,25120,CABRERA,Municipio,6,1,1,Comisaría de Familia Cabrera,Cra 2 #06-05,3103067325,8:00 - 17:00,-74.4839704,3.985549316,"3.9855493160230573, -74.48397040122602",Directorio Comisarias Ley 2126
25,CUNDINAMARCA,25123,CACHIPAY,Municipio,6,1,1,Comisaría de Familia Cachipay,Cl. 4 #5 Palacio Municipal,3142979334,7:00 - 12:00 y 13:30 - 17:30,No registra en Google Map,No registra en Google Map,No registra en Google Map,Directorio Comisarias Ley 2126
25,CUNDINAMARCA,25148,CAPARRAPI,Municipio,6,1,1,Comisaría de Familia Caparrapí,Cl. 9 #3-32,3104990890,8:00 - 13:00 y 14:00 - 18:30,-74.49170511,5.34572742,"5.345727419836853, -74.49170510661884",Directorio Comisarias Ley 2126
25,CUNDINAMARCA,25151,CAQUEZA,Municipio,6,1,1,Comisaría de Familia Cáqueza,Cl. 2 #4-30,3004324808,8:00 - 13:00 y 14:00 - 17:30,-73.94550272,4.405826169,"4.405826169107512, -73.94550271571852",Directorio Comisarias Ley 2126
25,CUNDINAMARCA,25154,CARMEN DE CARUPA,Municipio,6,1,1,Comisaría de Familia Carmen De Carupa,Cra 3 #02-04,3227007312,8:00 - 17:00,-73.90120299,5.348224857,"5.348224856688165, -73.90120298862476",Directorio Comisarias Ley 2126
25,CUNDINAMARCA,25168,CHAGUANI,Municipio,6,1,1,Comisaría de Familia Chaguaní,Cra 4 #4-10,3143481665,8:00 - 13:00 y 14:00 - 18:00,-74.59457675,4.950178141,"4.9501781414748525, -74.59457674504932",Directorio Comisarias Ley 2126
25,CUNDINAMARCA,25178,CHIPAQUE,Municipio,6,1,1,Comisaría de Familia Chipaque,Cl. 5 #4-16,3115910947,8:00 - 17:00,-74.04487295,4.442780094,"4.4427800938668875, -74.0448729466899",Directorio Comisarias Ley 2126
25,CUNDINAMARCA,25181,CHOACHI,Municipio,6,1,1,Comisaría de Familia Choachí,Cl- 3 #3-41,320 4738170,7:30 - 12:30 y 14:00 - 18:00,-73.92308954,4.528582456,"4.528582456025095, -73.92308953866099",Directorio Comisarias Ley 2126
25,CUNDINAMARCA,25183,CHOCONTA,Municipio,6,1,1,Comisaría de Familia Chocontá,Cra 5 #5-19,3182153556,8:00 - 18:00,-73.68566859,5.145204768,"5.1452047681619595, -73.68566859123305",Directorio Comisarias Ley 2126
25,CUNDINAMARCA,25224,CUCUNUBA,Municipio,6,1,1,Comisaría de Familia Cucunubá,Cl 3 #2-35,3133827521,8:00 - 17:00,-73.76660575,5.250233815,"5.250233814503055, -73.76660574790597",Directorio Comisarias Ley 2126
25,CUNDINAMARCA,25245,EL COLEGIO,Municipio,6,1,1,Comisaría de Familia El Colegio,Cl 10 #6-36,3174408106,8:00 - 16:00,-74.44531883,4.5845721,"4.584572099646734, -74.44531883254422",Directorio Comisarias Ley 2126
25,CUNDINAMARCA,25258,EL PENON,Municipio,6,1,1,Comisaría de Familia El Peñón,Cl 4 #2-19,3103037291,8:00 - 13:00 y 14:00 - 18:00,-74.28980259,5.248611836,"5.248611836375155, -74.28980259193881",Directorio Comisarias Ley 2126
25,CUNDINAMARCA,25260,EL ROSAL,Municipio,6,1,1,Comisaría de Familia El Rosal,Cra 6 #6-54,3213983431,8:00 - 13:00 y 14:00 - 18:00,-74.26064126,4.851238504,"4.851238504304171, -74.26064125953324",Directorio Comisarias Ley 2126
25,CUNDINAMARCA,25279,FOMEQUE,Municipio,6,1,1,Comisaría de Familia Fómeque,Cra. 2 #5-41,3203331920,7:00 - 12:30 y 14:00 - 18:00,-73.89557511,4.486282614,"4.486282613618658, -73.89557511390291",Directorio Comisarias Ley 2126
25,CUNDINAMARCA,25281,FOSCA,Municipio,6,1,1,Comisaría de Familia Fosca,Cl 3 #1-20,3112466984,7:30 - 12:00 y 13:00 - 17:30,-73.93860218,4.339448571,"4.339448570677337, -73.93860217660574",Directorio Comisarias Ley 2126
25,CUNDINAMARCA,25288,FUQUENE,Municipio,6,1,1,Comisaría de Familia Fúquene,Cl 6 #2-39,3235725025,7:30 - 13:00 y 14:00 - 17:30,-73.79642336,5.404687507,"5.404687506628753, -73.79642335541472",Directorio Comisarias Ley 2126
25,CUNDINAMARCA,25293,GACHALA,Municipio,6,1,1,Comisaría de Familia Gachalá,Cra 4 #5-18,321 9888476,8:00 - 12:30 y 14:00 - 18:00,-73.51951581,4.694638833,"4.694638833446639, -73.51951581270264",Directorio Comisarias Ley 2126
25,CUNDINAMARCA,25295,GACHANCIPA,Municipio,6,1,1,Comisaría de Familia Gachancipá,Cl. 6 #2-10,3132929524,7:30 - 17:00,-73.87070003,4.992206724,"4.992206723806198, -73.87070003427088",Directorio Comisarias Ley 2126
25,CUNDINAMARCA,25297,GACHETA,Municipio,6,1,1,Comisaría de Familia Gachetá,Cra 4 #3-23,8535128,8:00 - 13:00 y 14:00 - 16:00,-73.63591805,4.816408885,"4.816408884597306, -73.63591804696293",Directorio Comisarias Ley 2126
25,CUNDINAMARCA,25299,GAMA,Municipio,6,1,1,Comisaría de Familia Gama,Cra 2 #3-30,3134525335,8:00 - 12:00 y 14:00 - 18:00,-73.61022409,4.76318552,"4.763185520248974, -73.61022409060247",Directorio Comisarias Ley 2126
25,CUNDINAMARCA,25312,GRANADA,Municipio,6,1,1,Comisaría de Familia Granada,Cl. 11 #14-28,3208418887,8:00 - 13:00 y 14:00 - 18:00,-74.35103204,4.51976405,"4.519764049738692, -74.35103204364917",Directorio Comisarias Ley 2126
25,CUNDINAMARCA,25317,GUACHETA,Municipio,6,1,1,Comisaría de Familia Guachetá,Cl. 5 #2-75,8556127,8:00 - 13:00 y 14:00 - 18:00,-73.68622383,5.38545648,"5.385456479868036, -73.686223834504",Directorio Comisarias Ley 2126
25,CUNDINAMARCA,25320,GUADUAS,Municipio,6,1,1,Comisaría de Familia Guaduas,Cra 3 #4-42,8466100,8:00 - 12:00 y 14:00 - 18:00,-74.59467136,5.067969034,"5.067969034465229, -74.59467135582514",Directorio Comisarias Ley 2126
25,CUNDINAMARCA,25322,GUASCA,Municipio,6,1,1,Comisaría de Familia Guasca,Cra 2 #3-25,3008913494,8:00 - 17:00,-73.87689357,4.865179252,"4.865179252336403, -73.87689356865478",Directorio Comisarias Ley 2126
25,CUNDINAMARCA,25324,GUATAQUI,Municipio,6,1,1,Comisaría de Familia Guataquí,Cl. 6 #2-02,3142732928,7:00 - 12:00 y 13:00 - 17:00,-74.79056553,4.516922376,"4.516922376079157, -74.7905655299679",Directorio Comisarias Ley 2126
25,CUNDINAMARCA,25326,GUATAVITA,Municipio,6,1,1,Comisaría de Familia Guatavita,Cra 7 #3-05,3212419004,8:00 - 17:00,-73.83501901,4.935543918,"4.935543918426749, -73.83501900543634",Directorio Comisarias Ley 2126
25,CUNDINAMARCA,25328,GUAYABAL DE SIQUIMA,Municipio,6,1,1,Comisaría de Familia Guayabal De Síquima,Cl. 3 #4-05,3124993744,8:00 - 17:00,-74.46654651,4.878784375,"4.878784374674192, -74.46654650543675",Directorio Comisarias Ley 2126
25,CUNDINAMARCA,25335,GUAYABETAL,Municipio,6,1,1,Comisaría de Familia Guayabetal,Cra 3 #3-13,3204426889,8:00 - 12:00 y 13:00 - 17:00,-73.81538003,4.215583693,"4.215583692913094, -73.81538003427656",Directorio Comisarias Ley 2126
25,CUNDINAMARCA,25339,GUTIERREZ,Municipio,6,1,1,Comisaría de Familia Gutiérrez,Cl. 5 #4-20,8489006,8:00 - 13:00 y 14:00 - 17:00,-74.00328806,4.255096285,"4.255096284677302, -74.0032880631113",Directorio Comisarias Ley 2126
25,CUNDINAMARCA,25368,JERUSALEN,Municipio,6,1,1,Comisaría de Familia Jerusalén,Cl. 2 #4-72,3172648056,8:00 - 18:30,-74.69371616,4.562617582,"4.562617581844517, -74.69371616126425",Directorio Comisarias Ley 2126
25,CUNDINAMARCA,25372,JUNIN,Municipio,6,1,1,Comisaría de Familia Junín,Cra 4 #3-15,3219113658,8:00 - 13:00 y 14:00 - 18:00,-73.66387011,4.790233527,"4.79023352719274, -73.66387011412247",Directorio Comisarias Ley 2126
25,CUNDINAMARCA,25394,LA PALMA,Municipio,6,1,1,Comisaría de Familia La Palma,Cra 5 #2-45,3222509428,7:30 - 12:30 y 14:00 - 17:00,-74.38855902,5.361609597,"5.361609596521043, -74.38855901894694",Directorio Comisarias Ley 2126
25,CUNDINAMARCA,25398,LA PENA,Municipio,6,1,1,Comisaría de Familia La Peña,Cra 3 #6-61,3502757701,8:00 - 12:30 y 14:00 - 17:00,-74.39396588,5.200256376,"5.200256375958765, -74.39396587838219",Directorio Comisarias Ley 2126
25,CUNDINAMARCA,25402,LA VEGA,Municipio,6,1,1,Comisaría de Familia La Vega,Cr 3 #19-71,3114412592,8:00 - 12:30 y 14:00 - 17:30,-74.3400004,4.999675707,"4.999675706976259, -74.34000039790642",Directorio Comisarias Ley 2126
25,CUNDINAMARCA,25407,LENGUAZAQUE,Municipio,6,1,1,Comisaría de Familia Lenguazaque,Cra 4 #3-10,8557006,8:00 - 13:00 y 14:00 - 17:00,-73.71202431,5.306319985,"5.306319985355713, -73.71202431000299",Directorio Comisarias Ley 2126
25,CUNDINAMARCA,25426,MACHETA,Municipio,6,1,1,Comisaría de Familia Machetá,Cra 8 #5-35,8569250,8:00 - 13:00 y 14:00 - 17:00,-73.60869461,5.080552408,"5.080552408492553, -73.60869460543526",Directorio Comisarias Ley 2126
25,CUNDINAMARCA,25436,MANTA,Municipio,6,1,1,Comisaría de Familia Manta,Cra 6 #2-27,3138519649,8:00 - 12:00 y 13:00 - 17:00,-73.54143202,5.008490489,"5.008490488795381, -73.5414320170861",Directorio Comisarias Ley 2126
25,CUNDINAMARCA,25438,MEDINA,Municipio,6,1,1,Comisaría de Familia Medina,Cl. 13 #6-55,3227887315,8:00 - 13:00 y 14:00 - 17:00,-73.35053024,4.51011939,"4.510119389604118, -73.35053023643773",Directorio Comisarias Ley 2126
25,CUNDINAMARCA,25483,NARINO,Municipio,6,1,1,Comisaría de Familia Nariño,Cra 3 Entre Calles 5 y 6,3104639348,8:00 - 12:30 y 13:30 - 17:00,-74.82757354,4.397866404,"4.397866404181038, -74.82757353814677",Directorio Comisarias Ley 2126
25,CUNDINAMARCA,25486,NEMOCON,Municipio,6,1,1,Comisaría de Familia Nemocón,Cl. 5 #2-35,3173718401,7:30 - 12:30 y 14:00 - 17:00,-73.87603746,5.066903562,"5.0669035617174405, -73.87603746491182",Directorio Comisarias Ley 2126
25,CUNDINAMARCA,25488,NILO,Municipio,6,1,1,Comisaría de Familia Nilo,Cl. 5 #3-16,8392615,8:00 - 12:00 y 13:00 - 17:00,-74.62044985,4.307537569,"4.307537568878609, -74.62044984955531",Directorio Comisarias Ley 2126
25,CUNDINAMARCA,25489,NIMAIMA,Municipio,6,1,1,Comisaría de Familia Nimaima,Cl. 3 #4 Esquina,3225197081,8:00 - 17:00,-74.38547946,5.12570274,"5.125702740116259, -74.38547946310479",Directorio Comisarias Ley 2126
25,CUNDINAMARCA,25491,NOCAIMA,Municipio,6,1,1,Comisaría de Familia Nocaima,Cra 6 #6-41,3007277538,8:00 - 12:00 y 13:00 - 17:00,-74.37795596,5.069797908,"5.069797908029789, -74.37795596235748",Directorio Comisarias Ley 2126
25,CUNDINAMARCA,25506,VENECIA,Municipio,6,1,1,Comisaría de Familia Venecia,Cl 3 #3-97,8681167,8:00 - 12:00 y 14:00 - 18:00,-74.47811209,4.088846326,"4.088846326464821, -74.47811209194728",Directorio Comisarias Ley 2126
25,CUNDINAMARCA,25513,PACHO,Municipio,6,1,1,Comisaría de Familia Pacho,Cra 16 #7-29,8540950,8:00 - 12:30 y 14:00 - 18:00,-74.15845111,5.129952283,"5.129952282783269, -74.1584511054348",Directorio Comisarias Ley 2126
25,CUNDINAMARCA,25518,PAIME,Municipio,6,1,1,Comisaría de Familia Paime,Cl. 3 #2-30,3138071858,7:30 - 12:30 y 14:00 - 18:00,-74.15197749,5.371252318,"5.371252318370876, -74.15197749121981",Directorio Comisarias Ley 2126
25,CUNDINAMARCA,25524,PANDI,Municipio,6,1,1,Comisaría de Familia Pandi,Cra 4 #3-55,3112506550,8:00 - 13:00 y 14:00 - 18:00,-74.48734953,4.191529527,"4.191529526578863, -74.48734952532236",Directorio Comisarias Ley 2126
25,CUNDINAMARCA,25530,PARATEBUENO,Municipio,6,1,1,Comisaría de Familia Paratebueno,Cra 9 #3-34,6769084,8:00 - 12:30 y 13:30 - 18:00,-73.21180706,4.375901839,"4.375901838827184, -73.211807055903",Directorio Comisarias Ley 2126
25,CUNDINAMARCA,25535,PASCA,Municipio,6,1,1,Comisaría de Familia Pasca,Diagonal 3 #5-02,7431073,8:00 - 13:00 y 14:00 - 17:00,-74.30130672,4.306690901,"4.306690900726842, -74.30130671594085",Directorio Comisarias Ley 2126
25,CUNDINAMARCA,25572,PUERTO SALGAR,Municipio,6,1,1,Comisaría de Familia Puerto Salgar,Cl. 11 #25-27,3011488538,7:30 - 12:15 y 14:00 - 18:00,-74.65633795,5.465330655,"5.465330655280431, -74.65633794776205",Directorio Comisarias Ley 2126
25,CUNDINAMARCA,25580,PULI,Municipio,6,1,1,Comisaría de Familia Pulí,Cra 3 #3-40,3217931009,8:00 - 13:00 y 14:00 - 18:00,-74.71314948,4.680894485,"4.6808944849647816, -74.71314948186672",Directorio Comisarias Ley 2126
25,CUNDINAMARCA,25592,QUEBRADANEGRA,Municipio,6,1,1,Comisaría de Familia Quebradanegra,Cl. 4 #3-04,3115698656,8:00 - 17:00,-74.47875392,5.11732701,"5.117327010040798, -74.47875392322618",Directorio Comisarias Ley 2126
25,CUNDINAMARCA,25594,QUETAME,Municipio,6,1,1,Comisaría de Familia Quetame,Cra 4 #4-93,8492018,8:00 - 17:00,-73.86332063,4.330844172,"4.330844171627312, -73.86332063210278",Directorio Comisarias Ley 2126
25,CUNDINAMARCA,25596,QUIPILE,Municipio,6,1,1,Comisaría de Familia Quipile,Av. 2 2-39,8499099,8:00 - 12:00 y 13:00 - 17:00,-74.53384353,4.743543898,"4.7435438978930025, -74.5338435273009",Directorio Comisarias Ley 2126
25,CUNDINAMARCA,25599,APULO,Municipio,6,1,1,Comisaría de Familia Apulo,Cra 7 Calle 9,3142920448,8:00 - 13:00 y 14:00 - 18:00,-74.59574823,4.518570244,"4.518570244010711, -74.59574823326393",Directorio Comisarias Ley 2126
25,CUNDINAMARCA,25645,SAN ANTONIO DEL TEQUENDAMA,Municipio,6,1,1,Comisaría de Familia San Antonio Del Tequendama,Cl. 4 #03-06,3232773263,8:00 - 13:00 y 14:00 - 17:00,-74.35139028,4.61610598,"4.6161059797653134, -74.35139027975326",Directorio Comisarias Ley 2126
25,CUNDINAMARCA,25649,SAN BERNARDO,Municipio,6,1,1,Comisaría de Familia San Bernardo,Cl. 6 #3A-16/28,3107512294,8:00 - 13:00 y 14:00 - 17:00,-74.42251095,4.179637583,"4.179637583053276, -74.42251095304938",Directorio Comisarias Ley 2126
25,CUNDINAMARCA,25653,SAN CAYETANO,Municipio,6,1,1,Comisaría de Familia San Cayetano,Parque Principal,3204687488,7:30 - 13:00 y 14:00 - 18:00,No registra en Google Map,No registra en Google Map,No registra en Google Map,Directorio Comisarias Ley 2126
25,CUNDINAMARCA,25658,SAN FRANCISCO,Municipio,6,1,1,Comisaría de Familia San Francisco,Cl. 4 #7-56,847 83 94,24 horas/7 días a la semana,-74.28930021,4.975279479,"4.975279478734984, -74.28930020501416",Directorio Comisarias Ley 2126
25,CUNDINAMARCA,25662,SAN JUAN DE RIOSECO,Municipio,6,1,1,Comisaría de Familia San Juan De Rioseco,Cl. 4 #6-06,3112432611,8:00 - 12:30 y 14:00 - 17:00,-74.62227512,4.845900538,"4.845900538095325, -74.62227511736788",Directorio Comisarias Ley 2126
25,CUNDINAMARCA,25718,SASAIMA,Municipio,6,1,1,Comisaría de Familia Sasaima,Cl. 7 #3-13,3182345452,8:00 - 12:00 y 13:30 - 17:00,-74.43431715,4.9634454,"4.963445400359044, -74.43431715158488",Directorio Comisarias Ley 2126
25,CUNDINAMARCA,25736,SESQUILE,Municipio,6,1,1,Comisaría de Familia Sesquilé,Cl. 5 #4-54,3112341829,7:30 - 12:30 y 13:30 - 17:00,-73.79608531,5.044354154,"5.044354154379666, -73.7960853083225",Directorio Comisarias Ley 2126
25,CUNDINAMARCA,25743,SILVANIA,Municipio,6,1,1,Comisaría de Familia Silvania,Diagonal 10 #6-04,8694554,8:00 - 12:30 y 13:30 - 18:00,-74.38777564,4.403719689,"4.403719688679988, -74.38777563976001",Directorio Comisarias Ley 2126
25,CUNDINAMARCA,25745,SIMIJACA,Municipio,6,1,1,Comisaría de Familia Simijaca,Cl. 7 #7-42,3219877284,7:30 - 12:30 y 14:00 - 17:30,-73.85257629,5.50211677,"5.502116770235827, -73.85257629349334",Directorio Comisarias Ley 2126
25,CUNDINAMARCA,25769,SUBACHOQUE,Municipio,6,1,1,Comisaría de Familia Subachoque,Cra 2 #3-20,8245311,7:00 - 13:00 y 14:00 - 16:48,-74.17301137,4.92813851,"4.928138509626984, -74.17301137049839",Directorio Comisarias Ley 2126
25,CUNDINAMARCA,25772,SUESCA,Municipio,6,1,1,Comisaría de Familia Suesca,Cl. 8 #5-55,3214630668,8:00 - 17:00,-73.79911758,5.102816786,"5.102816786292139, -73.79911757561018",Directorio Comisarias Ley 2126
25,CUNDINAMARCA,25777,SUPATA,Municipio,6,1,1,Comisaría de Familia Supatá,Cra 7 #4-14,3133778741,8:00 - 12:30 y 14:00 - 17:00,-74.23602869,5.062207152,"5.06220715240161, -74.23602868691533",Directorio Comisarias Ley 2126
25,CUNDINAMARCA,25779,SUSA,Municipio,6,1,1,Comisaría de Familia Susa,Cra 4A #6-47,3123236382,7:30 - 12:45 y 2:00 - 17:30,-73.8149315,5.452648477,"5.452648477133218, -73.81493149597738",Directorio Comisarias Ley 2126
25,CUNDINAMARCA,25781,SUTATAUSA,Municipio,6,1,1,Comisaría de Familia Sutatausa,Cl. 4 #2-44,3212146913,8:00 - 12:30 y 14:00 - 17:30,-73.85198175,5.247086809,"5.247086808660947, -73.85198175064424",Directorio Comisarias Ley 2126
25,CUNDINAMARCA,25785,TABIO,Municipio,6,1,1,Comisaría de Familia Tabio,Cra 5 #4-27,8647270,7:00 - 17:00,-74.09947808,4.916598078,"4.916598078141479, -74.09947807665785",Directorio Comisarias Ley 2126
25,CUNDINAMARCA,25793,TAUSA,Municipio,6,1,1,Comisaría de Familia Tausa,Cra 3 #3-24,8583015,8:00 - 17:00,-73.88608022,5.195616203,"5.1956162030417, -73.88608021553058",Directorio Comisarias Ley 2126
25,CUNDINAMARCA,25797,TENA,Municipio,6,1,1,Comisaría de Familia Tena,Diagonal 3A #3-15,3106988511,8:00 - 12:30 y 13:30 - 17:00,-74.38879274,4.655346717,"4.65534671727729, -74.38879273734389",Directorio Comisarias Ley 2126
25,CUNDINAMARCA,25805,TIBACUY,Municipio,6,1,1,Comisaría de Familia Tibacuy,Cl. 5° #2-21,3223200522,8:00 - 13:00 y 14:00 - 17:00,-74.4518196,4.348317651,"4.348317650516083, -74.45181960079807",Directorio Comisarias Ley 2126
25,CUNDINAMARCA,25807,TIBIRITA,Municipio,6,1,1,Comisaría de Familia Tibirita,Cra 4 #5-21,8566027,8:00 - 13:00 y 14:00 - 17:00,-73.50539703,5.052782767,"5.052782766583637, -73.50539702794117",Directorio Comisarias Ley 2126
25,CUNDINAMARCA,25815,TOCAIMA,Municipio,6,1,1,Comisaría de Familia Tocaima,Cra 9 Cl. 5,8340517,7:30 - 12:30 y 14:00 - 18:00,-74.63451398,4.457535043,"4.457535042518318, -74.63451398001638",Directorio Comisarias Ley 2126
25,CUNDINAMARCA,25823,TOPAIPI,Municipio,6,1,1,Comisaría de Familia Topaipí,Cra 10 #3A-26,3106138526,8:00 - 13:00 y 14:00 - 17:30,-74.3028307,5.335633669,"5.335633668831843, -74.30283069734304",Directorio Comisarias Ley 2126
25,CUNDINAMARCA,25839,UBALA,Municipio,6,1,1,Comisaría de Familia Ubalá,Cra 3 #2-38,3184152857,8:00 - 18:00,No registra en Google Map,No registra en Google Map,No registra en Google Map,Directorio Comisarias Ley 2126
25,CUNDINAMARCA,25841,UBAQUE,Municipio,6,1,1,Comisaría de Familia Ubaque,Cra 3 #2-46,3112378949,8:00 - 13:00 y 14:00 - 18:00,-73.93466593,4.482522883,"4.4825228833706525, -73.93466593404519",Directorio Comisarias Ley 2126
25,CUNDINAMARCA,25845,UNE,Municipio,6,1,1,Comisaría de Familia Une,Cra 4 #3-25,3102816411,8:00 - 18:00,-74.0250412,4.403611811,"4.403611810681758, -74.02504119852306",Directorio Comisarias Ley 2126
25,CUNDINAMARCA,25851,UTICA,Municipio,6,1,1,Comisaría de Familia Útica,Cl. 4 #3-19,3134609980,8:00 - 13:00 y 14:00 - 17:00,-74.47958029,5.188823512,"5.188823512409304, -74.4795802917506",Directorio Comisarias Ley 2126
25,CUNDINAMARCA,25862,VERGARA,Municipio,6,1,1,Comisaría de Familia Vergara,Cra 5 #2-18,3107739158,8:00 - 16:00,-74.3449017,5.119038618,"5.119038617955935, -74.34490169764068",Directorio Comisarias Ley 2126
25,CUNDINAMARCA,25867,VIANI,Municipio,6,1,1,Comisaría de Familia Vianí,Cra 5 #3-46,3209670017,8:00 - 17:00,-74.56210653,4.874715889,"4.874715888728293, -74.56210652953327",Directorio Comisarias Ley 2126
25,CUNDINAMARCA,25871,VILLAGOMEZ,Municipio,6,1,1,Comisaría de Familia Villagómez,Cl. 5 #3-41,3125499435,7:30 - 12:30 y 13:45 - 17:00,-74.19501553,5.273673794,"5.273673793790062, -74.19501552977101",Directorio Comisarias Ley 2126
25,CUNDINAMARCA,25873,VILLAPINZON,Municipio,6,1,1,Comisaría de Familia Villapinzón,Cra 5 #3-10,8565125,8:00 - 12:30 y 14:00 - 17:30,-73.59763897,5.215385131,"5.215385131118992, -73.59763897174754",Directorio Comisarias Ley 2126
25,CUNDINAMARCA,25875,VILLETA,Municipio,6,1,1,Comisaría de Familia Villeta,Cl. 4 #5-61,8951153,8:00 - 12:00 y 14:00 - 18:00,-74.47018332,5.010696176,"5.01069617623868, -74.47018332195124",Directorio Comisarias Ley 2126
25,CUNDINAMARCA,25878,VIOTA,Municipio,6,1,1,Comisaría de Familia Viotá,Cl. 17 #16-21,3112625013,8:00 - 12:30 y 14:00 - 18:00,-74.52065548,4.437043931,"4.43704393092808, -74.5206554771536",Directorio Comisarias Ley 2126
25,CUNDINAMARCA,25885,YACOPI,Municipio,6,1,1,Comisaría de Familia Yacopí,Cl. 10 #4-38,3134031680,8:00 - 13:00 y 14:00 - 18:00,-74.33857724,5.460329599,"5.4603295988557585, -74.33857723921109",Directorio Comisarias Ley 2126
25,CUNDINAMARCA,25898,ZIPACON,Municipio,6,1,1,Comisaría de Familia Zipacón,Cl. 5 #3-63,3166301521,8:00 - 13:00 y 14:00 - 17:00,-74.37991944,4.75940065,"4.759400650432202, -74.37991944424162",Directorio Comisarias Ley 2126
27,CHOCO,27006,ACANDI,Municipio,6,1,1,Comisaría de Familia Acandí,"Cl. Consistorial, con Av. las Flores",68228551,8:00 - 12:00 y 14:00 - 18:00,-77.27623339,8.51235888,"8.512358879802369, -77.27623338932179",Directorio Comisarias Ley 2126
27,CHOCO,27025,ALTO BAUDO,Municipio,6,1,1,Comisaría de Familia Alto Baudó,"Pie de Pató, Barrio Telecom",No registra,8:00 - 12:00 y 14:00 - 18:00,No registra en Google Map,No registra en Google Map,No registra en Google Map,Directorio Comisarias Ley 2126
27,CHOCO,27050,ATRATO,Municipio,6,1,1,Comisaría de Familia Atrato,B. Santander,3207216414,8:00 - 12:00 y 14:00 - 18:00,No registra en Google Map,No registra en Google Map,No registra en Google Map,Directorio Comisarias Ley 2126
27,CHOCO,27073,BAGADO,Municipio,6,1,1,Comisaría de Familia Bagadó,B. San Martín,3216161775,8:00 - 12:00 y 14:00 - 18:00,-76.41574923,5.412063398,"5.4120633984510835, -76.41574923300408",Directorio Comisarias Ley 2126
27,CHOCO,27075,BAHIA SOLANO,Municipio,6,1,1,Comisaría de Familia Bahía Solano,Cra 2 con Cl. 4,3226005552,8:00 - 12:00 y 14:00 - 18:00,-77.40548174,6.225206469,"6.2252064692975555, -77.40548174108865",Directorio Comisarias Ley 2126
27,CHOCO,27077,BAJO BAUDO,Municipio,6,1,1,Comisaría de Familia Bajo Baudó,Barrió Santander,3116375719,8:00 - 12:00 y 14:00 - 18:00,No registra en Google Map,No registra en Google Map,No registra en Google Map,Directorio Comisarias Ley 2126
27,CHOCO,27099,BOJAYA,Municipio,6,1,1,Comisaría de Familia Bojayá,Cl. Principal Nuevo Bellavista,3206645452,8:00 - 12:00 y 14:00 - 18:00,-76.89483973,6.55812658,"6.558126579763612, -76.89483973425655",Directorio Comisarias Ley 2126
27,CHOCO,27135,EL CANTON DEL SAN PABLO,Municipio,6,1,1,Comisaría de Familia El Cantón Del San Pablo,Cra 2 Cl. 5 #2-1,3113618327,8:00 - 12:00 y 14:00 - 18:00,No registra en Google Map,No registra en Google Map,No registra en Google Map,Directorio Comisarias Ley 2126
27,CHOCO,27150,CARMEN DEL DARIEN,Municipio,6,1,1,Comisaría de Familia Carmen Del Darién,Cra. 2 B. Jardin - Curbarado,3116863634,8:00 - 12:00 y 14:00 - 18:00,-76.97276231,7.157085138,"7.1570851382172895, -76.97276231405756",Directorio Comisarias Ley 2126
27,CHOCO,27160,CERTEGUI,Municipio,6,1,1,Comisaría de Familia Cértegui,B. la Candelaria,3172132307,8:00 - 12:00 y 14:00 - 18:00,-76.60590306,5.371838893,"5.3718388928666325, -76.60590305848912",Directorio Comisarias Ley 2126
27,CHOCO,27205,CONDOTO,Municipio,6,1,1,Comisaría de Familia Condoto,Cl. 8 #7-26,3134330972,8:00 - 12:00 y 14:00 - 18:00,-76.64680118,5.094898103,"5.094898103214641, -76.64680117846991",Directorio Comisarias Ley 2126
27,CHOCO,27245,EL CARMEN DE ATRATO,Municipio,6,1,1,Comisaría de Familia El Carmen De Atrato,Cra 4 #5-39,3225372104,7:30 - 12:30 y 14:00 - 18:00,-76.14263881,5.899519267,"5.8995192673963395, -76.1426388149697",Directorio Comisarias Ley 2126
27,CHOCO,27250,EL LITORAL DEL SAN JUAN,Municipio,6,1,1,Comisaría de Familia El Litoral Del San Juan,B. 16 de Julio,3235202995,8:00 - 12:00 y 14:00 - 18:00,No registra en Google Map,No registra en Google Map,No registra en Google Map,Directorio Comisarias Ley 2126
27,CHOCO,27361,ISTMINA,Municipio,6,1,1,Comisaría de Familia Istmina,Cra 8 #19-03,6702082,8:00 - 12:00 y 14:00 - 18:00,-76.68544626,5.145950899,"5.1459508992737595, -76.68544626326081",Directorio Comisarias Ley 2126
27,CHOCO,27372,JURADO,Municipio,6,1,1,Comisaría de Familia Juradó,B. Pueblo Viejo,3212037936,8:00 - 12:00 y 14:00 - 18:00,No registra en Google Map,No registra en Google Map,No registra en Google Map,Directorio Comisarias Ley 2126
27,CHOCO,27413,LLORO,Municipio,6,1,1,Comisaría de Familia Lloró,Cl. 1 #1-62,311 780688,8:00 - 12:00 y 14:00 - 18:00,-76.54132957,5.498997868,"5.498997867529079, -76.54132957320462",Directorio Comisarias Ley 2126
27,CHOCO,27425,MEDIO ATRATO,Municipio,6,1,1,Comisaría de Familia Medio Atrato,Beté - Cabecera,3204177732,8:00 - 12:00 y 14:00 - 18:00,No registra en Google Map,No registra en Google Map,No registra en Google Map,Directorio Comisarias Ley 2126
27,CHOCO,27430,MEDIO BAUDO,Municipio,6,1,1,Comisaría de Familia Medio Baudó,B. Villanueva - Av. principal entrada a Puerto Meluk,3207077981,8:00 - 12:00 y 14:00 - 18:00,No registra en Google Map,No registra en Google Map,No registra en Google Map,Directorio Comisarias Ley 2126
27,CHOCO,27450,MEDIO SAN JUAN,Municipio,6,1,1,Comisaría de Familia Medio San Juan,B. Porvenir - Diagonal al Parque Central de Andagoya,3208187438,8:00 - 12:00 y 14:00 - 18:00,-76.69478366,5.095053512,"5.095053511732693, -76.69478365735841",Directorio Comisarias Ley 2126
27,CHOCO,27491,NOVITA,Municipio,6,1,1,Comisaría de Familia Nóvita,Cl. 2 Barrio/El Rosario,3136979468,8:00 - 12:00 y 14:00 - 18:00,-76.60771925,4.954694489,"4.954694489162512, -76.60771924903682",Directorio Comisarias Ley 2126
27,CHOCO,27495,NUQUI,Municipio,6,1,1,Comisaría de Familia Nuquí,B. La Union,3148415999,8:00 - 12:00 y 14:00 - 18:00,-77.26303894,5.709478022,"5.709478022194634, -77.26303893847529",Directorio Comisarias Ley 2126
27,CHOCO,27580,RIO IRO,Municipio,6,1,1,Comisaría de Familia Río Iró,"Santa Rita, B. el Rosario",3234751603,8:00 - 12:00 y 14:00 - 18:00,No registra en Google Map,No registra en Google Map,No registra en Google Map,Directorio Comisarias Ley 2126
27,CHOCO,27600,RIO QUITO,Municipio,6,1,1,Comisaría de Familia Río Quito,B. Juan Pablo II,3126255726,8:00 - 12:00 y 14:00 - 18:00,No registra en Google Map,No registra en Google Map,No registra en Google Map,Directorio Comisarias Ley 2126
27,CHOCO,27660,SAN JOSE DEL PALMAR,Municipio,6,1,1,Comisaría de Familia San José Del Palmar,Cl. 9 #3-44,3206793313,8:00 - 12:00 y 14:00 - 18:00,-76.23437217,4.896358582,"4.896358581971078, -76.23437216722978",Directorio Comisarias Ley 2126
27,CHOCO,27745,SIPI,Municipio,6,1,1,Comisaría de Familia Sipí,B. Barrancón,3113806506,8:00 - 12:00 y 14:00 - 18:00,No registra en Google Map,No registra en Google Map,No registra en Google Map,Directorio Comisarias Ley 2126
27,CHOCO,27787,TADO,Municipio,6,1,1,Comisaría de Familia Tadó,Cl. 5 #16-21,3126440860,8:00 - 12:00 y 14:00 - 18:00,-76.56166386,5.26333668,"5.26333668014643, -76.56166385985905",Directorio Comisarias Ley 2126
27,CHOCO,27800,UNGUIA,Municipio,6,1,1,Comisaría de Familia Unguía,Cl. 2 Cra 4 - 5,3026674652,8:00 - 12:00 y 14:00 - 18:00,-77.091807,8.040435159,"8.040435158916438, -77.09180699935207",Directorio Comisarias Ley 2126
27,CHOCO,27810,UNION PANAMERICANA,Municipio,6,1,1,Comisaría de Familia Unión Panamericana,Cl. 4 #9-38,6700182,8:00 - 12:00 y 14:00 - 18:00,No registra en Google Map,No registra en Google Map,No registra en Google Map,Directorio Comisarias Ley 2126
41,HUILA,41006,ACEVEDO,Municipio,6,1,1,Comisaría de Familia Acevedo,Cra 4 cl. 9 Esquina,3107561614,7:00 - 12:00 y 14:00 - 16:00,-75.88871754,1.806298411,"1.8062984114329734, -75.88871754224563",Directorio Comisarias Ley 2126
41,HUILA,41013,AGRADO,Municipio,6,1,2,Comisaría de Familia Agrado,Cra 4#5-48,8322006,7:00 - 12:00 y 14:00 - 17:00,-75.7700497,2.255533116,"2.2555331158389262, -75.77004970148518",Directorio Comisarias Ley 2126
41,HUILA,41016,AIPE,Municipio,6,1,1,Comisaría de Familia Aipe,Cra 4 #2-102,3106969518,7:00 - 12:00 y 14:00 - 18:00,-75.23688828,3.219911975,"3.219911975242332, -75.23688827661245",Directorio Comisarias Ley 2126
41,HUILA,41020,ALGECIRAS,Municipio,6,1,1,Comisaría de Familia Algeciras,Cra 5 Con Cl. 6 esquina,8382012,8:00 - 12:00 y 14:00 - 18:00,-75.3155896,2.524826239,"2.524826239193724, -75.3155896014794",Directorio Comisarias Ley 2126
41,HUILA,41026,ALTAMIRA,Municipio,6,1,1,Comisaría de Familia Altamira,Cra 3 #6-06,323 3935826,8:00 - 12:00 y 14:00 - 18:00,-75.78632403,2.063585126,"2.0635851260961835, -75.78632403428719",Directorio Comisarias Ley 2126
41,HUILA,41078,BARAYA,Municipio,6,1,1,Comisaría de Familia Baraya,Cra 5 #2C-42,3186953821,8:00 - 12:30 y 14:00 - 18:00,-75.05222388,3.153518014,"3.1535180136582683, -75.05222388203121",Directorio Comisarias Ley 2126
41,HUILA,41132,CAMPOALEGRE,Municipio,6,1,1,Comisaría de Familia Campoalegre,Cl. 18 # 7-32,88380088,8:30 - 11:30 y 14:00 - 16:30,-75.32447266,2.684240353,"2.6842403532656927, -75.32447266311989",Directorio Comisarias Ley 2126
41,HUILA,41206,COLOMBIA,Municipio,6,1,1,Comisaría de Familia Colombia,Cl. 6 #3-74,3123373866,8:00 - 12:00 y 14:00 - 18:00,-74.80227936,3.376392524,"3.376392524009909, -74.8022793606017",Directorio Comisarias Ley 2126
41,HUILA,41244,ELIAS,Municipio,6,1,1,Comisaría de Familia Elías,Cl. 2 #4-28,3114752287,7:30 - 12:00 y 13:30 - 17:00,-75.9390112,2.01303177,"2.013031770166611, -75.93901120165759",Directorio Comisarias Ley 2126
41,HUILA,41306,GIGANTE,Municipio,6,1,1,Comisaría de Familia Gigante,Cl. 3 #4-11,8325122,7:00 - 12:00 y 14:00 - 17:00,-75.54710912,2.388751403,"2.3887514032012342, -75.54710912332753",Directorio Comisarias Ley 2126
41,HUILA,41319,GUADALUPE,Municipio,6,1,1,Comisaría de Familia Guadalupe,Cra 2 #4-16,3222748510,8:00 - 12:00 y 14:00 - 16:30,-75.75438773,2.024712524,"2.0247125244049653, -75.75438773006735",Directorio Comisarias Ley 2126
41,HUILA,41349,HOBO,Municipio,6,1,1,Comisaría de Familia Hobo,Cra 9 #5-41,3209533502,8:00 - 12:00 y 14:00 - 18:00,-75.45226652,2.584314391,"2.5843143908290296, -75.45226652355228",Directorio Comisarias Ley 2126
41,HUILA,41357,IQUIRA,Municipio,6,1,1,Comisaría de Familia Íquira,Cl. 4 #6-29,8394622,8:00 - 12:00 y 14:00 - 18:30,-75.6357422,2.649357757,"2.6493577566049935, -75.6357421986302",Directorio Comisarias Ley 2126
41,HUILA,41359,ISNOS,Municipio,6,1,1,Comisaría de Familia Isnos,Cra 3 #4-26,3232795856,8:00 - 12:30 y 14:00 - 17:30,-76.2145013,1.930072733,"1.930072732900189, -76.21450130050057",Directorio Comisarias Ley 2126
41,HUILA,41378,LA ARGENTINA,Municipio,6,1,1,Comisaría de Familia La Argentina,Cl. 6 #3-52,3105491838,8:00 - 12:00 y 14:00 - 17:00,-75.98013788,2.197214865,"2.197214865171334, -75.98013787762679",Directorio Comisarias Ley 2126
41,HUILA,41396,LA PLATA,Municipio,6,1,1,Comisaría de Familia La Plata,Cra 8 #10a-32,3143111495,7:30 - 16:30,-75.8927271,2.395032033,"2.3950320327468284, -75.89272710463334",Directorio Comisarias Ley 2126
41,HUILA,41483,NATAGA,Municipio,6,1,1,Comisaría de Familia Nátaga,Cra 8 #2-43,3183475723,7:30 - 12:00 y 14:00 - 18:00,-75.80988593,2.543671329,"2.543671329033808, -75.80988592694037",Directorio Comisarias Ley 2126
41,HUILA,41503,OPORAPA,Municipio,6,1,1,Comisaría de Familia Oporapa,Cl. 5 #6-79,3168317988,8:00 - 12:00 y 14:00 - 18:00,-75.9950629,2.023387603,"2.023387603355317, -75.99506290061895",Directorio Comisarias Ley 2126
41,HUILA,41518,PAICOL,Municipio,6,1,1,Comisaría de Familia Paicol,Cl. 4 #6-68,5800204,7:00 - 12:30 y 14:00 - 17:00,-75.77357696,2.448959983,"2.4489599830949422, -75.77357696312085",Directorio Comisarias Ley 2126
41,HUILA,41524,PALERMO,Municipio,6,1,1,Comisaría de Familia Palermo,Cra 8 #8-54,3167166226,7:00 - 12:30 y 14:00 - 17:30,-75.43473833,2.889180147,"2.889180146676559, -75.43473833428399",Directorio Comisarias Ley 2126
41,HUILA,41530,PALESTINA,Municipio,6,1,1,Comisaría de Familia Palestina,Cl. 3 #3-52,3174380197,8:00 - 12:00 y 13:00 - 17:00,-76.13111686,1.723464062,"1.7234640623439375, -76.13111685845014",Directorio Comisarias Ley 2126
41,HUILA,41548,PITAL,Municipio,6,1,1,Comisaría de Familia Pital,Cl. 6 #10-15,3503189850,8:00 - 12:30 y 14:00 - 18:00,-75.80565032,2.265189247,"2.265189246549814, -75.80565031556245",Directorio Comisarias Ley 2126
41,HUILA,41615,RIVERA,Municipio,6,1,1,Comisaría de Familia Rivera,Cra 7 #2-67,318 252 9699,8:00 - 12:30 y 14:00 - 18:00,-75.25787669,2.777329081,"2.7773290808193485, -75.25787668604798",Directorio Comisarias Ley 2126
41,HUILA,41660,SALADOBLANCO,Municipio,6,1,1,Comisaría de Familia Saladoblanco,Cl. 2 #5-64,3142957484,8:00 - 12:00 y 14:00 - 18:00,-76.04535856,1.991671821,"1.9916718210386855, -76.04535855821189",Directorio Comisarias Ley 2126
41,HUILA,41668,SAN AGUSTIN,Municipio,6,1,1,Comisaría de Familia San Agustín,Cra. 11 #3-61,8373177,8:00 - 12:00 y 14:00 - 16:00,-76.27220028,1.881844394,"1.8818443944749725, -76.27220028121546",Directorio Comisarias Ley 2126
41,HUILA,41676,SANTA MARIA,Municipio,6,1,1,Comisaría de Familia Santa María,Cra. 4 #10-12,8787472,7:30 - 12:00 y 14:00 - 18:00,-75.57008064,2.981624593,"2.9816245926211664, -75.57008064350956",Directorio Comisarias Ley 2126
41,HUILA,41770,SUAZA,Municipio,6,1,1,Comisaría de Familia Suaza,Cl. 7A #3-07,8324036,8:00 - 12:00 y 14:00 - 18:00,-75.79362703,1.977733216,"1.977733216038792, -75.79362703032558",Directorio Comisarias Ley 2126
41,HUILA,41791,TARQUI,Municipio,6,1,1,Comisaría de Familia Tarqui,Cra 9 #4-38,3203030375,7:30 - 12:30 y 14:00 - 18:00,-75.82461391,2.114104845,"2.1141048447671955, -75.82461390545207",Directorio Comisarias Ley 2126
41,HUILA,41797,TESALIA,Municipio,6,1,1,Comisaría de Familia Tesalia,Cra 9 #6-11,3183497576,7:30 - 12:30 y 14:00 - 18:00,-75.73077693,2.487189366,"2.487189366053819, -75.73077693428566",Directorio Comisarias Ley 2126
41,HUILA,41799,TELLO,Municipio,6,1,1,Comisaría de Familia Tello,Cl. 5A #4-03,3187999570,7:00 - 12:00 y 14:00 - 17:00,-75.13797898,3.066850305,"3.066850304671796, -75.13797897661318",Directorio Comisarias Ley 2126
41,HUILA,41801,TERUEL,Municipio,6,1,1,Comisaría de Familia Teruel,Cl. 5 #3-59,3144716852,8:00 - 11:00 y 14:00 - 17:00,-75.56851771,2.740550996,"2.740550996025221, -75.56851770544968",Directorio Comisarias Ley 2126
41,HUILA,41807,TIMANA,Municipio,6,1,1,Comisaría de Familia Timaná,Cra 4 #9-88,8374130,7:30 - 12:00 y 14:00 - 17:30,-75.93214564,1.972440875,"1.9724408754861826, -75.93214563630768",Directorio Comisarias Ley 2126
41,HUILA,41872,VILLAVIEJA,Municipio,6,1,1,Comisaría de Familia Villavieja,Cl. 4 #4-70/80,3232331086,7:30 - 12:30 y 14:00 - 17:30,-75.21863199,3.220170275,"3.2201702752013244, -75.21863199010754",Directorio Comisarias Ley 2126
41,HUILA,41885,YAGUARA,Municipio,6,1,1,Comisaría de Familia Yaguará,Cra. 3 #2-05,3203602007,7:00 - 12:00 y 14:00 - 17:00,-75.516786,2.661477955,"2.66147795484441, -75.51678600201288",Directorio Comisarias Ley 2126
44,LA GUAJIRA,44078,BARRANCAS,Municipio,6,1,1,COMISARIA DE FAMILIA DE BARRACAS,"Calle 9 No. 7-18 Palacio Municipal, Barrancas - Guajira",315-2301616,Lunes a Viernes de 8:00 am a 12:00 m y de 2:00 pm a 6:00pm,"-72,7935757813","10,9586657579",10°57′21″N 72°47′31″O,Directorio Comisarias Ley 2126
44,LA GUAJIRA,44090,DIBULLA,Municipio,6,1,1,COMISARIA DE FAMILIA DE DIBULLA,Calle 6 # 3-36 Dibulla - La Guajira.,(+57) (5) 7200255,Lunes a Viernes de 8:00 am a 12:00 m y de 2:00 pm a 6:00pm,"-73,3076206855","11,2715687878",11° 16' 1'' N 73° 18' 0'' O,Directorio Comisarias Ley 2126
44,LA GUAJIRA,44098,DISTRACCION,Municipio,6,1,1,COMISARIA DE FAMILIA DE DISTRACCIÓN,Calle 11 No. 16A‐29,3158392455,Lunes a Viernes de 8:00 am a 12:00 m y de 2:00 pm a 6:00 pm,"-72,8873913777","10,8984720802",10° 54' 0'' N 72° 52' 59'' O,Directorio Comisarias Ley 2126
44,LA GUAJIRA,44110,EL MOLINO,Municipio,6,1,1,COMISARIA DE FAMILIA DE EL MOLINO,Carrera 2 No. 5-72 / Plaza Principal,3013045199,Lunes a Viernes de 8:00 am a 12:00 m y de 2:00 pm a 6:00pm,"-72,9267422648","10,6535029819",10° 39' 0'' N 72° 55' 1'' O,Directorio Comisarias Ley 2126
44,LA GUAJIRA,44279,FONSECA,Municipio,6,1,1,COMISARIA DE FAMILIA DE FONSECA,"Calle 12 No. 18 - 05, Palacio Municipal, Fonseca - Guajira.",3005548785,Lunes a viernes de 8:00 a.m. a 12:00 m. y de 2:00 p.m. a 6:00 p.m,"-72,8462546857","10,8866535788",10° 52' 59'' N72° 51' 0'' O,Directorio Comisarias Ley 2126
44,LA GUAJIRA,44378,HATONUEVO,Municipio,6,1,1,COMISARIA DE FAMILIA DE HATONUEVO,"Calle 13 N° 20 - 85, Barrio 20 de Julio, Palacio Municipal, Hatonuevo - Laguajira",3175134364,Lunes a Viernes de 8:00 am a 12:00 m y de 2:00 pm a 6:00pm,"-72,7590172472","11,0687421081",11° 4' 1'' N 72° 46' 1'' O,Directorio Comisarias Ley 2126
44,LA GUAJIRA,44420,LA JAGUA DEL PILAR,Municipio,6,1,1,COMISARIA DE FAMILIA DE LA JAGUA DEL PILAR,Carrera 4 No. 6 - 45 Palacion Municipal,3186940365,Lunes a Viernes de 8:00 am a 12:00 m y de 2:00 pm a 6:00pm,"-73,0725613221","10,5116713993",10°30′36″N 73°04′17″O,Directorio Comisarias Ley 2126
44,LA GUAJIRA,44650,SAN JUAN DEL CESAR,Municipio,6,1,1,COMISARIA DE FAMILIA DE SAN JUAN DEL CESAR,Calle 7 No 9A - 36 Calle del Embudo,3013715001,Lunes a Viernes de 8:00 am a 12:00 m y de 2:00 pm a 6:00pm,"-73,0005931272","10,7695782636",10° 46' 19'' N73° 0' 8'' O,Directorio Comisarias Ley 2126
44,LA GUAJIRA,44855,URUMITA,Municipio,6,1,1,COMISARIA DE FAMILIA DE URUMITA,Carrera 9B # 14 A - 27 - Palacio Municipal,57 5777 8040,Lunes a Viernes de 8:00 am a 12:00 m y de 2:00 pm a 6:00pm,"-73,0125081065","10,5601686746",10°33′37″N 73°00′49″O,Directorio Comisarias Ley 2126
44,LA GUAJIRA,44874,VILLANUEVA,Municipio,6,1,1,COMISARIA DE FAMILIA DE VILLANUEVA,carrera 8#12a-47,3008262300,Lunes a Viernes de 8:00 am a 12:00 m y de 2:00 pm a 6:00pm,"-72,9776225919","10,6088113359",10° 36' 0'' N72° 58' 59'' O,Directorio Comisarias Ley 2126
47,MAGDALENA,47030,ALGARROBO,Municipio,6,1,1,COMISARIA DE FAMILIA DE ALGARROBO,Carrera 9 # 8 - 44 - Parque Central,3042097290,Lunes a Viernes de 8:00 am a 12:00 m y de 2:00 pm a 6:00pm,"-74,061131388","10,1880372898",10º 11' 19' N 74º 3' 53'O.,Directorio Comisarias Ley 2126
47,MAGDALENA,47053,ARACATACA,Municipio,6,1,1,COMISARIA DE FAMILIA DE ARACATACA,Calle 9 #4A-32,3188645479,Lunes a Viernes de 8:00 am a 12:00 m y de 2:00 pm a 6:00pm,"-74,1867609537","10,5897988592",10°35′28″N 74°11′06″O,Directorio Comisarias Ley 2126
47,MAGDALENA,47058,ARIGUANI,Municipio,6,1,1,COMISARIA DE FAMILIA DE ARIGUANÍ,Calle 4 N. 5-102 Plaza Principal,3106827904,Lunes a Viernes de 8:00 am a 12:00 m y de 2:00 pm a 6:00pm,"-74,2364991914","9,84705461368",9°50′49″N 74°14′12″O,Directorio Comisarias Ley 2126
47,MAGDALENA,47161,CERRO DE SAN ANTONIO,Municipio,6,1,1,COMISARIA DE FAMILIA DE CERRO DE SAN ANTONIO,Calle 2 Kra 2-12 Esquina Palacio Municipal 1 Piso,3016112088,Lunes a Viernes de 8:00 am a 12:00 m y de 2:00 pm a 6:00pm,"-74,8684730704","10,3256533075",10° 19' 59'' N74° 52' 1'' O,Directorio Comisarias Ley 2126
47,MAGDALENA,47170,CHIVOLO,Municipio,6,1,1,COMISARIA DE FAMILIA DE CHIVOLO,Transversal 5 # 1A - 80 Chibolo,(4)854213,Lunes a Viernes de 8:00 am a 12:00 m y de 2:00 pm a 6:00pm,"-74,6231370766","10,0268400946",Null,Directorio Comisarias Ley 2126
47,MAGDALENA,47205,CONCORDIA,Municipio,6,1,1,COMISARIA DE FAMILIA DE CONCORDIA,Carrera 4 No. 5A - 18 Palacio Municipal.,3183484591,Lunes a Viernes de 8:00 am a 12:00 m y de 2:00 pm a 6:00pm,"-74,833031377","10,2573102662",10° 1' 31'' N 74° 37' 14'' O,Directorio Comisarias Ley 2126
47,MAGDALENA,47245,EL BANCO,Municipio,6,1,1,COMISARIA DE FAMILIA DE EL BANCO,Calle 7 #12=85 Palacio Municipal,3117616751,Lunes a Viernes de 8:00 am a 12:00 m y de 2:00 pm a 6:00pm,"-73,9742847149","9,0087359751",9° 0' 0'' N73° 58' 1'' O,Directorio Comisarias Ley 2126
47,MAGDALENA,47258,EL PINON,Municipio,6,1,1,COMISARIA DE FAMILIA DE EL PIÑÓN,Calle 15 N° 1-30 Plaza la Libertad,57 5878 1833,Lunes a Viernes de 8:00 am a 12:00 m y de 2:00 pm a 6:00pm,"-74,8232919445","10,4030943537",10°24′14″N 74°49′23″O.,Directorio Comisarias Ley 2126
47,MAGDALENA,47268,EL RETEN,Municipio,6,1,1,COMISARIA DE FAMILIA DE EL RETÉN,Carrera 5 # 4-32 Barrio Centro,3101234567,Lunes a Viernes de 8:00 am a 12:00 m y de 2:00 pm a 6:00pm,"-74,2684546741","10,6106681998",10°36′38″N 74°16′06″O,Directorio Comisarias Ley 2126
47,MAGDALENA,47288,FUNDACION,Municipio,6,1,1,COMISARIA DE FAMILIA DE FUNDACIÓN,"Carrera 5 # 4-48 Barrio Centro, Fundación",(+57) (5) 4140498,lunes a viernes de 8:00 am a 12:00 pm y 2:00 pm a 4:00 pm,"-74,1913417387","10,5140917977",10° 31' 14'' N 74° 11' 14'' O,Directorio Comisarias Ley 2126
47,MAGDALENA,47318,GUAMAL,Municipio,6,1,1,COMISARIA DE FAMILIA DE GUAMAL,CALLE 4 N 4A -33,57 5418 2072,Lunes a Viernes de 8:00 am a 12:00 m y de 2:00 pm a 6:00pm,"-74,2236997384","9,14438638111",9° 9' 0'' N74° 13' 59'' O,Directorio Comisarias Ley 2126
47,MAGDALENA,47460,NUEVA GRANADA,Municipio,6,1,1,COMISARIA DE FAMILIA DE NUEVA GRANADA,Carrera 5 No. 4A -57 - Palacio Municipal,323 650 44 49,Lunes a Viernes de 8:00 am a 12:00 m y de 2:00 pm a 6:00pm,"-74,392235318","9,80154812175",9° 48' 0'' N 74° 24' 0'' O,Directorio Comisarias Ley 2126
47,MAGDALENA,47541,PEDRAZA,Municipio,6,1,1,COMISARIA DE FAMILIA DE PEDRAZA,Calle 5 Kra 4 – 27 Barrio Arriba,310 4529197,Lunes a Viernes de 8:00 am a 12:00 m y de 2:00 pm a 6:00pm,"-74,9154587828","10,1882048875",10° 10' 59'' N 74° 55' 1'' O,Directorio Comisarias Ley 2126
47,MAGDALENA,47545,PIJINO DEL CARMEN,Municipio,6,1,1,COMISARIA DE FAMILIA DE PIJIÑO DEL CARMEN,Carrera 5 N° 8 - 46 - Pijiño del Carmen,57 5685 6370,Lunes a Viernes de 8:00 am a 12:00 m y de 2:00 pm a 6:00pm,"-74,4582175584","9,33195248638",9° 20' 37'' N 74° 25' 30'' O,Directorio Comisarias Ley 2126
47,MAGDALENA,47551,PIVIJAY,Municipio,6,1,1,COMISARIA DE FAMILIA DE PIVIJAY,calle 4 No 14 - 05 Pivijay,3244800363,Lunes a Viernes de 8:00 am a 12:00 m y de 2:00 pm a 6:00pm,"-74,6135180767","10,4606939662",10° 28' 1'' N 74° 37' 1'' O,Directorio Comisarias Ley 2126
47,MAGDALENA,47555,PLATO,Municipio,6,1,1,COMISARIA DE FAMILIA DE PLATO,Cra 12 con calle 4,(+57) 5 4850024,Lunes a Viernes de 8:00 am a 12:00 m y de 2:00 pm a 6:00pm,"-74,784684214","9,79677054749",9° 46' 59'' N 74° 46' 59'' O,Directorio Comisarias Ley 2126
47,MAGDALENA,47570,PUEBLOVIEJO,Municipio,6,1,1,COMISARIA DE FAMILIA DE PUEBLOVIEJO,calle 5 No. 6-72,3246402102,Lunes a Viernes de 8:00 am a 12:00 m y de 2:00 pm a 6:00pm,"-74,2824768666","10,9948385981",10° 58' 40'' N74° 19' 38'' O,Directorio Comisarias Ley 2126
47,MAGDALENA,47605,REMOLINO,Municipio,6,1,1,COMISARIA DE FAMILIA DE REMOLINO,Calle 10 Carrera 2 Esquina Edificio El Palacio Municipal,3045853107,Lunes a Viernes de 8:00 am a 12:00 m y de 2:00 pm a 6:00pm,"-74,716139312","10,7021709717",10° 42' 0'' N74° 43' 1'' O,Directorio Comisarias Ley 2126
47,MAGDALENA,47660,SABANAS DE SAN ANGEL,Municipio,6,1,1,COMISARIA DE FAMILIA DE SABANAS DE SAN ÁNGEL,"Cra 3 N° 3-10 Plaza Principal, San Ángel.",3104104781,Lunes a Viernes de 8:00 am a 12:00 m y de 2:00 pm a 6:00pm,"-74,2139389889","10,0325378237",10° 1' 59'' N74° 13' 1'' O,Directorio Comisarias Ley 2126
47,MAGDALENA,47675,SALAMINA,Municipio,6,1,1,COMISARIA DE FAMILIA DE SALAMINA,Calle 7 # 2-13 - Palacio Municipal - Salamina,3003623688,Lunes a Viernes de 8:00 am a 12:00 m y de 2:00 pm a 6:00pm,"-74,7941894058","10,4912293928",10°29′25″N 74°47′38″O,Directorio Comisarias Ley 2126
47,MAGDALENA,47692,SAN SEBASTIAN DE BUENAVISTA,Municipio,6,1,1,COMISARIA DE FAMILIA DE SAN SEBASTIÁN DE BUENAVISTA,Cra 5 No 3-82 Esquina - Palacio Municipal,310 426 36 96,Lunes a Viernes de 8:00 am a 12:00 m y de 2:00 pm a 6:00pm,"-74,3516789515","9,24078172832",9°14′21″N 74°21′07″O,Directorio Comisarias Ley 2126
47,MAGDALENA,47703,SAN ZENON,Municipio,6,1,1,COMISARIA DE FAMILIA DE SAN ZENÓN,Cra 2 Numero 10 - 08 Esquina - Palacio Municipal,3017625195,Lunes a Viernes de 8:00 am a 12:00 m y de 2:00 pm a 6:00pm,"-74,4989888678","9,24506385456",9°14′42″N 74°29′57″O,Directorio Comisarias Ley 2126
47,MAGDALENA,47707,SANTA ANA,Municipio,6,1,1,COMISARIA DE FAMILIA DE SANTA ANA,Calle 2 No. 5 - 66 Barrio Centro,+57 5683 7076,Lunes a Viernes de 8:00 am a 12:00 m y de 2:00 pm a 6:00pm,"-74,5668440377","9,32429335632",9° 19' 1'' N74° 34' 1'' O,Directorio Comisarias Ley 2126
47,MAGDALENA,47720,SANTA BARBARA DE PINTO,Municipio,6,1,1,COMISARIA DE FAMILIA DE SANTA BÁRBARA DE PINTO,"Carrera 6 No 3 A ⎯ 40 Calle los Almendros, Barrio Papelillo",314 790429,Lunes a Viernes de 8:00 am a 12:00 m y de 2:00 pm a 6:00pm,"-74,7046839218","9,4322584701",9° 26' 2'' N74° 42' 12'' O,Directorio Comisarias Ley 2126
47,MAGDALENA,47798,TENERIFE,Municipio,6,1,1,COMISARIA DE FAMILIA DE TENERIFE,Carrera 4 # 8-07 Barrio Centro,+57 5486 0562,Lunes a Viernes de 8:00 am a 12:00 m y de 2:00 pm a 6:00pm,"-74,8607737651","9,8977882091",9° 54' 0'' N 74° 52' 1'' O,Directorio Comisarias Ley 2126
47,MAGDALENA,47960,ZAPAYAN,Municipio,6,1,1,COMISARIA DE FAMILIA DE ZAPAYÁN,Cra 7 # 9-68 Punta de Piedras Zapayán,321542248,Lunes a Viernes de 8:00 am a 12:00 m y de 2:00 pm a 6:00pm,-74717,10167,10°10′09″N 74°43′03″O,Directorio Comisarias Ley 2126
47,MAGDALENA,47980,ZONA BANANERA,Municipio,6,1,1,COMISARIA DE FAMILIA DE ZONA BANANERA,"Casa 9, Prado Sevilla, Sevilla, Zona Bananera",3226751733,Lunes a Viernes de 8:00 a.m. a 12:00 m. y 1:00 p.m. a 5:00 p.m.,"-74,1400846875","10,7630254626",10° 39' 8'' N74° 10' 0'' O,Directorio Comisarias Ley 2126
50,META,50110,BARRANCA DE UPIA,Municipio,6,1,1,COMISARIA DE FAMILIA DE BARRANCA DE UPÍA,"Sede principal Calle 11 Nº 2-15/17 - Barrio Centro, Palacio Municipal",3108793911,Lunes a Jueves de 7:00 am a 12:00 m y de 2:00 pm a 6:00 pm y Viernes de 7:00 am a 12:00 m y de 2:00 pm a 5:00 pm,-72963415,4.5707393,4°33′53″N 72°57′45″O,Directorio Comisarias Ley 2126
50,META,50124,CABUYARO,Municipio,6,1,1,COMISARIA DE FAMILIA DE CABUYARO,Carrera 7 No. 7- 35 Barrio Centro,3212550090,unes a Viernes de 8:00am a 11:30am y de 2:00pm a 5:00pm,"-72,7919811358","4,28592465004",4°17′09″N 72°47′29″O,Directorio Comisarias Ley 2126
50,META,50150,CASTILLA LA NUEVA,Municipio,6,1,1,COMISARIA DE FAMILIA DE CASTILLA LA NUEVA,Calle 6 # 8-10 Barrio Centro,3123051602,Lunes a Jueves: 07:30 A.M. - 12:00 M y 1:30 P.M. - 05:30 P.M. Viernes: 07:30 A.M. - 12:00 M y 1:30 P.M. - 05:00 P.M,"-73,6881308587","3,82804244894",3° 49' 59'' N 73° 40' 59'' O,Directorio Comisarias Ley 2126
50,META,50223,CUBARRAL,Municipio,6,1,1,COMISARIA DE FAMILIA DE CUBARRAL,Carrera 9 # 8 - 12 - Parque Central,3103026881,Lunes a Viernes de 8:00 am a 12:00 m y de 2:00 pm a 6:00pm,"-73,8377386881","3,79361967387",3°47′34″N 73°50′15″O,Directorio Comisarias Ley 2126
50,META,50226,CUMARAL,Municipio,6,1,1,COMISARIA DE FAMILIA DE CUMARAL,Calle 11 # 20-20 Centro,3102537150,Lunes a Viernes de 8:00 am a 12:00 m y de 2:00 pm a 6:00pm,"-73,4861069057","4,26953744789",4°16′10″N 73°29′11″O﻿,Directorio Comisarias Ley 2126
50,META,50245,EL CALVARIO,Municipio,6,1,1,COMISARIA DE FAMILIA DE EL CALVARIO,Calle 6 N° 5 - 12 - Palacio Municipal,3124749596,Lunes a Viernes de 8:00 am a 12:00 m y de 2:00 pm a 6:00pm,"-73,7133268969","4,35261856617",4° 21' 48'' N73° 43' 15'' O,Directorio Comisarias Ley 2126
50,META,50251,EL CASTILLO,Municipio,6,1,1,COMISARIA DE FAMILIA DE EL CASTILLO,Cra 7 # 11-01 El Castillo,3152203533,lunes a viernes 7:30 am-12:00 m y 1:30 pm a 5:00 pm,"-73,7940123336","3,56383333473",43°28′09″N 3°45′58″O,Directorio Comisarias Ley 2126
50,META,50270,EL DORADO,Municipio,6,1,1,COMISARIA DE FAMILIA DE EL DORADO,Cra 5 Nº 6-25 Centro,3213096008,Lunes a Viernes : 7:00 am - 12:00 m y de 2:00 p.m - 5:00 pm,"-73,8350177222","3,7399977854",3° 43' 59'' N73° 49' 59'' O,Directorio Comisarias Ley 2126
50,META,50287,FUENTE DE ORO,Municipio,6,1,1,COMISARIA DE FAMILIA DE FUENTE DE ORO,Carrera 13 # 10 - 58 Barrio El Centro,3102673657,Lunes a Viernes de 8:00 am a 12:00 m y de 2:00 pm a 6:00pm,"-73,6179805402","3,46287020088",3°27′45″N 73°37′09″O,Directorio Comisarias Ley 2126
50,META,50318,GUAMAL,Municipio,6,1,1,COMISARIA DE FAMILIA DE GUAMAL,Calle 13 N° 07-09 Barrio Los Fundadores,3107860312,Lunes a Viernes 7:00 A.M. a 12:00 M. - 2:00 P.M. A 5:00 P.M.,"-73,7699625676","3,88014002777",9° 9' 0'' N74° 13' 59'' O,Directorio Comisarias Ley 2126
50,META,50325,MAPIRIPAN,Municipio,6,1,1,COMISARIA DE FAMILIA DE MAPIRIPÁN,Cll. 5 Nº 21-28 La Loma,3103210656,Lunes a Viernes de 8:00 am a 12:00 m y de 2:00 pm a 6:00pm,"-72,1356448716","2,89643885969",2°53′31″N 72°08′01″O﻿,Directorio Comisarias Ley 2126
50,META,50330,MESETAS,Municipio,6,1,1,COMISARIA DE FAMILIA DE MESETAS,Carrera 17 Numero 4 - 71/79 Barrio el Centro,3124977887,Lunes a Viernes de 8:00 am a 12:00 m y de 2:00 pm a 6:00pm,"-74,0443712626","3,38325958558",3°23′03″N 74°02′43″O,Directorio Comisarias Ley 2126
50,META,50350,LA MACARENA,Municipio,6,1,1,COMISARIA DE FAMILIA DE LA MACARENA,Carrera 4 No. 10 - 21 Barrio Los Cristales,3134684214,Lunes a Viernes de 8:00 am a 12:00 m y de 2:00 pm a 6:00pm,"-73,7870674795","2,17821444079",2° 11' 1'' N 73° 47' 2'' O,Directorio Comisarias Ley 2126
50,META,50370,URIBE,Municipio,6,1,1,COMISARIA DE FAMILIA DE URIBE,Calle 5 No 5 - 27 Barrio Industrial,3224784105,Lunes a Viernes de 8:00 am a 12:00 m y de 2:00 pm a 6:00pm,"-74,3515437091","3,23965331351",3°14′27″N 74°21′13″O,Directorio Comisarias Ley 2126
50,META,50400,LEJANIAS,Municipio,6,1,2,COMISARIA DE FAMILIA DE LEJANÍAS,Carrera 12 Nº 6- 37,3115064211,Lunes a Viernes de 8:00 am a 12:00 m y de 2:00 pm a 6:00pm,"-74,0231951223","3,52474093193",3°31′37″N 74°01′24″O,Directorio Comisarias Ley 2126
50,META,50450,PUERTO CONCORDIA,Municipio,6,1,1,COMISARIA DE FAMILIA DE PUERTO CONCORDIA,carrera 3 Nº 12-39 barrio El Bosque,322 934 0804,Lunes a Viernes de 8:00 am a 12:00 m y de 2:00 pm a 6:00pm,"-72,7600452582","2,62308359227",2°37′24″N 72°45′33″O,Directorio Comisarias Ley 2126
50,META,50577,PUERTO LLERAS,Municipio,6,1,1,COMISARIA DE FAMILIA DE PUERTO LLERAS,Carrera 5 # 5 - 156 Barrio La Esperanza,3138853284,Lunes a Viernes de 8:00 am a 12:00 m y de 2:00 pm a 6:00pm,"-73,3738481508","3,27211893514",3°16′09″N 73°22′34″O,Directorio Comisarias Ley 2126
50,META,50590,PUERTO RICO,Municipio,6,1,1,COMISARIA DE FAMILIA DE PUERTO RICO,Carrera 3 N° 13-37 Barrio el Centro,3212268482,Lunes a Viernes de 8:00 am a 12:00 m y de 2:00 pm a 6:00pm,"-73,2065146907","2,93974329234",6º29'35''N74º24'26O,Directorio Comisarias Ley 2126
50,META,50606,RESTREPO,Municipio,6,1,1,COMISARIA DE FAMILIA DE RESTREPO,CALLE 7 CARRERA 8 01 BARRIO CENTRO,3123061176,Lunes a Viernes de: 7:30 am a 12:00 m y 1:00 pm a 5:00 pm,"-73,5646064827","4,26072972714",4° 15' 44'' N73° 33' 54'' O,Directorio Comisarias Ley 2126
50,META,50680,SAN CARLOS DE GUAROA,Municipio,6,1,1,COMISARIA DE FAMILIA DE SAN CARLOS DE GUAROA,Calle 4 No. 10-37 Centro,314 308 4267,Lunes a Viernes de 8:00 am a 12:00 m y de 2:00 pm a 6:00pm,"-73,2414110088","3,71053695717",3°42′40″N 73°14′33″O,Directorio Comisarias Ley 2126
50,META,50683,SAN JUAN DE ARAMA,Municipio,6,1,2,COMISARIA DE FAMILIA DE SAN JUAN DE ARAMA,Carrera 9 N° 11-25/35 Barrio el Centro,3138858755,Lunes a Viernes de 8:00 am a 12:00 m y de 2:00 pm a 6:00pm,"-73,8758311729","3,37372791392",3° 22' 20'' N 73° 52' 34'' O,Directorio Comisarias Ley 2126
50,META,50686,SAN JUANITO,Municipio,6,1,1,COMISARIA DE FAMILIA DE SAN JUANITO,Carrera 3a. No. 6-54 Centro,3134040868,Lunes a Viernes de 8:00 am a 12:00 m y de 2:00 pm a 6:00pm,"-73,6767015182","4,45818278703",4° 27' 29'' N73° 40' 36'' O,Directorio Comisarias Ley 2126
50,META,50689,SAN MARTIN,Municipio,6,1,1,COMISARIA DE FAMILIA DE SAN MARTÍN,"Carrera 5 N° 4 - 75, Barrio Fundadores",3208411236,Lunes a Viernes de 8:00 am a 12:00 m y de 2:00 pm a 6:00pm,"-73,6956173593","3,70188012803",8°00′00″N 73°30′37″O,Directorio Comisarias Ley 2126
50,META,50711,VISTAHERMOSA,Municipio,6,1,1,COMISARIA DE FAMILIA DE VISTAHERMOSA,Carrera 13 Calle 9ª Esquina,3147569909,Lunes a Viernes de 8:00 am a 12:00 m y de 2:00 pm a 6:00pm,"-73,7510280336","3,1256671671",3°07′26″N 73°45′05″O,Directorio Comisarias Ley 2126
52,NARINO,52019,ALBAN,Municipio,6,1,1,COMISARIA DE FAMILIA DE ALBÁN,Calle 4 No. 2-04 B/Bello Horizonte,3234859559,Lunes a Viernes de 8:00 am a 12:00 m y de 2:00 pm a 6:00pm,"-77,0807152293","1,47496804045",1°28′26″N 77°04′51″O,Directorio Comisarias Ley 2126
52,NARINO,52022,ALDANA,Municipio,6,1,1,COMISARIA DE FAMILIA DE ALDANA,Carrera 5 No. 5A - 32 Barrio el Centro,3184511225,Lunes a Viernes de 8:00 am a 12:00 m y de 2:00 pm a 6:00pm,"-77,7003576715","0,882181786542",0° 52' 59'' N: 77° 42' 0'' O,Directorio Comisarias Ley 2126
52,NARINO,52036,ANCUYA,Municipio,6,1,1,COMISARIA DE FAMILIA DE ANCUYA,Calle 2 # 3-59 B/ Libertad,3167475769,Lunes a Viernes de: 8:00 am a 12:00 m y 1:00 pm a 5:00 pm,"-77,5145167557","1,2633075786",1° 15' 47'' N77° 30' 49'' O,Directorio Comisarias Ley 2126
52,NARINO,52051,ARBOLEDA,Municipio,6,1,1,COMISARIA DE FAMILIA DE ARBOLEDA,Cra 3 Nº 5-56 Barrio Fátima,3206496794,De Martes a Viernes de 8:00 am a 1:00 pm de 2:00 pm a 5:0 pm y Sábado de 8:00 am a 1:00 PM,"-77,1353971483","1,50354352592",1º 30' 12” N 77º 08' 16”O,Directorio Comisarias Ley 2126
52,NARINO,52079,BARBACOAS,Municipio,6,1,1,COMISARIA DE FAMILIA DE BARBACOAS,Palacio Municipal,3207209636,Lunes a Viernes de 8:00 am a 12:00 m y de 2:00 pm a 6:00pm,"-78,1375768702","1,67144343524",1° 40' 21'' N 78° 8' 21'' O,Directorio Comisarias Ley 2126
52,NARINO,52083,BELEN,Municipio,6,1,1,COMISARIA DE FAMILIA DE BELÉN,Carrera 2da - Calle 5ta (Esquina),3113037333,Lunes a Jueves de 8:00 am a 1:00 pm y de 2:00 pm a 5:00 pm. Viernes de 8 am a 3pm,"-77,0156674722","1,59563639683",1° 35' 46'' N77° 0' 52'' O,Directorio Comisarias Ley 2126
52,NARINO,52110,BUESACO,Municipio,6,1,1,COMISARIA DE FAMILIA DE BUESACO,PARQUE PRINCIPAL -.CAM BUESACO CRA. 2 No 8 – 17,3217890440,Lunes a Viernes de: 8:00 am a 12:00 m y 1:00 pm a 5:00 pm,"-77,1564755847","1,38144599558",1° 22' 59'' N77° 9' 0'' O,Directorio Comisarias Ley 2126
52,NARINO,52203,COLON,Municipio,6,1,1,COMISARIA DE FAMILIA DE COLÓN,Calle 1 entre Carrera 1 y 2 -Palacio municipal,3234939218,Lunes a Viernes de 8:00 am a 12:00 pm y de 1:30 pm a 5:30 pm,"-77,0197774382","1,64387397047",1° 22' 59'' N 77° 9' 0'' O,Directorio Comisarias Ley 2126
52,NARINO,52207,CONSACA,Municipio,6,1,1,COMISARIA DE FAMILIA DE CONSACÁ,Calle 2 Carrera 6 Parque Principal,3166970660,Martes a Viernes de 08:00 Am a 12:30 m y de 02:00 Pm a 06:00 Pm - Sábado de 08:00 Am a 1:00 Pm,"-77,4657291646","1,20762916553",1° 38' 32'' N 77° 1' 8'' O,Directorio Comisarias Ley 2126
52,NARINO,52210,CONTADERO,Municipio,6,1,1,COMISARIA DE FAMILIA DE CONTADERO,"Calle 4 N° 1-16,Edificio Palacio Municipal",3186242629,Lunes a Viernes de 8:00 am a 12:00 m y de 2:00 pm a 6:00pm,"-77,5494126615","0,910459437261",1° 12′ 26″ N77° 27′ 52″ O,Directorio Comisarias Ley 2126
52,NARINO,52215,CORDOBA,Municipio,6,1,1,COMISARIA DE FAMILIA DE CÓRDOBA,calle 4ta # 3-17 Barrio el Centro,3215761075,"LUNES A JUEVES DE 8 A 12 Y DE 2 A 6 , VIERNES DE 7 A 1 DE LA TARDE","-77,5178993163","0,854572506919",0° 51' 0'' N 77° 31' 1'' O,Directorio Comisarias Ley 2126
52,NARINO,52224,CUASPUD CARLOSAMA,Municipio,6,1,1,COMISARIA DE FAMILIA DE CUASPUD CARLOSAMA,Cra 3 No 4-09 Barrio Bolívar,3225750177,lunes a viernes de 8:00 am - 1:00 pm y de 2:00 pm - 5:00 pm,"-77,7289485108","0,862979644125",0° 52' 1'' N77° 43' 59'' O,Directorio Comisarias Ley 2126
52,NARINO,52227,CUMBAL,Municipio,6,1,1,COMISARIA DE FAMILIA DE CUMBAL,Cra 10 Nº 10-40 Barrio Boliva,3212098689,Lunes a Viernes de 8:00 am a 12:00 m y de 2:00 pm a 6:00pm,"-77,7922761776","0,906185196967",0° 54' 0'' N 77° 48' 0'' O,Directorio Comisarias Ley 2126
52,NARINO,52233,CUMBITARA,Municipio,6,1,1,COMISARIA DE FAMILIA DE CUMBITARA,Calle Principal Carrera 5 N° 3 – 66 Barrio. Belén,3147421513,Lunes a Jueves - Mañana 8:00 A.M. a 12:30 PM. - Tarde 2:00 P.M. a 6:00 P.M. / Viernes 8:00 A.M. a 6:00 P.M.,"-77,5781428707","1,6468385371",1°38′52″N 77°34′42″O,Directorio Comisarias Ley 2126
52,NARINO,52240,CHACHAGUI,Municipio,6,1,1,COMISARIA DE FAMILIA DE CHACHAGÜÍ,Calle 3 N° 4-60 Barrio Oficial,3002414879,Lunes a Jueves de 7:00 am - 12:00 m / 2:00 pm - 5:00 pm y Viernes de 7:00 am a 4:00 pm,"-77,2816959","1,36032207453",1° 22' 1'' N77° 16' 59'' O,Directorio Comisarias Ley 2126
52,NARINO,52250,EL CHARCO,Municipio,6,1,1,COMISARIA DE FAMILIA DE EL CHARCO,"Barrio el Comercio, Calle 7 No. 1-65. Frente a Plaza Central",3146122284,Lunes a Viernes de 8:00 am a 12:00 m y de 2:00 pm a 6:00pm,"-78,1095349747","2,48008913955",2° 28' 43'' N 78° 6' 35'' O,Directorio Comisarias Ley 2126
52,NARINO,52254,EL PENOL,Municipio,6,1,1,COMISARIA DE FAMILIA DE EL PEÑOL,Plaza Principal Esquina,3104407558,"Lunes a Jueves de 8:00 AM a 12:30 PM y de 2:00 a 6:00 PM, Viernes Jornada Continua de 8:00 AM hasta las 02:00 PM","-77,4385211287","1,45356662393",1° 27' 17'' N 77° 26' 24'' O,Directorio Comisarias Ley 2126
52,NARINO,52256,EL ROSARIO,Municipio,6,1,1,COMISARIA DE FAMILIA DE EL ROSARIO,CAM Barrio Centro,3206406340,Martes a viernes de 08:00 a.m. a 12:00 m. y de 02:00 p.m a 06:00 p.m. y sabado de 08:00 a.m. a 12:00 m.,"-77,334167969","1,74529986473","1° 44' 48.01"" N-77° 20' 18.96""O",Directorio Comisarias Ley 2126
52,NARINO,52258,EL TABLON DE GOMEZ,Municipio,6,1,1,COMISARIA DE FAMILIA DE EL TABLÓN DE GÓMEZ,"Palacio Municipal, Barrio San Francisco, Carrera 4 No. 3 A-41",3127170893,Lunes a Viernes de 8:00 am a 12:00 m y de 2:00 pm a 6:00pm,"-77,0967278598","1,42704940171",1°25′37″N 77°05′49″O,Directorio Comisarias Ley 2126
52,NARINO,52260,EL TAMBO,Municipio,6,1,1,COMISARIA DE FAMILIA DE EL TAMBO,Calle 3 N° 10 - 29 Plaza Principal,3137446452,De martes a viernes de 8:00 A.M a 12:00 P.M. y de 2:00 P.M. a 6 P.M. Y sábado de 7:00 A.M. a 1 P.M.,"-77,3902057813","1,4076491661",1° 24' 39'' N 77° 23' 36'' O,Directorio Comisarias Ley 2126
52,NARINO,52287,FUNES,Municipio,6,1,1,COMISARIA DE FAMILIA DE FUNES,Palacio Municipal - Barrio Residencial,3114739266,Lunes a Viernes de 8:00 am a 12:00 m y de 2:00 pm a 6:00pm,"-77,4489750806","1,00113044411",1° 0' 0'' N 77° 27' 0'' O,Directorio Comisarias Ley 2126
52,NARINO,52317,GUACHUCAL,Municipio,6,1,1,COMISARIA DE FAMILIA DE GUACHUCAL,Cra 5a. No. 8 - 55 Barrio Manhatan Guachucal,3174093270,Lunes a Viernes de 7:30 a.m. a 12:30 m. y de 2:00 p.m. a 5:00,"-77,7315945908","0,959739983939",0° 58' 1'' N77° 43' 59'' O,Directorio Comisarias Ley 2126
52,NARINO,52320,GUAITARILLA,Municipio,6,1,1,COMISARIA DE FAMILIA DE GUAITARILLA,Palacio Municipal - Plaza de la Revolución Comunera,3108245682,Lunes a Miercoles de 8am a 12m y de 1:30pm a 5:30pm / Jueves de 8am a 12m y de 1pm a 5pm / Viernes 7am a 3pm,"-77,5496855022","1,12963027843",1°07′47″N 77°32′55″O﻿,Directorio Comisarias Ley 2126
52,NARINO,52323,GUALMATAN,Municipio,6,1,1,COMISARIA DE FAMILIA DE GUALMATÁN,Cra 3ª con calle 4ª Esquina. B/Bolívar,3113454535,Lunes a Jueves de 8:00a.m a 12:30m y de 2:00p.m a 6:00 p.m. Viernes de 8:00 a 12:00m y de 2:00 a 6:00 p.m.,"-77,5686640969","0,919672117789",0°55′09″N 77°33′58″O,Directorio Comisarias Ley 2126
52,NARINO,52352,ILES,Municipio,6,1,1,COMISARIA DE FAMILIA DE ILES,"Centro Administrativo Municipal C.A.M, Avenida Colombia No. 4-54 Esquina",3108293363,Lunes a Viernes de 8:00 am a 12:00 m y de 2:00 pm a 6:00pm,"-77,5209761227","0,969202404611",0°58′14″N 77°31′15″O,Directorio Comisarias Ley 2126
52,NARINO,52354,IMUES,Municipio,6,1,1,COMISARIA DE FAMILIA DE IMUÉS,C.A.M Parque principal,3127633030,Lunes a Viernes - Mañana: 8:00 A.M - 12:00 PM. - Tarde: 1:00 P.M - 5:00 P.M -,"-77,4961681198","1,05513327782",1°03′18″N 77°29′49″O﻿,Directorio Comisarias Ley 2126
52,NARINO,52378,LA CRUZ,Municipio,6,1,1,COMISARIA DE FAMILIA DE LA CRUZ,Cra 10 No 2-25 - Palacio Municipal,3147290005,"Lunes, Miércoles y Jueves: 8:00 a.m a 12.00m y 2:00 p.m a 6:00 p.m Martes y Viernes: 7:00 a.m a 3.00pm","-76,9705345817","1,60134086722",1°36′05″N 76°58′14″O,Directorio Comisarias Ley 2126
52,NARINO,52381,LA FLORIDA,Municipio,6,1,1,COMISARIA DE FAMILIA DE LA FLORIDA,Calle 3 No 3-82 C.A.M. Barrio Porvenir,3136919121,Lunes a Jueves en el horario de 8:00 am a 12:00m y de 1:00 pm a 6:00 pm y los dias Viernes 8:00 am a 12:00m y de 1:00 pm a 5:00 pm,"-77,406436071","1,299192798",1°17′59″N 77°24′25″O,Directorio Comisarias Ley 2126
52,NARINO,52385,LA LLANADA,Municipio,6,1,1,COMISARIA DE FAMILIA DE LA LLANADA,Palacio Municipal / Barrio San Juan Bosco Calle 6 N. 4 - 09,3168824350,Lunes a Viernes de 8:00 am a 12:00 m y de 2:00 pm a 6:00pm,"-77,5807206702","1,47264363566",1° 28' 24'' N77° 34' 48'' O,Directorio Comisarias Ley 2126
52,NARINO,52390,LA TOLA,Municipio,6,1,1,COMISARIA DE FAMILIA DE LA TOLA,Calle 3 Barrio la transformación,3128534917,Lunes a Viernes de 8:00 am a 12:00 m y de 2:00 pm a 6:00pm,"-78,1903918916","2,3982099715",2°23′56″N 78°11′23″O,Directorio Comisarias Ley 2126
52,NARINO,52399,LA UNION,Municipio,6,1,1,COMISARIA DE FAMILIA DE LA UNIÓN,Calle 12 # 1-20 Barrio San Carlos,3117062238,"Martes a Viernes de 7:00 am a 12:00 m y 2:00 pm a 6:00 pm, Sábados de 7:00am a 1:00 pm","-77,1311540017","1,60025484037",0°54′28″N 77°47′27″O﻿,Directorio Comisarias Ley 2126
52,NARINO,52405,LEIVA,Municipio,6,1,1,COMISARIA DE FAMILIA DE LEIVA,Calle 3 # 2-35 B/ Primavera,3113897677,Martes a sábado de 8:00 am a 12:00 y sábado de 8:00 am a 2:00 pm,"-77,3062024933","1,93451165112",1° 55' 59'' N 77° 18' 0'' O,Directorio Comisarias Ley 2126
52,NARINO,52411,LINARES,Municipio,6,1,1,COMISARIA DE FAMILIA DE LINARES,CARRERA 4 CON CALLE 4 ESQUINA,3146533404,LUNES A JUEVES 8:00 AM A 12:30 M Y DE 2:00 PM A 5:30 PM Y VIERNES DE 7:30 AM A 12:30 M Y DE 2:00 PM A 5:00 PM,"-77,5237925292","1,35078991287",1° 20' 59'' N77° 31' 24'' O,Directorio Comisarias Ley 2126
52,NARINO,52418,LOS ANDES,Municipio,6,1,1,COMISARIA DE FAMILIA DE LOS ANDES,PARQUE PRINCIPAL,3105429356,Lunes a Viernes de 8:00 am a 12:00 m y de 2:00 pm a 6:00pm,"-77,5213314727","1,49454575815",1° 31' 1'' N 77° 30' 0'' O,Directorio Comisarias Ley 2126
52,NARINO,52427,MAGUI,Municipio,6,1,1,COMISARIA DE FAMILIA DE MAGÜÍ,"Palacio Municipal, Calle Principal",+57(2) 723 51 93,Lunes a Viernes de 8:00 am a 12:00 m y de 2:00 pm a 6:00pm,"-78,1810627951","1,76531109836",1°45′57″N 78°10′58″O,Directorio Comisarias Ley 2126
52,NARINO,52435,MALLAMA,Municipio,6,1,1,COMISARIA DE FAMILIA DE MALLAMA,Calle 2 No 4-12,3185618635,Lunes a jueves 8 am a 12 pm - 2 pm a 6 pm ** Viernes 7 am a 2 pm,"-77,864427399","1,14083809331",1°08′28″N 77°51′52″O﻿,Directorio Comisarias Ley 2126
52,NARINO,52473,MOSQUERA,Municipio,6,1,1,COMISARIA DE FAMILIA DE MOSQUERA,Barrio Las Mercedes calle 2b # 9 - 11,3147009049,Lunes a Viernes de 8:00 am a 12:00 m y de 2:00 pm a 6:00pm,"-78,4529721975","2,5071274382",2° 30' 31'' N78° 27' 5'' O,Directorio Comisarias Ley 2126
52,NARINO,52480,NARINO,Municipio,6,1,1,COMISARIA DE FAMILIA DE NARIÑO,Carrera 4 No. 4 - 09,3229455763,Lunes a Viernes 8:00 AM a 1:00 PM y 2:00 PM a 5:00 PM,"-77,3579742048","1,28897586144",1° 16' 59'' N 77° 22' 1'' O,Directorio Comisarias Ley 2126
52,NARINO,52490,OLAYA HERRERA,Municipio,6,1,1,COMISARIA DE FAMILIA DE OLAYA HERRERA,CALLE TELECOM,3104541221,Lunes a Viernes de 8:00 am a 12:00 m y de 2:00 pm a 6:00pm,"-78,3256184482","2,34758357978",2° 20' 54'' N 78° 19' 33'' O,Directorio Comisarias Ley 2126
52,NARINO,52506,OSPINA,Municipio,6,1,1,COMISARIA DE FAMILIA DE OSPINA,Parque principal,3104210677,Lunes a Viernes de 8:00 am a 12:00 m y de 2:00 pm a 6:00pm,"-77,5660692089","1,05849067089",1° 4' 1'' N: 77° 34' 1'' O,Directorio Comisarias Ley 2126
52,NARINO,52520,FRANCISCO PIZARRO,Municipio,6,1,1,COMISARIA DE FAMILIA DE FRANCISCO PIZARRO,ARQUE PRINCIPAL - SALAHONDA,3127757118,Lunes a Viernes de 8:00 am a 12:00 m y de 2:00 pm a 6:00pm,"-78,6581805636","2,04081311248",2°02′25″N 78°39′28″O,Directorio Comisarias Ley 2126
52,NARINO,52540,POLICARPA,Municipio,6,1,1,COMISARIA DE FAMILIA DE POLICARPA,Calle 4 # 3-08 Palacio Municipal,3103947918,Lunes a Viernes de 8:00 am a 12:00 m y de 2:00 pm a 6:00pm,"-77,458755671","1,62734987378",1° 37' 40'' N 77° 27' 32'' O,Directorio Comisarias Ley 2126
52,NARINO,52560,POTOSI,Municipio,6,1,1,COMISARIA DE FAMILIA DE POTOSÍ,Calle 7 Parque La Inmaculada,3012759178,Lunes a Viernes de 8:00 am a 12:00 m y de 2:00 pm a 6:00pm,"-77,5727915178","0,806342052071",0° 48' 0'' N 77° 34' 1'' O,Directorio Comisarias Ley 2126
52,NARINO,52565,PROVIDENCIA,Municipio,6,1,1,COMISARIA DE FAMILIA DE PROVIDENCIA,Palacio Municipal – Barrio Avenida los Estudiantes,3146504727,Lunes a Jueves 8:00 AM - 12:00 MD y 2:00 PM - 6:00 PM ; viernes de 7:00 AM en jornada continua hasta las 3:00 PM,"-77,596587745","1,2376869879",1° 15' 4'' N77° 35' 48'' O,Directorio Comisarias Ley 2126
52,NARINO,52573,PUERRES,Municipio,6,1,1,COMISARIA DE FAMILIA DE PUERRES,Calle 4 No 4 - 33 - Barrio Esmeralda,3104733080,Lunes a Viernes de 8:00 am a 12:00 m y de 2:00 pm a 6:00pm,"-77,5042106322","0,885125369631",0°53′02″N 77°30′14″O,Directorio Comisarias Ley 2126
52,NARINO,52585,PUPIALES,Municipio,6,1,1,COMISARIA DE FAMILIA DE PUPIALES,Pupiales - Nariño - CAM1 - Calle 6 No. 2-77,3185211809,"De Lunes a jueves de 7:30 am - 12:30 m y de 2:00 pm - 6:00 pm, viernes de 7:30 am - 12:30 m y de 2:00 pm - 5:00 pm","-77,63350443","0,867138527",0°52′15″N 77°38′25″O,Directorio Comisarias Ley 2126
52,NARINO,52612,RICAURTE,Municipio,6,1,1,COMISARIA DE FAMILIA DE RICAURTE,Calle 3a N° 2-11 Barrio Primavera,3207169060,Lunes a Viernes de 8:00 am a 12:00 m y de 2:00 pm a 6:00pm,"-77,9954468866","1,21293165479",1° 12' 38'' N 77° 59' 39'' O,Directorio Comisarias Ley 2126
52,NARINO,52621,ROBERTO PAYAN,Municipio,6,1,1,COMISARIA DE FAMILIA DE ROBERTO PAYÁN,CAM Roberto Payan - Barrio nuevo Horizonte,3113084207,Lunes a Viernes de 8:00 am a 12:00 m y de 2:00 pm a 6:00pm,"-78,245659499","1,69774383269",1° 41' 47'' N78° 14' 39'',Directorio Comisarias Ley 2126
52,NARINO,52678,SAMANIEGO,Municipio,6,1,1,COMISARIA DE FAMILIA DE SAMANIEGO,calle 4ta-carrera 3ra Esquina Barrio Oriental,3104920595,Lunes a Viernes - Mañana: 8:00 A.M - 12:00 PM. - Tarde: 1:00 P.M - 5:00 P.M -,"-77,5944553745","1,33535141458",1°20′11″N 77°35′33″O,Directorio Comisarias Ley 2126
52,NARINO,52683,SANDONA,Municipio,6,1,1,COMISARIA DE FAMILIA DE SANDONÁ,Carrera 5 N° 05 - 45 Parque Principal,3161871440,Martes a Viernes: 8:00 a.m - 12:00 P.m / 2:00 p.m - 6:30 p.m. y Sábado: 8:00 a.m - 12:00 p.m,"-77,4730451357","1,28314414356",1°17′05″N 77°28′16″O,Directorio Comisarias Ley 2126
52,NARINO,52685,SAN BERNARDO,Municipio,6,1,1,COMISARIA DE FAMILIA DE SAN BERNARDO,C.A.M. CALLE 5 No 1 - 04 BARRIO VILLA HERMOSA,3136537487,LUNES - VIERNES 8:00 AM - 12:00 PM || 1:00 PM - 5:00 PM,"-77,0475260871","1,51370439814",1°30′59″N 77°02′48″O,Directorio Comisarias Ley 2126
52,NARINO,52687,SAN LORENZO,Municipio,6,1,1,COMISARIA DE FAMILIA DE SAN LORENZO,Barrio Plaza Suarez,3117327624,Martes a Viernes de 7:30 am a 12:30 pm y de 2:00 pm a 6:00 pm Sabado de 7:30 am a 1:00 pm,"-77,2152397164","1,50333968093",1°30′14″N 77°13′04″O﻿,Directorio Comisarias Ley 2126
52,NARINO,52693,SAN PABLO,Municipio,6,1,1,SAN PABLO,Carrera 3 No 5 -82 - Parque Simón Bolívar,3008494279,Martes a Viernes 07:00 am a 12:00 m / 02:00 pm a 05:00 pm. Lunes y Sábados: 07:00 am a 01.00 pm,"-77,0139256051","1,66942879125",1°40′09″N 77°00′42″O,Directorio Comisarias Ley 2126
52,NARINO,52694,SAN PEDRO DE CARTAGO,Municipio,6,1,1,COMISARIA DE FAMILIA DE SAN PEDRO DE CARTAGO,Cra 3 No. 2-28 Barrio Porvenir,3188530226,LUNES A VIERNES EN HORARIO DE 08:00 a.m. - 12:00 m. y de 1:00 p.m. - 05:00 p.m.,"-77,1194170341","1,55148084166",1° 33' 3'' N 77° 7' 8'' O,Directorio Comisarias Ley 2126
52,NARINO,52696,SANTA BARBARA,Municipio,6,1,1,COMISARIA DE FAMILIA DE SANTA BÁRBARA,Carrera 3 con Clle 6 esquina Barrio Las Flores,3153103467,LUNES A VIERNES EN HORARIO DE 08:00 a.m. - 12:00 m. y de 1:00 p.m. - 05:00 p.m.,"-77,9797848955","2,44966434759",2° 27' 1'' N 77° 58' 49'' O,Directorio Comisarias Ley 2126
52,NARINO,52699,SANTACRUZ,Municipio,6,1,1,COMISARIA DE FAMILIA DE SANTACRUZ,Parque Cristo Rey,3135378431,Lunes a Viernes de 8:00 am a 12:00 m y de 2:00 pm a 6:00pm,"-77,6770220621","1,22198253409",1° 13' 18'' N77° 40' 34'' O,Directorio Comisarias Ley 2126
52,NARINO,52720,SAPUYES,Municipio,6,1,1,COMISARIA DE FAMILIA DE SAPUYES,Carrera 3 No 5 - 37 - B/ Bolivar,3163674075,Lunes a Viernes de 8:00 am a 12:00 m y de 2:00 pm a 6:00pm,"-77,6202980414","1,03752383941",1° 2' 9'' N77° 37' 13'' O,Directorio Comisarias Ley 2126
52,NARINO,52786,TAMINANGO,Municipio,6,1,1,COMISARIA DE FAMILIA DE TAMINANGO,Calle 5 Nº 4-16,3173754939,Martes a viernes de 8:00 a.m. - 12:00 M. y de 2:00 p.m. - 6: 00 p.m sábados de 8:00 a.m. - 2:00 p.m.,"-77,2802201494","1,57004727576",1° 34' 1'' N 77° 16' 59'' O,Directorio Comisarias Ley 2126
52,NARINO,52788,TANGUA,Municipio,6,1,1,COMISARIA DE FAMILIA DE TANGUA,Barrios los Andes carrera 4 # 5,3182934739,Lunes a Viernes de 8:00 a.m. a 12:30 pm. y de 2:00 pm a 5:30 pm,"-77,2802201494","1,57004727576",1° 5' 43'' N77° 23' 42'' O,Directorio Comisarias Ley 2126
52,NARINO,52838,TUQUERRES,Municipio,6,1,1,COMISARIA DE FAMILIA DE TÚQUERRES,Carrera 14 calle 16 Esquina - Parque Bolivar,3008652287,Lunes a Viernes de 8:00 am a 12:00 m y de 2:00 pm a 6:00 pm,"-77,6168833378","1,08519299564",1°05′14″N 77°37′08″O﻿,Directorio Comisarias Ley 2126
52,NARINO,52885,YACUANQUER,Municipio,6,1,1,COMISARIA DE FAMILIA DE YACUANQUER,Carrera 2a N° 9-37 - Palacio Municipal,3164466945,Lunes a Viernes de 08:00Am a 12:30Pm y de 2:00Pm a 5:30Pm,"-77,4004765826","1,11579938415",1° 7' 1'' N 77° 24' 0'' O,Directorio Comisarias Ley 2126
54,NORTE DE SANTANDER,54003,ABREGO,Municipio,6,1,1,COMISARIA DE FAMILIA DE ÁBREGO,Calle 14 con Carrera 5ª - Esquina Parque Principal - Palacio Municipal,3225098900,Lunes a Viernes de 8:00 am a 12:00 m y de 2:00 pm a 6:00pm,"-73,2217345921","8,08178182803",8° 4' 57'' N73° 13' 16'' O,Directorio Comisarias Ley 2126
54,NORTE DE SANTANDER,54051,ARBOLEDAS,Municipio,6,1,0,COMISARIA DE FAMILIA DE ARBOLEDAS,"Carrera 6 No. 2-25, Sector el Hospital - Palacio Municipal",3229763011,Lunes a Viernes de 8:00 am a 12:00 m y de 2:00 pm a 6:00pm,"-72,7988785326","7,64297110663",7°38′34″N 72°47′54″O,Directorio Comisarias Ley 2126
54,NORTE DE SANTANDER,54099,BOCHALEMA,Municipio,6,1,1,COMISARIA DE FAMILIA DE BOCHALEMA,Calle 3 No. 3 - 08 Palacio Municipal Bochalema,3165551359,Lunes a Viernes de 8:00 am a 12:00 m y de 2:00 pm a 6:00pm,"-72,6470372457","7,61216882308",7°36′41″N 72°38′50″O,Directorio Comisarias Ley 2126
54,NORTE DE SANTANDER,54109,BUCARASICA,Municipio,6,1,1,COMISARIA DE FAMILIA DE BUCARASICA,Calle 2 # 3-35 Barrio Centro Bucarasica,3336025016,Lunes a Viernes de 8:00 am a 12:00 m y de 2:00 pm a 6:00pm,"-72,8679545898","8,04116298794",8°02′28″N 72°52′03″O,Directorio Comisarias Ley 2126
54,NORTE DE SANTANDER,54125,CACOTA,Municipio,6,1,1,COMISARIA DE FAMILIA DE CÁCOTA,Carrera 3 Nº 3-57 - Barrio Centro - Palacio Municipal,3107602353,Lunes a Viernes de 8:00 am a 12:00 m y de 2:00 pm a 6:00pm,"-72,6420639099","7,26870600207",7°16′04″N 72°38′30″O,Directorio Comisarias Ley 2126
54,NORTE DE SANTANDER,54128,CACHIRA,Municipio,6,1,1,COMISARIA DE FAMILIA DE CÁCHIRA,Carrera 6 N° 5-110 Barrio Centro - Palacio municipal,3134522603,Lunes a Viernes de 8:00 am a 12:00 m y de 2:00 pm a 6:00pm,"-73,0487542769","7,74089485038",7°44′27″N 73°02′55″O,Directorio Comisarias Ley 2126
54,NORTE DE SANTANDER,54172,CHINACOTA,Municipio,6,1,1,COMISARIA DE FAMILIA DE CHINÁCOTA,calle 6 501 barrio centro,320 2344770,Lunes a Viernes de 7:30 a.m. a 11:30 m. y de 2:00 p.m. a 5:20 p.m,"-72,601158456","7,60295918667",7°36′25″N 72°36′02″O,Directorio Comisarias Ley 2126
54,NORTE DE SANTANDER,54174,CHITAGA,Municipio,6,1,1,COMISARIA DE FAMILIA DE CHITAGÁ,Calle 4 N. 6-07 Palacio municipal,3112450325,Martes a Viernes de 7:30 am a 12:00 pm y de 2:00 pm a 6:00 pm ; Sabados de 7:00 am a 1:00 pm,"-72,665435191","7,1381248415",7°08′16″N 72°39′52″O,Directorio Comisarias Ley 2126
54,NORTE DE SANTANDER,54206,CONVENCION,Municipio,6,1,1,COMISARIA DE FAMILIA DE CONVENCIÓN,Carrera 6 No. 4 -14 Parque Principal Esquina - Palacio Municipal,5630 840,Lunes a Viernes de 8:00 am a 12:00 m y de 2:00 pm a 6:00pm,"-73,3372098547","8,47037222338",8°28′05″N 73°20′13″O,Directorio Comisarias Ley 2126
54,NORTE DE SANTANDER,54223,CUCUTILLA,Municipio,6,1,1,COMISARIA DE FAMILIA DE CUCUTILLA,Carrera 3 Nro 3-10 Barrio El Centro,3143302479,Miércoles a viernes 8 a.m. a 12 m. y de 2 p.m. a 6 p.m / Sábados y domingos de 7 a.m. a 12:00 m.,"-72,7725742725","7,53899847059",7°32′25″N 72°46′21″O,Directorio Comisarias Ley 2126
54,NORTE DE SANTANDER,54239,DURANIA,Municipio,6,1,1,COMISARIA DE FAMILIA DE DURANIA,Palacio de Gobierno Municipal Avenida 2 No. 8-57,3132837906,Martes - Viernes 7:45 am-12:00 m y 1:30pm-6:00pm Sábado 7:00 a.m-12:00 p.m. Sí en la semana hay un Lunes festivo inician labores del día Miércoles,"-72,6586018005","7,71477918347",7° 42' 51'' N72° 39' 21'' O,Directorio Comisarias Ley 2126
54,NORTE DE SANTANDER,54245,EL CARMEN,Municipio,6,1,1,COMISARIA DE FAMILIA DE EL CARMEN,Carrera 3 # 6-33 - Parque Principal,3134904546,Lunes a Viernes de 8:00 am a 12:00 m y de 2:00 pm a 6:00pm,"-73,4467003188","8,51059912297",8° 31' 1'' N73° 27' 0'' O,Directorio Comisarias Ley 2126
54,NORTE DE SANTANDER,54250,EL TARRA,Municipio,6,1,1,COMISARIA DE FAMILIA DE EL TARRA,Calle 14 N° 6-45 Barrio Junta Calle Central,3144037383,Lunes a Viernes de 8:00 am a 12:00 m y de 2:00 pm a 6:00pm,"-73,0948482229","8,57676937385",8° 34' 30'' N73° 5' 39'' O,Directorio Comisarias Ley 2126
54,NORTE DE SANTANDER,54261,EL ZULIA,Municipio,6,1,1,COMISARIA DE FAMILIA DE EL ZULIA,avenida 1 calle 9 esquina Barrio el Triunfo,60 7 5789444,Lunes a Jueves 07:00 A.M a 12:00 M y 02:00 P.M a 06:00 P.M Viernes 07:00 A.M A 12:00 M Y 02:00 P.M a 5:00 P.M,"-72,6046120661","7,93817417215",7°55′57″N 72°36′09″O,Directorio Comisarias Ley 2126
54,NORTE DE SANTANDER,54313,GRAMALOTE,Municipio,6,1,1,COMISARIA DE FAMILIA DE GRAMALOTE,Manzana 0- Centro Administrativo,3204204077,martes a viernes de 07:30 a.m. a 12:00 m. y de 01:30 p.m. a 05:30 p.m Sabados de 07:30 a.m. hasta la 01:30 p.m.,7.27967E+13,﻿7.8880555555556,7°53′17″N 72°47′48″O,Directorio Comisarias Ley 2126
54,NORTE DE SANTANDER,54344,HACARI,Municipio,6,1,1,COMISARIA DE FAMILIA DE HACARÍ,KDX D3-185 PALACIO MUNICIPAL,3152609154,Lunes a Viernes de 8:00 am a 12:00 m y de 2:00 pm a 6:00pm,"-73,1459704225","8,32170628125",8°19′17″N 73°08′44″O﻿,Directorio Comisarias Ley 2126
54,NORTE DE SANTANDER,54347,HERRAN,Municipio,6,1,1,COMISARIA DE FAMILIA DE HERRÁN,Calle 6 No. 3 - 29 Sector San Martín,3133770910,"Martes a Viernes: 7:00 a.m. - 12:00 m. - 2:00 p.m. - 6:00 p.m Sábados: 7:00 a.m. - 01:00 p.m. Domingos, lunes y Festivos: No hay atención al público","-72,4835192832","7,50654351972",7° 30' 21'' N72° 28' 59'' O,Directorio Comisarias Ley 2126
54,NORTE DE SANTANDER,54377,LABATECA,Municipio,6,1,1,COMISARIA DE FAMILIA DE LABATECA,carrera 2 No. 4-37,3144798925,Lunes a Viernes de 8:00 am a 12:00 m y de 2:00 pm a 6:00pm,"-72,4958768009","7,29833227871",7°17′53″N 72°29′42″O,Directorio Comisarias Ley 2126
54,NORTE DE SANTANDER,54385,LA ESPERANZA,Municipio,6,1,1,COMISARIA DE FAMILIA DE LA ESPERANZA,Calle 3 # 2A - 24,Null,Lunes a Viernes de 8:00 am a 12:00 m y de 2:00 pm a 6:00pm,"-73,3278977166","7,63999106968",7°38′24″N 73°19′37″O﻿,Directorio Comisarias Ley 2126
54,NORTE DE SANTANDER,54398,LA PLAYA,Municipio,6,1,1,COMISARIA DE FAMILIA DE LA PLAYA,Calle 4 No. 1-13 Casa Municipal,316-446-3203,Lunes a Viernes de 8:00 am a 12:00 m y de 2:00 pm a 6:00pm,"-73,2386418368","8,21263296004",8° 12' 41'' N 73° 14' 19'' O,Directorio Comisarias Ley 2126
54,NORTE DE SANTANDER,54418,LOURDES,Municipio,6,1,1,COMISARIA DE FAMILIA DE LOURDES,Carrera 4 con Calle 3 - 36 Frente al Parque Principal,3112119086,Martes a Viernes de 7:20 am a 12:30pm y de 2pm a 6:30pm - Sábados el horario será de 7:30am a 1:30pm (Horario Temporal Decreto 010 DE 2024),"-72,8323786178","7,94542916211",7° 57' 0'' N72° 49' 59'' O,Directorio Comisarias Ley 2126
54,NORTE DE SANTANDER,54480,MUTISCUA,Municipio,6,1,1,COMISARIA DE FAMILIA DE MUTISCUA,Calle 8 N° 2 - 48 - Palacio Municipal,3167102597,Lunes a Viernes de 8:00 am a 12:00 m y de 2:00 pm a 6:00pm,"-72,7471428991","7,30027741166",7° 18' 0'' N72° 45' 0'' O,Directorio Comisarias Ley 2126
54,NORTE DE SANTANDER,54518,PAMPLONA,Municipio,6,1,1,COMISARIA DE FAMILIA DE PAMPLONA,"Calle 5ta, CarreraSexta Esquina",Null,Lunes a Viernes de 8:00 am a 12:00 m y de 2:00 pm a 6:00pm,"-72,64768472","7,37284757284",7° 22' 41'' N 72° 39' 9'' O,Directorio Comisarias Ley 2126
54,NORTE DE SANTANDER,54520,PAMPLONITA,Municipio,6,1,1,COMISARIA DE FAMILIA DE PAMPLONITA,Calle 3 N 2-08 Barrio Centro,3204744339,"Martes a Viernes 7:00 a.m a 01:00 p.m. y 2:00 p.m a 5:00 p.m, Sabado 8:00 a.m. a 12:00 m.d.","-72,6392033235","7,43674631412",7° 26' 12'' N 72° 38' 14'' O,Directorio Comisarias Ley 2126
54,NORTE DE SANTANDER,54553,PUERTO SANTANDER,Municipio,6,1,1,COMISARIA DE FAMILIA DE PUERTO SANTANDER,Carrera 2 # 3-51 Centro,Null,Lunes a Viernes de 08:00 am a 12:00 m y de 02:00 pm a 05:30 pm; Sábado de 08:00 am a 12:30 pm.,"-72,4103128587","8,36094479506",8° 21' 30'' N72° 24' 41'' O,Directorio Comisarias Ley 2126
54,NORTE DE SANTANDER,54599,RAGONVALIA,Municipio,6,1,1,COMISARIA DE FAMILIA DE RAGONVALIA,"Centro Administrativo Municipal Calle 6 No. 2-32 Barrio El Centro,",3142158806,Lunes A Viernes 8:00 AM A 12:00 M Y 2:00 PM A 6:00 PM; Sabados 8:00 AM A 12:00 M,"-72,4767028257","7,57786103871",7° 34' 59'' N 72° 28' 59'' O,Directorio Comisarias Ley 2126
54,NORTE DE SANTANDER,54660,SALAZAR,Municipio,6,1,1,COMISARIA DE FAMILIA DE SALAZAR,"Calle 2da Carrera 6ta Esquina, Palacio Municipal",3144787267,Martes a Viernes de 7:00 a.m. a 12 p.m. – 2:00 p.m. a 6:00 p.m y Sabados de 7:00 a.m. a 1:00 p.m.,"-72,8131235511","7,77367069702",7°46′25″N 72°48′44″O,Directorio Comisarias Ley 2126
54,NORTE DE SANTANDER,54670,SAN CALIXTO,Municipio,6,1,1,COMISARIA DE FAMILIA DE SAN CALIXTO,Palacio Municipal - Parque Principal,3222196630,Lunes a Viernes de 8:00 am a 12:00 m y de 2:00 pm a 6:00pm,"-73,2085273768","8,40242190738",8° 24' 0'' N 73° 13' 1'' O,Directorio Comisarias Ley 2126
54,NORTE DE SANTANDER,54673,SAN CAYETANO,Municipio,6,1,1,COMISARIA DE FAMILIA DE SAN CAYETANO,Carrera 3ra No. 4-39 Barrio la Playa,(57) (60) (7) 5784945,Lunes a Viernes de 8:00 am a 12:00 m y de 2:00 pm a 6:00pm,"-72,6254110291","7,87553332058",7° 52' 59'' N72° 37' 59'' O,Directorio Comisarias Ley 2126
54,NORTE DE SANTANDER,54680,SANTIAGO,Municipio,6,1,1,COMISARIA DE FAMILIA DE SANTIAGO,Carrera 3 N° 3-61 Barrio el Centro,+57 7585 6511,Martes a viernes: de 7:30 a.m. a 12:00 m y 2:00 p.m. a 6:00 p.m. y sábados de 7:00 a.m. a 1:00 p.m.,"-72,7162440314","7,86567709707",7° 51' 52'' N 72° 42' 59'' O,Directorio Comisarias Ley 2126
54,NORTE DE SANTANDER,54720,SARDINATA,Municipio,6,1,1,COMISARIA DE FAMILIA DE SARDINATA,Calle 6 No. 6 - 55 El Centro,Null,"Martes a Viernes 07:30 AM a 12:00 y de 02:00 a 06:00 PM; Sábados de 07:00 a 01:00 PM.""Cuando hay lunes festivo se empieza a laborar el día Miércoles""","-72,8007580493","8,08202065536",8°05′01″N 72°48′01″O﻿,Directorio Comisarias Ley 2126
54,NORTE DE SANTANDER,54743,SILOS,Municipio,6,1,1,COMISARIA DE FAMILIA DE SILOS,Palacio Municipal Cra 3 # 5-50- Parque Principal,3133683367,Lunes a Viernes de 8:00 am a 12:00 m y de 2:00 pm a 6:00pm,"-72,7570633326","7,20479131268",7° 12' 0'' N 72° 46' 1'' O,Directorio Comisarias Ley 2126
54,NORTE DE SANTANDER,54800,TEORAMA,Municipio,6,1,1,COMISARIA DE FAMILIA DE TEORAMA,Cra. 4 No 3-30 Parque Principal,3118209001,Lunes a Viernes de 8:00 am a 12:00 m y de 2:00 pm a 6:00pm,"-73,287073938","8,43812602697",8°26′07″N 73°17′11″O,Directorio Comisarias Ley 2126
54,NORTE DE SANTANDER,54810,TIBU,Municipio,6,1,1,COMISARIA DE FAMILIA DE TIBÚ,Carrera 5 # 5-06 Barrio Miraflores,3115137156,Lunes a viernes de 8:00 a.m a 11:30 a.m y de 2:00 p.m a 5:30 p.m,"-72,7342132578","8,63899279345",8° 39' 0'' N72° 43' 59'' O,Directorio Comisarias Ley 2126
54,NORTE DE SANTANDER,54820,TOLEDO,Municipio,6,1,0,COMISARIA DE FAMILIA DE TOLEDO,Calle 13 # 5 - 35 El Progreso,3145840954,Martes a Viernes de 7:00 am a 12:00 m y de 1:30 pm a 6:00 pm; Sabados de: 7:00 am a 1:00 pm,"-72,4819073532","7,30770174274",7° 19' 1'' N72° 28' 59'' O,Directorio Comisarias Ley 2126
54,NORTE DE SANTANDER,54871,VILLA CARO,Municipio,6,1,1,COMISARIA DE FAMILIA DE VILLA CARO,calle 1 N° 3-50 Palacio Municipal Lucio Pabón Nuñez,3202118063,MARTES A VIERNES DE 7:30 AM a 12:00 M y de 2:00 PM a 6:00 PM SABADOS DE 7:00 AM A 1:00 PM JORNADA CONTINUA,"-72,9736512466","7,91428193861",7° 55' 1'' N72° 58' 1'' O,Directorio Comisarias Ley 2126
63,QUINDIO,63111,BUENAVISTA,Municipio,6,1,1,COMISARIA DE FAMILIA DE BUENAVISTA,Carrera 3 Nº 2 - 29,3113274185,Lunes a viernes de 8:00 am a 12:00 m y de 2:00 pm a 6:00 pm Sabados de 8:00 am a 12:00 m,"-75,7395664635","4,36002504159",4° 21' 35'' N75° 44' 19'' O,Directorio Comisarias Ley 2126
63,QUINDIO,63190,CIRCASIA,Municipio,6,1,1,COMISARIA DE FAMILIA DE CIRCASIA,Carrera 14 # 6-37,Null,Lunes a Viernes de 8:00 am a 12:00 m y de 2:00 pm a 6:00pm,"-75,6365262734","4,61779473259",4° 37' 1'' N75° 37' 59'' O,Directorio Comisarias Ley 2126
63,QUINDIO,63212,CORDOBA,Municipio,6,1,1,COMISARIA DE FAMILIA DE CÓRDOBA,Carrera 10 Calle 14 esquina Palacio Municipal,3175767125,"Lunes a Viernes de 8:00 a.m a 12:00 m y de 1:30 p.m a 5:30 p.m, Sábados de 08:00 am a 12:00 m","-75,6878697204","4,39248649385",4°23′28″N 75°41′16″O﻿,Directorio Comisarias Ley 2126
63,QUINDIO,63272,FILANDIA,Municipio,6,1,1,COMISARIA DE FAMILIA DE FILANDIA,Carrera 6 # 6-09,3137583920,Lunes a Viernes de 8:00Am a 12:00M y de 2:00Pm a 6:00Pm - Sábados de 8:00Am a 12:00M,"-75,6586823883","4,67414703386",4° 40' 34'' N 75° 39' 23'' O,Directorio Comisarias Ley 2126
63,QUINDIO,63302,GENOVA,Municipio,6,1,1,COMISARIA DE FAMILIA DE GÉNOVA,Carrera 12 No. 25 - 60,3128513474,Lunes a Viernes de 8:00am a 12:00m y de 2:00pm a 6:00pm. Sábados de 8:00am a 12:00m,"-75,790631528","4,20651089858",4°12′24″N 75°47′26″O,Directorio Comisarias Ley 2126
63,QUINDIO,63401,LA TEBAIDA,Municipio,6,1,1,COMISARIA DE FAMILIA DE LA TEBAIDA,Carrera 6 # 12 – 27,(60) (6) 7542444,Lunes a Jueves de 8:00 a.m. a 12:30 m. y de 2:00 p.m. a 6:00 p.m. - Viernes de 8:00 a.m a 12:30 m. y de 2:00 p.m. a 5:00 p.m.,"-75,786460159","4,45365278508",4° 27' 0'' N75° 46' 59'' O,Directorio Comisarias Ley 2126
63,QUINDIO,63470,MONTENEGRO,Municipio,6,1,1,COMISARIA DE FAMILIA DE MONTENEGRO,Carrera 6 Calle 17 Esquina CAM,3215129478,Lunes a Viernes de 8:00 am a 12:00 m y de 2:00 pm a 6:00pm,"-75,7498287033","4,56505578418",4° 33' 55'' N 75° 45' 10'' O,Directorio Comisarias Ley 2126
63,QUINDIO,63548,PIJAO,Municipio,6,1,1,COMISARIA DE FAMILIA DE PIJAO,"Carrera 4 calle 12 Esquina, Plaza principal",3122875860,"Lunes a Viernes de 8:00 Am a 12:00 Pm y de 2:00 Pm a 5:00 Pm, Sábados de 8:00 Am a 12:00 Pm.","-75,7033166279","4,33504179687",4°19′58″N 75°42′20″O,Directorio Comisarias Ley 2126
63,QUINDIO,63594,QUIMBAYA,Municipio,6,1,1,COMISARIA DE FAMILIA DE QUIMBAYA,Carrera 6 Calle 12 Esquina,(606) 7520533,Lunes a Viernes de 8:00 am a 12:00 m y de 2:00 pm a 6:00pm,"-75,7650742652","4,62438412181",4°37′26″N 75°45′47″O﻿,Directorio Comisarias Ley 2126
63,QUINDIO,63690,SALENTO,Municipio,6,1,1,COMISARIA DE FAMILIA DE SALENTO,Calle 6ta No. 6-34 CAM,3148302733,Lunes a Viernes 7:30 a.m. - 12:00 m y de 2:00 p.m. - 5:30 p.m.,"-75,5708458112","4,63715372291",4°38′14″N 75°34′15″O,Directorio Comisarias Ley 2126
66,RISARALDA,66045,APIA,Municipio,6,1,3,COMISARIA DE FAMILIA DE APÍA,Carrera 9 No. 9-12,3148638567,"De martes a viernes 8:00 a.m a 12:30 p.m y de 2:00 p.m a 6:00 p.m, sábados de 8:00 am. a 2:00 p.m","-75,942359483","5,10652456009",5°06′19″N 75°56′36″O,Directorio Comisarias Ley 2126
66,RISARALDA,66075,BALBOA,Municipio,6,1,1,COMISARIA DE FAMILIA DE BALBOA,Calle 8 No 6-44,3146208889,"De Martes a Viernes de 8:00 am a 5:30 pm jornada continua, Sábados de 8:00am a 2:00 pm (cuando el día Lunes es festivo el reintegro es el miércoles)","-75,9586806381","4,94900740381",4°56′58″N 75°57′26″O,Directorio Comisarias Ley 2126
66,RISARALDA,66088,BELEN DE UMBRIA,Municipio,6,1,1,COMISARIA DE FAMILIA DE BELÉN DE UMBRÍA,Cra 8 - Calle 10 -Parque los Fundadores CAM,3216416196,"Martes a Viernes de de 7:30 a.m a 12:00 a.m y de 2:00 p.m a 5:00 p.m , Sábados de 7:00 a.m a 12:00 p.m","-75,868216089","5,20064515187",5° 12' 0'' N75° 52' 1'' O,Directorio Comisarias Ley 2126
66,RISARALDA,66318,GUATICA,Municipio,6,1,1,COMISARIA DE FAMILIA DE GUÁTICA,calle 8 # 6-20,3539010,"Lunes a jueves de 7:30 am 12:30 pm y de 1:30pm a 5:30 pm, viernes de 7:30 am a 12:30 pm y de 1:30 pm 4:30 pm","-75,7990077966","5,31536038013",5°18′59″N 75°47′54″O,Directorio Comisarias Ley 2126
66,RISARALDA,66383,LA CELIA,Municipio,6,1,1,COMISARIA DE FAMILIA DE LA CELIA,CAM Barcelona Cra 3 N° 3-16,3148937463,Martes a Viernes de 7:30 a.m. a 12:30 p.m. y de 01:30 p.m a 05:30 p.m / Sábados de 08:00 am a 12:00 m y de 1:00 p.m. a 5:00 p.m.,"-76,0030868756","5,00286711372",5° 0' 7'' N 76° 0' 14'' O,Directorio Comisarias Ley 2126
66,RISARALDA,66400,LA VIRGINIA,Municipio,6,1,1,COMISARIA DE FAMILIA DE LA VIRGINIA,Carrera 8 No. 5-35,6368 2300,"Lunes a Jueves :8:00 a.m. a 12:00 A y de 2:00 p.m. a 5:30 p.m, Viernes hasta las 5:00 pm","-75,8802026174","4,89654777308",4° 53' 50'' N75° 52' 58'' O,Directorio Comisarias Ley 2126
66,RISARALDA,66440,MARSELLA,Municipio,6,1,1,COMISARIA DE FAMILIA DE MARSELLA,"Calle 9 # 9 - 12, Parque Principal",3169642386,"Martes a viernes de 7:30 a.m. a 11:30 p.m. y de 1:30 p.m a 4:30 p.m, sábados de 7:00 a.m. a 2:00 p.m.","-75,7385816147","4,93556204249",4°56′12″N 75°44′21″O,Directorio Comisarias Ley 2126
66,RISARALDA,66456,MISTRATO,Municipio,6,1,1,COMISARIA DE FAMILIA DE MISTRATÓ,Carrera 6 # 5-70,3127839959,Lunes a jueves de 7:30 A.M - 12:00 M - 1:00 P.M - 4:30 P.M Viernes de 7:00 A.M - 3:00 P.M,"-75,8828627404","5,29706285959",5° 18' 0'' N75° 52' 59'' O,Directorio Comisarias Ley 2126
66,RISARALDA,66572,PUEBLO RICO,Municipio,6,1,1,COMISARIA DE FAMILIA DE PUEBLO RICO,Carrera 4 No. 6-17. Pueblo Rico,3507697626,Lunes A Jueves 8:00 am a 4:00 pm y Domingos: 7:00 am - 3:00 pm,"-76,0306678019","5,22191328206",5° 13' 18'' N76° 1' 45'' O,Directorio Comisarias Ley 2126
66,RISARALDA,66594,QUINCHIA,Municipio,6,1,1,COMISARIA DE FAMILIA DE QUINCHÍA,"Centro Administrativo Municipal - CAM - Carrera. 6 No. 5-13, Parque Principal",3113109990,Lunes a jueves: 07:30 a.m. a 12:00 m y de 1:00 p.m. a 5:00 p.m. Viernes: 7:30 a.m. a 2:00 p.m.,"-75,7304104711","5,34044152422",5°20′22″N 75°43′46″O,Directorio Comisarias Ley 2126
66,RISARALDA,66687,SANTUARIO,Municipio,6,1,1,COMISARIA DE FAMILIA DE SANTUARIO,Calle 7 N° 5 - 42. Piso 2,3104635871,De martes a viernes de 7:30 A.M a 12:00 P.M y de 1:30 P.M a 5:30 P.M y sábados 8:00 A.M a 2:00 P.M,"-75,9645220611","5,07493802723",5°04′29″N 75°57′52″O,Directorio Comisarias Ley 2126
68,SANTANDER,68013,AGUADA,Municipio,6,1,1,COMISARIA DE FAMILIA DE AGUADA,Carrera 2 No. 2-14,3117635464,Lunes a Viernes de 8:00 am a 12:00 m y de 2:00 pm a 6:00pm,"-73,5232262196","6,16224498637",6° 9' 43'' N73° 31' 20'' O,Directorio Comisarias Ley 2126
68,SANTANDER,68020,ALBANIA,Municipio,6,1,1,COMISARIA DE FAMILIA DE ALBANIA,Carrera 2 Nro. 1 Lote # 1 - Manzana A - Casco Urbano,3208535118,Lunes a Jueves: 8:00 a.m. a 12:00 p.m. y 2:00 p.m. a 6:00 p.m. // Viernes: 7:30 a.m. a 4:00 p.m.,"-73,9140635028","5,7589853512",5° 45' 33'' N73° 54' 52'' O,Directorio Comisarias Ley 2126
68,SANTANDER,68051,ARATOCA,Municipio,6,1,1,COMISARIA DE FAMILIA DE ARATOCA,Calle 4 N° 4 - 38 - Parque Principal,3174315515,Lunes a Viernes de 8:00 am a 12:00 m y de 2:00 pm a 6:00pm,"-73,0178497692","6,694438882",6°41′44″N 73°01′03″O,Directorio Comisarias Ley 2126
68,SANTANDER,68077,BARBOSA,Municipio,6,1,1,COMISARIA DE FAMILIA DE BARBOSA,Calle 11 # 7 - -/27 Barbosa,3142774607,Lunes a Viernes de 8:00 am a 12:00 m y de 2:00 pm a 6:00pm,"-73,6159986977","5,93261018035",5°55′59″N 73°36′53″O,Directorio Comisarias Ley 2126
68,SANTANDER,68079,BARICHARA,Municipio,6,1,1,COMISARIA DE FAMILIA DE BARICHARA,Calle 5 No. 6—39,607-726-7052,Lunes a Viernes de 8:00 am a 12:00 m y de 2:00 pm a 6:00pm,"-73,2230998455","6,63423130708",6° 37' 59'' N73° 13' 59'' O,Directorio Comisarias Ley 2126
68,SANTANDER,68092,BETULIA,Municipio,6,1,1,COMISARIA DE FAMILIA DE BETULIA,Cra 5 Nº 5 - 35 Palacio Municipal,3208496867,Lunes a Jueves de 7:30 am a 12 m - 2 a 6:30 p.m y los Viernes de 7:30 a.m a 12 m - 2 a 5:30 p.m,"-73,2836713462","6,89952350256",6° 54' 0'' N73° 16' 59'' O,Directorio Comisarias Ley 2126
68,SANTANDER,68101,BOLIVAR,Municipio,6,1,1,COMISARIA DE FAMILIA DE BOLÍVAR,Calle 9 N° 3-31 Palacio Municipal,Null,Lunes a Viernes de 8:00 am a 12:00 m y de 2:00 pm a 6:00pm,"-73,7713434117","5,98895175043",5°59′28″N 73°46′26″O﻿,Directorio Comisarias Ley 2126
68,SANTANDER,68121,CABRERA,Municipio,6,1,1,COMISARIA DE FAMILIA DE CABRERA,Carrera 7 No. 7-43 Palacio Municipal,3115295601,Lunes a Viernes de 8:00 am a 12:00 m y de 2:00 pm a 6:00pm,"-73,2465030679","6,59226462461",6° 35' 42'' N73° 14' 40'' O,Directorio Comisarias Ley 2126
68,SANTANDER,68132,CALIFORNIA,Municipio,6,1,1,COMISARIA DE FAMILIA DE CALIFORNIA,Carrera 6 #4-22,3102182681,Lunes a Viernes de 8:00 am a 12:00 m y de 2:00 pm a 6:00pm,"-72,9463686609","7,34788166378",7° 20' 49'' N72° 56' 44'' O,Directorio Comisarias Ley 2126
68,SANTANDER,68147,CAPITANEJO,Municipio,6,1,1,COMISARIA DE FAMILIA DE CAPITANEJO,Calle 5 # 5-48 Capitanejo,+(577) 6600101,Lunes a Viernes de 8:00 am a 12:00 m y de 2:00 pm a 6:00pm,"-72,6954661576","6,52741643996",6°31′49″N 72°41′52″O,Directorio Comisarias Ley 2126
68,SANTANDER,68152,CARCASI,Municipio,6,1,1,COMISARIA DE FAMILIA DE CARCASÍ,Palacio Municipal Calle 2 No. 2-43,3227864709,Lunes a Jueves 8:00 AM - 12:00 PM // 2:00PM - 6PM // Viernes jornada continua 7:00 AM - 3:00PM,"-72,627083427","6,6287276598",6° 37' 38'' N 72° 37' 32'' O,Directorio Comisarias Ley 2126
68,SANTANDER,68160,CEPITA,Municipio,6,1,1,COMISARIA DE FAMILIA DE CEPITÁ,Calle 3 No. 2 - 03,3202829303,Lunes a Jueves de 08:00 a.m. a 12:30 pm y de 02:00 p.m. a 06:30 p.m. Viernes de 07:00 a.m. a 03:00 p.m,"-72,9735370615","6,75351236838",6°45′10″N 72°58′24″O,Directorio Comisarias Ley 2126
68,SANTANDER,68162,CERRITO,Municipio,6,1,1,COMISARIA DE FAMILIA DE CERRITO,carrera 6 # 6 - 52 Cabecera Municipal,3222426897,Lunes a Viernes 7:30 am a 12:30 m y 2:00 pm a 5:00 pm,"-72,6950486627","6,84027556538",6° 50' 35'' N72° 41' 41'' O,Directorio Comisarias Ley 2126
68,SANTANDER,68167,CHARALA,Municipio,6,1,1,COMISARIA DE FAMILIA DE CHARALÁ,Carrera 17 No 24 - 11 Parque Principal,3102592699,De lunes a viernes de 8:00 am a 12 m. y de 2:00 p.m. a 4:30 p.m,"-73,1468716584","6,28434433944",6°17′15″N 73°08′48″O,Directorio Comisarias Ley 2126
68,SANTANDER,68169,CHARTA,Municipio,6,1,1,COMISARIA DE FAMILIA DE CHARTA,Carrera 1 No. 2-99 - Palacio Municipal,607 6069519,Lunes a Viernes de 8:00 am a 12:00 m y de 2:00 pm a 6:00pm,"-72,9687942408","7,28081908866",7° 16' 59'' N72° 58' 1'' O,Directorio Comisarias Ley 2126
68,SANTANDER,68176,CHIMA,Municipio,6,1,1,COMISARIA DE FAMILIA DE CHIMA,Carrera 5 # 5-08,3204735115,Lunes a Jueves de 7:00 am a 12:00 pm y 2:00 pm a 6:00 pm. Viernes de 7:00 a 1.00 pm,"-73,3737319916","6,34435038365",6°20′38″N 73°22′20″O﻿,Directorio Comisarias Ley 2126
68,SANTANDER,68179,CHIPATA,Municipio,6,1,1,COMISARIA DE FAMILIA DE CHIPATÁ,Carrera 6ª No. 3-17,3124784449,Lunes a Jueves: 8:00 a.m. a 12:00 m. y de 2:00 p.m. a 5:30 p.m. Domingos: 8:00 a.m. a 1:00 p.m.,"-73,6371138841","6,06252035758",6°03′41″N 73°38′16″O,Directorio Comisarias Ley 2126
68,SANTANDER,68190,CIMITARRA,Municipio,6,1,1,COMISARIA DE FAMILIA DE CIMITARRA,Carrera 5 No. 6-10 Palacio Municipal,6059219,Lunes a Viernes de 8:00 am a 12:00 m y de 2:00 pm a 6:00pm,"-73,9525715248","6,32063022524",6° 19' 1'' N73° 57' 0'' O,Directorio Comisarias Ley 2126
68,SANTANDER,68207,CONCEPCION,Municipio,6,1,1,COMISARIA DE FAMILIA DE CONCEPCIÓN,Cra 7 # 3-16,3147630179,Lunes a Viernes de 7:30am a 12:00m y de 2:00pm a 5:30pm,"-72,694595635","6,76883643116",6°46′16″N 72°41′53″O﻿,Directorio Comisarias Ley 2126
68,SANTANDER,68209,CONFINES,Municipio,6,1,1,COMISARIA DE FAMILIA DE CONFINES,Calle 5 No. 5 - 28,3208391703,"Lunes a Jueves de 08:00 am - 12:00 pm, 1:30 pm a 5:30 pm y Viernes de 07:00 am jornada continua hasta las 05:00 pm.","-73,2405558524","6,35733168284",6°21′21″N 73°14′27″O,Directorio Comisarias Ley 2126
68,SANTANDER,68211,CONTRATACION,Municipio,6,1,1,COMISARIA DE FAMILIA DE CONTRATACIÓN,Carrera 4 No. 6-51,3138860485,Lunes a Jueves: (7:00 - 12:30 pm) -(14:00-18:00) Viernes: (07:00 am - 1:00 pm),"-73,4744250645","6,29055860254",6°17′24″N 73°28′24″O﻿,Directorio Comisarias Ley 2126
68,SANTANDER,68217,COROMORO,Municipio,6,1,1,Comisaría de Familia - Palacio Municipal,Carrera 5 # 5-22,3108133133,7:30 a 12:30 - 14:00 a 18:00,"6.294787,",-73.040900,"6°17'41.2""N 73°02'27.2""W",Directorio Comisarias Ley 2126
68,SANTANDER,68229,CURITI,Municipio,6,1,1,Comisaría de Familia - Alcaldia Municipal,Calle 8 # 8-55,3112317919,7:00 a 12:00 - 14:00 a 18:00,"6.606365,",-73.069223,"6°36'22.9""N 73°04'09.2""W",Directorio Comisarias Ley 2126
68,SANTANDER,68235,EL CARMEN DE CHUCURI,Municipio,6,1,1,Comisaría de Familia - Alcaldia Municipal,Carrera 3 # 4-30,3124482783,7:30 a 12:00 - 14:00 a 18:00,"6.698538,",-73.510822,"6°41'54.8""N 73°30'39.0""W",Directorio Comisarias Ley 2126
68,SANTANDER,68245,EL GUACAMAYO,Municipio,6,1,1,Comisaría de Familia - Alcaldía Municipal El Guacamayo,Calle 5 # 5-62,3236490442-3144269957,7:00 a 12:00 -14:00 a 18:00 con disponibilidad las 24 horas,"6.246068,",-73.497203,"6°14'45.7""N 73°29'49.1""W",Directorio Comisarias Ley 2126
68,SANTANDER,68250,EL PENON,Municipio,6,1,1,Comisaría de Familia - Alcaldia Municipal,Carrera 4 # 5A-21,320 858 5967,7:00 a 12:00 - 14:00 a 18:00,"6.056096,",-73.815200,"6°03'22.0""N 73°48'54.7""W",Directorio Comisarias Ley 2126
68,SANTANDER,68255,EL PLAYON,Municipio,6,1,1,Comisaría de Familia el Playón,Carrera 5 # 8-24,321 2430 639,L-J: 7:00 - 12:00 -13:00 - 17:00 V: 7:00 - 12:00 -13:00 - 16:00,"7.470010,",-73.201823,"7°28'12.0""N 73°12'06.6""W",Directorio Comisarias Ley 2126
68,SANTANDER,68264,ENCINO,Municipio,6,1,1,Comisaría de Familia Encino,Calle 5 # 3-22,3202355506,7:30 a 12:00 - 14:00 a 18:00,"6.138083,",-73.098997,"6°08'17.1""N 73°05'56.4""W",Directorio Comisarias Ley 2126
68,SANTANDER,68266,ENCISO,Municipio,6,1,1,Comisaría de Familia Enciso,Carrera 4 # 4-43,3212498612,7:00 a 12:00 - 14:00 a 18:00,"6.668119,",-72.699651,"6°40'05.2""N 72°41'58.7""W",Directorio Comisarias Ley 2126
68,SANTANDER,68271,FLORIAN,Municipio,6,1,1,Comisaría de Familia Florián,Calle 4 # 1A-45,312 4856025,7:00 a 12:00 - 14:00 a 18:00,"5.804785,",-73.969868,"5°48'17.2""N 73°58'11.5""W",Directorio Comisarias Ley 2126
68,SANTANDER,68296,GALAN,Municipio,6,1,1,Comisaría de Familia - Alcaldia Municipal,Calle 6 # 5-35,3138362709,8:00 a 12:00 - 14:00 a 18:00,"6.637376,",-73.287545,"6°38'14.6""N 73°17'15.2""W",Directorio Comisarias Ley 2126
68,SANTANDER,68298,GAMBITA,Municipio,6,1,1,Comisaría de Familia Gámbita,Carrera 9 # 4-28,3124331601,8:00 a 12:00 - 14:00 a 18:00,"5.945922,",-73.345029,"5°56'45.3""N 73°20'42.1""W",Directorio Comisarias Ley 2126
68,SANTANDER,68318,GUACA,Municipio,6,1,1,Comisaría de Familia Guaca,Carrera 6 # 4-28,3185308864,8:00 a 12:00 - 14:00 a 18:00,"6.875421,",-72.855914,"6°52'31.5""N 72°51'21.3""W",Directorio Comisarias Ley 2126
68,SANTANDER,68320,GUADALUPE,Municipio,6,1,1,Comisaría de Familia Guadalupe,Carrera 4 # 5-31,3105801520,8:00 a 12:00 - 14:00 a 18:00,"6.247088,",-73.418578,"6°14'49.5""N 73°25'06.9""W",Directorio Comisarias Ley 2126
68,SANTANDER,68322,GUAPOTA,Municipio,6,1,1,Comisaría de Familia Guapotá,Carrera 2 # 5-05,3108061613,L-J: 7:00 - 12:30 -14:00 - 18:00 V: 7:00 - 13:00,"6.308401,",-73.321199,"6°18'30.2""N 73°19'16.3""W",Directorio Comisarias Ley 2126
68,SANTANDER,68324,GUAVATA,Municipio,6,1,1,Comisaría de Familia Guavatá,Carrera 3 #  4-42,3105703414,8:00 a 12:00 - 14:00 a 18:00,"5.955619,",-73.699980,"5°57'20.2""N 73°41'59.9""W",Directorio Comisarias Ley 2126
68,SANTANDER,68327,GUEPSA,Municipio,6,1,1,Comisaría de Familia Güepsa,Calle 3ra # 5Esquina,3183505721,8:00 a 12:00 - 14:00 a 18:00,"6.024800,",-73.572552,"6°01'29.3""N 73°34'21.2""W",Directorio Comisarias Ley 2126
68,SANTANDER,68344,HATO,Municipio,6,1,1,Comisaría de Familia Hato - Alcaldía Municipal,Carrera 5 # 4-23,'3222184558,8:00 a 12:00 - 14:00 a 18:00,"6.542379,",-73.308399,"6°32'32.6""N 73°18'30.2""W",Directorio Comisarias Ley 2126
68,SANTANDER,68368,JESUS MARIA,Municipio,6,1,1,Comisaría de Familia de Jesus María - Alcaldía Municipal,Calle 3 # 5-14,3203397099,8:00 a 13:00 - 14:00 a 18:00,"5.875732,",-73.782929,"5°52'32.6""N 73°46'58.5""W",Directorio Comisarias Ley 2126
68,SANTANDER,68370,JORDAN,Municipio,6,1,1,Comisaría de Familia Jordán -  Palacio Municipal,Calle 3 # 6Esquina,3124506559,8:00 a 13:00 - 14:00 a 18:00,"6.732373,",-73.095796,"6°43'56.5""N 73°05'44.9""W",Directorio Comisarias Ley 2126
68,SANTANDER,68377,LA BELLEZA,Municipio,6,1,1,Comisaría de Familia la Belleza - Alcaldía Municipal,Carrera 3 # 6-10,3219369302,8:00 a 12:30 - 14:00 a 18:30,"5.859162,",-73.965256,"5°51'33.0""N 73°57'54.9""W",Directorio Comisarias Ley 2126
68,SANTANDER,68385,LANDAZURI,Municipio,6,1,1,Comisaría de Familia Landazurí - Alcaldía Municipal,Carrera 6 # 6-04,3212319822,L-J: 7:00 a 12:00 a 14:00 - 18:00 V: 7:00 a 12:00 -14:00 a 17:00,"6.220725,",-73.811927,"6°13'14.6""N 73°48'42.9""W",Directorio Comisarias Ley 2126
68,SANTANDER,68397,LA PAZ,Municipio,6,1,1,Comisaría de Familia  - Casa Fiscal III La Paz,Calle 3 # 2-08,3143005457,8:00 a 12:00 - 14:00 a 18:00,"6.177716,",-73.589576,"6°10'39.8""N 73°35'22.5""W",Directorio Comisarias Ley 2126
68,SANTANDER,68418,LOS SANTOS,Municipio,6,1,1,Comisaría de Familia Los Santos,Carrera 7 # 2-22,3204744631,8:00 a 12:00 - 14:00 a 18:00,"6.756634,",-73.103146,"6°45'23.9""N 73°06'11.3""W",Directorio Comisarias Ley 2126
68,SANTANDER,68425,MACARAVITA,Municipio,6,1,1,Comisaría de Familia Macaravita,Carrera 3 # 3-38,3507677569,L-V 8:00 a 12:00 - 14:00 a 18:00,"6.505971,",-72.592642,"6°30'21.5""N 72°35'33.5""W",Directorio Comisarias Ley 2126
68,SANTANDER,68432,MALAGA,Municipio,6,1,1,Comisaría de Familia Málaga,Calle 12 # 9-56,3115523998,L-V 8:00 a 12:00 - 14:00 a 18:00 S 8:00 a 12:00,"6.699419,",-72.732962,"6°41'57.9""N 72°43'58.7""W",Directorio Comisarias Ley 2126
68,SANTANDER,68444,MATANZA,Municipio,6,1,1,Comisaría de Familia Matanza - Palacio Municipal,Carrera 5 # 5-85,3026265626,L-J 8:00 a 12:00 -14:00 a 18:00 V 8:00 a 12:00 - 14:00 a 16:00,"7.322659,",-73.015548,"7°19'21.6""N 73°00'56.0""W",Directorio Comisarias Ley 2126
68,SANTANDER,68464,MOGOTES,Municipio,6,1,1,Comisaría de Familia Mogotes,Calle 5 # 7-29,3102811824,L-J: 7:00 a 12:00 -14:00 a 18:00 V: 7:00 a 12:00 -14:00 a 17:00,"6.476551,",-72.970771,"6°28'35.6""N 72°58'14.8""W",Directorio Comisarias Ley 2126
68,SANTANDER,68468,MOLAGAVITA,Municipio,6,1,1,Comisaría de Familia Molagavita,Carrera 3 # 4-15,3143374575,L-J: 8:00 a 13:00 -14:00 a 18:00 D:7:00 a 15:00,"6.673659,",-72.808834,"6°40'25.2""N 72°48'31.8""W",Directorio Comisarias Ley 2126
68,SANTANDER,68498,OCAMONTE,Municipio,6,1,1,Comisaría de Familia Ocamonte,Calle 5 # 3-49,3205634661,L-V: 7:30 a 18:00,"6.340658,",-73.122532,"6°20'26.4""N 73°07'21.1""W",Directorio Comisarias Ley 2126
68,SANTANDER,68500,OIBA,Municipio,6,1,1,Comisaría de Familia Oiba,Calle 10 # 6-36,3232231153,8:00 a 12:00 - 14:00 a 18:00,"6.264571,",-73.298732,"6°15'52.5""N 73°17'55.4""W",Directorio Comisarias Ley 2126
68,SANTANDER,68502,ONZAGA,Municipio,6,1,1,Comisaría de Familia Onzaga,Carrera 2 # 4-37,3163132446,8:00 a 12:00 - 14:00 a 18:00,"6.344487,",-72.816732,"6°20'40.2""N 72°49'00.2""W",Directorio Comisarias Ley 2126
68,SANTANDER,68522,PALMAR,Municipio,6,1,1,Comisaría de Familia Palmar,Calle 5 # 3-21,NO TIENE,8:00 a 12:00 - 14:00 a 18:00,"6.538045,",-73.290903,"6°32'17.0""N 73°17'27.3""W",Directorio Comisarias Ley 2126
68,SANTANDER,68524,PALMAS DEL SOCORRO,Municipio,6,1,1,Comisaría de Familia Palmas del Socorro,Calle 7 # 5-34,3183476223,7:30 - 12:00 -13:00 - 17:00,"6.405796,",-73.288223,"6°24'20.9""N 73°17'17.6""W",Directorio Comisarias Ley 2126
68,SANTANDER,68533,PARAMO,Municipio,6,1,1,Comisaría de Familia Páramo,Calle 3 # 3-42,3107896458,8:00 a 12:00 - 14:00 a 18:00,"6.416366,",-73.169003,"6°24'58.9""N 73°10'08.4""W",Directorio Comisarias Ley 2126
68,SANTANDER,68549,PINCHOTE,Municipio,6,1,1,Comisaría de Familia Pinchote,Calle 5 # 4-46,3157907435,8:00 a 12:00 - 14:00 a 17:00,"6.532900,",-73.173583,"6°31'58.4""N 73°10'24.9""W",Directorio Comisarias Ley 2126
68,SANTANDER,68572,PUENTE NACIONAL,Municipio,6,1,1,Comisaría de Familia Puente Nacional - Palacio Municipal,Avenida 6 # 4-103/107,3183418588,L-V: 8:00 a 18:00,"5.876083,",-73.680241,"5°52'33.9""N 73°40'48.9""W",Directorio Comisarias Ley 2126
68,SANTANDER,68573,PUERTO PARRA,Municipio,6,1,1,Comisaría de Familia Puerto Parra,Calle 8 A # 5-55,3103210228,8:00 a 12:00 - 14:00 a 18:00,"6.650442,",-74.055222,"6°39'01.6""N 74°03'18.8""W",Directorio Comisarias Ley 2126
68,SANTANDER,68575,PUERTO WILCHES,Municipio,6,1,1,Comisaría de Familia Puerto Wilches - Centro de Conviviencia,Calle 5 # 3-36,3158524367,L-V 8:00 a 18:00 Con disponibilidad para fin de semana,"7.347156,",-73.902604,"7°20'49.8""N 73°54'09.4""W",Directorio Comisarias Ley 2126
68,SANTANDER,68615,RIONEGRO,Municipio,6,1,1,Comisaría de Familia Rionegro,Carrera 12 # 10-23,3156296779,7:00 a 12:30 - 14:00 a 17:00,"7.264918,",-73.148959,"7°15'53.7""N 73°08'56.3""W",Directorio Comisarias Ley 2126
68,SANTANDER,68655,SABANA DE TORRES,Municipio,6,1,1,Comisaría de Familia Sabana de Torres,Calle 11 # 11-06,NO TIENE,8:00 a 12:00 - 14:00 a 18:00,"7.397351,",-73.493677,"7°23'50.5""N 73°29'37.2""W",Directorio Comisarias Ley 2126
68,SANTANDER,68669,SAN ANDRES,Municipio,6,1,1,Comisaría de Familia San Ándres,Calle 6 # 4-07,3183817743,M-J 7:30 a 12:00 - 14: 00 a 18:30 V: 7:00 a 12:00 - 14:00 a 19:00  S: 7:00 a 14:00,"6.809657,",-72.850560,"6°48'34.8""N 72°51'02.0""W",Directorio Comisarias Ley 2126
68,SANTANDER,68673,SAN BENITO,Municipio,6,1,1,Comisaría de Familia San Benito - Palacio Municipal,Calle 4 # 2 - 40,NO TIENE,8:00 a 12:00 - 14:00 a 18:00,"6.125454,",-73.509955,"6°07'31.6""N 73°30'35.8""W",Directorio Comisarias Ley 2126
68,SANTANDER,68682,SAN JOAQUIN,Municipio,6,1,1,Comisaría de Familia San Joaquín - Palacio Municipal,Carrera 4 # 5-26,3134063242,8:00 a 18:30,"6.427732,",-72.867274,"6°25'39.8""N 72°52'02.2""W",Directorio Comisarias Ley 2126
68,SANTANDER,68684,SAN JOSE DE MIRANDA,Municipio,6,1,1,Comisaría de Familia San José de Miranda,Carrera 4 # 3-21,NO TIENE,8:00 a 12:00 - 14:00 a 18:00,"6.658339,",-72.733895,"6°39'30.0""N 72°44'02.0""W",Directorio Comisarias Ley 2126
68,SANTANDER,68686,SAN MIGUEL,Municipio,6,1,1,Comisaría de Familia San Miguel - Palacio Municipal,Carrera 4 # 4-15,3177619331,8:00 a 12:30 - 14:00 a 18:30,"6.575864,",-72.646041,"6°34'33.1""N 72°38'45.8""W",Directorio Comisarias Ley 2126
68,SANTANDER,68689,SAN VICENTE DE CHUCURI,Municipio,6,1,1,Comisaría de Familia San Vicente de Chucurí - Palacio Municipal,Calle 9 # 04-186,3202736005,L-J: 7:00 a 12:00 - 14:00 a 18:00 V: 7:00 a 12:00 - 14:00 a 17:00,"6.879334,",-73.409803,"6°52'45.6""N 73°24'35.3""W",Directorio Comisarias Ley 2126
68,SANTANDER,68705,SANTA BARBARA,Municipio,6,1,1,Comisaría de Familia Santa Bárbara - Palacio Municipal,Carrera 3 # 4-50,NO TIENE,8:00 a 12:00 - 14:00 a 18:00,"6.990538,",-72.906680,"6°59'25.9""N 72°54'24.1""W",Directorio Comisarias Ley 2126
68,SANTANDER,68720,SANTA HELENA DEL OPON,Municipio,6,1,1,Comisaría de Familia Santa Helena del Opón - Palacio Municipal,Carrera 4 # 3-40,3163986378,L-V: 8:00 a 12:00 - 14:00 a 18:00,"6.339283,",-73.617006,"6°20'21.4""N 73°37'01.2""W",Directorio Comisarias Ley 2126
68,SANTANDER,68745,SIMACOTA,Municipio,6,1,1,Comisaría de Familia Simacota,Calle 3A #6-65,3502956386,L-J: 7:30 a 12:30 -14:00 a 18:00 V: 8:00 a 12:00,"6.443896,",-73.337654,"6°26'38.0""N 73°20'15.6""W",Directorio Comisarias Ley 2126
68,SANTANDER,68755,SOCORRO,Municipio,6,1,1,Comisaría de Familia Socorro,Calle 14 # 14-45,3507688076,L-V: 8:00 a 12:00 - 14:00 a 18:00,"6.470814,",-73.261594,"6°28'14.9""N 73°15'41.7""W",Directorio Comisarias Ley 2126
68,SANTANDER,68770,SUAITA,Municipio,6,1,1,Comisaría de Familia Suaita,Calle 5 # 8-32,3212037035,L-J: 8:00 a 12:00 - 14:00 a 18:00  D: 8:00 a 13:00,"6.102588,",-73.441943,"6°06'09.3""N 73°26'31.0""W",Directorio Comisarias Ley 2126
68,SANTANDER,68773,SUCRE,Municipio,6,1,1,Comisaría de Familia Sucre - Alcaldía Municipal,Calle 5 # 4 - 41,3125606014,L-J: 8:00 a 12:00 - 14:00 a 18:00  V: 7:00 a 15:00,"5.917655,",-73.791479,"5°55'03.6""N 73°47'29.3""W",Directorio Comisarias Ley 2126
68,SANTANDER,68780,SURATA,Municipio,6,1,1,Comisaría de Familia Suratá - Alcaldía Municipal,Carrera 4 # 4-19,NO TIENE,L-J: 8:00 a 12:00 - 14:00 a 18:00  V: 7:00 a 12:30 - 14:00 a 16:30,"7.367339,",-72.983366,"7°22'02.4""N 72°59'00.1""W",Directorio Comisarias Ley 2126
68,SANTANDER,68820,TONA,Municipio,6,1,1,Comisaría de Familia Tona,Carrera 3 # 8-17,3134628922,L-J: 8:00 a 12:00 - 14:00 a 18:00  V: 7:00 a 13:00,"7.202346,",-72.965748,"7°12'08.5""N 72°57'56.7""W",Directorio Comisarias Ley 2126
68,SANTANDER,68855,VALLE DE SAN JOSE,Municipio,6,1,1,Comisaría de Familia Valle de San José,Carrera 7 # 3-28,3182980912,L-V: 7:30 a 12:00 - 14:00 a 18:00,"6.448363,",-73.144154,"6°26'54.1""N 73°08'39.0""W",Directorio Comisarias Ley 2126
68,SANTANDER,68861,VELEZ,Municipio,6,1,1,Comisaría de Familia Vélez - Alcaldía Municipal,Calle 9 # 2-37,NO TIENE,L-V: 7:30 a 12:00 - 14:00 a 18:00,"6.011984,",-73.671968,"6°00'43.1""N 73°40'19.1""W",Directorio Comisarias Ley 2126
68,SANTANDER,68867,VETAS,Municipio,6,1,1,Comisaría de Familia Vetas,Carrera 4 # 4-05,3142073518,L-J: 8:00 a 12:00 - 14:00 a 18:00 V: 7:00 a 12:00 - 13:00 a 16:00,"7.311626,",-72.871393,"7°18'41.9""N 72°52'17.0""W",Directorio Comisarias Ley 2126
68,SANTANDER,68872,VILLANUEVA,Municipio,6,1,1,Comisaría de Familia Villanueva,Carrera 15 # 13-27,3187436032 - 3175136794,L-V: 7:30 a 12:30 - 14:00 a 18:00,"6.672004,",-73.176064,"6°40'19.2""N 73°10'33.8""W",Directorio Comisarias Ley 2126
68,SANTANDER,68895,ZAPATOCA,Municipio,6,1,1,Comisaría de Familia Zapatoca - Alcaldía Municipal,Carrera # 20-36,3165219879,L-V: 7:30 a 12:00 - 14:00 a 18:00,"6.816468,",-73.268349,"6°48'59.3""N 73°16'06.1""W",Directorio Comisarias Ley 2126
70,SUCRE,70110,BUENAVISTA,Municipio,6,1,1,Comisaría de Familia Buenavista,Calle 9 # 09-08,3148803499,7:30 a 12:00 - 14:00 a 17:30,"9.319706,",-74.973371,"9°19'10.9""N 74°58'24.1""W",Directorio Comisarias Ley 2126
70,SUCRE,70124,CAIMITO,Municipio,6,1,1,Comisaría de Familia Caimito,Calle 15A # 10-01,NO TIENE,8:00 a 12:00 - 14:00 a 18:00,"8.792532,",-75.117030,"8°47'33.1""N 75°07'01.3""W",Directorio Comisarias Ley 2126
70,SUCRE,70204,COLOSO,Municipio,6,1,1,Comisaría de Familia Coloso,Calle 13 A # 4A-80,3205714661,8:00 a 17:00,"9.495595,",-75.352128,"9°29'44.1""N 75°21'07.7""W",Directorio Comisarias Ley 2126
70,SUCRE,70215,COROZAL,Municipio,6,1,1,Comisaría de Familia Corozal,Carrera 28 # 31 A-08,NO TIENE,L-V: 7:30 a 12:00 - 14:00 a 18:00,"9.317142,",-75.291179,"9°19'01.7""N 75°17'28.2""W",Directorio Comisarias Ley 2126
70,SUCRE,70230,CHALAN,Municipio,6,1,1,Comisaría de Familia Chalán,Calle 6 # 5-33,3138054339,8:00 a 17:00,"9.546224,",-75.312517,"9°32'46.4""N 75°18'45.1""W",Directorio Comisarias Ley 2126
70,SUCRE,70233,EL ROBLE,Municipio,6,1,1,Comisaría de Familia El Roble,Calle 6 # 6-10,3104146118,8:00 a 17:00,"9.102713,",-75.195356,"9°06'09.8""N 75°11'43.3""W",Directorio Comisarias Ley 2126
70,SUCRE,70235,GALERAS,Municipio,6,1,1,Comisaría de Familia Galeras,Calle 11 # 12-24,3126386780,7:30 a 12:00 - 14:00 a 17:00,"9.160526,",-75.047625,"9°09'37.9""N 75°02'51.5""W",Directorio Comisarias Ley 2126
70,SUCRE,70265,GUARANDA,Municipio,6,1,1,Comisaría de Familia Guaranda,Carrera 5 #  4-67,3205905208,7:30 a 12:00 - 14:00 a 18:00,"8.467341,",-74.536773,"8°28'02.4""N 74°32'12.4""W",Directorio Comisarias Ley 2126
70,SUCRE,70400,LA UNION,Municipio,6,1,1,Comisaría de Familia La Unión,Calle 14 # 8a-45,3006686440,8:00 a 12:00 - 14:00 a 18:00,"8.854521,",-75.273133,"8°51'16.3""N 75°16'23.3""W",Directorio Comisarias Ley 2126
70,SUCRE,70418,LOS PALMITOS,Municipio,6,1,1,Comisaría de Familia Los Palmitos,Carrera 12 # 6-6,NO TIENE,8:00 a 13:00 - 14:00 a 17:00,"9.379027,",-75.268502,"9°22'44.5""N 75°16'06.6""W",Directorio Comisarias Ley 2126
70,SUCRE,70429,MAJAGUAL,Municipio,6,1,1,Comisaría de Familia Majagual,Carrera 15 # 5-26,3008803381,8:00 a 12:00 - 14:00 a 18:00,"8.541044,",-74.631762,"8°32'27.8""N 74°37'54.3""W",Directorio Comisarias Ley 2126
70,SUCRE,70473,MORROA,Municipio,6,1,1,Comisaría de Familia Morroa,Calle 9 # 5-23,3233715876,8:00 a 17:00,"9.334268,",-75.306170,"9°20'03.4""N 75°18'22.2""W",Directorio Comisarias Ley 2126
70,SUCRE,70508,OVEJAS,Municipio,6,1,1,Comisaría de Familia Ovejas,Carrera 16 # 21-54,2869086,8:00 a 12:00 - 14:00 a 17:00,"9.525144,",-75.229602,"9°31'30.5""N 75°13'46.6""W",Directorio Comisarias Ley 2126
70,SUCRE,70523,SAN ANTONIO DE PALMITO,Municipio,6,1,1,Comisaría de Familia San Antonio de Palmito,Carrera 7 # 06-08,NO TIENE,8:00 a 12:00 - 14:00 a 18:00,"9.332340,",-75.542371,"9°19'56.4""N 75°32'32.5""W",Directorio Comisarias Ley 2126
70,SUCRE,70670,SAMPUES,Municipio,6,1,1,Comisaría de Familia Sampués,Carrera 23 # 22-05,6052831000,L-V 8:00 a 12:00 - 13:00 a 17:00,"9.182019,",-75.377585,"9°10'55.3""N 75°22'39.3""W",Directorio Comisarias Ley 2126
70,SUCRE,70678,SAN BENITO ABAD,Municipio,6,1,1,Comisaría de Familia San Benito Abad  - Alcaldía Municipal,Carrera 15 # 10-50,NO TIENE,8:00 a 12:00 - 14:00 a 18:00,"8.929909,",-75.027726,"8°55'47.7""N 75°01'39.8""W",Directorio Comisarias Ley 2126
70,SUCRE,70702,SAN JUAN DE BETULIA,Municipio,6,1,1,Comisaría de Familia San Juan de Betulia  - Alcaldía Municipal,Carrera 7 # 7-29,NO TIENE,8:00 a 17:00,"9.274346,",-75.242692,"9°16'27.7""N 75°14'33.7""W",Directorio Comisarias Ley 2126
70,SUCRE,70708,SAN MARCOS,Municipio,6,1,0,Comisaría de Familia San Marcos  - Alcaldía Municipal,Carrera 19 # 21-103,NO TIENE,8:00 a 17:00,"8.663579,",-75.136718,"8°39'48.9""N 75°08'12.2""W",Directorio Comisarias Ley 2126
70,SUCRE,70713,SAN ONOFRE,Municipio,6,1,1,Comisaría de Familia San Onofre - Casa de Justicia,Calle 19 # 22-49,3008517612,L-V 8:00 a 12:00 - 14:00 a 18:00,"9.740846,",-75.519872,"9°44'04.0""N 75°31'30.6""W",Directorio Comisarias Ley 2126
70,SUCRE,70717,SAN PEDRO,Municipio,6,1,1,Comisaría de Familia San Pedro,Carrera 9 N13-12,3225721516,8:00 a 12:00 - 14:00 a 18:00,"9.395106,",-75.064127,"9°23'42.4""N 75°03'50.9""W",Directorio Comisarias Ley 2126
70,SUCRE,70742,SAN LUIS DE SINCE,Municipio,6,1,1,Comisaría de Familia San Luis de Sincé,Carrera 2 # 1-19,3216713000,8:00 a 17:00,"9.243882,",-75.146669,"9°14'38.0""N 75°08'48.0""W",Directorio Comisarias Ley 2126
70,SUCRE,70771,SUCRE,Municipio,6,1,1,Comisaría de Familia Sucre - Palacio Municipal,Carrera 3 # 10-10,NO TIENE,8:00 a 17:00,"8.812264,",-74.722121,"8°48'44.2""N 74°43'19.6""W",Directorio Comisarias Ley 2126
70,SUCRE,70820,SANTIAGO DE TOLU,Municipio,6,1,1,Comisaría de Familia Santiago de Tolú,Carrera 4 # 16-42,3004981661,8:00 a 12:00 - 14:00 a 18:00 con disponibilidad,"9.524134,",-75.584956,"9°31'26.9""N 75°35'05.8""W",Directorio Comisarias Ley 2126
70,SUCRE,70823,SAN JOSE DE TOLUVIEJO,Municipio,6,1,0,Comisaría de Familia San José de Toluviejo,Carrera 3 # 4-09,3006606165,8:00 a 17:00,"9.451953,",-75.440290,"9°27'07.0""N 75°26'25.0""W",Directorio Comisarias Ley 2126
73,TOLIMA,73024,ALPUJARRA,Municipio,6,1,1,Comisaría de Familia Alpujarra - Centro Comunitario,Carrera 8 # 7,3173528368,M-V 7:30- 17:30PM  S: 7:30 - 13:00,"3.392911,",-74.933539,"3°23'34.5""N 74°56'00.7""W",Directorio Comisarias Ley 2126
73,TOLIMA,73026,ALVARADO,Municipio,6,1,1,Comisaría de Familia Alvarado,Carrera 3 # 4Esquina,3208568686,M-S 8:00 a 17:00,"4.566447,",-74.953253,"4°33'59.2""N 74°57'11.7""W",Directorio Comisarias Ley 2126
73,TOLIMA,73030,AMBALEMA,Municipio,6,1,1,Comisaría de Familia Ambalema,Carrera 6 # 10a - 97,3103340902,8:00 a 12:00 - 13:00 a 17:00 con disponibilidad 24/7,"4.781074,",-74.764280,"4°46'51.9""N 74°45'51.4""W",Directorio Comisarias Ley 2126
73,TOLIMA,73043,ANZOATEGUI,Municipio,6,1,1,Comisaría de Familia Anzoátegui,Carrera 3 # 13-79,NO TIENE,8:00 a 17:00,"4.632818,",-75.093481,"4°37'58.1""N 75°05'36.5""W",Directorio Comisarias Ley 2126
73,TOLIMA,73055,ARMERO,Municipio,6,1,1,Comisaría de Familia Armero,Calle 5 # 6-32,NO TIENE,8:00 a 17:00,"5.027153,",-74.888980,"5°01'37.8""N 74°53'20.3""W",Directorio Comisarias Ley 2126
73,TOLIMA,73067,ATACO,Municipio,6,1,1,Comisaría de Familia Ataco,Calle 8 # 8-43,3175024214,M-V 7:30-12:30 -14:00 -18:00  S: 7:30-13: 00,"3.590773,",-75.383344,"3°35'26.8""N 75°23'00.0""W",Directorio Comisarias Ley 2126
73,TOLIMA,73124,CAJAMARCA,Municipio,6,1,1,Comisaría de Familia Cajamarca,Calle 6 # 7-52,3102402680,L-V 7:30 -12:30  -14:00 -17:00,"4.442312,",-75.426443,"4°26'32.3""N 75°25'35.2""W",Directorio Comisarias Ley 2126
73,TOLIMA,73148,CARMEN DE APICALA,Municipio,6,1,1,Comisaría de Familia Carmen de Apicalá,Carrera 5 # 5,NO TIENE,8:00 a 17:00,"4.147807,",-74.723107,"4°08'52.1""N 74°43'23.2""W",Directorio Comisarias Ley 2126
73,TOLIMA,73152,CASABIANCA,Municipio,6,1,1,Comisaría de Familia Casablanca Edificio municipal,Carrera 3 # 3-23,3166926159,M-J 8:00 - 18:00 V:7:30 - 18:00  S:7:00 -15:00,"5.079576,",-75.120583,"5°04'46.5""N 75°07'14.1""W",Directorio Comisarias Ley 2126
73,TOLIMA,73168,CHAPARRAL,Municipio,6,1,1,Comisaría de Familia Chaparral,Carrera 9 # 20-9,NO TIENE,8:00 a 17:00,"3.725147,",-75.485080,"3°43'30.5""N 75°29'06.3""W",Directorio Comisarias Ley 2126
73,TOLIMA,73200,COELLO,Municipio,6,1,1,Comisaría de Familia Coello,Carrera 3 # 2-39,3187860164,M-V 07:30 a 12:30 - 13:30 a 18:00 y S: 08:00 -14:00,"4.287892,",-74.898548,"4°17'16.4""N 74°53'54.8""W",Directorio Comisarias Ley 2126
73,TOLIMA,73217,COYAIMA,Municipio,6,1,1,Comisaría de Familia Coyaima,Carrera 3 # 3,3011286984,8:00 a 12:00 - 14:00 a 18:00,"3.799048,",-75.195201,"3°47'56.6""N 75°11'42.7""W",Directorio Comisarias Ley 2126
73,TOLIMA,73226,CUNDAY,Municipio,6,1,1,Comisaría de Familia Cunday,Carrera 5 # 5Esquina,3145655337,7:30 a 12:00 y 12:00 a 18:00,"4.060491,",-74.692218,"4°03'37.8""N 74°41'32.0""W",Directorio Comisarias Ley 2126
73,TOLIMA,73236,DOLORES,Municipio,6,1,1,Comisaría de Familia Dolores,Calle 3 # 7-14,3155845777,M-V 7:30 A 12:30 - 14:00 - 18:30PM - S: 7:30 a 13:30,"3.671067,",-74.749533,"3°40'15.8""N 74°44'58.3""W",Directorio Comisarias Ley 2126
73,TOLIMA,73270,FALAN,Municipio,6,1,0,Comisaría de Familia Falan,Calle 6 # 3 - 98,NO TIENE,L-J 7:30 a 12:30 - 14:00 a 18:00 V: 7:30 a 12:30 - 14:00 a 17:00,"5.123876,",-74.951185,"5°07'26.0""N 74°57'04.3""W",Directorio Comisarias Ley 2126
73,TOLIMA,73283,FRESNO,Municipio,6,1,1,Comisaría de Familia Fresno,Carrera 6 # 5-05Esquina,3132311363,M-V 8:00 a 12:30 - 14:00 a 17:30  - S: 8:00 a 14:00,"5.151663,",-75.036207,"5°09'06.0""N 75°02'10.4""W",Directorio Comisarias Ley 2126
73,TOLIMA,73319,GUAMO,Municipio,6,1,1,Comisaría de Familia Guamo,Calle 10 # 2-10,NO TIENE,8:00 a 17:00,"4.031650,",-74.970518,"4°01'53.9""N 74°58'13.9""W",Directorio Comisarias Ley 2126
73,TOLIMA,73347,HERVEO,Municipio,6,1,1,Comisaría de Familia Herveo,Calle 4 # 5-31,3502954093,M-V 8:00 a 12:00 - 14:00 a 17:30  - S: 8:00 a 14:00,"5.079758,",-75.176164,"5°04'47.1""N 75°10'34.2""W",Directorio Comisarias Ley 2126
73,TOLIMA,73349,HONDA,Municipio,6,1,1,Comisaría de Familia Honda,Carrera 12 # 33 -123,NO TIENE,7:30 a 12:00 y 14:00 a 18:00,"5.204007,",-74.737191,"5°12'14.4""N 74°44'13.9""W",Directorio Comisarias Ley 2126
73,TOLIMA,73352,ICONONZO,Municipio,6,1,1,Comisaría de Familia Icononzo,Carrera 6 # 5-67,3212297383,L-J 7:30 a 12:30 - 14:00 a 18:00 V: 7:30 a 12:00 - 14:00 a 17:00,"4.178260,",-74.533851,"4°10'41.7""N 74°32'01.9""W",Directorio Comisarias Ley 2126
73,TOLIMA,73408,LERIDA,Municipio,6,1,1,Comisaría de Familia Lérida,Calle 8 # 3-19,3177922024,M-V 8:00 a 12:00 - 14:00 a 18:00  - S: 9:00 a 13:00,"4.862737,",-74.907553,"4°51'45.9""N 74°54'27.2""W",Directorio Comisarias Ley 2126
73,TOLIMA,73411,LIBANO,Municipio,6,1,1,Comisaría de Familia Libano,Calle 5 # 10-38,3212020149,8:00 a 17:00,"4.923554,",-75.064632,"4°55'24.8""N 75°03'52.7""W",Directorio Comisarias Ley 2126
73,TOLIMA,73443,SAN SEBASTIAN DE MARIQUITA,Municipio,6,1,1,Comisaría de Familia San Sebastián de Mariquita,Calle 4 # 3Esquina,3209944576,L-V 7:00 a 12:00  - 14:00 a 17:00,"5.199699,",-74.897900,"5°11'58.9""N 74°53'52.4""W",Directorio Comisarias Ley 2126
73,TOLIMA,73461,MURILLO,Municipio,6,1,1,Comisaría de Familia Murillo,Carrera 8 # 11-23,3102940903,L-V 8:00 a 12:00 - 14:00 a 18:00,"4.873342,",-75.172222,"4°52'24.0""N 75°10'20.0""W",Directorio Comisarias Ley 2126
73,TOLIMA,73483,NATAGAIMA,Municipio,6,1,1,Comisaría de Familia Natagaima,Carrera 3 # 5-20,(608) 2269119,L-V 8:00 a 12:00 - 14:00 a 17:00,"3.622418,",-75.095848,"3°37'20.7""N 75°05'45.1""W",Directorio Comisarias Ley 2126
73,TOLIMA,73504,ORTEGA,Municipio,6,1,1,Comisaría de Familia Ortega,Calle 6 # 5-30,NO TIENE,M-V 7:00 a 12:30 - 14:00 a 18:00  - S: 7:00 a 13:00,"3.934853,",-75.219604,"3°56'05.5""N 75°13'10.6""W",Directorio Comisarias Ley 2126
73,TOLIMA,73520,PALOCABILDO,Municipio,6,1,1,Comisaría de Familia Palocabildo,Calle 5 # 8- 21,3505227955,L-V 8:00 a 12:00 - 14:00 a 18:00,"5.121271,",-75.022221,"5°07'16.6""N 75°01'20.0""W",Directorio Comisarias Ley 2126
73,TOLIMA,73547,PIEDRAS,Municipio,6,1,1,Comisaría de Familia Piedras - Palacio Municipal,Carrera 2 # 4Esquina,3212328711,7:00 a 13:00 y 14:00 a 17:00,"4.539039,",-74.879797,"4°32'20.5""N 74°52'47.3""W",Directorio Comisarias Ley 2126
73,TOLIMA,73555,PLANADAS,Municipio,6,1,1,Comisaría de Familia Planadas - Palacio Municipal,Calle 6 # 5-13,3173718717,7:30 a 12:00 y 14:00 a 18:00,"3.194208,",-75.645767,"3°11'39.2""N 75°38'44.8""W",Directorio Comisarias Ley 2126
73,TOLIMA,73563,PRADO,Municipio,6,1,1,Comisaría de Familia Prado,Carrera 6 # 9-37,3115419138,7:00 a 12:30 - 13:00 a 18:00,"3.750829,",-74.930175,"3°45'03.0""N 74°55'48.6""W",Directorio Comisarias Ley 2126
73,TOLIMA,73585,PURIFICACION,Municipio,6,1,1,Comisaría de Familia Purificación,Calle 9A # 4-47,3108068083,L-V 8:00 a 11:00 - 14:00 a 17:00 Disponibilidad 24/7,"3.857102,",-74.929565,"3°51'25.6""N 74°55'46.4""W",Directorio Comisarias Ley 2126
73,TOLIMA,73616,RIOBLANCO,Municipio,6,1,1,Comisaría de Familia Rioblanco,Carrera 5 # 4-25,3172203071,L-V 8:00 a 12:00 - 14:00 a 18:00,"3.531096,",-75.645654,"3°31'52.0""N 75°38'44.4""W",Directorio Comisarias Ley 2126
73,TOLIMA,73622,RONCESVALLES,Municipio,6,1,1,Comisaría de Familia Roncesvalles,Calle 5 # 1-10,3104577195,M-V 7:30 a 18:30 S: 8:00 a 14:00,"4.010207,",-75.604051,"4°00'36.8""N 75°36'14.6""W",Directorio Comisarias Ley 2126
73,TOLIMA,73624,ROVIRA,Municipio,6,1,1,Comisaría de Familia Rovira,Calle 8 # 10 - 87,3108046554,L-V 7:00 a 12:30 - 14:00 a 18:00 S:8:00 a 14:00,"4.242898,",-75.241539,"4°14'34.4""N 75°14'29.6""W",Directorio Comisarias Ley 2126
73,TOLIMA,73671,SALDANA,Municipio,6,1,1,Comisaría de Familia Saldaña,Calle 16 # 16-18,313 8007034,L-V 7:30 a 12:30 - 14:00 a 18:00,"3.931592,",-75.016494,"3°55'53.7""N 75°00'59.4""W",Directorio Comisarias Ley 2126
73,TOLIMA,73675,SAN ANTONIO,Municipio,6,1,1,Comisaría de Familia San Antonio,Calle 6 # 4-08,6082253435,L-V 7:30 a 12:30 - 14:00 a 18:00  S: 8:00 a 13:00,"3.914133,",-75.477599,"3°54'50.9""N 75°28'39.4""W",Directorio Comisarias Ley 2126
73,TOLIMA,73678,SAN LUIS,Municipio,6,1,1,Comisaría de Familia San Luis,Carrera 5 # 7-06,6082252010,L-V 7:30 a 12:30 - 14:00 a 18:00,"4.133765,",-75.093598,"4°08'01.6""N 75°05'37.0""W",Directorio Comisarias Ley 2126
73,TOLIMA,73686,SANTA ISABEL,Municipio,6,1,1,Comisaría de Familia Santa Isabel,Carrera 2 # 5-46,3157365430,M-V 7:30 a 18:00 S: 7:00 a 15:30,"4.713913,",-75.097349,"4°42'50.1""N 75°05'50.5""W",Directorio Comisarias Ley 2126
73,TOLIMA,73770,SUAREZ,Municipio,6,1,1,Comisaría de Familia Suarez,Calle 2 # 2-14,3112239391,7:00 a 12:30 - 14:00 a 18:00,"4.048514,",-74.833346,"4°02'54.7""N 74°50'00.1""W",Directorio Comisarias Ley 2126
73,TOLIMA,73854,VALLE DE SAN JUAN,Municipio,6,1,1,Comisaría de Familia Valle de San Juan,Calle 6 # 4A,NO TIENE,L-V 8:00 a 12:00 - 14:00 a 18:00 S: 8:00a 12:00,"4.199524,",-75.118015,"4°11'58.3""N 75°07'04.9""W",Directorio Comisarias Ley 2126
73,TOLIMA,73861,VENADILLO,Municipio,6,1,1,Comisaría de Familia Venadillo,Carrera 5 # 3-13,NO TIENE,8:00 a 17:00,"4.720940,",-74.926993,"4°43'15.4""N 74°55'37.2""W",Directorio Comisarias Ley 2126
73,TOLIMA,73870,VILLAHERMOSA,Municipio,6,1,1,Comisaría de Familia Villahermosa,Calle 8 # 4-42,3107653532,L-V 8:00 a 12:00 - 14:00 a 18:00  S: 8:00 a 14:00,"5.031200,",-75.116546,"5°01'52.3""N 75°06'59.6""W",Directorio Comisarias Ley 2126
73,TOLIMA,73873,VILLARRICA,Municipio,6,1,1,Comisaría de Familia Villarrica,Carrera 3 #  4Esquina,3112024276,M-V 7:30 a 12:30 -14:00 a 18:30 S: 8:00 a 14:00,"3.935412,",-74.601343,"3°56'07.5""N 74°36'04.8""W",Directorio Comisarias Ley 2126
76,VALLE DEL CAUCA,76020,ALCALA,Municipio,6,1,1,Comisaría de Familia Alcalá,Carrera 8 # 5-35,3112757103,8:00 a 12:00 - 14:00 a 18:00,"4.674880,",-75.781872,"4°40'29.6""N 75°46'54.7""W",Directorio Comisarias Ley 2126
76,VALLE DEL CAUCA,76036,ANDALUCIA,Municipio,6,1,1,Comisaría de Familia Andalucía,Calle 13 # 7-06,NO TIENE,8:00 a 12:00 - 14:00 a 18:00,"4.168814,",-76.166897,"4°10'07.7""N 76°10'00.8""W",Directorio Comisarias Ley 2126
76,VALLE DEL CAUCA,76041,ANSERMANUEVO,Municipio,6,1,1,Comisaría de Familia Ansermanuevo,Carrera 4 # 7-09,NO TIENE,8:00 a 12:00 - 14:00 a 18:00,"4.796224,",-75.994012,"4°47'46.4""N 75°59'38.4""W",Directorio Comisarias Ley 2126
76,VALLE DEL CAUCA,76054,ARGELIA,Municipio,6,1,1,Comisaría de Familia Argelia,Carrera 3 # 6-44,3238074955,M-V 7:30 a 18:30,"4.726546,",-76.121303,"4°43'35.6""N 76°07'16.7""W",Directorio Comisarias Ley 2126
76,VALLE DEL CAUCA,76100,BOLIVAR,Municipio,6,1,1,Comisaría de Familia Bolívar,Carrera 4 # 4-44,2224166,L 8:00 a 12:00 - 14:00 a 18:00 M-V 7:30 a 12:00 - 14:00 a 18:00,"4.337110,",-76.184317,"4°20'13.6""N 76°11'03.5""W",Directorio Comisarias Ley 2126
76,VALLE DEL CAUCA,76122,CAICEDONIA,Municipio,6,1,1,Comisaría de Familia Caicedonia,Carrera 16 # 7-52,3196354251,7:30 a 12:00 - 13:30 a 17:00  S: 8:00 a 12:00,"4.331265,",-75.829326,"4°19'52.6""N 75°49'45.6""W",Directorio Comisarias Ley 2126
76,VALLE DEL CAUCA,76126,CALIMA EL DARIEN,Municipio,6,1,1,Comisaría de Familia Calima el Darien,Calle 10 # 6-25,3147196640,L-S 8:00 a 12:00 - 14:00 a 18:00,"3.931357,",-76.484182,"3°55'52.9""N 76°29'03.1""W",Directorio Comisarias Ley 2126
76,VALLE DEL CAUCA,76233,DAGUA,Municipio,6,1,1,Comisaría de Familia Dagua,Carrera 11 # 10-02,NO TIENE,8:00 a 17:00,"3.657463,",-76.693671,"3°39'26.9""N 76°41'37.2""W",Directorio Comisarias Ley 2126
76,VALLE DEL CAUCA,76243,EL AGUILA,Municipio,6,1,1,Comisaría de Familia El Águila,Carrera 3 # 9-02,3128512763-3135093170,M-V 8:00 a 12:00 - 13:30 a 18:00 S: 8:00 a 14:00,"4.908630,",-76.041929,"4°54'31.1""N 76°02'30.9""W",Directorio Comisarias Ley 2126
76,VALLE DEL CAUCA,76246,EL CAIRO,Municipio,6,1,1,Comisaría de Familia El Cairo,Carrera 5 #  9 Esquina,3205782006,M-V 7:30 a 12:30 -14:00 a 18:00 S: 7:30 a 12:30,"4.762640,",-76.220845,"4°45'45.5""N 76°13'15.0""W",Directorio Comisarias Ley 2126
76,VALLE DEL CAUCA,76250,EL DOVIO,Municipio,6,1,1,Comisaría de Familia El Dovio,Calle 7 # 6-02,NO TIENE,8:00 a 17:00,"4.511392,",-76.238576,"4°30'41.0""N 76°14'18.9""W",Directorio Comisarias Ley 2126
76,VALLE DEL CAUCA,76275,FLORIDA,Municipio,6,1,1,Comisaría de Familia Florida,Carrera 20 # 9-20,NO TIENE,8:00 a 17:00,"3.325947,",-76.236135,"3°19'33.4""N 76°14'10.1""W",Directorio Comisarias Ley 2126
76,VALLE DEL CAUCA,76306,GINEBRA,Municipio,6,1,1,Comisaría de Familia Ginebra,Carrera 3 # 4 esquina,NO TIENE,8:00 a 17:00,"3.724164,",-76.269075,"3°43'27.0""N 76°16'08.7""W",Directorio Comisarias Ley 2126
76,VALLE DEL CAUCA,76318,GUACARI,Municipio,6,1,1,Comisaría de Familia Guacarí,Calle 4 # 8-16,NO TIENE,8:00 a 17:00,"3.763516,",-76.334208,"3°45'48.7""N 76°20'03.2""W",Directorio Comisarias Ley 2126
76,VALLE DEL CAUCA,76377,LA CUMBRE,Municipio,6,1,1,Comisaría de Familia La Cumbre,Calle 1 # 2-32,3156388035,L-V 8:00 a 12:00 - 13:00 a 17:00  - S: 8:00 a 12:00,"3.648326,",-76.567485,"3°38'54.0""N 76°34'03.0""W",Directorio Comisarias Ley 2126
76,VALLE DEL CAUCA,76400,LA UNION,Municipio,6,1,1,Comisaría de Familia La Unión,Carrera 15 # 22-28,3183594712,8:00 a 12:00 - 14:00 a 18:00,"4.532557,",-76.102621,"4°31'57.2""N 76°06'09.4""W",Directorio Comisarias Ley 2126
76,VALLE DEL CAUCA,76403,LA VICTORIA,Municipio,6,1,1,Comisaría de Familia La Victoria,Carrera 7A # 8-45,3153548244,7:30 a 12:15 - 14:00 a 18:15,"4.523512,",-76.036196,"4°31'24.6""N 76°02'10.3""W",Directorio Comisarias Ley 2126
76,VALLE DEL CAUCA,76497,OBANDO,Municipio,6,1,1,Comisaría de Familia Obando,Calle 3 # 1 Esquina,2053123,L-V 8:00 a 12:00 - 14:00 a 18:00,"4.575124,",-75.972117,"4°34'30.5""N 75°58'19.6""W",Directorio Comisarias Ley 2126
76,VALLE DEL CAUCA,76563,PRADERA,Municipio,6,1,1,Comisaría de Familia Pradera,Carrera 8 # 7-65,3104248884,8:00 a 12:00 - 14:00 a 18:00,"3.420370,",-76.242187,"3°25'13.3""N 76°14'31.9""W",Directorio Comisarias Ley 2126
76,VALLE DEL CAUCA,76606,RESTREPO,Municipio,6,1,1,Comisaría de Familia Restrepo,Calle 10 No 13-90,NO TIENE,8:00 a 17:00,"3.821136,",-76.523415,"3°49'16.1""N 76°31'24.3""W",Directorio Comisarias Ley 2126
76,VALLE DEL CAUCA,76616,RIOFRIO,Municipio,6,1,1,Comisaría de Familia Riofrío,Carrera 9 # 3-31,3235875729,L-J 7:30 a 17:30  - V: 730 a 16:30,"4.155496,",-76.287320,"4°09'19.8""N 76°17'14.4""W",Directorio Comisarias Ley 2126
76,VALLE DEL CAUCA,76622,ROLDANILLO,Municipio,6,1,0,Comisaría de Familia Roldanillo,Carrera 7 # 7-17,+57 602 249 0000,L-V 7:30 a 18:00,"4.411128,",-76.154493,"4°24'40.1""N 76°09'16.2""W",Directorio Comisarias Ley 2126
76,VALLE DEL CAUCA,76670,SAN PEDRO,Municipio,6,1,1,Comisaría de Familia San Pedro,Calle 5 # 3-85,2238356,7:30 a 12:00 - 1:30 a 18:00,"3.995917,",-76.227561,"3°59'45.3""N 76°13'39.2""W",Directorio Comisarias Ley 2126
76,VALLE DEL CAUCA,76736,SEVILLA,Municipio,6,1,1,Comisaría de Familia Sevilla,Calle 51 # 50-10Esquina,3104046103,L-V 8:00 a 12:00 - 14:00 a 18:00  S: 8:00 a 12:00,"4.264879,",-75.934049,"4°15'53.6""N 75°56'02.6""W",Directorio Comisarias Ley 2126
76,VALLE DEL CAUCA,76823,TORO,Municipio,6,1,1,Comisaría de Familia Toro,Calle 1 #3-09,6022210552,24/7,"4.609289,",-76.078633,"4°36'33.4""N 76°04'43.1""W",Directorio Comisarias Ley 2126
76,VALLE DEL CAUCA,76828,TRUJILLO,Municipio,6,1,1,Comisaría de Familia Trujillo,Calle 20 # 19-01,NO TIENE,8:00 a 17:00,"4.212490,",-76.318213,"4°12'45.0""N 76°19'05.6""W",Directorio Comisarias Ley 2126
76,VALLE DEL CAUCA,76845,ULLOA,Municipio,6,1,1,Comisaría de Familia Ulloa,Calle 5 # 2-07,3217575067,7:30 a 12:30 -  14:00 a 18:00,"4.703437,",-75.737427,"4°42'12.4""N 75°44'14.7""W",Directorio Comisarias Ley 2126
76,VALLE DEL CAUCA,76863,VERSALLES,Municipio,6,1,1,Comisaría de Familia Versalles,Calle 9 # 6A - 60,3218388565,L-J 8:00 a 12:00 - 13:00 a 18:00 V: 8:00 a 12:00 - 13:00 a 17:00,"4.575005,",-76.200028,"4°34'30.0""N 76°12'00.1""W",Directorio Comisarias Ley 2126
76,VALLE DEL CAUCA,76869,VIJES,Municipio,6,1,1,Comisaría de Familia Ulloa,Carrera 5 # 5-37,602 252028,L-V 08:00 a 12:00 - 14:00 a 18:00  S: 08:00 a 12:00,"3.700802,",-76.442440,"3°42'02.9""N 76°26'32.8""W",Directorio Comisarias Ley 2126
76,VALLE DEL CAUCA,76890,YOTOCO,Municipio,6,1,1,Comisaría de Familia Yotoco,Calle 6 # 4-08,315 4258330,8:00 a 17:00,"3.860162,",-76.385355,"3°51'36.6""N 76°23'07.3""W",Directorio Comisarias Ley 2126
81,ARAUCA,81065,ARAUQUITA,Municipio,6,1,1,Comisaría de Familia Arauquita,Calle 4 # 7-36,3112042702,7:00 a 12:00 - 14:00 a 17:00,"7.029811,",-71.431199,"7°01'47.3""N 71°25'52.3""W",Directorio Comisarias Ley 2126
81,ARAUCA,81220,CRAVO NORTE,Municipio,6,1,1,Comisaría de Familia Cravo Norte,Carrera 4 # 2-62,3219702209,7:00 a 12:00 - 14:00 a 17:00,"6.299250,",-70.207034,"6°17'57.3""N 70°12'25.3""W",Directorio Comisarias Ley 2126
81,ARAUCA,81300,FORTUL,Municipio,6,1,1,Comisaría de Familia Fortul -Centro de Convivencia Ciudadana Fortul,Carrera 16A # 8A - 70,3118499008,7:00 a 12:00 - 14:00 a 17:00,"6.789988,",-71.773937,"6°47'24.0""N 71°46'26.2""W",Directorio Comisarias Ley 2126
81,ARAUCA,81591,PUERTO RONDON,Municipio,6,1,1,Comisaría de Familia Puerto Rondón,Calle 2 # 6-12,3212505088,7:00 a 12:00 - 14:00 a 17:00,"6.278267,",-71.100735,"6°16'41.8""N 71°06'02.7""W",Directorio Comisarias Ley 2126
81,ARAUCA,81736,SARAVENA,Municipio,6,1,1,Comisaría de Familia Saravena,Carrera 7 # 25 - 10,"Telf, Fijo:  8892055 Ext: 1103   -  CELULAR  3214770643",7:30 a 12:00 - 14:00 a 17:30 disponibilidad telefónica nocturna,"6.956379,",-71.876542,"6°57'23.0""N 71°52'35.6""W",Directorio Comisarias Ley 2126
81,ARAUCA,81794,TAME,Municipio,6,1,1,Comisaría de Familia Tame - CRAIV,Calle 16 # 13,3204904738,7:00 a 12:00 - 14:00 a 17:00,"6.462046,",-71.731806,"6°27'43.4""N 71°43'54.5""W",Directorio Comisarias Ley 2126
85,CASANARE,85015,CHAMEZA,Municipio,6,1,1,Comisaría de Familia Chameza,Calle 6 # 04 - 26,3144208153,L-J 7:00 a 12:00 - 14:00 a 18:00 V: 7:00 a 14:00,"5.213065,",-72.870989,"5°12'47.0""N 72°52'15.6""W",Directorio Comisarias Ley 2126
85,CASANARE,85125,HATO COROZAL,Municipio,6,1,1,Comisaría de Familia Hato Corozal- Alcaldía Municipal,Calle 12 # 71 a -07,NO TIENE,8:00 a 17:00,"6.158693,",-71.761767,"6°09'31.3""N 71°45'42.4""W",Directorio Comisarias Ley 2126
85,CASANARE,85136,LA SALINA,Municipio,6,1,1,Comisaría de Familia La Salina,Calle 4 # 03-54,3176807460,7:30 a 12:00 - 14:00 a 18:00,"6.127650,",-72.335153,"6°07'39.5""N 72°20'06.6""W",Directorio Comisarias Ley 2126
85,CASANARE,85139,MANI,Municipio,6,1,0,Comisaría de Familia Maní,Calle 18 # 3-2,3126030664,7:00 a 12:00 - 14:00 a 17:00,"4.816554,",-72.284466,"4°48'59.6""N 72°17'04.1""W",Directorio Comisarias Ley 2126
85,CASANARE,85162,MONTERREY,Municipio,6,1,1,Comisaría de Familia Monterrey,Carrera 6 # 16-16,3208447843,L-V 7:00 a 12:00 - 14:00 a 17:00,"4.876005,",-72.892631,"4°52'33.6""N 72°53'33.5""W",Directorio Comisarias Ley 2126
85,CASANARE,85225,NUNCHIA,Municipio,6,1,1,Comisaría de Familia Nunchia,Carrera 5 # 7-44,3106006586,8:00 a 17:00,"5.637672,",-72.194468,"5°38'15.6""N 72°11'40.1""W",Directorio Comisarias Ley 2126
85,CASANARE,85230,OROCUE,Municipio,6,1,1,Comisaría de Familia Orocué,Carrera 8a # 2a -15,NO TIENE,8:00 a 17:00,"4.790693,",-71.334815,"4°47'26.5""N 71°20'05.3""W",Directorio Comisarias Ley 2126
85,CASANARE,85250,PAZ DE ARIPORO,Municipio,6,1,1,Comisaría de Familia Paz de Ariporo,Carrera 10 # 9-15,NO TIENE,L-J 7:00 a 18:00  V:7:00 a 17:00,"5.879840,",-71.891535,"5°52'47.4""N 71°53'29.5""W",Directorio Comisarias Ley 2126
85,CASANARE,85263,PORE,Municipio,6,1,1,Comisaría de Familia Pore,Calle 3 # 18-61,3213124317,7:00 a 12:00 - 14:00 a 17:30,"5.727649,",-71.996254,"5°43'39.5""N 71°59'46.5""W",Directorio Comisarias Ley 2126
85,CASANARE,85279,RECETOR,Municipio,6,1,1,Comisaría de Familia Recetor,Carrera 2 # 2 - 40,NO TIENE,L-J 8:00-12:00 - 2:00- 6:00 V: 7:00 a 13:00,"5.229385,",-72.760615,"5°13'45.8""N 72°45'38.2""W",Directorio Comisarias Ley 2126
85,CASANARE,85300,SABANALARGA,Municipio,6,1,1,Comisaría de Familia Sabanalarga,Carrera7 # 5-29,3138850267,L-V 7:00 a 12:00 - 14:00 a 17:00,"4.854502,",-73.041100,"4°51'16.2""N 73°02'28.0""W",Directorio Comisarias Ley 2126
85,CASANARE,85315,SACAMA,Municipio,6,1,1,Comisaría de Familia Sácama,Calle 03 # 8-35,3143228747,8:00 a 12:00 - 2:00 a 18:00,"6.099082,",-72.247883,"6°05'56.7""N 72°14'52.4""W",Directorio Comisarias Ley 2126
85,CASANARE,85325,SAN LUIS DE PALENQUE,Municipio,6,1,1,Comisaría de Familia San Luis de Palenque,Calle 2 # 5-58,3134005676,8:00 a 17:00,"5.422523,",-71.730989,"5°25'21.1""N 71°43'51.6""W",Directorio Comisarias Ley 2126
85,CASANARE,85400,TAMARA,Municipio,6,1,1,Comisaría de Familia Tamara,Carrera 11 # 5-33,3108043451,L-V 8:00 a 12:00 - 14:00 a 18:00,"5.829482,",-72.164247,"5°49'46.1""N 72°09'51.3""W",Directorio Comisarias Ley 2126
85,CASANARE,85430,TRINIDAD,Municipio,6,1,1,Comisaría de Familia Trinidad,Calle 7 # 1-17,3134607250,8:00 a 12:00 - 14:00 a 18:00,"5.407818,",-71.661296,"5°24'28.1""N 71°39'40.7""W",Directorio Comisarias Ley 2126
86,PUTUMAYO,86001,MOCOA,Municipio,6,1,1,Comisaría de Familia Mocoa - Casa de Justicia,Calle 7 No 6 - 42,3219691477,8:00 a 12:00 - 14:00 a 18:00,"1.146076,",-76.647838,"1°08'45.9""N 76°38'52.2""W",Directorio Comisarias Ley 2126
86,PUTUMAYO,86219,COLON,Municipio,6,1,1,Comisaría de Familia Colón,Calle 3 # 7-95,3155055602,8:00 a 12:00 - 14:00 a 18:00,"1.189676,",-76.972669,"1°11'22.8""N 76°58'21.6""W",Directorio Comisarias Ley 2126
86,PUTUMAYO,86320,ORITO,Municipio,6,1,1,Comisaría de Familia Orito,Calle 8 No 9A-13,312 4125693,7:30 a 12:00 - 14:00 a 17:30,"0.667694,",-76.870483,"0°40'03.7""N 76°52'13.7""W",Directorio Comisarias Ley 2126
86,PUTUMAYO,86568,PUERTO ASIS,Municipio,6,1,1,Comisaría de Familia Puerto Asis - Casa de Justicia,Calle 10 # 19 esquina,3184042015,LUNES A SÁBADO,"0.495592,",-76.503592,"0°29'44.1""N 76°30'12.9""W",Directorio Comisarias Ley 2126
86,PUTUMAYO,86569,PUERTO CAICEDO,Municipio,6,1,1,Comisaría de Familia Puerto Caicedo - Centro de convivencia,Calle 10 entre transversal 6 y carrera 1A,3107521219,L-V 8:00 a 12:00 - 14:00 a 18:00,"0.688740,",-76.604981,"0°41'19.5""N 76°36'17.9""W",Directorio Comisarias Ley 2126
86,PUTUMAYO,86571,PUERTO GUZMAN,Municipio,6,1,1,Comisaría de Familia Puerto Guzmán - Palacio Municipal,Calle 6 # 2-29,3143968651,8:00 a 12:00 - 14:00 a 18:00,"0.964043,",-76.407886,"0°57'50.6""N 76°24'28.4""W",Directorio Comisarias Ley 2126
86,PUTUMAYO,86573,PUERTO LEGUIZAMO,Municipio,6,1,1,Comisaría de Familia Puerto Leguizamo,Carrera 2 # 3 Esquina,3118118137,8:00 a 12:00 - 14:00 a 18:00,"-0.195291,",-74.780095,"0°11'43.0""S 74°46'48.4""W",Directorio Comisarias Ley 2126
86,PUTUMAYO,86749,SIBUNDOY,Municipio,6,1,1,Comisaría de Familia Sibundoy,Calle 18 # 15-41,3175541058,Permanente,"1.204848,",-76.916263,"1°12'17.5""N 76°54'58.6""W",Directorio Comisarias Ley 2126
86,PUTUMAYO,86755,SAN FRANCISCO,Municipio,6,1,1,Comisaría de Familia San Francisco,Calle 4 # 3-35b,NO TIENE,8:00 a 12:00 - 14:00 a 18:00,"1.174021,",-76.879551,"1°10'26.5""N 76°52'46.4""W",Directorio Comisarias Ley 2126
86,PUTUMAYO,86757,SAN MIGUEL,Municipio,6,1,1,Comisaría de Familia San Miguel- Centro de convivencia,Cra 4 # 7 Esquina,3133730293,8:00 a 12:30 - 14:00 a 17:00,"0.345084,",-76.910123,"0°20'42.3""N 76°54'36.4""W",Directorio Comisarias Ley 2126
86,PUTUMAYO,86760,SANTIAGO,Municipio,6,1,1,Comisaría de Familia Santiago - Defensa civil,Carrera 6 # 4-25,3118533844,8:00 a 12:00 - 14:00 a 18:00,"1.147180,",-77.004120,"1°08'49.9""N 77°00'14.8""W",Directorio Comisarias Ley 2126
86,PUTUMAYO,86865,VALLE DEL GUAMUEZ,Municipio,6,1,1,Comisaría de Familia Valle de Guamuez  - Palacio Municipal,Calle 7 # 5-20,5784282006,7:00 a 12:00 - 14:00 a 17:30,"0.424138,",-76.904144,"0°25'26.9""N 76°54'14.9""W",Directorio Comisarias Ley 2126
86,PUTUMAYO,86885,VILLAGARZON,Municipio,6,1,1,Comisaría de FamiliaVillagarzon,Calle 2 # 5-14,NO TIENE,8:00 a 17:00,"1.033549,",-76.617748,"1°02'00.8""N 76°37'03.9""W",Directorio Comisarias Ley 2126
91,AMAZONAS,91540,PUERTO NARINO,Municipio,6,1,1,Comisaría de Familia  Puerto Nariño - Palacio Municipal,Calle 5 # 1-10,3133301056,8:00 a 12:00 - 14:00 a 18:00,"-3.764130,",-70.391587,"3°45'50.7""S 70°23'30.1""W",Directorio Comisarias Ley 2126
94,GUAINIA,94001,INIRIDA,Municipio,6,1,1,Comisaría de Familia Inirida,Carrera 7 # 15-50,3176185130,7:00 a 12:00 - 14:00 a 17:00,"3.868709, -67.919455","3.868709, -67.919455","3°52'07.4""N 67°55'10.0""W",Directorio Comisarias Ley 2126
94,GUAINIA,94343,BARRANCOMINAS,Municipio,6,1,0,Comisaría de Familia Barrancominas,Calle 16 # 8-35,NO TIENE,8:00 a 17:00,"3.495840,",-69.813825,"3°29'45.0""N 69°48'49.8""W",Directorio Comisarias Ley 2126
95,GUAVIARE,95001,SAN JOSE DEL GUAVIARE,Municipio,6,1,1,Comisaría de Familia San José del Guaviare,Carrera 23 Trv 21,3173653342,8:00 a 12:00 - 14:00 a 18:00,"2.567203,",-72.640441,"2°34'01.9""N 72°38'25.6""W",Directorio Comisarias Ley 2126
95,GUAVIARE,95015,CALAMAR,Municipio,6,1,0,Comisaría de Familia Calamar,Carrera 7 # 8-09,NO TIENE,8:00 a 17:00,"1.959436,",-72.653330,"1°57'34.0""N 72°39'12.0""W",Directorio Comisarias Ley 2126
95,GUAVIARE,95025,EL RETORNO,Municipio,6,1,0,Comisaría de Familia El Retorno,Calle 13 # 7 – 13,NO TIENE,8:00 a 17:00,"2.333337,",-72.628649,"2°20'00.0""N 72°37'43.1""W",Directorio Comisarias Ley 2126
95,GUAVIARE,95200,MIRAFLORES,Municipio,6,1,1,Comisaría de Familia Miraflores,Calle 5 # 10-25,3132511895,L-V 8:00 a 12:00 - 14:00 a 18:00,"1.339697,",-71.952378,"1°20'22.9""N 71°57'08.6""W",Directorio Comisarias Ley 2126
97,VAUPES,97001,MITU,Municipio,6,1,1,Comisaría de Familia Mitú,Calle 11 # 13 - 25,NO TIENE,24 / 7,"1.258387,",-70.236728,"1°15'30.2""N 70°14'12.2""W",Directorio Comisarias Ley 2126
97,VAUPES,97161,CARURU,Municipio,6,1,1,Comisaría de Familia Carurú   - Palacio Municipal,Calle 2 # 4- 06,3218581679,PERMANENTE,"1.011494,",-71.293733,"1°00'41.4""N 71°17'37.4""W",Directorio Comisarias Ley 2126
97,VAUPES,97666,TARAIRA,Municipio,6,1,1,Comisaría de Familia Taraira,Carrera 5 # 3-36,NO TIENE,8:00 a 17:00,"-0.564199,",-69.634123,"0°33'51.1""S 69°38'02.8""W",Directorio Comisarias Ley 2126
99,VICHADA,99001,PUERTO CARRENO,Municipio,6,1,1,Comisaría de FamiliaPuerto Carreño  - Palacio Municipal,Carrera 9 # 18-87,3222701867,8:00 a 12:00 - 14:00 a 18:00,"6.186074,",-67.482580,"6°11'09.9""N 67°28'57.3""W",Directorio Comisarias Ley 2126
99,VICHADA,99524,LA PRIMAVERA,Municipio,6,1,1,Comisaría de Familia La Primavera  - Palacio Municipal,Calle 6 # 7,3204996627,8:00 a 12:00 - 14:00 a 18:00,"5.492574,",-70.414602,"5°29'33.3""N 70°24'52.6""W",Directorio Comisarias Ley 2126
99,VICHADA,99624,SANTA ROSALIA,Municipio,6,1,1,Comisaría de Familia Santa Rosalia,Carrera 7 # 5 - 14,3219235676,8:00 a 12:00 - 14:00 a 18:00,"5.141776,",-70.857343,"5°08'30.4""N 70°51'26.4""W",Directorio Comisarias Ley 2126
11,"BOGOTA, D.C.",11001,"BOGOTA, D.C.",Municipio,ESP,Null,Null,USAQUEN 1,Calle 159 No 7F-28,67500-1-2-3-4-5 3045905430,"Semi- permanente
L-V 7a.m. 11 p.m.","-74,026,866","4,734,496.00","4°44'04.2""N 74°01'36.7""W",Directorio Comisarias Ley 2126
11,"BOGOTA, D.C.",11001,"BOGOTA, D.C.",Municipio,ESP,Null,Null,USAQUEN 2,Autopista Norte No.159 A-82 Piso 3 - Casa de Justicia,67510-11-12-13 3045905429,Diurna L-V 7a.m. 4p.m.,"-74,047,663","4,741,295","4°44'28.7""N 74°02'51.6""W",Directorio Comisarias Ley 2126
11,"BOGOTA, D.C.",11001,"BOGOTA, D.C.",Municipio,ESP,Null,Null,CHAPINERO,Calle 63 # 9 - 76- Casa de Justicia,67520-21-22 3045905428,"Diurna L-V
7a.m. 4p.m.","-74,061,403","4,648,871","4°38'55.9""N 74°03'41.1""W",Directorio Comisarias Ley 2126
11,"BOGOTA, D.C.",11001,"BOGOTA, D.C.",Municipio,ESP,Null,Null,SANTAFE,Calle 15 No.13-86 PI.2,67530-31-32-33-34 3045905427,"Diurna L-V
7a.m. 4p.m.",-74.078664,4.605056,"4°36'18.2""N 74°04'43.2""W",Directorio Comisarias Ley 2126
11,"BOGOTA, D.C.",11001,"BOGOTA, D.C.",Municipio,ESP,Null,Null,SAN CRISTOBAL 1,Avda. 1°. De Mayo No.1-40 sur X,67540-41-42-43-44 3045905426,"""Semi- permanente
L-V 7a.m. 11 p.m.""",-74.087684,4.570321,"4°34'13.2""N 74°05'15.7""W",Directorio Comisarias Ley 2126
11,"BOGOTA, D.C.",11001,"BOGOTA, D.C.",Municipio,ESP,Null,Null,SAN CRISTOBAL 2,Calle 31C sur No. 3 -67 Este - Casa de Justicia,67550-51-52-53-54 3045905425,"Diurna L-V
7a.m. 4p.m.","-74,091,765","4,559,139","4°33'32.9""N 74°05'30.4""W",Directorio Comisarias Ley 2126
11,"BOGOTA, D.C.",11001,"BOGOTA, D.C.",Municipio,ESP,Null,Null,Bello horizonte,"Calle 31C sur No. 3 -67 Este - Casa de Justicia
Bellohorizonte",67550-51-52-53-54 3045905425,"Diurna L-V
7a.m. 4p.m.","-74,091,765","4,559,139","4°33'32.9""N 74°05'30.4""W",Directorio Comisarias Ley 2126
11,"BOGOTA, D.C.",11001,"BOGOTA, D.C.",Municipio,ESP,Null,Null,USME 1,Calle 137C Sur No2A-51 Usme Centro PI.4,67560-61-62-63-64 3045905424,"Diurna L-V
7a.m. 4p.m.","-74,125,729","4,470,958","4°28'15.5""N 74°07'32.6""W",Directorio Comisarias Ley 2126
11,"BOGOTA, D.C.",11001,"BOGOTA, D.C.",Municipio,ESP,Null,Null,USME 2,"Carrera 14 No.70 B -10 Sur, Barrio Barranquillita",67570-71-72-73-74 3045905423,"Diurna L-V
7a.m. 4p.m.","-74,117,891","4,522,387","4°31'20.6""N 74°07'04.4""W",Directorio Comisarias Ley 2126
11,"BOGOTA, D.C.",11001,"BOGOTA, D.C.",Municipio,ESP,Null,Null,TUNJUELITO,Calle 50 Sur No.35-70 Barrio Fatima,67580-81-82-83-84-85 3045905422,"Diurna L-V
7a.m. 4p.m.","74,135,942","4,587,105","4°35'13.6""N 74°08'09.4""W",Directorio Comisarias Ley 2126
11,"BOGOTA, D.C.",11001,"BOGOTA, D.C.",Municipio,ESP,Null,Null,BOSA 1,Carrera 81 A No. 59 A - 85 Sur- Barrio Argelia,67590-91-92-93-94-95 3045905412,"Semi- permanente
L-V 7a.m. 11 p.m","-74,184,104","4,613,306","4°36'47.9""N 74°11'02.8""W",Directorio Comisarias Ley 2126
11,"BOGOTA, D.C.",11001,"BOGOTA, D.C.",Municipio,ESP,Null,Null,BOSA 2,Carrera 100 No 52-24 sur CDC El Porvenir,67600-01-02-03 3045905411,"Diurna L-V
7a.m. 4p.m.","-74,188,292","4,643,234","4°38'35.6""N 74°11'17.9""W",Directorio Comisarias Ley 2126
11,"BOGOTA, D.C.",11001,"BOGOTA, D.C.",Municipio,ESP,Null,Null,BOSA 3,Calle 85 Sur No 94 - 35 - Complejo Campo Verde,67606,"Diurna L-V
7a.m. 4p.m.","-74,211,927","4,626,651","4°37'35.9""N 74°12'42.9""W",Directorio Comisarias Ley 2126
11,"BOGOTA, D.C.",11001,"BOGOTA, D.C.",Municipio,ESP,Null,Null,KENNEDY 1,Carrera 74 No 42 G- 52 Sur Lago-Timiza,67610-11-12-13-14 3045905410,"Semi- permanente
L-V 7a.m. 11 p.m","-74,156,471","4,610,728","4°36'38.6""N 74°09'23.3""W",Directorio Comisarias Ley 2126
11,"BOGOTA, D.C.",11001,"BOGOTA, D.C.",Municipio,ESP,Null,Null,KENNEDY 2,Carrera 87 No. 5-41 Patio Bonito Segundo Sector,67620-21-22-23 3045905409,"Diurna L-V
7a.m. 4p.m.","-74,158,401","4,641,286","4°38'28.6""N 74°09'30.2""W",Directorio Comisarias Ley 2126
11,"BOGOTA, D.C.",11001,"BOGOTA, D.C.",Municipio,ESP,Null,Null,KENNEDY 3,Calle 8 No 69D-31 Marsella,67630-31-32-33-34-35 3045905407,"Diurna L-V
7a.m. 4p.m.","-74,129,997","4,633,326","4°37'60.0""N 74°07'48.0""W",Directorio Comisarias Ley 2126
11,"BOGOTA, D.C.",11001,"BOGOTA, D.C.",Municipio,ESP,Null,Null,KENNEDY 4,Av. Boyaca No 36-57 Sur- Casa de Justicia,67640-41-42-43 3045914688,"Diurna L-V
7a.m. 4p.m.","-74,141,093","4,614,811","4°36'53.3""N 74°08'27.9""W",Directorio Comisarias Ley 2126
11,"BOGOTA, D.C.",11001,"BOGOTA, D.C.",Municipio,ESP,Null,Null,KENNEDY 5,Carrera 87 No. 5-41 Patio Bonito Segundo Sector,67650-51-52-53 3045905408,"Diurna L-V
7a.m. 4p.m.","-74,158,401","4,641,286","4°38'28.6""""N 74°09'30.2""""W",Directorio Comisarias Ley 2126
11,"BOGOTA, D.C.",11001,"BOGOTA, D.C.",Municipio,ESP,Null,Null,FONTIBON,Calle 17 # 98-71 Piso 3-Casa de Justicia,67660-61-62-63-64-65 3045905406,"Semi- permanente
L-V 7a.m. 11 p.m","-74,144,992","4,671,908","4°40'18.9""N 74°08'42.0""W",Directorio Comisarias Ley 2126
11,"BOGOTA, D.C.",11001,"BOGOTA, D.C.",Municipio,ESP,Null,Null,ENGATIVA 1,Calle 71 No.73A-44 PI.2 Barrio Boyaca Real,67670-71-72-73-74-75 3045905407,"Permanente 24
horas L-D","-74,098,122","4,687,224","4°41'14.0""N 74°05'53.2""W",Directorio Comisarias Ley 2126
11,"BOGOTA, D.C.",11001,"BOGOTA, D.C.",Municipio,ESP,Null,Null,ENGATIVA 2,Av.Calle 72 No.110 B-13 Barrio Villa Amalia,67680-81-82-83-84-85-,"Semi- permanente
L-V 7a.m. 11 p.m","-74,126,328","4,711,493","4°42'41.4""N 74°07'34.8""W",Directorio Comisarias Ley 2126
11,"BOGOTA, D.C.",11001,"BOGOTA, D.C.",Municipio,ESP,Null,Null,SUBA 1,Carrera 59 No 131a-15 Ciudad Jardin,67690-91-92-93-94 3045905431,"Semi- permanente
L-V 7a.m. 11 p.m","-74,069,668","4,723,265","4°43'23.8""N 74°04'10.8""W",Directorio Comisarias Ley 2126
11,"BOGOTA, D.C.",11001,"BOGOTA, D.C.",Municipio,ESP,Null,Null,SUBA 2,Calle 139 No. 98 A - 26 -Casa de Justicia,67700-1-2-3-4 3045905394,"Diurna L-V
7a.m. 4p.m.","-74,091,423","4,739,225","4°44'21.2""N 74°05'29.1""W",Directorio Comisarias Ley 2126
11,"BOGOTA, D.C.",11001,"BOGOTA, D.C.",Municipio,ESP,Null,Null,SUBA 3,Cra.97 No.135a-11 Barrio la Chucua,67710-11-12-13-14 3045905396,"Diurna L-V
7a.m. 4p.m.","-74,091,750","4,736,203","4°44'10.3""N 74°05'30.3""W",Directorio Comisarias Ley 2126
11,"BOGOTA, D.C.",11001,"BOGOTA, D.C.",Municipio,ESP,Null,Null,SUBA 4,Carrera 143 No. 132 A - 45 Barrio Villa Gloria- Lisboa,67720-21-22-23-24 3045905395,"Diurna L-V
7a.m. 4p.m.","-74,116,906","4,744,318","4°44'39.5""N 74°07'00.9""W",Directorio Comisarias Ley 2126
11,"BOGOTA, D.C.",11001,"BOGOTA, D.C.",Municipio,ESP,Null,Null,BARRIOS UNIDOS,Calle 68 # 53-34 Piso 3,67730-31-32 3045905398,"Diurna L-V
7a.m. 4p.m.","-74,078,329","4,666,431","4°39'59.2""N 74°04'42.0""W",Directorio Comisarias Ley 2126
11,"BOGOTA, D.C.",11001,"BOGOTA, D.C.",Municipio,ESP,Null,Null,TEUSAQUILLO,Carrera 16a No 30-74,67740-41-42-43 3045905399,"Diurna L-V
7a.m. 4p.m.","-74,072,558","4,619,524","4°37'10.3""N 74°04'21.2""W",Directorio Comisarias Ley 2126
11,"BOGOTA, D.C.",11001,"BOGOTA, D.C.",Municipio,ESP,Null,Null,MARTIRES,Carrera 21 No.14-75 - Casa de Justicia,67750-51-52-53-54 3045905397,"Diurna L-V
7a.m. 4p.m.","-74,085,195","4,610,450","4°36'37.6""N 74°05'06.7""W",Directorio Comisarias Ley 2126
11,"BOGOTA, D.C.",11001,"BOGOTA, D.C.",Municipio,ESP,Null,Null,CAPIV,Avda. 19 No. 27-09 Piso 1 y 3,67860-81-82-83-84 3005421817,"Permanente 24
horas L-D","-74,085,547","4,615,378","4°36'55.4""N 74°05'08.0""W",Directorio Comisarias Ley 2126
11,"BOGOTA, D.C.",11001,"BOGOTA, D.C.",Municipio,ESP,Null,Null,ANTONIO NARIÑO,Transv. 21 A No. 19-54 Sur Restrepo,67760-61-62-63 3134881449,"Diurna L-V
7a.m. 4p.m.","-74,103,101","4,584,196","4°35'03.1""N 74°06'11.2""W",Directorio Comisarias Ley 2126
11,"BOGOTA, D.C.",11001,"BOGOTA, D.C.",Municipio,ESP,Null,Null,PUENTE ARANDA,Carrera 52 B # 24- 67 Sur 3er piso - Casa de Justicia X,67770-71-72-73 3045905432,"Diurna L-V
7a.m. 4p.m.","-74,126,468","4,607,568","4°36'27.2""N 74°07'35.3""W",Directorio Comisarias Ley 2126
11,"BOGOTA, D.C.",11001,"BOGOTA, D.C.",Municipio,ESP,Null,Null,CANDELARIA,Carrera 2 No. 4 - 10 Barrio Lourdes,67780-81-82 3045914693,"Diurna L-V
7a.m. 4p.m.","-74,073,922","4,589,641","4°35'22.7""N 74°04'26.1""W",Directorio Comisarias Ley 2126
11,"BOGOTA, D.C.",11001,"BOGOTA, D.C.",Municipio,ESP,Null,Null,RAFAEL URIBE URIBE,Calle 32 Sur No.23-62 Barrio Quiroga,67790-91-92-93-94 3045914694,"Semi- permanente
L-V 7a.m. 11 p.m","-74,114,721","4,581,286","4°34'52.6""N 74°06'53.0""W",Directorio Comisarias Ley 2126
11,"BOGOTA, D.C.",11001,"BOGOTA, D.C.",Municipio,ESP,Null,Null,CIUDAD BOLIVAR 1,Transv.73 No.70A-04 Sur- Sierra Morena,67800-01-02-03-04 3045914692,"Semi- permanente
L-V 7a.m. 11 p.m","-74,161,823","4,580,887","4°34'51.2""N 74°09'42.6""W",Directorio Comisarias Ley 2126
11,"BOGOTA, D.C.",11001,"BOGOTA, D.C.",Municipio,ESP,Null,Null,CIUDAD BOLIVAR 2,Diagonal 62 No. 20 F - 20 Sur Piso 2 Complejo Administrativo y Judicial Ciudad Bolívar - Casa de Justicia,67810-11-12 3045914690,"Semi- permanente
L-V 7a.m. 11 p.m","-74,143,589","4,565,750","4°33'56.7""N 74°08'36.9""W",Directorio Comisarias Ley 2126
11,"BOGOTA, D.C.",11001,"BOGOTA, D.C.",Municipio,ESP,Null,Null,SUMAPAZ,Vereda Santa Rosa Corregimiento de Nazareth,9105577 - 9105604 3045914689,"Diurna L-V
7a.m. 4p.m.","-74,189,270","4,200,930","4°12'03.4""N 74°11'21.4""W",Directorio Comisarias Ley 2126
11,"BOGOTA, D.C.",11001,"BOGOTA, D.C.",Municipio,ESP,Null,Null,MÓVILES,Zona sur 1,3184226801,"Especial Diurna L-V
7a.m. 4p.m.",N/A,N/A,N/A,Directorio Comisarias Ley 2126
11,"BOGOTA, D.C.",11001,"BOGOTA, D.C.",Municipio,ESP,Null,Null,Moviles,Zona Norte 1,3183334021,"Especial Diurna L-V
7a.m. 4p.m.",N/A,N/A,N/A,Directorio Comisarias Ley 2126
11,"BOGOTA, D.C.",11001,"BOGOTA, D.C.",Municipio,ESP,Null,Null,CAIVA,CARRERA 33 NO 18-33 PISO 4 - BLOQUE B,2772150,"Domingo a Domingo Diurna
7a.m. 4p.m.","-74,091,267","4,620,568","4°37'14.0""N 74°05'28.6""W",Directorio Comisarias Ley 2126
5,ANTIOQUIA,5001,MEDELLIN,Municipio,ESP,Null,Null,Comisaría de Familia de Permanencia,carrera 52 # 71 -84,6043855555 ext. 9868 9867 9866 y 9869,al ser de permanencia presta servicios 24/7,"-75,565,538","6,268,134","6°16'05.3""N 75°33'55.9""W",Directorio Comisarias Ley 2126
5,ANTIOQUIA,5001,MEDELLIN,Municipio,ESP,Null,Null,Comisaría de Familia Santa Elena,"Kilómetro 15, calle 10 # 40 Este - 44",6043855555 ext. 1754/ 1728 / 5380037/ 5380421,Lunes a jueves de 8:00 a.m. – 11:45 a.m. y 1:45 p.m. – 5:00 pm.; Viernes 8:00 a.m. – 11:45 a.m. y 1:45 p.m. – 4:00 p.m.,"-75,568,438","6,209,841","6°12'35.4""N 75°34'06.4""W",Directorio Comisarias Ley 2126
5,ANTIOQUIA,5001,MEDELLIN,Municipio,ESP,Null,Null,Comisaría de Familia San Antonio de Prado,carrera 79 # 41 Sur - 36,6043855555 ext. 9868 9867 9866 y 9869,Lunes a jueves de 8:00 a.m. – 11:45 a.m. y 1:45 p.m. – 5:00 p.m.; Viernes 8:00 a.m. – 11:45 a.m. y 1:45 p.m. – 4:00 p.m.,"-75,597,628",6.248452.,"6°14'54.6""N 75°35'51.5""W",Directorio Comisarias Ley 2126
5,ANTIOQUIA,5001,MEDELLIN,Municipio,ESP,Null,Null,Comisaría de Familia Altavista,"Cl. 19 #105-145 a 105-1, Medellín, Antioquia",6043855555 ext. 7435 /7431 /7432 /7433 /7434/30,Lunes a jueves de 8:00 a.m. – 11:45 a.m. y 1:45 p.m. – 5:00 p.m.; Viernes 8:00 a.m. – 11:45 a.m. y 1:45 p.m. – 4:00 p.m.,-75.628326,"6,226,032.00","6°13'33.7""N 75°37'42.0""W",Directorio Comisarias Ley 2126
5,ANTIOQUIA,5001,MEDELLIN,Municipio,ESP,Null,Null,Comisaría de Familia San Cristóbal,carrera 131 # 60 - 59,6043855555 ext. 6575- 5447- 5145 - 6573 - 5808 - 6447 - 6843,8:00 a.m. - 5:00 p.m.,"-75,636,078","6,277,278.00","6°16'37.9""N 75°38'09.9""W",Directorio Comisarias Ley 2126
5,ANTIOQUIA,5001,MEDELLIN,Municipio,ESP,Null,Null,Comisaría de Familia San Sebastián de Palmitas,Dirección: Calle 20 Nº 132 – 100.,6043855555 ext. / 8851 / 8853,Lunes a jueves de 8:00 a.m. – 11:45 a.m. y 1:45 p.m. – 5:00 p.m.; Viernes 8:00 a.m. – 11:45 a.m. y 1:45 p.m. – 4:00 p.m,", -75.572299","6,181,063.00","6°10'51.8""N 75°34'20.3""W",Directorio Comisarias Ley 2126
5,ANTIOQUIA,5001,MEDELLIN,Municipio,ESP,Null,Null,Comisaría de Familia Belén,carrera 84E # 9 - 20,6043855555 ext. 8080/ 6888/ 6961/6613 -5574791-5574611,7:30 a.m. - 5:30 p.m.,"-75,608,280","6,220,635","6°13'14.3""N 75°36'29.8""W",Directorio Comisarias Ley 2126
5,ANTIOQUIA,5001,MEDELLIN,Municipio,ESP,Null,Null,Comisaría de Familia Guayabal,carrera 59 # 16 - 107,6043855555 ext. 1725/ 1726 /1727 -2355453,Lunes a jueves de 8:00 a.m. – 11:45 a.m. y 1:45 p.m. – 5:00 p.m.; Viernes 8:00 a.m. – 11:45 a.m. y 1:45 p.m. – 4:00 p.m.,"-75,583,411","6,220,688.00","6°13'14.5""N 75°35'00.3""W",Directorio Comisarias Ley 2126
5,ANTIOQUIA,5001,MEDELLIN,Municipio,ESP,Null,Null,Comisaría de Familia El Poblado,carrera 43D # 11 - 02,604385 5555 ext. 8670/ 9862/9764/7663,7:30 a.m. - 5:30 p.m.,"-75,571,961","6,212,462","6°12'44.9""N 75°34'19.1""W",Directorio Comisarias Ley 2126
5,ANTIOQUIA,5001,MEDELLIN,Municipio,ESP,Null,Null,Comisaría de Familia San Javier,calle 39C # 109 - 24,6043855555 ext. 6453/5930/5907/6498/5922/6430/6900/5931,Lunes a jueves de 8:00 a.m. – 11:45 a.m. y 1:45 p.m. – 5:00 p.m.; Viernes 8:00 a.m. – 11:45 a.m. y 1:45 p.m. – 4:00 p.m.,"-75,622,734","6,252,860","6°15'10.3""N 75°37'21.8""W",Directorio Comisarias Ley 2126
5,ANTIOQUIA,5001,MEDELLIN,Municipio,ESP,Null,Null,Comisaría de Familia La América,carrera 92 # 37 - 65,6043855555 ext. 9202/ 8474/ 2907/ 8899/9444/8669,Lunes a jueves de 8:00 a.m. – 11:45 a.m. y 1:45 p.m. – 5:00 p.m.; Viernes 8:00 a.m. – 11:45 a.m. y 1:45 p.m. – 4:00 p.m.,"-75,612,596","6,250,121","6°15'00.4""N 75°36'45.4""W",Directorio Comisarias Ley 2126
5,ANTIOQUIA,5001,MEDELLIN,Municipio,ESP,Null,Null,Comisaría de Familia Laureles,calle 44A # 75 - 120,6043855555 ext. 9202/ 8474/ 2907/ 8899/9444/8669,7:30 a.m. - 5:30 p.m.,"-75,595,495","6,250,646.00","6°15'02.3""N 75°35'43.8""W",Directorio Comisarias Ley 2126
5,ANTIOQUIA,5001,MEDELLIN,Municipio,ESP,Null,Null,Comisaría de Familia La Candelaria,calle 56 # 41 - 06,6043855555 ext. 8660 / 1753 - 2911416 - 2911417,7:00 a.m. - 4:00 p.m,-75.559247,6.250471,"6°15'01.7""N 75°33'33.3""W",Directorio Comisarias Ley 2126
5,ANTIOQUIA,5001,MEDELLIN,Municipio,ESP,Null,Null,Comisaría de Familia El Salvador,carrera 36A # 39 - 26,6043855555 ext. 9775 / 1721 – 2172359,8:00 a.m. – 11:45 a.m. y 1:45 p.m. – 5:00 p.m,"-75,562,054","6,237,123.00","6°14'13.6""N 75°33'43.4""W",Directorio Comisarias Ley 2126
5,ANTIOQUIA,5001,MEDELLIN,Municipio,ESP,Null,Null,Comisaría de Familia Villa Hermosa,Dirección: calle 65 # 40 - 20,6043855555 ext. 8662 - 2546061 - 2924322,Lunes a jueves de 8:00 a.m. – 11:45 a.m. y 1:45 p.m. – 5:00 p.m.; Viernes 8:00 a.m. – 11:45 a.m. y 1:45 p.m. – 4:00 p.m.,"-75,553,891","6,257,022.00","6°15'25.3""N 75°33'14.0""W",Directorio Comisarias Ley 2126
5,ANTIOQUIA,5001,MEDELLIN,Municipio,ESP,Null,Null,Comisaría de Familia Robledo,Dirección: diagonal 85 # 79 - 173,6043855555 ext. 9417/9431/9433/9435,Lunes a jueves de 8:00 a.m. – 11:45 a.m. y 1:45 p.m. – 5:00 p.m.; Viernes 8:00 a.m. – 11:45 a.m. y 1:45 p.m. – 4:00 p.m.,"-75,585,870","6,284,122.00","6°17'02.8""N 75°35'09.1""W",Directorio Comisarias Ley 2126
5,ANTIOQUIA,5001,MEDELLIN,Municipio,ESP,Null,Null,Comisaría de Familia Doce de Octubre,Dirección: calle 103 # 77B - 56,"6043855555 ext. 1774 / 1775 / 1776 - 4773400
Barrio: Doce De Octubre 1",Lunes a jueves de 8:00 a.m. – 11:45 a.m. y 1:45 p.m. – 5:00 p.m.;  Viernes 8:00 a.m. – 11:45 a.m. y 1:45 p.m. – 4:00 p.m.,"-75,577,522","6,302,951.00","6°18'10.6""N 75°34'39.1""W",Directorio Comisarias Ley 2126
5,ANTIOQUIA,5001,MEDELLIN,Municipio,ESP,Null,Null,Comisaría de Familia Castilla,Dirección: carrera 65 # 100 - 123,6043855555 ext. 1756 / 1757 – 4713222 - 2375452,Lunes a jueves de 8:00 a.m. – 11:45 a.m. y 1:45 p.m. – 5:00 p.m.; Viernes 8:00 a.m. – 11:45 a.m. y 1:45 p.m. – 4:00 p.m.,"-75,568,193","6,294,977","6°17'42.1""N 75°34'05.5""W",Directorio Comisarias Ley 2126
5,ANTIOQUIA,5001,MEDELLIN,Municipio,ESP,Null,Null,Comisaría de Familia Campo Valdés,Dirección: carrera 52 # 71 - 84,6044939785 ext./ 9787 -9783- 9784 -9785- 9786,Lunes a jueves de 8:00 a.m. – 11:45 a.m. y 1:45 p.m. – 5:00 p.m.; Viernes 8:00 a.m. – 11:45 a.m. y 1:45 p.m. – 4:00 p.m.,"-75,565,440","6,267,938","6°16'04.6""N 75°33'55.6""W",Directorio Comisarias Ley 2126
5,ANTIOQUIA,5001,MEDELLIN,Municipio,ESP,Null,Null,Comisaría de Familia Manrique,Dirección: calle 78 # 42 - 21,Teléfono: 6042113076,Lunes a jueves de 8:00 a.m. – 11:45 a.m. y 1:45 p.m. – 5:00 p.m.; Viernes 8:00 a.m. – 11:45 a.m. y 1:45 p.m. – 4:00 p.m.,"-75,551,669","6,270,566","6°16'14.0""N 75°33'06.0""W",Directorio Comisarias Ley 2126
5,ANTIOQUIA,5001,MEDELLIN,Municipio,ESP,Null,Null,Comisaría de Familia Villa del Socorro,Dirección: calle 104B # 48 - 60,Teléfono: 6042369050,Lunes a jueves de 8:00 a.m. – 11:45 a.m. y 1:45 p.m. – 5:00 p.m.; Viernes 8:00 a.m. – 11:45 a.m. y 1:45 p.m..- 4:00 p.m.,"-75,553,885","6,295,306","6°17'43.1""N 75°33'14.0""W",Directorio Comisarias Ley 2126
5,ANTIOQUIA,5001,MEDELLIN,Municipio,ESP,Null,Null,Comisaría de Familia Santo Domingo,Dirección: carrera 32 # 101 - 283,Teléfono: 6043855555 ext. 8470/ 8471/8472/8466/8467/8468,8:00 a.m. – 11:45 a.m. y 1:45 p.m. – 5:00 p.m,"-75,543,685","6,290,380","6°17'25.4""N 75°32'37.3""W",Directorio Comisarias Ley 2126
5,ANTIOQUIA,5001,MEDELLIN,Municipio,ESP,Null,Null,Comisaría de Familia Centro Administrativo,Dirección: calle 44 # 52-165 Oficina 315,Teléfono: 6043855555 ext. 9777/9890/ 9775/ 9776/9758/9742,8:00 a.m. - 5:00 p.m.,"-75,622,668","6,257,905","6°15'28.5""N 75°37'21.6""W",Directorio Comisarias Ley 2126
8,ATLANTICO,8001,BARRANQUILLA,Municipio,ESP,Null,Null,Comisaria Primera de Familia,Calle 46#6-55 (Carrizal),3013651671-3642596,7:00 a.m. - 12:00 a.m. a 1:00 p.m. - 5:00 p.m.,"-74,802,527","10,941,409.00","10°56'29.1""N 74°48'09.1""W",Directorio Comisarias Ley 2126
8,ATLANTICO,8001,BARRANQUILLA,Municipio,ESP,Null,Null,Comisaria Segunda de Familia,Calle 49 No° 8A Sur-15 (Ciudadela 20 de julio),3023470642,7:00 a.m. - 12:00 a.m. a 1:00 p.m. - 5:00 p.m.,"-74,805,607","10,930,315.00","10°55'49.1""N 74°48'20.2""W",Directorio Comisarias Ley 2126
8,ATLANTICO,8001,BARRANQUILLA,Municipio,ESP,Null,Null,Comisaria Tercera  de Familia,Carrera 45B #19-09,3634130,7:00 a.m. - 12:00 a.m. a 1:00 p.m. - 5:00 p.m.,"-74,795,648","10,958,865.00","10°57'31.9""N 74°47'44.3""W",Directorio Comisarias Ley 2126
8,ATLANTICO,8001,BARRANQUILLA,Municipio,ESP,Null,Null,Comisaria Cuarta  de Familia,Calle 100 # 12F-57 (La Paz),3127558540 - 3004379943,7:00 a.m. - 12:00 a.m. a 1:00 p.m. - 5:00 p.m.,"-74,832,829","10,964,602","10°57'52.6""N 74°49'58.2""W",Directorio Comisarias Ley 2126
8,ATLANTICO,8001,BARRANQUILLA,Municipio,ESP,Null,Null,Comisaria Quinta  de Familia,Calle 100 # 12F-57 (La Paz),3007452226 - 3175760588,7:00 a.m. - 12:00 a.m. a 1:00 p.m. - 5:00 p.m.,"-74,832,829","10,964,602","10°57'52.6""N 74°49'58.2""W",Directorio Comisarias Ley 2126
8,ATLANTICO,8001,BARRANQUILLA,Municipio,ESP,Null,Null,Comisaria Sexta  de Familia,Calle 110 # 37-42 (Las Estrellas),3044997387,7:00 a.m. - 12:00 a.m. a 1:00 p.m. - 5:00 p.m.,"-74,836,120","10,981,608","10°58'53.8""N 74°50'10.0""W",Directorio Comisarias Ley 2126
8,ATLANTICO,8001,BARRANQUILLA,Municipio,ESP,Null,Null,Comisaria Septima de Familia,Carrera 5 # 19-07,3045997913,7:00 a.m. - 12:00 a.m. a 1:00 p.m. - 5:00 p.m.,"-74,798,510","10,928,319","10°55'42.0""N 74°47'54.6""W",Directorio Comisarias Ley 2126
8,ATLANTICO,8001,BARRANQUILLA,Municipio,ESP,Null,Null,Comisaria Octava de Familia,Carrera 7C #36B-77,3012787513 - 3632648,7:00 a.m. - 12:00 a.m. a 1:00 p.m. - 5:00 p.m.,"-74,792,564","10,943,683","10°56'37.3""N 74°47'33.2""W",Directorio Comisarias Ley 2126
8,ATLANTICO,8001,BARRANQUILLA,Municipio,ESP,Null,Null,Comisaria Novena de Familia,Calle 38#45-47 (Centro Antigua Alcaldía),3116938719,7:00 a.m. - 12:00 a.m. a 1:00 p.m. - 5:00 p.m.,"-74,780,137","10,985,632","10°59'08.3""N 74°46'48.5""W",Directorio Comisarias Ley 2126
8,ATLANTICO,8001,BARRANQUILLA,Municipio,ESP,Null,Null,Comisaria Decima  de Familia,Calle 38#45-47 (Centro Antigua Alcaldía),3722881 - 3791056,7:00 a.m. - 12:00 a.m. a 1:00 p.m. - 5:00 p.m.,"-74,780,137","10,985,632","10°59'08.3""""N 74°46'48.5""""W",Directorio Comisarias Ley 2126
8,ATLANTICO,8001,BARRANQUILLA,Municipio,ESP,Null,Null,Comisaria Once  de Familia Permanente Diurna,Calle 56 No° 11-102,No registra,Todos los días de 6:00 a.m. - 6:00 p.m.,"-74,805,113","10,957,030","10°57'25.3""N 74°48'18.4""W",Directorio Comisarias Ley 2126
8,ATLANTICO,8001,BARRANQUILLA,Municipio,ESP,Null,Null,Comisaria Doce  de Familia Nocturna,Calle 56 No° 11-102,No registra,Todos los días de 6:00 p.m. - 6:00 a.m.,"-74,805,113","10,957,030","10°57'25.3""""N 74°48'18.4""""W",Directorio Comisarias Ley 2126
8,ATLANTICO,8001,BARRANQUILLA,Municipio,ESP,Null,Null,Comisaria Trece de Familia Permanenete Nocturna,Calle 56 No° 11-102,No registra,Todos los días de 6:00 a.m. - 6:00 p.m.,"-74,805,113","10,957,030","10°57'25.3""""N 74°48'18.4""""W",Directorio Comisarias Ley 2126
8,ATLANTICO,8001,BARRANQUILLA,Municipio,ESP,Null,Null,Comisaria Catorce  de Familia,Calle 45 con Carrera 36 (Parque Universal),No registra,Todos los días de 6:00 a.m. - 6:00 p.m.,"-74,787,587","10,978,464","10°58'42.5""N 74°47'15.3""W",Directorio Comisarias Ley 2126
8,ATLANTICO,8001,BARRANQUILLA,Municipio,ESP,Null,Null,Comisaria Quince  de Familia,Calle 56 No° 11-102,No registra,Todos los días de 6:00 a.m. - 6:00 p.m.,"-74,805,113","10,957,030","10°57'25.3""""N 74°48'18.4""""W",Directorio Comisarias Ley 2126
8,ATLANTICO,8001,BARRANQUILLA,Municipio,ESP,Null,Null,Comisaria Dieciseis de Familia Permanente,Calle 56 No° 11-102,No registra,Todos los días de 6:00 a.m. - 6:00 p.m.,"-74,805,113","10,957,030","10°57'25.3""""N 74°48'18.4""""W",Directorio Comisarias Ley 2126
8,ATLANTICO,8001,BARRANQUILLA,Municipio,ESP,Null,Null,Comisaria Diecisiete de Familia Diurna Permanente,Carrera 10C No° 17B-05,No registra,Todos los días de 6:00 a.m. - 6:00 p.m.,"-74,774,036","10,950,466","10°57'01.7""N 74°46'26.5""W",Directorio Comisarias Ley 2126
76,VALLE DEL CAUCA,76001,SANTIAGO DE CALI,Municipio,ESP,Null,Null,Terrón Colorado (Comisaría Primera),Avenida 4 oeste con calle 19,8953512,7:30 am a 12:30 pm Tarde 1:30 pm a 5:30 pm,"-76,558,361","3,450,887","3°27'03.2""N 76°33'30.1""W",Directorio Comisarias Ley 2126
76,VALLE DEL CAUCA,76001,SANTIAGO DE CALI,Municipio,ESP,Null,Null,Fray Damián (Comisaría  Segunda),Calle 13a con carrera 13a,8839956,7:30 am a 12:30 pm Tarde 1:30 pm a 5:30 pm,", -76.527868","3,443,776.00","3°26'37.6""N 76°31'40.3""W",Directorio Comisarias Ley 2126
76,VALLE DEL CAUCA,76001,SANTIAGO DE CALI,Municipio,ESP,Null,Null,Los Guaduales (Comisaría tercera),Carrera 8 norte #70a-16,4406000,7:30 am a 12:30 pm Tarde 1:30 pm a 5:30 pm,"-76,500,798","3,488,743.00","3°29'19.5""N 76°30'02.9""W",Directorio Comisarias Ley 2126
76,VALLE DEL CAUCA,76001,SANTIAGO DE CALI,Municipio,ESP,Null,Null,El Guadual (Comisaría Cuarta),Calle 14B #41a-25,3269352,7:30 am a 12:30 pm Tarde 1:30 pm a 5:30 pm,"-76,527,204","3,415,255","3°24'54.9""N 76°31'37.9""W",Directorio Comisarias Ley 2126
76,VALLE DEL CAUCA,76001,SANTIAGO DE CALI,Municipio,ESP,Null,Null,Siloé I y II (Comisaría Quinta),Calle 2 con carrera 52,5521826 - 5134532,7:30 am a 12:30 pm Tarde 1:30 pm a 5:30 pm,"-76,553,241","3,415,603.00","3°24'56.2""N 76°33'11.7""W",Directorio Comisarias Ley 2126
76,VALLE DEL CAUCA,76001,SANTIAGO DE CALI,Municipio,ESP,Null,Null,Los Mangos (Comisaría Sexta),Calle 73 Con Carrera 26r,4483630,7:30 am a 12:30 pm Tarde 1:30 pm a 5:30 pm,-76.485007,"3,425,812.00","3°25'32.9""N 76°29'06.0""W",Directorio Comisarias Ley 2126
76,VALLE DEL CAUCA,76001,SANTIAGO DE CALI,Municipio,ESP,Null,Null,Alfonso López (Comisaria Septíma),Calle 73 Con Carrera 7g,6638255,7:30 am a 12:30 pm Tarde 1:30 pm a 5:30 pm,"-76,480,641","3,460,384","3°27'37.4""N 76°28'50.3""W",Directorio Comisarias Ley 2126
76,VALLE DEL CAUCA,76001,SANTIAGO DE CALI,Municipio,ESP,Null,Null,Villacolombia (Comisaría Octava),Carrera 12E con Calle 49,4139123,7:30 am a 12:30 pm Tarde 1:30 pm a 5:30 pm,"-76,501,559","3,446,415","3°26'47.1""N 76°30'05.6""W",Directorio Comisarias Ley 2126
76,VALLE DEL CAUCA,76001,SANTIAGO DE CALI,Municipio,ESP,Null,Null,Desepaz (Comisaría Novena),Carrera 23 #120-00,4207980 - 420826,7:30 am a 12:30 pm Tarde 1:30 pm a 5:30 pm,-76.540972,"3,440,767.00","3°26'26.8""N 76°32'27.5""W",Directorio Comisarias Ley 2126
76,VALLE DEL CAUCA,76001,SANTIAGO DE CALI,Municipio,ESP,Null,Null,El Vallado (Comisaria Decima),Carrera 41B Con Calle 50,3290170,7:30 am a 12:30 pm Tarde 1:30 pm a 5:30 pm,-76.502692,"3,406,859.00","3°24'24.7""N 76°30'09.7""W",Directorio Comisarias Ley 2126
76,VALLE DEL CAUCA,76001,SANTIAGO DE CALI,Municipio,ESP,Null,Null,Móvil (Comisaria Movil),15 Corregiminetos,8818551,Especial,N/A,N/A,N/A,Directorio Comisarias Ley 2126
13,BOLIVAR,13001,CARTAGENA,Municipio,ESP,Null,Null,"Casa de Justicia Chiquinquirá/Loc
2","Calle 57 # 31C-30.
Carretera principal Olaya
Herrera",: 6613720 – 6613891,Lunes a viernes de 8:00 a 5:00 p.m.,75.491747,"10,406,409.00","10°24'23.1""N 75°29'30.3""W",Directorio Comisarias Ley 2126
13,BOLIVAR,13001,CARTAGENA,Municipio,ESP,Null,Null,"Comisaria Permanente/ sector la
Castellana",Frente al Tecnológico Comfenalco,6710769,Todos los días 24 horas,-75.510973,"10,406,382","10°24'22.9""N 75°30'39.5""W",Directorio Comisarias Ley 2126
13,BOLIVAR,13001,CARTAGENA,Municipio,ESP,Null,Null,Casa de Justicia el Country/loc 1,"Barrio El Country, Manzana
1, Lote 1. Frente a la Plaza
de la Convivencia.",": 650692
Ext. 2531.",Lunes a viernes de 8:00 a 5:00 p.m.,"-75,498,010",10.392509,"10°23'33.0""N 75°29'52.8""W",Directorio Comisarias Ley 2126
13,BOLIVAR,13001,CARTAGENA,Municipio,ESP,Null,Null,Casa de Justicia Canapote/loc 1,"Dirección:
Carrera 17 # 17 – 191.
Sector San Pedro",6561165 – 6560345,Lunes a viernes de 8:00 a 5:00 p.m.,-75.526193,"10,440,313.00","10°26'25.1""N 75°31'34.3""W",Directorio Comisarias Ley 2126
13,BOLIVAR,13001,CARTAGENA,Municipio,ESP,Null,Null,"Comisaria de Familia Zona
Sur Occidental","Barrio el Socorro Biblioteca
Jorge Artel 2do Piso",": 6513737 – 6513738
Ext. 127.",Lunes a viernes de 8:00 a 5:00 p.m.,-75.481219,"10,388,850","10°23'19.9""N 75°28'52.4""W",Directorio Comisarias Ley 2126
13,BOLIVAR,13001,CARTAGENA,Municipio,ESP,Null,Null,Comisaria Pozon,Edificio Monte sion Trv 54 Bloque B - local 12 - Carretera de la cordialidad,3174405663,Lunes A Viernes: 7:00 a.m. – 12:00 m – 2:00 p.m. – 4:00 p.m.,-75.461706,10.402446,"10°24'08.8""N 75°27'42.1""W",Directorio Comisarias Ley 2126
13,BOLIVAR,68001,BUCARAMANGA,Municipio,ESP,Null,Null,La Joya,"Dirección: Cl. 39 #4 - 36,
BARRIO LA JOYA",3183506345 (línea 24 horas),"Atención 24 horas
de domingo a domingo","-73,134,715","7,114,458.00","7°06'52.1""N 73°08'05.0""W",Directorio Comisarias Ley 2126
13,BOLIVAR,68001,BUCARAMANGA,Municipio,ESP,Null,Null,Oriente,"Km 2 Vía Pamplona, Antiguo Restaurante el Corcovado",3208451045,"lunes a viernes, de 7:00 a.m. a 4:00 p.m","-73,100,899","7,129,747.00","7°07'47.1""N 73°06'03.2""W",Directorio Comisarias Ley 2126
13,BOLIVAR,68001,BUCARAMANGA,Municipio,ESP,Null,Null,Norte,Calle 7N #. 19 – 19 del barrio La Juventud,3102874153.,"lunes a viernes, de 6:00 a.m. a 2:00 p.m","-73,138,112","7,096,285.00","7°05'46.6""N 73°08'17.2""W",Directorio Comisarias Ley 2126
