municipio,anio,vif_total,inasistencia_total,medidas_proteccion_total,alimentos_familia_total,ivf_score_bruto,ivf_score_ponderado,poblacion,ivf_tasa_100k,nivel_riesgo
,2023,2,0,0,0,0.8,0.0,50000,1.6,BAJO
,2024,1,0,0,0,0.4,0.0,50000,0.8,BAJO
,2025,1,0,0,0,0.4,0.0,50000,0.8,BAJO
ABEJORRAL,2020,5,0,0,0,2.0,0.0,50000,4.0,BAJO
ABEJORRAL,2021,18,0,0,0,7.2,0.1,50000,14.4,MEDIO
ABEJORRAL,2022,27,0,0,0,10.8,0.2,50000,21.6,ALTO
ABEJORRAL,2023,47,0,0,0,18.8,0.3,50000,37.6,ALTO
ABEJORRAL,2024,20,0,0,0,8.0,0.1,50000,16.0,MEDIO
ABEJORRAL,2025,9,0,0,0,3.6,0.1,50000,7.2,MEDIO
ABREGO,2020,5,0,0,0,2.0,0.0,50000,4.0,BAJO
ABREGO,2021,28,0,0,0,11.200000000000001,0.2,50000,22.4,ALTO
ABREGO,2022,11,0,0,0,4.4,0.1,50000,8.8,MEDIO
ABREGO,2023,13,0,0,0,5.2,0.1,50000,10.4,MEDIO
ABREGO,2024,16,0,0,0,6.4,0.1,50000,12.8,MEDIO
ABREGO,2025,41,0,0,0,16.400000000000002,0.3,50000,32.8,ALTO
ABRIAQUI,2020,1,0,0,0,0.4,0.0,50000,0.8,BAJO
ACACIAS,2020,100,0,0,0,40.0,0.6,50000,80.0,ALTO
ACACIAS,2021,228,0,0,0,91.2,1.5,50000,182.4,ALTO
ACACIAS,2022,179,0,0,0,71.60000000000001,1.1,50000,143.2,ALTO
ACACIAS,2023,185,0,0,0,74.0,1.2,50000,148.0,ALTO
ACACIAS,2024,174,0,0,0,69.60000000000001,1.1,50000,139.2,ALTO
ACACIAS,2025,137,0,0,0,54.800000000000004,0.9,50000,109.6,ALTO
ACANDI,2020,8,0,0,0,3.2,0.0,50000,6.4,BAJO
ACANDI,2021,9,0,0,0,3.6,0.1,50000,7.2,MEDIO
ACANDI,2022,12,0,0,0,4.800000000000001,0.1,50000,9.6,MEDIO
ACANDI,2023,8,0,0,0,3.2,0.0,50000,6.4,BAJO
ACANDI,2024,9,0,0,0,3.6,0.1,50000,7.2,MEDIO
ACANDI,2025,15,0,0,0,6.0,0.1,50000,12.0,MEDIO
ACEVEDO,2020,16,0,0,0,6.4,0.1,50000,12.8,MEDIO
ACEVEDO,2021,19,0,0,0,7.6000000000000005,0.1,50000,15.2,MEDIO
ACEVEDO,2022,17,0,0,0,6.800000000000001,0.1,50000,13.6,MEDIO
ACEVEDO,2023,53,0,0,0,21.200000000000003,0.3,50000,42.4,ALTO
ACEVEDO,2024,44,0,0,0,17.6,0.3,50000,35.2,ALTO
ACEVEDO,2025,53,0,0,0,21.200000000000003,0.3,50000,42.4,ALTO
ACHI,2020,1,0,0,0,0.4,0.0,50000,0.8,BAJO
ACHI,2021,2,0,0,0,0.8,0.0,50000,1.6,BAJO
ACHI,2022,1,0,0,0,0.4,0.0,50000,0.8,BAJO
ACHI,2023,5,0,0,0,2.0,0.0,50000,4.0,BAJO
ACHI,2024,3,0,0,0,1.2000000000000002,0.0,50000,2.4,BAJO
ACHI,2025,3,0,0,0,1.2000000000000002,0.0,50000,2.4,BAJO
AGRADO,2020,2,0,0,0,0.8,0.0,50000,1.6,BAJO
AGRADO,2021,8,0,0,0,3.2,0.0,50000,6.4,BAJO
AGRADO,2022,9,0,0,0,3.6,0.1,50000,7.2,MEDIO
AGRADO,2023,10,0,0,0,4.0,0.1,50000,8.0,MEDIO
AGRADO,2024,18,0,0,0,7.2,0.1,50000,14.4,MEDIO
AGRADO,2025,17,0,0,0,6.800000000000001,0.1,50000,13.6,MEDIO
AGUA DE DIOS,2020,4,0,0,0,1.6,0.0,50000,3.2,BAJO
AGUA DE DIOS,2021,16,0,0,0,6.4,0.1,50000,12.8,MEDIO
AGUA DE DIOS,2022,20,0,0,0,8.0,0.1,50000,16.0,MEDIO
AGUA DE DIOS,2023,23,0,0,0,9.200000000000001,0.1,50000,18.4,MEDIO
AGUA DE DIOS,2024,16,0,0,0,6.4,0.1,50000,12.8,MEDIO
AGUA DE DIOS,2025,19,0,0,0,7.6000000000000005,0.1,50000,15.2,MEDIO
AGUACHICA,2020,132,0,0,0,52.800000000000004,0.8,50000,105.6,ALTO
AGUACHICA,2021,92,0,0,0,36.800000000000004,0.6,50000,73.6,ALTO
AGUACHICA,2022,77,0,0,0,30.8,0.5,50000,61.6,ALTO
AGUACHICA,2023,77,0,0,0,30.8,0.5,50000,61.6,ALTO
AGUACHICA,2024,74,0,0,0,29.6,0.5,50000,59.2,ALTO
AGUACHICA,2025,187,0,0,0,74.8,1.2,50000,149.6,ALTO
AGUADA,2021,2,0,0,0,0.8,0.0,50000,1.6,BAJO
AGUADA,2022,1,0,0,0,0.4,0.0,50000,0.8,BAJO
AGUADA,2024,4,0,0,0,1.6,0.0,50000,3.2,BAJO
AGUADAS,2020,13,0,0,0,5.2,0.1,50000,10.4,MEDIO
AGUADAS,2021,8,0,0,0,3.2,0.0,50000,6.4,BAJO
AGUADAS,2022,6,0,0,0,2.4000000000000004,0.0,50000,4.8,BAJO
AGUADAS,2023,2,0,0,0,0.8,0.0,50000,1.6,BAJO
AGUADAS,2024,6,0,0,0,2.4000000000000004,0.0,50000,4.8,BAJO
AGUAZUL,2020,40,0,0,0,16.0,0.3,50000,32.0,ALTO
AGUAZUL,2021,69,0,0,0,27.6,0.4,50000,55.2,ALTO
AGUAZUL,2022,62,0,0,0,24.8,0.4,50000,49.6,ALTO
AGUAZUL,2023,56,0,0,0,22.400000000000002,0.4,50000,44.8,ALTO
AGUAZUL,2024,47,0,0,0,18.8,0.3,50000,37.6,ALTO
AGUAZUL,2025,39,0,0,0,15.600000000000001,0.2,50000,31.2,ALTO
AGUSTIN CODAZZI,2020,55,0,0,0,22.0,0.3,50000,44.0,ALTO
AGUSTIN CODAZZI,2021,49,0,0,0,19.6,0.3,50000,39.2,ALTO
AGUSTIN CODAZZI,2022,44,0,0,0,17.6,0.3,50000,35.2,ALTO
AGUSTIN CODAZZI,2023,36,0,0,0,14.4,0.2,50000,28.8,ALTO
AGUSTIN CODAZZI,2024,65,0,0,0,26.0,0.4,50000,52.0,ALTO
AGUSTIN CODAZZI,2025,58,0,0,0,23.200000000000003,0.4,50000,46.4,ALTO
AIPE,2020,1,0,0,0,0.4,0.0,50000,0.8,BAJO
AIPE,2021,9,0,0,0,3.6,0.1,50000,7.2,MEDIO
AIPE,2022,32,0,0,0,12.8,0.2,50000,25.6,ALTO
AIPE,2023,25,0,0,0,10.0,0.2,50000,20.0,ALTO
AIPE,2024,22,0,0,0,8.8,0.1,50000,17.6,MEDIO
AIPE,2025,17,0,0,0,6.800000000000001,0.1,50000,13.6,MEDIO
ALBAN,2020,11,0,0,0,4.4,0.1,50000,8.8,MEDIO
ALBAN,2021,26,0,0,0,10.4,0.2,50000,20.8,ALTO
ALBAN,2022,21,0,0,0,8.4,0.1,50000,16.8,MEDIO
ALBAN,2023,30,0,0,0,12.0,0.2,50000,24.0,ALTO
ALBAN,2024,22,0,0,0,8.8,0.1,50000,17.6,MEDIO
ALBAN,2025,8,0,0,0,3.2,0.0,50000,6.4,BAJO
ALBANIA,2020,3,0,0,0,1.2000000000000002,0.0,50000,2.4,BAJO
ALBANIA,2021,14,0,0,0,5.6000000000000005,0.1,50000,11.2,MEDIO
ALBANIA,2022,6,0,0,0,2.4000000000000004,0.0,50000,4.8,BAJO
ALBANIA,2023,12,0,0,0,4.800000000000001,0.1,50000,9.6,MEDIO
ALBANIA,2024,18,0,0,0,7.2,0.1,50000,14.4,MEDIO
ALBANIA,2025,22,0,0,0,8.8,0.1,50000,17.6,MEDIO
ALCALA,2020,9,0,0,0,3.6,0.1,17200,20.93,MEDIO
ALCALA,2021,15,0,0,0,6.0,0.1,17200,34.88,MEDIO
ALCALA,2022,8,0,0,0,3.2,0.0,17200,18.6,BAJO
ALCALA,2023,23,0,0,0,9.200000000000001,0.1,17200,53.49,MEDIO
ALCALA,2024,37,0,0,0,14.8,0.2,17200,86.05,ALTO
ALCALA,2025,22,0,0,0,8.8,0.1,17200,51.16,MEDIO
ALDANA,2020,4,0,0,0,1.6,0.0,50000,3.2,BAJO
ALDANA,2021,5,0,0,0,2.0,0.0,50000,4.0,BAJO
ALDANA,2022,8,0,0,0,3.2,0.0,50000,6.4,BAJO
ALDANA,2023,9,0,0,0,3.6,0.1,50000,7.2,MEDIO
ALDANA,2024,3,0,0,0,1.2000000000000002,0.0,50000,2.4,BAJO
ALDANA,2025,7,0,0,0,2.8000000000000003,0.0,50000,5.6,BAJO
ALEJANDRIA,2020,2,0,0,0,0.8,0.0,50000,1.6,BAJO
ALEJANDRIA,2021,5,0,0,0,2.0,0.0,50000,4.0,BAJO
ALEJANDRIA,2022,9,0,0,0,3.6,0.1,50000,7.2,MEDIO
ALEJANDRIA,2023,7,0,0,0,2.8000000000000003,0.0,50000,5.6,BAJO
ALEJANDRIA,2024,8,0,0,0,3.2,0.0,50000,6.4,BAJO
ALEJANDRIA,2025,11,0,0,0,4.4,0.1,50000,8.8,MEDIO
ALGARROBO,2020,3,0,0,0,1.2000000000000002,0.0,50000,2.4,BAJO
ALGARROBO,2021,7,0,0,0,2.8000000000000003,0.0,50000,5.6,BAJO
ALGARROBO,2023,4,0,0,0,1.6,0.0,50000,3.2,BAJO
ALGARROBO,2024,9,0,0,0,3.6,0.1,50000,7.2,MEDIO
ALGARROBO,2025,7,0,0,0,2.8000000000000003,0.0,50000,5.6,BAJO
ALGECIRAS,2020,10,0,0,0,4.0,0.1,50000,8.0,MEDIO
ALGECIRAS,2021,12,0,0,0,4.800000000000001,0.1,50000,9.6,MEDIO
ALGECIRAS,2022,13,0,0,0,5.2,0.1,50000,10.4,MEDIO
ALGECIRAS,2023,31,0,0,0,12.4,0.2,50000,24.8,ALTO
ALGECIRAS,2024,24,0,0,0,9.600000000000001,0.1,50000,19.2,MEDIO
ALGECIRAS,2025,35,0,0,0,14.0,0.2,50000,28.0,ALTO
ALMAGUER,2020,8,0,0,0,3.2,0.0,50000,6.4,BAJO
ALMAGUER,2021,6,0,0,0,2.4000000000000004,0.0,50000,4.8,BAJO
ALMAGUER,2022,3,0,0,0,1.2000000000000002,0.0,50000,2.4,BAJO
ALMAGUER,2023,8,0,0,0,3.2,0.0,50000,6.4,BAJO
ALMAGUER,2024,6,0,0,0,2.4000000000000004,0.0,50000,4.8,BAJO
ALMAGUER,2025,4,0,0,0,1.6,0.0,50000,3.2,BAJO
ALMEIDA,2020,5,0,0,0,2.0,0.0,50000,4.0,BAJO
ALMEIDA,2022,1,0,0,0,0.4,0.0,50000,0.8,BAJO
ALMEIDA,2025,1,0,0,0,0.4,0.0,50000,0.8,BAJO
ALPUJARRA,2020,16,0,0,0,6.4,0.1,50000,12.8,MEDIO
ALPUJARRA,2021,13,0,0,0,5.2,0.1,50000,10.4,MEDIO
ALPUJARRA,2022,15,0,0,0,6.0,0.1,50000,12.0,MEDIO
ALPUJARRA,2023,2,0,0,0,0.8,0.0,50000,1.6,BAJO
ALPUJARRA,2024,5,0,0,0,2.0,0.0,50000,4.0,BAJO
ALPUJARRA,2025,13,0,0,0,5.2,0.1,50000,10.4,MEDIO
ALTAMIRA,2020,2,0,0,0,0.8,0.0,50000,1.6,BAJO
ALTAMIRA,2021,1,0,0,0,0.4,0.0,50000,0.8,BAJO
ALTAMIRA,2023,4,0,0,0,1.6,0.0,50000,3.2,BAJO
ALTAMIRA,2024,6,0,0,0,2.4000000000000004,0.0,50000,4.8,BAJO
ALTAMIRA,2025,6,0,0,0,2.4000000000000004,0.0,50000,4.8,BAJO
ALTO BAUDO,2020,1,0,0,0,0.4,0.0,50000,0.8,BAJO
ALTO BAUDO,2024,1,0,0,0,0.4,0.0,50000,0.8,BAJO
ALTO BAUDO,2025,1,0,0,0,0.4,0.0,50000,0.8,BAJO
ALTOS DEL ROSARIO,2020,1,0,0,0,0.4,0.0,50000,0.8,BAJO
ALTOS DEL ROSARIO,2021,1,0,0,0,0.4,0.0,50000,0.8,BAJO
ALTOS DEL ROSARIO,2022,1,0,0,0,0.4,0.0,50000,0.8,BAJO
ALTOS DEL ROSARIO,2024,4,0,0,0,1.6,0.0,50000,3.2,BAJO
ALTOS DEL ROSARIO,2025,1,0,0,0,0.4,0.0,50000,0.8,BAJO
ALVARADO,2020,28,0,0,0,11.200000000000001,0.2,50000,22.4,ALTO
ALVARADO,2021,16,0,0,0,6.4,0.1,50000,12.8,MEDIO
ALVARADO,2022,27,0,0,0,10.8,0.2,50000,21.6,ALTO
ALVARADO,2023,11,0,0,0,4.4,0.1,50000,8.8,MEDIO
ALVARADO,2024,15,0,0,0,6.0,0.1,50000,12.0,MEDIO
ALVARADO,2025,5,0,0,0,2.0,0.0,50000,4.0,BAJO
AMAGA,2020,28,0,0,0,11.200000000000001,0.2,50000,22.4,ALTO
AMAGA,2021,29,0,0,0,11.600000000000001,0.2,50000,23.2,ALTO
AMAGA,2022,47,0,0,0,18.8,0.3,50000,37.6,ALTO
AMAGA,2023,98,0,0,0,39.2,0.6,50000,78.4,ALTO
AMAGA,2024,72,0,0,0,28.8,0.5,50000,57.6,ALTO
AMAGA,2025,42,0,0,0,16.8,0.3,50000,33.6,ALTO
AMALFI,2020,11,0,0,0,4.4,0.1,50000,8.8,MEDIO
AMALFI,2021,12,0,0,0,4.800000000000001,0.1,50000,9.6,MEDIO
AMALFI,2022,9,0,0,0,3.6,0.1,50000,7.2,MEDIO
AMALFI,2023,19,0,0,0,7.6000000000000005,0.1,50000,15.2,MEDIO
AMALFI,2024,14,0,0,0,5.6000000000000005,0.1,50000,11.2,MEDIO
AMALFI,2025,14,0,0,0,5.6000000000000005,0.1,50000,11.2,MEDIO
AMBALEMA,2020,14,0,0,0,5.6000000000000005,0.1,50000,11.2,MEDIO
AMBALEMA,2021,20,0,0,0,8.0,0.1,50000,16.0,MEDIO
AMBALEMA,2022,27,0,0,0,10.8,0.2,50000,21.6,ALTO
AMBALEMA,2023,11,0,0,0,4.4,0.1,50000,8.8,MEDIO
AMBALEMA,2024,11,0,0,0,4.4,0.1,50000,8.8,MEDIO
AMBALEMA,2025,10,0,0,0,4.0,0.1,50000,8.0,MEDIO
ANAPOIMA,2020,70,0,0,0,28.0,0.4,50000,56.0,ALTO
ANAPOIMA,2021,53,0,0,0,21.200000000000003,0.3,50000,42.4,ALTO
ANAPOIMA,2022,35,0,0,0,14.0,0.2,50000,28.0,ALTO
ANAPOIMA,2023,41,0,0,0,16.400000000000002,0.3,50000,32.8,ALTO
ANAPOIMA,2024,35,0,0,0,14.0,0.2,50000,28.0,ALTO
ANAPOIMA,2025,15,0,0,0,6.0,0.1,50000,12.0,MEDIO
ANCUYA,2020,2,0,0,0,0.8,0.0,50000,1.6,BAJO
ANCUYA,2021,8,0,0,0,3.2,0.0,50000,6.4,BAJO
ANCUYA,2022,3,0,0,0,1.2000000000000002,0.0,50000,2.4,BAJO
ANCUYA,2023,7,0,0,0,2.8000000000000003,0.0,50000,5.6,BAJO
ANCUYA,2024,11,0,0,0,4.4,0.1,50000,8.8,MEDIO
ANCUYA,2025,12,0,0,0,4.800000000000001,0.1,50000,9.6,MEDIO
ANDALUCIA,2020,10,0,0,0,4.0,0.1,19800,20.2,MEDIO
ANDALUCIA,2021,36,0,0,0,14.4,0.2,19800,72.73,ALTO
ANDALUCIA,2022,22,0,0,0,8.8,0.1,19800,44.44,MEDIO
ANDALUCIA,2023,59,0,0,0,23.6,0.4,19800,119.19,ALTO
ANDALUCIA,2024,40,0,0,0,16.0,0.3,19800,80.81,ALTO
ANDALUCIA,2025,32,0,0,0,12.8,0.2,19800,64.65,ALTO
ANDES,2020,48,0,0,0,19.200000000000003,0.3,50000,38.4,ALTO
ANDES,2021,56,0,0,0,22.400000000000002,0.4,50000,44.8,ALTO
ANDES,2022,50,0,0,0,20.0,0.3,50000,40.0,ALTO
ANDES,2023,65,0,0,0,26.0,0.4,50000,52.0,ALTO
ANDES,2024,58,0,0,0,23.200000000000003,0.4,50000,46.4,ALTO
ANDES,2025,40,0,0,0,16.0,0.3,50000,32.0,ALTO
ANGELOPOLIS,2020,8,0,0,0,3.2,0.0,50000,6.4,BAJO
ANGELOPOLIS,2021,16,0,0,0,6.4,0.1,50000,12.8,MEDIO
ANGELOPOLIS,2022,10,0,0,0,4.0,0.1,50000,8.0,MEDIO
ANGELOPOLIS,2023,15,0,0,0,6.0,0.1,50000,12.0,MEDIO
ANGELOPOLIS,2024,21,0,0,0,8.4,0.1,50000,16.8,MEDIO
ANGELOPOLIS,2025,12,0,0,0,4.800000000000001,0.1,50000,9.6,MEDIO
ANGOSTURA,2020,2,0,0,0,0.8,0.0,50000,1.6,BAJO
ANGOSTURA,2021,15,0,0,0,6.0,0.1,50000,12.0,MEDIO
ANGOSTURA,2022,4,0,0,0,1.6,0.0,50000,3.2,BAJO
ANGOSTURA,2023,11,0,0,0,4.4,0.1,50000,8.8,MEDIO
ANGOSTURA,2024,12,0,0,0,4.800000000000001,0.1,50000,9.6,MEDIO
ANGOSTURA,2025,12,0,0,0,4.800000000000001,0.1,50000,9.6,MEDIO
ANOLAIMA,2020,7,0,0,0,2.8000000000000003,0.0,50000,5.6,BAJO
ANOLAIMA,2021,24,0,0,0,9.600000000000001,0.1,50000,19.2,MEDIO
ANOLAIMA,2022,25,0,0,0,10.0,0.2,50000,20.0,ALTO
ANOLAIMA,2023,24,0,0,0,9.600000000000001,0.1,50000,19.2,MEDIO
ANOLAIMA,2024,20,0,0,0,8.0,0.1,50000,16.0,MEDIO
ANOLAIMA,2025,9,0,0,0,3.6,0.1,50000,7.2,MEDIO
ANORI,2020,10,0,0,0,4.0,0.1,50000,8.0,MEDIO
ANORI,2021,18,0,0,0,7.2,0.1,50000,14.4,MEDIO
ANORI,2022,29,0,0,0,11.600000000000001,0.2,50000,23.2,ALTO
ANORI,2023,31,0,0,0,12.4,0.2,50000,24.8,ALTO
ANORI,2024,29,0,0,0,11.600000000000001,0.2,50000,23.2,ALTO
ANORI,2025,13,0,0,0,5.2,0.1,50000,10.4,MEDIO
ANORI,9999,0,1,1,0,0.30000000000000004,0.0,50000,0.6,BAJO
ANSERMA,2020,27,0,0,0,10.8,0.2,50000,21.6,ALTO
ANSERMA,2021,34,0,0,0,13.600000000000001,0.2,50000,27.2,ALTO
ANSERMA,2022,20,0,0,0,8.0,0.1,50000,16.0,MEDIO
ANSERMA,2023,31,0,0,0,12.4,0.2,50000,24.8,ALTO
ANSERMA,2024,25,0,0,0,10.0,0.2,50000,20.0,ALTO
ANSERMA,2025,9,0,0,0,3.6,0.1,50000,7.2,MEDIO
ANSERMANUEVO,2021,6,0,0,0,2.4000000000000004,0.0,16300,14.72,BAJO
ANSERMANUEVO,2022,10,0,0,0,4.0,0.1,16300,24.54,MEDIO
ANSERMANUEVO,2023,14,0,0,0,5.6000000000000005,0.1,16300,34.36,MEDIO
ANSERMANUEVO,2024,16,0,0,0,6.4,0.1,16300,39.26,MEDIO
ANSERMANUEVO,2025,14,0,0,0,5.6000000000000005,0.1,16300,34.36,MEDIO
ANZA,2020,5,0,0,0,2.0,0.0,50000,4.0,BAJO
ANZA,2021,1,0,0,0,0.4,0.0,50000,0.8,BAJO
ANZA,2022,4,0,0,0,1.6,0.0,50000,3.2,BAJO
ANZA,2023,5,0,0,0,2.0,0.0,50000,4.0,BAJO
ANZA,2024,12,0,0,0,4.800000000000001,0.1,50000,9.6,MEDIO
ANZA,2025,13,0,0,0,5.2,0.1,50000,10.4,MEDIO
ANZOATEGUI,2020,11,0,0,0,4.4,0.1,50000,8.8,MEDIO
ANZOATEGUI,2021,27,0,0,0,10.8,0.2,50000,21.6,ALTO
ANZOATEGUI,2022,29,0,0,0,11.600000000000001,0.2,50000,23.2,ALTO
ANZOATEGUI,2023,21,0,0,0,8.4,0.1,50000,16.8,MEDIO
ANZOATEGUI,2024,13,0,0,0,5.2,0.1,50000,10.4,MEDIO
ANZOATEGUI,2025,5,0,0,0,2.0,0.0,50000,4.0,BAJO
APARTADO,2020,149,0,0,0,59.6,1.0,50000,119.2,ALTO
APARTADO,2021,212,0,0,0,84.80000000000001,1.4,50000,169.6,ALTO
APARTADO,2022,143,0,0,0,57.2,0.9,50000,114.4,ALTO
APARTADO,2023,131,0,0,0,52.400000000000006,0.8,50000,104.8,ALTO
APARTADO,2024,179,0,0,0,71.60000000000001,1.1,50000,143.2,ALTO
APARTADO,2025,262,0,0,0,104.80000000000001,1.7,50000,209.6,ALTO
APIA,2020,29,0,0,0,11.600000000000001,0.2,50000,23.2,ALTO
APIA,2021,36,0,0,0,14.4,0.2,50000,28.8,ALTO
APIA,2022,25,0,0,0,10.0,0.2,50000,20.0,ALTO
APIA,2023,54,0,0,0,21.6,0.3,50000,43.2,ALTO
APIA,2024,22,0,0,0,8.8,0.1,50000,17.6,MEDIO
APIA,2025,25,0,0,0,10.0,0.2,50000,20.0,ALTO
APULO,2020,16,0,0,0,6.4,0.1,50000,12.8,MEDIO
APULO,2021,18,0,0,0,7.2,0.1,50000,14.4,MEDIO
APULO,2022,4,0,0,0,1.6,0.0,50000,3.2,BAJO
APULO,2023,18,0,0,0,7.2,0.1,50000,14.4,MEDIO
APULO,2024,9,0,0,0,3.6,0.1,50000,7.2,MEDIO
APULO,2025,7,0,0,0,2.8000000000000003,0.0,50000,5.6,BAJO
AQUITANIA,2020,7,0,0,0,2.8000000000000003,0.0,50000,5.6,BAJO
AQUITANIA,2021,7,0,0,0,2.8000000000000003,0.0,50000,5.6,BAJO
AQUITANIA,2022,7,0,0,0,2.8000000000000003,0.0,50000,5.6,BAJO
AQUITANIA,2023,13,0,0,0,5.2,0.1,50000,10.4,MEDIO
AQUITANIA,2024,14,0,0,0,5.6000000000000005,0.1,50000,11.2,MEDIO
AQUITANIA,2025,57,0,0,0,22.8,0.4,50000,45.6,ALTO
ARACATACA,2020,13,0,0,0,5.2,0.1,50000,10.4,MEDIO
ARACATACA,2021,27,0,0,0,10.8,0.2,50000,21.6,ALTO
ARACATACA,2022,16,0,0,0,6.4,0.1,50000,12.8,MEDIO
ARACATACA,2023,26,0,0,0,10.4,0.2,50000,20.8,ALTO
ARACATACA,2024,49,0,0,0,19.6,0.3,50000,39.2,ALTO
ARACATACA,2025,37,0,0,0,14.8,0.2,50000,29.6,ALTO
ARANZAZU,2020,21,0,0,0,8.4,0.1,50000,16.8,MEDIO
ARANZAZU,2021,7,0,0,0,2.8000000000000003,0.0,50000,5.6,BAJO
ARANZAZU,2022,6,0,0,0,2.4000000000000004,0.0,50000,4.8,BAJO
ARANZAZU,2023,4,0,0,0,1.6,0.0,50000,3.2,BAJO
ARANZAZU,2024,2,0,0,0,0.8,0.0,50000,1.6,BAJO
ARANZAZU,2025,4,0,0,0,1.6,0.0,50000,3.2,BAJO
ARATOCA,2020,2,0,0,0,0.8,0.0,50000,1.6,BAJO
ARATOCA,2021,2,0,0,0,0.8,0.0,50000,1.6,BAJO
ARATOCA,2022,2,0,0,0,0.8,0.0,50000,1.6,BAJO
ARATOCA,2023,2,0,0,0,0.8,0.0,50000,1.6,BAJO
ARATOCA,2024,7,0,0,0,2.8000000000000003,0.0,50000,5.6,BAJO
ARATOCA,2025,6,0,0,0,2.4000000000000004,0.0,50000,4.8,BAJO
ARAUCA,2020,129,0,0,0,51.6,0.8,50000,103.2,ALTO
ARAUCA,2021,99,0,0,0,39.6,0.6,50000,79.2,ALTO
ARAUCA,2022,117,0,0,0,46.800000000000004,0.7,50000,93.6,ALTO
ARAUCA,2023,90,0,0,0,36.0,0.6,50000,72.0,ALTO
ARAUCA,2024,76,0,0,0,30.400000000000002,0.5,50000,60.8,ALTO
ARAUCA (CT),2020,84,0,0,0,33.6,0.5,50000,67.2,ALTO
ARAUCA (CT),2021,125,0,0,0,50.0,0.8,50000,100.0,ALTO
ARAUCA (CT),2022,86,0,0,0,34.4,0.5,50000,68.8,ALTO
ARAUCA (CT),2023,56,0,0,0,22.400000000000002,0.4,50000,44.8,ALTO
ARAUCA (CT),2024,102,0,0,0,40.800000000000004,0.6,50000,81.6,ALTO
ARAUCA (CT),2025,136,0,0,0,54.400000000000006,0.9,50000,108.8,ALTO
ARAUQUITA,2020,25,0,0,0,10.0,0.2,50000,20.0,ALTO
ARAUQUITA,2021,22,0,0,0,8.8,0.1,50000,17.6,MEDIO
ARAUQUITA,2022,14,0,0,0,5.6000000000000005,0.1,50000,11.2,MEDIO
ARAUQUITA,2023,23,0,0,0,9.200000000000001,0.1,50000,18.4,MEDIO
ARAUQUITA,2024,20,0,0,0,8.0,0.1,50000,16.0,MEDIO
ARAUQUITA,2025,20,0,0,0,8.0,0.1,50000,16.0,MEDIO
ARAUQUITA,9999,0,1,1,0,0.30000000000000004,0.0,50000,0.6,BAJO
ARBELAEZ,2020,15,0,0,0,6.0,0.1,50000,12.0,MEDIO
ARBELAEZ,2021,20,0,0,0,8.0,0.1,50000,16.0,MEDIO
ARBELAEZ,2022,17,0,0,0,6.800000000000001,0.1,50000,13.6,MEDIO
ARBELAEZ,2023,27,0,0,0,10.8,0.2,50000,21.6,ALTO
ARBELAEZ,2024,43,0,0,0,17.2,0.3,50000,34.4,ALTO
ARBELAEZ,2025,23,0,0,0,9.200000000000001,0.1,50000,18.4,MEDIO
ARBOLEDA,2020,5,0,0,0,2.0,0.0,50000,4.0,BAJO
ARBOLEDA,2021,2,0,0,0,0.8,0.0,50000,1.6,BAJO
ARBOLEDA,2022,2,0,0,0,0.8,0.0,50000,1.6,BAJO
ARBOLEDA,2023,4,0,0,0,1.6,0.0,50000,3.2,BAJO
ARBOLEDA,2024,9,0,0,0,3.6,0.1,50000,7.2,MEDIO
ARBOLEDA,2025,5,0,0,0,2.0,0.0,50000,4.0,BAJO
ARBOLEDAS,2020,5,0,0,0,2.0,0.0,50000,4.0,BAJO
ARBOLEDAS,2021,2,0,0,0,0.8,0.0,50000,1.6,BAJO
ARBOLEDAS,2022,3,0,0,0,1.2000000000000002,0.0,50000,2.4,BAJO
ARBOLEDAS,2023,4,0,0,0,1.6,0.0,50000,3.2,BAJO
ARBOLEDAS,2024,1,0,0,0,0.4,0.0,50000,0.8,BAJO
ARBOLEDAS,2025,1,0,0,0,0.4,0.0,50000,0.8,BAJO
ARBOLETES,2020,6,0,0,0,2.4000000000000004,0.0,50000,4.8,BAJO
ARBOLETES,2021,10,0,0,0,4.0,0.1,50000,8.0,MEDIO
ARBOLETES,2022,5,0,0,0,2.0,0.0,50000,4.0,BAJO
ARBOLETES,2023,5,0,0,0,2.0,0.0,50000,4.0,BAJO
ARBOLETES,2024,11,0,0,0,4.4,0.1,50000,8.8,MEDIO
ARBOLETES,2025,14,0,0,0,5.6000000000000005,0.1,50000,11.2,MEDIO
ARCABUCO,2020,3,0,0,0,1.2000000000000002,0.0,50000,2.4,BAJO
ARCABUCO,2021,8,0,0,0,3.2,0.0,50000,6.4,BAJO
ARCABUCO,2023,1,0,0,0,0.4,0.0,50000,0.8,BAJO
ARCABUCO,2024,17,0,0,0,6.800000000000001,0.1,50000,13.6,MEDIO
ARCABUCO,2025,15,0,0,0,6.0,0.1,50000,12.0,MEDIO
ARENAL,2020,3,0,0,0,1.2000000000000002,0.0,50000,2.4,BAJO
ARENAL,2021,3,0,0,0,1.2000000000000002,0.0,50000,2.4,BAJO
ARENAL,2022,3,0,0,0,1.2000000000000002,0.0,50000,2.4,BAJO
ARENAL,2023,5,0,0,0,2.0,0.0,50000,4.0,BAJO
ARENAL,2024,26,0,0,0,10.4,0.2,50000,20.8,ALTO
ARENAL,2025,18,0,0,0,7.2,0.1,50000,14.4,MEDIO
ARGELIA,2020,6,0,0,0,2.4000000000000004,0.0,10400,23.08,BAJO
ARGELIA,2021,37,0,0,0,14.8,0.2,10400,142.31,ALTO
ARGELIA,2022,16,0,0,0,6.4,0.1,10400,61.54,MEDIO
ARGELIA,2023,21,0,0,0,8.4,0.1,10400,80.77,MEDIO
ARGELIA,2024,13,0,0,0,5.2,0.1,10400,50.0,MEDIO
ARGELIA,2025,18,0,0,0,7.2,0.1,10400,69.23,MEDIO
ARIGUANI,2020,11,0,0,0,4.4,0.1,50000,8.8,MEDIO
ARIGUANI,2021,19,0,0,0,7.6000000000000005,0.1,50000,15.2,MEDIO
ARIGUANI,2022,4,0,0,0,1.6,0.0,50000,3.2,BAJO
ARIGUANI,2023,9,0,0,0,3.6,0.1,50000,7.2,MEDIO
ARIGUANI,2024,9,0,0,0,3.6,0.1,50000,7.2,MEDIO
ARIGUANI,2025,8,0,0,0,3.2,0.0,50000,6.4,BAJO
ARJONA,2020,26,0,0,0,10.4,0.2,50000,20.8,ALTO
ARJONA,2021,39,0,0,0,15.600000000000001,0.2,50000,31.2,ALTO
ARJONA,2022,51,0,0,0,20.400000000000002,0.3,50000,40.8,ALTO
ARJONA,2023,56,0,0,0,22.400000000000002,0.4,50000,44.8,ALTO
ARJONA,2024,56,0,0,0,22.400000000000002,0.4,50000,44.8,ALTO
ARJONA,2025,63,0,0,0,25.200000000000003,0.4,50000,50.4,ALTO
ARMENIA,2020,135,0,0,0,54.0,0.9,50000,108.0,ALTO
ARMENIA,2021,135,0,0,0,54.0,0.9,50000,108.0,ALTO
ARMENIA,2022,122,0,0,0,48.800000000000004,0.8,50000,97.6,ALTO
ARMENIA,2023,162,0,0,0,64.8,1.0,50000,129.6,ALTO
ARMENIA,2024,137,0,0,0,54.800000000000004,0.9,50000,109.6,ALTO
ARMENIA,2025,4,0,0,0,1.6,0.0,50000,3.2,BAJO
ARMENIA (CT),2020,85,0,0,0,34.0,0.5,50000,68.0,ALTO
ARMENIA (CT),2021,103,0,0,0,41.2,0.7,50000,82.4,ALTO
ARMENIA (CT),2022,78,0,0,0,31.200000000000003,0.5,50000,62.4,ALTO
ARMENIA (CT),2023,117,0,0,0,46.800000000000004,0.7,50000,93.6,ALTO
ARMENIA (CT),2024,144,0,0,0,57.6,0.9,50000,115.2,ALTO
ARMENIA (CT),2025,20,0,0,0,8.0,0.1,50000,16.0,MEDIO
ARMERO,2020,32,0,0,0,12.8,0.2,50000,25.6,ALTO
ARMERO,2021,31,0,0,0,12.4,0.2,50000,24.8,ALTO
ARMERO,2022,21,0,0,0,8.4,0.1,50000,16.8,MEDIO
ARMERO,2023,10,0,0,0,4.0,0.1,50000,8.0,MEDIO
ARMERO,2024,10,0,0,0,4.0,0.1,50000,8.0,MEDIO
ARMERO,2025,11,0,0,0,4.4,0.1,50000,8.8,MEDIO
ARMERO GUAYABAL,2020,5,0,0,0,2.0,0.0,50000,4.0,BAJO
ARMERO GUAYABAL,2021,7,0,0,0,2.8000000000000003,0.0,50000,5.6,BAJO
ARMERO GUAYABAL,2022,2,0,0,0,0.8,0.0,50000,1.6,BAJO
ARMERO GUAYABAL,2023,3,0,0,0,1.2000000000000002,0.0,50000,2.4,BAJO
ARMERO GUAYABAL,2024,10,0,0,0,4.0,0.1,50000,8.0,MEDIO
ARROYOHONDO,2021,2,0,0,0,0.8,0.0,50000,1.6,BAJO
ARROYOHONDO,2022,5,0,0,0,2.0,0.0,50000,4.0,BAJO
ARROYOHONDO,2023,1,0,0,0,0.4,0.0,50000,0.8,BAJO
ARROYOHONDO,2024,1,0,0,0,0.4,0.0,50000,0.8,BAJO
ARROYOHONDO,2025,3,0,0,0,1.2000000000000002,0.0,50000,2.4,BAJO
ASTREA,2020,6,0,0,0,2.4000000000000004,0.0,50000,4.8,BAJO
ASTREA,2021,6,0,0,0,2.4000000000000004,0.0,50000,4.8,BAJO
ASTREA,2023,6,0,0,0,2.4000000000000004,0.0,50000,4.8,BAJO
ASTREA,2024,12,0,0,0,4.800000000000001,0.1,50000,9.6,MEDIO
ASTREA,2025,14,0,0,0,5.6000000000000005,0.1,50000,11.2,MEDIO
ATACO,2020,19,0,0,0,7.6000000000000005,0.1,50000,15.2,MEDIO
ATACO,2021,24,0,0,0,9.600000000000001,0.1,50000,19.2,MEDIO
ATACO,2022,22,0,0,0,8.8,0.1,50000,17.6,MEDIO
ATACO,2023,27,0,0,0,10.8,0.2,50000,21.6,ALTO
ATACO,2024,29,0,0,0,11.600000000000001,0.2,50000,23.2,ALTO
ATACO,2025,45,0,0,0,18.0,0.3,50000,36.0,ALTO
ATRATO,2020,4,0,0,0,1.6,0.0,50000,3.2,BAJO
ATRATO,2021,4,0,0,0,1.6,0.0,50000,3.2,BAJO
ATRATO,2022,3,0,0,0,1.2000000000000002,0.0,50000,2.4,BAJO
ATRATO,2023,7,0,0,0,2.8000000000000003,0.0,50000,5.6,BAJO
ATRATO,2024,1,0,0,0,0.4,0.0,50000,0.8,BAJO
ATRATO,2025,3,0,0,0,1.2000000000000002,0.0,50000,2.4,BAJO
AYAPEL,2021,10,0,0,0,4.0,0.1,50000,8.0,MEDIO
AYAPEL,2022,18,0,0,0,7.2,0.1,50000,14.4,MEDIO
AYAPEL,2023,7,0,0,0,2.8000000000000003,0.0,50000,5.6,BAJO
AYAPEL,2024,16,0,0,0,6.4,0.1,50000,12.8,MEDIO
AYAPEL,2025,9,0,0,0,3.6,0.1,50000,7.2,MEDIO
BAGADO,2020,2,0,0,0,0.8,0.0,50000,1.6,BAJO
BAGADO,2021,1,0,0,0,0.4,0.0,50000,0.8,BAJO
BAGADO,2023,1,0,0,0,0.4,0.0,50000,0.8,BAJO
BAGADO,2024,2,0,0,0,0.8,0.0,50000,1.6,BAJO
BAHIA SOLANO,2020,11,0,0,0,4.4,0.1,50000,8.8,MEDIO
BAHIA SOLANO,2021,2,0,0,0,0.8,0.0,50000,1.6,BAJO
BAHIA SOLANO,2022,1,0,0,0,0.4,0.0,50000,0.8,BAJO
BAHIA SOLANO,2023,10,0,0,0,4.0,0.1,50000,8.0,MEDIO
BAHIA SOLANO,2024,2,0,0,0,0.8,0.0,50000,1.6,BAJO
BAHIA SOLANO,2025,8,0,0,0,3.2,0.0,50000,6.4,BAJO
BAJO BAUDO,2020,4,0,0,0,1.6,0.0,50000,3.2,BAJO
BAJO BAUDO,2021,1,0,0,0,0.4,0.0,50000,0.8,BAJO
BAJO BAUDO,2023,2,0,0,0,0.8,0.0,50000,1.6,BAJO
BAJO BAUDO,2024,3,0,0,0,1.2000000000000002,0.0,50000,2.4,BAJO
BAJO BAUDO,2025,7,0,0,0,2.8000000000000003,0.0,50000,5.6,BAJO
BALBOA,2020,4,0,0,0,1.6,0.0,50000,3.2,BAJO
BALBOA,2021,9,0,0,0,3.6,0.1,50000,7.2,MEDIO
BALBOA,2022,10,0,0,0,4.0,0.1,50000,8.0,MEDIO
BALBOA,2023,18,0,0,0,7.2,0.1,50000,14.4,MEDIO
BALBOA,2024,22,0,0,0,8.8,0.1,50000,17.6,MEDIO
BALBOA,2025,19,0,0,0,7.6000000000000005,0.1,50000,15.2,MEDIO
BARANOA,2020,46,0,0,0,18.400000000000002,0.3,50000,36.8,ALTO
BARANOA,2021,60,0,0,0,24.0,0.4,50000,48.0,ALTO
BARANOA,2022,62,0,0,0,24.8,0.4,50000,49.6,ALTO
BARANOA,2023,64,0,0,0,25.6,0.4,50000,51.2,ALTO
BARANOA,2024,126,0,0,0,50.400000000000006,0.8,50000,100.8,ALTO
BARANOA,2025,96,0,0,0,38.400000000000006,0.6,50000,76.8,ALTO
BARAYA,2020,2,0,0,0,0.8,0.0,50000,1.6,BAJO
BARAYA,2021,4,0,0,0,1.6,0.0,50000,3.2,BAJO
BARAYA,2022,3,0,0,0,1.2000000000000002,0.0,50000,2.4,BAJO
BARAYA,2023,10,0,0,0,4.0,0.1,50000,8.0,MEDIO
BARAYA,2024,10,0,0,0,4.0,0.1,50000,8.0,MEDIO
BARAYA,2025,11,0,0,0,4.4,0.1,50000,8.8,MEDIO
BARBACOAS,2020,8,0,0,0,3.2,0.0,50000,6.4,BAJO
BARBACOAS,2021,11,0,0,0,4.4,0.1,50000,8.8,MEDIO
BARBACOAS,2022,25,0,0,0,10.0,0.2,50000,20.0,ALTO
BARBACOAS,2023,19,0,0,0,7.6000000000000005,0.1,50000,15.2,MEDIO
BARBACOAS,2024,25,0,0,0,10.0,0.2,50000,20.0,ALTO
BARBACOAS,2025,36,0,0,0,14.4,0.2,50000,28.8,ALTO
BARBOSA,2020,112,0,0,0,44.800000000000004,0.7,50000,89.6,ALTO
BARBOSA,2021,157,0,0,0,62.800000000000004,1.0,50000,125.6,ALTO
BARBOSA,2022,126,0,0,0,50.400000000000006,0.8,50000,100.8,ALTO
BARBOSA,2023,201,0,0,0,80.4,1.3,50000,160.8,ALTO
BARBOSA,2024,256,0,0,0,102.4,1.6,50000,204.8,ALTO
BARBOSA,2025,185,0,0,0,74.0,1.2,50000,148.0,ALTO
BARICHARA,2020,9,0,0,0,3.6,0.1,50000,7.2,MEDIO
BARICHARA,2021,4,0,0,0,1.6,0.0,50000,3.2,BAJO
BARICHARA,2022,5,0,0,0,2.0,0.0,50000,4.0,BAJO
BARICHARA,2023,5,0,0,0,2.0,0.0,50000,4.0,BAJO
BARICHARA,2024,5,0,0,0,2.0,0.0,50000,4.0,BAJO
BARICHARA,2025,5,0,0,0,2.0,0.0,50000,4.0,BAJO
BARRANCA DE UPIA,2020,20,0,0,0,8.0,0.1,50000,16.0,MEDIO
BARRANCA DE UPIA,2021,25,0,0,0,10.0,0.2,50000,20.0,ALTO
BARRANCA DE UPIA,2022,28,0,0,0,11.200000000000001,0.2,50000,22.4,ALTO
BARRANCA DE UPIA,2023,28,0,0,0,11.200000000000001,0.2,50000,22.4,ALTO
BARRANCA DE UPIA,2024,13,0,0,0,5.2,0.1,50000,10.4,MEDIO
BARRANCA DE UPIA,2025,8,0,0,0,3.2,0.0,50000,6.4,BAJO
BARRANCABERMEJA,2020,479,0,0,0,191.60000000000002,3.1,50000,383.2,ALTO
BARRANCABERMEJA,2021,291,0,0,0,116.4,1.9,50000,232.8,ALTO
BARRANCABERMEJA,2022,555,0,0,0,222.0,3.6,50000,444.0,ALTO
BARRANCABERMEJA,2023,672,0,0,0,268.8,4.3,50000,537.6,ALTO
BARRANCABERMEJA,2024,657,0,0,0,262.8,4.2,50000,525.6,ALTO
BARRANCABERMEJA,2025,418,0,0,0,167.20000000000002,2.7,50000,334.4,ALTO
BARRANCAS,2020,10,0,0,0,4.0,0.1,50000,8.0,MEDIO
BARRANCAS,2021,15,0,0,0,6.0,0.1,50000,12.0,MEDIO
BARRANCAS,2022,11,0,0,0,4.4,0.1,50000,8.8,MEDIO
BARRANCAS,2023,8,0,0,0,3.2,0.0,50000,6.4,BAJO
BARRANCAS,2024,18,0,0,0,7.2,0.1,50000,14.4,MEDIO
BARRANCAS,2025,14,0,0,0,5.6000000000000005,0.1,50000,11.2,MEDIO
BARRANCO DE LOBA,2020,4,0,0,0,1.6,0.0,50000,3.2,BAJO
BARRANCO DE LOBA,2022,2,0,0,0,0.8,0.0,50000,1.6,BAJO
BARRANCO DE LOBA,2023,4,0,0,0,1.6,0.0,50000,3.2,BAJO
BARRANCO DE LOBA,2024,4,0,0,0,1.6,0.0,50000,3.2,BAJO
BARRANCO DE LOBA,2025,6,0,0,0,2.4000000000000004,0.0,50000,4.8,BAJO
BARRANCO MINAS,2021,1,0,0,0,0.4,0.0,50000,0.8,BAJO
BARRANCO MINAS,9999,0,1,1,0,0.30000000000000004,0.0,50000,0.6,BAJO
BARRANQUILLA,2020,456,0,0,0,182.4,2.9,50000,364.8,ALTO
BARRANQUILLA,2021,475,0,0,0,190.0,3.0,50000,380.0,ALTO
BARRANQUILLA,2022,630,0,0,0,252.0,4.0,50000,504.0,ALTO
BARRANQUILLA,2023,654,0,0,0,261.6,4.2,50000,523.2,ALTO
BARRANQUILLA,2024,581,0,0,0,232.4,3.7,50000,464.8,ALTO
BARRANQUILLA (CT),2020,157,0,0,0,62.800000000000004,1.0,50000,125.6,ALTO
BARRANQUILLA (CT),2021,488,0,0,0,195.20000000000002,3.1,50000,390.4,ALTO
BARRANQUILLA (CT),2022,557,0,0,0,222.8,3.6,50000,445.6,ALTO
BARRANQUILLA (CT),2023,755,0,0,0,302.0,4.8,50000,604.0,ALTO
BARRANQUILLA (CT),2024,723,0,0,0,289.2,4.6,50000,578.4,ALTO
BARRANQUILLA (CT),2025,722,0,0,0,288.8,4.6,50000,577.6,ALTO
BECERRIL,2020,14,0,0,0,5.6000000000000005,0.1,50000,11.2,MEDIO
BECERRIL,2021,5,0,0,0,2.0,0.0,50000,4.0,BAJO
BECERRIL,2022,11,0,0,0,4.4,0.1,50000,8.8,MEDIO
BECERRIL,2023,10,0,0,0,4.0,0.1,50000,8.0,MEDIO
BECERRIL,2024,12,0,0,0,4.800000000000001,0.1,50000,9.6,MEDIO
BECERRIL,2025,14,0,0,0,5.6000000000000005,0.1,50000,11.2,MEDIO
BELALCAZAR,2020,2,0,0,0,0.8,0.0,50000,1.6,BAJO
BELALCAZAR,2021,14,0,0,0,5.6000000000000005,0.1,50000,11.2,MEDIO
BELALCAZAR,2022,2,0,0,0,0.8,0.0,50000,1.6,BAJO
BELALCAZAR,2023,3,0,0,0,1.2000000000000002,0.0,50000,2.4,BAJO
BELALCAZAR,2024,4,0,0,0,1.6,0.0,50000,3.2,BAJO
BELALCAZAR,2025,1,0,0,0,0.4,0.0,50000,0.8,BAJO
BELEN,2020,10,0,0,0,4.0,0.1,50000,8.0,MEDIO
BELEN,2021,10,0,0,0,4.0,0.1,50000,8.0,MEDIO
BELEN,2022,8,0,0,0,3.2,0.0,50000,6.4,BAJO
BELEN,2023,14,0,0,0,5.6000000000000005,0.1,50000,11.2,MEDIO
BELEN,2024,12,0,0,0,4.800000000000001,0.1,50000,9.6,MEDIO
BELEN,2025,35,0,0,0,14.0,0.2,50000,28.0,ALTO
BELEN DE BAJIRA,2024,3,0,0,0,1.2000000000000002,0.0,50000,2.4,BAJO
BELEN DE LOS ANDAQUIES,2020,1,0,0,0,0.4,0.0,50000,0.8,BAJO
BELEN DE LOS ANDAQUIES,2021,8,0,0,0,3.2,0.0,50000,6.4,BAJO
BELEN DE LOS ANDAQUIES,2022,3,0,0,0,1.2000000000000002,0.0,50000,2.4,BAJO
BELEN DE LOS ANDAQUIES,2023,28,0,0,0,11.200000000000001,0.2,50000,22.4,ALTO
BELEN DE LOS ANDAQUIES,2024,11,0,0,0,4.4,0.1,50000,8.8,MEDIO
BELEN DE LOS ANDAQUIES,2025,13,0,0,0,5.2,0.1,50000,10.4,MEDIO
BELEN DE LOS ANDAQUIES,9999,0,1,1,0,0.30000000000000004,0.0,50000,0.6,BAJO
BELEN DE UMBRIA,2020,10,0,0,0,4.0,0.1,50000,8.0,MEDIO
BELEN DE UMBRIA,2021,37,0,0,0,14.8,0.2,50000,29.6,ALTO
BELEN DE UMBRIA,2022,25,0,0,0,10.0,0.2,50000,20.0,ALTO
BELEN DE UMBRIA,2023,35,0,0,0,14.0,0.2,50000,28.0,ALTO
BELEN DE UMBRIA,2024,27,0,0,0,10.8,0.2,50000,21.6,ALTO
BELEN DE UMBRIA,2025,14,0,0,0,5.6000000000000005,0.1,50000,11.2,MEDIO
BELLO,2020,287,0,0,0,114.80000000000001,1.8,50000,229.6,ALTO
BELLO,2021,398,0,0,0,159.20000000000002,2.5,50000,318.4,ALTO
BELLO,2022,574,0,0,0,229.60000000000002,3.7,50000,459.2,ALTO
BELLO,2023,945,0,0,0,378.0,6.1,50000,756.0,ALTO
BELLO,2024,869,0,0,0,347.6,5.6,50000,695.2,ALTO
BELLO,2025,548,0,0,0,219.20000000000002,3.5,50000,438.4,ALTO
BELMIRA,2020,4,0,0,0,1.6,0.0,50000,3.2,BAJO
BELMIRA,2023,4,0,0,0,1.6,0.0,50000,3.2,BAJO
BELMIRA,2024,3,0,0,0,1.2000000000000002,0.0,50000,2.4,BAJO
BELMIRA,2025,4,0,0,0,1.6,0.0,50000,3.2,BAJO
BELTRAN,2020,5,0,0,0,2.0,0.0,50000,4.0,BAJO
BELTRAN,2021,2,0,0,0,0.8,0.0,50000,1.6,BAJO
BELTRAN,2022,5,0,0,0,2.0,0.0,50000,4.0,BAJO
BELTRAN,2023,4,0,0,0,1.6,0.0,50000,3.2,BAJO
BELTRAN,2024,10,0,0,0,4.0,0.1,50000,8.0,MEDIO
BELTRAN,2025,1,0,0,0,0.4,0.0,50000,0.8,BAJO
BERBEO,2020,1,0,0,0,0.4,0.0,50000,0.8,BAJO
BERBEO,2023,3,0,0,0,1.2000000000000002,0.0,50000,2.4,BAJO
BERBEO,2024,1,0,0,0,0.4,0.0,50000,0.8,BAJO
BETANIA,2020,12,0,0,0,4.800000000000001,0.1,50000,9.6,MEDIO
BETANIA,2021,6,0,0,0,2.4000000000000004,0.0,50000,4.8,BAJO
BETANIA,2022,13,0,0,0,5.2,0.1,50000,10.4,MEDIO
BETANIA,2023,30,0,0,0,12.0,0.2,50000,24.0,ALTO
BETANIA,2024,7,0,0,0,2.8000000000000003,0.0,50000,5.6,BAJO
BETANIA,2025,17,0,0,0,6.800000000000001,0.1,50000,13.6,MEDIO
BETEITIVA,2023,2,0,0,0,0.8,0.0,50000,1.6,BAJO
BETEITIVA,2024,2,0,0,0,0.8,0.0,50000,1.6,BAJO
BETULIA,2020,15,0,0,0,6.0,0.1,50000,12.0,MEDIO
BETULIA,2021,9,0,0,0,3.6,0.1,50000,7.2,MEDIO
BETULIA,2022,27,0,0,0,10.8,0.2,50000,21.6,ALTO
BETULIA,2023,26,0,0,0,10.4,0.2,50000,20.8,ALTO
BETULIA,2024,17,0,0,0,6.800000000000001,0.1,50000,13.6,MEDIO
BETULIA,2025,21,0,0,0,8.4,0.1,50000,16.8,MEDIO
BITUIMA,2020,5,0,0,0,2.0,0.0,50000,4.0,BAJO
BITUIMA,2021,10,0,0,0,4.0,0.1,50000,8.0,MEDIO
BITUIMA,2022,11,0,0,0,4.4,0.1,50000,8.8,MEDIO
BITUIMA,2023,2,0,0,0,0.8,0.0,50000,1.6,BAJO
BITUIMA,2025,5,0,0,0,2.0,0.0,50000,4.0,BAJO
BOAVITA,2021,9,0,0,0,3.6,0.1,50000,7.2,MEDIO
BOAVITA,2023,4,0,0,0,1.6,0.0,50000,3.2,BAJO
BOAVITA,2024,1,0,0,0,0.4,0.0,50000,0.8,BAJO
BOAVITA,2025,6,0,0,0,2.4000000000000004,0.0,50000,4.8,BAJO
BOCHALEMA,2020,6,0,0,0,2.4000000000000004,0.0,50000,4.8,BAJO
BOCHALEMA,2021,7,0,0,0,2.8000000000000003,0.0,50000,5.6,BAJO
BOCHALEMA,2022,4,0,0,0,1.6,0.0,50000,3.2,BAJO
BOCHALEMA,2023,11,0,0,0,4.4,0.1,50000,8.8,MEDIO
BOCHALEMA,2024,8,0,0,0,3.2,0.0,50000,6.4,BAJO
BOCHALEMA,2025,7,0,0,0,2.8000000000000003,0.0,50000,5.6,BAJO
BOGOTA D.C. (CT),2020,2027,0,0,0,810.8000000000001,13.0,50000,1621.6,ALTO
BOGOTA D.C. (CT),2021,1492,0,0,0,596.8000000000001,9.6,50000,1193.6,ALTO
BOGOTA D.C. (CT),2022,1493,0,0,0,597.2,9.6,50000,1194.4,ALTO
BOGOTA D.C. (CT),2023,1865,0,0,0,746.0,12.0,50000,1492.0,ALTO
BOGOTA D.C. (CT),2024,2418,0,0,0,967.2,15.5,50000,1934.4,ALTO
BOGOTA D.C. (CT),2025,2363,0,0,0,945.2,15.2,50000,1890.4,ALTO
"BOGOTA, D.C.",2020,4746,0,0,0,1898.4,30.4,50000,3796.8,ALTO
"BOGOTA, D.C.",2021,5134,0,0,0,2053.6,32.9,50000,4107.2,ALTO
"BOGOTA, D.C.",2022,5157,0,0,0,2062.8,33.1,50000,4125.6,ALTO
"BOGOTA, D.C.",2023,5861,0,0,0,2344.4,37.6,50000,4688.8,ALTO
"BOGOTA, D.C.",2024,4944,0,0,0,1977.6000000000001,31.7,50000,3955.2,ALTO
BOJACA,2020,7,0,0,0,2.8000000000000003,0.0,50000,5.6,BAJO
BOJACA,2021,23,0,0,0,9.200000000000001,0.1,50000,18.4,MEDIO
BOJACA,2022,15,0,0,0,6.0,0.1,50000,12.0,MEDIO
BOJACA,2023,43,0,0,0,17.2,0.3,50000,34.4,ALTO
BOJACA,2024,22,0,0,0,8.8,0.1,50000,17.6,MEDIO
BOJACA,2025,25,0,0,0,10.0,0.2,50000,20.0,ALTO
BOJAYA,2023,2,0,0,0,0.8,0.0,50000,1.6,BAJO
BOJAYA,2025,2,0,0,0,0.8,0.0,50000,1.6,BAJO
BOLIVAR,2020,23,0,0,0,9.200000000000001,0.1,22100,41.63,MEDIO
BOLIVAR,2021,28,0,0,0,11.200000000000001,0.2,22100,50.68,ALTO
BOLIVAR,2022,44,0,0,0,17.6,0.3,22100,79.64,ALTO
BOLIVAR,2023,64,0,0,0,25.6,0.4,22100,115.84,ALTO
BOLIVAR,2024,46,0,0,0,18.400000000000002,0.3,22100,83.26,ALTO
BOLIVAR,2025,27,0,0,0,10.8,0.2,22100,48.87,ALTO
BOLIVAR,9999,0,1,1,0,0.30000000000000004,0.0,22100,1.36,BAJO
BOSCONIA,2020,28,0,0,0,11.200000000000001,0.2,50000,22.4,ALTO
BOSCONIA,2021,33,0,0,0,13.200000000000001,0.2,50000,26.4,ALTO
BOSCONIA,2022,23,0,0,0,9.200000000000001,0.1,50000,18.4,MEDIO
BOSCONIA,2023,7,0,0,0,2.8000000000000003,0.0,50000,5.6,BAJO
BOSCONIA,2024,31,0,0,0,12.4,0.2,50000,24.8,ALTO
BOSCONIA,2025,27,0,0,0,10.8,0.2,50000,21.6,ALTO
BOYACA,2020,7,0,0,0,2.8000000000000003,0.0,50000,5.6,BAJO
BOYACA,2021,3,0,0,0,1.2000000000000002,0.0,50000,2.4,BAJO
BOYACA,2022,3,0,0,0,1.2000000000000002,0.0,50000,2.4,BAJO
BOYACA,2023,6,0,0,0,2.4000000000000004,0.0,50000,4.8,BAJO
BOYACA,2024,5,0,0,0,2.0,0.0,50000,4.0,BAJO
BOYACA,2025,12,0,0,0,4.800000000000001,0.1,50000,9.6,MEDIO
BRICENO,2020,13,0,0,0,5.2,0.1,50000,10.4,MEDIO
BRICENO,2021,10,0,0,0,4.0,0.1,50000,8.0,MEDIO
BRICENO,2022,7,0,0,0,2.8000000000000003,0.0,50000,5.6,BAJO
BRICENO,2023,17,0,0,0,6.800000000000001,0.1,50000,13.6,MEDIO
BRICENO,2024,9,0,0,0,3.6,0.1,50000,7.2,MEDIO
BRICENO,2025,6,0,0,0,2.4000000000000004,0.0,50000,4.8,BAJO
BRICENO,9999,0,1,1,0,0.30000000000000004,0.0,50000,0.6,BAJO
BUCARAMANGA,2020,226,0,0,0,90.4,1.4,50000,180.8,ALTO
BUCARAMANGA,2021,212,0,0,0,84.80000000000001,1.4,50000,169.6,ALTO
BUCARAMANGA,2022,278,0,0,0,111.2,1.8,50000,222.4,ALTO
BUCARAMANGA,2023,302,0,0,0,120.80000000000001,1.9,50000,241.6,ALTO
BUCARAMANGA,2024,270,0,0,0,108.0,1.7,50000,216.0,ALTO
BUCARAMANGA (CT),2020,228,0,0,0,91.2,1.5,50000,182.4,ALTO
BUCARAMANGA (CT),2021,566,0,0,0,226.4,3.6,50000,452.8,ALTO
BUCARAMANGA (CT),2022,310,0,0,0,124.0,2.0,50000,248.0,ALTO
BUCARAMANGA (CT),2023,362,0,0,0,144.8,2.3,50000,289.6,ALTO
BUCARAMANGA (CT),2024,492,0,0,0,196.8,3.2,50000,393.6,ALTO
BUCARAMANGA (CT),2025,450,0,0,0,180.0,2.9,50000,360.0,ALTO
BUCARASICA,2021,1,0,0,0,0.4,0.0,50000,0.8,BAJO
BUCARASICA,2024,2,0,0,0,0.8,0.0,50000,1.6,BAJO
BUCARASICA,2025,1,0,0,0,0.4,0.0,50000,0.8,BAJO
BUENAVENTURA,2020,44,0,0,0,17.6,0.3,436665,4.03,ALTO
BUENAVENTURA,2021,146,0,0,0,58.400000000000006,0.9,436665,13.37,ALTO
BUENAVENTURA,2022,130,0,0,0,52.0,0.8,436665,11.91,ALTO
BUENAVENTURA,2023,190,0,0,0,76.0,1.2,436665,17.4,ALTO
BUENAVENTURA,2024,191,0,0,0,76.4,1.2,436665,17.5,ALTO
BUENAVENTURA,2025,123,0,0,0,49.2,0.8,436665,11.27,ALTO
BUENAVISTA,2020,9,0,0,0,3.6,0.1,50000,7.2,MEDIO
BUENAVISTA,2021,11,0,0,0,4.4,0.1,50000,8.8,MEDIO
BUENAVISTA,2022,4,0,0,0,1.6,0.0,50000,3.2,BAJO
BUENAVISTA,2023,15,0,0,0,6.0,0.1,50000,12.0,MEDIO
BUENAVISTA,2024,17,0,0,0,6.800000000000001,0.1,50000,13.6,MEDIO
BUENAVISTA,2025,24,0,0,0,9.600000000000001,0.1,50000,19.2,MEDIO
BUENOS AIRES,2020,8,0,0,0,3.2,0.0,50000,6.4,BAJO
BUENOS AIRES,2021,16,0,0,0,6.4,0.1,50000,12.8,MEDIO
BUENOS AIRES,2022,10,0,0,0,4.0,0.1,50000,8.0,MEDIO
BUENOS AIRES,2023,6,0,0,0,2.4000000000000004,0.0,50000,4.8,BAJO
BUENOS AIRES,2024,6,0,0,0,2.4000000000000004,0.0,50000,4.8,BAJO
BUENOS AIRES,2025,7,0,0,0,2.8000000000000003,0.0,50000,5.6,BAJO
BUESACO,2020,19,0,0,0,7.6000000000000005,0.1,50000,15.2,MEDIO
BUESACO,2021,11,0,0,0,4.4,0.1,50000,8.8,MEDIO
BUESACO,2022,28,0,0,0,11.200000000000001,0.2,50000,22.4,ALTO
BUESACO,2023,25,0,0,0,10.0,0.2,50000,20.0,ALTO
BUESACO,2024,26,0,0,0,10.4,0.2,50000,20.8,ALTO
BUESACO,2025,18,0,0,0,7.2,0.1,50000,14.4,MEDIO
BUGALAGRANDE,2020,5,0,0,0,2.0,0.0,22000,9.09,BAJO
BUGALAGRANDE,2021,19,0,0,0,7.6000000000000005,0.1,22000,34.55,MEDIO
BUGALAGRANDE,2022,17,0,0,0,6.800000000000001,0.1,22000,30.91,MEDIO
BUGALAGRANDE,2023,36,0,0,0,14.4,0.2,22000,65.45,ALTO
BUGALAGRANDE,2024,38,0,0,0,15.200000000000001,0.2,22000,69.09,ALTO
BUGALAGRANDE,2025,46,0,0,0,18.400000000000002,0.3,22000,83.64,ALTO
BURITICA,2021,4,0,0,0,1.6,0.0,50000,3.2,BAJO
BURITICA,2022,4,0,0,0,1.6,0.0,50000,3.2,BAJO
BURITICA,2023,4,0,0,0,1.6,0.0,50000,3.2,BAJO
BURITICA,2024,1,0,0,0,0.4,0.0,50000,0.8,BAJO
BURITICA,2025,3,0,0,0,1.2000000000000002,0.0,50000,2.4,BAJO
BUSBANZA,2023,2,0,0,0,0.8,0.0,50000,1.6,BAJO
BUSBANZA,2024,1,0,0,0,0.4,0.0,50000,0.8,BAJO
BUSBANZA,2025,1,0,0,0,0.4,0.0,50000,0.8,BAJO
CABRERA,2020,13,0,0,0,5.2,0.1,50000,10.4,MEDIO
CABRERA,2021,18,0,0,0,7.2,0.1,50000,14.4,MEDIO
CABRERA,2022,15,0,0,0,6.0,0.1,50000,12.0,MEDIO
CABRERA,2023,17,0,0,0,6.800000000000001,0.1,50000,13.6,MEDIO
CABRERA,2024,7,0,0,0,2.8000000000000003,0.0,50000,5.6,BAJO
CABRERA,2025,7,0,0,0,2.8000000000000003,0.0,50000,5.6,BAJO
CABUYARO,2020,12,0,0,0,4.800000000000001,0.1,50000,9.6,MEDIO
CABUYARO,2021,18,0,0,0,7.2,0.1,50000,14.4,MEDIO
CABUYARO,2022,16,0,0,0,6.4,0.1,50000,12.8,MEDIO
CABUYARO,2023,11,0,0,0,4.4,0.1,50000,8.8,MEDIO
CABUYARO,2024,11,0,0,0,4.4,0.1,50000,8.8,MEDIO
CABUYARO,2025,14,0,0,0,5.6000000000000005,0.1,50000,11.2,MEDIO
CACERES,2020,5,0,0,0,2.0,0.0,50000,4.0,BAJO
CACERES,2021,9,0,0,0,3.6,0.1,50000,7.2,MEDIO
CACERES,2022,7,0,0,0,2.8000000000000003,0.0,50000,5.6,BAJO
CACERES,2023,16,0,0,0,6.4,0.1,50000,12.8,MEDIO
CACERES,2024,22,0,0,0,8.8,0.1,50000,17.6,MEDIO
CACERES,2025,16,0,0,0,6.4,0.1,50000,12.8,MEDIO
CACERES,9999,0,1,1,0,0.30000000000000004,0.0,50000,0.6,BAJO
CACHIPAY,2020,33,0,0,0,13.200000000000001,0.2,50000,26.4,ALTO
CACHIPAY,2021,44,0,0,0,17.6,0.3,50000,35.2,ALTO
CACHIPAY,2022,24,0,0,0,9.600000000000001,0.1,50000,19.2,MEDIO
CACHIPAY,2023,26,0,0,0,10.4,0.2,50000,20.8,ALTO
CACHIPAY,2024,34,0,0,0,13.600000000000001,0.2,50000,27.2,ALTO
CACHIPAY,2025,15,0,0,0,6.0,0.1,50000,12.0,MEDIO
CACHIRA,2020,1,0,0,0,0.4,0.0,50000,0.8,BAJO
CACHIRA,2021,6,0,0,0,2.4000000000000004,0.0,50000,4.8,BAJO
CACHIRA,2022,4,0,0,0,1.6,0.0,50000,3.2,BAJO
CACHIRA,2023,2,0,0,0,0.8,0.0,50000,1.6,BAJO
CACHIRA,2024,1,0,0,0,0.4,0.0,50000,0.8,BAJO
CACHIRA,2025,4,0,0,0,1.6,0.0,50000,3.2,BAJO
CACOTA,2021,1,0,0,0,0.4,0.0,50000,0.8,BAJO
CACOTA,2023,11,0,0,0,4.4,0.1,50000,8.8,MEDIO
CACOTA,2024,2,0,0,0,0.8,0.0,50000,1.6,BAJO
CACOTA,2025,3,0,0,0,1.2000000000000002,0.0,50000,2.4,BAJO
CAICEDO,2020,1,0,0,0,0.4,0.0,50000,0.8,BAJO
CAICEDO,2022,4,0,0,0,1.6,0.0,50000,3.2,BAJO
CAICEDO,2023,5,0,0,0,2.0,0.0,50000,4.0,BAJO
CAICEDO,2024,3,0,0,0,1.2000000000000002,0.0,50000,2.4,BAJO
CAICEDO,2025,4,0,0,0,1.6,0.0,50000,3.2,BAJO
CAICEDONIA,2020,21,0,0,0,8.4,0.1,28900,29.07,MEDIO
CAICEDONIA,2021,23,0,0,0,9.200000000000001,0.1,28900,31.83,MEDIO
CAICEDONIA,2022,36,0,0,0,14.4,0.2,28900,49.83,ALTO
CAICEDONIA,2023,37,0,0,0,14.8,0.2,28900,51.21,ALTO
CAICEDONIA,2024,36,0,0,0,14.4,0.2,28900,49.83,ALTO
CAICEDONIA,2025,32,0,0,0,12.8,0.2,28900,44.29,ALTO
CAIMITO,2020,1,0,0,0,0.4,0.0,50000,0.8,BAJO
CAIMITO,2021,1,0,0,0,0.4,0.0,50000,0.8,BAJO
CAIMITO,2022,7,0,0,0,2.8000000000000003,0.0,50000,5.6,BAJO
CAIMITO,2023,6,0,0,0,2.4000000000000004,0.0,50000,4.8,BAJO
CAIMITO,2024,7,0,0,0,2.8000000000000003,0.0,50000,5.6,BAJO
CAIMITO,2025,3,0,0,0,1.2000000000000002,0.0,50000,2.4,BAJO
CAJAMARCA,2020,26,0,0,0,10.4,0.2,50000,20.8,ALTO
CAJAMARCA,2021,26,0,0,0,10.4,0.2,50000,20.8,ALTO
CAJAMARCA,2022,12,0,0,0,4.800000000000001,0.1,50000,9.6,MEDIO
CAJAMARCA,2023,23,0,0,0,9.200000000000001,0.1,50000,18.4,MEDIO
CAJAMARCA,2024,42,0,0,0,16.8,0.3,50000,33.6,ALTO
CAJAMARCA,2025,36,0,0,0,14.4,0.2,50000,28.8,ALTO
CAJIBIO,2020,19,0,0,0,7.6000000000000005,0.1,50000,15.2,MEDIO
CAJIBIO,2021,32,0,0,0,12.8,0.2,50000,25.6,ALTO
CAJIBIO,2022,27,0,0,0,10.8,0.2,50000,21.6,ALTO
CAJIBIO,2023,25,0,0,0,10.0,0.2,50000,20.0,ALTO
CAJIBIO,2024,29,0,0,0,11.600000000000001,0.2,50000,23.2,ALTO
CAJIBIO,2025,28,0,0,0,11.200000000000001,0.2,50000,22.4,ALTO
CAJICA,2020,188,0,0,0,75.2,1.2,50000,150.4,ALTO
CAJICA,2021,210,0,0,0,84.0,1.3,50000,168.0,ALTO
CAJICA,2022,172,0,0,0,68.8,1.1,50000,137.6,ALTO
CAJICA,2023,185,0,0,0,74.0,1.2,50000,148.0,ALTO
CAJICA,2024,263,0,0,0,105.2,1.7,50000,210.4,ALTO
CAJICA,2025,166,0,0,0,66.4,1.1,50000,132.8,ALTO
CALAMAR,2020,16,0,0,0,6.4,0.1,50000,12.8,MEDIO
CALAMAR,2021,25,0,0,0,10.0,0.2,50000,20.0,ALTO
CALAMAR,2022,41,0,0,0,16.400000000000002,0.3,50000,32.8,ALTO
CALAMAR,2023,45,0,0,0,18.0,0.3,50000,36.0,ALTO
CALAMAR,2024,34,0,0,0,13.600000000000001,0.2,50000,27.2,ALTO
CALAMAR,2025,27,0,0,0,10.8,0.2,50000,21.6,ALTO
CALAMAR,9999,0,1,1,0,0.30000000000000004,0.0,50000,0.6,BAJO
CALARCA,2020,54,0,0,0,21.6,0.3,50000,43.2,ALTO
CALARCA,2021,49,0,0,0,19.6,0.3,50000,39.2,ALTO
CALARCA,2022,67,0,0,0,26.8,0.4,50000,53.6,ALTO
CALARCA,2023,83,0,0,0,33.2,0.5,50000,66.4,ALTO
CALARCA,2024,90,0,0,0,36.0,0.6,50000,72.0,ALTO
CALARCA,2025,6,0,0,0,2.4000000000000004,0.0,50000,4.8,BAJO
CALDAS,2020,83,0,0,0,33.2,0.5,50000,66.4,ALTO
CALDAS,2021,130,0,0,0,52.0,0.8,50000,104.0,ALTO
CALDAS,2022,84,0,0,0,33.6,0.5,50000,67.2,ALTO
CALDAS,2023,171,0,0,0,68.4,1.1,50000,136.8,ALTO
CALDAS,2024,154,0,0,0,61.6,1.0,50000,123.2,ALTO
CALDAS,2025,94,0,0,0,37.6,0.6,50000,75.2,ALTO
CALDONO,2020,7,0,0,0,2.8000000000000003,0.0,50000,5.6,BAJO
CALDONO,2021,3,0,0,0,1.2000000000000002,0.0,50000,2.4,BAJO
CALDONO,2022,10,0,0,0,4.0,0.1,50000,8.0,MEDIO
CALDONO,2023,24,0,0,0,9.600000000000001,0.1,50000,19.2,MEDIO
CALDONO,2024,21,0,0,0,8.4,0.1,50000,16.8,MEDIO
CALDONO,2025,41,0,0,0,16.400000000000002,0.3,50000,32.8,ALTO
CALI,2020,468,0,0,0,187.20000000000002,3.0,2237030,8.37,ALTO
CALI,2021,485,0,0,0,194.0,3.1,2237030,8.67,ALTO
CALI,2022,637,0,0,0,254.8,4.1,2237030,11.39,ALTO
CALI,2023,923,0,0,0,369.20000000000005,5.9,2237030,16.5,ALTO
CALI,2024,733,0,0,0,293.2,4.7,2237030,13.11,ALTO
CALI (CT),2020,551,0,0,0,220.4,3.5,50000,440.8,ALTO
CALI (CT),2021,683,0,0,0,273.2,4.4,50000,546.4,ALTO
CALI (CT),2022,743,0,0,0,297.2,4.8,50000,594.4,ALTO
CALI (CT),2023,919,0,0,0,367.6,5.9,50000,735.2,ALTO
CALI (CT),2024,976,0,0,0,390.40000000000003,6.3,50000,780.8,ALTO
CALI (CT),2025,925,0,0,0,370.0,5.9,50000,740.0,ALTO
CALIFORNIA,2020,4,0,0,0,1.6,0.0,50000,3.2,BAJO
CALIFORNIA,2021,3,0,0,0,1.2000000000000002,0.0,50000,2.4,BAJO
CALIFORNIA,2022,1,0,0,0,0.4,0.0,50000,0.8,BAJO
CALIFORNIA,2023,3,0,0,0,1.2000000000000002,0.0,50000,2.4,BAJO
CALIFORNIA,2025,1,0,0,0,0.4,0.0,50000,0.8,BAJO
CALIMA,2020,3,0,0,0,1.2000000000000002,0.0,22100,5.43,BAJO
CALIMA,2021,25,0,0,0,10.0,0.2,22100,45.25,ALTO
CALIMA,2022,16,0,0,0,6.4,0.1,22100,28.96,MEDIO
CALIMA,2023,27,0,0,0,10.8,0.2,22100,48.87,ALTO
CALIMA,2024,28,0,0,0,11.200000000000001,0.2,22100,50.68,ALTO
CALIMA,2025,28,0,0,0,11.200000000000001,0.2,22100,50.68,ALTO
CALOTO,2020,35,0,0,0,14.0,0.2,50000,28.0,ALTO
CALOTO,2021,33,0,0,0,13.200000000000001,0.2,50000,26.4,ALTO
CALOTO,2022,36,0,0,0,14.4,0.2,50000,28.8,ALTO
CALOTO,2023,24,0,0,0,9.600000000000001,0.1,50000,19.2,MEDIO
CALOTO,2024,23,0,0,0,9.200000000000001,0.1,50000,18.4,MEDIO
CALOTO,2025,34,0,0,0,13.600000000000001,0.2,50000,27.2,ALTO
CAMPAMENTO,2020,5,0,0,0,2.0,0.0,50000,4.0,BAJO
CAMPAMENTO,2021,5,0,0,0,2.0,0.0,50000,4.0,BAJO
CAMPAMENTO,2022,4,0,0,0,1.6,0.0,50000,3.2,BAJO
CAMPAMENTO,2023,7,0,0,0,2.8000000000000003,0.0,50000,5.6,BAJO
CAMPAMENTO,2024,5,0,0,0,2.0,0.0,50000,4.0,BAJO
CAMPAMENTO,2025,3,0,0,0,1.2000000000000002,0.0,50000,2.4,BAJO
CAMPO DE LA CRUZ,2020,3,0,0,0,1.2000000000000002,0.0,50000,2.4,BAJO
CAMPO DE LA CRUZ,2021,9,0,0,0,3.6,0.1,50000,7.2,MEDIO
CAMPO DE LA CRUZ,2022,12,0,0,0,4.800000000000001,0.1,50000,9.6,MEDIO
CAMPO DE LA CRUZ,2023,8,0,0,0,3.2,0.0,50000,6.4,BAJO
CAMPO DE LA CRUZ,2024,21,0,0,0,8.4,0.1,50000,16.8,MEDIO
CAMPO DE LA CRUZ,2025,24,0,0,0,9.600000000000001,0.1,50000,19.2,MEDIO
CAMPOALEGRE,2020,9,0,0,0,3.6,0.1,50000,7.2,MEDIO
CAMPOALEGRE,2021,20,0,0,0,8.0,0.1,50000,16.0,MEDIO
CAMPOALEGRE,2022,40,0,0,0,16.0,0.3,50000,32.0,ALTO
CAMPOALEGRE,2023,53,0,0,0,21.200000000000003,0.3,50000,42.4,ALTO
CAMPOALEGRE,2024,71,0,0,0,28.400000000000002,0.5,50000,56.8,ALTO
CAMPOALEGRE,2025,58,0,0,0,23.200000000000003,0.4,50000,46.4,ALTO
CAMPOHERMOSO,2020,1,0,0,0,0.4,0.0,50000,0.8,BAJO
CAMPOHERMOSO,2021,3,0,0,0,1.2000000000000002,0.0,50000,2.4,BAJO
CAMPOHERMOSO,2022,3,0,0,0,1.2000000000000002,0.0,50000,2.4,BAJO
CAMPOHERMOSO,2023,1,0,0,0,0.4,0.0,50000,0.8,BAJO
CAMPOHERMOSO,2025,3,0,0,0,1.2000000000000002,0.0,50000,2.4,BAJO
CANALETE,2020,1,0,0,0,0.4,0.0,50000,0.8,BAJO
CANALETE,2021,3,0,0,0,1.2000000000000002,0.0,50000,2.4,BAJO
CANALETE,2022,3,0,0,0,1.2000000000000002,0.0,50000,2.4,BAJO
CANALETE,2023,11,0,0,0,4.4,0.1,50000,8.8,MEDIO
CANALETE,2024,7,0,0,0,2.8000000000000003,0.0,50000,5.6,BAJO
CANALETE,2025,3,0,0,0,1.2000000000000002,0.0,50000,2.4,BAJO
CANASGORDAS,2020,10,0,0,0,4.0,0.1,50000,8.0,MEDIO
CANASGORDAS,2021,14,0,0,0,5.6000000000000005,0.1,50000,11.2,MEDIO
CANASGORDAS,2022,16,0,0,0,6.4,0.1,50000,12.8,MEDIO
CANASGORDAS,2023,14,0,0,0,5.6000000000000005,0.1,50000,11.2,MEDIO
CANASGORDAS,2024,10,0,0,0,4.0,0.1,50000,8.0,MEDIO
CANASGORDAS,2025,7,0,0,0,2.8000000000000003,0.0,50000,5.6,BAJO
CANDELARIA,2020,68,0,0,0,27.200000000000003,0.4,103840,26.19,ALTO
CANDELARIA,2021,135,0,0,0,54.0,0.9,103840,52.0,ALTO
CANDELARIA,2022,163,0,0,0,65.2,1.0,103840,62.79,ALTO
CANDELARIA,2023,232,0,0,0,92.80000000000001,1.5,103840,89.37,ALTO
CANDELARIA,2024,227,0,0,0,90.80000000000001,1.5,103840,87.44,ALTO
CANDELARIA,2025,244,0,0,0,97.60000000000001,1.6,103840,93.99,ALTO
CANTAGALLO,2020,7,0,0,0,2.8000000000000003,0.0,50000,5.6,BAJO
CANTAGALLO,2021,6,0,0,0,2.4000000000000004,0.0,50000,4.8,BAJO
CANTAGALLO,2022,7,0,0,0,2.8000000000000003,0.0,50000,5.6,BAJO
CANTAGALLO,2023,7,0,0,0,2.8000000000000003,0.0,50000,5.6,BAJO
CANTAGALLO,2024,14,0,0,0,5.6000000000000005,0.1,50000,11.2,MEDIO
CANTAGALLO,2025,10,0,0,0,4.0,0.1,50000,8.0,MEDIO
CANTAGALLO,9999,0,1,1,0,0.30000000000000004,0.0,50000,0.6,BAJO
CAPARRAPI,2020,30,0,0,0,12.0,0.2,50000,24.0,ALTO
CAPARRAPI,2021,11,0,0,0,4.4,0.1,50000,8.8,MEDIO
CAPARRAPI,2022,12,0,0,0,4.800000000000001,0.1,50000,9.6,MEDIO
CAPARRAPI,2023,26,0,0,0,10.4,0.2,50000,20.8,ALTO
CAPARRAPI,2024,17,0,0,0,6.800000000000001,0.1,50000,13.6,MEDIO
CAPARRAPI,2025,13,0,0,0,5.2,0.1,50000,10.4,MEDIO
CAPITANEJO,2020,10,0,0,0,4.0,0.1,50000,8.0,MEDIO
CAPITANEJO,2021,11,0,0,0,4.4,0.1,50000,8.8,MEDIO
CAPITANEJO,2022,4,0,0,0,1.6,0.0,50000,3.2,BAJO
CAPITANEJO,2023,7,0,0,0,2.8000000000000003,0.0,50000,5.6,BAJO
CAPITANEJO,2024,8,0,0,0,3.2,0.0,50000,6.4,BAJO
CAPITANEJO,2025,6,0,0,0,2.4000000000000004,0.0,50000,4.8,BAJO
CAQUEZA,2020,50,0,0,0,20.0,0.3,50000,40.0,ALTO
CAQUEZA,2021,33,0,0,0,13.200000000000001,0.2,50000,26.4,ALTO
CAQUEZA,2022,30,0,0,0,12.0,0.2,50000,24.0,ALTO
CAQUEZA,2023,41,0,0,0,16.400000000000002,0.3,50000,32.8,ALTO
CAQUEZA,2024,63,0,0,0,25.200000000000003,0.4,50000,50.4,ALTO
CAQUEZA,2025,38,0,0,0,15.200000000000001,0.2,50000,30.4,ALTO
CARACOLI,2020,2,0,0,0,0.8,0.0,50000,1.6,BAJO
CARACOLI,2021,1,0,0,0,0.4,0.0,50000,0.8,BAJO
CARACOLI,2022,1,0,0,0,0.4,0.0,50000,0.8,BAJO
CARACOLI,2023,3,0,0,0,1.2000000000000002,0.0,50000,2.4,BAJO
CARACOLI,2024,3,0,0,0,1.2000000000000002,0.0,50000,2.4,BAJO
CARACOLI,2025,13,0,0,0,5.2,0.1,50000,10.4,MEDIO
CARAMANTA,2020,2,0,0,0,0.8,0.0,50000,1.6,BAJO
CARAMANTA,2021,3,0,0,0,1.2000000000000002,0.0,50000,2.4,BAJO
CARAMANTA,2022,4,0,0,0,1.6,0.0,50000,3.2,BAJO
CARAMANTA,2024,3,0,0,0,1.2000000000000002,0.0,50000,2.4,BAJO
CARAMANTA,2025,2,0,0,0,0.8,0.0,50000,1.6,BAJO
CARCASI,2020,5,0,0,0,2.0,0.0,50000,4.0,BAJO
CARCASI,2021,3,0,0,0,1.2000000000000002,0.0,50000,2.4,BAJO
CARCASI,2022,3,0,0,0,1.2000000000000002,0.0,50000,2.4,BAJO
CARCASI,2023,5,0,0,0,2.0,0.0,50000,4.0,BAJO
CARCASI,2025,2,0,0,0,0.8,0.0,50000,1.6,BAJO
CAREPA,2020,19,0,0,0,7.6000000000000005,0.1,50000,15.2,MEDIO
CAREPA,2021,35,0,0,0,14.0,0.2,50000,28.0,ALTO
CAREPA,2022,45,0,0,0,18.0,0.3,50000,36.0,ALTO
CAREPA,2023,37,0,0,0,14.8,0.2,50000,29.6,ALTO
CAREPA,2024,56,0,0,0,22.400000000000002,0.4,50000,44.8,ALTO
CAREPA,2025,66,0,0,0,26.400000000000002,0.4,50000,52.8,ALTO
CARMEN DE APICALA,2020,17,0,0,0,6.800000000000001,0.1,50000,13.6,MEDIO
CARMEN DE APICALA,2021,21,0,0,0,8.4,0.1,50000,16.8,MEDIO
CARMEN DE APICALA,2022,25,0,0,0,10.0,0.2,50000,20.0,ALTO
CARMEN DE APICALA,2023,20,0,0,0,8.0,0.1,50000,16.0,MEDIO
CARMEN DE APICALA,2024,29,0,0,0,11.600000000000001,0.2,50000,23.2,ALTO
CARMEN DE APICALA,2025,39,0,0,0,15.600000000000001,0.2,50000,31.2,ALTO
CARMEN DE CARUPA,2020,33,0,0,0,13.200000000000001,0.2,50000,26.4,ALTO
CARMEN DE CARUPA,2021,20,0,0,0,8.0,0.1,50000,16.0,MEDIO
CARMEN DE CARUPA,2022,22,0,0,0,8.8,0.1,50000,17.6,MEDIO
CARMEN DE CARUPA,2023,11,0,0,0,4.4,0.1,50000,8.8,MEDIO
CARMEN DE CARUPA,2024,16,0,0,0,6.4,0.1,50000,12.8,MEDIO
CARMEN DE CARUPA,2025,10,0,0,0,4.0,0.1,50000,8.0,MEDIO
CAROLINA,2020,7,0,0,0,2.8000000000000003,0.0,50000,5.6,BAJO
CAROLINA,2021,4,0,0,0,1.6,0.0,50000,3.2,BAJO
CAROLINA,2022,3,0,0,0,1.2000000000000002,0.0,50000,2.4,BAJO
CAROLINA,2023,1,0,0,0,0.4,0.0,50000,0.8,BAJO
CAROLINA,2024,16,0,0,0,6.4,0.1,50000,12.8,MEDIO
CAROLINA,2025,9,0,0,0,3.6,0.1,50000,7.2,MEDIO
CARTAGENA (CT),2020,225,0,0,0,90.0,1.4,50000,180.0,ALTO
CARTAGENA (CT),2021,736,0,0,0,294.40000000000003,4.7,50000,588.8,ALTO
CARTAGENA (CT),2022,636,0,0,0,254.4,4.1,50000,508.8,ALTO
CARTAGENA (CT),2023,780,0,0,0,312.0,5.0,50000,624.0,ALTO
CARTAGENA (CT),2024,678,0,0,0,271.2,4.3,50000,542.4,ALTO
CARTAGENA (CT),2025,685,0,0,0,274.0,4.4,50000,548.0,ALTO
CARTAGENA DE INDIAS,2020,215,0,0,0,86.0,1.4,50000,172.0,ALTO
CARTAGENA DE INDIAS,2021,264,0,0,0,105.60000000000001,1.7,50000,211.2,ALTO
CARTAGENA DE INDIAS,2022,458,0,0,0,183.20000000000002,2.9,50000,366.4,ALTO
CARTAGENA DE INDIAS,2023,394,0,0,0,157.60000000000002,2.5,50000,315.2,ALTO
CARTAGENA DE INDIAS,2024,323,0,0,0,129.20000000000002,2.1,50000,258.4,ALTO
CARTAGENA DEL CHAIRA,2020,1,0,0,0,0.4,0.0,50000,0.8,BAJO
CARTAGENA DEL CHAIRA,2021,18,0,0,0,7.2,0.1,50000,14.4,MEDIO
CARTAGENA DEL CHAIRA,2022,18,0,0,0,7.2,0.1,50000,14.4,MEDIO
CARTAGENA DEL CHAIRA,2023,21,0,0,0,8.4,0.1,50000,16.8,MEDIO
CARTAGENA DEL CHAIRA,2024,19,0,0,0,7.6000000000000005,0.1,50000,15.2,MEDIO
CARTAGENA DEL CHAIRA,2025,14,0,0,0,5.6000000000000005,0.1,50000,11.2,MEDIO
CARTAGENA DEL CHAIRA,9999,0,1,1,0,0.30000000000000004,0.0,50000,0.6,BAJO
CARTAGO,2020,58,0,0,0,23.200000000000003,0.4,138001,16.81,ALTO
CARTAGO,2021,199,0,0,0,79.60000000000001,1.3,138001,57.68,ALTO
CARTAGO,2022,198,0,0,0,79.2,1.3,138001,57.39,ALTO
CARTAGO,2023,235,0,0,0,94.0,1.5,138001,68.12,ALTO
CARTAGO,2024,215,0,0,0,86.0,1.4,138001,62.32,ALTO
CARTAGO,2025,95,0,0,0,38.0,0.6,138001,27.54,ALTO
CARURU,2021,3,0,0,0,1.2000000000000002,0.0,50000,2.4,BAJO
CARURU,2022,1,0,0,0,0.4,0.0,50000,0.8,BAJO
CARURU,2023,8,0,0,0,3.2,0.0,50000,6.4,BAJO
CARURU,2024,7,0,0,0,2.8000000000000003,0.0,50000,5.6,BAJO
CARURU,2025,12,0,0,0,4.800000000000001,0.1,50000,9.6,MEDIO
CASABIANCA,2020,9,0,0,0,3.6,0.1,50000,7.2,MEDIO
CASABIANCA,2021,7,0,0,0,2.8000000000000003,0.0,50000,5.6,BAJO
CASABIANCA,2022,7,0,0,0,2.8000000000000003,0.0,50000,5.6,BAJO
CASABIANCA,2023,7,0,0,0,2.8000000000000003,0.0,50000,5.6,BAJO
CASABIANCA,2024,1,0,0,0,0.4,0.0,50000,0.8,BAJO
CASABIANCA,2025,5,0,0,0,2.0,0.0,50000,4.0,BAJO
CASTILLA LA NUEVA,2020,19,0,0,0,7.6000000000000005,0.1,50000,15.2,MEDIO
CASTILLA LA NUEVA,2021,20,0,0,0,8.0,0.1,50000,16.0,MEDIO
CASTILLA LA NUEVA,2022,26,0,0,0,10.4,0.2,50000,20.8,ALTO
CASTILLA LA NUEVA,2023,25,0,0,0,10.0,0.2,50000,20.0,ALTO
CASTILLA LA NUEVA,2024,32,0,0,0,12.8,0.2,50000,25.6,ALTO
CASTILLA LA NUEVA,2025,30,0,0,0,12.0,0.2,50000,24.0,ALTO
CAUCASIA,2020,46,0,0,0,18.400000000000002,0.3,50000,36.8,ALTO
CAUCASIA,2021,99,0,0,0,39.6,0.6,50000,79.2,ALTO
CAUCASIA,2022,88,0,0,0,35.2,0.6,50000,70.4,ALTO
CAUCASIA,2023,99,0,0,0,39.6,0.6,50000,79.2,ALTO
CAUCASIA,2024,181,0,0,0,72.4,1.2,50000,144.8,ALTO
CAUCASIA,2025,134,0,0,0,53.6,0.9,50000,107.2,ALTO
CEPITA,2023,1,0,0,0,0.4,0.0,50000,0.8,BAJO
CERETE,2020,14,0,0,0,5.6000000000000005,0.1,50000,11.2,MEDIO
CERETE,2021,32,0,0,0,12.8,0.2,50000,25.6,ALTO
CERETE,2022,20,0,0,0,8.0,0.1,50000,16.0,MEDIO
CERETE,2023,34,0,0,0,13.600000000000001,0.2,50000,27.2,ALTO
CERETE,2024,60,0,0,0,24.0,0.4,50000,48.0,ALTO
CERETE,2025,45,0,0,0,18.0,0.3,50000,36.0,ALTO
CERINZA,2020,2,0,0,0,0.8,0.0,50000,1.6,BAJO
CERINZA,2021,1,0,0,0,0.4,0.0,50000,0.8,BAJO
CERINZA,2022,1,0,0,0,0.4,0.0,50000,0.8,BAJO
CERINZA,2023,1,0,0,0,0.4,0.0,50000,0.8,BAJO
CERINZA,2025,8,0,0,0,3.2,0.0,50000,6.4,BAJO
CERRITO,2020,10,0,0,0,4.0,0.1,50000,8.0,MEDIO
CERRITO,2021,10,0,0,0,4.0,0.1,50000,8.0,MEDIO
CERRITO,2022,3,0,0,0,1.2000000000000002,0.0,50000,2.4,BAJO
CERRITO,2023,2,0,0,0,0.8,0.0,50000,1.6,BAJO
CERRITO,2024,3,0,0,0,1.2000000000000002,0.0,50000,2.4,BAJO
CERRITO,2025,3,0,0,0,1.2000000000000002,0.0,50000,2.4,BAJO
CERRO DE SAN ANTONIO,2021,1,0,0,0,0.4,0.0,50000,0.8,BAJO
CERRO SAN ANTONIO,2020,1,0,0,0,0.4,0.0,50000,0.8,BAJO
CERRO SAN ANTONIO,2021,3,0,0,0,1.2000000000000002,0.0,50000,2.4,BAJO
CERRO SAN ANTONIO,2023,1,0,0,0,0.4,0.0,50000,0.8,BAJO
CERRO SAN ANTONIO,2024,4,0,0,0,1.6,0.0,50000,3.2,BAJO
CERRO SAN ANTONIO,2025,9,0,0,0,3.6,0.1,50000,7.2,MEDIO
CERTEGUI,2022,1,0,0,0,0.4,0.0,50000,0.8,BAJO
CERTEGUI,2023,1,0,0,0,0.4,0.0,50000,0.8,BAJO
CERTEGUI,2024,1,0,0,0,0.4,0.0,50000,0.8,BAJO
CHACHAGUI,2020,16,0,0,0,6.4,0.1,50000,12.8,MEDIO
CHACHAGUI,2021,29,0,0,0,11.600000000000001,0.2,50000,23.2,ALTO
CHACHAGUI,2022,31,0,0,0,12.4,0.2,50000,24.8,ALTO
CHACHAGUI,2023,23,0,0,0,9.200000000000001,0.1,50000,18.4,MEDIO
CHACHAGUI,2024,37,0,0,0,14.8,0.2,50000,29.6,ALTO
CHACHAGUI,2025,19,0,0,0,7.6000000000000005,0.1,50000,15.2,MEDIO
CHAGUANI,2020,4,0,0,0,1.6,0.0,50000,3.2,BAJO
CHAGUANI,2021,15,0,0,0,6.0,0.1,50000,12.0,MEDIO
CHAGUANI,2022,9,0,0,0,3.6,0.1,50000,7.2,MEDIO
CHAGUANI,2023,10,0,0,0,4.0,0.1,50000,8.0,MEDIO
CHAGUANI,2024,9,0,0,0,3.6,0.1,50000,7.2,MEDIO
CHAGUANI,2025,13,0,0,0,5.2,0.1,50000,10.4,MEDIO
CHALAN,2020,1,0,0,0,0.4,0.0,50000,0.8,BAJO
CHALAN,2022,1,0,0,0,0.4,0.0,50000,0.8,BAJO
CHALAN,2023,1,0,0,0,0.4,0.0,50000,0.8,BAJO
CHALAN,2024,7,0,0,0,2.8000000000000003,0.0,50000,5.6,BAJO
CHALAN,2025,4,0,0,0,1.6,0.0,50000,3.2,BAJO
CHAMEZA,2021,3,0,0,0,1.2000000000000002,0.0,50000,2.4,BAJO
CHAMEZA,2022,1,0,0,0,0.4,0.0,50000,0.8,BAJO
CHAMEZA,2023,2,0,0,0,0.8,0.0,50000,1.6,BAJO
CHAMEZA,2024,1,0,0,0,0.4,0.0,50000,0.8,BAJO
CHAMEZA,2025,1,0,0,0,0.4,0.0,50000,0.8,BAJO
CHAPARRAL,2020,114,0,0,0,45.6,0.7,50000,91.2,ALTO
CHAPARRAL,2021,174,0,0,0,69.60000000000001,1.1,50000,139.2,ALTO
CHAPARRAL,2022,110,0,0,0,44.0,0.7,50000,88.0,ALTO
CHAPARRAL,2023,146,0,0,0,58.400000000000006,0.9,50000,116.8,ALTO
CHAPARRAL,2024,164,0,0,0,65.60000000000001,1.0,50000,131.2,ALTO
CHAPARRAL,2025,155,0,0,0,62.0,1.0,50000,124.0,ALTO
CHARALA,2020,5,0,0,0,2.0,0.0,50000,4.0,BAJO
CHARALA,2021,9,0,0,0,3.6,0.1,50000,7.2,MEDIO
CHARALA,2022,4,0,0,0,1.6,0.0,50000,3.2,BAJO
CHARALA,2023,5,0,0,0,2.0,0.0,50000,4.0,BAJO
CHARALA,2024,10,0,0,0,4.0,0.1,50000,8.0,MEDIO
CHARALA,2025,11,0,0,0,4.4,0.1,50000,8.8,MEDIO
CHARTA,2021,1,0,0,0,0.4,0.0,50000,0.8,BAJO
CHARTA,2022,1,0,0,0,0.4,0.0,50000,0.8,BAJO
CHARTA,2023,2,0,0,0,0.8,0.0,50000,1.6,BAJO
CHARTA,2024,4,0,0,0,1.6,0.0,50000,3.2,BAJO
CHARTA,2025,3,0,0,0,1.2000000000000002,0.0,50000,2.4,BAJO
CHIA,2020,426,0,0,0,170.4,2.7,50000,340.8,ALTO
CHIA,2021,287,0,0,0,114.80000000000001,1.8,50000,229.6,ALTO
CHIA,2022,362,0,0,0,144.8,2.3,50000,289.6,ALTO
CHIA,2023,371,0,0,0,148.4,2.4,50000,296.8,ALTO
CHIA,2024,362,0,0,0,144.8,2.3,50000,289.6,ALTO
CHIA,2025,216,0,0,0,86.4,1.4,50000,172.8,ALTO
CHIGORODO,2020,35,0,0,0,14.0,0.2,50000,28.0,ALTO
CHIGORODO,2021,63,0,0,0,25.200000000000003,0.4,50000,50.4,ALTO
CHIGORODO,2022,35,0,0,0,14.0,0.2,50000,28.0,ALTO
CHIGORODO,2023,60,0,0,0,24.0,0.4,50000,48.0,ALTO
CHIGORODO,2024,85,0,0,0,34.0,0.5,50000,68.0,ALTO
CHIGORODO,2025,114,0,0,0,45.6,0.7,50000,91.2,ALTO
CHIMA,2020,4,0,0,0,1.6,0.0,50000,3.2,BAJO
CHIMA,2021,10,0,0,0,4.0,0.1,50000,8.0,MEDIO
CHIMA,2022,8,0,0,0,3.2,0.0,50000,6.4,BAJO
CHIMA,2023,8,0,0,0,3.2,0.0,50000,6.4,BAJO
CHIMA,2024,6,0,0,0,2.4000000000000004,0.0,50000,4.8,BAJO
CHIMA,2025,2,0,0,0,0.8,0.0,50000,1.6,BAJO
CHIMICHAGUA,2020,17,0,0,0,6.800000000000001,0.1,50000,13.6,MEDIO
CHIMICHAGUA,2021,6,0,0,0,2.4000000000000004,0.0,50000,4.8,BAJO
CHIMICHAGUA,2022,6,0,0,0,2.4000000000000004,0.0,50000,4.8,BAJO
CHIMICHAGUA,2023,4,0,0,0,1.6,0.0,50000,3.2,BAJO
CHIMICHAGUA,2024,6,0,0,0,2.4000000000000004,0.0,50000,4.8,BAJO
CHIMICHAGUA,2025,18,0,0,0,7.2,0.1,50000,14.4,MEDIO
CHINACOTA,2020,7,0,0,0,2.8000000000000003,0.0,50000,5.6,BAJO
CHINACOTA,2021,11,0,0,0,4.4,0.1,50000,8.8,MEDIO
CHINACOTA,2022,7,0,0,0,2.8000000000000003,0.0,50000,5.6,BAJO
CHINACOTA,2023,5,0,0,0,2.0,0.0,50000,4.0,BAJO
CHINACOTA,2024,17,0,0,0,6.800000000000001,0.1,50000,13.6,MEDIO
CHINACOTA,2025,18,0,0,0,7.2,0.1,50000,14.4,MEDIO
CHINAVITA,2020,1,0,0,0,0.4,0.0,50000,0.8,BAJO
CHINAVITA,2021,6,0,0,0,2.4000000000000004,0.0,50000,4.8,BAJO
CHINAVITA,2023,7,0,0,0,2.8000000000000003,0.0,50000,5.6,BAJO
CHINAVITA,2024,4,0,0,0,1.6,0.0,50000,3.2,BAJO
CHINAVITA,2025,1,0,0,0,0.4,0.0,50000,0.8,BAJO
CHINCHINA,2020,26,0,0,0,10.4,0.2,50000,20.8,ALTO
CHINCHINA,2021,79,0,0,0,31.6,0.5,50000,63.2,ALTO
CHINCHINA,2022,51,0,0,0,20.400000000000002,0.3,50000,40.8,ALTO
CHINCHINA,2023,22,0,0,0,8.8,0.1,50000,17.6,MEDIO
CHINCHINA,2024,14,0,0,0,5.6000000000000005,0.1,50000,11.2,MEDIO
CHINCHINA,2025,24,0,0,0,9.600000000000001,0.1,50000,19.2,MEDIO
CHINU,2020,17,0,0,0,6.800000000000001,0.1,50000,13.6,MEDIO
CHINU,2021,83,0,0,0,33.2,0.5,50000,66.4,ALTO
CHINU,2022,56,0,0,0,22.400000000000002,0.4,50000,44.8,ALTO
CHINU,2023,32,0,0,0,12.8,0.2,50000,25.6,ALTO
CHINU,2024,22,0,0,0,8.8,0.1,50000,17.6,MEDIO
CHINU,2025,9,0,0,0,3.6,0.1,50000,7.2,MEDIO
CHIPAQUE,2020,20,0,0,0,8.0,0.1,50000,16.0,MEDIO
CHIPAQUE,2021,30,0,0,0,12.0,0.2,50000,24.0,ALTO
CHIPAQUE,2022,13,0,0,0,5.2,0.1,50000,10.4,MEDIO
CHIPAQUE,2023,24,0,0,0,9.600000000000001,0.1,50000,19.2,MEDIO
CHIPAQUE,2024,31,0,0,0,12.4,0.2,50000,24.8,ALTO
CHIPAQUE,2025,17,0,0,0,6.800000000000001,0.1,50000,13.6,MEDIO
CHIPATA,2020,1,0,0,0,0.4,0.0,50000,0.8,BAJO
CHIPATA,2023,1,0,0,0,0.4,0.0,50000,0.8,BAJO
CHIPATA,2024,2,0,0,0,0.8,0.0,50000,1.6,BAJO
CHIPATA,2025,1,0,0,0,0.4,0.0,50000,0.8,BAJO
CHIQUINQUIRA,2020,51,0,0,0,20.400000000000002,0.3,50000,40.8,ALTO
CHIQUINQUIRA,2021,66,0,0,0,26.400000000000002,0.4,50000,52.8,ALTO
CHIQUINQUIRA,2022,57,0,0,0,22.8,0.4,50000,45.6,ALTO
CHIQUINQUIRA,2023,71,0,0,0,28.400000000000002,0.5,50000,56.8,ALTO
CHIQUINQUIRA,2024,82,0,0,0,32.800000000000004,0.5,50000,65.6,ALTO
CHIQUINQUIRA,2025,108,0,0,0,43.2,0.7,50000,86.4,ALTO
CHIQUIZA,2020,7,0,0,0,2.8000000000000003,0.0,50000,5.6,BAJO
CHIQUIZA,2021,4,0,0,0,1.6,0.0,50000,3.2,BAJO
CHIQUIZA,2022,5,0,0,0,2.0,0.0,50000,4.0,BAJO
CHIQUIZA,2023,5,0,0,0,2.0,0.0,50000,4.0,BAJO
CHIQUIZA,2024,4,0,0,0,1.6,0.0,50000,3.2,BAJO
CHIQUIZA,2025,1,0,0,0,0.4,0.0,50000,0.8,BAJO
CHIRIGUANA,2020,31,0,0,0,12.4,0.2,50000,24.8,ALTO
CHIRIGUANA,2021,17,0,0,0,6.800000000000001,0.1,50000,13.6,MEDIO
CHIRIGUANA,2022,14,0,0,0,5.6000000000000005,0.1,50000,11.2,MEDIO
CHIRIGUANA,2023,8,0,0,0,3.2,0.0,50000,6.4,BAJO
CHIRIGUANA,2024,16,0,0,0,6.4,0.1,50000,12.8,MEDIO
CHIRIGUANA,2025,17,0,0,0,6.800000000000001,0.1,50000,13.6,MEDIO
CHISCAS,2020,2,0,0,0,0.8,0.0,50000,1.6,BAJO
CHISCAS,2021,1,0,0,0,0.4,0.0,50000,0.8,BAJO
CHISCAS,2022,1,0,0,0,0.4,0.0,50000,0.8,BAJO
CHISCAS,2023,1,0,0,0,0.4,0.0,50000,0.8,BAJO
CHISCAS,2024,2,0,0,0,0.8,0.0,50000,1.6,BAJO
CHISCAS,2025,6,0,0,0,2.4000000000000004,0.0,50000,4.8,BAJO
CHITA,2021,1,0,0,0,0.4,0.0,50000,0.8,BAJO
CHITA,2023,1,0,0,0,0.4,0.0,50000,0.8,BAJO
CHITA,2025,3,0,0,0,1.2000000000000002,0.0,50000,2.4,BAJO
CHITAGA,2020,4,0,0,0,1.6,0.0,50000,3.2,BAJO
CHITAGA,2021,2,0,0,0,0.8,0.0,50000,1.6,BAJO
CHITAGA,2022,7,0,0,0,2.8000000000000003,0.0,50000,5.6,BAJO
CHITAGA,2023,6,0,0,0,2.4000000000000004,0.0,50000,4.8,BAJO
CHITAGA,2024,5,0,0,0,2.0,0.0,50000,4.0,BAJO
CHITARAQUE,2020,8,0,0,0,3.2,0.0,50000,6.4,BAJO
CHITARAQUE,2021,3,0,0,0,1.2000000000000002,0.0,50000,2.4,BAJO
CHITARAQUE,2022,9,0,0,0,3.6,0.1,50000,7.2,MEDIO
CHITARAQUE,2023,19,0,0,0,7.6000000000000005,0.1,50000,15.2,MEDIO
CHITARAQUE,2024,15,0,0,0,6.0,0.1,50000,12.0,MEDIO
CHITARAQUE,2025,19,0,0,0,7.6000000000000005,0.1,50000,15.2,MEDIO
CHIVATA,2020,3,0,0,0,1.2000000000000002,0.0,50000,2.4,BAJO
CHIVATA,2021,16,0,0,0,6.4,0.1,50000,12.8,MEDIO
CHIVATA,2022,2,0,0,0,0.8,0.0,50000,1.6,BAJO
CHIVATA,2023,6,0,0,0,2.4000000000000004,0.0,50000,4.8,BAJO
CHIVATA,2024,3,0,0,0,1.2000000000000002,0.0,50000,2.4,BAJO
CHIVATA,2025,4,0,0,0,1.6,0.0,50000,3.2,BAJO
CHIVOLO,2020,14,0,0,0,5.6000000000000005,0.1,50000,11.2,MEDIO
CHIVOLO,2021,8,0,0,0,3.2,0.0,50000,6.4,BAJO
CHIVOLO,2022,8,0,0,0,3.2,0.0,50000,6.4,BAJO
CHIVOLO,2023,13,0,0,0,5.2,0.1,50000,10.4,MEDIO
CHIVOLO,2024,9,0,0,0,3.6,0.1,50000,7.2,MEDIO
CHIVOLO,2025,7,0,0,0,2.8000000000000003,0.0,50000,5.6,BAJO
CHIVOR,2020,3,0,0,0,1.2000000000000002,0.0,50000,2.4,BAJO
CHIVOR,2023,3,0,0,0,1.2000000000000002,0.0,50000,2.4,BAJO
CHIVOR,2024,6,0,0,0,2.4000000000000004,0.0,50000,4.8,BAJO
CHIVOR,2025,5,0,0,0,2.0,0.0,50000,4.0,BAJO
CHOACHI,2020,19,0,0,0,7.6000000000000005,0.1,50000,15.2,MEDIO
CHOACHI,2021,21,0,0,0,8.4,0.1,50000,16.8,MEDIO
CHOACHI,2022,10,0,0,0,4.0,0.1,50000,8.0,MEDIO
CHOACHI,2023,33,0,0,0,13.200000000000001,0.2,50000,26.4,ALTO
CHOACHI,2024,24,0,0,0,9.600000000000001,0.1,50000,19.2,MEDIO
CHOACHI,2025,28,0,0,0,11.200000000000001,0.2,50000,22.4,ALTO
CHOCONTA,2020,43,0,0,0,17.2,0.3,50000,34.4,ALTO
CHOCONTA,2021,41,0,0,0,16.400000000000002,0.3,50000,32.8,ALTO
CHOCONTA,2022,39,0,0,0,15.600000000000001,0.2,50000,31.2,ALTO
CHOCONTA,2023,62,0,0,0,24.8,0.4,50000,49.6,ALTO
CHOCONTA,2024,41,0,0,0,16.400000000000002,0.3,50000,32.8,ALTO
CHOCONTA,2025,36,0,0,0,14.4,0.2,50000,28.8,ALTO
CICUCO,2020,2,0,0,0,0.8,0.0,50000,1.6,BAJO
CICUCO,2021,7,0,0,0,2.8000000000000003,0.0,50000,5.6,BAJO
CICUCO,2022,8,0,0,0,3.2,0.0,50000,6.4,BAJO
CICUCO,2023,5,0,0,0,2.0,0.0,50000,4.0,BAJO
CICUCO,2024,9,0,0,0,3.6,0.1,50000,7.2,MEDIO
CICUCO,2025,4,0,0,0,1.6,0.0,50000,3.2,BAJO
CIENAGA,2020,67,0,0,0,26.8,0.4,50000,53.6,ALTO
CIENAGA,2021,89,0,0,0,35.6,0.6,50000,71.2,ALTO
CIENAGA,2022,123,0,0,0,49.2,0.8,50000,98.4,ALTO
CIENAGA,2023,127,0,0,0,50.800000000000004,0.8,50000,101.6,ALTO
CIENAGA,2024,124,0,0,0,49.6,0.8,50000,99.2,ALTO
CIENAGA,2025,92,0,0,0,36.800000000000004,0.6,50000,73.6,ALTO
CIENAGA DE ORO,2020,5,0,0,0,2.0,0.0,50000,4.0,BAJO
CIENAGA DE ORO,2021,7,0,0,0,2.8000000000000003,0.0,50000,5.6,BAJO
CIENAGA DE ORO,2022,6,0,0,0,2.4000000000000004,0.0,50000,4.8,BAJO
CIENAGA DE ORO,2023,9,0,0,0,3.6,0.1,50000,7.2,MEDIO
CIENAGA DE ORO,2024,29,0,0,0,11.600000000000001,0.2,50000,23.2,ALTO
CIENAGA DE ORO,2025,14,0,0,0,5.6000000000000005,0.1,50000,11.2,MEDIO
CIENEGA,2021,3,0,0,0,1.2000000000000002,0.0,50000,2.4,BAJO
CIENEGA,2022,1,0,0,0,0.4,0.0,50000,0.8,BAJO
CIENEGA,2023,4,0,0,0,1.6,0.0,50000,3.2,BAJO
CIENEGA,2024,4,0,0,0,1.6,0.0,50000,3.2,BAJO
CIENEGA,2025,1,0,0,0,0.4,0.0,50000,0.8,BAJO
CIMITARRA,2020,49,0,0,0,19.6,0.3,50000,39.2,ALTO
CIMITARRA,2021,48,0,0,0,19.200000000000003,0.3,50000,38.4,ALTO
CIMITARRA,2022,32,0,0,0,12.8,0.2,50000,25.6,ALTO
CIMITARRA,2023,31,0,0,0,12.4,0.2,50000,24.8,ALTO
CIMITARRA,2024,39,0,0,0,15.600000000000001,0.2,50000,31.2,ALTO
CIMITARRA,2025,50,0,0,0,20.0,0.3,50000,40.0,ALTO
CIRCASIA,2020,17,0,0,0,6.800000000000001,0.1,50000,13.6,MEDIO
CIRCASIA,2021,11,0,0,0,4.4,0.1,50000,8.8,MEDIO
CIRCASIA,2022,19,0,0,0,7.6000000000000005,0.1,50000,15.2,MEDIO
CIRCASIA,2023,21,0,0,0,8.4,0.1,50000,16.8,MEDIO
CIRCASIA,2024,21,0,0,0,8.4,0.1,50000,16.8,MEDIO
CIRCASIA,2025,1,0,0,0,0.4,0.0,50000,0.8,BAJO
CISNEROS,2020,11,0,0,0,4.4,0.1,50000,8.8,MEDIO
CISNEROS,2021,13,0,0,0,5.2,0.1,50000,10.4,MEDIO
CISNEROS,2022,19,0,0,0,7.6000000000000005,0.1,50000,15.2,MEDIO
CISNEROS,2023,9,0,0,0,3.6,0.1,50000,7.2,MEDIO
CISNEROS,2024,23,0,0,0,9.200000000000001,0.1,50000,18.4,MEDIO
CISNEROS,2025,6,0,0,0,2.4000000000000004,0.0,50000,4.8,BAJO
CIUDAD BOLIVAR,2020,25,0,0,0,10.0,0.2,50000,20.0,ALTO
CIUDAD BOLIVAR,2021,27,0,0,0,10.8,0.2,50000,21.6,ALTO
CIUDAD BOLIVAR,2022,12,0,0,0,4.800000000000001,0.1,50000,9.6,MEDIO
CIUDAD BOLIVAR,2023,23,0,0,0,9.200000000000001,0.1,50000,18.4,MEDIO
CIUDAD BOLIVAR,2024,29,0,0,0,11.600000000000001,0.2,50000,23.2,ALTO
CIUDAD BOLIVAR,2025,9,0,0,0,3.6,0.1,50000,7.2,MEDIO
CLEMENCIA,2020,1,0,0,0,0.4,0.0,50000,0.8,BAJO
CLEMENCIA,2021,11,0,0,0,4.4,0.1,50000,8.8,MEDIO
CLEMENCIA,2022,19,0,0,0,7.6000000000000005,0.1,50000,15.2,MEDIO
CLEMENCIA,2023,25,0,0,0,10.0,0.2,50000,20.0,ALTO
CLEMENCIA,2024,11,0,0,0,4.4,0.1,50000,8.8,MEDIO
CLEMENCIA,2025,17,0,0,0,6.800000000000001,0.1,50000,13.6,MEDIO
COCORNA,2020,21,0,0,0,8.4,0.1,50000,16.8,MEDIO
COCORNA,2021,19,0,0,0,7.6000000000000005,0.1,50000,15.2,MEDIO
COCORNA,2022,10,0,0,0,4.0,0.1,50000,8.0,MEDIO
COCORNA,2023,15,0,0,0,6.0,0.1,50000,12.0,MEDIO
COCORNA,2024,19,0,0,0,7.6000000000000005,0.1,50000,15.2,MEDIO
COCORNA,2025,14,0,0,0,5.6000000000000005,0.1,50000,11.2,MEDIO
COELLO,2020,14,0,0,0,5.6000000000000005,0.1,50000,11.2,MEDIO
COELLO,2021,24,0,0,0,9.600000000000001,0.1,50000,19.2,MEDIO
COELLO,2022,9,0,0,0,3.6,0.1,50000,7.2,MEDIO
COELLO,2023,14,0,0,0,5.6000000000000005,0.1,50000,11.2,MEDIO
COELLO,2024,12,0,0,0,4.800000000000001,0.1,50000,9.6,MEDIO
COELLO,2025,13,0,0,0,5.2,0.1,50000,10.4,MEDIO
COGUA,2020,35,0,0,0,14.0,0.2,50000,28.0,ALTO
COGUA,2021,45,0,0,0,18.0,0.3,50000,36.0,ALTO
COGUA,2022,35,0,0,0,14.0,0.2,50000,28.0,ALTO
COGUA,2023,34,0,0,0,13.600000000000001,0.2,50000,27.2,ALTO
COGUA,2024,55,0,0,0,22.0,0.3,50000,44.0,ALTO
COGUA,2025,26,0,0,0,10.4,0.2,50000,20.8,ALTO
COLOMBIA,2020,14,0,0,0,5.6000000000000005,0.1,50000,11.2,MEDIO
COLOMBIA,2021,5,0,0,0,2.0,0.0,50000,4.0,BAJO
COLOMBIA,2022,7,0,0,0,2.8000000000000003,0.0,50000,5.6,BAJO
COLOMBIA,2023,10,0,0,0,4.0,0.1,50000,8.0,MEDIO
COLOMBIA,2024,11,0,0,0,4.4,0.1,50000,8.8,MEDIO
COLOMBIA,2025,7,0,0,0,2.8000000000000003,0.0,50000,5.6,BAJO
COLON,2020,3,0,0,0,1.2000000000000002,0.0,50000,2.4,BAJO
COLON,2021,5,0,0,0,2.0,0.0,50000,4.0,BAJO
COLON,2022,6,0,0,0,2.4000000000000004,0.0,50000,4.8,BAJO
COLON,2023,9,0,0,0,3.6,0.1,50000,7.2,MEDIO
COLON,2024,8,0,0,0,3.2,0.0,50000,6.4,BAJO
COLON,2025,4,0,0,0,1.6,0.0,50000,3.2,BAJO
COLOSO,2020,4,0,0,0,1.6,0.0,50000,3.2,BAJO
COLOSO,2021,14,0,0,0,5.6000000000000005,0.1,50000,11.2,MEDIO
COLOSO,2022,6,0,0,0,2.4000000000000004,0.0,50000,4.8,BAJO
COLOSO,2023,4,0,0,0,1.6,0.0,50000,3.2,BAJO
COLOSO,2024,9,0,0,0,3.6,0.1,50000,7.2,MEDIO
COLOSO,2025,4,0,0,0,1.6,0.0,50000,3.2,BAJO
COMBITA,2020,13,0,0,0,5.2,0.1,50000,10.4,MEDIO
COMBITA,2021,24,0,0,0,9.600000000000001,0.1,50000,19.2,MEDIO
COMBITA,2022,13,0,0,0,5.2,0.1,50000,10.4,MEDIO
COMBITA,2023,13,0,0,0,5.2,0.1,50000,10.4,MEDIO
COMBITA,2024,12,0,0,0,4.800000000000001,0.1,50000,9.6,MEDIO
COMBITA,2025,15,0,0,0,6.0,0.1,50000,12.0,MEDIO
CONCEPCION,2020,11,0,0,0,4.4,0.1,50000,8.8,MEDIO
CONCEPCION,2021,9,0,0,0,3.6,0.1,50000,7.2,MEDIO
CONCEPCION,2022,8,0,0,0,3.2,0.0,50000,6.4,BAJO
CONCEPCION,2023,12,0,0,0,4.800000000000001,0.1,50000,9.6,MEDIO
CONCEPCION,2024,14,0,0,0,5.6000000000000005,0.1,50000,11.2,MEDIO
CONCEPCION,2025,2,0,0,0,0.8,0.0,50000,1.6,BAJO
CONCORDIA,2020,19,0,0,0,7.6000000000000005,0.1,50000,15.2,MEDIO
CONCORDIA,2021,29,0,0,0,11.600000000000001,0.2,50000,23.2,ALTO
CONCORDIA,2022,24,0,0,0,9.600000000000001,0.1,50000,19.2,MEDIO
CONCORDIA,2023,27,0,0,0,10.8,0.2,50000,21.6,ALTO
CONCORDIA,2024,19,0,0,0,7.6000000000000005,0.1,50000,15.2,MEDIO
CONCORDIA,2025,26,0,0,0,10.4,0.2,50000,20.8,ALTO
CONDOTO,2020,5,0,0,0,2.0,0.0,50000,4.0,BAJO
CONDOTO,2021,2,0,0,0,0.8,0.0,50000,1.6,BAJO
CONDOTO,2022,4,0,0,0,1.6,0.0,50000,3.2,BAJO
CONDOTO,2023,6,0,0,0,2.4000000000000004,0.0,50000,4.8,BAJO
CONDOTO,2024,13,0,0,0,5.2,0.1,50000,10.4,MEDIO
CONDOTO,2025,13,0,0,0,5.2,0.1,50000,10.4,MEDIO
CONFINES,2021,2,0,0,0,0.8,0.0,50000,1.6,BAJO
CONFINES,2022,1,0,0,0,0.4,0.0,50000,0.8,BAJO
CONFINES,2023,4,0,0,0,1.6,0.0,50000,3.2,BAJO
CONFINES,2024,2,0,0,0,0.8,0.0,50000,1.6,BAJO
CONFINES,2025,4,0,0,0,1.6,0.0,50000,3.2,BAJO
CONSACA,2020,1,0,0,0,0.4,0.0,50000,0.8,BAJO
CONSACA,2021,4,0,0,0,1.6,0.0,50000,3.2,BAJO
CONSACA,2022,12,0,0,0,4.800000000000001,0.1,50000,9.6,MEDIO
CONSACA,2023,20,0,0,0,8.0,0.1,50000,16.0,MEDIO
CONSACA,2024,11,0,0,0,4.4,0.1,50000,8.8,MEDIO
CONSACA,2025,8,0,0,0,3.2,0.0,50000,6.4,BAJO
CONTADERO,2020,7,0,0,0,2.8000000000000003,0.0,50000,5.6,BAJO
CONTADERO,2021,5,0,0,0,2.0,0.0,50000,4.0,BAJO
CONTADERO,2022,5,0,0,0,2.0,0.0,50000,4.0,BAJO
CONTADERO,2023,2,0,0,0,0.8,0.0,50000,1.6,BAJO
CONTADERO,2024,4,0,0,0,1.6,0.0,50000,3.2,BAJO
CONTADERO,2025,11,0,0,0,4.4,0.1,50000,8.8,MEDIO
CONTRATACION,2020,3,0,0,0,1.2000000000000002,0.0,50000,2.4,BAJO
CONTRATACION,2021,1,0,0,0,0.4,0.0,50000,0.8,BAJO
CONTRATACION,2022,4,0,0,0,1.6,0.0,50000,3.2,BAJO
CONTRATACION,2023,3,0,0,0,1.2000000000000002,0.0,50000,2.4,BAJO
CONTRATACION,2024,1,0,0,0,0.4,0.0,50000,0.8,BAJO
CONTRATACION,2025,1,0,0,0,0.4,0.0,50000,0.8,BAJO
CONVENCION,2021,4,0,0,0,1.6,0.0,50000,3.2,BAJO
CONVENCION,2022,4,0,0,0,1.6,0.0,50000,3.2,BAJO
CONVENCION,2023,1,0,0,0,0.4,0.0,50000,0.8,BAJO
CONVENCION,2024,4,0,0,0,1.6,0.0,50000,3.2,BAJO
CONVENCION,2025,10,0,0,0,4.0,0.1,50000,8.0,MEDIO
COPACABANA,2020,65,0,0,0,26.0,0.4,50000,52.0,ALTO
COPACABANA,2021,151,0,0,0,60.400000000000006,1.0,50000,120.8,ALTO
COPACABANA,2022,137,0,0,0,54.800000000000004,0.9,50000,109.6,ALTO
COPACABANA,2023,269,0,0,0,107.60000000000001,1.7,50000,215.2,ALTO
COPACABANA,2024,224,0,0,0,89.60000000000001,1.4,50000,179.2,ALTO
COPACABANA,2025,137,0,0,0,54.800000000000004,0.9,50000,109.6,ALTO
COPER,2020,2,0,0,0,0.8,0.0,50000,1.6,BAJO
COPER,2021,2,0,0,0,0.8,0.0,50000,1.6,BAJO
COPER,2023,1,0,0,0,0.4,0.0,50000,0.8,BAJO
COPER,2024,4,0,0,0,1.6,0.0,50000,3.2,BAJO
COPER,2025,7,0,0,0,2.8000000000000003,0.0,50000,5.6,BAJO
CORDOBA,2020,12,0,0,0,4.800000000000001,0.1,50000,9.6,MEDIO
CORDOBA,2021,10,0,0,0,4.0,0.1,50000,8.0,MEDIO
CORDOBA,2022,14,0,0,0,5.6000000000000005,0.1,50000,11.2,MEDIO
CORDOBA,2023,18,0,0,0,7.2,0.1,50000,14.4,MEDIO
CORDOBA,2024,52,0,0,0,20.8,0.3,50000,41.6,ALTO
CORDOBA,2025,9,0,0,0,3.6,0.1,50000,7.2,MEDIO
CORINTO,2020,27,0,0,0,10.8,0.2,50000,21.6,ALTO
CORINTO,2021,12,0,0,0,4.800000000000001,0.1,50000,9.6,MEDIO
CORINTO,2022,4,0,0,0,1.6,0.0,50000,3.2,BAJO
CORINTO,2023,15,0,0,0,6.0,0.1,50000,12.0,MEDIO
CORINTO,2024,10,0,0,0,4.0,0.1,50000,8.0,MEDIO
CORINTO,2025,27,0,0,0,10.8,0.2,50000,21.6,ALTO
COROMORO,2020,9,0,0,0,3.6,0.1,50000,7.2,MEDIO
COROMORO,2021,3,0,0,0,1.2000000000000002,0.0,50000,2.4,BAJO
COROMORO,2023,3,0,0,0,1.2000000000000002,0.0,50000,2.4,BAJO
COROMORO,2024,8,0,0,0,3.2,0.0,50000,6.4,BAJO
COROMORO,2025,8,0,0,0,3.2,0.0,50000,6.4,BAJO
COROZAL,2020,27,0,0,0,10.8,0.2,50000,21.6,ALTO
COROZAL,2021,76,0,0,0,30.400000000000002,0.5,50000,60.8,ALTO
COROZAL,2022,105,0,0,0,42.0,0.7,50000,84.0,ALTO
COROZAL,2023,122,0,0,0,48.800000000000004,0.8,50000,97.6,ALTO
COROZAL,2024,139,0,0,0,55.6,0.9,50000,111.2,ALTO
COROZAL,2025,122,0,0,0,48.800000000000004,0.8,50000,97.6,ALTO
CORRALES,2020,1,0,0,0,0.4,0.0,50000,0.8,BAJO
CORRALES,2021,5,0,0,0,2.0,0.0,50000,4.0,BAJO
CORRALES,2022,1,0,0,0,0.4,0.0,50000,0.8,BAJO
CORRALES,2023,2,0,0,0,0.8,0.0,50000,1.6,BAJO
CORRALES,2024,2,0,0,0,0.8,0.0,50000,1.6,BAJO
CORRALES,2025,6,0,0,0,2.4000000000000004,0.0,50000,4.8,BAJO
COTA,2020,44,0,0,0,17.6,0.3,50000,35.2,ALTO
COTA,2021,45,0,0,0,18.0,0.3,50000,36.0,ALTO
COTA,2022,39,0,0,0,15.600000000000001,0.2,50000,31.2,ALTO
COTA,2023,79,0,0,0,31.6,0.5,50000,63.2,ALTO
COTA,2024,98,0,0,0,39.2,0.6,50000,78.4,ALTO
COTA,2025,13,0,0,0,5.2,0.1,50000,10.4,MEDIO
COTORRA,2020,3,0,0,0,1.2000000000000002,0.0,50000,2.4,BAJO
COTORRA,2021,5,0,0,0,2.0,0.0,50000,4.0,BAJO
COTORRA,2022,10,0,0,0,4.0,0.1,50000,8.0,MEDIO
COTORRA,2023,16,0,0,0,6.4,0.1,50000,12.8,MEDIO
COTORRA,2024,3,0,0,0,1.2000000000000002,0.0,50000,2.4,BAJO
COTORRA,2025,6,0,0,0,2.4000000000000004,0.0,50000,4.8,BAJO
COVARACHIA,2023,2,0,0,0,0.8,0.0,50000,1.6,BAJO
COVARACHIA,2024,2,0,0,0,0.8,0.0,50000,1.6,BAJO
COVARACHIA,2025,2,0,0,0,0.8,0.0,50000,1.6,BAJO
COVENAS,2020,3,0,0,0,1.2000000000000002,0.0,50000,2.4,BAJO
COVENAS,2021,16,0,0,0,6.4,0.1,50000,12.8,MEDIO
COVENAS,2022,23,0,0,0,9.200000000000001,0.1,50000,18.4,MEDIO
COVENAS,2023,48,0,0,0,19.200000000000003,0.3,50000,38.4,ALTO
COVENAS,2024,47,0,0,0,18.8,0.3,50000,37.6,ALTO
COVENAS,2025,31,0,0,0,12.4,0.2,50000,24.8,ALTO
COYAIMA,2020,69,0,0,0,27.6,0.4,50000,55.2,ALTO
COYAIMA,2021,63,0,0,0,25.200000000000003,0.4,50000,50.4,ALTO
COYAIMA,2022,50,0,0,0,20.0,0.3,50000,40.0,ALTO
COYAIMA,2023,60,0,0,0,24.0,0.4,50000,48.0,ALTO
COYAIMA,2024,43,0,0,0,17.2,0.3,50000,34.4,ALTO
COYAIMA,2025,43,0,0,0,17.2,0.3,50000,34.4,ALTO
CRAVO NORTE,2020,3,0,0,0,1.2000000000000002,0.0,50000,2.4,BAJO
CRAVO NORTE,2021,3,0,0,0,1.2000000000000002,0.0,50000,2.4,BAJO
CRAVO NORTE,2022,4,0,0,0,1.6,0.0,50000,3.2,BAJO
CRAVO NORTE,2023,3,0,0,0,1.2000000000000002,0.0,50000,2.4,BAJO
CRAVO NORTE,2024,4,0,0,0,1.6,0.0,50000,3.2,BAJO
CRAVO NORTE,2025,6,0,0,0,2.4000000000000004,0.0,50000,4.8,BAJO
CUASPUD,2020,15,0,0,0,6.0,0.1,50000,12.0,MEDIO
CUASPUD,2021,23,0,0,0,9.200000000000001,0.1,50000,18.4,MEDIO
CUASPUD,2022,18,0,0,0,7.2,0.1,50000,14.4,MEDIO
CUASPUD,2023,10,0,0,0,4.0,0.1,50000,8.0,MEDIO
CUASPUD,2025,5,0,0,0,2.0,0.0,50000,4.0,BAJO
CUBARA,2020,3,0,0,0,1.2000000000000002,0.0,50000,2.4,BAJO
CUBARA,2021,6,0,0,0,2.4000000000000004,0.0,50000,4.8,BAJO
CUBARA,2022,2,0,0,0,0.8,0.0,50000,1.6,BAJO
CUBARA,2023,2,0,0,0,0.8,0.0,50000,1.6,BAJO
CUBARA,2024,1,0,0,0,0.4,0.0,50000,0.8,BAJO
CUBARA,2025,1,0,0,0,0.4,0.0,50000,0.8,BAJO
CUBARRAL,2020,5,0,0,0,2.0,0.0,50000,4.0,BAJO
CUBARRAL,2021,13,0,0,0,5.2,0.1,50000,10.4,MEDIO
CUBARRAL,2022,11,0,0,0,4.4,0.1,50000,8.8,MEDIO
CUBARRAL,2023,4,0,0,0,1.6,0.0,50000,3.2,BAJO
CUBARRAL,2024,10,0,0,0,4.0,0.1,50000,8.0,MEDIO
CUBARRAL,2025,10,0,0,0,4.0,0.1,50000,8.0,MEDIO
CUCAITA,2020,3,0,0,0,1.2000000000000002,0.0,50000,2.4,BAJO
CUCAITA,2021,8,0,0,0,3.2,0.0,50000,6.4,BAJO
CUCAITA,2022,4,0,0,0,1.6,0.0,50000,3.2,BAJO
CUCAITA,2023,14,0,0,0,5.6000000000000005,0.1,50000,11.2,MEDIO
CUCAITA,2024,5,0,0,0,2.0,0.0,50000,4.0,BAJO
CUCAITA,2025,3,0,0,0,1.2000000000000002,0.0,50000,2.4,BAJO
CUCUNUBA,2020,34,0,0,0,13.600000000000001,0.2,50000,27.2,ALTO
CUCUNUBA,2021,43,0,0,0,17.2,0.3,50000,34.4,ALTO
CUCUNUBA,2022,37,0,0,0,14.8,0.2,50000,29.6,ALTO
CUCUNUBA,2023,38,0,0,0,15.200000000000001,0.2,50000,30.4,ALTO
CUCUNUBA,2024,20,0,0,0,8.0,0.1,50000,16.0,MEDIO
CUCUNUBA,2025,16,0,0,0,6.4,0.1,50000,12.8,MEDIO
CUCUTA,2020,222,0,0,0,88.80000000000001,1.4,50000,177.6,ALTO
CUCUTA,2021,240,0,0,0,96.0,1.5,50000,192.0,ALTO
CUCUTA,2022,310,0,0,0,124.0,2.0,50000,248.0,ALTO
CUCUTA,2023,322,0,0,0,128.8,2.1,50000,257.6,ALTO
CUCUTA,2024,396,0,0,0,158.4,2.5,50000,316.8,ALTO
CUCUTA (CT),2020,552,0,0,0,220.8,3.5,50000,441.6,ALTO
CUCUTA (CT),2021,601,0,0,0,240.4,3.9,50000,480.8,ALTO
CUCUTA (CT),2022,294,0,0,0,117.60000000000001,1.9,50000,235.2,ALTO
CUCUTA (CT),2023,327,0,0,0,130.8,2.1,50000,261.6,ALTO
CUCUTA (CT),2024,374,0,0,0,149.6,2.4,50000,299.2,ALTO
CUCUTA (CT),2025,454,0,0,0,181.60000000000002,2.9,50000,363.2,ALTO
CUCUTILLA,2020,7,0,0,0,2.8000000000000003,0.0,50000,5.6,BAJO
CUCUTILLA,2021,9,0,0,0,3.6,0.1,50000,7.2,MEDIO
CUCUTILLA,2022,10,0,0,0,4.0,0.1,50000,8.0,MEDIO
CUCUTILLA,2023,8,0,0,0,3.2,0.0,50000,6.4,BAJO
CUCUTILLA,2024,6,0,0,0,2.4000000000000004,0.0,50000,4.8,BAJO
CUCUTILLA,2025,4,0,0,0,1.6,0.0,50000,3.2,BAJO
CUITIVA,2020,4,0,0,0,1.6,0.0,50000,3.2,BAJO
CUITIVA,2021,5,0,0,0,2.0,0.0,50000,4.0,BAJO
CUITIVA,2022,6,0,0,0,2.4000000000000004,0.0,50000,4.8,BAJO
CUITIVA,2023,8,0,0,0,3.2,0.0,50000,6.4,BAJO
CUITIVA,2024,10,0,0,0,4.0,0.1,50000,8.0,MEDIO
CUITIVA,2025,9,0,0,0,3.6,0.1,50000,7.2,MEDIO
CUMARAL,2020,25,0,0,0,10.0,0.2,50000,20.0,ALTO
CUMARAL,2021,41,0,0,0,16.400000000000002,0.3,50000,32.8,ALTO
CUMARAL,2022,20,0,0,0,8.0,0.1,50000,16.0,MEDIO
CUMARAL,2023,40,0,0,0,16.0,0.3,50000,32.0,ALTO
CUMARAL,2024,36,0,0,0,14.4,0.2,50000,28.8,ALTO
CUMARAL,2025,16,0,0,0,6.4,0.1,50000,12.8,MEDIO
CUMARIBO,2020,3,0,0,0,1.2000000000000002,0.0,50000,2.4,BAJO
CUMARIBO,2021,3,0,0,0,1.2000000000000002,0.0,50000,2.4,BAJO
CUMARIBO,2022,2,0,0,0,0.8,0.0,50000,1.6,BAJO
CUMARIBO,2023,6,0,0,0,2.4000000000000004,0.0,50000,4.8,BAJO
CUMARIBO,2024,10,0,0,0,4.0,0.1,50000,8.0,MEDIO
CUMARIBO,2025,10,0,0,0,4.0,0.1,50000,8.0,MEDIO
CUMARIBO,9999,0,1,1,0,0.30000000000000004,0.0,50000,0.6,BAJO
CUMBAL,2020,5,0,0,0,2.0,0.0,50000,4.0,BAJO
CUMBAL,2021,16,0,0,0,6.4,0.1,50000,12.8,MEDIO
CUMBAL,2022,10,0,0,0,4.0,0.1,50000,8.0,MEDIO
CUMBAL,2023,10,0,0,0,4.0,0.1,50000,8.0,MEDIO
CUMBAL,2024,13,0,0,0,5.2,0.1,50000,10.4,MEDIO
CUMBAL,2025,19,0,0,0,7.6000000000000005,0.1,50000,15.2,MEDIO
CUMBITARA,2020,3,0,0,0,1.2000000000000002,0.0,50000,2.4,BAJO
CUMBITARA,2021,6,0,0,0,2.4000000000000004,0.0,50000,4.8,BAJO
CUMBITARA,2023,4,0,0,0,1.6,0.0,50000,3.2,BAJO
CUMBITARA,2024,7,0,0,0,2.8000000000000003,0.0,50000,5.6,BAJO
CUMBITARA,2025,7,0,0,0,2.8000000000000003,0.0,50000,5.6,BAJO
CUNDAY,2020,6,0,0,0,2.4000000000000004,0.0,50000,4.8,BAJO
CUNDAY,2021,9,0,0,0,3.6,0.1,50000,7.2,MEDIO
CUNDAY,2022,9,0,0,0,3.6,0.1,50000,7.2,MEDIO
CUNDAY,2023,11,0,0,0,4.4,0.1,50000,8.8,MEDIO
CUNDAY,2024,11,0,0,0,4.4,0.1,50000,8.8,MEDIO
CUNDAY,2025,4,0,0,0,1.6,0.0,50000,3.2,BAJO
CURILLO,2020,1,0,0,0,0.4,0.0,50000,0.8,BAJO
CURILLO,2021,10,0,0,0,4.0,0.1,50000,8.0,MEDIO
CURILLO,2022,4,0,0,0,1.6,0.0,50000,3.2,BAJO
CURILLO,2023,11,0,0,0,4.4,0.1,50000,8.8,MEDIO
CURILLO,2024,8,0,0,0,3.2,0.0,50000,6.4,BAJO
CURILLO,2025,12,0,0,0,4.800000000000001,0.1,50000,9.6,MEDIO
CURILLO,9999,0,1,1,0,0.30000000000000004,0.0,50000,0.6,BAJO
CURITI,2020,4,0,0,0,1.6,0.0,50000,3.2,BAJO
CURITI,2021,5,0,0,0,2.0,0.0,50000,4.0,BAJO
CURITI,2022,9,0,0,0,3.6,0.1,50000,7.2,MEDIO
CURITI,2023,14,0,0,0,5.6000000000000005,0.1,50000,11.2,MEDIO
CURITI,2024,11,0,0,0,4.4,0.1,50000,8.8,MEDIO
CURITI,2025,11,0,0,0,4.4,0.1,50000,8.8,MEDIO
CURUMANI,2020,29,0,0,0,11.600000000000001,0.2,50000,23.2,ALTO
CURUMANI,2021,6,0,0,0,2.4000000000000004,0.0,50000,4.8,BAJO
CURUMANI,2022,20,0,0,0,8.0,0.1,50000,16.0,MEDIO
CURUMANI,2023,7,0,0,0,2.8000000000000003,0.0,50000,5.6,BAJO
CURUMANI,2024,11,0,0,0,4.4,0.1,50000,8.8,MEDIO
CURUMANI,2025,22,0,0,0,8.8,0.1,50000,17.6,MEDIO
DABEIBA,2020,25,0,0,0,10.0,0.2,50000,20.0,ALTO
DABEIBA,2021,22,0,0,0,8.8,0.1,50000,17.6,MEDIO
DABEIBA,2022,12,0,0,0,4.800000000000001,0.1,50000,9.6,MEDIO
DABEIBA,2023,37,0,0,0,14.8,0.2,50000,29.6,ALTO
DABEIBA,2024,32,0,0,0,12.8,0.2,50000,25.6,ALTO
DABEIBA,2025,20,0,0,0,8.0,0.1,50000,16.0,MEDIO
DAGUA,2020,20,0,0,0,8.0,0.1,35800,22.35,MEDIO
DAGUA,2021,69,0,0,0,27.6,0.4,35800,77.09,ALTO
DAGUA,2022,51,0,0,0,20.400000000000002,0.3,35800,56.98,ALTO
DAGUA,2023,66,0,0,0,26.400000000000002,0.4,35800,73.74,ALTO
DAGUA,2024,50,0,0,0,20.0,0.3,35800,55.87,ALTO
DAGUA,2025,38,0,0,0,15.200000000000001,0.2,35800,42.46,ALTO
DAGUA,9999,0,1,1,0,0.30000000000000004,0.0,35800,0.84,BAJO
DIBULLA,2020,27,0,0,0,10.8,0.2,50000,21.6,ALTO
DIBULLA,2021,29,0,0,0,11.600000000000001,0.2,50000,23.2,ALTO
DIBULLA,2022,26,0,0,0,10.4,0.2,50000,20.8,ALTO
DIBULLA,2023,20,0,0,0,8.0,0.1,50000,16.0,MEDIO
DIBULLA,2024,18,0,0,0,7.2,0.1,50000,14.4,MEDIO
DIBULLA,2025,13,0,0,0,5.2,0.1,50000,10.4,MEDIO
DISTRACCION,2020,5,0,0,0,2.0,0.0,50000,4.0,BAJO
DISTRACCION,2021,12,0,0,0,4.800000000000001,0.1,50000,9.6,MEDIO
DISTRACCION,2022,15,0,0,0,6.0,0.1,50000,12.0,MEDIO
DISTRACCION,2023,9,0,0,0,3.6,0.1,50000,7.2,MEDIO
DISTRACCION,2024,13,0,0,0,5.2,0.1,50000,10.4,MEDIO
DISTRACCION,2025,7,0,0,0,2.8000000000000003,0.0,50000,5.6,BAJO
DOLORES,2020,10,0,0,0,4.0,0.1,50000,8.0,MEDIO
DOLORES,2021,14,0,0,0,5.6000000000000005,0.1,50000,11.2,MEDIO
DOLORES,2022,6,0,0,0,2.4000000000000004,0.0,50000,4.8,BAJO
DOLORES,2023,10,0,0,0,4.0,0.1,50000,8.0,MEDIO
DOLORES,2024,16,0,0,0,6.4,0.1,50000,12.8,MEDIO
DOLORES,2025,8,0,0,0,3.2,0.0,50000,6.4,BAJO
DON MATIAS,2020,10,0,0,0,4.0,0.1,50000,8.0,MEDIO
DON MATIAS,2021,10,0,0,0,4.0,0.1,50000,8.0,MEDIO
DON MATIAS,2022,4,0,0,0,1.6,0.0,50000,3.2,BAJO
DON MATIAS,2023,30,0,0,0,12.0,0.2,50000,24.0,ALTO
DON MATIAS,2024,43,0,0,0,17.2,0.3,50000,34.4,ALTO
DON MATIAS,2025,27,0,0,0,10.8,0.2,50000,21.6,ALTO
DONMATIAS,2020,2,0,0,0,0.8,0.0,50000,1.6,BAJO
DONMATIAS,2021,3,0,0,0,1.2000000000000002,0.0,50000,2.4,BAJO
DONMATIAS,2022,11,0,0,0,4.4,0.1,50000,8.8,MEDIO
DONMATIAS,2023,36,0,0,0,14.4,0.2,50000,28.8,ALTO
DONMATIAS,2024,16,0,0,0,6.4,0.1,50000,12.8,MEDIO
DOSQUEBRADAS,2020,139,0,0,0,55.6,0.9,50000,111.2,ALTO
DOSQUEBRADAS,2021,251,0,0,0,100.4,1.6,50000,200.8,ALTO
DOSQUEBRADAS,2022,77,0,0,0,30.8,0.5,50000,61.6,ALTO
DOSQUEBRADAS,2023,283,0,0,0,113.2,1.8,50000,226.4,ALTO
DOSQUEBRADAS,2024,263,0,0,0,105.2,1.7,50000,210.4,ALTO
DOSQUEBRADAS,2025,251,0,0,0,100.4,1.6,50000,200.8,ALTO
DUITAMA,2020,168,0,0,0,67.2,1.1,50000,134.4,ALTO
DUITAMA,2021,153,0,0,0,61.2,1.0,50000,122.4,ALTO
DUITAMA,2022,165,0,0,0,66.0,1.1,50000,132.0,ALTO
DUITAMA,2023,259,0,0,0,103.60000000000001,1.7,50000,207.2,ALTO
DUITAMA,2024,327,0,0,0,130.8,2.1,50000,261.6,ALTO
DUITAMA,2025,335,0,0,0,134.0,2.1,50000,268.0,ALTO
DURANIA,2020,2,0,0,0,0.8,0.0,50000,1.6,BAJO
DURANIA,2021,1,0,0,0,0.4,0.0,50000,0.8,BAJO
DURANIA,2022,2,0,0,0,0.8,0.0,50000,1.6,BAJO
DURANIA,2023,1,0,0,0,0.4,0.0,50000,0.8,BAJO
DURANIA,2024,1,0,0,0,0.4,0.0,50000,0.8,BAJO
DURANIA,2025,3,0,0,0,1.2000000000000002,0.0,50000,2.4,BAJO
EBEJICO,2020,2,0,0,0,0.8,0.0,50000,1.6,BAJO
EBEJICO,2021,10,0,0,0,4.0,0.1,50000,8.0,MEDIO
EBEJICO,2022,2,0,0,0,0.8,0.0,50000,1.6,BAJO
EBEJICO,2023,12,0,0,0,4.800000000000001,0.1,50000,9.6,MEDIO
EBEJICO,2024,7,0,0,0,2.8000000000000003,0.0,50000,5.6,BAJO
EBEJICO,2025,4,0,0,0,1.6,0.0,50000,3.2,BAJO
EL AGUILA,2021,4,0,0,0,1.6,0.0,9300,17.2,BAJO
EL AGUILA,2022,2,0,0,0,0.8,0.0,9300,8.6,BAJO
EL AGUILA,2023,4,0,0,0,1.6,0.0,9300,17.2,BAJO
EL AGUILA,2024,2,0,0,0,0.8,0.0,9300,8.6,BAJO
EL AGUILA,2025,3,0,0,0,1.2000000000000002,0.0,9300,12.9,BAJO
EL BAGRE,2020,8,0,0,0,3.2,0.0,50000,6.4,BAJO
EL BAGRE,2021,20,0,0,0,8.0,0.1,50000,16.0,MEDIO
EL BAGRE,2022,16,0,0,0,6.4,0.1,50000,12.8,MEDIO
EL BAGRE,2023,47,0,0,0,18.8,0.3,50000,37.6,ALTO
EL BAGRE,2024,47,0,0,0,18.8,0.3,50000,37.6,ALTO
EL BAGRE,2025,56,0,0,0,22.400000000000002,0.4,50000,44.8,ALTO
EL BANCO,2020,30,0,0,0,12.0,0.2,50000,24.0,ALTO
EL BANCO,2021,41,0,0,0,16.400000000000002,0.3,50000,32.8,ALTO
EL BANCO,2022,29,0,0,0,11.600000000000001,0.2,50000,23.2,ALTO
EL BANCO,2023,48,0,0,0,19.200000000000003,0.3,50000,38.4,ALTO
EL BANCO,2024,38,0,0,0,15.200000000000001,0.2,50000,30.4,ALTO
EL BANCO,2025,23,0,0,0,9.200000000000001,0.1,50000,18.4,MEDIO
EL CAIRO,2020,3,0,0,0,1.2000000000000002,0.0,8800,13.64,BAJO
EL CAIRO,2021,8,0,0,0,3.2,0.0,8800,36.36,BAJO
EL CAIRO,2022,3,0,0,0,1.2000000000000002,0.0,8800,13.64,BAJO
EL CAIRO,2023,7,0,0,0,2.8000000000000003,0.0,8800,31.82,BAJO
EL CAIRO,2024,8,0,0,0,3.2,0.0,8800,36.36,BAJO
EL CAIRO,2025,6,0,0,0,2.4000000000000004,0.0,8800,27.27,BAJO
EL CALVARIO,2020,4,0,0,0,1.6,0.0,50000,3.2,BAJO
EL CALVARIO,2021,4,0,0,0,1.6,0.0,50000,3.2,BAJO
EL CALVARIO,2022,1,0,0,0,0.4,0.0,50000,0.8,BAJO
EL CALVARIO,2023,1,0,0,0,0.4,0.0,50000,0.8,BAJO
EL CALVARIO,2025,1,0,0,0,0.4,0.0,50000,0.8,BAJO
EL CANTON DEL SAN PABLO,2020,1,0,0,0,0.4,0.0,50000,0.8,BAJO
EL CANTON DEL SAN PABLO,2023,2,0,0,0,0.8,0.0,50000,1.6,BAJO
EL CANTON DEL SAN PABLO,2024,1,0,0,0,0.4,0.0,50000,0.8,BAJO
EL CANTON DEL SAN PABLO,2025,1,0,0,0,0.4,0.0,50000,0.8,BAJO
EL CARMEN,2020,4,0,0,0,1.6,0.0,50000,3.2,BAJO
EL CARMEN,2021,3,0,0,0,1.2000000000000002,0.0,50000,2.4,BAJO
EL CARMEN,2022,1,0,0,0,0.4,0.0,50000,0.8,BAJO
EL CARMEN,2023,2,0,0,0,0.8,0.0,50000,1.6,BAJO
EL CARMEN,2024,3,0,0,0,1.2000000000000002,0.0,50000,2.4,BAJO
EL CARMEN,2025,11,0,0,0,4.4,0.1,50000,8.8,MEDIO
EL CARMEN DE ATRATO,2020,7,0,0,0,2.8000000000000003,0.0,50000,5.6,BAJO
EL CARMEN DE ATRATO,2021,3,0,0,0,1.2000000000000002,0.0,50000,2.4,BAJO
EL CARMEN DE ATRATO,2022,1,0,0,0,0.4,0.0,50000,0.8,BAJO
EL CARMEN DE ATRATO,2023,8,0,0,0,3.2,0.0,50000,6.4,BAJO
EL CARMEN DE ATRATO,2024,3,0,0,0,1.2000000000000002,0.0,50000,2.4,BAJO
EL CARMEN DE ATRATO,2025,3,0,0,0,1.2000000000000002,0.0,50000,2.4,BAJO
EL CARMEN DE BOLIVAR,2020,54,0,0,0,21.6,0.3,50000,43.2,ALTO
EL CARMEN DE BOLIVAR,2021,99,0,0,0,39.6,0.6,50000,79.2,ALTO
EL CARMEN DE BOLIVAR,2022,69,0,0,0,27.6,0.4,50000,55.2,ALTO
EL CARMEN DE BOLIVAR,2023,108,0,0,0,43.2,0.7,50000,86.4,ALTO
EL CARMEN DE BOLIVAR,2024,113,0,0,0,45.2,0.7,50000,90.4,ALTO
EL CARMEN DE BOLIVAR,2025,78,0,0,0,31.200000000000003,0.5,50000,62.4,ALTO
EL CARMEN DE CHUCURI,2020,27,0,0,0,10.8,0.2,50000,21.6,ALTO
EL CARMEN DE CHUCURI,2021,37,0,0,0,14.8,0.2,50000,29.6,ALTO
EL CARMEN DE CHUCURI,2022,15,0,0,0,6.0,0.1,50000,12.0,MEDIO
EL CARMEN DE CHUCURI,2023,22,0,0,0,8.8,0.1,50000,17.6,MEDIO
EL CARMEN DE CHUCURI,2024,25,0,0,0,10.0,0.2,50000,20.0,ALTO
EL CARMEN DE CHUCURI,2025,15,0,0,0,6.0,0.1,50000,12.0,MEDIO
EL CARMEN DE VIBORAL,2020,42,0,0,0,16.8,0.3,50000,33.6,ALTO
EL CARMEN DE VIBORAL,2021,53,0,0,0,21.200000000000003,0.3,50000,42.4,ALTO
EL CARMEN DE VIBORAL,2022,40,0,0,0,16.0,0.3,50000,32.0,ALTO
EL CARMEN DE VIBORAL,2023,101,0,0,0,40.400000000000006,0.6,50000,80.8,ALTO
EL CARMEN DE VIBORAL,2024,105,0,0,0,42.0,0.7,50000,84.0,ALTO
EL CARMEN DE VIBORAL,2025,96,0,0,0,38.400000000000006,0.6,50000,76.8,ALTO
EL CASTILLO,2020,11,0,0,0,4.4,0.1,50000,8.8,MEDIO
EL CASTILLO,2021,7,0,0,0,2.8000000000000003,0.0,50000,5.6,BAJO
EL CASTILLO,2022,4,0,0,0,1.6,0.0,50000,3.2,BAJO
EL CASTILLO,2023,4,0,0,0,1.6,0.0,50000,3.2,BAJO
EL CASTILLO,2024,8,0,0,0,3.2,0.0,50000,6.4,BAJO
EL CASTILLO,2025,3,0,0,0,1.2000000000000002,0.0,50000,2.4,BAJO
EL CERRITO,2020,17,0,0,0,6.800000000000001,0.1,57248,11.88,MEDIO
EL CERRITO,2021,58,0,0,0,23.200000000000003,0.4,57248,40.53,ALTO
EL CERRITO,2022,54,0,0,0,21.6,0.3,57248,37.73,ALTO
EL CERRITO,2023,75,0,0,0,30.0,0.5,57248,52.4,ALTO
EL CERRITO,2024,66,0,0,0,26.400000000000002,0.4,57248,46.12,ALTO
EL CERRITO,2025,62,0,0,0,24.8,0.4,57248,43.32,ALTO
EL CHARCO,2020,6,0,0,0,2.4000000000000004,0.0,50000,4.8,BAJO
EL CHARCO,2021,7,0,0,0,2.8000000000000003,0.0,50000,5.6,BAJO
EL CHARCO,2022,10,0,0,0,4.0,0.1,50000,8.0,MEDIO
EL CHARCO,2023,9,0,0,0,3.6,0.1,50000,7.2,MEDIO
EL CHARCO,2024,12,0,0,0,4.800000000000001,0.1,50000,9.6,MEDIO
EL CHARCO,2025,6,0,0,0,2.4000000000000004,0.0,50000,4.8,BAJO
EL COCUY,2021,1,0,0,0,0.4,0.0,50000,0.8,BAJO
EL COCUY,2022,1,0,0,0,0.4,0.0,50000,0.8,BAJO
EL COCUY,2023,1,0,0,0,0.4,0.0,50000,0.8,BAJO
EL COCUY,2025,1,0,0,0,0.4,0.0,50000,0.8,BAJO
EL COLEGIO,2020,41,0,0,0,16.400000000000002,0.3,50000,32.8,ALTO
EL COLEGIO,2021,54,0,0,0,21.6,0.3,50000,43.2,ALTO
EL COLEGIO,2022,55,0,0,0,22.0,0.3,50000,44.0,ALTO
EL COLEGIO,2023,76,0,0,0,30.400000000000002,0.5,50000,60.8,ALTO
EL COLEGIO,2024,71,0,0,0,28.400000000000002,0.5,50000,56.8,ALTO
EL COLEGIO,2025,26,0,0,0,10.4,0.2,50000,20.8,ALTO
EL COPEY,2020,14,0,0,0,5.6000000000000005,0.1,50000,11.2,MEDIO
EL COPEY,2021,11,0,0,0,4.4,0.1,50000,8.8,MEDIO
EL COPEY,2022,10,0,0,0,4.0,0.1,50000,8.0,MEDIO
EL COPEY,2023,2,0,0,0,0.8,0.0,50000,1.6,BAJO
EL COPEY,2024,19,0,0,0,7.6000000000000005,0.1,50000,15.2,MEDIO
EL COPEY,2025,16,0,0,0,6.4,0.1,50000,12.8,MEDIO
EL DONCELLO,2021,15,0,0,0,6.0,0.1,50000,12.0,MEDIO
EL DONCELLO,2022,8,0,0,0,3.2,0.0,50000,6.4,BAJO
EL DONCELLO,2023,27,0,0,0,10.8,0.2,50000,21.6,ALTO
EL DONCELLO,2024,11,0,0,0,4.4,0.1,50000,8.8,MEDIO
EL DONCELLO,2025,5,0,0,0,2.0,0.0,50000,4.0,BAJO
EL DONCELLO,9999,0,1,1,0,0.30000000000000004,0.0,50000,0.6,BAJO
EL DORADO,2020,5,0,0,0,2.0,0.0,50000,4.0,BAJO
EL DORADO,2021,10,0,0,0,4.0,0.1,50000,8.0,MEDIO
EL DORADO,2022,2,0,0,0,0.8,0.0,50000,1.6,BAJO
EL DORADO,2023,3,0,0,0,1.2000000000000002,0.0,50000,2.4,BAJO
EL DORADO,2024,2,0,0,0,0.8,0.0,50000,1.6,BAJO
EL DORADO,2025,7,0,0,0,2.8000000000000003,0.0,50000,5.6,BAJO
EL DOVIO,2021,12,0,0,0,4.800000000000001,0.1,9100,52.75,MEDIO
EL DOVIO,2022,4,0,0,0,1.6,0.0,9100,17.58,BAJO
EL DOVIO,2023,23,0,0,0,9.200000000000001,0.1,9100,101.1,MEDIO
EL DOVIO,2024,18,0,0,0,7.2,0.1,9100,79.12,MEDIO
EL DOVIO,2025,15,0,0,0,6.0,0.1,9100,65.93,MEDIO
EL DOVIO,9999,0,1,1,0,0.30000000000000004,0.0,9100,3.3,BAJO
EL ESPINO,2021,1,0,0,0,0.4,0.0,50000,0.8,BAJO
EL ESPINO,2023,2,0,0,0,0.8,0.0,50000,1.6,BAJO
EL ESPINO,2024,1,0,0,0,0.4,0.0,50000,0.8,BAJO
EL ESPINO,2025,2,0,0,0,0.8,0.0,50000,1.6,BAJO
EL GUACAMAYO,2020,2,0,0,0,0.8,0.0,50000,1.6,BAJO
EL GUACAMAYO,2021,3,0,0,0,1.2000000000000002,0.0,50000,2.4,BAJO
EL GUACAMAYO,2022,2,0,0,0,0.8,0.0,50000,1.6,BAJO
EL GUACAMAYO,2023,1,0,0,0,0.4,0.0,50000,0.8,BAJO
EL GUACAMAYO,2024,1,0,0,0,0.4,0.0,50000,0.8,BAJO
EL GUACAMAYO,2025,2,0,0,0,0.8,0.0,50000,1.6,BAJO
EL GUAMO,2020,1,0,0,0,0.4,0.0,50000,0.8,BAJO
EL GUAMO,2021,3,0,0,0,1.2000000000000002,0.0,50000,2.4,BAJO
EL GUAMO,2022,7,0,0,0,2.8000000000000003,0.0,50000,5.6,BAJO
EL GUAMO,2023,1,0,0,0,0.4,0.0,50000,0.8,BAJO
EL GUAMO,2024,4,0,0,0,1.6,0.0,50000,3.2,BAJO
EL GUAMO,2025,1,0,0,0,0.4,0.0,50000,0.8,BAJO
EL LITORAL DEL SAN JUAN,2020,2,0,0,0,0.8,0.0,50000,1.6,BAJO
EL LITORAL DEL SAN JUAN,2023,3,0,0,0,1.2000000000000002,0.0,50000,2.4,BAJO
EL MOLINO,2020,2,0,0,0,0.8,0.0,50000,1.6,BAJO
EL MOLINO,2021,11,0,0,0,4.4,0.1,50000,8.8,MEDIO
EL MOLINO,2022,3,0,0,0,1.2000000000000002,0.0,50000,2.4,BAJO
EL MOLINO,2023,7,0,0,0,2.8000000000000003,0.0,50000,5.6,BAJO
EL MOLINO,2024,8,0,0,0,3.2,0.0,50000,6.4,BAJO
EL MOLINO,2025,4,0,0,0,1.6,0.0,50000,3.2,BAJO
EL PASO,2020,22,0,0,0,8.8,0.1,50000,17.6,MEDIO
EL PASO,2021,14,0,0,0,5.6000000000000005,0.1,50000,11.2,MEDIO
EL PASO,2022,23,0,0,0,9.200000000000001,0.1,50000,18.4,MEDIO
EL PASO,2023,5,0,0,0,2.0,0.0,50000,4.0,BAJO
EL PASO,2024,14,0,0,0,5.6000000000000005,0.1,50000,11.2,MEDIO
EL PASO,2025,16,0,0,0,6.4,0.1,50000,12.8,MEDIO
EL PAUJIL,2021,9,0,0,0,3.6,0.1,50000,7.2,MEDIO
EL PAUJIL,2022,3,0,0,0,1.2000000000000002,0.0,50000,2.4,BAJO
EL PAUJIL,2023,9,0,0,0,3.6,0.1,50000,7.2,MEDIO
EL PAUJIL,2024,6,0,0,0,2.4000000000000004,0.0,50000,4.8,BAJO
EL PAUJIL,2025,8,0,0,0,3.2,0.0,50000,6.4,BAJO
EL PAUJIL,9999,0,1,1,0,0.30000000000000004,0.0,50000,0.6,BAJO
EL PENOL,2020,2,0,0,0,0.8,0.0,50000,1.6,BAJO
EL PENOL,2021,5,0,0,0,2.0,0.0,50000,4.0,BAJO
EL PENOL,2022,1,0,0,0,0.4,0.0,50000,0.8,BAJO
EL PENOL,2024,3,0,0,0,1.2000000000000002,0.0,50000,2.4,BAJO
EL PENOL,2025,7,0,0,0,2.8000000000000003,0.0,50000,5.6,BAJO
EL PENON,2020,7,0,0,0,2.8000000000000003,0.0,50000,5.6,BAJO
EL PENON,2021,13,0,0,0,5.2,0.1,50000,10.4,MEDIO
EL PENON,2022,5,0,0,0,2.0,0.0,50000,4.0,BAJO
EL PENON,2023,9,0,0,0,3.6,0.1,50000,7.2,MEDIO
EL PENON,2024,16,0,0,0,6.4,0.1,50000,12.8,MEDIO
EL PENON,2025,10,0,0,0,4.0,0.1,50000,8.0,MEDIO
EL PINON,2020,4,0,0,0,1.6,0.0,50000,3.2,BAJO
EL PINON,2021,2,0,0,0,0.8,0.0,50000,1.6,BAJO
EL PINON,2022,3,0,0,0,1.2000000000000002,0.0,50000,2.4,BAJO
EL PINON,2023,6,0,0,0,2.4000000000000004,0.0,50000,4.8,BAJO
EL PINON,2025,7,0,0,0,2.8000000000000003,0.0,50000,5.6,BAJO
EL PLAYON,2020,5,0,0,0,2.0,0.0,50000,4.0,BAJO
EL PLAYON,2021,18,0,0,0,7.2,0.1,50000,14.4,MEDIO
EL PLAYON,2022,27,0,0,0,10.8,0.2,50000,21.6,ALTO
EL PLAYON,2023,28,0,0,0,11.200000000000001,0.2,50000,22.4,ALTO
EL PLAYON,2024,17,0,0,0,6.800000000000001,0.1,50000,13.6,MEDIO
EL PLAYON,2025,17,0,0,0,6.800000000000001,0.1,50000,13.6,MEDIO
EL RETEN,2020,4,0,0,0,1.6,0.0,50000,3.2,BAJO
EL RETEN,2021,14,0,0,0,5.6000000000000005,0.1,50000,11.2,MEDIO
EL RETEN,2022,7,0,0,0,2.8000000000000003,0.0,50000,5.6,BAJO
EL RETEN,2023,12,0,0,0,4.800000000000001,0.1,50000,9.6,MEDIO
EL RETEN,2024,10,0,0,0,4.0,0.1,50000,8.0,MEDIO
EL RETEN,2025,16,0,0,0,6.4,0.1,50000,12.8,MEDIO
EL RETORNO,2020,14,0,0,0,5.6000000000000005,0.1,50000,11.2,MEDIO
EL RETORNO,2021,10,0,0,0,4.0,0.1,50000,8.0,MEDIO
EL RETORNO,2022,7,0,0,0,2.8000000000000003,0.0,50000,5.6,BAJO
EL RETORNO,2023,15,0,0,0,6.0,0.1,50000,12.0,MEDIO
EL RETORNO,2024,11,0,0,0,4.4,0.1,50000,8.8,MEDIO
EL RETORNO,2025,12,0,0,0,4.800000000000001,0.1,50000,9.6,MEDIO
EL RETORNO,9999,0,1,1,0,0.30000000000000004,0.0,50000,0.6,BAJO
EL ROBLE,2020,2,0,0,0,0.8,0.0,50000,1.6,BAJO
EL ROBLE,2021,2,0,0,0,0.8,0.0,50000,1.6,BAJO
EL ROBLE,2022,6,0,0,0,2.4000000000000004,0.0,50000,4.8,BAJO
EL ROBLE,2023,2,0,0,0,0.8,0.0,50000,1.6,BAJO
EL ROBLE,2024,5,0,0,0,2.0,0.0,50000,4.0,BAJO
EL ROBLE,2025,5,0,0,0,2.0,0.0,50000,4.0,BAJO
EL ROSAL,2020,23,0,0,0,9.200000000000001,0.1,50000,18.4,MEDIO
EL ROSAL,2021,25,0,0,0,10.0,0.2,50000,20.0,ALTO
EL ROSAL,2022,38,0,0,0,15.200000000000001,0.2,50000,30.4,ALTO
EL ROSAL,2023,58,0,0,0,23.200000000000003,0.4,50000,46.4,ALTO
EL ROSAL,2024,90,0,0,0,36.0,0.6,50000,72.0,ALTO
EL ROSAL,2025,34,0,0,0,13.600000000000001,0.2,50000,27.2,ALTO
EL ROSARIO,2020,2,0,0,0,0.8,0.0,50000,1.6,BAJO
EL ROSARIO,2022,3,0,0,0,1.2000000000000002,0.0,50000,2.4,BAJO
EL ROSARIO,2023,4,0,0,0,1.6,0.0,50000,3.2,BAJO
EL ROSARIO,2024,5,0,0,0,2.0,0.0,50000,4.0,BAJO
EL SANTUARIO,2020,19,0,0,0,7.6000000000000005,0.1,50000,15.2,MEDIO
EL SANTUARIO,2021,26,0,0,0,10.4,0.2,50000,20.8,ALTO
EL SANTUARIO,2022,30,0,0,0,12.0,0.2,50000,24.0,ALTO
EL SANTUARIO,2023,38,0,0,0,15.200000000000001,0.2,50000,30.4,ALTO
EL SANTUARIO,2024,39,0,0,0,15.600000000000001,0.2,50000,31.2,ALTO
EL SANTUARIO,2025,15,0,0,0,6.0,0.1,50000,12.0,MEDIO
EL TABLON DE GOMEZ,2020,1,0,0,0,0.4,0.0,50000,0.8,BAJO
EL TABLON DE GOMEZ,2021,6,0,0,0,2.4000000000000004,0.0,50000,4.8,BAJO
EL TABLON DE GOMEZ,2022,3,0,0,0,1.2000000000000002,0.0,50000,2.4,BAJO
EL TABLON DE GOMEZ,2023,26,0,0,0,10.4,0.2,50000,20.8,ALTO
EL TABLON DE GOMEZ,2024,16,0,0,0,6.4,0.1,50000,12.8,MEDIO
EL TABLON DE GOMEZ,2025,17,0,0,0,6.800000000000001,0.1,50000,13.6,MEDIO
EL TAMBO,2020,50,0,0,0,20.0,0.3,50000,40.0,ALTO
EL TAMBO,2021,24,0,0,0,9.600000000000001,0.1,50000,19.2,MEDIO
EL TAMBO,2022,32,0,0,0,12.8,0.2,50000,25.6,ALTO
EL TAMBO,2023,43,0,0,0,17.2,0.3,50000,34.4,ALTO
EL TAMBO,2024,65,0,0,0,26.0,0.4,50000,52.0,ALTO
EL TAMBO,2025,75,0,0,0,30.0,0.5,50000,60.0,ALTO
EL TAMBO,9999,0,1,1,0,0.30000000000000004,0.0,50000,0.6,BAJO
EL TARRA,2021,4,0,0,0,1.6,0.0,50000,3.2,BAJO
EL TARRA,2022,1,0,0,0,0.4,0.0,50000,0.8,BAJO
EL TARRA,2023,3,0,0,0,1.2000000000000002,0.0,50000,2.4,BAJO
EL TARRA,2024,7,0,0,0,2.8000000000000003,0.0,50000,5.6,BAJO
EL TARRA,2025,3,0,0,0,1.2000000000000002,0.0,50000,2.4,BAJO
EL ZULIA,2020,26,0,0,0,10.4,0.2,50000,20.8,ALTO
EL ZULIA,2021,35,0,0,0,14.0,0.2,50000,28.0,ALTO
EL ZULIA,2022,19,0,0,0,7.6000000000000005,0.1,50000,15.2,MEDIO
EL ZULIA,2023,15,0,0,0,6.0,0.1,50000,12.0,MEDIO
EL ZULIA,2024,25,0,0,0,10.0,0.2,50000,20.0,ALTO
EL ZULIA,2025,11,0,0,0,4.4,0.1,50000,8.8,MEDIO
ELIAS,2022,2,0,0,0,0.8,0.0,50000,1.6,BAJO
ELIAS,2023,5,0,0,0,2.0,0.0,50000,4.0,BAJO
ELIAS,2024,13,0,0,0,5.2,0.1,50000,10.4,MEDIO
ELIAS,2025,4,0,0,0,1.6,0.0,50000,3.2,BAJO
ENCINO,2023,2,0,0,0,0.8,0.0,50000,1.6,BAJO
ENCINO,2024,1,0,0,0,0.4,0.0,50000,0.8,BAJO
ENCINO,2025,1,0,0,0,0.4,0.0,50000,0.8,BAJO
ENCISO,2021,3,0,0,0,1.2000000000000002,0.0,50000,2.4,BAJO
ENCISO,2022,4,0,0,0,1.6,0.0,50000,3.2,BAJO
ENCISO,2023,1,0,0,0,0.4,0.0,50000,0.8,BAJO
ENCISO,2024,1,0,0,0,0.4,0.0,50000,0.8,BAJO
ENCISO,2025,2,0,0,0,0.8,0.0,50000,1.6,BAJO
ENTRERRIOS,2020,1,0,0,0,0.4,0.0,50000,0.8,BAJO
ENTRERRIOS,2021,2,0,0,0,0.8,0.0,50000,1.6,BAJO
ENTRERRIOS,2022,11,0,0,0,4.4,0.1,50000,8.8,MEDIO
ENTRERRIOS,2023,22,0,0,0,8.8,0.1,50000,17.6,MEDIO
ENTRERRIOS,2024,14,0,0,0,5.6000000000000005,0.1,50000,11.2,MEDIO
ENTRERRIOS,2025,11,0,0,0,4.4,0.1,50000,8.8,MEDIO
ENVIGADO,2020,127,0,0,0,50.800000000000004,0.8,50000,101.6,ALTO
ENVIGADO,2021,212,0,0,0,84.80000000000001,1.4,50000,169.6,ALTO
ENVIGADO,2022,196,0,0,0,78.4,1.3,50000,156.8,ALTO
ENVIGADO,2023,410,0,0,0,164.0,2.6,50000,328.0,ALTO
ENVIGADO,2024,440,0,0,0,176.0,2.8,50000,352.0,ALTO
ENVIGADO,2025,236,0,0,0,94.4,1.5,50000,188.8,ALTO
ESPINAL,2020,148,0,0,0,59.2,0.9,50000,118.4,ALTO
ESPINAL,2021,172,0,0,0,68.8,1.1,50000,137.6,ALTO
ESPINAL,2022,157,0,0,0,62.800000000000004,1.0,50000,125.6,ALTO
ESPINAL,2023,169,0,0,0,67.60000000000001,1.1,50000,135.2,ALTO
ESPINAL,2024,219,0,0,0,87.60000000000001,1.4,50000,175.2,ALTO
ESPINAL,2025,146,0,0,0,58.400000000000006,0.9,50000,116.8,ALTO
FACATATIVA,2020,337,0,0,0,134.8,2.2,50000,269.6,ALTO
FACATATIVA,2021,324,0,0,0,129.6,2.1,50000,259.2,ALTO
FACATATIVA,2022,396,0,0,0,158.4,2.5,50000,316.8,ALTO
FACATATIVA,2023,375,0,0,0,150.0,2.4,50000,300.0,ALTO
FACATATIVA,2024,390,0,0,0,156.0,2.5,50000,312.0,ALTO
FACATATIVA,2025,214,0,0,0,85.60000000000001,1.4,50000,171.2,ALTO
FALAN,2020,11,0,0,0,4.4,0.1,50000,8.8,MEDIO
FALAN,2021,15,0,0,0,6.0,0.1,50000,12.0,MEDIO
FALAN,2022,11,0,0,0,4.4,0.1,50000,8.8,MEDIO
FALAN,2023,17,0,0,0,6.800000000000001,0.1,50000,13.6,MEDIO
FALAN,2024,23,0,0,0,9.200000000000001,0.1,50000,18.4,MEDIO
FALAN,2025,21,0,0,0,8.4,0.1,50000,16.8,MEDIO
FILADELFIA,2020,1,0,0,0,0.4,0.0,50000,0.8,BAJO
FILADELFIA,2021,5,0,0,0,2.0,0.0,50000,4.0,BAJO
FILADELFIA,2022,1,0,0,0,0.4,0.0,50000,0.8,BAJO
FILADELFIA,2023,4,0,0,0,1.6,0.0,50000,3.2,BAJO
FILADELFIA,2024,3,0,0,0,1.2000000000000002,0.0,50000,2.4,BAJO
FILANDIA,2020,7,0,0,0,2.8000000000000003,0.0,50000,5.6,BAJO
FILANDIA,2021,14,0,0,0,5.6000000000000005,0.1,50000,11.2,MEDIO
FILANDIA,2022,8,0,0,0,3.2,0.0,50000,6.4,BAJO
FILANDIA,2023,8,0,0,0,3.2,0.0,50000,6.4,BAJO
FILANDIA,2024,12,0,0,0,4.800000000000001,0.1,50000,9.6,MEDIO
FIRAVITOBA,2020,6,0,0,0,2.4000000000000004,0.0,50000,4.8,BAJO
FIRAVITOBA,2022,7,0,0,0,2.8000000000000003,0.0,50000,5.6,BAJO
FIRAVITOBA,2023,9,0,0,0,3.6,0.1,50000,7.2,MEDIO
FIRAVITOBA,2024,13,0,0,0,5.2,0.1,50000,10.4,MEDIO
FIRAVITOBA,2025,12,0,0,0,4.800000000000001,0.1,50000,9.6,MEDIO
FLANDES,2020,34,0,0,0,13.600000000000001,0.2,50000,27.2,ALTO
FLANDES,2021,71,0,0,0,28.400000000000002,0.5,50000,56.8,ALTO
FLANDES,2022,64,0,0,0,25.6,0.4,50000,51.2,ALTO
FLANDES,2023,78,0,0,0,31.200000000000003,0.5,50000,62.4,ALTO
FLANDES,2024,77,0,0,0,30.8,0.5,50000,61.6,ALTO
FLANDES,2025,57,0,0,0,22.8,0.4,50000,45.6,ALTO
FLORENCIA,2020,45,0,0,0,18.0,0.3,50000,36.0,ALTO
FLORENCIA,2021,61,0,0,0,24.400000000000002,0.4,50000,48.8,ALTO
FLORENCIA,2022,47,0,0,0,18.8,0.3,50000,37.6,ALTO
FLORENCIA,2023,77,0,0,0,30.8,0.5,50000,61.6,ALTO
FLORENCIA,2024,95,0,0,0,38.0,0.6,50000,76.0,ALTO
FLORENCIA,2025,1,0,0,0,0.4,0.0,50000,0.8,BAJO
FLORENCIA (CT),2020,28,0,0,0,11.200000000000001,0.2,50000,22.4,ALTO
FLORENCIA (CT),2021,190,0,0,0,76.0,1.2,50000,152.0,ALTO
FLORENCIA (CT),2022,85,0,0,0,34.0,0.5,50000,68.0,ALTO
FLORENCIA (CT),2023,194,0,0,0,77.60000000000001,1.2,50000,155.2,ALTO
FLORENCIA (CT),2024,235,0,0,0,94.0,1.5,50000,188.0,ALTO
FLORENCIA (CT),2025,266,0,0,0,106.4,1.7,50000,212.8,ALTO
FLORESTA,2020,2,0,0,0,0.8,0.0,50000,1.6,BAJO
FLORESTA,2022,3,0,0,0,1.2000000000000002,0.0,50000,2.4,BAJO
FLORESTA,2023,3,0,0,0,1.2000000000000002,0.0,50000,2.4,BAJO
FLORESTA,2024,4,0,0,0,1.6,0.0,50000,3.2,BAJO
FLORESTA,2025,16,0,0,0,6.4,0.1,50000,12.8,MEDIO
FLORIAN,2020,3,0,0,0,1.2000000000000002,0.0,50000,2.4,BAJO
FLORIAN,2022,1,0,0,0,0.4,0.0,50000,0.8,BAJO
FLORIAN,2023,4,0,0,0,1.6,0.0,50000,3.2,BAJO
FLORIAN,2025,8,0,0,0,3.2,0.0,50000,6.4,BAJO
FLORIDA,2020,10,0,0,0,4.0,0.1,63458,6.3,MEDIO
FLORIDA,2021,42,0,0,0,16.8,0.3,63458,26.47,ALTO
FLORIDA,2022,39,0,0,0,15.600000000000001,0.2,63458,24.58,ALTO
FLORIDA,2023,31,0,0,0,12.4,0.2,63458,19.54,ALTO
FLORIDA,2024,50,0,0,0,20.0,0.3,63458,31.52,ALTO
FLORIDA,2025,55,0,0,0,22.0,0.3,63458,34.67,ALTO
FLORIDABLANCA,2020,197,0,0,0,78.80000000000001,1.3,50000,157.6,ALTO
FLORIDABLANCA,2021,445,0,0,0,178.0,2.9,50000,356.0,ALTO
FLORIDABLANCA,2022,276,0,0,0,110.4,1.8,50000,220.8,ALTO
FLORIDABLANCA,2023,307,0,0,0,122.80000000000001,2.0,50000,245.6,ALTO
FLORIDABLANCA,2024,380,0,0,0,152.0,2.4,50000,304.0,ALTO
FLORIDABLANCA,2025,273,0,0,0,109.2,1.7,50000,218.4,ALTO
FOMEQUE,2020,14,0,0,0,5.6000000000000005,0.1,50000,11.2,MEDIO
FOMEQUE,2021,9,0,0,0,3.6,0.1,50000,7.2,MEDIO
FOMEQUE,2022,7,0,0,0,2.8000000000000003,0.0,50000,5.6,BAJO
FOMEQUE,2023,15,0,0,0,6.0,0.1,50000,12.0,MEDIO
FOMEQUE,2024,17,0,0,0,6.800000000000001,0.1,50000,13.6,MEDIO
FOMEQUE,2025,17,0,0,0,6.800000000000001,0.1,50000,13.6,MEDIO
FONSECA,2020,25,0,0,0,10.0,0.2,50000,20.0,ALTO
FONSECA,2021,42,0,0,0,16.8,0.3,50000,33.6,ALTO
FONSECA,2022,40,0,0,0,16.0,0.3,50000,32.0,ALTO
FONSECA,2023,51,0,0,0,20.400000000000002,0.3,50000,40.8,ALTO
FONSECA,2024,51,0,0,0,20.400000000000002,0.3,50000,40.8,ALTO
FONSECA,2025,24,0,0,0,9.600000000000001,0.1,50000,19.2,MEDIO
FORTUL,2020,39,0,0,0,15.600000000000001,0.2,50000,31.2,ALTO
FORTUL,2021,8,0,0,0,3.2,0.0,50000,6.4,BAJO
FORTUL,2022,8,0,0,0,3.2,0.0,50000,6.4,BAJO
FORTUL,2023,4,0,0,0,1.6,0.0,50000,3.2,BAJO
FORTUL,2024,7,0,0,0,2.8000000000000003,0.0,50000,5.6,BAJO
FORTUL,2025,11,0,0,0,4.4,0.1,50000,8.8,MEDIO
FOSCA,2020,6,0,0,0,2.4000000000000004,0.0,50000,4.8,BAJO
FOSCA,2021,2,0,0,0,0.8,0.0,50000,1.6,BAJO
FOSCA,2022,6,0,0,0,2.4000000000000004,0.0,50000,4.8,BAJO
FOSCA,2023,16,0,0,0,6.4,0.1,50000,12.8,MEDIO
FOSCA,2024,13,0,0,0,5.2,0.1,50000,10.4,MEDIO
FOSCA,2025,7,0,0,0,2.8000000000000003,0.0,50000,5.6,BAJO
FRANCISCO PIZARRO,2020,2,0,0,0,0.8,0.0,50000,1.6,BAJO
FRANCISCO PIZARRO,2021,4,0,0,0,1.6,0.0,50000,3.2,BAJO
FRANCISCO PIZARRO,2022,2,0,0,0,0.8,0.0,50000,1.6,BAJO
FRANCISCO PIZARRO,2023,3,0,0,0,1.2000000000000002,0.0,50000,2.4,BAJO
FRANCISCO PIZARRO,2025,1,0,0,0,0.4,0.0,50000,0.8,BAJO
FREDONIA,2020,18,0,0,0,7.2,0.1,50000,14.4,MEDIO
FREDONIA,2021,13,0,0,0,5.2,0.1,50000,10.4,MEDIO
FREDONIA,2022,6,0,0,0,2.4000000000000004,0.0,50000,4.8,BAJO
FREDONIA,2023,39,0,0,0,15.600000000000001,0.2,50000,31.2,ALTO
FREDONIA,2024,21,0,0,0,8.4,0.1,50000,16.8,MEDIO
FREDONIA,2025,21,0,0,0,8.4,0.1,50000,16.8,MEDIO
FRESNO,2020,33,0,0,0,13.200000000000001,0.2,50000,26.4,ALTO
FRESNO,2021,36,0,0,0,14.4,0.2,50000,28.8,ALTO
FRESNO,2022,43,0,0,0,17.2,0.3,50000,34.4,ALTO
FRESNO,2023,32,0,0,0,12.8,0.2,50000,25.6,ALTO
FRESNO,2024,49,0,0,0,19.6,0.3,50000,39.2,ALTO
FRESNO,2025,37,0,0,0,14.8,0.2,50000,29.6,ALTO
FRONTINO,2020,4,0,0,0,1.6,0.0,50000,3.2,BAJO
FRONTINO,2021,7,0,0,0,2.8000000000000003,0.0,50000,5.6,BAJO
FRONTINO,2022,11,0,0,0,4.4,0.1,50000,8.8,MEDIO
FRONTINO,2023,13,0,0,0,5.2,0.1,50000,10.4,MEDIO
FRONTINO,2024,8,0,0,0,3.2,0.0,50000,6.4,BAJO
FRONTINO,2025,13,0,0,0,5.2,0.1,50000,10.4,MEDIO
FUENTE DE ORO,2020,9,0,0,0,3.6,0.1,50000,7.2,MEDIO
FUENTE DE ORO,2021,24,0,0,0,9.600000000000001,0.1,50000,19.2,MEDIO
FUENTE DE ORO,2022,21,0,0,0,8.4,0.1,50000,16.8,MEDIO
FUENTE DE ORO,2023,16,0,0,0,6.4,0.1,50000,12.8,MEDIO
FUENTE DE ORO,2024,23,0,0,0,9.200000000000001,0.1,50000,18.4,MEDIO
FUENTE DE ORO,2025,36,0,0,0,14.4,0.2,50000,28.8,ALTO
FUNDACION,2020,42,0,0,0,16.8,0.3,50000,33.6,ALTO
FUNDACION,2021,57,0,0,0,22.8,0.4,50000,45.6,ALTO
FUNDACION,2022,25,0,0,0,10.0,0.2,50000,20.0,ALTO
FUNDACION,2023,74,0,0,0,29.6,0.5,50000,59.2,ALTO
FUNDACION,2024,57,0,0,0,22.8,0.4,50000,45.6,ALTO
FUNDACION,2025,67,0,0,0,26.8,0.4,50000,53.6,ALTO
FUNES,2020,3,0,0,0,1.2000000000000002,0.0,50000,2.4,BAJO
FUNES,2021,8,0,0,0,3.2,0.0,50000,6.4,BAJO
FUNES,2022,2,0,0,0,0.8,0.0,50000,1.6,BAJO
FUNES,2023,2,0,0,0,0.8,0.0,50000,1.6,BAJO
FUNES,2024,1,0,0,0,0.4,0.0,50000,0.8,BAJO
FUNES,2025,2,0,0,0,0.8,0.0,50000,1.6,BAJO
FUNZA,2020,193,0,0,0,77.2,1.2,50000,154.4,ALTO
FUNZA,2021,176,0,0,0,70.4,1.1,50000,140.8,ALTO
FUNZA,2022,216,0,0,0,86.4,1.4,50000,172.8,ALTO
FUNZA,2023,211,0,0,0,84.4,1.3,50000,168.8,ALTO
FUNZA,2024,170,0,0,0,68.0,1.1,50000,136.0,ALTO
FUNZA,2025,189,0,0,0,75.60000000000001,1.2,50000,151.2,ALTO
FUQUENE,2020,11,0,0,0,4.4,0.1,50000,8.8,MEDIO
FUQUENE,2021,14,0,0,0,5.6000000000000005,0.1,50000,11.2,MEDIO
FUQUENE,2022,20,0,0,0,8.0,0.1,50000,16.0,MEDIO
FUQUENE,2023,9,0,0,0,3.6,0.1,50000,7.2,MEDIO
FUQUENE,2024,8,0,0,0,3.2,0.0,50000,6.4,BAJO
FUQUENE,2025,11,0,0,0,4.4,0.1,50000,8.8,MEDIO
FUSAGASUGA,2020,371,0,0,0,148.4,2.4,50000,296.8,ALTO
FUSAGASUGA,2021,571,0,0,0,228.4,3.7,50000,456.8,ALTO
FUSAGASUGA,2022,505,0,0,0,202.0,3.2,50000,404.0,ALTO
FUSAGASUGA,2023,586,0,0,0,234.4,3.8,50000,468.8,ALTO
FUSAGASUGA,2024,615,0,0,0,246.0,3.9,50000,492.0,ALTO
FUSAGASUGA,2025,445,0,0,0,178.0,2.9,50000,356.0,ALTO
GACHALA,2020,8,0,0,0,3.2,0.0,50000,6.4,BAJO
GACHALA,2021,9,0,0,0,3.6,0.1,50000,7.2,MEDIO
GACHALA,2022,7,0,0,0,2.8000000000000003,0.0,50000,5.6,BAJO
GACHALA,2023,2,0,0,0,0.8,0.0,50000,1.6,BAJO
GACHALA,2024,1,0,0,0,0.4,0.0,50000,0.8,BAJO
GACHALA,2025,9,0,0,0,3.6,0.1,50000,7.2,MEDIO
GACHANCIPA,2020,51,0,0,0,20.400000000000002,0.3,50000,40.8,ALTO
GACHANCIPA,2021,60,0,0,0,24.0,0.4,50000,48.0,ALTO
GACHANCIPA,2022,75,0,0,0,30.0,0.5,50000,60.0,ALTO
GACHANCIPA,2023,48,0,0,0,19.200000000000003,0.3,50000,38.4,ALTO
GACHANCIPA,2024,60,0,0,0,24.0,0.4,50000,48.0,ALTO
GACHANCIPA,2025,22,0,0,0,8.8,0.1,50000,17.6,MEDIO
GACHANTIVA,2020,1,0,0,0,0.4,0.0,50000,0.8,BAJO
GACHANTIVA,2021,2,0,0,0,0.8,0.0,50000,1.6,BAJO
GACHANTIVA,2023,7,0,0,0,2.8000000000000003,0.0,50000,5.6,BAJO
GACHANTIVA,2024,5,0,0,0,2.0,0.0,50000,4.0,BAJO
GACHANTIVA,2025,14,0,0,0,5.6000000000000005,0.1,50000,11.2,MEDIO
GACHETA,2020,20,0,0,0,8.0,0.1,50000,16.0,MEDIO
GACHETA,2021,22,0,0,0,8.8,0.1,50000,17.6,MEDIO
GACHETA,2022,30,0,0,0,12.0,0.2,50000,24.0,ALTO
GACHETA,2023,28,0,0,0,11.200000000000001,0.2,50000,22.4,ALTO
GACHETA,2024,21,0,0,0,8.4,0.1,50000,16.8,MEDIO
GACHETA,2025,9,0,0,0,3.6,0.1,50000,7.2,MEDIO
GALAN,2020,2,0,0,0,0.8,0.0,50000,1.6,BAJO
GALAN,2021,2,0,0,0,0.8,0.0,50000,1.6,BAJO
GALAN,2022,1,0,0,0,0.4,0.0,50000,0.8,BAJO
GALAN,2023,1,0,0,0,0.4,0.0,50000,0.8,BAJO
GALAN,2024,1,0,0,0,0.4,0.0,50000,0.8,BAJO
GALAN,2025,4,0,0,0,1.6,0.0,50000,3.2,BAJO
GALAPA,2020,16,0,0,0,6.4,0.1,50000,12.8,MEDIO
GALAPA,2021,62,0,0,0,24.8,0.4,50000,49.6,ALTO
GALAPA,2022,79,0,0,0,31.6,0.5,50000,63.2,ALTO
GALAPA,2023,104,0,0,0,41.6,0.7,50000,83.2,ALTO
GALAPA,2024,76,0,0,0,30.400000000000002,0.5,50000,60.8,ALTO
GALAPA,2025,80,0,0,0,32.0,0.5,50000,64.0,ALTO
GALERAS,2020,4,0,0,0,1.6,0.0,50000,3.2,BAJO
GALERAS,2021,13,0,0,0,5.2,0.1,50000,10.4,MEDIO
GALERAS,2022,5,0,0,0,2.0,0.0,50000,4.0,BAJO
GALERAS,2023,1,0,0,0,0.4,0.0,50000,0.8,BAJO
GALERAS,2024,7,0,0,0,2.8000000000000003,0.0,50000,5.6,BAJO
GALERAS,2025,5,0,0,0,2.0,0.0,50000,4.0,BAJO
GAMA,2020,15,0,0,0,6.0,0.1,50000,12.0,MEDIO
GAMA,2021,10,0,0,0,4.0,0.1,50000,8.0,MEDIO
GAMA,2022,8,0,0,0,3.2,0.0,50000,6.4,BAJO
GAMA,2023,4,0,0,0,1.6,0.0,50000,3.2,BAJO
GAMA,2024,3,0,0,0,1.2000000000000002,0.0,50000,2.4,BAJO
GAMA,2025,4,0,0,0,1.6,0.0,50000,3.2,BAJO
GAMARRA,2020,9,0,0,0,3.6,0.1,50000,7.2,MEDIO
GAMARRA,2021,14,0,0,0,5.6000000000000005,0.1,50000,11.2,MEDIO
GAMARRA,2023,1,0,0,0,0.4,0.0,50000,0.8,BAJO
GAMARRA,2024,12,0,0,0,4.800000000000001,0.1,50000,9.6,MEDIO
GAMARRA,2025,8,0,0,0,3.2,0.0,50000,6.4,BAJO
GAMBITA,2020,5,0,0,0,2.0,0.0,50000,4.0,BAJO
GAMBITA,2021,19,0,0,0,7.6000000000000005,0.1,50000,15.2,MEDIO
GAMBITA,2022,9,0,0,0,3.6,0.1,50000,7.2,MEDIO
GAMBITA,2023,15,0,0,0,6.0,0.1,50000,12.0,MEDIO
GAMBITA,2024,10,0,0,0,4.0,0.1,50000,8.0,MEDIO
GAMBITA,2025,8,0,0,0,3.2,0.0,50000,6.4,BAJO
GAMEZA,2020,1,0,0,0,0.4,0.0,50000,0.8,BAJO
GAMEZA,2021,2,0,0,0,0.8,0.0,50000,1.6,BAJO
GAMEZA,2022,5,0,0,0,2.0,0.0,50000,4.0,BAJO
GAMEZA,2023,11,0,0,0,4.4,0.1,50000,8.8,MEDIO
GAMEZA,2024,11,0,0,0,4.4,0.1,50000,8.8,MEDIO
GAMEZA,2025,7,0,0,0,2.8000000000000003,0.0,50000,5.6,BAJO
GARAGOA,2020,12,0,0,0,4.800000000000001,0.1,50000,9.6,MEDIO
GARAGOA,2021,21,0,0,0,8.4,0.1,50000,16.8,MEDIO
GARAGOA,2022,16,0,0,0,6.4,0.1,50000,12.8,MEDIO
GARAGOA,2023,32,0,0,0,12.8,0.2,50000,25.6,ALTO
GARAGOA,2024,27,0,0,0,10.8,0.2,50000,21.6,ALTO
GARAGOA,2025,69,0,0,0,27.6,0.4,50000,55.2,ALTO
GARZON,2020,27,0,0,0,10.8,0.2,50000,21.6,ALTO
GARZON,2021,79,0,0,0,31.6,0.5,50000,63.2,ALTO
GARZON,2022,126,0,0,0,50.400000000000006,0.8,50000,100.8,ALTO
GARZON,2023,101,0,0,0,40.400000000000006,0.6,50000,80.8,ALTO
GARZON,2024,171,0,0,0,68.4,1.1,50000,136.8,ALTO
GARZON,2025,147,0,0,0,58.800000000000004,0.9,50000,117.6,ALTO
GENOVA,2021,1,0,0,0,0.4,0.0,50000,0.8,BAJO
GENOVA,2022,1,0,0,0,0.4,0.0,50000,0.8,BAJO
GENOVA,2023,7,0,0,0,2.8000000000000003,0.0,50000,5.6,BAJO
GENOVA,2024,14,0,0,0,5.6000000000000005,0.1,50000,11.2,MEDIO
GIGANTE,2020,4,0,0,0,1.6,0.0,50000,3.2,BAJO
GIGANTE,2021,15,0,0,0,6.0,0.1,50000,12.0,MEDIO
GIGANTE,2022,23,0,0,0,9.200000000000001,0.1,50000,18.4,MEDIO
GIGANTE,2023,34,0,0,0,13.600000000000001,0.2,50000,27.2,ALTO
GIGANTE,2024,35,0,0,0,14.0,0.2,50000,28.0,ALTO
GIGANTE,2025,40,0,0,0,16.0,0.3,50000,32.0,ALTO
GINEBRA,2020,7,0,0,0,2.8000000000000003,0.0,20800,13.46,BAJO
GINEBRA,2021,48,0,0,0,19.200000000000003,0.3,20800,92.31,ALTO
GINEBRA,2022,29,0,0,0,11.600000000000001,0.2,20800,55.77,ALTO
GINEBRA,2023,29,0,0,0,11.600000000000001,0.2,20800,55.77,ALTO
GINEBRA,2024,20,0,0,0,8.0,0.1,20800,38.46,MEDIO
GINEBRA,2025,21,0,0,0,8.4,0.1,20800,40.38,MEDIO
GIRALDO,2021,9,0,0,0,3.6,0.1,50000,7.2,MEDIO
GIRALDO,2022,6,0,0,0,2.4000000000000004,0.0,50000,4.8,BAJO
GIRALDO,2023,3,0,0,0,1.2000000000000002,0.0,50000,2.4,BAJO
GIRALDO,2024,15,0,0,0,6.0,0.1,50000,12.0,MEDIO
GIRALDO,2025,3,0,0,0,1.2000000000000002,0.0,50000,2.4,BAJO
GIRARDOT,2020,176,0,0,0,70.4,1.1,50000,140.8,ALTO
GIRARDOT,2021,386,0,0,0,154.4,2.5,50000,308.8,ALTO
GIRARDOT,2022,375,0,0,0,150.0,2.4,50000,300.0,ALTO
GIRARDOT,2023,363,0,0,0,145.20000000000002,2.3,50000,290.4,ALTO
GIRARDOT,2024,316,0,0,0,126.4,2.0,50000,252.8,ALTO
GIRARDOT,2025,230,0,0,0,92.0,1.5,50000,184.0,ALTO
GIRARDOTA,2020,27,0,0,0,10.8,0.2,50000,21.6,ALTO
GIRARDOTA,2021,53,0,0,0,21.200000000000003,0.3,50000,42.4,ALTO
GIRARDOTA,2022,63,0,0,0,25.200000000000003,0.4,50000,50.4,ALTO
GIRARDOTA,2023,120,0,0,0,48.0,0.8,50000,96.0,ALTO
GIRARDOTA,2024,158,0,0,0,63.2,1.0,50000,126.4,ALTO
GIRARDOTA,2025,96,0,0,0,38.400000000000006,0.6,50000,76.8,ALTO
GIRON,2020,171,0,0,0,68.4,1.1,50000,136.8,ALTO
GIRON,2021,430,0,0,0,172.0,2.8,50000,344.0,ALTO
GIRON,2022,252,0,0,0,100.80000000000001,1.6,50000,201.6,ALTO
GIRON,2023,289,0,0,0,115.60000000000001,1.8,50000,231.2,ALTO
GIRON,2024,319,0,0,0,127.60000000000001,2.0,50000,255.2,ALTO
GIRON,2025,233,0,0,0,93.2,1.5,50000,186.4,ALTO
GOMEZ PLATA,2020,12,0,0,0,4.800000000000001,0.1,50000,9.6,MEDIO
GOMEZ PLATA,2021,5,0,0,0,2.0,0.0,50000,4.0,BAJO
GOMEZ PLATA,2022,13,0,0,0,5.2,0.1,50000,10.4,MEDIO
GOMEZ PLATA,2023,17,0,0,0,6.800000000000001,0.1,50000,13.6,MEDIO
GOMEZ PLATA,2024,11,0,0,0,4.4,0.1,50000,8.8,MEDIO
GOMEZ PLATA,2025,8,0,0,0,3.2,0.0,50000,6.4,BAJO
GONZALEZ,2020,2,0,0,0,0.8,0.0,50000,1.6,BAJO
GONZALEZ,2022,7,0,0,0,2.8000000000000003,0.0,50000,5.6,BAJO
GONZALEZ,2024,3,0,0,0,1.2000000000000002,0.0,50000,2.4,BAJO
GONZALEZ,2025,2,0,0,0,0.8,0.0,50000,1.6,BAJO
GRAMALOTE,2022,2,0,0,0,0.8,0.0,50000,1.6,BAJO
GRAMALOTE,2024,1,0,0,0,0.4,0.0,50000,0.8,BAJO
GRAMALOTE,2025,1,0,0,0,0.4,0.0,50000,0.8,BAJO
GRANADA,2020,95,0,0,0,38.0,0.6,50000,76.0,ALTO
GRANADA,2021,170,0,0,0,68.0,1.1,50000,136.0,ALTO
GRANADA,2022,146,0,0,0,58.400000000000006,0.9,50000,116.8,ALTO
GRANADA,2023,159,0,0,0,63.6,1.0,50000,127.2,ALTO
GRANADA,2024,206,0,0,0,82.4,1.3,50000,164.8,ALTO
GRANADA,2025,158,0,0,0,63.2,1.0,50000,126.4,ALTO
GUACA,2020,3,0,0,0,1.2000000000000002,0.0,50000,2.4,BAJO
GUACA,2023,4,0,0,0,1.6,0.0,50000,3.2,BAJO
GUACA,2024,2,0,0,0,0.8,0.0,50000,1.6,BAJO
GUACA,2025,5,0,0,0,2.0,0.0,50000,4.0,BAJO
GUACARI,2020,16,0,0,0,6.4,0.1,31420,20.37,MEDIO
GUACARI,2021,54,0,0,0,21.6,0.3,31420,68.75,ALTO
GUACARI,2022,58,0,0,0,23.200000000000003,0.4,31420,73.84,ALTO
GUACARI,2023,80,0,0,0,32.0,0.5,31420,101.85,ALTO
GUACARI,2024,106,0,0,0,42.400000000000006,0.7,31420,134.95,ALTO
GUACARI,2025,46,0,0,0,18.400000000000002,0.3,31420,58.56,ALTO
GUACHENE,2020,17,0,0,0,6.800000000000001,0.1,50000,13.6,MEDIO
GUACHENE,2021,32,0,0,0,12.8,0.2,50000,25.6,ALTO
GUACHENE,2022,17,0,0,0,6.800000000000001,0.1,50000,13.6,MEDIO
GUACHENE,2023,23,0,0,0,9.200000000000001,0.1,50000,18.4,MEDIO
GUACHENE,2024,23,0,0,0,9.200000000000001,0.1,50000,18.4,MEDIO
GUACHENE,2025,14,0,0,0,5.6000000000000005,0.1,50000,11.2,MEDIO
GUACHETA,2020,35,0,0,0,14.0,0.2,50000,28.0,ALTO
GUACHETA,2021,65,0,0,0,26.0,0.4,50000,52.0,ALTO
GUACHETA,2022,47,0,0,0,18.8,0.3,50000,37.6,ALTO
GUACHETA,2023,47,0,0,0,18.8,0.3,50000,37.6,ALTO
GUACHETA,2024,17,0,0,0,6.800000000000001,0.1,50000,13.6,MEDIO
GUACHETA,2025,14,0,0,0,5.6000000000000005,0.1,50000,11.2,MEDIO
GUACHUCAL,2021,6,0,0,0,2.4000000000000004,0.0,50000,4.8,BAJO
GUACHUCAL,2022,10,0,0,0,4.0,0.1,50000,8.0,MEDIO
GUACHUCAL,2023,10,0,0,0,4.0,0.1,50000,8.0,MEDIO
GUACHUCAL,2024,16,0,0,0,6.4,0.1,50000,12.8,MEDIO
GUACHUCAL,2025,10,0,0,0,4.0,0.1,50000,8.0,MEDIO
GUADALAJARA DE BUGA,2020,97,0,0,0,38.800000000000004,0.6,122601,31.65,ALTO
GUADALAJARA DE BUGA,2021,247,0,0,0,98.80000000000001,1.6,122601,80.59,ALTO
GUADALAJARA DE BUGA,2022,243,0,0,0,97.2,1.6,122601,79.28,ALTO
GUADALAJARA DE BUGA,2023,327,0,0,0,130.8,2.1,122601,106.69,ALTO
GUADALAJARA DE BUGA,2024,350,0,0,0,140.0,2.2,122601,114.19,ALTO
GUADALAJARA DE BUGA,2025,276,0,0,0,110.4,1.8,122601,90.05,ALTO
GUADALUPE,2020,28,0,0,0,11.200000000000001,0.2,50000,22.4,ALTO
GUADALUPE,2021,20,0,0,0,8.0,0.1,50000,16.0,MEDIO
GUADALUPE,2022,9,0,0,0,3.6,0.1,50000,7.2,MEDIO
GUADALUPE,2023,42,0,0,0,16.8,0.3,50000,33.6,ALTO
GUADALUPE,2024,16,0,0,0,6.4,0.1,50000,12.8,MEDIO
GUADALUPE,2025,18,0,0,0,7.2,0.1,50000,14.4,MEDIO
GUADUAS,2020,76,0,0,0,30.400000000000002,0.5,50000,60.8,ALTO
GUADUAS,2021,50,0,0,0,20.0,0.3,50000,40.0,ALTO
GUADUAS,2022,31,0,0,0,12.4,0.2,50000,24.8,ALTO
GUADUAS,2023,55,0,0,0,22.0,0.3,50000,44.0,ALTO
GUADUAS,2024,60,0,0,0,24.0,0.4,50000,48.0,ALTO
GUADUAS,2025,44,0,0,0,17.6,0.3,50000,35.2,ALTO
GUAITARILLA,2020,6,0,0,0,2.4000000000000004,0.0,50000,4.8,BAJO
GUAITARILLA,2021,5,0,0,0,2.0,0.0,50000,4.0,BAJO
GUAITARILLA,2022,12,0,0,0,4.800000000000001,0.1,50000,9.6,MEDIO
GUAITARILLA,2023,12,0,0,0,4.800000000000001,0.1,50000,9.6,MEDIO
GUAITARILLA,2024,10,0,0,0,4.0,0.1,50000,8.0,MEDIO
GUAITARILLA,2025,13,0,0,0,5.2,0.1,50000,10.4,MEDIO
GUALMATAN,2020,1,0,0,0,0.4,0.0,50000,0.8,BAJO
GUALMATAN,2021,1,0,0,0,0.4,0.0,50000,0.8,BAJO
GUALMATAN,2022,2,0,0,0,0.8,0.0,50000,1.6,BAJO
GUALMATAN,2023,3,0,0,0,1.2000000000000002,0.0,50000,2.4,BAJO
GUALMATAN,2024,4,0,0,0,1.6,0.0,50000,3.2,BAJO
GUALMATAN,2025,4,0,0,0,1.6,0.0,50000,3.2,BAJO
GUAMAL,2020,32,0,0,0,12.8,0.2,50000,25.6,ALTO
GUAMAL,2021,32,0,0,0,12.8,0.2,50000,25.6,ALTO
GUAMAL,2022,30,0,0,0,12.0,0.2,50000,24.0,ALTO
GUAMAL,2023,26,0,0,0,10.4,0.2,50000,20.8,ALTO
GUAMAL,2024,44,0,0,0,17.6,0.3,50000,35.2,ALTO
GUAMAL,2025,32,0,0,0,12.8,0.2,50000,25.6,ALTO
GUAMO,2020,96,0,0,0,38.400000000000006,0.6,50000,76.8,ALTO
GUAMO,2021,119,0,0,0,47.6,0.8,50000,95.2,ALTO
GUAMO,2022,55,0,0,0,22.0,0.3,50000,44.0,ALTO
GUAMO,2023,35,0,0,0,14.0,0.2,50000,28.0,ALTO
GUAMO,2024,86,0,0,0,34.4,0.5,50000,68.8,ALTO
GUAMO,2025,55,0,0,0,22.0,0.3,50000,44.0,ALTO
GUAPI,2020,7,0,0,0,2.8000000000000003,0.0,50000,5.6,BAJO
GUAPI,2021,6,0,0,0,2.4000000000000004,0.0,50000,4.8,BAJO
GUAPI,2022,17,0,0,0,6.800000000000001,0.1,50000,13.6,MEDIO
GUAPI,2023,12,0,0,0,4.800000000000001,0.1,50000,9.6,MEDIO
GUAPI,2024,19,0,0,0,7.6000000000000005,0.1,50000,15.2,MEDIO
GUAPI,2025,14,0,0,0,5.6000000000000005,0.1,50000,11.2,MEDIO
GUAPOTA,2020,6,0,0,0,2.4000000000000004,0.0,50000,4.8,BAJO
GUAPOTA,2021,4,0,0,0,1.6,0.0,50000,3.2,BAJO
GUAPOTA,2022,6,0,0,0,2.4000000000000004,0.0,50000,4.8,BAJO
GUAPOTA,2023,7,0,0,0,2.8000000000000003,0.0,50000,5.6,BAJO
GUAPOTA,2024,5,0,0,0,2.0,0.0,50000,4.0,BAJO
GUAPOTA,2025,2,0,0,0,0.8,0.0,50000,1.6,BAJO
GUARANDA,2020,1,0,0,0,0.4,0.0,50000,0.8,BAJO
GUARANDA,2021,4,0,0,0,1.6,0.0,50000,3.2,BAJO
GUARANDA,2022,1,0,0,0,0.4,0.0,50000,0.8,BAJO
GUARANDA,2023,2,0,0,0,0.8,0.0,50000,1.6,BAJO
GUARANDA,2024,5,0,0,0,2.0,0.0,50000,4.0,BAJO
GUARANDA,2025,6,0,0,0,2.4000000000000004,0.0,50000,4.8,BAJO
GUARNE,2020,96,0,0,0,38.400000000000006,0.6,50000,76.8,ALTO
GUARNE,2021,136,0,0,0,54.400000000000006,0.9,50000,108.8,ALTO
GUARNE,2022,130,0,0,0,52.0,0.8,50000,104.0,ALTO
GUARNE,2023,152,0,0,0,60.800000000000004,1.0,50000,121.6,ALTO
GUARNE,2024,172,0,0,0,68.8,1.1,50000,137.6,ALTO
GUARNE,2025,83,0,0,0,33.2,0.5,50000,66.4,ALTO
GUASCA,2020,44,0,0,0,17.6,0.3,50000,35.2,ALTO
GUASCA,2021,35,0,0,0,14.0,0.2,50000,28.0,ALTO
GUASCA,2022,20,0,0,0,8.0,0.1,50000,16.0,MEDIO
GUASCA,2023,41,0,0,0,16.400000000000002,0.3,50000,32.8,ALTO
GUASCA,2024,33,0,0,0,13.200000000000001,0.2,50000,26.4,ALTO
GUASCA,2025,21,0,0,0,8.4,0.1,50000,16.8,MEDIO
GUATAPE,2020,10,0,0,0,4.0,0.1,50000,8.0,MEDIO
GUATAPE,2021,9,0,0,0,3.6,0.1,50000,7.2,MEDIO
GUATAPE,2022,4,0,0,0,1.6,0.0,50000,3.2,BAJO
GUATAPE,2023,24,0,0,0,9.600000000000001,0.1,50000,19.2,MEDIO
GUATAPE,2024,9,0,0,0,3.6,0.1,50000,7.2,MEDIO
GUATAPE,2025,25,0,0,0,10.0,0.2,50000,20.0,ALTO
GUATAQUI,2020,2,0,0,0,0.8,0.0,50000,1.6,BAJO
GUATAQUI,2021,2,0,0,0,0.8,0.0,50000,1.6,BAJO
GUATAQUI,2022,9,0,0,0,3.6,0.1,50000,7.2,MEDIO
GUATAQUI,2023,1,0,0,0,0.4,0.0,50000,0.8,BAJO
GUATAQUI,2024,4,0,0,0,1.6,0.0,50000,3.2,BAJO
GUATAQUI,2025,2,0,0,0,0.8,0.0,50000,1.6,BAJO
GUATAVITA,2020,34,0,0,0,13.600000000000001,0.2,50000,27.2,ALTO
GUATAVITA,2021,18,0,0,0,7.2,0.1,50000,14.4,MEDIO
GUATAVITA,2022,16,0,0,0,6.4,0.1,50000,12.8,MEDIO
GUATAVITA,2023,23,0,0,0,9.200000000000001,0.1,50000,18.4,MEDIO
GUATAVITA,2024,11,0,0,0,4.4,0.1,50000,8.8,MEDIO
GUATAVITA,2025,40,0,0,0,16.0,0.3,50000,32.0,ALTO
GUATEQUE,2020,11,0,0,0,4.4,0.1,50000,8.8,MEDIO
GUATEQUE,2021,12,0,0,0,4.800000000000001,0.1,50000,9.6,MEDIO
GUATEQUE,2022,9,0,0,0,3.6,0.1,50000,7.2,MEDIO
GUATEQUE,2023,22,0,0,0,8.8,0.1,50000,17.6,MEDIO
GUATEQUE,2024,9,0,0,0,3.6,0.1,50000,7.2,MEDIO
GUATEQUE,2025,37,0,0,0,14.8,0.2,50000,29.6,ALTO
GUATICA,2020,6,0,0,0,2.4000000000000004,0.0,50000,4.8,BAJO
GUATICA,2021,3,0,0,0,1.2000000000000002,0.0,50000,2.4,BAJO
GUATICA,2022,1,0,0,0,0.4,0.0,50000,0.8,BAJO
GUATICA,2023,9,0,0,0,3.6,0.1,50000,7.2,MEDIO
GUATICA,2024,11,0,0,0,4.4,0.1,50000,8.8,MEDIO
GUATICA,2025,11,0,0,0,4.4,0.1,50000,8.8,MEDIO
GUAVATA,2021,5,0,0,0,2.0,0.0,50000,4.0,BAJO
GUAVATA,2022,7,0,0,0,2.8000000000000003,0.0,50000,5.6,BAJO
GUAVATA,2023,5,0,0,0,2.0,0.0,50000,4.0,BAJO
GUAVATA,2024,2,0,0,0,0.8,0.0,50000,1.6,BAJO
GUAVATA,2025,6,0,0,0,2.4000000000000004,0.0,50000,4.8,BAJO
GUAYABAL DE SIQUIMA,2020,13,0,0,0,5.2,0.1,50000,10.4,MEDIO
GUAYABAL DE SIQUIMA,2021,9,0,0,0,3.6,0.1,50000,7.2,MEDIO
GUAYABAL DE SIQUIMA,2022,10,0,0,0,4.0,0.1,50000,8.0,MEDIO
GUAYABAL DE SIQUIMA,2023,20,0,0,0,8.0,0.1,50000,16.0,MEDIO
GUAYABAL DE SIQUIMA,2024,23,0,0,0,9.200000000000001,0.1,50000,18.4,MEDIO
GUAYABAL DE SIQUIMA,2025,7,0,0,0,2.8000000000000003,0.0,50000,5.6,BAJO
GUAYABETAL,2020,5,0,0,0,2.0,0.0,50000,4.0,BAJO
GUAYABETAL,2021,8,0,0,0,3.2,0.0,50000,6.4,BAJO
GUAYABETAL,2022,4,0,0,0,1.6,0.0,50000,3.2,BAJO
GUAYABETAL,2023,18,0,0,0,7.2,0.1,50000,14.4,MEDIO
GUAYABETAL,2024,12,0,0,0,4.800000000000001,0.1,50000,9.6,MEDIO
GUAYABETAL,2025,9,0,0,0,3.6,0.1,50000,7.2,MEDIO
GUAYATA,2021,4,0,0,0,1.6,0.0,50000,3.2,BAJO
GUAYATA,2022,2,0,0,0,0.8,0.0,50000,1.6,BAJO
GUAYATA,2024,5,0,0,0,2.0,0.0,50000,4.0,BAJO
GUAYATA,2025,4,0,0,0,1.6,0.0,50000,3.2,BAJO
GUEPSA,2020,18,0,0,0,7.2,0.1,50000,14.4,MEDIO
GUEPSA,2021,15,0,0,0,6.0,0.1,50000,12.0,MEDIO
GUEPSA,2022,7,0,0,0,2.8000000000000003,0.0,50000,5.6,BAJO
GUEPSA,2023,12,0,0,0,4.800000000000001,0.1,50000,9.6,MEDIO
GUEPSA,2024,9,0,0,0,3.6,0.1,50000,7.2,MEDIO
GUEPSA,2025,9,0,0,0,3.6,0.1,50000,7.2,MEDIO
GUICAN,2023,1,0,0,0,0.4,0.0,50000,0.8,BAJO
GUICAN,2024,2,0,0,0,0.8,0.0,50000,1.6,BAJO
GUICAN,2025,1,0,0,0,0.4,0.0,50000,0.8,BAJO
GUTIERREZ,2020,17,0,0,0,6.800000000000001,0.1,50000,13.6,MEDIO
GUTIERREZ,2021,6,0,0,0,2.4000000000000004,0.0,50000,4.8,BAJO
GUTIERREZ,2022,8,0,0,0,3.2,0.0,50000,6.4,BAJO
GUTIERREZ,2023,15,0,0,0,6.0,0.1,50000,12.0,MEDIO
GUTIERREZ,2024,14,0,0,0,5.6000000000000005,0.1,50000,11.2,MEDIO
GUTIERREZ,2025,8,0,0,0,3.2,0.0,50000,6.4,BAJO
HACARI,2022,1,0,0,0,0.4,0.0,50000,0.8,BAJO
HACARI,2024,2,0,0,0,0.8,0.0,50000,1.6,BAJO
HATILLO DE LOBA,2020,1,0,0,0,0.4,0.0,50000,0.8,BAJO
HATILLO DE LOBA,2021,4,0,0,0,1.6,0.0,50000,3.2,BAJO
HATILLO DE LOBA,2022,2,0,0,0,0.8,0.0,50000,1.6,BAJO
HATILLO DE LOBA,2023,11,0,0,0,4.4,0.1,50000,8.8,MEDIO
HATILLO DE LOBA,2024,1,0,0,0,0.4,0.0,50000,0.8,BAJO
HATILLO DE LOBA,2025,1,0,0,0,0.4,0.0,50000,0.8,BAJO
HATO,2020,3,0,0,0,1.2000000000000002,0.0,50000,2.4,BAJO
HATO,2021,1,0,0,0,0.4,0.0,50000,0.8,BAJO
HATO,2022,1,0,0,0,0.4,0.0,50000,0.8,BAJO
HATO,2023,1,0,0,0,0.4,0.0,50000,0.8,BAJO
HATO,2024,2,0,0,0,0.8,0.0,50000,1.6,BAJO
HATO,2025,4,0,0,0,1.6,0.0,50000,3.2,BAJO
HATO COROZAL,2020,9,0,0,0,3.6,0.1,50000,7.2,MEDIO
HATO COROZAL,2021,6,0,0,0,2.4000000000000004,0.0,50000,4.8,BAJO
HATO COROZAL,2022,8,0,0,0,3.2,0.0,50000,6.4,BAJO
HATO COROZAL,2023,13,0,0,0,5.2,0.1,50000,10.4,MEDIO
HATO COROZAL,2024,8,0,0,0,3.2,0.0,50000,6.4,BAJO
HATO COROZAL,2025,7,0,0,0,2.8000000000000003,0.0,50000,5.6,BAJO
HATONUEVO,2020,5,0,0,0,2.0,0.0,50000,4.0,BAJO
HATONUEVO,2021,7,0,0,0,2.8000000000000003,0.0,50000,5.6,BAJO
HATONUEVO,2022,11,0,0,0,4.4,0.1,50000,8.8,MEDIO
HATONUEVO,2023,4,0,0,0,1.6,0.0,50000,3.2,BAJO
HATONUEVO,2024,5,0,0,0,2.0,0.0,50000,4.0,BAJO
HATONUEVO,2025,8,0,0,0,3.2,0.0,50000,6.4,BAJO
HELICONIA,2020,2,0,0,0,0.8,0.0,50000,1.6,BAJO
HELICONIA,2022,1,0,0,0,0.4,0.0,50000,0.8,BAJO
HELICONIA,2023,7,0,0,0,2.8000000000000003,0.0,50000,5.6,BAJO
HELICONIA,2024,5,0,0,0,2.0,0.0,50000,4.0,BAJO
HELICONIA,2025,2,0,0,0,0.8,0.0,50000,1.6,BAJO
HERRAN,2020,1,0,0,0,0.4,0.0,50000,0.8,BAJO
HERRAN,2021,1,0,0,0,0.4,0.0,50000,0.8,BAJO
HERRAN,2022,1,0,0,0,0.4,0.0,50000,0.8,BAJO
HERRAN,2023,3,0,0,0,1.2000000000000002,0.0,50000,2.4,BAJO
HERRAN,2024,5,0,0,0,2.0,0.0,50000,4.0,BAJO
HERRAN,2025,1,0,0,0,0.4,0.0,50000,0.8,BAJO
HERVEO,2020,6,0,0,0,2.4000000000000004,0.0,50000,4.8,BAJO
HERVEO,2021,10,0,0,0,4.0,0.1,50000,8.0,MEDIO
HERVEO,2022,4,0,0,0,1.6,0.0,50000,3.2,BAJO
HERVEO,2023,8,0,0,0,3.2,0.0,50000,6.4,BAJO
HERVEO,2024,9,0,0,0,3.6,0.1,50000,7.2,MEDIO
HERVEO,2025,6,0,0,0,2.4000000000000004,0.0,50000,4.8,BAJO
HISPANIA,2020,6,0,0,0,2.4000000000000004,0.0,50000,4.8,BAJO
HISPANIA,2021,8,0,0,0,3.2,0.0,50000,6.4,BAJO
HISPANIA,2022,7,0,0,0,2.8000000000000003,0.0,50000,5.6,BAJO
HISPANIA,2023,9,0,0,0,3.6,0.1,50000,7.2,MEDIO
HISPANIA,2024,19,0,0,0,7.6000000000000005,0.1,50000,15.2,MEDIO
HISPANIA,2025,10,0,0,0,4.0,0.1,50000,8.0,MEDIO
HOBO,2020,4,0,0,0,1.6,0.0,50000,3.2,BAJO
HOBO,2021,3,0,0,0,1.2000000000000002,0.0,50000,2.4,BAJO
HOBO,2022,7,0,0,0,2.8000000000000003,0.0,50000,5.6,BAJO
HOBO,2023,18,0,0,0,7.2,0.1,50000,14.4,MEDIO
HOBO,2024,11,0,0,0,4.4,0.1,50000,8.8,MEDIO
HOBO,2025,16,0,0,0,6.4,0.1,50000,12.8,MEDIO
HONDA,2020,73,0,0,0,29.200000000000003,0.5,50000,58.4,ALTO
HONDA,2021,104,0,0,0,41.6,0.7,50000,83.2,ALTO
HONDA,2022,66,0,0,0,26.400000000000002,0.4,50000,52.8,ALTO
HONDA,2023,49,0,0,0,19.6,0.3,50000,39.2,ALTO
HONDA,2024,71,0,0,0,28.400000000000002,0.5,50000,56.8,ALTO
HONDA,2025,39,0,0,0,15.600000000000001,0.2,50000,31.2,ALTO
IBAGUE,2020,264,0,0,0,105.60000000000001,1.7,50000,211.2,ALTO
IBAGUE,2021,291,0,0,0,116.4,1.9,50000,232.8,ALTO
IBAGUE,2022,363,0,0,0,145.20000000000002,2.3,50000,290.4,ALTO
IBAGUE,2023,515,0,0,0,206.0,3.3,50000,412.0,ALTO
IBAGUE,2024,340,0,0,0,136.0,2.2,50000,272.0,ALTO
IBAGUE (CT),2020,506,0,0,0,202.4,3.2,50000,404.8,ALTO
IBAGUE (CT),2021,427,0,0,0,170.8,2.7,50000,341.6,ALTO
IBAGUE (CT),2022,458,0,0,0,183.20000000000002,2.9,50000,366.4,ALTO
IBAGUE (CT),2023,596,0,0,0,238.4,3.8,50000,476.8,ALTO
IBAGUE (CT),2024,664,0,0,0,265.6,4.3,50000,531.2,ALTO
IBAGUE (CT),2025,640,0,0,0,256.0,4.1,50000,512.0,ALTO
ICONONZO,2020,36,0,0,0,14.4,0.2,50000,28.8,ALTO
ICONONZO,2021,45,0,0,0,18.0,0.3,50000,36.0,ALTO
ICONONZO,2022,26,0,0,0,10.4,0.2,50000,20.8,ALTO
ICONONZO,2023,18,0,0,0,7.2,0.1,50000,14.4,MEDIO
ICONONZO,2024,19,0,0,0,7.6000000000000005,0.1,50000,15.2,MEDIO
ICONONZO,2025,9,0,0,0,3.6,0.1,50000,7.2,MEDIO
ILES,2020,1,0,0,0,0.4,0.0,50000,0.8,BAJO
ILES,2021,10,0,0,0,4.0,0.1,50000,8.0,MEDIO
ILES,2022,3,0,0,0,1.2000000000000002,0.0,50000,2.4,BAJO
ILES,2023,5,0,0,0,2.0,0.0,50000,4.0,BAJO
ILES,2024,5,0,0,0,2.0,0.0,50000,4.0,BAJO
ILES,2025,8,0,0,0,3.2,0.0,50000,6.4,BAJO
IMUES,2020,5,0,0,0,2.0,0.0,50000,4.0,BAJO
IMUES,2021,5,0,0,0,2.0,0.0,50000,4.0,BAJO
IMUES,2022,6,0,0,0,2.4000000000000004,0.0,50000,4.8,BAJO
IMUES,2023,7,0,0,0,2.8000000000000003,0.0,50000,5.6,BAJO
IMUES,2024,7,0,0,0,2.8000000000000003,0.0,50000,5.6,BAJO
IMUES,2025,4,0,0,0,1.6,0.0,50000,3.2,BAJO
INIRIDA,2020,17,0,0,0,6.800000000000001,0.1,50000,13.6,MEDIO
INIRIDA,2021,17,0,0,0,6.800000000000001,0.1,50000,13.6,MEDIO
INIRIDA,2022,19,0,0,0,7.6000000000000005,0.1,50000,15.2,MEDIO
INIRIDA,2023,38,0,0,0,15.200000000000001,0.2,50000,30.4,ALTO
INIRIDA,2024,34,0,0,0,13.600000000000001,0.2,50000,27.2,ALTO
INIRIDA (CT),2020,23,0,0,0,9.200000000000001,0.1,50000,18.4,MEDIO
INIRIDA (CT),2021,57,0,0,0,22.8,0.4,50000,45.6,ALTO
INIRIDA (CT),2022,25,0,0,0,10.0,0.2,50000,20.0,ALTO
INIRIDA (CT),2023,80,0,0,0,32.0,0.5,50000,64.0,ALTO
INIRIDA (CT),2024,42,0,0,0,16.8,0.3,50000,33.6,ALTO
INIRIDA (CT),2025,72,0,0,0,28.8,0.5,50000,57.6,ALTO
INZA,2020,15,0,0,0,6.0,0.1,50000,12.0,MEDIO
INZA,2021,23,0,0,0,9.200000000000001,0.1,50000,18.4,MEDIO
INZA,2022,28,0,0,0,11.200000000000001,0.2,50000,22.4,ALTO
INZA,2023,21,0,0,0,8.4,0.1,50000,16.8,MEDIO
INZA,2024,20,0,0,0,8.0,0.1,50000,16.0,MEDIO
INZA,2025,17,0,0,0,6.800000000000001,0.1,50000,13.6,MEDIO
IPIALES,2020,145,0,0,0,58.0,0.9,50000,116.0,ALTO
IPIALES,2021,143,0,0,0,57.2,0.9,50000,114.4,ALTO
IPIALES,2022,185,0,0,0,74.0,1.2,50000,148.0,ALTO
IPIALES,2023,167,0,0,0,66.8,1.1,50000,133.6,ALTO
IPIALES,2024,227,0,0,0,90.80000000000001,1.5,50000,181.6,ALTO
IPIALES,2025,235,0,0,0,94.0,1.5,50000,188.0,ALTO
IPIALES,9999,0,1,1,0,0.30000000000000004,0.0,50000,0.6,BAJO
IQUIRA,2020,3,0,0,0,1.2000000000000002,0.0,50000,2.4,BAJO
IQUIRA,2021,1,0,0,0,0.4,0.0,50000,0.8,BAJO
IQUIRA,2022,4,0,0,0,1.6,0.0,50000,3.2,BAJO
IQUIRA,2023,8,0,0,0,3.2,0.0,50000,6.4,BAJO
IQUIRA,2024,3,0,0,0,1.2000000000000002,0.0,50000,2.4,BAJO
IQUIRA,2025,12,0,0,0,4.800000000000001,0.1,50000,9.6,MEDIO
ISNOS,2020,37,0,0,0,14.8,0.2,50000,29.6,ALTO
ISNOS,2021,28,0,0,0,11.200000000000001,0.2,50000,22.4,ALTO
ISNOS,2022,36,0,0,0,14.4,0.2,50000,28.8,ALTO
ISNOS,2023,23,0,0,0,9.200000000000001,0.1,50000,18.4,MEDIO
ISNOS,2024,37,0,0,0,14.8,0.2,50000,29.6,ALTO
ISNOS,2025,71,0,0,0,28.400000000000002,0.5,50000,56.8,ALTO
ISTMINA,2020,21,0,0,0,8.4,0.1,50000,16.8,MEDIO
ISTMINA,2021,9,0,0,0,3.6,0.1,50000,7.2,MEDIO
ISTMINA,2022,5,0,0,0,2.0,0.0,50000,4.0,BAJO
ISTMINA,2023,40,0,0,0,16.0,0.3,50000,32.0,ALTO
ISTMINA,2024,45,0,0,0,18.0,0.3,50000,36.0,ALTO
ISTMINA,2025,45,0,0,0,18.0,0.3,50000,36.0,ALTO
ITAGUI,2020,230,0,0,0,92.0,1.5,50000,184.0,ALTO
ITAGUI,2021,404,0,0,0,161.60000000000002,2.6,50000,323.2,ALTO
ITAGUI,2022,308,0,0,0,123.2,2.0,50000,246.4,ALTO
ITAGUI,2023,566,0,0,0,226.4,3.6,50000,452.8,ALTO
ITAGUI,2024,497,0,0,0,198.8,3.2,50000,397.6,ALTO
ITAGUI,2025,295,0,0,0,118.0,1.9,50000,236.0,ALTO
ITUANGO,2020,4,0,0,0,1.6,0.0,50000,3.2,BAJO
ITUANGO,2021,11,0,0,0,4.4,0.1,50000,8.8,MEDIO
ITUANGO,2022,7,0,0,0,2.8000000000000003,0.0,50000,5.6,BAJO
ITUANGO,2023,11,0,0,0,4.4,0.1,50000,8.8,MEDIO
ITUANGO,2024,11,0,0,0,4.4,0.1,50000,8.8,MEDIO
ITUANGO,2025,7,0,0,0,2.8000000000000003,0.0,50000,5.6,BAJO
ITUANGO,9999,0,1,1,0,0.30000000000000004,0.0,50000,0.6,BAJO
IZA,2020,4,0,0,0,1.6,0.0,50000,3.2,BAJO
IZA,2022,1,0,0,0,0.4,0.0,50000,0.8,BAJO
IZA,2023,6,0,0,0,2.4000000000000004,0.0,50000,4.8,BAJO
IZA,2024,1,0,0,0,0.4,0.0,50000,0.8,BAJO
IZA,2025,4,0,0,0,1.6,0.0,50000,3.2,BAJO
JAMBALO,2020,4,0,0,0,1.6,0.0,50000,3.2,BAJO
JAMBALO,2021,7,0,0,0,2.8000000000000003,0.0,50000,5.6,BAJO
JAMBALO,2022,4,0,0,0,1.6,0.0,50000,3.2,BAJO
JAMBALO,2023,2,0,0,0,0.8,0.0,50000,1.6,BAJO
JAMBALO,2024,4,0,0,0,1.6,0.0,50000,3.2,BAJO
JAMBALO,2025,3,0,0,0,1.2000000000000002,0.0,50000,2.4,BAJO
JAMBALO,9999,0,1,1,0,0.30000000000000004,0.0,50000,0.6,BAJO
JAMUNDI,2020,55,0,0,0,22.0,0.3,167441,13.14,ALTO
JAMUNDI,2021,142,0,0,0,56.800000000000004,0.9,167441,33.92,ALTO
JAMUNDI,2022,118,0,0,0,47.2,0.8,167441,28.19,ALTO
JAMUNDI,2023,168,0,0,0,67.2,1.1,167441,40.13,ALTO
JAMUNDI,2024,171,0,0,0,68.4,1.1,167441,40.85,ALTO
JAMUNDI,2025,166,0,0,0,66.4,1.1,167441,39.66,ALTO
JARDIN,2020,9,0,0,0,3.6,0.1,50000,7.2,MEDIO
JARDIN,2021,22,0,0,0,8.8,0.1,50000,17.6,MEDIO
JARDIN,2022,14,0,0,0,5.6000000000000005,0.1,50000,11.2,MEDIO
JARDIN,2023,22,0,0,0,8.8,0.1,50000,17.6,MEDIO
JARDIN,2024,20,0,0,0,8.0,0.1,50000,16.0,MEDIO
JARDIN,2025,17,0,0,0,6.800000000000001,0.1,50000,13.6,MEDIO
JENESANO,2020,6,0,0,0,2.4000000000000004,0.0,50000,4.8,BAJO
JENESANO,2021,2,0,0,0,0.8,0.0,50000,1.6,BAJO
JENESANO,2023,6,0,0,0,2.4000000000000004,0.0,50000,4.8,BAJO
JENESANO,2024,34,0,0,0,13.600000000000001,0.2,50000,27.2,ALTO
JENESANO,2025,23,0,0,0,9.200000000000001,0.1,50000,18.4,MEDIO
JERICO,2020,24,0,0,0,9.600000000000001,0.1,50000,19.2,MEDIO
JERICO,2021,30,0,0,0,12.0,0.2,50000,24.0,ALTO
JERICO,2022,40,0,0,0,16.0,0.3,50000,32.0,ALTO
JERICO,2023,39,0,0,0,15.600000000000001,0.2,50000,31.2,ALTO
JERICO,2024,17,0,0,0,6.800000000000001,0.1,50000,13.6,MEDIO
JERICO,2025,22,0,0,0,8.8,0.1,50000,17.6,MEDIO
JERUSALEN,2020,8,0,0,0,3.2,0.0,50000,6.4,BAJO
JERUSALEN,2021,2,0,0,0,0.8,0.0,50000,1.6,BAJO
JERUSALEN,2022,3,0,0,0,1.2000000000000002,0.0,50000,2.4,BAJO
JERUSALEN,2023,3,0,0,0,1.2000000000000002,0.0,50000,2.4,BAJO
JERUSALEN,2024,9,0,0,0,3.6,0.1,50000,7.2,MEDIO
JERUSALEN,2025,4,0,0,0,1.6,0.0,50000,3.2,BAJO
JESUS MARIA,2020,1,0,0,0,0.4,0.0,50000,0.8,BAJO
JESUS MARIA,2023,5,0,0,0,2.0,0.0,50000,4.0,BAJO
JESUS MARIA,2024,1,0,0,0,0.4,0.0,50000,0.8,BAJO
JESUS MARIA,2025,3,0,0,0,1.2000000000000002,0.0,50000,2.4,BAJO
JORDAN,2023,1,0,0,0,0.4,0.0,50000,0.8,BAJO
JORDAN,2025,2,0,0,0,0.8,0.0,50000,1.6,BAJO
JUAN DE ACOSTA,2020,2,0,0,0,0.8,0.0,50000,1.6,BAJO
JUAN DE ACOSTA,2021,9,0,0,0,3.6,0.1,50000,7.2,MEDIO
JUAN DE ACOSTA,2022,10,0,0,0,4.0,0.1,50000,8.0,MEDIO
JUAN DE ACOSTA,2023,17,0,0,0,6.800000000000001,0.1,50000,13.6,MEDIO
JUAN DE ACOSTA,2024,32,0,0,0,12.8,0.2,50000,25.6,ALTO
JUAN DE ACOSTA,2025,32,0,0,0,12.8,0.2,50000,25.6,ALTO
JUNIN,2020,4,0,0,0,1.6,0.0,50000,3.2,BAJO
JUNIN,2021,17,0,0,0,6.800000000000001,0.1,50000,13.6,MEDIO
JUNIN,2022,1,0,0,0,0.4,0.0,50000,0.8,BAJO
JUNIN,2023,5,0,0,0,2.0,0.0,50000,4.0,BAJO
JUNIN,2024,7,0,0,0,2.8000000000000003,0.0,50000,5.6,BAJO
JUNIN,2025,1,0,0,0,0.4,0.0,50000,0.8,BAJO
JURADO,2021,1,0,0,0,0.4,0.0,50000,0.8,BAJO
JURADO,2023,1,0,0,0,0.4,0.0,50000,0.8,BAJO
LA APARTADA,2020,4,0,0,0,1.6,0.0,50000,3.2,BAJO
LA APARTADA,2021,8,0,0,0,3.2,0.0,50000,6.4,BAJO
LA APARTADA,2022,15,0,0,0,6.0,0.1,50000,12.0,MEDIO
LA APARTADA,2023,17,0,0,0,6.800000000000001,0.1,50000,13.6,MEDIO
LA APARTADA,2024,15,0,0,0,6.0,0.1,50000,12.0,MEDIO
LA APARTADA,2025,8,0,0,0,3.2,0.0,50000,6.4,BAJO
LA ARGENTINA,2020,3,0,0,0,1.2000000000000002,0.0,50000,2.4,BAJO
LA ARGENTINA,2021,4,0,0,0,1.6,0.0,50000,3.2,BAJO
LA ARGENTINA,2022,5,0,0,0,2.0,0.0,50000,4.0,BAJO
LA ARGENTINA,2023,6,0,0,0,2.4000000000000004,0.0,50000,4.8,BAJO
LA ARGENTINA,2024,8,0,0,0,3.2,0.0,50000,6.4,BAJO
LA ARGENTINA,2025,28,0,0,0,11.200000000000001,0.2,50000,22.4,ALTO
LA BELLEZA,2020,3,0,0,0,1.2000000000000002,0.0,50000,2.4,BAJO
LA BELLEZA,2021,3,0,0,0,1.2000000000000002,0.0,50000,2.4,BAJO
LA BELLEZA,2022,3,0,0,0,1.2000000000000002,0.0,50000,2.4,BAJO
LA BELLEZA,2023,9,0,0,0,3.6,0.1,50000,7.2,MEDIO
LA BELLEZA,2024,2,0,0,0,0.8,0.0,50000,1.6,BAJO
LA BELLEZA,2025,3,0,0,0,1.2000000000000002,0.0,50000,2.4,BAJO
LA CALERA,2020,98,0,0,0,39.2,0.6,50000,78.4,ALTO
LA CALERA,2021,76,0,0,0,30.400000000000002,0.5,50000,60.8,ALTO
LA CALERA,2022,44,0,0,0,17.6,0.3,50000,35.2,ALTO
LA CALERA,2023,56,0,0,0,22.400000000000002,0.4,50000,44.8,ALTO
LA CALERA,2024,124,0,0,0,49.6,0.8,50000,99.2,ALTO
LA CALERA,2025,73,0,0,0,29.200000000000003,0.5,50000,58.4,ALTO
LA CAPILLA,2020,4,0,0,0,1.6,0.0,50000,3.2,BAJO
LA CAPILLA,2021,2,0,0,0,0.8,0.0,50000,1.6,BAJO
LA CAPILLA,2022,1,0,0,0,0.4,0.0,50000,0.8,BAJO
LA CAPILLA,2023,1,0,0,0,0.4,0.0,50000,0.8,BAJO
LA CAPILLA,2024,4,0,0,0,1.6,0.0,50000,3.2,BAJO
LA CAPILLA,2025,3,0,0,0,1.2000000000000002,0.0,50000,2.4,BAJO
LA CEJA,2020,64,0,0,0,25.6,0.4,50000,51.2,ALTO
LA CEJA,2021,76,0,0,0,30.400000000000002,0.5,50000,60.8,ALTO
LA CEJA,2022,95,0,0,0,38.0,0.6,50000,76.0,ALTO
LA CEJA,2023,134,0,0,0,53.6,0.9,50000,107.2,ALTO
LA CEJA,2024,177,0,0,0,70.8,1.1,50000,141.6,ALTO
LA CEJA,2025,144,0,0,0,57.6,0.9,50000,115.2,ALTO
LA CELIA,2020,1,0,0,0,0.4,0.0,50000,0.8,BAJO
LA CELIA,2021,2,0,0,0,0.8,0.0,50000,1.6,BAJO
LA CELIA,2022,12,0,0,0,4.800000000000001,0.1,50000,9.6,MEDIO
LA CELIA,2023,12,0,0,0,4.800000000000001,0.1,50000,9.6,MEDIO
LA CELIA,2024,10,0,0,0,4.0,0.1,50000,8.0,MEDIO
LA CELIA,2025,5,0,0,0,2.0,0.0,50000,4.0,BAJO
LA CRUZ,2020,5,0,0,0,2.0,0.0,50000,4.0,BAJO
LA CRUZ,2021,4,0,0,0,1.6,0.0,50000,3.2,BAJO
LA CRUZ,2022,10,0,0,0,4.0,0.1,50000,8.0,MEDIO
LA CRUZ,2023,13,0,0,0,5.2,0.1,50000,10.4,MEDIO
LA CRUZ,2024,19,0,0,0,7.6000000000000005,0.1,50000,15.2,MEDIO
LA CRUZ,2025,5,0,0,0,2.0,0.0,50000,4.0,BAJO
LA CUMBRE,2020,8,0,0,0,3.2,0.0,13100,24.43,BAJO
LA CUMBRE,2021,22,0,0,0,8.8,0.1,13100,67.18,MEDIO
LA CUMBRE,2022,13,0,0,0,5.2,0.1,13100,39.69,MEDIO
LA CUMBRE,2023,22,0,0,0,8.8,0.1,13100,67.18,MEDIO
LA CUMBRE,2024,26,0,0,0,10.4,0.2,13100,79.39,ALTO
LA CUMBRE,2025,20,0,0,0,8.0,0.1,13100,61.07,MEDIO
LA DORADA,2020,49,0,0,0,19.6,0.3,50000,39.2,ALTO
LA DORADA,2021,222,0,0,0,88.80000000000001,1.4,50000,177.6,ALTO
LA DORADA,2022,85,0,0,0,34.0,0.5,50000,68.0,ALTO
LA DORADA,2023,44,0,0,0,17.6,0.3,50000,35.2,ALTO
LA DORADA,2024,49,0,0,0,19.6,0.3,50000,39.2,ALTO
LA DORADA,2025,8,0,0,0,3.2,0.0,50000,6.4,BAJO
LA ESPERANZA,2020,3,0,0,0,1.2000000000000002,0.0,50000,2.4,BAJO
LA ESPERANZA,2021,8,0,0,0,3.2,0.0,50000,6.4,BAJO
LA ESPERANZA,2022,6,0,0,0,2.4000000000000004,0.0,50000,4.8,BAJO
LA ESPERANZA,2023,5,0,0,0,2.0,0.0,50000,4.0,BAJO
LA ESPERANZA,2024,7,0,0,0,2.8000000000000003,0.0,50000,5.6,BAJO
LA ESPERANZA,2025,19,0,0,0,7.6000000000000005,0.1,50000,15.2,MEDIO
LA ESTRELLA,2020,62,0,0,0,24.8,0.4,50000,49.6,ALTO
LA ESTRELLA,2021,123,0,0,0,49.2,0.8,50000,98.4,ALTO
LA ESTRELLA,2022,162,0,0,0,64.8,1.0,50000,129.6,ALTO
LA ESTRELLA,2023,179,0,0,0,71.60000000000001,1.1,50000,143.2,ALTO
LA ESTRELLA,2024,196,0,0,0,78.4,1.3,50000,156.8,ALTO
LA ESTRELLA,2025,145,0,0,0,58.0,0.9,50000,116.0,ALTO
LA FLORIDA,2020,5,0,0,0,2.0,0.0,50000,4.0,BAJO
LA FLORIDA,2021,10,0,0,0,4.0,0.1,50000,8.0,MEDIO
LA FLORIDA,2022,8,0,0,0,3.2,0.0,50000,6.4,BAJO
LA FLORIDA,2023,2,0,0,0,0.8,0.0,50000,1.6,BAJO
LA FLORIDA,2024,13,0,0,0,5.2,0.1,50000,10.4,MEDIO
LA FLORIDA,2025,11,0,0,0,4.4,0.1,50000,8.8,MEDIO
LA GLORIA,2020,6,0,0,0,2.4000000000000004,0.0,50000,4.8,BAJO
LA GLORIA,2021,4,0,0,0,1.6,0.0,50000,3.2,BAJO
LA GLORIA,2022,4,0,0,0,1.6,0.0,50000,3.2,BAJO
LA GLORIA,2024,15,0,0,0,6.0,0.1,50000,12.0,MEDIO
LA GLORIA,2025,18,0,0,0,7.2,0.1,50000,14.4,MEDIO
LA JAGUA DE IBIRICO,2020,31,0,0,0,12.4,0.2,50000,24.8,ALTO
LA JAGUA DE IBIRICO,2021,32,0,0,0,12.8,0.2,50000,25.6,ALTO
LA JAGUA DE IBIRICO,2022,14,0,0,0,5.6000000000000005,0.1,50000,11.2,MEDIO
LA JAGUA DE IBIRICO,2023,6,0,0,0,2.4000000000000004,0.0,50000,4.8,BAJO
LA JAGUA DE IBIRICO,2024,16,0,0,0,6.4,0.1,50000,12.8,MEDIO
LA JAGUA DE IBIRICO,2025,33,0,0,0,13.200000000000001,0.2,50000,26.4,ALTO
LA JAGUA DEL PILAR,2020,3,0,0,0,1.2000000000000002,0.0,50000,2.4,BAJO
LA JAGUA DEL PILAR,2021,1,0,0,0,0.4,0.0,50000,0.8,BAJO
LA JAGUA DEL PILAR,2022,1,0,0,0,0.4,0.0,50000,0.8,BAJO
LA JAGUA DEL PILAR,2023,2,0,0,0,0.8,0.0,50000,1.6,BAJO
LA JAGUA DEL PILAR,2024,2,0,0,0,0.8,0.0,50000,1.6,BAJO
LA JAGUA DEL PILAR,2025,1,0,0,0,0.4,0.0,50000,0.8,BAJO
LA LLANADA,2020,1,0,0,0,0.4,0.0,50000,0.8,BAJO
LA LLANADA,2021,2,0,0,0,0.8,0.0,50000,1.6,BAJO
LA LLANADA,2022,6,0,0,0,2.4000000000000004,0.0,50000,4.8,BAJO
LA LLANADA,2023,2,0,0,0,0.8,0.0,50000,1.6,BAJO
LA LLANADA,2024,4,0,0,0,1.6,0.0,50000,3.2,BAJO
LA LLANADA,2025,17,0,0,0,6.800000000000001,0.1,50000,13.6,MEDIO
LA MACARENA,2020,15,0,0,0,6.0,0.1,50000,12.0,MEDIO
LA MACARENA,2021,10,0,0,0,4.0,0.1,50000,8.0,MEDIO
LA MACARENA,2022,11,0,0,0,4.4,0.1,50000,8.8,MEDIO
LA MACARENA,2023,5,0,0,0,2.0,0.0,50000,4.0,BAJO
LA MACARENA,2024,14,0,0,0,5.6000000000000005,0.1,50000,11.2,MEDIO
LA MACARENA,2025,25,0,0,0,10.0,0.2,50000,20.0,ALTO
LA MACARENA,9999,0,1,1,0,0.30000000000000004,0.0,50000,0.6,BAJO
LA MERCED,2020,2,0,0,0,0.8,0.0,50000,1.6,BAJO
LA MERCED,2021,8,0,0,0,3.2,0.0,50000,6.4,BAJO
LA MERCED,2022,2,0,0,0,0.8,0.0,50000,1.6,BAJO
LA MERCED,2023,2,0,0,0,0.8,0.0,50000,1.6,BAJO
LA MESA,2020,131,0,0,0,52.400000000000006,0.8,50000,104.8,ALTO
LA MESA,2021,214,0,0,0,85.60000000000001,1.4,50000,171.2,ALTO
LA MESA,2022,72,0,0,0,28.8,0.5,50000,57.6,ALTO
LA MESA,2023,147,0,0,0,58.800000000000004,0.9,50000,117.6,ALTO
LA MESA,2024,181,0,0,0,72.4,1.2,50000,144.8,ALTO
LA MESA,2025,127,0,0,0,50.800000000000004,0.8,50000,101.6,ALTO
LA MONTANITA,2020,1,0,0,0,0.4,0.0,50000,0.8,BAJO
LA MONTANITA,2021,21,0,0,0,8.4,0.1,50000,16.8,MEDIO
LA MONTANITA,2022,2,0,0,0,0.8,0.0,50000,1.6,BAJO
LA MONTANITA,2023,5,0,0,0,2.0,0.0,50000,4.0,BAJO
LA MONTANITA,2024,4,0,0,0,1.6,0.0,50000,3.2,BAJO
LA MONTANITA,2025,2,0,0,0,0.8,0.0,50000,1.6,BAJO
LA MONTANITA,9999,0,1,1,0,0.30000000000000004,0.0,50000,0.6,BAJO
LA PALMA,2020,8,0,0,0,3.2,0.0,50000,6.4,BAJO
LA PALMA,2021,6,0,0,0,2.4000000000000004,0.0,50000,4.8,BAJO
LA PALMA,2022,6,0,0,0,2.4000000000000004,0.0,50000,4.8,BAJO
LA PALMA,2023,9,0,0,0,3.6,0.1,50000,7.2,MEDIO
LA PALMA,2024,13,0,0,0,5.2,0.1,50000,10.4,MEDIO
LA PALMA,2025,17,0,0,0,6.800000000000001,0.1,50000,13.6,MEDIO
LA PAZ,2020,33,0,0,0,13.200000000000001,0.2,50000,26.4,ALTO
LA PAZ,2021,20,0,0,0,8.0,0.1,50000,16.0,MEDIO
LA PAZ,2022,27,0,0,0,10.8,0.2,50000,21.6,ALTO
LA PAZ,2023,17,0,0,0,6.800000000000001,0.1,50000,13.6,MEDIO
LA PAZ,2024,29,0,0,0,11.600000000000001,0.2,50000,23.2,ALTO
LA PAZ,2025,34,0,0,0,13.600000000000001,0.2,50000,27.2,ALTO
LA PENA,2020,17,0,0,0,6.800000000000001,0.1,50000,13.6,MEDIO
LA PENA,2021,14,0,0,0,5.6000000000000005,0.1,50000,11.2,MEDIO
LA PENA,2022,2,0,0,0,0.8,0.0,50000,1.6,BAJO
LA PENA,2023,7,0,0,0,2.8000000000000003,0.0,50000,5.6,BAJO
LA PENA,2024,5,0,0,0,2.0,0.0,50000,4.0,BAJO
LA PENA,2025,4,0,0,0,1.6,0.0,50000,3.2,BAJO
LA PINTADA,2020,1,0,0,0,0.4,0.0,50000,0.8,BAJO
LA PINTADA,2021,5,0,0,0,2.0,0.0,50000,4.0,BAJO
LA PINTADA,2022,6,0,0,0,2.4000000000000004,0.0,50000,4.8,BAJO
LA PINTADA,2023,14,0,0,0,5.6000000000000005,0.1,50000,11.2,MEDIO
LA PINTADA,2024,19,0,0,0,7.6000000000000005,0.1,50000,15.2,MEDIO
LA PINTADA,2025,13,0,0,0,5.2,0.1,50000,10.4,MEDIO
LA PLATA,2020,27,0,0,0,10.8,0.2,50000,21.6,ALTO
LA PLATA,2021,42,0,0,0,16.8,0.3,50000,33.6,ALTO
LA PLATA,2022,57,0,0,0,22.8,0.4,50000,45.6,ALTO
LA PLATA,2023,61,0,0,0,24.400000000000002,0.4,50000,48.8,ALTO
LA PLATA,2024,63,0,0,0,25.200000000000003,0.4,50000,50.4,ALTO
LA PLATA,2025,100,0,0,0,40.0,0.6,50000,80.0,ALTO
LA PLAYA,2020,3,0,0,0,1.2000000000000002,0.0,50000,2.4,BAJO
LA PLAYA,2021,1,0,0,0,0.4,0.0,50000,0.8,BAJO
LA PLAYA,2023,1,0,0,0,0.4,0.0,50000,0.8,BAJO
LA PLAYA,2024,1,0,0,0,0.4,0.0,50000,0.8,BAJO
LA PLAYA,2025,1,0,0,0,0.4,0.0,50000,0.8,BAJO
LA PRIMAVERA,2020,11,0,0,0,4.4,0.1,50000,8.8,MEDIO
LA PRIMAVERA,2021,3,0,0,0,1.2000000000000002,0.0,50000,2.4,BAJO
LA PRIMAVERA,2022,4,0,0,0,1.6,0.0,50000,3.2,BAJO
LA PRIMAVERA,2023,25,0,0,0,10.0,0.2,50000,20.0,ALTO
LA PRIMAVERA,2024,16,0,0,0,6.4,0.1,50000,12.8,MEDIO
LA PRIMAVERA,2025,11,0,0,0,4.4,0.1,50000,8.8,MEDIO
LA SALINA,2021,1,0,0,0,0.4,0.0,50000,0.8,BAJO
LA SALINA,2022,1,0,0,0,0.4,0.0,50000,0.8,BAJO
LA SIERRA,2020,10,0,0,0,4.0,0.1,50000,8.0,MEDIO
LA SIERRA,2021,16,0,0,0,6.4,0.1,50000,12.8,MEDIO
LA SIERRA,2022,10,0,0,0,4.0,0.1,50000,8.0,MEDIO
LA SIERRA,2023,8,0,0,0,3.2,0.0,50000,6.4,BAJO
LA SIERRA,2024,8,0,0,0,3.2,0.0,50000,6.4,BAJO
LA SIERRA,2025,5,0,0,0,2.0,0.0,50000,4.0,BAJO
LA TEBAIDA,2020,19,0,0,0,7.6000000000000005,0.1,50000,15.2,MEDIO
LA TEBAIDA,2021,21,0,0,0,8.4,0.1,50000,16.8,MEDIO
LA TEBAIDA,2022,36,0,0,0,14.4,0.2,50000,28.8,ALTO
LA TEBAIDA,2023,41,0,0,0,16.400000000000002,0.3,50000,32.8,ALTO
LA TEBAIDA,2024,40,0,0,0,16.0,0.3,50000,32.0,ALTO
LA TEBAIDA,2025,6,0,0,0,2.4000000000000004,0.0,50000,4.8,BAJO
LA TOLA,2023,2,0,0,0,0.8,0.0,50000,1.6,BAJO
LA TOLA,2024,1,0,0,0,0.4,0.0,50000,0.8,BAJO
LA UNION,2020,35,0,0,0,14.0,0.2,36000,38.89,ALTO
LA UNION,2021,67,0,0,0,26.8,0.4,36000,74.44,ALTO
LA UNION,2022,47,0,0,0,18.8,0.3,36000,52.22,ALTO
LA UNION,2023,133,0,0,0,53.2,0.8,36000,147.78,ALTO
LA UNION,2024,146,0,0,0,58.400000000000006,0.9,36000,162.22,ALTO
LA UNION,2025,105,0,0,0,42.0,0.7,36000,116.67,ALTO
LA UVITA,2022,1,0,0,0,0.4,0.0,50000,0.8,BAJO
LA UVITA,2023,2,0,0,0,0.8,0.0,50000,1.6,BAJO
LA UVITA,2024,2,0,0,0,0.8,0.0,50000,1.6,BAJO
LA UVITA,2025,2,0,0,0,0.8,0.0,50000,1.6,BAJO
LA VEGA,2020,33,0,0,0,13.200000000000001,0.2,50000,26.4,ALTO
LA VEGA,2021,94,0,0,0,37.6,0.6,50000,75.2,ALTO
LA VEGA,2022,44,0,0,0,17.6,0.3,50000,35.2,ALTO
LA VEGA,2023,76,0,0,0,30.400000000000002,0.5,50000,60.8,ALTO
LA VEGA,2024,68,0,0,0,27.200000000000003,0.4,50000,54.4,ALTO
LA VEGA,2025,55,0,0,0,22.0,0.3,50000,44.0,ALTO
LA VICTORIA,2020,11,0,0,0,4.4,0.1,14000,31.43,MEDIO
LA VICTORIA,2021,13,0,0,0,5.2,0.1,14000,37.14,MEDIO
LA VICTORIA,2022,5,0,0,0,2.0,0.0,14000,14.29,BAJO
LA VICTORIA,2023,14,0,0,0,5.6000000000000005,0.1,14000,40.0,MEDIO
LA VICTORIA,2024,20,0,0,0,8.0,0.1,14000,57.14,MEDIO
LA VICTORIA,2025,11,0,0,0,4.4,0.1,14000,31.43,MEDIO
LA VIRGINIA,2020,25,0,0,0,10.0,0.2,50000,20.0,ALTO
LA VIRGINIA,2021,34,0,0,0,13.600000000000001,0.2,50000,27.2,ALTO
LA VIRGINIA,2022,19,0,0,0,7.6000000000000005,0.1,50000,15.2,MEDIO
LA VIRGINIA,2023,48,0,0,0,19.200000000000003,0.3,50000,38.4,ALTO
LA VIRGINIA,2024,50,0,0,0,20.0,0.3,50000,40.0,ALTO
LA VIRGINIA,2025,41,0,0,0,16.400000000000002,0.3,50000,32.8,ALTO
LABATECA,2020,2,0,0,0,0.8,0.0,50000,1.6,BAJO
LABATECA,2021,5,0,0,0,2.0,0.0,50000,4.0,BAJO
LABATECA,2022,6,0,0,0,2.4000000000000004,0.0,50000,4.8,BAJO
LABATECA,2024,4,0,0,0,1.6,0.0,50000,3.2,BAJO
LABATECA,2025,2,0,0,0,0.8,0.0,50000,1.6,BAJO
LABRANZAGRANDE,2020,4,0,0,0,1.6,0.0,50000,3.2,BAJO
LABRANZAGRANDE,2021,3,0,0,0,1.2000000000000002,0.0,50000,2.4,BAJO
LABRANZAGRANDE,2022,2,0,0,0,0.8,0.0,50000,1.6,BAJO
LABRANZAGRANDE,2023,3,0,0,0,1.2000000000000002,0.0,50000,2.4,BAJO
LABRANZAGRANDE,2024,5,0,0,0,2.0,0.0,50000,4.0,BAJO
LABRANZAGRANDE,2025,8,0,0,0,3.2,0.0,50000,6.4,BAJO
LANDAZURI,2020,8,0,0,0,3.2,0.0,50000,6.4,BAJO
LANDAZURI,2021,9,0,0,0,3.6,0.1,50000,7.2,MEDIO
LANDAZURI,2022,9,0,0,0,3.6,0.1,50000,7.2,MEDIO
LANDAZURI,2023,13,0,0,0,5.2,0.1,50000,10.4,MEDIO
LANDAZURI,2024,9,0,0,0,3.6,0.1,50000,7.2,MEDIO
LANDAZURI,2025,9,0,0,0,3.6,0.1,50000,7.2,MEDIO
LEBRIJA,2020,29,0,0,0,11.600000000000001,0.2,50000,23.2,ALTO
LEBRIJA,2021,68,0,0,0,27.200000000000003,0.4,50000,54.4,ALTO
LEBRIJA,2022,30,0,0,0,12.0,0.2,50000,24.0,ALTO
LEBRIJA,2023,33,0,0,0,13.200000000000001,0.2,50000,26.4,ALTO
LEBRIJA,2024,47,0,0,0,18.8,0.3,50000,37.6,ALTO
LEBRIJA,2025,43,0,0,0,17.2,0.3,50000,34.4,ALTO
LEIVA,2020,7,0,0,0,2.8000000000000003,0.0,50000,5.6,BAJO
LEIVA,2021,6,0,0,0,2.4000000000000004,0.0,50000,4.8,BAJO
LEIVA,2022,6,0,0,0,2.4000000000000004,0.0,50000,4.8,BAJO
LEIVA,2023,3,0,0,0,1.2000000000000002,0.0,50000,2.4,BAJO
LEIVA,2024,12,0,0,0,4.800000000000001,0.1,50000,9.6,MEDIO
LEIVA,2025,9,0,0,0,3.6,0.1,50000,7.2,MEDIO
LEJANIAS,2020,24,0,0,0,9.600000000000001,0.1,50000,19.2,MEDIO
LEJANIAS,2021,13,0,0,0,5.2,0.1,50000,10.4,MEDIO
LEJANIAS,2022,12,0,0,0,4.800000000000001,0.1,50000,9.6,MEDIO
LEJANIAS,2023,24,0,0,0,9.600000000000001,0.1,50000,19.2,MEDIO
LEJANIAS,2024,17,0,0,0,6.800000000000001,0.1,50000,13.6,MEDIO
LEJANIAS,2025,16,0,0,0,6.4,0.1,50000,12.8,MEDIO
LENGUAZAQUE,2020,26,0,0,0,10.4,0.2,50000,20.8,ALTO
LENGUAZAQUE,2021,36,0,0,0,14.4,0.2,50000,28.8,ALTO
LENGUAZAQUE,2022,32,0,0,0,12.8,0.2,50000,25.6,ALTO
LENGUAZAQUE,2023,31,0,0,0,12.4,0.2,50000,24.8,ALTO
LENGUAZAQUE,2024,26,0,0,0,10.4,0.2,50000,20.8,ALTO
LENGUAZAQUE,2025,8,0,0,0,3.2,0.0,50000,6.4,BAJO
LERIDA,2020,43,0,0,0,17.2,0.3,50000,34.4,ALTO
LERIDA,2021,50,0,0,0,20.0,0.3,50000,40.0,ALTO
LERIDA,2022,29,0,0,0,11.600000000000001,0.2,50000,23.2,ALTO
LERIDA,2023,25,0,0,0,10.0,0.2,50000,20.0,ALTO
LERIDA,2024,37,0,0,0,14.8,0.2,50000,29.6,ALTO
LERIDA,2025,44,0,0,0,17.6,0.3,50000,35.2,ALTO
LETICIA,2020,70,0,0,0,28.0,0.4,50000,56.0,ALTO
LETICIA,2021,74,0,0,0,29.6,0.5,50000,59.2,ALTO
LETICIA,2022,73,0,0,0,29.200000000000003,0.5,50000,58.4,ALTO
LETICIA,2023,90,0,0,0,36.0,0.6,50000,72.0,ALTO
LETICIA,2024,46,0,0,0,18.400000000000002,0.3,50000,36.8,ALTO
LETICIA (CT),2020,7,0,0,0,2.8000000000000003,0.0,50000,5.6,BAJO
LETICIA (CT),2021,19,0,0,0,7.6000000000000005,0.1,50000,15.2,MEDIO
LETICIA (CT),2022,7,0,0,0,2.8000000000000003,0.0,50000,5.6,BAJO
LETICIA (CT),2023,40,0,0,0,16.0,0.3,50000,32.0,ALTO
LETICIA (CT),2024,24,0,0,0,9.600000000000001,0.1,50000,19.2,MEDIO
LETICIA (CT),2025,40,0,0,0,16.0,0.3,50000,32.0,ALTO
LIBANO,2020,72,0,0,0,28.8,0.5,50000,57.6,ALTO
LIBANO,2021,69,0,0,0,27.6,0.4,50000,55.2,ALTO
LIBANO,2022,87,0,0,0,34.800000000000004,0.6,50000,69.6,ALTO
LIBANO,2023,58,0,0,0,23.200000000000003,0.4,50000,46.4,ALTO
LIBANO,2024,69,0,0,0,27.6,0.4,50000,55.2,ALTO
LIBANO,2025,80,0,0,0,32.0,0.5,50000,64.0,ALTO
LIBORINA,2020,1,0,0,0,0.4,0.0,50000,0.8,BAJO
LIBORINA,2021,2,0,0,0,0.8,0.0,50000,1.6,BAJO
LIBORINA,2022,3,0,0,0,1.2000000000000002,0.0,50000,2.4,BAJO
LIBORINA,2023,3,0,0,0,1.2000000000000002,0.0,50000,2.4,BAJO
LIBORINA,2024,3,0,0,0,1.2000000000000002,0.0,50000,2.4,BAJO
LIBORINA,2025,5,0,0,0,2.0,0.0,50000,4.0,BAJO
LINARES,2021,3,0,0,0,1.2000000000000002,0.0,50000,2.4,BAJO
LINARES,2022,1,0,0,0,0.4,0.0,50000,0.8,BAJO
LINARES,2023,2,0,0,0,0.8,0.0,50000,1.6,BAJO
LINARES,2024,4,0,0,0,1.6,0.0,50000,3.2,BAJO
LINARES,2025,1,0,0,0,0.4,0.0,50000,0.8,BAJO
LLORO,2020,8,0,0,0,3.2,0.0,50000,6.4,BAJO
LLORO,2021,3,0,0,0,1.2000000000000002,0.0,50000,2.4,BAJO
LLORO,2022,2,0,0,0,0.8,0.0,50000,1.6,BAJO
LLORO,2023,2,0,0,0,0.8,0.0,50000,1.6,BAJO
LLORO,2024,3,0,0,0,1.2000000000000002,0.0,50000,2.4,BAJO
LOPEZ,2021,4,0,0,0,1.6,0.0,50000,3.2,BAJO
LOPEZ,2023,1,0,0,0,0.4,0.0,50000,0.8,BAJO
LOPEZ,2024,3,0,0,0,1.2000000000000002,0.0,50000,2.4,BAJO
LORICA,2020,9,0,0,0,3.6,0.1,50000,7.2,MEDIO
LORICA,2021,41,0,0,0,16.400000000000002,0.3,50000,32.8,ALTO
LORICA,2022,27,0,0,0,10.8,0.2,50000,21.6,ALTO
LORICA,2023,58,0,0,0,23.200000000000003,0.4,50000,46.4,ALTO
LORICA,2024,32,0,0,0,12.8,0.2,50000,25.6,ALTO
LORICA,2025,49,0,0,0,19.6,0.3,50000,39.2,ALTO
LOS ANDES,2020,4,0,0,0,1.6,0.0,50000,3.2,BAJO
LOS ANDES,2021,12,0,0,0,4.800000000000001,0.1,50000,9.6,MEDIO
LOS ANDES,2022,11,0,0,0,4.4,0.1,50000,8.8,MEDIO
LOS ANDES,2023,6,0,0,0,2.4000000000000004,0.0,50000,4.8,BAJO
LOS ANDES,2024,6,0,0,0,2.4000000000000004,0.0,50000,4.8,BAJO
LOS ANDES,2025,5,0,0,0,2.0,0.0,50000,4.0,BAJO
LOS CORDOBAS,2020,1,0,0,0,0.4,0.0,50000,0.8,BAJO
LOS CORDOBAS,2021,2,0,0,0,0.8,0.0,50000,1.6,BAJO
LOS CORDOBAS,2022,3,0,0,0,1.2000000000000002,0.0,50000,2.4,BAJO
LOS CORDOBAS,2023,3,0,0,0,1.2000000000000002,0.0,50000,2.4,BAJO
LOS CORDOBAS,2024,7,0,0,0,2.8000000000000003,0.0,50000,5.6,BAJO
LOS CORDOBAS,2025,10,0,0,0,4.0,0.1,50000,8.0,MEDIO
LOS PALMITOS,2020,10,0,0,0,4.0,0.1,50000,8.0,MEDIO
LOS PALMITOS,2021,25,0,0,0,10.0,0.2,50000,20.0,ALTO
LOS PALMITOS,2022,17,0,0,0,6.800000000000001,0.1,50000,13.6,MEDIO
LOS PALMITOS,2023,18,0,0,0,7.2,0.1,50000,14.4,MEDIO
LOS PALMITOS,2024,15,0,0,0,6.0,0.1,50000,12.0,MEDIO
LOS PALMITOS,2025,8,0,0,0,3.2,0.0,50000,6.4,BAJO
LOS PATIOS,2020,132,0,0,0,52.800000000000004,0.8,50000,105.6,ALTO
LOS PATIOS,2021,151,0,0,0,60.400000000000006,1.0,50000,120.8,ALTO
LOS PATIOS,2022,87,0,0,0,34.800000000000004,0.6,50000,69.6,ALTO
LOS PATIOS,2023,98,0,0,0,39.2,0.6,50000,78.4,ALTO
LOS PATIOS,2024,133,0,0,0,53.2,0.8,50000,106.4,ALTO
LOS PATIOS,2025,69,0,0,0,27.6,0.4,50000,55.2,ALTO
LOS SANTOS,2020,2,0,0,0,0.8,0.0,50000,1.6,BAJO
LOS SANTOS,2021,9,0,0,0,3.6,0.1,50000,7.2,MEDIO
LOS SANTOS,2022,3,0,0,0,1.2000000000000002,0.0,50000,2.4,BAJO
LOS SANTOS,2023,10,0,0,0,4.0,0.1,50000,8.0,MEDIO
LOS SANTOS,2024,6,0,0,0,2.4000000000000004,0.0,50000,4.8,BAJO
LOS SANTOS,2025,3,0,0,0,1.2000000000000002,0.0,50000,2.4,BAJO
LOURDES,2021,4,0,0,0,1.6,0.0,50000,3.2,BAJO
LOURDES,2023,1,0,0,0,0.4,0.0,50000,0.8,BAJO
LOURDES,2024,2,0,0,0,0.8,0.0,50000,1.6,BAJO
LOURDES,2025,7,0,0,0,2.8000000000000003,0.0,50000,5.6,BAJO
LURUACO,2020,17,0,0,0,6.800000000000001,0.1,50000,13.6,MEDIO
LURUACO,2021,19,0,0,0,7.6000000000000005,0.1,50000,15.2,MEDIO
LURUACO,2022,30,0,0,0,12.0,0.2,50000,24.0,ALTO
LURUACO,2023,31,0,0,0,12.4,0.2,50000,24.8,ALTO
LURUACO,2024,55,0,0,0,22.0,0.3,50000,44.0,ALTO
LURUACO,2025,26,0,0,0,10.4,0.2,50000,20.8,ALTO
MACANAL,2022,2,0,0,0,0.8,0.0,50000,1.6,BAJO
MACANAL,2023,6,0,0,0,2.4000000000000004,0.0,50000,4.8,BAJO
MACANAL,2024,1,0,0,0,0.4,0.0,50000,0.8,BAJO
MACANAL,2025,4,0,0,0,1.6,0.0,50000,3.2,BAJO
MACARAVITA,2021,2,0,0,0,0.8,0.0,50000,1.6,BAJO
MACARAVITA,2022,1,0,0,0,0.4,0.0,50000,0.8,BAJO
MACARAVITA,2025,1,0,0,0,0.4,0.0,50000,0.8,BAJO
MACEO,2020,4,0,0,0,1.6,0.0,50000,3.2,BAJO
MACEO,2021,1,0,0,0,0.4,0.0,50000,0.8,BAJO
MACEO,2022,2,0,0,0,0.8,0.0,50000,1.6,BAJO
MACEO,2023,6,0,0,0,2.4000000000000004,0.0,50000,4.8,BAJO
MACEO,2024,10,0,0,0,4.0,0.1,50000,8.0,MEDIO
MACEO,2025,3,0,0,0,1.2000000000000002,0.0,50000,2.4,BAJO
MACHETA,2020,6,0,0,0,2.4000000000000004,0.0,50000,4.8,BAJO
MACHETA,2021,11,0,0,0,4.4,0.1,50000,8.8,MEDIO
MACHETA,2022,11,0,0,0,4.4,0.1,50000,8.8,MEDIO
MACHETA,2023,12,0,0,0,4.800000000000001,0.1,50000,9.6,MEDIO
MACHETA,2024,2,0,0,0,0.8,0.0,50000,1.6,BAJO
MACHETA,2025,8,0,0,0,3.2,0.0,50000,6.4,BAJO
MADRID,2020,285,0,0,0,114.0,1.8,50000,228.0,ALTO
MADRID,2021,215,0,0,0,86.0,1.4,50000,172.0,ALTO
MADRID,2022,270,0,0,0,108.0,1.7,50000,216.0,ALTO
MADRID,2023,314,0,0,0,125.60000000000001,2.0,50000,251.2,ALTO
MADRID,2024,349,0,0,0,139.6,2.2,50000,279.2,ALTO
MADRID,2025,287,0,0,0,114.80000000000001,1.8,50000,229.6,ALTO
MAGANGUE,2020,97,0,0,0,38.800000000000004,0.6,50000,77.6,ALTO
MAGANGUE,2021,156,0,0,0,62.400000000000006,1.0,50000,124.8,ALTO
MAGANGUE,2022,157,0,0,0,62.800000000000004,1.0,50000,125.6,ALTO
MAGANGUE,2023,252,0,0,0,100.80000000000001,1.6,50000,201.6,ALTO
MAGANGUE,2024,194,0,0,0,77.60000000000001,1.2,50000,155.2,ALTO
MAGANGUE,2025,158,0,0,0,63.2,1.0,50000,126.4,ALTO
MAGUI,2021,1,0,0,0,0.4,0.0,50000,0.8,BAJO
MAGUI,2022,2,0,0,0,0.8,0.0,50000,1.6,BAJO
MAGUI,2023,7,0,0,0,2.8000000000000003,0.0,50000,5.6,BAJO
MAGUI,2024,3,0,0,0,1.2000000000000002,0.0,50000,2.4,BAJO
MAGUI,2025,1,0,0,0,0.4,0.0,50000,0.8,BAJO
MAHATES,2020,7,0,0,0,2.8000000000000003,0.0,50000,5.6,BAJO
MAHATES,2021,11,0,0,0,4.4,0.1,50000,8.8,MEDIO
MAHATES,2022,18,0,0,0,7.2,0.1,50000,14.4,MEDIO
MAHATES,2023,25,0,0,0,10.0,0.2,50000,20.0,ALTO
MAHATES,2024,15,0,0,0,6.0,0.1,50000,12.0,MEDIO
MAHATES,2025,21,0,0,0,8.4,0.1,50000,16.8,MEDIO
MAICAO,2020,103,0,0,0,41.2,0.7,50000,82.4,ALTO
MAICAO,2021,133,0,0,0,53.2,0.8,50000,106.4,ALTO
MAICAO,2022,86,0,0,0,34.4,0.5,50000,68.8,ALTO
MAICAO,2023,110,0,0,0,44.0,0.7,50000,88.0,ALTO
MAICAO,2024,102,0,0,0,40.800000000000004,0.6,50000,81.6,ALTO
MAICAO,2025,98,0,0,0,39.2,0.6,50000,78.4,ALTO
MAJAGUAL,2020,1,0,0,0,0.4,0.0,50000,0.8,BAJO
MAJAGUAL,2021,11,0,0,0,4.4,0.1,50000,8.8,MEDIO
MAJAGUAL,2022,12,0,0,0,4.800000000000001,0.1,50000,9.6,MEDIO
MAJAGUAL,2023,19,0,0,0,7.6000000000000005,0.1,50000,15.2,MEDIO
MAJAGUAL,2024,4,0,0,0,1.6,0.0,50000,3.2,BAJO
MAJAGUAL,2025,12,0,0,0,4.800000000000001,0.1,50000,9.6,MEDIO
MALAGA,2020,2,0,0,0,0.8,0.0,50000,1.6,BAJO
MALAGA,2021,9,0,0,0,3.6,0.1,50000,7.2,MEDIO
MALAGA,2022,11,0,0,0,4.4,0.1,50000,8.8,MEDIO
MALAGA,2023,35,0,0,0,14.0,0.2,50000,28.0,ALTO
MALAGA,2024,14,0,0,0,5.6000000000000005,0.1,50000,11.2,MEDIO
MALAGA,2025,12,0,0,0,4.800000000000001,0.1,50000,9.6,MEDIO
MALAMBO,2020,53,0,0,0,21.200000000000003,0.3,50000,42.4,ALTO
MALAMBO,2021,142,0,0,0,56.800000000000004,0.9,50000,113.6,ALTO
MALAMBO,2022,107,0,0,0,42.800000000000004,0.7,50000,85.6,ALTO
MALAMBO,2023,128,0,0,0,51.2,0.8,50000,102.4,ALTO
MALAMBO,2024,175,0,0,0,70.0,1.1,50000,140.0,ALTO
MALAMBO,2025,103,0,0,0,41.2,0.7,50000,82.4,ALTO
MALLAMA,2020,7,0,0,0,2.8000000000000003,0.0,50000,5.6,BAJO
MALLAMA,2021,5,0,0,0,2.0,0.0,50000,4.0,BAJO
MALLAMA,2022,4,0,0,0,1.6,0.0,50000,3.2,BAJO
MALLAMA,2023,4,0,0,0,1.6,0.0,50000,3.2,BAJO
MALLAMA,2024,12,0,0,0,4.800000000000001,0.1,50000,9.6,MEDIO
MALLAMA,2025,12,0,0,0,4.800000000000001,0.1,50000,9.6,MEDIO
MANATI,2020,23,0,0,0,9.200000000000001,0.1,50000,18.4,MEDIO
MANATI,2021,21,0,0,0,8.4,0.1,50000,16.8,MEDIO
MANATI,2022,9,0,0,0,3.6,0.1,50000,7.2,MEDIO
MANATI,2023,5,0,0,0,2.0,0.0,50000,4.0,BAJO
MANATI,2024,8,0,0,0,3.2,0.0,50000,6.4,BAJO
MANATI,2025,15,0,0,0,6.0,0.1,50000,12.0,MEDIO
MANAURE,2020,10,0,0,0,4.0,0.1,50000,8.0,MEDIO
MANAURE,2021,8,0,0,0,3.2,0.0,50000,6.4,BAJO
MANAURE,2022,12,0,0,0,4.800000000000001,0.1,50000,9.6,MEDIO
MANAURE,2023,7,0,0,0,2.8000000000000003,0.0,50000,5.6,BAJO
MANAURE,2024,10,0,0,0,4.0,0.1,50000,8.0,MEDIO
MANAURE,2025,20,0,0,0,8.0,0.1,50000,16.0,MEDIO
MANAURE BALCON DEL CESAR,2020,2,0,0,0,0.8,0.0,50000,1.6,BAJO
MANAURE BALCON DEL CESAR,2021,1,0,0,0,0.4,0.0,50000,0.8,BAJO
MANAURE BALCON DEL CESAR,2022,2,0,0,0,0.8,0.0,50000,1.6,BAJO
MANAURE BALCON DEL CESAR,2023,2,0,0,0,0.8,0.0,50000,1.6,BAJO
MANAURE BALCON DEL CESAR,2024,2,0,0,0,0.8,0.0,50000,1.6,BAJO
MANI,2020,16,0,0,0,6.4,0.1,50000,12.8,MEDIO
MANI,2021,15,0,0,0,6.0,0.1,50000,12.0,MEDIO
MANI,2022,20,0,0,0,8.0,0.1,50000,16.0,MEDIO
MANI,2023,27,0,0,0,10.8,0.2,50000,21.6,ALTO
MANI,2024,18,0,0,0,7.2,0.1,50000,14.4,MEDIO
MANI,2025,25,0,0,0,10.0,0.2,50000,20.0,ALTO
MANIZALES,2020,70,0,0,0,28.0,0.4,50000,56.0,ALTO
MANIZALES,2021,84,0,0,0,33.6,0.5,50000,67.2,ALTO
MANIZALES,2022,121,0,0,0,48.400000000000006,0.8,50000,96.8,ALTO
MANIZALES,2023,160,0,0,0,64.0,1.0,50000,128.0,ALTO
MANIZALES,2024,146,0,0,0,58.400000000000006,0.9,50000,116.8,ALTO
MANIZALES (CT),2020,30,0,0,0,12.0,0.2,50000,24.0,ALTO
MANIZALES (CT),2021,145,0,0,0,58.0,0.9,50000,116.0,ALTO
MANIZALES (CT),2022,157,0,0,0,62.800000000000004,1.0,50000,125.6,ALTO
MANIZALES (CT),2023,278,0,0,0,111.2,1.8,50000,222.4,ALTO
MANIZALES (CT),2024,249,0,0,0,99.60000000000001,1.6,50000,199.2,ALTO
MANIZALES (CT),2025,202,0,0,0,80.80000000000001,1.3,50000,161.6,ALTO
MANTA,2020,4,0,0,0,1.6,0.0,50000,3.2,BAJO
MANTA,2021,4,0,0,0,1.6,0.0,50000,3.2,BAJO
MANTA,2022,2,0,0,0,0.8,0.0,50000,1.6,BAJO
MANTA,2023,3,0,0,0,1.2000000000000002,0.0,50000,2.4,BAJO
MANTA,2024,6,0,0,0,2.4000000000000004,0.0,50000,4.8,BAJO
MANTA,2025,8,0,0,0,3.2,0.0,50000,6.4,BAJO
MANZANARES,2020,9,0,0,0,3.6,0.1,50000,7.2,MEDIO
MANZANARES,2021,7,0,0,0,2.8000000000000003,0.0,50000,5.6,BAJO
MANZANARES,2022,4,0,0,0,1.6,0.0,50000,3.2,BAJO
MANZANARES,2023,7,0,0,0,2.8000000000000003,0.0,50000,5.6,BAJO
MANZANARES,2024,3,0,0,0,1.2000000000000002,0.0,50000,2.4,BAJO
MAPIRIPAN,2020,14,0,0,0,5.6000000000000005,0.1,50000,11.2,MEDIO
MAPIRIPAN,2021,9,0,0,0,3.6,0.1,50000,7.2,MEDIO
MAPIRIPAN,2022,10,0,0,0,4.0,0.1,50000,8.0,MEDIO
MAPIRIPAN,2023,8,0,0,0,3.2,0.0,50000,6.4,BAJO
MAPIRIPAN,2024,11,0,0,0,4.4,0.1,50000,8.8,MEDIO
MAPIRIPAN,2025,17,0,0,0,6.800000000000001,0.1,50000,13.6,MEDIO
MAPIRIPAN,9999,0,1,1,0,0.30000000000000004,0.0,50000,0.6,BAJO
MARGARITA,2021,2,0,0,0,0.8,0.0,50000,1.6,BAJO
MARGARITA,2022,3,0,0,0,1.2000000000000002,0.0,50000,2.4,BAJO
MARGARITA,2023,1,0,0,0,0.4,0.0,50000,0.8,BAJO
MARGARITA,2024,4,0,0,0,1.6,0.0,50000,3.2,BAJO
MARGARITA,2025,9,0,0,0,3.6,0.1,50000,7.2,MEDIO
MARIA LA BAJA,2020,9,0,0,0,3.6,0.1,50000,7.2,MEDIO
MARIA LA BAJA,2021,33,0,0,0,13.200000000000001,0.2,50000,26.4,ALTO
MARIA LA BAJA,2022,30,0,0,0,12.0,0.2,50000,24.0,ALTO
MARIA LA BAJA,2023,14,0,0,0,5.6000000000000005,0.1,50000,11.2,MEDIO
MARIA LA BAJA,2024,27,0,0,0,10.8,0.2,50000,21.6,ALTO
MARIA LA BAJA,2025,15,0,0,0,6.0,0.1,50000,12.0,MEDIO
MARINILLA,2020,6,0,0,0,2.4000000000000004,0.0,50000,4.8,BAJO
MARINILLA,2021,13,0,0,0,5.2,0.1,50000,10.4,MEDIO
MARINILLA,2022,3,0,0,0,1.2000000000000002,0.0,50000,2.4,BAJO
MARINILLA,2023,19,0,0,0,7.6000000000000005,0.1,50000,15.2,MEDIO
MARINILLA,2024,17,0,0,0,6.800000000000001,0.1,50000,13.6,MEDIO
MARINILLA,2025,14,0,0,0,5.6000000000000005,0.1,50000,11.2,MEDIO
MARIPI,2020,6,0,0,0,2.4000000000000004,0.0,50000,4.8,BAJO
MARIPI,2021,2,0,0,0,0.8,0.0,50000,1.6,BAJO
MARIPI,2022,4,0,0,0,1.6,0.0,50000,3.2,BAJO
MARIPI,2023,8,0,0,0,3.2,0.0,50000,6.4,BAJO
MARIPI,2024,7,0,0,0,2.8000000000000003,0.0,50000,5.6,BAJO
MARIPI,2025,12,0,0,0,4.800000000000001,0.1,50000,9.6,MEDIO
MARIQUITA,2020,68,0,0,0,27.200000000000003,0.4,50000,54.4,ALTO
MARIQUITA,2021,110,0,0,0,44.0,0.7,50000,88.0,ALTO
MARIQUITA,2022,73,0,0,0,29.200000000000003,0.5,50000,58.4,ALTO
MARIQUITA,2023,47,0,0,0,18.8,0.3,50000,37.6,ALTO
MARIQUITA,2024,73,0,0,0,29.200000000000003,0.5,50000,58.4,ALTO
MARIQUITA,2025,60,0,0,0,24.0,0.4,50000,48.0,ALTO
MARMATO,2020,2,0,0,0,0.8,0.0,50000,1.6,BAJO
MARMATO,2021,3,0,0,0,1.2000000000000002,0.0,50000,2.4,BAJO
MARMATO,2022,6,0,0,0,2.4000000000000004,0.0,50000,4.8,BAJO
MARMATO,2023,3,0,0,0,1.2000000000000002,0.0,50000,2.4,BAJO
MARMATO,2024,1,0,0,0,0.4,0.0,50000,0.8,BAJO
MARQUETALIA,2020,5,0,0,0,2.0,0.0,50000,4.0,BAJO
MARQUETALIA,2021,7,0,0,0,2.8000000000000003,0.0,50000,5.6,BAJO
MARQUETALIA,2022,7,0,0,0,2.8000000000000003,0.0,50000,5.6,BAJO
MARQUETALIA,2023,3,0,0,0,1.2000000000000002,0.0,50000,2.4,BAJO
MARSELLA,2020,16,0,0,0,6.4,0.1,50000,12.8,MEDIO
MARSELLA,2021,3,0,0,0,1.2000000000000002,0.0,50000,2.4,BAJO
MARSELLA,2022,13,0,0,0,5.2,0.1,50000,10.4,MEDIO
MARSELLA,2023,29,0,0,0,11.600000000000001,0.2,50000,23.2,ALTO
MARSELLA,2024,21,0,0,0,8.4,0.1,50000,16.8,MEDIO
MARSELLA,2025,31,0,0,0,12.4,0.2,50000,24.8,ALTO
MATANZA,2020,5,0,0,0,2.0,0.0,50000,4.0,BAJO
MATANZA,2021,2,0,0,0,0.8,0.0,50000,1.6,BAJO
MATANZA,2022,1,0,0,0,0.4,0.0,50000,0.8,BAJO
MATANZA,2023,3,0,0,0,1.2000000000000002,0.0,50000,2.4,BAJO
MATANZA,2024,4,0,0,0,1.6,0.0,50000,3.2,BAJO
MATANZA,2025,1,0,0,0,0.4,0.0,50000,0.8,BAJO
MEDELLIN,2020,1097,0,0,0,438.8,7.0,50000,877.6,ALTO
MEDELLIN,2021,1147,0,0,0,458.8,7.4,50000,917.6,ALTO
MEDELLIN,2022,1345,0,0,0,538.0,8.6,50000,1076.0,ALTO
MEDELLIN,2023,1539,0,0,0,615.6,9.9,50000,1231.2,ALTO
MEDELLIN,2024,1270,0,0,0,508.0,8.1,50000,1016.0,ALTO
MEDELLIN (CT),2020,652,0,0,0,260.8,4.2,50000,521.6,ALTO
MEDELLIN (CT),2021,866,0,0,0,346.40000000000003,5.6,50000,692.8,ALTO
MEDELLIN (CT),2022,986,0,0,0,394.40000000000003,6.3,50000,788.8,ALTO
MEDELLIN (CT),2023,1139,0,0,0,455.6,7.3,50000,911.2,ALTO
MEDELLIN (CT),2024,1321,0,0,0,528.4,8.5,50000,1056.8,ALTO
MEDELLIN (CT),2025,1105,0,0,0,442.0,7.1,50000,884.0,ALTO
MEDINA,2020,18,0,0,0,7.2,0.1,50000,14.4,MEDIO
MEDINA,2021,17,0,0,0,6.800000000000001,0.1,50000,13.6,MEDIO
MEDINA,2022,17,0,0,0,6.800000000000001,0.1,50000,13.6,MEDIO
MEDINA,2023,13,0,0,0,5.2,0.1,50000,10.4,MEDIO
MEDINA,2024,24,0,0,0,9.600000000000001,0.1,50000,19.2,MEDIO
MEDINA,2025,8,0,0,0,3.2,0.0,50000,6.4,BAJO
MEDIO ATRATO,2020,1,0,0,0,0.4,0.0,50000,0.8,BAJO
MEDIO ATRATO,2024,1,0,0,0,0.4,0.0,50000,0.8,BAJO
MEDIO BAUDO,2020,2,0,0,0,0.8,0.0,50000,1.6,BAJO
MEDIO BAUDO,2025,5,0,0,0,2.0,0.0,50000,4.0,BAJO
MEDIO SAN JUAN,2020,5,0,0,0,2.0,0.0,50000,4.0,BAJO
MEDIO SAN JUAN,2023,1,0,0,0,0.4,0.0,50000,0.8,BAJO
MEDIO SAN JUAN,2024,1,0,0,0,0.4,0.0,50000,0.8,BAJO
MEDIO SAN JUAN,2025,2,0,0,0,0.8,0.0,50000,1.6,BAJO
MELGAR,2020,22,0,0,0,8.8,0.1,50000,17.6,MEDIO
MELGAR,2021,9,0,0,0,3.6,0.1,50000,7.2,MEDIO
MELGAR,2022,31,0,0,0,12.4,0.2,50000,24.8,ALTO
MELGAR,2023,36,0,0,0,14.4,0.2,50000,28.8,ALTO
MELGAR,2024,43,0,0,0,17.2,0.3,50000,34.4,ALTO
MERCADERES,2020,15,0,0,0,6.0,0.1,50000,12.0,MEDIO
MERCADERES,2021,16,0,0,0,6.4,0.1,50000,12.8,MEDIO
MERCADERES,2022,16,0,0,0,6.4,0.1,50000,12.8,MEDIO
MERCADERES,2023,3,0,0,0,1.2000000000000002,0.0,50000,2.4,BAJO
MERCADERES,2024,8,0,0,0,3.2,0.0,50000,6.4,BAJO
MERCADERES,2025,15,0,0,0,6.0,0.1,50000,12.0,MEDIO
MESETAS,2020,22,0,0,0,8.8,0.1,50000,17.6,MEDIO
MESETAS,2021,18,0,0,0,7.2,0.1,50000,14.4,MEDIO
MESETAS,2022,18,0,0,0,7.2,0.1,50000,14.4,MEDIO
MESETAS,2023,19,0,0,0,7.6000000000000005,0.1,50000,15.2,MEDIO
MESETAS,2024,25,0,0,0,10.0,0.2,50000,20.0,ALTO
MESETAS,2025,23,0,0,0,9.200000000000001,0.1,50000,18.4,MEDIO
MESETAS,9999,0,1,1,0,0.30000000000000004,0.0,50000,0.6,BAJO
MILAN,2020,4,0,0,0,1.6,0.0,50000,3.2,BAJO
MILAN,2021,6,0,0,0,2.4000000000000004,0.0,50000,4.8,BAJO
MILAN,2022,3,0,0,0,1.2000000000000002,0.0,50000,2.4,BAJO
MILAN,2023,7,0,0,0,2.8000000000000003,0.0,50000,5.6,BAJO
MILAN,2024,2,0,0,0,0.8,0.0,50000,1.6,BAJO
MILAN,2025,4,0,0,0,1.6,0.0,50000,3.2,BAJO
MIRAFLORES,2020,13,0,0,0,5.2,0.1,50000,10.4,MEDIO
MIRAFLORES,2021,18,0,0,0,7.2,0.1,50000,14.4,MEDIO
MIRAFLORES,2022,14,0,0,0,5.6000000000000005,0.1,50000,11.2,MEDIO
MIRAFLORES,2023,15,0,0,0,6.0,0.1,50000,12.0,MEDIO
MIRAFLORES,2024,18,0,0,0,7.2,0.1,50000,14.4,MEDIO
MIRAFLORES,2025,7,0,0,0,2.8000000000000003,0.0,50000,5.6,BAJO
MIRAFLORES,9999,0,1,1,0,0.30000000000000004,0.0,50000,0.6,BAJO
MIRANDA,2020,23,0,0,0,9.200000000000001,0.1,50000,18.4,MEDIO
MIRANDA,2021,39,0,0,0,15.600000000000001,0.2,50000,31.2,ALTO
MIRANDA,2022,21,0,0,0,8.4,0.1,50000,16.8,MEDIO
MIRANDA,2023,20,0,0,0,8.0,0.1,50000,16.0,MEDIO
MIRANDA,2024,39,0,0,0,15.600000000000001,0.2,50000,31.2,ALTO
MIRANDA,2025,31,0,0,0,12.4,0.2,50000,24.8,ALTO
MIRANDA,9999,0,1,1,0,0.30000000000000004,0.0,50000,0.6,BAJO
MISTRATO,2020,2,0,0,0,0.8,0.0,50000,1.6,BAJO
MISTRATO,2021,11,0,0,0,4.4,0.1,50000,8.8,MEDIO
MISTRATO,2022,15,0,0,0,6.0,0.1,50000,12.0,MEDIO
MISTRATO,2023,16,0,0,0,6.4,0.1,50000,12.8,MEDIO
MISTRATO,2024,6,0,0,0,2.4000000000000004,0.0,50000,4.8,BAJO
MISTRATO,2025,6,0,0,0,2.4000000000000004,0.0,50000,4.8,BAJO
MITU,2020,17,0,0,0,6.800000000000001,0.1,50000,13.6,MEDIO
MITU,2021,49,0,0,0,19.6,0.3,50000,39.2,ALTO
MITU,2022,37,0,0,0,14.8,0.2,50000,29.6,ALTO
MITU,2023,14,0,0,0,5.6000000000000005,0.1,50000,11.2,MEDIO
MITU,2024,25,0,0,0,10.0,0.2,50000,20.0,ALTO
MITU (CT),2020,7,0,0,0,2.8000000000000003,0.0,50000,5.6,BAJO
MITU (CT),2021,41,0,0,0,16.400000000000002,0.3,50000,32.8,ALTO
MITU (CT),2022,57,0,0,0,22.8,0.4,50000,45.6,ALTO
MITU (CT),2023,47,0,0,0,18.8,0.3,50000,37.6,ALTO
MITU (CT),2024,76,0,0,0,30.400000000000002,0.5,50000,60.8,ALTO
MITU (CT),2025,64,0,0,0,25.6,0.4,50000,51.2,ALTO
MOCOA,2020,18,0,0,0,7.2,0.1,50000,14.4,MEDIO
MOCOA,2021,28,0,0,0,11.200000000000001,0.2,50000,22.4,ALTO
MOCOA,2022,25,0,0,0,10.0,0.2,50000,20.0,ALTO
MOCOA,2023,35,0,0,0,14.0,0.2,50000,28.0,ALTO
MOCOA,2024,33,0,0,0,13.200000000000001,0.2,50000,26.4,ALTO
MOCOA,9999,0,1,1,0,0.30000000000000004,0.0,50000,0.6,BAJO
MOCOA (CT),2020,54,0,0,0,21.6,0.3,50000,43.2,ALTO
MOCOA (CT),2021,81,0,0,0,32.4,0.5,50000,64.8,ALTO
MOCOA (CT),2022,56,0,0,0,22.400000000000002,0.4,50000,44.8,ALTO
MOCOA (CT),2023,109,0,0,0,43.6,0.7,50000,87.2,ALTO
MOCOA (CT),2024,131,0,0,0,52.400000000000006,0.8,50000,104.8,ALTO
MOCOA (CT),2025,111,0,0,0,44.400000000000006,0.7,50000,88.8,ALTO
MOGOTES,2020,10,0,0,0,4.0,0.1,50000,8.0,MEDIO
MOGOTES,2021,6,0,0,0,2.4000000000000004,0.0,50000,4.8,BAJO
MOGOTES,2022,3,0,0,0,1.2000000000000002,0.0,50000,2.4,BAJO
MOGOTES,2023,12,0,0,0,4.800000000000001,0.1,50000,9.6,MEDIO
MOGOTES,2024,16,0,0,0,6.4,0.1,50000,12.8,MEDIO
MOGOTES,2025,24,0,0,0,9.600000000000001,0.1,50000,19.2,MEDIO
MOLAGAVITA,2020,1,0,0,0,0.4,0.0,50000,0.8,BAJO
MOLAGAVITA,2021,1,0,0,0,0.4,0.0,50000,0.8,BAJO
MOLAGAVITA,2022,1,0,0,0,0.4,0.0,50000,0.8,BAJO
MOLAGAVITA,2023,7,0,0,0,2.8000000000000003,0.0,50000,5.6,BAJO
MOLAGAVITA,2025,2,0,0,0,0.8,0.0,50000,1.6,BAJO
MOMIL,2020,1,0,0,0,0.4,0.0,50000,0.8,BAJO
MOMIL,2021,10,0,0,0,4.0,0.1,50000,8.0,MEDIO
MOMIL,2022,4,0,0,0,1.6,0.0,50000,3.2,BAJO
MOMIL,2023,1,0,0,0,0.4,0.0,50000,0.8,BAJO
MOMIL,2024,7,0,0,0,2.8000000000000003,0.0,50000,5.6,BAJO
MOMIL,2025,6,0,0,0,2.4000000000000004,0.0,50000,4.8,BAJO
MOMPOS,2020,5,0,0,0,2.0,0.0,50000,4.0,BAJO
MOMPOS,2021,16,0,0,0,6.4,0.1,50000,12.8,MEDIO
MOMPOS,2022,30,0,0,0,12.0,0.2,50000,24.0,ALTO
MOMPOS,2023,27,0,0,0,10.8,0.2,50000,21.6,ALTO
MOMPOS,2024,35,0,0,0,14.0,0.2,50000,28.0,ALTO
MOMPOS,2025,18,0,0,0,7.2,0.1,50000,14.4,MEDIO
MONGUA,2021,1,0,0,0,0.4,0.0,50000,0.8,BAJO
MONGUA,2022,5,0,0,0,2.0,0.0,50000,4.0,BAJO
MONGUA,2023,9,0,0,0,3.6,0.1,50000,7.2,MEDIO
MONGUA,2024,8,0,0,0,3.2,0.0,50000,6.4,BAJO
MONGUA,2025,4,0,0,0,1.6,0.0,50000,3.2,BAJO
MONGUI,2021,1,0,0,0,0.4,0.0,50000,0.8,BAJO
MONGUI,2023,4,0,0,0,1.6,0.0,50000,3.2,BAJO
MONGUI,2024,7,0,0,0,2.8000000000000003,0.0,50000,5.6,BAJO
MONGUI,2025,6,0,0,0,2.4000000000000004,0.0,50000,4.8,BAJO
MONIQUIRA,2020,14,0,0,0,5.6000000000000005,0.1,50000,11.2,MEDIO
MONIQUIRA,2021,28,0,0,0,11.200000000000001,0.2,50000,22.4,ALTO
MONIQUIRA,2022,25,0,0,0,10.0,0.2,50000,20.0,ALTO
MONIQUIRA,2023,65,0,0,0,26.0,0.4,50000,52.0,ALTO
MONIQUIRA,2024,61,0,0,0,24.400000000000002,0.4,50000,48.8,ALTO
MONIQUIRA,2025,99,0,0,0,39.6,0.6,50000,79.2,ALTO
MONITOS,2021,4,0,0,0,1.6,0.0,50000,3.2,BAJO
MONITOS,2022,4,0,0,0,1.6,0.0,50000,3.2,BAJO
MONITOS,2023,6,0,0,0,2.4000000000000004,0.0,50000,4.8,BAJO
MONITOS,2024,13,0,0,0,5.2,0.1,50000,10.4,MEDIO
MONITOS,2025,9,0,0,0,3.6,0.1,50000,7.2,MEDIO
MONTEBELLO,2020,5,0,0,0,2.0,0.0,50000,4.0,BAJO
MONTEBELLO,2021,15,0,0,0,6.0,0.1,50000,12.0,MEDIO
MONTEBELLO,2022,13,0,0,0,5.2,0.1,50000,10.4,MEDIO
MONTEBELLO,2023,16,0,0,0,6.4,0.1,50000,12.8,MEDIO
MONTEBELLO,2024,14,0,0,0,5.6000000000000005,0.1,50000,11.2,MEDIO
MONTEBELLO,2025,7,0,0,0,2.8000000000000003,0.0,50000,5.6,BAJO
MONTECRISTO,2020,1,0,0,0,0.4,0.0,50000,0.8,BAJO
MONTECRISTO,2021,1,0,0,0,0.4,0.0,50000,0.8,BAJO
MONTECRISTO,2022,5,0,0,0,2.0,0.0,50000,4.0,BAJO
MONTECRISTO,2023,2,0,0,0,0.8,0.0,50000,1.6,BAJO
MONTECRISTO,2024,2,0,0,0,0.8,0.0,50000,1.6,BAJO
MONTECRISTO,2025,8,0,0,0,3.2,0.0,50000,6.4,BAJO
MONTELIBANO,2020,8,0,0,0,3.2,0.0,50000,6.4,BAJO
MONTELIBANO,2021,64,0,0,0,25.6,0.4,50000,51.2,ALTO
MONTELIBANO,2022,33,0,0,0,13.200000000000001,0.2,50000,26.4,ALTO
MONTELIBANO,2023,38,0,0,0,15.200000000000001,0.2,50000,30.4,ALTO
MONTELIBANO,2024,51,0,0,0,20.400000000000002,0.3,50000,40.8,ALTO
MONTELIBANO,2025,14,0,0,0,5.6000000000000005,0.1,50000,11.2,MEDIO
MONTELIBANO,9999,0,1,1,0,0.30000000000000004,0.0,50000,0.6,BAJO
MONTENEGRO,2020,21,0,0,0,8.4,0.1,50000,16.8,MEDIO
MONTENEGRO,2021,14,0,0,0,5.6000000000000005,0.1,50000,11.2,MEDIO
MONTENEGRO,2022,14,0,0,0,5.6000000000000005,0.1,50000,11.2,MEDIO
MONTENEGRO,2023,31,0,0,0,12.4,0.2,50000,24.8,ALTO
MONTENEGRO,2024,45,0,0,0,18.0,0.3,50000,36.0,ALTO
MONTENEGRO,2025,5,0,0,0,2.0,0.0,50000,4.0,BAJO
MONTERIA,2020,47,0,0,0,18.8,0.3,50000,37.6,ALTO
MONTERIA,2021,82,0,0,0,32.800000000000004,0.5,50000,65.6,ALTO
MONTERIA,2022,128,0,0,0,51.2,0.8,50000,102.4,ALTO
MONTERIA,2023,77,0,0,0,30.8,0.5,50000,61.6,ALTO
MONTERIA,2024,101,0,0,0,40.400000000000006,0.6,50000,80.8,ALTO
MONTERIA (CT),2020,53,0,0,0,21.200000000000003,0.3,50000,42.4,ALTO
MONTERIA (CT),2021,122,0,0,0,48.800000000000004,0.8,50000,97.6,ALTO
MONTERIA (CT),2022,46,0,0,0,18.400000000000002,0.3,50000,36.8,ALTO
MONTERIA (CT),2023,111,0,0,0,44.400000000000006,0.7,50000,88.8,ALTO
MONTERIA (CT),2024,179,0,0,0,71.60000000000001,1.1,50000,143.2,ALTO
MONTERIA (CT),2025,233,0,0,0,93.2,1.5,50000,186.4,ALTO
MONTERREY,2020,22,0,0,0,8.8,0.1,50000,17.6,MEDIO
MONTERREY,2021,21,0,0,0,8.4,0.1,50000,16.8,MEDIO
MONTERREY,2022,22,0,0,0,8.8,0.1,50000,17.6,MEDIO
MONTERREY,2023,33,0,0,0,13.200000000000001,0.2,50000,26.4,ALTO
MONTERREY,2024,39,0,0,0,15.600000000000001,0.2,50000,31.2,ALTO
MONTERREY,2025,35,0,0,0,14.0,0.2,50000,28.0,ALTO
MORALES,2020,16,0,0,0,6.4,0.1,50000,12.8,MEDIO
MORALES,2021,20,0,0,0,8.0,0.1,50000,16.0,MEDIO
MORALES,2022,12,0,0,0,4.800000000000001,0.1,50000,9.6,MEDIO
MORALES,2023,18,0,0,0,7.2,0.1,50000,14.4,MEDIO
MORALES,2024,18,0,0,0,7.2,0.1,50000,14.4,MEDIO
MORALES,2025,37,0,0,0,14.8,0.2,50000,29.6,ALTO
MORELIA,2021,1,0,0,0,0.4,0.0,50000,0.8,BAJO
MORELIA,2023,4,0,0,0,1.6,0.0,50000,3.2,BAJO
MORELIA,2024,2,0,0,0,0.8,0.0,50000,1.6,BAJO
MORELIA,2025,3,0,0,0,1.2000000000000002,0.0,50000,2.4,BAJO
MORROA,2020,4,0,0,0,1.6,0.0,50000,3.2,BAJO
MORROA,2021,9,0,0,0,3.6,0.1,50000,7.2,MEDIO
MORROA,2022,19,0,0,0,7.6000000000000005,0.1,50000,15.2,MEDIO
MORROA,2023,15,0,0,0,6.0,0.1,50000,12.0,MEDIO
MORROA,2024,17,0,0,0,6.800000000000001,0.1,50000,13.6,MEDIO
MORROA,2025,20,0,0,0,8.0,0.1,50000,16.0,MEDIO
MOSQUERA,2020,352,0,0,0,140.8,2.3,50000,281.6,ALTO
MOSQUERA,2021,279,0,0,0,111.60000000000001,1.8,50000,223.2,ALTO
MOSQUERA,2022,319,0,0,0,127.60000000000001,2.0,50000,255.2,ALTO
MOSQUERA,2023,346,0,0,0,138.4,2.2,50000,276.8,ALTO
MOSQUERA,2024,465,0,0,0,186.0,3.0,50000,372.0,ALTO
MOSQUERA,2025,332,0,0,0,132.8,2.1,50000,265.6,ALTO
MOTAVITA,2020,15,0,0,0,6.0,0.1,50000,12.0,MEDIO
MOTAVITA,2021,14,0,0,0,5.6000000000000005,0.1,50000,11.2,MEDIO
MOTAVITA,2022,9,0,0,0,3.6,0.1,50000,7.2,MEDIO
MOTAVITA,2023,14,0,0,0,5.6000000000000005,0.1,50000,11.2,MEDIO
MOTAVITA,2024,18,0,0,0,7.2,0.1,50000,14.4,MEDIO
MOTAVITA,2025,11,0,0,0,4.4,0.1,50000,8.8,MEDIO
MURILLO,2020,15,0,0,0,6.0,0.1,50000,12.0,MEDIO
MURILLO,2021,18,0,0,0,7.2,0.1,50000,14.4,MEDIO
MURILLO,2022,12,0,0,0,4.800000000000001,0.1,50000,9.6,MEDIO
MURILLO,2023,2,0,0,0,0.8,0.0,50000,1.6,BAJO
MURILLO,2024,4,0,0,0,1.6,0.0,50000,3.2,BAJO
MURILLO,2025,9,0,0,0,3.6,0.1,50000,7.2,MEDIO
MURINDO,2021,2,0,0,0,0.8,0.0,50000,1.6,BAJO
MURINDO,2022,4,0,0,0,1.6,0.0,50000,3.2,BAJO
MURINDO,2023,5,0,0,0,2.0,0.0,50000,4.0,BAJO
MURINDO,2024,1,0,0,0,0.4,0.0,50000,0.8,BAJO
MUTATA,2020,30,0,0,0,12.0,0.2,50000,24.0,ALTO
MUTATA,2021,26,0,0,0,10.4,0.2,50000,20.8,ALTO
MUTATA,2022,22,0,0,0,8.8,0.1,50000,17.6,MEDIO
MUTATA,2023,36,0,0,0,14.4,0.2,50000,28.8,ALTO
MUTATA,2024,37,0,0,0,14.8,0.2,50000,29.6,ALTO
MUTATA,2025,46,0,0,0,18.400000000000002,0.3,50000,36.8,ALTO
MUTISCUA,2020,3,0,0,0,1.2000000000000002,0.0,50000,2.4,BAJO
MUTISCUA,2021,3,0,0,0,1.2000000000000002,0.0,50000,2.4,BAJO
MUTISCUA,2022,1,0,0,0,0.4,0.0,50000,0.8,BAJO
MUTISCUA,2023,1,0,0,0,0.4,0.0,50000,0.8,BAJO
MUTISCUA,2024,6,0,0,0,2.4000000000000004,0.0,50000,4.8,BAJO
MUTISCUA,2025,3,0,0,0,1.2000000000000002,0.0,50000,2.4,BAJO
MUZO,2021,1,0,0,0,0.4,0.0,50000,0.8,BAJO
MUZO,2022,3,0,0,0,1.2000000000000002,0.0,50000,2.4,BAJO
MUZO,2023,6,0,0,0,2.4000000000000004,0.0,50000,4.8,BAJO
MUZO,2024,14,0,0,0,5.6000000000000005,0.1,50000,11.2,MEDIO
MUZO,2025,14,0,0,0,5.6000000000000005,0.1,50000,11.2,MEDIO
NARINO,2020,7,0,0,0,2.8000000000000003,0.0,50000,5.6,BAJO
NARINO,2021,18,0,0,0,7.2,0.1,50000,14.4,MEDIO
NARINO,2022,14,0,0,0,5.6000000000000005,0.1,50000,11.2,MEDIO
NARINO,2023,13,0,0,0,5.2,0.1,50000,10.4,MEDIO
NARINO,2024,16,0,0,0,6.4,0.1,50000,12.8,MEDIO
NARINO,2025,13,0,0,0,5.2,0.1,50000,10.4,MEDIO
NATAGA,2020,1,0,0,0,0.4,0.0,50000,0.8,BAJO
NATAGA,2021,3,0,0,0,1.2000000000000002,0.0,50000,2.4,BAJO
NATAGA,2022,3,0,0,0,1.2000000000000002,0.0,50000,2.4,BAJO
NATAGA,2023,4,0,0,0,1.6,0.0,50000,3.2,BAJO
NATAGA,2024,5,0,0,0,2.0,0.0,50000,4.0,BAJO
NATAGA,2025,2,0,0,0,0.8,0.0,50000,1.6,BAJO
NATAGAIMA,2020,19,0,0,0,7.6000000000000005,0.1,50000,15.2,MEDIO
NATAGAIMA,2021,20,0,0,0,8.0,0.1,50000,16.0,MEDIO
NATAGAIMA,2022,19,0,0,0,7.6000000000000005,0.1,50000,15.2,MEDIO
NATAGAIMA,2023,32,0,0,0,12.8,0.2,50000,25.6,ALTO
NATAGAIMA,2024,62,0,0,0,24.8,0.4,50000,49.6,ALTO
NATAGAIMA,2025,29,0,0,0,11.600000000000001,0.2,50000,23.2,ALTO
NECHI,2020,3,0,0,0,1.2000000000000002,0.0,50000,2.4,BAJO
NECHI,2021,5,0,0,0,2.0,0.0,50000,4.0,BAJO
NECHI,2022,12,0,0,0,4.800000000000001,0.1,50000,9.6,MEDIO
NECHI,2023,18,0,0,0,7.2,0.1,50000,14.4,MEDIO
NECHI,2024,9,0,0,0,3.6,0.1,50000,7.2,MEDIO
NECHI,2025,15,0,0,0,6.0,0.1,50000,12.0,MEDIO
NECOCLI,2020,13,0,0,0,5.2,0.1,50000,10.4,MEDIO
NECOCLI,2021,17,0,0,0,6.800000000000001,0.1,50000,13.6,MEDIO
NECOCLI,2022,16,0,0,0,6.4,0.1,50000,12.8,MEDIO
NECOCLI,2023,18,0,0,0,7.2,0.1,50000,14.4,MEDIO
NECOCLI,2024,26,0,0,0,10.4,0.2,50000,20.8,ALTO
NECOCLI,2025,23,0,0,0,9.200000000000001,0.1,50000,18.4,MEDIO
NEIRA,2020,7,0,0,0,2.8000000000000003,0.0,50000,5.6,BAJO
NEIRA,2021,15,0,0,0,6.0,0.1,50000,12.0,MEDIO
NEIRA,2022,4,0,0,0,1.6,0.0,50000,3.2,BAJO
NEIRA,2023,5,0,0,0,2.0,0.0,50000,4.0,BAJO
NEIRA,2024,7,0,0,0,2.8000000000000003,0.0,50000,5.6,BAJO
NEIRA,2025,9,0,0,0,3.6,0.1,50000,7.2,MEDIO
NEIVA,2020,170,0,0,0,68.0,1.1,50000,136.0,ALTO
NEIVA,2021,202,0,0,0,80.80000000000001,1.3,50000,161.6,ALTO
NEIVA,2022,213,0,0,0,85.2,1.4,50000,170.4,ALTO
NEIVA,2023,261,0,0,0,104.4,1.7,50000,208.8,ALTO
NEIVA,2024,251,0,0,0,100.4,1.6,50000,200.8,ALTO
NEIVA (CT),2020,216,0,0,0,86.4,1.4,50000,172.8,ALTO
NEIVA (CT),2021,341,0,0,0,136.4,2.2,50000,272.8,ALTO
NEIVA (CT),2022,274,0,0,0,109.60000000000001,1.8,50000,219.2,ALTO
NEIVA (CT),2023,340,0,0,0,136.0,2.2,50000,272.0,ALTO
NEIVA (CT),2024,369,0,0,0,147.6,2.4,50000,295.2,ALTO
NEIVA (CT),2025,474,0,0,0,189.60000000000002,3.0,50000,379.2,ALTO
NEMOCON,2020,20,0,0,0,8.0,0.1,50000,16.0,MEDIO
NEMOCON,2021,26,0,0,0,10.4,0.2,50000,20.8,ALTO
NEMOCON,2022,30,0,0,0,12.0,0.2,50000,24.0,ALTO
NEMOCON,2023,43,0,0,0,17.2,0.3,50000,34.4,ALTO
NEMOCON,2024,60,0,0,0,24.0,0.4,50000,48.0,ALTO
NEMOCON,2025,33,0,0,0,13.200000000000001,0.2,50000,26.4,ALTO
NILO,2020,1,0,0,0,0.4,0.0,50000,0.8,BAJO
NILO,2021,17,0,0,0,6.800000000000001,0.1,50000,13.6,MEDIO
NILO,2022,15,0,0,0,6.0,0.1,50000,12.0,MEDIO
NILO,2023,2,0,0,0,0.8,0.0,50000,1.6,BAJO
NILO,2024,27,0,0,0,10.8,0.2,50000,21.6,ALTO
NILO,2025,9,0,0,0,3.6,0.1,50000,7.2,MEDIO
NIMAIMA,2020,8,0,0,0,3.2,0.0,50000,6.4,BAJO
NIMAIMA,2021,7,0,0,0,2.8000000000000003,0.0,50000,5.6,BAJO
NIMAIMA,2022,8,0,0,0,3.2,0.0,50000,6.4,BAJO
NIMAIMA,2023,6,0,0,0,2.4000000000000004,0.0,50000,4.8,BAJO
NIMAIMA,2024,5,0,0,0,2.0,0.0,50000,4.0,BAJO
NIMAIMA,2025,3,0,0,0,1.2000000000000002,0.0,50000,2.4,BAJO
NOBSA,2020,11,0,0,0,4.4,0.1,50000,8.8,MEDIO
NOBSA,2021,9,0,0,0,3.6,0.1,50000,7.2,MEDIO
NOBSA,2022,5,0,0,0,2.0,0.0,50000,4.0,BAJO
NOBSA,2023,32,0,0,0,12.8,0.2,50000,25.6,ALTO
NOBSA,2024,27,0,0,0,10.8,0.2,50000,21.6,ALTO
NOBSA,2025,29,0,0,0,11.600000000000001,0.2,50000,23.2,ALTO
NOCAIMA,2020,5,0,0,0,2.0,0.0,50000,4.0,BAJO
NOCAIMA,2021,12,0,0,0,4.800000000000001,0.1,50000,9.6,MEDIO
NOCAIMA,2022,11,0,0,0,4.4,0.1,50000,8.8,MEDIO
NOCAIMA,2023,8,0,0,0,3.2,0.0,50000,6.4,BAJO
NOCAIMA,2024,7,0,0,0,2.8000000000000003,0.0,50000,5.6,BAJO
NOCAIMA,2025,5,0,0,0,2.0,0.0,50000,4.0,BAJO
NORCASIA,2020,4,0,0,0,1.6,0.0,50000,3.2,BAJO
NORCASIA,2021,4,0,0,0,1.6,0.0,50000,3.2,BAJO
NORCASIA,2022,6,0,0,0,2.4000000000000004,0.0,50000,4.8,BAJO
NORCASIA,2023,1,0,0,0,0.4,0.0,50000,0.8,BAJO
NORCASIA,2024,2,0,0,0,0.8,0.0,50000,1.6,BAJO
NORCASIA,2025,2,0,0,0,0.8,0.0,50000,1.6,BAJO
NOROSI,2020,1,0,0,0,0.4,0.0,50000,0.8,BAJO
NOROSI,2021,3,0,0,0,1.2000000000000002,0.0,50000,2.4,BAJO
NOROSI,2022,7,0,0,0,2.8000000000000003,0.0,50000,5.6,BAJO
NOROSI,2023,4,0,0,0,1.6,0.0,50000,3.2,BAJO
NOROSI,2024,9,0,0,0,3.6,0.1,50000,7.2,MEDIO
NOROSI,2025,6,0,0,0,2.4000000000000004,0.0,50000,4.8,BAJO
NOVITA,2020,1,0,0,0,0.4,0.0,50000,0.8,BAJO
NOVITA,2021,4,0,0,0,1.6,0.0,50000,3.2,BAJO
NOVITA,2022,1,0,0,0,0.4,0.0,50000,0.8,BAJO
NOVITA,2023,7,0,0,0,2.8000000000000003,0.0,50000,5.6,BAJO
NOVITA,2024,1,0,0,0,0.4,0.0,50000,0.8,BAJO
NOVITA,2025,4,0,0,0,1.6,0.0,50000,3.2,BAJO
NUEVA GRANADA,2020,3,0,0,0,1.2000000000000002,0.0,50000,2.4,BAJO
NUEVA GRANADA,2021,3,0,0,0,1.2000000000000002,0.0,50000,2.4,BAJO
NUEVA GRANADA,2022,7,0,0,0,2.8000000000000003,0.0,50000,5.6,BAJO
NUEVA GRANADA,2023,16,0,0,0,6.4,0.1,50000,12.8,MEDIO
NUEVA GRANADA,2024,10,0,0,0,4.0,0.1,50000,8.0,MEDIO
NUEVA GRANADA,2025,11,0,0,0,4.4,0.1,50000,8.8,MEDIO
NUEVO COLON,2020,9,0,0,0,3.6,0.1,50000,7.2,MEDIO
NUEVO COLON,2021,8,0,0,0,3.2,0.0,50000,6.4,BAJO
NUEVO COLON,2022,4,0,0,0,1.6,0.0,50000,3.2,BAJO
NUEVO COLON,2023,13,0,0,0,5.2,0.1,50000,10.4,MEDIO
NUEVO COLON,2024,5,0,0,0,2.0,0.0,50000,4.0,BAJO
NUEVO COLON,2025,9,0,0,0,3.6,0.1,50000,7.2,MEDIO
NUNCHIA,2020,2,0,0,0,0.8,0.0,50000,1.6,BAJO
NUNCHIA,2021,7,0,0,0,2.8000000000000003,0.0,50000,5.6,BAJO
NUNCHIA,2022,8,0,0,0,3.2,0.0,50000,6.4,BAJO
NUNCHIA,2023,17,0,0,0,6.800000000000001,0.1,50000,13.6,MEDIO
NUNCHIA,2024,17,0,0,0,6.800000000000001,0.1,50000,13.6,MEDIO
NUNCHIA,2025,8,0,0,0,3.2,0.0,50000,6.4,BAJO
NUQUI,2020,3,0,0,0,1.2000000000000002,0.0,50000,2.4,BAJO
NUQUI,2021,1,0,0,0,0.4,0.0,50000,0.8,BAJO
NUQUI,2022,6,0,0,0,2.4000000000000004,0.0,50000,4.8,BAJO
NUQUI,2023,5,0,0,0,2.0,0.0,50000,4.0,BAJO
NUQUI,2024,4,0,0,0,1.6,0.0,50000,3.2,BAJO
NUQUI,2025,6,0,0,0,2.4000000000000004,0.0,50000,4.8,BAJO
OBANDO,2020,10,0,0,0,4.0,0.1,13700,29.2,MEDIO
OBANDO,2021,14,0,0,0,5.6000000000000005,0.1,13700,40.88,MEDIO
OBANDO,2022,3,0,0,0,1.2000000000000002,0.0,13700,8.76,BAJO
OBANDO,2023,17,0,0,0,6.800000000000001,0.1,13700,49.64,MEDIO
OBANDO,2024,29,0,0,0,11.600000000000001,0.2,13700,84.67,ALTO
OBANDO,2025,15,0,0,0,6.0,0.1,13700,43.8,MEDIO
OCAMONTE,2020,2,0,0,0,0.8,0.0,50000,1.6,BAJO
OCAMONTE,2021,9,0,0,0,3.6,0.1,50000,7.2,MEDIO
OCAMONTE,2022,4,0,0,0,1.6,0.0,50000,3.2,BAJO
OCAMONTE,2024,2,0,0,0,0.8,0.0,50000,1.6,BAJO
OCAMONTE,2025,10,0,0,0,4.0,0.1,50000,8.0,MEDIO
OCANA,2020,56,0,0,0,22.400000000000002,0.4,50000,44.8,ALTO
OCANA,2021,109,0,0,0,43.6,0.7,50000,87.2,ALTO
OCANA,2022,79,0,0,0,31.6,0.5,50000,63.2,ALTO
OCANA,2023,81,0,0,0,32.4,0.5,50000,64.8,ALTO
OCANA,2024,149,0,0,0,59.6,1.0,50000,119.2,ALTO
OCANA,2025,273,0,0,0,109.2,1.7,50000,218.4,ALTO
OIBA,2020,1,0,0,0,0.4,0.0,50000,0.8,BAJO
OIBA,2021,17,0,0,0,6.800000000000001,0.1,50000,13.6,MEDIO
OIBA,2022,17,0,0,0,6.800000000000001,0.1,50000,13.6,MEDIO
OIBA,2023,20,0,0,0,8.0,0.1,50000,16.0,MEDIO
OIBA,2024,18,0,0,0,7.2,0.1,50000,14.4,MEDIO
OIBA,2025,16,0,0,0,6.4,0.1,50000,12.8,MEDIO
OICATA,2020,4,0,0,0,1.6,0.0,50000,3.2,BAJO
OICATA,2021,5,0,0,0,2.0,0.0,50000,4.0,BAJO
OICATA,2022,6,0,0,0,2.4000000000000004,0.0,50000,4.8,BAJO
OICATA,2024,9,0,0,0,3.6,0.1,50000,7.2,MEDIO
OICATA,2025,1,0,0,0,0.4,0.0,50000,0.8,BAJO
OLAYA,2020,1,0,0,0,0.4,0.0,50000,0.8,BAJO
OLAYA,2021,1,0,0,0,0.4,0.0,50000,0.8,BAJO
OLAYA,2022,4,0,0,0,1.6,0.0,50000,3.2,BAJO
OLAYA,2024,2,0,0,0,0.8,0.0,50000,1.6,BAJO
OLAYA HERRERA,2021,2,0,0,0,0.8,0.0,50000,1.6,BAJO
OLAYA HERRERA,2022,2,0,0,0,0.8,0.0,50000,1.6,BAJO
OLAYA HERRERA,2023,3,0,0,0,1.2000000000000002,0.0,50000,2.4,BAJO
OLAYA HERRERA,2025,1,0,0,0,0.4,0.0,50000,0.8,BAJO
ONZAGA,2020,9,0,0,0,3.6,0.1,50000,7.2,MEDIO
ONZAGA,2021,6,0,0,0,2.4000000000000004,0.0,50000,4.8,BAJO
ONZAGA,2022,8,0,0,0,3.2,0.0,50000,6.4,BAJO
ONZAGA,2023,5,0,0,0,2.0,0.0,50000,4.0,BAJO
ONZAGA,2024,8,0,0,0,3.2,0.0,50000,6.4,BAJO
ONZAGA,2025,4,0,0,0,1.6,0.0,50000,3.2,BAJO
OPORAPA,2020,2,0,0,0,0.8,0.0,50000,1.6,BAJO
OPORAPA,2021,2,0,0,0,0.8,0.0,50000,1.6,BAJO
OPORAPA,2022,4,0,0,0,1.6,0.0,50000,3.2,BAJO
OPORAPA,2023,12,0,0,0,4.800000000000001,0.1,50000,9.6,MEDIO
OPORAPA,2024,19,0,0,0,7.6000000000000005,0.1,50000,15.2,MEDIO
OPORAPA,2025,9,0,0,0,3.6,0.1,50000,7.2,MEDIO
ORITO,2020,25,0,0,0,10.0,0.2,50000,20.0,ALTO
ORITO,2021,24,0,0,0,9.600000000000001,0.1,50000,19.2,MEDIO
ORITO,2022,19,0,0,0,7.6000000000000005,0.1,50000,15.2,MEDIO
ORITO,2023,56,0,0,0,22.400000000000002,0.4,50000,44.8,ALTO
ORITO,2024,55,0,0,0,22.0,0.3,50000,44.0,ALTO
ORITO,2025,37,0,0,0,14.8,0.2,50000,29.6,ALTO
ORITO,9999,0,1,1,0,0.30000000000000004,0.0,50000,0.6,BAJO
OROCUE,2020,2,0,0,0,0.8,0.0,50000,1.6,BAJO
OROCUE,2021,4,0,0,0,1.6,0.0,50000,3.2,BAJO
OROCUE,2022,16,0,0,0,6.4,0.1,50000,12.8,MEDIO
OROCUE,2023,21,0,0,0,8.4,0.1,50000,16.8,MEDIO
OROCUE,2024,46,0,0,0,18.400000000000002,0.3,50000,36.8,ALTO
OROCUE,2025,19,0,0,0,7.6000000000000005,0.1,50000,15.2,MEDIO
ORTEGA,2020,57,0,0,0,22.8,0.4,50000,45.6,ALTO
ORTEGA,2021,87,0,0,0,34.800000000000004,0.6,50000,69.6,ALTO
ORTEGA,2022,69,0,0,0,27.6,0.4,50000,55.2,ALTO
ORTEGA,2023,65,0,0,0,26.0,0.4,50000,52.0,ALTO
ORTEGA,2024,61,0,0,0,24.400000000000002,0.4,50000,48.8,ALTO
ORTEGA,2025,47,0,0,0,18.8,0.3,50000,37.6,ALTO
OSPINA,2020,1,0,0,0,0.4,0.0,50000,0.8,BAJO
OSPINA,2021,3,0,0,0,1.2000000000000002,0.0,50000,2.4,BAJO
OSPINA,2022,2,0,0,0,0.8,0.0,50000,1.6,BAJO
OSPINA,2023,5,0,0,0,2.0,0.0,50000,4.0,BAJO
OSPINA,2024,2,0,0,0,0.8,0.0,50000,1.6,BAJO
OSPINA,2025,3,0,0,0,1.2000000000000002,0.0,50000,2.4,BAJO
OTANCHE,2020,3,0,0,0,1.2000000000000002,0.0,50000,2.4,BAJO
OTANCHE,2021,5,0,0,0,2.0,0.0,50000,4.0,BAJO
OTANCHE,2022,3,0,0,0,1.2000000000000002,0.0,50000,2.4,BAJO
OTANCHE,2023,8,0,0,0,3.2,0.0,50000,6.4,BAJO
OTANCHE,2024,4,0,0,0,1.6,0.0,50000,3.2,BAJO
OTANCHE,2025,9,0,0,0,3.6,0.1,50000,7.2,MEDIO
OVEJAS,2020,6,0,0,0,2.4000000000000004,0.0,50000,4.8,BAJO
OVEJAS,2021,24,0,0,0,9.600000000000001,0.1,50000,19.2,MEDIO
OVEJAS,2022,24,0,0,0,9.600000000000001,0.1,50000,19.2,MEDIO
OVEJAS,2023,16,0,0,0,6.4,0.1,50000,12.8,MEDIO
OVEJAS,2024,17,0,0,0,6.800000000000001,0.1,50000,13.6,MEDIO
OVEJAS,2025,21,0,0,0,8.4,0.1,50000,16.8,MEDIO
PACHAVITA,2020,1,0,0,0,0.4,0.0,50000,0.8,BAJO
PACHAVITA,2022,1,0,0,0,0.4,0.0,50000,0.8,BAJO
PACHAVITA,2023,2,0,0,0,0.8,0.0,50000,1.6,BAJO
PACHAVITA,2024,3,0,0,0,1.2000000000000002,0.0,50000,2.4,BAJO
PACHAVITA,2025,1,0,0,0,0.4,0.0,50000,0.8,BAJO
PACHO,2020,28,0,0,0,11.200000000000001,0.2,50000,22.4,ALTO
PACHO,2021,54,0,0,0,21.6,0.3,50000,43.2,ALTO
PACHO,2022,18,0,0,0,7.2,0.1,50000,14.4,MEDIO
PACHO,2023,30,0,0,0,12.0,0.2,50000,24.0,ALTO
PACHO,2024,66,0,0,0,26.400000000000002,0.4,50000,52.8,ALTO
PACHO,2025,90,0,0,0,36.0,0.6,50000,72.0,ALTO
PACOA,2022,1,0,0,0,0.4,0.0,50000,0.8,BAJO
PACORA,2020,2,0,0,0,0.8,0.0,50000,1.6,BAJO
PACORA,2021,7,0,0,0,2.8000000000000003,0.0,50000,5.6,BAJO
PACORA,2022,2,0,0,0,0.8,0.0,50000,1.6,BAJO
PACORA,2023,3,0,0,0,1.2000000000000002,0.0,50000,2.4,BAJO
PACORA,2024,9,0,0,0,3.6,0.1,50000,7.2,MEDIO
PADILLA,2020,1,0,0,0,0.4,0.0,50000,0.8,BAJO
PADILLA,2021,5,0,0,0,2.0,0.0,50000,4.0,BAJO
PADILLA,2022,7,0,0,0,2.8000000000000003,0.0,50000,5.6,BAJO
PADILLA,2023,2,0,0,0,0.8,0.0,50000,1.6,BAJO
PADILLA,2024,4,0,0,0,1.6,0.0,50000,3.2,BAJO
PADILLA,2025,7,0,0,0,2.8000000000000003,0.0,50000,5.6,BAJO
PAEZ,2020,13,0,0,0,5.2,0.1,50000,10.4,MEDIO
PAEZ,2021,7,0,0,0,2.8000000000000003,0.0,50000,5.6,BAJO
PAEZ,2022,8,0,0,0,3.2,0.0,50000,6.4,BAJO
PAEZ,2023,9,0,0,0,3.6,0.1,50000,7.2,MEDIO
PAEZ,2024,16,0,0,0,6.4,0.1,50000,12.8,MEDIO
PAEZ,2025,43,0,0,0,17.2,0.3,50000,34.4,ALTO
PAICOL,2020,1,0,0,0,0.4,0.0,50000,0.8,BAJO
PAICOL,2022,2,0,0,0,0.8,0.0,50000,1.6,BAJO
PAICOL,2023,2,0,0,0,0.8,0.0,50000,1.6,BAJO
PAICOL,2024,11,0,0,0,4.4,0.1,50000,8.8,MEDIO
PAICOL,2025,7,0,0,0,2.8000000000000003,0.0,50000,5.6,BAJO
PAILITAS,2020,17,0,0,0,6.800000000000001,0.1,50000,13.6,MEDIO
PAILITAS,2021,11,0,0,0,4.4,0.1,50000,8.8,MEDIO
PAILITAS,2022,1,0,0,0,0.4,0.0,50000,0.8,BAJO
PAILITAS,2023,1,0,0,0,0.4,0.0,50000,0.8,BAJO
PAILITAS,2024,13,0,0,0,5.2,0.1,50000,10.4,MEDIO
PAILITAS,2025,13,0,0,0,5.2,0.1,50000,10.4,MEDIO
PAIME,2020,3,0,0,0,1.2000000000000002,0.0,50000,2.4,BAJO
PAIME,2021,7,0,0,0,2.8000000000000003,0.0,50000,5.6,BAJO
PAIME,2022,2,0,0,0,0.8,0.0,50000,1.6,BAJO
PAIME,2023,5,0,0,0,2.0,0.0,50000,4.0,BAJO
PAIME,2024,6,0,0,0,2.4000000000000004,0.0,50000,4.8,BAJO
PAIME,2025,8,0,0,0,3.2,0.0,50000,6.4,BAJO
PAIPA,2020,14,0,0,0,5.6000000000000005,0.1,50000,11.2,MEDIO
PAIPA,2021,37,0,0,0,14.8,0.2,50000,29.6,ALTO
PAIPA,2022,25,0,0,0,10.0,0.2,50000,20.0,ALTO
PAIPA,2023,31,0,0,0,12.4,0.2,50000,24.8,ALTO
PAIPA,2024,63,0,0,0,25.200000000000003,0.4,50000,50.4,ALTO
PAIPA,2025,117,0,0,0,46.800000000000004,0.7,50000,93.6,ALTO
PAJARITO,2020,5,0,0,0,2.0,0.0,50000,4.0,BAJO
PAJARITO,2021,3,0,0,0,1.2000000000000002,0.0,50000,2.4,BAJO
PAJARITO,2022,3,0,0,0,1.2000000000000002,0.0,50000,2.4,BAJO
PAJARITO,2023,5,0,0,0,2.0,0.0,50000,4.0,BAJO
PAJARITO,2024,5,0,0,0,2.0,0.0,50000,4.0,BAJO
PAJARITO,2025,5,0,0,0,2.0,0.0,50000,4.0,BAJO
PALERMO,2020,7,0,0,0,2.8000000000000003,0.0,50000,5.6,BAJO
PALERMO,2021,13,0,0,0,5.2,0.1,50000,10.4,MEDIO
PALERMO,2022,26,0,0,0,10.4,0.2,50000,20.8,ALTO
PALERMO,2023,24,0,0,0,9.600000000000001,0.1,50000,19.2,MEDIO
PALERMO,2024,27,0,0,0,10.8,0.2,50000,21.6,ALTO
PALERMO,2025,28,0,0,0,11.200000000000001,0.2,50000,22.4,ALTO
PALESTINA,2020,18,0,0,0,7.2,0.1,50000,14.4,MEDIO
PALESTINA,2021,20,0,0,0,8.0,0.1,50000,16.0,MEDIO
PALESTINA,2022,8,0,0,0,3.2,0.0,50000,6.4,BAJO
PALESTINA,2023,24,0,0,0,9.600000000000001,0.1,50000,19.2,MEDIO
PALESTINA,2024,21,0,0,0,8.4,0.1,50000,16.8,MEDIO
PALESTINA,2025,21,0,0,0,8.4,0.1,50000,16.8,MEDIO
PALMAR,2021,4,0,0,0,1.6,0.0,50000,3.2,BAJO
PALMAR,2022,3,0,0,0,1.2000000000000002,0.0,50000,2.4,BAJO
PALMAR,2025,1,0,0,0,0.4,0.0,50000,0.8,BAJO
PALMAR DE VARELA,2020,16,0,0,0,6.4,0.1,50000,12.8,MEDIO
PALMAR DE VARELA,2021,22,0,0,0,8.8,0.1,50000,17.6,MEDIO
PALMAR DE VARELA,2022,17,0,0,0,6.800000000000001,0.1,50000,13.6,MEDIO
PALMAR DE VARELA,2023,10,0,0,0,4.0,0.1,50000,8.0,MEDIO
PALMAR DE VARELA,2024,32,0,0,0,12.8,0.2,50000,25.6,ALTO
PALMAR DE VARELA,2025,42,0,0,0,16.8,0.3,50000,33.6,ALTO
PALMAS DEL SOCORRO,2020,2,0,0,0,0.8,0.0,50000,1.6,BAJO
PALMAS DEL SOCORRO,2021,3,0,0,0,1.2000000000000002,0.0,50000,2.4,BAJO
PALMAS DEL SOCORRO,2022,2,0,0,0,0.8,0.0,50000,1.6,BAJO
PALMAS DEL SOCORRO,2023,5,0,0,0,2.0,0.0,50000,4.0,BAJO
PALMAS DEL SOCORRO,2024,4,0,0,0,1.6,0.0,50000,3.2,BAJO
PALMAS DEL SOCORRO,2025,1,0,0,0,0.4,0.0,50000,0.8,BAJO
PALMIRA,2020,166,0,0,0,66.4,1.1,311063,21.35,ALTO
PALMIRA,2021,358,0,0,0,143.20000000000002,2.3,311063,46.04,ALTO
PALMIRA,2022,407,0,0,0,162.8,2.6,311063,52.34,ALTO
PALMIRA,2023,553,0,0,0,221.20000000000002,3.5,311063,71.11,ALTO
PALMIRA,2024,564,0,0,0,225.60000000000002,3.6,311063,72.53,ALTO
PALMIRA,2025,378,0,0,0,151.20000000000002,2.4,311063,48.61,ALTO
PALMITO,2020,2,0,0,0,0.8,0.0,50000,1.6,BAJO
PALMITO,2021,7,0,0,0,2.8000000000000003,0.0,50000,5.6,BAJO
PALMITO,2022,14,0,0,0,5.6000000000000005,0.1,50000,11.2,MEDIO
PALMITO,2023,13,0,0,0,5.2,0.1,50000,10.4,MEDIO
PALMITO,2024,27,0,0,0,10.8,0.2,50000,21.6,ALTO
PALMITO,2025,15,0,0,0,6.0,0.1,50000,12.0,MEDIO
PALOCABILDO,2020,9,0,0,0,3.6,0.1,50000,7.2,MEDIO
PALOCABILDO,2021,7,0,0,0,2.8000000000000003,0.0,50000,5.6,BAJO
PALOCABILDO,2022,15,0,0,0,6.0,0.1,50000,12.0,MEDIO
PALOCABILDO,2023,17,0,0,0,6.800000000000001,0.1,50000,13.6,MEDIO
PALOCABILDO,2024,12,0,0,0,4.800000000000001,0.1,50000,9.6,MEDIO
PALOCABILDO,2025,21,0,0,0,8.4,0.1,50000,16.8,MEDIO
PAMPLONA,2020,40,0,0,0,16.0,0.3,50000,32.0,ALTO
PAMPLONA,2021,62,0,0,0,24.8,0.4,50000,49.6,ALTO
PAMPLONA,2022,62,0,0,0,24.8,0.4,50000,49.6,ALTO
PAMPLONA,2023,70,0,0,0,28.0,0.4,50000,56.0,ALTO
PAMPLONA,2024,49,0,0,0,19.6,0.3,50000,39.2,ALTO
PAMPLONA,2025,50,0,0,0,20.0,0.3,50000,40.0,ALTO
PAMPLONITA,2020,2,0,0,0,0.8,0.0,50000,1.6,BAJO
PAMPLONITA,2021,6,0,0,0,2.4000000000000004,0.0,50000,4.8,BAJO
PAMPLONITA,2022,2,0,0,0,0.8,0.0,50000,1.6,BAJO
PAMPLONITA,2023,7,0,0,0,2.8000000000000003,0.0,50000,5.6,BAJO
PAMPLONITA,2024,4,0,0,0,1.6,0.0,50000,3.2,BAJO
PAMPLONITA,2025,8,0,0,0,3.2,0.0,50000,6.4,BAJO
PANDI,2020,10,0,0,0,4.0,0.1,50000,8.0,MEDIO
PANDI,2021,13,0,0,0,5.2,0.1,50000,10.4,MEDIO
PANDI,2022,9,0,0,0,3.6,0.1,50000,7.2,MEDIO
PANDI,2023,5,0,0,0,2.0,0.0,50000,4.0,BAJO
PANDI,2024,13,0,0,0,5.2,0.1,50000,10.4,MEDIO
PANDI,2025,16,0,0,0,6.4,0.1,50000,12.8,MEDIO
PANQUEBA,2020,1,0,0,0,0.4,0.0,50000,0.8,BAJO
PANQUEBA,2025,2,0,0,0,0.8,0.0,50000,1.6,BAJO
PARAMO,2020,2,0,0,0,0.8,0.0,50000,1.6,BAJO
PARAMO,2021,5,0,0,0,2.0,0.0,50000,4.0,BAJO
PARAMO,2022,3,0,0,0,1.2000000000000002,0.0,50000,2.4,BAJO
PARAMO,2024,2,0,0,0,0.8,0.0,50000,1.6,BAJO
PARAMO,2025,3,0,0,0,1.2000000000000002,0.0,50000,2.4,BAJO
PARATEBUENO,2020,5,0,0,0,2.0,0.0,50000,4.0,BAJO
PARATEBUENO,2021,8,0,0,0,3.2,0.0,50000,6.4,BAJO
PARATEBUENO,2022,4,0,0,0,1.6,0.0,50000,3.2,BAJO
PARATEBUENO,2023,10,0,0,0,4.0,0.1,50000,8.0,MEDIO
PARATEBUENO,2024,32,0,0,0,12.8,0.2,50000,25.6,ALTO
PARATEBUENO,2025,31,0,0,0,12.4,0.2,50000,24.8,ALTO
PASCA,2020,25,0,0,0,10.0,0.2,50000,20.0,ALTO
PASCA,2021,37,0,0,0,14.8,0.2,50000,29.6,ALTO
PASCA,2022,17,0,0,0,6.800000000000001,0.1,50000,13.6,MEDIO
PASCA,2023,40,0,0,0,16.0,0.3,50000,32.0,ALTO
PASCA,2024,68,0,0,0,27.200000000000003,0.4,50000,54.4,ALTO
PASCA,2025,27,0,0,0,10.8,0.2,50000,21.6,ALTO
PASTO,2020,144,0,0,0,57.6,0.9,50000,115.2,ALTO
PASTO,2021,146,0,0,0,58.400000000000006,0.9,50000,116.8,ALTO
PASTO,2022,208,0,0,0,83.2,1.3,50000,166.4,ALTO
PASTO,2023,214,0,0,0,85.60000000000001,1.4,50000,171.2,ALTO
PASTO,2024,177,0,0,0,70.8,1.1,50000,141.6,ALTO
PASTO (CT),2020,466,0,0,0,186.4,3.0,50000,372.8,ALTO
PASTO (CT),2021,507,0,0,0,202.8,3.2,50000,405.6,ALTO
PASTO (CT),2022,572,0,0,0,228.8,3.7,50000,457.6,ALTO
PASTO (CT),2023,651,0,0,0,260.40000000000003,4.2,50000,520.8,ALTO
PASTO (CT),2024,690,0,0,0,276.0,4.4,50000,552.0,ALTO
PASTO (CT),2025,533,0,0,0,213.20000000000002,3.4,50000,426.4,ALTO
PATIA,2020,17,0,0,0,6.800000000000001,0.1,50000,13.6,MEDIO
PATIA,2021,34,0,0,0,13.600000000000001,0.2,50000,27.2,ALTO
PATIA,2022,49,0,0,0,19.6,0.3,50000,39.2,ALTO
PATIA,2023,31,0,0,0,12.4,0.2,50000,24.8,ALTO
PATIA,2024,28,0,0,0,11.200000000000001,0.2,50000,22.4,ALTO
PATIA,2025,42,0,0,0,16.8,0.3,50000,33.6,ALTO
PAUNA,2020,4,0,0,0,1.6,0.0,50000,3.2,BAJO
PAUNA,2021,3,0,0,0,1.2000000000000002,0.0,50000,2.4,BAJO
PAUNA,2022,3,0,0,0,1.2000000000000002,0.0,50000,2.4,BAJO
PAUNA,2023,4,0,0,0,1.6,0.0,50000,3.2,BAJO
PAUNA,2024,6,0,0,0,2.4000000000000004,0.0,50000,4.8,BAJO
PAUNA,2025,7,0,0,0,2.8000000000000003,0.0,50000,5.6,BAJO
PAYA,2020,2,0,0,0,0.8,0.0,50000,1.6,BAJO
PAYA,2021,2,0,0,0,0.8,0.0,50000,1.6,BAJO
PAYA,2022,2,0,0,0,0.8,0.0,50000,1.6,BAJO
PAYA,2023,5,0,0,0,2.0,0.0,50000,4.0,BAJO
PAYA,2024,1,0,0,0,0.4,0.0,50000,0.8,BAJO
PAYA,2025,4,0,0,0,1.6,0.0,50000,3.2,BAJO
PAZ DE ARIPORO,2020,24,0,0,0,9.600000000000001,0.1,50000,19.2,MEDIO
PAZ DE ARIPORO,2021,57,0,0,0,22.8,0.4,50000,45.6,ALTO
PAZ DE ARIPORO,2022,66,0,0,0,26.400000000000002,0.4,50000,52.8,ALTO
PAZ DE ARIPORO,2023,93,0,0,0,37.2,0.6,50000,74.4,ALTO
PAZ DE ARIPORO,2024,89,0,0,0,35.6,0.6,50000,71.2,ALTO
PAZ DE ARIPORO,2025,61,0,0,0,24.400000000000002,0.4,50000,48.8,ALTO
PAZ DE RIO,2020,1,0,0,0,0.4,0.0,50000,0.8,BAJO
PAZ DE RIO,2022,1,0,0,0,0.4,0.0,50000,0.8,BAJO
PAZ DE RIO,2023,1,0,0,0,0.4,0.0,50000,0.8,BAJO
PAZ DE RIO,2024,2,0,0,0,0.8,0.0,50000,1.6,BAJO
PEDRAZA,2021,3,0,0,0,1.2000000000000002,0.0,50000,2.4,BAJO
PEDRAZA,2022,2,0,0,0,0.8,0.0,50000,1.6,BAJO
PEDRAZA,2024,4,0,0,0,1.6,0.0,50000,3.2,BAJO
PEDRAZA,2025,1,0,0,0,0.4,0.0,50000,0.8,BAJO
PELAYA,2020,7,0,0,0,2.8000000000000003,0.0,50000,5.6,BAJO
PELAYA,2021,4,0,0,0,1.6,0.0,50000,3.2,BAJO
PELAYA,2022,5,0,0,0,2.0,0.0,50000,4.0,BAJO
PELAYA,2023,3,0,0,0,1.2000000000000002,0.0,50000,2.4,BAJO
PELAYA,2024,8,0,0,0,3.2,0.0,50000,6.4,BAJO
PELAYA,2025,8,0,0,0,3.2,0.0,50000,6.4,BAJO
PENOL,2020,6,0,0,0,2.4000000000000004,0.0,50000,4.8,BAJO
PENOL,2021,6,0,0,0,2.4000000000000004,0.0,50000,4.8,BAJO
PENOL,2022,5,0,0,0,2.0,0.0,50000,4.0,BAJO
PENOL,2023,16,0,0,0,6.4,0.1,50000,12.8,MEDIO
PENOL,2024,27,0,0,0,10.8,0.2,50000,21.6,ALTO
PENOL,2025,15,0,0,0,6.0,0.1,50000,12.0,MEDIO
PENSILVANIA,2020,14,0,0,0,5.6000000000000005,0.1,50000,11.2,MEDIO
PENSILVANIA,2021,12,0,0,0,4.800000000000001,0.1,50000,9.6,MEDIO
PENSILVANIA,2022,3,0,0,0,1.2000000000000002,0.0,50000,2.4,BAJO
PENSILVANIA,2023,4,0,0,0,1.6,0.0,50000,3.2,BAJO
PENSILVANIA,2024,2,0,0,0,0.8,0.0,50000,1.6,BAJO
PENSILVANIA,2025,5,0,0,0,2.0,0.0,50000,4.0,BAJO
PEQUE,2021,1,0,0,0,0.4,0.0,50000,0.8,BAJO
PEQUE,2023,1,0,0,0,0.4,0.0,50000,0.8,BAJO
PEQUE,2024,2,0,0,0,0.8,0.0,50000,1.6,BAJO
PEQUE,2025,6,0,0,0,2.4000000000000004,0.0,50000,4.8,BAJO
PEREIRA,2020,140,0,0,0,56.0,0.9,50000,112.0,ALTO
PEREIRA,2021,163,0,0,0,65.2,1.0,50000,130.4,ALTO
PEREIRA,2022,142,0,0,0,56.800000000000004,0.9,50000,113.6,ALTO
PEREIRA,2023,175,0,0,0,70.0,1.1,50000,140.0,ALTO
PEREIRA,2024,184,0,0,0,73.60000000000001,1.2,50000,147.2,ALTO
PEREIRA (CT),2020,153,0,0,0,61.2,1.0,50000,122.4,ALTO
PEREIRA (CT),2021,340,0,0,0,136.0,2.2,50000,272.0,ALTO
PEREIRA (CT),2022,104,0,0,0,41.6,0.7,50000,83.2,ALTO
PEREIRA (CT),2023,453,0,0,0,181.20000000000002,2.9,50000,362.4,ALTO
PEREIRA (CT),2024,465,0,0,0,186.0,3.0,50000,372.0,ALTO
PEREIRA (CT),2025,479,0,0,0,191.60000000000002,3.1,50000,383.2,ALTO
PESCA,2020,5,0,0,0,2.0,0.0,50000,4.0,BAJO
PESCA,2021,3,0,0,0,1.2000000000000002,0.0,50000,2.4,BAJO
PESCA,2022,10,0,0,0,4.0,0.1,50000,8.0,MEDIO
PESCA,2023,17,0,0,0,6.800000000000001,0.1,50000,13.6,MEDIO
PESCA,2024,13,0,0,0,5.2,0.1,50000,10.4,MEDIO
PESCA,2025,18,0,0,0,7.2,0.1,50000,14.4,MEDIO
PIAMONTE,2020,2,0,0,0,0.8,0.0,50000,1.6,BAJO
PIAMONTE,2021,8,0,0,0,3.2,0.0,50000,6.4,BAJO
PIAMONTE,2022,2,0,0,0,0.8,0.0,50000,1.6,BAJO
PIAMONTE,2023,1,0,0,0,0.4,0.0,50000,0.8,BAJO
PIAMONTE,2024,10,0,0,0,4.0,0.1,50000,8.0,MEDIO
PIAMONTE,2025,3,0,0,0,1.2000000000000002,0.0,50000,2.4,BAJO
PIAMONTE,9999,0,1,1,0,0.30000000000000004,0.0,50000,0.6,BAJO
PIEDECUESTA,2020,76,0,0,0,30.400000000000002,0.5,50000,60.8,ALTO
PIEDECUESTA,2021,194,0,0,0,77.60000000000001,1.2,50000,155.2,ALTO
PIEDECUESTA,2022,152,0,0,0,60.800000000000004,1.0,50000,121.6,ALTO
PIEDECUESTA,2023,196,0,0,0,78.4,1.3,50000,156.8,ALTO
PIEDECUESTA,2024,235,0,0,0,94.0,1.5,50000,188.0,ALTO
PIEDECUESTA,2025,215,0,0,0,86.0,1.4,50000,172.0,ALTO
PIEDRAS,2020,9,0,0,0,3.6,0.1,50000,7.2,MEDIO
PIEDRAS,2021,2,0,0,0,0.8,0.0,50000,1.6,BAJO
PIEDRAS,2022,5,0,0,0,2.0,0.0,50000,4.0,BAJO
PIEDRAS,2023,3,0,0,0,1.2000000000000002,0.0,50000,2.4,BAJO
PIEDRAS,2024,4,0,0,0,1.6,0.0,50000,3.2,BAJO
PIEDRAS,2025,1,0,0,0,0.4,0.0,50000,0.8,BAJO
PIENDAMO,2020,30,0,0,0,12.0,0.2,50000,24.0,ALTO
PIENDAMO,2021,56,0,0,0,22.400000000000002,0.4,50000,44.8,ALTO
PIENDAMO,2022,55,0,0,0,22.0,0.3,50000,44.0,ALTO
PIENDAMO,2023,28,0,0,0,11.200000000000001,0.2,50000,22.4,ALTO
PIENDAMO,2024,46,0,0,0,18.400000000000002,0.3,50000,36.8,ALTO
PIENDAMO,2025,68,0,0,0,27.200000000000003,0.4,50000,54.4,ALTO
PIJAO,2020,2,0,0,0,0.8,0.0,50000,1.6,BAJO
PIJAO,2021,3,0,0,0,1.2000000000000002,0.0,50000,2.4,BAJO
PIJAO,2022,5,0,0,0,2.0,0.0,50000,4.0,BAJO
PIJAO,2023,5,0,0,0,2.0,0.0,50000,4.0,BAJO
PIJAO,2024,3,0,0,0,1.2000000000000002,0.0,50000,2.4,BAJO
PIJAO,2025,1,0,0,0,0.4,0.0,50000,0.8,BAJO
PIJINO DEL CARMEN,2021,4,0,0,0,1.6,0.0,50000,3.2,BAJO
PIJINO DEL CARMEN,2022,5,0,0,0,2.0,0.0,50000,4.0,BAJO
PIJINO DEL CARMEN,2023,17,0,0,0,6.800000000000001,0.1,50000,13.6,MEDIO
PIJINO DEL CARMEN,2024,8,0,0,0,3.2,0.0,50000,6.4,BAJO
PIJINO DEL CARMEN,2025,7,0,0,0,2.8000000000000003,0.0,50000,5.6,BAJO
PINCHOTE,2020,2,0,0,0,0.8,0.0,50000,1.6,BAJO
PINCHOTE,2021,3,0,0,0,1.2000000000000002,0.0,50000,2.4,BAJO
PINCHOTE,2022,5,0,0,0,2.0,0.0,50000,4.0,BAJO
PINCHOTE,2023,3,0,0,0,1.2000000000000002,0.0,50000,2.4,BAJO
PINCHOTE,2024,7,0,0,0,2.8000000000000003,0.0,50000,5.6,BAJO
PINCHOTE,2025,4,0,0,0,1.6,0.0,50000,3.2,BAJO
PINILLOS,2020,8,0,0,0,3.2,0.0,50000,6.4,BAJO
PINILLOS,2021,2,0,0,0,0.8,0.0,50000,1.6,BAJO
PINILLOS,2022,6,0,0,0,2.4000000000000004,0.0,50000,4.8,BAJO
PINILLOS,2023,3,0,0,0,1.2000000000000002,0.0,50000,2.4,BAJO
PINILLOS,2024,12,0,0,0,4.800000000000001,0.1,50000,9.6,MEDIO
PINILLOS,2025,4,0,0,0,1.6,0.0,50000,3.2,BAJO
PIOJO,2020,1,0,0,0,0.4,0.0,50000,0.8,BAJO
PIOJO,2022,4,0,0,0,1.6,0.0,50000,3.2,BAJO
PIOJO,2023,8,0,0,0,3.2,0.0,50000,6.4,BAJO
PIOJO,2024,4,0,0,0,1.6,0.0,50000,3.2,BAJO
PIOJO,2025,9,0,0,0,3.6,0.1,50000,7.2,MEDIO
PISBA,2020,1,0,0,0,0.4,0.0,50000,0.8,BAJO
PISBA,2021,1,0,0,0,0.4,0.0,50000,0.8,BAJO
PISBA,2023,2,0,0,0,0.8,0.0,50000,1.6,BAJO
PISBA,2024,5,0,0,0,2.0,0.0,50000,4.0,BAJO
PISBA,2025,3,0,0,0,1.2000000000000002,0.0,50000,2.4,BAJO
PITAL,2020,8,0,0,0,3.2,0.0,50000,6.4,BAJO
PITAL,2021,20,0,0,0,8.0,0.1,50000,16.0,MEDIO
PITAL,2022,16,0,0,0,6.4,0.1,50000,12.8,MEDIO
PITAL,2023,9,0,0,0,3.6,0.1,50000,7.2,MEDIO
PITAL,2024,18,0,0,0,7.2,0.1,50000,14.4,MEDIO
PITAL,2025,8,0,0,0,3.2,0.0,50000,6.4,BAJO
PITALITO,2020,99,0,0,0,39.6,0.6,50000,79.2,ALTO
PITALITO,2021,158,0,0,0,63.2,1.0,50000,126.4,ALTO
PITALITO,2022,176,0,0,0,70.4,1.1,50000,140.8,ALTO
PITALITO,2023,252,0,0,0,100.80000000000001,1.6,50000,201.6,ALTO
PITALITO,2024,314,0,0,0,125.60000000000001,2.0,50000,251.2,ALTO
PITALITO,2025,250,0,0,0,100.0,1.6,50000,200.0,ALTO
PIVIJAY,2020,10,0,0,0,4.0,0.1,50000,8.0,MEDIO
PIVIJAY,2021,21,0,0,0,8.4,0.1,50000,16.8,MEDIO
PIVIJAY,2022,11,0,0,0,4.4,0.1,50000,8.8,MEDIO
PIVIJAY,2023,11,0,0,0,4.4,0.1,50000,8.8,MEDIO
PIVIJAY,2024,25,0,0,0,10.0,0.2,50000,20.0,ALTO
PIVIJAY,2025,36,0,0,0,14.4,0.2,50000,28.8,ALTO
PLANADAS,2020,61,0,0,0,24.400000000000002,0.4,50000,48.8,ALTO
PLANADAS,2021,58,0,0,0,23.200000000000003,0.4,50000,46.4,ALTO
PLANADAS,2022,28,0,0,0,11.200000000000001,0.2,50000,22.4,ALTO
PLANADAS,2023,41,0,0,0,16.400000000000002,0.3,50000,32.8,ALTO
PLANADAS,2024,56,0,0,0,22.400000000000002,0.4,50000,44.8,ALTO
PLANADAS,2025,44,0,0,0,17.6,0.3,50000,35.2,ALTO
PLANETA RICA,2020,8,0,0,0,3.2,0.0,50000,6.4,BAJO
PLANETA RICA,2021,24,0,0,0,9.600000000000001,0.1,50000,19.2,MEDIO
PLANETA RICA,2022,46,0,0,0,18.400000000000002,0.3,50000,36.8,ALTO
PLANETA RICA,2023,19,0,0,0,7.6000000000000005,0.1,50000,15.2,MEDIO
PLANETA RICA,2024,23,0,0,0,9.200000000000001,0.1,50000,18.4,MEDIO
PLANETA RICA,2025,22,0,0,0,8.8,0.1,50000,17.6,MEDIO
PLATO,2020,28,0,0,0,11.200000000000001,0.2,50000,22.4,ALTO
PLATO,2021,43,0,0,0,17.2,0.3,50000,34.4,ALTO
PLATO,2022,35,0,0,0,14.0,0.2,50000,28.0,ALTO
PLATO,2023,64,0,0,0,25.6,0.4,50000,51.2,ALTO
PLATO,2024,58,0,0,0,23.200000000000003,0.4,50000,46.4,ALTO
PLATO,2025,58,0,0,0,23.200000000000003,0.4,50000,46.4,ALTO
POLICARPA,2020,3,0,0,0,1.2000000000000002,0.0,50000,2.4,BAJO
POLICARPA,2021,10,0,0,0,4.0,0.1,50000,8.0,MEDIO
POLICARPA,2022,8,0,0,0,3.2,0.0,50000,6.4,BAJO
POLICARPA,2023,11,0,0,0,4.4,0.1,50000,8.8,MEDIO
POLICARPA,2024,9,0,0,0,3.6,0.1,50000,7.2,MEDIO
POLICARPA,2025,5,0,0,0,2.0,0.0,50000,4.0,BAJO
POLONUEVO,2020,7,0,0,0,2.8000000000000003,0.0,50000,5.6,BAJO
POLONUEVO,2021,22,0,0,0,8.8,0.1,50000,17.6,MEDIO
POLONUEVO,2022,10,0,0,0,4.0,0.1,50000,8.0,MEDIO
POLONUEVO,2023,13,0,0,0,5.2,0.1,50000,10.4,MEDIO
POLONUEVO,2024,20,0,0,0,8.0,0.1,50000,16.0,MEDIO
POLONUEVO,2025,36,0,0,0,14.4,0.2,50000,28.8,ALTO
PONEDERA,2020,8,0,0,0,3.2,0.0,50000,6.4,BAJO
PONEDERA,2021,51,0,0,0,20.400000000000002,0.3,50000,40.8,ALTO
PONEDERA,2022,30,0,0,0,12.0,0.2,50000,24.0,ALTO
PONEDERA,2023,33,0,0,0,13.200000000000001,0.2,50000,26.4,ALTO
PONEDERA,2024,23,0,0,0,9.200000000000001,0.1,50000,18.4,MEDIO
PONEDERA,2025,20,0,0,0,8.0,0.1,50000,16.0,MEDIO
POPAYAN,2020,209,0,0,0,83.60000000000001,1.3,50000,167.2,ALTO
POPAYAN,2021,113,0,0,0,45.2,0.7,50000,90.4,ALTO
POPAYAN,2022,165,0,0,0,66.0,1.1,50000,132.0,ALTO
POPAYAN,2023,252,0,0,0,100.80000000000001,1.6,50000,201.6,ALTO
POPAYAN,2024,210,0,0,0,84.0,1.3,50000,168.0,ALTO
POPAYAN (CT),2020,69,0,0,0,27.6,0.4,50000,55.2,ALTO
POPAYAN (CT),2021,379,0,0,0,151.6,2.4,50000,303.2,ALTO
POPAYAN (CT),2022,442,0,0,0,176.8,2.8,50000,353.6,ALTO
POPAYAN (CT),2023,225,0,0,0,90.0,1.4,50000,180.0,ALTO
POPAYAN (CT),2024,348,0,0,0,139.20000000000002,2.2,50000,278.4,ALTO
POPAYAN (CT),2025,292,0,0,0,116.80000000000001,1.9,50000,233.6,ALTO
PORE,2020,17,0,0,0,6.800000000000001,0.1,50000,13.6,MEDIO
PORE,2021,18,0,0,0,7.2,0.1,50000,14.4,MEDIO
PORE,2022,17,0,0,0,6.800000000000001,0.1,50000,13.6,MEDIO
PORE,2023,28,0,0,0,11.200000000000001,0.2,50000,22.4,ALTO
PORE,2024,33,0,0,0,13.200000000000001,0.2,50000,26.4,ALTO
PORE,2025,20,0,0,0,8.0,0.1,50000,16.0,MEDIO
POTOSI,2020,6,0,0,0,2.4000000000000004,0.0,50000,4.8,BAJO
POTOSI,2021,16,0,0,0,6.4,0.1,50000,12.8,MEDIO
POTOSI,2022,27,0,0,0,10.8,0.2,50000,21.6,ALTO
POTOSI,2023,8,0,0,0,3.2,0.0,50000,6.4,BAJO
POTOSI,2024,21,0,0,0,8.4,0.1,50000,16.8,MEDIO
POTOSI,2025,18,0,0,0,7.2,0.1,50000,14.4,MEDIO
PRADERA,2020,17,0,0,0,6.800000000000001,0.1,54283,12.53,MEDIO
PRADERA,2021,71,0,0,0,28.400000000000002,0.5,54283,52.32,ALTO
PRADERA,2022,58,0,0,0,23.200000000000003,0.4,54283,42.74,ALTO
PRADERA,2023,58,0,0,0,23.200000000000003,0.4,54283,42.74,ALTO
PRADERA,2024,91,0,0,0,36.4,0.6,54283,67.06,ALTO
PRADERA,2025,64,0,0,0,25.6,0.4,54283,47.16,ALTO
PRADO,2020,6,0,0,0,2.4000000000000004,0.0,50000,4.8,BAJO
PRADO,2021,10,0,0,0,4.0,0.1,50000,8.0,MEDIO
PRADO,2022,6,0,0,0,2.4000000000000004,0.0,50000,4.8,BAJO
PRADO,2023,13,0,0,0,5.2,0.1,50000,10.4,MEDIO
PRADO,2024,24,0,0,0,9.600000000000001,0.1,50000,19.2,MEDIO
PRADO,2025,15,0,0,0,6.0,0.1,50000,12.0,MEDIO
PROVIDENCIA,2020,9,0,0,0,3.6,0.1,50000,7.2,MEDIO
PROVIDENCIA,2021,13,0,0,0,5.2,0.1,50000,10.4,MEDIO
PROVIDENCIA,2022,7,0,0,0,2.8000000000000003,0.0,50000,5.6,BAJO
PROVIDENCIA,2023,11,0,0,0,4.4,0.1,50000,8.8,MEDIO
PROVIDENCIA,2024,16,0,0,0,6.4,0.1,50000,12.8,MEDIO
PROVIDENCIA,2025,17,0,0,0,6.800000000000001,0.1,50000,13.6,MEDIO
PUEBLO BELLO,2020,18,0,0,0,7.2,0.1,50000,14.4,MEDIO
PUEBLO BELLO,2021,15,0,0,0,6.0,0.1,50000,12.0,MEDIO
PUEBLO BELLO,2022,18,0,0,0,7.2,0.1,50000,14.4,MEDIO
PUEBLO BELLO,2023,9,0,0,0,3.6,0.1,50000,7.2,MEDIO
PUEBLO BELLO,2024,25,0,0,0,10.0,0.2,50000,20.0,ALTO
PUEBLO BELLO,2025,48,0,0,0,19.200000000000003,0.3,50000,38.4,ALTO
PUEBLO NUEVO,2020,4,0,0,0,1.6,0.0,50000,3.2,BAJO
PUEBLO NUEVO,2021,16,0,0,0,6.4,0.1,50000,12.8,MEDIO
PUEBLO NUEVO,2022,7,0,0,0,2.8000000000000003,0.0,50000,5.6,BAJO
PUEBLO NUEVO,2023,6,0,0,0,2.4000000000000004,0.0,50000,4.8,BAJO
PUEBLO NUEVO,2024,6,0,0,0,2.4000000000000004,0.0,50000,4.8,BAJO
PUEBLO RICO,2020,7,0,0,0,2.8000000000000003,0.0,50000,5.6,BAJO
PUEBLO RICO,2021,15,0,0,0,6.0,0.1,50000,12.0,MEDIO
PUEBLO RICO,2022,1,0,0,0,0.4,0.0,50000,0.8,BAJO
PUEBLO RICO,2023,14,0,0,0,5.6000000000000005,0.1,50000,11.2,MEDIO
PUEBLO RICO,2024,8,0,0,0,3.2,0.0,50000,6.4,BAJO
PUEBLO RICO,2025,9,0,0,0,3.6,0.1,50000,7.2,MEDIO
PUEBLORRICO,2020,3,0,0,0,1.2000000000000002,0.0,50000,2.4,BAJO
PUEBLORRICO,2021,4,0,0,0,1.6,0.0,50000,3.2,BAJO
PUEBLORRICO,2022,9,0,0,0,3.6,0.1,50000,7.2,MEDIO
PUEBLORRICO,2023,16,0,0,0,6.4,0.1,50000,12.8,MEDIO
PUEBLORRICO,2024,14,0,0,0,5.6000000000000005,0.1,50000,11.2,MEDIO
PUEBLORRICO,2025,10,0,0,0,4.0,0.1,50000,8.0,MEDIO
PUEBLOVIEJO,2020,6,0,0,0,2.4000000000000004,0.0,50000,4.8,BAJO
PUEBLOVIEJO,2021,11,0,0,0,4.4,0.1,50000,8.8,MEDIO
PUEBLOVIEJO,2022,16,0,0,0,6.4,0.1,50000,12.8,MEDIO
PUEBLOVIEJO,2023,19,0,0,0,7.6000000000000005,0.1,50000,15.2,MEDIO
PUEBLOVIEJO,2024,7,0,0,0,2.8000000000000003,0.0,50000,5.6,BAJO
PUEBLOVIEJO,2025,8,0,0,0,3.2,0.0,50000,6.4,BAJO
PUENTE NACIONAL,2020,13,0,0,0,5.2,0.1,50000,10.4,MEDIO
PUENTE NACIONAL,2021,18,0,0,0,7.2,0.1,50000,14.4,MEDIO
PUENTE NACIONAL,2022,4,0,0,0,1.6,0.0,50000,3.2,BAJO
PUENTE NACIONAL,2023,15,0,0,0,6.0,0.1,50000,12.0,MEDIO
PUENTE NACIONAL,2024,21,0,0,0,8.4,0.1,50000,16.8,MEDIO
PUENTE NACIONAL,2025,12,0,0,0,4.800000000000001,0.1,50000,9.6,MEDIO
PUERRES,2020,3,0,0,0,1.2000000000000002,0.0,50000,2.4,BAJO
PUERRES,2021,1,0,0,0,0.4,0.0,50000,0.8,BAJO
PUERRES,2022,5,0,0,0,2.0,0.0,50000,4.0,BAJO
PUERRES,2023,8,0,0,0,3.2,0.0,50000,6.4,BAJO
PUERRES,2024,5,0,0,0,2.0,0.0,50000,4.0,BAJO
PUERRES,2025,5,0,0,0,2.0,0.0,50000,4.0,BAJO
PUERTO ASIS,2020,150,0,0,0,60.0,1.0,50000,120.0,ALTO
PUERTO ASIS,2021,133,0,0,0,53.2,0.8,50000,106.4,ALTO
PUERTO ASIS,2022,106,0,0,0,42.400000000000006,0.7,50000,84.8,ALTO
PUERTO ASIS,2023,170,0,0,0,68.0,1.1,50000,136.0,ALTO
PUERTO ASIS,2024,118,0,0,0,47.2,0.8,50000,94.4,ALTO
PUERTO ASIS,2025,111,0,0,0,44.400000000000006,0.7,50000,88.8,ALTO
PUERTO ASIS,9999,0,1,1,0,0.30000000000000004,0.0,50000,0.6,BAJO
PUERTO BERRIO,2020,52,0,0,0,20.8,0.3,50000,41.6,ALTO
PUERTO BERRIO,2021,44,0,0,0,17.6,0.3,50000,35.2,ALTO
PUERTO BERRIO,2022,23,0,0,0,9.200000000000001,0.1,50000,18.4,MEDIO
PUERTO BERRIO,2023,88,0,0,0,35.2,0.6,50000,70.4,ALTO
PUERTO BERRIO,2024,79,0,0,0,31.6,0.5,50000,63.2,ALTO
PUERTO BERRIO,2025,28,0,0,0,11.200000000000001,0.2,50000,22.4,ALTO
PUERTO BOYACA,2020,112,0,0,0,44.800000000000004,0.7,50000,89.6,ALTO
PUERTO BOYACA,2021,61,0,0,0,24.400000000000002,0.4,50000,48.8,ALTO
PUERTO BOYACA,2022,79,0,0,0,31.6,0.5,50000,63.2,ALTO
PUERTO BOYACA,2023,112,0,0,0,44.800000000000004,0.7,50000,89.6,ALTO
PUERTO BOYACA,2024,105,0,0,0,42.0,0.7,50000,84.0,ALTO
PUERTO BOYACA,2025,126,0,0,0,50.400000000000006,0.8,50000,100.8,ALTO
PUERTO CAICEDO,2020,22,0,0,0,8.8,0.1,50000,17.6,MEDIO
PUERTO CAICEDO,2021,3,0,0,0,1.2000000000000002,0.0,50000,2.4,BAJO
PUERTO CAICEDO,2022,3,0,0,0,1.2000000000000002,0.0,50000,2.4,BAJO
PUERTO CAICEDO,2023,10,0,0,0,4.0,0.1,50000,8.0,MEDIO
PUERTO CAICEDO,2024,12,0,0,0,4.800000000000001,0.1,50000,9.6,MEDIO
PUERTO CAICEDO,2025,14,0,0,0,5.6000000000000005,0.1,50000,11.2,MEDIO
PUERTO CAICEDO,9999,0,1,1,0,0.30000000000000004,0.0,50000,0.6,BAJO
PUERTO CARRENO,2021,11,0,0,0,4.4,0.1,50000,8.8,MEDIO
PUERTO CARRENO,2022,11,0,0,0,4.4,0.1,50000,8.8,MEDIO
PUERTO CARRENO,2023,6,0,0,0,2.4000000000000004,0.0,50000,4.8,BAJO
PUERTO CARRENO,2024,3,0,0,0,1.2000000000000002,0.0,50000,2.4,BAJO
PUERTO CARRENO (CT),2020,22,0,0,0,8.8,0.1,50000,17.6,MEDIO
PUERTO CARRENO (CT),2021,24,0,0,0,9.600000000000001,0.1,50000,19.2,MEDIO
PUERTO CARRENO (CT),2022,32,0,0,0,12.8,0.2,50000,25.6,ALTO
PUERTO CARRENO (CT),2023,48,0,0,0,19.200000000000003,0.3,50000,38.4,ALTO
PUERTO CARRENO (CT),2024,33,0,0,0,13.200000000000001,0.2,50000,26.4,ALTO
PUERTO CARRENO (CT),2025,47,0,0,0,18.8,0.3,50000,37.6,ALTO
PUERTO COLOMBIA,2020,10,0,0,0,4.0,0.1,50000,8.0,MEDIO
PUERTO COLOMBIA,2021,34,0,0,0,13.600000000000001,0.2,50000,27.2,ALTO
PUERTO COLOMBIA,2022,48,0,0,0,19.200000000000003,0.3,50000,38.4,ALTO
PUERTO COLOMBIA,2023,78,0,0,0,31.200000000000003,0.5,50000,62.4,ALTO
PUERTO COLOMBIA,2024,72,0,0,0,28.8,0.5,50000,57.6,ALTO
PUERTO COLOMBIA,2025,56,0,0,0,22.400000000000002,0.4,50000,44.8,ALTO
PUERTO CONCORDIA,2020,8,0,0,0,3.2,0.0,50000,6.4,BAJO
PUERTO CONCORDIA,2021,25,0,0,0,10.0,0.2,50000,20.0,ALTO
PUERTO CONCORDIA,2022,22,0,0,0,8.8,0.1,50000,17.6,MEDIO
PUERTO CONCORDIA,2023,22,0,0,0,8.8,0.1,50000,17.6,MEDIO
PUERTO CONCORDIA,2024,33,0,0,0,13.200000000000001,0.2,50000,26.4,ALTO
PUERTO CONCORDIA,2025,21,0,0,0,8.4,0.1,50000,16.8,MEDIO
PUERTO CONCORDIA,9999,0,1,1,0,0.30000000000000004,0.0,50000,0.6,BAJO
PUERTO ESCONDIDO,2020,2,0,0,0,0.8,0.0,50000,1.6,BAJO
PUERTO ESCONDIDO,2021,10,0,0,0,4.0,0.1,50000,8.0,MEDIO
PUERTO ESCONDIDO,2022,6,0,0,0,2.4000000000000004,0.0,50000,4.8,BAJO
PUERTO ESCONDIDO,2023,7,0,0,0,2.8000000000000003,0.0,50000,5.6,BAJO
PUERTO ESCONDIDO,2024,16,0,0,0,6.4,0.1,50000,12.8,MEDIO
PUERTO ESCONDIDO,2025,19,0,0,0,7.6000000000000005,0.1,50000,15.2,MEDIO
PUERTO GAITAN,2020,36,0,0,0,14.4,0.2,50000,28.8,ALTO
PUERTO GAITAN,2021,52,0,0,0,20.8,0.3,50000,41.6,ALTO
PUERTO GAITAN,2022,40,0,0,0,16.0,0.3,50000,32.0,ALTO
PUERTO GAITAN,2023,58,0,0,0,23.200000000000003,0.4,50000,46.4,ALTO
PUERTO GAITAN,2024,55,0,0,0,22.0,0.3,50000,44.0,ALTO
PUERTO GAITAN,2025,57,0,0,0,22.8,0.4,50000,45.6,ALTO
PUERTO GUZMAN,2020,8,0,0,0,3.2,0.0,50000,6.4,BAJO
PUERTO GUZMAN,2021,8,0,0,0,3.2,0.0,50000,6.4,BAJO
PUERTO GUZMAN,2022,18,0,0,0,7.2,0.1,50000,14.4,MEDIO
PUERTO GUZMAN,2023,17,0,0,0,6.800000000000001,0.1,50000,13.6,MEDIO
PUERTO GUZMAN,2024,14,0,0,0,5.6000000000000005,0.1,50000,11.2,MEDIO
PUERTO GUZMAN,2025,9,0,0,0,3.6,0.1,50000,7.2,MEDIO
PUERTO GUZMAN,9999,0,1,1,0,0.30000000000000004,0.0,50000,0.6,BAJO
PUERTO LEGUIZAMO,2020,47,0,0,0,18.8,0.3,50000,37.6,ALTO
PUERTO LEGUIZAMO,2021,32,0,0,0,12.8,0.2,50000,25.6,ALTO
PUERTO LEGUIZAMO,2022,22,0,0,0,8.8,0.1,50000,17.6,MEDIO
PUERTO LEGUIZAMO,2023,42,0,0,0,16.8,0.3,50000,33.6,ALTO
PUERTO LEGUIZAMO,2024,47,0,0,0,18.8,0.3,50000,37.6,ALTO
PUERTO LEGUIZAMO,2025,19,0,0,0,7.6000000000000005,0.1,50000,15.2,MEDIO
PUERTO LEGUIZAMO,9999,0,1,1,0,0.30000000000000004,0.0,50000,0.6,BAJO
PUERTO LIBERTADOR,2021,30,0,0,0,12.0,0.2,50000,24.0,ALTO
PUERTO LIBERTADOR,2022,25,0,0,0,10.0,0.2,50000,20.0,ALTO
PUERTO LIBERTADOR,2023,24,0,0,0,9.600000000000001,0.1,50000,19.2,MEDIO
PUERTO LIBERTADOR,2024,8,0,0,0,3.2,0.0,50000,6.4,BAJO
PUERTO LIBERTADOR,2025,12,0,0,0,4.800000000000001,0.1,50000,9.6,MEDIO
PUERTO LIBERTADOR,9999,0,1,1,0,0.30000000000000004,0.0,50000,0.6,BAJO
PUERTO LLERAS,2020,10,0,0,0,4.0,0.1,50000,8.0,MEDIO
PUERTO LLERAS,2021,17,0,0,0,6.800000000000001,0.1,50000,13.6,MEDIO
PUERTO LLERAS,2022,13,0,0,0,5.2,0.1,50000,10.4,MEDIO
PUERTO LLERAS,2023,22,0,0,0,8.8,0.1,50000,17.6,MEDIO
PUERTO LLERAS,2024,13,0,0,0,5.2,0.1,50000,10.4,MEDIO
PUERTO LLERAS,2025,18,0,0,0,7.2,0.1,50000,14.4,MEDIO
PUERTO LOPEZ,2020,45,0,0,0,18.0,0.3,50000,36.0,ALTO
PUERTO LOPEZ,2021,60,0,0,0,24.0,0.4,50000,48.0,ALTO
PUERTO LOPEZ,2022,76,0,0,0,30.400000000000002,0.5,50000,60.8,ALTO
PUERTO LOPEZ,2023,75,0,0,0,30.0,0.5,50000,60.0,ALTO
PUERTO LOPEZ,2024,77,0,0,0,30.8,0.5,50000,61.6,ALTO
PUERTO LOPEZ,2025,66,0,0,0,26.400000000000002,0.4,50000,52.8,ALTO
PUERTO NARE,2020,8,0,0,0,3.2,0.0,50000,6.4,BAJO
PUERTO NARE,2021,6,0,0,0,2.4000000000000004,0.0,50000,4.8,BAJO
PUERTO NARE,2022,2,0,0,0,0.8,0.0,50000,1.6,BAJO
PUERTO NARE,2023,13,0,0,0,5.2,0.1,50000,10.4,MEDIO
PUERTO NARE,2024,14,0,0,0,5.6000000000000005,0.1,50000,11.2,MEDIO
PUERTO NARE,2025,5,0,0,0,2.0,0.0,50000,4.0,BAJO
PUERTO NARINO,2021,2,0,0,0,0.8,0.0,50000,1.6,BAJO
PUERTO NARINO,2023,5,0,0,0,2.0,0.0,50000,4.0,BAJO
PUERTO NARINO,2024,8,0,0,0,3.2,0.0,50000,6.4,BAJO
PUERTO NARINO,2025,1,0,0,0,0.4,0.0,50000,0.8,BAJO
PUERTO PARRA,2020,12,0,0,0,4.800000000000001,0.1,50000,9.6,MEDIO
PUERTO PARRA,2021,7,0,0,0,2.8000000000000003,0.0,50000,5.6,BAJO
PUERTO PARRA,2022,22,0,0,0,8.8,0.1,50000,17.6,MEDIO
PUERTO PARRA,2023,23,0,0,0,9.200000000000001,0.1,50000,18.4,MEDIO
PUERTO PARRA,2024,24,0,0,0,9.600000000000001,0.1,50000,19.2,MEDIO
PUERTO PARRA,2025,22,0,0,0,8.8,0.1,50000,17.6,MEDIO
PUERTO RICO,2020,8,0,0,0,3.2,0.0,50000,6.4,BAJO
PUERTO RICO,2021,35,0,0,0,14.0,0.2,50000,28.0,ALTO
PUERTO RICO,2022,17,0,0,0,6.800000000000001,0.1,50000,13.6,MEDIO
PUERTO RICO,2023,38,0,0,0,15.200000000000001,0.2,50000,30.4,ALTO
PUERTO RICO,2024,46,0,0,0,18.400000000000002,0.3,50000,36.8,ALTO
PUERTO RICO,2025,20,0,0,0,8.0,0.1,50000,16.0,MEDIO
PUERTO RICO,9999,0,2,2,0,0.6000000000000001,0.0,50000,1.2,BAJO
PUERTO RONDON,2020,3,0,0,0,1.2000000000000002,0.0,50000,2.4,BAJO
PUERTO RONDON,2021,6,0,0,0,2.4000000000000004,0.0,50000,4.8,BAJO
PUERTO RONDON,2022,8,0,0,0,3.2,0.0,50000,6.4,BAJO
PUERTO RONDON,2023,5,0,0,0,2.0,0.0,50000,4.0,BAJO
PUERTO RONDON,2024,11,0,0,0,4.4,0.1,50000,8.8,MEDIO
PUERTO RONDON,2025,17,0,0,0,6.800000000000001,0.1,50000,13.6,MEDIO
PUERTO SALGAR,2020,37,0,0,0,14.8,0.2,50000,29.6,ALTO
PUERTO SALGAR,2021,29,0,0,0,11.600000000000001,0.2,50000,23.2,ALTO
PUERTO SALGAR,2022,3,0,0,0,1.2000000000000002,0.0,50000,2.4,BAJO
PUERTO SALGAR,2023,21,0,0,0,8.4,0.1,50000,16.8,MEDIO
PUERTO SALGAR,2024,14,0,0,0,5.6000000000000005,0.1,50000,11.2,MEDIO
PUERTO SALGAR,2025,17,0,0,0,6.800000000000001,0.1,50000,13.6,MEDIO
PUERTO SANTANDER,2020,4,0,0,0,1.6,0.0,50000,3.2,BAJO
PUERTO SANTANDER,2021,11,0,0,0,4.4,0.1,50000,8.8,MEDIO
PUERTO SANTANDER,2022,8,0,0,0,3.2,0.0,50000,6.4,BAJO
PUERTO SANTANDER,2023,7,0,0,0,2.8000000000000003,0.0,50000,5.6,BAJO
PUERTO SANTANDER,2024,4,0,0,0,1.6,0.0,50000,3.2,BAJO
PUERTO SANTANDER,2025,3,0,0,0,1.2000000000000002,0.0,50000,2.4,BAJO
PUERTO TEJADA,2020,35,0,0,0,14.0,0.2,50000,28.0,ALTO
PUERTO TEJADA,2021,68,0,0,0,27.200000000000003,0.4,50000,54.4,ALTO
PUERTO TEJADA,2022,92,0,0,0,36.800000000000004,0.6,50000,73.6,ALTO
PUERTO TEJADA,2023,67,0,0,0,26.8,0.4,50000,53.6,ALTO
PUERTO TEJADA,2024,54,0,0,0,21.6,0.3,50000,43.2,ALTO
PUERTO TEJADA,2025,89,0,0,0,35.6,0.6,50000,71.2,ALTO
PUERTO TRIUNFO,2020,9,0,0,0,3.6,0.1,50000,7.2,MEDIO
PUERTO TRIUNFO,2021,17,0,0,0,6.800000000000001,0.1,50000,13.6,MEDIO
PUERTO TRIUNFO,2022,22,0,0,0,8.8,0.1,50000,17.6,MEDIO
PUERTO TRIUNFO,2023,49,0,0,0,19.6,0.3,50000,39.2,ALTO
PUERTO TRIUNFO,2024,39,0,0,0,15.600000000000001,0.2,50000,31.2,ALTO
PUERTO TRIUNFO,2025,23,0,0,0,9.200000000000001,0.1,50000,18.4,MEDIO
PUERTO WILCHES,2020,90,0,0,0,36.0,0.6,50000,72.0,ALTO
PUERTO WILCHES,2021,52,0,0,0,20.8,0.3,50000,41.6,ALTO
PUERTO WILCHES,2022,52,0,0,0,20.8,0.3,50000,41.6,ALTO
PUERTO WILCHES,2023,88,0,0,0,35.2,0.6,50000,70.4,ALTO
PUERTO WILCHES,2024,72,0,0,0,28.8,0.5,50000,57.6,ALTO
PUERTO WILCHES,2025,39,0,0,0,15.600000000000001,0.2,50000,31.2,ALTO
PULI,2020,8,0,0,0,3.2,0.0,50000,6.4,BAJO
PULI,2021,2,0,0,0,0.8,0.0,50000,1.6,BAJO
PULI,2022,8,0,0,0,3.2,0.0,50000,6.4,BAJO
PULI,2023,7,0,0,0,2.8000000000000003,0.0,50000,5.6,BAJO
PULI,2024,6,0,0,0,2.4000000000000004,0.0,50000,4.8,BAJO
PULI,2025,8,0,0,0,3.2,0.0,50000,6.4,BAJO
PUPIALES,2020,5,0,0,0,2.0,0.0,50000,4.0,BAJO
PUPIALES,2021,14,0,0,0,5.6000000000000005,0.1,50000,11.2,MEDIO
PUPIALES,2022,4,0,0,0,1.6,0.0,50000,3.2,BAJO
PUPIALES,2023,21,0,0,0,8.4,0.1,50000,16.8,MEDIO
PUPIALES,2024,22,0,0,0,8.8,0.1,50000,17.6,MEDIO
PUPIALES,2025,19,0,0,0,7.6000000000000005,0.1,50000,15.2,MEDIO
PURACE,2020,2,0,0,0,0.8,0.0,50000,1.6,BAJO
PURACE,2021,3,0,0,0,1.2000000000000002,0.0,50000,2.4,BAJO
PURACE,2022,11,0,0,0,4.4,0.1,50000,8.8,MEDIO
PURACE,2023,9,0,0,0,3.6,0.1,50000,7.2,MEDIO
PURACE,2024,7,0,0,0,2.8000000000000003,0.0,50000,5.6,BAJO
PURACE,2025,3,0,0,0,1.2000000000000002,0.0,50000,2.4,BAJO
PURIFICACION,2020,27,0,0,0,10.8,0.2,50000,21.6,ALTO
PURIFICACION,2021,38,0,0,0,15.200000000000001,0.2,50000,30.4,ALTO
PURIFICACION,2022,31,0,0,0,12.4,0.2,50000,24.8,ALTO
PURIFICACION,2023,37,0,0,0,14.8,0.2,50000,29.6,ALTO
PURIFICACION,2024,72,0,0,0,28.8,0.5,50000,57.6,ALTO
PURIFICACION,2025,39,0,0,0,15.600000000000001,0.2,50000,31.2,ALTO
PURISIMA,2021,4,0,0,0,1.6,0.0,50000,3.2,BAJO
PURISIMA,2022,4,0,0,0,1.6,0.0,50000,3.2,BAJO
PURISIMA,2023,4,0,0,0,1.6,0.0,50000,3.2,BAJO
PURISIMA,2024,5,0,0,0,2.0,0.0,50000,4.0,BAJO
PURISIMA,2025,4,0,0,0,1.6,0.0,50000,3.2,BAJO
PURISIMA DE LA CONCEPCION,2021,3,0,0,0,1.2000000000000002,0.0,50000,2.4,BAJO
PURISIMA DE LA CONCEPCION,2022,1,0,0,0,0.4,0.0,50000,0.8,BAJO
PURISIMA DE LA CONCEPCION,2023,3,0,0,0,1.2000000000000002,0.0,50000,2.4,BAJO
PURISIMA DE LA CONCEPCION,2024,2,0,0,0,0.8,0.0,50000,1.6,BAJO
QUEBRADANEGRA,2020,17,0,0,0,6.800000000000001,0.1,50000,13.6,MEDIO
QUEBRADANEGRA,2021,10,0,0,0,4.0,0.1,50000,8.0,MEDIO
QUEBRADANEGRA,2022,20,0,0,0,8.0,0.1,50000,16.0,MEDIO
QUEBRADANEGRA,2023,12,0,0,0,4.800000000000001,0.1,50000,9.6,MEDIO
QUEBRADANEGRA,2024,7,0,0,0,2.8000000000000003,0.0,50000,5.6,BAJO
QUEBRADANEGRA,2025,5,0,0,0,2.0,0.0,50000,4.0,BAJO
QUETAME,2020,15,0,0,0,6.0,0.1,50000,12.0,MEDIO
QUETAME,2021,8,0,0,0,3.2,0.0,50000,6.4,BAJO
QUETAME,2022,7,0,0,0,2.8000000000000003,0.0,50000,5.6,BAJO
QUETAME,2023,9,0,0,0,3.6,0.1,50000,7.2,MEDIO
QUETAME,2024,15,0,0,0,6.0,0.1,50000,12.0,MEDIO
QUETAME,2025,7,0,0,0,2.8000000000000003,0.0,50000,5.6,BAJO
QUIBDO,2020,26,0,0,0,10.4,0.2,50000,20.8,ALTO
QUIBDO,2021,16,0,0,0,6.4,0.1,50000,12.8,MEDIO
QUIBDO,2022,27,0,0,0,10.8,0.2,50000,21.6,ALTO
QUIBDO,2023,51,0,0,0,20.400000000000002,0.3,50000,40.8,ALTO
QUIBDO,2024,23,0,0,0,9.200000000000001,0.1,50000,18.4,MEDIO
QUIBDO (CT),2020,106,0,0,0,42.400000000000006,0.7,50000,84.8,ALTO
QUIBDO (CT),2021,38,0,0,0,15.200000000000001,0.2,50000,30.4,ALTO
QUIBDO (CT),2022,24,0,0,0,9.600000000000001,0.1,50000,19.2,MEDIO
QUIBDO (CT),2023,113,0,0,0,45.2,0.7,50000,90.4,ALTO
QUIBDO (CT),2024,72,0,0,0,28.8,0.5,50000,57.6,ALTO
QUIBDO (CT),2025,138,0,0,0,55.2,0.9,50000,110.4,ALTO
QUIMBAYA,2020,20,0,0,0,8.0,0.1,50000,16.0,MEDIO
QUIMBAYA,2021,19,0,0,0,7.6000000000000005,0.1,50000,15.2,MEDIO
QUIMBAYA,2022,16,0,0,0,6.4,0.1,50000,12.8,MEDIO
QUIMBAYA,2023,21,0,0,0,8.4,0.1,50000,16.8,MEDIO
QUIMBAYA,2024,33,0,0,0,13.200000000000001,0.2,50000,26.4,ALTO
QUIMBAYA,2025,5,0,0,0,2.0,0.0,50000,4.0,BAJO
QUINCHIA,2020,2,0,0,0,0.8,0.0,50000,1.6,BAJO
QUINCHIA,2021,9,0,0,0,3.6,0.1,50000,7.2,MEDIO
QUINCHIA,2022,15,0,0,0,6.0,0.1,50000,12.0,MEDIO
QUINCHIA,2023,11,0,0,0,4.4,0.1,50000,8.8,MEDIO
QUINCHIA,2024,8,0,0,0,3.2,0.0,50000,6.4,BAJO
QUINCHIA,2025,13,0,0,0,5.2,0.1,50000,10.4,MEDIO
QUIPAMA,2020,1,0,0,0,0.4,0.0,50000,0.8,BAJO
QUIPAMA,2021,1,0,0,0,0.4,0.0,50000,0.8,BAJO
QUIPAMA,2023,1,0,0,0,0.4,0.0,50000,0.8,BAJO
QUIPAMA,2024,6,0,0,0,2.4000000000000004,0.0,50000,4.8,BAJO
QUIPAMA,2025,13,0,0,0,5.2,0.1,50000,10.4,MEDIO
QUIPILE,2020,3,0,0,0,1.2000000000000002,0.0,50000,2.4,BAJO
QUIPILE,2021,12,0,0,0,4.800000000000001,0.1,50000,9.6,MEDIO
QUIPILE,2022,11,0,0,0,4.4,0.1,50000,8.8,MEDIO
QUIPILE,2023,14,0,0,0,5.6000000000000005,0.1,50000,11.2,MEDIO
QUIPILE,2024,13,0,0,0,5.2,0.1,50000,10.4,MEDIO
QUIPILE,2025,5,0,0,0,2.0,0.0,50000,4.0,BAJO
RAGONVALIA,2020,10,0,0,0,4.0,0.1,50000,8.0,MEDIO
RAGONVALIA,2021,11,0,0,0,4.4,0.1,50000,8.8,MEDIO
RAGONVALIA,2022,2,0,0,0,0.8,0.0,50000,1.6,BAJO
RAGONVALIA,2023,1,0,0,0,0.4,0.0,50000,0.8,BAJO
RAGONVALIA,2024,13,0,0,0,5.2,0.1,50000,10.4,MEDIO
RAGONVALIA,2025,6,0,0,0,2.4000000000000004,0.0,50000,4.8,BAJO
RAMIRIQUI,2020,16,0,0,0,6.4,0.1,50000,12.8,MEDIO
RAMIRIQUI,2021,30,0,0,0,12.0,0.2,50000,24.0,ALTO
RAMIRIQUI,2022,4,0,0,0,1.6,0.0,50000,3.2,BAJO
RAMIRIQUI,2023,32,0,0,0,12.8,0.2,50000,25.6,ALTO
RAMIRIQUI,2024,19,0,0,0,7.6000000000000005,0.1,50000,15.2,MEDIO
RAMIRIQUI,2025,26,0,0,0,10.4,0.2,50000,20.8,ALTO
RAQUIRA,2020,2,0,0,0,0.8,0.0,50000,1.6,BAJO
RAQUIRA,2021,3,0,0,0,1.2000000000000002,0.0,50000,2.4,BAJO
RAQUIRA,2022,5,0,0,0,2.0,0.0,50000,4.0,BAJO
RAQUIRA,2023,15,0,0,0,6.0,0.1,50000,12.0,MEDIO
RAQUIRA,2024,17,0,0,0,6.800000000000001,0.1,50000,13.6,MEDIO
RAQUIRA,2025,18,0,0,0,7.2,0.1,50000,14.4,MEDIO
RECETOR,2021,1,0,0,0,0.4,0.0,50000,0.8,BAJO
RECETOR,2024,2,0,0,0,0.8,0.0,50000,1.6,BAJO
RECETOR,2025,1,0,0,0,0.4,0.0,50000,0.8,BAJO
REGIDOR,2020,1,0,0,0,0.4,0.0,50000,0.8,BAJO
REGIDOR,2021,3,0,0,0,1.2000000000000002,0.0,50000,2.4,BAJO
REGIDOR,2022,4,0,0,0,1.6,0.0,50000,3.2,BAJO
REGIDOR,2023,3,0,0,0,1.2000000000000002,0.0,50000,2.4,BAJO
REGIDOR,2024,1,0,0,0,0.4,0.0,50000,0.8,BAJO
REGIDOR,2025,3,0,0,0,1.2000000000000002,0.0,50000,2.4,BAJO
REMEDIOS,2020,20,0,0,0,8.0,0.1,50000,16.0,MEDIO
REMEDIOS,2021,60,0,0,0,24.0,0.4,50000,48.0,ALTO
REMEDIOS,2022,26,0,0,0,10.4,0.2,50000,20.8,ALTO
REMEDIOS,2023,41,0,0,0,16.400000000000002,0.3,50000,32.8,ALTO
REMEDIOS,2024,45,0,0,0,18.0,0.3,50000,36.0,ALTO
REMEDIOS,2025,39,0,0,0,15.600000000000001,0.2,50000,31.2,ALTO
REMOLINO,2023,1,0,0,0,0.4,0.0,50000,0.8,BAJO
REMOLINO,2024,1,0,0,0,0.4,0.0,50000,0.8,BAJO
REMOLINO,2025,1,0,0,0,0.4,0.0,50000,0.8,BAJO
REPELON,2020,22,0,0,0,8.8,0.1,50000,17.6,MEDIO
REPELON,2021,18,0,0,0,7.2,0.1,50000,14.4,MEDIO
REPELON,2022,13,0,0,0,5.2,0.1,50000,10.4,MEDIO
REPELON,2023,70,0,0,0,28.0,0.4,50000,56.0,ALTO
REPELON,2024,78,0,0,0,31.200000000000003,0.5,50000,62.4,ALTO
REPELON,2025,65,0,0,0,26.0,0.4,50000,52.0,ALTO
RESTREPO,2020,30,0,0,0,12.0,0.2,16000,75.0,ALTO
RESTREPO,2021,75,0,0,0,30.0,0.5,16000,187.5,ALTO
RESTREPO,2022,42,0,0,0,16.8,0.3,16000,105.0,ALTO
RESTREPO,2023,67,0,0,0,26.8,0.4,16000,167.5,ALTO
RESTREPO,2024,68,0,0,0,27.200000000000003,0.4,16000,170.0,ALTO
RESTREPO,2025,64,0,0,0,25.6,0.4,16000,160.0,ALTO
RETIRO,2020,12,0,0,0,4.800000000000001,0.1,50000,9.6,MEDIO
RETIRO,2021,25,0,0,0,10.0,0.2,50000,20.0,ALTO
RETIRO,2022,17,0,0,0,6.800000000000001,0.1,50000,13.6,MEDIO
RETIRO,2023,23,0,0,0,9.200000000000001,0.1,50000,18.4,MEDIO
RETIRO,2024,47,0,0,0,18.8,0.3,50000,37.6,ALTO
RETIRO,2025,19,0,0,0,7.6000000000000005,0.1,50000,15.2,MEDIO
RICAURTE,2020,31,0,0,0,12.4,0.2,50000,24.8,ALTO
RICAURTE,2021,48,0,0,0,19.200000000000003,0.3,50000,38.4,ALTO
RICAURTE,2022,55,0,0,0,22.0,0.3,50000,44.0,ALTO
RICAURTE,2023,73,0,0,0,29.200000000000003,0.5,50000,58.4,ALTO
RICAURTE,2024,73,0,0,0,29.200000000000003,0.5,50000,58.4,ALTO
RICAURTE,2025,55,0,0,0,22.0,0.3,50000,44.0,ALTO
RIO DE ORO,2020,22,0,0,0,8.8,0.1,50000,17.6,MEDIO
RIO DE ORO,2021,6,0,0,0,2.4000000000000004,0.0,50000,4.8,BAJO
RIO DE ORO,2022,10,0,0,0,4.0,0.1,50000,8.0,MEDIO
RIO DE ORO,2023,6,0,0,0,2.4000000000000004,0.0,50000,4.8,BAJO
RIO DE ORO,2024,5,0,0,0,2.0,0.0,50000,4.0,BAJO
RIO DE ORO,2025,8,0,0,0,3.2,0.0,50000,6.4,BAJO
RIO IRO,2021,2,0,0,0,0.8,0.0,50000,1.6,BAJO
RIO IRO,2023,3,0,0,0,1.2000000000000002,0.0,50000,2.4,BAJO
RIO IRO,2024,1,0,0,0,0.4,0.0,50000,0.8,BAJO
RIO IRO,2025,1,0,0,0,0.4,0.0,50000,0.8,BAJO
RIO QUITO,2020,2,0,0,0,0.8,0.0,50000,1.6,BAJO
RIO QUITO,2023,1,0,0,0,0.4,0.0,50000,0.8,BAJO
RIO QUITO,2025,1,0,0,0,0.4,0.0,50000,0.8,BAJO
RIO VIEJO,2020,1,0,0,0,0.4,0.0,50000,0.8,BAJO
RIO VIEJO,2021,3,0,0,0,1.2000000000000002,0.0,50000,2.4,BAJO
RIO VIEJO,2023,1,0,0,0,0.4,0.0,50000,0.8,BAJO
RIO VIEJO,2024,2,0,0,0,0.8,0.0,50000,1.6,BAJO
RIO VIEJO,2025,6,0,0,0,2.4000000000000004,0.0,50000,4.8,BAJO
RIOBLANCO,2020,24,0,0,0,9.600000000000001,0.1,50000,19.2,MEDIO
RIOBLANCO,2021,19,0,0,0,7.6000000000000005,0.1,50000,15.2,MEDIO
RIOBLANCO,2022,21,0,0,0,8.4,0.1,50000,16.8,MEDIO
RIOBLANCO,2023,29,0,0,0,11.600000000000001,0.2,50000,23.2,ALTO
RIOBLANCO,2024,22,0,0,0,8.8,0.1,50000,17.6,MEDIO
RIOBLANCO,2025,22,0,0,0,8.8,0.1,50000,17.6,MEDIO
RIOFRIO,2020,5,0,0,0,2.0,0.0,17400,11.49,BAJO
RIOFRIO,2021,16,0,0,0,6.4,0.1,17400,36.78,MEDIO
RIOFRIO,2022,23,0,0,0,9.200000000000001,0.1,17400,52.87,MEDIO
RIOFRIO,2023,26,0,0,0,10.4,0.2,17400,59.77,ALTO
RIOFRIO,2024,25,0,0,0,10.0,0.2,17400,57.47,ALTO
RIOFRIO,2025,14,0,0,0,5.6000000000000005,0.1,17400,32.18,MEDIO
RIOHACHA,2020,67,0,0,0,26.8,0.4,50000,53.6,ALTO
RIOHACHA,2021,80,0,0,0,32.0,0.5,50000,64.0,ALTO
RIOHACHA,2022,78,0,0,0,31.200000000000003,0.5,50000,62.4,ALTO
RIOHACHA,2023,94,0,0,0,37.6,0.6,50000,75.2,ALTO
RIOHACHA,2024,63,0,0,0,25.200000000000003,0.4,50000,50.4,ALTO
RIOHACHA (CT),2020,160,0,0,0,64.0,1.0,50000,128.0,ALTO
RIOHACHA (CT),2021,170,0,0,0,68.0,1.1,50000,136.0,ALTO
RIOHACHA (CT),2022,68,0,0,0,27.200000000000003,0.4,50000,54.4,ALTO
RIOHACHA (CT),2023,105,0,0,0,42.0,0.7,50000,84.0,ALTO
RIOHACHA (CT),2024,103,0,0,0,41.2,0.7,50000,82.4,ALTO
RIOHACHA (CT),2025,135,0,0,0,54.0,0.9,50000,108.0,ALTO
RIONEGRO,2020,97,0,0,0,38.800000000000004,0.6,50000,77.6,ALTO
RIONEGRO,2021,149,0,0,0,59.6,1.0,50000,119.2,ALTO
RIONEGRO,2022,129,0,0,0,51.6,0.8,50000,103.2,ALTO
RIONEGRO,2023,108,0,0,0,43.2,0.7,50000,86.4,ALTO
RIONEGRO,2024,205,0,0,0,82.0,1.3,50000,164.0,ALTO
RIONEGRO,2025,174,0,0,0,69.60000000000001,1.1,50000,139.2,ALTO
RIOSUCIO,2020,33,0,0,0,13.200000000000001,0.2,50000,26.4,ALTO
RIOSUCIO,2021,58,0,0,0,23.200000000000003,0.4,50000,46.4,ALTO
RIOSUCIO,2022,31,0,0,0,12.4,0.2,50000,24.8,ALTO
RIOSUCIO,2023,21,0,0,0,8.4,0.1,50000,16.8,MEDIO
RIOSUCIO,2024,30,0,0,0,12.0,0.2,50000,24.0,ALTO
RIOSUCIO,2025,30,0,0,0,12.0,0.2,50000,24.0,ALTO
RISARALDA,2020,4,0,0,0,1.6,0.0,50000,3.2,BAJO
RISARALDA,2021,8,0,0,0,3.2,0.0,50000,6.4,BAJO
RISARALDA,2023,4,0,0,0,1.6,0.0,50000,3.2,BAJO
RISARALDA,2024,11,0,0,0,4.4,0.1,50000,8.8,MEDIO
RISARALDA,2025,3,0,0,0,1.2000000000000002,0.0,50000,2.4,BAJO
RIVERA,2020,15,0,0,0,6.0,0.1,50000,12.0,MEDIO
RIVERA,2021,22,0,0,0,8.8,0.1,50000,17.6,MEDIO
RIVERA,2022,27,0,0,0,10.8,0.2,50000,21.6,ALTO
RIVERA,2023,33,0,0,0,13.200000000000001,0.2,50000,26.4,ALTO
RIVERA,2024,33,0,0,0,13.200000000000001,0.2,50000,26.4,ALTO
RIVERA,2025,51,0,0,0,20.400000000000002,0.3,50000,40.8,ALTO
ROBERTO PAYAN,2022,1,0,0,0,0.4,0.0,50000,0.8,BAJO
ROBERTO PAYAN,2023,1,0,0,0,0.4,0.0,50000,0.8,BAJO
ROBERTO PAYAN,2024,1,0,0,0,0.4,0.0,50000,0.8,BAJO
ROBERTO PAYAN,2025,3,0,0,0,1.2000000000000002,0.0,50000,2.4,BAJO
ROLDANILLO,2020,29,0,0,0,11.600000000000001,0.2,38000,30.53,ALTO
ROLDANILLO,2021,50,0,0,0,20.0,0.3,38000,52.63,ALTO
ROLDANILLO,2022,44,0,0,0,17.6,0.3,38000,46.32,ALTO
ROLDANILLO,2023,60,0,0,0,24.0,0.4,38000,63.16,ALTO
ROLDANILLO,2024,97,0,0,0,38.800000000000004,0.6,38000,102.11,ALTO
ROLDANILLO,2025,70,0,0,0,28.0,0.4,38000,73.68,ALTO
RONCESVALLES,2020,6,0,0,0,2.4000000000000004,0.0,50000,4.8,BAJO
RONCESVALLES,2021,7,0,0,0,2.8000000000000003,0.0,50000,5.6,BAJO
RONCESVALLES,2022,5,0,0,0,2.0,0.0,50000,4.0,BAJO
RONCESVALLES,2023,10,0,0,0,4.0,0.1,50000,8.0,MEDIO
RONCESVALLES,2024,10,0,0,0,4.0,0.1,50000,8.0,MEDIO
RONCESVALLES,2025,11,0,0,0,4.4,0.1,50000,8.8,MEDIO
RONDON,2021,2,0,0,0,0.8,0.0,50000,1.6,BAJO
RONDON,2022,1,0,0,0,0.4,0.0,50000,0.8,BAJO
RONDON,2023,5,0,0,0,2.0,0.0,50000,4.0,BAJO
RONDON,2024,5,0,0,0,2.0,0.0,50000,4.0,BAJO
RONDON,2025,3,0,0,0,1.2000000000000002,0.0,50000,2.4,BAJO
ROSAS,2020,3,0,0,0,1.2000000000000002,0.0,50000,2.4,BAJO
ROSAS,2021,17,0,0,0,6.800000000000001,0.1,50000,13.6,MEDIO
ROSAS,2022,11,0,0,0,4.4,0.1,50000,8.8,MEDIO
ROSAS,2023,1,0,0,0,0.4,0.0,50000,0.8,BAJO
ROSAS,2024,8,0,0,0,3.2,0.0,50000,6.4,BAJO
ROSAS,2025,16,0,0,0,6.4,0.1,50000,12.8,MEDIO
ROSAS,9999,0,1,1,0,0.30000000000000004,0.0,50000,0.6,BAJO
ROVIRA,2020,33,0,0,0,13.200000000000001,0.2,50000,26.4,ALTO
ROVIRA,2021,59,0,0,0,23.6,0.4,50000,47.2,ALTO
ROVIRA,2022,63,0,0,0,25.200000000000003,0.4,50000,50.4,ALTO
ROVIRA,2023,41,0,0,0,16.400000000000002,0.3,50000,32.8,ALTO
ROVIRA,2024,49,0,0,0,19.6,0.3,50000,39.2,ALTO
ROVIRA,2025,23,0,0,0,9.200000000000001,0.1,50000,18.4,MEDIO
SABANA DE TORRES,2020,15,0,0,0,6.0,0.1,50000,12.0,MEDIO
SABANA DE TORRES,2021,23,0,0,0,9.200000000000001,0.1,50000,18.4,MEDIO
SABANA DE TORRES,2022,39,0,0,0,15.600000000000001,0.2,50000,31.2,ALTO
SABANA DE TORRES,2023,50,0,0,0,20.0,0.3,50000,40.0,ALTO
SABANA DE TORRES,2024,53,0,0,0,21.200000000000003,0.3,50000,42.4,ALTO
SABANA DE TORRES,2025,47,0,0,0,18.8,0.3,50000,37.6,ALTO
SABANAGRANDE,2020,14,0,0,0,5.6000000000000005,0.1,50000,11.2,MEDIO
SABANAGRANDE,2021,33,0,0,0,13.200000000000001,0.2,50000,26.4,ALTO
SABANAGRANDE,2022,26,0,0,0,10.4,0.2,50000,20.8,ALTO
SABANAGRANDE,2023,32,0,0,0,12.8,0.2,50000,25.6,ALTO
SABANAGRANDE,2024,38,0,0,0,15.200000000000001,0.2,50000,30.4,ALTO
SABANAGRANDE,2025,45,0,0,0,18.0,0.3,50000,36.0,ALTO
SABANALARGA,2020,105,0,0,0,42.0,0.7,50000,84.0,ALTO
SABANALARGA,2021,127,0,0,0,50.800000000000004,0.8,50000,101.6,ALTO
SABANALARGA,2022,100,0,0,0,40.0,0.6,50000,80.0,ALTO
SABANALARGA,2023,105,0,0,0,42.0,0.7,50000,84.0,ALTO
SABANALARGA,2024,134,0,0,0,53.6,0.9,50000,107.2,ALTO
SABANALARGA,2025,115,0,0,0,46.0,0.7,50000,92.0,ALTO
SABANAS DE SAN ANGEL,2021,1,0,0,0,0.4,0.0,50000,0.8,BAJO
SABANAS DE SAN ANGEL,2022,3,0,0,0,1.2000000000000002,0.0,50000,2.4,BAJO
SABANAS DE SAN ANGEL,2023,6,0,0,0,2.4000000000000004,0.0,50000,4.8,BAJO
SABANAS DE SAN ANGEL,2024,1,0,0,0,0.4,0.0,50000,0.8,BAJO
SABANAS DE SAN ANGEL,2025,5,0,0,0,2.0,0.0,50000,4.0,BAJO
SABANETA,2020,61,0,0,0,24.400000000000002,0.4,50000,48.8,ALTO
SABANETA,2021,179,0,0,0,71.60000000000001,1.1,50000,143.2,ALTO
SABANETA,2022,159,0,0,0,63.6,1.0,50000,127.2,ALTO
SABANETA,2023,252,0,0,0,100.80000000000001,1.6,50000,201.6,ALTO
SABANETA,2024,244,0,0,0,97.60000000000001,1.6,50000,195.2,ALTO
SABANETA,2025,212,0,0,0,84.80000000000001,1.4,50000,169.6,ALTO
SABOYA,2020,14,0,0,0,5.6000000000000005,0.1,50000,11.2,MEDIO
SABOYA,2021,7,0,0,0,2.8000000000000003,0.0,50000,5.6,BAJO
SABOYA,2022,2,0,0,0,0.8,0.0,50000,1.6,BAJO
SABOYA,2023,20,0,0,0,8.0,0.1,50000,16.0,MEDIO
SABOYA,2024,34,0,0,0,13.600000000000001,0.2,50000,27.2,ALTO
SABOYA,2025,29,0,0,0,11.600000000000001,0.2,50000,23.2,ALTO
SACAMA,2020,1,0,0,0,0.4,0.0,50000,0.8,BAJO
SACAMA,2023,2,0,0,0,0.8,0.0,50000,1.6,BAJO
SACAMA,2024,1,0,0,0,0.4,0.0,50000,0.8,BAJO
SACAMA,2025,2,0,0,0,0.8,0.0,50000,1.6,BAJO
SACHICA,2020,7,0,0,0,2.8000000000000003,0.0,50000,5.6,BAJO
SACHICA,2021,2,0,0,0,0.8,0.0,50000,1.6,BAJO
SACHICA,2022,3,0,0,0,1.2000000000000002,0.0,50000,2.4,BAJO
SACHICA,2023,6,0,0,0,2.4000000000000004,0.0,50000,4.8,BAJO
SACHICA,2024,8,0,0,0,3.2,0.0,50000,6.4,BAJO
SACHICA,2025,7,0,0,0,2.8000000000000003,0.0,50000,5.6,BAJO
SAHAGUN,2020,25,0,0,0,10.0,0.2,50000,20.0,ALTO
SAHAGUN,2021,103,0,0,0,41.2,0.7,50000,82.4,ALTO
SAHAGUN,2022,94,0,0,0,37.6,0.6,50000,75.2,ALTO
SAHAGUN,2023,55,0,0,0,22.0,0.3,50000,44.0,ALTO
SAHAGUN,2024,72,0,0,0,28.8,0.5,50000,57.6,ALTO
SAHAGUN,2025,41,0,0,0,16.400000000000002,0.3,50000,32.8,ALTO
SALADOBLANCO,2020,3,0,0,0,1.2000000000000002,0.0,50000,2.4,BAJO
SALADOBLANCO,2021,5,0,0,0,2.0,0.0,50000,4.0,BAJO
SALADOBLANCO,2022,4,0,0,0,1.6,0.0,50000,3.2,BAJO
SALADOBLANCO,2023,10,0,0,0,4.0,0.1,50000,8.0,MEDIO
SALADOBLANCO,2024,16,0,0,0,6.4,0.1,50000,12.8,MEDIO
SALADOBLANCO,2025,19,0,0,0,7.6000000000000005,0.1,50000,15.2,MEDIO
SALAMINA,2020,28,0,0,0,11.200000000000001,0.2,50000,22.4,ALTO
SALAMINA,2021,24,0,0,0,9.600000000000001,0.1,50000,19.2,MEDIO
SALAMINA,2022,12,0,0,0,4.800000000000001,0.1,50000,9.6,MEDIO
SALAMINA,2023,9,0,0,0,3.6,0.1,50000,7.2,MEDIO
SALAMINA,2024,6,0,0,0,2.4000000000000004,0.0,50000,4.8,BAJO
SALAMINA,2025,9,0,0,0,3.6,0.1,50000,7.2,MEDIO
SALAZAR,2020,1,0,0,0,0.4,0.0,50000,0.8,BAJO
SALAZAR,2021,9,0,0,0,3.6,0.1,50000,7.2,MEDIO
SALAZAR,2022,1,0,0,0,0.4,0.0,50000,0.8,BAJO
SALAZAR,2023,4,0,0,0,1.6,0.0,50000,3.2,BAJO
SALAZAR,2024,7,0,0,0,2.8000000000000003,0.0,50000,5.6,BAJO
SALAZAR,2025,12,0,0,0,4.800000000000001,0.1,50000,9.6,MEDIO
SALDANA,2020,50,0,0,0,20.0,0.3,50000,40.0,ALTO
SALDANA,2021,46,0,0,0,18.400000000000002,0.3,50000,36.8,ALTO
SALDANA,2022,41,0,0,0,16.400000000000002,0.3,50000,32.8,ALTO
SALDANA,2023,25,0,0,0,10.0,0.2,50000,20.0,ALTO
SALDANA,2024,47,0,0,0,18.8,0.3,50000,37.6,ALTO
SALDANA,2025,19,0,0,0,7.6000000000000005,0.1,50000,15.2,MEDIO
SALENTO,2020,13,0,0,0,5.2,0.1,50000,10.4,MEDIO
SALENTO,2021,17,0,0,0,6.800000000000001,0.1,50000,13.6,MEDIO
SALENTO,2022,10,0,0,0,4.0,0.1,50000,8.0,MEDIO
SALENTO,2023,5,0,0,0,2.0,0.0,50000,4.0,BAJO
SALENTO,2024,12,0,0,0,4.800000000000001,0.1,50000,9.6,MEDIO
SALENTO,2025,1,0,0,0,0.4,0.0,50000,0.8,BAJO
SALGAR,2020,14,0,0,0,5.6000000000000005,0.1,50000,11.2,MEDIO
SALGAR,2021,30,0,0,0,12.0,0.2,50000,24.0,ALTO
SALGAR,2022,16,0,0,0,6.4,0.1,50000,12.8,MEDIO
SALGAR,2023,49,0,0,0,19.6,0.3,50000,39.2,ALTO
SALGAR,2024,19,0,0,0,7.6000000000000005,0.1,50000,15.2,MEDIO
SALGAR,2025,19,0,0,0,7.6000000000000005,0.1,50000,15.2,MEDIO
SAMACA,2020,20,0,0,0,8.0,0.1,50000,16.0,MEDIO
SAMACA,2021,46,0,0,0,18.400000000000002,0.3,50000,36.8,ALTO
SAMACA,2022,39,0,0,0,15.600000000000001,0.2,50000,31.2,ALTO
SAMACA,2023,49,0,0,0,19.6,0.3,50000,39.2,ALTO
SAMACA,2024,52,0,0,0,20.8,0.3,50000,41.6,ALTO
SAMACA,2025,30,0,0,0,12.0,0.2,50000,24.0,ALTO
SAMANA,2020,13,0,0,0,5.2,0.1,50000,10.4,MEDIO
SAMANA,2021,13,0,0,0,5.2,0.1,50000,10.4,MEDIO
SAMANA,2022,2,0,0,0,0.8,0.0,50000,1.6,BAJO
SAMANA,2023,4,0,0,0,1.6,0.0,50000,3.2,BAJO
SAMANA,2024,3,0,0,0,1.2000000000000002,0.0,50000,2.4,BAJO
SAMANA,2025,3,0,0,0,1.2000000000000002,0.0,50000,2.4,BAJO
SAMANIEGO,2020,13,0,0,0,5.2,0.1,50000,10.4,MEDIO
SAMANIEGO,2021,13,0,0,0,5.2,0.1,50000,10.4,MEDIO
SAMANIEGO,2022,8,0,0,0,3.2,0.0,50000,6.4,BAJO
SAMANIEGO,2023,14,0,0,0,5.6000000000000005,0.1,50000,11.2,MEDIO
SAMANIEGO,2024,11,0,0,0,4.4,0.1,50000,8.8,MEDIO
SAMANIEGO,2025,12,0,0,0,4.800000000000001,0.1,50000,9.6,MEDIO
SAMPUES,2020,18,0,0,0,7.2,0.1,50000,14.4,MEDIO
SAMPUES,2021,87,0,0,0,34.800000000000004,0.6,50000,69.6,ALTO
SAMPUES,2022,71,0,0,0,28.400000000000002,0.5,50000,56.8,ALTO
SAMPUES,2023,80,0,0,0,32.0,0.5,50000,64.0,ALTO
SAMPUES,2024,58,0,0,0,23.200000000000003,0.4,50000,46.4,ALTO
SAMPUES,2025,50,0,0,0,20.0,0.3,50000,40.0,ALTO
SAN AGUSTIN,2020,38,0,0,0,15.200000000000001,0.2,50000,30.4,ALTO
SAN AGUSTIN,2021,53,0,0,0,21.200000000000003,0.3,50000,42.4,ALTO
SAN AGUSTIN,2022,55,0,0,0,22.0,0.3,50000,44.0,ALTO
SAN AGUSTIN,2023,38,0,0,0,15.200000000000001,0.2,50000,30.4,ALTO
SAN AGUSTIN,2024,51,0,0,0,20.400000000000002,0.3,50000,40.8,ALTO
SAN AGUSTIN,2025,44,0,0,0,17.6,0.3,50000,35.2,ALTO
SAN ALBERTO,2020,34,0,0,0,13.600000000000001,0.2,50000,27.2,ALTO
SAN ALBERTO,2021,14,0,0,0,5.6000000000000005,0.1,50000,11.2,MEDIO
SAN ALBERTO,2022,10,0,0,0,4.0,0.1,50000,8.0,MEDIO
SAN ALBERTO,2023,9,0,0,0,3.6,0.1,50000,7.2,MEDIO
SAN ALBERTO,2024,21,0,0,0,8.4,0.1,50000,16.8,MEDIO
SAN ALBERTO,2025,25,0,0,0,10.0,0.2,50000,20.0,ALTO
SAN ANDRES,2020,71,0,0,0,28.400000000000002,0.5,50000,56.8,ALTO
SAN ANDRES,2021,57,0,0,0,22.8,0.4,50000,45.6,ALTO
SAN ANDRES,2022,52,0,0,0,20.8,0.3,50000,41.6,ALTO
SAN ANDRES,2023,60,0,0,0,24.0,0.4,50000,48.0,ALTO
SAN ANDRES,2024,63,0,0,0,25.200000000000003,0.4,50000,50.4,ALTO
SAN ANDRES,2025,4,0,0,0,1.6,0.0,50000,3.2,BAJO
SAN ANDRES (CT),2020,71,0,0,0,28.400000000000002,0.5,50000,56.8,ALTO
SAN ANDRES (CT),2021,139,0,0,0,55.6,0.9,50000,111.2,ALTO
SAN ANDRES (CT),2022,142,0,0,0,56.800000000000004,0.9,50000,113.6,ALTO
SAN ANDRES (CT),2023,156,0,0,0,62.400000000000006,1.0,50000,124.8,ALTO
SAN ANDRES (CT),2024,166,0,0,0,66.4,1.1,50000,132.8,ALTO
SAN ANDRES (CT),2025,156,0,0,0,62.400000000000006,1.0,50000,124.8,ALTO
SAN ANDRES DE CUERQUIA,2020,7,0,0,0,2.8000000000000003,0.0,50000,5.6,BAJO
SAN ANDRES DE CUERQUIA,2021,16,0,0,0,6.4,0.1,50000,12.8,MEDIO
SAN ANDRES DE CUERQUIA,2022,6,0,0,0,2.4000000000000004,0.0,50000,4.8,BAJO
SAN ANDRES DE CUERQUIA,2023,10,0,0,0,4.0,0.1,50000,8.0,MEDIO
SAN ANDRES DE CUERQUIA,2024,10,0,0,0,4.0,0.1,50000,8.0,MEDIO
SAN ANDRES DE CUERQUIA,2025,9,0,0,0,3.6,0.1,50000,7.2,MEDIO
SAN ANDRES DE SOTAVENTO,2020,2,0,0,0,0.8,0.0,50000,1.6,BAJO
SAN ANDRES DE SOTAVENTO,2021,1,0,0,0,0.4,0.0,50000,0.8,BAJO
SAN ANDRES DE SOTAVENTO,2022,1,0,0,0,0.4,0.0,50000,0.8,BAJO
SAN ANDRES DE SOTAVENTO,2023,2,0,0,0,0.8,0.0,50000,1.6,BAJO
SAN ANDRES DE SOTAVENTO,2024,1,0,0,0,0.4,0.0,50000,0.8,BAJO
SAN ANDRES DE TUMACO,2020,110,0,0,0,44.0,0.7,50000,88.0,ALTO
SAN ANDRES DE TUMACO,2021,135,0,0,0,54.0,0.9,50000,108.0,ALTO
SAN ANDRES DE TUMACO,2022,185,0,0,0,74.0,1.2,50000,148.0,ALTO
SAN ANDRES DE TUMACO,2023,235,0,0,0,94.0,1.5,50000,188.0,ALTO
SAN ANDRES DE TUMACO,2024,206,0,0,0,82.4,1.3,50000,164.8,ALTO
SAN ANDRES DE TUMACO,2025,170,0,0,0,68.0,1.1,50000,136.0,ALTO
SAN ANDRES DE TUMACO,9999,0,1,1,0,0.30000000000000004,0.0,50000,0.6,BAJO
SAN ANDRES SOTAVENTO,2020,3,0,0,0,1.2000000000000002,0.0,50000,2.4,BAJO
SAN ANDRES SOTAVENTO,2021,15,0,0,0,6.0,0.1,50000,12.0,MEDIO
SAN ANDRES SOTAVENTO,2022,25,0,0,0,10.0,0.2,50000,20.0,ALTO
SAN ANDRES SOTAVENTO,2023,8,0,0,0,3.2,0.0,50000,6.4,BAJO
SAN ANDRES SOTAVENTO,2024,12,0,0,0,4.800000000000001,0.1,50000,9.6,MEDIO
SAN ANDRES SOTAVENTO,2025,6,0,0,0,2.4000000000000004,0.0,50000,4.8,BAJO
SAN ANTERO,2020,6,0,0,0,2.4000000000000004,0.0,50000,4.8,BAJO
SAN ANTERO,2021,7,0,0,0,2.8000000000000003,0.0,50000,5.6,BAJO
SAN ANTERO,2022,11,0,0,0,4.4,0.1,50000,8.8,MEDIO
SAN ANTERO,2023,13,0,0,0,5.2,0.1,50000,10.4,MEDIO
SAN ANTERO,2024,30,0,0,0,12.0,0.2,50000,24.0,ALTO
SAN ANTERO,2025,14,0,0,0,5.6000000000000005,0.1,50000,11.2,MEDIO
SAN ANTONIO,2020,18,0,0,0,7.2,0.1,50000,14.4,MEDIO
SAN ANTONIO,2021,31,0,0,0,12.4,0.2,50000,24.8,ALTO
SAN ANTONIO,2022,29,0,0,0,11.600000000000001,0.2,50000,23.2,ALTO
SAN ANTONIO,2023,23,0,0,0,9.200000000000001,0.1,50000,18.4,MEDIO
SAN ANTONIO,2024,24,0,0,0,9.600000000000001,0.1,50000,19.2,MEDIO
SAN ANTONIO,2025,10,0,0,0,4.0,0.1,50000,8.0,MEDIO
SAN ANTONIO DEL TEQUENDAMA,2020,64,0,0,0,25.6,0.4,50000,51.2,ALTO
SAN ANTONIO DEL TEQUENDAMA,2021,30,0,0,0,12.0,0.2,50000,24.0,ALTO
SAN ANTONIO DEL TEQUENDAMA,2022,52,0,0,0,20.8,0.3,50000,41.6,ALTO
SAN ANTONIO DEL TEQUENDAMA,2023,22,0,0,0,8.8,0.1,50000,17.6,MEDIO
SAN ANTONIO DEL TEQUENDAMA,2024,32,0,0,0,12.8,0.2,50000,25.6,ALTO
SAN ANTONIO DEL TEQUENDAMA,2025,14,0,0,0,5.6000000000000005,0.1,50000,11.2,MEDIO
SAN BENITO,2021,1,0,0,0,0.4,0.0,50000,0.8,BAJO
SAN BENITO,2023,4,0,0,0,1.6,0.0,50000,3.2,BAJO
SAN BENITO ABAD,2020,2,0,0,0,0.8,0.0,50000,1.6,BAJO
SAN BENITO ABAD,2021,16,0,0,0,6.4,0.1,50000,12.8,MEDIO
SAN BENITO ABAD,2022,9,0,0,0,3.6,0.1,50000,7.2,MEDIO
SAN BENITO ABAD,2023,17,0,0,0,6.800000000000001,0.1,50000,13.6,MEDIO
SAN BENITO ABAD,2024,14,0,0,0,5.6000000000000005,0.1,50000,11.2,MEDIO
SAN BENITO ABAD,2025,7,0,0,0,2.8000000000000003,0.0,50000,5.6,BAJO
SAN BERNARDO,2020,12,0,0,0,4.800000000000001,0.1,50000,9.6,MEDIO
SAN BERNARDO,2021,14,0,0,0,5.6000000000000005,0.1,50000,11.2,MEDIO
SAN BERNARDO,2022,12,0,0,0,4.800000000000001,0.1,50000,9.6,MEDIO
SAN BERNARDO,2023,17,0,0,0,6.800000000000001,0.1,50000,13.6,MEDIO
SAN BERNARDO,2024,8,0,0,0,3.2,0.0,50000,6.4,BAJO
SAN BERNARDO,2025,17,0,0,0,6.800000000000001,0.1,50000,13.6,MEDIO
SAN BERNARDO DEL VIENTO,2021,10,0,0,0,4.0,0.1,50000,8.0,MEDIO
SAN BERNARDO DEL VIENTO,2022,5,0,0,0,2.0,0.0,50000,4.0,BAJO
SAN BERNARDO DEL VIENTO,2023,12,0,0,0,4.800000000000001,0.1,50000,9.6,MEDIO
SAN BERNARDO DEL VIENTO,2024,7,0,0,0,2.8000000000000003,0.0,50000,5.6,BAJO
SAN BERNARDO DEL VIENTO,2025,6,0,0,0,2.4000000000000004,0.0,50000,4.8,BAJO
SAN CALIXTO,2023,2,0,0,0,0.8,0.0,50000,1.6,BAJO
SAN CALIXTO,2024,1,0,0,0,0.4,0.0,50000,0.8,BAJO
SAN CALIXTO,2025,1,0,0,0,0.4,0.0,50000,0.8,BAJO
SAN CARLOS,2020,15,0,0,0,6.0,0.1,50000,12.0,MEDIO
SAN CARLOS,2021,17,0,0,0,6.800000000000001,0.1,50000,13.6,MEDIO
SAN CARLOS,2022,16,0,0,0,6.4,0.1,50000,12.8,MEDIO
SAN CARLOS,2023,29,0,0,0,11.600000000000001,0.2,50000,23.2,ALTO
SAN CARLOS,2024,32,0,0,0,12.8,0.2,50000,25.6,ALTO
SAN CARLOS,2025,15,0,0,0,6.0,0.1,50000,12.0,MEDIO
SAN CARLOS DE GUAROA,2020,35,0,0,0,14.0,0.2,50000,28.0,ALTO
SAN CARLOS DE GUAROA,2021,29,0,0,0,11.600000000000001,0.2,50000,23.2,ALTO
SAN CARLOS DE GUAROA,2022,46,0,0,0,18.400000000000002,0.3,50000,36.8,ALTO
SAN CARLOS DE GUAROA,2023,22,0,0,0,8.8,0.1,50000,17.6,MEDIO
SAN CARLOS DE GUAROA,2024,45,0,0,0,18.0,0.3,50000,36.0,ALTO
SAN CARLOS DE GUAROA,2025,24,0,0,0,9.600000000000001,0.1,50000,19.2,MEDIO
SAN CAYETANO,2020,5,0,0,0,2.0,0.0,50000,4.0,BAJO
SAN CAYETANO,2021,12,0,0,0,4.800000000000001,0.1,50000,9.6,MEDIO
SAN CAYETANO,2022,8,0,0,0,3.2,0.0,50000,6.4,BAJO
SAN CAYETANO,2023,8,0,0,0,3.2,0.0,50000,6.4,BAJO
SAN CAYETANO,2024,11,0,0,0,4.4,0.1,50000,8.8,MEDIO
SAN CAYETANO,2025,11,0,0,0,4.4,0.1,50000,8.8,MEDIO
SAN CRISTOBAL,2020,2,0,0,0,0.8,0.0,50000,1.6,BAJO
SAN CRISTOBAL,2021,6,0,0,0,2.4000000000000004,0.0,50000,4.8,BAJO
SAN CRISTOBAL,2022,2,0,0,0,0.8,0.0,50000,1.6,BAJO
SAN CRISTOBAL,2023,8,0,0,0,3.2,0.0,50000,6.4,BAJO
SAN CRISTOBAL,2024,4,0,0,0,1.6,0.0,50000,3.2,BAJO
SAN CRISTOBAL,2025,10,0,0,0,4.0,0.1,50000,8.0,MEDIO
SAN DIEGO,2020,17,0,0,0,6.800000000000001,0.1,50000,13.6,MEDIO
SAN DIEGO,2021,6,0,0,0,2.4000000000000004,0.0,50000,4.8,BAJO
SAN DIEGO,2022,16,0,0,0,6.4,0.1,50000,12.8,MEDIO
SAN DIEGO,2023,6,0,0,0,2.4000000000000004,0.0,50000,4.8,BAJO
SAN DIEGO,2024,23,0,0,0,9.200000000000001,0.1,50000,18.4,MEDIO
SAN DIEGO,2025,32,0,0,0,12.8,0.2,50000,25.6,ALTO
SAN EDUARDO,2020,1,0,0,0,0.4,0.0,50000,0.8,BAJO
SAN EDUARDO,2023,3,0,0,0,1.2000000000000002,0.0,50000,2.4,BAJO
SAN EDUARDO,2025,1,0,0,0,0.4,0.0,50000,0.8,BAJO
SAN ESTANISLAO,2020,9,0,0,0,3.6,0.1,50000,7.2,MEDIO
SAN ESTANISLAO,2021,16,0,0,0,6.4,0.1,50000,12.8,MEDIO
SAN ESTANISLAO,2022,18,0,0,0,7.2,0.1,50000,14.4,MEDIO
SAN ESTANISLAO,2023,29,0,0,0,11.600000000000001,0.2,50000,23.2,ALTO
SAN ESTANISLAO,2024,24,0,0,0,9.600000000000001,0.1,50000,19.2,MEDIO
SAN ESTANISLAO,2025,20,0,0,0,8.0,0.1,50000,16.0,MEDIO
SAN FERNANDO,2021,2,0,0,0,0.8,0.0,50000,1.6,BAJO
SAN FERNANDO,2022,2,0,0,0,0.8,0.0,50000,1.6,BAJO
SAN FERNANDO,2023,1,0,0,0,0.4,0.0,50000,0.8,BAJO
SAN FERNANDO,2024,3,0,0,0,1.2000000000000002,0.0,50000,2.4,BAJO
SAN FERNANDO,2025,2,0,0,0,0.8,0.0,50000,1.6,BAJO
SAN FRANCISCO,2020,45,0,0,0,18.0,0.3,50000,36.0,ALTO
SAN FRANCISCO,2021,33,0,0,0,13.200000000000001,0.2,50000,26.4,ALTO
SAN FRANCISCO,2022,11,0,0,0,4.4,0.1,50000,8.8,MEDIO
SAN FRANCISCO,2023,21,0,0,0,8.4,0.1,50000,16.8,MEDIO
SAN FRANCISCO,2024,23,0,0,0,9.200000000000001,0.1,50000,18.4,MEDIO
SAN FRANCISCO,2025,18,0,0,0,7.2,0.1,50000,14.4,MEDIO
SAN GIL,2020,33,0,0,0,13.200000000000001,0.2,50000,26.4,ALTO
SAN GIL,2021,53,0,0,0,21.200000000000003,0.3,50000,42.4,ALTO
SAN GIL,2022,24,0,0,0,9.600000000000001,0.1,50000,19.2,MEDIO
SAN GIL,2023,38,0,0,0,15.200000000000001,0.2,50000,30.4,ALTO
SAN GIL,2024,71,0,0,0,28.400000000000002,0.5,50000,56.8,ALTO
SAN GIL,2025,58,0,0,0,23.200000000000003,0.4,50000,46.4,ALTO
SAN JACINTO,2020,7,0,0,0,2.8000000000000003,0.0,50000,5.6,BAJO
SAN JACINTO,2021,13,0,0,0,5.2,0.1,50000,10.4,MEDIO
SAN JACINTO,2022,16,0,0,0,6.4,0.1,50000,12.8,MEDIO
SAN JACINTO,2023,23,0,0,0,9.200000000000001,0.1,50000,18.4,MEDIO
SAN JACINTO,2024,42,0,0,0,16.8,0.3,50000,33.6,ALTO
SAN JACINTO,2025,26,0,0,0,10.4,0.2,50000,20.8,ALTO
SAN JACINTO DEL CAUCA,2021,1,0,0,0,0.4,0.0,50000,0.8,BAJO
SAN JACINTO DEL CAUCA,2024,1,0,0,0,0.4,0.0,50000,0.8,BAJO
SAN JERONIMO,2020,8,0,0,0,3.2,0.0,50000,6.4,BAJO
SAN JERONIMO,2021,14,0,0,0,5.6000000000000005,0.1,50000,11.2,MEDIO
SAN JERONIMO,2022,5,0,0,0,2.0,0.0,50000,4.0,BAJO
SAN JERONIMO,2023,21,0,0,0,8.4,0.1,50000,16.8,MEDIO
SAN JERONIMO,2024,10,0,0,0,4.0,0.1,50000,8.0,MEDIO
SAN JERONIMO,2025,7,0,0,0,2.8000000000000003,0.0,50000,5.6,BAJO
SAN JOAQUIN,2021,5,0,0,0,2.0,0.0,50000,4.0,BAJO
SAN JOAQUIN,2023,1,0,0,0,0.4,0.0,50000,0.8,BAJO
SAN JOAQUIN,2024,2,0,0,0,0.8,0.0,50000,1.6,BAJO
SAN JOAQUIN,2025,2,0,0,0,0.8,0.0,50000,1.6,BAJO
SAN JOSE,2020,1,0,0,0,0.4,0.0,50000,0.8,BAJO
SAN JOSE,2021,2,0,0,0,0.8,0.0,50000,1.6,BAJO
SAN JOSE,2023,3,0,0,0,1.2000000000000002,0.0,50000,2.4,BAJO
SAN JOSE,2024,5,0,0,0,2.0,0.0,50000,4.0,BAJO
SAN JOSE DE LA MONTANA,2021,8,0,0,0,3.2,0.0,50000,6.4,BAJO
SAN JOSE DE LA MONTANA,2023,6,0,0,0,2.4000000000000004,0.0,50000,4.8,BAJO
SAN JOSE DE LA MONTANA,2024,3,0,0,0,1.2000000000000002,0.0,50000,2.4,BAJO
SAN JOSE DE LA MONTANA,2025,5,0,0,0,2.0,0.0,50000,4.0,BAJO
SAN JOSE DE MIRANDA,2020,4,0,0,0,1.6,0.0,50000,3.2,BAJO
SAN JOSE DE MIRANDA,2021,1,0,0,0,0.4,0.0,50000,0.8,BAJO
SAN JOSE DE MIRANDA,2022,4,0,0,0,1.6,0.0,50000,3.2,BAJO
SAN JOSE DE MIRANDA,2023,2,0,0,0,0.8,0.0,50000,1.6,BAJO
SAN JOSE DE MIRANDA,2024,2,0,0,0,0.8,0.0,50000,1.6,BAJO
SAN JOSE DE MIRANDA,2025,7,0,0,0,2.8000000000000003,0.0,50000,5.6,BAJO
SAN JOSE DE PARE,2020,2,0,0,0,0.8,0.0,50000,1.6,BAJO
SAN JOSE DE PARE,2021,10,0,0,0,4.0,0.1,50000,8.0,MEDIO
SAN JOSE DE PARE,2022,10,0,0,0,4.0,0.1,50000,8.0,MEDIO
SAN JOSE DE PARE,2023,11,0,0,0,4.4,0.1,50000,8.8,MEDIO
SAN JOSE DE PARE,2024,6,0,0,0,2.4000000000000004,0.0,50000,4.8,BAJO
SAN JOSE DE PARE,2025,12,0,0,0,4.800000000000001,0.1,50000,9.6,MEDIO
SAN JOSE DE URE,2020,1,0,0,0,0.4,0.0,50000,0.8,BAJO
SAN JOSE DE URE,2021,4,0,0,0,1.6,0.0,50000,3.2,BAJO
SAN JOSE DE URE,2022,1,0,0,0,0.4,0.0,50000,0.8,BAJO
SAN JOSE DE URE,2023,1,0,0,0,0.4,0.0,50000,0.8,BAJO
SAN JOSE DE URE,2024,2,0,0,0,0.8,0.0,50000,1.6,BAJO
SAN JOSE DE URE,2025,2,0,0,0,0.8,0.0,50000,1.6,BAJO
SAN JOSE DE URE,9999,0,1,1,0,0.30000000000000004,0.0,50000,0.6,BAJO
SAN JOSE DEL FRAGUA,2020,4,0,0,0,1.6,0.0,50000,3.2,BAJO
SAN JOSE DEL FRAGUA,2021,9,0,0,0,3.6,0.1,50000,7.2,MEDIO
SAN JOSE DEL FRAGUA,2022,3,0,0,0,1.2000000000000002,0.0,50000,2.4,BAJO
SAN JOSE DEL FRAGUA,2023,20,0,0,0,8.0,0.1,50000,16.0,MEDIO
SAN JOSE DEL FRAGUA,2024,12,0,0,0,4.800000000000001,0.1,50000,9.6,MEDIO
SAN JOSE DEL FRAGUA,2025,15,0,0,0,6.0,0.1,50000,12.0,MEDIO
SAN JOSE DEL FRAGUA,9999,0,1,1,0,0.30000000000000004,0.0,50000,0.6,BAJO
SAN JOSE DEL GUAVIARE,2020,9,0,0,0,3.6,0.1,50000,7.2,MEDIO
SAN JOSE DEL GUAVIARE,2021,11,0,0,0,4.4,0.1,50000,8.8,MEDIO
SAN JOSE DEL GUAVIARE,2022,28,0,0,0,11.200000000000001,0.2,50000,22.4,ALTO
SAN JOSE DEL GUAVIARE,2023,41,0,0,0,16.400000000000002,0.3,50000,32.8,ALTO
SAN JOSE DEL GUAVIARE,2024,29,0,0,0,11.600000000000001,0.2,50000,23.2,ALTO
SAN JOSE DEL GUAVIARE,9999,0,1,1,0,0.30000000000000004,0.0,50000,0.6,BAJO
SAN JOSE DEL GUAVIARE (CT),2020,59,0,0,0,23.6,0.4,50000,47.2,ALTO
SAN JOSE DEL GUAVIARE (CT),2021,131,0,0,0,52.400000000000006,0.8,50000,104.8,ALTO
SAN JOSE DEL GUAVIARE (CT),2022,132,0,0,0,52.800000000000004,0.8,50000,105.6,ALTO
SAN JOSE DEL GUAVIARE (CT),2023,173,0,0,0,69.2,1.1,50000,138.4,ALTO
SAN JOSE DEL GUAVIARE (CT),2024,203,0,0,0,81.2,1.3,50000,162.4,ALTO
SAN JOSE DEL GUAVIARE (CT),2025,162,0,0,0,64.8,1.0,50000,129.6,ALTO
SAN JOSE DEL PALMAR,2021,2,0,0,0,0.8,0.0,50000,1.6,BAJO
SAN JOSE DEL PALMAR,2022,1,0,0,0,0.4,0.0,50000,0.8,BAJO
SAN JOSE DEL PALMAR,2023,1,0,0,0,0.4,0.0,50000,0.8,BAJO
SAN JOSE DEL PALMAR,2024,2,0,0,0,0.8,0.0,50000,1.6,BAJO
SAN JOSE DEL PALMAR,2025,4,0,0,0,1.6,0.0,50000,3.2,BAJO
SAN JUAN DE ARAMA,2020,20,0,0,0,8.0,0.1,50000,16.0,MEDIO
SAN JUAN DE ARAMA,2021,19,0,0,0,7.6000000000000005,0.1,50000,15.2,MEDIO
SAN JUAN DE ARAMA,2022,6,0,0,0,2.4000000000000004,0.0,50000,4.8,BAJO
SAN JUAN DE ARAMA,2023,11,0,0,0,4.4,0.1,50000,8.8,MEDIO
SAN JUAN DE ARAMA,2024,13,0,0,0,5.2,0.1,50000,10.4,MEDIO
SAN JUAN DE ARAMA,2025,8,0,0,0,3.2,0.0,50000,6.4,BAJO
SAN JUAN DE BETULIA,2021,10,0,0,0,4.0,0.1,50000,8.0,MEDIO
SAN JUAN DE BETULIA,2022,12,0,0,0,4.800000000000001,0.1,50000,9.6,MEDIO
SAN JUAN DE BETULIA,2023,9,0,0,0,3.6,0.1,50000,7.2,MEDIO
SAN JUAN DE BETULIA,2024,14,0,0,0,5.6000000000000005,0.1,50000,11.2,MEDIO
SAN JUAN DE BETULIA,2025,10,0,0,0,4.0,0.1,50000,8.0,MEDIO
SAN JUAN DE RIO SECO,2020,9,0,0,0,3.6,0.1,50000,7.2,MEDIO
SAN JUAN DE RIO SECO,2021,13,0,0,0,5.2,0.1,50000,10.4,MEDIO
SAN JUAN DE RIO SECO,2022,52,0,0,0,20.8,0.3,50000,41.6,ALTO
SAN JUAN DE RIO SECO,2023,16,0,0,0,6.4,0.1,50000,12.8,MEDIO
SAN JUAN DE RIO SECO,2024,40,0,0,0,16.0,0.3,50000,32.0,ALTO
SAN JUAN DE RIO SECO,2025,29,0,0,0,11.600000000000001,0.2,50000,23.2,ALTO
SAN JUAN DE RIOSECO,2020,1,0,0,0,0.4,0.0,50000,0.8,BAJO
SAN JUAN DE RIOSECO,2022,1,0,0,0,0.4,0.0,50000,0.8,BAJO
SAN JUAN DE RIOSECO,2023,2,0,0,0,0.8,0.0,50000,1.6,BAJO
SAN JUAN DE RIOSECO,2024,1,0,0,0,0.4,0.0,50000,0.8,BAJO
SAN JUAN DE URABA,2020,2,0,0,0,0.8,0.0,50000,1.6,BAJO
SAN JUAN DE URABA,2021,6,0,0,0,2.4000000000000004,0.0,50000,4.8,BAJO
SAN JUAN DE URABA,2023,2,0,0,0,0.8,0.0,50000,1.6,BAJO
SAN JUAN DE URABA,2024,9,0,0,0,3.6,0.1,50000,7.2,MEDIO
SAN JUAN DE URABA,2025,8,0,0,0,3.2,0.0,50000,6.4,BAJO
SAN JUAN DEL CESAR,2020,21,0,0,0,8.4,0.1,50000,16.8,MEDIO
SAN JUAN DEL CESAR,2021,34,0,0,0,13.600000000000001,0.2,50000,27.2,ALTO
SAN JUAN DEL CESAR,2022,16,0,0,0,6.4,0.1,50000,12.8,MEDIO
SAN JUAN DEL CESAR,2023,17,0,0,0,6.800000000000001,0.1,50000,13.6,MEDIO
SAN JUAN DEL CESAR,2024,41,0,0,0,16.400000000000002,0.3,50000,32.8,ALTO
SAN JUAN DEL CESAR,2025,46,0,0,0,18.400000000000002,0.3,50000,36.8,ALTO
SAN JUAN NEPOMUCENO,2020,9,0,0,0,3.6,0.1,50000,7.2,MEDIO
SAN JUAN NEPOMUCENO,2021,28,0,0,0,11.200000000000001,0.2,50000,22.4,ALTO
SAN JUAN NEPOMUCENO,2022,29,0,0,0,11.600000000000001,0.2,50000,23.2,ALTO
SAN JUAN NEPOMUCENO,2023,56,0,0,0,22.400000000000002,0.4,50000,44.8,ALTO
SAN JUAN NEPOMUCENO,2024,20,0,0,0,8.0,0.1,50000,16.0,MEDIO
SAN JUAN NEPOMUCENO,2025,22,0,0,0,8.8,0.1,50000,17.6,MEDIO
SAN JUANITO,2020,1,0,0,0,0.4,0.0,50000,0.8,BAJO
SAN JUANITO,2021,5,0,0,0,2.0,0.0,50000,4.0,BAJO
SAN JUANITO,2022,3,0,0,0,1.2000000000000002,0.0,50000,2.4,BAJO
SAN JUANITO,2023,3,0,0,0,1.2000000000000002,0.0,50000,2.4,BAJO
SAN JUANITO,2024,1,0,0,0,0.4,0.0,50000,0.8,BAJO
SAN JUANITO,2025,3,0,0,0,1.2000000000000002,0.0,50000,2.4,BAJO
SAN LORENZO,2020,2,0,0,0,0.8,0.0,50000,1.6,BAJO
SAN LORENZO,2021,7,0,0,0,2.8000000000000003,0.0,50000,5.6,BAJO
SAN LORENZO,2022,6,0,0,0,2.4000000000000004,0.0,50000,4.8,BAJO
SAN LORENZO,2023,15,0,0,0,6.0,0.1,50000,12.0,MEDIO
SAN LORENZO,2024,15,0,0,0,6.0,0.1,50000,12.0,MEDIO
SAN LORENZO,2025,20,0,0,0,8.0,0.1,50000,16.0,MEDIO
SAN LUIS,2020,29,0,0,0,11.600000000000001,0.2,50000,23.2,ALTO
SAN LUIS,2021,39,0,0,0,15.600000000000001,0.2,50000,31.2,ALTO
SAN LUIS,2022,43,0,0,0,17.2,0.3,50000,34.4,ALTO
SAN LUIS,2023,37,0,0,0,14.8,0.2,50000,29.6,ALTO
SAN LUIS,2024,52,0,0,0,20.8,0.3,50000,41.6,ALTO
SAN LUIS,2025,32,0,0,0,12.8,0.2,50000,25.6,ALTO
SAN LUIS DE GACENO,2020,6,0,0,0,2.4000000000000004,0.0,50000,4.8,BAJO
SAN LUIS DE GACENO,2022,1,0,0,0,0.4,0.0,50000,0.8,BAJO
SAN LUIS DE GACENO,2023,5,0,0,0,2.0,0.0,50000,4.0,BAJO
SAN LUIS DE GACENO,2024,7,0,0,0,2.8000000000000003,0.0,50000,5.6,BAJO
SAN LUIS DE GACENO,2025,4,0,0,0,1.6,0.0,50000,3.2,BAJO
SAN LUIS DE PALENQUE,2020,1,0,0,0,0.4,0.0,50000,0.8,BAJO
SAN LUIS DE PALENQUE,2021,16,0,0,0,6.4,0.1,50000,12.8,MEDIO
SAN LUIS DE PALENQUE,2022,14,0,0,0,5.6000000000000005,0.1,50000,11.2,MEDIO
SAN LUIS DE PALENQUE,2023,15,0,0,0,6.0,0.1,50000,12.0,MEDIO
SAN LUIS DE PALENQUE,2024,20,0,0,0,8.0,0.1,50000,16.0,MEDIO
SAN LUIS DE PALENQUE,2025,9,0,0,0,3.6,0.1,50000,7.2,MEDIO
SAN LUIS DE SINCE,2020,13,0,0,0,5.2,0.1,50000,10.4,MEDIO
SAN LUIS DE SINCE,2021,21,0,0,0,8.4,0.1,50000,16.8,MEDIO
SAN LUIS DE SINCE,2022,31,0,0,0,12.4,0.2,50000,24.8,ALTO
SAN LUIS DE SINCE,2023,15,0,0,0,6.0,0.1,50000,12.0,MEDIO
SAN LUIS DE SINCE,2024,20,0,0,0,8.0,0.1,50000,16.0,MEDIO
SAN LUIS DE SINCE,2025,20,0,0,0,8.0,0.1,50000,16.0,MEDIO
SAN MARCOS,2020,17,0,0,0,6.800000000000001,0.1,50000,13.6,MEDIO
SAN MARCOS,2021,20,0,0,0,8.0,0.1,50000,16.0,MEDIO
SAN MARCOS,2022,24,0,0,0,9.600000000000001,0.1,50000,19.2,MEDIO
SAN MARCOS,2023,50,0,0,0,20.0,0.3,50000,40.0,ALTO
SAN MARCOS,2024,29,0,0,0,11.600000000000001,0.2,50000,23.2,ALTO
SAN MARCOS,2025,20,0,0,0,8.0,0.1,50000,16.0,MEDIO
SAN MARTIN,2020,55,0,0,0,22.0,0.3,50000,44.0,ALTO
SAN MARTIN,2021,57,0,0,0,22.8,0.4,50000,45.6,ALTO
SAN MARTIN,2022,38,0,0,0,15.200000000000001,0.2,50000,30.4,ALTO
SAN MARTIN,2023,42,0,0,0,16.8,0.3,50000,33.6,ALTO
SAN MARTIN,2024,51,0,0,0,20.400000000000002,0.3,50000,40.8,ALTO
SAN MARTIN,2025,48,0,0,0,19.200000000000003,0.3,50000,38.4,ALTO
SAN MARTIN DE LOBA,2020,3,0,0,0,1.2000000000000002,0.0,50000,2.4,BAJO
SAN MARTIN DE LOBA,2021,8,0,0,0,3.2,0.0,50000,6.4,BAJO
SAN MARTIN DE LOBA,2022,3,0,0,0,1.2000000000000002,0.0,50000,2.4,BAJO
SAN MARTIN DE LOBA,2023,9,0,0,0,3.6,0.1,50000,7.2,MEDIO
SAN MARTIN DE LOBA,2024,9,0,0,0,3.6,0.1,50000,7.2,MEDIO
SAN MARTIN DE LOBA,2025,6,0,0,0,2.4000000000000004,0.0,50000,4.8,BAJO
SAN MATEO,2021,3,0,0,0,1.2000000000000002,0.0,50000,2.4,BAJO
SAN MATEO,2024,3,0,0,0,1.2000000000000002,0.0,50000,2.4,BAJO
SAN MATEO,2025,3,0,0,0,1.2000000000000002,0.0,50000,2.4,BAJO
SAN MIGUEL,2020,10,0,0,0,4.0,0.1,50000,8.0,MEDIO
SAN MIGUEL,2021,8,0,0,0,3.2,0.0,50000,6.4,BAJO
SAN MIGUEL,2022,3,0,0,0,1.2000000000000002,0.0,50000,2.4,BAJO
SAN MIGUEL,2023,16,0,0,0,6.4,0.1,50000,12.8,MEDIO
SAN MIGUEL,2024,9,0,0,0,3.6,0.1,50000,7.2,MEDIO
SAN MIGUEL,2025,16,0,0,0,6.4,0.1,50000,12.8,MEDIO
SAN MIGUEL,9999,0,1,1,0,0.30000000000000004,0.0,50000,0.6,BAJO
SAN MIGUEL DE SEMA,2021,3,0,0,0,1.2000000000000002,0.0,50000,2.4,BAJO
SAN MIGUEL DE SEMA,2022,1,0,0,0,0.4,0.0,50000,0.8,BAJO
SAN MIGUEL DE SEMA,2023,1,0,0,0,0.4,0.0,50000,0.8,BAJO
SAN MIGUEL DE SEMA,2024,4,0,0,0,1.6,0.0,50000,3.2,BAJO
SAN MIGUEL DE SEMA,2025,4,0,0,0,1.6,0.0,50000,3.2,BAJO
SAN ONOFRE,2020,5,0,0,0,2.0,0.0,50000,4.0,BAJO
SAN ONOFRE,2021,17,0,0,0,6.800000000000001,0.1,50000,13.6,MEDIO
SAN ONOFRE,2022,12,0,0,0,4.800000000000001,0.1,50000,9.6,MEDIO
SAN ONOFRE,2023,23,0,0,0,9.200000000000001,0.1,50000,18.4,MEDIO
SAN ONOFRE,2024,23,0,0,0,9.200000000000001,0.1,50000,18.4,MEDIO
SAN ONOFRE,2025,16,0,0,0,6.4,0.1,50000,12.8,MEDIO
SAN PABLO,2020,35,0,0,0,14.0,0.2,50000,28.0,ALTO
SAN PABLO,2021,22,0,0,0,8.8,0.1,50000,17.6,MEDIO
SAN PABLO,2022,18,0,0,0,7.2,0.1,50000,14.4,MEDIO
SAN PABLO,2023,25,0,0,0,10.0,0.2,50000,20.0,ALTO
SAN PABLO,2024,11,0,0,0,4.4,0.1,50000,8.8,MEDIO
SAN PABLO,2025,13,0,0,0,5.2,0.1,50000,10.4,MEDIO
SAN PABLO,9999,0,1,1,0,0.30000000000000004,0.0,50000,0.6,BAJO
SAN PABLO DE BORBUR,2020,12,0,0,0,4.800000000000001,0.1,50000,9.6,MEDIO
SAN PABLO DE BORBUR,2023,2,0,0,0,0.8,0.0,50000,1.6,BAJO
SAN PABLO DE BORBUR,2024,3,0,0,0,1.2000000000000002,0.0,50000,2.4,BAJO
SAN PABLO DE BORBUR,2025,14,0,0,0,5.6000000000000005,0.1,50000,11.2,MEDIO
SAN PEDRO,2020,54,0,0,0,21.6,0.3,16500,130.91,ALTO
SAN PEDRO,2021,70,0,0,0,28.0,0.4,16500,169.7,ALTO
SAN PEDRO,2022,68,0,0,0,27.200000000000003,0.4,16500,164.85,ALTO
SAN PEDRO,2023,114,0,0,0,45.6,0.7,16500,276.36,ALTO
SAN PEDRO,2024,80,0,0,0,32.0,0.5,16500,193.94,ALTO
SAN PEDRO,2025,62,0,0,0,24.8,0.4,16500,150.3,ALTO
SAN PEDRO DE CARTAGO,2020,2,0,0,0,0.8,0.0,50000,1.6,BAJO
SAN PEDRO DE CARTAGO,2021,3,0,0,0,1.2000000000000002,0.0,50000,2.4,BAJO
SAN PEDRO DE CARTAGO,2022,5,0,0,0,2.0,0.0,50000,4.0,BAJO
SAN PEDRO DE CARTAGO,2023,5,0,0,0,2.0,0.0,50000,4.0,BAJO
SAN PEDRO DE CARTAGO,2024,8,0,0,0,3.2,0.0,50000,6.4,BAJO
SAN PEDRO DE CARTAGO,2025,6,0,0,0,2.4000000000000004,0.0,50000,4.8,BAJO
SAN PEDRO DE LOS MILAGROS,2020,20,0,0,0,8.0,0.1,50000,16.0,MEDIO
SAN PEDRO DE LOS MILAGROS,2021,16,0,0,0,6.4,0.1,50000,12.8,MEDIO
SAN PEDRO DE LOS MILAGROS,2022,4,0,0,0,1.6,0.0,50000,3.2,BAJO
SAN PEDRO DE LOS MILAGROS,2023,9,0,0,0,3.6,0.1,50000,7.2,MEDIO
SAN PEDRO DE LOS MILAGROS,2024,7,0,0,0,2.8000000000000003,0.0,50000,5.6,BAJO
SAN PEDRO DE URABA,2020,2,0,0,0,0.8,0.0,50000,1.6,BAJO
SAN PEDRO DE URABA,2021,13,0,0,0,5.2,0.1,50000,10.4,MEDIO
SAN PEDRO DE URABA,2022,7,0,0,0,2.8000000000000003,0.0,50000,5.6,BAJO
SAN PEDRO DE URABA,2023,8,0,0,0,3.2,0.0,50000,6.4,BAJO
SAN PEDRO DE URABA,2024,8,0,0,0,3.2,0.0,50000,6.4,BAJO
SAN PEDRO DE URABA,2025,10,0,0,0,4.0,0.1,50000,8.0,MEDIO
SAN PELAYO,2020,6,0,0,0,2.4000000000000004,0.0,50000,4.8,BAJO
SAN PELAYO,2021,6,0,0,0,2.4000000000000004,0.0,50000,4.8,BAJO
SAN PELAYO,2022,5,0,0,0,2.0,0.0,50000,4.0,BAJO
SAN PELAYO,2023,10,0,0,0,4.0,0.1,50000,8.0,MEDIO
SAN PELAYO,2024,7,0,0,0,2.8000000000000003,0.0,50000,5.6,BAJO
SAN PELAYO,2025,7,0,0,0,2.8000000000000003,0.0,50000,5.6,BAJO
SAN RAFAEL,2020,12,0,0,0,4.800000000000001,0.1,50000,9.6,MEDIO
SAN RAFAEL,2021,3,0,0,0,1.2000000000000002,0.0,50000,2.4,BAJO
SAN RAFAEL,2022,16,0,0,0,6.4,0.1,50000,12.8,MEDIO
SAN RAFAEL,2023,18,0,0,0,7.2,0.1,50000,14.4,MEDIO
SAN RAFAEL,2024,10,0,0,0,4.0,0.1,50000,8.0,MEDIO
SAN RAFAEL,2025,2,0,0,0,0.8,0.0,50000,1.6,BAJO
SAN ROQUE,2020,14,0,0,0,5.6000000000000005,0.1,50000,11.2,MEDIO
SAN ROQUE,2021,18,0,0,0,7.2,0.1,50000,14.4,MEDIO
SAN ROQUE,2022,9,0,0,0,3.6,0.1,50000,7.2,MEDIO
SAN ROQUE,2023,11,0,0,0,4.4,0.1,50000,8.8,MEDIO
SAN ROQUE,2024,13,0,0,0,5.2,0.1,50000,10.4,MEDIO
SAN ROQUE,2025,11,0,0,0,4.4,0.1,50000,8.8,MEDIO
SAN SEBASTIAN,2020,5,0,0,0,2.0,0.0,50000,4.0,BAJO
SAN SEBASTIAN,2022,5,0,0,0,2.0,0.0,50000,4.0,BAJO
SAN SEBASTIAN,2023,2,0,0,0,0.8,0.0,50000,1.6,BAJO
SAN SEBASTIAN,2024,4,0,0,0,1.6,0.0,50000,3.2,BAJO
SAN SEBASTIAN,2025,2,0,0,0,0.8,0.0,50000,1.6,BAJO
SAN SEBASTIAN DE BUENAVISTA,2020,10,0,0,0,4.0,0.1,50000,8.0,MEDIO
SAN SEBASTIAN DE BUENAVISTA,2021,6,0,0,0,2.4000000000000004,0.0,50000,4.8,BAJO
SAN SEBASTIAN DE BUENAVISTA,2022,1,0,0,0,0.4,0.0,50000,0.8,BAJO
SAN SEBASTIAN DE BUENAVISTA,2023,3,0,0,0,1.2000000000000002,0.0,50000,2.4,BAJO
SAN SEBASTIAN DE BUENAVISTA,2024,14,0,0,0,5.6000000000000005,0.1,50000,11.2,MEDIO
SAN SEBASTIAN DE BUENAVISTA,2025,6,0,0,0,2.4000000000000004,0.0,50000,4.8,BAJO
SAN SEBASTIAN DE MARIQUITA,2020,30,0,0,0,12.0,0.2,50000,24.0,ALTO
SAN SEBASTIAN DE MARIQUITA,2021,19,0,0,0,7.6000000000000005,0.1,50000,15.2,MEDIO
SAN SEBASTIAN DE MARIQUITA,2022,23,0,0,0,9.200000000000001,0.1,50000,18.4,MEDIO
SAN SEBASTIAN DE MARIQUITA,2023,16,0,0,0,6.4,0.1,50000,12.8,MEDIO
SAN SEBASTIAN DE MARIQUITA,2024,17,0,0,0,6.800000000000001,0.1,50000,13.6,MEDIO
SAN VICENTE,2020,5,0,0,0,2.0,0.0,50000,4.0,BAJO
SAN VICENTE,2021,13,0,0,0,5.2,0.1,50000,10.4,MEDIO
SAN VICENTE,2022,9,0,0,0,3.6,0.1,50000,7.2,MEDIO
SAN VICENTE,2023,15,0,0,0,6.0,0.1,50000,12.0,MEDIO
SAN VICENTE,2024,11,0,0,0,4.4,0.1,50000,8.8,MEDIO
SAN VICENTE,2025,13,0,0,0,5.2,0.1,50000,10.4,MEDIO
SAN VICENTE DE CHUCURI,2020,24,0,0,0,9.600000000000001,0.1,50000,19.2,MEDIO
SAN VICENTE DE CHUCURI,2021,34,0,0,0,13.600000000000001,0.2,50000,27.2,ALTO
SAN VICENTE DE CHUCURI,2022,35,0,0,0,14.0,0.2,50000,28.0,ALTO
SAN VICENTE DE CHUCURI,2023,22,0,0,0,8.8,0.1,50000,17.6,MEDIO
SAN VICENTE DE CHUCURI,2024,22,0,0,0,8.8,0.1,50000,17.6,MEDIO
SAN VICENTE DE CHUCURI,2025,18,0,0,0,7.2,0.1,50000,14.4,MEDIO
SAN VICENTE DEL CAGUAN,2020,24,0,0,0,9.600000000000001,0.1,50000,19.2,MEDIO
SAN VICENTE DEL CAGUAN,2021,30,0,0,0,12.0,0.2,50000,24.0,ALTO
SAN VICENTE DEL CAGUAN,2022,33,0,0,0,13.200000000000001,0.2,50000,26.4,ALTO
SAN VICENTE DEL CAGUAN,2023,93,0,0,0,37.2,0.6,50000,74.4,ALTO
SAN VICENTE DEL CAGUAN,2024,72,0,0,0,28.8,0.5,50000,57.6,ALTO
SAN VICENTE DEL CAGUAN,2025,44,0,0,0,17.6,0.3,50000,35.2,ALTO
SAN VICENTE DEL CAGUAN,9999,0,1,1,0,0.30000000000000004,0.0,50000,0.6,BAJO
SAN VICENTE FERRER,2021,4,0,0,0,1.6,0.0,50000,3.2,BAJO
SAN VICENTE FERRER,2022,4,0,0,0,1.6,0.0,50000,3.2,BAJO
SAN VICENTE FERRER,2023,4,0,0,0,1.6,0.0,50000,3.2,BAJO
SAN ZENON,2020,3,0,0,0,1.2000000000000002,0.0,50000,2.4,BAJO
SAN ZENON,2023,5,0,0,0,2.0,0.0,50000,4.0,BAJO
SAN ZENON,2024,1,0,0,0,0.4,0.0,50000,0.8,BAJO
SAN ZENON,2025,2,0,0,0,0.8,0.0,50000,1.6,BAJO
SANDONA,2020,13,0,0,0,5.2,0.1,50000,10.4,MEDIO
SANDONA,2021,12,0,0,0,4.800000000000001,0.1,50000,9.6,MEDIO
SANDONA,2022,17,0,0,0,6.800000000000001,0.1,50000,13.6,MEDIO
SANDONA,2023,28,0,0,0,11.200000000000001,0.2,50000,22.4,ALTO
SANDONA,2024,34,0,0,0,13.600000000000001,0.2,50000,27.2,ALTO
SANDONA,2025,22,0,0,0,8.8,0.1,50000,17.6,MEDIO
SANTA ANA,2020,21,0,0,0,8.4,0.1,50000,16.8,MEDIO
SANTA ANA,2021,19,0,0,0,7.6000000000000005,0.1,50000,15.2,MEDIO
SANTA ANA,2022,10,0,0,0,4.0,0.1,50000,8.0,MEDIO
SANTA ANA,2023,28,0,0,0,11.200000000000001,0.2,50000,22.4,ALTO
SANTA ANA,2024,30,0,0,0,12.0,0.2,50000,24.0,ALTO
SANTA ANA,2025,19,0,0,0,7.6000000000000005,0.1,50000,15.2,MEDIO
SANTA BARBARA,2020,18,0,0,0,7.2,0.1,50000,14.4,MEDIO
SANTA BARBARA,2021,22,0,0,0,8.8,0.1,50000,17.6,MEDIO
SANTA BARBARA,2022,13,0,0,0,5.2,0.1,50000,10.4,MEDIO
SANTA BARBARA,2023,35,0,0,0,14.0,0.2,50000,28.0,ALTO
SANTA BARBARA,2024,22,0,0,0,8.8,0.1,50000,17.6,MEDIO
SANTA BARBARA,2025,15,0,0,0,6.0,0.1,50000,12.0,MEDIO
SANTA BARBARA DE PINTO,2020,7,0,0,0,2.8000000000000003,0.0,50000,5.6,BAJO
SANTA BARBARA DE PINTO,2021,4,0,0,0,1.6,0.0,50000,3.2,BAJO
SANTA BARBARA DE PINTO,2022,2,0,0,0,0.8,0.0,50000,1.6,BAJO
SANTA BARBARA DE PINTO,2023,4,0,0,0,1.6,0.0,50000,3.2,BAJO
SANTA BARBARA DE PINTO,2024,8,0,0,0,3.2,0.0,50000,6.4,BAJO
SANTA BARBARA DE PINTO,2025,6,0,0,0,2.4000000000000004,0.0,50000,4.8,BAJO
SANTA CATALINA,2020,6,0,0,0,2.4000000000000004,0.0,50000,4.8,BAJO
SANTA CATALINA,2021,33,0,0,0,13.200000000000001,0.2,50000,26.4,ALTO
SANTA CATALINA,2022,23,0,0,0,9.200000000000001,0.1,50000,18.4,MEDIO
SANTA CATALINA,2023,30,0,0,0,12.0,0.2,50000,24.0,ALTO
SANTA CATALINA,2024,27,0,0,0,10.8,0.2,50000,21.6,ALTO
SANTA CATALINA,2025,12,0,0,0,4.800000000000001,0.1,50000,9.6,MEDIO
SANTA FE DE ANTIOQUIA,2020,17,0,0,0,6.800000000000001,0.1,50000,13.6,MEDIO
SANTA FE DE ANTIOQUIA,2021,18,0,0,0,7.2,0.1,50000,14.4,MEDIO
SANTA FE DE ANTIOQUIA,2022,16,0,0,0,6.4,0.1,50000,12.8,MEDIO
SANTA FE DE ANTIOQUIA,2023,8,0,0,0,3.2,0.0,50000,6.4,BAJO
SANTA FE DE ANTIOQUIA,2024,5,0,0,0,2.0,0.0,50000,4.0,BAJO
SANTA HELENA DEL OPON,2021,1,0,0,0,0.4,0.0,50000,0.8,BAJO
SANTA HELENA DEL OPON,2022,6,0,0,0,2.4000000000000004,0.0,50000,4.8,BAJO
SANTA HELENA DEL OPON,2023,2,0,0,0,0.8,0.0,50000,1.6,BAJO
SANTA HELENA DEL OPON,2024,3,0,0,0,1.2000000000000002,0.0,50000,2.4,BAJO
SANTA HELENA DEL OPON,2025,7,0,0,0,2.8000000000000003,0.0,50000,5.6,BAJO
SANTA ISABEL,2020,11,0,0,0,4.4,0.1,50000,8.8,MEDIO
SANTA ISABEL,2021,6,0,0,0,2.4000000000000004,0.0,50000,4.8,BAJO
SANTA ISABEL,2022,2,0,0,0,0.8,0.0,50000,1.6,BAJO
SANTA ISABEL,2023,7,0,0,0,2.8000000000000003,0.0,50000,5.6,BAJO
SANTA ISABEL,2024,10,0,0,0,4.0,0.1,50000,8.0,MEDIO
SANTA ISABEL,2025,4,0,0,0,1.6,0.0,50000,3.2,BAJO
SANTA LUCIA,2020,1,0,0,0,0.4,0.0,50000,0.8,BAJO
SANTA LUCIA,2021,4,0,0,0,1.6,0.0,50000,3.2,BAJO
SANTA LUCIA,2022,2,0,0,0,0.8,0.0,50000,1.6,BAJO
SANTA LUCIA,2023,5,0,0,0,2.0,0.0,50000,4.0,BAJO
SANTA LUCIA,2024,20,0,0,0,8.0,0.1,50000,16.0,MEDIO
SANTA LUCIA,2025,24,0,0,0,9.600000000000001,0.1,50000,19.2,MEDIO
SANTA MARIA,2020,6,0,0,0,2.4000000000000004,0.0,50000,4.8,BAJO
SANTA MARIA,2021,2,0,0,0,0.8,0.0,50000,1.6,BAJO
SANTA MARIA,2022,9,0,0,0,3.6,0.1,50000,7.2,MEDIO
SANTA MARIA,2023,15,0,0,0,6.0,0.1,50000,12.0,MEDIO
SANTA MARIA,2024,14,0,0,0,5.6000000000000005,0.1,50000,11.2,MEDIO
SANTA MARIA,2025,10,0,0,0,4.0,0.1,50000,8.0,MEDIO
SANTA MARTA,2020,197,0,0,0,78.80000000000001,1.3,50000,157.6,ALTO
SANTA MARTA,2021,249,0,0,0,99.60000000000001,1.6,50000,199.2,ALTO
SANTA MARTA,2022,322,0,0,0,128.8,2.1,50000,257.6,ALTO
SANTA MARTA,2023,362,0,0,0,144.8,2.3,50000,289.6,ALTO
SANTA MARTA,2024,268,0,0,0,107.2,1.7,50000,214.4,ALTO
SANTA MARTA (CT),2020,252,0,0,0,100.80000000000001,1.6,50000,201.6,ALTO
SANTA MARTA (CT),2021,56,0,0,0,22.400000000000002,0.4,50000,44.8,ALTO
SANTA MARTA (CT),2022,289,0,0,0,115.60000000000001,1.8,50000,231.2,ALTO
SANTA MARTA (CT),2023,345,0,0,0,138.0,2.2,50000,276.0,ALTO
SANTA MARTA (CT),2024,544,0,0,0,217.60000000000002,3.5,50000,435.2,ALTO
SANTA MARTA (CT),2025,563,0,0,0,225.20000000000002,3.6,50000,450.4,ALTO
SANTA ROSA,2020,8,0,0,0,3.2,0.0,50000,6.4,BAJO
SANTA ROSA,2021,56,0,0,0,22.400000000000002,0.4,50000,44.8,ALTO
SANTA ROSA,2022,89,0,0,0,35.6,0.6,50000,71.2,ALTO
SANTA ROSA,2023,69,0,0,0,27.6,0.4,50000,55.2,ALTO
SANTA ROSA,2024,94,0,0,0,37.6,0.6,50000,75.2,ALTO
SANTA ROSA,2025,53,0,0,0,21.200000000000003,0.3,50000,42.4,ALTO
SANTA ROSA DE CABAL,2020,48,0,0,0,19.200000000000003,0.3,50000,38.4,ALTO
SANTA ROSA DE CABAL,2021,69,0,0,0,27.6,0.4,50000,55.2,ALTO
SANTA ROSA DE CABAL,2022,54,0,0,0,21.6,0.3,50000,43.2,ALTO
SANTA ROSA DE CABAL,2023,97,0,0,0,38.800000000000004,0.6,50000,77.6,ALTO
SANTA ROSA DE CABAL,2024,55,0,0,0,22.0,0.3,50000,44.0,ALTO
SANTA ROSA DE CABAL,2025,41,0,0,0,16.400000000000002,0.3,50000,32.8,ALTO
SANTA ROSA DE OSOS,2020,15,0,0,0,6.0,0.1,50000,12.0,MEDIO
SANTA ROSA DE OSOS,2021,17,0,0,0,6.800000000000001,0.1,50000,13.6,MEDIO
SANTA ROSA DE OSOS,2022,37,0,0,0,14.8,0.2,50000,29.6,ALTO
SANTA ROSA DE OSOS,2023,75,0,0,0,30.0,0.5,50000,60.0,ALTO
SANTA ROSA DE OSOS,2024,60,0,0,0,24.0,0.4,50000,48.0,ALTO
SANTA ROSA DE OSOS,2025,22,0,0,0,8.8,0.1,50000,17.6,MEDIO
SANTA ROSA DE VITERBO,2020,6,0,0,0,2.4000000000000004,0.0,50000,4.8,BAJO
SANTA ROSA DE VITERBO,2021,9,0,0,0,3.6,0.1,50000,7.2,MEDIO
SANTA ROSA DE VITERBO,2022,3,0,0,0,1.2000000000000002,0.0,50000,2.4,BAJO
SANTA ROSA DE VITERBO,2023,9,0,0,0,3.6,0.1,50000,7.2,MEDIO
SANTA ROSA DE VITERBO,2024,8,0,0,0,3.2,0.0,50000,6.4,BAJO
SANTA ROSA DE VITERBO,2025,7,0,0,0,2.8000000000000003,0.0,50000,5.6,BAJO
SANTA ROSA DEL SUR,2020,26,0,0,0,10.4,0.2,50000,20.8,ALTO
SANTA ROSA DEL SUR,2021,18,0,0,0,7.2,0.1,50000,14.4,MEDIO
SANTA ROSA DEL SUR,2022,6,0,0,0,2.4000000000000004,0.0,50000,4.8,BAJO
SANTA ROSA DEL SUR,2023,43,0,0,0,17.2,0.3,50000,34.4,ALTO
SANTA ROSA DEL SUR,2024,42,0,0,0,16.8,0.3,50000,33.6,ALTO
SANTA ROSA DEL SUR,2025,28,0,0,0,11.200000000000001,0.2,50000,22.4,ALTO
SANTA ROSA DEL SUR,9999,0,1,1,0,0.30000000000000004,0.0,50000,0.6,BAJO
SANTA ROSALIA,2020,8,0,0,0,3.2,0.0,50000,6.4,BAJO
SANTA ROSALIA,2021,17,0,0,0,6.800000000000001,0.1,50000,13.6,MEDIO
SANTA ROSALIA,2022,6,0,0,0,2.4000000000000004,0.0,50000,4.8,BAJO
SANTA ROSALIA,2023,9,0,0,0,3.6,0.1,50000,7.2,MEDIO
SANTA ROSALIA,2024,8,0,0,0,3.2,0.0,50000,6.4,BAJO
SANTA ROSALIA,2025,7,0,0,0,2.8000000000000003,0.0,50000,5.6,BAJO
SANTA SOFIA,2020,5,0,0,0,2.0,0.0,50000,4.0,BAJO
SANTA SOFIA,2021,3,0,0,0,1.2000000000000002,0.0,50000,2.4,BAJO
SANTA SOFIA,2022,1,0,0,0,0.4,0.0,50000,0.8,BAJO
SANTA SOFIA,2023,12,0,0,0,4.800000000000001,0.1,50000,9.6,MEDIO
SANTA SOFIA,2024,15,0,0,0,6.0,0.1,50000,12.0,MEDIO
SANTA SOFIA,2025,18,0,0,0,7.2,0.1,50000,14.4,MEDIO
SANTACRUZ,2020,2,0,0,0,0.8,0.0,50000,1.6,BAJO
SANTACRUZ,2021,7,0,0,0,2.8000000000000003,0.0,50000,5.6,BAJO
SANTACRUZ,2022,2,0,0,0,0.8,0.0,50000,1.6,BAJO
SANTACRUZ,2023,6,0,0,0,2.4000000000000004,0.0,50000,4.8,BAJO
SANTACRUZ,2024,6,0,0,0,2.4000000000000004,0.0,50000,4.8,BAJO
SANTACRUZ,2025,8,0,0,0,3.2,0.0,50000,6.4,BAJO
SANTAFE DE ANTIOQUIA,2020,7,0,0,0,2.8000000000000003,0.0,50000,5.6,BAJO
SANTAFE DE ANTIOQUIA,2021,15,0,0,0,6.0,0.1,50000,12.0,MEDIO
SANTAFE DE ANTIOQUIA,2022,34,0,0,0,13.600000000000001,0.2,50000,27.2,ALTO
SANTAFE DE ANTIOQUIA,2023,21,0,0,0,8.4,0.1,50000,16.8,MEDIO
SANTAFE DE ANTIOQUIA,2024,32,0,0,0,12.8,0.2,50000,25.6,ALTO
SANTAFE DE ANTIOQUIA,2025,22,0,0,0,8.8,0.1,50000,17.6,MEDIO
SANTANA,2020,8,0,0,0,3.2,0.0,50000,6.4,BAJO
SANTANA,2021,4,0,0,0,1.6,0.0,50000,3.2,BAJO
SANTANA,2022,6,0,0,0,2.4000000000000004,0.0,50000,4.8,BAJO
SANTANA,2023,15,0,0,0,6.0,0.1,50000,12.0,MEDIO
SANTANA,2024,16,0,0,0,6.4,0.1,50000,12.8,MEDIO
SANTANA,2025,12,0,0,0,4.800000000000001,0.1,50000,9.6,MEDIO
SANTANDER DE QUILICHAO,2020,86,0,0,0,34.4,0.5,50000,68.8,ALTO
SANTANDER DE QUILICHAO,2021,106,0,0,0,42.400000000000006,0.7,50000,84.8,ALTO
SANTANDER DE QUILICHAO,2022,129,0,0,0,51.6,0.8,50000,103.2,ALTO
SANTANDER DE QUILICHAO,2023,110,0,0,0,44.0,0.7,50000,88.0,ALTO
SANTANDER DE QUILICHAO,2024,137,0,0,0,54.800000000000004,0.9,50000,109.6,ALTO
SANTANDER DE QUILICHAO,2025,149,0,0,0,59.6,1.0,50000,119.2,ALTO
SANTIAGO,2020,13,0,0,0,5.2,0.1,50000,10.4,MEDIO
SANTIAGO,2021,9,0,0,0,3.6,0.1,50000,7.2,MEDIO
SANTIAGO,2022,1,0,0,0,0.4,0.0,50000,0.8,BAJO
SANTIAGO,2023,11,0,0,0,4.4,0.1,50000,8.8,MEDIO
SANTIAGO,2024,15,0,0,0,6.0,0.1,50000,12.0,MEDIO
SANTIAGO,2025,14,0,0,0,5.6000000000000005,0.1,50000,11.2,MEDIO
SANTIAGO DE TOLU,2020,18,0,0,0,7.2,0.1,50000,14.4,MEDIO
SANTIAGO DE TOLU,2021,47,0,0,0,18.8,0.3,50000,37.6,ALTO
SANTIAGO DE TOLU,2022,58,0,0,0,23.200000000000003,0.4,50000,46.4,ALTO
SANTIAGO DE TOLU,2023,54,0,0,0,21.6,0.3,50000,43.2,ALTO
SANTIAGO DE TOLU,2024,67,0,0,0,26.8,0.4,50000,53.6,ALTO
SANTIAGO DE TOLU,2025,59,0,0,0,23.6,0.4,50000,47.2,ALTO
SANTO DOMINGO,2020,3,0,0,0,1.2000000000000002,0.0,50000,2.4,BAJO
SANTO DOMINGO,2021,9,0,0,0,3.6,0.1,50000,7.2,MEDIO
SANTO DOMINGO,2022,14,0,0,0,5.6000000000000005,0.1,50000,11.2,MEDIO
SANTO DOMINGO,2023,21,0,0,0,8.4,0.1,50000,16.8,MEDIO
SANTO DOMINGO,2024,32,0,0,0,12.8,0.2,50000,25.6,ALTO
SANTO DOMINGO,2025,19,0,0,0,7.6000000000000005,0.1,50000,15.2,MEDIO
SANTO TOMAS,2020,5,0,0,0,2.0,0.0,50000,4.0,BAJO
SANTO TOMAS,2021,23,0,0,0,9.200000000000001,0.1,50000,18.4,MEDIO
SANTO TOMAS,2022,19,0,0,0,7.6000000000000005,0.1,50000,15.2,MEDIO
SANTO TOMAS,2023,20,0,0,0,8.0,0.1,50000,16.0,MEDIO
SANTO TOMAS,2024,36,0,0,0,14.4,0.2,50000,28.8,ALTO
SANTO TOMAS,2025,37,0,0,0,14.8,0.2,50000,29.6,ALTO
SANTUARIO,2020,6,0,0,0,2.4000000000000004,0.0,50000,4.8,BAJO
SANTUARIO,2021,8,0,0,0,3.2,0.0,50000,6.4,BAJO
SANTUARIO,2022,8,0,0,0,3.2,0.0,50000,6.4,BAJO
SANTUARIO,2023,13,0,0,0,5.2,0.1,50000,10.4,MEDIO
SANTUARIO,2024,13,0,0,0,5.2,0.1,50000,10.4,MEDIO
SANTUARIO,2025,8,0,0,0,3.2,0.0,50000,6.4,BAJO
SAPUYES,2020,1,0,0,0,0.4,0.0,50000,0.8,BAJO
SAPUYES,2021,2,0,0,0,0.8,0.0,50000,1.6,BAJO
SAPUYES,2022,3,0,0,0,1.2000000000000002,0.0,50000,2.4,BAJO
SAPUYES,2023,5,0,0,0,2.0,0.0,50000,4.0,BAJO
SAPUYES,2024,5,0,0,0,2.0,0.0,50000,4.0,BAJO
SAPUYES,2025,4,0,0,0,1.6,0.0,50000,3.2,BAJO
SARAVENA,2020,45,0,0,0,18.0,0.3,50000,36.0,ALTO
SARAVENA,2021,60,0,0,0,24.0,0.4,50000,48.0,ALTO
SARAVENA,2022,25,0,0,0,10.0,0.2,50000,20.0,ALTO
SARAVENA,2023,38,0,0,0,15.200000000000001,0.2,50000,30.4,ALTO
SARAVENA,2024,49,0,0,0,19.6,0.3,50000,39.2,ALTO
SARAVENA,2025,47,0,0,0,18.8,0.3,50000,37.6,ALTO
SARDINATA,2020,1,0,0,0,0.4,0.0,50000,0.8,BAJO
SARDINATA,2021,10,0,0,0,4.0,0.1,50000,8.0,MEDIO
SARDINATA,2022,14,0,0,0,5.6000000000000005,0.1,50000,11.2,MEDIO
SARDINATA,2023,15,0,0,0,6.0,0.1,50000,12.0,MEDIO
SARDINATA,2024,18,0,0,0,7.2,0.1,50000,14.4,MEDIO
SARDINATA,2025,33,0,0,0,13.200000000000001,0.2,50000,26.4,ALTO
SARDINATA,9999,0,1,1,0,0.30000000000000004,0.0,50000,0.6,BAJO
SASAIMA,2020,15,0,0,0,6.0,0.1,50000,12.0,MEDIO
SASAIMA,2021,40,0,0,0,16.0,0.3,50000,32.0,ALTO
SASAIMA,2022,25,0,0,0,10.0,0.2,50000,20.0,ALTO
SASAIMA,2023,9,0,0,0,3.6,0.1,50000,7.2,MEDIO
SASAIMA,2024,23,0,0,0,9.200000000000001,0.1,50000,18.4,MEDIO
SASAIMA,2025,14,0,0,0,5.6000000000000005,0.1,50000,11.2,MEDIO
SATIVANORTE,2023,3,0,0,0,1.2000000000000002,0.0,50000,2.4,BAJO
SATIVANORTE,2024,10,0,0,0,4.0,0.1,50000,8.0,MEDIO
SATIVANORTE,2025,1,0,0,0,0.4,0.0,50000,0.8,BAJO
SATIVASUR,2023,2,0,0,0,0.8,0.0,50000,1.6,BAJO
SATIVASUR,2024,3,0,0,0,1.2000000000000002,0.0,50000,2.4,BAJO
SEGOVIA,2020,37,0,0,0,14.8,0.2,50000,29.6,ALTO
SEGOVIA,2021,42,0,0,0,16.8,0.3,50000,33.6,ALTO
SEGOVIA,2022,45,0,0,0,18.0,0.3,50000,36.0,ALTO
SEGOVIA,2023,58,0,0,0,23.200000000000003,0.4,50000,46.4,ALTO
SEGOVIA,2024,52,0,0,0,20.8,0.3,50000,41.6,ALTO
SEGOVIA,2025,42,0,0,0,16.8,0.3,50000,33.6,ALTO
SESQUILE,2020,24,0,0,0,9.600000000000001,0.1,50000,19.2,MEDIO
SESQUILE,2021,23,0,0,0,9.200000000000001,0.1,50000,18.4,MEDIO
SESQUILE,2022,24,0,0,0,9.600000000000001,0.1,50000,19.2,MEDIO
SESQUILE,2023,18,0,0,0,7.2,0.1,50000,14.4,MEDIO
SESQUILE,2024,29,0,0,0,11.600000000000001,0.2,50000,23.2,ALTO
SESQUILE,2025,13,0,0,0,5.2,0.1,50000,10.4,MEDIO
SEVILLA,2020,33,0,0,0,13.200000000000001,0.2,44218,29.85,ALTO
SEVILLA,2021,28,0,0,0,11.200000000000001,0.2,44218,25.33,ALTO
SEVILLA,2022,50,0,0,0,20.0,0.3,44218,45.23,ALTO
SEVILLA,2023,72,0,0,0,28.8,0.5,44218,65.13,ALTO
SEVILLA,2024,60,0,0,0,24.0,0.4,44218,54.28,ALTO
SEVILLA,2025,44,0,0,0,17.6,0.3,44218,39.8,ALTO
SIACHOQUE,2020,6,0,0,0,2.4000000000000004,0.0,50000,4.8,BAJO
SIACHOQUE,2021,9,0,0,0,3.6,0.1,50000,7.2,MEDIO
SIACHOQUE,2022,10,0,0,0,4.0,0.1,50000,8.0,MEDIO
SIACHOQUE,2023,8,0,0,0,3.2,0.0,50000,6.4,BAJO
SIACHOQUE,2024,15,0,0,0,6.0,0.1,50000,12.0,MEDIO
SIACHOQUE,2025,12,0,0,0,4.800000000000001,0.1,50000,9.6,MEDIO
SIBATE,2020,151,0,0,0,60.400000000000006,1.0,50000,120.8,ALTO
SIBATE,2021,104,0,0,0,41.6,0.7,50000,83.2,ALTO
SIBATE,2022,116,0,0,0,46.400000000000006,0.7,50000,92.8,ALTO
SIBATE,2023,159,0,0,0,63.6,1.0,50000,127.2,ALTO
SIBATE,2024,145,0,0,0,58.0,0.9,50000,116.0,ALTO
SIBATE,2025,119,0,0,0,47.6,0.8,50000,95.2,ALTO
SIBUNDOY,2020,6,0,0,0,2.4000000000000004,0.0,50000,4.8,BAJO
SIBUNDOY,2021,13,0,0,0,5.2,0.1,50000,10.4,MEDIO
SIBUNDOY,2022,8,0,0,0,3.2,0.0,50000,6.4,BAJO
SIBUNDOY,2023,30,0,0,0,12.0,0.2,50000,24.0,ALTO
SIBUNDOY,2024,38,0,0,0,15.200000000000001,0.2,50000,30.4,ALTO
SIBUNDOY,2025,16,0,0,0,6.4,0.1,50000,12.8,MEDIO
SILOS,2020,3,0,0,0,1.2000000000000002,0.0,50000,2.4,BAJO
SILOS,2021,8,0,0,0,3.2,0.0,50000,6.4,BAJO
SILOS,2022,11,0,0,0,4.4,0.1,50000,8.8,MEDIO
SILOS,2023,2,0,0,0,0.8,0.0,50000,1.6,BAJO
SILOS,2024,1,0,0,0,0.4,0.0,50000,0.8,BAJO
SILOS,2025,6,0,0,0,2.4000000000000004,0.0,50000,4.8,BAJO
SILVANIA,2020,26,0,0,0,10.4,0.2,50000,20.8,ALTO
SILVANIA,2021,71,0,0,0,28.400000000000002,0.5,50000,56.8,ALTO
SILVANIA,2022,36,0,0,0,14.4,0.2,50000,28.8,ALTO
SILVANIA,2023,55,0,0,0,22.0,0.3,50000,44.0,ALTO
SILVANIA,2024,65,0,0,0,26.0,0.4,50000,52.0,ALTO
SILVANIA,2025,51,0,0,0,20.400000000000002,0.3,50000,40.8,ALTO
SILVIA,2020,15,0,0,0,6.0,0.1,50000,12.0,MEDIO
SILVIA,2021,25,0,0,0,10.0,0.2,50000,20.0,ALTO
SILVIA,2022,17,0,0,0,6.800000000000001,0.1,50000,13.6,MEDIO
SILVIA,2023,32,0,0,0,12.8,0.2,50000,25.6,ALTO
SILVIA,2024,35,0,0,0,14.0,0.2,50000,28.0,ALTO
SILVIA,2025,25,0,0,0,10.0,0.2,50000,20.0,ALTO
SIMACOTA,2020,1,0,0,0,0.4,0.0,50000,0.8,BAJO
SIMACOTA,2021,13,0,0,0,5.2,0.1,50000,10.4,MEDIO
SIMACOTA,2022,6,0,0,0,2.4000000000000004,0.0,50000,4.8,BAJO
SIMACOTA,2023,8,0,0,0,3.2,0.0,50000,6.4,BAJO
SIMACOTA,2024,9,0,0,0,3.6,0.1,50000,7.2,MEDIO
SIMACOTA,2025,9,0,0,0,3.6,0.1,50000,7.2,MEDIO
SIMIJACA,2020,41,0,0,0,16.400000000000002,0.3,50000,32.8,ALTO
SIMIJACA,2021,37,0,0,0,14.8,0.2,50000,29.6,ALTO
SIMIJACA,2022,25,0,0,0,10.0,0.2,50000,20.0,ALTO
SIMIJACA,2023,26,0,0,0,10.4,0.2,50000,20.8,ALTO
SIMIJACA,2024,18,0,0,0,7.2,0.1,50000,14.4,MEDIO
SIMIJACA,2025,28,0,0,0,11.200000000000001,0.2,50000,22.4,ALTO
SIMITI,2020,7,0,0,0,2.8000000000000003,0.0,50000,5.6,BAJO
SIMITI,2021,2,0,0,0,0.8,0.0,50000,1.6,BAJO
SIMITI,2022,7,0,0,0,2.8000000000000003,0.0,50000,5.6,BAJO
SIMITI,2023,16,0,0,0,6.4,0.1,50000,12.8,MEDIO
SIMITI,2024,9,0,0,0,3.6,0.1,50000,7.2,MEDIO
SIMITI,2025,12,0,0,0,4.800000000000001,0.1,50000,9.6,MEDIO
SIN INFORMACION,2022,2,0,0,0,0.8,0.0,50000,1.6,BAJO
SIN INFORMACION,2023,4,0,0,0,1.6,0.0,50000,3.2,BAJO
SIN INFORMACION,2024,1,0,0,0,0.4,0.0,50000,0.8,BAJO
SINCELEJO,2020,43,0,0,0,17.2,0.3,50000,34.4,ALTO
SINCELEJO,2021,79,0,0,0,31.6,0.5,50000,63.2,ALTO
SINCELEJO,2022,147,0,0,0,58.800000000000004,0.9,50000,117.6,ALTO
SINCELEJO,2023,151,0,0,0,60.400000000000006,1.0,50000,120.8,ALTO
SINCELEJO,2024,155,0,0,0,62.0,1.0,50000,124.0,ALTO
SINCELEJO (CT),2020,133,0,0,0,53.2,0.8,50000,106.4,ALTO
SINCELEJO (CT),2021,309,0,0,0,123.60000000000001,2.0,50000,247.2,ALTO
SINCELEJO (CT),2022,206,0,0,0,82.4,1.3,50000,164.8,ALTO
SINCELEJO (CT),2023,226,0,0,0,90.4,1.4,50000,180.8,ALTO
SINCELEJO (CT),2024,312,0,0,0,124.80000000000001,2.0,50000,249.6,ALTO
SINCELEJO (CT),2025,301,0,0,0,120.4,1.9,50000,240.8,ALTO
SIN_DATO,2020,0,0,0,19024,5707.2,91.5,50000,11414.4,ALTO
SIN_DATO,2021,0,0,0,20784,6235.2,100.0,50000,12470.4,ALTO
SIN_DATO,2022,0,0,0,19584,5875.2,94.2,50000,11750.4,ALTO
SIN_DATO,2023,0,0,0,19941,5982.3,95.9,50000,11964.6,ALTO
SIN_DATO,2024,0,0,0,17074,5122.2,82.1,50000,10244.4,ALTO
SIN_DATO,2025,0,0,0,18243,5472.9,87.8,50000,10945.8,ALTO
SIPI,2021,1,0,0,0,0.4,0.0,50000,0.8,BAJO
SIPI,2025,2,0,0,0,0.8,0.0,50000,1.6,BAJO
SITIONUEVO,2020,15,0,0,0,6.0,0.1,50000,12.0,MEDIO
SITIONUEVO,2021,5,0,0,0,2.0,0.0,50000,4.0,BAJO
SITIONUEVO,2022,14,0,0,0,5.6000000000000005,0.1,50000,11.2,MEDIO
SITIONUEVO,2023,15,0,0,0,6.0,0.1,50000,12.0,MEDIO
SITIONUEVO,2024,24,0,0,0,9.600000000000001,0.1,50000,19.2,MEDIO
SITIONUEVO,2025,23,0,0,0,9.200000000000001,0.1,50000,18.4,MEDIO
SOACHA,2020,981,0,0,0,392.40000000000003,6.3,50000,784.8,ALTO
SOACHA,2021,923,0,0,0,369.20000000000005,5.9,50000,738.4,ALTO
SOACHA,2022,1245,0,0,0,498.0,8.0,50000,996.0,ALTO
SOACHA,2023,1255,0,0,0,502.0,8.0,50000,1004.0,ALTO
SOACHA,2024,1392,0,0,0,556.8000000000001,8.9,50000,1113.6,ALTO
SOACHA,2025,855,0,0,0,342.0,5.5,50000,684.0,ALTO
SOATA,2020,1,0,0,0,0.4,0.0,50000,0.8,BAJO
SOATA,2021,8,0,0,0,3.2,0.0,50000,6.4,BAJO
SOATA,2022,10,0,0,0,4.0,0.1,50000,8.0,MEDIO
SOATA,2023,2,0,0,0,0.8,0.0,50000,1.6,BAJO
SOATA,2024,22,0,0,0,8.8,0.1,50000,17.6,MEDIO
SOATA,2025,31,0,0,0,12.4,0.2,50000,24.8,ALTO
SOCHA,2020,1,0,0,0,0.4,0.0,50000,0.8,BAJO
SOCHA,2021,1,0,0,0,0.4,0.0,50000,0.8,BAJO
SOCHA,2022,1,0,0,0,0.4,0.0,50000,0.8,BAJO
SOCHA,2023,2,0,0,0,0.8,0.0,50000,1.6,BAJO
SOCHA,2024,3,0,0,0,1.2000000000000002,0.0,50000,2.4,BAJO
SOCHA,2025,7,0,0,0,2.8000000000000003,0.0,50000,5.6,BAJO
SOCORRO,2020,13,0,0,0,5.2,0.1,50000,10.4,MEDIO
SOCORRO,2021,23,0,0,0,9.200000000000001,0.1,50000,18.4,MEDIO
SOCORRO,2022,16,0,0,0,6.4,0.1,50000,12.8,MEDIO
SOCORRO,2023,29,0,0,0,11.600000000000001,0.2,50000,23.2,ALTO
SOCORRO,2024,40,0,0,0,16.0,0.3,50000,32.0,ALTO
SOCORRO,2025,69,0,0,0,27.6,0.4,50000,55.2,ALTO
SOCOTA,2020,5,0,0,0,2.0,0.0,50000,4.0,BAJO
SOCOTA,2021,7,0,0,0,2.8000000000000003,0.0,50000,5.6,BAJO
SOCOTA,2022,4,0,0,0,1.6,0.0,50000,3.2,BAJO
SOCOTA,2023,3,0,0,0,1.2000000000000002,0.0,50000,2.4,BAJO
SOCOTA,2024,2,0,0,0,0.8,0.0,50000,1.6,BAJO
SOCOTA,2025,2,0,0,0,0.8,0.0,50000,1.6,BAJO
SOGAMOSO,2020,358,0,0,0,143.20000000000002,2.3,50000,286.4,ALTO
SOGAMOSO,2021,403,0,0,0,161.20000000000002,2.6,50000,322.4,ALTO
SOGAMOSO,2022,403,0,0,0,161.20000000000002,2.6,50000,322.4,ALTO
SOGAMOSO,2023,548,0,0,0,219.20000000000002,3.5,50000,438.4,ALTO
SOGAMOSO,2024,612,0,0,0,244.8,3.9,50000,489.6,ALTO
SOGAMOSO,2025,455,0,0,0,182.0,2.9,50000,364.0,ALTO
SOLANO,2021,9,0,0,0,3.6,0.1,50000,7.2,MEDIO
SOLANO,2022,3,0,0,0,1.2000000000000002,0.0,50000,2.4,BAJO
SOLANO,2023,9,0,0,0,3.6,0.1,50000,7.2,MEDIO
SOLANO,2024,4,0,0,0,1.6,0.0,50000,3.2,BAJO
SOLANO,2025,3,0,0,0,1.2000000000000002,0.0,50000,2.4,BAJO
SOLEDAD,2020,152,0,0,0,60.800000000000004,1.0,50000,121.6,ALTO
SOLEDAD,2021,324,0,0,0,129.6,2.1,50000,259.2,ALTO
SOLEDAD,2022,559,0,0,0,223.60000000000002,3.6,50000,447.2,ALTO
SOLEDAD,2023,603,0,0,0,241.20000000000002,3.9,50000,482.4,ALTO
SOLEDAD,2024,544,0,0,0,217.60000000000002,3.5,50000,435.2,ALTO
SOLEDAD,2025,471,0,0,0,188.4,3.0,50000,376.8,ALTO
SOLITA,2020,1,0,0,0,0.4,0.0,50000,0.8,BAJO
SOLITA,2021,3,0,0,0,1.2000000000000002,0.0,50000,2.4,BAJO
SOLITA,2022,4,0,0,0,1.6,0.0,50000,3.2,BAJO
SOLITA,2023,8,0,0,0,3.2,0.0,50000,6.4,BAJO
SOLITA,2024,6,0,0,0,2.4000000000000004,0.0,50000,4.8,BAJO
SOLITA,2025,2,0,0,0,0.8,0.0,50000,1.6,BAJO
SOMONDOCO,2022,1,0,0,0,0.4,0.0,50000,0.8,BAJO
SOMONDOCO,2023,3,0,0,0,1.2000000000000002,0.0,50000,2.4,BAJO
SOMONDOCO,2024,9,0,0,0,3.6,0.1,50000,7.2,MEDIO
SOMONDOCO,2025,5,0,0,0,2.0,0.0,50000,4.0,BAJO
SONSON,2020,31,0,0,0,12.4,0.2,50000,24.8,ALTO
SONSON,2021,44,0,0,0,17.6,0.3,50000,35.2,ALTO
SONSON,2022,30,0,0,0,12.0,0.2,50000,24.0,ALTO
SONSON,2023,25,0,0,0,10.0,0.2,50000,20.0,ALTO
SONSON,2024,29,0,0,0,11.600000000000001,0.2,50000,23.2,ALTO
SONSON,2025,39,0,0,0,15.600000000000001,0.2,50000,31.2,ALTO
SOPETRAN,2020,7,0,0,0,2.8000000000000003,0.0,50000,5.6,BAJO
SOPETRAN,2021,5,0,0,0,2.0,0.0,50000,4.0,BAJO
SOPETRAN,2022,1,0,0,0,0.4,0.0,50000,0.8,BAJO
SOPETRAN,2023,10,0,0,0,4.0,0.1,50000,8.0,MEDIO
SOPETRAN,2024,23,0,0,0,9.200000000000001,0.1,50000,18.4,MEDIO
SOPETRAN,2025,24,0,0,0,9.600000000000001,0.1,50000,19.2,MEDIO
SOPLAVIENTO,2020,7,0,0,0,2.8000000000000003,0.0,50000,5.6,BAJO
SOPLAVIENTO,2021,8,0,0,0,3.2,0.0,50000,6.4,BAJO
SOPLAVIENTO,2022,13,0,0,0,5.2,0.1,50000,10.4,MEDIO
SOPLAVIENTO,2023,1,0,0,0,0.4,0.0,50000,0.8,BAJO
SOPLAVIENTO,2024,9,0,0,0,3.6,0.1,50000,7.2,MEDIO
SOPLAVIENTO,2025,6,0,0,0,2.4000000000000004,0.0,50000,4.8,BAJO
SOPO,2020,16,0,0,0,6.4,0.1,50000,12.8,MEDIO
SOPO,2021,27,0,0,0,10.8,0.2,50000,21.6,ALTO
SOPO,2022,21,0,0,0,8.4,0.1,50000,16.8,MEDIO
SOPO,2023,16,0,0,0,6.4,0.1,50000,12.8,MEDIO
SOPO,2024,28,0,0,0,11.200000000000001,0.2,50000,22.4,ALTO
SOPO,2025,25,0,0,0,10.0,0.2,50000,20.0,ALTO
SORA,2020,3,0,0,0,1.2000000000000002,0.0,50000,2.4,BAJO
SORA,2021,7,0,0,0,2.8000000000000003,0.0,50000,5.6,BAJO
SORA,2022,16,0,0,0,6.4,0.1,50000,12.8,MEDIO
SORA,2023,1,0,0,0,0.4,0.0,50000,0.8,BAJO
SORA,2024,5,0,0,0,2.0,0.0,50000,4.0,BAJO
SORA,2025,4,0,0,0,1.6,0.0,50000,3.2,BAJO
SORACA,2020,25,0,0,0,10.0,0.2,50000,20.0,ALTO
SORACA,2021,23,0,0,0,9.200000000000001,0.1,50000,18.4,MEDIO
SORACA,2022,29,0,0,0,11.600000000000001,0.2,50000,23.2,ALTO
SORACA,2023,14,0,0,0,5.6000000000000005,0.1,50000,11.2,MEDIO
SORACA,2024,18,0,0,0,7.2,0.1,50000,14.4,MEDIO
SORACA,2025,10,0,0,0,4.0,0.1,50000,8.0,MEDIO
SOTAQUIRA,2020,10,0,0,0,4.0,0.1,50000,8.0,MEDIO
SOTAQUIRA,2021,14,0,0,0,5.6000000000000005,0.1,50000,11.2,MEDIO
SOTAQUIRA,2022,9,0,0,0,3.6,0.1,50000,7.2,MEDIO
SOTAQUIRA,2023,6,0,0,0,2.4000000000000004,0.0,50000,4.8,BAJO
SOTAQUIRA,2024,11,0,0,0,4.4,0.1,50000,8.8,MEDIO
SOTAQUIRA,2025,7,0,0,0,2.8000000000000003,0.0,50000,5.6,BAJO
SOTARA,2020,2,0,0,0,0.8,0.0,50000,1.6,BAJO
SOTARA,2021,15,0,0,0,6.0,0.1,50000,12.0,MEDIO
SOTARA,2022,5,0,0,0,2.0,0.0,50000,4.0,BAJO
SOTARA,2023,9,0,0,0,3.6,0.1,50000,7.2,MEDIO
SOTARA,2024,4,0,0,0,1.6,0.0,50000,3.2,BAJO
SOTARA,2025,3,0,0,0,1.2000000000000002,0.0,50000,2.4,BAJO
SUAITA,2020,20,0,0,0,8.0,0.1,50000,16.0,MEDIO
SUAITA,2021,13,0,0,0,5.2,0.1,50000,10.4,MEDIO
SUAITA,2022,11,0,0,0,4.4,0.1,50000,8.8,MEDIO
SUAITA,2023,16,0,0,0,6.4,0.1,50000,12.8,MEDIO
SUAITA,2024,13,0,0,0,5.2,0.1,50000,10.4,MEDIO
SUAITA,2025,11,0,0,0,4.4,0.1,50000,8.8,MEDIO
SUAN,2021,1,0,0,0,0.4,0.0,50000,0.8,BAJO
SUAN,2022,2,0,0,0,0.8,0.0,50000,1.6,BAJO
SUAN,2023,5,0,0,0,2.0,0.0,50000,4.0,BAJO
SUAN,2024,10,0,0,0,4.0,0.1,50000,8.0,MEDIO
SUAN,2025,4,0,0,0,1.6,0.0,50000,3.2,BAJO
SUAREZ,2020,15,0,0,0,6.0,0.1,50000,12.0,MEDIO
SUAREZ,2021,10,0,0,0,4.0,0.1,50000,8.0,MEDIO
SUAREZ,2022,26,0,0,0,10.4,0.2,50000,20.8,ALTO
SUAREZ,2023,14,0,0,0,5.6000000000000005,0.1,50000,11.2,MEDIO
SUAREZ,2024,33,0,0,0,13.200000000000001,0.2,50000,26.4,ALTO
SUAREZ,2025,22,0,0,0,8.8,0.1,50000,17.6,MEDIO
SUAZA,2020,5,0,0,0,2.0,0.0,50000,4.0,BAJO
SUAZA,2021,6,0,0,0,2.4000000000000004,0.0,50000,4.8,BAJO
SUAZA,2022,2,0,0,0,0.8,0.0,50000,1.6,BAJO
SUAZA,2023,31,0,0,0,12.4,0.2,50000,24.8,ALTO
SUAZA,2024,33,0,0,0,13.200000000000001,0.2,50000,26.4,ALTO
SUAZA,2025,31,0,0,0,12.4,0.2,50000,24.8,ALTO
SUBACHOQUE,2020,23,0,0,0,9.200000000000001,0.1,50000,18.4,MEDIO
SUBACHOQUE,2021,25,0,0,0,10.0,0.2,50000,20.0,ALTO
SUBACHOQUE,2022,31,0,0,0,12.4,0.2,50000,24.8,ALTO
SUBACHOQUE,2023,32,0,0,0,12.8,0.2,50000,25.6,ALTO
SUBACHOQUE,2024,39,0,0,0,15.600000000000001,0.2,50000,31.2,ALTO
SUBACHOQUE,2025,46,0,0,0,18.400000000000002,0.3,50000,36.8,ALTO
SUCRE,2020,9,0,0,0,3.6,0.1,50000,7.2,MEDIO
SUCRE,2021,7,0,0,0,2.8000000000000003,0.0,50000,5.6,BAJO
SUCRE,2022,5,0,0,0,2.0,0.0,50000,4.0,BAJO
SUCRE,2023,10,0,0,0,4.0,0.1,50000,8.0,MEDIO
SUCRE,2024,11,0,0,0,4.4,0.1,50000,8.8,MEDIO
SUCRE,2025,19,0,0,0,7.6000000000000005,0.1,50000,15.2,MEDIO
SUESCA,2020,24,0,0,0,9.600000000000001,0.1,50000,19.2,MEDIO
SUESCA,2021,34,0,0,0,13.600000000000001,0.2,50000,27.2,ALTO
SUESCA,2022,26,0,0,0,10.4,0.2,50000,20.8,ALTO
SUESCA,2023,27,0,0,0,10.8,0.2,50000,21.6,ALTO
SUESCA,2024,43,0,0,0,17.2,0.3,50000,34.4,ALTO
SUESCA,2025,25,0,0,0,10.0,0.2,50000,20.0,ALTO
SUPATA,2020,1,0,0,0,0.4,0.0,50000,0.8,BAJO
SUPATA,2021,6,0,0,0,2.4000000000000004,0.0,50000,4.8,BAJO
SUPATA,2022,6,0,0,0,2.4000000000000004,0.0,50000,4.8,BAJO
SUPATA,2023,5,0,0,0,2.0,0.0,50000,4.0,BAJO
SUPATA,2024,7,0,0,0,2.8000000000000003,0.0,50000,5.6,BAJO
SUPATA,2025,4,0,0,0,1.6,0.0,50000,3.2,BAJO
SUPIA,2020,14,0,0,0,5.6000000000000005,0.1,50000,11.2,MEDIO
SUPIA,2021,27,0,0,0,10.8,0.2,50000,21.6,ALTO
SUPIA,2022,16,0,0,0,6.4,0.1,50000,12.8,MEDIO
SUPIA,2023,9,0,0,0,3.6,0.1,50000,7.2,MEDIO
SUPIA,2024,5,0,0,0,2.0,0.0,50000,4.0,BAJO
SUPIA,2025,2,0,0,0,0.8,0.0,50000,1.6,BAJO
SURATA,2021,1,0,0,0,0.4,0.0,50000,0.8,BAJO
SURATA,2022,8,0,0,0,3.2,0.0,50000,6.4,BAJO
SURATA,2023,8,0,0,0,3.2,0.0,50000,6.4,BAJO
SURATA,2024,8,0,0,0,3.2,0.0,50000,6.4,BAJO
SURATA,2025,1,0,0,0,0.4,0.0,50000,0.8,BAJO
SUSA,2020,25,0,0,0,10.0,0.2,50000,20.0,ALTO
SUSA,2021,20,0,0,0,8.0,0.1,50000,16.0,MEDIO
SUSA,2022,24,0,0,0,9.600000000000001,0.1,50000,19.2,MEDIO
SUSA,2023,15,0,0,0,6.0,0.1,50000,12.0,MEDIO
SUSA,2024,16,0,0,0,6.4,0.1,50000,12.8,MEDIO
SUSA,2025,16,0,0,0,6.4,0.1,50000,12.8,MEDIO
SUSACON,2022,2,0,0,0,0.8,0.0,50000,1.6,BAJO
SUSACON,2023,2,0,0,0,0.8,0.0,50000,1.6,BAJO
SUSACON,2024,2,0,0,0,0.8,0.0,50000,1.6,BAJO
SUSACON,2025,4,0,0,0,1.6,0.0,50000,3.2,BAJO
SUTAMARCHAN,2021,1,0,0,0,0.4,0.0,50000,0.8,BAJO
SUTAMARCHAN,2022,1,0,0,0,0.4,0.0,50000,0.8,BAJO
SUTAMARCHAN,2023,2,0,0,0,0.8,0.0,50000,1.6,BAJO
SUTAMARCHAN,2024,6,0,0,0,2.4000000000000004,0.0,50000,4.8,BAJO
SUTAMARCHAN,2025,8,0,0,0,3.2,0.0,50000,6.4,BAJO
SUTATAUSA,2020,22,0,0,0,8.8,0.1,50000,17.6,MEDIO
SUTATAUSA,2021,16,0,0,0,6.4,0.1,50000,12.8,MEDIO
SUTATAUSA,2022,16,0,0,0,6.4,0.1,50000,12.8,MEDIO
SUTATAUSA,2023,10,0,0,0,4.0,0.1,50000,8.0,MEDIO
SUTATAUSA,2024,8,0,0,0,3.2,0.0,50000,6.4,BAJO
SUTATAUSA,2025,13,0,0,0,5.2,0.1,50000,10.4,MEDIO
SUTATENZA,2020,5,0,0,0,2.0,0.0,50000,4.0,BAJO
SUTATENZA,2021,1,0,0,0,0.4,0.0,50000,0.8,BAJO
SUTATENZA,2022,1,0,0,0,0.4,0.0,50000,0.8,BAJO
SUTATENZA,2023,3,0,0,0,1.2000000000000002,0.0,50000,2.4,BAJO
SUTATENZA,2024,3,0,0,0,1.2000000000000002,0.0,50000,2.4,BAJO
SUTATENZA,2025,7,0,0,0,2.8000000000000003,0.0,50000,5.6,BAJO
TABIO,2020,14,0,0,0,5.6000000000000005,0.1,50000,11.2,MEDIO
TABIO,2021,13,0,0,0,5.2,0.1,50000,10.4,MEDIO
TABIO,2022,19,0,0,0,7.6000000000000005,0.1,50000,15.2,MEDIO
TABIO,2023,19,0,0,0,7.6000000000000005,0.1,50000,15.2,MEDIO
TABIO,2024,39,0,0,0,15.600000000000001,0.2,50000,31.2,ALTO
TABIO,2025,27,0,0,0,10.8,0.2,50000,21.6,ALTO
TADO,2020,3,0,0,0,1.2000000000000002,0.0,50000,2.4,BAJO
TADO,2021,6,0,0,0,2.4000000000000004,0.0,50000,4.8,BAJO
TADO,2022,8,0,0,0,3.2,0.0,50000,6.4,BAJO
TADO,2023,20,0,0,0,8.0,0.1,50000,16.0,MEDIO
TADO,2024,2,0,0,0,0.8,0.0,50000,1.6,BAJO
TADO,2025,12,0,0,0,4.800000000000001,0.1,50000,9.6,MEDIO
TALAIGUA NUEVO,2020,2,0,0,0,0.8,0.0,50000,1.6,BAJO
TALAIGUA NUEVO,2021,1,0,0,0,0.4,0.0,50000,0.8,BAJO
TALAIGUA NUEVO,2022,5,0,0,0,2.0,0.0,50000,4.0,BAJO
TALAIGUA NUEVO,2023,9,0,0,0,3.6,0.1,50000,7.2,MEDIO
TALAIGUA NUEVO,2024,9,0,0,0,3.6,0.1,50000,7.2,MEDIO
TALAIGUA NUEVO,2025,12,0,0,0,4.800000000000001,0.1,50000,9.6,MEDIO
TAMALAMEQUE,2020,8,0,0,0,3.2,0.0,50000,6.4,BAJO
TAMALAMEQUE,2021,15,0,0,0,6.0,0.1,50000,12.0,MEDIO
TAMALAMEQUE,2022,4,0,0,0,1.6,0.0,50000,3.2,BAJO
TAMALAMEQUE,2023,7,0,0,0,2.8000000000000003,0.0,50000,5.6,BAJO
TAMALAMEQUE,2024,13,0,0,0,5.2,0.1,50000,10.4,MEDIO
TAMALAMEQUE,2025,22,0,0,0,8.8,0.1,50000,17.6,MEDIO
TAMARA,2020,5,0,0,0,2.0,0.0,50000,4.0,BAJO
TAMARA,2021,3,0,0,0,1.2000000000000002,0.0,50000,2.4,BAJO
TAMARA,2022,10,0,0,0,4.0,0.1,50000,8.0,MEDIO
TAMARA,2023,11,0,0,0,4.4,0.1,50000,8.8,MEDIO
TAMARA,2024,14,0,0,0,5.6000000000000005,0.1,50000,11.2,MEDIO
TAMARA,2025,7,0,0,0,2.8000000000000003,0.0,50000,5.6,BAJO
TAME,2020,106,0,0,0,42.400000000000006,0.7,50000,84.8,ALTO
TAME,2021,138,0,0,0,55.2,0.9,50000,110.4,ALTO
TAME,2022,77,0,0,0,30.8,0.5,50000,61.6,ALTO
TAME,2023,66,0,0,0,26.400000000000002,0.4,50000,52.8,ALTO
TAME,2024,67,0,0,0,26.8,0.4,50000,53.6,ALTO
TAME,2025,75,0,0,0,30.0,0.5,50000,60.0,ALTO
TAMESIS,2020,10,0,0,0,4.0,0.1,50000,8.0,MEDIO
TAMESIS,2021,18,0,0,0,7.2,0.1,50000,14.4,MEDIO
TAMESIS,2022,13,0,0,0,5.2,0.1,50000,10.4,MEDIO
TAMESIS,2023,11,0,0,0,4.4,0.1,50000,8.8,MEDIO
TAMESIS,2024,18,0,0,0,7.2,0.1,50000,14.4,MEDIO
TAMESIS,2025,12,0,0,0,4.800000000000001,0.1,50000,9.6,MEDIO
TAMINANGO,2020,5,0,0,0,2.0,0.0,50000,4.0,BAJO
TAMINANGO,2021,7,0,0,0,2.8000000000000003,0.0,50000,5.6,BAJO
TAMINANGO,2022,8,0,0,0,3.2,0.0,50000,6.4,BAJO
TAMINANGO,2023,14,0,0,0,5.6000000000000005,0.1,50000,11.2,MEDIO
TAMINANGO,2024,10,0,0,0,4.0,0.1,50000,8.0,MEDIO
TAMINANGO,2025,9,0,0,0,3.6,0.1,50000,7.2,MEDIO
TANGUA,2020,19,0,0,0,7.6000000000000005,0.1,50000,15.2,MEDIO
TANGUA,2021,7,0,0,0,2.8000000000000003,0.0,50000,5.6,BAJO
TANGUA,2022,14,0,0,0,5.6000000000000005,0.1,50000,11.2,MEDIO
TANGUA,2023,16,0,0,0,6.4,0.1,50000,12.8,MEDIO
TANGUA,2024,15,0,0,0,6.0,0.1,50000,12.0,MEDIO
TANGUA,2025,9,0,0,0,3.6,0.1,50000,7.2,MEDIO
TARAIRA,2020,1,0,0,0,0.4,0.0,50000,0.8,BAJO
TARAIRA,2021,11,0,0,0,4.4,0.1,50000,8.8,MEDIO
TARAIRA,2022,2,0,0,0,0.8,0.0,50000,1.6,BAJO
TARAIRA,2023,6,0,0,0,2.4000000000000004,0.0,50000,4.8,BAJO
TARAIRA,2024,3,0,0,0,1.2000000000000002,0.0,50000,2.4,BAJO
TARAIRA,2025,2,0,0,0,0.8,0.0,50000,1.6,BAJO
TARAZA,2020,8,0,0,0,3.2,0.0,50000,6.4,BAJO
TARAZA,2021,9,0,0,0,3.6,0.1,50000,7.2,MEDIO
TARAZA,2022,19,0,0,0,7.6000000000000005,0.1,50000,15.2,MEDIO
TARAZA,2023,21,0,0,0,8.4,0.1,50000,16.8,MEDIO
TARAZA,2024,31,0,0,0,12.4,0.2,50000,24.8,ALTO
TARAZA,2025,18,0,0,0,7.2,0.1,50000,14.4,MEDIO
TARAZA,9999,0,1,1,0,0.30000000000000004,0.0,50000,0.6,BAJO
TARQUI,2020,1,0,0,0,0.4,0.0,50000,0.8,BAJO
TARQUI,2021,9,0,0,0,3.6,0.1,50000,7.2,MEDIO
TARQUI,2022,17,0,0,0,6.800000000000001,0.1,50000,13.6,MEDIO
TARQUI,2023,7,0,0,0,2.8000000000000003,0.0,50000,5.6,BAJO
TARQUI,2024,20,0,0,0,8.0,0.1,50000,16.0,MEDIO
TARQUI,2025,13,0,0,0,5.2,0.1,50000,10.4,MEDIO
TARSO,2020,1,0,0,0,0.4,0.0,50000,0.8,BAJO
TARSO,2021,9,0,0,0,3.6,0.1,50000,7.2,MEDIO
TARSO,2022,6,0,0,0,2.4000000000000004,0.0,50000,4.8,BAJO
TARSO,2023,7,0,0,0,2.8000000000000003,0.0,50000,5.6,BAJO
TARSO,2024,8,0,0,0,3.2,0.0,50000,6.4,BAJO
TARSO,2025,6,0,0,0,2.4000000000000004,0.0,50000,4.8,BAJO
TASCO,2020,3,0,0,0,1.2000000000000002,0.0,50000,2.4,BAJO
TASCO,2021,2,0,0,0,0.8,0.0,50000,1.6,BAJO
TASCO,2022,1,0,0,0,0.4,0.0,50000,0.8,BAJO
TASCO,2023,4,0,0,0,1.6,0.0,50000,3.2,BAJO
TASCO,2024,4,0,0,0,1.6,0.0,50000,3.2,BAJO
TASCO,2025,3,0,0,0,1.2000000000000002,0.0,50000,2.4,BAJO
TAURAMENA,2020,42,0,0,0,16.8,0.3,50000,33.6,ALTO
TAURAMENA,2021,42,0,0,0,16.8,0.3,50000,33.6,ALTO
TAURAMENA,2022,25,0,0,0,10.0,0.2,50000,20.0,ALTO
TAURAMENA,2023,57,0,0,0,22.8,0.4,50000,45.6,ALTO
TAURAMENA,2024,43,0,0,0,17.2,0.3,50000,34.4,ALTO
TAURAMENA,2025,45,0,0,0,18.0,0.3,50000,36.0,ALTO
TAUSA,2020,23,0,0,0,9.200000000000001,0.1,50000,18.4,MEDIO
TAUSA,2021,25,0,0,0,10.0,0.2,50000,20.0,ALTO
TAUSA,2022,29,0,0,0,11.600000000000001,0.2,50000,23.2,ALTO
TAUSA,2023,9,0,0,0,3.6,0.1,50000,7.2,MEDIO
TAUSA,2024,12,0,0,0,4.800000000000001,0.1,50000,9.6,MEDIO
TAUSA,2025,17,0,0,0,6.800000000000001,0.1,50000,13.6,MEDIO
TELLO,2020,37,0,0,0,14.8,0.2,50000,29.6,ALTO
TELLO,2021,5,0,0,0,2.0,0.0,50000,4.0,BAJO
TELLO,2022,2,0,0,0,0.8,0.0,50000,1.6,BAJO
TELLO,2023,8,0,0,0,3.2,0.0,50000,6.4,BAJO
TELLO,2024,11,0,0,0,4.4,0.1,50000,8.8,MEDIO
TELLO,2025,4,0,0,0,1.6,0.0,50000,3.2,BAJO
TENA,2020,36,0,0,0,14.4,0.2,50000,28.8,ALTO
TENA,2021,46,0,0,0,18.400000000000002,0.3,50000,36.8,ALTO
TENA,2022,15,0,0,0,6.0,0.1,50000,12.0,MEDIO
TENA,2023,22,0,0,0,8.8,0.1,50000,17.6,MEDIO
TENA,2024,46,0,0,0,18.400000000000002,0.3,50000,36.8,ALTO
TENA,2025,23,0,0,0,9.200000000000001,0.1,50000,18.4,MEDIO
TENERIFE,2020,3,0,0,0,1.2000000000000002,0.0,50000,2.4,BAJO
TENERIFE,2021,5,0,0,0,2.0,0.0,50000,4.0,BAJO
TENERIFE,2022,2,0,0,0,0.8,0.0,50000,1.6,BAJO
TENERIFE,2023,5,0,0,0,2.0,0.0,50000,4.0,BAJO
TENERIFE,2024,6,0,0,0,2.4000000000000004,0.0,50000,4.8,BAJO
TENERIFE,2025,6,0,0,0,2.4000000000000004,0.0,50000,4.8,BAJO
TENJO,2020,40,0,0,0,16.0,0.3,50000,32.0,ALTO
TENJO,2021,23,0,0,0,9.200000000000001,0.1,50000,18.4,MEDIO
TENJO,2022,24,0,0,0,9.600000000000001,0.1,50000,19.2,MEDIO
TENJO,2023,27,0,0,0,10.8,0.2,50000,21.6,ALTO
TENJO,2024,37,0,0,0,14.8,0.2,50000,29.6,ALTO
TENJO,2025,22,0,0,0,8.8,0.1,50000,17.6,MEDIO
TENZA,2020,1,0,0,0,0.4,0.0,50000,0.8,BAJO
TENZA,2021,2,0,0,0,0.8,0.0,50000,1.6,BAJO
TENZA,2022,1,0,0,0,0.4,0.0,50000,0.8,BAJO
TENZA,2023,1,0,0,0,0.4,0.0,50000,0.8,BAJO
TENZA,2024,5,0,0,0,2.0,0.0,50000,4.0,BAJO
TENZA,2025,1,0,0,0,0.4,0.0,50000,0.8,BAJO
TEORAMA,2021,2,0,0,0,0.8,0.0,50000,1.6,BAJO
TEORAMA,2022,1,0,0,0,0.4,0.0,50000,0.8,BAJO
TEORAMA,2023,1,0,0,0,0.4,0.0,50000,0.8,BAJO
TEORAMA,2024,6,0,0,0,2.4000000000000004,0.0,50000,4.8,BAJO
TEORAMA,2025,4,0,0,0,1.6,0.0,50000,3.2,BAJO
TERUEL,2020,1,0,0,0,0.4,0.0,50000,0.8,BAJO
TERUEL,2021,1,0,0,0,0.4,0.0,50000,0.8,BAJO
TERUEL,2022,1,0,0,0,0.4,0.0,50000,0.8,BAJO
TERUEL,2023,2,0,0,0,0.8,0.0,50000,1.6,BAJO
TERUEL,2024,9,0,0,0,3.6,0.1,50000,7.2,MEDIO
TERUEL,2025,3,0,0,0,1.2000000000000002,0.0,50000,2.4,BAJO
TESALIA,2020,4,0,0,0,1.6,0.0,50000,3.2,BAJO
TESALIA,2021,10,0,0,0,4.0,0.1,50000,8.0,MEDIO
TESALIA,2022,7,0,0,0,2.8000000000000003,0.0,50000,5.6,BAJO
TESALIA,2023,11,0,0,0,4.4,0.1,50000,8.8,MEDIO
TESALIA,2024,13,0,0,0,5.2,0.1,50000,10.4,MEDIO
TESALIA,2025,8,0,0,0,3.2,0.0,50000,6.4,BAJO
TIBACUY,2020,12,0,0,0,4.800000000000001,0.1,50000,9.6,MEDIO
TIBACUY,2021,11,0,0,0,4.4,0.1,50000,8.8,MEDIO
TIBACUY,2022,15,0,0,0,6.0,0.1,50000,12.0,MEDIO
TIBACUY,2023,5,0,0,0,2.0,0.0,50000,4.0,BAJO
TIBACUY,2024,6,0,0,0,2.4000000000000004,0.0,50000,4.8,BAJO
TIBACUY,2025,7,0,0,0,2.8000000000000003,0.0,50000,5.6,BAJO
TIBANA,2020,10,0,0,0,4.0,0.1,50000,8.0,MEDIO
TIBANA,2021,7,0,0,0,2.8000000000000003,0.0,50000,5.6,BAJO
TIBANA,2022,1,0,0,0,0.4,0.0,50000,0.8,BAJO
TIBANA,2023,3,0,0,0,1.2000000000000002,0.0,50000,2.4,BAJO
TIBANA,2024,9,0,0,0,3.6,0.1,50000,7.2,MEDIO
TIBANA,2025,3,0,0,0,1.2000000000000002,0.0,50000,2.4,BAJO
TIBASOSA,2020,11,0,0,0,4.4,0.1,50000,8.8,MEDIO
TIBASOSA,2021,11,0,0,0,4.4,0.1,50000,8.8,MEDIO
TIBASOSA,2022,13,0,0,0,5.2,0.1,50000,10.4,MEDIO
TIBASOSA,2023,15,0,0,0,6.0,0.1,50000,12.0,MEDIO
TIBASOSA,2024,33,0,0,0,13.200000000000001,0.2,50000,26.4,ALTO
TIBASOSA,2025,39,0,0,0,15.600000000000001,0.2,50000,31.2,ALTO
TIBIRITA,2020,6,0,0,0,2.4000000000000004,0.0,50000,4.8,BAJO
TIBIRITA,2021,4,0,0,0,1.6,0.0,50000,3.2,BAJO
TIBIRITA,2022,2,0,0,0,0.8,0.0,50000,1.6,BAJO
TIBIRITA,2023,6,0,0,0,2.4000000000000004,0.0,50000,4.8,BAJO
TIBIRITA,2024,12,0,0,0,4.800000000000001,0.1,50000,9.6,MEDIO
TIBIRITA,2025,5,0,0,0,2.0,0.0,50000,4.0,BAJO
TIBU,2020,10,0,0,0,4.0,0.1,50000,8.0,MEDIO
TIBU,2021,17,0,0,0,6.800000000000001,0.1,50000,13.6,MEDIO
TIBU,2022,12,0,0,0,4.800000000000001,0.1,50000,9.6,MEDIO
TIBU,2023,10,0,0,0,4.0,0.1,50000,8.0,MEDIO
TIBU,2024,17,0,0,0,6.800000000000001,0.1,50000,13.6,MEDIO
TIBU,2025,40,0,0,0,16.0,0.3,50000,32.0,ALTO
TIBU,9999,0,1,1,0,0.30000000000000004,0.0,50000,0.6,BAJO
TIERRALTA,2020,3,0,0,0,1.2000000000000002,0.0,50000,2.4,BAJO
TIERRALTA,2021,56,0,0,0,22.400000000000002,0.4,50000,44.8,ALTO
TIERRALTA,2022,46,0,0,0,18.400000000000002,0.3,50000,36.8,ALTO
TIERRALTA,2023,31,0,0,0,12.4,0.2,50000,24.8,ALTO
TIERRALTA,2024,29,0,0,0,11.600000000000001,0.2,50000,23.2,ALTO
TIERRALTA,2025,36,0,0,0,14.4,0.2,50000,28.8,ALTO
TIERRALTA,9999,0,1,1,0,0.30000000000000004,0.0,50000,0.6,BAJO
TIMANA,2020,11,0,0,0,4.4,0.1,50000,8.8,MEDIO
TIMANA,2021,13,0,0,0,5.2,0.1,50000,10.4,MEDIO
TIMANA,2022,25,0,0,0,10.0,0.2,50000,20.0,ALTO
TIMANA,2023,42,0,0,0,16.8,0.3,50000,33.6,ALTO
TIMANA,2024,34,0,0,0,13.600000000000001,0.2,50000,27.2,ALTO
TIMANA,2025,37,0,0,0,14.8,0.2,50000,29.6,ALTO
TIMBIO,2020,8,0,0,0,3.2,0.0,50000,6.4,BAJO
TIMBIO,2021,34,0,0,0,13.600000000000001,0.2,50000,27.2,ALTO
TIMBIO,2022,46,0,0,0,18.400000000000002,0.3,50000,36.8,ALTO
TIMBIO,2023,39,0,0,0,15.600000000000001,0.2,50000,31.2,ALTO
TIMBIO,2024,63,0,0,0,25.200000000000003,0.4,50000,50.4,ALTO
TIMBIO,2025,26,0,0,0,10.4,0.2,50000,20.8,ALTO
TIMBIQUI,2020,4,0,0,0,1.6,0.0,50000,3.2,BAJO
TIMBIQUI,2021,6,0,0,0,2.4000000000000004,0.0,50000,4.8,BAJO
TIMBIQUI,2022,4,0,0,0,1.6,0.0,50000,3.2,BAJO
TIMBIQUI,2023,1,0,0,0,0.4,0.0,50000,0.8,BAJO
TIMBIQUI,2024,3,0,0,0,1.2000000000000002,0.0,50000,2.4,BAJO
TIMBIQUI,2025,8,0,0,0,3.2,0.0,50000,6.4,BAJO
TINJACA,2020,10,0,0,0,4.0,0.1,50000,8.0,MEDIO
TINJACA,2021,4,0,0,0,1.6,0.0,50000,3.2,BAJO
TINJACA,2023,5,0,0,0,2.0,0.0,50000,4.0,BAJO
TINJACA,2024,6,0,0,0,2.4000000000000004,0.0,50000,4.8,BAJO
TINJACA,2025,8,0,0,0,3.2,0.0,50000,6.4,BAJO
TIPACOQUE,2021,2,0,0,0,0.8,0.0,50000,1.6,BAJO
TIPACOQUE,2022,3,0,0,0,1.2000000000000002,0.0,50000,2.4,BAJO
TIPACOQUE,2023,4,0,0,0,1.6,0.0,50000,3.2,BAJO
TIPACOQUE,2024,1,0,0,0,0.4,0.0,50000,0.8,BAJO
TIPACOQUE,2025,6,0,0,0,2.4000000000000004,0.0,50000,4.8,BAJO
TIQUISIO,2020,8,0,0,0,3.2,0.0,50000,6.4,BAJO
TIQUISIO,2021,11,0,0,0,4.4,0.1,50000,8.8,MEDIO
TIQUISIO,2022,10,0,0,0,4.0,0.1,50000,8.0,MEDIO
TIQUISIO,2023,4,0,0,0,1.6,0.0,50000,3.2,BAJO
TIQUISIO,2024,3,0,0,0,1.2000000000000002,0.0,50000,2.4,BAJO
TIQUISIO,2025,7,0,0,0,2.8000000000000003,0.0,50000,5.6,BAJO
TITIRIBI,2020,2,0,0,0,0.8,0.0,50000,1.6,BAJO
TITIRIBI,2021,4,0,0,0,1.6,0.0,50000,3.2,BAJO
TITIRIBI,2022,4,0,0,0,1.6,0.0,50000,3.2,BAJO
TITIRIBI,2023,5,0,0,0,2.0,0.0,50000,4.0,BAJO
TITIRIBI,2024,9,0,0,0,3.6,0.1,50000,7.2,MEDIO
TITIRIBI,2025,15,0,0,0,6.0,0.1,50000,12.0,MEDIO
TOCA,2020,6,0,0,0,2.4000000000000004,0.0,50000,4.8,BAJO
TOCA,2021,4,0,0,0,1.6,0.0,50000,3.2,BAJO
TOCA,2022,14,0,0,0,5.6000000000000005,0.1,50000,11.2,MEDIO
TOCA,2023,4,0,0,0,1.6,0.0,50000,3.2,BAJO
TOCA,2024,18,0,0,0,7.2,0.1,50000,14.4,MEDIO
TOCA,2025,3,0,0,0,1.2000000000000002,0.0,50000,2.4,BAJO
TOCAIMA,2020,13,0,0,0,5.2,0.1,50000,10.4,MEDIO
TOCAIMA,2021,27,0,0,0,10.8,0.2,50000,21.6,ALTO
TOCAIMA,2022,39,0,0,0,15.600000000000001,0.2,50000,31.2,ALTO
TOCAIMA,2023,18,0,0,0,7.2,0.1,50000,14.4,MEDIO
TOCAIMA,2024,27,0,0,0,10.8,0.2,50000,21.6,ALTO
TOCAIMA,2025,9,0,0,0,3.6,0.1,50000,7.2,MEDIO
TOCANCIPA,2020,93,0,0,0,37.2,0.6,50000,74.4,ALTO
TOCANCIPA,2021,139,0,0,0,55.6,0.9,50000,111.2,ALTO
TOCANCIPA,2022,156,0,0,0,62.400000000000006,1.0,50000,124.8,ALTO
TOCANCIPA,2023,154,0,0,0,61.6,1.0,50000,123.2,ALTO
TOCANCIPA,2024,136,0,0,0,54.400000000000006,0.9,50000,108.8,ALTO
TOCANCIPA,2025,171,0,0,0,68.4,1.1,50000,136.8,ALTO
TOGUI,2020,3,0,0,0,1.2000000000000002,0.0,50000,2.4,BAJO
TOGUI,2021,5,0,0,0,2.0,0.0,50000,4.0,BAJO
TOGUI,2022,10,0,0,0,4.0,0.1,50000,8.0,MEDIO
TOGUI,2023,3,0,0,0,1.2000000000000002,0.0,50000,2.4,BAJO
TOGUI,2024,13,0,0,0,5.2,0.1,50000,10.4,MEDIO
TOGUI,2025,11,0,0,0,4.4,0.1,50000,8.8,MEDIO
TOLEDO,2020,10,0,0,0,4.0,0.1,50000,8.0,MEDIO
TOLEDO,2021,13,0,0,0,5.2,0.1,50000,10.4,MEDIO
TOLEDO,2022,18,0,0,0,7.2,0.1,50000,14.4,MEDIO
TOLEDO,2023,10,0,0,0,4.0,0.1,50000,8.0,MEDIO
TOLEDO,2024,25,0,0,0,10.0,0.2,50000,20.0,ALTO
TOLEDO,2025,22,0,0,0,8.8,0.1,50000,17.6,MEDIO
TOLU VIEJO,2020,4,0,0,0,1.6,0.0,50000,3.2,BAJO
TOLU VIEJO,2021,11,0,0,0,4.4,0.1,50000,8.8,MEDIO
TOLU VIEJO,2022,21,0,0,0,8.4,0.1,50000,16.8,MEDIO
TOLU VIEJO,2023,18,0,0,0,7.2,0.1,50000,14.4,MEDIO
TOLU VIEJO,2024,24,0,0,0,9.600000000000001,0.1,50000,19.2,MEDIO
TOLU VIEJO,2025,13,0,0,0,5.2,0.1,50000,10.4,MEDIO
TONA,2020,3,0,0,0,1.2000000000000002,0.0,50000,2.4,BAJO
TONA,2021,3,0,0,0,1.2000000000000002,0.0,50000,2.4,BAJO
TONA,2022,2,0,0,0,0.8,0.0,50000,1.6,BAJO
TONA,2023,7,0,0,0,2.8000000000000003,0.0,50000,5.6,BAJO
TONA,2024,3,0,0,0,1.2000000000000002,0.0,50000,2.4,BAJO
TONA,2025,8,0,0,0,3.2,0.0,50000,6.4,BAJO
TOPAGA,2020,5,0,0,0,2.0,0.0,50000,4.0,BAJO
TOPAGA,2021,1,0,0,0,0.4,0.0,50000,0.8,BAJO
TOPAGA,2022,4,0,0,0,1.6,0.0,50000,3.2,BAJO
TOPAGA,2023,2,0,0,0,0.8,0.0,50000,1.6,BAJO
TOPAGA,2024,2,0,0,0,0.8,0.0,50000,1.6,BAJO
TOPAGA,2025,7,0,0,0,2.8000000000000003,0.0,50000,5.6,BAJO
TOPAIPI,2020,6,0,0,0,2.4000000000000004,0.0,50000,4.8,BAJO
TOPAIPI,2021,8,0,0,0,3.2,0.0,50000,6.4,BAJO
TOPAIPI,2022,8,0,0,0,3.2,0.0,50000,6.4,BAJO
TOPAIPI,2023,3,0,0,0,1.2000000000000002,0.0,50000,2.4,BAJO
TOPAIPI,2024,12,0,0,0,4.800000000000001,0.1,50000,9.6,MEDIO
TOPAIPI,2025,2,0,0,0,0.8,0.0,50000,1.6,BAJO
TORIBIO,2020,1,0,0,0,0.4,0.0,50000,0.8,BAJO
TORIBIO,2021,24,0,0,0,9.600000000000001,0.1,50000,19.2,MEDIO
TORIBIO,2022,7,0,0,0,2.8000000000000003,0.0,50000,5.6,BAJO
TORIBIO,2023,5,0,0,0,2.0,0.0,50000,4.0,BAJO
TORIBIO,2024,1,0,0,0,0.4,0.0,50000,0.8,BAJO
TORIBIO,2025,10,0,0,0,4.0,0.1,50000,8.0,MEDIO
TORO,2020,3,0,0,0,1.2000000000000002,0.0,17900,6.7,BAJO
TORO,2021,5,0,0,0,2.0,0.0,17900,11.17,BAJO
TORO,2022,4,0,0,0,1.6,0.0,17900,8.94,BAJO
TORO,2023,14,0,0,0,5.6000000000000005,0.1,17900,31.28,MEDIO
TORO,2024,6,0,0,0,2.4000000000000004,0.0,17900,13.41,BAJO
TORO,2025,6,0,0,0,2.4000000000000004,0.0,17900,13.41,BAJO
TOTA,2020,2,0,0,0,0.8,0.0,50000,1.6,BAJO
TOTA,2021,4,0,0,0,1.6,0.0,50000,3.2,BAJO
TOTA,2022,1,0,0,0,0.4,0.0,50000,0.8,BAJO
TOTA,2023,7,0,0,0,2.8000000000000003,0.0,50000,5.6,BAJO
TOTA,2024,7,0,0,0,2.8000000000000003,0.0,50000,5.6,BAJO
TOTA,2025,3,0,0,0,1.2000000000000002,0.0,50000,2.4,BAJO
TOTORO,2020,6,0,0,0,2.4000000000000004,0.0,50000,4.8,BAJO
TOTORO,2021,8,0,0,0,3.2,0.0,50000,6.4,BAJO
TOTORO,2022,7,0,0,0,2.8000000000000003,0.0,50000,5.6,BAJO
TOTORO,2023,10,0,0,0,4.0,0.1,50000,8.0,MEDIO
TOTORO,2024,10,0,0,0,4.0,0.1,50000,8.0,MEDIO
TOTORO,2025,11,0,0,0,4.4,0.1,50000,8.8,MEDIO
TRINIDAD,2020,2,0,0,0,0.8,0.0,50000,1.6,BAJO
TRINIDAD,2021,11,0,0,0,4.4,0.1,50000,8.8,MEDIO
TRINIDAD,2022,20,0,0,0,8.0,0.1,50000,16.0,MEDIO
TRINIDAD,2023,7,0,0,0,2.8000000000000003,0.0,50000,5.6,BAJO
TRINIDAD,2024,14,0,0,0,5.6000000000000005,0.1,50000,11.2,MEDIO
TRINIDAD,2025,24,0,0,0,9.600000000000001,0.1,50000,19.2,MEDIO
TRUJILLO,2020,10,0,0,0,4.0,0.1,17200,23.26,MEDIO
TRUJILLO,2021,12,0,0,0,4.800000000000001,0.1,17200,27.91,MEDIO
TRUJILLO,2022,25,0,0,0,10.0,0.2,17200,58.14,ALTO
TRUJILLO,2023,11,0,0,0,4.4,0.1,17200,25.58,MEDIO
TRUJILLO,2024,33,0,0,0,13.200000000000001,0.2,17200,76.74,ALTO
TRUJILLO,2025,31,0,0,0,12.4,0.2,17200,72.09,ALTO
TUBARA,2020,10,0,0,0,4.0,0.1,50000,8.0,MEDIO
TUBARA,2021,8,0,0,0,3.2,0.0,50000,6.4,BAJO
TUBARA,2022,19,0,0,0,7.6000000000000005,0.1,50000,15.2,MEDIO
TUBARA,2023,19,0,0,0,7.6000000000000005,0.1,50000,15.2,MEDIO
TUBARA,2024,14,0,0,0,5.6000000000000005,0.1,50000,11.2,MEDIO
TUBARA,2025,22,0,0,0,8.8,0.1,50000,17.6,MEDIO
TUCHIN,2021,26,0,0,0,10.4,0.2,50000,20.8,ALTO
TUCHIN,2022,17,0,0,0,6.800000000000001,0.1,50000,13.6,MEDIO
TUCHIN,2023,5,0,0,0,2.0,0.0,50000,4.0,BAJO
TUCHIN,2024,9,0,0,0,3.6,0.1,50000,7.2,MEDIO
TUCHIN,2025,6,0,0,0,2.4000000000000004,0.0,50000,4.8,BAJO
TULUA,2020,78,0,0,0,31.200000000000003,0.5,221048,14.11,ALTO
TULUA,2021,169,0,0,0,67.60000000000001,1.1,221048,30.58,ALTO
TULUA,2022,117,0,0,0,46.800000000000004,0.7,221048,21.17,ALTO
TULUA,2023,315,0,0,0,126.0,2.0,221048,57.0,ALTO
TULUA,2024,376,0,0,0,150.4,2.4,221048,68.04,ALTO
TULUA,2025,199,0,0,0,79.60000000000001,1.3,221048,36.01,ALTO
TUNJA,2020,225,0,0,0,90.0,1.4,50000,180.0,ALTO
TUNJA,2021,211,0,0,0,84.4,1.3,50000,168.8,ALTO
TUNJA,2022,189,0,0,0,75.60000000000001,1.2,50000,151.2,ALTO
TUNJA,2023,249,0,0,0,99.60000000000001,1.6,50000,199.2,ALTO
TUNJA,2024,219,0,0,0,87.60000000000001,1.4,50000,175.2,ALTO
TUNJA (CT),2020,328,0,0,0,131.20000000000002,2.1,50000,262.4,ALTO
TUNJA (CT),2021,452,0,0,0,180.8,2.9,50000,361.6,ALTO
TUNJA (CT),2022,255,0,0,0,102.0,1.6,50000,204.0,ALTO
TUNJA (CT),2023,459,0,0,0,183.60000000000002,2.9,50000,367.2,ALTO
TUNJA (CT),2024,389,0,0,0,155.60000000000002,2.5,50000,311.2,ALTO
TUNJA (CT),2025,397,0,0,0,158.8,2.5,50000,317.6,ALTO
TUNUNGUA,2020,1,0,0,0,0.4,0.0,50000,0.8,BAJO
TUNUNGUA,2024,3,0,0,0,1.2000000000000002,0.0,50000,2.4,BAJO
TUNUNGUA,2025,7,0,0,0,2.8000000000000003,0.0,50000,5.6,BAJO
TUQUERRES,2020,22,0,0,0,8.8,0.1,50000,17.6,MEDIO
TUQUERRES,2021,42,0,0,0,16.8,0.3,50000,33.6,ALTO
TUQUERRES,2022,51,0,0,0,20.400000000000002,0.3,50000,40.8,ALTO
TUQUERRES,2023,57,0,0,0,22.8,0.4,50000,45.6,ALTO
TUQUERRES,2024,45,0,0,0,18.0,0.3,50000,36.0,ALTO
TUQUERRES,2025,29,0,0,0,11.600000000000001,0.2,50000,23.2,ALTO
TURBACO,2020,32,0,0,0,12.8,0.2,50000,25.6,ALTO
TURBACO,2021,104,0,0,0,41.6,0.7,50000,83.2,ALTO
TURBACO,2022,111,0,0,0,44.400000000000006,0.7,50000,88.8,ALTO
TURBACO,2023,162,0,0,0,64.8,1.0,50000,129.6,ALTO
TURBACO,2024,188,0,0,0,75.2,1.2,50000,150.4,ALTO
TURBACO,2025,136,0,0,0,54.400000000000006,0.9,50000,108.8,ALTO
TURBANA,2020,10,0,0,0,4.0,0.1,50000,8.0,MEDIO
TURBANA,2021,15,0,0,0,6.0,0.1,50000,12.0,MEDIO
TURBANA,2022,7,0,0,0,2.8000000000000003,0.0,50000,5.6,BAJO
TURBANA,2023,18,0,0,0,7.2,0.1,50000,14.4,MEDIO
TURBANA,2024,22,0,0,0,8.8,0.1,50000,17.6,MEDIO
TURBANA,2025,12,0,0,0,4.800000000000001,0.1,50000,9.6,MEDIO
TURBO,2020,146,0,0,0,58.400000000000006,0.9,50000,116.8,ALTO
TURBO,2021,159,0,0,0,63.6,1.0,50000,127.2,ALTO
TURBO,2022,48,0,0,0,19.200000000000003,0.3,50000,38.4,ALTO
TURBO,2023,75,0,0,0,30.0,0.5,50000,60.0,ALTO
TURBO,2024,100,0,0,0,40.0,0.6,50000,80.0,ALTO
TURBO,2025,138,0,0,0,55.2,0.9,50000,110.4,ALTO
TURMEQUE,2020,7,0,0,0,2.8000000000000003,0.0,50000,5.6,BAJO
TURMEQUE,2021,13,0,0,0,5.2,0.1,50000,10.4,MEDIO
TURMEQUE,2022,5,0,0,0,2.0,0.0,50000,4.0,BAJO
TURMEQUE,2023,5,0,0,0,2.0,0.0,50000,4.0,BAJO
TURMEQUE,2024,9,0,0,0,3.6,0.1,50000,7.2,MEDIO
TURMEQUE,2025,4,0,0,0,1.6,0.0,50000,3.2,BAJO
TUTA,2020,9,0,0,0,3.6,0.1,50000,7.2,MEDIO
TUTA,2021,16,0,0,0,6.4,0.1,50000,12.8,MEDIO
TUTA,2022,1,0,0,0,0.4,0.0,50000,0.8,BAJO
TUTA,2023,7,0,0,0,2.8000000000000003,0.0,50000,5.6,BAJO
TUTA,2024,7,0,0,0,2.8000000000000003,0.0,50000,5.6,BAJO
TUTA,2025,6,0,0,0,2.4000000000000004,0.0,50000,4.8,BAJO
TUTAZA,2021,1,0,0,0,0.4,0.0,50000,0.8,BAJO
TUTAZA,2022,3,0,0,0,1.2000000000000002,0.0,50000,2.4,BAJO
TUTAZA,2023,1,0,0,0,0.4,0.0,50000,0.8,BAJO
TUTAZA,2024,3,0,0,0,1.2000000000000002,0.0,50000,2.4,BAJO
UBALA,2020,7,0,0,0,2.8000000000000003,0.0,50000,5.6,BAJO
UBALA,2021,16,0,0,0,6.4,0.1,50000,12.8,MEDIO
UBALA,2022,5,0,0,0,2.0,0.0,50000,4.0,BAJO
UBALA,2023,9,0,0,0,3.6,0.1,50000,7.2,MEDIO
UBALA,2024,7,0,0,0,2.8000000000000003,0.0,50000,5.6,BAJO
UBALA,2025,6,0,0,0,2.4000000000000004,0.0,50000,4.8,BAJO
UBAQUE,2020,48,0,0,0,19.200000000000003,0.3,50000,38.4,ALTO
UBAQUE,2021,17,0,0,0,6.800000000000001,0.1,50000,13.6,MEDIO
UBAQUE,2022,11,0,0,0,4.4,0.1,50000,8.8,MEDIO
UBAQUE,2023,24,0,0,0,9.600000000000001,0.1,50000,19.2,MEDIO
UBAQUE,2024,20,0,0,0,8.0,0.1,50000,16.0,MEDIO
UBAQUE,2025,7,0,0,0,2.8000000000000003,0.0,50000,5.6,BAJO
ULLOA,2020,1,0,0,0,0.4,0.0,6800,5.88,BAJO
ULLOA,2021,7,0,0,0,2.8000000000000003,0.0,6800,41.18,BAJO
ULLOA,2022,2,0,0,0,0.8,0.0,6800,11.76,BAJO
ULLOA,2023,7,0,0,0,2.8000000000000003,0.0,6800,41.18,BAJO
ULLOA,2024,6,0,0,0,2.4000000000000004,0.0,6800,35.29,BAJO
ULLOA,2025,10,0,0,0,4.0,0.1,6800,58.82,MEDIO
UMBITA,2020,2,0,0,0,0.8,0.0,50000,1.6,BAJO
UMBITA,2021,1,0,0,0,0.4,0.0,50000,0.8,BAJO
UMBITA,2022,2,0,0,0,0.8,0.0,50000,1.6,BAJO
UMBITA,2023,2,0,0,0,0.8,0.0,50000,1.6,BAJO
UMBITA,2024,3,0,0,0,1.2000000000000002,0.0,50000,2.4,BAJO
UMBITA,2025,1,0,0,0,0.4,0.0,50000,0.8,BAJO
UNE,2020,3,0,0,0,1.2000000000000002,0.0,50000,2.4,BAJO
UNE,2021,6,0,0,0,2.4000000000000004,0.0,50000,4.8,BAJO
UNE,2022,2,0,0,0,0.8,0.0,50000,1.6,BAJO
UNE,2023,22,0,0,0,8.8,0.1,50000,17.6,MEDIO
UNE,2024,34,0,0,0,13.600000000000001,0.2,50000,27.2,ALTO
UNE,2025,15,0,0,0,6.0,0.1,50000,12.0,MEDIO
UNGUIA,2020,9,0,0,0,3.6,0.1,50000,7.2,MEDIO
UNGUIA,2021,8,0,0,0,3.2,0.0,50000,6.4,BAJO
UNGUIA,2022,8,0,0,0,3.2,0.0,50000,6.4,BAJO
UNGUIA,2023,1,0,0,0,0.4,0.0,50000,0.8,BAJO
UNGUIA,2024,2,0,0,0,0.8,0.0,50000,1.6,BAJO
UNGUIA,2025,5,0,0,0,2.0,0.0,50000,4.0,BAJO
UNION PANAMERICANA,2020,4,0,0,0,1.6,0.0,50000,3.2,BAJO
UNION PANAMERICANA,2021,1,0,0,0,0.4,0.0,50000,0.8,BAJO
UNION PANAMERICANA,2022,4,0,0,0,1.6,0.0,50000,3.2,BAJO
UNION PANAMERICANA,2023,8,0,0,0,3.2,0.0,50000,6.4,BAJO
UNION PANAMERICANA,2024,3,0,0,0,1.2000000000000002,0.0,50000,2.4,BAJO
UNION PANAMERICANA,2025,5,0,0,0,2.0,0.0,50000,4.0,BAJO
URAMITA,2020,1,0,0,0,0.4,0.0,50000,0.8,BAJO
URAMITA,2021,4,0,0,0,1.6,0.0,50000,3.2,BAJO
URAMITA,2022,3,0,0,0,1.2000000000000002,0.0,50000,2.4,BAJO
URAMITA,2023,13,0,0,0,5.2,0.1,50000,10.4,MEDIO
URAMITA,2024,6,0,0,0,2.4000000000000004,0.0,50000,4.8,BAJO
URAMITA,2025,4,0,0,0,1.6,0.0,50000,3.2,BAJO
URIBE,2020,5,0,0,0,2.0,0.0,50000,4.0,BAJO
URIBE,2021,15,0,0,0,6.0,0.1,50000,12.0,MEDIO
URIBE,2022,8,0,0,0,3.2,0.0,50000,6.4,BAJO
URIBE,2023,8,0,0,0,3.2,0.0,50000,6.4,BAJO
URIBE,2024,10,0,0,0,4.0,0.1,50000,8.0,MEDIO
URIBE,2025,15,0,0,0,6.0,0.1,50000,12.0,MEDIO
URIBE,9999,0,1,1,0,0.30000000000000004,0.0,50000,0.6,BAJO
URIBIA,2020,9,0,0,0,3.6,0.1,50000,7.2,MEDIO
URIBIA,2021,15,0,0,0,6.0,0.1,50000,12.0,MEDIO
URIBIA,2022,5,0,0,0,2.0,0.0,50000,4.0,BAJO
URIBIA,2023,1,0,0,0,0.4,0.0,50000,0.8,BAJO
URIBIA,2024,6,0,0,0,2.4000000000000004,0.0,50000,4.8,BAJO
URIBIA,2025,8,0,0,0,3.2,0.0,50000,6.4,BAJO
URRAO,2020,19,0,0,0,7.6000000000000005,0.1,50000,15.2,MEDIO
URRAO,2021,17,0,0,0,6.800000000000001,0.1,50000,13.6,MEDIO
URRAO,2022,22,0,0,0,8.8,0.1,50000,17.6,MEDIO
URRAO,2023,45,0,0,0,18.0,0.3,50000,36.0,ALTO
URRAO,2024,47,0,0,0,18.8,0.3,50000,37.6,ALTO
URRAO,2025,12,0,0,0,4.800000000000001,0.1,50000,9.6,MEDIO
URUMITA,2020,5,0,0,0,2.0,0.0,50000,4.0,BAJO
URUMITA,2021,8,0,0,0,3.2,0.0,50000,6.4,BAJO
URUMITA,2022,3,0,0,0,1.2000000000000002,0.0,50000,2.4,BAJO
URUMITA,2023,3,0,0,0,1.2000000000000002,0.0,50000,2.4,BAJO
URUMITA,2024,3,0,0,0,1.2000000000000002,0.0,50000,2.4,BAJO
URUMITA,2025,6,0,0,0,2.4000000000000004,0.0,50000,4.8,BAJO
USIACURI,2020,1,0,0,0,0.4,0.0,50000,0.8,BAJO
USIACURI,2021,3,0,0,0,1.2000000000000002,0.0,50000,2.4,BAJO
USIACURI,2022,5,0,0,0,2.0,0.0,50000,4.0,BAJO
USIACURI,2023,24,0,0,0,9.600000000000001,0.1,50000,19.2,MEDIO
USIACURI,2024,16,0,0,0,6.4,0.1,50000,12.8,MEDIO
USIACURI,2025,16,0,0,0,6.4,0.1,50000,12.8,MEDIO
UTICA,2020,6,0,0,0,2.4000000000000004,0.0,50000,4.8,BAJO
UTICA,2021,10,0,0,0,4.0,0.1,50000,8.0,MEDIO
UTICA,2022,6,0,0,0,2.4000000000000004,0.0,50000,4.8,BAJO
UTICA,2023,8,0,0,0,3.2,0.0,50000,6.4,BAJO
UTICA,2024,8,0,0,0,3.2,0.0,50000,6.4,BAJO
UTICA,2025,2,0,0,0,0.8,0.0,50000,1.6,BAJO
VALDIVIA,2020,7,0,0,0,2.8000000000000003,0.0,50000,5.6,BAJO
VALDIVIA,2021,4,0,0,0,1.6,0.0,50000,3.2,BAJO
VALDIVIA,2022,3,0,0,0,1.2000000000000002,0.0,50000,2.4,BAJO
VALDIVIA,2023,12,0,0,0,4.800000000000001,0.1,50000,9.6,MEDIO
VALDIVIA,2024,9,0,0,0,3.6,0.1,50000,7.2,MEDIO
VALENCIA,2020,1,0,0,0,0.4,0.0,50000,0.8,BAJO
VALENCIA,2021,2,0,0,0,0.8,0.0,50000,1.6,BAJO
VALENCIA,2022,3,0,0,0,1.2000000000000002,0.0,50000,2.4,BAJO
VALENCIA,2023,4,0,0,0,1.6,0.0,50000,3.2,BAJO
VALENCIA,2024,6,0,0,0,2.4000000000000004,0.0,50000,4.8,BAJO
VALENCIA,2025,1,0,0,0,0.4,0.0,50000,0.8,BAJO
VALLE DE SAN JOSE,2021,10,0,0,0,4.0,0.1,50000,8.0,MEDIO
VALLE DE SAN JOSE,2022,4,0,0,0,1.6,0.0,50000,3.2,BAJO
VALLE DE SAN JOSE,2023,5,0,0,0,2.0,0.0,50000,4.0,BAJO
VALLE DE SAN JOSE,2024,7,0,0,0,2.8000000000000003,0.0,50000,5.6,BAJO
VALLE DE SAN JOSE,2025,6,0,0,0,2.4000000000000004,0.0,50000,4.8,BAJO
VALLE DE SAN JUAN,2020,10,0,0,0,4.0,0.1,50000,8.0,MEDIO
VALLE DE SAN JUAN,2021,10,0,0,0,4.0,0.1,50000,8.0,MEDIO
VALLE DE SAN JUAN,2022,8,0,0,0,3.2,0.0,50000,6.4,BAJO
VALLE DE SAN JUAN,2023,13,0,0,0,5.2,0.1,50000,10.4,MEDIO
VALLE DE SAN JUAN,2024,11,0,0,0,4.4,0.1,50000,8.8,MEDIO
VALLE DE SAN JUAN,2025,10,0,0,0,4.0,0.1,50000,8.0,MEDIO
VALLE DEL GUAMUEZ,2020,60,0,0,0,24.0,0.4,50000,48.0,ALTO
VALLE DEL GUAMUEZ,2021,60,0,0,0,24.0,0.4,50000,48.0,ALTO
VALLE DEL GUAMUEZ,2022,93,0,0,0,37.2,0.6,50000,74.4,ALTO
VALLE DEL GUAMUEZ,2023,83,0,0,0,33.2,0.5,50000,66.4,ALTO
VALLE DEL GUAMUEZ,2024,61,0,0,0,24.400000000000002,0.4,50000,48.8,ALTO
VALLE DEL GUAMUEZ,2025,45,0,0,0,18.0,0.3,50000,36.0,ALTO
VALLE DEL GUAMUEZ,9999,0,1,1,0,0.30000000000000004,0.0,50000,0.6,BAJO
VALLEDUPAR,2020,142,0,0,0,56.800000000000004,0.9,50000,113.6,ALTO
VALLEDUPAR,2021,129,0,0,0,51.6,0.8,50000,103.2,ALTO
VALLEDUPAR,2022,229,0,0,0,91.60000000000001,1.5,50000,183.2,ALTO
VALLEDUPAR,2023,277,0,0,0,110.80000000000001,1.8,50000,221.6,ALTO
VALLEDUPAR,2024,337,0,0,0,134.8,2.2,50000,269.6,ALTO
VALLEDUPAR (CT),2020,423,0,0,0,169.20000000000002,2.7,50000,338.4,ALTO
VALLEDUPAR (CT),2021,318,0,0,0,127.2,2.0,50000,254.4,ALTO
VALLEDUPAR (CT),2022,393,0,0,0,157.20000000000002,2.5,50000,314.4,ALTO
VALLEDUPAR (CT),2023,119,0,0,0,47.6,0.8,50000,95.2,ALTO
VALLEDUPAR (CT),2024,447,0,0,0,178.8,2.9,50000,357.6,ALTO
VALLEDUPAR (CT),2025,510,0,0,0,204.0,3.3,50000,408.0,ALTO
VALPARAISO,2020,3,0,0,0,1.2000000000000002,0.0,50000,2.4,BAJO
VALPARAISO,2021,6,0,0,0,2.4000000000000004,0.0,50000,4.8,BAJO
VALPARAISO,2022,5,0,0,0,2.0,0.0,50000,4.0,BAJO
VALPARAISO,2023,10,0,0,0,4.0,0.1,50000,8.0,MEDIO
VALPARAISO,2024,26,0,0,0,10.4,0.2,50000,20.8,ALTO
VALPARAISO,2025,9,0,0,0,3.6,0.1,50000,7.2,MEDIO
VEGACHI,2020,22,0,0,0,8.8,0.1,50000,17.6,MEDIO
VEGACHI,2021,9,0,0,0,3.6,0.1,50000,7.2,MEDIO
VEGACHI,2022,7,0,0,0,2.8000000000000003,0.0,50000,5.6,BAJO
VEGACHI,2023,18,0,0,0,7.2,0.1,50000,14.4,MEDIO
VEGACHI,2024,12,0,0,0,4.800000000000001,0.1,50000,9.6,MEDIO
VEGACHI,2025,8,0,0,0,3.2,0.0,50000,6.4,BAJO
VELEZ,2020,22,0,0,0,8.8,0.1,50000,17.6,MEDIO
VELEZ,2021,23,0,0,0,9.200000000000001,0.1,50000,18.4,MEDIO
VELEZ,2022,13,0,0,0,5.2,0.1,50000,10.4,MEDIO
VELEZ,2023,33,0,0,0,13.200000000000001,0.2,50000,26.4,ALTO
VELEZ,2024,41,0,0,0,16.400000000000002,0.3,50000,32.8,ALTO
VELEZ,2025,8,0,0,0,3.2,0.0,50000,6.4,BAJO
VENADILLO,2020,11,0,0,0,4.4,0.1,50000,8.8,MEDIO
VENADILLO,2021,16,0,0,0,6.4,0.1,50000,12.8,MEDIO
VENADILLO,2022,17,0,0,0,6.800000000000001,0.1,50000,13.6,MEDIO
VENADILLO,2023,11,0,0,0,4.4,0.1,50000,8.8,MEDIO
VENADILLO,2024,16,0,0,0,6.4,0.1,50000,12.8,MEDIO
VENADILLO,2025,14,0,0,0,5.6000000000000005,0.1,50000,11.2,MEDIO
VENECIA,2020,18,0,0,0,7.2,0.1,50000,14.4,MEDIO
VENECIA,2021,29,0,0,0,11.600000000000001,0.2,50000,23.2,ALTO
VENECIA,2022,7,0,0,0,2.8000000000000003,0.0,50000,5.6,BAJO
VENECIA,2023,33,0,0,0,13.200000000000001,0.2,50000,26.4,ALTO
VENECIA,2024,32,0,0,0,12.8,0.2,50000,25.6,ALTO
VENECIA,2025,36,0,0,0,14.4,0.2,50000,28.8,ALTO
VENTAQUEMADA,2020,36,0,0,0,14.4,0.2,50000,28.8,ALTO
VENTAQUEMADA,2021,25,0,0,0,10.0,0.2,50000,20.0,ALTO
VENTAQUEMADA,2022,21,0,0,0,8.4,0.1,50000,16.8,MEDIO
VENTAQUEMADA,2023,21,0,0,0,8.4,0.1,50000,16.8,MEDIO
VENTAQUEMADA,2024,26,0,0,0,10.4,0.2,50000,20.8,ALTO
VENTAQUEMADA,2025,25,0,0,0,10.0,0.2,50000,20.0,ALTO
VERGARA,2020,23,0,0,0,9.200000000000001,0.1,50000,18.4,MEDIO
VERGARA,2021,8,0,0,0,3.2,0.0,50000,6.4,BAJO
VERGARA,2022,4,0,0,0,1.6,0.0,50000,3.2,BAJO
VERGARA,2023,14,0,0,0,5.6000000000000005,0.1,50000,11.2,MEDIO
VERGARA,2024,12,0,0,0,4.800000000000001,0.1,50000,9.6,MEDIO
VERGARA,2025,9,0,0,0,3.6,0.1,50000,7.2,MEDIO
VERSALLES,2020,5,0,0,0,2.0,0.0,8700,22.99,BAJO
VERSALLES,2021,11,0,0,0,4.4,0.1,8700,50.57,MEDIO
VERSALLES,2022,4,0,0,0,1.6,0.0,8700,18.39,BAJO
VERSALLES,2023,10,0,0,0,4.0,0.1,8700,45.98,MEDIO
VERSALLES,2024,15,0,0,0,6.0,0.1,8700,68.97,MEDIO
VERSALLES,2025,8,0,0,0,3.2,0.0,8700,36.78,BAJO
VETAS,2020,1,0,0,0,0.4,0.0,50000,0.8,BAJO
VETAS,2024,3,0,0,0,1.2000000000000002,0.0,50000,2.4,BAJO
VIANI,2020,6,0,0,0,2.4000000000000004,0.0,50000,4.8,BAJO
VIANI,2021,12,0,0,0,4.800000000000001,0.1,50000,9.6,MEDIO
VIANI,2022,10,0,0,0,4.0,0.1,50000,8.0,MEDIO
VIANI,2023,15,0,0,0,6.0,0.1,50000,12.0,MEDIO
VIANI,2024,21,0,0,0,8.4,0.1,50000,16.8,MEDIO
VIANI,2025,13,0,0,0,5.2,0.1,50000,10.4,MEDIO
VICTORIA,2020,6,0,0,0,2.4000000000000004,0.0,50000,4.8,BAJO
VICTORIA,2021,8,0,0,0,3.2,0.0,50000,6.4,BAJO
VICTORIA,2022,6,0,0,0,2.4000000000000004,0.0,50000,4.8,BAJO
VICTORIA,2023,2,0,0,0,0.8,0.0,50000,1.6,BAJO
VICTORIA,2024,2,0,0,0,0.8,0.0,50000,1.6,BAJO
VIGIA DEL FUERTE,2020,2,0,0,0,0.8,0.0,50000,1.6,BAJO
VIGIA DEL FUERTE,2021,1,0,0,0,0.4,0.0,50000,0.8,BAJO
VIGIA DEL FUERTE,2024,2,0,0,0,0.8,0.0,50000,1.6,BAJO
VIGIA DEL FUERTE,2025,1,0,0,0,0.4,0.0,50000,0.8,BAJO
VIJES,2020,4,0,0,0,1.6,0.0,14700,10.88,BAJO
VIJES,2021,16,0,0,0,6.4,0.1,14700,43.54,MEDIO
VIJES,2022,9,0,0,0,3.6,0.1,14700,24.49,MEDIO
VIJES,2023,11,0,0,0,4.4,0.1,14700,29.93,MEDIO
VIJES,2024,20,0,0,0,8.0,0.1,14700,54.42,MEDIO
VIJES,2025,23,0,0,0,9.200000000000001,0.1,14700,62.59,MEDIO
VILLA CARO,2021,2,0,0,0,0.8,0.0,50000,1.6,BAJO
VILLA CARO,2022,2,0,0,0,0.8,0.0,50000,1.6,BAJO
VILLA CARO,2023,3,0,0,0,1.2000000000000002,0.0,50000,2.4,BAJO
VILLA CARO,2024,4,0,0,0,1.6,0.0,50000,3.2,BAJO
VILLA CARO,2025,1,0,0,0,0.4,0.0,50000,0.8,BAJO
VILLA DE LEYVA,2020,17,0,0,0,6.800000000000001,0.1,50000,13.6,MEDIO
VILLA DE LEYVA,2021,13,0,0,0,5.2,0.1,50000,10.4,MEDIO
VILLA DE LEYVA,2022,11,0,0,0,4.4,0.1,50000,8.8,MEDIO
VILLA DE LEYVA,2023,17,0,0,0,6.800000000000001,0.1,50000,13.6,MEDIO
VILLA DE LEYVA,2024,27,0,0,0,10.8,0.2,50000,21.6,ALTO
VILLA DE LEYVA,2025,72,0,0,0,28.8,0.5,50000,57.6,ALTO
VILLA DE SAN DIEGO DE UBATE,2020,230,0,0,0,92.0,1.5,50000,184.0,ALTO
VILLA DE SAN DIEGO DE UBATE,2021,248,0,0,0,99.2,1.6,50000,198.4,ALTO
VILLA DE SAN DIEGO DE UBATE,2022,174,0,0,0,69.60000000000001,1.1,50000,139.2,ALTO
VILLA DE SAN DIEGO DE UBATE,2023,151,0,0,0,60.400000000000006,1.0,50000,120.8,ALTO
VILLA DE SAN DIEGO DE UBATE,2024,138,0,0,0,55.2,0.9,50000,110.4,ALTO
VILLA DE SAN DIEGO DE UBATE,2025,88,0,0,0,35.2,0.6,50000,70.4,ALTO
VILLA DEL ROSARIO,2020,125,0,0,0,50.0,0.8,50000,100.0,ALTO
VILLA DEL ROSARIO,2021,119,0,0,0,47.6,0.8,50000,95.2,ALTO
VILLA DEL ROSARIO,2022,69,0,0,0,27.6,0.4,50000,55.2,ALTO
VILLA DEL ROSARIO,2023,67,0,0,0,26.8,0.4,50000,53.6,ALTO
VILLA DEL ROSARIO,2024,78,0,0,0,31.200000000000003,0.5,50000,62.4,ALTO
VILLA DEL ROSARIO,2025,89,0,0,0,35.6,0.6,50000,71.2,ALTO
VILLA RICA,2020,15,0,0,0,6.0,0.1,50000,12.0,MEDIO
VILLA RICA,2021,28,0,0,0,11.200000000000001,0.2,50000,22.4,ALTO
VILLA RICA,2022,27,0,0,0,10.8,0.2,50000,21.6,ALTO
VILLA RICA,2023,17,0,0,0,6.800000000000001,0.1,50000,13.6,MEDIO
VILLA RICA,2024,28,0,0,0,11.200000000000001,0.2,50000,22.4,ALTO
VILLA RICA,2025,32,0,0,0,12.8,0.2,50000,25.6,ALTO
VILLAGARZON,2020,22,0,0,0,8.8,0.1,50000,17.6,MEDIO
VILLAGARZON,2021,27,0,0,0,10.8,0.2,50000,21.6,ALTO
VILLAGARZON,2022,43,0,0,0,17.2,0.3,50000,34.4,ALTO
VILLAGARZON,2023,68,0,0,0,27.200000000000003,0.4,50000,54.4,ALTO
VILLAGARZON,2024,71,0,0,0,28.400000000000002,0.5,50000,56.8,ALTO
VILLAGARZON,2025,47,0,0,0,18.8,0.3,50000,37.6,ALTO
VILLAGARZON,9999,0,1,1,0,0.30000000000000004,0.0,50000,0.6,BAJO
VILLAGOMEZ,2020,3,0,0,0,1.2000000000000002,0.0,50000,2.4,BAJO
VILLAGOMEZ,2022,1,0,0,0,0.4,0.0,50000,0.8,BAJO
VILLAGOMEZ,2023,4,0,0,0,1.6,0.0,50000,3.2,BAJO
VILLAGOMEZ,2024,2,0,0,0,0.8,0.0,50000,1.6,BAJO
VILLAGOMEZ,2025,1,0,0,0,0.4,0.0,50000,0.8,BAJO
VILLAHERMOSA,2020,9,0,0,0,3.6,0.1,50000,7.2,MEDIO
VILLAHERMOSA,2021,8,0,0,0,3.2,0.0,50000,6.4,BAJO
VILLAHERMOSA,2022,3,0,0,0,1.2000000000000002,0.0,50000,2.4,BAJO
VILLAHERMOSA,2023,1,0,0,0,0.4,0.0,50000,0.8,BAJO
VILLAHERMOSA,2024,5,0,0,0,2.0,0.0,50000,4.0,BAJO
VILLAHERMOSA,2025,7,0,0,0,2.8000000000000003,0.0,50000,5.6,BAJO
VILLAMARIA,2020,12,0,0,0,4.800000000000001,0.1,50000,9.6,MEDIO
VILLAMARIA,2021,37,0,0,0,14.8,0.2,50000,29.6,ALTO
VILLAMARIA,2022,53,0,0,0,21.200000000000003,0.3,50000,42.4,ALTO
VILLAMARIA,2023,103,0,0,0,41.2,0.7,50000,82.4,ALTO
VILLAMARIA,2024,89,0,0,0,35.6,0.6,50000,71.2,ALTO
VILLAMARIA,2025,59,0,0,0,23.6,0.4,50000,47.2,ALTO
VILLANUEVA,2020,33,0,0,0,13.200000000000001,0.2,50000,26.4,ALTO
VILLANUEVA,2021,59,0,0,0,23.6,0.4,50000,47.2,ALTO
VILLANUEVA,2022,66,0,0,0,26.400000000000002,0.4,50000,52.8,ALTO
VILLANUEVA,2023,116,0,0,0,46.400000000000006,0.7,50000,92.8,ALTO
VILLANUEVA,2024,91,0,0,0,36.4,0.6,50000,72.8,ALTO
VILLANUEVA,2025,79,0,0,0,31.6,0.5,50000,63.2,ALTO
VILLAPINZON,2020,70,0,0,0,28.0,0.4,50000,56.0,ALTO
VILLAPINZON,2021,62,0,0,0,24.8,0.4,50000,49.6,ALTO
VILLAPINZON,2022,26,0,0,0,10.4,0.2,50000,20.8,ALTO
VILLAPINZON,2023,76,0,0,0,30.400000000000002,0.5,50000,60.8,ALTO
VILLAPINZON,2024,65,0,0,0,26.0,0.4,50000,52.0,ALTO
VILLAPINZON,2025,18,0,0,0,7.2,0.1,50000,14.4,MEDIO
VILLARRICA,2020,4,0,0,0,1.6,0.0,50000,3.2,BAJO
VILLARRICA,2021,13,0,0,0,5.2,0.1,50000,10.4,MEDIO
VILLARRICA,2022,6,0,0,0,2.4000000000000004,0.0,50000,4.8,BAJO
VILLARRICA,2023,4,0,0,0,1.6,0.0,50000,3.2,BAJO
VILLARRICA,2024,11,0,0,0,4.4,0.1,50000,8.8,MEDIO
VILLARRICA,2025,5,0,0,0,2.0,0.0,50000,4.0,BAJO
VILLAVICENCIO,2020,379,0,0,0,151.6,2.4,50000,303.2,ALTO
VILLAVICENCIO,2021,378,0,0,0,151.20000000000002,2.4,50000,302.4,ALTO
VILLAVICENCIO,2022,384,0,0,0,153.60000000000002,2.5,50000,307.2,ALTO
VILLAVICENCIO,2023,451,0,0,0,180.4,2.9,50000,360.8,ALTO
VILLAVICENCIO,2024,300,0,0,0,120.0,1.9,50000,240.0,ALTO
VILLAVICENCIO (CT),2020,180,0,0,0,72.0,1.1,50000,144.0,ALTO
VILLAVICENCIO (CT),2021,379,0,0,0,151.6,2.4,50000,303.2,ALTO
VILLAVICENCIO (CT),2022,326,0,0,0,130.4,2.1,50000,260.8,ALTO
VILLAVICENCIO (CT),2023,415,0,0,0,166.0,2.7,50000,332.0,ALTO
VILLAVICENCIO (CT),2024,443,0,0,0,177.20000000000002,2.8,50000,354.4,ALTO
VILLAVICENCIO (CT),2025,382,0,0,0,152.8,2.4,50000,305.6,ALTO
VILLAVIEJA,2020,6,0,0,0,2.4000000000000004,0.0,50000,4.8,BAJO
VILLAVIEJA,2021,6,0,0,0,2.4000000000000004,0.0,50000,4.8,BAJO
VILLAVIEJA,2022,12,0,0,0,4.800000000000001,0.1,50000,9.6,MEDIO
VILLAVIEJA,2023,17,0,0,0,6.800000000000001,0.1,50000,13.6,MEDIO
VILLAVIEJA,2024,12,0,0,0,4.800000000000001,0.1,50000,9.6,MEDIO
VILLAVIEJA,2025,10,0,0,0,4.0,0.1,50000,8.0,MEDIO
VILLETA,2020,55,0,0,0,22.0,0.3,50000,44.0,ALTO
VILLETA,2021,110,0,0,0,44.0,0.7,50000,88.0,ALTO
VILLETA,2022,79,0,0,0,31.6,0.5,50000,63.2,ALTO
VILLETA,2023,91,0,0,0,36.4,0.6,50000,72.8,ALTO
VILLETA,2024,122,0,0,0,48.800000000000004,0.8,50000,97.6,ALTO
VILLETA,2025,76,0,0,0,30.400000000000002,0.5,50000,60.8,ALTO
VIOTA,2020,19,0,0,0,7.6000000000000005,0.1,50000,15.2,MEDIO
VIOTA,2021,24,0,0,0,9.600000000000001,0.1,50000,19.2,MEDIO
VIOTA,2022,20,0,0,0,8.0,0.1,50000,16.0,MEDIO
VIOTA,2023,25,0,0,0,10.0,0.2,50000,20.0,ALTO
VIOTA,2024,22,0,0,0,8.8,0.1,50000,17.6,MEDIO
VIOTA,2025,8,0,0,0,3.2,0.0,50000,6.4,BAJO
VIRACACHA,2020,5,0,0,0,2.0,0.0,50000,4.0,BAJO
VIRACACHA,2021,2,0,0,0,0.8,0.0,50000,1.6,BAJO
VIRACACHA,2022,4,0,0,0,1.6,0.0,50000,3.2,BAJO
VIRACACHA,2023,3,0,0,0,1.2000000000000002,0.0,50000,2.4,BAJO
VIRACACHA,2024,6,0,0,0,2.4000000000000004,0.0,50000,4.8,BAJO
VIRACACHA,2025,3,0,0,0,1.2000000000000002,0.0,50000,2.4,BAJO
VISTAHERMOSA,2020,44,0,0,0,17.6,0.3,50000,35.2,ALTO
VISTAHERMOSA,2021,20,0,0,0,8.0,0.1,50000,16.0,MEDIO
VISTAHERMOSA,2022,16,0,0,0,6.4,0.1,50000,12.8,MEDIO
VISTAHERMOSA,2023,18,0,0,0,7.2,0.1,50000,14.4,MEDIO
VISTAHERMOSA,2024,18,0,0,0,7.2,0.1,50000,14.4,MEDIO
VISTAHERMOSA,2025,20,0,0,0,8.0,0.1,50000,16.0,MEDIO
VISTAHERMOSA,9999,0,1,1,0,0.30000000000000004,0.0,50000,0.6,BAJO
VITERBO,2020,2,0,0,0,0.8,0.0,50000,1.6,BAJO
VITERBO,2021,2,0,0,0,0.8,0.0,50000,1.6,BAJO
VITERBO,2022,8,0,0,0,3.2,0.0,50000,6.4,BAJO
VITERBO,2023,12,0,0,0,4.800000000000001,0.1,50000,9.6,MEDIO
VITERBO,2024,5,0,0,0,2.0,0.0,50000,4.0,BAJO
VITERBO,2025,3,0,0,0,1.2000000000000002,0.0,50000,2.4,BAJO
YACOPI,2020,3,0,0,0,1.2000000000000002,0.0,50000,2.4,BAJO
YACOPI,2021,4,0,0,0,1.6,0.0,50000,3.2,BAJO
YACOPI,2022,2,0,0,0,0.8,0.0,50000,1.6,BAJO
YACOPI,2023,4,0,0,0,1.6,0.0,50000,3.2,BAJO
YACOPI,2024,9,0,0,0,3.6,0.1,50000,7.2,MEDIO
YACOPI,2025,4,0,0,0,1.6,0.0,50000,3.2,BAJO
YACUANQUER,2020,6,0,0,0,2.4000000000000004,0.0,50000,4.8,BAJO
YACUANQUER,2021,10,0,0,0,4.0,0.1,50000,8.0,MEDIO
YACUANQUER,2022,6,0,0,0,2.4000000000000004,0.0,50000,4.8,BAJO
YACUANQUER,2023,14,0,0,0,5.6000000000000005,0.1,50000,11.2,MEDIO
YACUANQUER,2024,11,0,0,0,4.4,0.1,50000,8.8,MEDIO
YACUANQUER,2025,8,0,0,0,3.2,0.0,50000,6.4,BAJO
YAGUARA,2020,13,0,0,0,5.2,0.1,50000,10.4,MEDIO
YAGUARA,2021,5,0,0,0,2.0,0.0,50000,4.0,BAJO
YAGUARA,2022,15,0,0,0,6.0,0.1,50000,12.0,MEDIO
YAGUARA,2023,9,0,0,0,3.6,0.1,50000,7.2,MEDIO
YAGUARA,2024,14,0,0,0,5.6000000000000005,0.1,50000,11.2,MEDIO
YAGUARA,2025,4,0,0,0,1.6,0.0,50000,3.2,BAJO
YALI,2020,3,0,0,0,1.2000000000000002,0.0,50000,2.4,BAJO
YALI,2021,8,0,0,0,3.2,0.0,50000,6.4,BAJO
YALI,2022,13,0,0,0,5.2,0.1,50000,10.4,MEDIO
YALI,2023,12,0,0,0,4.800000000000001,0.1,50000,9.6,MEDIO
YALI,2024,32,0,0,0,12.8,0.2,50000,25.6,ALTO
YALI,2025,19,0,0,0,7.6000000000000005,0.1,50000,15.2,MEDIO
YARUMAL,2020,53,0,0,0,21.200000000000003,0.3,50000,42.4,ALTO
YARUMAL,2021,57,0,0,0,22.8,0.4,50000,45.6,ALTO
YARUMAL,2022,63,0,0,0,25.200000000000003,0.4,50000,50.4,ALTO
YARUMAL,2023,66,0,0,0,26.400000000000002,0.4,50000,52.8,ALTO
YARUMAL,2024,49,0,0,0,19.6,0.3,50000,39.2,ALTO
YARUMAL,2025,49,0,0,0,19.6,0.3,50000,39.2,ALTO
YOLOMBO,2020,8,0,0,0,3.2,0.0,50000,6.4,BAJO
YOLOMBO,2021,15,0,0,0,6.0,0.1,50000,12.0,MEDIO
YOLOMBO,2022,16,0,0,0,6.4,0.1,50000,12.8,MEDIO
YOLOMBO,2023,25,0,0,0,10.0,0.2,50000,20.0,ALTO
YOLOMBO,2024,26,0,0,0,10.4,0.2,50000,20.8,ALTO
YOLOMBO,2025,26,0,0,0,10.4,0.2,50000,20.8,ALTO
YONDO,2020,29,0,0,0,11.600000000000001,0.2,50000,23.2,ALTO
YONDO,2021,8,0,0,0,3.2,0.0,50000,6.4,BAJO
YONDO,2022,37,0,0,0,14.8,0.2,50000,29.6,ALTO
YONDO,2023,49,0,0,0,19.6,0.3,50000,39.2,ALTO
YONDO,2024,41,0,0,0,16.400000000000002,0.3,50000,32.8,ALTO
YONDO,2025,18,0,0,0,7.2,0.1,50000,14.4,MEDIO
YOPAL,2020,175,0,0,0,70.0,1.1,50000,140.0,ALTO
YOPAL,2021,147,0,0,0,58.800000000000004,0.9,50000,117.6,ALTO
YOPAL,2022,180,0,0,0,72.0,1.1,50000,144.0,ALTO
YOPAL,2023,189,0,0,0,75.60000000000001,1.2,50000,151.2,ALTO
YOPAL,2024,213,0,0,0,85.2,1.4,50000,170.4,ALTO
YOPAL (CT),2020,25,0,0,0,10.0,0.2,50000,20.0,ALTO
YOPAL (CT),2021,141,0,0,0,56.400000000000006,0.9,50000,112.8,ALTO
YOPAL (CT),2022,150,0,0,0,60.0,1.0,50000,120.0,ALTO
YOPAL (CT),2023,278,0,0,0,111.2,1.8,50000,222.4,ALTO
YOPAL (CT),2024,318,0,0,0,127.2,2.0,50000,254.4,ALTO
YOPAL (CT),2025,298,0,0,0,119.2,1.9,50000,238.4,ALTO
YOTOCO,2020,10,0,0,0,4.0,0.1,17900,22.35,MEDIO
YOTOCO,2021,19,0,0,0,7.6000000000000005,0.1,17900,42.46,MEDIO
YOTOCO,2022,21,0,0,0,8.4,0.1,17900,46.93,MEDIO
YOTOCO,2023,32,0,0,0,12.8,0.2,17900,71.51,ALTO
YOTOCO,2024,54,0,0,0,21.6,0.3,17900,120.67,ALTO
YOTOCO,2025,37,0,0,0,14.8,0.2,17900,82.68,ALTO
YUMBO,2020,61,0,0,0,24.400000000000002,0.4,118397,20.61,ALTO
YUMBO,2021,154,0,0,0,61.6,1.0,118397,52.03,ALTO
YUMBO,2022,131,0,0,0,52.400000000000006,0.8,118397,44.26,ALTO
YUMBO,2023,222,0,0,0,88.80000000000001,1.4,118397,75.0,ALTO
YUMBO,2024,390,0,0,0,156.0,2.5,118397,131.76,ALTO
YUMBO,2025,288,0,0,0,115.2,1.8,118397,97.3,ALTO
ZAMBRANO,2020,7,0,0,0,2.8000000000000003,0.0,50000,5.6,BAJO
ZAMBRANO,2021,12,0,0,0,4.800000000000001,0.1,50000,9.6,MEDIO
ZAMBRANO,2022,6,0,0,0,2.4000000000000004,0.0,50000,4.8,BAJO
ZAMBRANO,2023,8,0,0,0,3.2,0.0,50000,6.4,BAJO
ZAMBRANO,2024,8,0,0,0,3.2,0.0,50000,6.4,BAJO
ZAMBRANO,2025,7,0,0,0,2.8000000000000003,0.0,50000,5.6,BAJO
ZAPATOCA,2020,5,0,0,0,2.0,0.0,50000,4.0,BAJO
ZAPATOCA,2021,2,0,0,0,0.8,0.0,50000,1.6,BAJO
ZAPATOCA,2022,3,0,0,0,1.2000000000000002,0.0,50000,2.4,BAJO
ZAPATOCA,2023,10,0,0,0,4.0,0.1,50000,8.0,MEDIO
ZAPATOCA,2024,8,0,0,0,3.2,0.0,50000,6.4,BAJO
ZAPATOCA,2025,5,0,0,0,2.0,0.0,50000,4.0,BAJO
ZARAGOZA,2020,7,0,0,0,2.8000000000000003,0.0,50000,5.6,BAJO
ZARAGOZA,2021,21,0,0,0,8.4,0.1,50000,16.8,MEDIO
ZARAGOZA,2022,18,0,0,0,7.2,0.1,50000,14.4,MEDIO
ZARAGOZA,2023,22,0,0,0,8.8,0.1,50000,17.6,MEDIO
ZARAGOZA,2024,14,0,0,0,5.6000000000000005,0.1,50000,11.2,MEDIO
ZARAGOZA,2025,22,0,0,0,8.8,0.1,50000,17.6,MEDIO
ZARZAL,2020,37,0,0,0,14.8,0.2,44100,33.56,ALTO
ZARZAL,2021,93,0,0,0,37.2,0.6,44100,84.35,ALTO
ZARZAL,2022,62,0,0,0,24.8,0.4,44100,56.24,ALTO
ZARZAL,2023,71,0,0,0,28.400000000000002,0.5,44100,64.4,ALTO
ZARZAL,2024,88,0,0,0,35.2,0.6,44100,79.82,ALTO
ZARZAL,2025,46,0,0,0,18.400000000000002,0.3,44100,41.72,ALTO
ZETAQUIRA,2020,2,0,0,0,0.8,0.0,50000,1.6,BAJO
ZETAQUIRA,2021,4,0,0,0,1.6,0.0,50000,3.2,BAJO
ZETAQUIRA,2022,3,0,0,0,1.2000000000000002,0.0,50000,2.4,BAJO
ZETAQUIRA,2023,5,0,0,0,2.0,0.0,50000,4.0,BAJO
ZETAQUIRA,2024,1,0,0,0,0.4,0.0,50000,0.8,BAJO
ZETAQUIRA,2025,9,0,0,0,3.6,0.1,50000,7.2,MEDIO
ZIPACON,2020,20,0,0,0,8.0,0.1,50000,16.0,MEDIO
ZIPACON,2021,10,0,0,0,4.0,0.1,50000,8.0,MEDIO
ZIPACON,2022,17,0,0,0,6.800000000000001,0.1,50000,13.6,MEDIO
ZIPACON,2023,19,0,0,0,7.6000000000000005,0.1,50000,15.2,MEDIO
ZIPACON,2024,5,0,0,0,2.0,0.0,50000,4.0,BAJO
ZIPACON,2025,6,0,0,0,2.4000000000000004,0.0,50000,4.8,BAJO
ZIPAQUIRA,2020,221,0,0,0,88.4,1.4,50000,176.8,ALTO
ZIPAQUIRA,2021,245,0,0,0,98.0,1.6,50000,196.0,ALTO
ZIPAQUIRA,2022,272,0,0,0,108.80000000000001,1.7,50000,217.6,ALTO
ZIPAQUIRA,2023,350,0,0,0,140.0,2.2,50000,280.0,ALTO
ZIPAQUIRA,2024,349,0,0,0,139.6,2.2,50000,279.2,ALTO
ZIPAQUIRA,2025,292,0,0,0,116.80000000000001,1.9,50000,233.6,ALTO
ZONA BANANERA,2020,20,0,0,0,8.0,0.1,50000,16.0,MEDIO
ZONA BANANERA,2021,39,0,0,0,15.600000000000001,0.2,50000,31.2,ALTO
ZONA BANANERA,2022,32,0,0,0,12.8,0.2,50000,25.6,ALTO
ZONA BANANERA,2023,32,0,0,0,12.8,0.2,50000,25.6,ALTO
ZONA BANANERA,2024,29,0,0,0,11.600000000000001,0.2,50000,23.2,ALTO
ZONA BANANERA,2025,28,0,0,0,11.200000000000001,0.2,50000,22.4,ALTO
