expediente_id,municipio,tipo_proceso,despacho,anio_radicacion,ivf_score,carga_despacho,n_audiencias,apelacion,duracion_dias,terminado
EXP-00001,GUADALAJARA DE BUGA,HURTO_PATRIMONIAL,Juzgado_Penal_Municipal_2,2024,53,1.05,5,0,214,1
EXP-00002,CANDELARIA,ALIMENTOS,Juzgado_3_Familia,2020,48,0.95,3,0,194,1
EXP-00003,YUMBO,ALIMENTOS,Juzgado_1_Familia,2022,62,1.35,6,0,272,1
EXP-00004,ZARZAL,ALIMENTOS,Juzgado_Penal_Municipal_1,2021,33,1.25,8,0,380,0
EXP-00005,GUADALAJARA DE BUGA,ALIMENTOS,Juzgado_1_Familia,2024,53,1.35,6,0,231,0
EXP-00006,GUADALAJARA DE BUGA,VIF,Juzgado_Penal_Municipal_2,2021,53,1.05,2,0,132,1
EXP-00007,ZARZAL,VIF,Juzgado_2_Familia,2023,33,1.2,1,0,84,1
EXP-00008,CANDELARIA,VIF,Comisaria_1_Familia,2020,48,1.1,1,0,145,1
EXP-00009,JAMUNDI,VIF,Juzgado_1_Familia,2022,67,1.35,4,0,207,1
EXP-00010,CALI,ALIMENTOS,Juzgado_1_Familia,2024,82,1.35,10,1,617,1
EXP-00011,JAMUNDI,SUSTANCIAS,Juzgado_2_Familia,2021,67,1.2,7,0,305,1
EXP-00012,GUADALAJARA DE BUGA,ALIMENTOS,Comisaria_2_Familia,2024,53,0.9,7,0,333,1
EXP-00013,ZARZAL,HURTO_PATRIMONIAL,Comisaria_2_Familia,2023,33,0.9,7,0,269,1
EXP-00014,FLORIDA,VIF,Juzgado_3_Familia,2020,44,0.95,2,0,86,1
EXP-00015,ZARZAL,ALIMENTOS,Juzgado_Penal_Municipal_2,2022,33,1.05,3,0,107,0
EXP-00016,BUENAVENTURA,VIF,Juzgado_Penal_Municipal_1,2023,89,1.25,7,0,309,1
EXP-00017,ZARZAL,HURTO_PATRIMONIAL,Juzgado_2_Familia,2021,33,1.2,9,0,427,1
EXP-00018,CARTAGO,HURTO_PATRIMONIAL,Juzgado_1_Familia,2022,58,1.35,8,1,599,1
EXP-00019,FLORIDA,ALIMENTOS,Juzgado_Penal_Municipal_2,2021,44,1.05,5,0,299,1
EXP-00020,FLORIDA,SUSTANCIAS,Juzgado_Penal_Municipal_1,2023,44,1.25,5,0,219,1
EXP-00021,EL CERRITO,VIF,Juzgado_2_Familia,2022,41,1.2,4,0,233,1
EXP-00022,ZARZAL,ALIMENTOS,Comisaria_1_Familia,2022,33,1.1,7,0,277,0
EXP-00023,YUMBO,VIF,Comisaria_1_Familia,2024,62,1.1,6,0,332,1
EXP-00024,CARTAGO,ALIMENTOS,Juzgado_Penal_Municipal_1,2023,58,1.25,7,1,424,1
EXP-00025,PALMIRA,ALIMENTOS,Juzgado_Penal_Municipal_2,2021,74,1.05,6,0,213,1
EXP-00026,PRADERA,HURTO_PATRIMONIAL,Juzgado_2_Familia,2024,38,1.2,7,1,457,1
EXP-00027,CARTAGO,VIF,Juzgado_1_Familia,2021,58,1.35,7,0,292,1
EXP-00028,PALMIRA,HURTO_PATRIMONIAL,Juzgado_3_Familia,2024,74,0.95,9,1,596,1
EXP-00029,TULUA,HURTO_PATRIMONIAL,Comisaria_1_Familia,2023,71,1.1,9,0,422,1
EXP-00030,ZARZAL,VIF,Juzgado_Penal_Municipal_1,2022,33,1.25,4,0,241,1
EXP-00031,CANDELARIA,VIF,Juzgado_Penal_Municipal_2,2024,48,1.05,3,0,256,1
EXP-00032,YUMBO,ALIMENTOS,Juzgado_Penal_Municipal_1,2023,62,1.25,8,0,343,1
EXP-00033,JAMUNDI,VIF,Comisaria_1_Familia,2023,67,1.1,5,0,220,1
EXP-00034,TULUA,ALIMENTOS,Juzgado_1_Familia,2020,71,1.35,8,1,502,1
EXP-00035,PRADERA,ALIMENTOS,Comisaria_2_Familia,2022,38,0.9,5,1,273,1
EXP-00036,PALMIRA,ALIMENTOS,Juzgado_1_Familia,2022,74,1.35,7,0,269,1
EXP-00037,FLORIDA,HURTO_PATRIMONIAL,Juzgado_1_Familia,2021,44,1.35,11,0,447,1
EXP-00038,BUENAVENTURA,HURTO_PATRIMONIAL,Comisaria_2_Familia,2020,89,0.9,5,0,242,1
EXP-00039,BUENAVENTURA,ALIMENTOS,Juzgado_Penal_Municipal_2,2023,89,1.05,4,1,329,1
EXP-00040,FLORIDA,ALIMENTOS,Comisaria_1_Familia,2020,44,1.1,5,1,435,1
EXP-00041,PRADERA,ALIMENTOS,Comisaria_2_Familia,2023,38,0.9,5,1,288,1
EXP-00042,CANDELARIA,HURTO_PATRIMONIAL,Comisaria_2_Familia,2024,48,0.9,1,0,146,1
EXP-00043,FLORIDA,SUSTANCIAS,Juzgado_Penal_Municipal_2,2022,44,1.05,4,0,205,1
EXP-00044,BUENAVENTURA,ALIMENTOS,Juzgado_Penal_Municipal_1,2024,89,1.25,6,1,359,1
EXP-00045,JAMUNDI,VIF,Juzgado_Penal_Municipal_2,2020,67,1.05,1,0,79,0
EXP-00046,PRADERA,ALIMENTOS,Juzgado_1_Familia,2022,38,1.35,7,0,294,1
EXP-00047,FLORIDA,VIF,Comisaria_2_Familia,2024,44,0.9,5,0,197,1
EXP-00048,SEVILLA,ALIMENTOS,Juzgado_Penal_Municipal_2,2024,35,1.05,7,1,434,1
EXP-00049,PALMIRA,VIF,Juzgado_1_Familia,2024,74,1.35,8,0,333,1
EXP-00050,CANDELARIA,SUSTANCIAS,Comisaria_1_Familia,2022,48,1.1,1,0,144,0
EXP-00051,GUADALAJARA DE BUGA,ALIMENTOS,Comisaria_2_Familia,2024,53,0.9,4,0,202,1
EXP-00052,SEVILLA,ALIMENTOS,Juzgado_1_Familia,2024,35,1.35,5,1,387,1
EXP-00053,CALI,HURTO_PATRIMONIAL,Comisaria_1_Familia,2022,82,1.1,7,1,404,1
EXP-00054,CALI,VIF,Juzgado_Penal_Municipal_2,2024,82,1.05,7,0,345,1
EXP-00055,EL CERRITO,ALIMENTOS,Comisaria_1_Familia,2020,41,1.1,6,0,305,1
EXP-00056,JAMUNDI,ALIMENTOS,Comisaria_1_Familia,2022,67,1.1,9,1,575,1
EXP-00057,SEVILLA,SUSTANCIAS,Juzgado_2_Familia,2020,35,1.2,3,0,80,1
EXP-00058,EL CERRITO,HURTO_PATRIMONIAL,Juzgado_Penal_Municipal_2,2021,41,1.05,5,1,233,0
EXP-00059,FLORIDA,VIF,Juzgado_3_Familia,2024,44,0.95,5,0,287,1
EXP-00060,CARTAGO,VIF,Comisaria_1_Familia,2022,58,1.1,3,0,91,1
EXP-00061,GUADALAJARA DE BUGA,VIF,Comisaria_2_Familia,2020,53,0.9,1,0,62,0
EXP-00062,CARTAGO,HURTO_PATRIMONIAL,Juzgado_3_Familia,2023,58,0.95,6,1,413,1
EXP-00063,YUMBO,VIF,Juzgado_2_Familia,2020,62,1.2,6,0,250,1
EXP-00064,JAMUNDI,ALIMENTOS,Juzgado_3_Familia,2024,67,0.95,11,0,486,1
EXP-00065,JAMUNDI,VIF,Juzgado_3_Familia,2024,67,0.95,7,0,377,1
EXP-00066,PRADERA,VIF,Juzgado_2_Familia,2021,38,1.2,2,0,175,1
EXP-00067,EL CERRITO,VIF,Juzgado_1_Familia,2022,41,1.35,7,0,386,1
EXP-00068,SEVILLA,SUSTANCIAS,Comisaria_2_Familia,2024,35,0.9,5,0,342,1
EXP-00069,FLORIDA,SUSTANCIAS,Juzgado_2_Familia,2023,44,1.2,4,0,245,1
EXP-00070,BUENAVENTURA,SUSTANCIAS,Juzgado_1_Familia,2022,89,1.35,7,0,281,1
EXP-00071,CALI,HURTO_PATRIMONIAL,Juzgado_2_Familia,2020,82,1.2,8,1,567,1
EXP-00072,PALMIRA,VIF,Comisaria_2_Familia,2024,74,0.9,5,0,176,1
EXP-00073,CARTAGO,ALIMENTOS,Juzgado_3_Familia,2022,58,0.95,6,0,294,1
EXP-00074,CANDELARIA,ALIMENTOS,Juzgado_2_Familia,2023,48,1.2,8,0,331,1
EXP-00075,JAMUNDI,ALIMENTOS,Juzgado_3_Familia,2022,67,0.95,8,0,329,1
EXP-00076,YUMBO,VIF,Juzgado_2_Familia,2022,62,1.2,4,0,134,1
EXP-00077,BUENAVENTURA,ALIMENTOS,Juzgado_Penal_Municipal_1,2023,89,1.25,8,1,478,1
EXP-00078,SEVILLA,ALIMENTOS,Juzgado_1_Familia,2023,35,1.35,5,0,321,1
EXP-00079,SEVILLA,ALIMENTOS,Juzgado_3_Familia,2021,35,0.95,5,0,273,1
EXP-00080,PALMIRA,HURTO_PATRIMONIAL,Juzgado_3_Familia,2023,74,0.95,2,0,131,0
EXP-00081,SEVILLA,ALIMENTOS,Juzgado_Penal_Municipal_1,2021,35,1.25,3,0,183,1
EXP-00082,SEVILLA,ALIMENTOS,Juzgado_2_Familia,2024,35,1.2,5,1,354,1
EXP-00083,SEVILLA,ALIMENTOS,Comisaria_1_Familia,2024,35,1.1,5,0,225,1
EXP-00084,YUMBO,ALIMENTOS,Comisaria_1_Familia,2022,62,1.1,5,1,331,0
EXP-00085,GUADALAJARA DE BUGA,VIF,Juzgado_Penal_Municipal_2,2020,53,1.05,5,0,186,1
EXP-00086,CARTAGO,HURTO_PATRIMONIAL,Comisaria_1_Familia,2020,58,1.1,4,0,217,1
EXP-00087,CALI,ALIMENTOS,Juzgado_1_Familia,2023,82,1.35,7,0,256,0
EXP-00088,CANDELARIA,VIF,Comisaria_1_Familia,2021,48,1.1,2,0,160,1
EXP-00089,BUENAVENTURA,ALIMENTOS,Juzgado_3_Familia,2024,89,0.95,2,0,82,0
EXP-00090,TULUA,HURTO_PATRIMONIAL,Juzgado_Penal_Municipal_1,2022,71,1.25,8,1,562,1
EXP-00091,YUMBO,VIF,Comisaria_1_Familia,2024,62,1.1,8,0,373,1
EXP-00092,BUENAVENTURA,VIF,Juzgado_2_Familia,2022,89,1.2,5,0,230,1
EXP-00093,PALMIRA,ALIMENTOS,Comisaria_1_Familia,2021,74,1.1,6,0,331,1
EXP-00094,EL CERRITO,SUSTANCIAS,Comisaria_2_Familia,2023,41,0.9,1,0,84,0
EXP-00095,PRADERA,ALIMENTOS,Juzgado_2_Familia,2020,38,1.2,5,1,407,1
EXP-00096,CALI,HURTO_PATRIMONIAL,Comisaria_1_Familia,2024,82,1.1,8,0,414,1
EXP-00097,PALMIRA,SUSTANCIAS,Juzgado_Penal_Municipal_1,2020,74,1.25,7,0,335,1
EXP-00098,PRADERA,ALIMENTOS,Comisaria_2_Familia,2021,38,0.9,5,0,290,1
EXP-00099,FLORIDA,VIF,Juzgado_Penal_Municipal_2,2024,44,1.05,6,0,241,1
EXP-00100,CALI,ALIMENTOS,Juzgado_1_Familia,2022,82,1.35,6,0,312,1
EXP-00101,YUMBO,SUSTANCIAS,Juzgado_Penal_Municipal_2,2024,62,1.05,4,0,189,1
EXP-00102,CALI,VIF,Juzgado_Penal_Municipal_2,2023,82,1.05,4,0,159,0
EXP-00103,BUENAVENTURA,HURTO_PATRIMONIAL,Juzgado_3_Familia,2024,89,0.95,6,0,346,1
EXP-00104,TULUA,VIF,Comisaria_2_Familia,2023,71,0.9,1,0,33,1
EXP-00105,EL CERRITO,VIF,Juzgado_3_Familia,2023,41,0.95,7,0,249,1
EXP-00106,ZARZAL,SUSTANCIAS,Juzgado_Penal_Municipal_1,2021,33,1.25,2,0,127,1
EXP-00107,FLORIDA,VIF,Juzgado_Penal_Municipal_1,2021,44,1.25,5,0,305,1
EXP-00108,PRADERA,VIF,Comisaria_1_Familia,2024,38,1.1,3,0,81,0
EXP-00109,ZARZAL,SUSTANCIAS,Juzgado_Penal_Municipal_1,2024,33,1.25,5,0,250,1
EXP-00110,TULUA,ALIMENTOS,Juzgado_1_Familia,2022,71,1.35,5,0,275,1
EXP-00111,JAMUNDI,ALIMENTOS,Comisaria_1_Familia,2024,67,1.1,5,1,329,1
EXP-00112,YUMBO,ALIMENTOS,Juzgado_2_Familia,2023,62,1.2,7,0,297,0
EXP-00113,CARTAGO,VIF,Juzgado_Penal_Municipal_1,2020,58,1.25,6,0,324,1
EXP-00114,FLORIDA,ALIMENTOS,Comisaria_2_Familia,2023,44,0.9,5,1,338,1
EXP-00115,SEVILLA,ALIMENTOS,Juzgado_Penal_Municipal_2,2023,35,1.05,6,1,386,1
EXP-00116,ZARZAL,ALIMENTOS,Comisaria_2_Familia,2022,33,0.9,6,1,362,1
EXP-00117,BUENAVENTURA,VIF,Comisaria_1_Familia,2023,89,1.1,4,0,212,0
EXP-00118,GUADALAJARA DE BUGA,SUSTANCIAS,Juzgado_2_Familia,2022,53,1.2,3,0,87,0
EXP-00119,BUENAVENTURA,HURTO_PATRIMONIAL,Juzgado_1_Familia,2023,89,1.35,7,0,359,1
EXP-00120,CARTAGO,HURTO_PATRIMONIAL,Juzgado_3_Familia,2024,58,0.95,11,1,701,1
EXP-00121,CANDELARIA,HURTO_PATRIMONIAL,Comisaria_1_Familia,2024,48,1.1,5,0,316,1
EXP-00122,FLORIDA,ALIMENTOS,Juzgado_Penal_Municipal_2,2024,44,1.05,10,0,410,1
EXP-00123,EL CERRITO,ALIMENTOS,Juzgado_2_Familia,2022,41,1.2,8,1,583,1
EXP-00124,PALMIRA,SUSTANCIAS,Juzgado_Penal_Municipal_1,2024,74,1.25,6,0,322,1
EXP-00125,GUADALAJARA DE BUGA,HURTO_PATRIMONIAL,Juzgado_1_Familia,2023,53,1.35,13,0,602,1
EXP-00126,CARTAGO,ALIMENTOS,Juzgado_3_Familia,2022,58,0.95,9,0,363,1
EXP-00127,FLORIDA,VIF,Juzgado_Penal_Municipal_1,2020,44,1.25,2,0,235,1
EXP-00128,JAMUNDI,ALIMENTOS,Comisaria_2_Familia,2022,67,0.9,6,0,341,1
EXP-00129,JAMUNDI,ALIMENTOS,Comisaria_2_Familia,2024,67,0.9,8,0,395,1
EXP-00130,YUMBO,HURTO_PATRIMONIAL,Juzgado_3_Familia,2020,62,0.95,7,1,378,1
EXP-00131,CANDELARIA,VIF,Juzgado_2_Familia,2022,48,1.2,2,0,121,1
EXP-00132,PALMIRA,VIF,Juzgado_3_Familia,2024,74,0.95,6,0,196,1
EXP-00133,CANDELARIA,HURTO_PATRIMONIAL,Juzgado_1_Familia,2024,48,1.35,5,0,136,0
EXP-00134,PALMIRA,ALIMENTOS,Juzgado_2_Familia,2021,74,1.2,8,1,588,1
EXP-00135,CARTAGO,VIF,Juzgado_Penal_Municipal_2,2020,58,1.05,7,0,305,1
EXP-00136,YUMBO,SUSTANCIAS,Juzgado_2_Familia,2023,62,1.2,7,0,318,1
EXP-00137,JAMUNDI,VIF,Juzgado_Penal_Municipal_2,2020,67,1.05,4,0,146,1
EXP-00138,BUENAVENTURA,VIF,Comisaria_2_Familia,2023,89,0.9,5,0,230,1
EXP-00139,FLORIDA,VIF,Juzgado_Penal_Municipal_1,2023,44,1.25,3,0,167,0
EXP-00140,CANDELARIA,VIF,Juzgado_Penal_Municipal_2,2020,48,1.05,3,0,236,1
EXP-00141,CARTAGO,HURTO_PATRIMONIAL,Juzgado_1_Familia,2024,58,1.35,5,0,229,0
EXP-00142,GUADALAJARA DE BUGA,ALIMENTOS,Juzgado_2_Familia,2024,53,1.2,9,0,440,1
EXP-00143,CARTAGO,VIF,Comisaria_1_Familia,2024,58,1.1,6,0,213,1
EXP-00144,JAMUNDI,HURTO_PATRIMONIAL,Juzgado_1_Familia,2021,67,1.35,5,0,268,1
EXP-00145,CARTAGO,ALIMENTOS,Comisaria_2_Familia,2024,58,0.9,1,0,88,1
EXP-00146,FLORIDA,HURTO_PATRIMONIAL,Comisaria_2_Familia,2020,44,0.9,8,0,375,1
EXP-00147,SEVILLA,SUSTANCIAS,Juzgado_Penal_Municipal_2,2024,35,1.05,8,0,331,1
EXP-00148,FLORIDA,ALIMENTOS,Juzgado_1_Familia,2021,44,1.35,8,0,394,1
EXP-00149,GUADALAJARA DE BUGA,HURTO_PATRIMONIAL,Juzgado_3_Familia,2023,53,0.95,2,0,116,1
EXP-00150,CALI,ALIMENTOS,Juzgado_3_Familia,2021,82,0.95,5,0,296,1
EXP-00151,BUENAVENTURA,VIF,Juzgado_3_Familia,2022,89,0.95,4,0,189,1
EXP-00152,FLORIDA,HURTO_PATRIMONIAL,Juzgado_1_Familia,2023,44,1.35,7,0,388,1
EXP-00153,JAMUNDI,ALIMENTOS,Juzgado_2_Familia,2020,67,1.2,5,0,317,0
EXP-00154,ZARZAL,VIF,Juzgado_2_Familia,2023,33,1.2,8,0,275,1
EXP-00155,CALI,HURTO_PATRIMONIAL,Juzgado_3_Familia,2024,82,0.95,5,0,261,1
EXP-00156,SEVILLA,VIF,Juzgado_2_Familia,2021,35,1.2,4,0,164,1
EXP-00157,SEVILLA,HURTO_PATRIMONIAL,Juzgado_3_Familia,2024,35,0.95,4,1,302,0
EXP-00158,PRADERA,ALIMENTOS,Comisaria_2_Familia,2023,38,0.9,5,0,243,1
EXP-00159,CANDELARIA,HURTO_PATRIMONIAL,Juzgado_Penal_Municipal_1,2022,48,1.25,7,0,373,1
EXP-00160,ZARZAL,HURTO_PATRIMONIAL,Juzgado_Penal_Municipal_1,2024,33,1.25,7,1,457,1
EXP-00161,YUMBO,HURTO_PATRIMONIAL,Juzgado_Penal_Municipal_1,2022,62,1.25,7,1,470,1
EXP-00162,SEVILLA,VIF,Juzgado_3_Familia,2021,35,0.95,6,0,293,1
EXP-00163,FLORIDA,ALIMENTOS,Juzgado_2_Familia,2024,44,1.2,2,1,268,1
EXP-00164,SEVILLA,ALIMENTOS,Juzgado_2_Familia,2024,35,1.2,5,1,380,1
EXP-00165,CANDELARIA,VIF,Comisaria_2_Familia,2024,48,0.9,5,0,176,1
EXP-00166,FLORIDA,HURTO_PATRIMONIAL,Juzgado_Penal_Municipal_2,2024,44,1.05,7,0,368,1
EXP-00167,PRADERA,VIF,Comisaria_1_Familia,2021,38,1.1,5,0,237,1
EXP-00168,ZARZAL,VIF,Juzgado_Penal_Municipal_2,2023,33,1.05,5,0,224,1
EXP-00169,CARTAGO,ALIMENTOS,Juzgado_Penal_Municipal_2,2021,58,1.05,6,0,222,1
EXP-00170,YUMBO,VIF,Comisaria_2_Familia,2023,62,0.9,3,0,143,0
EXP-00171,ZARZAL,VIF,Juzgado_Penal_Municipal_1,2024,33,1.25,8,0,314,1
EXP-00172,PRADERA,HURTO_PATRIMONIAL,Juzgado_3_Familia,2023,38,0.95,5,0,262,1
EXP-00173,YUMBO,VIF,Comisaria_1_Familia,2022,62,1.1,4,0,241,1
EXP-00174,ZARZAL,ALIMENTOS,Comisaria_1_Familia,2022,33,1.1,6,0,337,1
EXP-00175,PRADERA,ALIMENTOS,Juzgado_3_Familia,2021,38,0.95,6,0,262,1
EXP-00176,CARTAGO,HURTO_PATRIMONIAL,Juzgado_2_Familia,2023,58,1.2,10,1,607,1
EXP-00177,TULUA,VIF,Juzgado_Penal_Municipal_1,2023,71,1.25,8,0,304,1
EXP-00178,EL CERRITO,HURTO_PATRIMONIAL,Comisaria_1_Familia,2021,41,1.1,4,1,296,1
EXP-00179,PALMIRA,ALIMENTOS,Juzgado_Penal_Municipal_1,2024,74,1.25,8,1,506,1
EXP-00180,SEVILLA,VIF,Juzgado_Penal_Municipal_2,2022,35,1.05,6,0,283,1
EXP-00181,SEVILLA,HURTO_PATRIMONIAL,Comisaria_2_Familia,2022,35,0.9,4,0,98,1
EXP-00182,BUENAVENTURA,VIF,Comisaria_1_Familia,2022,89,1.1,5,0,304,1
EXP-00183,PRADERA,VIF,Juzgado_2_Familia,2023,38,1.2,4,0,197,1
EXP-00184,ZARZAL,ALIMENTOS,Comisaria_1_Familia,2022,33,1.1,1,0,27,0
EXP-00185,SEVILLA,VIF,Juzgado_Penal_Municipal_2,2022,35,1.05,3,0,126,1
EXP-00186,CARTAGO,VIF,Juzgado_3_Familia,2023,58,0.95,4,0,255,0
EXP-00187,EL CERRITO,HURTO_PATRIMONIAL,Juzgado_Penal_Municipal_1,2021,41,1.25,3,0,137,1
EXP-00188,TULUA,VIF,Comisaria_1_Familia,2024,71,1.1,3,0,176,0
EXP-00189,JAMUNDI,VIF,Juzgado_1_Familia,2024,67,1.35,8,0,321,1
EXP-00190,PRADERA,VIF,Comisaria_1_Familia,2022,38,1.1,4,0,221,1
EXP-00191,SEVILLA,VIF,Juzgado_3_Familia,2023,35,0.95,4,0,180,1
EXP-00192,ZARZAL,VIF,Comisaria_1_Familia,2024,33,1.1,5,0,234,1
EXP-00193,CANDELARIA,VIF,Juzgado_2_Familia,2022,48,1.2,1,0,79,0
EXP-00194,BUENAVENTURA,ALIMENTOS,Juzgado_Penal_Municipal_2,2021,89,1.05,7,0,362,1
EXP-00195,YUMBO,ALIMENTOS,Juzgado_1_Familia,2024,62,1.35,8,0,387,1
EXP-00196,CANDELARIA,HURTO_PATRIMONIAL,Juzgado_1_Familia,2020,48,1.35,9,0,418,1
EXP-00197,ZARZAL,VIF,Comisaria_2_Familia,2023,33,0.9,2,0,114,1
EXP-00198,CARTAGO,HURTO_PATRIMONIAL,Juzgado_1_Familia,2024,58,1.35,11,1,645,1
EXP-00199,SEVILLA,HURTO_PATRIMONIAL,Comisaria_1_Familia,2023,35,1.1,9,0,396,1
EXP-00200,EL CERRITO,VIF,Juzgado_Penal_Municipal_1,2023,41,1.25,1,0,163,1
EXP-00201,PRADERA,VIF,Juzgado_1_Familia,2021,38,1.35,1,0,117,0
EXP-00202,ZARZAL,VIF,Juzgado_2_Familia,2023,33,1.2,6,0,306,1
EXP-00203,YUMBO,SUSTANCIAS,Comisaria_2_Familia,2022,62,0.9,1,0,108,1
EXP-00204,PRADERA,VIF,Juzgado_3_Familia,2024,38,0.95,6,0,243,1
EXP-00205,SEVILLA,HURTO_PATRIMONIAL,Juzgado_3_Familia,2020,35,0.95,8,1,499,1
EXP-00206,TULUA,SUSTANCIAS,Juzgado_Penal_Municipal_1,2021,71,1.25,6,0,323,1
EXP-00207,ZARZAL,ALIMENTOS,Juzgado_Penal_Municipal_2,2023,33,1.05,4,0,198,1
EXP-00208,SEVILLA,VIF,Juzgado_1_Familia,2023,35,1.35,5,0,228,1
EXP-00209,CALI,VIF,Juzgado_2_Familia,2024,82,1.2,4,0,224,1
EXP-00210,PRADERA,ALIMENTOS,Juzgado_2_Familia,2021,38,1.2,12,0,532,1
EXP-00211,CANDELARIA,VIF,Comisaria_2_Familia,2024,48,0.9,6,0,222,1
EXP-00212,TULUA,ALIMENTOS,Juzgado_3_Familia,2024,71,0.95,8,0,377,1
EXP-00213,GUADALAJARA DE BUGA,VIF,Juzgado_Penal_Municipal_2,2021,53,1.05,5,0,210,1
EXP-00214,YUMBO,ALIMENTOS,Juzgado_Penal_Municipal_2,2021,62,1.05,6,0,336,1
EXP-00215,CARTAGO,VIF,Juzgado_2_Familia,2022,58,1.2,9,0,369,1
EXP-00216,SEVILLA,HURTO_PATRIMONIAL,Juzgado_1_Familia,2020,35,1.35,10,0,500,1
EXP-00217,GUADALAJARA DE BUGA,HURTO_PATRIMONIAL,Comisaria_1_Familia,2020,53,1.1,3,0,209,1
EXP-00218,CALI,HURTO_PATRIMONIAL,Comisaria_1_Familia,2024,82,1.1,7,1,558,1
EXP-00219,YUMBO,ALIMENTOS,Juzgado_2_Familia,2022,62,1.2,10,0,390,1
EXP-00220,CANDELARIA,VIF,Juzgado_2_Familia,2024,48,1.2,5,0,292,1
EXP-00221,FLORIDA,ALIMENTOS,Juzgado_1_Familia,2024,44,1.35,8,0,357,1
EXP-00222,PALMIRA,ALIMENTOS,Comisaria_2_Familia,2024,74,0.9,5,0,207,1
EXP-00223,YUMBO,ALIMENTOS,Juzgado_Penal_Municipal_2,2024,62,1.05,9,0,315,1
EXP-00224,TULUA,ALIMENTOS,Juzgado_2_Familia,2022,71,1.2,3,0,196,1
EXP-00225,PALMIRA,VIF,Juzgado_Penal_Municipal_2,2024,74,1.05,7,0,273,1
EXP-00226,TULUA,ALIMENTOS,Juzgado_Penal_Municipal_2,2022,71,1.05,11,0,496,1
EXP-00227,ZARZAL,HURTO_PATRIMONIAL,Juzgado_Penal_Municipal_2,2022,33,1.05,5,1,407,1
EXP-00228,BUENAVENTURA,SUSTANCIAS,Juzgado_2_Familia,2023,89,1.2,6,0,288,1
EXP-00229,TULUA,VIF,Juzgado_1_Familia,2023,71,1.35,6,0,249,1
EXP-00230,CARTAGO,HURTO_PATRIMONIAL,Comisaria_2_Familia,2022,58,0.9,7,0,344,1
EXP-00231,ZARZAL,HURTO_PATRIMONIAL,Comisaria_2_Familia,2021,33,0.9,3,1,182,1
EXP-00232,PALMIRA,VIF,Comisaria_2_Familia,2024,74,0.9,3,0,172,1
EXP-00233,SEVILLA,VIF,Juzgado_Penal_Municipal_2,2024,35,1.05,1,0,97,0
EXP-00234,PALMIRA,ALIMENTOS,Comisaria_1_Familia,2023,74,1.1,5,0,203,1
EXP-00235,SEVILLA,VIF,Comisaria_1_Familia,2024,35,1.1,7,0,287,1
EXP-00236,SEVILLA,VIF,Juzgado_3_Familia,2022,35,0.95,5,0,226,1
EXP-00237,ZARZAL,ALIMENTOS,Juzgado_Penal_Municipal_1,2023,33,1.25,6,0,272,1
EXP-00238,JAMUNDI,HURTO_PATRIMONIAL,Comisaria_2_Familia,2024,67,0.9,4,0,196,1
EXP-00239,TULUA,ALIMENTOS,Comisaria_2_Familia,2023,71,0.9,4,0,227,1
EXP-00240,CARTAGO,VIF,Comisaria_2_Familia,2023,58,0.9,5,0,223,1
EXP-00241,CALI,VIF,Juzgado_1_Familia,2023,82,1.35,3,0,191,1
EXP-00242,FLORIDA,ALIMENTOS,Comisaria_2_Familia,2024,44,0.9,1,0,32,1
EXP-00243,CALI,ALIMENTOS,Comisaria_2_Familia,2021,82,0.9,7,0,274,1
EXP-00244,CARTAGO,HURTO_PATRIMONIAL,Juzgado_1_Familia,2020,58,1.35,4,1,358,1
EXP-00245,GUADALAJARA DE BUGA,HURTO_PATRIMONIAL,Juzgado_3_Familia,2021,53,0.95,6,0,324,1
EXP-00246,YUMBO,ALIMENTOS,Comisaria_1_Familia,2024,62,1.1,6,1,352,1
EXP-00247,PALMIRA,ALIMENTOS,Juzgado_Penal_Municipal_1,2022,74,1.25,9,0,435,1
EXP-00248,EL CERRITO,SUSTANCIAS,Juzgado_Penal_Municipal_1,2023,41,1.25,7,0,281,1
EXP-00249,BUENAVENTURA,ALIMENTOS,Juzgado_Penal_Municipal_2,2021,89,1.05,5,0,233,1
EXP-00250,FLORIDA,VIF,Juzgado_Penal_Municipal_1,2022,44,1.25,6,0,264,1
EXP-00251,CALI,VIF,Juzgado_3_Familia,2023,82,0.95,5,0,283,1
EXP-00252,BUENAVENTURA,VIF,Juzgado_Penal_Municipal_1,2023,89,1.25,7,0,325,1
EXP-00253,PRADERA,ALIMENTOS,Juzgado_Penal_Municipal_1,2024,38,1.25,6,0,356,1
EXP-00254,JAMUNDI,HURTO_PATRIMONIAL,Juzgado_3_Familia,2024,67,0.95,4,0,188,1
EXP-00255,JAMUNDI,VIF,Juzgado_3_Familia,2022,67,0.95,8,0,341,1
EXP-00256,CARTAGO,HURTO_PATRIMONIAL,Juzgado_Penal_Municipal_2,2021,58,1.05,10,1,659,1
EXP-00257,TULUA,ALIMENTOS,Juzgado_2_Familia,2023,71,1.2,8,0,438,1
EXP-00258,BUENAVENTURA,VIF,Comisaria_2_Familia,2023,89,0.9,6,0,311,1
EXP-00259,PRADERA,HURTO_PATRIMONIAL,Juzgado_Penal_Municipal_1,2024,38,1.25,11,1,651,1
EXP-00260,YUMBO,HURTO_PATRIMONIAL,Comisaria_2_Familia,2021,62,0.9,8,0,458,1
EXP-00261,FLORIDA,VIF,Comisaria_2_Familia,2020,44,0.9,2,0,149,1
EXP-00262,CALI,VIF,Comisaria_1_Familia,2023,82,1.1,5,0,220,1
EXP-00263,TULUA,VIF,Juzgado_Penal_Municipal_1,2023,71,1.25,6,0,218,0
EXP-00264,ZARZAL,ALIMENTOS,Comisaria_2_Familia,2024,33,0.9,6,0,249,1
EXP-00265,CALI,VIF,Juzgado_2_Familia,2022,82,1.2,8,0,325,1
EXP-00266,CALI,VIF,Comisaria_1_Familia,2023,82,1.1,5,0,296,1
EXP-00267,PRADERA,VIF,Juzgado_1_Familia,2024,38,1.35,5,0,294,1
EXP-00268,PALMIRA,ALIMENTOS,Juzgado_1_Familia,2023,74,1.35,12,1,740,1
EXP-00269,PALMIRA,ALIMENTOS,Juzgado_Penal_Municipal_1,2021,74,1.25,4,0,281,1
EXP-00270,JAMUNDI,HURTO_PATRIMONIAL,Juzgado_2_Familia,2020,67,1.2,9,1,512,1
EXP-00271,YUMBO,ALIMENTOS,Juzgado_Penal_Municipal_1,2023,62,1.25,7,1,532,1
EXP-00272,ZARZAL,ALIMENTOS,Juzgado_2_Familia,2022,33,1.2,4,0,225,1
EXP-00273,YUMBO,VIF,Juzgado_1_Familia,2024,62,1.35,2,0,125,0
EXP-00274,FLORIDA,VIF,Comisaria_2_Familia,2023,44,0.9,1,0,68,1
EXP-00275,BUENAVENTURA,HURTO_PATRIMONIAL,Juzgado_3_Familia,2024,89,0.95,5,0,252,0
EXP-00276,CARTAGO,VIF,Comisaria_2_Familia,2022,58,0.9,3,0,120,1
EXP-00277,PALMIRA,ALIMENTOS,Comisaria_2_Familia,2023,74,0.9,4,0,197,1
EXP-00278,FLORIDA,ALIMENTOS,Juzgado_Penal_Municipal_1,2023,44,1.25,5,1,333,1
EXP-00279,CARTAGO,HURTO_PATRIMONIAL,Juzgado_1_Familia,2023,58,1.35,8,0,410,1
EXP-00280,BUENAVENTURA,VIF,Juzgado_1_Familia,2023,89,1.35,2,0,143,1
EXP-00281,YUMBO,ALIMENTOS,Juzgado_Penal_Municipal_2,2023,62,1.05,6,0,222,0
EXP-00282,GUADALAJARA DE BUGA,HURTO_PATRIMONIAL,Juzgado_2_Familia,2022,53,1.2,10,1,533,1
EXP-00283,YUMBO,ALIMENTOS,Juzgado_Penal_Municipal_1,2021,62,1.25,8,0,363,1
EXP-00284,CARTAGO,ALIMENTOS,Juzgado_3_Familia,2024,58,0.95,7,1,261,0
EXP-00285,BUENAVENTURA,ALIMENTOS,Comisaria_2_Familia,2024,89,0.9,5,1,415,1
EXP-00286,TULUA,ALIMENTOS,Juzgado_Penal_Municipal_2,2023,71,1.05,2,0,55,1
EXP-00287,PALMIRA,VIF,Juzgado_3_Familia,2022,74,0.95,3,0,181,1
EXP-00288,PRADERA,HURTO_PATRIMONIAL,Comisaria_2_Familia,2022,38,0.9,4,1,267,1
EXP-00289,ZARZAL,ALIMENTOS,Juzgado_1_Familia,2022,33,1.35,5,0,244,1
EXP-00290,GUADALAJARA DE BUGA,ALIMENTOS,Comisaria_2_Familia,2023,53,0.9,9,0,414,1
EXP-00291,JAMUNDI,SUSTANCIAS,Comisaria_1_Familia,2024,67,1.1,7,0,287,1
EXP-00292,PRADERA,SUSTANCIAS,Juzgado_2_Familia,2024,38,1.2,1,0,100,1
EXP-00293,PALMIRA,HURTO_PATRIMONIAL,Juzgado_Penal_Municipal_1,2021,74,1.25,6,0,252,0
EXP-00294,CARTAGO,HURTO_PATRIMONIAL,Juzgado_2_Familia,2024,58,1.2,12,1,722,1
EXP-00295,EL CERRITO,HURTO_PATRIMONIAL,Juzgado_3_Familia,2023,41,0.95,6,1,467,1
EXP-00296,PRADERA,VIF,Juzgado_Penal_Municipal_1,2024,38,1.25,6,0,296,1
EXP-00297,PALMIRA,VIF,Juzgado_1_Familia,2021,74,1.35,5,0,245,1
EXP-00298,JAMUNDI,VIF,Juzgado_Penal_Municipal_1,2024,67,1.25,5,0,276,0
EXP-00299,PALMIRA,SUSTANCIAS,Juzgado_3_Familia,2020,74,0.95,3,0,198,1
EXP-00300,ZARZAL,HURTO_PATRIMONIAL,Juzgado_Penal_Municipal_1,2022,33,1.25,6,1,429,1
EXP-00301,GUADALAJARA DE BUGA,ALIMENTOS,Juzgado_1_Familia,2022,53,1.35,8,0,374,1
EXP-00302,GUADALAJARA DE BUGA,VIF,Juzgado_1_Familia,2022,53,1.35,6,0,237,1
EXP-00303,ZARZAL,ALIMENTOS,Comisaria_2_Familia,2023,33,0.9,2,0,137,0
EXP-00304,EL CERRITO,ALIMENTOS,Juzgado_1_Familia,2022,41,1.35,11,0,432,1
EXP-00305,GUADALAJARA DE BUGA,VIF,Juzgado_Penal_Municipal_1,2024,53,1.25,5,0,273,1
EXP-00306,BUENAVENTURA,VIF,Comisaria_2_Familia,2020,89,0.9,3,0,105,0
EXP-00307,SEVILLA,ALIMENTOS,Juzgado_3_Familia,2024,35,0.95,7,0,273,1
EXP-00308,PRADERA,SUSTANCIAS,Juzgado_Penal_Municipal_1,2024,38,1.25,8,0,351,1
EXP-00309,CANDELARIA,SUSTANCIAS,Juzgado_Penal_Municipal_1,2023,48,1.25,5,0,202,1
EXP-00310,PRADERA,ALIMENTOS,Comisaria_1_Familia,2023,38,1.1,7,1,457,1
EXP-00311,CALI,ALIMENTOS,Juzgado_Penal_Municipal_1,2020,82,1.25,4,0,278,1
EXP-00312,CANDELARIA,ALIMENTOS,Juzgado_2_Familia,2024,48,1.2,4,0,306,1
EXP-00313,SEVILLA,VIF,Juzgado_1_Familia,2023,35,1.35,4,0,244,1
EXP-00314,CALI,ALIMENTOS,Juzgado_2_Familia,2022,82,1.2,5,0,233,0
EXP-00315,PALMIRA,HURTO_PATRIMONIAL,Juzgado_Penal_Municipal_2,2024,74,1.05,12,0,562,1
EXP-00316,ZARZAL,ALIMENTOS,Comisaria_1_Familia,2024,33,1.1,7,1,449,1
EXP-00317,CALI,HURTO_PATRIMONIAL,Juzgado_Penal_Municipal_2,2024,82,1.05,7,1,461,0
EXP-00318,CALI,VIF,Juzgado_2_Familia,2022,82,1.2,8,0,346,1
EXP-00319,JAMUNDI,ALIMENTOS,Comisaria_1_Familia,2023,67,1.1,7,1,411,1
EXP-00320,BUENAVENTURA,VIF,Juzgado_1_Familia,2023,89,1.35,8,0,325,1
EXP-00321,PALMIRA,SUSTANCIAS,Juzgado_1_Familia,2021,74,1.35,6,0,350,1
EXP-00322,SEVILLA,ALIMENTOS,Juzgado_Penal_Municipal_1,2021,35,1.25,6,0,310,1
EXP-00323,SEVILLA,VIF,Comisaria_2_Familia,2021,35,0.9,1,0,37,1
EXP-00324,CARTAGO,ALIMENTOS,Comisaria_2_Familia,2023,58,0.9,8,0,423,1
EXP-00325,FLORIDA,VIF,Comisaria_1_Familia,2024,44,1.1,5,0,253,1
EXP-00326,GUADALAJARA DE BUGA,ALIMENTOS,Juzgado_2_Familia,2022,53,1.2,6,0,313,1
EXP-00327,PRADERA,VIF,Comisaria_1_Familia,2020,38,1.1,2,0,224,1
EXP-00328,PALMIRA,ALIMENTOS,Juzgado_Penal_Municipal_2,2024,74,1.05,5,0,233,1
EXP-00329,TULUA,VIF,Juzgado_Penal_Municipal_1,2023,71,1.25,5,0,220,1
EXP-00330,CANDELARIA,SUSTANCIAS,Juzgado_3_Familia,2024,48,0.95,2,0,114,0
EXP-00331,FLORIDA,VIF,Juzgado_Penal_Municipal_1,2024,44,1.25,2,0,133,1
EXP-00332,SEVILLA,VIF,Comisaria_1_Familia,2022,35,1.1,6,0,232,1
EXP-00333,CALI,ALIMENTOS,Juzgado_3_Familia,2024,82,0.95,1,0,155,1
EXP-00334,JAMUNDI,VIF,Comisaria_2_Familia,2023,67,0.9,6,0,255,1
EXP-00335,FLORIDA,HURTO_PATRIMONIAL,Comisaria_2_Familia,2021,44,0.9,5,1,354,1
EXP-00336,GUADALAJARA DE BUGA,VIF,Juzgado_1_Familia,2023,53,1.35,4,0,268,1
EXP-00337,EL CERRITO,ALIMENTOS,Comisaria_2_Familia,2024,41,0.9,7,0,275,1
EXP-00338,JAMUNDI,HURTO_PATRIMONIAL,Comisaria_1_Familia,2024,67,1.1,6,0,291,0
EXP-00339,YUMBO,VIF,Comisaria_1_Familia,2020,62,1.1,5,0,185,0
EXP-00340,CARTAGO,HURTO_PATRIMONIAL,Comisaria_1_Familia,2024,58,1.1,6,0,276,0
EXP-00341,GUADALAJARA DE BUGA,VIF,Juzgado_Penal_Municipal_1,2023,53,1.25,4,0,135,1
EXP-00342,CARTAGO,VIF,Juzgado_1_Familia,2024,58,1.35,6,0,285,1
EXP-00343,TULUA,HURTO_PATRIMONIAL,Juzgado_3_Familia,2021,71,0.95,9,0,436,1
EXP-00344,YUMBO,ALIMENTOS,Comisaria_2_Familia,2023,62,0.9,4,1,284,0
EXP-00345,EL CERRITO,HURTO_PATRIMONIAL,Juzgado_2_Familia,2021,41,1.2,4,0,246,1
EXP-00346,CANDELARIA,VIF,Juzgado_Penal_Municipal_1,2020,48,1.25,4,0,157,0
EXP-00347,CARTAGO,VIF,Juzgado_Penal_Municipal_2,2021,58,1.05,6,0,276,1
EXP-00348,CALI,HURTO_PATRIMONIAL,Juzgado_2_Familia,2021,82,1.2,11,1,777,1
EXP-00349,YUMBO,ALIMENTOS,Juzgado_3_Familia,2023,62,0.95,4,1,268,0
EXP-00350,BUENAVENTURA,ALIMENTOS,Juzgado_Penal_Municipal_2,2024,89,1.05,3,1,327,0
EXP-00351,PRADERA,HURTO_PATRIMONIAL,Juzgado_3_Familia,2024,38,0.95,6,0,279,1
EXP-00352,JAMUNDI,HURTO_PATRIMONIAL,Juzgado_1_Familia,2023,67,1.35,9,0,433,1
EXP-00353,YUMBO,ALIMENTOS,Juzgado_Penal_Municipal_2,2023,62,1.05,9,0,493,1
EXP-00354,BUENAVENTURA,ALIMENTOS,Comisaria_1_Familia,2021,89,1.1,3,0,222,1
EXP-00355,EL CERRITO,HURTO_PATRIMONIAL,Juzgado_2_Familia,2022,41,1.2,10,0,419,1
EXP-00356,CARTAGO,ALIMENTOS,Juzgado_2_Familia,2024,58,1.2,10,0,396,1
EXP-00357,CANDELARIA,ALIMENTOS,Comisaria_2_Familia,2024,48,0.9,5,1,334,1
EXP-00358,TULUA,HURTO_PATRIMONIAL,Juzgado_Penal_Municipal_2,2024,71,1.05,2,1,201,1
EXP-00359,CALI,VIF,Juzgado_2_Familia,2023,82,1.2,5,0,217,1
EXP-00360,EL CERRITO,VIF,Juzgado_1_Familia,2022,41,1.35,5,0,292,1
EXP-00361,CARTAGO,ALIMENTOS,Juzgado_3_Familia,2023,58,0.95,1,0,51,1
EXP-00362,BUENAVENTURA,VIF,Juzgado_3_Familia,2022,89,0.95,6,0,318,1
EXP-00363,CARTAGO,VIF,Juzgado_3_Familia,2024,58,0.95,7,0,297,1
EXP-00364,SEVILLA,ALIMENTOS,Juzgado_Penal_Municipal_2,2021,35,1.05,5,0,277,1
EXP-00365,JAMUNDI,ALIMENTOS,Juzgado_3_Familia,2023,67,0.95,7,0,322,1
EXP-00366,FLORIDA,ALIMENTOS,Comisaria_2_Familia,2024,44,0.9,7,0,296,1
EXP-00367,PALMIRA,VIF,Juzgado_1_Familia,2024,74,1.35,7,0,366,1
EXP-00368,FLORIDA,VIF,Juzgado_Penal_Municipal_1,2024,44,1.25,2,0,141,1
EXP-00369,PRADERA,SUSTANCIAS,Juzgado_3_Familia,2023,38,0.95,3,0,200,1
EXP-00370,JAMUNDI,ALIMENTOS,Comisaria_2_Familia,2022,67,0.9,4,0,183,1
EXP-00371,EL CERRITO,VIF,Comisaria_2_Familia,2024,41,0.9,4,0,206,1
EXP-00372,CANDELARIA,ALIMENTOS,Juzgado_3_Familia,2022,48,0.95,3,0,247,1
EXP-00373,FLORIDA,VIF,Juzgado_1_Familia,2021,44,1.35,9,0,412,1
EXP-00374,PRADERA,HURTO_PATRIMONIAL,Juzgado_1_Familia,2021,38,1.35,7,1,492,1
EXP-00375,SEVILLA,ALIMENTOS,Comisaria_2_Familia,2024,35,0.9,4,0,127,1
EXP-00376,CALI,SUSTANCIAS,Juzgado_Penal_Municipal_1,2022,82,1.25,8,0,384,1
EXP-00377,BUENAVENTURA,VIF,Juzgado_2_Familia,2020,89,1.2,6,0,182,0
EXP-00378,EL CERRITO,HURTO_PATRIMONIAL,Comisaria_2_Familia,2024,41,0.9,6,1,414,1
EXP-00379,ZARZAL,VIF,Comisaria_2_Familia,2023,33,0.9,5,0,259,1
EXP-00380,SEVILLA,ALIMENTOS,Juzgado_1_Familia,2021,35,1.35,7,1,471,1
EXP-00381,CARTAGO,ALIMENTOS,Juzgado_3_Familia,2023,58,0.95,6,0,318,1
EXP-00382,JAMUNDI,VIF,Juzgado_3_Familia,2021,67,0.95,4,0,152,1
EXP-00383,EL CERRITO,VIF,Juzgado_2_Familia,2024,41,1.2,6,0,322,1
EXP-00384,TULUA,ALIMENTOS,Juzgado_1_Familia,2023,71,1.35,9,1,596,1
EXP-00385,TULUA,VIF,Comisaria_1_Familia,2021,71,1.1,3,0,152,1
EXP-00386,BUENAVENTURA,VIF,Juzgado_3_Familia,2022,89,0.95,2,0,193,1
EXP-00387,SEVILLA,ALIMENTOS,Juzgado_1_Familia,2021,35,1.35,13,0,651,1
EXP-00388,TULUA,HURTO_PATRIMONIAL,Juzgado_3_Familia,2020,71,0.95,2,1,161,1
EXP-00389,SEVILLA,VIF,Juzgado_3_Familia,2022,35,0.95,3,0,132,1
EXP-00390,YUMBO,HURTO_PATRIMONIAL,Comisaria_2_Familia,2021,62,0.9,9,0,471,1
EXP-00391,PRADERA,HURTO_PATRIMONIAL,Juzgado_3_Familia,2021,38,0.95,8,0,378,1
EXP-00392,ZARZAL,HURTO_PATRIMONIAL,Juzgado_2_Familia,2024,33,1.2,4,0,206,1
EXP-00393,GUADALAJARA DE BUGA,ALIMENTOS,Juzgado_Penal_Municipal_1,2020,53,1.25,2,1,123,1
EXP-00394,SEVILLA,HURTO_PATRIMONIAL,Comisaria_2_Familia,2024,35,0.9,4,0,175,1
EXP-00395,CANDELARIA,ALIMENTOS,Comisaria_2_Familia,2020,48,0.9,3,0,161,0
EXP-00396,JAMUNDI,HURTO_PATRIMONIAL,Juzgado_Penal_Municipal_2,2021,67,1.05,7,0,329,1
EXP-00397,TULUA,SUSTANCIAS,Juzgado_Penal_Municipal_1,2024,71,1.25,6,0,220,1
EXP-00398,FLORIDA,ALIMENTOS,Juzgado_Penal_Municipal_1,2024,44,1.25,2,1,204,0
EXP-00399,TULUA,SUSTANCIAS,Juzgado_Penal_Municipal_1,2022,71,1.25,7,0,292,0
EXP-00400,FLORIDA,ALIMENTOS,Juzgado_2_Familia,2024,44,1.2,4,0,199,0
EXP-00401,TULUA,VIF,Juzgado_3_Familia,2024,71,0.95,4,0,230,1
EXP-00402,TULUA,SUSTANCIAS,Juzgado_Penal_Municipal_2,2024,71,1.05,8,0,353,1
EXP-00403,CALI,ALIMENTOS,Juzgado_2_Familia,2024,82,1.2,7,0,315,1
EXP-00404,SEVILLA,ALIMENTOS,Comisaria_1_Familia,2024,35,1.1,8,0,331,1
EXP-00405,GUADALAJARA DE BUGA,VIF,Juzgado_1_Familia,2022,53,1.35,6,0,307,1
EXP-00406,BUENAVENTURA,ALIMENTOS,Juzgado_3_Familia,2024,89,0.95,6,1,410,1
EXP-00407,PALMIRA,HURTO_PATRIMONIAL,Juzgado_1_Familia,2024,74,1.35,9,1,611,1
EXP-00408,SEVILLA,SUSTANCIAS,Juzgado_Penal_Municipal_1,2023,35,1.25,4,0,193,1
EXP-00409,TULUA,VIF,Comisaria_1_Familia,2022,71,1.1,6,0,271,1
EXP-00410,GUADALAJARA DE BUGA,ALIMENTOS,Juzgado_Penal_Municipal_2,2023,53,1.05,5,0,295,1
EXP-00411,EL CERRITO,VIF,Juzgado_Penal_Municipal_1,2022,41,1.25,5,0,160,0
EXP-00412,ZARZAL,ALIMENTOS,Juzgado_1_Familia,2023,33,1.35,6,1,428,1
EXP-00413,SEVILLA,HURTO_PATRIMONIAL,Juzgado_Penal_Municipal_2,2023,35,1.05,4,0,277,1
EXP-00414,SEVILLA,ALIMENTOS,Juzgado_Penal_Municipal_2,2022,35,1.05,3,0,150,1
EXP-00415,ZARZAL,VIF,Juzgado_2_Familia,2024,33,1.2,1,0,113,1
EXP-00416,EL CERRITO,VIF,Juzgado_2_Familia,2023,41,1.2,2,0,179,1
EXP-00417,YUMBO,ALIMENTOS,Juzgado_Penal_Municipal_2,2020,62,1.05,4,0,232,1
EXP-00418,BUENAVENTURA,ALIMENTOS,Juzgado_2_Familia,2024,89,1.2,7,1,628,1
EXP-00419,YUMBO,ALIMENTOS,Comisaria_1_Familia,2021,62,1.1,5,0,286,1
EXP-00420,PALMIRA,HURTO_PATRIMONIAL,Juzgado_3_Familia,2024,74,0.95,4,0,118,0
EXP-00421,GUADALAJARA DE BUGA,ALIMENTOS,Comisaria_1_Familia,2024,53,1.1,7,1,519,1
EXP-00422,YUMBO,SUSTANCIAS,Juzgado_1_Familia,2023,62,1.35,6,0,247,1
EXP-00423,JAMUNDI,SUSTANCIAS,Comisaria_1_Familia,2024,67,1.1,7,0,277,1
EXP-00424,PALMIRA,VIF,Juzgado_1_Familia,2023,74,1.35,9,0,382,1
EXP-00425,GUADALAJARA DE BUGA,ALIMENTOS,Juzgado_Penal_Municipal_2,2020,53,1.05,2,0,186,1
EXP-00426,BUENAVENTURA,VIF,Juzgado_Penal_Municipal_2,2024,89,1.05,7,0,295,1
EXP-00427,SEVILLA,HURTO_PATRIMONIAL,Juzgado_3_Familia,2023,35,0.95,9,0,384,1
EXP-00428,FLORIDA,VIF,Comisaria_2_Familia,2023,44,0.9,1,0,71,1
EXP-00429,YUMBO,HURTO_PATRIMONIAL,Juzgado_2_Familia,2024,62,1.2,13,1,869,1
EXP-00430,FLORIDA,VIF,Juzgado_2_Familia,2023,44,1.2,5,0,207,1
EXP-00431,CARTAGO,ALIMENTOS,Juzgado_Penal_Municipal_1,2023,58,1.25,6,0,340,1
EXP-00432,GUADALAJARA DE BUGA,HURTO_PATRIMONIAL,Juzgado_Penal_Municipal_1,2023,53,1.25,6,0,310,1
EXP-00433,FLORIDA,SUSTANCIAS,Juzgado_2_Familia,2024,44,1.2,4,0,174,0
EXP-00434,TULUA,SUSTANCIAS,Juzgado_3_Familia,2023,71,0.95,2,0,70,1
EXP-00435,TULUA,HURTO_PATRIMONIAL,Comisaria_2_Familia,2022,71,0.9,2,1,240,1
EXP-00436,CALI,ALIMENTOS,Comisaria_2_Familia,2022,82,0.9,9,1,401,1
EXP-00437,FLORIDA,HURTO_PATRIMONIAL,Comisaria_1_Familia,2024,44,1.1,8,0,300,1
EXP-00438,JAMUNDI,VIF,Juzgado_Penal_Municipal_1,2022,67,1.25,1,0,75,1
EXP-00439,JAMUNDI,HURTO_PATRIMONIAL,Juzgado_Penal_Municipal_1,2024,67,1.25,8,0,444,1
EXP-00440,FLORIDA,HURTO_PATRIMONIAL,Juzgado_2_Familia,2022,44,1.2,7,0,337,1
EXP-00441,ZARZAL,ALIMENTOS,Juzgado_Penal_Municipal_2,2022,33,1.05,3,0,202,1
EXP-00442,SEVILLA,VIF,Juzgado_1_Familia,2022,35,1.35,9,0,391,1
EXP-00443,CALI,ALIMENTOS,Juzgado_2_Familia,2022,82,1.2,9,0,373,1
EXP-00444,CALI,VIF,Comisaria_2_Familia,2022,82,0.9,4,0,247,1
EXP-00445,JAMUNDI,HURTO_PATRIMONIAL,Juzgado_3_Familia,2021,67,0.95,1,0,23,0
EXP-00446,SEVILLA,VIF,Comisaria_2_Familia,2023,35,0.9,2,0,82,0
EXP-00447,CANDELARIA,HURTO_PATRIMONIAL,Comisaria_2_Familia,2024,48,0.9,7,1,397,1
EXP-00448,ZARZAL,VIF,Juzgado_3_Familia,2024,33,0.95,3,0,113,0
EXP-00449,CANDELARIA,ALIMENTOS,Juzgado_2_Familia,2020,48,1.2,7,1,393,1
EXP-00450,PRADERA,VIF,Juzgado_1_Familia,2020,38,1.35,6,0,337,1
EXP-00451,SEVILLA,VIF,Comisaria_2_Familia,2022,35,0.9,3,0,190,1
EXP-00452,GUADALAJARA DE BUGA,VIF,Juzgado_3_Familia,2022,53,0.95,3,0,194,1
EXP-00453,ZARZAL,ALIMENTOS,Juzgado_Penal_Municipal_1,2024,33,1.25,3,0,206,0
EXP-00454,TULUA,HURTO_PATRIMONIAL,Juzgado_2_Familia,2023,71,1.2,3,1,208,1
EXP-00455,PALMIRA,VIF,Comisaria_1_Familia,2024,74,1.1,4,0,226,1
EXP-00456,SEVILLA,ALIMENTOS,Juzgado_Penal_Municipal_2,2023,35,1.05,8,0,407,1
EXP-00457,ZARZAL,ALIMENTOS,Juzgado_2_Familia,2022,33,1.2,6,0,231,1
EXP-00458,SEVILLA,ALIMENTOS,Juzgado_Penal_Municipal_1,2024,35,1.25,10,0,412,1
EXP-00459,BUENAVENTURA,VIF,Juzgado_2_Familia,2023,89,1.2,6,0,276,1
EXP-00460,CARTAGO,ALIMENTOS,Juzgado_Penal_Municipal_1,2024,58,1.25,6,0,360,1
EXP-00461,ZARZAL,ALIMENTOS,Comisaria_1_Familia,2024,33,1.1,7,1,386,1
EXP-00462,FLORIDA,VIF,Comisaria_1_Familia,2021,44,1.1,3,0,204,1
EXP-00463,SEVILLA,HURTO_PATRIMONIAL,Juzgado_3_Familia,2024,35,0.95,9,0,401,1
EXP-00464,ZARZAL,HURTO_PATRIMONIAL,Juzgado_Penal_Municipal_2,2024,33,1.05,6,0,268,1
EXP-00465,EL CERRITO,SUSTANCIAS,Juzgado_3_Familia,2024,41,0.95,4,0,170,0
EXP-00466,SEVILLA,ALIMENTOS,Juzgado_3_Familia,2020,35,0.95,7,0,345,1
EXP-00467,JAMUNDI,ALIMENTOS,Juzgado_Penal_Municipal_1,2020,67,1.25,8,0,355,1
EXP-00468,EL CERRITO,ALIMENTOS,Juzgado_3_Familia,2023,41,0.95,7,1,389,1
EXP-00469,PALMIRA,VIF,Juzgado_2_Familia,2021,74,1.2,10,0,375,1
EXP-00470,EL CERRITO,SUSTANCIAS,Juzgado_Penal_Municipal_2,2023,41,1.05,6,0,196,1
EXP-00471,BUENAVENTURA,VIF,Juzgado_1_Familia,2023,89,1.35,7,0,309,1
EXP-00472,SEVILLA,VIF,Juzgado_Penal_Municipal_2,2024,35,1.05,4,0,180,1
EXP-00473,CARTAGO,VIF,Juzgado_2_Familia,2023,58,1.2,7,0,309,1
EXP-00474,CANDELARIA,HURTO_PATRIMONIAL,Juzgado_Penal_Municipal_1,2023,48,1.25,7,0,336,0
EXP-00475,EL CERRITO,VIF,Comisaria_1_Familia,2023,41,1.1,6,0,267,1
EXP-00476,FLORIDA,VIF,Comisaria_2_Familia,2023,44,0.9,4,0,171,0
EXP-00477,PRADERA,VIF,Juzgado_Penal_Municipal_1,2024,38,1.25,6,0,269,1
EXP-00478,ZARZAL,VIF,Juzgado_Penal_Municipal_2,2023,33,1.05,6,0,295,1
EXP-00479,CARTAGO,SUSTANCIAS,Comisaria_1_Familia,2021,58,1.1,8,0,320,1
EXP-00480,JAMUNDI,ALIMENTOS,Comisaria_1_Familia,2022,67,1.1,1,1,176,1
EXP-00481,SEVILLA,ALIMENTOS,Juzgado_3_Familia,2024,35,0.95,2,0,148,1
EXP-00482,CANDELARIA,ALIMENTOS,Comisaria_1_Familia,2022,48,1.1,7,0,322,1
EXP-00483,PRADERA,ALIMENTOS,Juzgado_3_Familia,2022,38,0.95,1,0,82,0
EXP-00484,SEVILLA,ALIMENTOS,Comisaria_1_Familia,2021,35,1.1,5,1,338,1
EXP-00485,CANDELARIA,ALIMENTOS,Juzgado_2_Familia,2024,48,1.2,10,0,402,1
EXP-00486,FLORIDA,VIF,Juzgado_Penal_Municipal_1,2022,44,1.25,6,0,238,1
EXP-00487,FLORIDA,HURTO_PATRIMONIAL,Juzgado_2_Familia,2022,44,1.2,4,0,235,1
EXP-00488,PRADERA,HURTO_PATRIMONIAL,Juzgado_Penal_Municipal_2,2021,38,1.05,10,0,476,1
EXP-00489,JAMUNDI,VIF,Juzgado_1_Familia,2023,67,1.35,8,0,378,1
EXP-00490,PALMIRA,HURTO_PATRIMONIAL,Juzgado_Penal_Municipal_2,2023,74,1.05,6,1,553,1
EXP-00491,CALI,ALIMENTOS,Juzgado_3_Familia,2024,82,0.95,8,1,548,1
EXP-00492,CANDELARIA,VIF,Juzgado_3_Familia,2021,48,0.95,2,0,103,1
EXP-00493,PRADERA,VIF,Juzgado_Penal_Municipal_1,2024,38,1.25,6,0,282,1
EXP-00494,CANDELARIA,VIF,Juzgado_Penal_Municipal_1,2022,48,1.25,4,0,146,0
EXP-00495,SEVILLA,HURTO_PATRIMONIAL,Juzgado_Penal_Municipal_1,2024,35,1.25,16,1,909,1
EXP-00496,SEVILLA,HURTO_PATRIMONIAL,Juzgado_2_Familia,2020,35,1.2,3,0,198,1
EXP-00497,SEVILLA,ALIMENTOS,Juzgado_2_Familia,2021,35,1.2,8,0,364,1
EXP-00498,JAMUNDI,VIF,Juzgado_1_Familia,2024,67,1.35,9,0,392,1
EXP-00499,ZARZAL,SUSTANCIAS,Juzgado_2_Familia,2022,33,1.2,2,0,113,0
EXP-00500,GUADALAJARA DE BUGA,VIF,Juzgado_3_Familia,2023,53,0.95,5,0,209,1
EXP-00501,GUADALAJARA DE BUGA,VIF,Juzgado_Penal_Municipal_1,2023,53,1.25,7,0,346,1
EXP-00502,PALMIRA,HURTO_PATRIMONIAL,Juzgado_1_Familia,2022,74,1.35,13,0,595,1
EXP-00503,EL CERRITO,ALIMENTOS,Juzgado_1_Familia,2023,41,1.35,12,0,523,1
EXP-00504,JAMUNDI,VIF,Juzgado_Penal_Municipal_2,2024,67,1.05,2,0,142,1
EXP-00505,PALMIRA,VIF,Juzgado_1_Familia,2022,74,1.35,3,0,175,1
EXP-00506,BUENAVENTURA,VIF,Juzgado_3_Familia,2023,89,0.95,8,0,356,1
EXP-00507,PRADERA,HURTO_PATRIMONIAL,Juzgado_Penal_Municipal_2,2023,38,1.05,1,0,78,1
EXP-00508,SEVILLA,ALIMENTOS,Juzgado_1_Familia,2024,35,1.35,2,0,157,0
EXP-00509,BUENAVENTURA,SUSTANCIAS,Juzgado_1_Familia,2024,89,1.35,5,0,303,1
EXP-00510,PRADERA,ALIMENTOS,Juzgado_Penal_Municipal_2,2021,38,1.05,4,0,168,1
EXP-00511,BUENAVENTURA,ALIMENTOS,Juzgado_Penal_Municipal_1,2020,89,1.25,9,0,374,1
EXP-00512,CANDELARIA,HURTO_PATRIMONIAL,Juzgado_2_Familia,2024,48,1.2,9,0,352,1
EXP-00513,BUENAVENTURA,HURTO_PATRIMONIAL,Juzgado_2_Familia,2024,89,1.2,8,0,377,1
EXP-00514,CARTAGO,HURTO_PATRIMONIAL,Juzgado_3_Familia,2022,58,0.95,7,0,334,0
EXP-00515,YUMBO,VIF,Juzgado_2_Familia,2022,62,1.2,5,0,159,1
EXP-00516,CARTAGO,VIF,Juzgado_Penal_Municipal_1,2024,58,1.25,7,0,359,1
EXP-00517,BUENAVENTURA,ALIMENTOS,Juzgado_3_Familia,2023,89,0.95,8,0,360,1
EXP-00518,CALI,ALIMENTOS,Juzgado_3_Familia,2024,82,0.95,5,0,309,1
EXP-00519,SEVILLA,VIF,Comisaria_2_Familia,2020,35,0.9,5,0,201,0
EXP-00520,PRADERA,ALIMENTOS,Juzgado_Penal_Municipal_2,2021,38,1.05,3,1,154,1
EXP-00521,FLORIDA,HURTO_PATRIMONIAL,Juzgado_Penal_Municipal_2,2024,44,1.05,1,1,70,0
EXP-00522,GUADALAJARA DE BUGA,ALIMENTOS,Comisaria_2_Familia,2023,53,0.9,5,1,415,1
EXP-00523,CALI,ALIMENTOS,Juzgado_3_Familia,2022,82,0.95,8,0,387,1
EXP-00524,CALI,HURTO_PATRIMONIAL,Juzgado_Penal_Municipal_1,2024,82,1.25,4,1,261,0
EXP-00525,SEVILLA,VIF,Comisaria_2_Familia,2021,35,0.9,2,0,165,1
EXP-00526,JAMUNDI,ALIMENTOS,Juzgado_Penal_Municipal_1,2021,67,1.25,7,1,494,1
EXP-00527,SEVILLA,ALIMENTOS,Comisaria_1_Familia,2021,35,1.1,7,0,331,1
EXP-00528,PALMIRA,ALIMENTOS,Juzgado_3_Familia,2022,74,0.95,7,0,313,1
EXP-00529,EL CERRITO,SUSTANCIAS,Juzgado_3_Familia,2022,41,0.95,6,0,351,1
EXP-00530,ZARZAL,ALIMENTOS,Juzgado_3_Familia,2020,33,0.95,3,0,243,1
EXP-00531,CANDELARIA,VIF,Juzgado_3_Familia,2022,48,0.95,3,0,165,0
EXP-00532,GUADALAJARA DE BUGA,VIF,Juzgado_1_Familia,2022,53,1.35,3,0,202,0
EXP-00533,GUADALAJARA DE BUGA,HURTO_PATRIMONIAL,Juzgado_3_Familia,2024,53,0.95,7,0,336,1
EXP-00534,CANDELARIA,VIF,Juzgado_1_Familia,2022,48,1.35,2,0,77,0
EXP-00535,EL CERRITO,HURTO_PATRIMONIAL,Comisaria_1_Familia,2022,41,1.1,4,1,351,1
EXP-00536,PALMIRA,SUSTANCIAS,Comisaria_1_Familia,2022,74,1.1,6,0,202,1
EXP-00537,CARTAGO,VIF,Juzgado_Penal_Municipal_2,2023,58,1.05,1,0,106,1
EXP-00538,FLORIDA,VIF,Juzgado_Penal_Municipal_2,2022,44,1.05,6,0,273,1
EXP-00539,BUENAVENTURA,ALIMENTOS,Juzgado_Penal_Municipal_2,2024,89,1.05,3,0,180,0
EXP-00540,BUENAVENTURA,ALIMENTOS,Juzgado_3_Familia,2020,89,0.95,4,1,343,1
EXP-00541,FLORIDA,SUSTANCIAS,Juzgado_3_Familia,2020,44,0.95,2,0,35,0
EXP-00542,YUMBO,HURTO_PATRIMONIAL,Juzgado_3_Familia,2022,62,0.95,6,1,442,1
EXP-00543,BUENAVENTURA,ALIMENTOS,Juzgado_3_Familia,2024,89,0.95,7,0,341,1
EXP-00544,CANDELARIA,ALIMENTOS,Comisaria_2_Familia,2024,48,0.9,5,1,281,1
EXP-00545,JAMUNDI,ALIMENTOS,Comisaria_1_Familia,2023,67,1.1,3,1,274,0
EXP-00546,SEVILLA,HURTO_PATRIMONIAL,Comisaria_2_Familia,2022,35,0.9,1,0,155,1
EXP-00547,FLORIDA,ALIMENTOS,Comisaria_2_Familia,2024,44,0.9,5,0,235,1
EXP-00548,YUMBO,ALIMENTOS,Juzgado_2_Familia,2020,62,1.2,6,0,308,1
EXP-00549,ZARZAL,SUSTANCIAS,Comisaria_1_Familia,2024,33,1.1,5,0,221,1
EXP-00550,PALMIRA,VIF,Comisaria_1_Familia,2023,74,1.1,7,0,288,1
EXP-00551,BUENAVENTURA,ALIMENTOS,Juzgado_Penal_Municipal_2,2024,89,1.05,8,0,449,1
EXP-00552,FLORIDA,VIF,Juzgado_Penal_Municipal_2,2024,44,1.05,8,0,286,1
EXP-00553,PALMIRA,SUSTANCIAS,Juzgado_2_Familia,2022,74,1.2,9,0,458,1
EXP-00554,ZARZAL,ALIMENTOS,Juzgado_Penal_Municipal_2,2023,33,1.05,7,0,293,1
EXP-00555,BUENAVENTURA,ALIMENTOS,Juzgado_1_Familia,2024,89,1.35,9,1,635,1
EXP-00556,PRADERA,ALIMENTOS,Juzgado_3_Familia,2024,38,0.95,7,1,474,1
EXP-00557,CALI,SUSTANCIAS,Juzgado_1_Familia,2023,82,1.35,6,0,192,1
EXP-00558,CARTAGO,ALIMENTOS,Juzgado_2_Familia,2023,58,1.2,7,0,385,1
EXP-00559,JAMUNDI,VIF,Comisaria_2_Familia,2023,67,0.9,4,0,151,1
EXP-00560,BUENAVENTURA,VIF,Juzgado_1_Familia,2023,89,1.35,7,0,234,1
EXP-00561,CANDELARIA,VIF,Juzgado_2_Familia,2023,48,1.2,6,0,262,1
EXP-00562,CANDELARIA,VIF,Juzgado_Penal_Municipal_1,2020,48,1.25,3,0,126,1
EXP-00563,PRADERA,ALIMENTOS,Juzgado_Penal_Municipal_1,2024,38,1.25,5,1,491,1
EXP-00564,CARTAGO,ALIMENTOS,Comisaria_2_Familia,2023,58,0.9,3,0,131,0
EXP-00565,TULUA,ALIMENTOS,Juzgado_3_Familia,2023,71,0.95,7,0,384,1
EXP-00566,PRADERA,SUSTANCIAS,Juzgado_Penal_Municipal_1,2024,38,1.25,5,0,219,1
EXP-00567,CANDELARIA,ALIMENTOS,Juzgado_Penal_Municipal_1,2021,48,1.25,2,1,193,0
EXP-00568,EL CERRITO,HURTO_PATRIMONIAL,Comisaria_2_Familia,2023,41,0.9,5,0,290,1
EXP-00569,PRADERA,ALIMENTOS,Juzgado_Penal_Municipal_2,2023,38,1.05,3,0,173,0
EXP-00570,FLORIDA,VIF,Juzgado_1_Familia,2022,44,1.35,8,0,352,1
EXP-00571,PALMIRA,VIF,Comisaria_1_Familia,2021,74,1.1,8,0,363,1
EXP-00572,CARTAGO,HURTO_PATRIMONIAL,Juzgado_3_Familia,2023,58,0.95,10,0,389,1
EXP-00573,YUMBO,ALIMENTOS,Juzgado_Penal_Municipal_2,2023,62,1.05,5,0,232,0
EXP-00574,FLORIDA,ALIMENTOS,Comisaria_2_Familia,2023,44,0.9,4,0,263,1
EXP-00575,FLORIDA,ALIMENTOS,Juzgado_3_Familia,2020,44,0.95,9,0,420,1
EXP-00576,FLORIDA,ALIMENTOS,Juzgado_3_Familia,2024,44,0.95,9,0,406,1
EXP-00577,SEVILLA,SUSTANCIAS,Comisaria_1_Familia,2024,35,1.1,2,0,85,1
EXP-00578,ZARZAL,HURTO_PATRIMONIAL,Juzgado_1_Familia,2024,33,1.35,8,0,347,1
EXP-00579,CALI,VIF,Juzgado_2_Familia,2022,82,1.2,5,0,286,1
EXP-00580,FLORIDA,HURTO_PATRIMONIAL,Comisaria_2_Familia,2022,44,0.9,3,1,194,1
EXP-00581,ZARZAL,VIF,Comisaria_2_Familia,2024,33,0.9,3,0,147,0
EXP-00582,JAMUNDI,VIF,Comisaria_1_Familia,2022,67,1.1,1,0,82,1
EXP-00583,CALI,SUSTANCIAS,Juzgado_1_Familia,2021,82,1.35,4,0,279,0
EXP-00584,CALI,ALIMENTOS,Comisaria_2_Familia,2023,82,0.9,5,0,286,1
EXP-00585,GUADALAJARA DE BUGA,VIF,Juzgado_1_Familia,2020,53,1.35,4,0,242,1
EXP-00586,TULUA,ALIMENTOS,Juzgado_3_Familia,2023,71,0.95,5,0,255,1
EXP-00587,EL CERRITO,VIF,Comisaria_1_Familia,2023,41,1.1,2,0,86,1
EXP-00588,CARTAGO,HURTO_PATRIMONIAL,Juzgado_Penal_Municipal_1,2022,58,1.25,4,1,326,1
EXP-00589,FLORIDA,SUSTANCIAS,Juzgado_2_Familia,2021,44,1.2,4,0,295,1
EXP-00590,JAMUNDI,ALIMENTOS,Juzgado_2_Familia,2023,67,1.2,5,0,275,1
EXP-00591,JAMUNDI,ALIMENTOS,Juzgado_2_Familia,2023,67,1.2,7,0,315,1
EXP-00592,EL CERRITO,ALIMENTOS,Juzgado_3_Familia,2024,41,0.95,3,0,100,1
EXP-00593,PRADERA,SUSTANCIAS,Juzgado_2_Familia,2024,38,1.2,5,0,148,1
EXP-00594,ZARZAL,ALIMENTOS,Comisaria_1_Familia,2020,33,1.1,5,1,326,1
EXP-00595,JAMUNDI,HURTO_PATRIMONIAL,Juzgado_3_Familia,2021,67,0.95,5,0,239,1
EXP-00596,PALMIRA,HURTO_PATRIMONIAL,Comisaria_2_Familia,2022,74,0.9,5,0,287,1
EXP-00597,CANDELARIA,ALIMENTOS,Juzgado_2_Familia,2021,48,1.2,3,0,168,0
EXP-00598,CARTAGO,VIF,Comisaria_2_Familia,2021,58,0.9,2,0,30,1
EXP-00599,ZARZAL,VIF,Juzgado_1_Familia,2020,33,1.35,3,0,160,0
EXP-00600,CARTAGO,ALIMENTOS,Juzgado_Penal_Municipal_2,2024,58,1.05,4,0,193,0
EXP-00601,BUENAVENTURA,VIF,Juzgado_Penal_Municipal_2,2023,89,1.05,5,0,177,1
EXP-00602,CANDELARIA,VIF,Comisaria_1_Familia,2022,48,1.1,5,0,234,1
EXP-00603,GUADALAJARA DE BUGA,VIF,Comisaria_2_Familia,2021,53,0.9,3,0,199,1
EXP-00604,FLORIDA,VIF,Juzgado_2_Familia,2022,44,1.2,6,0,218,1
EXP-00605,GUADALAJARA DE BUGA,HURTO_PATRIMONIAL,Juzgado_3_Familia,2022,53,0.95,6,0,310,1
EXP-00606,CALI,VIF,Juzgado_Penal_Municipal_2,2023,82,1.05,5,0,207,1
EXP-00607,CALI,HURTO_PATRIMONIAL,Juzgado_3_Familia,2020,82,0.95,8,1,482,1
EXP-00608,ZARZAL,VIF,Juzgado_Penal_Municipal_1,2020,33,1.25,7,0,321,1
EXP-00609,CANDELARIA,ALIMENTOS,Juzgado_Penal_Municipal_2,2023,48,1.05,4,0,191,1
EXP-00610,PALMIRA,VIF,Juzgado_3_Familia,2024,74,0.95,6,0,275,1
EXP-00611,CALI,VIF,Juzgado_Penal_Municipal_2,2023,82,1.05,3,0,151,1
EXP-00612,CANDELARIA,ALIMENTOS,Juzgado_Penal_Municipal_2,2024,48,1.05,3,0,144,1
EXP-00613,JAMUNDI,HURTO_PATRIMONIAL,Comisaria_2_Familia,2023,67,0.9,5,0,256,1
EXP-00614,CARTAGO,ALIMENTOS,Juzgado_2_Familia,2020,58,1.2,3,0,148,1
EXP-00615,ZARZAL,ALIMENTOS,Juzgado_3_Familia,2021,33,0.95,3,0,159,1
EXP-00616,SEVILLA,ALIMENTOS,Juzgado_3_Familia,2024,35,0.95,7,0,276,1
EXP-00617,PALMIRA,HURTO_PATRIMONIAL,Juzgado_1_Familia,2024,74,1.35,10,0,453,1
EXP-00618,PRADERA,HURTO_PATRIMONIAL,Juzgado_2_Familia,2022,38,1.2,14,0,590,1
EXP-00619,EL CERRITO,ALIMENTOS,Juzgado_2_Familia,2024,41,1.2,6,0,217,0
EXP-00620,TULUA,VIF,Juzgado_1_Familia,2022,71,1.35,3,0,217,1
EXP-00621,CARTAGO,HURTO_PATRIMONIAL,Juzgado_Penal_Municipal_2,2023,58,1.05,8,0,354,1
EXP-00622,SEVILLA,HURTO_PATRIMONIAL,Juzgado_Penal_Municipal_2,2021,35,1.05,2,0,71,0
EXP-00623,JAMUNDI,ALIMENTOS,Comisaria_2_Familia,2021,67,0.9,1,0,91,1
EXP-00624,GUADALAJARA DE BUGA,ALIMENTOS,Comisaria_1_Familia,2021,53,1.1,6,0,294,1
EXP-00625,PALMIRA,HURTO_PATRIMONIAL,Juzgado_Penal_Municipal_2,2023,74,1.05,5,1,345,0
EXP-00626,GUADALAJARA DE BUGA,VIF,Juzgado_Penal_Municipal_2,2023,53,1.05,2,0,178,1
EXP-00627,JAMUNDI,ALIMENTOS,Juzgado_3_Familia,2020,67,0.95,7,1,468,1
EXP-00628,CARTAGO,ALIMENTOS,Juzgado_3_Familia,2024,58,0.95,1,0,88,0
EXP-00629,CANDELARIA,ALIMENTOS,Comisaria_1_Familia,2023,48,1.1,8,1,513,1
EXP-00630,TULUA,ALIMENTOS,Juzgado_2_Familia,2024,71,1.2,6,0,242,1
EXP-00631,FLORIDA,ALIMENTOS,Juzgado_Penal_Municipal_1,2022,44,1.25,7,0,313,0
EXP-00632,CANDELARIA,ALIMENTOS,Juzgado_3_Familia,2024,48,0.95,5,0,253,1
EXP-00633,CALI,VIF,Juzgado_Penal_Municipal_1,2022,82,1.25,4,0,209,0
EXP-00634,EL CERRITO,ALIMENTOS,Juzgado_Penal_Municipal_2,2022,41,1.05,6,0,305,1
EXP-00635,TULUA,VIF,Juzgado_3_Familia,2023,71,0.95,6,0,312,1
EXP-00636,TULUA,SUSTANCIAS,Juzgado_3_Familia,2024,71,0.95,8,0,344,1
EXP-00637,CALI,ALIMENTOS,Comisaria_1_Familia,2021,82,1.1,7,1,489,0
EXP-00638,TULUA,ALIMENTOS,Juzgado_Penal_Municipal_2,2021,71,1.05,6,0,281,1
EXP-00639,ZARZAL,SUSTANCIAS,Comisaria_2_Familia,2024,33,0.9,1,0,91,1
EXP-00640,BUENAVENTURA,ALIMENTOS,Juzgado_Penal_Municipal_2,2024,89,1.05,14,0,548,0
EXP-00641,CALI,VIF,Juzgado_1_Familia,2023,82,1.35,2,0,188,1
EXP-00642,PALMIRA,HURTO_PATRIMONIAL,Juzgado_2_Familia,2023,74,1.2,3,1,361,1
EXP-00643,JAMUNDI,VIF,Juzgado_Penal_Municipal_1,2023,67,1.25,6,0,273,1
EXP-00644,PALMIRA,ALIMENTOS,Juzgado_1_Familia,2022,74,1.35,3,1,186,0
EXP-00645,CALI,ALIMENTOS,Juzgado_1_Familia,2021,82,1.35,4,0,178,1
EXP-00646,PRADERA,ALIMENTOS,Juzgado_Penal_Municipal_2,2020,38,1.05,5,0,252,1
EXP-00647,JAMUNDI,VIF,Comisaria_2_Familia,2023,67,0.9,5,0,230,1
EXP-00648,FLORIDA,VIF,Juzgado_Penal_Municipal_1,2021,44,1.25,5,0,261,1
EXP-00649,EL CERRITO,ALIMENTOS,Juzgado_2_Familia,2022,41,1.2,7,1,518,1
EXP-00650,YUMBO,SUSTANCIAS,Juzgado_Penal_Municipal_1,2021,62,1.25,5,0,303,1
EXP-00651,PALMIRA,VIF,Comisaria_2_Familia,2024,74,0.9,5,0,220,1
EXP-00652,BUENAVENTURA,HURTO_PATRIMONIAL,Juzgado_Penal_Municipal_1,2020,89,1.25,5,0,285,1
EXP-00653,ZARZAL,SUSTANCIAS,Juzgado_3_Familia,2023,33,0.95,5,0,197,0
EXP-00654,EL CERRITO,HURTO_PATRIMONIAL,Comisaria_1_Familia,2022,41,1.1,2,0,136,0
EXP-00655,CALI,HURTO_PATRIMONIAL,Juzgado_Penal_Municipal_2,2024,82,1.05,10,1,516,1
EXP-00656,ZARZAL,VIF,Juzgado_Penal_Municipal_2,2023,33,1.05,3,0,145,1
EXP-00657,PRADERA,HURTO_PATRIMONIAL,Juzgado_1_Familia,2023,38,1.35,4,0,247,0
EXP-00658,GUADALAJARA DE BUGA,SUSTANCIAS,Comisaria_2_Familia,2024,53,0.9,2,0,103,0
EXP-00659,EL CERRITO,SUSTANCIAS,Comisaria_2_Familia,2023,41,0.9,5,0,210,1
EXP-00660,ZARZAL,VIF,Juzgado_3_Familia,2023,33,0.95,3,0,165,1
EXP-00661,GUADALAJARA DE BUGA,HURTO_PATRIMONIAL,Juzgado_2_Familia,2023,53,1.2,4,0,235,1
EXP-00662,GUADALAJARA DE BUGA,HURTO_PATRIMONIAL,Juzgado_Penal_Municipal_1,2024,53,1.25,6,0,285,1
EXP-00663,FLORIDA,VIF,Comisaria_1_Familia,2023,44,1.1,4,0,159,1
EXP-00664,CALI,ALIMENTOS,Juzgado_3_Familia,2024,82,0.95,6,0,264,1
EXP-00665,FLORIDA,ALIMENTOS,Juzgado_2_Familia,2024,44,1.2,5,0,260,1
EXP-00666,ZARZAL,ALIMENTOS,Juzgado_1_Familia,2021,33,1.35,7,1,428,1
EXP-00667,TULUA,SUSTANCIAS,Comisaria_2_Familia,2023,71,0.9,8,0,363,1
EXP-00668,BUENAVENTURA,HURTO_PATRIMONIAL,Juzgado_2_Familia,2023,89,1.2,7,0,350,1
EXP-00669,CARTAGO,HURTO_PATRIMONIAL,Comisaria_2_Familia,2022,58,0.9,4,0,207,0
EXP-00670,JAMUNDI,HURTO_PATRIMONIAL,Juzgado_2_Familia,2024,67,1.2,3,0,186,1
EXP-00671,JAMUNDI,ALIMENTOS,Juzgado_1_Familia,2024,67,1.35,11,0,513,1
EXP-00672,EL CERRITO,HURTO_PATRIMONIAL,Juzgado_2_Familia,2022,41,1.2,12,1,716,1
EXP-00673,ZARZAL,VIF,Juzgado_1_Familia,2022,33,1.35,6,0,220,1
EXP-00674,PRADERA,VIF,Comisaria_1_Familia,2021,38,1.1,6,0,234,1
EXP-00675,GUADALAJARA DE BUGA,VIF,Juzgado_1_Familia,2023,53,1.35,2,0,218,1
EXP-00676,PRADERA,VIF,Juzgado_Penal_Municipal_1,2022,38,1.25,3,0,172,1
EXP-00677,TULUA,ALIMENTOS,Juzgado_2_Familia,2024,71,1.2,7,0,412,1
EXP-00678,TULUA,HURTO_PATRIMONIAL,Juzgado_Penal_Municipal_1,2023,71,1.25,11,0,499,1
EXP-00679,BUENAVENTURA,SUSTANCIAS,Juzgado_Penal_Municipal_1,2020,89,1.25,7,0,381,1
EXP-00680,PALMIRA,ALIMENTOS,Juzgado_3_Familia,2022,74,0.95,7,0,325,1
EXP-00681,FLORIDA,HURTO_PATRIMONIAL,Comisaria_2_Familia,2023,44,0.9,3,0,153,1
EXP-00682,JAMUNDI,HURTO_PATRIMONIAL,Juzgado_Penal_Municipal_1,2024,67,1.25,9,1,452,1
EXP-00683,PRADERA,ALIMENTOS,Juzgado_Penal_Municipal_2,2022,38,1.05,4,0,239,1
EXP-00684,TULUA,ALIMENTOS,Juzgado_2_Familia,2022,71,1.2,8,1,512,1
EXP-00685,CALI,HURTO_PATRIMONIAL,Juzgado_Penal_Municipal_1,2021,82,1.25,13,0,523,1
EXP-00686,CANDELARIA,ALIMENTOS,Comisaria_1_Familia,2023,48,1.1,7,0,347,1
EXP-00687,PRADERA,VIF,Juzgado_Penal_Municipal_1,2024,38,1.25,4,0,194,0
EXP-00688,GUADALAJARA DE BUGA,VIF,Juzgado_1_Familia,2024,53,1.35,6,0,296,1
EXP-00689,FLORIDA,SUSTANCIAS,Juzgado_2_Familia,2020,44,1.2,4,0,207,1
EXP-00690,CANDELARIA,SUSTANCIAS,Juzgado_Penal_Municipal_1,2023,48,1.25,4,0,275,1
EXP-00691,CANDELARIA,HURTO_PATRIMONIAL,Comisaria_1_Familia,2024,48,1.1,5,1,373,1
EXP-00692,FLORIDA,VIF,Juzgado_3_Familia,2024,44,0.95,1,0,105,1
EXP-00693,GUADALAJARA DE BUGA,VIF,Comisaria_2_Familia,2022,53,0.9,3,0,178,1
EXP-00694,PALMIRA,VIF,Juzgado_Penal_Municipal_1,2023,74,1.25,6,0,364,1
EXP-00695,JAMUNDI,ALIMENTOS,Comisaria_1_Familia,2024,67,1.1,8,0,334,1
EXP-00696,CARTAGO,ALIMENTOS,Juzgado_3_Familia,2023,58,0.95,3,0,186,1
EXP-00697,PRADERA,SUSTANCIAS,Comisaria_2_Familia,2021,38,0.9,3,0,210,1
EXP-00698,YUMBO,ALIMENTOS,Comisaria_2_Familia,2021,62,0.9,3,1,229,1
EXP-00699,PRADERA,SUSTANCIAS,Comisaria_2_Familia,2024,38,0.9,6,0,295,1
EXP-00700,GUADALAJARA DE BUGA,VIF,Comisaria_1_Familia,2024,53,1.1,4,0,249,1
EXP-00701,TULUA,VIF,Comisaria_2_Familia,2022,71,0.9,5,0,202,1
EXP-00702,PRADERA,VIF,Juzgado_Penal_Municipal_2,2023,38,1.05,3,0,187,1
EXP-00703,PRADERA,VIF,Comisaria_2_Familia,2024,38,0.9,1,0,78,1
EXP-00704,GUADALAJARA DE BUGA,ALIMENTOS,Juzgado_Penal_Municipal_2,2024,53,1.05,7,0,330,1
EXP-00705,FLORIDA,HURTO_PATRIMONIAL,Juzgado_1_Familia,2020,44,1.35,10,1,681,1
EXP-00706,JAMUNDI,SUSTANCIAS,Juzgado_2_Familia,2024,67,1.2,7,0,306,1
EXP-00707,FLORIDA,VIF,Comisaria_2_Familia,2022,44,0.9,6,0,258,1
EXP-00708,FLORIDA,ALIMENTOS,Juzgado_Penal_Municipal_2,2024,44,1.05,5,0,272,1
EXP-00709,TULUA,SUSTANCIAS,Comisaria_1_Familia,2024,71,1.1,7,0,373,1
EXP-00710,SEVILLA,HURTO_PATRIMONIAL,Juzgado_3_Familia,2024,35,0.95,3,0,219,1
EXP-00711,CARTAGO,ALIMENTOS,Juzgado_2_Familia,2024,58,1.2,5,0,312,1
EXP-00712,EL CERRITO,ALIMENTOS,Juzgado_3_Familia,2023,41,0.95,3,0,192,0
EXP-00713,GUADALAJARA DE BUGA,ALIMENTOS,Juzgado_Penal_Municipal_2,2024,53,1.05,9,0,443,1
EXP-00714,GUADALAJARA DE BUGA,SUSTANCIAS,Comisaria_1_Familia,2022,53,1.1,9,0,395,1
EXP-00715,ZARZAL,VIF,Comisaria_1_Familia,2024,33,1.1,6,0,279,1
EXP-00716,PRADERA,ALIMENTOS,Juzgado_Penal_Municipal_2,2020,38,1.05,7,0,318,1
EXP-00717,TULUA,ALIMENTOS,Comisaria_1_Familia,2022,71,1.1,4,1,443,1
EXP-00718,SEVILLA,ALIMENTOS,Juzgado_Penal_Municipal_1,2023,35,1.25,6,0,305,1
EXP-00719,FLORIDA,ALIMENTOS,Juzgado_Penal_Municipal_2,2024,44,1.05,9,0,450,1
EXP-00720,CANDELARIA,ALIMENTOS,Juzgado_1_Familia,2022,48,1.35,6,0,343,1
EXP-00721,PALMIRA,HURTO_PATRIMONIAL,Juzgado_1_Familia,2021,74,1.35,14,1,779,1
EXP-00722,PRADERA,VIF,Juzgado_Penal_Municipal_1,2024,38,1.25,7,0,250,1
EXP-00723,CANDELARIA,SUSTANCIAS,Comisaria_1_Familia,2023,48,1.1,4,0,272,1
EXP-00724,SEVILLA,HURTO_PATRIMONIAL,Juzgado_1_Familia,2024,35,1.35,3,0,199,0
EXP-00725,YUMBO,ALIMENTOS,Comisaria_1_Familia,2022,62,1.1,5,1,392,1
EXP-00726,PALMIRA,ALIMENTOS,Juzgado_1_Familia,2024,74,1.35,7,0,354,1
EXP-00727,TULUA,HURTO_PATRIMONIAL,Comisaria_2_Familia,2024,71,0.9,5,0,344,1
EXP-00728,SEVILLA,ALIMENTOS,Juzgado_1_Familia,2024,35,1.35,12,0,578,1
EXP-00729,ZARZAL,ALIMENTOS,Juzgado_2_Familia,2024,33,1.2,5,0,173,1
EXP-00730,CALI,HURTO_PATRIMONIAL,Comisaria_1_Familia,2021,82,1.1,7,1,491,1
EXP-00731,SEVILLA,HURTO_PATRIMONIAL,Juzgado_1_Familia,2021,35,1.35,4,0,148,0
EXP-00732,YUMBO,VIF,Juzgado_Penal_Municipal_1,2020,62,1.25,8,0,322,1
EXP-00733,BUENAVENTURA,HURTO_PATRIMONIAL,Juzgado_Penal_Municipal_1,2024,89,1.25,5,0,158,0
EXP-00734,CARTAGO,ALIMENTOS,Juzgado_Penal_Municipal_2,2023,58,1.05,11,1,510,1
EXP-00735,CARTAGO,HURTO_PATRIMONIAL,Juzgado_2_Familia,2023,58,1.2,6,0,254,1
EXP-00736,TULUA,HURTO_PATRIMONIAL,Juzgado_1_Familia,2022,71,1.35,7,0,414,1
EXP-00737,YUMBO,HURTO_PATRIMONIAL,Juzgado_Penal_Municipal_2,2022,62,1.05,10,0,563,1
EXP-00738,ZARZAL,ALIMENTOS,Juzgado_3_Familia,2023,33,0.95,3,1,264,0
EXP-00739,ZARZAL,VIF,Juzgado_Penal_Municipal_2,2020,33,1.05,5,0,185,1
EXP-00740,YUMBO,VIF,Juzgado_3_Familia,2020,62,0.95,2,0,160,1
EXP-00741,CANDELARIA,HURTO_PATRIMONIAL,Juzgado_2_Familia,2022,48,1.2,5,1,394,1
EXP-00742,EL CERRITO,VIF,Comisaria_2_Familia,2022,41,0.9,2,0,78,0
EXP-00743,CANDELARIA,VIF,Comisaria_2_Familia,2024,48,0.9,4,0,171,1
EXP-00744,CANDELARIA,ALIMENTOS,Juzgado_1_Familia,2024,48,1.35,7,1,503,1
EXP-00745,FLORIDA,VIF,Juzgado_3_Familia,2024,44,0.95,2,0,173,1
EXP-00746,TULUA,HURTO_PATRIMONIAL,Comisaria_2_Familia,2021,71,0.9,10,0,413,1
EXP-00747,CANDELARIA,VIF,Comisaria_2_Familia,2020,48,0.9,2,0,189,1
EXP-00748,JAMUNDI,VIF,Juzgado_2_Familia,2024,67,1.2,5,0,238,1
EXP-00749,SEVILLA,ALIMENTOS,Juzgado_1_Familia,2021,35,1.35,6,0,296,1
EXP-00750,GUADALAJARA DE BUGA,SUSTANCIAS,Juzgado_3_Familia,2021,53,0.95,4,0,291,1
EXP-00751,YUMBO,VIF,Juzgado_Penal_Municipal_2,2023,62,1.05,6,0,252,1
EXP-00752,YUMBO,HURTO_PATRIMONIAL,Comisaria_2_Familia,2020,62,0.9,4,0,207,1
EXP-00753,FLORIDA,ALIMENTOS,Juzgado_3_Familia,2023,44,0.95,2,1,140,0
EXP-00754,ZARZAL,VIF,Juzgado_3_Familia,2024,33,0.95,2,0,123,1
EXP-00755,SEVILLA,ALIMENTOS,Juzgado_2_Familia,2023,35,1.2,4,0,284,1
EXP-00756,JAMUNDI,SUSTANCIAS,Juzgado_2_Familia,2024,67,1.2,4,0,330,1
EXP-00757,SEVILLA,HURTO_PATRIMONIAL,Juzgado_2_Familia,2022,35,1.2,6,1,407,0
EXP-00758,JAMUNDI,VIF,Juzgado_Penal_Municipal_1,2024,67,1.25,7,0,269,0
EXP-00759,GUADALAJARA DE BUGA,HURTO_PATRIMONIAL,Juzgado_3_Familia,2022,53,0.95,5,1,399,1
EXP-00760,FLORIDA,ALIMENTOS,Juzgado_2_Familia,2023,44,1.2,4,0,255,1
EXP-00761,CALI,SUSTANCIAS,Comisaria_2_Familia,2022,82,0.9,8,0,325,1
EXP-00762,PRADERA,ALIMENTOS,Comisaria_2_Familia,2021,38,0.9,4,1,282,1
EXP-00763,SEVILLA,VIF,Juzgado_Penal_Municipal_2,2023,35,1.05,5,0,239,1
EXP-00764,ZARZAL,VIF,Juzgado_Penal_Municipal_1,2024,33,1.25,2,0,199,1
EXP-00765,YUMBO,ALIMENTOS,Juzgado_3_Familia,2023,62,0.95,11,0,494,1
EXP-00766,CARTAGO,ALIMENTOS,Juzgado_2_Familia,2024,58,1.2,9,0,392,1
EXP-00767,GUADALAJARA DE BUGA,VIF,Comisaria_2_Familia,2020,53,0.9,3,0,191,1
EXP-00768,CALI,VIF,Juzgado_1_Familia,2023,82,1.35,9,0,355,1
EXP-00769,GUADALAJARA DE BUGA,VIF,Juzgado_2_Familia,2021,53,1.2,2,0,134,0
EXP-00770,JAMUNDI,VIF,Juzgado_Penal_Municipal_2,2023,67,1.05,7,0,260,1
EXP-00771,BUENAVENTURA,ALIMENTOS,Juzgado_2_Familia,2024,89,1.2,7,0,317,1
EXP-00772,CALI,ALIMENTOS,Comisaria_2_Familia,2023,82,0.9,6,0,323,1
EXP-00773,PRADERA,ALIMENTOS,Comisaria_2_Familia,2021,38,0.9,5,1,376,1
EXP-00774,EL CERRITO,VIF,Juzgado_Penal_Municipal_1,2024,41,1.25,3,0,126,1
EXP-00775,FLORIDA,ALIMENTOS,Juzgado_3_Familia,2024,44,0.95,2,0,113,1
EXP-00776,BUENAVENTURA,SUSTANCIAS,Juzgado_Penal_Municipal_2,2021,89,1.05,9,0,419,1
EXP-00777,SEVILLA,ALIMENTOS,Juzgado_3_Familia,2022,35,0.95,4,0,229,1
EXP-00778,YUMBO,VIF,Comisaria_2_Familia,2021,62,0.9,5,0,290,1
EXP-00779,JAMUNDI,ALIMENTOS,Comisaria_1_Familia,2023,67,1.1,8,1,560,1
EXP-00780,ZARZAL,ALIMENTOS,Juzgado_2_Familia,2023,33,1.2,5,1,415,0
EXP-00781,TULUA,VIF,Juzgado_Penal_Municipal_2,2021,71,1.05,2,0,149,0
EXP-00782,EL CERRITO,ALIMENTOS,Comisaria_2_Familia,2021,41,0.9,6,0,190,1
EXP-00783,SEVILLA,VIF,Juzgado_Penal_Municipal_1,2022,35,1.25,6,0,315,1
EXP-00784,TULUA,VIF,Juzgado_1_Familia,2020,71,1.35,7,0,337,1
EXP-00785,CARTAGO,HURTO_PATRIMONIAL,Comisaria_2_Familia,2022,58,0.9,7,0,312,1
EXP-00786,PRADERA,VIF,Comisaria_2_Familia,2024,38,0.9,3,0,150,1
EXP-00787,PALMIRA,ALIMENTOS,Comisaria_2_Familia,2020,74,0.9,5,1,208,1
EXP-00788,GUADALAJARA DE BUGA,ALIMENTOS,Juzgado_2_Familia,2020,53,1.2,8,1,525,1
EXP-00789,FLORIDA,ALIMENTOS,Juzgado_2_Familia,2024,44,1.2,5,0,281,1
EXP-00790,YUMBO,VIF,Juzgado_3_Familia,2024,62,0.95,6,0,314,1
EXP-00791,EL CERRITO,VIF,Juzgado_1_Familia,2024,41,1.35,7,0,396,1
EXP-00792,FLORIDA,ALIMENTOS,Comisaria_1_Familia,2020,44,1.1,4,0,213,1
EXP-00793,CANDELARIA,HURTO_PATRIMONIAL,Juzgado_Penal_Municipal_2,2024,48,1.05,3,0,198,0
EXP-00794,FLORIDA,VIF,Juzgado_3_Familia,2023,44,0.95,4,0,200,1
EXP-00795,PALMIRA,HURTO_PATRIMONIAL,Juzgado_1_Familia,2021,74,1.35,11,0,461,1
EXP-00796,PRADERA,ALIMENTOS,Juzgado_1_Familia,2022,38,1.35,8,0,398,1
EXP-00797,EL CERRITO,HURTO_PATRIMONIAL,Comisaria_2_Familia,2023,41,0.9,1,1,79,1
EXP-00798,ZARZAL,SUSTANCIAS,Juzgado_2_Familia,2024,33,1.2,8,0,247,1
EXP-00799,GUADALAJARA DE BUGA,ALIMENTOS,Juzgado_2_Familia,2024,53,1.2,7,0,363,1
EXP-00800,YUMBO,HURTO_PATRIMONIAL,Juzgado_Penal_Municipal_2,2021,62,1.05,7,0,320,1
EXP-00801,CARTAGO,ALIMENTOS,Juzgado_2_Familia,2024,58,1.2,4,0,254,0
EXP-00802,CALI,HURTO_PATRIMONIAL,Juzgado_2_Familia,2024,82,1.2,9,1,635,1
EXP-00803,JAMUNDI,SUSTANCIAS,Comisaria_1_Familia,2023,67,1.1,3,0,174,1
EXP-00804,PALMIRA,VIF,Juzgado_3_Familia,2023,74,0.95,3,0,177,1
EXP-00805,PRADERA,ALIMENTOS,Juzgado_1_Familia,2020,38,1.35,2,1,226,0
EXP-00806,FLORIDA,SUSTANCIAS,Juzgado_2_Familia,2024,44,1.2,5,0,236,1
EXP-00807,FLORIDA,HURTO_PATRIMONIAL,Juzgado_Penal_Municipal_1,2024,44,1.25,8,0,341,1
EXP-00808,PRADERA,VIF,Comisaria_2_Familia,2023,38,0.9,3,0,111,1
EXP-00809,GUADALAJARA DE BUGA,HURTO_PATRIMONIAL,Juzgado_Penal_Municipal_1,2024,53,1.25,8,0,341,1
EXP-00810,CALI,VIF,Juzgado_Penal_Municipal_2,2023,82,1.05,6,0,300,1
EXP-00811,JAMUNDI,ALIMENTOS,Comisaria_1_Familia,2023,67,1.1,1,0,226,0
EXP-00812,FLORIDA,VIF,Juzgado_1_Familia,2024,44,1.35,8,0,357,1
EXP-00813,CARTAGO,ALIMENTOS,Juzgado_3_Familia,2023,58,0.95,5,1,400,1
EXP-00814,PALMIRA,VIF,Comisaria_1_Familia,2023,74,1.1,5,0,245,0
EXP-00815,PRADERA,HURTO_PATRIMONIAL,Comisaria_1_Familia,2022,38,1.1,6,0,297,0
EXP-00816,SEVILLA,SUSTANCIAS,Juzgado_2_Familia,2023,35,1.2,4,0,241,1
EXP-00817,FLORIDA,HURTO_PATRIMONIAL,Juzgado_1_Familia,2022,44,1.35,7,0,343,1
EXP-00818,FLORIDA,HURTO_PATRIMONIAL,Juzgado_Penal_Municipal_2,2024,44,1.05,5,0,244,1
EXP-00819,EL CERRITO,SUSTANCIAS,Juzgado_Penal_Municipal_1,2023,41,1.25,8,0,384,1
EXP-00820,BUENAVENTURA,VIF,Juzgado_Penal_Municipal_1,2020,89,1.25,10,0,425,1
EXP-00821,YUMBO,VIF,Juzgado_3_Familia,2024,62,0.95,8,0,265,1
EXP-00822,FLORIDA,ALIMENTOS,Comisaria_2_Familia,2021,44,0.9,4,0,183,1
EXP-00823,GUADALAJARA DE BUGA,ALIMENTOS,Juzgado_2_Familia,2022,53,1.2,6,0,299,1
EXP-00824,CALI,ALIMENTOS,Juzgado_Penal_Municipal_1,2023,82,1.25,7,0,294,1
EXP-00825,PALMIRA,VIF,Juzgado_Penal_Municipal_2,2022,74,1.05,3,0,140,1
EXP-00826,SEVILLA,HURTO_PATRIMONIAL,Juzgado_Penal_Municipal_1,2023,35,1.25,8,0,423,1
EXP-00827,SEVILLA,ALIMENTOS,Juzgado_1_Familia,2023,35,1.35,4,1,294,0
EXP-00828,EL CERRITO,SUSTANCIAS,Juzgado_2_Familia,2021,41,1.2,6,0,256,1
EXP-00829,CANDELARIA,ALIMENTOS,Juzgado_2_Familia,2023,48,1.2,6,1,421,1
EXP-00830,CALI,HURTO_PATRIMONIAL,Comisaria_1_Familia,2024,82,1.1,7,0,397,1
EXP-00831,SEVILLA,VIF,Juzgado_2_Familia,2022,35,1.2,8,0,339,1
EXP-00832,YUMBO,VIF,Juzgado_2_Familia,2023,62,1.2,6,0,287,1
EXP-00833,EL CERRITO,HURTO_PATRIMONIAL,Juzgado_Penal_Municipal_2,2020,41,1.05,6,0,298,1
EXP-00834,PRADERA,VIF,Comisaria_2_Familia,2024,38,0.9,7,0,333,1
EXP-00835,FLORIDA,HURTO_PATRIMONIAL,Juzgado_3_Familia,2023,44,0.95,6,1,413,0
EXP-00836,PRADERA,VIF,Juzgado_1_Familia,2021,38,1.35,9,0,393,1
EXP-00837,CANDELARIA,VIF,Juzgado_1_Familia,2024,48,1.35,12,0,496,1
EXP-00838,TULUA,VIF,Juzgado_2_Familia,2022,71,1.2,3,0,148,0
EXP-00839,PRADERA,ALIMENTOS,Juzgado_Penal_Municipal_1,2022,38,1.25,2,0,135,0
EXP-00840,CANDELARIA,SUSTANCIAS,Juzgado_3_Familia,2023,48,0.95,6,0,227,1
EXP-00841,TULUA,SUSTANCIAS,Comisaria_1_Familia,2023,71,1.1,7,0,354,1
EXP-00842,YUMBO,ALIMENTOS,Comisaria_1_Familia,2022,62,1.1,8,0,363,1
EXP-00843,FLORIDA,ALIMENTOS,Juzgado_2_Familia,2022,44,1.2,9,0,427,1
EXP-00844,JAMUNDI,ALIMENTOS,Comisaria_1_Familia,2020,67,1.1,4,0,301,1
EXP-00845,PRADERA,ALIMENTOS,Juzgado_2_Familia,2024,38,1.2,5,0,279,1
EXP-00846,GUADALAJARA DE BUGA,SUSTANCIAS,Juzgado_Penal_Municipal_1,2021,53,1.25,7,0,277,1
EXP-00847,CARTAGO,ALIMENTOS,Juzgado_2_Familia,2020,58,1.2,6,0,325,1
EXP-00848,EL CERRITO,ALIMENTOS,Juzgado_Penal_Municipal_2,2022,41,1.05,6,0,268,1
EXP-00849,BUENAVENTURA,HURTO_PATRIMONIAL,Juzgado_2_Familia,2020,89,1.2,8,1,481,1
EXP-00850,BUENAVENTURA,SUSTANCIAS,Juzgado_2_Familia,2023,89,1.2,9,0,352,1
EXP-00851,YUMBO,ALIMENTOS,Comisaria_2_Familia,2023,62,0.9,8,0,331,1
EXP-00852,JAMUNDI,ALIMENTOS,Juzgado_1_Familia,2020,67,1.35,9,1,634,1
EXP-00853,YUMBO,HURTO_PATRIMONIAL,Juzgado_1_Familia,2022,62,1.35,13,0,550,1
EXP-00854,CANDELARIA,ALIMENTOS,Juzgado_3_Familia,2024,48,0.95,1,0,175,1
EXP-00855,PRADERA,HURTO_PATRIMONIAL,Juzgado_1_Familia,2023,38,1.35,6,1,379,1
EXP-00856,SEVILLA,VIF,Juzgado_2_Familia,2023,35,1.2,5,0,244,1
EXP-00857,CALI,ALIMENTOS,Juzgado_Penal_Municipal_2,2020,82,1.05,1,1,127,0
EXP-00858,YUMBO,ALIMENTOS,Comisaria_2_Familia,2021,62,0.9,4,0,186,1
EXP-00859,ZARZAL,VIF,Juzgado_3_Familia,2023,33,0.95,6,0,265,1
EXP-00860,GUADALAJARA DE BUGA,ALIMENTOS,Juzgado_3_Familia,2023,53,0.95,6,0,302,1
EXP-00861,CARTAGO,VIF,Comisaria_2_Familia,2022,58,0.9,4,0,231,1
EXP-00862,BUENAVENTURA,VIF,Comisaria_2_Familia,2022,89,0.9,6,0,259,1
EXP-00863,CALI,HURTO_PATRIMONIAL,Comisaria_1_Familia,2023,82,1.1,7,0,415,1
EXP-00864,GUADALAJARA DE BUGA,HURTO_PATRIMONIAL,Juzgado_Penal_Municipal_2,2024,53,1.05,7,1,553,1
EXP-00865,GUADALAJARA DE BUGA,VIF,Juzgado_3_Familia,2024,53,0.95,5,0,265,1
EXP-00866,CANDELARIA,VIF,Juzgado_3_Familia,2023,48,0.95,3,0,192,1
EXP-00867,EL CERRITO,ALIMENTOS,Juzgado_Penal_Municipal_2,2024,41,1.05,7,0,440,1
EXP-00868,CALI,VIF,Juzgado_Penal_Municipal_1,2022,82,1.25,7,0,353,1
EXP-00869,PRADERA,HURTO_PATRIMONIAL,Juzgado_1_Familia,2021,38,1.35,10,1,658,1
EXP-00870,YUMBO,SUSTANCIAS,Juzgado_3_Familia,2021,62,0.95,3,0,228,0
EXP-00871,CANDELARIA,HURTO_PATRIMONIAL,Juzgado_Penal_Municipal_1,2023,48,1.25,9,0,405,1
EXP-00872,PRADERA,VIF,Comisaria_1_Familia,2023,38,1.1,1,0,77,0
EXP-00873,PALMIRA,ALIMENTOS,Comisaria_2_Familia,2023,74,0.9,4,1,253,0
EXP-00874,GUADALAJARA DE BUGA,ALIMENTOS,Juzgado_Penal_Municipal_1,2022,53,1.25,4,0,118,0
EXP-00875,PRADERA,HURTO_PATRIMONIAL,Juzgado_3_Familia,2022,38,0.95,4,1,282,1
EXP-00876,GUADALAJARA DE BUGA,ALIMENTOS,Juzgado_3_Familia,2023,53,0.95,4,0,177,0
EXP-00877,PALMIRA,VIF,Comisaria_2_Familia,2023,74,0.9,5,0,261,1
EXP-00878,GUADALAJARA DE BUGA,ALIMENTOS,Juzgado_1_Familia,2023,53,1.35,4,1,413,1
EXP-00879,JAMUNDI,HURTO_PATRIMONIAL,Juzgado_Penal_Municipal_2,2020,67,1.05,8,0,403,1
EXP-00880,FLORIDA,HURTO_PATRIMONIAL,Juzgado_1_Familia,2020,44,1.35,10,1,639,1
EXP-00881,FLORIDA,SUSTANCIAS,Juzgado_1_Familia,2024,44,1.35,8,0,308,1
EXP-00882,SEVILLA,HURTO_PATRIMONIAL,Juzgado_Penal_Municipal_2,2024,35,1.05,5,1,382,1
EXP-00883,GUADALAJARA DE BUGA,ALIMENTOS,Juzgado_1_Familia,2024,53,1.35,7,1,468,1
EXP-00884,CARTAGO,SUSTANCIAS,Juzgado_Penal_Municipal_1,2020,58,1.25,5,0,266,1
EXP-00885,SEVILLA,ALIMENTOS,Juzgado_2_Familia,2023,35,1.2,7,0,357,1
EXP-00886,GUADALAJARA DE BUGA,SUSTANCIAS,Juzgado_1_Familia,2023,53,1.35,4,0,213,1
EXP-00887,CALI,ALIMENTOS,Comisaria_2_Familia,2023,82,0.9,4,1,214,0
EXP-00888,JAMUNDI,VIF,Comisaria_2_Familia,2021,67,0.9,2,0,120,1
EXP-00889,TULUA,ALIMENTOS,Juzgado_Penal_Municipal_1,2022,71,1.25,2,1,298,0
EXP-00890,JAMUNDI,SUSTANCIAS,Juzgado_Penal_Municipal_1,2024,67,1.25,3,0,240,1
EXP-00891,CARTAGO,VIF,Juzgado_2_Familia,2024,58,1.2,5,0,280,1
EXP-00892,EL CERRITO,HURTO_PATRIMONIAL,Comisaria_2_Familia,2021,41,0.9,6,0,244,1
EXP-00893,CALI,HURTO_PATRIMONIAL,Juzgado_Penal_Municipal_2,2021,82,1.05,8,0,373,1
EXP-00894,CARTAGO,SUSTANCIAS,Juzgado_3_Familia,2023,58,0.95,1,0,96,1
EXP-00895,TULUA,SUSTANCIAS,Juzgado_3_Familia,2021,71,0.95,3,0,181,0
EXP-00896,BUENAVENTURA,HURTO_PATRIMONIAL,Juzgado_1_Familia,2022,89,1.35,8,0,383,0
EXP-00897,FLORIDA,HURTO_PATRIMONIAL,Juzgado_Penal_Municipal_1,2021,44,1.25,10,1,610,1
EXP-00898,EL CERRITO,HURTO_PATRIMONIAL,Juzgado_Penal_Municipal_2,2023,41,1.05,12,1,791,1
EXP-00899,GUADALAJARA DE BUGA,ALIMENTOS,Juzgado_2_Familia,2022,53,1.2,9,1,541,1
EXP-00900,EL CERRITO,VIF,Comisaria_1_Familia,2024,41,1.1,2,0,136,1
EXP-00901,CARTAGO,ALIMENTOS,Comisaria_1_Familia,2022,58,1.1,1,0,123,0
EXP-00902,CALI,HURTO_PATRIMONIAL,Comisaria_2_Familia,2024,82,0.9,8,1,485,1
EXP-00903,BUENAVENTURA,HURTO_PATRIMONIAL,Juzgado_Penal_Municipal_1,2022,89,1.25,4,1,224,0
EXP-00904,CANDELARIA,VIF,Juzgado_Penal_Municipal_1,2023,48,1.25,9,0,406,1
EXP-00905,PALMIRA,ALIMENTOS,Comisaria_2_Familia,2023,74,0.9,3,0,258,0
EXP-00906,FLORIDA,HURTO_PATRIMONIAL,Juzgado_2_Familia,2024,44,1.2,6,0,237,1
EXP-00907,ZARZAL,ALIMENTOS,Juzgado_Penal_Municipal_2,2022,33,1.05,3,1,326,1
EXP-00908,JAMUNDI,ALIMENTOS,Comisaria_1_Familia,2024,67,1.1,6,1,417,1
EXP-00909,EL CERRITO,ALIMENTOS,Juzgado_Penal_Municipal_1,2020,41,1.25,3,1,247,1
EXP-00910,JAMUNDI,HURTO_PATRIMONIAL,Juzgado_Penal_Municipal_1,2022,67,1.25,6,0,305,1
EXP-00911,CALI,HURTO_PATRIMONIAL,Juzgado_Penal_Municipal_2,2023,82,1.05,5,1,344,1
EXP-00912,BUENAVENTURA,HURTO_PATRIMONIAL,Juzgado_2_Familia,2021,89,1.2,11,1,660,1
EXP-00913,FLORIDA,SUSTANCIAS,Comisaria_2_Familia,2022,44,0.9,3,0,158,1
EXP-00914,GUADALAJARA DE BUGA,ALIMENTOS,Juzgado_Penal_Municipal_2,2024,53,1.05,5,0,256,1
EXP-00915,SEVILLA,ALIMENTOS,Juzgado_3_Familia,2023,35,0.95,11,0,451,1
EXP-00916,CANDELARIA,ALIMENTOS,Comisaria_2_Familia,2024,48,0.9,3,0,159,1
EXP-00917,FLORIDA,ALIMENTOS,Juzgado_Penal_Municipal_2,2024,44,1.05,5,0,272,1
EXP-00918,TULUA,ALIMENTOS,Comisaria_1_Familia,2024,71,1.1,8,0,335,1
EXP-00919,CALI,ALIMENTOS,Comisaria_2_Familia,2023,82,0.9,4,0,220,1
EXP-00920,EL CERRITO,VIF,Juzgado_3_Familia,2023,41,0.95,5,0,239,1
EXP-00921,CANDELARIA,ALIMENTOS,Juzgado_3_Familia,2021,48,0.95,8,0,346,1
EXP-00922,TULUA,SUSTANCIAS,Juzgado_1_Familia,2023,71,1.35,8,0,364,1
EXP-00923,FLORIDA,SUSTANCIAS,Juzgado_Penal_Municipal_1,2021,44,1.25,4,0,239,0
EXP-00924,CANDELARIA,SUSTANCIAS,Comisaria_2_Familia,2022,48,0.9,5,0,245,1
EXP-00925,PALMIRA,VIF,Juzgado_3_Familia,2023,74,0.95,4,0,271,1
EXP-00926,BUENAVENTURA,ALIMENTOS,Juzgado_2_Familia,2023,89,1.2,9,0,439,1
EXP-00927,YUMBO,ALIMENTOS,Juzgado_2_Familia,2022,62,1.2,9,0,466,1
EXP-00928,SEVILLA,VIF,Juzgado_Penal_Municipal_1,2024,35,1.25,4,0,153,1
EXP-00929,CARTAGO,SUSTANCIAS,Juzgado_2_Familia,2021,58,1.2,6,0,322,1
EXP-00930,BUENAVENTURA,VIF,Comisaria_1_Familia,2022,89,1.1,7,0,372,1
EXP-00931,BUENAVENTURA,HURTO_PATRIMONIAL,Juzgado_1_Familia,2023,89,1.35,8,0,437,1
EXP-00932,CALI,ALIMENTOS,Juzgado_Penal_Municipal_2,2023,82,1.05,8,0,307,1
EXP-00933,SEVILLA,SUSTANCIAS,Juzgado_Penal_Municipal_2,2024,35,1.05,2,0,125,0
EXP-00934,BUENAVENTURA,VIF,Juzgado_Penal_Municipal_2,2023,89,1.05,7,0,279,1
EXP-00935,PRADERA,ALIMENTOS,Juzgado_1_Familia,2022,38,1.35,7,0,299,1
EXP-00936,EL CERRITO,SUSTANCIAS,Comisaria_2_Familia,2022,41,0.9,2,0,169,1
EXP-00937,CANDELARIA,ALIMENTOS,Juzgado_Penal_Municipal_1,2024,48,1.25,8,0,311,0
EXP-00938,SEVILLA,HURTO_PATRIMONIAL,Juzgado_2_Familia,2022,35,1.2,5,0,294,0
EXP-00939,FLORIDA,VIF,Juzgado_2_Familia,2023,44,1.2,6,0,313,1
EXP-00940,SEVILLA,ALIMENTOS,Juzgado_Penal_Municipal_2,2023,35,1.05,5,1,317,1
EXP-00941,BUENAVENTURA,ALIMENTOS,Juzgado_3_Familia,2022,89,0.95,5,1,481,1
EXP-00942,EL CERRITO,VIF,Juzgado_Penal_Municipal_1,2022,41,1.25,6,0,257,1
EXP-00943,ZARZAL,VIF,Juzgado_Penal_Municipal_1,2022,33,1.25,6,0,214,1
EXP-00944,ZARZAL,VIF,Juzgado_Penal_Municipal_1,2022,33,1.25,3,0,87,1
EXP-00945,CARTAGO,VIF,Juzgado_1_Familia,2023,58,1.35,9,0,410,1
EXP-00946,CARTAGO,HURTO_PATRIMONIAL,Juzgado_Penal_Municipal_2,2024,58,1.05,9,0,449,1
EXP-00947,PALMIRA,ALIMENTOS,Juzgado_Penal_Municipal_1,2024,74,1.25,3,1,369,1
EXP-00948,CALI,ALIMENTOS,Juzgado_3_Familia,2022,82,0.95,8,0,413,1
EXP-00949,JAMUNDI,ALIMENTOS,Juzgado_Penal_Municipal_1,2021,67,1.25,8,0,406,1
EXP-00950,GUADALAJARA DE BUGA,ALIMENTOS,Juzgado_1_Familia,2024,53,1.35,8,1,606,1
EXP-00951,SEVILLA,VIF,Comisaria_2_Familia,2020,35,0.9,3,0,89,0
EXP-00952,CARTAGO,ALIMENTOS,Comisaria_1_Familia,2023,58,1.1,8,1,567,1
EXP-00953,JAMUNDI,HURTO_PATRIMONIAL,Juzgado_1_Familia,2024,67,1.35,12,1,856,1
EXP-00954,CARTAGO,VIF,Juzgado_1_Familia,2024,58,1.35,5,0,278,1
EXP-00955,CARTAGO,SUSTANCIAS,Juzgado_Penal_Municipal_2,2022,58,1.05,7,0,325,1
EXP-00956,ZARZAL,HURTO_PATRIMONIAL,Juzgado_2_Familia,2023,33,1.2,11,0,576,1
EXP-00957,CANDELARIA,VIF,Juzgado_3_Familia,2024,48,0.95,3,0,164,0
EXP-00958,JAMUNDI,VIF,Juzgado_1_Familia,2020,67,1.35,5,0,264,1
EXP-00959,TULUA,VIF,Comisaria_1_Familia,2022,71,1.1,5,0,250,1
EXP-00960,YUMBO,ALIMENTOS,Juzgado_1_Familia,2024,62,1.35,11,0,520,1
EXP-00961,FLORIDA,VIF,Juzgado_Penal_Municipal_1,2024,44,1.25,4,0,170,1
EXP-00962,PRADERA,ALIMENTOS,Comisaria_1_Familia,2024,38,1.1,4,1,337,1
EXP-00963,FLORIDA,HURTO_PATRIMONIAL,Juzgado_Penal_Municipal_2,2024,44,1.05,6,0,302,1
EXP-00964,JAMUNDI,SUSTANCIAS,Comisaria_1_Familia,2022,67,1.1,5,0,285,1
EXP-00965,YUMBO,HURTO_PATRIMONIAL,Juzgado_2_Familia,2020,62,1.2,4,1,312,1
EXP-00966,CANDELARIA,VIF,Juzgado_Penal_Municipal_2,2024,48,1.05,7,0,287,1
EXP-00967,JAMUNDI,HURTO_PATRIMONIAL,Comisaria_1_Familia,2020,67,1.1,12,0,501,1
EXP-00968,JAMUNDI,VIF,Comisaria_1_Familia,2023,67,1.1,3,0,190,1
EXP-00969,ZARZAL,VIF,Juzgado_Penal_Municipal_1,2023,33,1.25,4,0,299,1
EXP-00970,FLORIDA,HURTO_PATRIMONIAL,Comisaria_2_Familia,2023,44,0.9,5,0,262,1
EXP-00971,PRADERA,ALIMENTOS,Comisaria_2_Familia,2023,38,0.9,5,0,216,1
EXP-00972,FLORIDA,SUSTANCIAS,Juzgado_Penal_Municipal_1,2024,44,1.25,4,0,285,1
EXP-00973,PRADERA,ALIMENTOS,Juzgado_3_Familia,2024,38,0.95,3,0,102,1
EXP-00974,PALMIRA,ALIMENTOS,Juzgado_2_Familia,2023,74,1.2,8,0,382,1
EXP-00975,PALMIRA,VIF,Juzgado_Penal_Municipal_1,2024,74,1.25,4,0,217,1
EXP-00976,ZARZAL,SUSTANCIAS,Juzgado_3_Familia,2021,33,0.95,1,0,156,1
EXP-00977,FLORIDA,SUSTANCIAS,Juzgado_2_Familia,2021,44,1.2,2,0,187,0
EXP-00978,EL CERRITO,ALIMENTOS,Juzgado_1_Familia,2024,41,1.35,6,1,429,1
EXP-00979,CANDELARIA,HURTO_PATRIMONIAL,Juzgado_2_Familia,2021,48,1.2,5,0,215,0
EXP-00980,CARTAGO,HURTO_PATRIMONIAL,Comisaria_1_Familia,2023,58,1.1,10,0,456,1
EXP-00981,CANDELARIA,HURTO_PATRIMONIAL,Juzgado_Penal_Municipal_2,2023,48,1.05,6,0,272,0
EXP-00982,CALI,HURTO_PATRIMONIAL,Comisaria_2_Familia,2022,82,0.9,5,1,225,1
EXP-00983,FLORIDA,HURTO_PATRIMONIAL,Comisaria_2_Familia,2024,44,0.9,8,0,396,1
EXP-00984,YUMBO,ALIMENTOS,Juzgado_3_Familia,2022,62,0.95,1,1,95,1
EXP-00985,BUENAVENTURA,ALIMENTOS,Juzgado_2_Familia,2022,89,1.2,6,0,245,0
EXP-00986,YUMBO,ALIMENTOS,Comisaria_2_Familia,2021,62,0.9,3,0,138,1
EXP-00987,CANDELARIA,SUSTANCIAS,Juzgado_1_Familia,2022,48,1.35,5,0,217,0
EXP-00988,FLORIDA,SUSTANCIAS,Juzgado_1_Familia,2023,44,1.35,7,0,321,1
EXP-00989,CALI,VIF,Comisaria_1_Familia,2022,82,1.1,5,0,216,1
EXP-00990,EL CERRITO,ALIMENTOS,Comisaria_1_Familia,2022,41,1.1,4,0,269,1
EXP-00991,TULUA,ALIMENTOS,Comisaria_2_Familia,2024,71,0.9,4,1,263,1
EXP-00992,PRADERA,VIF,Juzgado_1_Familia,2022,38,1.35,6,0,303,1
EXP-00993,SEVILLA,HURTO_PATRIMONIAL,Juzgado_3_Familia,2020,35,0.95,11,0,438,1
EXP-00994,SEVILLA,VIF,Juzgado_2_Familia,2024,35,1.2,7,0,334,1
EXP-00995,CALI,VIF,Juzgado_Penal_Municipal_1,2021,82,1.25,9,0,382,1
EXP-00996,EL CERRITO,ALIMENTOS,Juzgado_1_Familia,2020,41,1.35,7,1,498,1
EXP-00997,GUADALAJARA DE BUGA,HURTO_PATRIMONIAL,Comisaria_1_Familia,2023,53,1.1,10,0,474,1
EXP-00998,SEVILLA,HURTO_PATRIMONIAL,Juzgado_3_Familia,2021,35,0.95,7,0,311,1
EXP-00999,FLORIDA,ALIMENTOS,Juzgado_1_Familia,2020,44,1.35,3,0,120,1
EXP-01000,SEVILLA,VIF,Juzgado_Penal_Municipal_1,2024,35,1.25,9,0,381,1
EXP-01001,CALI,HURTO_PATRIMONIAL,Juzgado_3_Familia,2022,82,0.95,8,0,423,0
EXP-01002,PRADERA,HURTO_PATRIMONIAL,Juzgado_3_Familia,2021,38,0.95,7,0,383,1
EXP-01003,ZARZAL,VIF,Comisaria_1_Familia,2023,33,1.1,1,0,32,0
EXP-01004,TULUA,VIF,Comisaria_1_Familia,2023,71,1.1,6,0,325,1
EXP-01005,PALMIRA,ALIMENTOS,Comisaria_1_Familia,2021,74,1.1,6,1,303,1
EXP-01006,TULUA,VIF,Comisaria_1_Familia,2023,71,1.1,6,0,273,1
EXP-01007,JAMUNDI,VIF,Juzgado_3_Familia,2020,67,0.95,4,0,193,1
EXP-01008,CALI,ALIMENTOS,Comisaria_2_Familia,2023,82,0.9,4,0,154,1
EXP-01009,GUADALAJARA DE BUGA,ALIMENTOS,Comisaria_2_Familia,2021,53,0.9,2,0,30,1
EXP-01010,CARTAGO,ALIMENTOS,Juzgado_Penal_Municipal_2,2023,58,1.05,3,0,168,1
EXP-01011,ZARZAL,VIF,Juzgado_3_Familia,2022,33,0.95,1,0,89,1
EXP-01012,GUADALAJARA DE BUGA,HURTO_PATRIMONIAL,Juzgado_Penal_Municipal_2,2022,53,1.05,8,0,330,1
EXP-01013,FLORIDA,ALIMENTOS,Juzgado_1_Familia,2024,44,1.35,1,0,111,0
EXP-01014,SEVILLA,VIF,Juzgado_1_Familia,2024,35,1.35,5,0,208,1
EXP-01015,CANDELARIA,VIF,Juzgado_1_Familia,2024,48,1.35,6,0,326,1
EXP-01016,BUENAVENTURA,SUSTANCIAS,Juzgado_1_Familia,2021,89,1.35,8,0,377,1
EXP-01017,YUMBO,HURTO_PATRIMONIAL,Juzgado_1_Familia,2024,62,1.35,12,0,557,1
EXP-01018,FLORIDA,HURTO_PATRIMONIAL,Comisaria_1_Familia,2022,44,1.1,14,0,651,1
EXP-01019,PALMIRA,HURTO_PATRIMONIAL,Juzgado_2_Familia,2023,74,1.2,3,0,112,0
EXP-01020,EL CERRITO,VIF,Comisaria_2_Familia,2024,41,0.9,1,0,117,1
EXP-01021,CARTAGO,HURTO_PATRIMONIAL,Juzgado_3_Familia,2023,58,0.95,8,1,537,1
EXP-01022,FLORIDA,VIF,Juzgado_1_Familia,2023,44,1.35,3,0,179,1
EXP-01023,YUMBO,VIF,Juzgado_Penal_Municipal_1,2023,62,1.25,5,0,293,1
EXP-01024,PRADERA,ALIMENTOS,Juzgado_1_Familia,2024,38,1.35,7,0,344,1
EXP-01025,FLORIDA,ALIMENTOS,Juzgado_Penal_Municipal_1,2021,44,1.25,7,1,445,1
EXP-01026,PALMIRA,VIF,Juzgado_1_Familia,2023,74,1.35,8,0,290,1
EXP-01027,BUENAVENTURA,HURTO_PATRIMONIAL,Juzgado_1_Familia,2020,89,1.35,10,1,667,1
EXP-01028,BUENAVENTURA,HURTO_PATRIMONIAL,Juzgado_Penal_Municipal_1,2021,89,1.25,10,0,509,1
EXP-01029,CALI,SUSTANCIAS,Comisaria_2_Familia,2023,82,0.9,5,0,278,1
EXP-01030,GUADALAJARA DE BUGA,VIF,Comisaria_2_Familia,2021,53,0.9,4,0,174,1
EXP-01031,TULUA,VIF,Comisaria_1_Familia,2024,71,1.1,6,0,250,1
EXP-01032,JAMUNDI,ALIMENTOS,Juzgado_3_Familia,2023,67,0.95,10,0,472,1
EXP-01033,BUENAVENTURA,ALIMENTOS,Juzgado_3_Familia,2023,89,0.95,4,1,204,1
EXP-01034,GUADALAJARA DE BUGA,SUSTANCIAS,Juzgado_2_Familia,2023,53,1.2,2,0,120,1
EXP-01035,JAMUNDI,ALIMENTOS,Juzgado_1_Familia,2023,67,1.35,6,0,317,1
EXP-01036,JAMUNDI,HURTO_PATRIMONIAL,Juzgado_3_Familia,2024,67,0.95,9,1,572,1
EXP-01037,SEVILLA,ALIMENTOS,Juzgado_Penal_Municipal_1,2020,35,1.25,9,0,424,1
EXP-01038,CARTAGO,ALIMENTOS,Comisaria_2_Familia,2023,58,0.9,5,0,224,1
EXP-01039,ZARZAL,SUSTANCIAS,Juzgado_2_Familia,2023,33,1.2,9,0,384,1
EXP-01040,SEVILLA,ALIMENTOS,Juzgado_3_Familia,2021,35,0.95,10,0,372,1
EXP-01041,BUENAVENTURA,HURTO_PATRIMONIAL,Juzgado_1_Familia,2023,89,1.35,12,0,502,1
EXP-01042,PALMIRA,VIF,Juzgado_Penal_Municipal_2,2021,74,1.05,6,0,317,1
EXP-01043,CALI,ALIMENTOS,Juzgado_1_Familia,2020,82,1.35,7,1,525,1
EXP-01044,PALMIRA,VIF,Comisaria_1_Familia,2023,74,1.1,2,0,204,1
EXP-01045,FLORIDA,ALIMENTOS,Comisaria_2_Familia,2021,44,0.9,4,0,164,1
EXP-01046,PRADERA,SUSTANCIAS,Juzgado_Penal_Municipal_1,2023,38,1.25,8,0,410,1
EXP-01047,PRADERA,VIF,Comisaria_1_Familia,2024,38,1.1,1,0,118,1
EXP-01048,JAMUNDI,SUSTANCIAS,Juzgado_3_Familia,2024,67,0.95,3,0,149,1
EXP-01049,CANDELARIA,HURTO_PATRIMONIAL,Juzgado_3_Familia,2023,48,0.95,4,0,170,1
EXP-01050,CALI,ALIMENTOS,Comisaria_1_Familia,2023,82,1.1,5,1,427,1
EXP-01051,YUMBO,SUSTANCIAS,Juzgado_2_Familia,2024,62,1.2,3,0,194,0
EXP-01052,PRADERA,HURTO_PATRIMONIAL,Juzgado_Penal_Municipal_2,2023,38,1.05,2,0,173,0
EXP-01053,SEVILLA,HURTO_PATRIMONIAL,Comisaria_2_Familia,2022,35,0.9,8,0,389,1
EXP-01054,BUENAVENTURA,VIF,Comisaria_1_Familia,2024,89,1.1,2,0,119,1
EXP-01055,SEVILLA,VIF,Juzgado_3_Familia,2023,35,0.95,2,0,168,1
EXP-01056,TULUA,ALIMENTOS,Comisaria_1_Familia,2024,71,1.1,5,0,276,1
EXP-01057,CANDELARIA,VIF,Juzgado_2_Familia,2022,48,1.2,7,0,295,1
EXP-01058,PALMIRA,ALIMENTOS,Juzgado_Penal_Municipal_2,2020,74,1.05,5,0,276,1
EXP-01059,PRADERA,VIF,Juzgado_Penal_Municipal_2,2024,38,1.05,2,0,83,1
EXP-01060,GUADALAJARA DE BUGA,HURTO_PATRIMONIAL,Juzgado_Penal_Municipal_1,2023,53,1.25,3,0,232,0
EXP-01061,TULUA,ALIMENTOS,Comisaria_2_Familia,2021,71,0.9,9,0,459,1
EXP-01062,ZARZAL,VIF,Juzgado_3_Familia,2022,33,0.95,3,0,183,1
EXP-01063,PALMIRA,HURTO_PATRIMONIAL,Juzgado_2_Familia,2021,74,1.2,11,0,488,1
EXP-01064,BUENAVENTURA,VIF,Juzgado_Penal_Municipal_2,2021,89,1.05,2,0,111,0
EXP-01065,SEVILLA,VIF,Juzgado_1_Familia,2022,35,1.35,1,0,140,0
EXP-01066,EL CERRITO,HURTO_PATRIMONIAL,Juzgado_3_Familia,2023,41,0.95,2,0,132,1
EXP-01067,FLORIDA,VIF,Juzgado_1_Familia,2023,44,1.35,8,0,255,1
EXP-01068,EL CERRITO,SUSTANCIAS,Comisaria_2_Familia,2022,41,0.9,3,0,203,1
EXP-01069,TULUA,HURTO_PATRIMONIAL,Juzgado_3_Familia,2024,71,0.95,8,1,438,1
EXP-01070,FLORIDA,ALIMENTOS,Juzgado_3_Familia,2022,44,0.95,5,1,296,1
EXP-01071,YUMBO,HURTO_PATRIMONIAL,Juzgado_Penal_Municipal_2,2020,62,1.05,3,0,145,0
EXP-01072,PRADERA,SUSTANCIAS,Juzgado_Penal_Municipal_1,2020,38,1.25,5,0,212,1
EXP-01073,JAMUNDI,ALIMENTOS,Comisaria_1_Familia,2022,67,1.1,5,0,256,1
EXP-01074,YUMBO,HURTO_PATRIMONIAL,Juzgado_Penal_Municipal_2,2023,62,1.05,4,1,249,0
EXP-01075,PRADERA,HURTO_PATRIMONIAL,Juzgado_Penal_Municipal_2,2023,38,1.05,2,1,214,0
EXP-01076,YUMBO,VIF,Juzgado_2_Familia,2024,62,1.2,8,0,299,1
EXP-01077,GUADALAJARA DE BUGA,VIF,Comisaria_2_Familia,2021,53,0.9,5,0,234,1
EXP-01078,ZARZAL,VIF,Juzgado_Penal_Municipal_1,2020,33,1.25,1,0,83,0
EXP-01079,YUMBO,ALIMENTOS,Comisaria_2_Familia,2024,62,0.9,1,0,98,1
EXP-01080,SEVILLA,VIF,Juzgado_Penal_Municipal_1,2023,35,1.25,5,0,276,1
EXP-01081,EL CERRITO,ALIMENTOS,Juzgado_1_Familia,2024,41,1.35,5,1,324,1
EXP-01082,CARTAGO,HURTO_PATRIMONIAL,Juzgado_2_Familia,2022,58,1.2,6,0,301,1
EXP-01083,EL CERRITO,ALIMENTOS,Juzgado_Penal_Municipal_1,2022,41,1.25,5,1,295,1
EXP-01084,BUENAVENTURA,HURTO_PATRIMONIAL,Juzgado_Penal_Municipal_1,2023,89,1.25,10,1,581,1
EXP-01085,SEVILLA,VIF,Juzgado_3_Familia,2022,35,0.95,3,0,152,1
EXP-01086,YUMBO,ALIMENTOS,Comisaria_1_Familia,2023,62,1.1,5,0,268,1
EXP-01087,BUENAVENTURA,ALIMENTOS,Juzgado_Penal_Municipal_1,2022,89,1.25,7,0,242,0
EXP-01088,CANDELARIA,HURTO_PATRIMONIAL,Juzgado_Penal_Municipal_1,2021,48,1.25,11,0,480,1
EXP-01089,TULUA,VIF,Juzgado_Penal_Municipal_1,2023,71,1.25,4,0,182,1
EXP-01090,EL CERRITO,SUSTANCIAS,Juzgado_1_Familia,2020,41,1.35,6,0,336,1
EXP-01091,GUADALAJARA DE BUGA,VIF,Juzgado_2_Familia,2024,53,1.2,4,0,244,1
EXP-01092,FLORIDA,VIF,Juzgado_Penal_Municipal_2,2023,44,1.05,6,0,305,1
EXP-01093,CARTAGO,VIF,Juzgado_3_Familia,2024,58,0.95,6,0,364,1
EXP-01094,EL CERRITO,ALIMENTOS,Juzgado_3_Familia,2020,41,0.95,3,1,303,1
EXP-01095,FLORIDA,HURTO_PATRIMONIAL,Juzgado_1_Familia,2020,44,1.35,11,0,441,1
EXP-01096,BUENAVENTURA,VIF,Juzgado_2_Familia,2023,89,1.2,6,0,214,1
EXP-01097,GUADALAJARA DE BUGA,ALIMENTOS,Juzgado_3_Familia,2021,53,0.95,2,0,90,1
EXP-01098,CARTAGO,ALIMENTOS,Juzgado_Penal_Municipal_2,2020,58,1.05,5,0,245,1
EXP-01099,JAMUNDI,VIF,Comisaria_1_Familia,2023,67,1.1,4,0,235,1
EXP-01100,YUMBO,VIF,Juzgado_2_Familia,2022,62,1.2,4,0,223,1
EXP-01101,JAMUNDI,ALIMENTOS,Juzgado_Penal_Municipal_2,2022,67,1.05,6,1,338,1
EXP-01102,TULUA,ALIMENTOS,Juzgado_3_Familia,2021,71,0.95,5,1,274,1
EXP-01103,JAMUNDI,VIF,Juzgado_1_Familia,2022,67,1.35,2,0,123,1
EXP-01104,GUADALAJARA DE BUGA,HURTO_PATRIMONIAL,Juzgado_Penal_Municipal_1,2022,53,1.25,9,0,439,1
EXP-01105,GUADALAJARA DE BUGA,VIF,Juzgado_1_Familia,2022,53,1.35,2,0,147,0
EXP-01106,GUADALAJARA DE BUGA,ALIMENTOS,Juzgado_3_Familia,2020,53,0.95,4,0,210,1
EXP-01107,FLORIDA,ALIMENTOS,Juzgado_Penal_Municipal_1,2022,44,1.25,4,0,226,1
EXP-01108,CANDELARIA,VIF,Juzgado_3_Familia,2023,48,0.95,3,0,188,1
EXP-01109,CALI,ALIMENTOS,Juzgado_Penal_Municipal_2,2023,82,1.05,7,1,463,1
EXP-01110,SEVILLA,VIF,Juzgado_1_Familia,2022,35,1.35,5,0,283,1
EXP-01111,JAMUNDI,HURTO_PATRIMONIAL,Juzgado_2_Familia,2024,67,1.2,6,0,334,1
EXP-01112,CARTAGO,VIF,Juzgado_3_Familia,2024,58,0.95,3,0,237,1
EXP-01113,ZARZAL,VIF,Comisaria_2_Familia,2024,33,0.9,6,0,226,1
EXP-01114,CALI,ALIMENTOS,Juzgado_2_Familia,2022,82,1.2,8,0,454,1
EXP-01115,PALMIRA,HURTO_PATRIMONIAL,Comisaria_1_Familia,2024,74,1.1,6,1,375,1
EXP-01116,CANDELARIA,ALIMENTOS,Juzgado_Penal_Municipal_2,2023,48,1.05,5,0,271,0
EXP-01117,GUADALAJARA DE BUGA,VIF,Comisaria_2_Familia,2023,53,0.9,2,0,54,0
EXP-01118,FLORIDA,HURTO_PATRIMONIAL,Comisaria_1_Familia,2024,44,1.1,1,0,45,1
EXP-01119,SEVILLA,ALIMENTOS,Juzgado_Penal_Municipal_2,2024,35,1.05,6,0,360,1
EXP-01120,FLORIDA,VIF,Comisaria_1_Familia,2023,44,1.1,6,0,268,1
EXP-01121,CANDELARIA,VIF,Juzgado_2_Familia,2024,48,1.2,5,0,206,1
EXP-01122,JAMUNDI,ALIMENTOS,Comisaria_1_Familia,2024,67,1.1,9,0,362,1
EXP-01123,FLORIDA,VIF,Juzgado_2_Familia,2024,44,1.2,4,0,202,1
EXP-01124,EL CERRITO,ALIMENTOS,Juzgado_1_Familia,2023,41,1.35,4,0,264,0
EXP-01125,PRADERA,VIF,Juzgado_Penal_Municipal_2,2021,38,1.05,1,0,125,0
EXP-01126,SEVILLA,VIF,Juzgado_3_Familia,2022,35,0.95,8,0,281,1
EXP-01127,SEVILLA,ALIMENTOS,Juzgado_Penal_Municipal_2,2020,35,1.05,4,1,271,0
EXP-01128,TULUA,HURTO_PATRIMONIAL,Juzgado_1_Familia,2021,71,1.35,5,0,293,1
EXP-01129,CARTAGO,SUSTANCIAS,Juzgado_1_Familia,2022,58,1.35,9,0,384,1
EXP-01130,CALI,VIF,Juzgado_Penal_Municipal_1,2020,82,1.25,8,0,406,1
EXP-01131,BUENAVENTURA,VIF,Juzgado_Penal_Municipal_1,2022,89,1.25,4,0,286,1
EXP-01132,PALMIRA,VIF,Comisaria_2_Familia,2023,74,0.9,8,0,348,1
EXP-01133,SEVILLA,VIF,Juzgado_3_Familia,2024,35,0.95,2,0,101,0
EXP-01134,CANDELARIA,VIF,Juzgado_Penal_Municipal_2,2022,48,1.05,5,0,277,1
EXP-01135,ZARZAL,VIF,Comisaria_1_Familia,2024,33,1.1,2,0,115,0
EXP-01136,TULUA,SUSTANCIAS,Juzgado_Penal_Municipal_2,2024,71,1.05,6,0,240,1
EXP-01137,CARTAGO,ALIMENTOS,Comisaria_2_Familia,2023,58,0.9,7,1,453,1
EXP-01138,CANDELARIA,ALIMENTOS,Comisaria_2_Familia,2020,48,0.9,3,0,232,1
EXP-01139,TULUA,ALIMENTOS,Juzgado_3_Familia,2023,71,0.95,4,0,194,0
EXP-01140,PRADERA,VIF,Juzgado_Penal_Municipal_1,2024,38,1.25,3,0,180,1
EXP-01141,CANDELARIA,VIF,Juzgado_3_Familia,2022,48,0.95,3,0,110,1
EXP-01142,CANDELARIA,HURTO_PATRIMONIAL,Comisaria_2_Familia,2024,48,0.9,7,0,382,1
EXP-01143,GUADALAJARA DE BUGA,ALIMENTOS,Juzgado_Penal_Municipal_2,2022,53,1.05,3,1,341,1
EXP-01144,SEVILLA,VIF,Juzgado_Penal_Municipal_1,2023,35,1.25,3,0,143,0
EXP-01145,CARTAGO,VIF,Comisaria_1_Familia,2024,58,1.1,5,0,225,1
EXP-01146,ZARZAL,SUSTANCIAS,Comisaria_1_Familia,2024,33,1.1,4,0,238,1
EXP-01147,EL CERRITO,ALIMENTOS,Juzgado_2_Familia,2024,41,1.2,4,0,208,1
EXP-01148,YUMBO,SUSTANCIAS,Juzgado_Penal_Municipal_1,2021,62,1.25,7,0,346,1
EXP-01149,JAMUNDI,HURTO_PATRIMONIAL,Juzgado_3_Familia,2024,67,0.95,5,1,274,1
EXP-01150,BUENAVENTURA,ALIMENTOS,Juzgado_Penal_Municipal_2,2024,89,1.05,1,0,123,1
EXP-01151,FLORIDA,VIF,Juzgado_1_Familia,2023,44,1.35,7,0,383,1
EXP-01152,JAMUNDI,VIF,Juzgado_3_Familia,2024,67,0.95,2,0,73,0
EXP-01153,TULUA,HURTO_PATRIMONIAL,Juzgado_1_Familia,2023,71,1.35,12,0,543,1
EXP-01154,YUMBO,HURTO_PATRIMONIAL,Juzgado_Penal_Municipal_2,2022,62,1.05,5,0,244,1
EXP-01155,ZARZAL,ALIMENTOS,Juzgado_Penal_Municipal_2,2022,33,1.05,5,1,316,1
EXP-01156,SEVILLA,VIF,Comisaria_1_Familia,2024,35,1.1,6,0,282,1
EXP-01157,GUADALAJARA DE BUGA,ALIMENTOS,Comisaria_1_Familia,2024,53,1.1,2,0,152,1
EXP-01158,TULUA,ALIMENTOS,Juzgado_Penal_Municipal_1,2024,71,1.25,7,0,375,1
EXP-01159,TULUA,ALIMENTOS,Juzgado_2_Familia,2024,71,1.2,7,0,320,1
EXP-01160,GUADALAJARA DE BUGA,HURTO_PATRIMONIAL,Juzgado_1_Familia,2023,53,1.35,7,1,432,0
EXP-01161,EL CERRITO,ALIMENTOS,Juzgado_3_Familia,2023,41,0.95,4,0,281,1
EXP-01162,FLORIDA,HURTO_PATRIMONIAL,Juzgado_2_Familia,2024,44,1.2,8,0,401,0
EXP-01163,CARTAGO,VIF,Comisaria_2_Familia,2022,58,0.9,5,0,260,1
EXP-01164,YUMBO,SUSTANCIAS,Juzgado_3_Familia,2023,62,0.95,4,0,173,1
EXP-01165,PRADERA,VIF,Juzgado_3_Familia,2023,38,0.95,5,0,227,1
EXP-01166,FLORIDA,ALIMENTOS,Juzgado_3_Familia,2023,44,0.95,6,1,410,1
EXP-01167,PALMIRA,HURTO_PATRIMONIAL,Juzgado_3_Familia,2024,74,0.95,9,0,436,1
EXP-01168,JAMUNDI,VIF,Juzgado_1_Familia,2023,67,1.35,1,0,110,0
EXP-01169,PRADERA,VIF,Comisaria_1_Familia,2022,38,1.1,4,0,249,1
EXP-01170,SEVILLA,VIF,Comisaria_1_Familia,2021,35,1.1,1,0,47,0
EXP-01171,CANDELARIA,SUSTANCIAS,Juzgado_3_Familia,2024,48,0.95,3,0,184,1
EXP-01172,PRADERA,ALIMENTOS,Juzgado_Penal_Municipal_2,2023,38,1.05,3,0,199,1
EXP-01173,JAMUNDI,SUSTANCIAS,Comisaria_2_Familia,2024,67,0.9,4,0,264,1
EXP-01174,PRADERA,VIF,Juzgado_Penal_Municipal_1,2020,38,1.25,3,0,190,1
EXP-01175,CANDELARIA,HURTO_PATRIMONIAL,Juzgado_2_Familia,2020,48,1.2,14,0,622,1
EXP-01176,TULUA,VIF,Juzgado_1_Familia,2024,71,1.35,6,0,263,1
EXP-01177,YUMBO,HURTO_PATRIMONIAL,Comisaria_2_Familia,2024,62,0.9,4,1,303,1
EXP-01178,PRADERA,HURTO_PATRIMONIAL,Comisaria_2_Familia,2024,38,0.9,10,1,572,1
EXP-01179,PRADERA,HURTO_PATRIMONIAL,Juzgado_1_Familia,2023,38,1.35,9,0,472,1
EXP-01180,FLORIDA,ALIMENTOS,Comisaria_1_Familia,2022,44,1.1,3,0,126,0
EXP-01181,PRADERA,ALIMENTOS,Juzgado_Penal_Municipal_1,2022,38,1.25,6,0,322,1
EXP-01182,PALMIRA,VIF,Juzgado_1_Familia,2021,74,1.35,4,0,200,1
EXP-01183,ZARZAL,HURTO_PATRIMONIAL,Juzgado_Penal_Municipal_1,2024,33,1.25,5,0,297,1
EXP-01184,ZARZAL,VIF,Comisaria_1_Familia,2022,33,1.1,1,0,103,0
EXP-01185,JAMUNDI,VIF,Juzgado_1_Familia,2024,67,1.35,5,0,196,0
EXP-01186,YUMBO,ALIMENTOS,Juzgado_2_Familia,2021,62,1.2,8,1,567,1
EXP-01187,TULUA,ALIMENTOS,Comisaria_2_Familia,2022,71,0.9,2,0,114,0
EXP-01188,FLORIDA,HURTO_PATRIMONIAL,Juzgado_1_Familia,2023,44,1.35,6,0,247,1
EXP-01189,TULUA,VIF,Juzgado_1_Familia,2021,71,1.35,7,0,281,1
EXP-01190,GUADALAJARA DE BUGA,SUSTANCIAS,Juzgado_Penal_Municipal_1,2024,53,1.25,4,0,218,1
EXP-01191,BUENAVENTURA,ALIMENTOS,Comisaria_2_Familia,2023,89,0.9,3,0,115,0
EXP-01192,PALMIRA,ALIMENTOS,Juzgado_Penal_Municipal_1,2022,74,1.25,6,0,327,1
EXP-01193,CANDELARIA,ALIMENTOS,Juzgado_3_Familia,2022,48,0.95,7,0,264,1
EXP-01194,GUADALAJARA DE BUGA,ALIMENTOS,Juzgado_Penal_Municipal_1,2024,53,1.25,3,0,221,1
EXP-01195,BUENAVENTURA,ALIMENTOS,Juzgado_2_Familia,2021,89,1.2,8,0,366,1
EXP-01196,CALI,VIF,Juzgado_Penal_Municipal_2,2021,82,1.05,5,0,231,1
EXP-01197,JAMUNDI,ALIMENTOS,Comisaria_1_Familia,2021,67,1.1,3,1,225,1
EXP-01198,PRADERA,ALIMENTOS,Juzgado_Penal_Municipal_1,2024,38,1.25,5,0,310,1
EXP-01199,SEVILLA,ALIMENTOS,Juzgado_2_Familia,2020,35,1.2,5,0,271,1
EXP-01200,CALI,SUSTANCIAS,Juzgado_1_Familia,2020,82,1.35,8,0,395,1
EXP-01201,YUMBO,ALIMENTOS,Juzgado_1_Familia,2022,62,1.35,7,1,473,1
EXP-01202,PRADERA,ALIMENTOS,Juzgado_1_Familia,2023,38,1.35,4,0,168,1
EXP-01203,TULUA,HURTO_PATRIMONIAL,Juzgado_3_Familia,2023,71,0.95,4,0,170,0
EXP-01204,GUADALAJARA DE BUGA,HURTO_PATRIMONIAL,Juzgado_Penal_Municipal_1,2024,53,1.25,10,1,646,0
EXP-01205,CARTAGO,HURTO_PATRIMONIAL,Juzgado_Penal_Municipal_1,2024,58,1.25,5,1,299,0
EXP-01206,YUMBO,VIF,Juzgado_2_Familia,2023,62,1.2,2,0,150,1
EXP-01207,PRADERA,ALIMENTOS,Juzgado_Penal_Municipal_1,2024,38,1.25,8,1,558,1
EXP-01208,PRADERA,VIF,Juzgado_1_Familia,2022,38,1.35,3,0,129,1
EXP-01209,FLORIDA,VIF,Juzgado_2_Familia,2022,44,1.2,4,0,198,1
EXP-01210,EL CERRITO,ALIMENTOS,Juzgado_1_Familia,2024,41,1.35,9,0,369,1
EXP-01211,GUADALAJARA DE BUGA,ALIMENTOS,Comisaria_2_Familia,2023,53,0.9,1,1,166,1
EXP-01212,PRADERA,HURTO_PATRIMONIAL,Juzgado_Penal_Municipal_2,2022,38,1.05,8,0,410,1
EXP-01213,PRADERA,VIF,Juzgado_Penal_Municipal_1,2024,38,1.25,7,0,264,1
EXP-01214,SEVILLA,ALIMENTOS,Comisaria_2_Familia,2023,35,0.9,3,1,235,1
EXP-01215,CANDELARIA,ALIMENTOS,Juzgado_2_Familia,2020,48,1.2,8,0,381,1
EXP-01216,CARTAGO,VIF,Juzgado_3_Familia,2021,58,0.95,7,0,345,1
EXP-01217,ZARZAL,ALIMENTOS,Juzgado_3_Familia,2023,33,0.95,3,1,148,1
EXP-01218,PRADERA,VIF,Comisaria_1_Familia,2021,38,1.1,5,0,214,1
EXP-01219,ZARZAL,SUSTANCIAS,Comisaria_2_Familia,2020,33,0.9,1,0,109,1
EXP-01220,SEVILLA,VIF,Comisaria_2_Familia,2022,35,0.9,7,0,299,1
EXP-01221,CALI,ALIMENTOS,Comisaria_2_Familia,2024,82,0.9,1,0,152,0
EXP-01222,TULUA,SUSTANCIAS,Juzgado_2_Familia,2022,71,1.2,7,0,328,1
EXP-01223,ZARZAL,ALIMENTOS,Juzgado_Penal_Municipal_2,2024,33,1.05,8,0,332,1
EXP-01224,YUMBO,ALIMENTOS,Comisaria_2_Familia,2024,62,0.9,7,0,352,1
EXP-01225,EL CERRITO,VIF,Juzgado_Penal_Municipal_2,2024,41,1.05,4,0,179,1
EXP-01226,SEVILLA,ALIMENTOS,Comisaria_2_Familia,2022,35,0.9,3,1,137,0
EXP-01227,PALMIRA,VIF,Comisaria_1_Familia,2020,74,1.1,8,0,370,1
EXP-01228,CARTAGO,VIF,Juzgado_1_Familia,2020,58,1.35,6,0,257,1
EXP-01229,PRADERA,ALIMENTOS,Juzgado_Penal_Municipal_2,2024,38,1.05,3,0,197,0
EXP-01230,SEVILLA,ALIMENTOS,Juzgado_2_Familia,2023,35,1.2,4,0,125,1
EXP-01231,ZARZAL,VIF,Juzgado_3_Familia,2024,33,0.95,7,0,343,1
EXP-01232,CALI,HURTO_PATRIMONIAL,Juzgado_3_Familia,2022,82,0.95,11,0,494,1
EXP-01233,JAMUNDI,VIF,Juzgado_Penal_Municipal_1,2022,67,1.25,7,0,288,1
EXP-01234,BUENAVENTURA,HURTO_PATRIMONIAL,Juzgado_3_Familia,2023,89,0.95,3,0,190,1
EXP-01235,CANDELARIA,VIF,Juzgado_Penal_Municipal_2,2023,48,1.05,4,0,180,1
EXP-01236,TULUA,VIF,Comisaria_2_Familia,2022,71,0.9,3,0,129,1
EXP-01237,PRADERA,VIF,Juzgado_1_Familia,2021,38,1.35,5,0,244,1
EXP-01238,PALMIRA,HURTO_PATRIMONIAL,Juzgado_1_Familia,2023,74,1.35,7,0,334,1
EXP-01239,CANDELARIA,ALIMENTOS,Juzgado_3_Familia,2023,48,0.95,10,1,492,1
EXP-01240,SEVILLA,ALIMENTOS,Juzgado_1_Familia,2021,35,1.35,6,0,301,1
EXP-01241,CANDELARIA,HURTO_PATRIMONIAL,Comisaria_2_Familia,2022,48,0.9,11,0,558,1
EXP-01242,YUMBO,ALIMENTOS,Comisaria_1_Familia,2023,62,1.1,5,1,434,1
EXP-01243,TULUA,VIF,Juzgado_Penal_Municipal_1,2024,71,1.25,5,0,281,1
EXP-01244,PALMIRA,VIF,Juzgado_Penal_Municipal_1,2024,74,1.25,5,0,261,1
EXP-01245,CANDELARIA,VIF,Juzgado_Penal_Municipal_1,2024,48,1.25,9,0,324,1
EXP-01246,YUMBO,VIF,Juzgado_3_Familia,2022,62,0.95,5,0,192,1
EXP-01247,FLORIDA,ALIMENTOS,Comisaria_1_Familia,2024,44,1.1,9,0,450,1
EXP-01248,EL CERRITO,ALIMENTOS,Juzgado_3_Familia,2023,41,0.95,7,1,515,1
EXP-01249,JAMUNDI,ALIMENTOS,Juzgado_Penal_Municipal_2,2023,67,1.05,3,0,175,1
EXP-01250,PRADERA,HURTO_PATRIMONIAL,Juzgado_Penal_Municipal_2,2022,38,1.05,6,0,235,1
EXP-01251,CARTAGO,ALIMENTOS,Comisaria_1_Familia,2023,58,1.1,10,1,676,1
EXP-01252,PALMIRA,ALIMENTOS,Comisaria_2_Familia,2024,74,0.9,3,1,250,1
EXP-01253,GUADALAJARA DE BUGA,ALIMENTOS,Juzgado_1_Familia,2024,53,1.35,6,1,344,1
EXP-01254,TULUA,SUSTANCIAS,Juzgado_Penal_Municipal_1,2020,71,1.25,7,0,324,1
EXP-01255,PRADERA,VIF,Juzgado_Penal_Municipal_2,2021,38,1.05,9,0,410,1
EXP-01256,JAMUNDI,VIF,Juzgado_Penal_Municipal_1,2024,67,1.25,6,0,295,1
EXP-01257,TULUA,ALIMENTOS,Juzgado_1_Familia,2023,71,1.35,9,0,377,1
EXP-01258,FLORIDA,VIF,Juzgado_Penal_Municipal_1,2021,44,1.25,2,0,154,1
EXP-01259,EL CERRITO,VIF,Juzgado_2_Familia,2023,41,1.2,6,0,345,1
EXP-01260,BUENAVENTURA,VIF,Juzgado_2_Familia,2024,89,1.2,5,0,231,1
EXP-01261,PALMIRA,ALIMENTOS,Juzgado_Penal_Municipal_1,2024,74,1.25,4,0,254,1
EXP-01262,CARTAGO,VIF,Comisaria_2_Familia,2023,58,0.9,7,0,342,1
EXP-01263,CARTAGO,VIF,Juzgado_3_Familia,2020,58,0.95,5,0,223,1
EXP-01264,EL CERRITO,ALIMENTOS,Juzgado_Penal_Municipal_2,2024,41,1.05,7,0,379,1
EXP-01265,YUMBO,HURTO_PATRIMONIAL,Juzgado_1_Familia,2021,62,1.35,8,0,425,1
EXP-01266,PRADERA,VIF,Juzgado_Penal_Municipal_2,2024,38,1.05,4,0,263,1
EXP-01267,GUADALAJARA DE BUGA,ALIMENTOS,Juzgado_Penal_Municipal_2,2020,53,1.05,7,1,378,1
EXP-01268,EL CERRITO,HURTO_PATRIMONIAL,Comisaria_1_Familia,2020,41,1.1,9,1,478,0
EXP-01269,SEVILLA,VIF,Juzgado_Penal_Municipal_2,2020,35,1.05,5,0,222,0
EXP-01270,GUADALAJARA DE BUGA,ALIMENTOS,Juzgado_3_Familia,2023,53,0.95,4,0,272,1
EXP-01271,PALMIRA,VIF,Juzgado_1_Familia,2022,74,1.35,5,0,273,1
EXP-01272,PRADERA,ALIMENTOS,Juzgado_1_Familia,2020,38,1.35,6,0,320,1
EXP-01273,BUENAVENTURA,ALIMENTOS,Juzgado_Penal_Municipal_1,2024,89,1.25,6,0,234,1
EXP-01274,PRADERA,ALIMENTOS,Comisaria_1_Familia,2023,38,1.1,6,0,281,1
EXP-01275,CARTAGO,ALIMENTOS,Juzgado_1_Familia,2022,58,1.35,12,0,516,1
EXP-01276,ZARZAL,VIF,Juzgado_Penal_Municipal_2,2021,33,1.05,1,0,147,0
EXP-01277,FLORIDA,ALIMENTOS,Juzgado_Penal_Municipal_1,2022,44,1.25,4,1,355,0
EXP-01278,PRADERA,VIF,Juzgado_Penal_Municipal_2,2024,38,1.05,4,0,132,1
EXP-01279,JAMUNDI,VIF,Comisaria_1_Familia,2023,67,1.1,2,0,89,1
EXP-01280,CANDELARIA,ALIMENTOS,Juzgado_1_Familia,2021,48,1.35,3,0,162,0
EXP-01281,SEVILLA,HURTO_PATRIMONIAL,Juzgado_Penal_Municipal_1,2023,35,1.25,6,0,343,1
EXP-01282,JAMUNDI,ALIMENTOS,Comisaria_1_Familia,2023,67,1.1,2,1,383,1
EXP-01283,JAMUNDI,VIF,Juzgado_3_Familia,2024,67,0.95,6,0,277,1
EXP-01284,YUMBO,ALIMENTOS,Juzgado_Penal_Municipal_1,2023,62,1.25,5,0,272,1
EXP-01285,BUENAVENTURA,VIF,Juzgado_1_Familia,2021,89,1.35,6,0,348,1
EXP-01286,YUMBO,VIF,Juzgado_2_Familia,2023,62,1.2,3,0,199,1
EXP-01287,PRADERA,ALIMENTOS,Comisaria_2_Familia,2022,38,0.9,3,0,196,1
EXP-01288,EL CERRITO,VIF,Juzgado_Penal_Municipal_2,2023,41,1.05,2,0,169,1
EXP-01289,ZARZAL,ALIMENTOS,Juzgado_Penal_Municipal_2,2022,33,1.05,1,0,151,1
EXP-01290,CALI,SUSTANCIAS,Juzgado_2_Familia,2022,82,1.2,5,0,188,1
EXP-01291,BUENAVENTURA,VIF,Juzgado_Penal_Municipal_2,2024,89,1.05,3,0,153,1
EXP-01292,EL CERRITO,ALIMENTOS,Juzgado_1_Familia,2022,41,1.35,8,1,480,1
EXP-01293,GUADALAJARA DE BUGA,ALIMENTOS,Juzgado_Penal_Municipal_2,2023,53,1.05,8,0,409,1
EXP-01294,PALMIRA,ALIMENTOS,Comisaria_2_Familia,2022,74,0.9,2,0,157,0
EXP-01295,CANDELARIA,HURTO_PATRIMONIAL,Juzgado_2_Familia,2022,48,1.2,8,0,445,1
EXP-01296,ZARZAL,VIF,Juzgado_Penal_Municipal_1,2020,33,1.25,7,0,334,1
EXP-01297,GUADALAJARA DE BUGA,VIF,Comisaria_2_Familia,2024,53,0.9,4,0,206,1
EXP-01298,JAMUNDI,SUSTANCIAS,Juzgado_3_Familia,2024,67,0.95,7,0,280,1
EXP-01299,FLORIDA,HURTO_PATRIMONIAL,Juzgado_Penal_Municipal_2,2022,44,1.05,4,0,293,1
EXP-01300,PALMIRA,HURTO_PATRIMONIAL,Juzgado_Penal_Municipal_1,2021,74,1.25,10,1,624,1
EXP-01301,FLORIDA,ALIMENTOS,Juzgado_3_Familia,2024,44,0.95,8,0,377,1
EXP-01302,CANDELARIA,ALIMENTOS,Comisaria_1_Familia,2023,48,1.1,4,1,379,1
EXP-01303,SEVILLA,ALIMENTOS,Juzgado_Penal_Municipal_2,2023,35,1.05,6,1,380,1
EXP-01304,FLORIDA,SUSTANCIAS,Juzgado_Penal_Municipal_2,2023,44,1.05,7,0,259,1
EXP-01305,EL CERRITO,VIF,Juzgado_Penal_Municipal_1,2021,41,1.25,4,0,234,1
EXP-01306,YUMBO,HURTO_PATRIMONIAL,Juzgado_3_Familia,2023,62,0.95,10,0,429,1
EXP-01307,BUENAVENTURA,SUSTANCIAS,Juzgado_Penal_Municipal_1,2023,89,1.25,3,0,154,1
EXP-01308,TULUA,ALIMENTOS,Comisaria_1_Familia,2020,71,1.1,7,0,296,1
EXP-01309,CALI,HURTO_PATRIMONIAL,Juzgado_1_Familia,2021,82,1.35,7,0,287,1
EXP-01310,PALMIRA,ALIMENTOS,Comisaria_1_Familia,2021,74,1.1,3,0,190,1
EXP-01311,CANDELARIA,HURTO_PATRIMONIAL,Comisaria_2_Familia,2023,48,0.9,4,0,145,0
EXP-01312,CANDELARIA,ALIMENTOS,Juzgado_2_Familia,2023,48,1.2,4,1,361,1
EXP-01313,ZARZAL,ALIMENTOS,Juzgado_2_Familia,2024,33,1.2,6,1,358,1
EXP-01314,CARTAGO,VIF,Comisaria_1_Familia,2023,58,1.1,5,0,290,1
EXP-01315,JAMUNDI,HURTO_PATRIMONIAL,Juzgado_2_Familia,2024,67,1.2,14,1,908,1
EXP-01316,YUMBO,ALIMENTOS,Comisaria_1_Familia,2023,62,1.1,8,1,491,1
EXP-01317,SEVILLA,SUSTANCIAS,Comisaria_1_Familia,2022,35,1.1,4,0,236,1
EXP-01318,TULUA,SUSTANCIAS,Juzgado_3_Familia,2021,71,0.95,5,0,258,0
EXP-01319,CARTAGO,HURTO_PATRIMONIAL,Juzgado_3_Familia,2021,58,0.95,10,0,440,1
EXP-01320,BUENAVENTURA,HURTO_PATRIMONIAL,Juzgado_2_Familia,2021,89,1.2,11,0,542,1
EXP-01321,GUADALAJARA DE BUGA,ALIMENTOS,Comisaria_1_Familia,2023,53,1.1,2,1,259,1
EXP-01322,PRADERA,ALIMENTOS,Juzgado_1_Familia,2020,38,1.35,2,0,176,0
EXP-01323,BUENAVENTURA,ALIMENTOS,Juzgado_1_Familia,2023,89,1.35,10,0,458,1
EXP-01324,TULUA,ALIMENTOS,Juzgado_1_Familia,2021,71,1.35,8,1,560,1
EXP-01325,GUADALAJARA DE BUGA,ALIMENTOS,Comisaria_2_Familia,2024,53,0.9,3,0,168,1
EXP-01326,EL CERRITO,ALIMENTOS,Comisaria_2_Familia,2023,41,0.9,5,0,157,1
EXP-01327,SEVILLA,HURTO_PATRIMONIAL,Juzgado_Penal_Municipal_1,2023,35,1.25,9,0,394,1
EXP-01328,BUENAVENTURA,VIF,Juzgado_Penal_Municipal_2,2024,89,1.05,3,0,149,0
EXP-01329,GUADALAJARA DE BUGA,VIF,Juzgado_3_Familia,2024,53,0.95,6,0,298,1
EXP-01330,PRADERA,VIF,Juzgado_1_Familia,2020,38,1.35,8,0,373,1
EXP-01331,YUMBO,HURTO_PATRIMONIAL,Juzgado_2_Familia,2023,62,1.2,5,0,278,1
EXP-01332,CARTAGO,VIF,Juzgado_2_Familia,2023,58,1.2,4,0,218,1
EXP-01333,PALMIRA,VIF,Juzgado_Penal_Municipal_1,2023,74,1.25,7,0,378,1
EXP-01334,CALI,HURTO_PATRIMONIAL,Juzgado_Penal_Municipal_1,2022,82,1.25,11,0,484,1
EXP-01335,GUADALAJARA DE BUGA,ALIMENTOS,Comisaria_1_Familia,2020,53,1.1,8,0,340,1
EXP-01336,FLORIDA,VIF,Juzgado_2_Familia,2024,44,1.2,3,0,180,1
EXP-01337,CARTAGO,ALIMENTOS,Juzgado_3_Familia,2024,58,0.95,6,0,184,1
EXP-01338,CALI,VIF,Juzgado_Penal_Municipal_2,2022,82,1.05,6,0,290,1
EXP-01339,SEVILLA,VIF,Juzgado_3_Familia,2020,35,0.95,2,0,133,1
EXP-01340,SEVILLA,ALIMENTOS,Comisaria_2_Familia,2023,35,0.9,3,0,192,0
EXP-01341,CARTAGO,VIF,Juzgado_2_Familia,2023,58,1.2,6,0,337,1
EXP-01342,EL CERRITO,HURTO_PATRIMONIAL,Comisaria_2_Familia,2024,41,0.9,8,0,358,1
EXP-01343,PRADERA,VIF,Comisaria_2_Familia,2023,38,0.9,2,0,148,1
EXP-01344,FLORIDA,SUSTANCIAS,Juzgado_2_Familia,2024,44,1.2,7,0,327,1
EXP-01345,BUENAVENTURA,HURTO_PATRIMONIAL,Juzgado_Penal_Municipal_2,2023,89,1.05,7,0,383,1
EXP-01346,CALI,HURTO_PATRIMONIAL,Juzgado_3_Familia,2022,82,0.95,7,0,298,1
EXP-01347,SEVILLA,SUSTANCIAS,Juzgado_1_Familia,2024,35,1.35,3,0,190,1
EXP-01348,TULUA,ALIMENTOS,Juzgado_Penal_Municipal_1,2024,71,1.25,7,0,339,1
EXP-01349,TULUA,HURTO_PATRIMONIAL,Juzgado_3_Familia,2024,71,0.95,7,0,209,0
EXP-01350,CANDELARIA,ALIMENTOS,Comisaria_2_Familia,2024,48,0.9,9,0,384,1
EXP-01351,GUADALAJARA DE BUGA,HURTO_PATRIMONIAL,Juzgado_Penal_Municipal_2,2024,53,1.05,7,0,401,1
EXP-01352,SEVILLA,SUSTANCIAS,Juzgado_2_Familia,2024,35,1.2,5,0,167,1
EXP-01353,CALI,HURTO_PATRIMONIAL,Comisaria_2_Familia,2020,82,0.9,5,0,332,1
EXP-01354,CANDELARIA,VIF,Juzgado_Penal_Municipal_2,2024,48,1.05,6,0,291,1
EXP-01355,CANDELARIA,ALIMENTOS,Juzgado_2_Familia,2022,48,1.2,8,0,329,1
EXP-01356,PRADERA,ALIMENTOS,Juzgado_2_Familia,2021,38,1.2,6,1,475,1
EXP-01357,BUENAVENTURA,HURTO_PATRIMONIAL,Juzgado_Penal_Municipal_2,2024,89,1.05,10,1,589,1
EXP-01358,GUADALAJARA DE BUGA,VIF,Juzgado_2_Familia,2022,53,1.2,9,0,343,1
EXP-01359,ZARZAL,VIF,Juzgado_Penal_Municipal_1,2024,33,1.25,7,0,355,1
EXP-01360,CANDELARIA,ALIMENTOS,Comisaria_1_Familia,2023,48,1.1,2,0,155,1
EXP-01361,BUENAVENTURA,SUSTANCIAS,Juzgado_2_Familia,2023,89,1.2,3,0,198,1
EXP-01362,TULUA,VIF,Juzgado_3_Familia,2022,71,0.95,2,0,136,0
EXP-01363,EL CERRITO,VIF,Juzgado_2_Familia,2021,41,1.2,3,0,194,0
EXP-01364,EL CERRITO,SUSTANCIAS,Juzgado_Penal_Municipal_2,2023,41,1.05,3,0,182,0
EXP-01365,GUADALAJARA DE BUGA,ALIMENTOS,Juzgado_1_Familia,2022,53,1.35,6,1,492,1
EXP-01366,ZARZAL,VIF,Juzgado_Penal_Municipal_2,2020,33,1.05,5,0,251,1
EXP-01367,SEVILLA,ALIMENTOS,Comisaria_1_Familia,2024,35,1.1,6,0,304,1
EXP-01368,JAMUNDI,ALIMENTOS,Comisaria_1_Familia,2023,67,1.1,3,0,162,1
EXP-01369,CARTAGO,HURTO_PATRIMONIAL,Comisaria_1_Familia,2024,58,1.1,8,0,318,1
EXP-01370,CALI,VIF,Juzgado_1_Familia,2022,82,1.35,4,0,148,0
EXP-01371,SEVILLA,ALIMENTOS,Juzgado_Penal_Municipal_2,2024,35,1.05,10,0,450,1
EXP-01372,BUENAVENTURA,VIF,Juzgado_Penal_Municipal_2,2023,89,1.05,6,0,287,1
EXP-01373,PALMIRA,HURTO_PATRIMONIAL,Comisaria_1_Familia,2020,74,1.1,2,1,189,0
EXP-01374,TULUA,ALIMENTOS,Juzgado_3_Familia,2024,71,0.95,6,0,358,1
EXP-01375,PALMIRA,ALIMENTOS,Comisaria_2_Familia,2024,74,0.9,9,0,353,1
EXP-01376,TULUA,SUSTANCIAS,Juzgado_Penal_Municipal_1,2023,71,1.25,4,0,200,1
EXP-01377,GUADALAJARA DE BUGA,ALIMENTOS,Comisaria_2_Familia,2024,53,0.9,9,0,421,1
EXP-01378,PRADERA,VIF,Comisaria_2_Familia,2022,38,0.9,5,0,176,1
EXP-01379,SEVILLA,ALIMENTOS,Comisaria_2_Familia,2022,35,0.9,4,0,186,1
EXP-01380,PRADERA,ALIMENTOS,Juzgado_3_Familia,2022,38,0.95,4,0,213,0
EXP-01381,EL CERRITO,ALIMENTOS,Juzgado_1_Familia,2023,41,1.35,11,1,637,1
EXP-01382,PALMIRA,SUSTANCIAS,Comisaria_2_Familia,2022,74,0.9,2,0,190,1
EXP-01383,FLORIDA,HURTO_PATRIMONIAL,Juzgado_2_Familia,2020,44,1.2,8,1,484,1
EXP-01384,CALI,HURTO_PATRIMONIAL,Juzgado_2_Familia,2024,82,1.2,12,1,812,1
EXP-01385,CANDELARIA,VIF,Juzgado_Penal_Municipal_2,2024,48,1.05,4,0,195,1
EXP-01386,EL CERRITO,ALIMENTOS,Comisaria_1_Familia,2022,41,1.1,7,0,333,1
EXP-01387,YUMBO,HURTO_PATRIMONIAL,Juzgado_3_Familia,2024,62,0.95,8,0,412,1
EXP-01388,SEVILLA,ALIMENTOS,Comisaria_1_Familia,2022,35,1.1,7,0,336,1
EXP-01389,JAMUNDI,HURTO_PATRIMONIAL,Juzgado_Penal_Municipal_2,2022,67,1.05,6,1,373,1
EXP-01390,PRADERA,ALIMENTOS,Juzgado_2_Familia,2024,38,1.2,6,0,360,1
EXP-01391,SEVILLA,ALIMENTOS,Juzgado_2_Familia,2020,35,1.2,3,1,322,1
EXP-01392,CARTAGO,HURTO_PATRIMONIAL,Juzgado_1_Familia,2022,58,1.35,11,0,501,1
EXP-01393,TULUA,ALIMENTOS,Comisaria_1_Familia,2021,71,1.1,6,0,223,0
EXP-01394,YUMBO,ALIMENTOS,Juzgado_Penal_Municipal_2,2024,62,1.05,8,0,406,1
EXP-01395,PRADERA,ALIMENTOS,Juzgado_Penal_Municipal_2,2024,38,1.05,1,0,30,1
EXP-01396,ZARZAL,ALIMENTOS,Comisaria_1_Familia,2024,33,1.1,8,0,351,1
EXP-01397,CARTAGO,ALIMENTOS,Juzgado_Penal_Municipal_2,2021,58,1.05,7,0,293,1
EXP-01398,TULUA,HURTO_PATRIMONIAL,Juzgado_3_Familia,2023,71,0.95,9,0,322,1
EXP-01399,PRADERA,VIF,Juzgado_3_Familia,2021,38,0.95,3,0,229,1
EXP-01400,CARTAGO,HURTO_PATRIMONIAL,Comisaria_1_Familia,2024,58,1.1,6,0,332,1
EXP-01401,PRADERA,ALIMENTOS,Juzgado_Penal_Municipal_2,2023,38,1.05,2,1,166,1
EXP-01402,JAMUNDI,HURTO_PATRIMONIAL,Juzgado_Penal_Municipal_1,2022,67,1.25,10,0,465,1
EXP-01403,EL CERRITO,ALIMENTOS,Juzgado_1_Familia,2023,41,1.35,7,0,288,1
EXP-01404,SEVILLA,VIF,Juzgado_Penal_Municipal_1,2023,35,1.25,3,0,181,1
EXP-01405,GUADALAJARA DE BUGA,VIF,Juzgado_Penal_Municipal_1,2023,53,1.25,2,0,147,1
EXP-01406,CARTAGO,ALIMENTOS,Juzgado_Penal_Municipal_2,2023,58,1.05,7,0,334,1
EXP-01407,GUADALAJARA DE BUGA,SUSTANCIAS,Juzgado_1_Familia,2021,53,1.35,5,0,290,1
EXP-01408,ZARZAL,HURTO_PATRIMONIAL,Juzgado_3_Familia,2021,33,0.95,8,0,373,1
EXP-01409,TULUA,HURTO_PATRIMONIAL,Juzgado_1_Familia,2023,71,1.35,7,0,286,0
EXP-01410,FLORIDA,HURTO_PATRIMONIAL,Comisaria_2_Familia,2022,44,0.9,4,0,218,1
EXP-01411,BUENAVENTURA,VIF,Juzgado_Penal_Municipal_2,2020,89,1.05,5,0,179,1
EXP-01412,CANDELARIA,HURTO_PATRIMONIAL,Juzgado_Penal_Municipal_1,2023,48,1.25,5,0,184,0
EXP-01413,CARTAGO,HURTO_PATRIMONIAL,Juzgado_1_Familia,2023,58,1.35,13,1,709,1
EXP-01414,CANDELARIA,VIF,Juzgado_3_Familia,2024,48,0.95,1,0,73,1
EXP-01415,PALMIRA,VIF,Juzgado_3_Familia,2024,74,0.95,4,0,239,1
EXP-01416,CALI,ALIMENTOS,Juzgado_2_Familia,2023,82,1.2,5,1,365,1
EXP-01417,TULUA,ALIMENTOS,Juzgado_2_Familia,2022,71,1.2,5,0,260,1
EXP-01418,ZARZAL,ALIMENTOS,Juzgado_3_Familia,2024,33,0.95,3,0,167,1
EXP-01419,BUENAVENTURA,ALIMENTOS,Juzgado_3_Familia,2021,89,0.95,7,0,287,1
EXP-01420,SEVILLA,SUSTANCIAS,Juzgado_2_Familia,2022,35,1.2,3,0,148,1
EXP-01421,CANDELARIA,SUSTANCIAS,Comisaria_1_Familia,2024,48,1.1,5,0,270,1
EXP-01422,GUADALAJARA DE BUGA,HURTO_PATRIMONIAL,Juzgado_2_Familia,2023,53,1.2,3,1,182,0
EXP-01423,GUADALAJARA DE BUGA,VIF,Comisaria_1_Familia,2023,53,1.1,2,0,129,1
EXP-01424,EL CERRITO,ALIMENTOS,Juzgado_Penal_Municipal_1,2023,41,1.25,6,0,322,1
EXP-01425,ZARZAL,ALIMENTOS,Juzgado_2_Familia,2022,33,1.2,6,1,499,1
EXP-01426,GUADALAJARA DE BUGA,VIF,Juzgado_Penal_Municipal_2,2022,53,1.05,5,0,232,1
EXP-01427,CARTAGO,SUSTANCIAS,Comisaria_1_Familia,2024,58,1.1,3,0,121,0
EXP-01428,CANDELARIA,SUSTANCIAS,Juzgado_Penal_Municipal_2,2022,48,1.05,3,0,209,0
EXP-01429,CANDELARIA,VIF,Juzgado_Penal_Municipal_2,2021,48,1.05,1,0,113,1
EXP-01430,CARTAGO,SUSTANCIAS,Juzgado_Penal_Municipal_2,2024,58,1.05,4,0,295,1
EXP-01431,CANDELARIA,ALIMENTOS,Juzgado_2_Familia,2021,48,1.2,7,1,491,1
EXP-01432,GUADALAJARA DE BUGA,VIF,Juzgado_Penal_Municipal_2,2024,53,1.05,4,0,326,1
EXP-01433,FLORIDA,HURTO_PATRIMONIAL,Juzgado_2_Familia,2020,44,1.2,8,0,335,1
EXP-01434,FLORIDA,ALIMENTOS,Juzgado_1_Familia,2022,44,1.35,4,0,199,1
EXP-01435,GUADALAJARA DE BUGA,ALIMENTOS,Juzgado_Penal_Municipal_2,2022,53,1.05,9,0,335,1
EXP-01436,CARTAGO,SUSTANCIAS,Juzgado_Penal_Municipal_2,2021,58,1.05,2,0,134,1
EXP-01437,CANDELARIA,ALIMENTOS,Juzgado_Penal_Municipal_1,2020,48,1.25,5,1,403,1
EXP-01438,CANDELARIA,SUSTANCIAS,Comisaria_1_Familia,2024,48,1.1,5,0,244,1
EXP-01439,PALMIRA,VIF,Juzgado_2_Familia,2024,74,1.2,5,0,294,1
EXP-01440,CARTAGO,SUSTANCIAS,Juzgado_2_Familia,2024,58,1.2,3,0,229,1
EXP-01441,TULUA,ALIMENTOS,Juzgado_2_Familia,2023,71,1.2,6,1,481,1
EXP-01442,BUENAVENTURA,ALIMENTOS,Juzgado_3_Familia,2023,89,0.95,6,1,468,1
EXP-01443,PRADERA,ALIMENTOS,Juzgado_2_Familia,2022,38,1.2,7,0,366,1
EXP-01444,JAMUNDI,VIF,Juzgado_3_Familia,2024,67,0.95,3,0,235,1
EXP-01445,PALMIRA,ALIMENTOS,Comisaria_1_Familia,2024,74,1.1,6,0,294,1
EXP-01446,FLORIDA,HURTO_PATRIMONIAL,Juzgado_1_Familia,2024,44,1.35,7,1,482,1
EXP-01447,CARTAGO,HURTO_PATRIMONIAL,Comisaria_2_Familia,2022,58,0.9,5,0,327,0
EXP-01448,CARTAGO,VIF,Comisaria_2_Familia,2022,58,0.9,1,0,85,0
EXP-01449,TULUA,HURTO_PATRIMONIAL,Juzgado_2_Familia,2023,71,1.2,6,0,366,1
EXP-01450,YUMBO,ALIMENTOS,Juzgado_Penal_Municipal_1,2021,62,1.25,2,1,114,1
EXP-01451,CALI,ALIMENTOS,Juzgado_1_Familia,2023,82,1.35,11,0,473,1
EXP-01452,EL CERRITO,SUSTANCIAS,Juzgado_Penal_Municipal_2,2023,41,1.05,4,0,267,1
EXP-01453,EL CERRITO,HURTO_PATRIMONIAL,Juzgado_3_Familia,2022,41,0.95,4,1,246,1
EXP-01454,FLORIDA,VIF,Juzgado_2_Familia,2022,44,1.2,7,0,248,1
EXP-01455,SEVILLA,HURTO_PATRIMONIAL,Comisaria_2_Familia,2024,35,0.9,6,0,286,1
EXP-01456,GUADALAJARA DE BUGA,HURTO_PATRIMONIAL,Comisaria_2_Familia,2024,53,0.9,5,0,283,1
EXP-01457,JAMUNDI,ALIMENTOS,Comisaria_1_Familia,2021,67,1.1,10,1,571,1
EXP-01458,SEVILLA,VIF,Comisaria_2_Familia,2021,35,0.9,1,0,39,0
EXP-01459,TULUA,HURTO_PATRIMONIAL,Juzgado_Penal_Municipal_1,2024,71,1.25,6,0,323,1
EXP-01460,CARTAGO,ALIMENTOS,Juzgado_2_Familia,2024,58,1.2,2,0,93,0
EXP-01461,PRADERA,HURTO_PATRIMONIAL,Comisaria_2_Familia,2022,38,0.9,7,0,413,0
EXP-01462,SEVILLA,VIF,Juzgado_Penal_Municipal_1,2023,35,1.25,4,0,207,0
EXP-01463,BUENAVENTURA,HURTO_PATRIMONIAL,Juzgado_2_Familia,2024,89,1.2,10,0,547,1
EXP-01464,BUENAVENTURA,ALIMENTOS,Juzgado_1_Familia,2024,89,1.35,11,0,436,1
EXP-01465,TULUA,VIF,Comisaria_1_Familia,2023,71,1.1,3,0,231,1
EXP-01466,CARTAGO,HURTO_PATRIMONIAL,Juzgado_2_Familia,2023,58,1.2,4,0,215,0
EXP-01467,BUENAVENTURA,VIF,Juzgado_2_Familia,2020,89,1.2,1,0,74,0
EXP-01468,CALI,VIF,Juzgado_3_Familia,2022,82,0.95,4,0,110,1
EXP-01469,BUENAVENTURA,SUSTANCIAS,Comisaria_1_Familia,2024,89,1.1,6,0,279,1
EXP-01470,CARTAGO,ALIMENTOS,Juzgado_2_Familia,2024,58,1.2,8,0,398,1
EXP-01471,ZARZAL,HURTO_PATRIMONIAL,Juzgado_1_Familia,2021,33,1.35,11,0,519,1
EXP-01472,JAMUNDI,VIF,Juzgado_Penal_Municipal_2,2024,67,1.05,3,0,163,1
EXP-01473,YUMBO,VIF,Juzgado_2_Familia,2021,62,1.2,1,0,152,1
EXP-01474,TULUA,HURTO_PATRIMONIAL,Juzgado_2_Familia,2024,71,1.2,9,1,502,1
EXP-01475,CARTAGO,VIF,Comisaria_1_Familia,2022,58,1.1,1,0,69,0
EXP-01476,CARTAGO,ALIMENTOS,Juzgado_Penal_Municipal_1,2023,58,1.25,10,1,610,1
EXP-01477,CANDELARIA,SUSTANCIAS,Juzgado_Penal_Municipal_2,2023,48,1.05,6,0,259,1
EXP-01478,CALI,VIF,Juzgado_Penal_Municipal_2,2021,82,1.05,3,0,160,1
EXP-01479,ZARZAL,VIF,Juzgado_1_Familia,2020,33,1.35,5,0,283,1
EXP-01480,GUADALAJARA DE BUGA,HURTO_PATRIMONIAL,Juzgado_Penal_Municipal_2,2023,53,1.05,6,0,290,0
EXP-01481,TULUA,SUSTANCIAS,Comisaria_1_Familia,2024,71,1.1,4,0,204,1
EXP-01482,PRADERA,ALIMENTOS,Juzgado_Penal_Municipal_2,2020,38,1.05,2,0,100,0
EXP-01483,PRADERA,SUSTANCIAS,Juzgado_3_Familia,2024,38,0.95,4,0,169,0
EXP-01484,GUADALAJARA DE BUGA,HURTO_PATRIMONIAL,Comisaria_1_Familia,2023,53,1.1,6,1,390,1
EXP-01485,CALI,HURTO_PATRIMONIAL,Juzgado_Penal_Municipal_2,2023,82,1.05,1,0,115,1
EXP-01486,CALI,HURTO_PATRIMONIAL,Juzgado_1_Familia,2022,82,1.35,4,0,166,0
EXP-01487,CALI,ALIMENTOS,Comisaria_1_Familia,2024,82,1.1,7,0,323,1
EXP-01488,PALMIRA,ALIMENTOS,Juzgado_Penal_Municipal_1,2021,74,1.25,5,0,372,1
EXP-01489,JAMUNDI,SUSTANCIAS,Juzgado_2_Familia,2021,67,1.2,8,0,338,1
EXP-01490,PRADERA,ALIMENTOS,Juzgado_Penal_Municipal_1,2021,38,1.25,8,0,367,1
EXP-01491,PALMIRA,SUSTANCIAS,Juzgado_Penal_Municipal_1,2020,74,1.25,5,0,278,1
EXP-01492,PALMIRA,ALIMENTOS,Juzgado_3_Familia,2023,74,0.95,2,1,46,1
EXP-01493,PRADERA,VIF,Comisaria_2_Familia,2024,38,0.9,5,0,238,1
EXP-01494,CANDELARIA,HURTO_PATRIMONIAL,Juzgado_Penal_Municipal_2,2022,48,1.05,6,0,289,1
EXP-01495,CARTAGO,VIF,Juzgado_2_Familia,2023,58,1.2,7,0,329,1
EXP-01496,FLORIDA,VIF,Juzgado_Penal_Municipal_1,2022,44,1.25,2,0,136,1
EXP-01497,FLORIDA,HURTO_PATRIMONIAL,Juzgado_Penal_Municipal_1,2024,44,1.25,6,0,337,0
EXP-01498,PRADERA,ALIMENTOS,Juzgado_Penal_Municipal_2,2024,38,1.05,6,0,288,1
EXP-01499,JAMUNDI,SUSTANCIAS,Comisaria_2_Familia,2020,67,0.9,4,0,183,0
EXP-01500,YUMBO,VIF,Juzgado_Penal_Municipal_2,2021,62,1.05,4,0,235,1
EXP-01501,CALI,HURTO_PATRIMONIAL,Juzgado_Penal_Municipal_2,2022,82,1.05,14,0,574,1
EXP-01502,SEVILLA,ALIMENTOS,Juzgado_Penal_Municipal_1,2024,35,1.25,11,0,486,1
EXP-01503,ZARZAL,SUSTANCIAS,Juzgado_Penal_Municipal_2,2023,33,1.05,3,0,144,1
EXP-01504,JAMUNDI,VIF,Comisaria_1_Familia,2022,67,1.1,5,0,207,1
EXP-01505,BUENAVENTURA,ALIMENTOS,Comisaria_2_Familia,2024,89,0.9,6,0,285,1
EXP-01506,PRADERA,VIF,Comisaria_2_Familia,2021,38,0.9,2,0,60,0
EXP-01507,BUENAVENTURA,VIF,Juzgado_Penal_Municipal_2,2022,89,1.05,3,0,186,1
EXP-01508,PRADERA,VIF,Juzgado_Penal_Municipal_1,2022,38,1.25,5,0,156,1
EXP-01509,CALI,ALIMENTOS,Juzgado_3_Familia,2023,82,0.95,5,0,284,1
EXP-01510,PALMIRA,ALIMENTOS,Juzgado_Penal_Municipal_1,2024,74,1.25,6,1,467,1
EXP-01511,EL CERRITO,SUSTANCIAS,Juzgado_3_Familia,2022,41,0.95,6,0,226,1
EXP-01512,JAMUNDI,VIF,Juzgado_Penal_Municipal_2,2022,67,1.05,6,0,290,1
EXP-01513,PALMIRA,HURTO_PATRIMONIAL,Juzgado_3_Familia,2023,74,0.95,10,1,705,1
EXP-01514,ZARZAL,VIF,Juzgado_Penal_Municipal_1,2023,33,1.25,7,0,301,1
EXP-01515,GUADALAJARA DE BUGA,ALIMENTOS,Comisaria_2_Familia,2022,53,0.9,5,0,288,1
EXP-01516,FLORIDA,ALIMENTOS,Comisaria_1_Familia,2022,44,1.1,9,0,447,1
EXP-01517,CANDELARIA,ALIMENTOS,Juzgado_2_Familia,2020,48,1.2,4,0,222,0
EXP-01518,TULUA,ALIMENTOS,Comisaria_1_Familia,2023,71,1.1,2,0,161,0
EXP-01519,CANDELARIA,SUSTANCIAS,Juzgado_1_Familia,2024,48,1.35,7,0,229,1
EXP-01520,CALI,HURTO_PATRIMONIAL,Juzgado_1_Familia,2023,82,1.35,9,0,422,1
EXP-01521,ZARZAL,ALIMENTOS,Juzgado_Penal_Municipal_1,2024,33,1.25,6,0,258,1
EXP-01522,EL CERRITO,VIF,Juzgado_3_Familia,2022,41,0.95,2,0,112,1
EXP-01523,PRADERA,HURTO_PATRIMONIAL,Juzgado_3_Familia,2024,38,0.95,6,0,324,1
EXP-01524,PALMIRA,VIF,Comisaria_1_Familia,2021,74,1.1,7,0,279,1
EXP-01525,BUENAVENTURA,ALIMENTOS,Juzgado_3_Familia,2022,89,0.95,7,1,506,1
EXP-01526,JAMUNDI,ALIMENTOS,Juzgado_2_Familia,2023,67,1.2,3,0,174,0
EXP-01527,PALMIRA,VIF,Comisaria_1_Familia,2024,74,1.1,2,0,149,1
EXP-01528,YUMBO,VIF,Comisaria_2_Familia,2022,62,0.9,4,0,262,1
EXP-01529,BUENAVENTURA,ALIMENTOS,Comisaria_1_Familia,2022,89,1.1,7,0,322,1
EXP-01530,FLORIDA,VIF,Comisaria_1_Familia,2022,44,1.1,5,0,252,0
EXP-01531,FLORIDA,ALIMENTOS,Juzgado_Penal_Municipal_1,2024,44,1.25,7,0,292,1
EXP-01532,ZARZAL,ALIMENTOS,Juzgado_1_Familia,2020,33,1.35,10,0,399,1
EXP-01533,PALMIRA,HURTO_PATRIMONIAL,Juzgado_2_Familia,2022,74,1.2,8,0,409,0
EXP-01534,EL CERRITO,ALIMENTOS,Comisaria_2_Familia,2022,41,0.9,5,0,292,0
EXP-01535,BUENAVENTURA,ALIMENTOS,Juzgado_Penal_Municipal_1,2024,89,1.25,7,0,407,1
EXP-01536,ZARZAL,VIF,Juzgado_3_Familia,2024,33,0.95,3,0,177,1
EXP-01537,SEVILLA,ALIMENTOS,Juzgado_Penal_Municipal_2,2020,35,1.05,3,0,168,0
EXP-01538,BUENAVENTURA,VIF,Juzgado_1_Familia,2021,89,1.35,6,0,314,1
EXP-01539,FLORIDA,SUSTANCIAS,Comisaria_2_Familia,2021,44,0.9,3,0,117,1
EXP-01540,FLORIDA,HURTO_PATRIMONIAL,Comisaria_1_Familia,2024,44,1.1,11,0,535,1
EXP-01541,GUADALAJARA DE BUGA,HURTO_PATRIMONIAL,Comisaria_2_Familia,2024,53,0.9,4,0,118,1
EXP-01542,TULUA,VIF,Comisaria_1_Familia,2021,71,1.1,6,0,284,1
EXP-01543,SEVILLA,ALIMENTOS,Juzgado_2_Familia,2024,35,1.2,5,0,282,1
EXP-01544,BUENAVENTURA,ALIMENTOS,Comisaria_2_Familia,2022,89,0.9,7,0,307,1
EXP-01545,FLORIDA,HURTO_PATRIMONIAL,Juzgado_1_Familia,2023,44,1.35,12,0,579,0
EXP-01546,SEVILLA,HURTO_PATRIMONIAL,Comisaria_1_Familia,2022,35,1.1,9,0,387,1
EXP-01547,GUADALAJARA DE BUGA,ALIMENTOS,Juzgado_Penal_Municipal_2,2020,53,1.05,7,0,337,0
EXP-01548,CALI,ALIMENTOS,Juzgado_2_Familia,2020,82,1.2,9,0,429,1
EXP-01549,TULUA,HURTO_PATRIMONIAL,Juzgado_Penal_Municipal_2,2024,71,1.05,8,0,371,1
EXP-01550,BUENAVENTURA,VIF,Comisaria_2_Familia,2024,89,0.9,6,0,275,1
EXP-01551,GUADALAJARA DE BUGA,HURTO_PATRIMONIAL,Comisaria_1_Familia,2023,53,1.1,12,1,670,1
EXP-01552,CANDELARIA,ALIMENTOS,Comisaria_2_Familia,2022,48,0.9,6,1,413,1
EXP-01553,SEVILLA,ALIMENTOS,Juzgado_1_Familia,2023,35,1.35,7,0,369,1
EXP-01554,CANDELARIA,VIF,Comisaria_1_Familia,2024,48,1.1,4,0,265,1
EXP-01555,TULUA,ALIMENTOS,Juzgado_3_Familia,2021,71,0.95,6,0,309,1
EXP-01556,TULUA,ALIMENTOS,Comisaria_2_Familia,2024,71,0.9,7,0,245,1
EXP-01557,CALI,HURTO_PATRIMONIAL,Comisaria_1_Familia,2022,82,1.1,8,1,579,1
EXP-01558,CANDELARIA,ALIMENTOS,Juzgado_3_Familia,2024,48,0.95,7,0,379,1
EXP-01559,PALMIRA,ALIMENTOS,Juzgado_3_Familia,2024,74,0.95,4,0,221,1
EXP-01560,CANDELARIA,SUSTANCIAS,Juzgado_Penal_Municipal_1,2020,48,1.25,1,0,55,0
EXP-01561,GUADALAJARA DE BUGA,VIF,Juzgado_2_Familia,2024,53,1.2,2,0,108,1
EXP-01562,BUENAVENTURA,ALIMENTOS,Juzgado_Penal_Municipal_2,2021,89,1.05,8,1,485,1
EXP-01563,CALI,SUSTANCIAS,Juzgado_Penal_Municipal_1,2023,82,1.25,6,0,305,1
EXP-01564,CARTAGO,ALIMENTOS,Juzgado_3_Familia,2022,58,0.95,3,1,372,1
EXP-01565,JAMUNDI,VIF,Juzgado_Penal_Municipal_2,2021,67,1.05,6,0,321,1
EXP-01566,JAMUNDI,HURTO_PATRIMONIAL,Juzgado_2_Familia,2024,67,1.2,8,1,449,1
EXP-01567,PALMIRA,ALIMENTOS,Juzgado_Penal_Municipal_1,2022,74,1.25,6,0,312,1
EXP-01568,ZARZAL,ALIMENTOS,Juzgado_3_Familia,2023,33,0.95,2,0,114,1
EXP-01569,CARTAGO,HURTO_PATRIMONIAL,Comisaria_2_Familia,2024,58,0.9,4,0,221,1
EXP-01570,PRADERA,HURTO_PATRIMONIAL,Comisaria_2_Familia,2023,38,0.9,2,1,259,1
EXP-01571,EL CERRITO,SUSTANCIAS,Comisaria_2_Familia,2021,41,0.9,2,0,119,1
EXP-01572,ZARZAL,VIF,Comisaria_1_Familia,2023,33,1.1,4,0,212,1
EXP-01573,PALMIRA,ALIMENTOS,Juzgado_Penal_Municipal_1,2023,74,1.25,4,0,223,1
EXP-01574,JAMUNDI,ALIMENTOS,Comisaria_1_Familia,2021,67,1.1,4,1,214,0
EXP-01575,JAMUNDI,ALIMENTOS,Juzgado_Penal_Municipal_2,2023,67,1.05,5,0,245,1
EXP-01576,JAMUNDI,VIF,Comisaria_2_Familia,2024,67,0.9,5,0,258,1
EXP-01577,SEVILLA,ALIMENTOS,Juzgado_3_Familia,2024,35,0.95,3,0,105,1
EXP-01578,JAMUNDI,ALIMENTOS,Juzgado_2_Familia,2020,67,1.2,5,1,302,0
EXP-01579,CALI,VIF,Juzgado_1_Familia,2024,82,1.35,5,0,265,1
EXP-01580,TULUA,VIF,Juzgado_Penal_Municipal_1,2024,71,1.25,7,0,305,1
EXP-01581,PALMIRA,ALIMENTOS,Comisaria_1_Familia,2024,74,1.1,7,1,453,1
EXP-01582,BUENAVENTURA,ALIMENTOS,Juzgado_Penal_Municipal_2,2022,89,1.05,6,1,453,1
EXP-01583,ZARZAL,ALIMENTOS,Juzgado_1_Familia,2024,33,1.35,10,1,602,1
EXP-01584,PRADERA,VIF,Juzgado_Penal_Municipal_1,2023,38,1.25,7,0,325,1
EXP-01585,FLORIDA,VIF,Comisaria_2_Familia,2022,44,0.9,2,0,154,1
EXP-01586,CANDELARIA,HURTO_PATRIMONIAL,Juzgado_Penal_Municipal_1,2021,48,1.25,6,0,324,1
EXP-01587,CANDELARIA,ALIMENTOS,Juzgado_Penal_Municipal_2,2024,48,1.05,7,0,335,1
EXP-01588,GUADALAJARA DE BUGA,ALIMENTOS,Comisaria_2_Familia,2022,53,0.9,6,0,294,1
EXP-01589,FLORIDA,HURTO_PATRIMONIAL,Juzgado_Penal_Municipal_1,2024,44,1.25,6,1,380,0
EXP-01590,BUENAVENTURA,ALIMENTOS,Juzgado_2_Familia,2023,89,1.2,9,0,383,1
EXP-01591,TULUA,ALIMENTOS,Juzgado_Penal_Municipal_1,2022,71,1.25,7,0,253,0
EXP-01592,YUMBO,ALIMENTOS,Juzgado_1_Familia,2024,62,1.35,8,1,527,1
EXP-01593,PALMIRA,VIF,Juzgado_2_Familia,2023,74,1.2,6,0,247,1
EXP-01594,CALI,ALIMENTOS,Juzgado_1_Familia,2021,82,1.35,7,0,321,1
EXP-01595,YUMBO,VIF,Juzgado_3_Familia,2023,62,0.95,1,0,67,1
EXP-01596,PALMIRA,VIF,Juzgado_3_Familia,2023,74,0.95,6,0,343,1
EXP-01597,PRADERA,HURTO_PATRIMONIAL,Juzgado_Penal_Municipal_2,2022,38,1.05,4,1,240,1
EXP-01598,PRADERA,ALIMENTOS,Comisaria_2_Familia,2024,38,0.9,6,0,303,1
EXP-01599,CARTAGO,ALIMENTOS,Juzgado_Penal_Municipal_1,2022,58,1.25,6,1,466,1
EXP-01600,CALI,HURTO_PATRIMONIAL,Juzgado_Penal_Municipal_2,2022,82,1.05,10,1,691,1
EXP-01601,FLORIDA,VIF,Juzgado_Penal_Municipal_1,2022,44,1.25,3,0,208,1
EXP-01602,TULUA,HURTO_PATRIMONIAL,Juzgado_3_Familia,2022,71,0.95,11,0,503,1
EXP-01603,ZARZAL,VIF,Juzgado_2_Familia,2024,33,1.2,4,0,198,1
EXP-01604,BUENAVENTURA,ALIMENTOS,Comisaria_2_Familia,2024,89,0.9,3,0,199,1
EXP-01605,PRADERA,ALIMENTOS,Juzgado_1_Familia,2022,38,1.35,8,0,415,1
EXP-01606,PALMIRA,ALIMENTOS,Comisaria_1_Familia,2022,74,1.1,9,0,364,1
EXP-01607,EL CERRITO,ALIMENTOS,Comisaria_2_Familia,2022,41,0.9,3,1,219,0
EXP-01608,BUENAVENTURA,ALIMENTOS,Juzgado_Penal_Municipal_2,2020,89,1.05,6,0,268,1
EXP-01609,YUMBO,HURTO_PATRIMONIAL,Juzgado_3_Familia,2021,62,0.95,8,0,318,1
EXP-01610,BUENAVENTURA,VIF,Juzgado_Penal_Municipal_2,2024,89,1.05,5,0,253,1
EXP-01611,BUENAVENTURA,HURTO_PATRIMONIAL,Juzgado_1_Familia,2023,89,1.35,11,1,841,1
EXP-01612,EL CERRITO,VIF,Juzgado_Penal_Municipal_1,2024,41,1.25,5,0,140,1
EXP-01613,CALI,ALIMENTOS,Juzgado_1_Familia,2024,82,1.35,9,0,475,1
EXP-01614,GUADALAJARA DE BUGA,VIF,Comisaria_2_Familia,2023,53,0.9,7,0,302,1
EXP-01615,PALMIRA,HURTO_PATRIMONIAL,Comisaria_2_Familia,2021,74,0.9,9,1,470,1
EXP-01616,ZARZAL,VIF,Juzgado_3_Familia,2022,33,0.95,2,0,89,1
EXP-01617,PALMIRA,VIF,Juzgado_3_Familia,2020,74,0.95,4,0,144,1
EXP-01618,GUADALAJARA DE BUGA,ALIMENTOS,Juzgado_2_Familia,2020,53,1.2,3,1,243,1
EXP-01619,TULUA,ALIMENTOS,Juzgado_2_Familia,2022,71,1.2,7,0,323,1
EXP-01620,ZARZAL,ALIMENTOS,Juzgado_2_Familia,2024,33,1.2,3,0,170,1
EXP-01621,PALMIRA,ALIMENTOS,Juzgado_Penal_Municipal_2,2024,74,1.05,7,1,386,1
EXP-01622,FLORIDA,VIF,Comisaria_2_Familia,2021,44,0.9,6,0,308,1
EXP-01623,ZARZAL,ALIMENTOS,Comisaria_2_Familia,2024,33,0.9,6,0,258,1
EXP-01624,FLORIDA,VIF,Juzgado_3_Familia,2022,44,0.95,5,0,258,1
EXP-01625,GUADALAJARA DE BUGA,ALIMENTOS,Juzgado_3_Familia,2021,53,0.95,10,1,574,1
EXP-01626,YUMBO,ALIMENTOS,Juzgado_2_Familia,2021,62,1.2,6,0,252,0
EXP-01627,FLORIDA,ALIMENTOS,Juzgado_1_Familia,2023,44,1.35,10,0,419,1
EXP-01628,GUADALAJARA DE BUGA,ALIMENTOS,Juzgado_Penal_Municipal_2,2024,53,1.05,4,1,327,1
EXP-01629,YUMBO,ALIMENTOS,Juzgado_Penal_Municipal_1,2022,62,1.25,9,0,380,1
EXP-01630,TULUA,VIF,Juzgado_Penal_Municipal_1,2021,71,1.25,4,0,251,1
EXP-01631,CARTAGO,VIF,Comisaria_2_Familia,2022,58,0.9,2,0,219,1
EXP-01632,TULUA,HURTO_PATRIMONIAL,Juzgado_Penal_Municipal_1,2023,71,1.25,7,1,450,1
EXP-01633,CALI,HURTO_PATRIMONIAL,Juzgado_1_Familia,2022,82,1.35,6,0,276,1
EXP-01634,PRADERA,HURTO_PATRIMONIAL,Comisaria_2_Familia,2021,38,0.9,7,1,530,1
EXP-01635,SEVILLA,VIF,Comisaria_2_Familia,2020,35,0.9,1,0,42,1
EXP-01636,GUADALAJARA DE BUGA,VIF,Juzgado_3_Familia,2023,53,0.95,2,0,82,0
EXP-01637,FLORIDA,ALIMENTOS,Juzgado_1_Familia,2022,44,1.35,2,0,191,0
EXP-01638,CANDELARIA,VIF,Juzgado_1_Familia,2024,48,1.35,3,0,195,1
EXP-01639,JAMUNDI,ALIMENTOS,Comisaria_2_Familia,2020,67,0.9,10,1,551,1
EXP-01640,TULUA,ALIMENTOS,Comisaria_1_Familia,2020,71,1.1,5,0,226,1
EXP-01641,CALI,ALIMENTOS,Juzgado_1_Familia,2020,82,1.35,10,0,428,1
EXP-01642,ZARZAL,HURTO_PATRIMONIAL,Juzgado_Penal_Municipal_1,2022,33,1.25,13,1,719,1
EXP-01643,JAMUNDI,ALIMENTOS,Juzgado_3_Familia,2020,67,0.95,3,0,120,0
EXP-01644,CANDELARIA,VIF,Juzgado_2_Familia,2020,48,1.2,5,0,247,1
EXP-01645,CANDELARIA,HURTO_PATRIMONIAL,Juzgado_Penal_Municipal_2,2023,48,1.05,6,1,299,1
EXP-01646,TULUA,VIF,Comisaria_1_Familia,2022,71,1.1,7,0,297,1
EXP-01647,YUMBO,VIF,Juzgado_1_Familia,2022,62,1.35,6,0,294,1
EXP-01648,PALMIRA,SUSTANCIAS,Juzgado_Penal_Municipal_2,2023,74,1.05,4,0,197,1
EXP-01649,CANDELARIA,ALIMENTOS,Juzgado_Penal_Municipal_1,2022,48,1.25,9,0,395,1
EXP-01650,CARTAGO,VIF,Comisaria_2_Familia,2024,58,0.9,8,0,317,1
EXP-01651,ZARZAL,VIF,Juzgado_Penal_Municipal_2,2020,33,1.05,1,0,131,1
EXP-01652,BUENAVENTURA,VIF,Juzgado_Penal_Municipal_2,2024,89,1.05,5,0,250,1
EXP-01653,GUADALAJARA DE BUGA,SUSTANCIAS,Comisaria_2_Familia,2020,53,0.9,6,0,274,1
EXP-01654,BUENAVENTURA,HURTO_PATRIMONIAL,Juzgado_Penal_Municipal_2,2024,89,1.05,10,1,660,1
EXP-01655,BUENAVENTURA,HURTO_PATRIMONIAL,Juzgado_3_Familia,2024,89,0.95,10,0,438,1
EXP-01656,GUADALAJARA DE BUGA,VIF,Juzgado_2_Familia,2024,53,1.2,5,0,221,1
EXP-01657,ZARZAL,VIF,Comisaria_1_Familia,2023,33,1.1,4,0,228,1
EXP-01658,CANDELARIA,HURTO_PATRIMONIAL,Juzgado_1_Familia,2022,48,1.35,3,1,315,1
EXP-01659,FLORIDA,ALIMENTOS,Juzgado_3_Familia,2023,44,0.95,5,0,225,1
EXP-01660,CANDELARIA,ALIMENTOS,Juzgado_1_Familia,2024,48,1.35,9,1,551,1
EXP-01661,CALI,VIF,Comisaria_1_Familia,2021,82,1.1,5,0,339,1
EXP-01662,JAMUNDI,VIF,Juzgado_2_Familia,2023,67,1.2,9,0,417,1
EXP-01663,BUENAVENTURA,SUSTANCIAS,Comisaria_1_Familia,2021,89,1.1,4,0,192,0
EXP-01664,PALMIRA,HURTO_PATRIMONIAL,Comisaria_1_Familia,2022,74,1.1,3,1,259,0
EXP-01665,BUENAVENTURA,VIF,Juzgado_1_Familia,2024,89,1.35,7,0,327,1
EXP-01666,YUMBO,HURTO_PATRIMONIAL,Comisaria_2_Familia,2023,62,0.9,9,0,422,1
EXP-01667,JAMUNDI,HURTO_PATRIMONIAL,Juzgado_2_Familia,2020,67,1.2,4,1,354,1
EXP-01668,ZARZAL,ALIMENTOS,Juzgado_2_Familia,2021,33,1.2,4,0,190,1
EXP-01669,PRADERA,VIF,Comisaria_1_Familia,2020,38,1.1,1,0,128,1
EXP-01670,YUMBO,ALIMENTOS,Comisaria_2_Familia,2024,62,0.9,2,1,91,0
EXP-01671,SEVILLA,ALIMENTOS,Comisaria_2_Familia,2024,35,0.9,8,0,352,1
EXP-01672,CALI,ALIMENTOS,Comisaria_1_Familia,2024,82,1.1,4,1,278,1
EXP-01673,CARTAGO,VIF,Comisaria_1_Familia,2022,58,1.1,4,0,188,1
EXP-01674,BUENAVENTURA,VIF,Juzgado_2_Familia,2021,89,1.2,6,0,277,1
EXP-01675,GUADALAJARA DE BUGA,VIF,Juzgado_2_Familia,2021,53,1.2,6,0,284,1
EXP-01676,BUENAVENTURA,ALIMENTOS,Juzgado_Penal_Municipal_2,2024,89,1.05,7,0,406,1
EXP-01677,EL CERRITO,HURTO_PATRIMONIAL,Juzgado_Penal_Municipal_2,2022,41,1.05,11,0,452,1
EXP-01678,EL CERRITO,SUSTANCIAS,Comisaria_2_Familia,2020,41,0.9,1,0,56,1
EXP-01679,EL CERRITO,VIF,Juzgado_Penal_Municipal_2,2024,41,1.05,6,0,244,1
EXP-01680,SEVILLA,HURTO_PATRIMONIAL,Juzgado_3_Familia,2024,35,0.95,7,1,473,1
EXP-01681,JAMUNDI,VIF,Juzgado_Penal_Municipal_2,2022,67,1.05,5,0,223,1
EXP-01682,ZARZAL,ALIMENTOS,Comisaria_2_Familia,2021,33,0.9,6,1,393,0
EXP-01683,YUMBO,SUSTANCIAS,Juzgado_Penal_Municipal_1,2022,62,1.25,5,0,307,1
EXP-01684,CANDELARIA,ALIMENTOS,Juzgado_Penal_Municipal_2,2023,48,1.05,4,0,248,1
EXP-01685,YUMBO,VIF,Comisaria_2_Familia,2023,62,0.9,5,0,221,1
EXP-01686,SEVILLA,VIF,Juzgado_1_Familia,2024,35,1.35,7,0,363,1
EXP-01687,JAMUNDI,SUSTANCIAS,Juzgado_Penal_Municipal_1,2021,67,1.25,3,0,101,0
EXP-01688,PALMIRA,ALIMENTOS,Juzgado_3_Familia,2024,74,0.95,6,0,301,1
EXP-01689,JAMUNDI,ALIMENTOS,Juzgado_3_Familia,2024,67,0.95,7,0,338,1
EXP-01690,FLORIDA,VIF,Juzgado_2_Familia,2020,44,1.2,6,0,191,1
EXP-01691,PRADERA,VIF,Juzgado_3_Familia,2023,38,0.95,1,0,32,1
EXP-01692,CANDELARIA,VIF,Juzgado_1_Familia,2024,48,1.35,3,0,219,1
EXP-01693,SEVILLA,VIF,Juzgado_1_Familia,2021,35,1.35,5,0,283,1
EXP-01694,FLORIDA,VIF,Juzgado_3_Familia,2022,44,0.95,3,0,200,0
EXP-01695,FLORIDA,ALIMENTOS,Comisaria_2_Familia,2022,44,0.9,5,1,379,1
EXP-01696,CARTAGO,VIF,Juzgado_2_Familia,2022,58,1.2,2,0,159,0
EXP-01697,CANDELARIA,VIF,Comisaria_1_Familia,2021,48,1.1,2,0,195,1
EXP-01698,PALMIRA,HURTO_PATRIMONIAL,Juzgado_1_Familia,2020,74,1.35,12,0,574,1
EXP-01699,CANDELARIA,VIF,Juzgado_3_Familia,2022,48,0.95,5,0,269,1
EXP-01700,FLORIDA,VIF,Juzgado_Penal_Municipal_2,2020,44,1.05,1,0,122,0
EXP-01701,PRADERA,HURTO_PATRIMONIAL,Juzgado_Penal_Municipal_1,2024,38,1.25,3,1,282,0
EXP-01702,YUMBO,VIF,Comisaria_1_Familia,2024,62,1.1,8,0,344,1
EXP-01703,PRADERA,VIF,Comisaria_1_Familia,2024,38,1.1,4,0,185,0
EXP-01704,SEVILLA,HURTO_PATRIMONIAL,Juzgado_2_Familia,2022,35,1.2,6,0,296,1
EXP-01705,ZARZAL,ALIMENTOS,Juzgado_Penal_Municipal_1,2024,33,1.25,5,0,268,1
EXP-01706,ZARZAL,VIF,Juzgado_Penal_Municipal_2,2023,33,1.05,4,0,219,1
EXP-01707,FLORIDA,HURTO_PATRIMONIAL,Comisaria_2_Familia,2020,44,0.9,7,1,442,1
EXP-01708,PRADERA,ALIMENTOS,Juzgado_3_Familia,2022,38,0.95,9,1,579,1
EXP-01709,PALMIRA,ALIMENTOS,Comisaria_2_Familia,2024,74,0.9,8,0,347,1
EXP-01710,FLORIDA,VIF,Juzgado_Penal_Municipal_1,2021,44,1.25,5,0,260,1
EXP-01711,CALI,ALIMENTOS,Juzgado_1_Familia,2021,82,1.35,10,1,648,1
EXP-01712,CANDELARIA,VIF,Juzgado_1_Familia,2021,48,1.35,5,0,180,1
EXP-01713,PRADERA,ALIMENTOS,Juzgado_3_Familia,2023,38,0.95,5,1,331,1
EXP-01714,EL CERRITO,VIF,Juzgado_Penal_Municipal_1,2022,41,1.25,1,0,75,1
EXP-01715,JAMUNDI,VIF,Juzgado_Penal_Municipal_2,2023,67,1.05,3,0,149,0
EXP-01716,JAMUNDI,VIF,Juzgado_1_Familia,2020,67,1.35,6,0,274,1
EXP-01717,YUMBO,SUSTANCIAS,Juzgado_Penal_Municipal_1,2024,62,1.25,7,0,291,1
EXP-01718,CALI,ALIMENTOS,Juzgado_3_Familia,2023,82,0.95,5,0,334,0
EXP-01719,CANDELARIA,ALIMENTOS,Juzgado_3_Familia,2021,48,0.95,3,0,232,1
EXP-01720,BUENAVENTURA,ALIMENTOS,Comisaria_1_Familia,2020,89,1.1,2,0,241,0
EXP-01721,TULUA,HURTO_PATRIMONIAL,Juzgado_Penal_Municipal_2,2021,71,1.05,5,0,241,1
EXP-01722,YUMBO,VIF,Comisaria_1_Familia,2023,62,1.1,5,0,289,1
EXP-01723,SEVILLA,ALIMENTOS,Juzgado_2_Familia,2021,35,1.2,8,0,320,1
EXP-01724,BUENAVENTURA,VIF,Juzgado_Penal_Municipal_1,2021,89,1.25,7,0,350,1
EXP-01725,YUMBO,ALIMENTOS,Juzgado_Penal_Municipal_2,2022,62,1.05,6,1,449,1
EXP-01726,SEVILLA,VIF,Juzgado_3_Familia,2021,35,0.95,4,0,162,1
EXP-01727,JAMUNDI,VIF,Juzgado_Penal_Municipal_2,2022,67,1.05,4,0,238,1
EXP-01728,PRADERA,SUSTANCIAS,Juzgado_Penal_Municipal_2,2023,38,1.05,6,0,254,1
EXP-01729,TULUA,VIF,Juzgado_Penal_Municipal_1,2023,71,1.25,2,0,116,0
EXP-01730,BUENAVENTURA,SUSTANCIAS,Juzgado_3_Familia,2020,89,0.95,3,0,78,1
EXP-01731,PRADERA,VIF,Comisaria_1_Familia,2023,38,1.1,9,0,325,1
EXP-01732,CANDELARIA,HURTO_PATRIMONIAL,Juzgado_1_Familia,2023,48,1.35,5,0,328,1
EXP-01733,EL CERRITO,VIF,Juzgado_3_Familia,2023,41,0.95,5,0,210,1
EXP-01734,JAMUNDI,VIF,Juzgado_2_Familia,2021,67,1.2,3,0,70,0
EXP-01735,TULUA,HURTO_PATRIMONIAL,Juzgado_1_Familia,2024,71,1.35,7,0,251,0
EXP-01736,JAMUNDI,ALIMENTOS,Juzgado_2_Familia,2023,67,1.2,8,1,506,1
EXP-01737,PRADERA,ALIMENTOS,Juzgado_1_Familia,2024,38,1.35,10,0,414,1
EXP-01738,YUMBO,HURTO_PATRIMONIAL,Comisaria_2_Familia,2022,62,0.9,2,0,136,0
EXP-01739,YUMBO,SUSTANCIAS,Comisaria_2_Familia,2020,62,0.9,2,0,88,0
EXP-01740,ZARZAL,VIF,Juzgado_Penal_Municipal_1,2023,33,1.25,3,0,247,1
EXP-01741,ZARZAL,ALIMENTOS,Comisaria_2_Familia,2024,33,0.9,2,1,144,0
EXP-01742,BUENAVENTURA,ALIMENTOS,Juzgado_Penal_Municipal_2,2020,89,1.05,6,1,394,1
EXP-01743,CARTAGO,ALIMENTOS,Comisaria_1_Familia,2020,58,1.1,3,0,133,0
EXP-01744,BUENAVENTURA,ALIMENTOS,Juzgado_2_Familia,2024,89,1.2,6,0,320,1
EXP-01745,TULUA,HURTO_PATRIMONIAL,Juzgado_2_Familia,2021,71,1.2,8,1,550,1
EXP-01746,CARTAGO,VIF,Comisaria_2_Familia,2024,58,0.9,3,0,175,1
EXP-01747,ZARZAL,HURTO_PATRIMONIAL,Juzgado_Penal_Municipal_1,2022,33,1.25,8,1,522,1
EXP-01748,ZARZAL,VIF,Juzgado_3_Familia,2020,33,0.95,2,0,136,1
EXP-01749,CALI,VIF,Juzgado_Penal_Municipal_2,2020,82,1.05,5,0,241,1
EXP-01750,TULUA,HURTO_PATRIMONIAL,Juzgado_Penal_Municipal_2,2024,71,1.05,11,1,784,1
EXP-01751,JAMUNDI,SUSTANCIAS,Juzgado_1_Familia,2021,67,1.35,7,0,336,1
EXP-01752,FLORIDA,SUSTANCIAS,Juzgado_3_Familia,2022,44,0.95,3,0,187,1
EXP-01753,PRADERA,ALIMENTOS,Comisaria_1_Familia,2023,38,1.1,3,1,254,1
EXP-01754,CARTAGO,VIF,Juzgado_2_Familia,2024,58,1.2,4,0,247,1
EXP-01755,JAMUNDI,VIF,Juzgado_1_Familia,2024,67,1.35,6,0,360,1
EXP-01756,GUADALAJARA DE BUGA,ALIMENTOS,Juzgado_3_Familia,2024,53,0.95,5,0,238,1
EXP-01757,BUENAVENTURA,SUSTANCIAS,Juzgado_Penal_Municipal_1,2023,89,1.25,4,0,241,1
EXP-01758,EL CERRITO,ALIMENTOS,Comisaria_2_Familia,2021,41,0.9,4,0,164,1
EXP-01759,SEVILLA,ALIMENTOS,Juzgado_2_Familia,2024,35,1.2,7,1,364,1
EXP-01760,YUMBO,SUSTANCIAS,Juzgado_Penal_Municipal_2,2024,62,1.05,4,0,206,1
EXP-01761,FLORIDA,VIF,Juzgado_1_Familia,2021,44,1.35,8,0,354,1
EXP-01762,GUADALAJARA DE BUGA,ALIMENTOS,Juzgado_2_Familia,2024,53,1.2,2,1,176,1
EXP-01763,CANDELARIA,HURTO_PATRIMONIAL,Juzgado_Penal_Municipal_2,2024,48,1.05,3,1,340,0
EXP-01764,TULUA,SUSTANCIAS,Comisaria_2_Familia,2024,71,0.9,3,0,218,1
EXP-01765,YUMBO,VIF,Juzgado_Penal_Municipal_1,2023,62,1.25,10,0,327,1
EXP-01766,GUADALAJARA DE BUGA,VIF,Juzgado_Penal_Municipal_2,2024,53,1.05,1,0,85,0
EXP-01767,EL CERRITO,ALIMENTOS,Juzgado_Penal_Municipal_1,2024,41,1.25,6,0,343,1
EXP-01768,FLORIDA,VIF,Comisaria_2_Familia,2023,44,0.9,8,0,291,1
EXP-01769,SEVILLA,VIF,Juzgado_1_Familia,2021,35,1.35,7,0,318,1
EXP-01770,SEVILLA,SUSTANCIAS,Juzgado_Penal_Municipal_1,2020,35,1.25,4,0,259,1
EXP-01771,YUMBO,VIF,Comisaria_1_Familia,2024,62,1.1,4,0,203,1
EXP-01772,YUMBO,ALIMENTOS,Comisaria_1_Familia,2024,62,1.1,7,0,355,1
EXP-01773,TULUA,VIF,Juzgado_1_Familia,2023,71,1.35,5,0,311,1
EXP-01774,EL CERRITO,ALIMENTOS,Comisaria_2_Familia,2020,41,0.9,5,0,275,1
EXP-01775,BUENAVENTURA,VIF,Comisaria_1_Familia,2021,89,1.1,4,0,151,0
EXP-01776,CARTAGO,VIF,Juzgado_3_Familia,2022,58,0.95,2,0,98,1
EXP-01777,TULUA,ALIMENTOS,Juzgado_2_Familia,2021,71,1.2,6,0,251,1
EXP-01778,CALI,VIF,Juzgado_2_Familia,2024,82,1.2,4,0,161,0
EXP-01779,BUENAVENTURA,HURTO_PATRIMONIAL,Juzgado_3_Familia,2022,89,0.95,5,0,229,1
EXP-01780,CANDELARIA,VIF,Juzgado_3_Familia,2022,48,0.95,1,0,86,0
EXP-01781,CANDELARIA,ALIMENTOS,Juzgado_1_Familia,2024,48,1.35,9,0,468,1
EXP-01782,PALMIRA,VIF,Juzgado_3_Familia,2024,74,0.95,3,0,195,1
EXP-01783,CANDELARIA,VIF,Juzgado_3_Familia,2022,48,0.95,7,0,332,1
EXP-01784,SEVILLA,ALIMENTOS,Comisaria_2_Familia,2020,35,0.9,2,1,144,1
EXP-01785,SEVILLA,VIF,Juzgado_3_Familia,2024,35,0.95,5,0,244,1
EXP-01786,GUADALAJARA DE BUGA,ALIMENTOS,Juzgado_2_Familia,2023,53,1.2,7,0,305,1
EXP-01787,FLORIDA,VIF,Juzgado_Penal_Municipal_1,2023,44,1.25,7,0,281,1
EXP-01788,TULUA,ALIMENTOS,Comisaria_2_Familia,2024,71,0.9,2,0,98,1
EXP-01789,TULUA,ALIMENTOS,Juzgado_2_Familia,2021,71,1.2,5,0,321,1
EXP-01790,CARTAGO,ALIMENTOS,Juzgado_3_Familia,2023,58,0.95,5,0,289,0
EXP-01791,BUENAVENTURA,HURTO_PATRIMONIAL,Juzgado_Penal_Municipal_2,2023,89,1.05,7,1,453,1
EXP-01792,SEVILLA,HURTO_PATRIMONIAL,Comisaria_2_Familia,2024,35,0.9,2,0,162,1
EXP-01793,CARTAGO,VIF,Juzgado_2_Familia,2024,58,1.2,3,0,137,1
EXP-01794,TULUA,VIF,Juzgado_Penal_Municipal_1,2022,71,1.25,5,0,194,1
EXP-01795,EL CERRITO,ALIMENTOS,Juzgado_3_Familia,2023,41,0.95,6,1,408,0
EXP-01796,YUMBO,ALIMENTOS,Comisaria_2_Familia,2023,62,0.9,8,1,550,1
EXP-01797,FLORIDA,VIF,Juzgado_1_Familia,2021,44,1.35,4,0,289,1
EXP-01798,FLORIDA,VIF,Comisaria_1_Familia,2022,44,1.1,7,0,293,1
EXP-01799,GUADALAJARA DE BUGA,VIF,Juzgado_1_Familia,2024,53,1.35,8,0,312,1
EXP-01800,CANDELARIA,ALIMENTOS,Juzgado_2_Familia,2022,48,1.2,7,0,383,1
EXP-01801,PRADERA,ALIMENTOS,Juzgado_Penal_Municipal_2,2024,38,1.05,6,0,256,1
EXP-01802,TULUA,ALIMENTOS,Juzgado_1_Familia,2021,71,1.35,8,1,532,1
EXP-01803,CARTAGO,HURTO_PATRIMONIAL,Juzgado_Penal_Municipal_2,2022,58,1.05,6,0,228,1
EXP-01804,FLORIDA,ALIMENTOS,Juzgado_2_Familia,2021,44,1.2,9,1,505,1
EXP-01805,CANDELARIA,VIF,Juzgado_Penal_Municipal_1,2021,48,1.25,2,0,235,1
EXP-01806,ZARZAL,VIF,Juzgado_3_Familia,2024,33,0.95,1,0,124,0
EXP-01807,GUADALAJARA DE BUGA,VIF,Juzgado_Penal_Municipal_1,2023,53,1.25,4,0,158,0
EXP-01808,EL CERRITO,ALIMENTOS,Juzgado_Penal_Municipal_2,2020,41,1.05,8,0,299,1
EXP-01809,CANDELARIA,SUSTANCIAS,Comisaria_2_Familia,2020,48,0.9,3,0,127,1
EXP-01810,BUENAVENTURA,VIF,Comisaria_1_Familia,2021,89,1.1,3,0,171,1
EXP-01811,PRADERA,VIF,Juzgado_2_Familia,2023,38,1.2,6,0,193,1
EXP-01812,CANDELARIA,ALIMENTOS,Juzgado_3_Familia,2023,48,0.95,5,0,272,1
EXP-01813,ZARZAL,ALIMENTOS,Juzgado_3_Familia,2024,33,0.95,8,1,602,1
EXP-01814,TULUA,VIF,Comisaria_1_Familia,2024,71,1.1,4,0,183,1
EXP-01815,EL CERRITO,ALIMENTOS,Juzgado_2_Familia,2023,41,1.2,8,0,363,1
EXP-01816,YUMBO,VIF,Juzgado_3_Familia,2021,62,0.95,3,0,175,1
EXP-01817,EL CERRITO,VIF,Juzgado_3_Familia,2024,41,0.95,5,0,215,1
EXP-01818,PALMIRA,HURTO_PATRIMONIAL,Juzgado_3_Familia,2020,74,0.95,4,1,266,1
EXP-01819,ZARZAL,ALIMENTOS,Juzgado_2_Familia,2022,33,1.2,1,0,93,0
EXP-01820,PALMIRA,HURTO_PATRIMONIAL,Juzgado_Penal_Municipal_1,2024,74,1.25,7,1,467,1
EXP-01821,BUENAVENTURA,ALIMENTOS,Juzgado_1_Familia,2024,89,1.35,4,0,207,0
EXP-01822,PALMIRA,ALIMENTOS,Juzgado_2_Familia,2020,74,1.2,7,0,433,1
EXP-01823,GUADALAJARA DE BUGA,SUSTANCIAS,Juzgado_Penal_Municipal_2,2023,53,1.05,6,0,251,1
EXP-01824,EL CERRITO,VIF,Juzgado_3_Familia,2024,41,0.95,5,0,321,1
EXP-01825,ZARZAL,ALIMENTOS,Juzgado_2_Familia,2024,33,1.2,2,0,210,1
EXP-01826,EL CERRITO,ALIMENTOS,Comisaria_1_Familia,2024,41,1.1,10,0,380,1
EXP-01827,SEVILLA,ALIMENTOS,Juzgado_1_Familia,2024,35,1.35,8,0,409,1
EXP-01828,ZARZAL,ALIMENTOS,Juzgado_1_Familia,2024,33,1.35,8,1,620,1
EXP-01829,SEVILLA,HURTO_PATRIMONIAL,Comisaria_1_Familia,2024,35,1.1,1,1,121,0
EXP-01830,TULUA,VIF,Juzgado_Penal_Municipal_2,2024,71,1.05,7,0,264,0
EXP-01831,CANDELARIA,ALIMENTOS,Juzgado_3_Familia,2020,48,0.95,11,0,453,1
EXP-01832,SEVILLA,VIF,Comisaria_2_Familia,2021,35,0.9,1,0,141,1
EXP-01833,PRADERA,VIF,Juzgado_2_Familia,2022,38,1.2,8,0,379,1
EXP-01834,JAMUNDI,ALIMENTOS,Comisaria_2_Familia,2023,67,0.9,11,0,457,1
EXP-01835,GUADALAJARA DE BUGA,ALIMENTOS,Juzgado_3_Familia,2021,53,0.95,4,0,263,1
EXP-01836,CARTAGO,HURTO_PATRIMONIAL,Comisaria_2_Familia,2021,58,0.9,2,0,57,1
EXP-01837,FLORIDA,VIF,Juzgado_1_Familia,2024,44,1.35,7,0,281,1
EXP-01838,GUADALAJARA DE BUGA,VIF,Comisaria_2_Familia,2023,53,0.9,6,0,278,1
EXP-01839,CALI,HURTO_PATRIMONIAL,Juzgado_Penal_Municipal_1,2023,82,1.25,4,0,355,1
EXP-01840,JAMUNDI,ALIMENTOS,Comisaria_1_Familia,2020,67,1.1,7,1,390,1
EXP-01841,BUENAVENTURA,VIF,Juzgado_Penal_Municipal_2,2024,89,1.05,5,0,263,0
EXP-01842,ZARZAL,ALIMENTOS,Juzgado_1_Familia,2021,33,1.35,4,1,337,1
EXP-01843,FLORIDA,ALIMENTOS,Comisaria_2_Familia,2021,44,0.9,4,0,189,1
EXP-01844,SEVILLA,VIF,Juzgado_Penal_Municipal_1,2024,35,1.25,4,0,194,1
EXP-01845,ZARZAL,ALIMENTOS,Juzgado_3_Familia,2022,33,0.95,5,0,265,1
EXP-01846,FLORIDA,VIF,Comisaria_1_Familia,2023,44,1.1,2,0,89,0
EXP-01847,PALMIRA,HURTO_PATRIMONIAL,Juzgado_3_Familia,2021,74,0.95,3,0,110,1
EXP-01848,GUADALAJARA DE BUGA,HURTO_PATRIMONIAL,Juzgado_1_Familia,2023,53,1.35,7,1,397,0
EXP-01849,GUADALAJARA DE BUGA,VIF,Juzgado_1_Familia,2024,53,1.35,8,0,333,1
EXP-01850,BUENAVENTURA,ALIMENTOS,Comisaria_1_Familia,2024,89,1.1,4,1,345,1
EXP-01851,JAMUNDI,SUSTANCIAS,Comisaria_2_Familia,2023,67,0.9,2,0,161,1
EXP-01852,BUENAVENTURA,ALIMENTOS,Juzgado_Penal_Municipal_2,2024,89,1.05,7,1,461,1
EXP-01853,PALMIRA,HURTO_PATRIMONIAL,Juzgado_Penal_Municipal_1,2020,74,1.25,6,0,205,1
EXP-01854,EL CERRITO,VIF,Comisaria_1_Familia,2024,41,1.1,4,0,253,1
EXP-01855,PRADERA,ALIMENTOS,Juzgado_3_Familia,2023,38,0.95,5,1,345,1
EXP-01856,PRADERA,ALIMENTOS,Juzgado_Penal_Municipal_2,2021,38,1.05,2,0,123,0
EXP-01857,CALI,VIF,Juzgado_1_Familia,2024,82,1.35,8,0,422,1
EXP-01858,CARTAGO,HURTO_PATRIMONIAL,Juzgado_1_Familia,2020,58,1.35,8,1,522,1
EXP-01859,CANDELARIA,VIF,Juzgado_3_Familia,2021,48,0.95,3,0,211,1
EXP-01860,JAMUNDI,VIF,Juzgado_1_Familia,2024,67,1.35,3,0,122,1
EXP-01861,SEVILLA,ALIMENTOS,Juzgado_3_Familia,2024,35,0.95,8,0,351,1
EXP-01862,EL CERRITO,ALIMENTOS,Juzgado_Penal_Municipal_2,2023,41,1.05,9,0,313,1
EXP-01863,EL CERRITO,ALIMENTOS,Juzgado_Penal_Municipal_1,2022,41,1.25,6,1,453,1
EXP-01864,FLORIDA,SUSTANCIAS,Comisaria_1_Familia,2023,44,1.1,2,0,122,1
EXP-01865,CARTAGO,SUSTANCIAS,Juzgado_2_Familia,2024,58,1.2,5,0,275,1
EXP-01866,BUENAVENTURA,ALIMENTOS,Comisaria_1_Familia,2020,89,1.1,10,0,476,1
EXP-01867,PALMIRA,SUSTANCIAS,Juzgado_3_Familia,2024,74,0.95,4,0,202,0
EXP-01868,TULUA,ALIMENTOS,Juzgado_1_Familia,2024,71,1.35,10,0,437,1
EXP-01869,YUMBO,ALIMENTOS,Juzgado_1_Familia,2024,62,1.35,7,1,369,1
EXP-01870,PRADERA,HURTO_PATRIMONIAL,Juzgado_Penal_Municipal_1,2020,38,1.25,5,0,232,1
EXP-01871,BUENAVENTURA,ALIMENTOS,Juzgado_3_Familia,2023,89,0.95,7,0,334,1
EXP-01872,BUENAVENTURA,ALIMENTOS,Comisaria_2_Familia,2023,89,0.9,6,1,379,1
EXP-01873,PALMIRA,ALIMENTOS,Juzgado_1_Familia,2024,74,1.35,7,0,367,1
EXP-01874,GUADALAJARA DE BUGA,VIF,Comisaria_1_Familia,2024,53,1.1,3,0,139,1
EXP-01875,BUENAVENTURA,HURTO_PATRIMONIAL,Juzgado_2_Familia,2024,89,1.2,8,0,452,1
EXP-01876,FLORIDA,VIF,Comisaria_2_Familia,2022,44,0.9,1,0,62,0
EXP-01877,PRADERA,ALIMENTOS,Juzgado_Penal_Municipal_2,2022,38,1.05,6,0,252,1
EXP-01878,FLORIDA,ALIMENTOS,Juzgado_Penal_Municipal_1,2023,44,1.25,7,0,388,1
EXP-01879,YUMBO,SUSTANCIAS,Comisaria_2_Familia,2023,62,0.9,4,0,207,1
EXP-01880,FLORIDA,ALIMENTOS,Juzgado_Penal_Municipal_2,2024,44,1.05,6,0,314,1
EXP-01881,PALMIRA,VIF,Juzgado_2_Familia,2022,74,1.2,7,0,354,1
EXP-01882,FLORIDA,ALIMENTOS,Juzgado_1_Familia,2024,44,1.35,4,0,296,1
EXP-01883,CARTAGO,VIF,Juzgado_2_Familia,2023,58,1.2,4,0,215,1
EXP-01884,GUADALAJARA DE BUGA,VIF,Juzgado_Penal_Municipal_2,2023,53,1.05,6,0,335,1
EXP-01885,YUMBO,HURTO_PATRIMONIAL,Juzgado_Penal_Municipal_2,2023,62,1.05,5,0,236,1
EXP-01886,PRADERA,VIF,Comisaria_1_Familia,2023,38,1.1,5,0,201,1
EXP-01887,GUADALAJARA DE BUGA,HURTO_PATRIMONIAL,Juzgado_Penal_Municipal_1,2023,53,1.25,9,0,461,1
EXP-01888,CALI,VIF,Comisaria_1_Familia,2022,82,1.1,6,0,360,1
EXP-01889,CALI,HURTO_PATRIMONIAL,Juzgado_Penal_Municipal_2,2024,82,1.05,6,0,258,1
EXP-01890,SEVILLA,ALIMENTOS,Juzgado_1_Familia,2020,35,1.35,9,0,352,1
EXP-01891,ZARZAL,HURTO_PATRIMONIAL,Comisaria_1_Familia,2024,33,1.1,7,0,327,1
EXP-01892,BUENAVENTURA,ALIMENTOS,Juzgado_2_Familia,2024,89,1.2,7,1,571,1
EXP-01893,ZARZAL,ALIMENTOS,Juzgado_3_Familia,2023,33,0.95,4,0,265,1
EXP-01894,YUMBO,ALIMENTOS,Juzgado_3_Familia,2024,62,0.95,6,0,282,1
EXP-01895,TULUA,VIF,Juzgado_Penal_Municipal_2,2023,71,1.05,5,0,263,1
EXP-01896,CALI,VIF,Juzgado_Penal_Municipal_1,2022,82,1.25,8,0,410,1
EXP-01897,ZARZAL,ALIMENTOS,Juzgado_Penal_Municipal_1,2021,33,1.25,8,0,341,1
EXP-01898,CARTAGO,VIF,Juzgado_Penal_Municipal_1,2023,58,1.25,3,0,168,0
EXP-01899,FLORIDA,ALIMENTOS,Comisaria_1_Familia,2022,44,1.1,7,1,443,1
EXP-01900,CALI,ALIMENTOS,Comisaria_2_Familia,2024,82,0.9,5,0,281,1
EXP-01901,FLORIDA,ALIMENTOS,Comisaria_2_Familia,2021,44,0.9,3,1,271,1
EXP-01902,GUADALAJARA DE BUGA,ALIMENTOS,Comisaria_1_Familia,2023,53,1.1,6,1,417,1
EXP-01903,TULUA,VIF,Juzgado_Penal_Municipal_2,2024,71,1.05,4,0,244,1
EXP-01904,ZARZAL,ALIMENTOS,Juzgado_3_Familia,2023,33,0.95,3,0,127,1
EXP-01905,CALI,VIF,Juzgado_Penal_Municipal_1,2024,82,1.25,8,0,326,1
EXP-01906,ZARZAL,VIF,Comisaria_2_Familia,2020,33,0.9,4,0,213,1
EXP-01907,EL CERRITO,ALIMENTOS,Juzgado_3_Familia,2021,41,0.95,3,1,333,1
EXP-01908,CALI,SUSTANCIAS,Juzgado_Penal_Municipal_1,2023,82,1.25,6,0,165,0
EXP-01909,YUMBO,ALIMENTOS,Comisaria_2_Familia,2024,62,0.9,6,1,394,1
EXP-01910,TULUA,ALIMENTOS,Juzgado_Penal_Municipal_1,2021,71,1.25,8,0,356,1
EXP-01911,PALMIRA,ALIMENTOS,Comisaria_1_Familia,2020,74,1.1,7,0,262,1
EXP-01912,FLORIDA,VIF,Comisaria_1_Familia,2024,44,1.1,5,0,216,1
EXP-01913,BUENAVENTURA,HURTO_PATRIMONIAL,Juzgado_1_Familia,2022,89,1.35,10,1,597,1
EXP-01914,GUADALAJARA DE BUGA,ALIMENTOS,Juzgado_Penal_Municipal_2,2020,53,1.05,6,0,246,1
EXP-01915,SEVILLA,HURTO_PATRIMONIAL,Juzgado_1_Familia,2021,35,1.35,6,1,460,1
EXP-01916,CARTAGO,ALIMENTOS,Comisaria_1_Familia,2023,58,1.1,10,1,564,1
EXP-01917,ZARZAL,VIF,Comisaria_2_Familia,2024,33,0.9,1,0,124,0
EXP-01918,FLORIDA,ALIMENTOS,Juzgado_3_Familia,2021,44,0.95,9,0,418,1
EXP-01919,PALMIRA,VIF,Juzgado_Penal_Municipal_1,2022,74,1.25,3,0,268,1
EXP-01920,EL CERRITO,ALIMENTOS,Juzgado_2_Familia,2024,41,1.2,9,0,408,1
EXP-01921,CANDELARIA,ALIMENTOS,Juzgado_Penal_Municipal_1,2021,48,1.25,7,1,459,1
EXP-01922,ZARZAL,ALIMENTOS,Comisaria_2_Familia,2022,33,0.9,1,0,74,0
EXP-01923,CARTAGO,HURTO_PATRIMONIAL,Juzgado_3_Familia,2024,58,0.95,7,0,336,1
EXP-01924,ZARZAL,ALIMENTOS,Juzgado_Penal_Municipal_2,2021,33,1.05,2,0,147,1
EXP-01925,GUADALAJARA DE BUGA,HURTO_PATRIMONIAL,Juzgado_3_Familia,2020,53,0.95,5,0,218,1
EXP-01926,EL CERRITO,HURTO_PATRIMONIAL,Juzgado_Penal_Municipal_2,2024,41,1.05,10,0,385,1
EXP-01927,PALMIRA,SUSTANCIAS,Juzgado_3_Familia,2024,74,0.95,6,0,293,1
EXP-01928,EL CERRITO,HURTO_PATRIMONIAL,Juzgado_Penal_Municipal_2,2024,41,1.05,5,0,251,1
EXP-01929,JAMUNDI,ALIMENTOS,Juzgado_1_Familia,2023,67,1.35,5,0,244,1
EXP-01930,GUADALAJARA DE BUGA,HURTO_PATRIMONIAL,Juzgado_1_Familia,2022,53,1.35,11,0,505,1
EXP-01931,PRADERA,VIF,Juzgado_1_Familia,2021,38,1.35,5,0,276,1
EXP-01932,GUADALAJARA DE BUGA,ALIMENTOS,Comisaria_1_Familia,2022,53,1.1,7,0,314,1
EXP-01933,EL CERRITO,ALIMENTOS,Juzgado_1_Familia,2020,41,1.35,7,0,258,1
EXP-01934,SEVILLA,ALIMENTOS,Comisaria_2_Familia,2023,35,0.9,8,0,305,1
EXP-01935,CARTAGO,ALIMENTOS,Juzgado_Penal_Municipal_2,2023,58,1.05,5,1,379,1
EXP-01936,PALMIRA,VIF,Comisaria_2_Familia,2023,74,0.9,1,0,176,1
EXP-01937,ZARZAL,SUSTANCIAS,Juzgado_2_Familia,2021,33,1.2,1,0,96,1
EXP-01938,TULUA,ALIMENTOS,Comisaria_2_Familia,2021,71,0.9,6,1,341,1
EXP-01939,FLORIDA,VIF,Juzgado_Penal_Municipal_2,2021,44,1.05,3,0,209,1
EXP-01940,EL CERRITO,SUSTANCIAS,Juzgado_Penal_Municipal_2,2023,41,1.05,6,0,375,1
EXP-01941,BUENAVENTURA,HURTO_PATRIMONIAL,Juzgado_Penal_Municipal_1,2022,89,1.25,11,0,451,1
EXP-01942,ZARZAL,HURTO_PATRIMONIAL,Juzgado_3_Familia,2020,33,0.95,11,0,382,1
EXP-01943,BUENAVENTURA,SUSTANCIAS,Juzgado_Penal_Municipal_2,2022,89,1.05,7,0,283,1
EXP-01944,TULUA,VIF,Comisaria_2_Familia,2022,71,0.9,2,0,164,1
EXP-01945,YUMBO,ALIMENTOS,Juzgado_3_Familia,2023,62,0.95,7,0,376,1
EXP-01946,GUADALAJARA DE BUGA,ALIMENTOS,Comisaria_2_Familia,2020,53,0.9,4,1,268,1
EXP-01947,GUADALAJARA DE BUGA,ALIMENTOS,Juzgado_1_Familia,2023,53,1.35,7,0,340,1
EXP-01948,CALI,ALIMENTOS,Comisaria_2_Familia,2024,82,0.9,2,0,194,1
EXP-01949,TULUA,VIF,Comisaria_2_Familia,2023,71,0.9,7,0,287,1
EXP-01950,CALI,ALIMENTOS,Juzgado_Penal_Municipal_2,2024,82,1.05,11,0,419,1
EXP-01951,ZARZAL,ALIMENTOS,Comisaria_2_Familia,2023,33,0.9,3,0,217,1
EXP-01952,PALMIRA,VIF,Juzgado_Penal_Municipal_1,2024,74,1.25,5,0,301,1
EXP-01953,BUENAVENTURA,HURTO_PATRIMONIAL,Juzgado_Penal_Municipal_2,2024,89,1.05,6,0,184,1
EXP-01954,CANDELARIA,ALIMENTOS,Comisaria_2_Familia,2024,48,0.9,8,0,304,1
EXP-01955,BUENAVENTURA,SUSTANCIAS,Juzgado_Penal_Municipal_2,2022,89,1.05,1,0,117,1
EXP-01956,TULUA,VIF,Juzgado_Penal_Municipal_2,2022,71,1.05,3,0,155,1
EXP-01957,SEVILLA,ALIMENTOS,Juzgado_Penal_Municipal_1,2023,35,1.25,9,1,630,1
EXP-01958,FLORIDA,HURTO_PATRIMONIAL,Juzgado_Penal_Municipal_1,2020,44,1.25,9,1,546,1
EXP-01959,BUENAVENTURA,ALIMENTOS,Juzgado_1_Familia,2022,89,1.35,7,1,494,1
EXP-01960,GUADALAJARA DE BUGA,VIF,Juzgado_Penal_Municipal_2,2023,53,1.05,4,0,208,1
EXP-01961,PRADERA,VIF,Comisaria_1_Familia,2022,38,1.1,4,0,274,1
EXP-01962,SEVILLA,HURTO_PATRIMONIAL,Comisaria_2_Familia,2022,35,0.9,5,0,284,1
EXP-01963,GUADALAJARA DE BUGA,VIF,Comisaria_2_Familia,2023,53,0.9,2,0,158,1
EXP-01964,EL CERRITO,ALIMENTOS,Juzgado_1_Familia,2023,41,1.35,10,1,586,1
EXP-01965,CANDELARIA,HURTO_PATRIMONIAL,Juzgado_Penal_Municipal_2,2023,48,1.05,9,0,347,1
EXP-01966,YUMBO,ALIMENTOS,Comisaria_1_Familia,2023,62,1.1,8,0,352,1
EXP-01967,CANDELARIA,VIF,Juzgado_1_Familia,2024,48,1.35,2,0,207,0
EXP-01968,EL CERRITO,ALIMENTOS,Comisaria_1_Familia,2023,41,1.1,3,0,288,1
EXP-01969,CALI,ALIMENTOS,Juzgado_2_Familia,2020,82,1.2,7,1,537,1
EXP-01970,FLORIDA,ALIMENTOS,Juzgado_2_Familia,2024,44,1.2,7,0,341,1
EXP-01971,PRADERA,VIF,Juzgado_2_Familia,2024,38,1.2,3,0,222,1
EXP-01972,JAMUNDI,ALIMENTOS,Comisaria_2_Familia,2022,67,0.9,5,0,284,1
EXP-01973,ZARZAL,SUSTANCIAS,Juzgado_1_Familia,2022,33,1.35,3,0,237,1
EXP-01974,YUMBO,VIF,Comisaria_2_Familia,2024,62,0.9,8,0,369,1
EXP-01975,SEVILLA,SUSTANCIAS,Juzgado_3_Familia,2021,35,0.95,2,0,169,0
EXP-01976,CARTAGO,SUSTANCIAS,Comisaria_2_Familia,2023,58,0.9,9,0,365,0
EXP-01977,CARTAGO,VIF,Juzgado_Penal_Municipal_2,2022,58,1.05,6,0,233,1
EXP-01978,YUMBO,VIF,Juzgado_1_Familia,2022,62,1.35,7,0,323,1
EXP-01979,EL CERRITO,VIF,Comisaria_2_Familia,2024,41,0.9,3,0,81,1
EXP-01980,CANDELARIA,VIF,Juzgado_Penal_Municipal_2,2021,48,1.05,4,0,228,1
EXP-01981,JAMUNDI,ALIMENTOS,Juzgado_Penal_Municipal_2,2023,67,1.05,6,1,429,1
EXP-01982,PALMIRA,VIF,Juzgado_Penal_Municipal_2,2021,74,1.05,6,0,227,1
EXP-01983,ZARZAL,SUSTANCIAS,Juzgado_1_Familia,2022,33,1.35,5,0,285,1
EXP-01984,BUENAVENTURA,SUSTANCIAS,Comisaria_2_Familia,2024,89,0.9,5,0,134,1
EXP-01985,YUMBO,HURTO_PATRIMONIAL,Juzgado_1_Familia,2020,62,1.35,9,0,398,1
EXP-01986,GUADALAJARA DE BUGA,ALIMENTOS,Juzgado_Penal_Municipal_2,2024,53,1.05,4,1,301,1
EXP-01987,CARTAGO,ALIMENTOS,Juzgado_3_Familia,2024,58,0.95,3,1,162,1
EXP-01988,CANDELARIA,ALIMENTOS,Juzgado_Penal_Municipal_1,2021,48,1.25,8,1,553,1
EXP-01989,PRADERA,VIF,Juzgado_1_Familia,2020,38,1.35,2,0,176,1
EXP-01990,TULUA,VIF,Juzgado_2_Familia,2024,71,1.2,6,0,300,1
EXP-01991,JAMUNDI,HURTO_PATRIMONIAL,Juzgado_Penal_Municipal_2,2022,67,1.05,9,1,489,1
EXP-01992,BUENAVENTURA,ALIMENTOS,Juzgado_Penal_Municipal_2,2022,89,1.05,6,1,491,1
EXP-01993,SEVILLA,ALIMENTOS,Juzgado_3_Familia,2023,35,0.95,7,1,494,1
EXP-01994,CARTAGO,HURTO_PATRIMONIAL,Juzgado_3_Familia,2024,58,0.95,11,1,744,1
EXP-01995,PALMIRA,VIF,Comisaria_2_Familia,2021,74,0.9,5,0,208,0
EXP-01996,GUADALAJARA DE BUGA,ALIMENTOS,Juzgado_Penal_Municipal_2,2022,53,1.05,4,1,352,1
EXP-01997,CALI,ALIMENTOS,Comisaria_2_Familia,2020,82,0.9,5,0,225,0
EXP-01998,TULUA,ALIMENTOS,Juzgado_Penal_Municipal_2,2022,71,1.05,6,1,347,0
EXP-01999,CARTAGO,VIF,Comisaria_1_Familia,2023,58,1.1,2,0,168,1
EXP-02000,CANDELARIA,VIF,Comisaria_1_Familia,2020,48,1.1,2,0,139,1
EXP-02001,BUENAVENTURA,ALIMENTOS,Juzgado_1_Familia,2023,89,1.35,7,0,417,1
EXP-02002,BUENAVENTURA,HURTO_PATRIMONIAL,Juzgado_1_Familia,2024,89,1.35,12,1,835,1
EXP-02003,CANDELARIA,SUSTANCIAS,Juzgado_Penal_Municipal_2,2023,48,1.05,5,0,257,1
EXP-02004,ZARZAL,ALIMENTOS,Juzgado_3_Familia,2021,33,0.95,11,0,499,1
EXP-02005,ZARZAL,SUSTANCIAS,Comisaria_1_Familia,2024,33,1.1,7,0,350,1
EXP-02006,CALI,SUSTANCIAS,Juzgado_Penal_Municipal_1,2024,82,1.25,7,0,317,1
EXP-02007,GUADALAJARA DE BUGA,ALIMENTOS,Comisaria_1_Familia,2020,53,1.1,9,1,634,1
EXP-02008,JAMUNDI,ALIMENTOS,Juzgado_Penal_Municipal_1,2023,67,1.25,5,1,495,1
EXP-02009,PRADERA,VIF,Comisaria_2_Familia,2024,38,0.9,1,0,61,1
EXP-02010,JAMUNDI,ALIMENTOS,Juzgado_Penal_Municipal_2,2023,67,1.05,3,0,172,0
EXP-02011,JAMUNDI,VIF,Juzgado_1_Familia,2024,67,1.35,4,0,239,1
EXP-02012,EL CERRITO,VIF,Juzgado_Penal_Municipal_2,2023,41,1.05,6,0,261,1
EXP-02013,CALI,VIF,Juzgado_3_Familia,2023,82,0.95,2,0,193,1
EXP-02014,EL CERRITO,VIF,Juzgado_2_Familia,2020,41,1.2,4,0,150,1
EXP-02015,SEVILLA,ALIMENTOS,Comisaria_1_Familia,2020,35,1.1,4,0,222,1
EXP-02016,CARTAGO,SUSTANCIAS,Juzgado_1_Familia,2020,58,1.35,8,0,384,1
EXP-02017,EL CERRITO,HURTO_PATRIMONIAL,Juzgado_1_Familia,2021,41,1.35,6,0,272,1
EXP-02018,BUENAVENTURA,ALIMENTOS,Comisaria_1_Familia,2024,89,1.1,8,0,428,1
EXP-02019,CARTAGO,VIF,Juzgado_3_Familia,2020,58,0.95,5,0,210,1
EXP-02020,CANDELARIA,ALIMENTOS,Juzgado_Penal_Municipal_2,2024,48,1.05,1,0,181,0
EXP-02021,YUMBO,VIF,Juzgado_1_Familia,2021,62,1.35,2,0,135,1
EXP-02022,GUADALAJARA DE BUGA,VIF,Comisaria_1_Familia,2020,53,1.1,5,0,215,1
EXP-02023,EL CERRITO,VIF,Juzgado_Penal_Municipal_2,2021,41,1.05,4,0,184,1
EXP-02024,CANDELARIA,VIF,Comisaria_1_Familia,2021,48,1.1,3,0,151,1
EXP-02025,TULUA,VIF,Comisaria_2_Familia,2023,71,0.9,3,0,172,1
EXP-02026,CARTAGO,VIF,Juzgado_Penal_Municipal_2,2023,58,1.05,6,0,224,1
EXP-02027,ZARZAL,ALIMENTOS,Comisaria_1_Familia,2021,33,1.1,3,0,121,1
EXP-02028,YUMBO,VIF,Comisaria_2_Familia,2023,62,0.9,1,0,71,1
EXP-02029,GUADALAJARA DE BUGA,ALIMENTOS,Juzgado_3_Familia,2024,53,0.95,3,0,167,1
EXP-02030,SEVILLA,ALIMENTOS,Comisaria_1_Familia,2023,35,1.1,3,0,77,0
EXP-02031,BUENAVENTURA,ALIMENTOS,Comisaria_1_Familia,2022,89,1.1,4,0,239,1
EXP-02032,FLORIDA,VIF,Juzgado_Penal_Municipal_2,2022,44,1.05,6,0,179,1
EXP-02033,CANDELARIA,HURTO_PATRIMONIAL,Juzgado_1_Familia,2024,48,1.35,4,0,201,0
EXP-02034,EL CERRITO,HURTO_PATRIMONIAL,Comisaria_2_Familia,2024,41,0.9,6,1,299,1
EXP-02035,JAMUNDI,ALIMENTOS,Juzgado_Penal_Municipal_2,2024,67,1.05,6,1,470,1
EXP-02036,FLORIDA,HURTO_PATRIMONIAL,Juzgado_1_Familia,2023,44,1.35,9,0,471,1
EXP-02037,ZARZAL,VIF,Comisaria_2_Familia,2022,33,0.9,2,0,173,1
EXP-02038,PALMIRA,ALIMENTOS,Juzgado_2_Familia,2022,74,1.2,10,1,648,1
EXP-02039,FLORIDA,ALIMENTOS,Comisaria_2_Familia,2023,44,0.9,5,0,293,1
EXP-02040,BUENAVENTURA,ALIMENTOS,Juzgado_Penal_Municipal_2,2023,89,1.05,6,0,341,1
EXP-02041,ZARZAL,ALIMENTOS,Juzgado_Penal_Municipal_2,2021,33,1.05,7,0,367,1
EXP-02042,YUMBO,ALIMENTOS,Juzgado_Penal_Municipal_1,2023,62,1.25,4,0,224,1
EXP-02043,CARTAGO,SUSTANCIAS,Juzgado_3_Familia,2021,58,0.95,4,0,206,0
EXP-02044,CANDELARIA,ALIMENTOS,Juzgado_Penal_Municipal_2,2021,48,1.05,7,1,513,1
EXP-02045,GUADALAJARA DE BUGA,VIF,Comisaria_1_Familia,2020,53,1.1,3,0,191,1
EXP-02046,PALMIRA,VIF,Juzgado_3_Familia,2023,74,0.95,3,0,138,0
EXP-02047,FLORIDA,SUSTANCIAS,Juzgado_Penal_Municipal_1,2022,44,1.25,5,0,149,1
EXP-02048,ZARZAL,VIF,Comisaria_2_Familia,2024,33,0.9,4,0,244,1
EXP-02049,PALMIRA,VIF,Juzgado_Penal_Municipal_2,2022,74,1.05,5,0,265,1
EXP-02050,EL CERRITO,SUSTANCIAS,Juzgado_2_Familia,2023,41,1.2,8,0,345,1
EXP-02051,FLORIDA,SUSTANCIAS,Juzgado_1_Familia,2022,44,1.35,6,0,329,1
EXP-02052,PALMIRA,VIF,Comisaria_1_Familia,2023,74,1.1,6,0,343,1
EXP-02053,YUMBO,VIF,Juzgado_2_Familia,2023,62,1.2,6,0,283,1
EXP-02054,SEVILLA,SUSTANCIAS,Juzgado_3_Familia,2023,35,0.95,4,0,230,1
EXP-02055,GUADALAJARA DE BUGA,SUSTANCIAS,Juzgado_1_Familia,2023,53,1.35,8,0,376,1
EXP-02056,TULUA,VIF,Comisaria_1_Familia,2021,71,1.1,4,0,143,1
EXP-02057,TULUA,ALIMENTOS,Juzgado_1_Familia,2024,71,1.35,7,0,396,1
EXP-02058,BUENAVENTURA,ALIMENTOS,Comisaria_2_Familia,2023,89,0.9,5,0,297,1
EXP-02059,TULUA,ALIMENTOS,Juzgado_1_Familia,2022,71,1.35,4,0,333,1
EXP-02060,TULUA,HURTO_PATRIMONIAL,Juzgado_2_Familia,2024,71,1.2,8,0,396,1
EXP-02061,BUENAVENTURA,VIF,Comisaria_2_Familia,2023,89,0.9,7,0,244,1
EXP-02062,PALMIRA,ALIMENTOS,Juzgado_Penal_Municipal_2,2022,74,1.05,1,0,89,0
EXP-02063,JAMUNDI,HURTO_PATRIMONIAL,Juzgado_Penal_Municipal_2,2021,67,1.05,7,0,340,1
EXP-02064,YUMBO,VIF,Comisaria_1_Familia,2023,62,1.1,5,0,244,1
EXP-02065,GUADALAJARA DE BUGA,VIF,Juzgado_Penal_Municipal_1,2023,53,1.25,8,0,404,1
EXP-02066,CALI,HURTO_PATRIMONIAL,Juzgado_Penal_Municipal_1,2022,82,1.25,7,0,308,1
EXP-02067,PALMIRA,VIF,Juzgado_Penal_Municipal_1,2023,74,1.25,6,0,286,1
EXP-02068,JAMUNDI,SUSTANCIAS,Comisaria_1_Familia,2021,67,1.1,4,0,190,0
EXP-02069,EL CERRITO,SUSTANCIAS,Juzgado_1_Familia,2021,41,1.35,4,0,270,1
EXP-02070,CALI,VIF,Comisaria_2_Familia,2022,82,0.9,1,0,83,1
EXP-02071,SEVILLA,VIF,Juzgado_3_Familia,2023,35,0.95,4,0,208,1
EXP-02072,GUADALAJARA DE BUGA,ALIMENTOS,Juzgado_2_Familia,2024,53,1.2,4,1,338,1
EXP-02073,CALI,ALIMENTOS,Juzgado_Penal_Municipal_2,2022,82,1.05,9,0,404,1
EXP-02074,CARTAGO,ALIMENTOS,Juzgado_2_Familia,2024,58,1.2,6,0,179,0
EXP-02075,PRADERA,ALIMENTOS,Comisaria_1_Familia,2024,38,1.1,5,0,243,1
EXP-02076,JAMUNDI,VIF,Juzgado_1_Familia,2022,67,1.35,7,0,327,1
EXP-02077,ZARZAL,HURTO_PATRIMONIAL,Juzgado_Penal_Municipal_1,2023,33,1.25,6,1,368,0
EXP-02078,PALMIRA,VIF,Juzgado_2_Familia,2021,74,1.2,5,0,259,1
EXP-02079,CALI,ALIMENTOS,Juzgado_Penal_Municipal_2,2021,82,1.05,4,1,350,1
EXP-02080,CANDELARIA,HURTO_PATRIMONIAL,Juzgado_Penal_Municipal_2,2024,48,1.05,9,0,406,1
EXP-02081,CALI,HURTO_PATRIMONIAL,Juzgado_Penal_Municipal_2,2024,82,1.05,6,0,274,1
EXP-02082,CALI,ALIMENTOS,Comisaria_1_Familia,2022,82,1.1,9,0,461,1
EXP-02083,BUENAVENTURA,VIF,Juzgado_1_Familia,2021,89,1.35,5,0,330,1
EXP-02084,PALMIRA,VIF,Juzgado_1_Familia,2022,74,1.35,8,0,338,1
EXP-02085,SEVILLA,ALIMENTOS,Comisaria_2_Familia,2022,35,0.9,3,1,203,0
EXP-02086,CALI,HURTO_PATRIMONIAL,Juzgado_2_Familia,2021,82,1.2,12,0,544,1
EXP-02087,GUADALAJARA DE BUGA,HURTO_PATRIMONIAL,Juzgado_1_Familia,2020,53,1.35,11,1,603,1
EXP-02088,SEVILLA,VIF,Juzgado_1_Familia,2024,35,1.35,5,0,249,1
EXP-02089,CALI,ALIMENTOS,Comisaria_1_Familia,2022,82,1.1,8,0,299,1
EXP-02090,TULUA,VIF,Juzgado_Penal_Municipal_2,2023,71,1.05,4,0,133,1
EXP-02091,ZARZAL,VIF,Juzgado_Penal_Municipal_2,2024,33,1.05,7,0,296,1
EXP-02092,BUENAVENTURA,ALIMENTOS,Juzgado_2_Familia,2023,89,1.2,3,1,237,0
EXP-02093,SEVILLA,ALIMENTOS,Comisaria_2_Familia,2024,35,0.9,6,1,348,1
EXP-02094,ZARZAL,SUSTANCIAS,Comisaria_1_Familia,2021,33,1.1,1,0,69,1
EXP-02095,SEVILLA,HURTO_PATRIMONIAL,Juzgado_Penal_Municipal_2,2023,35,1.05,6,0,293,1
EXP-02096,CANDELARIA,VIF,Comisaria_1_Familia,2024,48,1.1,2,0,145,1
EXP-02097,YUMBO,SUSTANCIAS,Juzgado_1_Familia,2021,62,1.35,3,0,168,0
EXP-02098,PALMIRA,VIF,Juzgado_Penal_Municipal_2,2023,74,1.05,3,0,179,0
EXP-02099,EL CERRITO,ALIMENTOS,Juzgado_Penal_Municipal_1,2024,41,1.25,6,0,337,1
EXP-02100,SEVILLA,VIF,Juzgado_Penal_Municipal_2,2024,35,1.05,7,0,281,1
EXP-02101,SEVILLA,HURTO_PATRIMONIAL,Juzgado_1_Familia,2023,35,1.35,2,0,193,1
EXP-02102,PRADERA,HURTO_PATRIMONIAL,Juzgado_2_Familia,2023,38,1.2,9,0,351,1
EXP-02103,PALMIRA,HURTO_PATRIMONIAL,Comisaria_2_Familia,2022,74,0.9,7,0,346,1
EXP-02104,PRADERA,ALIMENTOS,Comisaria_1_Familia,2020,38,1.1,7,0,319,1
EXP-02105,CARTAGO,ALIMENTOS,Juzgado_Penal_Municipal_2,2021,58,1.05,2,0,99,0
EXP-02106,CANDELARIA,HURTO_PATRIMONIAL,Juzgado_3_Familia,2024,48,0.95,3,0,237,1
EXP-02107,ZARZAL,VIF,Juzgado_1_Familia,2021,33,1.35,1,0,88,1
EXP-02108,TULUA,VIF,Juzgado_2_Familia,2023,71,1.2,7,0,318,1
EXP-02109,CARTAGO,ALIMENTOS,Juzgado_1_Familia,2023,58,1.35,4,0,268,1
EXP-02110,PALMIRA,VIF,Juzgado_3_Familia,2024,74,0.95,6,0,282,1
EXP-02111,CANDELARIA,ALIMENTOS,Juzgado_3_Familia,2023,48,0.95,5,0,198,1
EXP-02112,EL CERRITO,VIF,Juzgado_2_Familia,2024,41,1.2,7,0,243,1
EXP-02113,BUENAVENTURA,ALIMENTOS,Juzgado_2_Familia,2020,89,1.2,5,0,309,1
EXP-02114,PALMIRA,VIF,Comisaria_2_Familia,2021,74,0.9,6,0,167,0
EXP-02115,TULUA,VIF,Juzgado_2_Familia,2023,71,1.2,5,0,198,1
EXP-02116,ZARZAL,SUSTANCIAS,Juzgado_1_Familia,2022,33,1.35,5,0,194,0
EXP-02117,FLORIDA,HURTO_PATRIMONIAL,Juzgado_Penal_Municipal_2,2022,44,1.05,1,1,96,1
EXP-02118,BUENAVENTURA,VIF,Juzgado_Penal_Municipal_1,2021,89,1.25,9,0,409,1
EXP-02119,SEVILLA,ALIMENTOS,Juzgado_1_Familia,2020,35,1.35,9,0,447,1
EXP-02120,ZARZAL,ALIMENTOS,Comisaria_1_Familia,2023,33,1.1,2,0,106,0
EXP-02121,CANDELARIA,VIF,Comisaria_1_Familia,2021,48,1.1,4,0,253,1
EXP-02122,JAMUNDI,VIF,Juzgado_Penal_Municipal_1,2022,67,1.25,5,0,256,1
EXP-02123,CANDELARIA,ALIMENTOS,Juzgado_3_Familia,2024,48,0.95,5,0,239,1
EXP-02124,BUENAVENTURA,ALIMENTOS,Juzgado_1_Familia,2022,89,1.35,7,0,300,1
EXP-02125,PALMIRA,SUSTANCIAS,Juzgado_2_Familia,2023,74,1.2,6,0,338,1
EXP-02126,PALMIRA,VIF,Juzgado_2_Familia,2024,74,1.2,3,0,149,1
EXP-02127,ZARZAL,VIF,Juzgado_Penal_Municipal_2,2021,33,1.05,4,0,218,1
EXP-02128,EL CERRITO,VIF,Comisaria_2_Familia,2020,41,0.9,7,0,281,1
EXP-02129,YUMBO,HURTO_PATRIMONIAL,Juzgado_Penal_Municipal_1,2024,62,1.25,6,0,235,0
EXP-02130,TULUA,HURTO_PATRIMONIAL,Juzgado_Penal_Municipal_1,2020,71,1.25,7,0,285,1
EXP-02131,JAMUNDI,HURTO_PATRIMONIAL,Juzgado_Penal_Municipal_2,2024,67,1.05,9,0,425,1
EXP-02132,JAMUNDI,VIF,Comisaria_1_Familia,2022,67,1.1,4,0,249,1
EXP-02133,FLORIDA,ALIMENTOS,Comisaria_1_Familia,2022,44,1.1,6,1,468,1
EXP-02134,TULUA,ALIMENTOS,Juzgado_2_Familia,2024,71,1.2,6,0,306,1
EXP-02135,FLORIDA,VIF,Juzgado_1_Familia,2023,44,1.35,1,0,132,0
EXP-02136,EL CERRITO,HURTO_PATRIMONIAL,Comisaria_1_Familia,2024,41,1.1,7,0,341,1
EXP-02137,SEVILLA,ALIMENTOS,Comisaria_2_Familia,2023,35,0.9,3,0,254,1
EXP-02138,ZARZAL,VIF,Juzgado_Penal_Municipal_2,2023,33,1.05,2,0,161,1
EXP-02139,ZARZAL,VIF,Juzgado_1_Familia,2021,33,1.35,5,0,252,1
EXP-02140,TULUA,ALIMENTOS,Comisaria_2_Familia,2024,71,0.9,4,1,336,1
EXP-02141,TULUA,ALIMENTOS,Comisaria_1_Familia,2021,71,1.1,7,0,277,1
EXP-02142,SEVILLA,VIF,Juzgado_Penal_Municipal_1,2024,35,1.25,5,0,234,1
EXP-02143,CARTAGO,HURTO_PATRIMONIAL,Juzgado_Penal_Municipal_2,2024,58,1.05,7,0,336,1
EXP-02144,CALI,VIF,Juzgado_1_Familia,2024,82,1.35,6,0,385,1
EXP-02145,PRADERA,VIF,Comisaria_2_Familia,2023,38,0.9,2,0,157,1
EXP-02146,BUENAVENTURA,ALIMENTOS,Juzgado_Penal_Municipal_1,2023,89,1.25,6,0,336,1
EXP-02147,BUENAVENTURA,ALIMENTOS,Juzgado_2_Familia,2020,89,1.2,8,0,287,1
EXP-02148,PRADERA,VIF,Juzgado_Penal_Municipal_2,2022,38,1.05,4,0,269,1
EXP-02149,TULUA,VIF,Juzgado_Penal_Municipal_1,2023,71,1.25,7,0,331,1
EXP-02150,TULUA,ALIMENTOS,Juzgado_Penal_Municipal_1,2021,71,1.25,9,0,419,1
EXP-02151,SEVILLA,VIF,Juzgado_Penal_Municipal_1,2024,35,1.25,6,0,332,1
EXP-02152,PALMIRA,ALIMENTOS,Comisaria_2_Familia,2024,74,0.9,5,1,322,0
EXP-02153,JAMUNDI,HURTO_PATRIMONIAL,Comisaria_1_Familia,2020,67,1.1,3,0,214,0
EXP-02154,CALI,VIF,Juzgado_1_Familia,2022,82,1.35,7,0,319,1
EXP-02155,SEVILLA,ALIMENTOS,Juzgado_Penal_Municipal_1,2023,35,1.25,6,1,368,1
EXP-02156,BUENAVENTURA,VIF,Juzgado_Penal_Municipal_2,2024,89,1.05,6,0,298,1
EXP-02157,GUADALAJARA DE BUGA,VIF,Comisaria_1_Familia,2024,53,1.1,2,0,88,1
EXP-02158,YUMBO,ALIMENTOS,Juzgado_Penal_Municipal_2,2021,62,1.05,6,1,355,1
EXP-02159,EL CERRITO,ALIMENTOS,Juzgado_Penal_Municipal_2,2024,41,1.05,8,1,418,1
EXP-02160,CALI,HURTO_PATRIMONIAL,Comisaria_2_Familia,2022,82,0.9,2,0,138,0
EXP-02161,SEVILLA,VIF,Juzgado_2_Familia,2020,35,1.2,4,0,217,1
EXP-02162,BUENAVENTURA,VIF,Juzgado_3_Familia,2024,89,0.95,2,0,160,0
EXP-02163,FLORIDA,VIF,Comisaria_1_Familia,2021,44,1.1,6,0,263,1
EXP-02164,SEVILLA,HURTO_PATRIMONIAL,Juzgado_2_Familia,2024,35,1.2,8,0,439,1
EXP-02165,PRADERA,HURTO_PATRIMONIAL,Juzgado_1_Familia,2023,38,1.35,5,0,336,1
EXP-02166,ZARZAL,VIF,Juzgado_1_Familia,2021,33,1.35,6,0,198,1
EXP-02167,FLORIDA,ALIMENTOS,Juzgado_3_Familia,2022,44,0.95,3,1,266,1
EXP-02168,SEVILLA,VIF,Comisaria_2_Familia,2022,35,0.9,1,0,109,1
EXP-02169,CALI,ALIMENTOS,Juzgado_3_Familia,2022,82,0.95,13,0,579,1
EXP-02170,SEVILLA,ALIMENTOS,Juzgado_Penal_Municipal_2,2024,35,1.05,1,1,58,1
EXP-02171,ZARZAL,SUSTANCIAS,Juzgado_2_Familia,2021,33,1.2,3,0,174,1
EXP-02172,CARTAGO,ALIMENTOS,Juzgado_3_Familia,2024,58,0.95,6,0,278,1
EXP-02173,TULUA,ALIMENTOS,Juzgado_3_Familia,2022,71,0.95,5,0,269,1
EXP-02174,TULUA,ALIMENTOS,Comisaria_1_Familia,2022,71,1.1,9,1,585,1
EXP-02175,FLORIDA,HURTO_PATRIMONIAL,Comisaria_2_Familia,2022,44,0.9,3,0,182,1
EXP-02176,GUADALAJARA DE BUGA,HURTO_PATRIMONIAL,Comisaria_1_Familia,2023,53,1.1,7,0,362,1
EXP-02177,YUMBO,HURTO_PATRIMONIAL,Comisaria_1_Familia,2023,62,1.1,8,0,417,1
EXP-02178,EL CERRITO,ALIMENTOS,Juzgado_Penal_Municipal_1,2024,41,1.25,8,1,496,0
EXP-02179,SEVILLA,HURTO_PATRIMONIAL,Juzgado_2_Familia,2021,35,1.2,9,1,642,1
EXP-02180,CARTAGO,ALIMENTOS,Juzgado_3_Familia,2022,58,0.95,4,1,389,0
EXP-02181,GUADALAJARA DE BUGA,VIF,Juzgado_Penal_Municipal_1,2023,53,1.25,4,0,243,1
EXP-02182,ZARZAL,ALIMENTOS,Juzgado_3_Familia,2023,33,0.95,6,1,361,1
EXP-02183,CARTAGO,VIF,Juzgado_Penal_Municipal_2,2024,58,1.05,6,0,296,1
EXP-02184,BUENAVENTURA,VIF,Comisaria_2_Familia,2023,89,0.9,2,0,151,1
EXP-02185,SEVILLA,ALIMENTOS,Comisaria_1_Familia,2022,35,1.1,8,1,586,1
EXP-02186,GUADALAJARA DE BUGA,HURTO_PATRIMONIAL,Juzgado_3_Familia,2024,53,0.95,7,1,590,1
EXP-02187,GUADALAJARA DE BUGA,VIF,Juzgado_3_Familia,2024,53,0.95,8,0,336,1
EXP-02188,YUMBO,ALIMENTOS,Juzgado_1_Familia,2024,62,1.35,5,1,422,0
EXP-02189,ZARZAL,VIF,Juzgado_Penal_Municipal_2,2024,33,1.05,5,0,204,1
EXP-02190,JAMUNDI,HURTO_PATRIMONIAL,Juzgado_2_Familia,2023,67,1.2,5,1,380,1
EXP-02191,SEVILLA,SUSTANCIAS,Comisaria_1_Familia,2021,35,1.1,6,0,233,1
EXP-02192,PALMIRA,HURTO_PATRIMONIAL,Comisaria_2_Familia,2022,74,0.9,8,0,433,1
EXP-02193,GUADALAJARA DE BUGA,VIF,Comisaria_2_Familia,2024,53,0.9,2,0,208,1
EXP-02194,CANDELARIA,VIF,Juzgado_3_Familia,2023,48,0.95,4,0,164,1
EXP-02195,CANDELARIA,SUSTANCIAS,Juzgado_Penal_Municipal_2,2024,48,1.05,7,0,336,1
EXP-02196,CARTAGO,ALIMENTOS,Juzgado_1_Familia,2023,58,1.35,5,1,309,1
EXP-02197,CANDELARIA,ALIMENTOS,Juzgado_3_Familia,2024,48,0.95,8,0,340,1
EXP-02198,BUENAVENTURA,HURTO_PATRIMONIAL,Comisaria_1_Familia,2023,89,1.1,8,0,376,1
EXP-02199,GUADALAJARA DE BUGA,ALIMENTOS,Juzgado_Penal_Municipal_2,2024,53,1.05,3,0,174,1
EXP-02200,ZARZAL,SUSTANCIAS,Comisaria_2_Familia,2023,33,0.9,1,0,115,0
EXP-02201,CANDELARIA,VIF,Juzgado_1_Familia,2022,48,1.35,4,0,266,1
EXP-02202,SEVILLA,VIF,Juzgado_2_Familia,2023,35,1.2,10,0,360,1
EXP-02203,BUENAVENTURA,VIF,Juzgado_3_Familia,2023,89,0.95,2,0,178,1
EXP-02204,CALI,ALIMENTOS,Comisaria_1_Familia,2023,82,1.1,7,0,318,0
EXP-02205,TULUA,ALIMENTOS,Comisaria_1_Familia,2023,71,1.1,4,1,351,1
EXP-02206,SEVILLA,ALIMENTOS,Juzgado_2_Familia,2024,35,1.2,4,0,134,1
EXP-02207,CARTAGO,HURTO_PATRIMONIAL,Juzgado_Penal_Municipal_2,2022,58,1.05,8,1,588,1
EXP-02208,PALMIRA,ALIMENTOS,Comisaria_2_Familia,2022,74,0.9,3,1,169,1
EXP-02209,PRADERA,VIF,Comisaria_2_Familia,2023,38,0.9,6,0,263,1
EXP-02210,JAMUNDI,VIF,Comisaria_1_Familia,2023,67,1.1,2,0,95,0
EXP-02211,PRADERA,HURTO_PATRIMONIAL,Comisaria_1_Familia,2022,38,1.1,7,0,281,1
EXP-02212,JAMUNDI,ALIMENTOS,Juzgado_2_Familia,2024,67,1.2,3,1,147,0
EXP-02213,CANDELARIA,ALIMENTOS,Juzgado_Penal_Municipal_1,2022,48,1.25,11,1,555,1
EXP-02214,GUADALAJARA DE BUGA,VIF,Juzgado_Penal_Municipal_1,2024,53,1.25,7,0,285,1
EXP-02215,FLORIDA,SUSTANCIAS,Comisaria_1_Familia,2024,44,1.1,4,0,248,1
EXP-02216,EL CERRITO,SUSTANCIAS,Comisaria_1_Familia,2023,41,1.1,6,0,288,1
EXP-02217,CARTAGO,ALIMENTOS,Comisaria_2_Familia,2023,58,0.9,4,0,168,1
EXP-02218,EL CERRITO,HURTO_PATRIMONIAL,Comisaria_2_Familia,2022,41,0.9,3,0,202,1
EXP-02219,PRADERA,ALIMENTOS,Comisaria_1_Familia,2024,38,1.1,9,1,669,1
EXP-02220,YUMBO,ALIMENTOS,Juzgado_Penal_Municipal_1,2024,62,1.25,6,1,414,1
EXP-02221,EL CERRITO,ALIMENTOS,Comisaria_1_Familia,2023,41,1.1,6,0,207,1
EXP-02222,EL CERRITO,HURTO_PATRIMONIAL,Comisaria_1_Familia,2023,41,1.1,4,1,331,1
EXP-02223,PRADERA,SUSTANCIAS,Juzgado_2_Familia,2023,38,1.2,8,0,391,1
EXP-02224,ZARZAL,VIF,Comisaria_2_Familia,2024,33,0.9,1,0,47,1
EXP-02225,GUADALAJARA DE BUGA,VIF,Juzgado_1_Familia,2023,53,1.35,4,0,177,0
EXP-02226,EL CERRITO,HURTO_PATRIMONIAL,Juzgado_Penal_Municipal_1,2021,41,1.25,8,0,420,1
EXP-02227,ZARZAL,ALIMENTOS,Juzgado_Penal_Municipal_1,2024,33,1.25,5,0,284,1
EXP-02228,JAMUNDI,HURTO_PATRIMONIAL,Juzgado_1_Familia,2023,67,1.35,5,0,260,0
EXP-02229,BUENAVENTURA,HURTO_PATRIMONIAL,Comisaria_1_Familia,2022,89,1.1,10,1,571,1
EXP-02230,TULUA,VIF,Juzgado_1_Familia,2023,71,1.35,5,0,184,1
EXP-02231,SEVILLA,VIF,Juzgado_2_Familia,2020,35,1.2,2,0,191,1
EXP-02232,CARTAGO,VIF,Comisaria_2_Familia,2021,58,0.9,5,0,263,1
EXP-02233,CALI,ALIMENTOS,Comisaria_1_Familia,2022,82,1.1,4,1,298,1
EXP-02234,EL CERRITO,SUSTANCIAS,Juzgado_Penal_Municipal_2,2024,41,1.05,3,0,190,1
EXP-02235,ZARZAL,VIF,Juzgado_1_Familia,2023,33,1.35,5,0,235,1
EXP-02236,BUENAVENTURA,VIF,Juzgado_Penal_Municipal_2,2020,89,1.05,5,0,232,1
EXP-02237,CALI,ALIMENTOS,Juzgado_Penal_Municipal_2,2024,82,1.05,8,0,365,1
EXP-02238,CARTAGO,VIF,Juzgado_1_Familia,2024,58,1.35,5,0,248,1
EXP-02239,CALI,ALIMENTOS,Juzgado_Penal_Municipal_2,2023,82,1.05,11,0,537,1
EXP-02240,CARTAGO,ALIMENTOS,Juzgado_1_Familia,2023,58,1.35,9,0,400,1
EXP-02241,BUENAVENTURA,VIF,Juzgado_2_Familia,2024,89,1.2,9,0,425,1
EXP-02242,BUENAVENTURA,SUSTANCIAS,Juzgado_Penal_Municipal_2,2023,89,1.05,7,0,275,1
EXP-02243,BUENAVENTURA,ALIMENTOS,Juzgado_Penal_Municipal_2,2024,89,1.05,5,0,258,1
EXP-02244,SEVILLA,ALIMENTOS,Comisaria_1_Familia,2024,35,1.1,8,0,422,1
EXP-02245,PRADERA,ALIMENTOS,Juzgado_3_Familia,2023,38,0.95,7,0,235,1
EXP-02246,ZARZAL,ALIMENTOS,Comisaria_1_Familia,2021,33,1.1,8,1,501,0
EXP-02247,BUENAVENTURA,VIF,Juzgado_Penal_Municipal_1,2024,89,1.25,4,0,290,1
EXP-02248,PALMIRA,SUSTANCIAS,Juzgado_3_Familia,2022,74,0.95,2,0,178,1
EXP-02249,YUMBO,VIF,Juzgado_Penal_Municipal_2,2023,62,1.05,7,0,288,1
EXP-02250,YUMBO,VIF,Comisaria_1_Familia,2024,62,1.1,5,0,221,0
EXP-02251,EL CERRITO,VIF,Juzgado_1_Familia,2024,41,1.35,10,0,492,1
EXP-02252,BUENAVENTURA,VIF,Juzgado_Penal_Municipal_2,2024,89,1.05,4,0,269,1
EXP-02253,PRADERA,HURTO_PATRIMONIAL,Juzgado_3_Familia,2021,38,0.95,8,0,330,1
EXP-02254,SEVILLA,VIF,Comisaria_2_Familia,2024,35,0.9,4,0,222,1
EXP-02255,YUMBO,SUSTANCIAS,Juzgado_Penal_Municipal_1,2022,62,1.25,7,0,390,1
EXP-02256,SEVILLA,ALIMENTOS,Juzgado_1_Familia,2023,35,1.35,4,0,238,1
EXP-02257,PRADERA,VIF,Juzgado_Penal_Municipal_2,2021,38,1.05,3,0,190,1
EXP-02258,CARTAGO,VIF,Juzgado_Penal_Municipal_2,2024,58,1.05,3,0,202,1
EXP-02259,YUMBO,VIF,Juzgado_1_Familia,2023,62,1.35,7,0,290,1
EXP-02260,SEVILLA,VIF,Juzgado_2_Familia,2022,35,1.2,6,0,240,1
EXP-02261,CALI,VIF,Juzgado_Penal_Municipal_1,2024,82,1.25,6,0,286,1
EXP-02262,PALMIRA,VIF,Juzgado_Penal_Municipal_1,2023,74,1.25,7,0,321,1
EXP-02263,CARTAGO,VIF,Juzgado_3_Familia,2022,58,0.95,3,0,209,1
EXP-02264,YUMBO,ALIMENTOS,Comisaria_1_Familia,2021,62,1.1,3,0,208,0
EXP-02265,TULUA,ALIMENTOS,Juzgado_2_Familia,2023,71,1.2,7,1,482,1
EXP-02266,CARTAGO,VIF,Comisaria_1_Familia,2023,58,1.1,6,0,277,1
EXP-02267,GUADALAJARA DE BUGA,HURTO_PATRIMONIAL,Juzgado_Penal_Municipal_1,2023,53,1.25,4,0,268,1
EXP-02268,CANDELARIA,VIF,Juzgado_1_Familia,2024,48,1.35,3,0,250,1
EXP-02269,ZARZAL,VIF,Juzgado_Penal_Municipal_2,2023,33,1.05,4,0,169,1
EXP-02270,PALMIRA,ALIMENTOS,Juzgado_Penal_Municipal_2,2024,74,1.05,7,0,321,0
EXP-02271,PRADERA,SUSTANCIAS,Juzgado_3_Familia,2024,38,0.95,9,0,301,1
EXP-02272,BUENAVENTURA,VIF,Juzgado_2_Familia,2022,89,1.2,5,0,316,1
EXP-02273,FLORIDA,VIF,Juzgado_1_Familia,2024,44,1.35,5,0,240,1
EXP-02274,YUMBO,HURTO_PATRIMONIAL,Comisaria_2_Familia,2022,62,0.9,4,1,380,1
EXP-02275,YUMBO,VIF,Juzgado_3_Familia,2020,62,0.95,5,0,209,1
EXP-02276,EL CERRITO,VIF,Juzgado_2_Familia,2023,41,1.2,1,0,106,1
EXP-02277,YUMBO,VIF,Juzgado_3_Familia,2021,62,0.95,6,0,269,1
EXP-02278,PRADERA,VIF,Juzgado_2_Familia,2022,38,1.2,3,0,130,1
EXP-02279,GUADALAJARA DE BUGA,ALIMENTOS,Comisaria_1_Familia,2022,53,1.1,4,0,275,1
EXP-02280,YUMBO,ALIMENTOS,Juzgado_2_Familia,2024,62,1.2,7,1,519,1
EXP-02281,ZARZAL,ALIMENTOS,Comisaria_2_Familia,2023,33,0.9,6,0,271,1
EXP-02282,CALI,HURTO_PATRIMONIAL,Juzgado_3_Familia,2021,82,0.95,10,1,655,1
EXP-02283,GUADALAJARA DE BUGA,ALIMENTOS,Comisaria_1_Familia,2023,53,1.1,7,0,371,1
EXP-02284,YUMBO,VIF,Comisaria_2_Familia,2021,62,0.9,3,0,109,1
EXP-02285,PALMIRA,ALIMENTOS,Juzgado_2_Familia,2021,74,1.2,5,1,408,1
EXP-02286,BUENAVENTURA,ALIMENTOS,Juzgado_Penal_Municipal_2,2021,89,1.05,4,0,184,1
EXP-02287,GUADALAJARA DE BUGA,ALIMENTOS,Comisaria_1_Familia,2024,53,1.1,7,0,339,1
EXP-02288,GUADALAJARA DE BUGA,VIF,Juzgado_Penal_Municipal_1,2024,53,1.25,7,0,334,1
EXP-02289,FLORIDA,VIF,Juzgado_1_Familia,2022,44,1.35,6,0,219,0
EXP-02290,GUADALAJARA DE BUGA,ALIMENTOS,Juzgado_2_Familia,2023,53,1.2,9,0,444,1
EXP-02291,YUMBO,ALIMENTOS,Juzgado_2_Familia,2021,62,1.2,5,1,358,1
EXP-02292,JAMUNDI,VIF,Juzgado_2_Familia,2023,67,1.2,5,0,228,1
EXP-02293,SEVILLA,VIF,Juzgado_Penal_Municipal_1,2021,35,1.25,8,0,361,1
EXP-02294,CARTAGO,VIF,Juzgado_Penal_Municipal_2,2021,58,1.05,4,0,168,1
EXP-02295,SEVILLA,VIF,Juzgado_Penal_Municipal_1,2022,35,1.25,5,0,306,1
EXP-02296,ZARZAL,ALIMENTOS,Juzgado_1_Familia,2023,33,1.35,8,0,457,0
EXP-02297,SEVILLA,ALIMENTOS,Juzgado_1_Familia,2022,35,1.35,7,0,344,1
EXP-02298,YUMBO,HURTO_PATRIMONIAL,Juzgado_2_Familia,2020,62,1.2,10,1,589,1
EXP-02299,PALMIRA,HURTO_PATRIMONIAL,Comisaria_1_Familia,2022,74,1.1,12,1,721,1
EXP-02300,TULUA,ALIMENTOS,Comisaria_1_Familia,2024,71,1.1,3,1,235,1
EXP-02301,CANDELARIA,HURTO_PATRIMONIAL,Comisaria_2_Familia,2023,48,0.9,2,0,83,0
EXP-02302,TULUA,VIF,Juzgado_Penal_Municipal_1,2024,71,1.25,7,0,297,1
EXP-02303,TULUA,ALIMENTOS,Juzgado_3_Familia,2022,71,0.95,9,0,429,1
EXP-02304,FLORIDA,VIF,Juzgado_3_Familia,2021,44,0.95,3,0,135,1
EXP-02305,TULUA,VIF,Juzgado_2_Familia,2024,71,1.2,3,0,191,1
EXP-02306,JAMUNDI,ALIMENTOS,Juzgado_Penal_Municipal_1,2022,67,1.25,7,0,320,1
EXP-02307,YUMBO,VIF,Juzgado_3_Familia,2021,62,0.95,2,0,139,0
EXP-02308,PALMIRA,ALIMENTOS,Juzgado_Penal_Municipal_1,2020,74,1.25,8,0,347,1
EXP-02309,CANDELARIA,HURTO_PATRIMONIAL,Comisaria_2_Familia,2024,48,0.9,11,0,458,1
EXP-02310,TULUA,ALIMENTOS,Juzgado_2_Familia,2024,71,1.2,7,0,297,1
EXP-02311,GUADALAJARA DE BUGA,VIF,Juzgado_Penal_Municipal_1,2020,53,1.25,6,0,208,1
EXP-02312,BUENAVENTURA,VIF,Juzgado_Penal_Municipal_1,2024,89,1.25,7,0,255,1
EXP-02313,YUMBO,SUSTANCIAS,Juzgado_3_Familia,2022,62,0.95,3,0,186,1
EXP-02314,EL CERRITO,ALIMENTOS,Comisaria_2_Familia,2021,41,0.9,3,0,154,1
EXP-02315,BUENAVENTURA,VIF,Comisaria_1_Familia,2021,89,1.1,9,0,403,1
EXP-02316,CALI,VIF,Comisaria_2_Familia,2024,82,0.9,3,0,155,1
EXP-02317,CALI,VIF,Juzgado_Penal_Municipal_2,2024,82,1.05,6,0,243,1
EXP-02318,GUADALAJARA DE BUGA,ALIMENTOS,Juzgado_1_Familia,2021,53,1.35,7,0,322,1
EXP-02319,ZARZAL,HURTO_PATRIMONIAL,Juzgado_Penal_Municipal_2,2024,33,1.05,9,1,638,1
EXP-02320,CALI,HURTO_PATRIMONIAL,Juzgado_3_Familia,2021,82,0.95,7,0,355,1
EXP-02321,ZARZAL,VIF,Juzgado_1_Familia,2021,33,1.35,7,0,358,1
EXP-02322,GUADALAJARA DE BUGA,HURTO_PATRIMONIAL,Juzgado_3_Familia,2024,53,0.95,1,0,157,0
EXP-02323,EL CERRITO,ALIMENTOS,Juzgado_1_Familia,2024,41,1.35,9,0,410,1
EXP-02324,PRADERA,VIF,Juzgado_2_Familia,2024,38,1.2,3,0,207,1
EXP-02325,TULUA,SUSTANCIAS,Juzgado_3_Familia,2024,71,0.95,2,0,59,0
EXP-02326,PRADERA,HURTO_PATRIMONIAL,Comisaria_2_Familia,2024,38,0.9,4,0,126,0
EXP-02327,TULUA,VIF,Juzgado_3_Familia,2022,71,0.95,5,0,240,1
EXP-02328,ZARZAL,HURTO_PATRIMONIAL,Juzgado_2_Familia,2023,33,1.2,7,0,386,1
EXP-02329,FLORIDA,VIF,Comisaria_2_Familia,2022,44,0.9,1,0,30,1
EXP-02330,PRADERA,HURTO_PATRIMONIAL,Juzgado_Penal_Municipal_1,2020,38,1.25,7,0,285,1
EXP-02331,JAMUNDI,VIF,Comisaria_1_Familia,2023,67,1.1,5,0,352,1
EXP-02332,BUENAVENTURA,VIF,Juzgado_3_Familia,2023,89,0.95,4,0,175,1
EXP-02333,ZARZAL,HURTO_PATRIMONIAL,Juzgado_Penal_Municipal_1,2023,33,1.25,2,0,130,1
EXP-02334,GUADALAJARA DE BUGA,ALIMENTOS,Comisaria_1_Familia,2022,53,1.1,5,0,231,1
EXP-02335,ZARZAL,HURTO_PATRIMONIAL,Juzgado_3_Familia,2023,33,0.95,6,0,361,1
EXP-02336,TULUA,VIF,Juzgado_1_Familia,2023,71,1.35,5,0,218,1
EXP-02337,TULUA,ALIMENTOS,Juzgado_1_Familia,2023,71,1.35,8,1,537,1
EXP-02338,JAMUNDI,VIF,Comisaria_2_Familia,2023,67,0.9,1,0,64,0
EXP-02339,SEVILLA,SUSTANCIAS,Juzgado_2_Familia,2024,35,1.2,3,0,212,1
EXP-02340,TULUA,VIF,Juzgado_Penal_Municipal_1,2023,71,1.25,2,0,124,0
EXP-02341,PRADERA,HURTO_PATRIMONIAL,Juzgado_Penal_Municipal_1,2020,38,1.25,5,0,242,1
EXP-02342,PRADERA,VIF,Juzgado_1_Familia,2021,38,1.35,6,0,297,1
EXP-02343,PRADERA,ALIMENTOS,Juzgado_Penal_Municipal_1,2021,38,1.25,4,0,228,1
EXP-02344,ZARZAL,HURTO_PATRIMONIAL,Juzgado_3_Familia,2023,33,0.95,6,1,179,0
EXP-02345,PRADERA,VIF,Comisaria_1_Familia,2023,38,1.1,1,0,123,1
EXP-02346,PRADERA,SUSTANCIAS,Comisaria_2_Familia,2022,38,0.9,9,0,378,1
EXP-02347,FLORIDA,ALIMENTOS,Comisaria_1_Familia,2024,44,1.1,2,1,161,0
EXP-02348,BUENAVENTURA,HURTO_PATRIMONIAL,Juzgado_Penal_Municipal_2,2024,89,1.05,4,0,203,0
EXP-02349,PALMIRA,HURTO_PATRIMONIAL,Juzgado_3_Familia,2024,74,0.95,12,0,534,1
EXP-02350,CANDELARIA,ALIMENTOS,Comisaria_1_Familia,2023,48,1.1,3,0,153,0
EXP-02351,FLORIDA,ALIMENTOS,Juzgado_2_Familia,2024,44,1.2,7,0,410,1
EXP-02352,CARTAGO,ALIMENTOS,Comisaria_1_Familia,2024,58,1.1,7,1,485,1
EXP-02353,YUMBO,HURTO_PATRIMONIAL,Juzgado_2_Familia,2022,62,1.2,5,0,190,0
EXP-02354,ZARZAL,VIF,Comisaria_2_Familia,2024,33,0.9,5,0,254,1
EXP-02355,BUENAVENTURA,HURTO_PATRIMONIAL,Juzgado_3_Familia,2022,89,0.95,5,0,279,0
EXP-02356,CANDELARIA,SUSTANCIAS,Juzgado_Penal_Municipal_1,2020,48,1.25,7,0,364,1
EXP-02357,GUADALAJARA DE BUGA,VIF,Juzgado_Penal_Municipal_1,2024,53,1.25,5,0,233,1
EXP-02358,FLORIDA,VIF,Comisaria_1_Familia,2023,44,1.1,6,0,245,1
EXP-02359,TULUA,VIF,Juzgado_2_Familia,2022,71,1.2,2,0,127,0
EXP-02360,ZARZAL,VIF,Juzgado_Penal_Municipal_1,2022,33,1.25,7,0,310,1
EXP-02361,EL CERRITO,SUSTANCIAS,Comisaria_2_Familia,2024,41,0.9,6,0,267,1
EXP-02362,CALI,SUSTANCIAS,Comisaria_1_Familia,2024,82,1.1,6,0,273,1
EXP-02363,SEVILLA,ALIMENTOS,Juzgado_Penal_Municipal_1,2024,35,1.25,10,0,488,1
EXP-02364,CALI,ALIMENTOS,Comisaria_2_Familia,2022,82,0.9,4,1,350,1
EXP-02365,TULUA,HURTO_PATRIMONIAL,Comisaria_2_Familia,2021,71,0.9,6,0,306,1
EXP-02366,JAMUNDI,SUSTANCIAS,Juzgado_3_Familia,2024,67,0.95,9,0,376,1
EXP-02367,GUADALAJARA DE BUGA,VIF,Comisaria_1_Familia,2024,53,1.1,3,0,152,0
EXP-02368,PRADERA,VIF,Juzgado_2_Familia,2020,38,1.2,4,0,235,1
EXP-02369,PALMIRA,HURTO_PATRIMONIAL,Comisaria_2_Familia,2024,74,0.9,9,1,585,1
EXP-02370,CARTAGO,VIF,Comisaria_2_Familia,2022,58,0.9,5,0,197,1
EXP-02371,CALI,HURTO_PATRIMONIAL,Juzgado_2_Familia,2022,82,1.2,10,0,444,1
EXP-02372,CANDELARIA,ALIMENTOS,Juzgado_2_Familia,2024,48,1.2,8,1,560,1
EXP-02373,EL CERRITO,VIF,Juzgado_3_Familia,2022,41,0.95,4,0,134,0
EXP-02374,SEVILLA,VIF,Juzgado_Penal_Municipal_1,2021,35,1.25,7,0,321,1
EXP-02375,YUMBO,SUSTANCIAS,Comisaria_2_Familia,2021,62,0.9,5,0,286,1
EXP-02376,GUADALAJARA DE BUGA,VIF,Comisaria_2_Familia,2021,53,0.9,6,0,349,1
EXP-02377,JAMUNDI,VIF,Juzgado_2_Familia,2023,67,1.2,5,0,239,1
EXP-02378,ZARZAL,ALIMENTOS,Juzgado_2_Familia,2021,33,1.2,6,0,243,1
EXP-02379,CALI,ALIMENTOS,Juzgado_2_Familia,2024,82,1.2,3,1,235,0
EXP-02380,YUMBO,SUSTANCIAS,Juzgado_1_Familia,2021,62,1.35,8,0,314,1
EXP-02381,EL CERRITO,VIF,Comisaria_1_Familia,2023,41,1.1,7,0,320,1
EXP-02382,TULUA,VIF,Comisaria_1_Familia,2023,71,1.1,5,0,227,1
EXP-02383,PALMIRA,VIF,Juzgado_3_Familia,2022,74,0.95,5,0,277,1
EXP-02384,TULUA,ALIMENTOS,Juzgado_Penal_Municipal_2,2023,71,1.05,2,1,162,0
EXP-02385,YUMBO,ALIMENTOS,Juzgado_2_Familia,2024,62,1.2,8,0,349,1
EXP-02386,FLORIDA,ALIMENTOS,Juzgado_2_Familia,2022,44,1.2,7,0,298,1
EXP-02387,JAMUNDI,HURTO_PATRIMONIAL,Juzgado_Penal_Municipal_1,2021,67,1.25,9,0,376,1
EXP-02388,JAMUNDI,ALIMENTOS,Juzgado_3_Familia,2022,67,0.95,4,0,139,0
EXP-02389,YUMBO,ALIMENTOS,Comisaria_2_Familia,2021,62,0.9,2,0,174,0
EXP-02390,SEVILLA,VIF,Juzgado_Penal_Municipal_1,2024,35,1.25,8,0,347,1
EXP-02391,CALI,ALIMENTOS,Juzgado_Penal_Municipal_1,2021,82,1.25,6,1,369,1
EXP-02392,JAMUNDI,VIF,Juzgado_Penal_Municipal_1,2022,67,1.25,1,0,91,1
EXP-02393,SEVILLA,ALIMENTOS,Comisaria_1_Familia,2023,35,1.1,6,0,240,1
EXP-02394,PALMIRA,VIF,Comisaria_1_Familia,2024,74,1.1,7,0,342,1
EXP-02395,CARTAGO,VIF,Juzgado_2_Familia,2021,58,1.2,4,0,230,0
EXP-02396,FLORIDA,SUSTANCIAS,Juzgado_3_Familia,2021,44,0.95,3,0,161,1
EXP-02397,TULUA,ALIMENTOS,Juzgado_Penal_Municipal_1,2024,71,1.25,7,0,344,1
EXP-02398,EL CERRITO,ALIMENTOS,Juzgado_2_Familia,2024,41,1.2,4,0,191,1
EXP-02399,ZARZAL,HURTO_PATRIMONIAL,Juzgado_Penal_Municipal_1,2021,33,1.25,7,0,349,1
EXP-02400,CALI,VIF,Juzgado_Penal_Municipal_1,2024,82,1.25,6,0,336,1
EXP-02401,TULUA,VIF,Juzgado_3_Familia,2024,71,0.95,5,0,218,1
EXP-02402,GUADALAJARA DE BUGA,ALIMENTOS,Comisaria_2_Familia,2023,53,0.9,1,1,102,0
EXP-02403,SEVILLA,VIF,Comisaria_2_Familia,2020,35,0.9,3,0,164,1
EXP-02404,CANDELARIA,ALIMENTOS,Comisaria_1_Familia,2023,48,1.1,8,0,324,1
EXP-02405,GUADALAJARA DE BUGA,VIF,Comisaria_1_Familia,2021,53,1.1,3,0,140,1
EXP-02406,YUMBO,VIF,Juzgado_Penal_Municipal_2,2023,62,1.05,5,0,273,1
EXP-02407,SEVILLA,ALIMENTOS,Juzgado_3_Familia,2022,35,0.95,5,0,158,1
EXP-02408,PRADERA,HURTO_PATRIMONIAL,Juzgado_3_Familia,2021,38,0.95,5,1,333,1
EXP-02409,ZARZAL,HURTO_PATRIMONIAL,Juzgado_Penal_Municipal_2,2024,33,1.05,8,0,388,1
EXP-02410,CARTAGO,VIF,Juzgado_3_Familia,2022,58,0.95,5,0,256,1
EXP-02411,YUMBO,VIF,Juzgado_2_Familia,2023,62,1.2,4,0,220,1
EXP-02412,ZARZAL,HURTO_PATRIMONIAL,Juzgado_Penal_Municipal_1,2023,33,1.25,8,0,353,1
EXP-02413,FLORIDA,ALIMENTOS,Juzgado_Penal_Municipal_1,2020,44,1.25,4,0,192,0
EXP-02414,PRADERA,VIF,Juzgado_3_Familia,2021,38,0.95,3,0,134,1
EXP-02415,CALI,ALIMENTOS,Juzgado_Penal_Municipal_2,2020,82,1.05,4,0,197,1
EXP-02416,BUENAVENTURA,ALIMENTOS,Juzgado_3_Familia,2024,89,0.95,7,1,361,1
EXP-02417,CALI,VIF,Comisaria_2_Familia,2020,82,0.9,5,0,238,1
EXP-02418,GUADALAJARA DE BUGA,VIF,Juzgado_3_Familia,2021,53,0.95,4,0,204,1
EXP-02419,TULUA,VIF,Juzgado_1_Familia,2024,71,1.35,3,0,187,0
EXP-02420,FLORIDA,ALIMENTOS,Juzgado_Penal_Municipal_2,2021,44,1.05,5,0,271,1
EXP-02421,CARTAGO,VIF,Juzgado_Penal_Municipal_2,2021,58,1.05,4,0,252,1
EXP-02422,GUADALAJARA DE BUGA,ALIMENTOS,Juzgado_1_Familia,2021,53,1.35,10,0,475,1
EXP-02423,GUADALAJARA DE BUGA,ALIMENTOS,Comisaria_1_Familia,2024,53,1.1,1,1,79,1
EXP-02424,PALMIRA,VIF,Juzgado_1_Familia,2024,74,1.35,6,0,304,1
EXP-02425,GUADALAJARA DE BUGA,SUSTANCIAS,Comisaria_2_Familia,2024,53,0.9,7,0,296,1
EXP-02426,JAMUNDI,ALIMENTOS,Juzgado_3_Familia,2024,67,0.95,6,1,347,1
EXP-02427,FLORIDA,VIF,Juzgado_Penal_Municipal_1,2023,44,1.25,6,0,252,0
EXP-02428,JAMUNDI,VIF,Juzgado_1_Familia,2022,67,1.35,3,0,138,0
EXP-02429,FLORIDA,SUSTANCIAS,Juzgado_3_Familia,2023,44,0.95,8,0,362,1
EXP-02430,TULUA,VIF,Juzgado_1_Familia,2022,71,1.35,5,0,257,1
EXP-02431,GUADALAJARA DE BUGA,HURTO_PATRIMONIAL,Comisaria_2_Familia,2023,53,0.9,7,1,495,1
EXP-02432,JAMUNDI,HURTO_PATRIMONIAL,Juzgado_3_Familia,2024,67,0.95,8,0,372,1
EXP-02433,CANDELARIA,ALIMENTOS,Juzgado_3_Familia,2022,48,0.95,1,1,154,0
EXP-02434,CANDELARIA,SUSTANCIAS,Comisaria_1_Familia,2024,48,1.1,5,0,306,1
EXP-02435,CALI,SUSTANCIAS,Juzgado_Penal_Municipal_1,2024,82,1.25,4,0,138,0
EXP-02436,BUENAVENTURA,ALIMENTOS,Juzgado_Penal_Municipal_2,2023,89,1.05,1,0,122,1
EXP-02437,JAMUNDI,SUSTANCIAS,Comisaria_1_Familia,2022,67,1.1,10,0,348,0
EXP-02438,CARTAGO,ALIMENTOS,Comisaria_2_Familia,2020,58,0.9,2,0,86,0
EXP-02439,BUENAVENTURA,VIF,Juzgado_1_Familia,2022,89,1.35,1,0,129,0
EXP-02440,ZARZAL,ALIMENTOS,Comisaria_1_Familia,2024,33,1.1,8,0,377,1
EXP-02441,CANDELARIA,SUSTANCIAS,Juzgado_1_Familia,2020,48,1.35,6,0,283,1
EXP-02442,GUADALAJARA DE BUGA,SUSTANCIAS,Comisaria_1_Familia,2024,53,1.1,8,0,371,1
EXP-02443,ZARZAL,VIF,Comisaria_2_Familia,2021,33,0.9,2,0,125,0
EXP-02444,SEVILLA,ALIMENTOS,Comisaria_2_Familia,2023,35,0.9,2,0,60,0
EXP-02445,JAMUNDI,VIF,Juzgado_Penal_Municipal_1,2022,67,1.25,4,0,216,0
EXP-02446,PRADERA,VIF,Comisaria_2_Familia,2024,38,0.9,5,0,231,1
EXP-02447,CALI,SUSTANCIAS,Comisaria_2_Familia,2023,82,0.9,3,0,188,1
EXP-02448,CALI,VIF,Juzgado_Penal_Municipal_1,2020,82,1.25,3,0,215,1
EXP-02449,YUMBO,HURTO_PATRIMONIAL,Comisaria_1_Familia,2021,62,1.1,4,0,213,0
EXP-02450,GUADALAJARA DE BUGA,ALIMENTOS,Comisaria_1_Familia,2023,53,1.1,4,0,235,1
EXP-02451,CARTAGO,VIF,Juzgado_3_Familia,2023,58,0.95,6,0,280,1
EXP-02452,FLORIDA,VIF,Juzgado_3_Familia,2020,44,0.95,3,0,236,1
EXP-02453,TULUA,VIF,Comisaria_1_Familia,2022,71,1.1,8,0,368,1
EXP-02454,CARTAGO,ALIMENTOS,Juzgado_Penal_Municipal_2,2020,58,1.05,5,1,271,1
EXP-02455,JAMUNDI,VIF,Juzgado_3_Familia,2023,67,0.95,6,0,280,1
EXP-02456,JAMUNDI,ALIMENTOS,Juzgado_Penal_Municipal_1,2024,67,1.25,6,0,281,0
EXP-02457,EL CERRITO,VIF,Juzgado_1_Familia,2021,41,1.35,7,0,301,1
EXP-02458,PRADERA,ALIMENTOS,Juzgado_Penal_Municipal_1,2022,38,1.25,6,1,379,1
EXP-02459,FLORIDA,ALIMENTOS,Juzgado_1_Familia,2024,44,1.35,8,0,373,1
EXP-02460,JAMUNDI,VIF,Juzgado_3_Familia,2023,67,0.95,4,0,213,1
EXP-02461,YUMBO,VIF,Juzgado_Penal_Municipal_1,2021,62,1.25,5,0,264,1
EXP-02462,EL CERRITO,ALIMENTOS,Juzgado_Penal_Municipal_2,2024,41,1.05,2,0,144,0
EXP-02463,TULUA,ALIMENTOS,Juzgado_Penal_Municipal_2,2023,71,1.05,4,0,206,1
EXP-02464,CANDELARIA,VIF,Juzgado_Penal_Municipal_2,2023,48,1.05,7,0,315,1
EXP-02465,EL CERRITO,HURTO_PATRIMONIAL,Comisaria_2_Familia,2020,41,0.9,8,1,523,1
EXP-02466,BUENAVENTURA,VIF,Juzgado_1_Familia,2022,89,1.35,5,0,290,1
EXP-02467,CALI,ALIMENTOS,Juzgado_1_Familia,2024,82,1.35,10,0,483,1
EXP-02468,SEVILLA,ALIMENTOS,Juzgado_1_Familia,2024,35,1.35,4,1,254,0
EXP-02469,PRADERA,VIF,Juzgado_Penal_Municipal_1,2022,38,1.25,6,0,277,1
EXP-02470,GUADALAJARA DE BUGA,ALIMENTOS,Juzgado_2_Familia,2023,53,1.2,8,1,372,1
EXP-02471,EL CERRITO,ALIMENTOS,Comisaria_2_Familia,2024,41,0.9,2,1,232,1
EXP-02472,SEVILLA,VIF,Juzgado_3_Familia,2023,35,0.95,3,0,194,1
EXP-02473,SEVILLA,VIF,Comisaria_2_Familia,2023,35,0.9,2,0,90,0
EXP-02474,EL CERRITO,ALIMENTOS,Juzgado_2_Familia,2021,41,1.2,6,0,316,1
EXP-02475,PRADERA,ALIMENTOS,Juzgado_Penal_Municipal_2,2024,38,1.05,6,0,346,1
EXP-02476,TULUA,ALIMENTOS,Juzgado_Penal_Municipal_1,2023,71,1.25,7,1,464,1
EXP-02477,PALMIRA,HURTO_PATRIMONIAL,Juzgado_3_Familia,2022,74,0.95,7,0,322,1
EXP-02478,YUMBO,VIF,Juzgado_1_Familia,2022,62,1.35,9,0,328,1
EXP-02479,PRADERA,VIF,Juzgado_1_Familia,2023,38,1.35,6,0,351,1
EXP-02480,TULUA,ALIMENTOS,Juzgado_1_Familia,2024,71,1.35,9,1,603,1
EXP-02481,CALI,HURTO_PATRIMONIAL,Comisaria_2_Familia,2023,82,0.9,5,0,197,1
EXP-02482,FLORIDA,ALIMENTOS,Juzgado_1_Familia,2021,44,1.35,8,1,648,1
EXP-02483,YUMBO,HURTO_PATRIMONIAL,Juzgado_1_Familia,2024,62,1.35,5,0,291,0
EXP-02484,JAMUNDI,HURTO_PATRIMONIAL,Juzgado_2_Familia,2021,67,1.2,11,0,490,0
EXP-02485,GUADALAJARA DE BUGA,HURTO_PATRIMONIAL,Comisaria_2_Familia,2023,53,0.9,3,0,169,1
EXP-02486,CANDELARIA,ALIMENTOS,Juzgado_3_Familia,2024,48,0.95,6,0,301,1
EXP-02487,CARTAGO,VIF,Juzgado_2_Familia,2021,58,1.2,5,0,242,1
EXP-02488,TULUA,VIF,Juzgado_3_Familia,2024,71,0.95,2,0,84,0
EXP-02489,PRADERA,HURTO_PATRIMONIAL,Juzgado_2_Familia,2023,38,1.2,10,1,544,1
EXP-02490,ZARZAL,VIF,Comisaria_1_Familia,2021,33,1.1,4,0,136,1
EXP-02491,GUADALAJARA DE BUGA,HURTO_PATRIMONIAL,Juzgado_Penal_Municipal_2,2024,53,1.05,9,0,325,0
EXP-02492,CALI,HURTO_PATRIMONIAL,Juzgado_2_Familia,2024,82,1.2,8,0,353,1
EXP-02493,PRADERA,VIF,Juzgado_Penal_Municipal_1,2020,38,1.25,2,0,202,1
EXP-02494,CARTAGO,HURTO_PATRIMONIAL,Juzgado_3_Familia,2021,58,0.95,5,0,306,1
EXP-02495,YUMBO,ALIMENTOS,Juzgado_Penal_Municipal_2,2022,62,1.05,8,1,420,1
EXP-02496,CANDELARIA,ALIMENTOS,Juzgado_2_Familia,2024,48,1.2,7,0,326,1
EXP-02497,CALI,SUSTANCIAS,Juzgado_Penal_Municipal_1,2022,82,1.25,3,0,45,1
EXP-02498,CALI,VIF,Juzgado_Penal_Municipal_1,2023,82,1.25,7,0,317,1
EXP-02499,PALMIRA,ALIMENTOS,Comisaria_2_Familia,2023,74,0.9,7,0,307,1
EXP-02500,BUENAVENTURA,VIF,Juzgado_1_Familia,2024,89,1.35,6,0,217,0
EXP-02501,CARTAGO,VIF,Juzgado_1_Familia,2023,58,1.35,9,0,349,1
EXP-02502,CALI,ALIMENTOS,Comisaria_2_Familia,2020,82,0.9,2,0,104,1
EXP-02503,EL CERRITO,ALIMENTOS,Comisaria_1_Familia,2024,41,1.1,7,0,391,1
EXP-02504,CANDELARIA,ALIMENTOS,Comisaria_1_Familia,2024,48,1.1,4,0,238,1
EXP-02505,ZARZAL,VIF,Juzgado_Penal_Municipal_2,2023,33,1.05,4,0,193,1
EXP-02506,CALI,VIF,Juzgado_3_Familia,2024,82,0.95,4,0,152,1
EXP-02507,ZARZAL,VIF,Comisaria_1_Familia,2024,33,1.1,2,0,134,1
EXP-02508,SEVILLA,ALIMENTOS,Juzgado_3_Familia,2023,35,0.95,4,1,323,1
EXP-02509,GUADALAJARA DE BUGA,HURTO_PATRIMONIAL,Juzgado_Penal_Municipal_1,2024,53,1.25,7,0,282,1
EXP-02510,FLORIDA,VIF,Juzgado_Penal_Municipal_2,2024,44,1.05,5,0,249,1
EXP-02511,FLORIDA,HURTO_PATRIMONIAL,Comisaria_1_Familia,2023,44,1.1,4,0,255,0
EXP-02512,YUMBO,HURTO_PATRIMONIAL,Juzgado_3_Familia,2024,62,0.95,9,1,525,1
EXP-02513,PALMIRA,SUSTANCIAS,Juzgado_3_Familia,2024,74,0.95,2,0,203,0
EXP-02514,FLORIDA,SUSTANCIAS,Juzgado_3_Familia,2024,44,0.95,5,0,308,1
EXP-02515,EL CERRITO,VIF,Comisaria_2_Familia,2024,41,0.9,5,0,273,1
EXP-02516,CALI,HURTO_PATRIMONIAL,Juzgado_3_Familia,2022,82,0.95,8,0,424,1
EXP-02517,PALMIRA,VIF,Comisaria_2_Familia,2024,74,0.9,3,0,115,0
EXP-02518,EL CERRITO,HURTO_PATRIMONIAL,Juzgado_1_Familia,2022,41,1.35,11,0,496,1
EXP-02519,EL CERRITO,ALIMENTOS,Juzgado_1_Familia,2024,41,1.35,8,0,394,1
EXP-02520,GUADALAJARA DE BUGA,ALIMENTOS,Juzgado_2_Familia,2022,53,1.2,7,1,406,1
EXP-02521,PALMIRA,ALIMENTOS,Juzgado_1_Familia,2021,74,1.35,8,0,412,1
EXP-02522,ZARZAL,HURTO_PATRIMONIAL,Juzgado_2_Familia,2022,33,1.2,6,0,253,1
EXP-02523,YUMBO,SUSTANCIAS,Juzgado_1_Familia,2023,62,1.35,7,0,324,1
EXP-02524,PRADERA,ALIMENTOS,Juzgado_3_Familia,2024,38,0.95,9,0,429,1
EXP-02525,PRADERA,VIF,Juzgado_3_Familia,2023,38,0.95,5,0,259,0
EXP-02526,CANDELARIA,HURTO_PATRIMONIAL,Comisaria_2_Familia,2022,48,0.9,7,0,364,1
EXP-02527,JAMUNDI,ALIMENTOS,Juzgado_1_Familia,2024,67,1.35,11,0,499,1
EXP-02528,ZARZAL,ALIMENTOS,Juzgado_3_Familia,2021,33,0.95,7,0,297,1
EXP-02529,PALMIRA,ALIMENTOS,Juzgado_3_Familia,2024,74,0.95,6,1,382,0
EXP-02530,TULUA,VIF,Juzgado_3_Familia,2020,71,0.95,3,0,147,1
EXP-02531,BUENAVENTURA,VIF,Juzgado_2_Familia,2021,89,1.2,3,0,211,1
EXP-02532,EL CERRITO,VIF,Juzgado_Penal_Municipal_2,2021,41,1.05,6,0,229,1
EXP-02533,YUMBO,ALIMENTOS,Comisaria_2_Familia,2020,62,0.9,10,1,686,1
EXP-02534,YUMBO,ALIMENTOS,Juzgado_3_Familia,2021,62,0.95,5,0,251,0
EXP-02535,TULUA,HURTO_PATRIMONIAL,Juzgado_Penal_Municipal_1,2023,71,1.25,2,0,161,1
EXP-02536,CARTAGO,HURTO_PATRIMONIAL,Comisaria_2_Familia,2024,58,0.9,5,0,197,1
EXP-02537,SEVILLA,VIF,Juzgado_Penal_Municipal_2,2021,35,1.05,2,0,126,0
EXP-02538,EL CERRITO,VIF,Juzgado_2_Familia,2024,41,1.2,3,0,167,0
EXP-02539,CANDELARIA,ALIMENTOS,Juzgado_1_Familia,2021,48,1.35,8,0,353,0
EXP-02540,GUADALAJARA DE BUGA,VIF,Comisaria_1_Familia,2020,53,1.1,5,0,250,1
EXP-02541,CANDELARIA,ALIMENTOS,Juzgado_Penal_Municipal_2,2023,48,1.05,3,1,124,1
EXP-02542,PALMIRA,HURTO_PATRIMONIAL,Juzgado_Penal_Municipal_2,2021,74,1.05,12,0,513,1
EXP-02543,GUADALAJARA DE BUGA,VIF,Juzgado_Penal_Municipal_1,2022,53,1.25,6,0,303,1
EXP-02544,JAMUNDI,HURTO_PATRIMONIAL,Juzgado_1_Familia,2022,67,1.35,7,0,348,1
EXP-02545,CALI,ALIMENTOS,Comisaria_1_Familia,2023,82,1.1,9,1,645,1
EXP-02546,PALMIRA,VIF,Juzgado_Penal_Municipal_2,2023,74,1.05,5,0,202,1
EXP-02547,ZARZAL,VIF,Juzgado_Penal_Municipal_1,2024,33,1.25,8,0,281,1
EXP-02548,FLORIDA,HURTO_PATRIMONIAL,Juzgado_Penal_Municipal_1,2024,44,1.25,6,0,302,1
EXP-02549,SEVILLA,VIF,Juzgado_2_Familia,2024,35,1.2,5,0,262,1
EXP-02550,GUADALAJARA DE BUGA,SUSTANCIAS,Comisaria_1_Familia,2022,53,1.1,6,0,277,1
EXP-02551,PALMIRA,ALIMENTOS,Juzgado_2_Familia,2024,74,1.2,3,1,306,0
EXP-02552,CARTAGO,ALIMENTOS,Comisaria_1_Familia,2023,58,1.1,5,0,262,1
EXP-02553,SEVILLA,VIF,Juzgado_Penal_Municipal_1,2023,35,1.25,3,0,211,0
EXP-02554,JAMUNDI,VIF,Juzgado_3_Familia,2024,67,0.95,4,0,171,1
EXP-02555,JAMUNDI,ALIMENTOS,Juzgado_3_Familia,2024,67,0.95,6,0,265,1
EXP-02556,YUMBO,VIF,Juzgado_3_Familia,2023,62,0.95,3,0,130,1
EXP-02557,GUADALAJARA DE BUGA,ALIMENTOS,Comisaria_2_Familia,2023,53,0.9,4,0,206,0
EXP-02558,CALI,ALIMENTOS,Juzgado_Penal_Municipal_2,2024,82,1.05,4,0,217,0
EXP-02559,TULUA,HURTO_PATRIMONIAL,Juzgado_Penal_Municipal_1,2022,71,1.25,8,1,572,1
EXP-02560,SEVILLA,ALIMENTOS,Juzgado_Penal_Municipal_2,2021,35,1.05,8,0,338,1
EXP-02561,JAMUNDI,SUSTANCIAS,Juzgado_2_Familia,2023,67,1.2,3,0,157,1
EXP-02562,JAMUNDI,SUSTANCIAS,Juzgado_Penal_Municipal_1,2024,67,1.25,7,0,408,1
EXP-02563,TULUA,VIF,Juzgado_1_Familia,2020,71,1.35,7,0,286,1
EXP-02564,YUMBO,VIF,Comisaria_2_Familia,2022,62,0.9,7,0,240,1
EXP-02565,SEVILLA,SUSTANCIAS,Comisaria_2_Familia,2022,35,0.9,3,0,201,1
EXP-02566,JAMUNDI,SUSTANCIAS,Comisaria_1_Familia,2022,67,1.1,1,0,51,0
EXP-02567,EL CERRITO,HURTO_PATRIMONIAL,Juzgado_Penal_Municipal_1,2023,41,1.25,9,1,562,1
EXP-02568,CANDELARIA,ALIMENTOS,Comisaria_1_Familia,2023,48,1.1,3,0,138,1
EXP-02569,BUENAVENTURA,VIF,Juzgado_Penal_Municipal_2,2023,89,1.05,7,0,389,1
EXP-02570,PRADERA,VIF,Comisaria_1_Familia,2024,38,1.1,7,0,339,1
EXP-02571,BUENAVENTURA,VIF,Comisaria_2_Familia,2023,89,0.9,5,0,219,0
EXP-02572,BUENAVENTURA,ALIMENTOS,Comisaria_2_Familia,2022,89,0.9,7,0,372,1
EXP-02573,PRADERA,SUSTANCIAS,Juzgado_Penal_Municipal_1,2022,38,1.25,6,0,270,1
EXP-02574,ZARZAL,VIF,Juzgado_Penal_Municipal_1,2021,33,1.25,5,0,198,1
EXP-02575,BUENAVENTURA,ALIMENTOS,Juzgado_2_Familia,2022,89,1.2,6,0,369,1
EXP-02576,ZARZAL,HURTO_PATRIMONIAL,Comisaria_2_Familia,2024,33,0.9,8,0,316,1
EXP-02577,EL CERRITO,VIF,Juzgado_3_Familia,2021,41,0.95,3,0,96,1
EXP-02578,EL CERRITO,VIF,Comisaria_1_Familia,2022,41,1.1,7,0,288,1
EXP-02579,BUENAVENTURA,SUSTANCIAS,Comisaria_1_Familia,2022,89,1.1,7,0,284,1
EXP-02580,CALI,VIF,Juzgado_2_Familia,2022,82,1.2,1,0,106,0
EXP-02581,CARTAGO,VIF,Juzgado_1_Familia,2021,58,1.35,4,0,222,1
EXP-02582,TULUA,VIF,Juzgado_1_Familia,2024,71,1.35,5,0,225,1
EXP-02583,EL CERRITO,VIF,Juzgado_3_Familia,2023,41,0.95,1,0,62,1
EXP-02584,EL CERRITO,ALIMENTOS,Juzgado_Penal_Municipal_1,2022,41,1.25,10,0,450,1
EXP-02585,JAMUNDI,ALIMENTOS,Juzgado_3_Familia,2024,67,0.95,6,1,397,1
EXP-02586,GUADALAJARA DE BUGA,VIF,Juzgado_3_Familia,2022,53,0.95,1,0,64,0
EXP-02587,TULUA,HURTO_PATRIMONIAL,Juzgado_Penal_Municipal_1,2022,71,1.25,8,0,392,1
EXP-02588,CANDELARIA,VIF,Juzgado_Penal_Municipal_1,2024,48,1.25,3,0,119,1
EXP-02589,YUMBO,VIF,Juzgado_2_Familia,2022,62,1.2,5,0,247,1
EXP-02590,CARTAGO,ALIMENTOS,Comisaria_2_Familia,2022,58,0.9,9,1,536,1
EXP-02591,TULUA,VIF,Comisaria_1_Familia,2024,71,1.1,6,0,233,1
EXP-02592,EL CERRITO,HURTO_PATRIMONIAL,Juzgado_1_Familia,2020,41,1.35,14,1,886,1
EXP-02593,PRADERA,VIF,Comisaria_2_Familia,2024,38,0.9,6,0,279,1
EXP-02594,CALI,ALIMENTOS,Comisaria_2_Familia,2021,82,0.9,3,0,166,0
EXP-02595,TULUA,VIF,Comisaria_2_Familia,2021,71,0.9,6,0,257,1
EXP-02596,EL CERRITO,SUSTANCIAS,Juzgado_Penal_Municipal_1,2020,41,1.25,3,0,219,1
EXP-02597,JAMUNDI,VIF,Juzgado_1_Familia,2020,67,1.35,1,0,165,1
EXP-02598,GUADALAJARA DE BUGA,ALIMENTOS,Comisaria_1_Familia,2022,53,1.1,8,1,579,1
EXP-02599,SEVILLA,SUSTANCIAS,Juzgado_Penal_Municipal_1,2024,35,1.25,4,0,277,1
EXP-02600,FLORIDA,ALIMENTOS,Juzgado_Penal_Municipal_1,2024,44,1.25,8,0,414,1
EXP-02601,BUENAVENTURA,SUSTANCIAS,Juzgado_1_Familia,2023,89,1.35,9,0,350,1
EXP-02602,EL CERRITO,HURTO_PATRIMONIAL,Juzgado_3_Familia,2024,41,0.95,7,0,358,1
EXP-02603,BUENAVENTURA,VIF,Comisaria_2_Familia,2020,89,0.9,3,0,157,1
EXP-02604,CANDELARIA,ALIMENTOS,Comisaria_1_Familia,2024,48,1.1,11,0,505,1
EXP-02605,PALMIRA,VIF,Juzgado_Penal_Municipal_1,2024,74,1.25,4,0,203,1
EXP-02606,EL CERRITO,VIF,Comisaria_2_Familia,2020,41,0.9,5,0,258,1
EXP-02607,ZARZAL,SUSTANCIAS,Comisaria_2_Familia,2022,33,0.9,5,0,232,1
EXP-02608,BUENAVENTURA,VIF,Juzgado_3_Familia,2024,89,0.95,5,0,235,1
EXP-02609,TULUA,VIF,Juzgado_3_Familia,2024,71,0.95,7,0,333,1
EXP-02610,CALI,ALIMENTOS,Juzgado_Penal_Municipal_1,2023,82,1.25,10,0,457,1
EXP-02611,JAMUNDI,ALIMENTOS,Juzgado_1_Familia,2022,67,1.35,6,1,378,0
EXP-02612,PRADERA,ALIMENTOS,Comisaria_1_Familia,2024,38,1.1,2,0,181,1
EXP-02613,SEVILLA,ALIMENTOS,Juzgado_1_Familia,2024,35,1.35,5,0,289,1
EXP-02614,YUMBO,ALIMENTOS,Comisaria_2_Familia,2020,62,0.9,1,0,38,1
EXP-02615,EL CERRITO,SUSTANCIAS,Juzgado_1_Familia,2021,41,1.35,7,0,329,1
EXP-02616,JAMUNDI,ALIMENTOS,Comisaria_1_Familia,2023,67,1.1,6,0,292,1
EXP-02617,FLORIDA,VIF,Juzgado_1_Familia,2020,44,1.35,2,0,214,1
EXP-02618,FLORIDA,VIF,Juzgado_1_Familia,2020,44,1.35,7,0,302,1
EXP-02619,CARTAGO,VIF,Juzgado_2_Familia,2021,58,1.2,3,0,219,1
EXP-02620,CANDELARIA,HURTO_PATRIMONIAL,Comisaria_1_Familia,2022,48,1.1,9,0,503,1
EXP-02621,JAMUNDI,VIF,Juzgado_Penal_Municipal_2,2020,67,1.05,3,0,203,1
EXP-02622,PALMIRA,VIF,Comisaria_1_Familia,2024,74,1.1,6,0,300,1
EXP-02623,SEVILLA,VIF,Juzgado_Penal_Municipal_2,2024,35,1.05,4,0,193,1
EXP-02624,JAMUNDI,ALIMENTOS,Juzgado_2_Familia,2020,67,1.2,8,0,386,1
EXP-02625,BUENAVENTURA,SUSTANCIAS,Comisaria_1_Familia,2021,89,1.1,4,0,279,1
EXP-02626,BUENAVENTURA,SUSTANCIAS,Juzgado_1_Familia,2022,89,1.35,4,0,215,1
EXP-02627,ZARZAL,ALIMENTOS,Juzgado_Penal_Municipal_1,2023,33,1.25,5,0,300,1
EXP-02628,FLORIDA,HURTO_PATRIMONIAL,Juzgado_2_Familia,2024,44,1.2,10,1,578,1
EXP-02629,BUENAVENTURA,VIF,Juzgado_Penal_Municipal_1,2024,89,1.25,7,0,346,1
EXP-02630,TULUA,VIF,Juzgado_Penal_Municipal_2,2024,71,1.05,7,0,291,1
EXP-02631,CALI,HURTO_PATRIMONIAL,Juzgado_3_Familia,2024,82,0.95,4,0,262,1
EXP-02632,PALMIRA,ALIMENTOS,Juzgado_1_Familia,2024,74,1.35,5,0,300,1
EXP-02633,PALMIRA,ALIMENTOS,Juzgado_3_Familia,2024,74,0.95,6,1,457,1
EXP-02634,FLORIDA,HURTO_PATRIMONIAL,Juzgado_3_Familia,2020,44,0.95,6,0,264,1
EXP-02635,PALMIRA,VIF,Juzgado_3_Familia,2024,74,0.95,1,0,68,0
EXP-02636,JAMUNDI,VIF,Juzgado_3_Familia,2024,67,0.95,4,0,223,0
EXP-02637,JAMUNDI,ALIMENTOS,Comisaria_1_Familia,2024,67,1.1,9,0,453,1
EXP-02638,FLORIDA,ALIMENTOS,Juzgado_1_Familia,2021,44,1.35,9,0,336,1
EXP-02639,GUADALAJARA DE BUGA,ALIMENTOS,Juzgado_Penal_Municipal_2,2024,53,1.05,7,1,431,1
EXP-02640,CANDELARIA,HURTO_PATRIMONIAL,Comisaria_2_Familia,2020,48,0.9,3,0,238,1
EXP-02641,BUENAVENTURA,ALIMENTOS,Juzgado_3_Familia,2021,89,0.95,5,1,406,1
EXP-02642,CALI,HURTO_PATRIMONIAL,Comisaria_2_Familia,2023,82,0.9,6,0,366,1
EXP-02643,CANDELARIA,ALIMENTOS,Juzgado_2_Familia,2024,48,1.2,3,0,198,1
EXP-02644,YUMBO,ALIMENTOS,Juzgado_3_Familia,2023,62,0.95,6,1,247,1
EXP-02645,JAMUNDI,VIF,Juzgado_Penal_Municipal_2,2023,67,1.05,5,0,237,1
EXP-02646,CARTAGO,VIF,Juzgado_Penal_Municipal_2,2022,58,1.05,1,0,120,0
EXP-02647,GUADALAJARA DE BUGA,VIF,Juzgado_1_Familia,2024,53,1.35,7,0,374,1
EXP-02648,EL CERRITO,ALIMENTOS,Juzgado_Penal_Municipal_2,2022,41,1.05,1,0,115,0
EXP-02649,PRADERA,VIF,Comisaria_2_Familia,2020,38,0.9,4,0,269,1
EXP-02650,CANDELARIA,ALIMENTOS,Juzgado_Penal_Municipal_1,2021,48,1.25,10,0,429,1
EXP-02651,CARTAGO,ALIMENTOS,Juzgado_Penal_Municipal_1,2023,58,1.25,7,1,417,1
EXP-02652,YUMBO,VIF,Juzgado_Penal_Municipal_1,2022,62,1.25,7,0,295,1
EXP-02653,GUADALAJARA DE BUGA,ALIMENTOS,Juzgado_Penal_Municipal_1,2024,53,1.25,7,0,328,1
EXP-02654,CANDELARIA,ALIMENTOS,Juzgado_Penal_Municipal_1,2021,48,1.25,4,0,167,1
EXP-02655,TULUA,VIF,Juzgado_Penal_Municipal_1,2023,71,1.25,7,0,301,1
EXP-02656,PRADERA,ALIMENTOS,Juzgado_2_Familia,2023,38,1.2,1,1,260,1
EXP-02657,FLORIDA,VIF,Comisaria_2_Familia,2022,44,0.9,5,0,260,1
EXP-02658,FLORIDA,ALIMENTOS,Juzgado_Penal_Municipal_1,2023,44,1.25,9,0,388,1
EXP-02659,GUADALAJARA DE BUGA,VIF,Juzgado_3_Familia,2022,53,0.95,8,0,381,1
EXP-02660,CALI,VIF,Juzgado_Penal_Municipal_2,2020,82,1.05,3,0,146,0
EXP-02661,FLORIDA,HURTO_PATRIMONIAL,Juzgado_1_Familia,2020,44,1.35,6,0,322,1
EXP-02662,CALI,ALIMENTOS,Comisaria_1_Familia,2022,82,1.1,3,1,352,1
EXP-02663,EL CERRITO,VIF,Juzgado_Penal_Municipal_2,2022,41,1.05,3,0,152,1
EXP-02664,GUADALAJARA DE BUGA,SUSTANCIAS,Juzgado_Penal_Municipal_2,2024,53,1.05,7,0,266,1
EXP-02665,EL CERRITO,ALIMENTOS,Juzgado_2_Familia,2023,41,1.2,10,1,722,1
EXP-02666,YUMBO,VIF,Juzgado_1_Familia,2023,62,1.35,7,0,279,1
EXP-02667,CALI,VIF,Juzgado_1_Familia,2023,82,1.35,10,0,423,1
EXP-02668,JAMUNDI,ALIMENTOS,Juzgado_3_Familia,2021,67,0.95,7,0,270,1
EXP-02669,BUENAVENTURA,VIF,Juzgado_Penal_Municipal_1,2023,89,1.25,6,0,306,1
EXP-02670,JAMUNDI,VIF,Juzgado_3_Familia,2021,67,0.95,4,0,180,1
EXP-02671,JAMUNDI,VIF,Juzgado_Penal_Municipal_2,2023,67,1.05,6,0,259,1
EXP-02672,ZARZAL,ALIMENTOS,Comisaria_2_Familia,2021,33,0.9,2,1,118,1
EXP-02673,EL CERRITO,ALIMENTOS,Juzgado_3_Familia,2020,41,0.95,2,1,240,1
EXP-02674,PALMIRA,VIF,Juzgado_1_Familia,2024,74,1.35,4,0,253,1
EXP-02675,CALI,ALIMENTOS,Juzgado_3_Familia,2022,82,0.95,4,0,144,0
EXP-02676,ZARZAL,HURTO_PATRIMONIAL,Juzgado_3_Familia,2023,33,0.95,8,0,315,0
EXP-02677,ZARZAL,SUSTANCIAS,Comisaria_2_Familia,2024,33,0.9,3,0,125,0
EXP-02678,FLORIDA,HURTO_PATRIMONIAL,Juzgado_Penal_Municipal_2,2024,44,1.05,4,0,202,1
EXP-02679,TULUA,VIF,Juzgado_2_Familia,2024,71,1.2,5,0,233,1
EXP-02680,CARTAGO,SUSTANCIAS,Juzgado_3_Familia,2023,58,0.95,7,0,321,1
EXP-02681,ZARZAL,ALIMENTOS,Juzgado_2_Familia,2020,33,1.2,6,0,323,1
EXP-02682,JAMUNDI,ALIMENTOS,Juzgado_3_Familia,2021,67,0.95,1,1,141,1
EXP-02683,CANDELARIA,ALIMENTOS,Juzgado_3_Familia,2020,48,0.95,4,0,214,1
EXP-02684,TULUA,ALIMENTOS,Juzgado_3_Familia,2021,71,0.95,5,0,308,1
EXP-02685,BUENAVENTURA,ALIMENTOS,Juzgado_Penal_Municipal_2,2024,89,1.05,7,0,359,1
EXP-02686,GUADALAJARA DE BUGA,ALIMENTOS,Juzgado_2_Familia,2022,53,1.2,6,0,260,1
EXP-02687,EL CERRITO,VIF,Juzgado_3_Familia,2022,41,0.95,3,0,174,1
EXP-02688,SEVILLA,ALIMENTOS,Juzgado_Penal_Municipal_2,2024,35,1.05,4,0,264,1
EXP-02689,FLORIDA,ALIMENTOS,Juzgado_1_Familia,2023,44,1.35,10,0,466,1
EXP-02690,YUMBO,ALIMENTOS,Juzgado_Penal_Municipal_2,2020,62,1.05,2,0,111,0
EXP-02691,PRADERA,HURTO_PATRIMONIAL,Juzgado_Penal_Municipal_2,2023,38,1.05,5,1,401,1
EXP-02692,SEVILLA,ALIMENTOS,Comisaria_1_Familia,2021,35,1.1,9,1,593,1
EXP-02693,SEVILLA,HURTO_PATRIMONIAL,Comisaria_1_Familia,2024,35,1.1,2,1,184,1
EXP-02694,CALI,ALIMENTOS,Juzgado_Penal_Municipal_2,2020,82,1.05,6,1,375,0
EXP-02695,SEVILLA,ALIMENTOS,Juzgado_3_Familia,2023,35,0.95,5,0,282,1
EXP-02696,PALMIRA,VIF,Juzgado_3_Familia,2022,74,0.95,5,0,270,1
EXP-02697,YUMBO,VIF,Juzgado_3_Familia,2024,62,0.95,5,0,236,1
EXP-02698,PALMIRA,ALIMENTOS,Juzgado_Penal_Municipal_1,2021,74,1.25,5,0,275,0
EXP-02699,PALMIRA,HURTO_PATRIMONIAL,Comisaria_1_Familia,2023,74,1.1,4,1,281,0
EXP-02700,BUENAVENTURA,ALIMENTOS,Juzgado_1_Familia,2024,89,1.35,5,0,300,1
EXP-02701,GUADALAJARA DE BUGA,ALIMENTOS,Comisaria_1_Familia,2024,53,1.1,8,1,522,1
EXP-02702,CANDELARIA,ALIMENTOS,Juzgado_3_Familia,2020,48,0.95,3,0,180,1
EXP-02703,CANDELARIA,VIF,Juzgado_1_Familia,2021,48,1.35,9,0,401,1
EXP-02704,YUMBO,VIF,Comisaria_2_Familia,2023,62,0.9,4,0,253,1
EXP-02705,ZARZAL,VIF,Comisaria_2_Familia,2024,33,0.9,1,0,164,1
EXP-02706,SEVILLA,ALIMENTOS,Juzgado_Penal_Municipal_2,2022,35,1.05,7,0,328,1
EXP-02707,PRADERA,VIF,Juzgado_Penal_Municipal_2,2023,38,1.05,6,0,255,1
EXP-02708,CARTAGO,VIF,Juzgado_2_Familia,2024,58,1.2,7,0,291,1
EXP-02709,GUADALAJARA DE BUGA,SUSTANCIAS,Comisaria_2_Familia,2021,53,0.9,2,0,152,0
EXP-02710,CANDELARIA,VIF,Comisaria_1_Familia,2022,48,1.1,5,0,209,1
EXP-02711,EL CERRITO,VIF,Comisaria_1_Familia,2024,41,1.1,4,0,200,1
EXP-02712,YUMBO,ALIMENTOS,Juzgado_1_Familia,2023,62,1.35,10,1,637,1
EXP-02713,BUENAVENTURA,VIF,Comisaria_1_Familia,2020,89,1.1,3,0,137,0
EXP-02714,SEVILLA,ALIMENTOS,Juzgado_3_Familia,2021,35,0.95,3,0,119,1
EXP-02715,JAMUNDI,VIF,Juzgado_Penal_Municipal_1,2022,67,1.25,6,0,307,1
EXP-02716,SEVILLA,VIF,Comisaria_1_Familia,2023,35,1.1,1,0,164,1
EXP-02717,FLORIDA,SUSTANCIAS,Juzgado_Penal_Municipal_2,2022,44,1.05,5,0,186,0
EXP-02718,CANDELARIA,ALIMENTOS,Juzgado_2_Familia,2022,48,1.2,8,1,560,1
EXP-02719,PALMIRA,ALIMENTOS,Comisaria_2_Familia,2024,74,0.9,10,0,420,1
EXP-02720,EL CERRITO,HURTO_PATRIMONIAL,Juzgado_2_Familia,2021,41,1.2,15,0,605,1
EXP-02721,CANDELARIA,ALIMENTOS,Juzgado_1_Familia,2021,48,1.35,8,0,355,1
EXP-02722,BUENAVENTURA,ALIMENTOS,Juzgado_Penal_Municipal_2,2022,89,1.05,6,0,247,1
EXP-02723,TULUA,SUSTANCIAS,Comisaria_1_Familia,2020,71,1.1,6,0,239,1
EXP-02724,CALI,ALIMENTOS,Juzgado_3_Familia,2021,82,0.95,2,1,215,1
EXP-02725,ZARZAL,ALIMENTOS,Juzgado_2_Familia,2024,33,1.2,8,0,341,1
EXP-02726,CANDELARIA,HURTO_PATRIMONIAL,Juzgado_Penal_Municipal_1,2023,48,1.25,5,0,259,1
EXP-02727,YUMBO,ALIMENTOS,Juzgado_1_Familia,2024,62,1.35,10,0,476,1
EXP-02728,CARTAGO,ALIMENTOS,Juzgado_Penal_Municipal_1,2024,58,1.25,11,1,520,1
EXP-02729,CARTAGO,SUSTANCIAS,Juzgado_Penal_Municipal_2,2020,58,1.05,4,0,254,1
EXP-02730,FLORIDA,ALIMENTOS,Juzgado_Penal_Municipal_2,2022,44,1.05,8,1,431,1
EXP-02731,JAMUNDI,ALIMENTOS,Comisaria_2_Familia,2024,67,0.9,7,0,292,1
EXP-02732,PRADERA,HURTO_PATRIMONIAL,Juzgado_1_Familia,2020,38,1.35,9,0,404,1
EXP-02733,BUENAVENTURA,SUSTANCIAS,Juzgado_Penal_Municipal_2,2023,89,1.05,6,0,265,1
EXP-02734,ZARZAL,ALIMENTOS,Juzgado_Penal_Municipal_2,2022,33,1.05,5,1,333,1
EXP-02735,CANDELARIA,SUSTANCIAS,Comisaria_1_Familia,2023,48,1.1,5,0,213,1
EXP-02736,GUADALAJARA DE BUGA,VIF,Juzgado_3_Familia,2022,53,0.95,3,0,152,1
EXP-02737,GUADALAJARA DE BUGA,VIF,Juzgado_Penal_Municipal_1,2023,53,1.25,3,0,166,1
EXP-02738,TULUA,HURTO_PATRIMONIAL,Juzgado_Penal_Municipal_1,2022,71,1.25,11,1,705,1
EXP-02739,EL CERRITO,ALIMENTOS,Comisaria_2_Familia,2024,41,0.9,5,1,354,1
EXP-02740,FLORIDA,SUSTANCIAS,Juzgado_1_Familia,2020,44,1.35,7,0,300,1
EXP-02741,CALI,ALIMENTOS,Juzgado_3_Familia,2023,82,0.95,3,0,206,1
EXP-02742,CANDELARIA,ALIMENTOS,Juzgado_1_Familia,2023,48,1.35,8,1,463,1
EXP-02743,EL CERRITO,SUSTANCIAS,Juzgado_1_Familia,2024,41,1.35,6,0,333,1
EXP-02744,YUMBO,ALIMENTOS,Juzgado_Penal_Municipal_1,2022,62,1.25,6,0,321,1
EXP-02745,BUENAVENTURA,VIF,Comisaria_2_Familia,2023,89,0.9,5,0,197,1
EXP-02746,BUENAVENTURA,SUSTANCIAS,Juzgado_3_Familia,2022,89,0.95,6,0,356,1
EXP-02747,ZARZAL,VIF,Juzgado_3_Familia,2024,33,0.95,1,0,100,0
EXP-02748,TULUA,ALIMENTOS,Comisaria_1_Familia,2022,71,1.1,5,0,291,1
EXP-02749,SEVILLA,HURTO_PATRIMONIAL,Juzgado_2_Familia,2024,35,1.2,8,1,411,1
EXP-02750,CARTAGO,HURTO_PATRIMONIAL,Juzgado_3_Familia,2022,58,0.95,4,0,168,1
EXP-02751,PALMIRA,ALIMENTOS,Juzgado_Penal_Municipal_1,2022,74,1.25,1,0,132,1
EXP-02752,BUENAVENTURA,VIF,Juzgado_2_Familia,2024,89,1.2,4,0,135,1
EXP-02753,YUMBO,ALIMENTOS,Comisaria_1_Familia,2024,62,1.1,6,0,337,1
EXP-02754,FLORIDA,VIF,Comisaria_1_Familia,2024,44,1.1,3,0,190,1
EXP-02755,EL CERRITO,HURTO_PATRIMONIAL,Juzgado_1_Familia,2022,41,1.35,9,0,450,1
EXP-02756,BUENAVENTURA,SUSTANCIAS,Juzgado_Penal_Municipal_2,2022,89,1.05,7,0,253,1
EXP-02757,FLORIDA,VIF,Juzgado_1_Familia,2022,44,1.35,7,0,340,1
EXP-02758,CANDELARIA,HURTO_PATRIMONIAL,Juzgado_1_Familia,2024,48,1.35,6,0,292,1
EXP-02759,PRADERA,ALIMENTOS,Comisaria_1_Familia,2022,38,1.1,8,0,317,1
EXP-02760,FLORIDA,ALIMENTOS,Juzgado_Penal_Municipal_2,2020,44,1.05,6,0,262,1
EXP-02761,PRADERA,HURTO_PATRIMONIAL,Comisaria_1_Familia,2024,38,1.1,7,0,298,0
EXP-02762,YUMBO,ALIMENTOS,Juzgado_2_Familia,2024,62,1.2,9,0,479,1
EXP-02763,ZARZAL,ALIMENTOS,Juzgado_Penal_Municipal_1,2023,33,1.25,8,1,541,1
EXP-02764,PRADERA,VIF,Juzgado_3_Familia,2023,38,0.95,3,0,206,0
EXP-02765,ZARZAL,ALIMENTOS,Juzgado_Penal_Municipal_2,2024,33,1.05,6,0,277,1
EXP-02766,BUENAVENTURA,HURTO_PATRIMONIAL,Comisaria_1_Familia,2022,89,1.1,7,0,309,1
EXP-02767,JAMUNDI,VIF,Comisaria_2_Familia,2023,67,0.9,2,0,120,0
EXP-02768,CANDELARIA,VIF,Juzgado_1_Familia,2023,48,1.35,5,0,281,1
EXP-02769,GUADALAJARA DE BUGA,ALIMENTOS,Comisaria_1_Familia,2023,53,1.1,9,0,430,1
EXP-02770,EL CERRITO,ALIMENTOS,Comisaria_2_Familia,2022,41,0.9,6,0,341,1
EXP-02771,PRADERA,VIF,Comisaria_2_Familia,2023,38,0.9,6,0,234,1
EXP-02772,TULUA,SUSTANCIAS,Juzgado_Penal_Municipal_1,2021,71,1.25,3,0,200,1
EXP-02773,CANDELARIA,ALIMENTOS,Juzgado_1_Familia,2022,48,1.35,9,1,498,1
EXP-02774,TULUA,ALIMENTOS,Juzgado_1_Familia,2020,71,1.35,6,1,459,1
EXP-02775,TULUA,HURTO_PATRIMONIAL,Juzgado_1_Familia,2022,71,1.35,5,1,393,0
EXP-02776,ZARZAL,HURTO_PATRIMONIAL,Juzgado_Penal_Municipal_1,2023,33,1.25,9,0,398,1
EXP-02777,SEVILLA,ALIMENTOS,Juzgado_2_Familia,2022,35,1.2,3,0,290,1
EXP-02778,TULUA,HURTO_PATRIMONIAL,Comisaria_2_Familia,2020,71,0.9,8,0,351,1
EXP-02779,EL CERRITO,ALIMENTOS,Comisaria_1_Familia,2024,41,1.1,4,0,213,0
EXP-02780,SEVILLA,ALIMENTOS,Juzgado_2_Familia,2024,35,1.2,8,0,424,1
EXP-02781,SEVILLA,VIF,Comisaria_1_Familia,2024,35,1.1,4,0,199,1
EXP-02782,BUENAVENTURA,ALIMENTOS,Juzgado_3_Familia,2024,89,0.95,2,0,136,0
EXP-02783,GUADALAJARA DE BUGA,HURTO_PATRIMONIAL,Juzgado_1_Familia,2023,53,1.35,8,0,356,1
EXP-02784,TULUA,ALIMENTOS,Juzgado_Penal_Municipal_2,2023,71,1.05,6,0,294,1
EXP-02785,CARTAGO,VIF,Juzgado_1_Familia,2023,58,1.35,3,0,163,1
EXP-02786,JAMUNDI,HURTO_PATRIMONIAL,Juzgado_Penal_Municipal_1,2024,67,1.25,4,1,259,1
EXP-02787,TULUA,VIF,Comisaria_1_Familia,2022,71,1.1,5,0,309,1
EXP-02788,PALMIRA,ALIMENTOS,Juzgado_Penal_Municipal_2,2022,74,1.05,8,1,526,1
EXP-02789,GUADALAJARA DE BUGA,VIF,Juzgado_3_Familia,2020,53,0.95,5,0,320,1
EXP-02790,GUADALAJARA DE BUGA,VIF,Comisaria_2_Familia,2022,53,0.9,2,0,182,1
EXP-02791,TULUA,VIF,Juzgado_Penal_Municipal_1,2024,71,1.25,3,0,241,0
EXP-02792,YUMBO,HURTO_PATRIMONIAL,Juzgado_2_Familia,2023,62,1.2,9,0,439,1
EXP-02793,EL CERRITO,VIF,Comisaria_1_Familia,2024,41,1.1,3,0,261,1
EXP-02794,BUENAVENTURA,ALIMENTOS,Juzgado_Penal_Municipal_1,2024,89,1.25,11,1,638,1
EXP-02795,CARTAGO,ALIMENTOS,Comisaria_2_Familia,2020,58,0.9,4,1,256,0
EXP-02796,JAMUNDI,VIF,Comisaria_1_Familia,2022,67,1.1,4,0,214,1
EXP-02797,CARTAGO,VIF,Comisaria_1_Familia,2022,58,1.1,1,0,76,0
EXP-02798,CALI,VIF,Comisaria_1_Familia,2021,82,1.1,4,0,185,1
EXP-02799,CANDELARIA,VIF,Comisaria_1_Familia,2023,48,1.1,5,0,252,1
EXP-02800,GUADALAJARA DE BUGA,ALIMENTOS,Juzgado_Penal_Municipal_1,2023,53,1.25,9,0,406,0
EXP-02801,JAMUNDI,VIF,Juzgado_Penal_Municipal_2,2021,67,1.05,6,0,187,0
EXP-02802,EL CERRITO,VIF,Juzgado_Penal_Municipal_2,2024,41,1.05,3,0,130,1
EXP-02803,CALI,ALIMENTOS,Juzgado_1_Familia,2024,82,1.35,5,0,336,0
EXP-02804,JAMUNDI,HURTO_PATRIMONIAL,Comisaria_1_Familia,2022,67,1.1,4,0,191,1
EXP-02805,CALI,ALIMENTOS,Comisaria_2_Familia,2023,82,0.9,5,1,468,1
EXP-02806,PALMIRA,VIF,Juzgado_3_Familia,2024,74,0.95,3,0,199,1
EXP-02807,JAMUNDI,ALIMENTOS,Juzgado_2_Familia,2023,67,1.2,6,0,285,1
EXP-02808,TULUA,VIF,Juzgado_Penal_Municipal_2,2023,71,1.05,6,0,291,1
EXP-02809,PRADERA,VIF,Juzgado_2_Familia,2024,38,1.2,6,0,256,1
EXP-02810,TULUA,ALIMENTOS,Juzgado_Penal_Municipal_2,2024,71,1.05,7,0,376,1
EXP-02811,BUENAVENTURA,ALIMENTOS,Comisaria_2_Familia,2021,89,0.9,6,0,291,1
EXP-02812,SEVILLA,ALIMENTOS,Juzgado_1_Familia,2021,35,1.35,5,1,351,0
EXP-02813,TULUA,ALIMENTOS,Juzgado_Penal_Municipal_2,2022,71,1.05,6,1,428,1
EXP-02814,ZARZAL,SUSTANCIAS,Comisaria_2_Familia,2023,33,0.9,6,0,259,1
EXP-02815,CARTAGO,VIF,Juzgado_Penal_Municipal_2,2023,58,1.05,3,0,218,1
EXP-02816,SEVILLA,ALIMENTOS,Juzgado_Penal_Municipal_2,2024,35,1.05,2,1,135,1
EXP-02817,JAMUNDI,SUSTANCIAS,Juzgado_Penal_Municipal_1,2021,67,1.25,7,0,332,1
EXP-02818,GUADALAJARA DE BUGA,VIF,Comisaria_1_Familia,2020,53,1.1,4,0,279,1
EXP-02819,BUENAVENTURA,VIF,Juzgado_1_Familia,2020,89,1.35,5,0,274,1
EXP-02820,GUADALAJARA DE BUGA,SUSTANCIAS,Juzgado_3_Familia,2023,53,0.95,1,0,34,1
EXP-02821,ZARZAL,ALIMENTOS,Comisaria_2_Familia,2023,33,0.9,3,1,169,0
EXP-02822,BUENAVENTURA,SUSTANCIAS,Juzgado_1_Familia,2021,89,1.35,5,0,257,1
EXP-02823,JAMUNDI,ALIMENTOS,Juzgado_2_Familia,2022,67,1.2,8,0,322,1
EXP-02824,CANDELARIA,HURTO_PATRIMONIAL,Juzgado_3_Familia,2022,48,0.95,6,0,265,1
EXP-02825,PALMIRA,VIF,Juzgado_Penal_Municipal_1,2022,74,1.25,6,0,301,1
EXP-02826,YUMBO,ALIMENTOS,Comisaria_1_Familia,2023,62,1.1,8,0,300,1
EXP-02827,BUENAVENTURA,VIF,Comisaria_2_Familia,2023,89,0.9,5,0,249,1
EXP-02828,JAMUNDI,HURTO_PATRIMONIAL,Juzgado_Penal_Municipal_2,2024,67,1.05,5,0,252,0
EXP-02829,JAMUNDI,ALIMENTOS,Juzgado_Penal_Municipal_2,2020,67,1.05,6,1,450,1
EXP-02830,ZARZAL,ALIMENTOS,Comisaria_1_Familia,2022,33,1.1,9,0,360,0
EXP-02831,YUMBO,VIF,Juzgado_3_Familia,2024,62,0.95,3,0,156,0
EXP-02832,JAMUNDI,HURTO_PATRIMONIAL,Comisaria_2_Familia,2024,67,0.9,6,0,232,1
EXP-02833,GUADALAJARA DE BUGA,HURTO_PATRIMONIAL,Juzgado_Penal_Municipal_2,2023,53,1.05,7,0,326,1
EXP-02834,CANDELARIA,HURTO_PATRIMONIAL,Juzgado_Penal_Municipal_2,2020,48,1.05,6,1,481,1
EXP-02835,CANDELARIA,SUSTANCIAS,Juzgado_Penal_Municipal_1,2024,48,1.25,3,0,202,0
EXP-02836,TULUA,VIF,Juzgado_1_Familia,2023,71,1.35,5,0,196,1
EXP-02837,CARTAGO,VIF,Juzgado_2_Familia,2022,58,1.2,2,0,187,0
EXP-02838,EL CERRITO,HURTO_PATRIMONIAL,Juzgado_Penal_Municipal_2,2022,41,1.05,6,1,365,0
EXP-02839,JAMUNDI,ALIMENTOS,Juzgado_2_Familia,2021,67,1.2,5,0,313,1
EXP-02840,EL CERRITO,VIF,Juzgado_Penal_Municipal_2,2023,41,1.05,5,0,191,0
EXP-02841,FLORIDA,VIF,Comisaria_1_Familia,2021,44,1.1,7,0,237,1
EXP-02842,EL CERRITO,HURTO_PATRIMONIAL,Juzgado_Penal_Municipal_1,2020,41,1.25,3,0,139,0
EXP-02843,EL CERRITO,VIF,Juzgado_Penal_Municipal_1,2023,41,1.25,2,0,151,1
EXP-02844,GUADALAJARA DE BUGA,ALIMENTOS,Comisaria_1_Familia,2024,53,1.1,8,1,568,1
EXP-02845,JAMUNDI,SUSTANCIAS,Juzgado_3_Familia,2022,67,0.95,8,0,341,1
EXP-02846,EL CERRITO,VIF,Comisaria_1_Familia,2021,41,1.1,9,0,348,1
EXP-02847,CARTAGO,HURTO_PATRIMONIAL,Juzgado_Penal_Municipal_2,2024,58,1.05,8,1,618,1
EXP-02848,JAMUNDI,VIF,Juzgado_3_Familia,2023,67,0.95,8,0,344,1
EXP-02849,YUMBO,VIF,Comisaria_1_Familia,2020,62,1.1,4,0,185,1
EXP-02850,SEVILLA,ALIMENTOS,Comisaria_1_Familia,2021,35,1.1,7,0,299,1
EXP-02851,JAMUNDI,ALIMENTOS,Comisaria_2_Familia,2024,67,0.9,6,0,205,1
EXP-02852,FLORIDA,ALIMENTOS,Juzgado_3_Familia,2022,44,0.95,6,1,385,1
EXP-02853,SEVILLA,SUSTANCIAS,Juzgado_Penal_Municipal_2,2022,35,1.05,6,0,286,1
EXP-02854,CARTAGO,HURTO_PATRIMONIAL,Juzgado_Penal_Municipal_2,2020,58,1.05,3,0,114,0
EXP-02855,PALMIRA,ALIMENTOS,Juzgado_Penal_Municipal_2,2022,74,1.05,5,0,229,0
EXP-02856,SEVILLA,HURTO_PATRIMONIAL,Juzgado_2_Familia,2022,35,1.2,4,0,220,1
EXP-02857,BUENAVENTURA,ALIMENTOS,Comisaria_1_Familia,2024,89,1.1,5,0,232,1
EXP-02858,ZARZAL,ALIMENTOS,Juzgado_1_Familia,2023,33,1.35,5,1,372,1
EXP-02859,FLORIDA,HURTO_PATRIMONIAL,Juzgado_2_Familia,2023,44,1.2,10,0,491,1
EXP-02860,GUADALAJARA DE BUGA,HURTO_PATRIMONIAL,Juzgado_2_Familia,2024,53,1.2,6,0,332,1
EXP-02861,JAMUNDI,VIF,Juzgado_1_Familia,2021,67,1.35,5,0,264,1
EXP-02862,SEVILLA,HURTO_PATRIMONIAL,Comisaria_1_Familia,2021,35,1.1,8,0,389,1
EXP-02863,GUADALAJARA DE BUGA,ALIMENTOS,Comisaria_2_Familia,2024,53,0.9,6,0,261,1
EXP-02864,YUMBO,ALIMENTOS,Comisaria_2_Familia,2023,62,0.9,5,0,264,1
EXP-02865,EL CERRITO,HURTO_PATRIMONIAL,Juzgado_3_Familia,2024,41,0.95,9,1,585,1
EXP-02866,CARTAGO,VIF,Juzgado_3_Familia,2020,58,0.95,1,0,120,1
EXP-02867,CARTAGO,ALIMENTOS,Juzgado_3_Familia,2022,58,0.95,2,0,184,1
EXP-02868,BUENAVENTURA,ALIMENTOS,Juzgado_1_Familia,2024,89,1.35,4,1,257,0
EXP-02869,TULUA,ALIMENTOS,Juzgado_Penal_Municipal_1,2024,71,1.25,11,0,482,1
EXP-02870,CARTAGO,VIF,Juzgado_Penal_Municipal_1,2021,58,1.25,2,0,182,1
EXP-02871,TULUA,VIF,Juzgado_Penal_Municipal_2,2022,71,1.05,5,0,244,1
EXP-02872,FLORIDA,VIF,Juzgado_Penal_Municipal_1,2020,44,1.25,3,0,155,1
EXP-02873,CANDELARIA,HURTO_PATRIMONIAL,Juzgado_Penal_Municipal_1,2023,48,1.25,5,1,277,1
EXP-02874,GUADALAJARA DE BUGA,ALIMENTOS,Juzgado_2_Familia,2023,53,1.2,7,0,378,1
EXP-02875,PRADERA,VIF,Juzgado_Penal_Municipal_2,2024,38,1.05,3,0,173,1
EXP-02876,PALMIRA,ALIMENTOS,Juzgado_2_Familia,2022,74,1.2,4,0,302,1
EXP-02877,YUMBO,ALIMENTOS,Juzgado_2_Familia,2022,62,1.2,4,0,192,0
EXP-02878,JAMUNDI,VIF,Juzgado_1_Familia,2024,67,1.35,7,0,340,1
EXP-02879,YUMBO,ALIMENTOS,Juzgado_Penal_Municipal_1,2024,62,1.25,6,0,261,1
EXP-02880,CARTAGO,ALIMENTOS,Juzgado_2_Familia,2022,58,1.2,6,0,288,0
EXP-02881,GUADALAJARA DE BUGA,HURTO_PATRIMONIAL,Juzgado_Penal_Municipal_1,2024,53,1.25,9,1,590,1
EXP-02882,GUADALAJARA DE BUGA,SUSTANCIAS,Juzgado_Penal_Municipal_1,2022,53,1.25,5,0,316,1
EXP-02883,CALI,ALIMENTOS,Juzgado_1_Familia,2022,82,1.35,7,0,347,1
EXP-02884,SEVILLA,VIF,Juzgado_3_Familia,2021,35,0.95,3,0,172,0
EXP-02885,TULUA,HURTO_PATRIMONIAL,Juzgado_Penal_Municipal_1,2024,71,1.25,11,1,686,1
EXP-02886,TULUA,ALIMENTOS,Comisaria_1_Familia,2024,71,1.1,6,1,482,1
EXP-02887,YUMBO,ALIMENTOS,Juzgado_2_Familia,2022,62,1.2,4,0,185,1
EXP-02888,CANDELARIA,ALIMENTOS,Juzgado_1_Familia,2021,48,1.35,7,0,266,1
EXP-02889,CARTAGO,HURTO_PATRIMONIAL,Juzgado_Penal_Municipal_2,2022,58,1.05,8,0,329,1
EXP-02890,CARTAGO,ALIMENTOS,Juzgado_3_Familia,2021,58,0.95,5,1,263,1
EXP-02891,CANDELARIA,SUSTANCIAS,Juzgado_2_Familia,2022,48,1.2,5,0,275,1
EXP-02892,CALI,ALIMENTOS,Comisaria_2_Familia,2023,82,0.9,7,0,320,1
EXP-02893,CANDELARIA,HURTO_PATRIMONIAL,Juzgado_Penal_Municipal_1,2023,48,1.25,11,1,646,1
EXP-02894,TULUA,VIF,Comisaria_2_Familia,2024,71,0.9,3,0,164,1
EXP-02895,CALI,ALIMENTOS,Juzgado_2_Familia,2023,82,1.2,8,1,530,1
EXP-02896,EL CERRITO,HURTO_PATRIMONIAL,Juzgado_Penal_Municipal_2,2020,41,1.05,6,0,287,0
EXP-02897,CANDELARIA,ALIMENTOS,Juzgado_3_Familia,2023,48,0.95,3,0,132,1
EXP-02898,FLORIDA,VIF,Comisaria_1_Familia,2021,44,1.1,4,0,143,0
EXP-02899,CALI,VIF,Juzgado_2_Familia,2023,82,1.2,8,0,337,1
EXP-02900,CARTAGO,ALIMENTOS,Juzgado_1_Familia,2022,58,1.35,5,0,217,1
EXP-02901,TULUA,SUSTANCIAS,Comisaria_2_Familia,2024,71,0.9,7,0,348,1
EXP-02902,CARTAGO,ALIMENTOS,Juzgado_3_Familia,2021,58,0.95,4,0,235,1
EXP-02903,ZARZAL,ALIMENTOS,Juzgado_Penal_Municipal_2,2021,33,1.05,7,0,324,1
EXP-02904,SEVILLA,VIF,Juzgado_1_Familia,2020,35,1.35,6,0,240,1
EXP-02905,BUENAVENTURA,VIF,Juzgado_Penal_Municipal_1,2021,89,1.25,5,0,239,1
EXP-02906,CALI,VIF,Comisaria_1_Familia,2024,82,1.1,4,0,195,0
EXP-02907,PRADERA,HURTO_PATRIMONIAL,Comisaria_1_Familia,2022,38,1.1,7,0,338,0
EXP-02908,PRADERA,ALIMENTOS,Comisaria_1_Familia,2020,38,1.1,2,1,189,0
EXP-02909,TULUA,ALIMENTOS,Juzgado_1_Familia,2021,71,1.35,8,1,533,1
EXP-02910,FLORIDA,VIF,Comisaria_2_Familia,2024,44,0.9,1,0,70,0
EXP-02911,PALMIRA,VIF,Juzgado_Penal_Municipal_1,2021,74,1.25,6,0,274,1
EXP-02912,CANDELARIA,ALIMENTOS,Juzgado_Penal_Municipal_1,2022,48,1.25,6,0,360,1
EXP-02913,YUMBO,VIF,Comisaria_1_Familia,2023,62,1.1,6,0,303,1
EXP-02914,CANDELARIA,ALIMENTOS,Juzgado_1_Familia,2024,48,1.35,8,0,387,1
EXP-02915,EL CERRITO,ALIMENTOS,Juzgado_1_Familia,2024,41,1.35,9,0,368,1
EXP-02916,PRADERA,VIF,Juzgado_Penal_Municipal_2,2021,38,1.05,3,0,183,1
EXP-02917,SEVILLA,HURTO_PATRIMONIAL,Juzgado_Penal_Municipal_1,2023,35,1.25,3,0,170,1
EXP-02918,CARTAGO,SUSTANCIAS,Juzgado_Penal_Municipal_2,2024,58,1.05,5,0,216,1
EXP-02919,GUADALAJARA DE BUGA,SUSTANCIAS,Comisaria_1_Familia,2022,53,1.1,2,0,156,0
EXP-02920,TULUA,HURTO_PATRIMONIAL,Comisaria_1_Familia,2024,71,1.1,6,1,496,1
EXP-02921,BUENAVENTURA,VIF,Juzgado_Penal_Municipal_1,2022,89,1.25,7,0,317,1
EXP-02922,PALMIRA,VIF,Juzgado_Penal_Municipal_2,2024,74,1.05,8,0,384,1
EXP-02923,JAMUNDI,VIF,Comisaria_2_Familia,2024,67,0.9,2,0,189,1
EXP-02924,PALMIRA,SUSTANCIAS,Comisaria_1_Familia,2023,74,1.1,8,0,317,1
EXP-02925,TULUA,ALIMENTOS,Juzgado_Penal_Municipal_1,2022,71,1.25,7,1,620,1
EXP-02926,TULUA,VIF,Juzgado_2_Familia,2021,71,1.2,8,0,368,1
EXP-02927,BUENAVENTURA,ALIMENTOS,Juzgado_1_Familia,2024,89,1.35,9,0,434,1
EXP-02928,JAMUNDI,VIF,Comisaria_1_Familia,2024,67,1.1,2,0,241,1
EXP-02929,ZARZAL,VIF,Comisaria_2_Familia,2022,33,0.9,3,0,179,1
EXP-02930,BUENAVENTURA,HURTO_PATRIMONIAL,Juzgado_1_Familia,2020,89,1.35,10,1,701,1
EXP-02931,EL CERRITO,ALIMENTOS,Comisaria_1_Familia,2023,41,1.1,10,1,638,1
EXP-02932,EL CERRITO,HURTO_PATRIMONIAL,Juzgado_Penal_Municipal_1,2024,41,1.25,8,1,473,0
EXP-02933,CALI,ALIMENTOS,Comisaria_2_Familia,2022,82,0.9,7,0,361,1
EXP-02934,BUENAVENTURA,HURTO_PATRIMONIAL,Juzgado_3_Familia,2021,89,0.95,2,0,172,0
EXP-02935,ZARZAL,HURTO_PATRIMONIAL,Comisaria_1_Familia,2020,33,1.1,8,0,360,1
EXP-02936,PALMIRA,VIF,Juzgado_1_Familia,2022,74,1.35,8,0,413,1
EXP-02937,YUMBO,VIF,Juzgado_Penal_Municipal_2,2023,62,1.05,4,0,187,1
EXP-02938,TULUA,HURTO_PATRIMONIAL,Juzgado_Penal_Municipal_1,2021,71,1.25,11,1,649,1
EXP-02939,SEVILLA,ALIMENTOS,Comisaria_1_Familia,2020,35,1.1,3,0,153,0
EXP-02940,CALI,SUSTANCIAS,Comisaria_1_Familia,2021,82,1.1,6,0,202,0
EXP-02941,PRADERA,VIF,Juzgado_1_Familia,2024,38,1.35,6,0,292,1
EXP-02942,TULUA,VIF,Juzgado_1_Familia,2021,71,1.35,9,0,399,1
EXP-02943,JAMUNDI,ALIMENTOS,Juzgado_3_Familia,2020,67,0.95,8,0,355,1
EXP-02944,YUMBO,HURTO_PATRIMONIAL,Juzgado_Penal_Municipal_2,2024,62,1.05,5,1,326,1
EXP-02945,EL CERRITO,VIF,Comisaria_2_Familia,2021,41,0.9,3,0,111,0
EXP-02946,GUADALAJARA DE BUGA,ALIMENTOS,Comisaria_2_Familia,2023,53,0.9,6,1,411,1
EXP-02947,CANDELARIA,ALIMENTOS,Comisaria_1_Familia,2021,48,1.1,8,0,387,1
EXP-02948,SEVILLA,VIF,Juzgado_Penal_Municipal_2,2023,35,1.05,6,0,328,1
EXP-02949,TULUA,VIF,Juzgado_Penal_Municipal_1,2021,71,1.25,5,0,192,0
EXP-02950,EL CERRITO,HURTO_PATRIMONIAL,Juzgado_2_Familia,2024,41,1.2,3,1,236,1
EXP-02951,PALMIRA,SUSTANCIAS,Juzgado_Penal_Municipal_2,2024,74,1.05,3,0,204,0
EXP-02952,PRADERA,VIF,Juzgado_Penal_Municipal_1,2024,38,1.25,5,0,208,1
EXP-02953,TULUA,ALIMENTOS,Juzgado_Penal_Municipal_1,2023,71,1.25,11,1,684,1
EXP-02954,YUMBO,VIF,Juzgado_Penal_Municipal_1,2023,62,1.25,8,0,350,1
EXP-02955,FLORIDA,VIF,Comisaria_1_Familia,2021,44,1.1,7,0,300,1
EXP-02956,PRADERA,VIF,Juzgado_1_Familia,2024,38,1.35,5,0,196,1
EXP-02957,FLORIDA,ALIMENTOS,Juzgado_2_Familia,2023,44,1.2,6,1,422,1
EXP-02958,PRADERA,HURTO_PATRIMONIAL,Juzgado_Penal_Municipal_1,2022,38,1.25,13,1,782,1
EXP-02959,CALI,VIF,Comisaria_2_Familia,2022,82,0.9,7,0,288,1
EXP-02960,GUADALAJARA DE BUGA,ALIMENTOS,Juzgado_3_Familia,2024,53,0.95,5,0,306,1
EXP-02961,PALMIRA,HURTO_PATRIMONIAL,Comisaria_2_Familia,2020,74,0.9,8,0,352,1
EXP-02962,PALMIRA,SUSTANCIAS,Comisaria_1_Familia,2023,74,1.1,1,0,65,0
EXP-02963,CARTAGO,VIF,Juzgado_2_Familia,2024,58,1.2,6,0,300,1
EXP-02964,CARTAGO,VIF,Juzgado_2_Familia,2023,58,1.2,6,0,208,1
EXP-02965,PALMIRA,VIF,Juzgado_1_Familia,2021,74,1.35,7,0,281,1
EXP-02966,EL CERRITO,SUSTANCIAS,Juzgado_Penal_Municipal_1,2024,41,1.25,4,0,178,0
EXP-02967,PALMIRA,HURTO_PATRIMONIAL,Juzgado_2_Familia,2021,74,1.2,10,1,635,1
EXP-02968,CALI,ALIMENTOS,Comisaria_1_Familia,2024,82,1.1,4,1,355,1
EXP-02969,SEVILLA,ALIMENTOS,Comisaria_1_Familia,2023,35,1.1,1,1,60,0
EXP-02970,JAMUNDI,HURTO_PATRIMONIAL,Comisaria_2_Familia,2020,67,0.9,8,0,356,1
EXP-02971,BUENAVENTURA,ALIMENTOS,Juzgado_2_Familia,2020,89,1.2,5,0,272,1
EXP-02972,FLORIDA,HURTO_PATRIMONIAL,Comisaria_1_Familia,2022,44,1.1,5,0,301,1
EXP-02973,SEVILLA,SUSTANCIAS,Juzgado_1_Familia,2023,35,1.35,3,0,248,1
EXP-02974,SEVILLA,HURTO_PATRIMONIAL,Juzgado_2_Familia,2022,35,1.2,4,0,233,0
EXP-02975,CANDELARIA,VIF,Comisaria_2_Familia,2021,48,0.9,4,0,229,1
EXP-02976,BUENAVENTURA,SUSTANCIAS,Juzgado_2_Familia,2024,89,1.2,7,0,322,1
EXP-02977,BUENAVENTURA,HURTO_PATRIMONIAL,Juzgado_Penal_Municipal_1,2024,89,1.25,6,1,359,0
EXP-02978,TULUA,VIF,Comisaria_2_Familia,2024,71,0.9,3,0,207,1
EXP-02979,PALMIRA,ALIMENTOS,Juzgado_3_Familia,2021,74,0.95,5,0,313,1
EXP-02980,SEVILLA,VIF,Juzgado_3_Familia,2024,35,0.95,4,0,194,1
EXP-02981,YUMBO,VIF,Juzgado_2_Familia,2023,62,1.2,8,0,359,1
EXP-02982,CALI,VIF,Juzgado_3_Familia,2022,82,0.95,2,0,86,0
EXP-02983,FLORIDA,SUSTANCIAS,Comisaria_2_Familia,2023,44,0.9,5,0,221,1
EXP-02984,YUMBO,VIF,Juzgado_1_Familia,2021,62,1.35,9,0,409,1
EXP-02985,JAMUNDI,SUSTANCIAS,Juzgado_1_Familia,2021,67,1.35,7,0,305,1
EXP-02986,EL CERRITO,HURTO_PATRIMONIAL,Juzgado_1_Familia,2022,41,1.35,3,1,341,1
EXP-02987,PRADERA,ALIMENTOS,Comisaria_2_Familia,2022,38,0.9,1,0,114,1
EXP-02988,PRADERA,VIF,Juzgado_Penal_Municipal_1,2024,38,1.25,5,0,238,1
EXP-02989,FLORIDA,VIF,Juzgado_Penal_Municipal_1,2022,44,1.25,6,0,292,1
EXP-02990,JAMUNDI,ALIMENTOS,Comisaria_2_Familia,2021,67,0.9,7,0,303,1
EXP-02991,GUADALAJARA DE BUGA,HURTO_PATRIMONIAL,Juzgado_2_Familia,2023,53,1.2,5,0,280,1
EXP-02992,YUMBO,HURTO_PATRIMONIAL,Juzgado_Penal_Municipal_1,2024,62,1.25,4,1,337,1
EXP-02993,GUADALAJARA DE BUGA,ALIMENTOS,Juzgado_Penal_Municipal_1,2024,53,1.25,6,1,435,1
EXP-02994,CALI,ALIMENTOS,Juzgado_2_Familia,2023,82,1.2,9,1,526,1
EXP-02995,SEVILLA,VIF,Juzgado_Penal_Municipal_2,2023,35,1.05,3,0,103,1
EXP-02996,JAMUNDI,VIF,Juzgado_1_Familia,2023,67,1.35,2,0,160,0
EXP-02997,CALI,HURTO_PATRIMONIAL,Juzgado_Penal_Municipal_2,2024,82,1.05,11,1,707,1
EXP-02998,CALI,VIF,Juzgado_2_Familia,2024,82,1.2,10,0,435,1
EXP-02999,ZARZAL,HURTO_PATRIMONIAL,Juzgado_1_Familia,2022,33,1.35,9,1,758,1
EXP-03000,FLORIDA,HURTO_PATRIMONIAL,Comisaria_2_Familia,2024,44,0.9,8,0,348,1
EXP-03001,TULUA,ALIMENTOS,Juzgado_3_Familia,2023,71,0.95,6,0,323,1
EXP-03002,JAMUNDI,SUSTANCIAS,Juzgado_Penal_Municipal_1,2024,67,1.25,9,0,443,1
EXP-03003,EL CERRITO,ALIMENTOS,Juzgado_3_Familia,2020,41,0.95,5,0,244,1
EXP-03004,CANDELARIA,SUSTANCIAS,Juzgado_1_Familia,2024,48,1.35,7,0,370,1
EXP-03005,SEVILLA,ALIMENTOS,Juzgado_2_Familia,2023,35,1.2,10,0,405,1
EXP-03006,TULUA,HURTO_PATRIMONIAL,Juzgado_3_Familia,2024,71,0.95,6,1,389,1
EXP-03007,YUMBO,ALIMENTOS,Comisaria_1_Familia,2022,62,1.1,6,0,278,1
EXP-03008,JAMUNDI,VIF,Juzgado_3_Familia,2022,67,0.95,4,0,233,1
EXP-03009,FLORIDA,HURTO_PATRIMONIAL,Juzgado_1_Familia,2022,44,1.35,7,0,332,1
EXP-03010,BUENAVENTURA,ALIMENTOS,Juzgado_1_Familia,2023,89,1.35,5,0,278,0
EXP-03011,SEVILLA,VIF,Juzgado_1_Familia,2022,35,1.35,1,0,111,0
EXP-03012,SEVILLA,ALIMENTOS,Juzgado_Penal_Municipal_1,2024,35,1.25,7,0,309,1
EXP-03013,PRADERA,ALIMENTOS,Juzgado_Penal_Municipal_2,2024,38,1.05,4,0,278,1
EXP-03014,CALI,HURTO_PATRIMONIAL,Juzgado_2_Familia,2021,82,1.2,7,1,484,1
EXP-03015,EL CERRITO,ALIMENTOS,Comisaria_2_Familia,2021,41,0.9,5,1,418,1
EXP-03016,GUADALAJARA DE BUGA,HURTO_PATRIMONIAL,Juzgado_2_Familia,2024,53,1.2,8,0,397,0
EXP-03017,TULUA,ALIMENTOS,Juzgado_3_Familia,2021,71,0.95,6,1,399,1
EXP-03018,SEVILLA,VIF,Juzgado_Penal_Municipal_1,2024,35,1.25,7,0,230,1
EXP-03019,FLORIDA,ALIMENTOS,Juzgado_Penal_Municipal_2,2022,44,1.05,9,1,482,1
EXP-03020,CALI,HURTO_PATRIMONIAL,Juzgado_2_Familia,2024,82,1.2,6,0,231,1
EXP-03021,YUMBO,ALIMENTOS,Comisaria_2_Familia,2023,62,0.9,6,1,450,1
EXP-03022,YUMBO,HURTO_PATRIMONIAL,Juzgado_Penal_Municipal_1,2022,62,1.25,3,0,154,0
EXP-03023,CALI,HURTO_PATRIMONIAL,Juzgado_Penal_Municipal_2,2023,82,1.05,8,0,377,1
EXP-03024,SEVILLA,ALIMENTOS,Juzgado_3_Familia,2024,35,0.95,8,0,365,1
EXP-03025,YUMBO,HURTO_PATRIMONIAL,Juzgado_Penal_Municipal_2,2021,62,1.05,6,0,224,1
EXP-03026,BUENAVENTURA,SUSTANCIAS,Juzgado_2_Familia,2024,89,1.2,9,0,383,1
EXP-03027,YUMBO,HURTO_PATRIMONIAL,Comisaria_2_Familia,2024,62,0.9,7,1,348,1
EXP-03028,SEVILLA,VIF,Juzgado_Penal_Municipal_1,2022,35,1.25,3,0,177,1
EXP-03029,SEVILLA,HURTO_PATRIMONIAL,Comisaria_2_Familia,2023,35,0.9,9,0,398,1
EXP-03030,CANDELARIA,ALIMENTOS,Juzgado_2_Familia,2024,48,1.2,8,0,319,1
EXP-03031,CANDELARIA,ALIMENTOS,Comisaria_1_Familia,2024,48,1.1,4,0,215,1
EXP-03032,PALMIRA,ALIMENTOS,Juzgado_1_Familia,2021,74,1.35,7,1,533,1
EXP-03033,ZARZAL,VIF,Juzgado_2_Familia,2023,33,1.2,5,0,177,1
EXP-03034,SEVILLA,VIF,Juzgado_Penal_Municipal_1,2024,35,1.25,3,0,236,1
EXP-03035,CALI,HURTO_PATRIMONIAL,Comisaria_2_Familia,2024,82,0.9,11,0,537,1
EXP-03036,BUENAVENTURA,HURTO_PATRIMONIAL,Juzgado_Penal_Municipal_1,2024,89,1.25,17,0,711,1
EXP-03037,YUMBO,HURTO_PATRIMONIAL,Comisaria_2_Familia,2024,62,0.9,4,0,196,0
EXP-03038,EL CERRITO,HURTO_PATRIMONIAL,Juzgado_3_Familia,2024,41,0.95,12,0,521,1
EXP-03039,BUENAVENTURA,SUSTANCIAS,Juzgado_Penal_Municipal_2,2023,89,1.05,11,0,479,1
EXP-03040,TULUA,ALIMENTOS,Comisaria_2_Familia,2023,71,0.9,4,0,158,1
EXP-03041,ZARZAL,VIF,Comisaria_1_Familia,2024,33,1.1,2,0,118,1
EXP-03042,CANDELARIA,VIF,Juzgado_3_Familia,2024,48,0.95,2,0,160,1
EXP-03043,CALI,ALIMENTOS,Comisaria_2_Familia,2020,82,0.9,2,0,178,1
EXP-03044,CANDELARIA,ALIMENTOS,Juzgado_2_Familia,2023,48,1.2,9,0,388,1
EXP-03045,CALI,HURTO_PATRIMONIAL,Juzgado_Penal_Municipal_1,2022,82,1.25,13,0,565,1
EXP-03046,YUMBO,ALIMENTOS,Juzgado_Penal_Municipal_1,2020,62,1.25,5,0,217,1
EXP-03047,CANDELARIA,HURTO_PATRIMONIAL,Juzgado_3_Familia,2023,48,0.95,8,1,540,0
EXP-03048,GUADALAJARA DE BUGA,ALIMENTOS,Comisaria_2_Familia,2021,53,0.9,4,0,143,1
EXP-03049,CALI,HURTO_PATRIMONIAL,Juzgado_Penal_Municipal_1,2021,82,1.25,6,0,201,0
EXP-03050,CANDELARIA,ALIMENTOS,Juzgado_3_Familia,2020,48,0.95,1,1,163,0
EXP-03051,PALMIRA,HURTO_PATRIMONIAL,Juzgado_2_Familia,2023,74,1.2,10,1,630,1
EXP-03052,JAMUNDI,ALIMENTOS,Juzgado_2_Familia,2024,67,1.2,6,1,326,0
EXP-03053,JAMUNDI,ALIMENTOS,Juzgado_3_Familia,2022,67,0.95,3,1,138,1
EXP-03054,CANDELARIA,VIF,Juzgado_Penal_Municipal_2,2022,48,1.05,6,0,284,1
EXP-03055,YUMBO,HURTO_PATRIMONIAL,Juzgado_1_Familia,2024,62,1.35,8,1,621,1
EXP-03056,FLORIDA,SUSTANCIAS,Juzgado_Penal_Municipal_2,2022,44,1.05,3,0,208,1
EXP-03057,JAMUNDI,SUSTANCIAS,Juzgado_Penal_Municipal_2,2022,67,1.05,2,0,90,1
EXP-03058,CARTAGO,HURTO_PATRIMONIAL,Juzgado_Penal_Municipal_2,2024,58,1.05,6,0,283,1
EXP-03059,FLORIDA,ALIMENTOS,Juzgado_Penal_Municipal_1,2023,44,1.25,7,0,269,1
EXP-03060,ZARZAL,VIF,Juzgado_Penal_Municipal_2,2024,33,1.05,8,0,344,1
EXP-03061,GUADALAJARA DE BUGA,ALIMENTOS,Juzgado_2_Familia,2024,53,1.2,1,0,102,0
EXP-03062,PRADERA,VIF,Comisaria_2_Familia,2024,38,0.9,7,0,348,1
EXP-03063,PRADERA,ALIMENTOS,Juzgado_Penal_Municipal_2,2024,38,1.05,3,0,176,0
EXP-03064,TULUA,HURTO_PATRIMONIAL,Juzgado_Penal_Municipal_1,2024,71,1.25,10,0,512,1
EXP-03065,TULUA,SUSTANCIAS,Juzgado_3_Familia,2024,71,0.95,3,0,191,1
EXP-03066,TULUA,VIF,Juzgado_2_Familia,2022,71,1.2,6,0,293,1
EXP-03067,CALI,ALIMENTOS,Juzgado_2_Familia,2024,82,1.2,3,1,274,1
EXP-03068,CALI,VIF,Comisaria_1_Familia,2020,82,1.1,5,0,252,1
EXP-03069,PRADERA,VIF,Juzgado_3_Familia,2023,38,0.95,3,0,148,1
EXP-03070,TULUA,ALIMENTOS,Juzgado_Penal_Municipal_2,2024,71,1.05,8,0,387,1
EXP-03071,SEVILLA,VIF,Juzgado_3_Familia,2023,35,0.95,1,0,164,1
EXP-03072,CALI,VIF,Juzgado_1_Familia,2023,82,1.35,5,0,250,1
EXP-03073,SEVILLA,ALIMENTOS,Comisaria_2_Familia,2024,35,0.9,4,1,253,1
EXP-03074,BUENAVENTURA,ALIMENTOS,Juzgado_3_Familia,2024,89,0.95,7,0,359,1
EXP-03075,YUMBO,ALIMENTOS,Comisaria_1_Familia,2020,62,1.1,6,1,510,1
EXP-03076,JAMUNDI,VIF,Juzgado_Penal_Municipal_2,2021,67,1.05,5,0,170,1
EXP-03077,EL CERRITO,ALIMENTOS,Comisaria_1_Familia,2021,41,1.1,9,1,589,1
EXP-03078,EL CERRITO,VIF,Juzgado_Penal_Municipal_1,2023,41,1.25,8,0,336,1
EXP-03079,SEVILLA,ALIMENTOS,Juzgado_1_Familia,2023,35,1.35,11,1,623,1
EXP-03080,CALI,SUSTANCIAS,Juzgado_Penal_Municipal_1,2023,82,1.25,6,0,326,1
EXP-03081,CANDELARIA,HURTO_PATRIMONIAL,Comisaria_2_Familia,2023,48,0.9,8,1,554,1
EXP-03082,CANDELARIA,ALIMENTOS,Juzgado_2_Familia,2023,48,1.2,6,1,489,1
EXP-03083,PRADERA,HURTO_PATRIMONIAL,Juzgado_Penal_Municipal_1,2022,38,1.25,5,0,232,0
EXP-03084,TULUA,VIF,Juzgado_Penal_Municipal_1,2023,71,1.25,6,0,299,1
EXP-03085,YUMBO,ALIMENTOS,Juzgado_2_Familia,2024,62,1.2,4,0,241,1
EXP-03086,JAMUNDI,HURTO_PATRIMONIAL,Comisaria_2_Familia,2023,67,0.9,5,1,341,1
EXP-03087,BUENAVENTURA,VIF,Juzgado_3_Familia,2021,89,0.95,4,0,206,1
EXP-03088,CANDELARIA,SUSTANCIAS,Comisaria_1_Familia,2022,48,1.1,3,0,185,1
EXP-03089,ZARZAL,ALIMENTOS,Juzgado_2_Familia,2021,33,1.2,6,0,276,1
EXP-03090,EL CERRITO,ALIMENTOS,Comisaria_2_Familia,2024,41,0.9,4,1,281,1
EXP-03091,BUENAVENTURA,HURTO_PATRIMONIAL,Comisaria_2_Familia,2024,89,0.9,5,0,278,0
EXP-03092,PRADERA,HURTO_PATRIMONIAL,Comisaria_1_Familia,2022,38,1.1,7,0,304,1
EXP-03093,FLORIDA,HURTO_PATRIMONIAL,Juzgado_Penal_Municipal_1,2021,44,1.25,5,0,255,0
EXP-03094,CALI,HURTO_PATRIMONIAL,Juzgado_2_Familia,2024,82,1.2,8,1,485,1
EXP-03095,FLORIDA,HURTO_PATRIMONIAL,Juzgado_1_Familia,2021,44,1.35,7,1,368,1
EXP-03096,YUMBO,ALIMENTOS,Comisaria_2_Familia,2023,62,0.9,5,0,292,1
EXP-03097,PALMIRA,ALIMENTOS,Juzgado_Penal_Municipal_2,2023,74,1.05,3,0,168,0
EXP-03098,PALMIRA,ALIMENTOS,Juzgado_3_Familia,2022,74,0.95,3,1,292,1
EXP-03099,JAMUNDI,ALIMENTOS,Comisaria_1_Familia,2024,67,1.1,5,0,213,0
EXP-03100,TULUA,VIF,Juzgado_Penal_Municipal_2,2024,71,1.05,1,0,134,0
EXP-03101,SEVILLA,VIF,Comisaria_2_Familia,2024,35,0.9,2,0,137,1
EXP-03102,CANDELARIA,SUSTANCIAS,Juzgado_Penal_Municipal_2,2024,48,1.05,8,0,419,1
EXP-03103,CARTAGO,ALIMENTOS,Comisaria_2_Familia,2020,58,0.9,6,0,301,0
EXP-03104,PALMIRA,VIF,Juzgado_Penal_Municipal_1,2021,74,1.25,5,0,303,1
EXP-03105,CALI,VIF,Juzgado_Penal_Municipal_1,2024,82,1.25,10,0,400,1
EXP-03106,JAMUNDI,ALIMENTOS,Juzgado_3_Familia,2023,67,0.95,4,1,357,1
EXP-03107,CANDELARIA,HURTO_PATRIMONIAL,Comisaria_2_Familia,2020,48,0.9,8,0,372,1
EXP-03108,JAMUNDI,VIF,Juzgado_3_Familia,2023,67,0.95,7,0,359,1
EXP-03109,GUADALAJARA DE BUGA,ALIMENTOS,Juzgado_Penal_Municipal_1,2023,53,1.25,8,0,380,1
EXP-03110,CARTAGO,ALIMENTOS,Juzgado_3_Familia,2023,58,0.95,9,1,550,1
EXP-03111,TULUA,HURTO_PATRIMONIAL,Juzgado_3_Familia,2023,71,0.95,1,0,125,0
EXP-03112,PALMIRA,ALIMENTOS,Comisaria_1_Familia,2024,74,1.1,2,1,256,0
EXP-03113,PRADERA,SUSTANCIAS,Juzgado_Penal_Municipal_2,2022,38,1.05,7,0,305,1
EXP-03114,BUENAVENTURA,ALIMENTOS,Juzgado_2_Familia,2020,89,1.2,5,0,245,1
EXP-03115,CALI,VIF,Juzgado_Penal_Municipal_1,2022,82,1.25,7,0,353,1
EXP-03116,FLORIDA,HURTO_PATRIMONIAL,Comisaria_1_Familia,2020,44,1.1,8,0,312,1
EXP-03117,YUMBO,HURTO_PATRIMONIAL,Juzgado_3_Familia,2024,62,0.95,4,1,428,0
EXP-03118,CARTAGO,HURTO_PATRIMONIAL,Juzgado_2_Familia,2022,58,1.2,5,1,414,1
EXP-03119,FLORIDA,ALIMENTOS,Juzgado_2_Familia,2023,44,1.2,5,0,181,1
EXP-03120,FLORIDA,VIF,Juzgado_Penal_Municipal_2,2024,44,1.05,7,0,341,1
EXP-03121,CANDELARIA,SUSTANCIAS,Juzgado_1_Familia,2022,48,1.35,4,0,246,1
EXP-03122,CARTAGO,ALIMENTOS,Juzgado_3_Familia,2023,58,0.95,7,1,470,1
EXP-03123,CARTAGO,ALIMENTOS,Juzgado_2_Familia,2024,58,1.2,6,0,278,1
EXP-03124,CANDELARIA,VIF,Comisaria_1_Familia,2021,48,1.1,2,0,192,0
EXP-03125,FLORIDA,ALIMENTOS,Comisaria_1_Familia,2021,44,1.1,10,0,387,1
EXP-03126,PRADERA,ALIMENTOS,Juzgado_2_Familia,2024,38,1.2,4,1,184,0
EXP-03127,JAMUNDI,SUSTANCIAS,Comisaria_1_Familia,2024,67,1.1,5,0,311,1
EXP-03128,FLORIDA,HURTO_PATRIMONIAL,Juzgado_3_Familia,2024,44,0.95,2,0,136,0
EXP-03129,FLORIDA,ALIMENTOS,Juzgado_3_Familia,2024,44,0.95,5,0,310,1
EXP-03130,PALMIRA,VIF,Juzgado_2_Familia,2024,74,1.2,5,0,301,1
EXP-03131,TULUA,ALIMENTOS,Juzgado_1_Familia,2021,71,1.35,5,1,343,1
EXP-03132,GUADALAJARA DE BUGA,ALIMENTOS,Juzgado_3_Familia,2023,53,0.95,4,0,257,1
EXP-03133,GUADALAJARA DE BUGA,ALIMENTOS,Comisaria_1_Familia,2023,53,1.1,5,0,264,0
EXP-03134,ZARZAL,VIF,Juzgado_2_Familia,2022,33,1.2,5,0,235,1
EXP-03135,PALMIRA,HURTO_PATRIMONIAL,Juzgado_Penal_Municipal_1,2023,74,1.25,6,0,383,1
EXP-03136,CANDELARIA,VIF,Juzgado_Penal_Municipal_1,2023,48,1.25,8,0,307,1
EXP-03137,TULUA,VIF,Juzgado_2_Familia,2021,71,1.2,4,0,204,1
EXP-03138,PALMIRA,HURTO_PATRIMONIAL,Juzgado_Penal_Municipal_2,2023,74,1.05,1,1,207,1
EXP-03139,BUENAVENTURA,SUSTANCIAS,Juzgado_3_Familia,2022,89,0.95,4,0,254,1
EXP-03140,BUENAVENTURA,ALIMENTOS,Juzgado_3_Familia,2023,89,0.95,9,0,374,1
EXP-03141,PRADERA,ALIMENTOS,Comisaria_2_Familia,2023,38,0.9,5,0,248,1
EXP-03142,PALMIRA,ALIMENTOS,Juzgado_Penal_Municipal_1,2023,74,1.25,3,0,184,0
EXP-03143,SEVILLA,ALIMENTOS,Comisaria_1_Familia,2024,35,1.1,3,0,148,1
EXP-03144,BUENAVENTURA,VIF,Juzgado_Penal_Municipal_1,2024,89,1.25,5,0,292,1
EXP-03145,FLORIDA,VIF,Juzgado_1_Familia,2024,44,1.35,5,0,274,1
EXP-03146,CANDELARIA,VIF,Comisaria_1_Familia,2024,48,1.1,4,0,180,1
EXP-03147,YUMBO,SUSTANCIAS,Juzgado_1_Familia,2021,62,1.35,6,0,243,1
EXP-03148,FLORIDA,HURTO_PATRIMONIAL,Juzgado_Penal_Municipal_2,2022,44,1.05,1,0,150,1
EXP-03149,BUENAVENTURA,ALIMENTOS,Juzgado_1_Familia,2023,89,1.35,10,1,554,1
EXP-03150,CALI,SUSTANCIAS,Comisaria_2_Familia,2023,82,0.9,3,0,207,1
EXP-03151,FLORIDA,ALIMENTOS,Juzgado_3_Familia,2024,44,0.95,11,0,519,1
EXP-03152,EL CERRITO,VIF,Juzgado_2_Familia,2024,41,1.2,4,0,180,1
EXP-03153,CANDELARIA,VIF,Juzgado_Penal_Municipal_1,2024,48,1.25,4,0,254,1
EXP-03154,SEVILLA,HURTO_PATRIMONIAL,Juzgado_Penal_Municipal_1,2024,35,1.25,8,0,320,1
EXP-03155,SEVILLA,VIF,Juzgado_1_Familia,2023,35,1.35,4,0,246,1
EXP-03156,PALMIRA,ALIMENTOS,Comisaria_1_Familia,2021,74,1.1,8,0,426,1
EXP-03157,JAMUNDI,HURTO_PATRIMONIAL,Juzgado_2_Familia,2023,67,1.2,6,1,441,1
EXP-03158,JAMUNDI,HURTO_PATRIMONIAL,Juzgado_Penal_Municipal_1,2023,67,1.25,11,0,494,1
EXP-03159,ZARZAL,SUSTANCIAS,Comisaria_2_Familia,2020,33,0.9,4,0,209,0
EXP-03160,ZARZAL,SUSTANCIAS,Juzgado_1_Familia,2022,33,1.35,3,0,249,1
EXP-03161,CALI,VIF,Juzgado_Penal_Municipal_1,2022,82,1.25,3,0,173,0
EXP-03162,BUENAVENTURA,SUSTANCIAS,Juzgado_3_Familia,2024,89,0.95,8,0,380,1
EXP-03163,CANDELARIA,VIF,Juzgado_Penal_Municipal_1,2020,48,1.25,8,0,283,1
EXP-03164,EL CERRITO,HURTO_PATRIMONIAL,Juzgado_1_Familia,2023,41,1.35,7,0,344,1
EXP-03165,YUMBO,SUSTANCIAS,Juzgado_3_Familia,2024,62,0.95,7,0,331,1
EXP-03166,CARTAGO,VIF,Comisaria_1_Familia,2023,58,1.1,4,0,130,1
EXP-03167,CALI,SUSTANCIAS,Juzgado_2_Familia,2024,82,1.2,3,0,165,0
EXP-03168,GUADALAJARA DE BUGA,VIF,Juzgado_Penal_Municipal_2,2020,53,1.05,6,0,274,1
EXP-03169,CARTAGO,SUSTANCIAS,Comisaria_1_Familia,2024,58,1.1,7,0,417,1
EXP-03170,TULUA,VIF,Juzgado_Penal_Municipal_1,2024,71,1.25,3,0,215,1
EXP-03171,PALMIRA,HURTO_PATRIMONIAL,Juzgado_2_Familia,2023,74,1.2,6,1,467,1
EXP-03172,SEVILLA,VIF,Comisaria_1_Familia,2024,35,1.1,5,0,315,1
EXP-03173,GUADALAJARA DE BUGA,VIF,Juzgado_3_Familia,2022,53,0.95,3,0,239,1
EXP-03174,FLORIDA,VIF,Juzgado_3_Familia,2024,44,0.95,2,0,164,1
EXP-03175,CARTAGO,VIF,Juzgado_Penal_Municipal_2,2024,58,1.05,6,0,208,1
EXP-03176,SEVILLA,VIF,Juzgado_Penal_Municipal_1,2024,35,1.25,5,0,232,1
EXP-03177,FLORIDA,ALIMENTOS,Juzgado_Penal_Municipal_1,2021,44,1.25,8,0,339,1
EXP-03178,FLORIDA,ALIMENTOS,Juzgado_2_Familia,2024,44,1.2,8,1,417,1
EXP-03179,TULUA,HURTO_PATRIMONIAL,Juzgado_Penal_Municipal_2,2021,71,1.05,4,0,304,1
EXP-03180,PALMIRA,VIF,Juzgado_Penal_Municipal_2,2024,74,1.05,5,0,270,1
EXP-03181,ZARZAL,ALIMENTOS,Juzgado_3_Familia,2021,33,0.95,10,0,438,1
EXP-03182,PRADERA,VIF,Juzgado_Penal_Municipal_2,2024,38,1.05,2,0,102,0
EXP-03183,TULUA,VIF,Juzgado_3_Familia,2024,71,0.95,6,0,303,1
EXP-03184,CALI,VIF,Comisaria_2_Familia,2023,82,0.9,4,0,189,1
EXP-03185,SEVILLA,ALIMENTOS,Juzgado_Penal_Municipal_1,2023,35,1.25,7,0,340,1
EXP-03186,CARTAGO,VIF,Juzgado_1_Familia,2023,58,1.35,7,0,340,1
EXP-03187,ZARZAL,HURTO_PATRIMONIAL,Juzgado_Penal_Municipal_2,2024,33,1.05,7,0,280,1
EXP-03188,BUENAVENTURA,VIF,Juzgado_2_Familia,2021,89,1.2,8,0,395,1
EXP-03189,TULUA,HURTO_PATRIMONIAL,Juzgado_Penal_Municipal_2,2023,71,1.05,10,1,677,1
EXP-03190,PALMIRA,ALIMENTOS,Juzgado_3_Familia,2023,74,0.95,1,0,141,1
EXP-03191,TULUA,VIF,Comisaria_2_Familia,2024,71,0.9,3,0,220,1
EXP-03192,CARTAGO,HURTO_PATRIMONIAL,Juzgado_3_Familia,2023,58,0.95,7,1,496,1
EXP-03193,CARTAGO,SUSTANCIAS,Juzgado_Penal_Municipal_2,2020,58,1.05,7,0,294,1
EXP-03194,ZARZAL,VIF,Comisaria_1_Familia,2024,33,1.1,2,0,144,1
EXP-03195,YUMBO,ALIMENTOS,Juzgado_Penal_Municipal_1,2021,62,1.25,1,0,137,0
EXP-03196,CARTAGO,ALIMENTOS,Juzgado_Penal_Municipal_2,2022,58,1.05,6,1,364,1
EXP-03197,FLORIDA,VIF,Juzgado_Penal_Municipal_2,2024,44,1.05,5,0,195,1
EXP-03198,EL CERRITO,ALIMENTOS,Juzgado_Penal_Municipal_2,2023,41,1.05,6,0,240,1
EXP-03199,ZARZAL,SUSTANCIAS,Juzgado_2_Familia,2024,33,1.2,5,0,180,1
EXP-03200,JAMUNDI,ALIMENTOS,Comisaria_2_Familia,2023,67,0.9,6,0,176,1
EXP-03201,FLORIDA,ALIMENTOS,Juzgado_Penal_Municipal_1,2021,44,1.25,7,0,390,1
EXP-03202,CARTAGO,ALIMENTOS,Juzgado_3_Familia,2021,58,0.95,6,1,491,1
EXP-03203,YUMBO,HURTO_PATRIMONIAL,Juzgado_2_Familia,2024,62,1.2,7,0,399,1
EXP-03204,FLORIDA,HURTO_PATRIMONIAL,Comisaria_1_Familia,2024,44,1.1,11,1,681,1
EXP-03205,JAMUNDI,ALIMENTOS,Juzgado_3_Familia,2022,67,0.95,3,1,308,1
EXP-03206,SEVILLA,VIF,Juzgado_2_Familia,2024,35,1.2,4,0,234,1
EXP-03207,CARTAGO,HURTO_PATRIMONIAL,Comisaria_2_Familia,2021,58,0.9,3,0,169,1
EXP-03208,FLORIDA,ALIMENTOS,Comisaria_1_Familia,2021,44,1.1,6,1,378,1
EXP-03209,GUADALAJARA DE BUGA,HURTO_PATRIMONIAL,Juzgado_Penal_Municipal_2,2024,53,1.05,7,1,420,0
EXP-03210,TULUA,ALIMENTOS,Juzgado_3_Familia,2024,71,0.95,4,0,220,1
EXP-03211,PRADERA,ALIMENTOS,Juzgado_Penal_Municipal_2,2022,38,1.05,8,1,499,1
EXP-03212,ZARZAL,SUSTANCIAS,Juzgado_3_Familia,2024,33,0.95,1,0,121,1
EXP-03213,CALI,VIF,Juzgado_Penal_Municipal_1,2022,82,1.25,4,0,207,1
EXP-03214,FLORIDA,ALIMENTOS,Juzgado_2_Familia,2024,44,1.2,4,0,210,0
EXP-03215,EL CERRITO,VIF,Juzgado_3_Familia,2022,41,0.95,1,0,94,0
EXP-03216,SEVILLA,VIF,Comisaria_1_Familia,2024,35,1.1,7,0,344,1
EXP-03217,GUADALAJARA DE BUGA,HURTO_PATRIMONIAL,Juzgado_2_Familia,2023,53,1.2,6,0,313,1
EXP-03218,PRADERA,ALIMENTOS,Comisaria_2_Familia,2022,38,0.9,4,1,362,1
EXP-03219,CALI,HURTO_PATRIMONIAL,Juzgado_1_Familia,2022,82,1.35,7,1,530,1
EXP-03220,SEVILLA,SUSTANCIAS,Comisaria_2_Familia,2023,35,0.9,2,0,125,0
EXP-03221,ZARZAL,HURTO_PATRIMONIAL,Juzgado_1_Familia,2024,33,1.35,7,0,367,1
EXP-03222,CALI,VIF,Juzgado_1_Familia,2023,82,1.35,5,0,256,1
EXP-03223,CANDELARIA,HURTO_PATRIMONIAL,Juzgado_2_Familia,2022,48,1.2,11,1,674,1
EXP-03224,FLORIDA,ALIMENTOS,Comisaria_2_Familia,2020,44,0.9,4,0,291,1
EXP-03225,YUMBO,ALIMENTOS,Juzgado_1_Familia,2020,62,1.35,9,1,560,1
EXP-03226,ZARZAL,HURTO_PATRIMONIAL,Juzgado_1_Familia,2020,33,1.35,10,0,519,1
EXP-03227,YUMBO,VIF,Comisaria_1_Familia,2022,62,1.1,8,0,335,1
EXP-03228,YUMBO,VIF,Comisaria_1_Familia,2024,62,1.1,6,0,206,1
EXP-03229,JAMUNDI,ALIMENTOS,Juzgado_2_Familia,2023,67,1.2,8,0,409,1
EXP-03230,CALI,VIF,Juzgado_Penal_Municipal_2,2024,82,1.05,4,0,248,1
EXP-03231,FLORIDA,HURTO_PATRIMONIAL,Comisaria_2_Familia,2024,44,0.9,2,0,102,0
EXP-03232,TULUA,VIF,Juzgado_Penal_Municipal_1,2024,71,1.25,4,0,247,1
EXP-03233,YUMBO,SUSTANCIAS,Juzgado_3_Familia,2021,62,0.95,6,0,271,1
EXP-03234,JAMUNDI,VIF,Juzgado_2_Familia,2023,67,1.2,7,0,324,1
EXP-03235,GUADALAJARA DE BUGA,VIF,Juzgado_1_Familia,2022,53,1.35,8,0,323,1
EXP-03236,BUENAVENTURA,VIF,Comisaria_2_Familia,2022,89,0.9,2,0,138,0
EXP-03237,ZARZAL,VIF,Juzgado_Penal_Municipal_1,2022,33,1.25,7,0,309,1
EXP-03238,CARTAGO,ALIMENTOS,Comisaria_1_Familia,2022,58,1.1,3,0,213,0
EXP-03239,CARTAGO,ALIMENTOS,Comisaria_1_Familia,2021,58,1.1,7,1,467,1
EXP-03240,BUENAVENTURA,VIF,Juzgado_1_Familia,2023,89,1.35,7,0,287,1
EXP-03241,PALMIRA,VIF,Comisaria_2_Familia,2022,74,0.9,2,0,163,1
EXP-03242,PALMIRA,VIF,Juzgado_3_Familia,2024,74,0.95,4,0,236,1
EXP-03243,GUADALAJARA DE BUGA,ALIMENTOS,Juzgado_2_Familia,2023,53,1.2,5,1,205,0
EXP-03244,FLORIDA,VIF,Comisaria_1_Familia,2023,44,1.1,3,0,138,0
EXP-03245,ZARZAL,ALIMENTOS,Comisaria_2_Familia,2023,33,0.9,4,0,199,0
EXP-03246,GUADALAJARA DE BUGA,HURTO_PATRIMONIAL,Juzgado_3_Familia,2024,53,0.95,6,1,312,0
EXP-03247,JAMUNDI,SUSTANCIAS,Juzgado_3_Familia,2024,67,0.95,10,0,409,1
EXP-03248,ZARZAL,VIF,Juzgado_1_Familia,2024,33,1.35,5,0,204,0
EXP-03249,PALMIRA,HURTO_PATRIMONIAL,Juzgado_Penal_Municipal_2,2023,74,1.05,5,1,382,1
EXP-03250,BUENAVENTURA,ALIMENTOS,Juzgado_3_Familia,2023,89,0.95,10,0,412,1
EXP-03251,EL CERRITO,VIF,Juzgado_Penal_Municipal_1,2023,41,1.25,5,0,214,1
EXP-03252,FLORIDA,SUSTANCIAS,Juzgado_2_Familia,2024,44,1.2,10,0,386,1
EXP-03253,BUENAVENTURA,ALIMENTOS,Juzgado_3_Familia,2022,89,0.95,6,1,362,1
EXP-03254,PALMIRA,ALIMENTOS,Comisaria_2_Familia,2021,74,0.9,4,1,306,1
EXP-03255,CALI,ALIMENTOS,Juzgado_1_Familia,2024,82,1.35,9,0,430,1
EXP-03256,CANDELARIA,HURTO_PATRIMONIAL,Juzgado_1_Familia,2024,48,1.35,9,1,674,1
EXP-03257,CARTAGO,VIF,Juzgado_Penal_Municipal_1,2022,58,1.25,1,0,187,1
EXP-03258,PALMIRA,VIF,Juzgado_Penal_Municipal_2,2024,74,1.05,6,0,317,1
EXP-03259,JAMUNDI,VIF,Juzgado_1_Familia,2023,67,1.35,7,0,240,0
EXP-03260,EL CERRITO,SUSTANCIAS,Comisaria_1_Familia,2024,41,1.1,8,0,368,1
EXP-03261,PRADERA,HURTO_PATRIMONIAL,Comisaria_2_Familia,2022,38,0.9,3,0,205,0
EXP-03262,BUENAVENTURA,SUSTANCIAS,Comisaria_2_Familia,2021,89,0.9,5,0,187,1
EXP-03263,TULUA,ALIMENTOS,Juzgado_Penal_Municipal_1,2024,71,1.25,3,0,197,1
EXP-03264,ZARZAL,ALIMENTOS,Juzgado_2_Familia,2024,33,1.2,4,0,258,1
EXP-03265,ZARZAL,VIF,Comisaria_2_Familia,2024,33,0.9,4,0,199,1
EXP-03266,YUMBO,VIF,Juzgado_2_Familia,2022,62,1.2,2,0,147,1
EXP-03267,FLORIDA,VIF,Comisaria_1_Familia,2024,44,1.1,6,0,185,0
EXP-03268,CALI,VIF,Comisaria_2_Familia,2023,82,0.9,5,0,224,1
EXP-03269,CANDELARIA,HURTO_PATRIMONIAL,Juzgado_Penal_Municipal_1,2020,48,1.25,5,1,333,1
EXP-03270,EL CERRITO,HURTO_PATRIMONIAL,Juzgado_3_Familia,2024,41,0.95,6,0,281,1
EXP-03271,ZARZAL,VIF,Juzgado_1_Familia,2020,33,1.35,2,0,196,1
EXP-03272,BUENAVENTURA,VIF,Juzgado_Penal_Municipal_2,2024,89,1.05,5,0,271,1
EXP-03273,JAMUNDI,ALIMENTOS,Juzgado_Penal_Municipal_1,2023,67,1.25,3,1,200,0
EXP-03274,PRADERA,VIF,Juzgado_2_Familia,2023,38,1.2,5,0,256,1
EXP-03275,BUENAVENTURA,VIF,Juzgado_2_Familia,2024,89,1.2,7,0,291,1
EXP-03276,CARTAGO,ALIMENTOS,Juzgado_2_Familia,2021,58,1.2,6,1,435,1
EXP-03277,TULUA,VIF,Juzgado_Penal_Municipal_1,2024,71,1.25,8,0,327,1
EXP-03278,ZARZAL,VIF,Juzgado_Penal_Municipal_1,2024,33,1.25,2,0,148,1
EXP-03279,FLORIDA,SUSTANCIAS,Juzgado_1_Familia,2022,44,1.35,10,0,367,1
EXP-03280,PRADERA,HURTO_PATRIMONIAL,Juzgado_3_Familia,2021,38,0.95,4,0,180,0
EXP-03281,CARTAGO,ALIMENTOS,Juzgado_Penal_Municipal_1,2022,58,1.25,8,0,352,1
EXP-03282,TULUA,ALIMENTOS,Juzgado_2_Familia,2021,71,1.2,8,1,448,1
EXP-03283,SEVILLA,ALIMENTOS,Comisaria_1_Familia,2024,35,1.1,8,0,341,1
EXP-03284,PALMIRA,ALIMENTOS,Juzgado_1_Familia,2023,74,1.35,10,0,455,1
EXP-03285,EL CERRITO,VIF,Juzgado_3_Familia,2023,41,0.95,4,0,164,1
EXP-03286,CARTAGO,SUSTANCIAS,Juzgado_Penal_Municipal_1,2024,58,1.25,4,0,250,0
EXP-03287,CALI,VIF,Juzgado_3_Familia,2021,82,0.95,4,0,211,1
EXP-03288,CANDELARIA,HURTO_PATRIMONIAL,Juzgado_Penal_Municipal_2,2021,48,1.05,3,0,171,1
EXP-03289,CALI,VIF,Comisaria_1_Familia,2024,82,1.1,7,0,348,1
EXP-03290,YUMBO,VIF,Juzgado_1_Familia,2021,62,1.35,6,0,240,1
EXP-03291,CANDELARIA,ALIMENTOS,Juzgado_Penal_Municipal_1,2024,48,1.25,6,1,442,1
EXP-03292,CANDELARIA,ALIMENTOS,Juzgado_2_Familia,2024,48,1.2,7,0,274,1
EXP-03293,TULUA,VIF,Comisaria_1_Familia,2020,71,1.1,8,0,318,1
EXP-03294,GUADALAJARA DE BUGA,SUSTANCIAS,Juzgado_2_Familia,2022,53,1.2,6,0,236,0
EXP-03295,JAMUNDI,VIF,Juzgado_1_Familia,2024,67,1.35,6,0,273,1
EXP-03296,FLORIDA,ALIMENTOS,Comisaria_2_Familia,2024,44,0.9,1,0,30,1
EXP-03297,PALMIRA,SUSTANCIAS,Juzgado_2_Familia,2024,74,1.2,6,0,266,1
EXP-03298,FLORIDA,SUSTANCIAS,Juzgado_Penal_Municipal_1,2020,44,1.25,4,0,239,1
EXP-03299,CALI,HURTO_PATRIMONIAL,Juzgado_1_Familia,2023,82,1.35,7,1,456,1
EXP-03300,BUENAVENTURA,SUSTANCIAS,Juzgado_2_Familia,2021,89,1.2,8,0,315,1
EXP-03301,PRADERA,SUSTANCIAS,Juzgado_2_Familia,2021,38,1.2,2,0,135,1
EXP-03302,BUENAVENTURA,HURTO_PATRIMONIAL,Comisaria_1_Familia,2023,89,1.1,8,0,381,1
EXP-03303,ZARZAL,VIF,Juzgado_1_Familia,2024,33,1.35,5,0,205,1
EXP-03304,GUADALAJARA DE BUGA,HURTO_PATRIMONIAL,Juzgado_Penal_Municipal_1,2024,53,1.25,6,0,264,1
EXP-03305,CALI,ALIMENTOS,Juzgado_2_Familia,2023,82,1.2,10,1,583,1
EXP-03306,EL CERRITO,HURTO_PATRIMONIAL,Comisaria_2_Familia,2024,41,0.9,6,0,276,1
EXP-03307,BUENAVENTURA,VIF,Juzgado_3_Familia,2022,89,0.95,5,0,270,1
EXP-03308,CANDELARIA,HURTO_PATRIMONIAL,Comisaria_1_Familia,2023,48,1.1,8,1,532,1
EXP-03309,PRADERA,ALIMENTOS,Juzgado_Penal_Municipal_2,2022,38,1.05,4,0,234,0
EXP-03310,PALMIRA,VIF,Juzgado_2_Familia,2023,74,1.2,7,0,302,1
EXP-03311,JAMUNDI,ALIMENTOS,Juzgado_2_Familia,2022,67,1.2,6,0,317,1
EXP-03312,JAMUNDI,ALIMENTOS,Comisaria_2_Familia,2024,67,0.9,1,1,154,1
EXP-03313,TULUA,HURTO_PATRIMONIAL,Comisaria_2_Familia,2020,71,0.9,4,0,256,1
EXP-03314,SEVILLA,ALIMENTOS,Juzgado_3_Familia,2023,35,0.95,6,0,308,1
EXP-03315,BUENAVENTURA,ALIMENTOS,Juzgado_3_Familia,2023,89,0.95,2,0,104,0
EXP-03316,GUADALAJARA DE BUGA,VIF,Juzgado_1_Familia,2022,53,1.35,5,0,273,1
EXP-03317,SEVILLA,SUSTANCIAS,Juzgado_3_Familia,2022,35,0.95,3,0,106,0
EXP-03318,CALI,ALIMENTOS,Juzgado_Penal_Municipal_1,2020,82,1.25,4,0,167,1
EXP-03319,BUENAVENTURA,SUSTANCIAS,Juzgado_Penal_Municipal_1,2024,89,1.25,6,0,277,1
EXP-03320,CANDELARIA,ALIMENTOS,Juzgado_1_Familia,2022,48,1.35,9,1,603,1
EXP-03321,CANDELARIA,VIF,Juzgado_Penal_Municipal_2,2023,48,1.05,8,0,373,1
EXP-03322,ZARZAL,SUSTANCIAS,Juzgado_1_Familia,2021,33,1.35,8,0,364,1
EXP-03323,YUMBO,HURTO_PATRIMONIAL,Juzgado_Penal_Municipal_1,2022,62,1.25,14,0,660,1
EXP-03324,JAMUNDI,SUSTANCIAS,Juzgado_1_Familia,2024,67,1.35,6,0,257,1
EXP-03325,PALMIRA,SUSTANCIAS,Juzgado_Penal_Municipal_2,2021,74,1.05,2,0,215,1
EXP-03326,BUENAVENTURA,VIF,Juzgado_Penal_Municipal_2,2022,89,1.05,2,0,102,0
EXP-03327,BUENAVENTURA,VIF,Juzgado_3_Familia,2023,89,0.95,5,0,213,1
EXP-03328,PALMIRA,SUSTANCIAS,Juzgado_Penal_Municipal_1,2024,74,1.25,7,0,238,1
EXP-03329,BUENAVENTURA,VIF,Juzgado_Penal_Municipal_1,2024,89,1.25,12,0,506,1
EXP-03330,CALI,SUSTANCIAS,Juzgado_Penal_Municipal_1,2020,82,1.25,5,0,235,1
EXP-03331,JAMUNDI,VIF,Comisaria_2_Familia,2022,67,0.9,7,0,317,1
EXP-03332,GUADALAJARA DE BUGA,ALIMENTOS,Juzgado_1_Familia,2022,53,1.35,7,1,499,1
EXP-03333,CANDELARIA,VIF,Juzgado_Penal_Municipal_2,2022,48,1.05,4,0,265,1
EXP-03334,PRADERA,ALIMENTOS,Juzgado_Penal_Municipal_2,2023,38,1.05,2,1,152,1
EXP-03335,YUMBO,ALIMENTOS,Juzgado_3_Familia,2024,62,0.95,3,0,203,1
EXP-03336,CALI,ALIMENTOS,Comisaria_1_Familia,2023,82,1.1,7,1,406,1
EXP-03337,PRADERA,VIF,Comisaria_2_Familia,2024,38,0.9,4,0,160,1
EXP-03338,CALI,ALIMENTOS,Juzgado_Penal_Municipal_2,2024,82,1.05,6,0,280,1
EXP-03339,JAMUNDI,HURTO_PATRIMONIAL,Juzgado_Penal_Municipal_2,2023,67,1.05,5,0,271,1
EXP-03340,CALI,VIF,Comisaria_2_Familia,2021,82,0.9,2,0,156,1
EXP-03341,ZARZAL,VIF,Comisaria_2_Familia,2024,33,0.9,4,0,197,0
EXP-03342,CARTAGO,SUSTANCIAS,Juzgado_Penal_Municipal_2,2023,58,1.05,2,0,161,1
EXP-03343,CARTAGO,HURTO_PATRIMONIAL,Juzgado_3_Familia,2023,58,0.95,1,1,217,1
EXP-03344,ZARZAL,ALIMENTOS,Juzgado_Penal_Municipal_1,2023,33,1.25,8,1,390,1
EXP-03345,ZARZAL,VIF,Juzgado_1_Familia,2020,33,1.35,1,0,135,1
EXP-03346,EL CERRITO,ALIMENTOS,Juzgado_Penal_Municipal_1,2022,41,1.25,4,0,217,1
EXP-03347,ZARZAL,HURTO_PATRIMONIAL,Juzgado_Penal_Municipal_2,2021,33,1.05,4,1,459,1
EXP-03348,JAMUNDI,VIF,Comisaria_1_Familia,2020,67,1.1,5,0,263,1
EXP-03349,PRADERA,HURTO_PATRIMONIAL,Juzgado_Penal_Municipal_1,2022,38,1.25,5,0,288,0
EXP-03350,CARTAGO,ALIMENTOS,Juzgado_2_Familia,2023,58,1.2,6,0,253,1
EXP-03351,EL CERRITO,ALIMENTOS,Comisaria_2_Familia,2024,41,0.9,4,0,177,0
EXP-03352,YUMBO,VIF,Juzgado_Penal_Municipal_1,2021,62,1.25,5,0,250,1
EXP-03353,GUADALAJARA DE BUGA,ALIMENTOS,Juzgado_2_Familia,2022,53,1.2,6,0,288,1
EXP-03354,FLORIDA,VIF,Comisaria_1_Familia,2024,44,1.1,4,0,167,1
EXP-03355,SEVILLA,VIF,Juzgado_3_Familia,2023,35,0.95,2,0,98,0
EXP-03356,CALI,ALIMENTOS,Juzgado_2_Familia,2021,82,1.2,8,0,361,1
EXP-03357,YUMBO,HURTO_PATRIMONIAL,Juzgado_2_Familia,2023,62,1.2,8,0,403,1
EXP-03358,CANDELARIA,HURTO_PATRIMONIAL,Juzgado_Penal_Municipal_1,2023,48,1.25,7,0,340,0
EXP-03359,YUMBO,ALIMENTOS,Juzgado_Penal_Municipal_2,2023,62,1.05,4,1,334,0
EXP-03360,GUADALAJARA DE BUGA,ALIMENTOS,Juzgado_Penal_Municipal_1,2024,53,1.25,8,1,400,1
EXP-03361,TULUA,ALIMENTOS,Juzgado_2_Familia,2023,71,1.2,5,1,407,1
EXP-03362,PRADERA,ALIMENTOS,Comisaria_2_Familia,2022,38,0.9,7,0,369,1
EXP-03363,CARTAGO,VIF,Juzgado_1_Familia,2024,58,1.35,9,0,388,1
EXP-03364,EL CERRITO,ALIMENTOS,Comisaria_1_Familia,2021,41,1.1,7,0,298,1
EXP-03365,TULUA,ALIMENTOS,Juzgado_Penal_Municipal_1,2022,71,1.25,9,0,387,1
EXP-03366,YUMBO,VIF,Juzgado_1_Familia,2024,62,1.35,6,0,243,1
EXP-03367,FLORIDA,VIF,Juzgado_3_Familia,2021,44,0.95,3,0,182,1
EXP-03368,JAMUNDI,ALIMENTOS,Juzgado_3_Familia,2024,67,0.95,7,0,319,1
EXP-03369,JAMUNDI,VIF,Juzgado_1_Familia,2022,67,1.35,4,0,183,0
EXP-03370,PALMIRA,SUSTANCIAS,Comisaria_2_Familia,2023,74,0.9,2,0,124,0
EXP-03371,JAMUNDI,VIF,Juzgado_1_Familia,2022,67,1.35,2,0,186,1
EXP-03372,TULUA,HURTO_PATRIMONIAL,Juzgado_2_Familia,2023,71,1.2,12,1,688,1
EXP-03373,JAMUNDI,ALIMENTOS,Comisaria_2_Familia,2023,67,0.9,8,0,342,1
EXP-03374,PRADERA,ALIMENTOS,Juzgado_2_Familia,2020,38,1.2,2,0,147,1
EXP-03375,PALMIRA,ALIMENTOS,Comisaria_2_Familia,2022,74,0.9,5,0,250,1
EXP-03376,SEVILLA,HURTO_PATRIMONIAL,Comisaria_1_Familia,2024,35,1.1,6,0,385,1
EXP-03377,PALMIRA,VIF,Juzgado_Penal_Municipal_1,2023,74,1.25,4,0,229,1
EXP-03378,ZARZAL,ALIMENTOS,Juzgado_3_Familia,2022,33,0.95,6,1,503,1
EXP-03379,GUADALAJARA DE BUGA,ALIMENTOS,Juzgado_1_Familia,2020,53,1.35,9,0,438,1
EXP-03380,CALI,HURTO_PATRIMONIAL,Juzgado_Penal_Municipal_2,2022,82,1.05,5,0,325,1
EXP-03381,CARTAGO,ALIMENTOS,Juzgado_Penal_Municipal_1,2024,58,1.25,6,1,434,1
EXP-03382,YUMBO,VIF,Comisaria_2_Familia,2021,62,0.9,6,0,367,1
EXP-03383,JAMUNDI,SUSTANCIAS,Juzgado_1_Familia,2024,67,1.35,3,0,134,1
EXP-03384,JAMUNDI,VIF,Comisaria_2_Familia,2024,67,0.9,6,0,287,1
EXP-03385,PRADERA,HURTO_PATRIMONIAL,Juzgado_2_Familia,2020,38,1.2,9,1,588,1
EXP-03386,EL CERRITO,VIF,Juzgado_3_Familia,2023,41,0.95,4,0,188,1
EXP-03387,FLORIDA,HURTO_PATRIMONIAL,Comisaria_1_Familia,2023,44,1.1,5,0,275,1
EXP-03388,SEVILLA,VIF,Comisaria_2_Familia,2023,35,0.9,5,0,238,1
EXP-03389,SEVILLA,ALIMENTOS,Juzgado_1_Familia,2023,35,1.35,10,0,502,1
EXP-03390,CANDELARIA,SUSTANCIAS,Juzgado_3_Familia,2024,48,0.95,6,0,365,1
EXP-03391,EL CERRITO,ALIMENTOS,Juzgado_3_Familia,2023,41,0.95,7,1,450,1
EXP-03392,TULUA,SUSTANCIAS,Comisaria_2_Familia,2023,71,0.9,8,0,326,1
EXP-03393,CALI,ALIMENTOS,Juzgado_Penal_Municipal_2,2022,82,1.05,8,1,512,1
EXP-03394,PRADERA,ALIMENTOS,Juzgado_2_Familia,2024,38,1.2,1,0,30,1
EXP-03395,CALI,ALIMENTOS,Juzgado_1_Familia,2023,82,1.35,9,0,497,1
EXP-03396,FLORIDA,ALIMENTOS,Juzgado_Penal_Municipal_2,2023,44,1.05,9,0,395,1
EXP-03397,SEVILLA,HURTO_PATRIMONIAL,Juzgado_Penal_Municipal_2,2022,35,1.05,9,0,354,1
EXP-03398,YUMBO,VIF,Juzgado_1_Familia,2023,62,1.35,4,0,147,0
EXP-03399,CALI,HURTO_PATRIMONIAL,Juzgado_2_Familia,2023,82,1.2,6,1,407,1
EXP-03400,EL CERRITO,VIF,Comisaria_2_Familia,2022,41,0.9,3,0,169,1
EXP-03401,CARTAGO,VIF,Comisaria_2_Familia,2021,58,0.9,5,0,276,1
EXP-03402,PALMIRA,VIF,Juzgado_1_Familia,2024,74,1.35,6,0,310,1
EXP-03403,TULUA,ALIMENTOS,Juzgado_Penal_Municipal_2,2023,71,1.05,3,0,136,0
EXP-03404,BUENAVENTURA,ALIMENTOS,Juzgado_1_Familia,2023,89,1.35,9,1,614,1
EXP-03405,PALMIRA,HURTO_PATRIMONIAL,Juzgado_Penal_Municipal_1,2023,74,1.25,6,0,367,1
EXP-03406,CARTAGO,HURTO_PATRIMONIAL,Comisaria_2_Familia,2023,58,0.9,3,1,275,0
EXP-03407,TULUA,SUSTANCIAS,Juzgado_2_Familia,2024,71,1.2,4,0,246,1
EXP-03408,TULUA,VIF,Juzgado_3_Familia,2024,71,0.95,5,0,277,1
EXP-03409,SEVILLA,ALIMENTOS,Juzgado_3_Familia,2023,35,0.95,5,1,340,0
EXP-03410,PALMIRA,HURTO_PATRIMONIAL,Juzgado_Penal_Municipal_2,2021,74,1.05,6,0,286,1
EXP-03411,PALMIRA,ALIMENTOS,Juzgado_2_Familia,2023,74,1.2,5,0,219,0
EXP-03412,YUMBO,ALIMENTOS,Juzgado_3_Familia,2023,62,0.95,6,0,307,1
EXP-03413,PALMIRA,HURTO_PATRIMONIAL,Comisaria_2_Familia,2023,74,0.9,7,0,389,1
EXP-03414,CANDELARIA,ALIMENTOS,Juzgado_Penal_Municipal_2,2022,48,1.05,5,1,301,1
EXP-03415,ZARZAL,ALIMENTOS,Juzgado_Penal_Municipal_1,2024,33,1.25,3,0,174,0
EXP-03416,YUMBO,HURTO_PATRIMONIAL,Juzgado_1_Familia,2023,62,1.35,11,1,781,1
EXP-03417,EL CERRITO,HURTO_PATRIMONIAL,Juzgado_2_Familia,2023,41,1.2,9,0,390,1
EXP-03418,ZARZAL,ALIMENTOS,Juzgado_2_Familia,2022,33,1.2,7,1,448,1
EXP-03419,ZARZAL,HURTO_PATRIMONIAL,Juzgado_3_Familia,2024,33,0.95,4,0,260,1
EXP-03420,PALMIRA,VIF,Juzgado_2_Familia,2022,74,1.2,8,0,335,1
EXP-03421,JAMUNDI,VIF,Juzgado_3_Familia,2023,67,0.95,5,0,260,1
EXP-03422,YUMBO,ALIMENTOS,Juzgado_Penal_Municipal_1,2024,62,1.25,3,0,193,1
EXP-03423,EL CERRITO,VIF,Juzgado_2_Familia,2021,41,1.2,6,0,309,1
EXP-03424,SEVILLA,ALIMENTOS,Juzgado_1_Familia,2021,35,1.35,6,1,317,1
EXP-03425,CARTAGO,ALIMENTOS,Comisaria_2_Familia,2022,58,0.9,3,0,82,0
EXP-03426,CALI,HURTO_PATRIMONIAL,Juzgado_3_Familia,2021,82,0.95,3,0,222,1
EXP-03427,CANDELARIA,ALIMENTOS,Juzgado_Penal_Municipal_1,2022,48,1.25,8,1,475,0
EXP-03428,FLORIDA,VIF,Juzgado_3_Familia,2021,44,0.95,5,0,244,1
EXP-03429,SEVILLA,SUSTANCIAS,Juzgado_Penal_Municipal_1,2022,35,1.25,8,0,387,1
EXP-03430,FLORIDA,VIF,Juzgado_1_Familia,2024,44,1.35,5,0,244,1
EXP-03431,JAMUNDI,ALIMENTOS,Juzgado_1_Familia,2022,67,1.35,4,0,170,0
EXP-03432,TULUA,ALIMENTOS,Comisaria_1_Familia,2021,71,1.1,7,0,308,1
EXP-03433,CALI,VIF,Juzgado_1_Familia,2021,82,1.35,5,0,186,0
EXP-03434,CARTAGO,VIF,Juzgado_3_Familia,2024,58,0.95,7,0,299,1
EXP-03435,TULUA,ALIMENTOS,Comisaria_2_Familia,2022,71,0.9,1,1,125,1
EXP-03436,GUADALAJARA DE BUGA,VIF,Juzgado_1_Familia,2024,53,1.35,5,0,163,1
EXP-03437,PRADERA,ALIMENTOS,Juzgado_Penal_Municipal_1,2021,38,1.25,4,1,289,0
EXP-03438,CARTAGO,ALIMENTOS,Comisaria_2_Familia,2021,58,0.9,3,1,99,0
EXP-03439,PALMIRA,ALIMENTOS,Comisaria_2_Familia,2023,74,0.9,10,1,660,1
EXP-03440,CANDELARIA,ALIMENTOS,Juzgado_Penal_Municipal_2,2021,48,1.05,6,0,304,1
EXP-03441,FLORIDA,ALIMENTOS,Juzgado_2_Familia,2024,44,1.2,8,1,420,1
EXP-03442,TULUA,ALIMENTOS,Juzgado_2_Familia,2020,71,1.2,3,0,220,1
EXP-03443,CALI,VIF,Juzgado_1_Familia,2022,82,1.35,9,0,344,1
EXP-03444,PRADERA,HURTO_PATRIMONIAL,Comisaria_2_Familia,2020,38,0.9,3,1,222,0
EXP-03445,TULUA,SUSTANCIAS,Juzgado_2_Familia,2021,71,1.2,9,0,374,1
EXP-03446,JAMUNDI,VIF,Juzgado_3_Familia,2020,67,0.95,5,0,260,1
EXP-03447,PALMIRA,ALIMENTOS,Juzgado_3_Familia,2024,74,0.95,3,0,182,1
EXP-03448,CALI,ALIMENTOS,Comisaria_1_Familia,2023,82,1.1,4,1,268,1
EXP-03449,BUENAVENTURA,VIF,Juzgado_1_Familia,2020,89,1.35,6,0,288,1
EXP-03450,ZARZAL,ALIMENTOS,Comisaria_1_Familia,2021,33,1.1,3,1,191,0
EXP-03451,SEVILLA,ALIMENTOS,Juzgado_Penal_Municipal_2,2023,35,1.05,9,0,377,1
EXP-03452,PRADERA,VIF,Comisaria_1_Familia,2024,38,1.1,1,0,30,1
EXP-03453,TULUA,ALIMENTOS,Comisaria_2_Familia,2020,71,0.9,3,0,216,1
EXP-03454,TULUA,ALIMENTOS,Comisaria_2_Familia,2021,71,0.9,6,1,352,1
EXP-03455,PALMIRA,VIF,Comisaria_2_Familia,2023,74,0.9,3,0,152,1
EXP-03456,YUMBO,ALIMENTOS,Juzgado_3_Familia,2024,62,0.95,4,0,199,1
EXP-03457,TULUA,HURTO_PATRIMONIAL,Comisaria_2_Familia,2020,71,0.9,8,1,382,1
EXP-03458,PRADERA,ALIMENTOS,Juzgado_3_Familia,2024,38,0.95,6,0,254,1
EXP-03459,GUADALAJARA DE BUGA,ALIMENTOS,Juzgado_2_Familia,2022,53,1.2,3,1,168,0
EXP-03460,CARTAGO,VIF,Juzgado_1_Familia,2023,58,1.35,4,0,225,1
EXP-03461,GUADALAJARA DE BUGA,VIF,Juzgado_Penal_Municipal_1,2024,53,1.25,7,0,278,1
EXP-03462,CANDELARIA,ALIMENTOS,Comisaria_1_Familia,2021,48,1.1,1,0,126,1
EXP-03463,FLORIDA,ALIMENTOS,Comisaria_1_Familia,2020,44,1.1,7,1,435,1
EXP-03464,PRADERA,ALIMENTOS,Comisaria_1_Familia,2020,38,1.1,2,0,137,0
EXP-03465,FLORIDA,VIF,Juzgado_3_Familia,2022,44,0.95,2,0,81,1
EXP-03466,TULUA,ALIMENTOS,Juzgado_3_Familia,2023,71,0.95,6,0,385,1
EXP-03467,PALMIRA,ALIMENTOS,Juzgado_1_Familia,2021,74,1.35,9,0,380,1
EXP-03468,BUENAVENTURA,SUSTANCIAS,Juzgado_2_Familia,2024,89,1.2,6,0,223,1
EXP-03469,CARTAGO,ALIMENTOS,Juzgado_3_Familia,2022,58,0.95,8,0,378,1
EXP-03470,BUENAVENTURA,VIF,Juzgado_2_Familia,2021,89,1.2,7,0,421,1
EXP-03471,EL CERRITO,HURTO_PATRIMONIAL,Juzgado_1_Familia,2020,41,1.35,10,0,387,1
EXP-03472,ZARZAL,ALIMENTOS,Juzgado_Penal_Municipal_2,2023,33,1.05,4,0,269,1
EXP-03473,GUADALAJARA DE BUGA,HURTO_PATRIMONIAL,Juzgado_Penal_Municipal_2,2024,53,1.05,7,0,291,1
EXP-03474,ZARZAL,ALIMENTOS,Comisaria_2_Familia,2024,33,0.9,1,0,136,1
EXP-03475,YUMBO,VIF,Comisaria_1_Familia,2024,62,1.1,4,0,267,1
EXP-03476,GUADALAJARA DE BUGA,VIF,Juzgado_Penal_Municipal_2,2022,53,1.05,5,0,270,1
EXP-03477,PALMIRA,ALIMENTOS,Juzgado_Penal_Municipal_1,2024,74,1.25,4,1,288,1
EXP-03478,BUENAVENTURA,HURTO_PATRIMONIAL,Juzgado_Penal_Municipal_1,2023,89,1.25,10,0,494,1
EXP-03479,CANDELARIA,ALIMENTOS,Juzgado_3_Familia,2024,48,0.95,3,0,186,0
EXP-03480,FLORIDA,VIF,Comisaria_1_Familia,2024,44,1.1,4,0,183,0
EXP-03481,BUENAVENTURA,VIF,Comisaria_2_Familia,2024,89,0.9,3,0,175,1
EXP-03482,ZARZAL,VIF,Juzgado_2_Familia,2024,33,1.2,5,0,220,1
EXP-03483,PRADERA,SUSTANCIAS,Juzgado_Penal_Municipal_2,2023,38,1.05,4,0,207,1
EXP-03484,PALMIRA,ALIMENTOS,Juzgado_Penal_Municipal_1,2023,74,1.25,8,1,548,1
EXP-03485,FLORIDA,ALIMENTOS,Juzgado_Penal_Municipal_1,2022,44,1.25,12,1,750,1
EXP-03486,ZARZAL,VIF,Comisaria_1_Familia,2023,33,1.1,3,0,131,1
EXP-03487,TULUA,ALIMENTOS,Juzgado_1_Familia,2024,71,1.35,7,0,404,1
EXP-03488,CALI,HURTO_PATRIMONIAL,Juzgado_Penal_Municipal_1,2024,82,1.25,5,0,290,1
EXP-03489,JAMUNDI,ALIMENTOS,Comisaria_2_Familia,2024,67,0.9,7,0,269,1
EXP-03490,PRADERA,VIF,Juzgado_Penal_Municipal_1,2023,38,1.25,9,0,318,1
EXP-03491,TULUA,VIF,Juzgado_3_Familia,2024,71,0.95,4,0,205,1
EXP-03492,BUENAVENTURA,ALIMENTOS,Juzgado_2_Familia,2022,89,1.2,8,0,368,1
EXP-03493,YUMBO,ALIMENTOS,Juzgado_1_Familia,2024,62,1.35,4,0,226,1
EXP-03494,YUMBO,HURTO_PATRIMONIAL,Juzgado_Penal_Municipal_2,2022,62,1.05,9,1,548,1
EXP-03495,PALMIRA,ALIMENTOS,Comisaria_1_Familia,2024,74,1.1,5,0,213,1
EXP-03496,PRADERA,ALIMENTOS,Juzgado_1_Familia,2023,38,1.35,6,1,417,1
EXP-03497,TULUA,SUSTANCIAS,Juzgado_2_Familia,2024,71,1.2,6,0,299,1
EXP-03498,TULUA,HURTO_PATRIMONIAL,Juzgado_3_Familia,2022,71,0.95,4,0,174,0
EXP-03499,BUENAVENTURA,SUSTANCIAS,Juzgado_3_Familia,2024,89,0.95,7,0,286,1
EXP-03500,PALMIRA,VIF,Comisaria_1_Familia,2024,74,1.1,6,0,263,1
EXP-03501,FLORIDA,HURTO_PATRIMONIAL,Comisaria_2_Familia,2022,44,0.9,5,0,213,0
EXP-03502,FLORIDA,ALIMENTOS,Juzgado_Penal_Municipal_1,2024,44,1.25,9,0,470,1
EXP-03503,CALI,ALIMENTOS,Juzgado_Penal_Municipal_1,2024,82,1.25,5,0,255,1
EXP-03504,PRADERA,VIF,Juzgado_1_Familia,2022,38,1.35,3,0,182,1
EXP-03505,FLORIDA,HURTO_PATRIMONIAL,Juzgado_3_Familia,2021,44,0.95,8,0,414,1
EXP-03506,YUMBO,ALIMENTOS,Juzgado_3_Familia,2022,62,0.95,3,0,152,0
EXP-03507,PRADERA,VIF,Juzgado_1_Familia,2024,38,1.35,7,0,346,1
EXP-03508,JAMUNDI,ALIMENTOS,Juzgado_1_Familia,2022,67,1.35,3,0,131,0
EXP-03509,CALI,VIF,Juzgado_Penal_Municipal_2,2022,82,1.05,5,0,262,1
EXP-03510,YUMBO,HURTO_PATRIMONIAL,Comisaria_1_Familia,2022,62,1.1,7,0,306,0
EXP-03511,CANDELARIA,HURTO_PATRIMONIAL,Juzgado_3_Familia,2020,48,0.95,5,0,288,1
EXP-03512,BUENAVENTURA,SUSTANCIAS,Comisaria_2_Familia,2022,89,0.9,3,0,177,1
EXP-03513,CANDELARIA,ALIMENTOS,Juzgado_Penal_Municipal_1,2023,48,1.25,9,0,480,1
EXP-03514,YUMBO,VIF,Juzgado_Penal_Municipal_1,2023,62,1.25,7,0,328,1
EXP-03515,PALMIRA,HURTO_PATRIMONIAL,Juzgado_3_Familia,2020,74,0.95,2,0,146,1
EXP-03516,PRADERA,ALIMENTOS,Juzgado_Penal_Municipal_1,2022,38,1.25,10,0,432,1
EXP-03517,CANDELARIA,ALIMENTOS,Comisaria_2_Familia,2021,48,0.9,9,1,613,1
EXP-03518,CARTAGO,HURTO_PATRIMONIAL,Juzgado_3_Familia,2021,58,0.95,8,0,353,1
EXP-03519,ZARZAL,ALIMENTOS,Comisaria_2_Familia,2022,33,0.9,6,0,272,1
EXP-03520,GUADALAJARA DE BUGA,VIF,Juzgado_Penal_Municipal_1,2021,53,1.25,5,0,252,1
EXP-03521,FLORIDA,VIF,Juzgado_Penal_Municipal_2,2023,44,1.05,2,0,135,1
EXP-03522,GUADALAJARA DE BUGA,VIF,Juzgado_3_Familia,2022,53,0.95,4,0,244,1
EXP-03523,YUMBO,VIF,Juzgado_2_Familia,2021,62,1.2,8,0,363,1
EXP-03524,YUMBO,VIF,Juzgado_Penal_Municipal_2,2020,62,1.05,4,0,154,1
EXP-03525,SEVILLA,HURTO_PATRIMONIAL,Juzgado_2_Familia,2023,35,1.2,11,1,681,1
EXP-03526,BUENAVENTURA,ALIMENTOS,Comisaria_1_Familia,2023,89,1.1,8,0,395,1
EXP-03527,GUADALAJARA DE BUGA,SUSTANCIAS,Juzgado_2_Familia,2022,53,1.2,6,0,212,1
EXP-03528,BUENAVENTURA,ALIMENTOS,Juzgado_Penal_Municipal_2,2023,89,1.05,7,0,294,1
EXP-03529,FLORIDA,ALIMENTOS,Juzgado_2_Familia,2022,44,1.2,4,1,435,1
EXP-03530,EL CERRITO,ALIMENTOS,Juzgado_Penal_Municipal_2,2023,41,1.05,4,0,208,1
EXP-03531,FLORIDA,ALIMENTOS,Juzgado_Penal_Municipal_1,2023,44,1.25,6,0,295,1
EXP-03532,YUMBO,VIF,Juzgado_Penal_Municipal_1,2020,62,1.25,5,0,222,1
EXP-03533,EL CERRITO,VIF,Juzgado_2_Familia,2021,41,1.2,6,0,320,1
EXP-03534,PALMIRA,ALIMENTOS,Juzgado_2_Familia,2020,74,1.2,5,1,309,1
EXP-03535,CANDELARIA,VIF,Juzgado_Penal_Municipal_2,2022,48,1.05,4,0,143,1
EXP-03536,TULUA,VIF,Juzgado_Penal_Municipal_1,2024,71,1.25,5,0,249,1
EXP-03537,TULUA,ALIMENTOS,Juzgado_3_Familia,2023,71,0.95,7,1,385,1
EXP-03538,YUMBO,VIF,Juzgado_1_Familia,2023,62,1.35,8,0,341,1
EXP-03539,FLORIDA,HURTO_PATRIMONIAL,Comisaria_2_Familia,2021,44,0.9,1,0,109,1
EXP-03540,GUADALAJARA DE BUGA,VIF,Juzgado_Penal_Municipal_2,2023,53,1.05,4,0,155,1
EXP-03541,EL CERRITO,ALIMENTOS,Juzgado_1_Familia,2023,41,1.35,6,0,257,1
EXP-03542,CARTAGO,ALIMENTOS,Comisaria_1_Familia,2022,58,1.1,6,0,334,1
EXP-03543,PRADERA,ALIMENTOS,Juzgado_1_Familia,2024,38,1.35,8,1,600,1
EXP-03544,SEVILLA,VIF,Juzgado_Penal_Municipal_2,2023,35,1.05,5,0,168,1
EXP-03545,CALI,HURTO_PATRIMONIAL,Comisaria_2_Familia,2021,82,0.9,7,0,285,1
EXP-03546,PRADERA,ALIMENTOS,Juzgado_Penal_Municipal_1,2020,38,1.25,10,1,628,1
EXP-03547,CARTAGO,VIF,Juzgado_Penal_Municipal_2,2024,58,1.05,4,0,185,1
EXP-03548,SEVILLA,ALIMENTOS,Comisaria_1_Familia,2024,35,1.1,6,1,445,1
EXP-03549,CANDELARIA,ALIMENTOS,Juzgado_Penal_Municipal_1,2024,48,1.25,4,0,271,1
EXP-03550,PRADERA,VIF,Juzgado_Penal_Municipal_1,2021,38,1.25,4,0,187,1
EXP-03551,CARTAGO,SUSTANCIAS,Comisaria_2_Familia,2021,58,0.9,4,0,121,0
EXP-03552,EL CERRITO,ALIMENTOS,Juzgado_Penal_Municipal_2,2023,41,1.05,4,0,185,0
EXP-03553,BUENAVENTURA,VIF,Juzgado_Penal_Municipal_2,2023,89,1.05,8,0,301,1
EXP-03554,EL CERRITO,ALIMENTOS,Comisaria_2_Familia,2022,41,0.9,7,1,457,1
EXP-03555,FLORIDA,HURTO_PATRIMONIAL,Juzgado_1_Familia,2023,44,1.35,3,1,249,0
EXP-03556,TULUA,VIF,Juzgado_2_Familia,2022,71,1.2,3,0,202,1
EXP-03557,JAMUNDI,VIF,Juzgado_Penal_Municipal_1,2022,67,1.25,1,0,47,0
EXP-03558,ZARZAL,SUSTANCIAS,Juzgado_3_Familia,2023,33,0.95,6,0,218,1
EXP-03559,CANDELARIA,VIF,Comisaria_1_Familia,2020,48,1.1,5,0,302,1
EXP-03560,BUENAVENTURA,VIF,Juzgado_3_Familia,2021,89,0.95,2,0,133,1
EXP-03561,EL CERRITO,ALIMENTOS,Juzgado_2_Familia,2023,41,1.2,3,0,205,0
EXP-03562,CANDELARIA,VIF,Juzgado_2_Familia,2022,48,1.2,3,0,185,1
EXP-03563,CANDELARIA,ALIMENTOS,Juzgado_Penal_Municipal_1,2022,48,1.25,8,1,502,1
EXP-03564,CARTAGO,ALIMENTOS,Juzgado_Penal_Municipal_2,2023,58,1.05,7,1,408,1
EXP-03565,BUENAVENTURA,VIF,Comisaria_2_Familia,2021,89,0.9,3,0,108,1
EXP-03566,CANDELARIA,ALIMENTOS,Juzgado_Penal_Municipal_1,2024,48,1.25,2,1,123,0
EXP-03567,PRADERA,VIF,Juzgado_Penal_Municipal_1,2024,38,1.25,9,0,398,1
EXP-03568,CALI,VIF,Juzgado_1_Familia,2022,82,1.35,9,0,363,1
EXP-03569,TULUA,HURTO_PATRIMONIAL,Juzgado_2_Familia,2023,71,1.2,7,0,377,0
EXP-03570,BUENAVENTURA,ALIMENTOS,Comisaria_2_Familia,2022,89,0.9,6,0,281,1
EXP-03571,ZARZAL,ALIMENTOS,Juzgado_1_Familia,2024,33,1.35,6,1,429,1
EXP-03572,FLORIDA,VIF,Juzgado_Penal_Municipal_2,2020,44,1.05,5,0,248,1
EXP-03573,SEVILLA,HURTO_PATRIMONIAL,Juzgado_2_Familia,2024,35,1.2,8,0,341,1
EXP-03574,JAMUNDI,VIF,Comisaria_2_Familia,2024,67,0.9,4,0,237,1
EXP-03575,TULUA,SUSTANCIAS,Comisaria_2_Familia,2023,71,0.9,6,0,307,1
EXP-03576,CARTAGO,SUSTANCIAS,Juzgado_3_Familia,2021,58,0.95,7,0,371,1
EXP-03577,FLORIDA,ALIMENTOS,Juzgado_3_Familia,2024,44,0.95,3,0,265,1
EXP-03578,PRADERA,ALIMENTOS,Juzgado_3_Familia,2021,38,0.95,5,0,220,1
EXP-03579,FLORIDA,VIF,Juzgado_2_Familia,2022,44,1.2,5,0,314,1
EXP-03580,TULUA,VIF,Comisaria_1_Familia,2024,71,1.1,5,0,299,1
EXP-03581,BUENAVENTURA,ALIMENTOS,Juzgado_2_Familia,2022,89,1.2,7,0,329,1
EXP-03582,YUMBO,HURTO_PATRIMONIAL,Juzgado_Penal_Municipal_2,2024,62,1.05,3,0,200,0
EXP-03583,YUMBO,ALIMENTOS,Comisaria_2_Familia,2022,62,0.9,7,1,414,1
EXP-03584,CARTAGO,HURTO_PATRIMONIAL,Juzgado_Penal_Municipal_2,2024,58,1.05,5,0,223,1
EXP-03585,BUENAVENTURA,ALIMENTOS,Juzgado_Penal_Municipal_1,2021,89,1.25,7,0,336,1
EXP-03586,YUMBO,ALIMENTOS,Juzgado_1_Familia,2024,62,1.35,12,1,799,1
EXP-03587,PRADERA,ALIMENTOS,Juzgado_1_Familia,2022,38,1.35,10,0,424,1
EXP-03588,PALMIRA,HURTO_PATRIMONIAL,Juzgado_3_Familia,2021,74,0.95,10,0,423,1
EXP-03589,GUADALAJARA DE BUGA,VIF,Comisaria_1_Familia,2023,53,1.1,1,0,180,1
EXP-03590,CALI,ALIMENTOS,Juzgado_2_Familia,2023,82,1.2,4,0,230,0
EXP-03591,SEVILLA,ALIMENTOS,Juzgado_2_Familia,2023,35,1.2,7,0,366,1
EXP-03592,CALI,VIF,Juzgado_Penal_Municipal_1,2024,82,1.25,1,0,162,1
EXP-03593,BUENAVENTURA,ALIMENTOS,Juzgado_1_Familia,2023,89,1.35,9,1,646,1
EXP-03594,GUADALAJARA DE BUGA,ALIMENTOS,Juzgado_Penal_Municipal_1,2020,53,1.25,8,1,536,1
EXP-03595,PRADERA,ALIMENTOS,Juzgado_Penal_Municipal_2,2023,38,1.05,8,1,534,1
EXP-03596,CANDELARIA,ALIMENTOS,Juzgado_Penal_Municipal_2,2022,48,1.05,8,0,313,1
EXP-03597,CARTAGO,SUSTANCIAS,Comisaria_2_Familia,2022,58,0.9,4,0,250,1
EXP-03598,CALI,HURTO_PATRIMONIAL,Comisaria_1_Familia,2023,82,1.1,7,0,348,1
EXP-03599,SEVILLA,VIF,Juzgado_Penal_Municipal_1,2020,35,1.25,5,0,246,1
EXP-03600,FLORIDA,HURTO_PATRIMONIAL,Juzgado_1_Familia,2024,44,1.35,9,0,450,1
EXP-03601,CANDELARIA,VIF,Juzgado_2_Familia,2023,48,1.2,4,0,180,0
EXP-03602,JAMUNDI,HURTO_PATRIMONIAL,Comisaria_1_Familia,2024,67,1.1,14,1,837,1
EXP-03603,JAMUNDI,VIF,Juzgado_3_Familia,2024,67,0.95,5,0,258,1
EXP-03604,CALI,VIF,Comisaria_2_Familia,2024,82,0.9,3,0,171,1
EXP-03605,CALI,HURTO_PATRIMONIAL,Juzgado_3_Familia,2023,82,0.95,4,1,299,1
EXP-03606,CARTAGO,VIF,Juzgado_2_Familia,2024,58,1.2,4,0,213,1
EXP-03607,YUMBO,ALIMENTOS,Comisaria_1_Familia,2023,62,1.1,7,1,491,1
EXP-03608,PRADERA,ALIMENTOS,Comisaria_2_Familia,2024,38,0.9,2,0,169,0
EXP-03609,BUENAVENTURA,ALIMENTOS,Comisaria_1_Familia,2020,89,1.1,6,1,364,1
EXP-03610,CALI,ALIMENTOS,Juzgado_2_Familia,2024,82,1.2,10,0,466,1
EXP-03611,CARTAGO,SUSTANCIAS,Juzgado_Penal_Municipal_1,2021,58,1.25,7,0,304,1
EXP-03612,FLORIDA,HURTO_PATRIMONIAL,Comisaria_1_Familia,2024,44,1.1,9,1,688,1
EXP-03613,PRADERA,VIF,Juzgado_Penal_Municipal_2,2023,38,1.05,3,0,165,1
EXP-03614,BUENAVENTURA,ALIMENTOS,Juzgado_Penal_Municipal_2,2022,89,1.05,6,0,361,1
EXP-03615,GUADALAJARA DE BUGA,ALIMENTOS,Comisaria_2_Familia,2024,53,0.9,3,0,186,0
EXP-03616,JAMUNDI,VIF,Juzgado_Penal_Municipal_2,2021,67,1.05,4,0,193,1
EXP-03617,BUENAVENTURA,VIF,Comisaria_1_Familia,2024,89,1.1,2,0,259,1
EXP-03618,CARTAGO,SUSTANCIAS,Juzgado_Penal_Municipal_1,2024,58,1.25,8,0,373,1
EXP-03619,CARTAGO,HURTO_PATRIMONIAL,Juzgado_2_Familia,2021,58,1.2,6,0,290,1
EXP-03620,CALI,VIF,Juzgado_2_Familia,2022,82,1.2,4,0,263,1
EXP-03621,GUADALAJARA DE BUGA,VIF,Juzgado_1_Familia,2023,53,1.35,6,0,234,1
EXP-03622,JAMUNDI,HURTO_PATRIMONIAL,Juzgado_Penal_Municipal_2,2021,67,1.05,4,0,229,1
EXP-03623,EL CERRITO,ALIMENTOS,Juzgado_Penal_Municipal_2,2022,41,1.05,5,0,234,0
EXP-03624,JAMUNDI,SUSTANCIAS,Juzgado_Penal_Municipal_1,2024,67,1.25,4,0,188,1
EXP-03625,CALI,ALIMENTOS,Comisaria_1_Familia,2023,82,1.1,10,0,420,1
EXP-03626,JAMUNDI,ALIMENTOS,Juzgado_2_Familia,2024,67,1.2,3,1,237,1
EXP-03627,CARTAGO,VIF,Juzgado_Penal_Municipal_1,2020,58,1.25,3,0,182,1
EXP-03628,TULUA,VIF,Juzgado_Penal_Municipal_1,2021,71,1.25,9,0,348,1
EXP-03629,PALMIRA,VIF,Comisaria_2_Familia,2024,74,0.9,4,0,162,1
EXP-03630,YUMBO,HURTO_PATRIMONIAL,Juzgado_3_Familia,2022,62,0.95,7,0,308,1
EXP-03631,SEVILLA,VIF,Comisaria_2_Familia,2023,35,0.9,5,0,242,1
EXP-03632,PALMIRA,VIF,Comisaria_2_Familia,2023,74,0.9,5,0,252,1
EXP-03633,FLORIDA,HURTO_PATRIMONIAL,Comisaria_2_Familia,2024,44,0.9,3,1,351,0
EXP-03634,ZARZAL,ALIMENTOS,Comisaria_2_Familia,2021,33,0.9,2,1,301,1
EXP-03635,CANDELARIA,VIF,Comisaria_1_Familia,2024,48,1.1,7,0,348,1
EXP-03636,EL CERRITO,SUSTANCIAS,Juzgado_Penal_Municipal_2,2024,41,1.05,4,0,238,0
EXP-03637,CANDELARIA,VIF,Juzgado_1_Familia,2022,48,1.35,4,0,284,1
EXP-03638,CARTAGO,HURTO_PATRIMONIAL,Comisaria_2_Familia,2022,58,0.9,6,0,283,1
EXP-03639,PRADERA,VIF,Comisaria_1_Familia,2024,38,1.1,5,0,281,1
EXP-03640,JAMUNDI,VIF,Juzgado_1_Familia,2022,67,1.35,5,0,287,1
EXP-03641,ZARZAL,VIF,Comisaria_2_Familia,2023,33,0.9,6,0,309,1
EXP-03642,FLORIDA,ALIMENTOS,Juzgado_Penal_Municipal_2,2023,44,1.05,4,0,181,1
EXP-03643,EL CERRITO,ALIMENTOS,Comisaria_1_Familia,2023,41,1.1,1,1,215,0
EXP-03644,JAMUNDI,VIF,Juzgado_Penal_Municipal_1,2024,67,1.25,3,0,102,0
EXP-03645,EL CERRITO,VIF,Juzgado_2_Familia,2024,41,1.2,7,0,316,1
EXP-03646,CANDELARIA,VIF,Juzgado_3_Familia,2024,48,0.95,5,0,165,0
EXP-03647,TULUA,SUSTANCIAS,Comisaria_1_Familia,2024,71,1.1,8,0,341,1
EXP-03648,CARTAGO,VIF,Juzgado_1_Familia,2022,58,1.35,5,0,227,1
EXP-03649,PALMIRA,HURTO_PATRIMONIAL,Juzgado_Penal_Municipal_1,2024,74,1.25,12,1,746,1
EXP-03650,CARTAGO,ALIMENTOS,Juzgado_1_Familia,2024,58,1.35,11,0,467,1
EXP-03651,BUENAVENTURA,VIF,Comisaria_2_Familia,2023,89,0.9,5,0,361,1
EXP-03652,ZARZAL,ALIMENTOS,Juzgado_Penal_Municipal_2,2024,33,1.05,5,0,216,0
EXP-03653,ZARZAL,ALIMENTOS,Juzgado_3_Familia,2023,33,0.95,3,0,220,1
EXP-03654,PALMIRA,VIF,Comisaria_1_Familia,2024,74,1.1,7,0,266,1
EXP-03655,YUMBO,SUSTANCIAS,Comisaria_1_Familia,2022,62,1.1,4,0,231,1
EXP-03656,CARTAGO,SUSTANCIAS,Comisaria_2_Familia,2020,58,0.9,7,0,378,1
EXP-03657,SEVILLA,ALIMENTOS,Juzgado_3_Familia,2022,35,0.95,2,1,203,0
EXP-03658,EL CERRITO,SUSTANCIAS,Juzgado_Penal_Municipal_2,2021,41,1.05,4,0,267,1
EXP-03659,YUMBO,HURTO_PATRIMONIAL,Comisaria_2_Familia,2022,62,0.9,6,0,308,1
EXP-03660,PRADERA,SUSTANCIAS,Comisaria_2_Familia,2023,38,0.9,4,0,241,1
EXP-03661,SEVILLA,VIF,Juzgado_Penal_Municipal_1,2023,35,1.25,5,0,268,1
EXP-03662,FLORIDA,VIF,Comisaria_1_Familia,2023,44,1.1,2,0,111,0
EXP-03663,ZARZAL,VIF,Juzgado_Penal_Municipal_2,2022,33,1.05,1,0,76,0
EXP-03664,ZARZAL,ALIMENTOS,Juzgado_Penal_Municipal_1,2021,33,1.25,5,0,291,1
EXP-03665,SEVILLA,VIF,Comisaria_2_Familia,2021,35,0.9,2,0,51,1
EXP-03666,CALI,ALIMENTOS,Juzgado_1_Familia,2021,82,1.35,5,1,380,0
EXP-03667,FLORIDA,ALIMENTOS,Juzgado_Penal_Municipal_2,2024,44,1.05,5,0,144,1
EXP-03668,FLORIDA,VIF,Juzgado_Penal_Municipal_2,2020,44,1.05,5,0,168,1
EXP-03669,CARTAGO,HURTO_PATRIMONIAL,Juzgado_1_Familia,2024,58,1.35,9,0,444,1
EXP-03670,YUMBO,ALIMENTOS,Juzgado_3_Familia,2024,62,0.95,5,1,267,1
EXP-03671,GUADALAJARA DE BUGA,HURTO_PATRIMONIAL,Juzgado_3_Familia,2020,53,0.95,6,0,320,1
EXP-03672,PRADERA,VIF,Comisaria_1_Familia,2024,38,1.1,3,0,124,0
EXP-03673,EL CERRITO,VIF,Juzgado_1_Familia,2021,41,1.35,6,0,277,1
EXP-03674,TULUA,ALIMENTOS,Comisaria_1_Familia,2021,71,1.1,6,0,276,1
EXP-03675,PRADERA,ALIMENTOS,Juzgado_3_Familia,2021,38,0.95,7,0,319,1
EXP-03676,FLORIDA,ALIMENTOS,Comisaria_2_Familia,2024,44,0.9,3,0,195,1
EXP-03677,JAMUNDI,HURTO_PATRIMONIAL,Juzgado_1_Familia,2021,67,1.35,8,0,441,1
EXP-03678,CARTAGO,VIF,Comisaria_1_Familia,2021,58,1.1,3,0,122,0
EXP-03679,CARTAGO,HURTO_PATRIMONIAL,Comisaria_1_Familia,2021,58,1.1,9,1,582,1
EXP-03680,YUMBO,HURTO_PATRIMONIAL,Comisaria_1_Familia,2021,62,1.1,6,0,295,1
EXP-03681,CALI,ALIMENTOS,Juzgado_Penal_Municipal_2,2022,82,1.05,8,0,350,1
EXP-03682,FLORIDA,VIF,Comisaria_2_Familia,2023,44,0.9,4,0,122,1
EXP-03683,PALMIRA,ALIMENTOS,Juzgado_2_Familia,2024,74,1.2,7,0,333,1
EXP-03684,SEVILLA,SUSTANCIAS,Comisaria_1_Familia,2024,35,1.1,7,0,331,1
EXP-03685,YUMBO,VIF,Comisaria_1_Familia,2021,62,1.1,6,0,308,1
EXP-03686,TULUA,VIF,Juzgado_2_Familia,2024,71,1.2,6,0,337,1
EXP-03687,BUENAVENTURA,HURTO_PATRIMONIAL,Comisaria_2_Familia,2023,89,0.9,7,0,390,1
EXP-03688,CARTAGO,VIF,Juzgado_2_Familia,2023,58,1.2,5,0,174,1
EXP-03689,TULUA,ALIMENTOS,Juzgado_3_Familia,2024,71,0.95,9,0,387,1
EXP-03690,FLORIDA,HURTO_PATRIMONIAL,Juzgado_1_Familia,2024,44,1.35,11,0,474,1
EXP-03691,CALI,VIF,Juzgado_Penal_Municipal_2,2022,82,1.05,7,0,275,0
EXP-03692,CALI,VIF,Juzgado_3_Familia,2024,82,0.95,7,0,339,1
EXP-03693,PRADERA,VIF,Juzgado_3_Familia,2021,38,0.95,7,0,266,1
EXP-03694,JAMUNDI,HURTO_PATRIMONIAL,Juzgado_3_Familia,2024,67,0.95,7,0,339,0
EXP-03695,CARTAGO,HURTO_PATRIMONIAL,Comisaria_1_Familia,2024,58,1.1,6,0,280,1
EXP-03696,PALMIRA,HURTO_PATRIMONIAL,Juzgado_1_Familia,2021,74,1.35,8,0,430,1
EXP-03697,PALMIRA,ALIMENTOS,Juzgado_Penal_Municipal_1,2023,74,1.25,3,0,215,1
EXP-03698,EL CERRITO,ALIMENTOS,Juzgado_Penal_Municipal_2,2022,41,1.05,5,0,273,1
EXP-03699,CALI,ALIMENTOS,Juzgado_Penal_Municipal_2,2022,82,1.05,2,0,186,1
EXP-03700,CALI,ALIMENTOS,Juzgado_Penal_Municipal_1,2021,82,1.25,5,0,191,1
EXP-03701,JAMUNDI,VIF,Juzgado_Penal_Municipal_1,2024,67,1.25,1,0,30,1
EXP-03702,SEVILLA,ALIMENTOS,Juzgado_Penal_Municipal_1,2020,35,1.25,5,0,179,0
EXP-03703,SEVILLA,VIF,Comisaria_2_Familia,2021,35,0.9,2,0,190,1
EXP-03704,PALMIRA,ALIMENTOS,Comisaria_1_Familia,2023,74,1.1,7,0,338,1
EXP-03705,CARTAGO,ALIMENTOS,Juzgado_1_Familia,2020,58,1.35,10,0,482,1
EXP-03706,CALI,ALIMENTOS,Juzgado_Penal_Municipal_2,2022,82,1.05,6,1,368,1
EXP-03707,SEVILLA,ALIMENTOS,Juzgado_1_Familia,2020,35,1.35,8,0,390,1
EXP-03708,PALMIRA,VIF,Comisaria_1_Familia,2024,74,1.1,5,0,214,1
EXP-03709,CARTAGO,VIF,Comisaria_1_Familia,2024,58,1.1,6,0,267,1
EXP-03710,CARTAGO,VIF,Juzgado_1_Familia,2022,58,1.35,9,0,374,1
EXP-03711,TULUA,ALIMENTOS,Juzgado_3_Familia,2024,71,0.95,1,1,114,0
EXP-03712,ZARZAL,VIF,Juzgado_3_Familia,2023,33,0.95,3,0,116,1
EXP-03713,PALMIRA,VIF,Juzgado_2_Familia,2024,74,1.2,7,0,315,1
EXP-03714,FLORIDA,VIF,Juzgado_Penal_Municipal_2,2022,44,1.05,8,0,369,1
EXP-03715,PRADERA,ALIMENTOS,Comisaria_1_Familia,2024,38,1.1,7,0,385,1
EXP-03716,ZARZAL,SUSTANCIAS,Juzgado_Penal_Municipal_2,2021,33,1.05,1,0,170,1
EXP-03717,CANDELARIA,HURTO_PATRIMONIAL,Juzgado_3_Familia,2023,48,0.95,4,0,222,1
EXP-03718,JAMUNDI,ALIMENTOS,Juzgado_Penal_Municipal_1,2024,67,1.25,2,0,104,0
EXP-03719,CALI,HURTO_PATRIMONIAL,Juzgado_2_Familia,2020,82,1.2,5,0,251,1
EXP-03720,CARTAGO,ALIMENTOS,Juzgado_2_Familia,2022,58,1.2,5,0,291,1
EXP-03721,SEVILLA,VIF,Juzgado_1_Familia,2021,35,1.35,7,0,321,1
EXP-03722,CANDELARIA,ALIMENTOS,Juzgado_Penal_Municipal_2,2023,48,1.05,6,0,361,1
EXP-03723,JAMUNDI,ALIMENTOS,Juzgado_Penal_Municipal_1,2024,67,1.25,6,0,309,1
EXP-03724,GUADALAJARA DE BUGA,ALIMENTOS,Juzgado_Penal_Municipal_2,2024,53,1.05,8,0,325,1
EXP-03725,GUADALAJARA DE BUGA,ALIMENTOS,Juzgado_Penal_Municipal_1,2023,53,1.25,8,0,377,1
EXP-03726,SEVILLA,ALIMENTOS,Juzgado_3_Familia,2024,35,0.95,5,1,319,1
EXP-03727,CARTAGO,ALIMENTOS,Juzgado_3_Familia,2024,58,0.95,8,1,492,1
EXP-03728,CANDELARIA,ALIMENTOS,Juzgado_2_Familia,2023,48,1.2,7,0,288,1
EXP-03729,SEVILLA,HURTO_PATRIMONIAL,Juzgado_3_Familia,2020,35,0.95,2,1,210,1
EXP-03730,FLORIDA,ALIMENTOS,Juzgado_2_Familia,2023,44,1.2,6,0,365,1
EXP-03731,CARTAGO,HURTO_PATRIMONIAL,Comisaria_1_Familia,2024,58,1.1,6,1,427,1
EXP-03732,GUADALAJARA DE BUGA,VIF,Juzgado_Penal_Municipal_1,2021,53,1.25,5,0,246,1
EXP-03733,YUMBO,VIF,Juzgado_Penal_Municipal_2,2022,62,1.05,2,0,146,1
EXP-03734,CALI,VIF,Comisaria_1_Familia,2022,82,1.1,8,0,273,1
EXP-03735,CALI,VIF,Comisaria_2_Familia,2022,82,0.9,4,0,242,1
EXP-03736,PALMIRA,VIF,Comisaria_1_Familia,2022,74,1.1,5,0,240,0
EXP-03737,YUMBO,HURTO_PATRIMONIAL,Juzgado_2_Familia,2023,62,1.2,5,0,265,0
EXP-03738,BUENAVENTURA,VIF,Juzgado_2_Familia,2024,89,1.2,6,0,256,1
EXP-03739,FLORIDA,ALIMENTOS,Comisaria_1_Familia,2024,44,1.1,9,0,435,1
EXP-03740,GUADALAJARA DE BUGA,HURTO_PATRIMONIAL,Comisaria_2_Familia,2024,53,0.9,6,0,324,1
EXP-03741,FLORIDA,VIF,Juzgado_Penal_Municipal_1,2021,44,1.25,3,0,211,1
EXP-03742,PALMIRA,VIF,Juzgado_Penal_Municipal_2,2024,74,1.05,4,0,217,1
EXP-03743,CANDELARIA,VIF,Comisaria_2_Familia,2024,48,0.9,3,0,129,0
EXP-03744,YUMBO,VIF,Juzgado_Penal_Municipal_2,2024,62,1.05,5,0,221,1
EXP-03745,YUMBO,SUSTANCIAS,Juzgado_2_Familia,2020,62,1.2,6,0,306,1
EXP-03746,ZARZAL,VIF,Comisaria_2_Familia,2023,33,0.9,3,0,174,1
EXP-03747,BUENAVENTURA,VIF,Comisaria_2_Familia,2024,89,0.9,3,0,180,1
EXP-03748,FLORIDA,VIF,Juzgado_Penal_Municipal_1,2023,44,1.25,5,0,244,1
EXP-03749,GUADALAJARA DE BUGA,VIF,Comisaria_1_Familia,2024,53,1.1,6,0,227,1
EXP-03750,BUENAVENTURA,SUSTANCIAS,Comisaria_2_Familia,2023,89,0.9,5,0,296,1
EXP-03751,SEVILLA,HURTO_PATRIMONIAL,Juzgado_2_Familia,2021,35,1.2,5,0,306,1
EXP-03752,EL CERRITO,HURTO_PATRIMONIAL,Juzgado_1_Familia,2022,41,1.35,10,1,702,1
EXP-03753,ZARZAL,VIF,Juzgado_Penal_Municipal_2,2023,33,1.05,3,0,167,1
EXP-03754,BUENAVENTURA,ALIMENTOS,Comisaria_1_Familia,2020,89,1.1,10,0,453,1
EXP-03755,CANDELARIA,VIF,Juzgado_Penal_Municipal_1,2020,48,1.25,4,0,257,1
EXP-03756,BUENAVENTURA,VIF,Juzgado_3_Familia,2024,89,0.95,6,0,247,1
EXP-03757,PALMIRA,ALIMENTOS,Juzgado_Penal_Municipal_1,2021,74,1.25,10,0,459,1
EXP-03758,YUMBO,HURTO_PATRIMONIAL,Juzgado_1_Familia,2024,62,1.35,10,1,623,0
EXP-03759,SEVILLA,HURTO_PATRIMONIAL,Comisaria_2_Familia,2023,35,0.9,1,1,65,1
EXP-03760,CARTAGO,ALIMENTOS,Juzgado_Penal_Municipal_1,2024,58,1.25,11,1,709,1
EXP-03761,CALI,VIF,Juzgado_1_Familia,2023,82,1.35,10,0,512,1
EXP-03762,ZARZAL,VIF,Comisaria_1_Familia,2021,33,1.1,7,0,313,1
EXP-03763,FLORIDA,VIF,Juzgado_Penal_Municipal_2,2023,44,1.05,5,0,185,1
EXP-03764,CALI,ALIMENTOS,Juzgado_2_Familia,2022,82,1.2,5,0,222,1
EXP-03765,TULUA,ALIMENTOS,Juzgado_3_Familia,2024,71,0.95,8,0,359,1
EXP-03766,PRADERA,ALIMENTOS,Juzgado_3_Familia,2021,38,0.95,4,1,232,1
EXP-03767,JAMUNDI,VIF,Juzgado_2_Familia,2024,67,1.2,3,0,201,1
EXP-03768,SEVILLA,ALIMENTOS,Juzgado_Penal_Municipal_1,2024,35,1.25,7,1,413,1
EXP-03769,TULUA,ALIMENTOS,Juzgado_3_Familia,2023,71,0.95,5,1,369,0
EXP-03770,YUMBO,SUSTANCIAS,Juzgado_Penal_Municipal_1,2024,62,1.25,6,0,306,1
EXP-03771,JAMUNDI,VIF,Juzgado_2_Familia,2022,67,1.2,5,0,274,1
EXP-03772,BUENAVENTURA,VIF,Juzgado_2_Familia,2023,89,1.2,6,0,280,1
EXP-03773,JAMUNDI,ALIMENTOS,Comisaria_2_Familia,2022,67,0.9,4,0,130,0
EXP-03774,EL CERRITO,VIF,Juzgado_Penal_Municipal_1,2022,41,1.25,4,0,256,1
EXP-03775,BUENAVENTURA,ALIMENTOS,Juzgado_Penal_Municipal_1,2023,89,1.25,5,1,386,1
EXP-03776,ZARZAL,ALIMENTOS,Juzgado_3_Familia,2024,33,0.95,4,0,185,1
EXP-03777,FLORIDA,VIF,Juzgado_2_Familia,2023,44,1.2,5,0,310,1
EXP-03778,PRADERA,ALIMENTOS,Comisaria_2_Familia,2024,38,0.9,1,1,142,0
EXP-03779,CALI,ALIMENTOS,Juzgado_2_Familia,2022,82,1.2,6,0,378,1
EXP-03780,SEVILLA,VIF,Juzgado_3_Familia,2024,35,0.95,3,0,216,1
EXP-03781,FLORIDA,ALIMENTOS,Juzgado_Penal_Municipal_1,2020,44,1.25,6,1,383,1
EXP-03782,CARTAGO,ALIMENTOS,Juzgado_2_Familia,2022,58,1.2,8,0,341,1
EXP-03783,FLORIDA,ALIMENTOS,Juzgado_Penal_Municipal_1,2022,44,1.25,5,0,162,0
EXP-03784,PALMIRA,ALIMENTOS,Comisaria_2_Familia,2023,74,0.9,5,0,308,1
EXP-03785,CARTAGO,VIF,Juzgado_Penal_Municipal_2,2022,58,1.05,2,0,135,1
EXP-03786,CANDELARIA,SUSTANCIAS,Juzgado_3_Familia,2023,48,0.95,2,0,184,1
EXP-03787,JAMUNDI,VIF,Juzgado_2_Familia,2021,67,1.2,5,0,275,1
EXP-03788,CANDELARIA,VIF,Juzgado_3_Familia,2024,48,0.95,2,0,141,1
EXP-03789,CALI,ALIMENTOS,Comisaria_1_Familia,2024,82,1.1,5,1,354,1
EXP-03790,JAMUNDI,ALIMENTOS,Juzgado_1_Familia,2024,67,1.35,3,1,267,0
EXP-03791,BUENAVENTURA,SUSTANCIAS,Comisaria_2_Familia,2021,89,0.9,7,0,346,1
EXP-03792,EL CERRITO,ALIMENTOS,Juzgado_1_Familia,2022,41,1.35,9,0,399,1
EXP-03793,CALI,VIF,Juzgado_2_Familia,2022,82,1.2,6,0,307,1
EXP-03794,EL CERRITO,HURTO_PATRIMONIAL,Juzgado_1_Familia,2022,41,1.35,4,1,224,0
EXP-03795,TULUA,VIF,Juzgado_2_Familia,2021,71,1.2,5,0,254,1
EXP-03796,JAMUNDI,ALIMENTOS,Juzgado_1_Familia,2021,67,1.35,5,0,321,0
EXP-03797,CALI,VIF,Juzgado_Penal_Municipal_2,2023,82,1.05,4,0,176,1
EXP-03798,PRADERA,ALIMENTOS,Juzgado_1_Familia,2023,38,1.35,8,0,397,0
EXP-03799,FLORIDA,ALIMENTOS,Juzgado_3_Familia,2024,44,0.95,4,1,343,1
EXP-03800,SEVILLA,SUSTANCIAS,Juzgado_Penal_Municipal_1,2023,35,1.25,4,0,176,1
EXP-03801,FLORIDA,VIF,Comisaria_1_Familia,2021,44,1.1,2,0,169,1
EXP-03802,ZARZAL,VIF,Juzgado_3_Familia,2021,33,0.95,3,0,146,1
EXP-03803,FLORIDA,SUSTANCIAS,Juzgado_2_Familia,2022,44,1.2,2,0,117,1
EXP-03804,CALI,VIF,Juzgado_Penal_Municipal_2,2021,82,1.05,4,0,169,1
EXP-03805,BUENAVENTURA,ALIMENTOS,Comisaria_2_Familia,2023,89,0.9,6,0,310,1
EXP-03806,FLORIDA,VIF,Juzgado_2_Familia,2022,44,1.2,4,0,230,1
EXP-03807,PALMIRA,ALIMENTOS,Juzgado_1_Familia,2024,74,1.35,13,0,586,1
EXP-03808,ZARZAL,ALIMENTOS,Juzgado_Penal_Municipal_2,2024,33,1.05,10,1,565,1
EXP-03809,ZARZAL,ALIMENTOS,Comisaria_2_Familia,2021,33,0.9,4,1,270,1
EXP-03810,EL CERRITO,ALIMENTOS,Juzgado_2_Familia,2023,41,1.2,9,1,614,1
EXP-03811,GUADALAJARA DE BUGA,HURTO_PATRIMONIAL,Juzgado_2_Familia,2023,53,1.2,6,0,305,1
EXP-03812,EL CERRITO,ALIMENTOS,Juzgado_Penal_Municipal_2,2022,41,1.05,6,0,284,1
EXP-03813,BUENAVENTURA,VIF,Comisaria_1_Familia,2023,89,1.1,8,0,400,1
EXP-03814,CARTAGO,ALIMENTOS,Juzgado_2_Familia,2023,58,1.2,8,0,399,1
EXP-03815,CARTAGO,SUSTANCIAS,Comisaria_2_Familia,2020,58,0.9,5,0,239,1
EXP-03816,CANDELARIA,VIF,Comisaria_1_Familia,2024,48,1.1,3,0,190,1
EXP-03817,CANDELARIA,ALIMENTOS,Juzgado_Penal_Municipal_2,2023,48,1.05,7,0,324,1
EXP-03818,BUENAVENTURA,HURTO_PATRIMONIAL,Juzgado_Penal_Municipal_2,2023,89,1.05,7,0,352,1
EXP-03819,EL CERRITO,VIF,Juzgado_Penal_Municipal_2,2022,41,1.05,5,0,220,1
EXP-03820,CANDELARIA,SUSTANCIAS,Juzgado_Penal_Municipal_2,2022,48,1.05,5,0,247,1
EXP-03821,YUMBO,ALIMENTOS,Juzgado_Penal_Municipal_1,2022,62,1.25,4,0,229,0
EXP-03822,TULUA,SUSTANCIAS,Juzgado_3_Familia,2023,71,0.95,4,0,230,1
EXP-03823,SEVILLA,SUSTANCIAS,Comisaria_1_Familia,2023,35,1.1,7,0,251,1
EXP-03824,CANDELARIA,HURTO_PATRIMONIAL,Juzgado_3_Familia,2024,48,0.95,7,0,363,1
EXP-03825,JAMUNDI,ALIMENTOS,Juzgado_1_Familia,2023,67,1.35,9,0,432,1
EXP-03826,JAMUNDI,HURTO_PATRIMONIAL,Juzgado_Penal_Municipal_2,2020,67,1.05,3,1,197,1
EXP-03827,GUADALAJARA DE BUGA,HURTO_PATRIMONIAL,Juzgado_2_Familia,2024,53,1.2,6,0,266,1
EXP-03828,CALI,HURTO_PATRIMONIAL,Juzgado_2_Familia,2021,82,1.2,6,0,272,1
EXP-03829,TULUA,SUSTANCIAS,Juzgado_Penal_Municipal_1,2023,71,1.25,11,0,436,1
EXP-03830,FLORIDA,ALIMENTOS,Comisaria_1_Familia,2023,44,1.1,7,1,518,1
EXP-03831,TULUA,VIF,Juzgado_Penal_Municipal_1,2022,71,1.25,3,0,263,1
EXP-03832,CALI,VIF,Juzgado_Penal_Municipal_1,2021,82,1.25,1,0,100,0
EXP-03833,YUMBO,HURTO_PATRIMONIAL,Juzgado_Penal_Municipal_2,2021,62,1.05,11,0,562,1
EXP-03834,FLORIDA,ALIMENTOS,Comisaria_2_Familia,2021,44,0.9,6,0,325,1
EXP-03835,CARTAGO,HURTO_PATRIMONIAL,Comisaria_2_Familia,2023,58,0.9,6,0,268,1
EXP-03836,CANDELARIA,HURTO_PATRIMONIAL,Comisaria_2_Familia,2021,48,0.9,2,1,140,0
EXP-03837,PALMIRA,ALIMENTOS,Juzgado_1_Familia,2021,74,1.35,7,0,347,1
EXP-03838,ZARZAL,VIF,Juzgado_3_Familia,2022,33,0.95,4,0,177,1
EXP-03839,ZARZAL,ALIMENTOS,Juzgado_Penal_Municipal_2,2022,33,1.05,4,1,306,1
EXP-03840,CALI,ALIMENTOS,Juzgado_Penal_Municipal_2,2024,82,1.05,8,0,342,1
EXP-03841,BUENAVENTURA,HURTO_PATRIMONIAL,Juzgado_Penal_Municipal_1,2024,89,1.25,12,0,548,0
EXP-03842,EL CERRITO,VIF,Juzgado_Penal_Municipal_2,2022,41,1.05,2,0,97,0
EXP-03843,CANDELARIA,VIF,Comisaria_1_Familia,2024,48,1.1,6,0,270,1
EXP-03844,SEVILLA,SUSTANCIAS,Juzgado_2_Familia,2024,35,1.2,5,0,243,1
EXP-03845,JAMUNDI,VIF,Juzgado_3_Familia,2023,67,0.95,5,0,244,1
EXP-03846,CALI,HURTO_PATRIMONIAL,Juzgado_3_Familia,2021,82,0.95,9,0,476,1
EXP-03847,SEVILLA,ALIMENTOS,Juzgado_Penal_Municipal_2,2022,35,1.05,7,0,306,1
EXP-03848,ZARZAL,HURTO_PATRIMONIAL,Juzgado_1_Familia,2024,33,1.35,9,1,498,0
EXP-03849,YUMBO,HURTO_PATRIMONIAL,Juzgado_1_Familia,2024,62,1.35,9,0,471,1
EXP-03850,CARTAGO,VIF,Juzgado_2_Familia,2024,58,1.2,5,0,300,1
EXP-03851,CARTAGO,ALIMENTOS,Juzgado_Penal_Municipal_2,2022,58,1.05,5,0,305,1
EXP-03852,YUMBO,VIF,Juzgado_Penal_Municipal_2,2022,62,1.05,2,0,101,0
EXP-03853,TULUA,VIF,Comisaria_1_Familia,2024,71,1.1,5,0,135,1
EXP-03854,ZARZAL,ALIMENTOS,Comisaria_1_Familia,2021,33,1.1,9,0,401,1
EXP-03855,CANDELARIA,VIF,Juzgado_2_Familia,2022,48,1.2,6,0,279,1
EXP-03856,PRADERA,ALIMENTOS,Comisaria_2_Familia,2023,38,0.9,1,0,109,0
EXP-03857,CANDELARIA,VIF,Comisaria_2_Familia,2022,48,0.9,1,0,105,0
EXP-03858,TULUA,SUSTANCIAS,Juzgado_Penal_Municipal_1,2024,71,1.25,7,0,344,1
EXP-03859,PRADERA,HURTO_PATRIMONIAL,Juzgado_Penal_Municipal_2,2022,38,1.05,2,0,243,1
EXP-03860,TULUA,SUSTANCIAS,Juzgado_1_Familia,2024,71,1.35,3,0,165,0
EXP-03861,EL CERRITO,SUSTANCIAS,Comisaria_2_Familia,2023,41,0.9,3,0,153,1
EXP-03862,GUADALAJARA DE BUGA,VIF,Comisaria_2_Familia,2021,53,0.9,6,0,292,1
EXP-03863,CARTAGO,VIF,Juzgado_Penal_Municipal_2,2021,58,1.05,3,0,199,1
EXP-03864,CANDELARIA,VIF,Comisaria_1_Familia,2024,48,1.1,4,0,251,1
EXP-03865,SEVILLA,VIF,Juzgado_Penal_Municipal_1,2024,35,1.25,5,0,214,1
EXP-03866,EL CERRITO,ALIMENTOS,Comisaria_1_Familia,2021,41,1.1,4,1,369,1
EXP-03867,EL CERRITO,HURTO_PATRIMONIAL,Juzgado_Penal_Municipal_2,2024,41,1.05,2,1,243,1
EXP-03868,PALMIRA,VIF,Comisaria_1_Familia,2021,74,1.1,2,0,148,1
EXP-03869,BUENAVENTURA,VIF,Juzgado_3_Familia,2023,89,0.95,3,0,244,1
EXP-03870,CANDELARIA,VIF,Juzgado_2_Familia,2020,48,1.2,4,0,140,1
EXP-03871,CANDELARIA,VIF,Juzgado_3_Familia,2024,48,0.95,2,0,115,1
EXP-03872,YUMBO,ALIMENTOS,Comisaria_2_Familia,2023,62,0.9,8,1,541,1
EXP-03873,EL CERRITO,VIF,Juzgado_Penal_Municipal_2,2020,41,1.05,4,0,177,1
EXP-03874,PALMIRA,SUSTANCIAS,Comisaria_1_Familia,2022,74,1.1,4,0,244,1
EXP-03875,PALMIRA,HURTO_PATRIMONIAL,Comisaria_2_Familia,2021,74,0.9,1,0,144,1
EXP-03876,FLORIDA,VIF,Juzgado_1_Familia,2022,44,1.35,6,0,327,1
EXP-03877,CARTAGO,VIF,Comisaria_2_Familia,2022,58,0.9,4,0,187,1
EXP-03878,SEVILLA,ALIMENTOS,Juzgado_1_Familia,2021,35,1.35,7,0,397,1
EXP-03879,CALI,HURTO_PATRIMONIAL,Juzgado_Penal_Municipal_1,2023,82,1.25,6,1,515,1
EXP-03880,FLORIDA,HURTO_PATRIMONIAL,Juzgado_Penal_Municipal_2,2022,44,1.05,7,0,293,1
EXP-03881,SEVILLA,VIF,Juzgado_3_Familia,2024,35,0.95,3,0,229,1
EXP-03882,EL CERRITO,ALIMENTOS,Juzgado_2_Familia,2024,41,1.2,6,0,303,1
EXP-03883,CALI,ALIMENTOS,Juzgado_3_Familia,2023,82,0.95,4,0,160,0
EXP-03884,YUMBO,HURTO_PATRIMONIAL,Juzgado_Penal_Municipal_1,2023,62,1.25,4,0,188,0
EXP-03885,PRADERA,ALIMENTOS,Comisaria_2_Familia,2020,38,0.9,3,1,205,0
EXP-03886,JAMUNDI,ALIMENTOS,Comisaria_1_Familia,2023,67,1.1,9,0,403,1
EXP-03887,PALMIRA,HURTO_PATRIMONIAL,Juzgado_2_Familia,2024,74,1.2,6,1,496,1
EXP-03888,ZARZAL,VIF,Comisaria_1_Familia,2023,33,1.1,4,0,137,1
EXP-03889,CARTAGO,HURTO_PATRIMONIAL,Juzgado_Penal_Municipal_2,2021,58,1.05,5,0,254,1
EXP-03890,BUENAVENTURA,VIF,Juzgado_Penal_Municipal_1,2023,89,1.25,5,0,327,1
EXP-03891,ZARZAL,ALIMENTOS,Juzgado_Penal_Municipal_2,2021,33,1.05,2,0,64,1
EXP-03892,CALI,ALIMENTOS,Juzgado_2_Familia,2024,82,1.2,9,0,337,1
EXP-03893,GUADALAJARA DE BUGA,VIF,Juzgado_Penal_Municipal_2,2022,53,1.05,1,0,100,1
EXP-03894,BUENAVENTURA,VIF,Juzgado_2_Familia,2022,89,1.2,5,0,248,1
EXP-03895,YUMBO,HURTO_PATRIMONIAL,Juzgado_3_Familia,2022,62,0.95,5,0,276,1
EXP-03896,YUMBO,VIF,Juzgado_1_Familia,2023,62,1.35,4,0,334,1
EXP-03897,CARTAGO,VIF,Juzgado_Penal_Municipal_1,2024,58,1.25,7,0,231,1
EXP-03898,ZARZAL,HURTO_PATRIMONIAL,Juzgado_Penal_Municipal_2,2020,33,1.05,8,0,324,1
EXP-03899,TULUA,VIF,Comisaria_2_Familia,2022,71,0.9,5,0,189,1
EXP-03900,SEVILLA,HURTO_PATRIMONIAL,Juzgado_1_Familia,2024,35,1.35,13,1,718,1
EXP-03901,YUMBO,SUSTANCIAS,Comisaria_1_Familia,2024,62,1.1,5,0,237,1
EXP-03902,PALMIRA,HURTO_PATRIMONIAL,Juzgado_Penal_Municipal_2,2023,74,1.05,4,0,152,1
EXP-03903,YUMBO,HURTO_PATRIMONIAL,Juzgado_Penal_Municipal_1,2024,62,1.25,8,0,366,1
EXP-03904,TULUA,VIF,Juzgado_3_Familia,2023,71,0.95,4,0,196,1
EXP-03905,JAMUNDI,ALIMENTOS,Juzgado_1_Familia,2021,67,1.35,7,0,333,0
EXP-03906,CALI,VIF,Comisaria_1_Familia,2021,82,1.1,4,0,301,1
EXP-03907,FLORIDA,ALIMENTOS,Juzgado_Penal_Municipal_2,2023,44,1.05,5,0,311,1
EXP-03908,CALI,HURTO_PATRIMONIAL,Comisaria_1_Familia,2022,82,1.1,9,0,453,1
EXP-03909,CARTAGO,VIF,Juzgado_2_Familia,2022,58,1.2,7,0,367,1
EXP-03910,CANDELARIA,VIF,Juzgado_Penal_Municipal_2,2023,48,1.05,8,0,288,1
EXP-03911,JAMUNDI,VIF,Juzgado_3_Familia,2024,67,0.95,5,0,162,1
EXP-03912,BUENAVENTURA,ALIMENTOS,Juzgado_2_Familia,2022,89,1.2,3,0,196,0
EXP-03913,JAMUNDI,VIF,Comisaria_1_Familia,2024,67,1.1,2,0,149,0
EXP-03914,CARTAGO,HURTO_PATRIMONIAL,Juzgado_Penal_Municipal_1,2021,58,1.25,4,0,231,1
EXP-03915,CALI,VIF,Comisaria_2_Familia,2023,82,0.9,6,0,255,1
EXP-03916,GUADALAJARA DE BUGA,HURTO_PATRIMONIAL,Juzgado_Penal_Municipal_1,2023,53,1.25,6,1,411,1
EXP-03917,CALI,VIF,Juzgado_2_Familia,2023,82,1.2,3,0,133,0
EXP-03918,PRADERA,VIF,Juzgado_Penal_Municipal_2,2022,38,1.05,6,0,292,1
EXP-03919,FLORIDA,ALIMENTOS,Juzgado_Penal_Municipal_2,2021,44,1.05,3,1,208,1
EXP-03920,JAMUNDI,VIF,Juzgado_1_Familia,2022,67,1.35,4,0,179,0
EXP-03921,GUADALAJARA DE BUGA,VIF,Comisaria_2_Familia,2021,53,0.9,3,0,110,1
EXP-03922,PRADERA,HURTO_PATRIMONIAL,Juzgado_2_Familia,2022,38,1.2,9,0,475,1
EXP-03923,CANDELARIA,ALIMENTOS,Juzgado_Penal_Municipal_1,2024,48,1.25,5,0,258,1
EXP-03924,BUENAVENTURA,ALIMENTOS,Juzgado_1_Familia,2024,89,1.35,9,1,571,1
EXP-03925,PALMIRA,HURTO_PATRIMONIAL,Comisaria_2_Familia,2023,74,0.9,8,0,345,1
EXP-03926,PALMIRA,SUSTANCIAS,Juzgado_1_Familia,2024,74,1.35,11,0,505,1
EXP-03927,EL CERRITO,ALIMENTOS,Juzgado_Penal_Municipal_2,2023,41,1.05,5,1,390,1
EXP-03928,FLORIDA,VIF,Juzgado_1_Familia,2024,44,1.35,7,0,298,1
EXP-03929,CARTAGO,VIF,Juzgado_2_Familia,2020,58,1.2,5,0,196,1
EXP-03930,GUADALAJARA DE BUGA,VIF,Juzgado_2_Familia,2023,53,1.2,5,0,212,1
EXP-03931,SEVILLA,ALIMENTOS,Juzgado_1_Familia,2023,35,1.35,4,0,151,0
EXP-03932,SEVILLA,VIF,Juzgado_Penal_Municipal_1,2023,35,1.25,5,0,273,1
EXP-03933,GUADALAJARA DE BUGA,HURTO_PATRIMONIAL,Comisaria_1_Familia,2022,53,1.1,4,1,371,1
EXP-03934,PALMIRA,ALIMENTOS,Juzgado_1_Familia,2022,74,1.35,7,1,536,1
EXP-03935,CALI,ALIMENTOS,Comisaria_2_Familia,2022,82,0.9,5,0,263,1
EXP-03936,YUMBO,ALIMENTOS,Juzgado_Penal_Municipal_1,2023,62,1.25,3,1,259,1
EXP-03937,CALI,ALIMENTOS,Juzgado_1_Familia,2022,82,1.35,9,1,450,1
EXP-03938,CALI,VIF,Juzgado_Penal_Municipal_1,2021,82,1.25,4,0,276,1
EXP-03939,PRADERA,HURTO_PATRIMONIAL,Juzgado_Penal_Municipal_2,2024,38,1.05,6,0,363,0
EXP-03940,TULUA,VIF,Juzgado_2_Familia,2024,71,1.2,5,0,238,1
EXP-03941,CARTAGO,VIF,Juzgado_Penal_Municipal_1,2021,58,1.25,3,0,159,0
EXP-03942,YUMBO,SUSTANCIAS,Comisaria_2_Familia,2020,62,0.9,4,0,158,1
EXP-03943,SEVILLA,ALIMENTOS,Juzgado_3_Familia,2022,35,0.95,1,0,30,1
EXP-03944,BUENAVENTURA,VIF,Juzgado_Penal_Municipal_1,2023,89,1.25,4,0,219,0
EXP-03945,ZARZAL,ALIMENTOS,Juzgado_Penal_Municipal_1,2022,33,1.25,9,1,609,1
EXP-03946,PALMIRA,HURTO_PATRIMONIAL,Juzgado_1_Familia,2022,74,1.35,6,0,316,0
EXP-03947,SEVILLA,VIF,Juzgado_2_Familia,2023,35,1.2,6,0,297,1
EXP-03948,ZARZAL,HURTO_PATRIMONIAL,Juzgado_1_Familia,2024,33,1.35,11,0,500,1
EXP-03949,CANDELARIA,VIF,Comisaria_2_Familia,2022,48,0.9,1,0,74,1
EXP-03950,CANDELARIA,SUSTANCIAS,Juzgado_3_Familia,2023,48,0.95,5,0,191,1
EXP-03951,PALMIRA,ALIMENTOS,Juzgado_3_Familia,2022,74,0.95,2,1,295,1
EXP-03952,ZARZAL,ALIMENTOS,Juzgado_2_Familia,2024,33,1.2,7,1,529,1
EXP-03953,ZARZAL,VIF,Juzgado_Penal_Municipal_1,2020,33,1.25,5,0,286,1
EXP-03954,JAMUNDI,VIF,Juzgado_1_Familia,2021,67,1.35,7,0,285,1
EXP-03955,EL CERRITO,VIF,Juzgado_1_Familia,2024,41,1.35,4,0,207,0
EXP-03956,SEVILLA,VIF,Juzgado_1_Familia,2023,35,1.35,6,0,286,1
EXP-03957,CARTAGO,HURTO_PATRIMONIAL,Juzgado_3_Familia,2024,58,0.95,9,0,349,1
EXP-03958,GUADALAJARA DE BUGA,VIF,Juzgado_Penal_Municipal_2,2024,53,1.05,8,0,310,1
EXP-03959,ZARZAL,ALIMENTOS,Juzgado_1_Familia,2020,33,1.35,9,1,550,1
EXP-03960,GUADALAJARA DE BUGA,SUSTANCIAS,Comisaria_2_Familia,2022,53,0.9,2,0,116,1
EXP-03961,BUENAVENTURA,ALIMENTOS,Comisaria_2_Familia,2020,89,0.9,8,0,303,1
EXP-03962,EL CERRITO,ALIMENTOS,Juzgado_3_Familia,2022,41,0.95,4,0,202,1
EXP-03963,GUADALAJARA DE BUGA,VIF,Juzgado_Penal_Municipal_2,2022,53,1.05,5,0,298,1
EXP-03964,SEVILLA,HURTO_PATRIMONIAL,Juzgado_3_Familia,2021,35,0.95,5,0,207,0
EXP-03965,BUENAVENTURA,ALIMENTOS,Juzgado_Penal_Municipal_2,2022,89,1.05,9,1,583,1
EXP-03966,BUENAVENTURA,VIF,Juzgado_1_Familia,2020,89,1.35,7,0,424,1
EXP-03967,CALI,ALIMENTOS,Comisaria_2_Familia,2020,82,0.9,7,0,317,1
EXP-03968,CARTAGO,ALIMENTOS,Juzgado_2_Familia,2021,58,1.2,10,0,479,1
EXP-03969,TULUA,VIF,Juzgado_Penal_Municipal_2,2023,71,1.05,4,0,163,1
EXP-03970,PALMIRA,VIF,Juzgado_3_Familia,2023,74,0.95,6,0,260,1
EXP-03971,BUENAVENTURA,ALIMENTOS,Comisaria_1_Familia,2023,89,1.1,5,1,329,0
EXP-03972,EL CERRITO,VIF,Juzgado_Penal_Municipal_1,2024,41,1.25,8,0,296,1
EXP-03973,GUADALAJARA DE BUGA,ALIMENTOS,Juzgado_Penal_Municipal_2,2022,53,1.05,4,1,422,1
EXP-03974,YUMBO,HURTO_PATRIMONIAL,Comisaria_1_Familia,2024,62,1.1,2,1,154,1
EXP-03975,CARTAGO,ALIMENTOS,Comisaria_1_Familia,2024,58,1.1,7,0,318,1
EXP-03976,JAMUNDI,HURTO_PATRIMONIAL,Juzgado_3_Familia,2023,67,0.95,3,1,251,0
EXP-03977,SEVILLA,SUSTANCIAS,Juzgado_Penal_Municipal_1,2020,35,1.25,7,0,231,1
EXP-03978,CANDELARIA,ALIMENTOS,Juzgado_1_Familia,2023,48,1.35,8,1,498,1
EXP-03979,PRADERA,VIF,Comisaria_2_Familia,2022,38,0.9,4,0,162,1
EXP-03980,CARTAGO,HURTO_PATRIMONIAL,Juzgado_Penal_Municipal_1,2023,58,1.25,9,0,425,1
EXP-03981,EL CERRITO,VIF,Comisaria_1_Familia,2023,41,1.1,6,0,263,1
EXP-03982,SEVILLA,ALIMENTOS,Comisaria_2_Familia,2023,35,0.9,6,1,441,1
EXP-03983,PALMIRA,ALIMENTOS,Juzgado_Penal_Municipal_2,2022,74,1.05,11,1,667,1
EXP-03984,CALI,VIF,Juzgado_Penal_Municipal_2,2022,82,1.05,2,0,157,1
EXP-03985,EL CERRITO,ALIMENTOS,Comisaria_2_Familia,2024,41,0.9,6,0,370,1
EXP-03986,CALI,ALIMENTOS,Juzgado_Penal_Municipal_1,2023,82,1.25,4,0,246,0
EXP-03987,SEVILLA,HURTO_PATRIMONIAL,Juzgado_Penal_Municipal_1,2022,35,1.25,4,1,352,0
EXP-03988,PRADERA,VIF,Juzgado_Penal_Municipal_1,2023,38,1.25,7,0,260,1
EXP-03989,YUMBO,VIF,Comisaria_1_Familia,2022,62,1.1,2,0,153,1
EXP-03990,PRADERA,VIF,Comisaria_2_Familia,2024,38,0.9,5,0,206,1
EXP-03991,ZARZAL,VIF,Juzgado_Penal_Municipal_2,2024,33,1.05,5,0,261,1
EXP-03992,CARTAGO,HURTO_PATRIMONIAL,Juzgado_Penal_Municipal_2,2023,58,1.05,5,0,282,1
EXP-03993,ZARZAL,ALIMENTOS,Juzgado_2_Familia,2024,33,1.2,1,0,126,0
EXP-03994,BUENAVENTURA,VIF,Juzgado_Penal_Municipal_2,2023,89,1.05,4,0,214,1
EXP-03995,CALI,SUSTANCIAS,Juzgado_3_Familia,2024,82,0.95,4,0,282,0
EXP-03996,ZARZAL,HURTO_PATRIMONIAL,Juzgado_1_Familia,2023,33,1.35,11,0,456,1
EXP-03997,PALMIRA,ALIMENTOS,Juzgado_2_Familia,2023,74,1.2,7,0,440,1
EXP-03998,CANDELARIA,ALIMENTOS,Juzgado_Penal_Municipal_1,2020,48,1.25,7,0,399,1
EXP-03999,PRADERA,ALIMENTOS,Comisaria_2_Familia,2024,38,0.9,9,0,370,1
EXP-04000,EL CERRITO,VIF,Juzgado_Penal_Municipal_1,2022,41,1.25,6,0,265,1
EXP-04001,JAMUNDI,ALIMENTOS,Juzgado_Penal_Municipal_1,2024,67,1.25,9,1,611,1
EXP-04002,CARTAGO,ALIMENTOS,Juzgado_Penal_Municipal_1,2023,58,1.25,8,1,508,1
EXP-04003,YUMBO,ALIMENTOS,Comisaria_1_Familia,2021,62,1.1,4,1,358,1
EXP-04004,FLORIDA,ALIMENTOS,Juzgado_Penal_Municipal_1,2021,44,1.25,6,0,264,1
EXP-04005,GUADALAJARA DE BUGA,SUSTANCIAS,Juzgado_3_Familia,2024,53,0.95,7,0,393,1
EXP-04006,YUMBO,ALIMENTOS,Comisaria_1_Familia,2021,62,1.1,9,0,349,1
EXP-04007,ZARZAL,VIF,Juzgado_Penal_Municipal_1,2024,33,1.25,4,0,209,1
EXP-04008,PRADERA,ALIMENTOS,Juzgado_3_Familia,2022,38,0.95,9,0,371,1
EXP-04009,SEVILLA,ALIMENTOS,Comisaria_2_Familia,2024,35,0.9,7,0,267,1
EXP-04010,EL CERRITO,VIF,Juzgado_Penal_Municipal_2,2021,41,1.05,2,0,204,1
EXP-04011,JAMUNDI,VIF,Comisaria_1_Familia,2024,67,1.1,3,0,146,1
EXP-04012,BUENAVENTURA,ALIMENTOS,Comisaria_2_Familia,2023,89,0.9,4,0,222,1
EXP-04013,TULUA,ALIMENTOS,Juzgado_3_Familia,2022,71,0.95,6,1,375,1
EXP-04014,EL CERRITO,VIF,Juzgado_1_Familia,2024,41,1.35,6,0,261,1
EXP-04015,CALI,ALIMENTOS,Juzgado_3_Familia,2024,82,0.95,4,0,181,0
EXP-04016,SEVILLA,HURTO_PATRIMONIAL,Juzgado_Penal_Municipal_2,2020,35,1.05,4,1,287,1
EXP-04017,CALI,VIF,Juzgado_1_Familia,2021,82,1.35,5,0,239,1
EXP-04018,TULUA,ALIMENTOS,Juzgado_Penal_Municipal_1,2022,71,1.25,8,0,383,1
EXP-04019,ZARZAL,ALIMENTOS,Juzgado_Penal_Municipal_2,2021,33,1.05,6,1,463,1
EXP-04020,GUADALAJARA DE BUGA,ALIMENTOS,Comisaria_1_Familia,2022,53,1.1,5,0,276,1
EXP-04021,YUMBO,ALIMENTOS,Comisaria_2_Familia,2022,62,0.9,3,0,172,1
EXP-04022,EL CERRITO,VIF,Juzgado_3_Familia,2020,41,0.95,4,0,124,1
EXP-04023,CALI,VIF,Juzgado_Penal_Municipal_1,2021,82,1.25,6,0,277,1
EXP-04024,YUMBO,ALIMENTOS,Juzgado_Penal_Municipal_2,2021,62,1.05,9,1,659,1
EXP-04025,PALMIRA,ALIMENTOS,Juzgado_Penal_Municipal_1,2022,74,1.25,5,1,379,1
EXP-04026,GUADALAJARA DE BUGA,SUSTANCIAS,Juzgado_Penal_Municipal_1,2021,53,1.25,6,0,376,1
EXP-04027,YUMBO,ALIMENTOS,Comisaria_1_Familia,2020,62,1.1,2,0,104,1
EXP-04028,EL CERRITO,ALIMENTOS,Juzgado_3_Familia,2020,41,0.95,3,0,168,1
EXP-04029,YUMBO,ALIMENTOS,Juzgado_Penal_Municipal_1,2024,62,1.25,9,1,461,1
EXP-04030,ZARZAL,ALIMENTOS,Juzgado_Penal_Municipal_2,2021,33,1.05,4,1,295,1
EXP-04031,CALI,ALIMENTOS,Juzgado_Penal_Municipal_1,2024,82,1.25,4,1,301,0
EXP-04032,ZARZAL,ALIMENTOS,Juzgado_3_Familia,2024,33,0.95,5,1,341,1
EXP-04033,FLORIDA,VIF,Juzgado_Penal_Municipal_1,2022,44,1.25,6,0,343,1
EXP-04034,CANDELARIA,ALIMENTOS,Juzgado_3_Familia,2024,48,0.95,3,0,189,1
EXP-04035,CARTAGO,SUSTANCIAS,Juzgado_3_Familia,2021,58,0.95,8,0,225,1
EXP-04036,PALMIRA,VIF,Comisaria_2_Familia,2022,74,0.9,3,0,134,1
EXP-04037,YUMBO,ALIMENTOS,Comisaria_1_Familia,2024,62,1.1,5,0,247,1
EXP-04038,SEVILLA,ALIMENTOS,Juzgado_1_Familia,2024,35,1.35,9,0,429,1
EXP-04039,EL CERRITO,HURTO_PATRIMONIAL,Juzgado_Penal_Municipal_2,2023,41,1.05,5,0,239,1
EXP-04040,CALI,VIF,Juzgado_3_Familia,2021,82,0.95,3,0,195,1
EXP-04041,PALMIRA,ALIMENTOS,Comisaria_2_Familia,2024,74,0.9,10,0,424,1
EXP-04042,SEVILLA,HURTO_PATRIMONIAL,Juzgado_3_Familia,2020,35,0.95,8,1,477,1
EXP-04043,YUMBO,HURTO_PATRIMONIAL,Juzgado_1_Familia,2022,62,1.35,10,0,486,1
EXP-04044,CARTAGO,SUSTANCIAS,Juzgado_Penal_Municipal_2,2023,58,1.05,4,0,158,1
EXP-04045,CALI,ALIMENTOS,Juzgado_3_Familia,2021,82,0.95,4,0,212,1
EXP-04046,ZARZAL,HURTO_PATRIMONIAL,Juzgado_Penal_Municipal_1,2024,33,1.25,4,0,244,0
EXP-04047,CANDELARIA,HURTO_PATRIMONIAL,Comisaria_1_Familia,2021,48,1.1,9,0,380,1
EXP-04048,CARTAGO,VIF,Juzgado_3_Familia,2024,58,0.95,4,0,181,1
EXP-04049,TULUA,VIF,Juzgado_Penal_Municipal_1,2023,71,1.25,4,0,245,1
EXP-04050,TULUA,ALIMENTOS,Juzgado_Penal_Municipal_1,2024,71,1.25,6,0,296,1
EXP-04051,YUMBO,HURTO_PATRIMONIAL,Comisaria_2_Familia,2024,62,0.9,5,0,281,1
EXP-04052,CARTAGO,HURTO_PATRIMONIAL,Juzgado_Penal_Municipal_1,2023,58,1.25,10,1,537,1
EXP-04053,ZARZAL,VIF,Juzgado_2_Familia,2023,33,1.2,7,0,319,1
EXP-04054,GUADALAJARA DE BUGA,VIF,Comisaria_2_Familia,2021,53,0.9,1,0,39,1
EXP-04055,CANDELARIA,ALIMENTOS,Comisaria_1_Familia,2023,48,1.1,4,0,236,0
EXP-04056,CALI,ALIMENTOS,Comisaria_1_Familia,2023,82,1.1,9,0,418,1
EXP-04057,CANDELARIA,HURTO_PATRIMONIAL,Juzgado_3_Familia,2022,48,0.95,2,1,144,0
EXP-04058,CARTAGO,HURTO_PATRIMONIAL,Juzgado_3_Familia,2022,58,0.95,7,1,421,1
EXP-04059,JAMUNDI,VIF,Juzgado_1_Familia,2024,67,1.35,4,0,244,0
EXP-04060,PRADERA,ALIMENTOS,Juzgado_3_Familia,2023,38,0.95,4,0,168,0
EXP-04061,TULUA,ALIMENTOS,Comisaria_2_Familia,2020,71,0.9,6,0,308,1
EXP-04062,YUMBO,VIF,Juzgado_3_Familia,2024,62,0.95,4,0,182,1
EXP-04063,CANDELARIA,ALIMENTOS,Juzgado_3_Familia,2022,48,0.95,1,0,97,1
EXP-04064,CARTAGO,HURTO_PATRIMONIAL,Comisaria_1_Familia,2020,58,1.1,4,0,196,0
EXP-04065,CALI,VIF,Juzgado_Penal_Municipal_2,2024,82,1.05,4,0,146,1
EXP-04066,PALMIRA,HURTO_PATRIMONIAL,Comisaria_2_Familia,2023,74,0.9,8,1,442,1
EXP-04067,SEVILLA,HURTO_PATRIMONIAL,Juzgado_Penal_Municipal_1,2022,35,1.25,9,0,394,1
EXP-04068,CALI,ALIMENTOS,Comisaria_1_Familia,2021,82,1.1,9,0,405,1
EXP-04069,ZARZAL,ALIMENTOS,Juzgado_1_Familia,2020,33,1.35,4,0,251,1
EXP-04070,EL CERRITO,ALIMENTOS,Juzgado_3_Familia,2023,41,0.95,7,1,468,1
EXP-04071,PALMIRA,HURTO_PATRIMONIAL,Juzgado_2_Familia,2023,74,1.2,10,0,393,1
EXP-04072,CANDELARIA,ALIMENTOS,Comisaria_1_Familia,2020,48,1.1,7,1,505,1
EXP-04073,PRADERA,VIF,Comisaria_2_Familia,2022,38,0.9,3,0,210,1
EXP-04074,CARTAGO,ALIMENTOS,Juzgado_Penal_Municipal_1,2023,58,1.25,9,0,368,1
EXP-04075,YUMBO,ALIMENTOS,Comisaria_1_Familia,2024,62,1.1,9,1,672,1
EXP-04076,YUMBO,ALIMENTOS,Juzgado_2_Familia,2022,62,1.2,6,0,294,1
EXP-04077,CANDELARIA,VIF,Comisaria_1_Familia,2020,48,1.1,4,0,222,1
EXP-04078,GUADALAJARA DE BUGA,VIF,Comisaria_2_Familia,2021,53,0.9,5,0,248,1
EXP-04079,TULUA,ALIMENTOS,Juzgado_Penal_Municipal_1,2022,71,1.25,9,0,456,1
EXP-04080,YUMBO,HURTO_PATRIMONIAL,Comisaria_2_Familia,2021,62,0.9,8,0,400,1
EXP-04081,CANDELARIA,VIF,Juzgado_Penal_Municipal_1,2021,48,1.25,5,0,236,0
EXP-04082,FLORIDA,VIF,Juzgado_1_Familia,2022,44,1.35,3,0,245,1
EXP-04083,CALI,ALIMENTOS,Comisaria_2_Familia,2023,82,0.9,7,0,299,1
EXP-04084,JAMUNDI,SUSTANCIAS,Juzgado_Penal_Municipal_1,2022,67,1.25,4,0,264,1
EXP-04085,CARTAGO,ALIMENTOS,Juzgado_3_Familia,2024,58,0.95,6,0,337,1
EXP-04086,EL CERRITO,SUSTANCIAS,Juzgado_3_Familia,2022,41,0.95,1,0,190,1
EXP-04087,CANDELARIA,VIF,Comisaria_2_Familia,2023,48,0.9,3,0,202,1
EXP-04088,FLORIDA,SUSTANCIAS,Comisaria_1_Familia,2023,44,1.1,4,0,223,1
EXP-04089,JAMUNDI,ALIMENTOS,Juzgado_1_Familia,2020,67,1.35,4,0,174,1
EXP-04090,ZARZAL,HURTO_PATRIMONIAL,Comisaria_1_Familia,2023,33,1.1,9,0,362,1
EXP-04091,FLORIDA,HURTO_PATRIMONIAL,Comisaria_1_Familia,2022,44,1.1,6,1,463,1
EXP-04092,ZARZAL,HURTO_PATRIMONIAL,Juzgado_3_Familia,2020,33,0.95,4,1,303,1
EXP-04093,PALMIRA,SUSTANCIAS,Juzgado_3_Familia,2023,74,0.95,7,0,398,1
EXP-04094,GUADALAJARA DE BUGA,VIF,Juzgado_Penal_Municipal_1,2023,53,1.25,5,0,258,1
EXP-04095,BUENAVENTURA,ALIMENTOS,Comisaria_1_Familia,2020,89,1.1,6,0,310,1
EXP-04096,CALI,ALIMENTOS,Comisaria_1_Familia,2021,82,1.1,8,1,513,1
EXP-04097,PALMIRA,HURTO_PATRIMONIAL,Juzgado_Penal_Municipal_2,2023,74,1.05,9,1,534,1
EXP-04098,CANDELARIA,ALIMENTOS,Comisaria_2_Familia,2021,48,0.9,4,1,217,0
EXP-04099,PALMIRA,HURTO_PATRIMONIAL,Juzgado_2_Familia,2021,74,1.2,8,0,291,1
EXP-04100,PRADERA,ALIMENTOS,Comisaria_1_Familia,2024,38,1.1,9,1,512,1
EXP-04101,PALMIRA,HURTO_PATRIMONIAL,Juzgado_2_Familia,2023,74,1.2,9,1,638,1
EXP-04102,PALMIRA,VIF,Juzgado_2_Familia,2022,74,1.2,8,0,282,1
EXP-04103,TULUA,VIF,Juzgado_1_Familia,2023,71,1.35,6,0,184,1
EXP-04104,CARTAGO,VIF,Juzgado_2_Familia,2024,58,1.2,6,0,201,1
EXP-04105,GUADALAJARA DE BUGA,VIF,Comisaria_1_Familia,2024,53,1.1,6,0,214,1
EXP-04106,YUMBO,ALIMENTOS,Comisaria_1_Familia,2024,62,1.1,1,1,177,1
EXP-04107,SEVILLA,ALIMENTOS,Juzgado_1_Familia,2024,35,1.35,4,0,168,0
EXP-04108,TULUA,HURTO_PATRIMONIAL,Comisaria_1_Familia,2022,71,1.1,2,1,163,1
EXP-04109,JAMUNDI,VIF,Juzgado_2_Familia,2020,67,1.2,8,0,377,1
EXP-04110,SEVILLA,HURTO_PATRIMONIAL,Juzgado_Penal_Municipal_2,2022,35,1.05,8,1,652,1
EXP-04111,PALMIRA,SUSTANCIAS,Comisaria_2_Familia,2023,74,0.9,3,0,215,1
EXP-04112,TULUA,HURTO_PATRIMONIAL,Juzgado_2_Familia,2023,71,1.2,7,1,375,1
EXP-04113,TULUA,SUSTANCIAS,Juzgado_2_Familia,2022,71,1.2,7,0,274,1
EXP-04114,BUENAVENTURA,VIF,Juzgado_Penal_Municipal_2,2023,89,1.05,2,0,115,0
EXP-04115,BUENAVENTURA,VIF,Juzgado_2_Familia,2022,89,1.2,4,0,218,0
EXP-04116,ZARZAL,ALIMENTOS,Juzgado_3_Familia,2024,33,0.95,5,1,334,1
EXP-04117,CARTAGO,ALIMENTOS,Juzgado_3_Familia,2024,58,0.95,6,1,298,1
EXP-04118,GUADALAJARA DE BUGA,VIF,Comisaria_1_Familia,2023,53,1.1,7,0,289,1
EXP-04119,PRADERA,HURTO_PATRIMONIAL,Comisaria_2_Familia,2021,38,0.9,7,0,353,1
EXP-04120,GUADALAJARA DE BUGA,ALIMENTOS,Juzgado_3_Familia,2024,53,0.95,1,0,93,0
EXP-04121,JAMUNDI,VIF,Juzgado_1_Familia,2023,67,1.35,4,0,221,1
EXP-04122,GUADALAJARA DE BUGA,VIF,Juzgado_3_Familia,2024,53,0.95,2,0,53,0
EXP-04123,BUENAVENTURA,ALIMENTOS,Juzgado_1_Familia,2024,89,1.35,6,0,207,1
EXP-04124,PRADERA,HURTO_PATRIMONIAL,Comisaria_2_Familia,2024,38,0.9,4,0,187,1
EXP-04125,GUADALAJARA DE BUGA,HURTO_PATRIMONIAL,Juzgado_3_Familia,2021,53,0.95,5,0,267,1
EXP-04126,YUMBO,VIF,Juzgado_Penal_Municipal_1,2021,62,1.25,1,0,101,0
EXP-04127,CARTAGO,ALIMENTOS,Juzgado_2_Familia,2022,58,1.2,4,0,232,1
EXP-04128,ZARZAL,HURTO_PATRIMONIAL,Comisaria_2_Familia,2021,33,0.9,3,0,160,0
EXP-04129,PALMIRA,SUSTANCIAS,Juzgado_1_Familia,2023,74,1.35,6,0,317,1
EXP-04130,JAMUNDI,SUSTANCIAS,Juzgado_Penal_Municipal_2,2024,67,1.05,5,0,269,1
EXP-04131,GUADALAJARA DE BUGA,SUSTANCIAS,Juzgado_1_Familia,2021,53,1.35,8,0,297,1
EXP-04132,PRADERA,ALIMENTOS,Juzgado_Penal_Municipal_2,2024,38,1.05,6,1,359,1
EXP-04133,CALI,SUSTANCIAS,Juzgado_2_Familia,2021,82,1.2,6,0,305,1
EXP-04134,SEVILLA,HURTO_PATRIMONIAL,Comisaria_1_Familia,2024,35,1.1,6,0,283,1
EXP-04135,CARTAGO,ALIMENTOS,Comisaria_2_Familia,2023,58,0.9,5,1,280,1
EXP-04136,CALI,SUSTANCIAS,Juzgado_Penal_Municipal_2,2023,82,1.05,5,0,257,1
EXP-04137,CALI,HURTO_PATRIMONIAL,Comisaria_2_Familia,2021,82,0.9,7,0,389,1
EXP-04138,BUENAVENTURA,ALIMENTOS,Juzgado_3_Familia,2023,89,0.95,8,0,348,1
EXP-04139,SEVILLA,ALIMENTOS,Juzgado_Penal_Municipal_2,2021,35,1.05,7,0,273,1
EXP-04140,EL CERRITO,ALIMENTOS,Juzgado_1_Familia,2021,41,1.35,7,0,331,1
EXP-04141,CALI,VIF,Juzgado_3_Familia,2020,82,0.95,1,0,149,1
EXP-04142,BUENAVENTURA,ALIMENTOS,Juzgado_1_Familia,2020,89,1.35,4,0,249,1
EXP-04143,FLORIDA,HURTO_PATRIMONIAL,Juzgado_Penal_Municipal_1,2022,44,1.25,8,1,646,0
EXP-04144,JAMUNDI,ALIMENTOS,Juzgado_1_Familia,2024,67,1.35,6,1,357,1
EXP-04145,FLORIDA,SUSTANCIAS,Comisaria_2_Familia,2021,44,0.9,4,0,153,0
EXP-04146,CALI,ALIMENTOS,Juzgado_2_Familia,2024,82,1.2,10,0,495,1
EXP-04147,EL CERRITO,VIF,Comisaria_2_Familia,2024,41,0.9,3,0,210,0
EXP-04148,PRADERA,ALIMENTOS,Comisaria_2_Familia,2024,38,0.9,3,0,206,1
EXP-04149,EL CERRITO,VIF,Comisaria_1_Familia,2023,41,1.1,3,0,176,1
EXP-04150,EL CERRITO,VIF,Juzgado_2_Familia,2023,41,1.2,2,0,136,1
EXP-04151,ZARZAL,VIF,Juzgado_3_Familia,2024,33,0.95,4,0,248,1
EXP-04152,TULUA,VIF,Juzgado_Penal_Municipal_2,2022,71,1.05,4,0,200,1
EXP-04153,FLORIDA,ALIMENTOS,Juzgado_3_Familia,2022,44,0.95,3,0,165,1
EXP-04154,ZARZAL,VIF,Juzgado_3_Familia,2022,33,0.95,1,0,76,1
EXP-04155,CANDELARIA,ALIMENTOS,Juzgado_Penal_Municipal_2,2020,48,1.05,3,0,199,1
EXP-04156,GUADALAJARA DE BUGA,VIF,Juzgado_3_Familia,2024,53,0.95,3,0,227,1
EXP-04157,YUMBO,VIF,Comisaria_1_Familia,2020,62,1.1,2,0,166,1
EXP-04158,GUADALAJARA DE BUGA,VIF,Juzgado_1_Familia,2021,53,1.35,5,0,233,1
EXP-04159,PRADERA,HURTO_PATRIMONIAL,Comisaria_1_Familia,2023,38,1.1,10,0,512,1
EXP-04160,JAMUNDI,VIF,Comisaria_2_Familia,2024,67,0.9,5,0,189,1
EXP-04161,EL CERRITO,VIF,Juzgado_Penal_Municipal_1,2024,41,1.25,4,0,258,0
EXP-04162,YUMBO,VIF,Juzgado_Penal_Municipal_1,2023,62,1.25,6,0,217,0
EXP-04163,TULUA,VIF,Juzgado_2_Familia,2024,71,1.2,9,0,386,1
EXP-04164,YUMBO,ALIMENTOS,Juzgado_Penal_Municipal_2,2023,62,1.05,6,1,414,1
EXP-04165,CARTAGO,VIF,Comisaria_2_Familia,2023,58,0.9,2,0,86,0
EXP-04166,GUADALAJARA DE BUGA,VIF,Juzgado_3_Familia,2023,53,0.95,3,0,239,1
EXP-04167,GUADALAJARA DE BUGA,VIF,Comisaria_1_Familia,2023,53,1.1,3,0,225,1
EXP-04168,CALI,VIF,Juzgado_1_Familia,2023,82,1.35,6,0,308,1
EXP-04169,CARTAGO,ALIMENTOS,Juzgado_Penal_Municipal_2,2021,58,1.05,5,0,231,1
EXP-04170,TULUA,HURTO_PATRIMONIAL,Juzgado_Penal_Municipal_1,2022,71,1.25,5,1,373,1
EXP-04171,GUADALAJARA DE BUGA,ALIMENTOS,Comisaria_1_Familia,2021,53,1.1,9,0,390,1
EXP-04172,EL CERRITO,ALIMENTOS,Juzgado_1_Familia,2021,41,1.35,3,0,259,1
EXP-04173,CANDELARIA,SUSTANCIAS,Comisaria_1_Familia,2024,48,1.1,5,0,262,1
EXP-04174,TULUA,ALIMENTOS,Juzgado_Penal_Municipal_1,2022,71,1.25,4,0,272,1
EXP-04175,SEVILLA,ALIMENTOS,Comisaria_2_Familia,2022,35,0.9,4,0,186,1
EXP-04176,FLORIDA,ALIMENTOS,Comisaria_2_Familia,2020,44,0.9,10,1,513,1
EXP-04177,EL CERRITO,SUSTANCIAS,Juzgado_Penal_Municipal_1,2024,41,1.25,6,0,301,1
EXP-04178,BUENAVENTURA,ALIMENTOS,Juzgado_Penal_Municipal_2,2023,89,1.05,1,0,162,1
EXP-04179,ZARZAL,ALIMENTOS,Juzgado_Penal_Municipal_2,2023,33,1.05,4,0,175,1
EXP-04180,CALI,HURTO_PATRIMONIAL,Juzgado_3_Familia,2023,82,0.95,4,0,268,1
EXP-04181,EL CERRITO,VIF,Juzgado_3_Familia,2022,41,0.95,3,0,117,1
EXP-04182,JAMUNDI,VIF,Juzgado_Penal_Municipal_2,2022,67,1.05,6,0,275,1
EXP-04183,TULUA,VIF,Juzgado_3_Familia,2022,71,0.95,3,0,97,1
EXP-04184,GUADALAJARA DE BUGA,VIF,Juzgado_Penal_Municipal_2,2023,53,1.05,3,0,239,1
EXP-04185,PALMIRA,VIF,Juzgado_1_Familia,2024,74,1.35,5,0,227,1
EXP-04186,FLORIDA,VIF,Juzgado_3_Familia,2023,44,0.95,5,0,199,0
EXP-04187,EL CERRITO,VIF,Juzgado_2_Familia,2022,41,1.2,2,0,98,1
EXP-04188,CARTAGO,ALIMENTOS,Juzgado_1_Familia,2022,58,1.35,9,0,350,1
EXP-04189,FLORIDA,ALIMENTOS,Juzgado_Penal_Municipal_1,2023,44,1.25,9,1,614,1
EXP-04190,TULUA,VIF,Comisaria_2_Familia,2020,71,0.9,4,0,145,1
EXP-04191,GUADALAJARA DE BUGA,HURTO_PATRIMONIAL,Juzgado_2_Familia,2024,53,1.2,10,1,746,1
EXP-04192,TULUA,VIF,Juzgado_3_Familia,2024,71,0.95,5,0,263,1
EXP-04193,FLORIDA,VIF,Comisaria_1_Familia,2024,44,1.1,6,0,289,1
EXP-04194,PRADERA,ALIMENTOS,Juzgado_3_Familia,2023,38,0.95,5,0,244,1
EXP-04195,YUMBO,VIF,Juzgado_3_Familia,2022,62,0.95,2,0,148,0
EXP-04196,EL CERRITO,VIF,Comisaria_1_Familia,2020,41,1.1,8,0,283,1
EXP-04197,TULUA,VIF,Juzgado_1_Familia,2022,71,1.35,5,0,189,0
EXP-04198,ZARZAL,HURTO_PATRIMONIAL,Comisaria_1_Familia,2022,33,1.1,5,0,238,1
EXP-04199,CANDELARIA,VIF,Juzgado_1_Familia,2024,48,1.35,2,0,185,0
EXP-04200,YUMBO,ALIMENTOS,Juzgado_Penal_Municipal_1,2024,62,1.25,4,0,209,0
EXP-04201,TULUA,ALIMENTOS,Comisaria_1_Familia,2023,71,1.1,8,0,372,1
EXP-04202,SEVILLA,VIF,Comisaria_2_Familia,2022,35,0.9,6,0,261,1
EXP-04203,CALI,VIF,Juzgado_Penal_Municipal_2,2023,82,1.05,3,0,145,1
EXP-04204,ZARZAL,HURTO_PATRIMONIAL,Comisaria_2_Familia,2022,33,0.9,1,0,80,1
EXP-04205,EL CERRITO,ALIMENTOS,Juzgado_1_Familia,2024,41,1.35,4,0,242,0
EXP-04206,BUENAVENTURA,VIF,Juzgado_1_Familia,2023,89,1.35,5,0,236,1
EXP-04207,SEVILLA,VIF,Juzgado_Penal_Municipal_1,2022,35,1.25,4,0,196,1
EXP-04208,CALI,HURTO_PATRIMONIAL,Comisaria_2_Familia,2020,82,0.9,10,0,437,1
EXP-04209,JAMUNDI,ALIMENTOS,Comisaria_2_Familia,2021,67,0.9,5,0,181,1
EXP-04210,TULUA,ALIMENTOS,Juzgado_Penal_Municipal_2,2022,71,1.05,10,0,411,1
EXP-04211,YUMBO,VIF,Juzgado_Penal_Municipal_1,2022,62,1.25,5,0,237,1
EXP-04212,GUADALAJARA DE BUGA,VIF,Juzgado_Penal_Municipal_2,2022,53,1.05,4,0,169,1
EXP-04213,PALMIRA,HURTO_PATRIMONIAL,Comisaria_2_Familia,2024,74,0.9,6,1,418,1
EXP-04214,YUMBO,HURTO_PATRIMONIAL,Juzgado_Penal_Municipal_1,2024,62,1.25,5,0,202,0
EXP-04215,PRADERA,SUSTANCIAS,Juzgado_2_Familia,2021,38,1.2,1,0,110,0
EXP-04216,JAMUNDI,HURTO_PATRIMONIAL,Juzgado_Penal_Municipal_1,2024,67,1.25,8,1,471,1
EXP-04217,PALMIRA,VIF,Juzgado_1_Familia,2021,74,1.35,4,0,232,0
EXP-04218,PRADERA,ALIMENTOS,Juzgado_2_Familia,2021,38,1.2,4,0,199,1
EXP-04219,ZARZAL,ALIMENTOS,Juzgado_2_Familia,2023,33,1.2,7,0,339,1
EXP-04220,YUMBO,HURTO_PATRIMONIAL,Juzgado_2_Familia,2022,62,1.2,6,0,357,1
EXP-04221,ZARZAL,ALIMENTOS,Juzgado_1_Familia,2024,33,1.35,10,0,427,1
EXP-04222,CALI,ALIMENTOS,Comisaria_2_Familia,2024,82,0.9,9,0,379,1
EXP-04223,GUADALAJARA DE BUGA,ALIMENTOS,Juzgado_1_Familia,2021,53,1.35,8,1,499,1
EXP-04224,FLORIDA,ALIMENTOS,Comisaria_1_Familia,2024,44,1.1,5,0,230,1
EXP-04225,FLORIDA,ALIMENTOS,Juzgado_2_Familia,2021,44,1.2,6,0,309,1
EXP-04226,CARTAGO,HURTO_PATRIMONIAL,Comisaria_1_Familia,2024,58,1.1,6,1,348,0
EXP-04227,BUENAVENTURA,VIF,Juzgado_Penal_Municipal_2,2024,89,1.05,5,0,220,1
EXP-04228,ZARZAL,SUSTANCIAS,Juzgado_1_Familia,2024,33,1.35,4,0,226,1
EXP-04229,CANDELARIA,VIF,Juzgado_Penal_Municipal_1,2020,48,1.25,6,0,243,1
EXP-04230,ZARZAL,HURTO_PATRIMONIAL,Juzgado_Penal_Municipal_2,2023,33,1.05,6,0,263,1
EXP-04231,PALMIRA,VIF,Comisaria_2_Familia,2024,74,0.9,4,0,90,1
EXP-04232,CARTAGO,VIF,Juzgado_1_Familia,2024,58,1.35,2,0,182,0
EXP-04233,BUENAVENTURA,SUSTANCIAS,Juzgado_1_Familia,2022,89,1.35,4,0,291,1
EXP-04234,ZARZAL,ALIMENTOS,Juzgado_3_Familia,2023,33,0.95,3,1,221,1
EXP-04235,SEVILLA,VIF,Juzgado_3_Familia,2021,35,0.95,5,0,253,1
EXP-04236,EL CERRITO,SUSTANCIAS,Juzgado_Penal_Municipal_2,2024,41,1.05,4,0,174,1
EXP-04237,GUADALAJARA DE BUGA,ALIMENTOS,Juzgado_Penal_Municipal_1,2022,53,1.25,8,0,295,1
EXP-04238,CARTAGO,VIF,Comisaria_2_Familia,2024,58,0.9,5,0,205,1
EXP-04239,PALMIRA,VIF,Comisaria_2_Familia,2021,74,0.9,4,0,143,0
EXP-04240,GUADALAJARA DE BUGA,VIF,Juzgado_Penal_Municipal_1,2023,53,1.25,6,0,202,0
EXP-04241,TULUA,VIF,Juzgado_1_Familia,2022,71,1.35,6,0,332,1
EXP-04242,YUMBO,VIF,Juzgado_1_Familia,2024,62,1.35,4,0,210,1
EXP-04243,CARTAGO,HURTO_PATRIMONIAL,Comisaria_1_Familia,2024,58,1.1,6,1,427,1
EXP-04244,EL CERRITO,SUSTANCIAS,Juzgado_1_Familia,2024,41,1.35,6,0,376,1
EXP-04245,PALMIRA,VIF,Juzgado_Penal_Municipal_1,2023,74,1.25,5,0,272,1
EXP-04246,YUMBO,VIF,Comisaria_1_Familia,2024,62,1.1,5,0,273,1
EXP-04247,JAMUNDI,ALIMENTOS,Comisaria_2_Familia,2022,67,0.9,3,0,218,1
EXP-04248,SEVILLA,VIF,Juzgado_Penal_Municipal_1,2020,35,1.25,7,0,332,1
EXP-04249,EL CERRITO,VIF,Juzgado_2_Familia,2020,41,1.2,3,0,225,1
EXP-04250,EL CERRITO,HURTO_PATRIMONIAL,Juzgado_2_Familia,2024,41,1.2,13,0,596,1
EXP-04251,TULUA,ALIMENTOS,Juzgado_Penal_Municipal_2,2020,71,1.05,6,1,400,1
EXP-04252,CARTAGO,SUSTANCIAS,Comisaria_1_Familia,2024,58,1.1,3,0,162,1
EXP-04253,FLORIDA,HURTO_PATRIMONIAL,Juzgado_Penal_Municipal_2,2020,44,1.05,3,1,257,0
EXP-04254,SEVILLA,VIF,Comisaria_2_Familia,2022,35,0.9,5,0,233,1
EXP-04255,JAMUNDI,SUSTANCIAS,Juzgado_Penal_Municipal_1,2022,67,1.25,7,0,361,1
EXP-04256,YUMBO,HURTO_PATRIMONIAL,Juzgado_1_Familia,2021,62,1.35,15,0,644,1
EXP-04257,JAMUNDI,ALIMENTOS,Juzgado_1_Familia,2023,67,1.35,10,1,583,1
EXP-04258,PALMIRA,VIF,Juzgado_Penal_Municipal_1,2021,74,1.25,4,0,181,0
EXP-04259,GUADALAJARA DE BUGA,ALIMENTOS,Juzgado_Penal_Municipal_2,2024,53,1.05,5,0,222,1
EXP-04260,PRADERA,ALIMENTOS,Comisaria_1_Familia,2024,38,1.1,8,0,353,1
EXP-04261,GUADALAJARA DE BUGA,SUSTANCIAS,Comisaria_1_Familia,2022,53,1.1,8,0,387,1
EXP-04262,CALI,ALIMENTOS,Juzgado_Penal_Municipal_1,2024,82,1.25,7,0,368,1
EXP-04263,CANDELARIA,VIF,Comisaria_1_Familia,2024,48,1.1,5,0,262,1
EXP-04264,JAMUNDI,VIF,Juzgado_Penal_Municipal_1,2023,67,1.25,2,0,114,0
EXP-04265,FLORIDA,ALIMENTOS,Comisaria_1_Familia,2022,44,1.1,6,0,336,1
EXP-04266,YUMBO,HURTO_PATRIMONIAL,Comisaria_2_Familia,2021,62,0.9,3,0,232,1
EXP-04267,BUENAVENTURA,VIF,Juzgado_Penal_Municipal_2,2024,89,1.05,9,0,392,1
EXP-04268,TULUA,ALIMENTOS,Comisaria_2_Familia,2021,71,0.9,5,1,355,1
EXP-04269,CANDELARIA,VIF,Juzgado_Penal_Municipal_2,2022,48,1.05,7,0,272,1
EXP-04270,GUADALAJARA DE BUGA,ALIMENTOS,Comisaria_2_Familia,2023,53,0.9,3,0,113,1
EXP-04271,PALMIRA,SUSTANCIAS,Juzgado_Penal_Municipal_1,2021,74,1.25,2,0,209,1
EXP-04272,TULUA,HURTO_PATRIMONIAL,Juzgado_1_Familia,2024,71,1.35,6,0,361,1
EXP-04273,PALMIRA,HURTO_PATRIMONIAL,Juzgado_3_Familia,2022,74,0.95,6,0,288,1
EXP-04274,JAMUNDI,VIF,Juzgado_2_Familia,2021,67,1.2,10,0,382,1
EXP-04275,JAMUNDI,ALIMENTOS,Juzgado_Penal_Municipal_2,2024,67,1.05,5,0,236,0
EXP-04276,GUADALAJARA DE BUGA,HURTO_PATRIMONIAL,Juzgado_3_Familia,2024,53,0.95,7,0,341,1
EXP-04277,PALMIRA,ALIMENTOS,Juzgado_Penal_Municipal_1,2022,74,1.25,4,0,270,1
EXP-04278,CALI,VIF,Juzgado_Penal_Municipal_2,2022,82,1.05,6,0,301,1
EXP-04279,CANDELARIA,VIF,Comisaria_2_Familia,2024,48,0.9,3,0,151,1
EXP-04280,GUADALAJARA DE BUGA,VIF,Comisaria_1_Familia,2024,53,1.1,4,0,201,1
EXP-04281,FLORIDA,VIF,Juzgado_1_Familia,2020,44,1.35,5,0,296,1
EXP-04282,SEVILLA,HURTO_PATRIMONIAL,Juzgado_1_Familia,2023,35,1.35,8,0,420,1
EXP-04283,PALMIRA,SUSTANCIAS,Comisaria_1_Familia,2022,74,1.1,7,0,328,1
EXP-04284,CALI,ALIMENTOS,Comisaria_2_Familia,2024,82,0.9,4,0,205,1
EXP-04285,EL CERRITO,VIF,Juzgado_Penal_Municipal_2,2022,41,1.05,5,0,226,1
EXP-04286,CARTAGO,VIF,Juzgado_3_Familia,2024,58,0.95,4,0,180,1
EXP-04287,CARTAGO,VIF,Comisaria_2_Familia,2022,58,0.9,2,0,124,1
EXP-04288,JAMUNDI,ALIMENTOS,Juzgado_Penal_Municipal_1,2024,67,1.25,6,0,369,1
EXP-04289,GUADALAJARA DE BUGA,HURTO_PATRIMONIAL,Juzgado_Penal_Municipal_1,2023,53,1.25,12,1,764,1
EXP-04290,PRADERA,VIF,Juzgado_1_Familia,2022,38,1.35,7,0,313,1
EXP-04291,CARTAGO,HURTO_PATRIMONIAL,Comisaria_1_Familia,2022,58,1.1,6,1,401,1
EXP-04292,TULUA,ALIMENTOS,Juzgado_1_Familia,2021,71,1.35,3,0,138,0
EXP-04293,TULUA,VIF,Juzgado_1_Familia,2023,71,1.35,3,0,220,1
EXP-04294,JAMUNDI,VIF,Juzgado_Penal_Municipal_2,2021,67,1.05,3,0,108,0
EXP-04295,JAMUNDI,ALIMENTOS,Juzgado_Penal_Municipal_1,2020,67,1.25,1,0,107,1
EXP-04296,JAMUNDI,ALIMENTOS,Juzgado_3_Familia,2023,67,0.95,4,0,206,1
EXP-04297,TULUA,ALIMENTOS,Comisaria_1_Familia,2021,71,1.1,4,1,221,1
EXP-04298,GUADALAJARA DE BUGA,SUSTANCIAS,Comisaria_1_Familia,2021,53,1.1,6,0,271,1
EXP-04299,FLORIDA,SUSTANCIAS,Juzgado_3_Familia,2023,44,0.95,3,0,102,1
EXP-04300,CANDELARIA,VIF,Juzgado_Penal_Municipal_2,2024,48,1.05,4,0,199,1
EXP-04301,PALMIRA,ALIMENTOS,Juzgado_2_Familia,2022,74,1.2,6,1,456,1
EXP-04302,PRADERA,VIF,Comisaria_2_Familia,2024,38,0.9,2,0,88,0
EXP-04303,CALI,HURTO_PATRIMONIAL,Juzgado_Penal_Municipal_2,2024,82,1.05,9,0,398,1
EXP-04304,GUADALAJARA DE BUGA,ALIMENTOS,Juzgado_3_Familia,2024,53,0.95,5,0,329,1
EXP-04305,CARTAGO,VIF,Juzgado_3_Familia,2020,58,0.95,4,0,166,1
EXP-04306,JAMUNDI,HURTO_PATRIMONIAL,Juzgado_3_Familia,2024,67,0.95,6,0,304,1
EXP-04307,CALI,HURTO_PATRIMONIAL,Comisaria_2_Familia,2024,82,0.9,4,1,333,1
EXP-04308,CANDELARIA,HURTO_PATRIMONIAL,Comisaria_1_Familia,2021,48,1.1,6,1,390,0
EXP-04309,PRADERA,HURTO_PATRIMONIAL,Juzgado_1_Familia,2022,38,1.35,10,0,381,1
EXP-04310,EL CERRITO,SUSTANCIAS,Juzgado_3_Familia,2024,41,0.95,3,0,187,1
EXP-04311,TULUA,VIF,Juzgado_1_Familia,2024,71,1.35,4,0,173,1
EXP-04312,EL CERRITO,ALIMENTOS,Comisaria_2_Familia,2023,41,0.9,2,0,164,1
EXP-04313,TULUA,VIF,Juzgado_3_Familia,2020,71,0.95,4,0,224,1
EXP-04314,YUMBO,ALIMENTOS,Juzgado_2_Familia,2023,62,1.2,6,0,241,1
EXP-04315,GUADALAJARA DE BUGA,VIF,Comisaria_2_Familia,2021,53,0.9,4,0,236,1
EXP-04316,ZARZAL,SUSTANCIAS,Juzgado_Penal_Municipal_1,2022,33,1.25,2,0,186,1
EXP-04317,PRADERA,VIF,Juzgado_3_Familia,2021,38,0.95,4,0,125,1
EXP-04318,YUMBO,HURTO_PATRIMONIAL,Juzgado_Penal_Municipal_2,2024,62,1.05,8,0,348,1
EXP-04319,EL CERRITO,ALIMENTOS,Juzgado_Penal_Municipal_2,2022,41,1.05,4,0,183,0
EXP-04320,ZARZAL,HURTO_PATRIMONIAL,Juzgado_1_Familia,2020,33,1.35,6,1,427,0
EXP-04321,CANDELARIA,ALIMENTOS,Juzgado_Penal_Municipal_1,2024,48,1.25,5,1,459,1
EXP-04322,JAMUNDI,ALIMENTOS,Comisaria_2_Familia,2023,67,0.9,6,1,442,1
EXP-04323,PALMIRA,VIF,Juzgado_1_Familia,2023,74,1.35,10,0,429,1
EXP-04324,CANDELARIA,SUSTANCIAS,Juzgado_1_Familia,2021,48,1.35,4,0,219,1
EXP-04325,BUENAVENTURA,VIF,Juzgado_3_Familia,2022,89,0.95,4,0,222,1
EXP-04326,CALI,ALIMENTOS,Juzgado_1_Familia,2022,82,1.35,8,1,496,1
EXP-04327,JAMUNDI,VIF,Juzgado_2_Familia,2022,67,1.2,2,0,116,0
EXP-04328,BUENAVENTURA,VIF,Juzgado_Penal_Municipal_2,2021,89,1.05,4,0,224,1
EXP-04329,BUENAVENTURA,HURTO_PATRIMONIAL,Comisaria_1_Familia,2021,89,1.1,7,0,391,1
EXP-04330,PRADERA,ALIMENTOS,Juzgado_Penal_Municipal_2,2024,38,1.05,5,1,411,1
EXP-04331,CALI,ALIMENTOS,Juzgado_Penal_Municipal_2,2023,82,1.05,10,1,522,1
EXP-04332,CARTAGO,SUSTANCIAS,Juzgado_Penal_Municipal_2,2020,58,1.05,4,0,226,0
EXP-04333,CARTAGO,ALIMENTOS,Comisaria_2_Familia,2024,58,0.9,2,0,137,1
EXP-04334,TULUA,HURTO_PATRIMONIAL,Juzgado_Penal_Municipal_2,2022,71,1.05,9,0,409,1
EXP-04335,CARTAGO,ALIMENTOS,Comisaria_1_Familia,2020,58,1.1,4,0,154,1
EXP-04336,YUMBO,VIF,Juzgado_Penal_Municipal_2,2022,62,1.05,2,0,143,0
EXP-04337,TULUA,ALIMENTOS,Juzgado_Penal_Municipal_1,2022,71,1.25,6,0,253,1
EXP-04338,TULUA,VIF,Juzgado_Penal_Municipal_1,2023,71,1.25,5,0,165,1
EXP-04339,EL CERRITO,ALIMENTOS,Juzgado_1_Familia,2022,41,1.35,9,0,430,1
EXP-04340,JAMUNDI,ALIMENTOS,Juzgado_Penal_Municipal_2,2021,67,1.05,7,0,368,1
EXP-04341,SEVILLA,VIF,Juzgado_Penal_Municipal_1,2020,35,1.25,5,0,238,1
EXP-04342,CALI,ALIMENTOS,Juzgado_2_Familia,2022,82,1.2,6,0,314,1
EXP-04343,FLORIDA,VIF,Juzgado_Penal_Municipal_2,2023,44,1.05,4,0,205,1
EXP-04344,CALI,SUSTANCIAS,Juzgado_Penal_Municipal_1,2023,82,1.25,5,0,257,1
EXP-04345,ZARZAL,HURTO_PATRIMONIAL,Juzgado_Penal_Municipal_2,2023,33,1.05,2,0,168,0
EXP-04346,JAMUNDI,VIF,Juzgado_Penal_Municipal_2,2024,67,1.05,4,0,197,1
EXP-04347,PALMIRA,VIF,Comisaria_1_Familia,2023,74,1.1,4,0,267,0
EXP-04348,CARTAGO,VIF,Juzgado_3_Familia,2020,58,0.95,3,0,90,1
EXP-04349,ZARZAL,ALIMENTOS,Juzgado_Penal_Municipal_2,2022,33,1.05,6,0,176,0
EXP-04350,ZARZAL,ALIMENTOS,Juzgado_Penal_Municipal_1,2022,33,1.25,9,0,401,1
EXP-04351,TULUA,HURTO_PATRIMONIAL,Juzgado_Penal_Municipal_2,2021,71,1.05,14,0,613,1
EXP-04352,BUENAVENTURA,VIF,Comisaria_2_Familia,2020,89,0.9,5,0,230,1
EXP-04353,PALMIRA,VIF,Comisaria_2_Familia,2024,74,0.9,6,0,326,1
EXP-04354,FLORIDA,VIF,Juzgado_Penal_Municipal_2,2024,44,1.05,3,0,214,1
EXP-04355,SEVILLA,ALIMENTOS,Juzgado_Penal_Municipal_1,2022,35,1.25,6,0,292,1
EXP-04356,PRADERA,HURTO_PATRIMONIAL,Juzgado_Penal_Municipal_1,2024,38,1.25,11,0,490,1
EXP-04357,TULUA,SUSTANCIAS,Comisaria_2_Familia,2024,71,0.9,6,0,261,1
EXP-04358,ZARZAL,ALIMENTOS,Juzgado_2_Familia,2024,33,1.2,3,0,231,1
EXP-04359,YUMBO,ALIMENTOS,Comisaria_1_Familia,2024,62,1.1,5,1,449,1
EXP-04360,CARTAGO,VIF,Juzgado_2_Familia,2023,58,1.2,5,0,211,1
EXP-04361,PALMIRA,ALIMENTOS,Juzgado_3_Familia,2023,74,0.95,8,1,603,1
EXP-04362,FLORIDA,HURTO_PATRIMONIAL,Juzgado_1_Familia,2024,44,1.35,8,0,381,1
EXP-04363,EL CERRITO,ALIMENTOS,Juzgado_1_Familia,2023,41,1.35,5,0,311,0
EXP-04364,CANDELARIA,VIF,Comisaria_2_Familia,2024,48,0.9,4,0,213,1
EXP-04365,GUADALAJARA DE BUGA,ALIMENTOS,Juzgado_2_Familia,2023,53,1.2,10,1,618,1
EXP-04366,FLORIDA,VIF,Juzgado_1_Familia,2023,44,1.35,6,0,243,1
EXP-04367,PALMIRA,VIF,Juzgado_Penal_Municipal_1,2022,74,1.25,6,0,358,1
EXP-04368,BUENAVENTURA,VIF,Comisaria_2_Familia,2024,89,0.9,4,0,217,1
EXP-04369,CANDELARIA,VIF,Comisaria_1_Familia,2022,48,1.1,5,0,212,0
EXP-04370,TULUA,VIF,Juzgado_Penal_Municipal_2,2022,71,1.05,5,0,201,1
EXP-04371,FLORIDA,ALIMENTOS,Juzgado_3_Familia,2024,44,0.95,2,0,185,1
EXP-04372,FLORIDA,ALIMENTOS,Comisaria_1_Familia,2022,44,1.1,3,0,218,1
EXP-04373,EL CERRITO,ALIMENTOS,Comisaria_1_Familia,2024,41,1.1,4,0,157,1
EXP-04374,ZARZAL,HURTO_PATRIMONIAL,Juzgado_3_Familia,2024,33,0.95,3,1,120,1
EXP-04375,TULUA,VIF,Juzgado_3_Familia,2020,71,0.95,6,0,329,1
EXP-04376,CARTAGO,HURTO_PATRIMONIAL,Juzgado_Penal_Municipal_1,2024,58,1.25,8,1,506,1
EXP-04377,CARTAGO,VIF,Juzgado_Penal_Municipal_1,2024,58,1.25,5,0,291,1
EXP-04378,CALI,HURTO_PATRIMONIAL,Juzgado_Penal_Municipal_1,2023,82,1.25,8,0,363,1
EXP-04379,ZARZAL,ALIMENTOS,Comisaria_1_Familia,2022,33,1.1,6,0,294,1
EXP-04380,TULUA,VIF,Juzgado_1_Familia,2020,71,1.35,5,0,195,0
EXP-04381,BUENAVENTURA,SUSTANCIAS,Juzgado_1_Familia,2022,89,1.35,8,0,443,1
EXP-04382,GUADALAJARA DE BUGA,ALIMENTOS,Juzgado_Penal_Municipal_1,2023,53,1.25,1,1,189,0
EXP-04383,CARTAGO,ALIMENTOS,Comisaria_1_Familia,2020,58,1.1,8,1,543,1
EXP-04384,EL CERRITO,VIF,Juzgado_1_Familia,2022,41,1.35,6,0,285,1
EXP-04385,PALMIRA,VIF,Juzgado_3_Familia,2023,74,0.95,3,0,177,1
EXP-04386,YUMBO,VIF,Juzgado_2_Familia,2023,62,1.2,4,0,237,0
EXP-04387,SEVILLA,ALIMENTOS,Comisaria_1_Familia,2024,35,1.1,1,0,88,1
EXP-04388,PRADERA,SUSTANCIAS,Comisaria_1_Familia,2023,38,1.1,7,0,302,1
EXP-04389,CANDELARIA,ALIMENTOS,Juzgado_2_Familia,2024,48,1.2,3,0,156,0
EXP-04390,JAMUNDI,SUSTANCIAS,Comisaria_1_Familia,2024,67,1.1,3,0,187,1
EXP-04391,FLORIDA,VIF,Juzgado_2_Familia,2024,44,1.2,3,0,221,0
EXP-04392,FLORIDA,ALIMENTOS,Comisaria_1_Familia,2023,44,1.1,9,0,410,1
EXP-04393,YUMBO,VIF,Comisaria_2_Familia,2021,62,0.9,2,0,164,1
EXP-04394,ZARZAL,VIF,Comisaria_1_Familia,2024,33,1.1,5,0,309,1
EXP-04395,CANDELARIA,HURTO_PATRIMONIAL,Juzgado_3_Familia,2024,48,0.95,4,1,281,1
EXP-04396,PALMIRA,VIF,Juzgado_1_Familia,2022,74,1.35,5,0,258,1
EXP-04397,SEVILLA,VIF,Juzgado_Penal_Municipal_1,2020,35,1.25,5,0,208,1
EXP-04398,PRADERA,VIF,Juzgado_2_Familia,2024,38,1.2,5,0,217,1
EXP-04399,YUMBO,VIF,Comisaria_2_Familia,2023,62,0.9,2,0,105,1
EXP-04400,CARTAGO,VIF,Juzgado_Penal_Municipal_1,2023,58,1.25,8,0,391,0
EXP-04401,CALI,VIF,Juzgado_2_Familia,2021,82,1.2,5,0,283,1
EXP-04402,CANDELARIA,ALIMENTOS,Comisaria_2_Familia,2023,48,0.9,9,0,353,1
EXP-04403,PRADERA,ALIMENTOS,Comisaria_1_Familia,2023,38,1.1,4,1,229,1
EXP-04404,CARTAGO,ALIMENTOS,Comisaria_1_Familia,2024,58,1.1,10,0,471,1
EXP-04405,PALMIRA,VIF,Juzgado_Penal_Municipal_1,2024,74,1.25,5,0,272,1
EXP-04406,BUENAVENTURA,VIF,Comisaria_1_Familia,2024,89,1.1,4,0,133,0
EXP-04407,CARTAGO,VIF,Comisaria_1_Familia,2023,58,1.1,7,0,353,1
EXP-04408,SEVILLA,HURTO_PATRIMONIAL,Juzgado_1_Familia,2024,35,1.35,8,1,478,1
EXP-04409,GUADALAJARA DE BUGA,VIF,Juzgado_2_Familia,2022,53,1.2,3,0,82,0
EXP-04410,EL CERRITO,HURTO_PATRIMONIAL,Comisaria_2_Familia,2023,41,0.9,4,0,196,1
EXP-04411,SEVILLA,HURTO_PATRIMONIAL,Comisaria_1_Familia,2023,35,1.1,8,1,578,1
EXP-04412,CARTAGO,SUSTANCIAS,Juzgado_Penal_Municipal_2,2022,58,1.05,6,0,327,1
EXP-04413,BUENAVENTURA,ALIMENTOS,Juzgado_2_Familia,2024,89,1.2,4,0,237,1
EXP-04414,CARTAGO,VIF,Juzgado_Penal_Municipal_2,2022,58,1.05,4,0,198,1
EXP-04415,CANDELARIA,HURTO_PATRIMONIAL,Comisaria_2_Familia,2022,48,0.9,1,0,30,1
EXP-04416,CALI,VIF,Juzgado_1_Familia,2023,82,1.35,7,0,364,1
EXP-04417,CALI,SUSTANCIAS,Comisaria_1_Familia,2020,82,1.1,2,0,213,1
EXP-04418,YUMBO,SUSTANCIAS,Juzgado_2_Familia,2022,62,1.2,7,0,327,1
EXP-04419,ZARZAL,SUSTANCIAS,Juzgado_2_Familia,2023,33,1.2,7,0,374,1
EXP-04420,BUENAVENTURA,VIF,Juzgado_2_Familia,2022,89,1.2,3,0,152,0
EXP-04421,YUMBO,ALIMENTOS,Juzgado_1_Familia,2023,62,1.35,8,1,529,1
EXP-04422,PRADERA,VIF,Comisaria_1_Familia,2021,38,1.1,3,0,103,1
EXP-04423,JAMUNDI,ALIMENTOS,Juzgado_1_Familia,2021,67,1.35,6,0,314,1
EXP-04424,BUENAVENTURA,ALIMENTOS,Juzgado_Penal_Municipal_1,2022,89,1.25,3,0,169,0
EXP-04425,CARTAGO,SUSTANCIAS,Juzgado_Penal_Municipal_1,2023,58,1.25,7,0,231,1
EXP-04426,EL CERRITO,HURTO_PATRIMONIAL,Juzgado_2_Familia,2022,41,1.2,7,0,332,0
EXP-04427,CARTAGO,VIF,Comisaria_2_Familia,2020,58,0.9,3,0,133,1
EXP-04428,JAMUNDI,VIF,Juzgado_3_Familia,2021,67,0.95,5,0,258,1
EXP-04429,ZARZAL,ALIMENTOS,Juzgado_2_Familia,2022,33,1.2,9,0,418,1
EXP-04430,ZARZAL,ALIMENTOS,Juzgado_2_Familia,2021,33,1.2,3,1,221,0
EXP-04431,EL CERRITO,VIF,Juzgado_Penal_Municipal_1,2023,41,1.25,4,0,177,1
EXP-04432,JAMUNDI,VIF,Juzgado_2_Familia,2021,67,1.2,3,0,144,0
EXP-04433,PRADERA,ALIMENTOS,Juzgado_1_Familia,2021,38,1.35,6,1,340,1
EXP-04434,PALMIRA,ALIMENTOS,Juzgado_Penal_Municipal_2,2024,74,1.05,6,0,307,1
EXP-04435,FLORIDA,ALIMENTOS,Juzgado_3_Familia,2022,44,0.95,4,0,167,1
EXP-04436,CALI,ALIMENTOS,Juzgado_3_Familia,2023,82,0.95,3,0,179,1
EXP-04437,ZARZAL,VIF,Juzgado_Penal_Municipal_2,2022,33,1.05,6,0,264,1
EXP-04438,EL CERRITO,ALIMENTOS,Comisaria_2_Familia,2022,41,0.9,6,0,194,1
EXP-04439,ZARZAL,VIF,Juzgado_2_Familia,2021,33,1.2,5,0,263,1
EXP-04440,PALMIRA,VIF,Juzgado_2_Familia,2024,74,1.2,7,0,345,1
EXP-04441,FLORIDA,SUSTANCIAS,Juzgado_1_Familia,2022,44,1.35,7,0,340,1
EXP-04442,YUMBO,ALIMENTOS,Juzgado_1_Familia,2023,62,1.35,9,1,561,1
EXP-04443,JAMUNDI,ALIMENTOS,Comisaria_2_Familia,2024,67,0.9,6,1,348,0
EXP-04444,SEVILLA,VIF,Juzgado_3_Familia,2022,35,0.95,5,0,237,1
EXP-04445,CANDELARIA,HURTO_PATRIMONIAL,Juzgado_Penal_Municipal_2,2023,48,1.05,3,0,198,1
EXP-04446,PALMIRA,ALIMENTOS,Juzgado_1_Familia,2023,74,1.35,3,0,121,0
EXP-04447,CARTAGO,VIF,Comisaria_1_Familia,2023,58,1.1,3,0,146,1
EXP-04448,CARTAGO,HURTO_PATRIMONIAL,Juzgado_1_Familia,2021,58,1.35,10,0,458,1
EXP-04449,CANDELARIA,VIF,Comisaria_1_Familia,2023,48,1.1,1,0,77,1
EXP-04450,YUMBO,VIF,Juzgado_Penal_Municipal_2,2023,62,1.05,7,0,325,1
EXP-04451,BUENAVENTURA,VIF,Juzgado_1_Familia,2023,89,1.35,10,0,405,1
EXP-04452,ZARZAL,HURTO_PATRIMONIAL,Comisaria_2_Familia,2022,33,0.9,8,0,388,1
EXP-04453,TULUA,ALIMENTOS,Comisaria_2_Familia,2022,71,0.9,3,0,322,1
EXP-04454,CALI,VIF,Juzgado_Penal_Municipal_2,2023,82,1.05,5,0,258,1
EXP-04455,ZARZAL,VIF,Comisaria_1_Familia,2021,33,1.1,4,0,201,1
EXP-04456,CARTAGO,HURTO_PATRIMONIAL,Juzgado_1_Familia,2024,58,1.35,8,0,404,1
EXP-04457,CALI,ALIMENTOS,Juzgado_2_Familia,2024,82,1.2,6,0,302,1
EXP-04458,BUENAVENTURA,ALIMENTOS,Juzgado_3_Familia,2021,89,0.95,1,1,42,1
EXP-04459,CALI,ALIMENTOS,Comisaria_1_Familia,2023,82,1.1,7,1,431,1
EXP-04460,ZARZAL,VIF,Juzgado_Penal_Municipal_2,2021,33,1.05,5,0,208,1
EXP-04461,JAMUNDI,ALIMENTOS,Juzgado_Penal_Municipal_1,2024,67,1.25,12,1,779,1
EXP-04462,PALMIRA,ALIMENTOS,Juzgado_1_Familia,2021,74,1.35,6,0,311,0
EXP-04463,YUMBO,HURTO_PATRIMONIAL,Comisaria_2_Familia,2021,62,0.9,4,1,330,1
EXP-04464,SEVILLA,VIF,Juzgado_Penal_Municipal_2,2020,35,1.05,5,0,202,1
EXP-04465,YUMBO,HURTO_PATRIMONIAL,Comisaria_2_Familia,2022,62,0.9,4,0,228,1
EXP-04466,ZARZAL,SUSTANCIAS,Juzgado_2_Familia,2024,33,1.2,3,0,190,0
EXP-04467,CARTAGO,VIF,Juzgado_Penal_Municipal_2,2024,58,1.05,5,0,190,1
EXP-04468,CARTAGO,HURTO_PATRIMONIAL,Juzgado_3_Familia,2021,58,0.95,6,1,393,1
EXP-04469,EL CERRITO,ALIMENTOS,Comisaria_1_Familia,2022,41,1.1,9,0,331,1
EXP-04470,PRADERA,VIF,Juzgado_Penal_Municipal_1,2022,38,1.25,1,0,77,0
EXP-04471,PALMIRA,SUSTANCIAS,Juzgado_2_Familia,2024,74,1.2,5,0,254,0
EXP-04472,CANDELARIA,VIF,Comisaria_2_Familia,2024,48,0.9,2,0,151,0
EXP-04473,SEVILLA,HURTO_PATRIMONIAL,Juzgado_2_Familia,2020,35,1.2,8,0,443,1
EXP-04474,FLORIDA,ALIMENTOS,Juzgado_2_Familia,2020,44,1.2,4,0,232,1
EXP-04475,BUENAVENTURA,VIF,Juzgado_Penal_Municipal_2,2024,89,1.05,6,0,299,1
EXP-04476,CALI,HURTO_PATRIMONIAL,Juzgado_Penal_Municipal_1,2023,82,1.25,12,0,513,1
EXP-04477,CANDELARIA,VIF,Juzgado_2_Familia,2022,48,1.2,4,0,235,1
EXP-04478,TULUA,ALIMENTOS,Juzgado_1_Familia,2024,71,1.35,9,0,458,1
EXP-04479,CANDELARIA,VIF,Juzgado_Penal_Municipal_1,2024,48,1.25,5,0,234,1
EXP-04480,CANDELARIA,VIF,Juzgado_2_Familia,2022,48,1.2,4,0,265,1
EXP-04481,PRADERA,VIF,Comisaria_1_Familia,2024,38,1.1,5,0,243,1
EXP-04482,ZARZAL,VIF,Comisaria_1_Familia,2023,33,1.1,1,0,127,0
EXP-04483,ZARZAL,ALIMENTOS,Juzgado_3_Familia,2021,33,0.95,2,0,161,1
EXP-04484,CARTAGO,HURTO_PATRIMONIAL,Juzgado_3_Familia,2021,58,0.95,1,0,112,1
EXP-04485,SEVILLA,HURTO_PATRIMONIAL,Juzgado_1_Familia,2022,35,1.35,6,1,445,1
EXP-04486,CALI,ALIMENTOS,Comisaria_1_Familia,2024,82,1.1,7,1,495,1
EXP-04487,TULUA,ALIMENTOS,Juzgado_1_Familia,2022,71,1.35,8,0,400,1
EXP-04488,SEVILLA,SUSTANCIAS,Juzgado_Penal_Municipal_1,2020,35,1.25,5,0,274,1
EXP-04489,CALI,VIF,Juzgado_3_Familia,2022,82,0.95,7,0,319,1
EXP-04490,EL CERRITO,ALIMENTOS,Juzgado_3_Familia,2024,41,0.95,2,1,184,1
EXP-04491,BUENAVENTURA,HURTO_PATRIMONIAL,Juzgado_2_Familia,2020,89,1.2,9,0,453,1
EXP-04492,CANDELARIA,ALIMENTOS,Juzgado_Penal_Municipal_1,2024,48,1.25,7,0,356,1
EXP-04493,FLORIDA,ALIMENTOS,Juzgado_1_Familia,2023,44,1.35,8,0,355,1
EXP-04494,ZARZAL,ALIMENTOS,Juzgado_Penal_Municipal_2,2024,33,1.05,6,0,246,1
EXP-04495,SEVILLA,ALIMENTOS,Juzgado_3_Familia,2024,35,0.95,4,0,252,1
EXP-04496,GUADALAJARA DE BUGA,ALIMENTOS,Juzgado_3_Familia,2021,53,0.95,4,1,242,1
EXP-04497,CALI,VIF,Juzgado_Penal_Municipal_1,2022,82,1.25,6,0,277,1
EXP-04498,TULUA,ALIMENTOS,Juzgado_Penal_Municipal_1,2023,71,1.25,6,1,510,1
EXP-04499,SEVILLA,VIF,Comisaria_1_Familia,2024,35,1.1,6,0,243,1
EXP-04500,SEVILLA,VIF,Juzgado_Penal_Municipal_2,2023,35,1.05,4,0,168,1
EXP-04501,PRADERA,HURTO_PATRIMONIAL,Comisaria_2_Familia,2024,38,0.9,7,1,557,0
EXP-04502,FLORIDA,HURTO_PATRIMONIAL,Comisaria_1_Familia,2022,44,1.1,3,1,236,1
EXP-04503,PALMIRA,ALIMENTOS,Juzgado_Penal_Municipal_2,2020,74,1.05,3,0,223,0
EXP-04504,GUADALAJARA DE BUGA,ALIMENTOS,Juzgado_1_Familia,2023,53,1.35,13,1,681,1
EXP-04505,BUENAVENTURA,SUSTANCIAS,Comisaria_1_Familia,2024,89,1.1,2,0,89,0
EXP-04506,TULUA,ALIMENTOS,Juzgado_2_Familia,2024,71,1.2,7,0,435,1
EXP-04507,SEVILLA,HURTO_PATRIMONIAL,Juzgado_3_Familia,2022,35,0.95,7,0,303,1
EXP-04508,CANDELARIA,VIF,Comisaria_2_Familia,2024,48,0.9,5,0,205,1
EXP-04509,ZARZAL,ALIMENTOS,Comisaria_2_Familia,2024,33,0.9,5,0,174,1
EXP-04510,JAMUNDI,ALIMENTOS,Comisaria_1_Familia,2023,67,1.1,6,1,378,1
EXP-04511,CANDELARIA,VIF,Juzgado_3_Familia,2024,48,0.95,5,0,255,1
EXP-04512,PALMIRA,VIF,Juzgado_Penal_Municipal_2,2024,74,1.05,4,0,278,1
EXP-04513,PRADERA,SUSTANCIAS,Juzgado_Penal_Municipal_2,2022,38,1.05,3,0,210,1
EXP-04514,FLORIDA,ALIMENTOS,Juzgado_2_Familia,2024,44,1.2,6,0,269,1
EXP-04515,YUMBO,VIF,Juzgado_3_Familia,2023,62,0.95,3,0,116,0
EXP-04516,BUENAVENTURA,ALIMENTOS,Juzgado_1_Familia,2020,89,1.35,10,0,488,1
EXP-04517,TULUA,SUSTANCIAS,Juzgado_3_Familia,2023,71,0.95,5,0,270,1
EXP-04518,TULUA,VIF,Juzgado_2_Familia,2024,71,1.2,4,0,300,1
EXP-04519,FLORIDA,VIF,Juzgado_Penal_Municipal_1,2022,44,1.25,4,0,240,1
EXP-04520,YUMBO,HURTO_PATRIMONIAL,Comisaria_2_Familia,2024,62,0.9,3,1,244,1
EXP-04521,TULUA,HURTO_PATRIMONIAL,Comisaria_1_Familia,2023,71,1.1,13,1,798,1
EXP-04522,CANDELARIA,ALIMENTOS,Juzgado_1_Familia,2024,48,1.35,10,0,478,1
EXP-04523,GUADALAJARA DE BUGA,ALIMENTOS,Juzgado_3_Familia,2021,53,0.95,1,0,30,1
EXP-04524,FLORIDA,VIF,Juzgado_1_Familia,2023,44,1.35,10,0,416,1
EXP-04525,CARTAGO,ALIMENTOS,Comisaria_1_Familia,2020,58,1.1,6,0,347,1
EXP-04526,TULUA,VIF,Comisaria_2_Familia,2024,71,0.9,4,0,171,0
EXP-04527,BUENAVENTURA,VIF,Comisaria_2_Familia,2021,89,0.9,8,0,305,1
EXP-04528,CALI,VIF,Juzgado_3_Familia,2021,82,0.95,4,0,173,0
EXP-04529,PRADERA,ALIMENTOS,Juzgado_3_Familia,2022,38,0.95,6,1,450,1
EXP-04530,CARTAGO,VIF,Juzgado_1_Familia,2023,58,1.35,3,0,178,0
EXP-04531,CANDELARIA,SUSTANCIAS,Juzgado_1_Familia,2020,48,1.35,8,0,313,0
EXP-04532,EL CERRITO,ALIMENTOS,Juzgado_1_Familia,2024,41,1.35,7,0,306,1
EXP-04533,BUENAVENTURA,HURTO_PATRIMONIAL,Juzgado_1_Familia,2021,89,1.35,14,0,674,1
EXP-04534,PALMIRA,HURTO_PATRIMONIAL,Juzgado_Penal_Municipal_2,2023,74,1.05,4,0,183,1
EXP-04535,CANDELARIA,SUSTANCIAS,Juzgado_1_Familia,2020,48,1.35,4,0,131,1
EXP-04536,FLORIDA,VIF,Juzgado_2_Familia,2024,44,1.2,5,0,281,1
EXP-04537,CARTAGO,VIF,Juzgado_2_Familia,2023,58,1.2,5,0,226,1
EXP-04538,EL CERRITO,HURTO_PATRIMONIAL,Juzgado_Penal_Municipal_1,2023,41,1.25,13,1,812,1
EXP-04539,PALMIRA,HURTO_PATRIMONIAL,Juzgado_2_Familia,2021,74,1.2,12,1,799,1
EXP-04540,FLORIDA,ALIMENTOS,Comisaria_1_Familia,2022,44,1.1,6,1,383,1
EXP-04541,TULUA,HURTO_PATRIMONIAL,Comisaria_2_Familia,2022,71,0.9,1,1,135,1
EXP-04542,FLORIDA,ALIMENTOS,Juzgado_3_Familia,2023,44,0.95,5,0,184,1
EXP-04543,TULUA,ALIMENTOS,Juzgado_Penal_Municipal_1,2023,71,1.25,11,0,498,1
EXP-04544,PALMIRA,HURTO_PATRIMONIAL,Juzgado_Penal_Municipal_2,2021,74,1.05,9,1,553,1
EXP-04545,CARTAGO,ALIMENTOS,Juzgado_Penal_Municipal_2,2022,58,1.05,11,1,646,1
EXP-04546,FLORIDA,HURTO_PATRIMONIAL,Juzgado_1_Familia,2023,44,1.35,9,1,607,1
EXP-04547,SEVILLA,HURTO_PATRIMONIAL,Comisaria_1_Familia,2023,35,1.1,9,1,589,1
EXP-04548,TULUA,VIF,Juzgado_Penal_Municipal_1,2020,71,1.25,5,0,299,1
EXP-04549,PRADERA,ALIMENTOS,Juzgado_1_Familia,2023,38,1.35,7,0,341,1
EXP-04550,BUENAVENTURA,VIF,Juzgado_Penal_Municipal_2,2020,89,1.05,6,0,303,1
EXP-04551,CANDELARIA,VIF,Juzgado_3_Familia,2020,48,0.95,4,0,223,1
EXP-04552,GUADALAJARA DE BUGA,HURTO_PATRIMONIAL,Juzgado_3_Familia,2022,53,0.95,3,0,191,1
EXP-04553,SEVILLA,ALIMENTOS,Comisaria_1_Familia,2022,35,1.1,6,0,297,1
EXP-04554,JAMUNDI,ALIMENTOS,Juzgado_Penal_Municipal_2,2021,67,1.05,5,0,261,0
EXP-04555,CANDELARIA,ALIMENTOS,Juzgado_3_Familia,2022,48,0.95,8,0,265,1
EXP-04556,ZARZAL,VIF,Comisaria_1_Familia,2023,33,1.1,3,0,153,1
EXP-04557,FLORIDA,VIF,Juzgado_1_Familia,2023,44,1.35,4,0,202,1
EXP-04558,CALI,ALIMENTOS,Comisaria_1_Familia,2021,82,1.1,6,0,363,1
EXP-04559,FLORIDA,ALIMENTOS,Juzgado_3_Familia,2023,44,0.95,2,1,124,1
EXP-04560,TULUA,VIF,Juzgado_2_Familia,2024,71,1.2,1,0,194,0
EXP-04561,EL CERRITO,ALIMENTOS,Juzgado_1_Familia,2022,41,1.35,6,0,332,1
EXP-04562,ZARZAL,ALIMENTOS,Juzgado_Penal_Municipal_2,2020,33,1.05,5,0,181,0
EXP-04563,EL CERRITO,ALIMENTOS,Juzgado_Penal_Municipal_2,2022,41,1.05,9,0,387,1
EXP-04564,CARTAGO,ALIMENTOS,Juzgado_3_Familia,2024,58,0.95,4,0,181,1
EXP-04565,CARTAGO,ALIMENTOS,Juzgado_2_Familia,2024,58,1.2,9,0,416,1
EXP-04566,ZARZAL,VIF,Juzgado_3_Familia,2022,33,0.95,1,0,72,0
EXP-04567,GUADALAJARA DE BUGA,ALIMENTOS,Juzgado_Penal_Municipal_2,2023,53,1.05,7,0,326,1
EXP-04568,PRADERA,ALIMENTOS,Juzgado_Penal_Municipal_2,2023,38,1.05,6,0,361,1
EXP-04569,PRADERA,HURTO_PATRIMONIAL,Comisaria_1_Familia,2023,38,1.1,7,0,312,1
EXP-04570,PRADERA,HURTO_PATRIMONIAL,Juzgado_Penal_Municipal_2,2020,38,1.05,11,1,688,1
EXP-04571,YUMBO,HURTO_PATRIMONIAL,Juzgado_2_Familia,2024,62,1.2,5,0,219,1
EXP-04572,FLORIDA,HURTO_PATRIMONIAL,Juzgado_3_Familia,2022,44,0.95,2,0,116,1
EXP-04573,PALMIRA,SUSTANCIAS,Comisaria_2_Familia,2023,74,0.9,5,0,219,1
EXP-04574,CALI,VIF,Comisaria_1_Familia,2024,82,1.1,7,0,376,1
EXP-04575,PALMIRA,SUSTANCIAS,Juzgado_Penal_Municipal_1,2023,74,1.25,5,0,291,1
EXP-04576,ZARZAL,SUSTANCIAS,Comisaria_2_Familia,2022,33,0.9,4,0,184,1
EXP-04577,BUENAVENTURA,HURTO_PATRIMONIAL,Juzgado_1_Familia,2022,89,1.35,5,0,265,1
EXP-04578,ZARZAL,VIF,Juzgado_3_Familia,2022,33,0.95,1,0,139,1
EXP-04579,CALI,VIF,Juzgado_Penal_Municipal_2,2021,82,1.05,3,0,208,1
EXP-04580,BUENAVENTURA,ALIMENTOS,Comisaria_2_Familia,2024,89,0.9,4,0,335,1
EXP-04581,YUMBO,ALIMENTOS,Comisaria_2_Familia,2024,62,0.9,3,0,186,1
EXP-04582,TULUA,ALIMENTOS,Comisaria_2_Familia,2023,71,0.9,5,1,362,1
EXP-04583,GUADALAJARA DE BUGA,ALIMENTOS,Juzgado_3_Familia,2024,53,0.95,5,1,275,1
EXP-04584,BUENAVENTURA,ALIMENTOS,Comisaria_1_Familia,2024,89,1.1,7,1,401,1
EXP-04585,ZARZAL,VIF,Juzgado_Penal_Municipal_1,2021,33,1.25,8,0,361,1
EXP-04586,PRADERA,HURTO_PATRIMONIAL,Juzgado_Penal_Municipal_1,2021,38,1.25,8,0,393,1
EXP-04587,JAMUNDI,ALIMENTOS,Juzgado_Penal_Municipal_1,2022,67,1.25,7,0,301,1
EXP-04588,JAMUNDI,ALIMENTOS,Comisaria_2_Familia,2022,67,0.9,6,1,502,1
EXP-04589,PRADERA,ALIMENTOS,Juzgado_Penal_Municipal_1,2024,38,1.25,4,1,329,1
EXP-04590,YUMBO,VIF,Juzgado_3_Familia,2022,62,0.95,4,0,166,1
EXP-04591,CANDELARIA,ALIMENTOS,Comisaria_2_Familia,2024,48,0.9,7,1,443,1
EXP-04592,PALMIRA,ALIMENTOS,Comisaria_2_Familia,2024,74,0.9,6,1,435,0
EXP-04593,GUADALAJARA DE BUGA,VIF,Juzgado_2_Familia,2023,53,1.2,3,0,175,1
EXP-04594,TULUA,HURTO_PATRIMONIAL,Juzgado_Penal_Municipal_1,2022,71,1.25,11,1,705,1
EXP-04595,CARTAGO,ALIMENTOS,Juzgado_Penal_Municipal_1,2023,58,1.25,6,1,496,1
EXP-04596,EL CERRITO,HURTO_PATRIMONIAL,Juzgado_Penal_Municipal_2,2020,41,1.05,3,0,149,1
EXP-04597,SEVILLA,VIF,Juzgado_3_Familia,2024,35,0.95,4,0,188,1
EXP-04598,ZARZAL,VIF,Juzgado_3_Familia,2020,33,0.95,1,0,77,1
EXP-04599,ZARZAL,ALIMENTOS,Comisaria_1_Familia,2024,33,1.1,6,0,328,1
EXP-04600,CANDELARIA,HURTO_PATRIMONIAL,Juzgado_1_Familia,2022,48,1.35,15,1,873,1
EXP-04601,GUADALAJARA DE BUGA,ALIMENTOS,Juzgado_Penal_Municipal_2,2022,53,1.05,5,0,151,0
EXP-04602,FLORIDA,ALIMENTOS,Juzgado_2_Familia,2021,44,1.2,5,0,268,1
EXP-04603,CALI,HURTO_PATRIMONIAL,Juzgado_2_Familia,2023,82,1.2,8,0,410,1
EXP-04604,TULUA,HURTO_PATRIMONIAL,Juzgado_Penal_Municipal_2,2021,71,1.05,6,0,315,1
EXP-04605,BUENAVENTURA,VIF,Juzgado_Penal_Municipal_2,2023,89,1.05,5,0,204,1
EXP-04606,CARTAGO,ALIMENTOS,Juzgado_3_Familia,2022,58,0.95,3,0,163,1
EXP-04607,YUMBO,HURTO_PATRIMONIAL,Juzgado_2_Familia,2021,62,1.2,12,0,583,1
EXP-04608,CANDELARIA,HURTO_PATRIMONIAL,Juzgado_1_Familia,2023,48,1.35,8,1,454,1
EXP-04609,SEVILLA,VIF,Juzgado_3_Familia,2021,35,0.95,6,0,251,1
EXP-04610,CARTAGO,HURTO_PATRIMONIAL,Juzgado_Penal_Municipal_1,2021,58,1.25,8,0,368,1
EXP-04611,JAMUNDI,VIF,Juzgado_Penal_Municipal_2,2023,67,1.05,5,0,212,1
EXP-04612,CARTAGO,ALIMENTOS,Comisaria_2_Familia,2024,58,0.9,4,1,310,1
EXP-04613,ZARZAL,VIF,Juzgado_3_Familia,2021,33,0.95,7,0,312,1
EXP-04614,JAMUNDI,ALIMENTOS,Comisaria_2_Familia,2024,67,0.9,8,0,384,1
EXP-04615,ZARZAL,HURTO_PATRIMONIAL,Juzgado_1_Familia,2024,33,1.35,9,0,428,1
EXP-04616,CANDELARIA,VIF,Comisaria_1_Familia,2020,48,1.1,3,0,119,1
EXP-04617,FLORIDA,ALIMENTOS,Juzgado_3_Familia,2021,44,0.95,1,0,53,0
EXP-04618,JAMUNDI,HURTO_PATRIMONIAL,Juzgado_3_Familia,2022,67,0.95,1,1,179,1
EXP-04619,CARTAGO,VIF,Juzgado_1_Familia,2023,58,1.35,3,0,154,0
EXP-04620,PALMIRA,VIF,Juzgado_Penal_Municipal_2,2021,74,1.05,4,0,230,1
EXP-04621,YUMBO,ALIMENTOS,Comisaria_1_Familia,2020,62,1.1,3,0,162,1
EXP-04622,EL CERRITO,VIF,Juzgado_3_Familia,2024,41,0.95,6,0,284,1
EXP-04623,FLORIDA,ALIMENTOS,Juzgado_1_Familia,2022,44,1.35,10,1,617,1
EXP-04624,PALMIRA,VIF,Juzgado_Penal_Municipal_1,2024,74,1.25,6,0,350,1
EXP-04625,YUMBO,ALIMENTOS,Juzgado_1_Familia,2020,62,1.35,9,1,422,0
EXP-04626,YUMBO,VIF,Juzgado_2_Familia,2024,62,1.2,2,0,168,0
EXP-04627,EL CERRITO,ALIMENTOS,Comisaria_2_Familia,2020,41,0.9,4,0,256,1
EXP-04628,GUADALAJARA DE BUGA,ALIMENTOS,Comisaria_1_Familia,2022,53,1.1,7,0,335,1
EXP-04629,CANDELARIA,SUSTANCIAS,Juzgado_Penal_Municipal_1,2022,48,1.25,1,0,83,1
EXP-04630,PRADERA,VIF,Juzgado_Penal_Municipal_2,2023,38,1.05,4,0,130,1
EXP-04631,CALI,ALIMENTOS,Juzgado_2_Familia,2024,82,1.2,4,0,211,1
EXP-04632,YUMBO,ALIMENTOS,Comisaria_1_Familia,2023,62,1.1,10,0,439,1
EXP-04633,PRADERA,ALIMENTOS,Comisaria_1_Familia,2022,38,1.1,6,0,252,1
EXP-04634,BUENAVENTURA,VIF,Juzgado_1_Familia,2022,89,1.35,5,0,206,1
EXP-04635,CARTAGO,VIF,Juzgado_Penal_Municipal_1,2022,58,1.25,7,0,291,1
EXP-04636,SEVILLA,ALIMENTOS,Juzgado_Penal_Municipal_1,2023,35,1.25,5,1,280,1
EXP-04637,CANDELARIA,ALIMENTOS,Comisaria_1_Familia,2020,48,1.1,8,1,581,1
EXP-04638,TULUA,ALIMENTOS,Comisaria_2_Familia,2023,71,0.9,3,0,114,1
EXP-04639,YUMBO,ALIMENTOS,Comisaria_1_Familia,2023,62,1.1,4,0,204,1
EXP-04640,YUMBO,HURTO_PATRIMONIAL,Juzgado_2_Familia,2022,62,1.2,4,1,203,1
EXP-04641,FLORIDA,HURTO_PATRIMONIAL,Juzgado_Penal_Municipal_2,2022,44,1.05,3,1,212,1
EXP-04642,TULUA,SUSTANCIAS,Comisaria_2_Familia,2024,71,0.9,6,0,238,1
EXP-04643,PALMIRA,HURTO_PATRIMONIAL,Juzgado_2_Familia,2023,74,1.2,8,0,400,0
EXP-04644,PRADERA,VIF,Juzgado_2_Familia,2024,38,1.2,4,0,164,0
EXP-04645,CALI,ALIMENTOS,Comisaria_2_Familia,2021,82,0.9,9,0,348,1
EXP-04646,BUENAVENTURA,ALIMENTOS,Comisaria_1_Familia,2023,89,1.1,8,1,579,1
EXP-04647,JAMUNDI,ALIMENTOS,Juzgado_Penal_Municipal_2,2024,67,1.05,4,1,256,1
EXP-04648,FLORIDA,ALIMENTOS,Juzgado_2_Familia,2020,44,1.2,3,1,284,0
EXP-04649,ZARZAL,SUSTANCIAS,Juzgado_2_Familia,2021,33,1.2,5,0,320,1
EXP-04650,ZARZAL,HURTO_PATRIMONIAL,Comisaria_2_Familia,2023,33,0.9,9,0,426,1
EXP-04651,CANDELARIA,ALIMENTOS,Juzgado_2_Familia,2023,48,1.2,8,1,544,1
EXP-04652,YUMBO,VIF,Juzgado_Penal_Municipal_2,2022,62,1.05,4,0,253,1
EXP-04653,BUENAVENTURA,VIF,Comisaria_1_Familia,2024,89,1.1,6,0,169,1
EXP-04654,CANDELARIA,VIF,Juzgado_Penal_Municipal_1,2024,48,1.25,6,0,223,1
EXP-04655,JAMUNDI,HURTO_PATRIMONIAL,Juzgado_2_Familia,2023,67,1.2,6,0,320,1
EXP-04656,BUENAVENTURA,VIF,Comisaria_1_Familia,2020,89,1.1,4,0,140,1
EXP-04657,CARTAGO,ALIMENTOS,Juzgado_3_Familia,2024,58,0.95,5,1,399,1
EXP-04658,BUENAVENTURA,ALIMENTOS,Comisaria_2_Familia,2020,89,0.9,3,0,198,1
EXP-04659,PALMIRA,VIF,Juzgado_1_Familia,2024,74,1.35,9,0,388,1
EXP-04660,GUADALAJARA DE BUGA,SUSTANCIAS,Juzgado_Penal_Municipal_1,2022,53,1.25,6,0,299,1
EXP-04661,PRADERA,SUSTANCIAS,Juzgado_Penal_Municipal_1,2024,38,1.25,7,0,309,1
EXP-04662,CANDELARIA,VIF,Juzgado_3_Familia,2023,48,0.95,3,0,137,0
EXP-04663,CARTAGO,HURTO_PATRIMONIAL,Comisaria_2_Familia,2021,58,0.9,5,1,344,1
EXP-04664,JAMUNDI,VIF,Juzgado_1_Familia,2023,67,1.35,6,0,258,1
EXP-04665,TULUA,HURTO_PATRIMONIAL,Comisaria_2_Familia,2023,71,0.9,6,0,280,1
EXP-04666,PRADERA,VIF,Juzgado_3_Familia,2024,38,0.95,5,0,134,1
EXP-04667,CANDELARIA,ALIMENTOS,Juzgado_Penal_Municipal_2,2022,48,1.05,3,1,354,1
EXP-04668,BUENAVENTURA,HURTO_PATRIMONIAL,Juzgado_2_Familia,2022,89,1.2,4,0,156,1
EXP-04669,PALMIRA,VIF,Comisaria_1_Familia,2024,74,1.1,7,0,319,1
EXP-04670,EL CERRITO,ALIMENTOS,Comisaria_2_Familia,2020,41,0.9,6,0,272,1
EXP-04671,JAMUNDI,ALIMENTOS,Juzgado_Penal_Municipal_1,2022,67,1.25,11,0,433,1
EXP-04672,GUADALAJARA DE BUGA,ALIMENTOS,Juzgado_1_Familia,2022,53,1.35,8,0,379,1
EXP-04673,FLORIDA,ALIMENTOS,Juzgado_1_Familia,2023,44,1.35,5,1,424,1
EXP-04674,PRADERA,VIF,Comisaria_1_Familia,2023,38,1.1,3,0,177,1
EXP-04675,TULUA,HURTO_PATRIMONIAL,Comisaria_2_Familia,2023,71,0.9,10,1,560,1
EXP-04676,JAMUNDI,ALIMENTOS,Juzgado_Penal_Municipal_1,2024,67,1.25,8,1,558,1
EXP-04677,FLORIDA,VIF,Juzgado_Penal_Municipal_1,2024,44,1.25,7,0,337,1
EXP-04678,TULUA,ALIMENTOS,Juzgado_Penal_Municipal_2,2023,71,1.05,10,0,516,1
EXP-04679,CANDELARIA,ALIMENTOS,Juzgado_Penal_Municipal_2,2022,48,1.05,7,0,420,1
EXP-04680,CARTAGO,ALIMENTOS,Comisaria_1_Familia,2023,58,1.1,4,1,292,1
EXP-04681,JAMUNDI,ALIMENTOS,Juzgado_1_Familia,2022,67,1.35,6,1,379,0
EXP-04682,FLORIDA,ALIMENTOS,Juzgado_1_Familia,2021,44,1.35,9,0,408,1
EXP-04683,CARTAGO,HURTO_PATRIMONIAL,Comisaria_2_Familia,2023,58,0.9,1,0,42,1
EXP-04684,JAMUNDI,ALIMENTOS,Comisaria_1_Familia,2023,67,1.1,2,0,124,1
EXP-04685,FLORIDA,ALIMENTOS,Juzgado_3_Familia,2020,44,0.95,7,1,348,1
EXP-04686,PRADERA,VIF,Juzgado_3_Familia,2023,38,0.95,6,0,285,1
EXP-04687,BUENAVENTURA,VIF,Juzgado_Penal_Municipal_2,2024,89,1.05,5,0,204,1
EXP-04688,JAMUNDI,VIF,Juzgado_2_Familia,2021,67,1.2,2,0,131,1
EXP-04689,SEVILLA,HURTO_PATRIMONIAL,Juzgado_3_Familia,2024,35,0.95,8,1,432,0
EXP-04690,YUMBO,ALIMENTOS,Juzgado_3_Familia,2023,62,0.95,5,0,267,1
EXP-04691,CALI,SUSTANCIAS,Comisaria_2_Familia,2024,82,0.9,5,0,240,1
EXP-04692,YUMBO,HURTO_PATRIMONIAL,Comisaria_2_Familia,2024,62,0.9,5,0,251,0
EXP-04693,CANDELARIA,HURTO_PATRIMONIAL,Juzgado_3_Familia,2024,48,0.95,9,1,602,1
EXP-04694,CARTAGO,VIF,Juzgado_Penal_Municipal_1,2023,58,1.25,1,0,30,1
EXP-04695,JAMUNDI,SUSTANCIAS,Comisaria_2_Familia,2023,67,0.9,6,0,213,1
EXP-04696,TULUA,ALIMENTOS,Comisaria_2_Familia,2024,71,0.9,8,0,375,1
EXP-04697,EL CERRITO,VIF,Juzgado_2_Familia,2023,41,1.2,4,0,169,0
EXP-04698,SEVILLA,VIF,Juzgado_3_Familia,2022,35,0.95,1,0,111,1
EXP-04699,BUENAVENTURA,VIF,Comisaria_2_Familia,2024,89,0.9,5,0,235,1
EXP-04700,JAMUNDI,ALIMENTOS,Juzgado_1_Familia,2024,67,1.35,5,0,299,0
EXP-04701,SEVILLA,HURTO_PATRIMONIAL,Comisaria_2_Familia,2022,35,0.9,3,1,237,1
EXP-04702,YUMBO,VIF,Comisaria_2_Familia,2023,62,0.9,3,0,129,1
EXP-04703,JAMUNDI,HURTO_PATRIMONIAL,Juzgado_2_Familia,2024,67,1.2,9,0,365,0
EXP-04704,JAMUNDI,HURTO_PATRIMONIAL,Comisaria_1_Familia,2024,67,1.1,12,1,690,1
EXP-04705,CALI,VIF,Comisaria_1_Familia,2024,82,1.1,6,0,237,1
EXP-04706,FLORIDA,VIF,Juzgado_3_Familia,2024,44,0.95,5,0,259,1
EXP-04707,PALMIRA,VIF,Juzgado_Penal_Municipal_2,2021,74,1.05,4,0,165,1
EXP-04708,EL CERRITO,ALIMENTOS,Juzgado_3_Familia,2020,41,0.95,4,1,302,1
EXP-04709,CALI,VIF,Comisaria_2_Familia,2024,82,0.9,5,0,198,1
EXP-04710,ZARZAL,ALIMENTOS,Juzgado_2_Familia,2024,33,1.2,10,0,410,1
EXP-04711,GUADALAJARA DE BUGA,VIF,Juzgado_Penal_Municipal_1,2023,53,1.25,4,0,244,1
EXP-04712,FLORIDA,ALIMENTOS,Juzgado_2_Familia,2023,44,1.2,5,1,400,1
EXP-04713,PRADERA,ALIMENTOS,Juzgado_3_Familia,2024,38,0.95,1,1,58,0
EXP-04714,CARTAGO,HURTO_PATRIMONIAL,Juzgado_Penal_Municipal_1,2022,58,1.25,8,0,402,1
EXP-04715,YUMBO,HURTO_PATRIMONIAL,Juzgado_3_Familia,2024,62,0.95,8,0,428,1
EXP-04716,PALMIRA,ALIMENTOS,Juzgado_2_Familia,2023,74,1.2,12,0,522,1
EXP-04717,BUENAVENTURA,ALIMENTOS,Juzgado_3_Familia,2022,89,0.95,1,1,235,1
EXP-04718,CARTAGO,ALIMENTOS,Juzgado_Penal_Municipal_1,2020,58,1.25,5,0,256,1
EXP-04719,BUENAVENTURA,HURTO_PATRIMONIAL,Comisaria_2_Familia,2022,89,0.9,11,1,798,1
EXP-04720,CALI,VIF,Comisaria_2_Familia,2024,82,0.9,3,0,193,1
EXP-04721,ZARZAL,VIF,Juzgado_Penal_Municipal_2,2023,33,1.05,3,0,205,1
EXP-04722,PRADERA,ALIMENTOS,Comisaria_1_Familia,2022,38,1.1,3,0,99,1
EXP-04723,CALI,ALIMENTOS,Juzgado_Penal_Municipal_1,2021,82,1.25,10,0,433,1
EXP-04724,YUMBO,HURTO_PATRIMONIAL,Juzgado_Penal_Municipal_1,2022,62,1.25,4,1,259,0
EXP-04725,JAMUNDI,SUSTANCIAS,Comisaria_1_Familia,2021,67,1.1,3,0,223,1
EXP-04726,FLORIDA,HURTO_PATRIMONIAL,Juzgado_1_Familia,2023,44,1.35,10,0,514,1
EXP-04727,BUENAVENTURA,ALIMENTOS,Juzgado_1_Familia,2023,89,1.35,8,0,445,1
EXP-04728,TULUA,SUSTANCIAS,Juzgado_Penal_Municipal_1,2024,71,1.25,3,0,137,0
EXP-04729,PALMIRA,ALIMENTOS,Juzgado_Penal_Municipal_1,2023,74,1.25,8,0,409,1
EXP-04730,EL CERRITO,VIF,Juzgado_2_Familia,2021,41,1.2,6,0,248,1
EXP-04731,YUMBO,VIF,Juzgado_1_Familia,2023,62,1.35,8,0,347,1
EXP-04732,CARTAGO,HURTO_PATRIMONIAL,Juzgado_1_Familia,2021,58,1.35,4,0,237,1
EXP-04733,CARTAGO,ALIMENTOS,Juzgado_2_Familia,2024,58,1.2,3,1,274,0
EXP-04734,CANDELARIA,ALIMENTOS,Juzgado_1_Familia,2023,48,1.35,4,0,256,0
EXP-04735,SEVILLA,VIF,Comisaria_2_Familia,2022,35,0.9,5,0,224,1
EXP-04736,PALMIRA,ALIMENTOS,Comisaria_1_Familia,2024,74,1.1,9,0,366,1
EXP-04737,PALMIRA,ALIMENTOS,Comisaria_2_Familia,2022,74,0.9,5,0,279,1
EXP-04738,FLORIDA,VIF,Juzgado_Penal_Municipal_1,2022,44,1.25,6,0,319,1
EXP-04739,ZARZAL,VIF,Juzgado_1_Familia,2024,33,1.35,8,0,356,1
EXP-04740,ZARZAL,VIF,Comisaria_1_Familia,2023,33,1.1,5,0,303,1
EXP-04741,JAMUNDI,SUSTANCIAS,Juzgado_Penal_Municipal_1,2021,67,1.25,3,0,229,1
EXP-04742,YUMBO,ALIMENTOS,Juzgado_Penal_Municipal_2,2023,62,1.05,7,0,346,1
EXP-04743,SEVILLA,SUSTANCIAS,Juzgado_3_Familia,2024,35,0.95,3,0,129,1
EXP-04744,BUENAVENTURA,VIF,Juzgado_1_Familia,2022,89,1.35,4,0,213,1
EXP-04745,CALI,VIF,Juzgado_Penal_Municipal_1,2021,82,1.25,3,0,182,1
EXP-04746,YUMBO,ALIMENTOS,Comisaria_2_Familia,2023,62,0.9,5,0,184,0
EXP-04747,PALMIRA,SUSTANCIAS,Juzgado_1_Familia,2024,74,1.35,4,0,333,1
EXP-04748,JAMUNDI,SUSTANCIAS,Juzgado_3_Familia,2023,67,0.95,1,0,105,1
EXP-04749,BUENAVENTURA,VIF,Comisaria_2_Familia,2024,89,0.9,3,0,149,1
EXP-04750,FLORIDA,SUSTANCIAS,Juzgado_Penal_Municipal_2,2022,44,1.05,3,0,148,0
EXP-04751,TULUA,ALIMENTOS,Juzgado_Penal_Municipal_1,2024,71,1.25,6,0,241,1
EXP-04752,YUMBO,ALIMENTOS,Comisaria_1_Familia,2023,62,1.1,6,0,313,1
EXP-04753,YUMBO,VIF,Comisaria_1_Familia,2024,62,1.1,8,0,300,1
EXP-04754,CALI,ALIMENTOS,Comisaria_1_Familia,2024,82,1.1,9,0,388,1
EXP-04755,FLORIDA,VIF,Comisaria_1_Familia,2024,44,1.1,5,0,214,1
EXP-04756,BUENAVENTURA,SUSTANCIAS,Comisaria_1_Familia,2024,89,1.1,4,0,172,1
EXP-04757,YUMBO,HURTO_PATRIMONIAL,Juzgado_2_Familia,2023,62,1.2,4,0,257,1
EXP-04758,GUADALAJARA DE BUGA,HURTO_PATRIMONIAL,Juzgado_1_Familia,2023,53,1.35,9,0,513,1
EXP-04759,PRADERA,ALIMENTOS,Juzgado_Penal_Municipal_1,2024,38,1.25,6,0,229,0
EXP-04760,PRADERA,ALIMENTOS,Comisaria_1_Familia,2022,38,1.1,4,0,273,1
EXP-04761,JAMUNDI,VIF,Comisaria_1_Familia,2021,67,1.1,6,0,296,1
EXP-04762,BUENAVENTURA,VIF,Juzgado_Penal_Municipal_1,2024,89,1.25,5,0,261,1
EXP-04763,CANDELARIA,ALIMENTOS,Comisaria_1_Familia,2024,48,1.1,6,0,354,1
EXP-04764,JAMUNDI,VIF,Juzgado_3_Familia,2024,67,0.95,5,0,290,1
EXP-04765,CARTAGO,ALIMENTOS,Juzgado_Penal_Municipal_1,2023,58,1.25,3,0,121,0
EXP-04766,PRADERA,VIF,Comisaria_2_Familia,2022,38,0.9,5,0,204,1
EXP-04767,YUMBO,VIF,Comisaria_1_Familia,2024,62,1.1,8,0,315,1
EXP-04768,GUADALAJARA DE BUGA,ALIMENTOS,Juzgado_Penal_Municipal_1,2021,53,1.25,5,0,234,1
EXP-04769,CARTAGO,SUSTANCIAS,Juzgado_Penal_Municipal_1,2023,58,1.25,5,0,232,1
EXP-04770,JAMUNDI,ALIMENTOS,Juzgado_1_Familia,2022,67,1.35,11,1,823,1
EXP-04771,YUMBO,SUSTANCIAS,Comisaria_2_Familia,2023,62,0.9,4,0,134,0
EXP-04772,CANDELARIA,HURTO_PATRIMONIAL,Juzgado_1_Familia,2021,48,1.35,10,1,506,1
EXP-04773,GUADALAJARA DE BUGA,VIF,Juzgado_Penal_Municipal_1,2020,53,1.25,4,0,219,1
EXP-04774,TULUA,ALIMENTOS,Juzgado_Penal_Municipal_2,2023,71,1.05,4,0,168,1
EXP-04775,CALI,ALIMENTOS,Juzgado_1_Familia,2021,82,1.35,10,0,411,1
EXP-04776,SEVILLA,ALIMENTOS,Juzgado_2_Familia,2022,35,1.2,8,0,384,1
EXP-04777,CALI,ALIMENTOS,Comisaria_1_Familia,2023,82,1.1,7,0,335,1
EXP-04778,EL CERRITO,ALIMENTOS,Juzgado_Penal_Municipal_1,2023,41,1.25,6,0,371,1
EXP-04779,SEVILLA,ALIMENTOS,Juzgado_Penal_Municipal_2,2023,35,1.05,3,0,199,1
EXP-04780,TULUA,HURTO_PATRIMONIAL,Comisaria_2_Familia,2022,71,0.9,7,1,487,1
EXP-04781,TULUA,ALIMENTOS,Juzgado_3_Familia,2021,71,0.95,6,0,217,1
EXP-04782,JAMUNDI,ALIMENTOS,Juzgado_3_Familia,2024,67,0.95,3,1,282,1
EXP-04783,CANDELARIA,ALIMENTOS,Juzgado_Penal_Municipal_2,2022,48,1.05,9,1,576,1
EXP-04784,CANDELARIA,VIF,Comisaria_2_Familia,2024,48,0.9,3,0,170,1
EXP-04785,FLORIDA,VIF,Juzgado_3_Familia,2022,44,0.95,2,0,127,1
EXP-04786,CALI,SUSTANCIAS,Comisaria_2_Familia,2024,82,0.9,3,0,191,1
EXP-04787,ZARZAL,ALIMENTOS,Juzgado_3_Familia,2021,33,0.95,9,0,327,1
EXP-04788,PALMIRA,ALIMENTOS,Juzgado_1_Familia,2021,74,1.35,3,0,161,0
EXP-04789,SEVILLA,VIF,Juzgado_Penal_Municipal_2,2023,35,1.05,1,0,92,0
EXP-04790,CALI,VIF,Juzgado_3_Familia,2024,82,0.95,7,0,245,1
EXP-04791,SEVILLA,ALIMENTOS,Juzgado_1_Familia,2024,35,1.35,9,0,416,1
EXP-04792,JAMUNDI,VIF,Juzgado_Penal_Municipal_2,2022,67,1.05,5,0,241,1
EXP-04793,EL CERRITO,VIF,Comisaria_2_Familia,2021,41,0.9,2,0,122,0
EXP-04794,JAMUNDI,VIF,Juzgado_1_Familia,2020,67,1.35,8,0,365,1
EXP-04795,EL CERRITO,ALIMENTOS,Juzgado_2_Familia,2020,41,1.2,3,1,284,1
EXP-04796,SEVILLA,ALIMENTOS,Comisaria_2_Familia,2024,35,0.9,1,0,67,0
EXP-04797,YUMBO,VIF,Juzgado_3_Familia,2021,62,0.95,3,0,137,0
EXP-04798,CARTAGO,HURTO_PATRIMONIAL,Juzgado_Penal_Municipal_2,2024,58,1.05,7,0,352,1
EXP-04799,YUMBO,VIF,Juzgado_2_Familia,2021,62,1.2,6,0,303,1
EXP-04800,SEVILLA,VIF,Juzgado_3_Familia,2021,35,0.95,1,0,109,1
EXP-04801,PRADERA,ALIMENTOS,Juzgado_Penal_Municipal_1,2021,38,1.25,6,0,279,1
EXP-04802,SEVILLA,SUSTANCIAS,Juzgado_1_Familia,2020,35,1.35,3,0,275,1
EXP-04803,BUENAVENTURA,VIF,Juzgado_Penal_Municipal_2,2023,89,1.05,8,0,295,1
EXP-04804,CALI,ALIMENTOS,Juzgado_3_Familia,2022,82,0.95,7,0,331,1
EXP-04805,ZARZAL,HURTO_PATRIMONIAL,Juzgado_3_Familia,2024,33,0.95,4,0,267,1
EXP-04806,SEVILLA,VIF,Comisaria_1_Familia,2023,35,1.1,3,0,147,0
EXP-04807,GUADALAJARA DE BUGA,ALIMENTOS,Comisaria_1_Familia,2022,53,1.1,3,0,142,0
EXP-04808,TULUA,VIF,Comisaria_2_Familia,2021,71,0.9,5,0,178,1
EXP-04809,SEVILLA,VIF,Comisaria_1_Familia,2023,35,1.1,6,0,286,1
EXP-04810,JAMUNDI,VIF,Juzgado_1_Familia,2024,67,1.35,5,0,279,0
EXP-04811,FLORIDA,HURTO_PATRIMONIAL,Juzgado_1_Familia,2022,44,1.35,13,0,563,1
EXP-04812,CANDELARIA,ALIMENTOS,Juzgado_3_Familia,2022,48,0.95,1,0,84,1
EXP-04813,EL CERRITO,HURTO_PATRIMONIAL,Comisaria_1_Familia,2023,41,1.1,8,0,369,1
EXP-04814,YUMBO,SUSTANCIAS,Juzgado_Penal_Municipal_2,2021,62,1.05,3,0,226,1
EXP-04815,JAMUNDI,SUSTANCIAS,Juzgado_3_Familia,2024,67,0.95,4,0,193,1
EXP-04816,ZARZAL,ALIMENTOS,Juzgado_1_Familia,2022,33,1.35,5,0,274,1
EXP-04817,BUENAVENTURA,ALIMENTOS,Juzgado_3_Familia,2024,89,0.95,3,0,213,0
EXP-04818,CALI,VIF,Comisaria_1_Familia,2024,82,1.1,6,0,226,1
EXP-04819,BUENAVENTURA,VIF,Juzgado_Penal_Municipal_1,2024,89,1.25,11,0,451,1
EXP-04820,PALMIRA,SUSTANCIAS,Juzgado_3_Familia,2024,74,0.95,3,0,250,1
EXP-04821,JAMUNDI,HURTO_PATRIMONIAL,Juzgado_1_Familia,2022,67,1.35,12,0,545,1
EXP-04822,ZARZAL,VIF,Comisaria_1_Familia,2023,33,1.1,1,0,123,1
EXP-04823,CANDELARIA,ALIMENTOS,Juzgado_3_Familia,2021,48,0.95,8,0,342,1
EXP-04824,EL CERRITO,SUSTANCIAS,Juzgado_Penal_Municipal_1,2024,41,1.25,6,0,313,1
EXP-04825,FLORIDA,ALIMENTOS,Comisaria_1_Familia,2021,44,1.1,7,0,359,1
EXP-04826,EL CERRITO,ALIMENTOS,Juzgado_2_Familia,2021,41,1.2,8,0,267,1
EXP-04827,JAMUNDI,VIF,Juzgado_1_Familia,2023,67,1.35,5,0,243,1
EXP-04828,EL CERRITO,VIF,Juzgado_Penal_Municipal_2,2024,41,1.05,5,0,227,1
EXP-04829,TULUA,HURTO_PATRIMONIAL,Juzgado_Penal_Municipal_2,2024,71,1.05,5,0,201,1
EXP-04830,GUADALAJARA DE BUGA,ALIMENTOS,Juzgado_3_Familia,2023,53,0.95,6,0,253,1
EXP-04831,TULUA,ALIMENTOS,Juzgado_1_Familia,2022,71,1.35,12,1,694,1
EXP-04832,BUENAVENTURA,SUSTANCIAS,Juzgado_2_Familia,2021,89,1.2,2,0,210,0
EXP-04833,EL CERRITO,ALIMENTOS,Comisaria_1_Familia,2023,41,1.1,3,1,299,1
EXP-04834,SEVILLA,ALIMENTOS,Juzgado_Penal_Municipal_1,2024,35,1.25,8,0,374,1
EXP-04835,TULUA,ALIMENTOS,Juzgado_2_Familia,2024,71,1.2,5,0,230,1
EXP-04836,BUENAVENTURA,VIF,Juzgado_Penal_Municipal_1,2024,89,1.25,3,0,230,1
EXP-04837,CARTAGO,VIF,Juzgado_1_Familia,2023,58,1.35,6,0,275,1
EXP-04838,CANDELARIA,VIF,Juzgado_2_Familia,2024,48,1.2,7,0,242,1
EXP-04839,YUMBO,ALIMENTOS,Juzgado_2_Familia,2023,62,1.2,5,0,226,0
EXP-04840,YUMBO,VIF,Juzgado_1_Familia,2021,62,1.35,7,0,284,1
EXP-04841,CALI,ALIMENTOS,Juzgado_1_Familia,2024,82,1.35,9,0,418,1
EXP-04842,YUMBO,VIF,Juzgado_3_Familia,2022,62,0.95,3,0,127,0
EXP-04843,CALI,ALIMENTOS,Juzgado_Penal_Municipal_2,2024,82,1.05,4,0,266,1
EXP-04844,YUMBO,HURTO_PATRIMONIAL,Juzgado_1_Familia,2022,62,1.35,10,1,721,1
EXP-04845,PALMIRA,HURTO_PATRIMONIAL,Juzgado_3_Familia,2023,74,0.95,2,0,118,1
EXP-04846,CALI,VIF,Juzgado_1_Familia,2020,82,1.35,5,0,274,1
EXP-04847,ZARZAL,ALIMENTOS,Juzgado_2_Familia,2024,33,1.2,5,0,270,1
EXP-04848,SEVILLA,ALIMENTOS,Juzgado_Penal_Municipal_1,2024,35,1.25,7,1,480,1
EXP-04849,CALI,HURTO_PATRIMONIAL,Juzgado_3_Familia,2024,82,0.95,5,0,328,1
EXP-04850,CARTAGO,SUSTANCIAS,Juzgado_3_Familia,2023,58,0.95,4,0,156,1
EXP-04851,CARTAGO,ALIMENTOS,Juzgado_Penal_Municipal_1,2021,58,1.25,7,0,394,1
EXP-04852,CALI,VIF,Juzgado_1_Familia,2022,82,1.35,6,0,257,1
EXP-04853,CALI,VIF,Juzgado_Penal_Municipal_1,2021,82,1.25,5,0,314,1
EXP-04854,PRADERA,VIF,Comisaria_2_Familia,2022,38,0.9,5,0,191,1
EXP-04855,JAMUNDI,ALIMENTOS,Juzgado_2_Familia,2022,67,1.2,10,1,722,1
EXP-04856,EL CERRITO,HURTO_PATRIMONIAL,Juzgado_1_Familia,2024,41,1.35,6,0,268,0
EXP-04857,BUENAVENTURA,ALIMENTOS,Comisaria_1_Familia,2024,89,1.1,8,0,379,1
EXP-04858,CARTAGO,HURTO_PATRIMONIAL,Juzgado_Penal_Municipal_2,2023,58,1.05,8,0,418,1
EXP-04859,PRADERA,HURTO_PATRIMONIAL,Juzgado_Penal_Municipal_1,2024,38,1.25,2,0,92,0
EXP-04860,CARTAGO,SUSTANCIAS,Comisaria_2_Familia,2023,58,0.9,6,0,259,1
EXP-04861,PALMIRA,VIF,Juzgado_Penal_Municipal_1,2023,74,1.25,8,0,344,1
EXP-04862,ZARZAL,VIF,Comisaria_1_Familia,2023,33,1.1,5,0,200,0
EXP-04863,FLORIDA,HURTO_PATRIMONIAL,Juzgado_Penal_Municipal_2,2022,44,1.05,7,0,385,1
EXP-04864,BUENAVENTURA,VIF,Juzgado_1_Familia,2023,89,1.35,7,0,244,1
EXP-04865,PALMIRA,ALIMENTOS,Comisaria_1_Familia,2020,74,1.1,6,0,339,1
EXP-04866,CARTAGO,ALIMENTOS,Juzgado_Penal_Municipal_2,2023,58,1.05,5,0,272,1
EXP-04867,BUENAVENTURA,SUSTANCIAS,Juzgado_1_Familia,2020,89,1.35,3,0,222,1
EXP-04868,FLORIDA,VIF,Juzgado_3_Familia,2023,44,0.95,4,0,208,1
EXP-04869,EL CERRITO,ALIMENTOS,Comisaria_1_Familia,2022,41,1.1,7,0,308,1
EXP-04870,BUENAVENTURA,VIF,Juzgado_3_Familia,2023,89,0.95,7,0,343,1
EXP-04871,ZARZAL,SUSTANCIAS,Comisaria_2_Familia,2021,33,0.9,3,0,125,1
EXP-04872,FLORIDA,SUSTANCIAS,Juzgado_Penal_Municipal_2,2020,44,1.05,1,0,58,1
EXP-04873,YUMBO,VIF,Juzgado_3_Familia,2020,62,0.95,3,0,205,0
EXP-04874,CARTAGO,ALIMENTOS,Comisaria_1_Familia,2022,58,1.1,6,0,323,1
EXP-04875,SEVILLA,SUSTANCIAS,Comisaria_2_Familia,2020,35,0.9,4,0,256,1
EXP-04876,TULUA,ALIMENTOS,Juzgado_1_Familia,2023,71,1.35,5,1,359,1
EXP-04877,CALI,ALIMENTOS,Comisaria_2_Familia,2023,82,0.9,5,0,332,1
EXP-04878,PALMIRA,VIF,Juzgado_2_Familia,2022,74,1.2,6,0,245,0
EXP-04879,TULUA,ALIMENTOS,Juzgado_1_Familia,2022,71,1.35,6,1,390,1
EXP-04880,PRADERA,HURTO_PATRIMONIAL,Juzgado_Penal_Municipal_2,2021,38,1.05,2,0,136,1
EXP-04881,JAMUNDI,HURTO_PATRIMONIAL,Juzgado_2_Familia,2024,67,1.2,12,0,548,1
EXP-04882,YUMBO,ALIMENTOS,Juzgado_Penal_Municipal_1,2022,62,1.25,6,0,376,1
EXP-04883,CANDELARIA,ALIMENTOS,Juzgado_2_Familia,2024,48,1.2,6,1,408,1
EXP-04884,SEVILLA,ALIMENTOS,Comisaria_1_Familia,2023,35,1.1,5,0,296,1
EXP-04885,CANDELARIA,VIF,Juzgado_2_Familia,2024,48,1.2,4,0,161,1
EXP-04886,SEVILLA,VIF,Juzgado_2_Familia,2024,35,1.2,5,0,188,1
EXP-04887,FLORIDA,SUSTANCIAS,Comisaria_2_Familia,2023,44,0.9,7,0,271,1
EXP-04888,PALMIRA,HURTO_PATRIMONIAL,Comisaria_1_Familia,2022,74,1.1,9,0,406,1
EXP-04889,PALMIRA,SUSTANCIAS,Comisaria_2_Familia,2023,74,0.9,6,0,282,1
EXP-04890,CANDELARIA,HURTO_PATRIMONIAL,Comisaria_1_Familia,2024,48,1.1,5,1,396,1
EXP-04891,CARTAGO,ALIMENTOS,Comisaria_2_Familia,2020,58,0.9,5,0,255,1
EXP-04892,FLORIDA,HURTO_PATRIMONIAL,Juzgado_2_Familia,2024,44,1.2,9,1,623,1
EXP-04893,CARTAGO,VIF,Juzgado_Penal_Municipal_1,2021,58,1.25,4,0,238,1
EXP-04894,CARTAGO,VIF,Juzgado_Penal_Municipal_1,2023,58,1.25,8,0,324,1
EXP-04895,GUADALAJARA DE BUGA,HURTO_PATRIMONIAL,Juzgado_1_Familia,2022,53,1.35,7,1,491,1
EXP-04896,TULUA,ALIMENTOS,Juzgado_1_Familia,2024,71,1.35,8,1,431,0
EXP-04897,SEVILLA,VIF,Juzgado_1_Familia,2022,35,1.35,2,0,96,1
EXP-04898,SEVILLA,VIF,Juzgado_Penal_Municipal_2,2022,35,1.05,2,0,106,0
EXP-04899,EL CERRITO,VIF,Comisaria_2_Familia,2021,41,0.9,2,0,81,1
EXP-04900,PALMIRA,VIF,Juzgado_3_Familia,2024,74,0.95,1,0,31,1
EXP-04901,GUADALAJARA DE BUGA,ALIMENTOS,Juzgado_Penal_Municipal_1,2023,53,1.25,10,0,483,1
EXP-04902,CALI,HURTO_PATRIMONIAL,Comisaria_2_Familia,2023,82,0.9,6,1,424,1
EXP-04903,TULUA,VIF,Juzgado_2_Familia,2023,71,1.2,3,0,190,1
EXP-04904,SEVILLA,HURTO_PATRIMONIAL,Juzgado_2_Familia,2024,35,1.2,7,0,394,1
EXP-04905,TULUA,VIF,Comisaria_2_Familia,2022,71,0.9,1,0,98,1
EXP-04906,FLORIDA,VIF,Juzgado_3_Familia,2021,44,0.95,6,0,294,1
EXP-04907,CANDELARIA,ALIMENTOS,Juzgado_1_Familia,2024,48,1.35,6,0,295,1
EXP-04908,CANDELARIA,ALIMENTOS,Comisaria_2_Familia,2022,48,0.9,3,1,310,1
EXP-04909,CALI,ALIMENTOS,Juzgado_1_Familia,2024,82,1.35,5,1,386,1
EXP-04910,JAMUNDI,ALIMENTOS,Juzgado_1_Familia,2023,67,1.35,10,1,623,1
EXP-04911,PALMIRA,VIF,Comisaria_2_Familia,2024,74,0.9,6,0,315,1
EXP-04912,EL CERRITO,ALIMENTOS,Juzgado_Penal_Municipal_2,2021,41,1.05,5,1,371,1
EXP-04913,TULUA,ALIMENTOS,Juzgado_3_Familia,2023,71,0.95,4,1,369,1
EXP-04914,CANDELARIA,VIF,Juzgado_2_Familia,2023,48,1.2,6,0,253,1
EXP-04915,YUMBO,VIF,Juzgado_2_Familia,2024,62,1.2,8,0,331,1
EXP-04916,JAMUNDI,ALIMENTOS,Juzgado_3_Familia,2022,67,0.95,5,1,330,1
EXP-04917,TULUA,HURTO_PATRIMONIAL,Juzgado_Penal_Municipal_2,2023,71,1.05,6,0,344,0
EXP-04918,JAMUNDI,SUSTANCIAS,Comisaria_1_Familia,2023,67,1.1,4,0,240,1
EXP-04919,ZARZAL,VIF,Juzgado_1_Familia,2022,33,1.35,5,0,189,1
EXP-04920,BUENAVENTURA,VIF,Juzgado_1_Familia,2024,89,1.35,8,0,408,1
EXP-04921,YUMBO,HURTO_PATRIMONIAL,Juzgado_3_Familia,2024,62,0.95,4,0,307,1
EXP-04922,EL CERRITO,VIF,Juzgado_Penal_Municipal_1,2022,41,1.25,3,0,171,0
EXP-04923,FLORIDA,SUSTANCIAS,Comisaria_1_Familia,2024,44,1.1,10,0,304,1
EXP-04924,CANDELARIA,HURTO_PATRIMONIAL,Juzgado_Penal_Municipal_2,2022,48,1.05,2,0,111,1
EXP-04925,EL CERRITO,ALIMENTOS,Juzgado_Penal_Municipal_1,2022,41,1.25,2,0,119,0
EXP-04926,CANDELARIA,ALIMENTOS,Juzgado_Penal_Municipal_2,2024,48,1.05,6,0,331,1
EXP-04927,JAMUNDI,ALIMENTOS,Juzgado_Penal_Municipal_2,2024,67,1.05,4,0,120,1
EXP-04928,JAMUNDI,VIF,Comisaria_2_Familia,2024,67,0.9,4,0,216,1
EXP-04929,JAMUNDI,HURTO_PATRIMONIAL,Juzgado_Penal_Municipal_2,2024,67,1.05,12,1,765,1
EXP-04930,FLORIDA,SUSTANCIAS,Juzgado_Penal_Municipal_1,2023,44,1.25,4,0,158,1
EXP-04931,CARTAGO,ALIMENTOS,Comisaria_2_Familia,2020,58,0.9,1,1,42,1
EXP-04932,GUADALAJARA DE BUGA,VIF,Juzgado_3_Familia,2023,53,0.95,4,0,254,1
EXP-04933,EL CERRITO,ALIMENTOS,Comisaria_2_Familia,2024,41,0.9,7,0,327,1
EXP-04934,SEVILLA,HURTO_PATRIMONIAL,Juzgado_3_Familia,2023,35,0.95,13,1,784,1
EXP-04935,JAMUNDI,VIF,Comisaria_1_Familia,2023,67,1.1,6,0,201,1
EXP-04936,PRADERA,ALIMENTOS,Juzgado_Penal_Municipal_1,2022,38,1.25,10,1,520,1
EXP-04937,TULUA,ALIMENTOS,Juzgado_Penal_Municipal_1,2022,71,1.25,9,0,366,1
EXP-04938,CANDELARIA,ALIMENTOS,Juzgado_2_Familia,2024,48,1.2,8,0,420,1
EXP-04939,JAMUNDI,VIF,Juzgado_Penal_Municipal_1,2024,67,1.25,4,0,167,1
EXP-04940,JAMUNDI,HURTO_PATRIMONIAL,Comisaria_1_Familia,2024,67,1.1,3,0,190,0
EXP-04941,TULUA,ALIMENTOS,Juzgado_3_Familia,2023,71,0.95,8,0,421,1
EXP-04942,SEVILLA,ALIMENTOS,Comisaria_1_Familia,2020,35,1.1,4,0,227,1
EXP-04943,YUMBO,VIF,Juzgado_Penal_Municipal_1,2024,62,1.25,8,0,319,1
EXP-04944,EL CERRITO,ALIMENTOS,Juzgado_Penal_Municipal_1,2023,41,1.25,5,0,203,0
EXP-04945,PRADERA,ALIMENTOS,Juzgado_Penal_Municipal_1,2021,38,1.25,7,0,266,1
EXP-04946,CARTAGO,VIF,Comisaria_1_Familia,2024,58,1.1,3,0,207,1
EXP-04947,CALI,ALIMENTOS,Juzgado_3_Familia,2022,82,0.95,10,0,428,1
EXP-04948,YUMBO,VIF,Juzgado_Penal_Municipal_1,2023,62,1.25,5,0,265,1
EXP-04949,ZARZAL,ALIMENTOS,Juzgado_1_Familia,2021,33,1.35,6,0,294,1
EXP-04950,PRADERA,VIF,Juzgado_Penal_Municipal_1,2023,38,1.25,6,0,344,1
EXP-04951,TULUA,HURTO_PATRIMONIAL,Juzgado_1_Familia,2022,71,1.35,8,1,572,1
EXP-04952,BUENAVENTURA,VIF,Juzgado_Penal_Municipal_2,2020,89,1.05,9,0,475,1
EXP-04953,YUMBO,HURTO_PATRIMONIAL,Juzgado_3_Familia,2022,62,0.95,4,1,319,0
EXP-04954,GUADALAJARA DE BUGA,SUSTANCIAS,Juzgado_2_Familia,2024,53,1.2,4,0,253,1
EXP-04955,PALMIRA,ALIMENTOS,Juzgado_Penal_Municipal_1,2022,74,1.25,8,0,384,1
EXP-04956,JAMUNDI,VIF,Juzgado_Penal_Municipal_1,2021,67,1.25,6,0,245,1
EXP-04957,BUENAVENTURA,VIF,Juzgado_2_Familia,2024,89,1.2,6,0,250,1
EXP-04958,TULUA,HURTO_PATRIMONIAL,Comisaria_1_Familia,2023,71,1.1,5,0,322,1
EXP-04959,FLORIDA,VIF,Juzgado_Penal_Municipal_1,2021,44,1.25,3,0,190,1
EXP-04960,PALMIRA,ALIMENTOS,Juzgado_3_Familia,2023,74,0.95,6,0,304,1
EXP-04961,TULUA,ALIMENTOS,Juzgado_2_Familia,2023,71,1.2,7,0,332,1
EXP-04962,PRADERA,HURTO_PATRIMONIAL,Juzgado_Penal_Municipal_1,2022,38,1.25,4,0,281,0
EXP-04963,PALMIRA,ALIMENTOS,Comisaria_1_Familia,2021,74,1.1,4,0,219,1
EXP-04964,ZARZAL,ALIMENTOS,Juzgado_1_Familia,2023,33,1.35,5,0,274,1
EXP-04965,YUMBO,HURTO_PATRIMONIAL,Comisaria_1_Familia,2022,62,1.1,8,0,342,1
EXP-04966,BUENAVENTURA,SUSTANCIAS,Juzgado_2_Familia,2024,89,1.2,3,0,234,0
EXP-04967,JAMUNDI,VIF,Juzgado_2_Familia,2021,67,1.2,5,0,217,1
EXP-04968,EL CERRITO,VIF,Juzgado_Penal_Municipal_2,2022,41,1.05,5,0,233,1
EXP-04969,CALI,SUSTANCIAS,Juzgado_Penal_Municipal_2,2021,82,1.05,10,0,433,1
EXP-04970,YUMBO,VIF,Comisaria_1_Familia,2024,62,1.1,4,0,300,1
EXP-04971,CARTAGO,VIF,Juzgado_3_Familia,2024,58,0.95,3,0,153,0
EXP-04972,ZARZAL,ALIMENTOS,Juzgado_2_Familia,2023,33,1.2,5,1,443,1
EXP-04973,YUMBO,VIF,Juzgado_Penal_Municipal_2,2022,62,1.05,2,0,180,1
EXP-04974,FLORIDA,ALIMENTOS,Juzgado_1_Familia,2022,44,1.35,9,0,393,1
EXP-04975,GUADALAJARA DE BUGA,SUSTANCIAS,Juzgado_2_Familia,2024,53,1.2,8,0,405,1
EXP-04976,PALMIRA,VIF,Juzgado_1_Familia,2020,74,1.35,2,0,90,0
EXP-04977,CARTAGO,VIF,Juzgado_3_Familia,2022,58,0.95,1,0,74,0
EXP-04978,PRADERA,SUSTANCIAS,Comisaria_1_Familia,2023,38,1.1,6,0,242,1
EXP-04979,TULUA,HURTO_PATRIMONIAL,Comisaria_1_Familia,2022,71,1.1,3,0,179,0
EXP-04980,GUADALAJARA DE BUGA,ALIMENTOS,Comisaria_1_Familia,2020,53,1.1,12,1,679,1
EXP-04981,GUADALAJARA DE BUGA,ALIMENTOS,Juzgado_Penal_Municipal_2,2024,53,1.05,3,1,250,1
EXP-04982,SEVILLA,VIF,Juzgado_3_Familia,2021,35,0.95,6,0,274,1
EXP-04983,TULUA,VIF,Juzgado_3_Familia,2023,71,0.95,2,0,114,1
EXP-04984,YUMBO,HURTO_PATRIMONIAL,Comisaria_2_Familia,2024,62,0.9,4,1,256,0
EXP-04985,FLORIDA,SUSTANCIAS,Juzgado_3_Familia,2024,44,0.95,4,0,206,1
EXP-04986,ZARZAL,VIF,Juzgado_1_Familia,2022,33,1.35,5,0,191,1
EXP-04987,CALI,ALIMENTOS,Juzgado_2_Familia,2023,82,1.2,6,1,505,1
EXP-04988,ZARZAL,HURTO_PATRIMONIAL,Juzgado_2_Familia,2022,33,1.2,9,0,374,1
EXP-04989,JAMUNDI,ALIMENTOS,Juzgado_Penal_Municipal_1,2023,67,1.25,9,0,372,1
EXP-04990,BUENAVENTURA,VIF,Juzgado_1_Familia,2022,89,1.35,1,0,124,0
EXP-04991,FLORIDA,ALIMENTOS,Juzgado_Penal_Municipal_2,2024,44,1.05,5,1,429,1
EXP-04992,CARTAGO,VIF,Comisaria_1_Familia,2023,58,1.1,5,0,226,1
EXP-04993,YUMBO,ALIMENTOS,Juzgado_3_Familia,2022,62,0.95,2,1,176,0
EXP-04994,CANDELARIA,ALIMENTOS,Juzgado_Penal_Municipal_1,2024,48,1.25,9,1,589,1
EXP-04995,CARTAGO,ALIMENTOS,Comisaria_2_Familia,2023,58,0.9,9,1,562,1
EXP-04996,YUMBO,VIF,Juzgado_Penal_Municipal_2,2021,62,1.05,4,0,250,1
EXP-04997,EL CERRITO,HURTO_PATRIMONIAL,Juzgado_1_Familia,2020,41,1.35,6,0,240,0
EXP-04998,YUMBO,HURTO_PATRIMONIAL,Juzgado_Penal_Municipal_1,2022,62,1.25,8,0,387,1
EXP-04999,FLORIDA,VIF,Juzgado_2_Familia,2024,44,1.2,5,0,201,0
EXP-05000,GUADALAJARA DE BUGA,SUSTANCIAS,Juzgado_Penal_Municipal_2,2020,53,1.05,5,0,186,1
