c_digo_dane_departamento,nombre,municipio,municipio,municipio,municipio,comisarias_ley_2126_100_000,existencia_de_comisarias,nombre_comisaria,direcci_n_comisara,telefono_de_contacto,horario_de_atenci_n,longitud_de_ubicaci_n_de,latitud_de_ubicaci_n_de_la,coordenadas_de_ubicaci_n,fuente
76,VALLE DEL CAUCA,"57      76520
58      76520
59      76520
60      76520
61      76520
62      76892
63      76892
101     76109
102     76111
103     76130
104     76130
105     76147
106     76147
107     76364
108     76364
109     76834
191     76113
192     76248
193     76895
1073    76020
1074    76036
1075    76041
1076    76054
1077    76100
1078    76122
1079    76126
1080    76233
1081    76243
1082    76246
1083    76250
1084    76275
1085    76306
1086    76318
1087    76377
1088    76400
1089    76403
1090    76497
1091    76563
1092    76606
1093    76616
1094    76622
1095    76670
1096    76736
1097    76823
1098    76828
1099    76845
1100    76863
1101    76869
1102    76890
1229    76001
1230    76001
1231    76001
1232    76001
1233    76001
1234    76001
1235    76001
1236    76001
1237    76001
1238    76001
1239    76001
NAME: MUNICIPIO, DTYPE: OBJECT","57                  PALMIRA
58                  PALMIRA
59                  PALMIRA
60                  PALMIRA
61                  PALMIRA
62                    YUMBO
63                    YUMBO
101            BUENAVENTURA
102     GUADALAJARA DE BUGA
103              CANDELARIA
104              CANDELARIA
105                 CARTAGO
106                 CARTAGO
107                 JAMUNDI
108                 JAMUNDI
109                   TULUA
191            BUGALAGRANDE
192              EL CERRITO
193                  ZARZAL
1073                 ALCALA
1074              ANDALUCIA
1075           ANSERMANUEVO
1076                ARGELIA
1077                BOLIVAR
1078             CAICEDONIA
1079       CALIMA EL DARIEN
1080                  DAGUA
1081              EL AGUILA
1082               EL CAIRO
1083               EL DOVIO
1084                FLORIDA
1085                GINEBRA
1086                GUACARI
1087              LA CUMBRE
1088               LA UNION
1089            LA VICTORIA
1090                 OBANDO
1091                PRADERA
1092               RESTREPO
1093                RIOFRIO
1094             ROLDANILLO
1095              SAN PEDRO
1096                SEVILLA
1097                   TORO
1098               TRUJILLO
1099                  ULLOA
1100              VERSALLES
1101                  VIJES
1102                 YOTOCO
1229       SANTIAGO DE CALI
1230       SANTIAGO DE CALI
1231       SANTIAGO DE CALI
1232       SANTIAGO DE CALI
1233       SANTIAGO DE CALI
1234       SANTIAGO DE CALI
1235       SANTIAGO DE CALI
1236       SANTIAGO DE CALI
1237       SANTIAGO DE CALI
1238       SANTIAGO DE CALI
1239       SANTIAGO DE CALI
NAME: MUNICIPIO, DTYPE: OBJECT","57      MUNICIPIO
58      MUNICIPIO
59      MUNICIPIO
60      MUNICIPIO
61      MUNICIPIO
62      MUNICIPIO
63      MUNICIPIO
101     MUNICIPIO
102     MUNICIPIO
103     MUNICIPIO
104     MUNICIPIO
105     MUNICIPIO
106     MUNICIPIO
107     MUNICIPIO
108     MUNICIPIO
109     MUNICIPIO
191     MUNICIPIO
192     MUNICIPIO
193     MUNICIPIO
1073    MUNICIPIO
1074    MUNICIPIO
1075    MUNICIPIO
1076    MUNICIPIO
1077    MUNICIPIO
1078    MUNICIPIO
1079    MUNICIPIO
1080    MUNICIPIO
1081    MUNICIPIO
1082    MUNICIPIO
1083    MUNICIPIO
1084    MUNICIPIO
1085    MUNICIPIO
1086    MUNICIPIO
1087    MUNICIPIO
1088    MUNICIPIO
1089    MUNICIPIO
1090    MUNICIPIO
1091    MUNICIPIO
1092    MUNICIPIO
1093    MUNICIPIO
1094    MUNICIPIO
1095    MUNICIPIO
1096    MUNICIPIO
1097    MUNICIPIO
1098    MUNICIPIO
1099    MUNICIPIO
1100    MUNICIPIO
1101    MUNICIPIO
1102    MUNICIPIO
1229    MUNICIPIO
1230    MUNICIPIO
1231    MUNICIPIO
1232    MUNICIPIO
1233    MUNICIPIO
1234    MUNICIPIO
1235    MUNICIPIO
1236    MUNICIPIO
1237    MUNICIPIO
1238    MUNICIPIO
1239    MUNICIPIO
NAME: MUNICIPIO, DTYPE: OBJECT","57        1
58        1
59        1
60        1
61        1
62        1
63        1
101       2
102       2
103       2
104       2
105       2
106       2
107       2
108       2
109       2
191       5
192       5
193       5
1073      6
1074      6
1075      6
1076      6
1077      6
1078      6
1079      6
1080      6
1081      6
1082      6
1083      6
1084      6
1085      6
1086      6
1087      6
1088      6
1089      6
1090      6
1091      6
1092      6
1093      6
1094      6
1095      6
1096      6
1097      6
1098      6
1099      6
1100      6
1101      6
1102      6
1229    ESP
1230    ESP
1231    ESP
1232    ESP
1233    ESP
1234    ESP
1235    ESP
1236    ESP
1237    ESP
1238    ESP
1239    ESP
NAME: MUNICIPIO, DTYPE: OBJECT",4,3,Comisaría de Familia Móvil,Null,321 5813764,"Atención de lunes a viernes de 7:00 a.m. a 4:00 p.m., jornada continua.",Null,Null,Null,Directorio Comisarías Ley 2126
76,VALLE DEL CAUCA,"57      76520
58      76520
59      76520
60      76520
61      76520
62      76892
63      76892
101     76109
102     76111
103     76130
104     76130
105     76147
106     76147
107     76364
108     76364
109     76834
191     76113
192     76248
193     76895
1073    76020
1074    76036
1075    76041
1076    76054
1077    76100
1078    76122
1079    76126
1080    76233
1081    76243
1082    76246
1083    76250
1084    76275
1085    76306
1086    76318
1087    76377
1088    76400
1089    76403
1090    76497
1091    76563
1092    76606
1093    76616
1094    76622
1095    76670
1096    76736
1097    76823
1098    76828
1099    76845
1100    76863
1101    76869
1102    76890
1229    76001
1230    76001
1231    76001
1232    76001
1233    76001
1234    76001
1235    76001
1236    76001
1237    76001
1238    76001
1239    76001
NAME: MUNICIPIO, DTYPE: OBJECT","57                  PALMIRA
58                  PALMIRA
59                  PALMIRA
60                  PALMIRA
61                  PALMIRA
62                    YUMBO
63                    YUMBO
101            BUENAVENTURA
102     GUADALAJARA DE BUGA
103              CANDELARIA
104              CANDELARIA
105                 CARTAGO
106                 CARTAGO
107                 JAMUNDI
108                 JAMUNDI
109                   TULUA
191            BUGALAGRANDE
192              EL CERRITO
193                  ZARZAL
1073                 ALCALA
1074              ANDALUCIA
1075           ANSERMANUEVO
1076                ARGELIA
1077                BOLIVAR
1078             CAICEDONIA
1079       CALIMA EL DARIEN
1080                  DAGUA
1081              EL AGUILA
1082               EL CAIRO
1083               EL DOVIO
1084                FLORIDA
1085                GINEBRA
1086                GUACARI
1087              LA CUMBRE
1088               LA UNION
1089            LA VICTORIA
1090                 OBANDO
1091                PRADERA
1092               RESTREPO
1093                RIOFRIO
1094             ROLDANILLO
1095              SAN PEDRO
1096                SEVILLA
1097                   TORO
1098               TRUJILLO
1099                  ULLOA
1100              VERSALLES
1101                  VIJES
1102                 YOTOCO
1229       SANTIAGO DE CALI
1230       SANTIAGO DE CALI
1231       SANTIAGO DE CALI
1232       SANTIAGO DE CALI
1233       SANTIAGO DE CALI
1234       SANTIAGO DE CALI
1235       SANTIAGO DE CALI
1236       SANTIAGO DE CALI
1237       SANTIAGO DE CALI
1238       SANTIAGO DE CALI
1239       SANTIAGO DE CALI
NAME: MUNICIPIO, DTYPE: OBJECT","57      MUNICIPIO
58      MUNICIPIO
59      MUNICIPIO
60      MUNICIPIO
61      MUNICIPIO
62      MUNICIPIO
63      MUNICIPIO
101     MUNICIPIO
102     MUNICIPIO
103     MUNICIPIO
104     MUNICIPIO
105     MUNICIPIO
106     MUNICIPIO
107     MUNICIPIO
108     MUNICIPIO
109     MUNICIPIO
191     MUNICIPIO
192     MUNICIPIO
193     MUNICIPIO
1073    MUNICIPIO
1074    MUNICIPIO
1075    MUNICIPIO
1076    MUNICIPIO
1077    MUNICIPIO
1078    MUNICIPIO
1079    MUNICIPIO
1080    MUNICIPIO
1081    MUNICIPIO
1082    MUNICIPIO
1083    MUNICIPIO
1084    MUNICIPIO
1085    MUNICIPIO
1086    MUNICIPIO
1087    MUNICIPIO
1088    MUNICIPIO
1089    MUNICIPIO
1090    MUNICIPIO
1091    MUNICIPIO
1092    MUNICIPIO
1093    MUNICIPIO
1094    MUNICIPIO
1095    MUNICIPIO
1096    MUNICIPIO
1097    MUNICIPIO
1098    MUNICIPIO
1099    MUNICIPIO
1100    MUNICIPIO
1101    MUNICIPIO
1102    MUNICIPIO
1229    MUNICIPIO
1230    MUNICIPIO
1231    MUNICIPIO
1232    MUNICIPIO
1233    MUNICIPIO
1234    MUNICIPIO
1235    MUNICIPIO
1236    MUNICIPIO
1237    MUNICIPIO
1238    MUNICIPIO
1239    MUNICIPIO
NAME: MUNICIPIO, DTYPE: OBJECT","57        1
58        1
59        1
60        1
61        1
62        1
63        1
101       2
102       2
103       2
104       2
105       2
106       2
107       2
108       2
109       2
191       5
192       5
193       5
1073      6
1074      6
1075      6
1076      6
1077      6
1078      6
1079      6
1080      6
1081      6
1082      6
1083      6
1084      6
1085      6
1086      6
1087      6
1088      6
1089      6
1090      6
1091      6
1092      6
1093      6
1094      6
1095      6
1096      6
1097      6
1098      6
1099      6
1100      6
1101      6
1102      6
1229    ESP
1230    ESP
1231    ESP
1232    ESP
1233    ESP
1234    ESP
1235    ESP
1236    ESP
1237    ESP
1238    ESP
1239    ESP
NAME: MUNICIPIO, DTYPE: OBJECT",4,3,Comisaría de Familia de Rozo,Calle 10 # 11 – 05,321 5813764,"Atención los lunes, miércoles y viernes, de 7:30 a.m. a 12:30 p.m. y de 1:30 p.m. a 4:30 p.m.",3614674,"-76,387,812","3°36'52.8""N 76°23'16.1""W",Directorio Comisarías Ley 2126
76,VALLE DEL CAUCA,"57      76520
58      76520
59      76520
60      76520
61      76520
62      76892
63      76892
101     76109
102     76111
103     76130
104     76130
105     76147
106     76147
107     76364
108     76364
109     76834
191     76113
192     76248
193     76895
1073    76020
1074    76036
1075    76041
1076    76054
1077    76100
1078    76122
1079    76126
1080    76233
1081    76243
1082    76246
1083    76250
1084    76275
1085    76306
1086    76318
1087    76377
1088    76400
1089    76403
1090    76497
1091    76563
1092    76606
1093    76616
1094    76622
1095    76670
1096    76736
1097    76823
1098    76828
1099    76845
1100    76863
1101    76869
1102    76890
1229    76001
1230    76001
1231    76001
1232    76001
1233    76001
1234    76001
1235    76001
1236    76001
1237    76001
1238    76001
1239    76001
NAME: MUNICIPIO, DTYPE: OBJECT","57                  PALMIRA
58                  PALMIRA
59                  PALMIRA
60                  PALMIRA
61                  PALMIRA
62                    YUMBO
63                    YUMBO
101            BUENAVENTURA
102     GUADALAJARA DE BUGA
103              CANDELARIA
104              CANDELARIA
105                 CARTAGO
106                 CARTAGO
107                 JAMUNDI
108                 JAMUNDI
109                   TULUA
191            BUGALAGRANDE
192              EL CERRITO
193                  ZARZAL
1073                 ALCALA
1074              ANDALUCIA
1075           ANSERMANUEVO
1076                ARGELIA
1077                BOLIVAR
1078             CAICEDONIA
1079       CALIMA EL DARIEN
1080                  DAGUA
1081              EL AGUILA
1082               EL CAIRO
1083               EL DOVIO
1084                FLORIDA
1085                GINEBRA
1086                GUACARI
1087              LA CUMBRE
1088               LA UNION
1089            LA VICTORIA
1090                 OBANDO
1091                PRADERA
1092               RESTREPO
1093                RIOFRIO
1094             ROLDANILLO
1095              SAN PEDRO
1096                SEVILLA
1097                   TORO
1098               TRUJILLO
1099                  ULLOA
1100              VERSALLES
1101                  VIJES
1102                 YOTOCO
1229       SANTIAGO DE CALI
1230       SANTIAGO DE CALI
1231       SANTIAGO DE CALI
1232       SANTIAGO DE CALI
1233       SANTIAGO DE CALI
1234       SANTIAGO DE CALI
1235       SANTIAGO DE CALI
1236       SANTIAGO DE CALI
1237       SANTIAGO DE CALI
1238       SANTIAGO DE CALI
1239       SANTIAGO DE CALI
NAME: MUNICIPIO, DTYPE: OBJECT","57      MUNICIPIO
58      MUNICIPIO
59      MUNICIPIO
60      MUNICIPIO
61      MUNICIPIO
62      MUNICIPIO
63      MUNICIPIO
101     MUNICIPIO
102     MUNICIPIO
103     MUNICIPIO
104     MUNICIPIO
105     MUNICIPIO
106     MUNICIPIO
107     MUNICIPIO
108     MUNICIPIO
109     MUNICIPIO
191     MUNICIPIO
192     MUNICIPIO
193     MUNICIPIO
1073    MUNICIPIO
1074    MUNICIPIO
1075    MUNICIPIO
1076    MUNICIPIO
1077    MUNICIPIO
1078    MUNICIPIO
1079    MUNICIPIO
1080    MUNICIPIO
1081    MUNICIPIO
1082    MUNICIPIO
1083    MUNICIPIO
1084    MUNICIPIO
1085    MUNICIPIO
1086    MUNICIPIO
1087    MUNICIPIO
1088    MUNICIPIO
1089    MUNICIPIO
1090    MUNICIPIO
1091    MUNICIPIO
1092    MUNICIPIO
1093    MUNICIPIO
1094    MUNICIPIO
1095    MUNICIPIO
1096    MUNICIPIO
1097    MUNICIPIO
1098    MUNICIPIO
1099    MUNICIPIO
1100    MUNICIPIO
1101    MUNICIPIO
1102    MUNICIPIO
1229    MUNICIPIO
1230    MUNICIPIO
1231    MUNICIPIO
1232    MUNICIPIO
1233    MUNICIPIO
1234    MUNICIPIO
1235    MUNICIPIO
1236    MUNICIPIO
1237    MUNICIPIO
1238    MUNICIPIO
1239    MUNICIPIO
NAME: MUNICIPIO, DTYPE: OBJECT","57        1
58        1
59        1
60        1
61        1
62        1
63        1
101       2
102       2
103       2
104       2
105       2
106       2
107       2
108       2
109       2
191       5
192       5
193       5
1073      6
1074      6
1075      6
1076      6
1077      6
1078      6
1079      6
1080      6
1081      6
1082      6
1083      6
1084      6
1085      6
1086      6
1087      6
1088      6
1089      6
1090      6
1091      6
1092      6
1093      6
1094      6
1095      6
1096      6
1097      6
1098      6
1099      6
1100      6
1101      6
1102      6
1229    ESP
1230    ESP
1231    ESP
1232    ESP
1233    ESP
1234    ESP
1235    ESP
1236    ESP
1237    ESP
1238    ESP
1239    ESP
NAME: MUNICIPIO, DTYPE: OBJECT",4,3,Comisaría de Familia ubicada en la Casa de Justicia,"Calle 57 # 44 – 02, barrio Caimitos",2859694 – 318 8276379,"Atención de lunes a viernes, de 7:00 a.m. a 4:00 p.m., jornada continua.",3548598,"-76,315,400","3°32'55.0""N 76°18'55.4""W",Directorio Comisarías Ley 2126
76,VALLE DEL CAUCA,"57      76520
58      76520
59      76520
60      76520
61      76520
62      76892
63      76892
101     76109
102     76111
103     76130
104     76130
105     76147
106     76147
107     76364
108     76364
109     76834
191     76113
192     76248
193     76895
1073    76020
1074    76036
1075    76041
1076    76054
1077    76100
1078    76122
1079    76126
1080    76233
1081    76243
1082    76246
1083    76250
1084    76275
1085    76306
1086    76318
1087    76377
1088    76400
1089    76403
1090    76497
1091    76563
1092    76606
1093    76616
1094    76622
1095    76670
1096    76736
1097    76823
1098    76828
1099    76845
1100    76863
1101    76869
1102    76890
1229    76001
1230    76001
1231    76001
1232    76001
1233    76001
1234    76001
1235    76001
1236    76001
1237    76001
1238    76001
1239    76001
NAME: MUNICIPIO, DTYPE: OBJECT","57                  PALMIRA
58                  PALMIRA
59                  PALMIRA
60                  PALMIRA
61                  PALMIRA
62                    YUMBO
63                    YUMBO
101            BUENAVENTURA
102     GUADALAJARA DE BUGA
103              CANDELARIA
104              CANDELARIA
105                 CARTAGO
106                 CARTAGO
107                 JAMUNDI
108                 JAMUNDI
109                   TULUA
191            BUGALAGRANDE
192              EL CERRITO
193                  ZARZAL
1073                 ALCALA
1074              ANDALUCIA
1075           ANSERMANUEVO
1076                ARGELIA
1077                BOLIVAR
1078             CAICEDONIA
1079       CALIMA EL DARIEN
1080                  DAGUA
1081              EL AGUILA
1082               EL CAIRO
1083               EL DOVIO
1084                FLORIDA
1085                GINEBRA
1086                GUACARI
1087              LA CUMBRE
1088               LA UNION
1089            LA VICTORIA
1090                 OBANDO
1091                PRADERA
1092               RESTREPO
1093                RIOFRIO
1094             ROLDANILLO
1095              SAN PEDRO
1096                SEVILLA
1097                   TORO
1098               TRUJILLO
1099                  ULLOA
1100              VERSALLES
1101                  VIJES
1102                 YOTOCO
1229       SANTIAGO DE CALI
1230       SANTIAGO DE CALI
1231       SANTIAGO DE CALI
1232       SANTIAGO DE CALI
1233       SANTIAGO DE CALI
1234       SANTIAGO DE CALI
1235       SANTIAGO DE CALI
1236       SANTIAGO DE CALI
1237       SANTIAGO DE CALI
1238       SANTIAGO DE CALI
1239       SANTIAGO DE CALI
NAME: MUNICIPIO, DTYPE: OBJECT","57      MUNICIPIO
58      MUNICIPIO
59      MUNICIPIO
60      MUNICIPIO
61      MUNICIPIO
62      MUNICIPIO
63      MUNICIPIO
101     MUNICIPIO
102     MUNICIPIO
103     MUNICIPIO
104     MUNICIPIO
105     MUNICIPIO
106     MUNICIPIO
107     MUNICIPIO
108     MUNICIPIO
109     MUNICIPIO
191     MUNICIPIO
192     MUNICIPIO
193     MUNICIPIO
1073    MUNICIPIO
1074    MUNICIPIO
1075    MUNICIPIO
1076    MUNICIPIO
1077    MUNICIPIO
1078    MUNICIPIO
1079    MUNICIPIO
1080    MUNICIPIO
1081    MUNICIPIO
1082    MUNICIPIO
1083    MUNICIPIO
1084    MUNICIPIO
1085    MUNICIPIO
1086    MUNICIPIO
1087    MUNICIPIO
1088    MUNICIPIO
1089    MUNICIPIO
1090    MUNICIPIO
1091    MUNICIPIO
1092    MUNICIPIO
1093    MUNICIPIO
1094    MUNICIPIO
1095    MUNICIPIO
1096    MUNICIPIO
1097    MUNICIPIO
1098    MUNICIPIO
1099    MUNICIPIO
1100    MUNICIPIO
1101    MUNICIPIO
1102    MUNICIPIO
1229    MUNICIPIO
1230    MUNICIPIO
1231    MUNICIPIO
1232    MUNICIPIO
1233    MUNICIPIO
1234    MUNICIPIO
1235    MUNICIPIO
1236    MUNICIPIO
1237    MUNICIPIO
1238    MUNICIPIO
1239    MUNICIPIO
NAME: MUNICIPIO, DTYPE: OBJECT","57        1
58        1
59        1
60        1
61        1
62        1
63        1
101       2
102       2
103       2
104       2
105       2
106       2
107       2
108       2
109       2
191       5
192       5
193       5
1073      6
1074      6
1075      6
1076      6
1077      6
1078      6
1079      6
1080      6
1081      6
1082      6
1083      6
1084      6
1085      6
1086      6
1087      6
1088      6
1089      6
1090      6
1091      6
1092      6
1093      6
1094      6
1095      6
1096      6
1097      6
1098      6
1099      6
1100      6
1101      6
1102      6
1229    ESP
1230    ESP
1231    ESP
1232    ESP
1233    ESP
1234    ESP
1235    ESP
1236    ESP
1237    ESP
1238    ESP
1239    ESP
NAME: MUNICIPIO, DTYPE: OBJECT",4,3,Comisaría de Familia del Centro de Atención Integral (CeAI),"Carrera 28 # 27 – 68, edificio de la Fiscalía General de la Nación, seccional Palmira, tercer piso.",317 4976717,atención de lunes a viernes de 7:30 a.m. a 12:30 p.m. y de 1:30 p.m. a 5:00 p.m.,"3,525,076.00","-76,299,242","3°31'30.3""N 76°17'57.3""W",Directorio Comisarías Ley 2126
76,VALLE DEL CAUCA,"57      76520
58      76520
59      76520
60      76520
61      76520
62      76892
63      76892
101     76109
102     76111
103     76130
104     76130
105     76147
106     76147
107     76364
108     76364
109     76834
191     76113
192     76248
193     76895
1073    76020
1074    76036
1075    76041
1076    76054
1077    76100
1078    76122
1079    76126
1080    76233
1081    76243
1082    76246
1083    76250
1084    76275
1085    76306
1086    76318
1087    76377
1088    76400
1089    76403
1090    76497
1091    76563
1092    76606
1093    76616
1094    76622
1095    76670
1096    76736
1097    76823
1098    76828
1099    76845
1100    76863
1101    76869
1102    76890
1229    76001
1230    76001
1231    76001
1232    76001
1233    76001
1234    76001
1235    76001
1236    76001
1237    76001
1238    76001
1239    76001
NAME: MUNICIPIO, DTYPE: OBJECT","57                  PALMIRA
58                  PALMIRA
59                  PALMIRA
60                  PALMIRA
61                  PALMIRA
62                    YUMBO
63                    YUMBO
101            BUENAVENTURA
102     GUADALAJARA DE BUGA
103              CANDELARIA
104              CANDELARIA
105                 CARTAGO
106                 CARTAGO
107                 JAMUNDI
108                 JAMUNDI
109                   TULUA
191            BUGALAGRANDE
192              EL CERRITO
193                  ZARZAL
1073                 ALCALA
1074              ANDALUCIA
1075           ANSERMANUEVO
1076                ARGELIA
1077                BOLIVAR
1078             CAICEDONIA
1079       CALIMA EL DARIEN
1080                  DAGUA
1081              EL AGUILA
1082               EL CAIRO
1083               EL DOVIO
1084                FLORIDA
1085                GINEBRA
1086                GUACARI
1087              LA CUMBRE
1088               LA UNION
1089            LA VICTORIA
1090                 OBANDO
1091                PRADERA
1092               RESTREPO
1093                RIOFRIO
1094             ROLDANILLO
1095              SAN PEDRO
1096                SEVILLA
1097                   TORO
1098               TRUJILLO
1099                  ULLOA
1100              VERSALLES
1101                  VIJES
1102                 YOTOCO
1229       SANTIAGO DE CALI
1230       SANTIAGO DE CALI
1231       SANTIAGO DE CALI
1232       SANTIAGO DE CALI
1233       SANTIAGO DE CALI
1234       SANTIAGO DE CALI
1235       SANTIAGO DE CALI
1236       SANTIAGO DE CALI
1237       SANTIAGO DE CALI
1238       SANTIAGO DE CALI
1239       SANTIAGO DE CALI
NAME: MUNICIPIO, DTYPE: OBJECT","57      MUNICIPIO
58      MUNICIPIO
59      MUNICIPIO
60      MUNICIPIO
61      MUNICIPIO
62      MUNICIPIO
63      MUNICIPIO
101     MUNICIPIO
102     MUNICIPIO
103     MUNICIPIO
104     MUNICIPIO
105     MUNICIPIO
106     MUNICIPIO
107     MUNICIPIO
108     MUNICIPIO
109     MUNICIPIO
191     MUNICIPIO
192     MUNICIPIO
193     MUNICIPIO
1073    MUNICIPIO
1074    MUNICIPIO
1075    MUNICIPIO
1076    MUNICIPIO
1077    MUNICIPIO
1078    MUNICIPIO
1079    MUNICIPIO
1080    MUNICIPIO
1081    MUNICIPIO
1082    MUNICIPIO
1083    MUNICIPIO
1084    MUNICIPIO
1085    MUNICIPIO
1086    MUNICIPIO
1087    MUNICIPIO
1088    MUNICIPIO
1089    MUNICIPIO
1090    MUNICIPIO
1091    MUNICIPIO
1092    MUNICIPIO
1093    MUNICIPIO
1094    MUNICIPIO
1095    MUNICIPIO
1096    MUNICIPIO
1097    MUNICIPIO
1098    MUNICIPIO
1099    MUNICIPIO
1100    MUNICIPIO
1101    MUNICIPIO
1102    MUNICIPIO
1229    MUNICIPIO
1230    MUNICIPIO
1231    MUNICIPIO
1232    MUNICIPIO
1233    MUNICIPIO
1234    MUNICIPIO
1235    MUNICIPIO
1236    MUNICIPIO
1237    MUNICIPIO
1238    MUNICIPIO
1239    MUNICIPIO
NAME: MUNICIPIO, DTYPE: OBJECT","57        1
58        1
59        1
60        1
61        1
62        1
63        1
101       2
102       2
103       2
104       2
105       2
106       2
107       2
108       2
109       2
191       5
192       5
193       5
1073      6
1074      6
1075      6
1076      6
1077      6
1078      6
1079      6
1080      6
1081      6
1082      6
1083      6
1084      6
1085      6
1086      6
1087      6
1088      6
1089      6
1090      6
1091      6
1092      6
1093      6
1094      6
1095      6
1096      6
1097      6
1098      6
1099      6
1100      6
1101      6
1102      6
1229    ESP
1230    ESP
1231    ESP
1232    ESP
1233    ESP
1234    ESP
1235    ESP
1236    ESP
1237    ESP
1238    ESP
1239    ESP
NAME: MUNICIPIO, DTYPE: OBJECT",4,3,Comisaría de Familia Central,"Calle 23 # 28A – 15, barrio Nuevo.",2859732 – 2859736 – 317 5100201.,24 horas del día,3520759,"-76,295,233","3°31'14.7""N 76°17'42.8""W",Directorio Comisarías Ley 2126
76,VALLE DEL CAUCA,"57      76520
58      76520
59      76520
60      76520
61      76520
62      76892
63      76892
101     76109
102     76111
103     76130
104     76130
105     76147
106     76147
107     76364
108     76364
109     76834
191     76113
192     76248
193     76895
1073    76020
1074    76036
1075    76041
1076    76054
1077    76100
1078    76122
1079    76126
1080    76233
1081    76243
1082    76246
1083    76250
1084    76275
1085    76306
1086    76318
1087    76377
1088    76400
1089    76403
1090    76497
1091    76563
1092    76606
1093    76616
1094    76622
1095    76670
1096    76736
1097    76823
1098    76828
1099    76845
1100    76863
1101    76869
1102    76890
1229    76001
1230    76001
1231    76001
1232    76001
1233    76001
1234    76001
1235    76001
1236    76001
1237    76001
1238    76001
1239    76001
NAME: MUNICIPIO, DTYPE: OBJECT","57                  PALMIRA
58                  PALMIRA
59                  PALMIRA
60                  PALMIRA
61                  PALMIRA
62                    YUMBO
63                    YUMBO
101            BUENAVENTURA
102     GUADALAJARA DE BUGA
103              CANDELARIA
104              CANDELARIA
105                 CARTAGO
106                 CARTAGO
107                 JAMUNDI
108                 JAMUNDI
109                   TULUA
191            BUGALAGRANDE
192              EL CERRITO
193                  ZARZAL
1073                 ALCALA
1074              ANDALUCIA
1075           ANSERMANUEVO
1076                ARGELIA
1077                BOLIVAR
1078             CAICEDONIA
1079       CALIMA EL DARIEN
1080                  DAGUA
1081              EL AGUILA
1082               EL CAIRO
1083               EL DOVIO
1084                FLORIDA
1085                GINEBRA
1086                GUACARI
1087              LA CUMBRE
1088               LA UNION
1089            LA VICTORIA
1090                 OBANDO
1091                PRADERA
1092               RESTREPO
1093                RIOFRIO
1094             ROLDANILLO
1095              SAN PEDRO
1096                SEVILLA
1097                   TORO
1098               TRUJILLO
1099                  ULLOA
1100              VERSALLES
1101                  VIJES
1102                 YOTOCO
1229       SANTIAGO DE CALI
1230       SANTIAGO DE CALI
1231       SANTIAGO DE CALI
1232       SANTIAGO DE CALI
1233       SANTIAGO DE CALI
1234       SANTIAGO DE CALI
1235       SANTIAGO DE CALI
1236       SANTIAGO DE CALI
1237       SANTIAGO DE CALI
1238       SANTIAGO DE CALI
1239       SANTIAGO DE CALI
NAME: MUNICIPIO, DTYPE: OBJECT","57      MUNICIPIO
58      MUNICIPIO
59      MUNICIPIO
60      MUNICIPIO
61      MUNICIPIO
62      MUNICIPIO
63      MUNICIPIO
101     MUNICIPIO
102     MUNICIPIO
103     MUNICIPIO
104     MUNICIPIO
105     MUNICIPIO
106     MUNICIPIO
107     MUNICIPIO
108     MUNICIPIO
109     MUNICIPIO
191     MUNICIPIO
192     MUNICIPIO
193     MUNICIPIO
1073    MUNICIPIO
1074    MUNICIPIO
1075    MUNICIPIO
1076    MUNICIPIO
1077    MUNICIPIO
1078    MUNICIPIO
1079    MUNICIPIO
1080    MUNICIPIO
1081    MUNICIPIO
1082    MUNICIPIO
1083    MUNICIPIO
1084    MUNICIPIO
1085    MUNICIPIO
1086    MUNICIPIO
1087    MUNICIPIO
1088    MUNICIPIO
1089    MUNICIPIO
1090    MUNICIPIO
1091    MUNICIPIO
1092    MUNICIPIO
1093    MUNICIPIO
1094    MUNICIPIO
1095    MUNICIPIO
1096    MUNICIPIO
1097    MUNICIPIO
1098    MUNICIPIO
1099    MUNICIPIO
1100    MUNICIPIO
1101    MUNICIPIO
1102    MUNICIPIO
1229    MUNICIPIO
1230    MUNICIPIO
1231    MUNICIPIO
1232    MUNICIPIO
1233    MUNICIPIO
1234    MUNICIPIO
1235    MUNICIPIO
1236    MUNICIPIO
1237    MUNICIPIO
1238    MUNICIPIO
1239    MUNICIPIO
NAME: MUNICIPIO, DTYPE: OBJECT","57        1
58        1
59        1
60        1
61        1
62        1
63        1
101       2
102       2
103       2
104       2
105       2
106       2
107       2
108       2
109       2
191       5
192       5
193       5
1073      6
1074      6
1075      6
1076      6
1077      6
1078      6
1079      6
1080      6
1081      6
1082      6
1083      6
1084      6
1085      6
1086      6
1087      6
1088      6
1089      6
1090      6
1091      6
1092      6
1093      6
1094      6
1095      6
1096      6
1097      6
1098      6
1099      6
1100      6
1101      6
1102      6
1229    ESP
1230    ESP
1231    ESP
1232    ESP
1233    ESP
1234    ESP
1235    ESP
1236    ESP
1237    ESP
1238    ESP
1239    ESP
NAME: MUNICIPIO, DTYPE: OBJECT",2,2,Comisaría de Familia de Yumbo,Calle 1A No. 3-29 barrio Belalcázar de Yumbo (Valle),6570634- Celular 3505377406,L-V 8-5,3584837,"-76,498,724","3°35'05.4""N 76°29'55.4""W",Directorio Comisarías Ley 2126
76,VALLE DEL CAUCA,"57      76520
58      76520
59      76520
60      76520
61      76520
62      76892
63      76892
101     76109
102     76111
103     76130
104     76130
105     76147
106     76147
107     76364
108     76364
109     76834
191     76113
192     76248
193     76895
1073    76020
1074    76036
1075    76041
1076    76054
1077    76100
1078    76122
1079    76126
1080    76233
1081    76243
1082    76246
1083    76250
1084    76275
1085    76306
1086    76318
1087    76377
1088    76400
1089    76403
1090    76497
1091    76563
1092    76606
1093    76616
1094    76622
1095    76670
1096    76736
1097    76823
1098    76828
1099    76845
1100    76863
1101    76869
1102    76890
1229    76001
1230    76001
1231    76001
1232    76001
1233    76001
1234    76001
1235    76001
1236    76001
1237    76001
1238    76001
1239    76001
NAME: MUNICIPIO, DTYPE: OBJECT","57                  PALMIRA
58                  PALMIRA
59                  PALMIRA
60                  PALMIRA
61                  PALMIRA
62                    YUMBO
63                    YUMBO
101            BUENAVENTURA
102     GUADALAJARA DE BUGA
103              CANDELARIA
104              CANDELARIA
105                 CARTAGO
106                 CARTAGO
107                 JAMUNDI
108                 JAMUNDI
109                   TULUA
191            BUGALAGRANDE
192              EL CERRITO
193                  ZARZAL
1073                 ALCALA
1074              ANDALUCIA
1075           ANSERMANUEVO
1076                ARGELIA
1077                BOLIVAR
1078             CAICEDONIA
1079       CALIMA EL DARIEN
1080                  DAGUA
1081              EL AGUILA
1082               EL CAIRO
1083               EL DOVIO
1084                FLORIDA
1085                GINEBRA
1086                GUACARI
1087              LA CUMBRE
1088               LA UNION
1089            LA VICTORIA
1090                 OBANDO
1091                PRADERA
1092               RESTREPO
1093                RIOFRIO
1094             ROLDANILLO
1095              SAN PEDRO
1096                SEVILLA
1097                   TORO
1098               TRUJILLO
1099                  ULLOA
1100              VERSALLES
1101                  VIJES
1102                 YOTOCO
1229       SANTIAGO DE CALI
1230       SANTIAGO DE CALI
1231       SANTIAGO DE CALI
1232       SANTIAGO DE CALI
1233       SANTIAGO DE CALI
1234       SANTIAGO DE CALI
1235       SANTIAGO DE CALI
1236       SANTIAGO DE CALI
1237       SANTIAGO DE CALI
1238       SANTIAGO DE CALI
1239       SANTIAGO DE CALI
NAME: MUNICIPIO, DTYPE: OBJECT","57      MUNICIPIO
58      MUNICIPIO
59      MUNICIPIO
60      MUNICIPIO
61      MUNICIPIO
62      MUNICIPIO
63      MUNICIPIO
101     MUNICIPIO
102     MUNICIPIO
103     MUNICIPIO
104     MUNICIPIO
105     MUNICIPIO
106     MUNICIPIO
107     MUNICIPIO
108     MUNICIPIO
109     MUNICIPIO
191     MUNICIPIO
192     MUNICIPIO
193     MUNICIPIO
1073    MUNICIPIO
1074    MUNICIPIO
1075    MUNICIPIO
1076    MUNICIPIO
1077    MUNICIPIO
1078    MUNICIPIO
1079    MUNICIPIO
1080    MUNICIPIO
1081    MUNICIPIO
1082    MUNICIPIO
1083    MUNICIPIO
1084    MUNICIPIO
1085    MUNICIPIO
1086    MUNICIPIO
1087    MUNICIPIO
1088    MUNICIPIO
1089    MUNICIPIO
1090    MUNICIPIO
1091    MUNICIPIO
1092    MUNICIPIO
1093    MUNICIPIO
1094    MUNICIPIO
1095    MUNICIPIO
1096    MUNICIPIO
1097    MUNICIPIO
1098    MUNICIPIO
1099    MUNICIPIO
1100    MUNICIPIO
1101    MUNICIPIO
1102    MUNICIPIO
1229    MUNICIPIO
1230    MUNICIPIO
1231    MUNICIPIO
1232    MUNICIPIO
1233    MUNICIPIO
1234    MUNICIPIO
1235    MUNICIPIO
1236    MUNICIPIO
1237    MUNICIPIO
1238    MUNICIPIO
1239    MUNICIPIO
NAME: MUNICIPIO, DTYPE: OBJECT","57        1
58        1
59        1
60        1
61        1
62        1
63        1
101       2
102       2
103       2
104       2
105       2
106       2
107       2
108       2
109       2
191       5
192       5
193       5
1073      6
1074      6
1075      6
1076      6
1077      6
1078      6
1079      6
1080      6
1081      6
1082      6
1083      6
1084      6
1085      6
1086      6
1087      6
1088      6
1089      6
1090      6
1091      6
1092      6
1093      6
1094      6
1095      6
1096      6
1097      6
1098      6
1099      6
1100      6
1101      6
1102      6
1229    ESP
1230    ESP
1231    ESP
1232    ESP
1233    ESP
1234    ESP
1235    ESP
1236    ESP
1237    ESP
1238    ESP
1239    ESP
NAME: MUNICIPIO, DTYPE: OBJECT",2,2,"cOMISARIA 1, 2, 3 Y 4",Carrera 33 # 26 A - 12,+57 (60+8) 6345913 Extensión 1021 - 1022 - 1023,L-V 8-5,5340192,"-72,381,773","5°20'24.7""N 72°22'54.4""W",Directorio Comisarías Ley 2126
76,VALLE DEL CAUCA,"57      76520
58      76520
59      76520
60      76520
61      76520
62      76892
63      76892
101     76109
102     76111
103     76130
104     76130
105     76147
106     76147
107     76364
108     76364
109     76834
191     76113
192     76248
193     76895
1073    76020
1074    76036
1075    76041
1076    76054
1077    76100
1078    76122
1079    76126
1080    76233
1081    76243
1082    76246
1083    76250
1084    76275
1085    76306
1086    76318
1087    76377
1088    76400
1089    76403
1090    76497
1091    76563
1092    76606
1093    76616
1094    76622
1095    76670
1096    76736
1097    76823
1098    76828
1099    76845
1100    76863
1101    76869
1102    76890
1229    76001
1230    76001
1231    76001
1232    76001
1233    76001
1234    76001
1235    76001
1236    76001
1237    76001
1238    76001
1239    76001
NAME: MUNICIPIO, DTYPE: OBJECT","57                  PALMIRA
58                  PALMIRA
59                  PALMIRA
60                  PALMIRA
61                  PALMIRA
62                    YUMBO
63                    YUMBO
101            BUENAVENTURA
102     GUADALAJARA DE BUGA
103              CANDELARIA
104              CANDELARIA
105                 CARTAGO
106                 CARTAGO
107                 JAMUNDI
108                 JAMUNDI
109                   TULUA
191            BUGALAGRANDE
192              EL CERRITO
193                  ZARZAL
1073                 ALCALA
1074              ANDALUCIA
1075           ANSERMANUEVO
1076                ARGELIA
1077                BOLIVAR
1078             CAICEDONIA
1079       CALIMA EL DARIEN
1080                  DAGUA
1081              EL AGUILA
1082               EL CAIRO
1083               EL DOVIO
1084                FLORIDA
1085                GINEBRA
1086                GUACARI
1087              LA CUMBRE
1088               LA UNION
1089            LA VICTORIA
1090                 OBANDO
1091                PRADERA
1092               RESTREPO
1093                RIOFRIO
1094             ROLDANILLO
1095              SAN PEDRO
1096                SEVILLA
1097                   TORO
1098               TRUJILLO
1099                  ULLOA
1100              VERSALLES
1101                  VIJES
1102                 YOTOCO
1229       SANTIAGO DE CALI
1230       SANTIAGO DE CALI
1231       SANTIAGO DE CALI
1232       SANTIAGO DE CALI
1233       SANTIAGO DE CALI
1234       SANTIAGO DE CALI
1235       SANTIAGO DE CALI
1236       SANTIAGO DE CALI
1237       SANTIAGO DE CALI
1238       SANTIAGO DE CALI
1239       SANTIAGO DE CALI
NAME: MUNICIPIO, DTYPE: OBJECT","57      MUNICIPIO
58      MUNICIPIO
59      MUNICIPIO
60      MUNICIPIO
61      MUNICIPIO
62      MUNICIPIO
63      MUNICIPIO
101     MUNICIPIO
102     MUNICIPIO
103     MUNICIPIO
104     MUNICIPIO
105     MUNICIPIO
106     MUNICIPIO
107     MUNICIPIO
108     MUNICIPIO
109     MUNICIPIO
191     MUNICIPIO
192     MUNICIPIO
193     MUNICIPIO
1073    MUNICIPIO
1074    MUNICIPIO
1075    MUNICIPIO
1076    MUNICIPIO
1077    MUNICIPIO
1078    MUNICIPIO
1079    MUNICIPIO
1080    MUNICIPIO
1081    MUNICIPIO
1082    MUNICIPIO
1083    MUNICIPIO
1084    MUNICIPIO
1085    MUNICIPIO
1086    MUNICIPIO
1087    MUNICIPIO
1088    MUNICIPIO
1089    MUNICIPIO
1090    MUNICIPIO
1091    MUNICIPIO
1092    MUNICIPIO
1093    MUNICIPIO
1094    MUNICIPIO
1095    MUNICIPIO
1096    MUNICIPIO
1097    MUNICIPIO
1098    MUNICIPIO
1099    MUNICIPIO
1100    MUNICIPIO
1101    MUNICIPIO
1102    MUNICIPIO
1229    MUNICIPIO
1230    MUNICIPIO
1231    MUNICIPIO
1232    MUNICIPIO
1233    MUNICIPIO
1234    MUNICIPIO
1235    MUNICIPIO
1236    MUNICIPIO
1237    MUNICIPIO
1238    MUNICIPIO
1239    MUNICIPIO
NAME: MUNICIPIO, DTYPE: OBJECT","57        1
58        1
59        1
60        1
61        1
62        1
63        1
101       2
102       2
103       2
104       2
105       2
106       2
107       2
108       2
109       2
191       5
192       5
193       5
1073      6
1074      6
1075      6
1076      6
1077      6
1078      6
1079      6
1080      6
1081      6
1082      6
1083      6
1084      6
1085      6
1086      6
1087      6
1088      6
1089      6
1090      6
1091      6
1092      6
1093      6
1094      6
1095      6
1096      6
1097      6
1098      6
1099      6
1100      6
1101      6
1102      6
1229    ESP
1230    ESP
1231    ESP
1232    ESP
1233    ESP
1234    ESP
1235    ESP
1236    ESP
1237    ESP
1238    ESP
1239    ESP
NAME: MUNICIPIO, DTYPE: OBJECT",4,1,Comisaría de Familia de Buenaventura,Carrera 73B Calle 3ª Esquina.,"DENUNCIA: Recepción a las denuncias vía
telefónica o whatsapp al cel. 316 249 2622
JURÍDICA: Recepción a los casos vía
telefónica o whatsapp al cel. 317 682 0627
PSICOSOCIAL: Recepción a la orientación
psicológica vía telefónica o whatsapp al
cel. 316 249 2622",L-V 8-5,Null,Null,Null,Directorio Comisarías Ley 2126
76,VALLE DEL CAUCA,"57      76520
58      76520
59      76520
60      76520
61      76520
62      76892
63      76892
101     76109
102     76111
103     76130
104     76130
105     76147
106     76147
107     76364
108     76364
109     76834
191     76113
192     76248
193     76895
1073    76020
1074    76036
1075    76041
1076    76054
1077    76100
1078    76122
1079    76126
1080    76233
1081    76243
1082    76246
1083    76250
1084    76275
1085    76306
1086    76318
1087    76377
1088    76400
1089    76403
1090    76497
1091    76563
1092    76606
1093    76616
1094    76622
1095    76670
1096    76736
1097    76823
1098    76828
1099    76845
1100    76863
1101    76869
1102    76890
1229    76001
1230    76001
1231    76001
1232    76001
1233    76001
1234    76001
1235    76001
1236    76001
1237    76001
1238    76001
1239    76001
NAME: MUNICIPIO, DTYPE: OBJECT","57                  PALMIRA
58                  PALMIRA
59                  PALMIRA
60                  PALMIRA
61                  PALMIRA
62                    YUMBO
63                    YUMBO
101            BUENAVENTURA
102     GUADALAJARA DE BUGA
103              CANDELARIA
104              CANDELARIA
105                 CARTAGO
106                 CARTAGO
107                 JAMUNDI
108                 JAMUNDI
109                   TULUA
191            BUGALAGRANDE
192              EL CERRITO
193                  ZARZAL
1073                 ALCALA
1074              ANDALUCIA
1075           ANSERMANUEVO
1076                ARGELIA
1077                BOLIVAR
1078             CAICEDONIA
1079       CALIMA EL DARIEN
1080                  DAGUA
1081              EL AGUILA
1082               EL CAIRO
1083               EL DOVIO
1084                FLORIDA
1085                GINEBRA
1086                GUACARI
1087              LA CUMBRE
1088               LA UNION
1089            LA VICTORIA
1090                 OBANDO
1091                PRADERA
1092               RESTREPO
1093                RIOFRIO
1094             ROLDANILLO
1095              SAN PEDRO
1096                SEVILLA
1097                   TORO
1098               TRUJILLO
1099                  ULLOA
1100              VERSALLES
1101                  VIJES
1102                 YOTOCO
1229       SANTIAGO DE CALI
1230       SANTIAGO DE CALI
1231       SANTIAGO DE CALI
1232       SANTIAGO DE CALI
1233       SANTIAGO DE CALI
1234       SANTIAGO DE CALI
1235       SANTIAGO DE CALI
1236       SANTIAGO DE CALI
1237       SANTIAGO DE CALI
1238       SANTIAGO DE CALI
1239       SANTIAGO DE CALI
NAME: MUNICIPIO, DTYPE: OBJECT","57      MUNICIPIO
58      MUNICIPIO
59      MUNICIPIO
60      MUNICIPIO
61      MUNICIPIO
62      MUNICIPIO
63      MUNICIPIO
101     MUNICIPIO
102     MUNICIPIO
103     MUNICIPIO
104     MUNICIPIO
105     MUNICIPIO
106     MUNICIPIO
107     MUNICIPIO
108     MUNICIPIO
109     MUNICIPIO
191     MUNICIPIO
192     MUNICIPIO
193     MUNICIPIO
1073    MUNICIPIO
1074    MUNICIPIO
1075    MUNICIPIO
1076    MUNICIPIO
1077    MUNICIPIO
1078    MUNICIPIO
1079    MUNICIPIO
1080    MUNICIPIO
1081    MUNICIPIO
1082    MUNICIPIO
1083    MUNICIPIO
1084    MUNICIPIO
1085    MUNICIPIO
1086    MUNICIPIO
1087    MUNICIPIO
1088    MUNICIPIO
1089    MUNICIPIO
1090    MUNICIPIO
1091    MUNICIPIO
1092    MUNICIPIO
1093    MUNICIPIO
1094    MUNICIPIO
1095    MUNICIPIO
1096    MUNICIPIO
1097    MUNICIPIO
1098    MUNICIPIO
1099    MUNICIPIO
1100    MUNICIPIO
1101    MUNICIPIO
1102    MUNICIPIO
1229    MUNICIPIO
1230    MUNICIPIO
1231    MUNICIPIO
1232    MUNICIPIO
1233    MUNICIPIO
1234    MUNICIPIO
1235    MUNICIPIO
1236    MUNICIPIO
1237    MUNICIPIO
1238    MUNICIPIO
1239    MUNICIPIO
NAME: MUNICIPIO, DTYPE: OBJECT","57        1
58        1
59        1
60        1
61        1
62        1
63        1
101       2
102       2
103       2
104       2
105       2
106       2
107       2
108       2
109       2
191       5
192       5
193       5
1073      6
1074      6
1075      6
1076      6
1077      6
1078      6
1079      6
1080      6
1081      6
1082      6
1083      6
1084      6
1085      6
1086      6
1087      6
1088      6
1089      6
1090      6
1091      6
1092      6
1093      6
1094      6
1095      6
1096      6
1097      6
1098      6
1099      6
1100      6
1101      6
1102      6
1229    ESP
1230    ESP
1231    ESP
1232    ESP
1233    ESP
1234    ESP
1235    ESP
1236    ESP
1237    ESP
1238    ESP
1239    ESP
NAME: MUNICIPIO, DTYPE: OBJECT",2,0,Comisaría de Familia de Guadalara de Buga,Calle 24 # 13-04,"Tels. 236 6781 - 236 6784 - 228 2000
Cel. 311 340 1230
Correo electrónico:
sgobierno@guadalajaradebuga-valle.gov.co",L-V 8-5,"3,913,439","-76,295,345","3°54'48.4""N 76°17'43.2""W",Directorio Comisarías Ley 2126
76,VALLE DEL CAUCA,"57      76520
58      76520
59      76520
60      76520
61      76520
62      76892
63      76892
101     76109
102     76111
103     76130
104     76130
105     76147
106     76147
107     76364
108     76364
109     76834
191     76113
192     76248
193     76895
1073    76020
1074    76036
1075    76041
1076    76054
1077    76100
1078    76122
1079    76126
1080    76233
1081    76243
1082    76246
1083    76250
1084    76275
1085    76306
1086    76318
1087    76377
1088    76400
1089    76403
1090    76497
1091    76563
1092    76606
1093    76616
1094    76622
1095    76670
1096    76736
1097    76823
1098    76828
1099    76845
1100    76863
1101    76869
1102    76890
1229    76001
1230    76001
1231    76001
1232    76001
1233    76001
1234    76001
1235    76001
1236    76001
1237    76001
1238    76001
1239    76001
NAME: MUNICIPIO, DTYPE: OBJECT","57                  PALMIRA
58                  PALMIRA
59                  PALMIRA
60                  PALMIRA
61                  PALMIRA
62                    YUMBO
63                    YUMBO
101            BUENAVENTURA
102     GUADALAJARA DE BUGA
103              CANDELARIA
104              CANDELARIA
105                 CARTAGO
106                 CARTAGO
107                 JAMUNDI
108                 JAMUNDI
109                   TULUA
191            BUGALAGRANDE
192              EL CERRITO
193                  ZARZAL
1073                 ALCALA
1074              ANDALUCIA
1075           ANSERMANUEVO
1076                ARGELIA
1077                BOLIVAR
1078             CAICEDONIA
1079       CALIMA EL DARIEN
1080                  DAGUA
1081              EL AGUILA
1082               EL CAIRO
1083               EL DOVIO
1084                FLORIDA
1085                GINEBRA
1086                GUACARI
1087              LA CUMBRE
1088               LA UNION
1089            LA VICTORIA
1090                 OBANDO
1091                PRADERA
1092               RESTREPO
1093                RIOFRIO
1094             ROLDANILLO
1095              SAN PEDRO
1096                SEVILLA
1097                   TORO
1098               TRUJILLO
1099                  ULLOA
1100              VERSALLES
1101                  VIJES
1102                 YOTOCO
1229       SANTIAGO DE CALI
1230       SANTIAGO DE CALI
1231       SANTIAGO DE CALI
1232       SANTIAGO DE CALI
1233       SANTIAGO DE CALI
1234       SANTIAGO DE CALI
1235       SANTIAGO DE CALI
1236       SANTIAGO DE CALI
1237       SANTIAGO DE CALI
1238       SANTIAGO DE CALI
1239       SANTIAGO DE CALI
NAME: MUNICIPIO, DTYPE: OBJECT","57      MUNICIPIO
58      MUNICIPIO
59      MUNICIPIO
60      MUNICIPIO
61      MUNICIPIO
62      MUNICIPIO
63      MUNICIPIO
101     MUNICIPIO
102     MUNICIPIO
103     MUNICIPIO
104     MUNICIPIO
105     MUNICIPIO
106     MUNICIPIO
107     MUNICIPIO
108     MUNICIPIO
109     MUNICIPIO
191     MUNICIPIO
192     MUNICIPIO
193     MUNICIPIO
1073    MUNICIPIO
1074    MUNICIPIO
1075    MUNICIPIO
1076    MUNICIPIO
1077    MUNICIPIO
1078    MUNICIPIO
1079    MUNICIPIO
1080    MUNICIPIO
1081    MUNICIPIO
1082    MUNICIPIO
1083    MUNICIPIO
1084    MUNICIPIO
1085    MUNICIPIO
1086    MUNICIPIO
1087    MUNICIPIO
1088    MUNICIPIO
1089    MUNICIPIO
1090    MUNICIPIO
1091    MUNICIPIO
1092    MUNICIPIO
1093    MUNICIPIO
1094    MUNICIPIO
1095    MUNICIPIO
1096    MUNICIPIO
1097    MUNICIPIO
1098    MUNICIPIO
1099    MUNICIPIO
1100    MUNICIPIO
1101    MUNICIPIO
1102    MUNICIPIO
1229    MUNICIPIO
1230    MUNICIPIO
1231    MUNICIPIO
1232    MUNICIPIO
1233    MUNICIPIO
1234    MUNICIPIO
1235    MUNICIPIO
1236    MUNICIPIO
1237    MUNICIPIO
1238    MUNICIPIO
1239    MUNICIPIO
NAME: MUNICIPIO, DTYPE: OBJECT","57        1
58        1
59        1
60        1
61        1
62        1
63        1
101       2
102       2
103       2
104       2
105       2
106       2
107       2
108       2
109       2
191       5
192       5
193       5
1073      6
1074      6
1075      6
1076      6
1077      6
1078      6
1079      6
1080      6
1081      6
1082      6
1083      6
1084      6
1085      6
1086      6
1087      6
1088      6
1089      6
1090      6
1091      6
1092      6
1093      6
1094      6
1095      6
1096      6
1097      6
1098      6
1099      6
1100      6
1101      6
1102      6
1229    ESP
1230    ESP
1231    ESP
1232    ESP
1233    ESP
1234    ESP
1235    ESP
1236    ESP
1237    ESP
1238    ESP
1239    ESP
NAME: MUNICIPIO, DTYPE: OBJECT",1,0,comisaria de familia de buga 1,"carrera 8 # 8-45, barrio San Cristóbal - Candelaria",(602) 264 6830,L-V 8-5,3408529,"-76,347,839","3°24'30.7""N 76°20'52.2""W",Directorio Comisarías Ley 2126
76,VALLE DEL CAUCA,"57      76520
58      76520
59      76520
60      76520
61      76520
62      76892
63      76892
101     76109
102     76111
103     76130
104     76130
105     76147
106     76147
107     76364
108     76364
109     76834
191     76113
192     76248
193     76895
1073    76020
1074    76036
1075    76041
1076    76054
1077    76100
1078    76122
1079    76126
1080    76233
1081    76243
1082    76246
1083    76250
1084    76275
1085    76306
1086    76318
1087    76377
1088    76400
1089    76403
1090    76497
1091    76563
1092    76606
1093    76616
1094    76622
1095    76670
1096    76736
1097    76823
1098    76828
1099    76845
1100    76863
1101    76869
1102    76890
1229    76001
1230    76001
1231    76001
1232    76001
1233    76001
1234    76001
1235    76001
1236    76001
1237    76001
1238    76001
1239    76001
NAME: MUNICIPIO, DTYPE: OBJECT","57                  PALMIRA
58                  PALMIRA
59                  PALMIRA
60                  PALMIRA
61                  PALMIRA
62                    YUMBO
63                    YUMBO
101            BUENAVENTURA
102     GUADALAJARA DE BUGA
103              CANDELARIA
104              CANDELARIA
105                 CARTAGO
106                 CARTAGO
107                 JAMUNDI
108                 JAMUNDI
109                   TULUA
191            BUGALAGRANDE
192              EL CERRITO
193                  ZARZAL
1073                 ALCALA
1074              ANDALUCIA
1075           ANSERMANUEVO
1076                ARGELIA
1077                BOLIVAR
1078             CAICEDONIA
1079       CALIMA EL DARIEN
1080                  DAGUA
1081              EL AGUILA
1082               EL CAIRO
1083               EL DOVIO
1084                FLORIDA
1085                GINEBRA
1086                GUACARI
1087              LA CUMBRE
1088               LA UNION
1089            LA VICTORIA
1090                 OBANDO
1091                PRADERA
1092               RESTREPO
1093                RIOFRIO
1094             ROLDANILLO
1095              SAN PEDRO
1096                SEVILLA
1097                   TORO
1098               TRUJILLO
1099                  ULLOA
1100              VERSALLES
1101                  VIJES
1102                 YOTOCO
1229       SANTIAGO DE CALI
1230       SANTIAGO DE CALI
1231       SANTIAGO DE CALI
1232       SANTIAGO DE CALI
1233       SANTIAGO DE CALI
1234       SANTIAGO DE CALI
1235       SANTIAGO DE CALI
1236       SANTIAGO DE CALI
1237       SANTIAGO DE CALI
1238       SANTIAGO DE CALI
1239       SANTIAGO DE CALI
NAME: MUNICIPIO, DTYPE: OBJECT","57      MUNICIPIO
58      MUNICIPIO
59      MUNICIPIO
60      MUNICIPIO
61      MUNICIPIO
62      MUNICIPIO
63      MUNICIPIO
101     MUNICIPIO
102     MUNICIPIO
103     MUNICIPIO
104     MUNICIPIO
105     MUNICIPIO
106     MUNICIPIO
107     MUNICIPIO
108     MUNICIPIO
109     MUNICIPIO
191     MUNICIPIO
192     MUNICIPIO
193     MUNICIPIO
1073    MUNICIPIO
1074    MUNICIPIO
1075    MUNICIPIO
1076    MUNICIPIO
1077    MUNICIPIO
1078    MUNICIPIO
1079    MUNICIPIO
1080    MUNICIPIO
1081    MUNICIPIO
1082    MUNICIPIO
1083    MUNICIPIO
1084    MUNICIPIO
1085    MUNICIPIO
1086    MUNICIPIO
1087    MUNICIPIO
1088    MUNICIPIO
1089    MUNICIPIO
1090    MUNICIPIO
1091    MUNICIPIO
1092    MUNICIPIO
1093    MUNICIPIO
1094    MUNICIPIO
1095    MUNICIPIO
1096    MUNICIPIO
1097    MUNICIPIO
1098    MUNICIPIO
1099    MUNICIPIO
1100    MUNICIPIO
1101    MUNICIPIO
1102    MUNICIPIO
1229    MUNICIPIO
1230    MUNICIPIO
1231    MUNICIPIO
1232    MUNICIPIO
1233    MUNICIPIO
1234    MUNICIPIO
1235    MUNICIPIO
1236    MUNICIPIO
1237    MUNICIPIO
1238    MUNICIPIO
1239    MUNICIPIO
NAME: MUNICIPIO, DTYPE: OBJECT","57        1
58        1
59        1
60        1
61        1
62        1
63        1
101       2
102       2
103       2
104       2
105       2
106       2
107       2
108       2
109       2
191       5
192       5
193       5
1073      6
1074      6
1075      6
1076      6
1077      6
1078      6
1079      6
1080      6
1081      6
1082      6
1083      6
1084      6
1085      6
1086      6
1087      6
1088      6
1089      6
1090      6
1091      6
1092      6
1093      6
1094      6
1095      6
1096      6
1097      6
1098      6
1099      6
1100      6
1101      6
1102      6
1229    ESP
1230    ESP
1231    ESP
1232    ESP
1233    ESP
1234    ESP
1235    ESP
1236    ESP
1237    ESP
1238    ESP
1239    ESP
NAME: MUNICIPIO, DTYPE: OBJECT",Null,Null,comisaria de familia de buga 2,"calle 10 # 10-55, 3er piso - Edificio Copecan - Villagorgona",(602) 261 5053,L-V 8-5,3395364,"-76,388,031","3°23'43.3""N 76°23'16.9""W",Directorio Comisarías Ley 2126
76,VALLE DEL CAUCA,"57      76520
58      76520
59      76520
60      76520
61      76520
62      76892
63      76892
101     76109
102     76111
103     76130
104     76130
105     76147
106     76147
107     76364
108     76364
109     76834
191     76113
192     76248
193     76895
1073    76020
1074    76036
1075    76041
1076    76054
1077    76100
1078    76122
1079    76126
1080    76233
1081    76243
1082    76246
1083    76250
1084    76275
1085    76306
1086    76318
1087    76377
1088    76400
1089    76403
1090    76497
1091    76563
1092    76606
1093    76616
1094    76622
1095    76670
1096    76736
1097    76823
1098    76828
1099    76845
1100    76863
1101    76869
1102    76890
1229    76001
1230    76001
1231    76001
1232    76001
1233    76001
1234    76001
1235    76001
1236    76001
1237    76001
1238    76001
1239    76001
NAME: MUNICIPIO, DTYPE: OBJECT","57                  PALMIRA
58                  PALMIRA
59                  PALMIRA
60                  PALMIRA
61                  PALMIRA
62                    YUMBO
63                    YUMBO
101            BUENAVENTURA
102     GUADALAJARA DE BUGA
103              CANDELARIA
104              CANDELARIA
105                 CARTAGO
106                 CARTAGO
107                 JAMUNDI
108                 JAMUNDI
109                   TULUA
191            BUGALAGRANDE
192              EL CERRITO
193                  ZARZAL
1073                 ALCALA
1074              ANDALUCIA
1075           ANSERMANUEVO
1076                ARGELIA
1077                BOLIVAR
1078             CAICEDONIA
1079       CALIMA EL DARIEN
1080                  DAGUA
1081              EL AGUILA
1082               EL CAIRO
1083               EL DOVIO
1084                FLORIDA
1085                GINEBRA
1086                GUACARI
1087              LA CUMBRE
1088               LA UNION
1089            LA VICTORIA
1090                 OBANDO
1091                PRADERA
1092               RESTREPO
1093                RIOFRIO
1094             ROLDANILLO
1095              SAN PEDRO
1096                SEVILLA
1097                   TORO
1098               TRUJILLO
1099                  ULLOA
1100              VERSALLES
1101                  VIJES
1102                 YOTOCO
1229       SANTIAGO DE CALI
1230       SANTIAGO DE CALI
1231       SANTIAGO DE CALI
1232       SANTIAGO DE CALI
1233       SANTIAGO DE CALI
1234       SANTIAGO DE CALI
1235       SANTIAGO DE CALI
1236       SANTIAGO DE CALI
1237       SANTIAGO DE CALI
1238       SANTIAGO DE CALI
1239       SANTIAGO DE CALI
NAME: MUNICIPIO, DTYPE: OBJECT","57      MUNICIPIO
58      MUNICIPIO
59      MUNICIPIO
60      MUNICIPIO
61      MUNICIPIO
62      MUNICIPIO
63      MUNICIPIO
101     MUNICIPIO
102     MUNICIPIO
103     MUNICIPIO
104     MUNICIPIO
105     MUNICIPIO
106     MUNICIPIO
107     MUNICIPIO
108     MUNICIPIO
109     MUNICIPIO
191     MUNICIPIO
192     MUNICIPIO
193     MUNICIPIO
1073    MUNICIPIO
1074    MUNICIPIO
1075    MUNICIPIO
1076    MUNICIPIO
1077    MUNICIPIO
1078    MUNICIPIO
1079    MUNICIPIO
1080    MUNICIPIO
1081    MUNICIPIO
1082    MUNICIPIO
1083    MUNICIPIO
1084    MUNICIPIO
1085    MUNICIPIO
1086    MUNICIPIO
1087    MUNICIPIO
1088    MUNICIPIO
1089    MUNICIPIO
1090    MUNICIPIO
1091    MUNICIPIO
1092    MUNICIPIO
1093    MUNICIPIO
1094    MUNICIPIO
1095    MUNICIPIO
1096    MUNICIPIO
1097    MUNICIPIO
1098    MUNICIPIO
1099    MUNICIPIO
1100    MUNICIPIO
1101    MUNICIPIO
1102    MUNICIPIO
1229    MUNICIPIO
1230    MUNICIPIO
1231    MUNICIPIO
1232    MUNICIPIO
1233    MUNICIPIO
1234    MUNICIPIO
1235    MUNICIPIO
1236    MUNICIPIO
1237    MUNICIPIO
1238    MUNICIPIO
1239    MUNICIPIO
NAME: MUNICIPIO, DTYPE: OBJECT","57        1
58        1
59        1
60        1
61        1
62        1
63        1
101       2
102       2
103       2
104       2
105       2
106       2
107       2
108       2
109       2
191       5
192       5
193       5
1073      6
1074      6
1075      6
1076      6
1077      6
1078      6
1079      6
1080      6
1081      6
1082      6
1083      6
1084      6
1085      6
1086      6
1087      6
1088      6
1089      6
1090      6
1091      6
1092      6
1093      6
1094      6
1095      6
1096      6
1097      6
1098      6
1099      6
1100      6
1101      6
1102      6
1229    ESP
1230    ESP
1231    ESP
1232    ESP
1233    ESP
1234    ESP
1235    ESP
1236    ESP
1237    ESP
1238    ESP
1239    ESP
NAME: MUNICIPIO, DTYPE: OBJECT",2,1,Comisaría de Familia 1,Carrera 2 Norte N° 12 – 35,(57+2) 211 41 01/02/03/04 Fax: (57+2) 212 77 84,L-V 8-5,4753833,"-75,914,717","4°45'13.8""N 75°54'53.0""W",Directorio Comisarías Ley 2126
76,VALLE DEL CAUCA,"57      76520
58      76520
59      76520
60      76520
61      76520
62      76892
63      76892
101     76109
102     76111
103     76130
104     76130
105     76147
106     76147
107     76364
108     76364
109     76834
191     76113
192     76248
193     76895
1073    76020
1074    76036
1075    76041
1076    76054
1077    76100
1078    76122
1079    76126
1080    76233
1081    76243
1082    76246
1083    76250
1084    76275
1085    76306
1086    76318
1087    76377
1088    76400
1089    76403
1090    76497
1091    76563
1092    76606
1093    76616
1094    76622
1095    76670
1096    76736
1097    76823
1098    76828
1099    76845
1100    76863
1101    76869
1102    76890
1229    76001
1230    76001
1231    76001
1232    76001
1233    76001
1234    76001
1235    76001
1236    76001
1237    76001
1238    76001
1239    76001
NAME: MUNICIPIO, DTYPE: OBJECT","57                  PALMIRA
58                  PALMIRA
59                  PALMIRA
60                  PALMIRA
61                  PALMIRA
62                    YUMBO
63                    YUMBO
101            BUENAVENTURA
102     GUADALAJARA DE BUGA
103              CANDELARIA
104              CANDELARIA
105                 CARTAGO
106                 CARTAGO
107                 JAMUNDI
108                 JAMUNDI
109                   TULUA
191            BUGALAGRANDE
192              EL CERRITO
193                  ZARZAL
1073                 ALCALA
1074              ANDALUCIA
1075           ANSERMANUEVO
1076                ARGELIA
1077                BOLIVAR
1078             CAICEDONIA
1079       CALIMA EL DARIEN
1080                  DAGUA
1081              EL AGUILA
1082               EL CAIRO
1083               EL DOVIO
1084                FLORIDA
1085                GINEBRA
1086                GUACARI
1087              LA CUMBRE
1088               LA UNION
1089            LA VICTORIA
1090                 OBANDO
1091                PRADERA
1092               RESTREPO
1093                RIOFRIO
1094             ROLDANILLO
1095              SAN PEDRO
1096                SEVILLA
1097                   TORO
1098               TRUJILLO
1099                  ULLOA
1100              VERSALLES
1101                  VIJES
1102                 YOTOCO
1229       SANTIAGO DE CALI
1230       SANTIAGO DE CALI
1231       SANTIAGO DE CALI
1232       SANTIAGO DE CALI
1233       SANTIAGO DE CALI
1234       SANTIAGO DE CALI
1235       SANTIAGO DE CALI
1236       SANTIAGO DE CALI
1237       SANTIAGO DE CALI
1238       SANTIAGO DE CALI
1239       SANTIAGO DE CALI
NAME: MUNICIPIO, DTYPE: OBJECT","57      MUNICIPIO
58      MUNICIPIO
59      MUNICIPIO
60      MUNICIPIO
61      MUNICIPIO
62      MUNICIPIO
63      MUNICIPIO
101     MUNICIPIO
102     MUNICIPIO
103     MUNICIPIO
104     MUNICIPIO
105     MUNICIPIO
106     MUNICIPIO
107     MUNICIPIO
108     MUNICIPIO
109     MUNICIPIO
191     MUNICIPIO
192     MUNICIPIO
193     MUNICIPIO
1073    MUNICIPIO
1074    MUNICIPIO
1075    MUNICIPIO
1076    MUNICIPIO
1077    MUNICIPIO
1078    MUNICIPIO
1079    MUNICIPIO
1080    MUNICIPIO
1081    MUNICIPIO
1082    MUNICIPIO
1083    MUNICIPIO
1084    MUNICIPIO
1085    MUNICIPIO
1086    MUNICIPIO
1087    MUNICIPIO
1088    MUNICIPIO
1089    MUNICIPIO
1090    MUNICIPIO
1091    MUNICIPIO
1092    MUNICIPIO
1093    MUNICIPIO
1094    MUNICIPIO
1095    MUNICIPIO
1096    MUNICIPIO
1097    MUNICIPIO
1098    MUNICIPIO
1099    MUNICIPIO
1100    MUNICIPIO
1101    MUNICIPIO
1102    MUNICIPIO
1229    MUNICIPIO
1230    MUNICIPIO
1231    MUNICIPIO
1232    MUNICIPIO
1233    MUNICIPIO
1234    MUNICIPIO
1235    MUNICIPIO
1236    MUNICIPIO
1237    MUNICIPIO
1238    MUNICIPIO
1239    MUNICIPIO
NAME: MUNICIPIO, DTYPE: OBJECT","57        1
58        1
59        1
60        1
61        1
62        1
63        1
101       2
102       2
103       2
104       2
105       2
106       2
107       2
108       2
109       2
191       5
192       5
193       5
1073      6
1074      6
1075      6
1076      6
1077      6
1078      6
1079      6
1080      6
1081      6
1082      6
1083      6
1084      6
1085      6
1086      6
1087      6
1088      6
1089      6
1090      6
1091      6
1092      6
1093      6
1094      6
1095      6
1096      6
1097      6
1098      6
1099      6
1100      6
1101      6
1102      6
1229    ESP
1230    ESP
1231    ESP
1232    ESP
1233    ESP
1234    ESP
1235    ESP
1236    ESP
1237    ESP
1238    ESP
1239    ESP
NAME: MUNICIPIO, DTYPE: OBJECT",Null,Null,Comisaría de Familia 2,"Carrera 1 con calle 37, barrio Campo Alegre, Casa de Justicia",(57+2) 211 41 01/02/03/04 Fax: (57+2) 212 77 84,L-V 8-5,4760180,"-75,934,259","4°45'36.7""N 75°56'03.3""W",Directorio Comisarías Ley 2126
76,VALLE DEL CAUCA,"57      76520
58      76520
59      76520
60      76520
61      76520
62      76892
63      76892
101     76109
102     76111
103     76130
104     76130
105     76147
106     76147
107     76364
108     76364
109     76834
191     76113
192     76248
193     76895
1073    76020
1074    76036
1075    76041
1076    76054
1077    76100
1078    76122
1079    76126
1080    76233
1081    76243
1082    76246
1083    76250
1084    76275
1085    76306
1086    76318
1087    76377
1088    76400
1089    76403
1090    76497
1091    76563
1092    76606
1093    76616
1094    76622
1095    76670
1096    76736
1097    76823
1098    76828
1099    76845
1100    76863
1101    76869
1102    76890
1229    76001
1230    76001
1231    76001
1232    76001
1233    76001
1234    76001
1235    76001
1236    76001
1237    76001
1238    76001
1239    76001
NAME: MUNICIPIO, DTYPE: OBJECT","57                  PALMIRA
58                  PALMIRA
59                  PALMIRA
60                  PALMIRA
61                  PALMIRA
62                    YUMBO
63                    YUMBO
101            BUENAVENTURA
102     GUADALAJARA DE BUGA
103              CANDELARIA
104              CANDELARIA
105                 CARTAGO
106                 CARTAGO
107                 JAMUNDI
108                 JAMUNDI
109                   TULUA
191            BUGALAGRANDE
192              EL CERRITO
193                  ZARZAL
1073                 ALCALA
1074              ANDALUCIA
1075           ANSERMANUEVO
1076                ARGELIA
1077                BOLIVAR
1078             CAICEDONIA
1079       CALIMA EL DARIEN
1080                  DAGUA
1081              EL AGUILA
1082               EL CAIRO
1083               EL DOVIO
1084                FLORIDA
1085                GINEBRA
1086                GUACARI
1087              LA CUMBRE
1088               LA UNION
1089            LA VICTORIA
1090                 OBANDO
1091                PRADERA
1092               RESTREPO
1093                RIOFRIO
1094             ROLDANILLO
1095              SAN PEDRO
1096                SEVILLA
1097                   TORO
1098               TRUJILLO
1099                  ULLOA
1100              VERSALLES
1101                  VIJES
1102                 YOTOCO
1229       SANTIAGO DE CALI
1230       SANTIAGO DE CALI
1231       SANTIAGO DE CALI
1232       SANTIAGO DE CALI
1233       SANTIAGO DE CALI
1234       SANTIAGO DE CALI
1235       SANTIAGO DE CALI
1236       SANTIAGO DE CALI
1237       SANTIAGO DE CALI
1238       SANTIAGO DE CALI
1239       SANTIAGO DE CALI
NAME: MUNICIPIO, DTYPE: OBJECT","57      MUNICIPIO
58      MUNICIPIO
59      MUNICIPIO
60      MUNICIPIO
61      MUNICIPIO
62      MUNICIPIO
63      MUNICIPIO
101     MUNICIPIO
102     MUNICIPIO
103     MUNICIPIO
104     MUNICIPIO
105     MUNICIPIO
106     MUNICIPIO
107     MUNICIPIO
108     MUNICIPIO
109     MUNICIPIO
191     MUNICIPIO
192     MUNICIPIO
193     MUNICIPIO
1073    MUNICIPIO
1074    MUNICIPIO
1075    MUNICIPIO
1076    MUNICIPIO
1077    MUNICIPIO
1078    MUNICIPIO
1079    MUNICIPIO
1080    MUNICIPIO
1081    MUNICIPIO
1082    MUNICIPIO
1083    MUNICIPIO
1084    MUNICIPIO
1085    MUNICIPIO
1086    MUNICIPIO
1087    MUNICIPIO
1088    MUNICIPIO
1089    MUNICIPIO
1090    MUNICIPIO
1091    MUNICIPIO
1092    MUNICIPIO
1093    MUNICIPIO
1094    MUNICIPIO
1095    MUNICIPIO
1096    MUNICIPIO
1097    MUNICIPIO
1098    MUNICIPIO
1099    MUNICIPIO
1100    MUNICIPIO
1101    MUNICIPIO
1102    MUNICIPIO
1229    MUNICIPIO
1230    MUNICIPIO
1231    MUNICIPIO
1232    MUNICIPIO
1233    MUNICIPIO
1234    MUNICIPIO
1235    MUNICIPIO
1236    MUNICIPIO
1237    MUNICIPIO
1238    MUNICIPIO
1239    MUNICIPIO
NAME: MUNICIPIO, DTYPE: OBJECT","57        1
58        1
59        1
60        1
61        1
62        1
63        1
101       2
102       2
103       2
104       2
105       2
106       2
107       2
108       2
109       2
191       5
192       5
193       5
1073      6
1074      6
1075      6
1076      6
1077      6
1078      6
1079      6
1080      6
1081      6
1082      6
1083      6
1084      6
1085      6
1086      6
1087      6
1088      6
1089      6
1090      6
1091      6
1092      6
1093      6
1094      6
1095      6
1096      6
1097      6
1098      6
1099      6
1100      6
1101      6
1102      6
1229    ESP
1230    ESP
1231    ESP
1232    ESP
1233    ESP
1234    ESP
1235    ESP
1236    ESP
1237    ESP
1238    ESP
1239    ESP
NAME: MUNICIPIO, DTYPE: OBJECT",2,1,Comisaría Primera,Null,"Tel. 519 0969 Ext. 1056
Cel. 318 796 5216
Correo electrónico:
comisariafamilia@jamundi.gov.co",L-V 8-5,Null,Null,Null,Directorio Comisarías Ley 2126
76,VALLE DEL CAUCA,"57      76520
58      76520
59      76520
60      76520
61      76520
62      76892
63      76892
101     76109
102     76111
103     76130
104     76130
105     76147
106     76147
107     76364
108     76364
109     76834
191     76113
192     76248
193     76895
1073    76020
1074    76036
1075    76041
1076    76054
1077    76100
1078    76122
1079    76126
1080    76233
1081    76243
1082    76246
1083    76250
1084    76275
1085    76306
1086    76318
1087    76377
1088    76400
1089    76403
1090    76497
1091    76563
1092    76606
1093    76616
1094    76622
1095    76670
1096    76736
1097    76823
1098    76828
1099    76845
1100    76863
1101    76869
1102    76890
1229    76001
1230    76001
1231    76001
1232    76001
1233    76001
1234    76001
1235    76001
1236    76001
1237    76001
1238    76001
1239    76001
NAME: MUNICIPIO, DTYPE: OBJECT","57                  PALMIRA
58                  PALMIRA
59                  PALMIRA
60                  PALMIRA
61                  PALMIRA
62                    YUMBO
63                    YUMBO
101            BUENAVENTURA
102     GUADALAJARA DE BUGA
103              CANDELARIA
104              CANDELARIA
105                 CARTAGO
106                 CARTAGO
107                 JAMUNDI
108                 JAMUNDI
109                   TULUA
191            BUGALAGRANDE
192              EL CERRITO
193                  ZARZAL
1073                 ALCALA
1074              ANDALUCIA
1075           ANSERMANUEVO
1076                ARGELIA
1077                BOLIVAR
1078             CAICEDONIA
1079       CALIMA EL DARIEN
1080                  DAGUA
1081              EL AGUILA
1082               EL CAIRO
1083               EL DOVIO
1084                FLORIDA
1085                GINEBRA
1086                GUACARI
1087              LA CUMBRE
1088               LA UNION
1089            LA VICTORIA
1090                 OBANDO
1091                PRADERA
1092               RESTREPO
1093                RIOFRIO
1094             ROLDANILLO
1095              SAN PEDRO
1096                SEVILLA
1097                   TORO
1098               TRUJILLO
1099                  ULLOA
1100              VERSALLES
1101                  VIJES
1102                 YOTOCO
1229       SANTIAGO DE CALI
1230       SANTIAGO DE CALI
1231       SANTIAGO DE CALI
1232       SANTIAGO DE CALI
1233       SANTIAGO DE CALI
1234       SANTIAGO DE CALI
1235       SANTIAGO DE CALI
1236       SANTIAGO DE CALI
1237       SANTIAGO DE CALI
1238       SANTIAGO DE CALI
1239       SANTIAGO DE CALI
NAME: MUNICIPIO, DTYPE: OBJECT","57      MUNICIPIO
58      MUNICIPIO
59      MUNICIPIO
60      MUNICIPIO
61      MUNICIPIO
62      MUNICIPIO
63      MUNICIPIO
101     MUNICIPIO
102     MUNICIPIO
103     MUNICIPIO
104     MUNICIPIO
105     MUNICIPIO
106     MUNICIPIO
107     MUNICIPIO
108     MUNICIPIO
109     MUNICIPIO
191     MUNICIPIO
192     MUNICIPIO
193     MUNICIPIO
1073    MUNICIPIO
1074    MUNICIPIO
1075    MUNICIPIO
1076    MUNICIPIO
1077    MUNICIPIO
1078    MUNICIPIO
1079    MUNICIPIO
1080    MUNICIPIO
1081    MUNICIPIO
1082    MUNICIPIO
1083    MUNICIPIO
1084    MUNICIPIO
1085    MUNICIPIO
1086    MUNICIPIO
1087    MUNICIPIO
1088    MUNICIPIO
1089    MUNICIPIO
1090    MUNICIPIO
1091    MUNICIPIO
1092    MUNICIPIO
1093    MUNICIPIO
1094    MUNICIPIO
1095    MUNICIPIO
1096    MUNICIPIO
1097    MUNICIPIO
1098    MUNICIPIO
1099    MUNICIPIO
1100    MUNICIPIO
1101    MUNICIPIO
1102    MUNICIPIO
1229    MUNICIPIO
1230    MUNICIPIO
1231    MUNICIPIO
1232    MUNICIPIO
1233    MUNICIPIO
1234    MUNICIPIO
1235    MUNICIPIO
1236    MUNICIPIO
1237    MUNICIPIO
1238    MUNICIPIO
1239    MUNICIPIO
NAME: MUNICIPIO, DTYPE: OBJECT","57        1
58        1
59        1
60        1
61        1
62        1
63        1
101       2
102       2
103       2
104       2
105       2
106       2
107       2
108       2
109       2
191       5
192       5
193       5
1073      6
1074      6
1075      6
1076      6
1077      6
1078      6
1079      6
1080      6
1081      6
1082      6
1083      6
1084      6
1085      6
1086      6
1087      6
1088      6
1089      6
1090      6
1091      6
1092      6
1093      6
1094      6
1095      6
1096      6
1097      6
1098      6
1099      6
1100      6
1101      6
1102      6
1229    ESP
1230    ESP
1231    ESP
1232    ESP
1233    ESP
1234    ESP
1235    ESP
1236    ESP
1237    ESP
1238    ESP
1239    ESP
NAME: MUNICIPIO, DTYPE: OBJECT",Null,Null,Comisaría Segunda,Null,"Tel. 519 0969 Ext. 1056
Cel. 321 503 9695
Correo electrónico:
Comisaria.segundajamundi@gmail.com",Null,Null,Null,Null,Directorio Comisarías Ley 2126
76,VALLE DEL CAUCA,"57      76520
58      76520
59      76520
60      76520
61      76520
62      76892
63      76892
101     76109
102     76111
103     76130
104     76130
105     76147
106     76147
107     76364
108     76364
109     76834
191     76113
192     76248
193     76895
1073    76020
1074    76036
1075    76041
1076    76054
1077    76100
1078    76122
1079    76126
1080    76233
1081    76243
1082    76246
1083    76250
1084    76275
1085    76306
1086    76318
1087    76377
1088    76400
1089    76403
1090    76497
1091    76563
1092    76606
1093    76616
1094    76622
1095    76670
1096    76736
1097    76823
1098    76828
1099    76845
1100    76863
1101    76869
1102    76890
1229    76001
1230    76001
1231    76001
1232    76001
1233    76001
1234    76001
1235    76001
1236    76001
1237    76001
1238    76001
1239    76001
NAME: MUNICIPIO, DTYPE: OBJECT","57                  PALMIRA
58                  PALMIRA
59                  PALMIRA
60                  PALMIRA
61                  PALMIRA
62                    YUMBO
63                    YUMBO
101            BUENAVENTURA
102     GUADALAJARA DE BUGA
103              CANDELARIA
104              CANDELARIA
105                 CARTAGO
106                 CARTAGO
107                 JAMUNDI
108                 JAMUNDI
109                   TULUA
191            BUGALAGRANDE
192              EL CERRITO
193                  ZARZAL
1073                 ALCALA
1074              ANDALUCIA
1075           ANSERMANUEVO
1076                ARGELIA
1077                BOLIVAR
1078             CAICEDONIA
1079       CALIMA EL DARIEN
1080                  DAGUA
1081              EL AGUILA
1082               EL CAIRO
1083               EL DOVIO
1084                FLORIDA
1085                GINEBRA
1086                GUACARI
1087              LA CUMBRE
1088               LA UNION
1089            LA VICTORIA
1090                 OBANDO
1091                PRADERA
1092               RESTREPO
1093                RIOFRIO
1094             ROLDANILLO
1095              SAN PEDRO
1096                SEVILLA
1097                   TORO
1098               TRUJILLO
1099                  ULLOA
1100              VERSALLES
1101                  VIJES
1102                 YOTOCO
1229       SANTIAGO DE CALI
1230       SANTIAGO DE CALI
1231       SANTIAGO DE CALI
1232       SANTIAGO DE CALI
1233       SANTIAGO DE CALI
1234       SANTIAGO DE CALI
1235       SANTIAGO DE CALI
1236       SANTIAGO DE CALI
1237       SANTIAGO DE CALI
1238       SANTIAGO DE CALI
1239       SANTIAGO DE CALI
NAME: MUNICIPIO, DTYPE: OBJECT","57      MUNICIPIO
58      MUNICIPIO
59      MUNICIPIO
60      MUNICIPIO
61      MUNICIPIO
62      MUNICIPIO
63      MUNICIPIO
101     MUNICIPIO
102     MUNICIPIO
103     MUNICIPIO
104     MUNICIPIO
105     MUNICIPIO
106     MUNICIPIO
107     MUNICIPIO
108     MUNICIPIO
109     MUNICIPIO
191     MUNICIPIO
192     MUNICIPIO
193     MUNICIPIO
1073    MUNICIPIO
1074    MUNICIPIO
1075    MUNICIPIO
1076    MUNICIPIO
1077    MUNICIPIO
1078    MUNICIPIO
1079    MUNICIPIO
1080    MUNICIPIO
1081    MUNICIPIO
1082    MUNICIPIO
1083    MUNICIPIO
1084    MUNICIPIO
1085    MUNICIPIO
1086    MUNICIPIO
1087    MUNICIPIO
1088    MUNICIPIO
1089    MUNICIPIO
1090    MUNICIPIO
1091    MUNICIPIO
1092    MUNICIPIO
1093    MUNICIPIO
1094    MUNICIPIO
1095    MUNICIPIO
1096    MUNICIPIO
1097    MUNICIPIO
1098    MUNICIPIO
1099    MUNICIPIO
1100    MUNICIPIO
1101    MUNICIPIO
1102    MUNICIPIO
1229    MUNICIPIO
1230    MUNICIPIO
1231    MUNICIPIO
1232    MUNICIPIO
1233    MUNICIPIO
1234    MUNICIPIO
1235    MUNICIPIO
1236    MUNICIPIO
1237    MUNICIPIO
1238    MUNICIPIO
1239    MUNICIPIO
NAME: MUNICIPIO, DTYPE: OBJECT","57        1
58        1
59        1
60        1
61        1
62        1
63        1
101       2
102       2
103       2
104       2
105       2
106       2
107       2
108       2
109       2
191       5
192       5
193       5
1073      6
1074      6
1075      6
1076      6
1077      6
1078      6
1079      6
1080      6
1081      6
1082      6
1083      6
1084      6
1085      6
1086      6
1087      6
1088      6
1089      6
1090      6
1091      6
1092      6
1093      6
1094      6
1095      6
1096      6
1097      6
1098      6
1099      6
1100      6
1101      6
1102      6
1229    ESP
1230    ESP
1231    ESP
1232    ESP
1233    ESP
1234    ESP
1235    ESP
1236    ESP
1237    ESP
1238    ESP
1239    ESP
NAME: MUNICIPIO, DTYPE: OBJECT",3,1,Comisaría de Familia - Casa de Justicia,Carrera 10 # 25-50 Barrio Marandua,"Tel. 233 9300 – 233 9333 Ext. 5037
Correo electrónico:
salud@tulua.gov.co",L-V 8-5,3271999,"-76,535,293","3°16'19.2""N 76°32'07.1""W",Directorio Comisarías Ley 2126
76,VALLE DEL CAUCA,"57      76520
58      76520
59      76520
60      76520
61      76520
62      76892
63      76892
101     76109
102     76111
103     76130
104     76130
105     76147
106     76147
107     76364
108     76364
109     76834
191     76113
192     76248
193     76895
1073    76020
1074    76036
1075    76041
1076    76054
1077    76100
1078    76122
1079    76126
1080    76233
1081    76243
1082    76246
1083    76250
1084    76275
1085    76306
1086    76318
1087    76377
1088    76400
1089    76403
1090    76497
1091    76563
1092    76606
1093    76616
1094    76622
1095    76670
1096    76736
1097    76823
1098    76828
1099    76845
1100    76863
1101    76869
1102    76890
1229    76001
1230    76001
1231    76001
1232    76001
1233    76001
1234    76001
1235    76001
1236    76001
1237    76001
1238    76001
1239    76001
NAME: MUNICIPIO, DTYPE: OBJECT","57                  PALMIRA
58                  PALMIRA
59                  PALMIRA
60                  PALMIRA
61                  PALMIRA
62                    YUMBO
63                    YUMBO
101            BUENAVENTURA
102     GUADALAJARA DE BUGA
103              CANDELARIA
104              CANDELARIA
105                 CARTAGO
106                 CARTAGO
107                 JAMUNDI
108                 JAMUNDI
109                   TULUA
191            BUGALAGRANDE
192              EL CERRITO
193                  ZARZAL
1073                 ALCALA
1074              ANDALUCIA
1075           ANSERMANUEVO
1076                ARGELIA
1077                BOLIVAR
1078             CAICEDONIA
1079       CALIMA EL DARIEN
1080                  DAGUA
1081              EL AGUILA
1082               EL CAIRO
1083               EL DOVIO
1084                FLORIDA
1085                GINEBRA
1086                GUACARI
1087              LA CUMBRE
1088               LA UNION
1089            LA VICTORIA
1090                 OBANDO
1091                PRADERA
1092               RESTREPO
1093                RIOFRIO
1094             ROLDANILLO
1095              SAN PEDRO
1096                SEVILLA
1097                   TORO
1098               TRUJILLO
1099                  ULLOA
1100              VERSALLES
1101                  VIJES
1102                 YOTOCO
1229       SANTIAGO DE CALI
1230       SANTIAGO DE CALI
1231       SANTIAGO DE CALI
1232       SANTIAGO DE CALI
1233       SANTIAGO DE CALI
1234       SANTIAGO DE CALI
1235       SANTIAGO DE CALI
1236       SANTIAGO DE CALI
1237       SANTIAGO DE CALI
1238       SANTIAGO DE CALI
1239       SANTIAGO DE CALI
NAME: MUNICIPIO, DTYPE: OBJECT","57      MUNICIPIO
58      MUNICIPIO
59      MUNICIPIO
60      MUNICIPIO
61      MUNICIPIO
62      MUNICIPIO
63      MUNICIPIO
101     MUNICIPIO
102     MUNICIPIO
103     MUNICIPIO
104     MUNICIPIO
105     MUNICIPIO
106     MUNICIPIO
107     MUNICIPIO
108     MUNICIPIO
109     MUNICIPIO
191     MUNICIPIO
192     MUNICIPIO
193     MUNICIPIO
1073    MUNICIPIO
1074    MUNICIPIO
1075    MUNICIPIO
1076    MUNICIPIO
1077    MUNICIPIO
1078    MUNICIPIO
1079    MUNICIPIO
1080    MUNICIPIO
1081    MUNICIPIO
1082    MUNICIPIO
1083    MUNICIPIO
1084    MUNICIPIO
1085    MUNICIPIO
1086    MUNICIPIO
1087    MUNICIPIO
1088    MUNICIPIO
1089    MUNICIPIO
1090    MUNICIPIO
1091    MUNICIPIO
1092    MUNICIPIO
1093    MUNICIPIO
1094    MUNICIPIO
1095    MUNICIPIO
1096    MUNICIPIO
1097    MUNICIPIO
1098    MUNICIPIO
1099    MUNICIPIO
1100    MUNICIPIO
1101    MUNICIPIO
1102    MUNICIPIO
1229    MUNICIPIO
1230    MUNICIPIO
1231    MUNICIPIO
1232    MUNICIPIO
1233    MUNICIPIO
1234    MUNICIPIO
1235    MUNICIPIO
1236    MUNICIPIO
1237    MUNICIPIO
1238    MUNICIPIO
1239    MUNICIPIO
NAME: MUNICIPIO, DTYPE: OBJECT","57        1
58        1
59        1
60        1
61        1
62        1
63        1
101       2
102       2
103       2
104       2
105       2
106       2
107       2
108       2
109       2
191       5
192       5
193       5
1073      6
1074      6
1075      6
1076      6
1077      6
1078      6
1079      6
1080      6
1081      6
1082      6
1083      6
1084      6
1085      6
1086      6
1087      6
1088      6
1089      6
1090      6
1091      6
1092      6
1093      6
1094      6
1095      6
1096      6
1097      6
1098      6
1099      6
1100      6
1101      6
1102      6
1229    ESP
1230    ESP
1231    ESP
1232    ESP
1233    ESP
1234    ESP
1235    ESP
1236    ESP
1237    ESP
1238    ESP
1239    ESP
NAME: MUNICIPIO, DTYPE: OBJECT",1,1,Comisaria de Familia,Carrera 6 No 5-65 - Barrio El Centro - Parque Principal,3184346466,lunes a jueves de 7:30 a.m. a 12:00 m. y de 1:30 p.m. a 6:00 p.m. Viernes de 7:30 a.m. a 12:00 m. y de 1:30 p.m. a 5:00 p.m.,-76157111,4212227,"4°12'44.0""N 76°09'25.6""W",Directorio Comisarías Ley 2126
76,VALLE DEL CAUCA,"57      76520
58      76520
59      76520
60      76520
61      76520
62      76892
63      76892
101     76109
102     76111
103     76130
104     76130
105     76147
106     76147
107     76364
108     76364
109     76834
191     76113
192     76248
193     76895
1073    76020
1074    76036
1075    76041
1076    76054
1077    76100
1078    76122
1079    76126
1080    76233
1081    76243
1082    76246
1083    76250
1084    76275
1085    76306
1086    76318
1087    76377
1088    76400
1089    76403
1090    76497
1091    76563
1092    76606
1093    76616
1094    76622
1095    76670
1096    76736
1097    76823
1098    76828
1099    76845
1100    76863
1101    76869
1102    76890
1229    76001
1230    76001
1231    76001
1232    76001
1233    76001
1234    76001
1235    76001
1236    76001
1237    76001
1238    76001
1239    76001
NAME: MUNICIPIO, DTYPE: OBJECT","57                  PALMIRA
58                  PALMIRA
59                  PALMIRA
60                  PALMIRA
61                  PALMIRA
62                    YUMBO
63                    YUMBO
101            BUENAVENTURA
102     GUADALAJARA DE BUGA
103              CANDELARIA
104              CANDELARIA
105                 CARTAGO
106                 CARTAGO
107                 JAMUNDI
108                 JAMUNDI
109                   TULUA
191            BUGALAGRANDE
192              EL CERRITO
193                  ZARZAL
1073                 ALCALA
1074              ANDALUCIA
1075           ANSERMANUEVO
1076                ARGELIA
1077                BOLIVAR
1078             CAICEDONIA
1079       CALIMA EL DARIEN
1080                  DAGUA
1081              EL AGUILA
1082               EL CAIRO
1083               EL DOVIO
1084                FLORIDA
1085                GINEBRA
1086                GUACARI
1087              LA CUMBRE
1088               LA UNION
1089            LA VICTORIA
1090                 OBANDO
1091                PRADERA
1092               RESTREPO
1093                RIOFRIO
1094             ROLDANILLO
1095              SAN PEDRO
1096                SEVILLA
1097                   TORO
1098               TRUJILLO
1099                  ULLOA
1100              VERSALLES
1101                  VIJES
1102                 YOTOCO
1229       SANTIAGO DE CALI
1230       SANTIAGO DE CALI
1231       SANTIAGO DE CALI
1232       SANTIAGO DE CALI
1233       SANTIAGO DE CALI
1234       SANTIAGO DE CALI
1235       SANTIAGO DE CALI
1236       SANTIAGO DE CALI
1237       SANTIAGO DE CALI
1238       SANTIAGO DE CALI
1239       SANTIAGO DE CALI
NAME: MUNICIPIO, DTYPE: OBJECT","57      MUNICIPIO
58      MUNICIPIO
59      MUNICIPIO
60      MUNICIPIO
61      MUNICIPIO
62      MUNICIPIO
63      MUNICIPIO
101     MUNICIPIO
102     MUNICIPIO
103     MUNICIPIO
104     MUNICIPIO
105     MUNICIPIO
106     MUNICIPIO
107     MUNICIPIO
108     MUNICIPIO
109     MUNICIPIO
191     MUNICIPIO
192     MUNICIPIO
193     MUNICIPIO
1073    MUNICIPIO
1074    MUNICIPIO
1075    MUNICIPIO
1076    MUNICIPIO
1077    MUNICIPIO
1078    MUNICIPIO
1079    MUNICIPIO
1080    MUNICIPIO
1081    MUNICIPIO
1082    MUNICIPIO
1083    MUNICIPIO
1084    MUNICIPIO
1085    MUNICIPIO
1086    MUNICIPIO
1087    MUNICIPIO
1088    MUNICIPIO
1089    MUNICIPIO
1090    MUNICIPIO
1091    MUNICIPIO
1092    MUNICIPIO
1093    MUNICIPIO
1094    MUNICIPIO
1095    MUNICIPIO
1096    MUNICIPIO
1097    MUNICIPIO
1098    MUNICIPIO
1099    MUNICIPIO
1100    MUNICIPIO
1101    MUNICIPIO
1102    MUNICIPIO
1229    MUNICIPIO
1230    MUNICIPIO
1231    MUNICIPIO
1232    MUNICIPIO
1233    MUNICIPIO
1234    MUNICIPIO
1235    MUNICIPIO
1236    MUNICIPIO
1237    MUNICIPIO
1238    MUNICIPIO
1239    MUNICIPIO
NAME: MUNICIPIO, DTYPE: OBJECT","57        1
58        1
59        1
60        1
61        1
62        1
63        1
101       2
102       2
103       2
104       2
105       2
106       2
107       2
108       2
109       2
191       5
192       5
193       5
1073      6
1074      6
1075      6
1076      6
1077      6
1078      6
1079      6
1080      6
1081      6
1082      6
1083      6
1084      6
1085      6
1086      6
1087      6
1088      6
1089      6
1090      6
1091      6
1092      6
1093      6
1094      6
1095      6
1096      6
1097      6
1098      6
1099      6
1100      6
1101      6
1102      6
1229    ESP
1230    ESP
1231    ESP
1232    ESP
1233    ESP
1234    ESP
1235    ESP
1236    ESP
1237    ESP
1238    ESP
1239    ESP
NAME: MUNICIPIO, DTYPE: OBJECT",1,1,Comisaria de Familia,"Calle 6 con Carrera 11 esquina - Hotel Club El Paraíso, segundo piso",(+57)3175160790,LUNES A JUEVES: de 7:00 am a 12:00 pm; de 1:30 pm a 5:30 pm                          VIERNES: de 7:00 am a 12:00 pm; de 1:30 pm a 4:30 pm,-76312012,3683380,"3°41'00.2""N 76°18'43.2""W",Directorio Comisarías Ley 2126
76,VALLE DEL CAUCA,"57      76520
58      76520
59      76520
60      76520
61      76520
62      76892
63      76892
101     76109
102     76111
103     76130
104     76130
105     76147
106     76147
107     76364
108     76364
109     76834
191     76113
192     76248
193     76895
1073    76020
1074    76036
1075    76041
1076    76054
1077    76100
1078    76122
1079    76126
1080    76233
1081    76243
1082    76246
1083    76250
1084    76275
1085    76306
1086    76318
1087    76377
1088    76400
1089    76403
1090    76497
1091    76563
1092    76606
1093    76616
1094    76622
1095    76670
1096    76736
1097    76823
1098    76828
1099    76845
1100    76863
1101    76869
1102    76890
1229    76001
1230    76001
1231    76001
1232    76001
1233    76001
1234    76001
1235    76001
1236    76001
1237    76001
1238    76001
1239    76001
NAME: MUNICIPIO, DTYPE: OBJECT","57                  PALMIRA
58                  PALMIRA
59                  PALMIRA
60                  PALMIRA
61                  PALMIRA
62                    YUMBO
63                    YUMBO
101            BUENAVENTURA
102     GUADALAJARA DE BUGA
103              CANDELARIA
104              CANDELARIA
105                 CARTAGO
106                 CARTAGO
107                 JAMUNDI
108                 JAMUNDI
109                   TULUA
191            BUGALAGRANDE
192              EL CERRITO
193                  ZARZAL
1073                 ALCALA
1074              ANDALUCIA
1075           ANSERMANUEVO
1076                ARGELIA
1077                BOLIVAR
1078             CAICEDONIA
1079       CALIMA EL DARIEN
1080                  DAGUA
1081              EL AGUILA
1082               EL CAIRO
1083               EL DOVIO
1084                FLORIDA
1085                GINEBRA
1086                GUACARI
1087              LA CUMBRE
1088               LA UNION
1089            LA VICTORIA
1090                 OBANDO
1091                PRADERA
1092               RESTREPO
1093                RIOFRIO
1094             ROLDANILLO
1095              SAN PEDRO
1096                SEVILLA
1097                   TORO
1098               TRUJILLO
1099                  ULLOA
1100              VERSALLES
1101                  VIJES
1102                 YOTOCO
1229       SANTIAGO DE CALI
1230       SANTIAGO DE CALI
1231       SANTIAGO DE CALI
1232       SANTIAGO DE CALI
1233       SANTIAGO DE CALI
1234       SANTIAGO DE CALI
1235       SANTIAGO DE CALI
1236       SANTIAGO DE CALI
1237       SANTIAGO DE CALI
1238       SANTIAGO DE CALI
1239       SANTIAGO DE CALI
NAME: MUNICIPIO, DTYPE: OBJECT","57      MUNICIPIO
58      MUNICIPIO
59      MUNICIPIO
60      MUNICIPIO
61      MUNICIPIO
62      MUNICIPIO
63      MUNICIPIO
101     MUNICIPIO
102     MUNICIPIO
103     MUNICIPIO
104     MUNICIPIO
105     MUNICIPIO
106     MUNICIPIO
107     MUNICIPIO
108     MUNICIPIO
109     MUNICIPIO
191     MUNICIPIO
192     MUNICIPIO
193     MUNICIPIO
1073    MUNICIPIO
1074    MUNICIPIO
1075    MUNICIPIO
1076    MUNICIPIO
1077    MUNICIPIO
1078    MUNICIPIO
1079    MUNICIPIO
1080    MUNICIPIO
1081    MUNICIPIO
1082    MUNICIPIO
1083    MUNICIPIO
1084    MUNICIPIO
1085    MUNICIPIO
1086    MUNICIPIO
1087    MUNICIPIO
1088    MUNICIPIO
1089    MUNICIPIO
1090    MUNICIPIO
1091    MUNICIPIO
1092    MUNICIPIO
1093    MUNICIPIO
1094    MUNICIPIO
1095    MUNICIPIO
1096    MUNICIPIO
1097    MUNICIPIO
1098    MUNICIPIO
1099    MUNICIPIO
1100    MUNICIPIO
1101    MUNICIPIO
1102    MUNICIPIO
1229    MUNICIPIO
1230    MUNICIPIO
1231    MUNICIPIO
1232    MUNICIPIO
1233    MUNICIPIO
1234    MUNICIPIO
1235    MUNICIPIO
1236    MUNICIPIO
1237    MUNICIPIO
1238    MUNICIPIO
1239    MUNICIPIO
NAME: MUNICIPIO, DTYPE: OBJECT","57        1
58        1
59        1
60        1
61        1
62        1
63        1
101       2
102       2
103       2
104       2
105       2
106       2
107       2
108       2
109       2
191       5
192       5
193       5
1073      6
1074      6
1075      6
1076      6
1077      6
1078      6
1079      6
1080      6
1081      6
1082      6
1083      6
1084      6
1085      6
1086      6
1087      6
1088      6
1089      6
1090      6
1091      6
1092      6
1093      6
1094      6
1095      6
1096      6
1097      6
1098      6
1099      6
1100      6
1101      6
1102      6
1229    ESP
1230    ESP
1231    ESP
1232    ESP
1233    ESP
1234    ESP
1235    ESP
1236    ESP
1237    ESP
1238    ESP
1239    ESP
NAME: MUNICIPIO, DTYPE: OBJECT",1,1,Comisaria de Familia,Carrera 9 No. 10 - 36,572219000,Lunes a viernes - 07:30 - 12:00 y 14:00 - 18:00,-76070822,4394859,"4°23'41.5""N 76°04'15.0""W",Directorio Comisarías Ley 2126
76,VALLE DEL CAUCA,"57      76520
58      76520
59      76520
60      76520
61      76520
62      76892
63      76892
101     76109
102     76111
103     76130
104     76130
105     76147
106     76147
107     76364
108     76364
109     76834
191     76113
192     76248
193     76895
1073    76020
1074    76036
1075    76041
1076    76054
1077    76100
1078    76122
1079    76126
1080    76233
1081    76243
1082    76246
1083    76250
1084    76275
1085    76306
1086    76318
1087    76377
1088    76400
1089    76403
1090    76497
1091    76563
1092    76606
1093    76616
1094    76622
1095    76670
1096    76736
1097    76823
1098    76828
1099    76845
1100    76863
1101    76869
1102    76890
1229    76001
1230    76001
1231    76001
1232    76001
1233    76001
1234    76001
1235    76001
1236    76001
1237    76001
1238    76001
1239    76001
NAME: MUNICIPIO, DTYPE: OBJECT","57                  PALMIRA
58                  PALMIRA
59                  PALMIRA
60                  PALMIRA
61                  PALMIRA
62                    YUMBO
63                    YUMBO
101            BUENAVENTURA
102     GUADALAJARA DE BUGA
103              CANDELARIA
104              CANDELARIA
105                 CARTAGO
106                 CARTAGO
107                 JAMUNDI
108                 JAMUNDI
109                   TULUA
191            BUGALAGRANDE
192              EL CERRITO
193                  ZARZAL
1073                 ALCALA
1074              ANDALUCIA
1075           ANSERMANUEVO
1076                ARGELIA
1077                BOLIVAR
1078             CAICEDONIA
1079       CALIMA EL DARIEN
1080                  DAGUA
1081              EL AGUILA
1082               EL CAIRO
1083               EL DOVIO
1084                FLORIDA
1085                GINEBRA
1086                GUACARI
1087              LA CUMBRE
1088               LA UNION
1089            LA VICTORIA
1090                 OBANDO
1091                PRADERA
1092               RESTREPO
1093                RIOFRIO
1094             ROLDANILLO
1095              SAN PEDRO
1096                SEVILLA
1097                   TORO
1098               TRUJILLO
1099                  ULLOA
1100              VERSALLES
1101                  VIJES
1102                 YOTOCO
1229       SANTIAGO DE CALI
1230       SANTIAGO DE CALI
1231       SANTIAGO DE CALI
1232       SANTIAGO DE CALI
1233       SANTIAGO DE CALI
1234       SANTIAGO DE CALI
1235       SANTIAGO DE CALI
1236       SANTIAGO DE CALI
1237       SANTIAGO DE CALI
1238       SANTIAGO DE CALI
1239       SANTIAGO DE CALI
NAME: MUNICIPIO, DTYPE: OBJECT","57      MUNICIPIO
58      MUNICIPIO
59      MUNICIPIO
60      MUNICIPIO
61      MUNICIPIO
62      MUNICIPIO
63      MUNICIPIO
101     MUNICIPIO
102     MUNICIPIO
103     MUNICIPIO
104     MUNICIPIO
105     MUNICIPIO
106     MUNICIPIO
107     MUNICIPIO
108     MUNICIPIO
109     MUNICIPIO
191     MUNICIPIO
192     MUNICIPIO
193     MUNICIPIO
1073    MUNICIPIO
1074    MUNICIPIO
1075    MUNICIPIO
1076    MUNICIPIO
1077    MUNICIPIO
1078    MUNICIPIO
1079    MUNICIPIO
1080    MUNICIPIO
1081    MUNICIPIO
1082    MUNICIPIO
1083    MUNICIPIO
1084    MUNICIPIO
1085    MUNICIPIO
1086    MUNICIPIO
1087    MUNICIPIO
1088    MUNICIPIO
1089    MUNICIPIO
1090    MUNICIPIO
1091    MUNICIPIO
1092    MUNICIPIO
1093    MUNICIPIO
1094    MUNICIPIO
1095    MUNICIPIO
1096    MUNICIPIO
1097    MUNICIPIO
1098    MUNICIPIO
1099    MUNICIPIO
1100    MUNICIPIO
1101    MUNICIPIO
1102    MUNICIPIO
1229    MUNICIPIO
1230    MUNICIPIO
1231    MUNICIPIO
1232    MUNICIPIO
1233    MUNICIPIO
1234    MUNICIPIO
1235    MUNICIPIO
1236    MUNICIPIO
1237    MUNICIPIO
1238    MUNICIPIO
1239    MUNICIPIO
NAME: MUNICIPIO, DTYPE: OBJECT","57        1
58        1
59        1
60        1
61        1
62        1
63        1
101       2
102       2
103       2
104       2
105       2
106       2
107       2
108       2
109       2
191       5
192       5
193       5
1073      6
1074      6
1075      6
1076      6
1077      6
1078      6
1079      6
1080      6
1081      6
1082      6
1083      6
1084      6
1085      6
1086      6
1087      6
1088      6
1089      6
1090      6
1091      6
1092      6
1093      6
1094      6
1095      6
1096      6
1097      6
1098      6
1099      6
1100      6
1101      6
1102      6
1229    ESP
1230    ESP
1231    ESP
1232    ESP
1233    ESP
1234    ESP
1235    ESP
1236    ESP
1237    ESP
1238    ESP
1239    ESP
NAME: MUNICIPIO, DTYPE: OBJECT",1,1,Comisaría de Familia Alcalá,Carrera 8 # 5-35,3112757103,8:00 a 12:00 - 14:00 a 18:00,"4.674880,",-75.781872,"4°40'29.6""N 75°46'54.7""W",Directorio Comisarías Ley 2126
76,VALLE DEL CAUCA,"57      76520
58      76520
59      76520
60      76520
61      76520
62      76892
63      76892
101     76109
102     76111
103     76130
104     76130
105     76147
106     76147
107     76364
108     76364
109     76834
191     76113
192     76248
193     76895
1073    76020
1074    76036
1075    76041
1076    76054
1077    76100
1078    76122
1079    76126
1080    76233
1081    76243
1082    76246
1083    76250
1084    76275
1085    76306
1086    76318
1087    76377
1088    76400
1089    76403
1090    76497
1091    76563
1092    76606
1093    76616
1094    76622
1095    76670
1096    76736
1097    76823
1098    76828
1099    76845
1100    76863
1101    76869
1102    76890
1229    76001
1230    76001
1231    76001
1232    76001
1233    76001
1234    76001
1235    76001
1236    76001
1237    76001
1238    76001
1239    76001
NAME: MUNICIPIO, DTYPE: OBJECT","57                  PALMIRA
58                  PALMIRA
59                  PALMIRA
60                  PALMIRA
61                  PALMIRA
62                    YUMBO
63                    YUMBO
101            BUENAVENTURA
102     GUADALAJARA DE BUGA
103              CANDELARIA
104              CANDELARIA
105                 CARTAGO
106                 CARTAGO
107                 JAMUNDI
108                 JAMUNDI
109                   TULUA
191            BUGALAGRANDE
192              EL CERRITO
193                  ZARZAL
1073                 ALCALA
1074              ANDALUCIA
1075           ANSERMANUEVO
1076                ARGELIA
1077                BOLIVAR
1078             CAICEDONIA
1079       CALIMA EL DARIEN
1080                  DAGUA
1081              EL AGUILA
1082               EL CAIRO
1083               EL DOVIO
1084                FLORIDA
1085                GINEBRA
1086                GUACARI
1087              LA CUMBRE
1088               LA UNION
1089            LA VICTORIA
1090                 OBANDO
1091                PRADERA
1092               RESTREPO
1093                RIOFRIO
1094             ROLDANILLO
1095              SAN PEDRO
1096                SEVILLA
1097                   TORO
1098               TRUJILLO
1099                  ULLOA
1100              VERSALLES
1101                  VIJES
1102                 YOTOCO
1229       SANTIAGO DE CALI
1230       SANTIAGO DE CALI
1231       SANTIAGO DE CALI
1232       SANTIAGO DE CALI
1233       SANTIAGO DE CALI
1234       SANTIAGO DE CALI
1235       SANTIAGO DE CALI
1236       SANTIAGO DE CALI
1237       SANTIAGO DE CALI
1238       SANTIAGO DE CALI
1239       SANTIAGO DE CALI
NAME: MUNICIPIO, DTYPE: OBJECT","57      MUNICIPIO
58      MUNICIPIO
59      MUNICIPIO
60      MUNICIPIO
61      MUNICIPIO
62      MUNICIPIO
63      MUNICIPIO
101     MUNICIPIO
102     MUNICIPIO
103     MUNICIPIO
104     MUNICIPIO
105     MUNICIPIO
106     MUNICIPIO
107     MUNICIPIO
108     MUNICIPIO
109     MUNICIPIO
191     MUNICIPIO
192     MUNICIPIO
193     MUNICIPIO
1073    MUNICIPIO
1074    MUNICIPIO
1075    MUNICIPIO
1076    MUNICIPIO
1077    MUNICIPIO
1078    MUNICIPIO
1079    MUNICIPIO
1080    MUNICIPIO
1081    MUNICIPIO
1082    MUNICIPIO
1083    MUNICIPIO
1084    MUNICIPIO
1085    MUNICIPIO
1086    MUNICIPIO
1087    MUNICIPIO
1088    MUNICIPIO
1089    MUNICIPIO
1090    MUNICIPIO
1091    MUNICIPIO
1092    MUNICIPIO
1093    MUNICIPIO
1094    MUNICIPIO
1095    MUNICIPIO
1096    MUNICIPIO
1097    MUNICIPIO
1098    MUNICIPIO
1099    MUNICIPIO
1100    MUNICIPIO
1101    MUNICIPIO
1102    MUNICIPIO
1229    MUNICIPIO
1230    MUNICIPIO
1231    MUNICIPIO
1232    MUNICIPIO
1233    MUNICIPIO
1234    MUNICIPIO
1235    MUNICIPIO
1236    MUNICIPIO
1237    MUNICIPIO
1238    MUNICIPIO
1239    MUNICIPIO
NAME: MUNICIPIO, DTYPE: OBJECT","57        1
58        1
59        1
60        1
61        1
62        1
63        1
101       2
102       2
103       2
104       2
105       2
106       2
107       2
108       2
109       2
191       5
192       5
193       5
1073      6
1074      6
1075      6
1076      6
1077      6
1078      6
1079      6
1080      6
1081      6
1082      6
1083      6
1084      6
1085      6
1086      6
1087      6
1088      6
1089      6
1090      6
1091      6
1092      6
1093      6
1094      6
1095      6
1096      6
1097      6
1098      6
1099      6
1100      6
1101      6
1102      6
1229    ESP
1230    ESP
1231    ESP
1232    ESP
1233    ESP
1234    ESP
1235    ESP
1236    ESP
1237    ESP
1238    ESP
1239    ESP
NAME: MUNICIPIO, DTYPE: OBJECT",1,1,Comisaría de Familia Andalucía,Calle 13 # 7-06,NO TIENE,8:00 a 12:00 - 14:00 a 18:00,"4.168814,",-76.166897,"4°10'07.7""N 76°10'00.8""W",Directorio Comisarías Ley 2126
76,VALLE DEL CAUCA,"57      76520
58      76520
59      76520
60      76520
61      76520
62      76892
63      76892
101     76109
102     76111
103     76130
104     76130
105     76147
106     76147
107     76364
108     76364
109     76834
191     76113
192     76248
193     76895
1073    76020
1074    76036
1075    76041
1076    76054
1077    76100
1078    76122
1079    76126
1080    76233
1081    76243
1082    76246
1083    76250
1084    76275
1085    76306
1086    76318
1087    76377
1088    76400
1089    76403
1090    76497
1091    76563
1092    76606
1093    76616
1094    76622
1095    76670
1096    76736
1097    76823
1098    76828
1099    76845
1100    76863
1101    76869
1102    76890
1229    76001
1230    76001
1231    76001
1232    76001
1233    76001
1234    76001
1235    76001
1236    76001
1237    76001
1238    76001
1239    76001
NAME: MUNICIPIO, DTYPE: OBJECT","57                  PALMIRA
58                  PALMIRA
59                  PALMIRA
60                  PALMIRA
61                  PALMIRA
62                    YUMBO
63                    YUMBO
101            BUENAVENTURA
102     GUADALAJARA DE BUGA
103              CANDELARIA
104              CANDELARIA
105                 CARTAGO
106                 CARTAGO
107                 JAMUNDI
108                 JAMUNDI
109                   TULUA
191            BUGALAGRANDE
192              EL CERRITO
193                  ZARZAL
1073                 ALCALA
1074              ANDALUCIA
1075           ANSERMANUEVO
1076                ARGELIA
1077                BOLIVAR
1078             CAICEDONIA
1079       CALIMA EL DARIEN
1080                  DAGUA
1081              EL AGUILA
1082               EL CAIRO
1083               EL DOVIO
1084                FLORIDA
1085                GINEBRA
1086                GUACARI
1087              LA CUMBRE
1088               LA UNION
1089            LA VICTORIA
1090                 OBANDO
1091                PRADERA
1092               RESTREPO
1093                RIOFRIO
1094             ROLDANILLO
1095              SAN PEDRO
1096                SEVILLA
1097                   TORO
1098               TRUJILLO
1099                  ULLOA
1100              VERSALLES
1101                  VIJES
1102                 YOTOCO
1229       SANTIAGO DE CALI
1230       SANTIAGO DE CALI
1231       SANTIAGO DE CALI
1232       SANTIAGO DE CALI
1233       SANTIAGO DE CALI
1234       SANTIAGO DE CALI
1235       SANTIAGO DE CALI
1236       SANTIAGO DE CALI
1237       SANTIAGO DE CALI
1238       SANTIAGO DE CALI
1239       SANTIAGO DE CALI
NAME: MUNICIPIO, DTYPE: OBJECT","57      MUNICIPIO
58      MUNICIPIO
59      MUNICIPIO
60      MUNICIPIO
61      MUNICIPIO
62      MUNICIPIO
63      MUNICIPIO
101     MUNICIPIO
102     MUNICIPIO
103     MUNICIPIO
104     MUNICIPIO
105     MUNICIPIO
106     MUNICIPIO
107     MUNICIPIO
108     MUNICIPIO
109     MUNICIPIO
191     MUNICIPIO
192     MUNICIPIO
193     MUNICIPIO
1073    MUNICIPIO
1074    MUNICIPIO
1075    MUNICIPIO
1076    MUNICIPIO
1077    MUNICIPIO
1078    MUNICIPIO
1079    MUNICIPIO
1080    MUNICIPIO
1081    MUNICIPIO
1082    MUNICIPIO
1083    MUNICIPIO
1084    MUNICIPIO
1085    MUNICIPIO
1086    MUNICIPIO
1087    MUNICIPIO
1088    MUNICIPIO
1089    MUNICIPIO
1090    MUNICIPIO
1091    MUNICIPIO
1092    MUNICIPIO
1093    MUNICIPIO
1094    MUNICIPIO
1095    MUNICIPIO
1096    MUNICIPIO
1097    MUNICIPIO
1098    MUNICIPIO
1099    MUNICIPIO
1100    MUNICIPIO
1101    MUNICIPIO
1102    MUNICIPIO
1229    MUNICIPIO
1230    MUNICIPIO
1231    MUNICIPIO
1232    MUNICIPIO
1233    MUNICIPIO
1234    MUNICIPIO
1235    MUNICIPIO
1236    MUNICIPIO
1237    MUNICIPIO
1238    MUNICIPIO
1239    MUNICIPIO
NAME: MUNICIPIO, DTYPE: OBJECT","57        1
58        1
59        1
60        1
61        1
62        1
63        1
101       2
102       2
103       2
104       2
105       2
106       2
107       2
108       2
109       2
191       5
192       5
193       5
1073      6
1074      6
1075      6
1076      6
1077      6
1078      6
1079      6
1080      6
1081      6
1082      6
1083      6
1084      6
1085      6
1086      6
1087      6
1088      6
1089      6
1090      6
1091      6
1092      6
1093      6
1094      6
1095      6
1096      6
1097      6
1098      6
1099      6
1100      6
1101      6
1102      6
1229    ESP
1230    ESP
1231    ESP
1232    ESP
1233    ESP
1234    ESP
1235    ESP
1236    ESP
1237    ESP
1238    ESP
1239    ESP
NAME: MUNICIPIO, DTYPE: OBJECT",1,1,Comisaría de Familia Ansermanuevo,Carrera 4 # 7-09,NO TIENE,8:00 a 12:00 - 14:00 a 18:00,"4.796224,",-75.994012,"4°47'46.4""N 75°59'38.4""W",Directorio Comisarías Ley 2126
76,VALLE DEL CAUCA,"57      76520
58      76520
59      76520
60      76520
61      76520
62      76892
63      76892
101     76109
102     76111
103     76130
104     76130
105     76147
106     76147
107     76364
108     76364
109     76834
191     76113
192     76248
193     76895
1073    76020
1074    76036
1075    76041
1076    76054
1077    76100
1078    76122
1079    76126
1080    76233
1081    76243
1082    76246
1083    76250
1084    76275
1085    76306
1086    76318
1087    76377
1088    76400
1089    76403
1090    76497
1091    76563
1092    76606
1093    76616
1094    76622
1095    76670
1096    76736
1097    76823
1098    76828
1099    76845
1100    76863
1101    76869
1102    76890
1229    76001
1230    76001
1231    76001
1232    76001
1233    76001
1234    76001
1235    76001
1236    76001
1237    76001
1238    76001
1239    76001
NAME: MUNICIPIO, DTYPE: OBJECT","57                  PALMIRA
58                  PALMIRA
59                  PALMIRA
60                  PALMIRA
61                  PALMIRA
62                    YUMBO
63                    YUMBO
101            BUENAVENTURA
102     GUADALAJARA DE BUGA
103              CANDELARIA
104              CANDELARIA
105                 CARTAGO
106                 CARTAGO
107                 JAMUNDI
108                 JAMUNDI
109                   TULUA
191            BUGALAGRANDE
192              EL CERRITO
193                  ZARZAL
1073                 ALCALA
1074              ANDALUCIA
1075           ANSERMANUEVO
1076                ARGELIA
1077                BOLIVAR
1078             CAICEDONIA
1079       CALIMA EL DARIEN
1080                  DAGUA
1081              EL AGUILA
1082               EL CAIRO
1083               EL DOVIO
1084                FLORIDA
1085                GINEBRA
1086                GUACARI
1087              LA CUMBRE
1088               LA UNION
1089            LA VICTORIA
1090                 OBANDO
1091                PRADERA
1092               RESTREPO
1093                RIOFRIO
1094             ROLDANILLO
1095              SAN PEDRO
1096                SEVILLA
1097                   TORO
1098               TRUJILLO
1099                  ULLOA
1100              VERSALLES
1101                  VIJES
1102                 YOTOCO
1229       SANTIAGO DE CALI
1230       SANTIAGO DE CALI
1231       SANTIAGO DE CALI
1232       SANTIAGO DE CALI
1233       SANTIAGO DE CALI
1234       SANTIAGO DE CALI
1235       SANTIAGO DE CALI
1236       SANTIAGO DE CALI
1237       SANTIAGO DE CALI
1238       SANTIAGO DE CALI
1239       SANTIAGO DE CALI
NAME: MUNICIPIO, DTYPE: OBJECT","57      MUNICIPIO
58      MUNICIPIO
59      MUNICIPIO
60      MUNICIPIO
61      MUNICIPIO
62      MUNICIPIO
63      MUNICIPIO
101     MUNICIPIO
102     MUNICIPIO
103     MUNICIPIO
104     MUNICIPIO
105     MUNICIPIO
106     MUNICIPIO
107     MUNICIPIO
108     MUNICIPIO
109     MUNICIPIO
191     MUNICIPIO
192     MUNICIPIO
193     MUNICIPIO
1073    MUNICIPIO
1074    MUNICIPIO
1075    MUNICIPIO
1076    MUNICIPIO
1077    MUNICIPIO
1078    MUNICIPIO
1079    MUNICIPIO
1080    MUNICIPIO
1081    MUNICIPIO
1082    MUNICIPIO
1083    MUNICIPIO
1084    MUNICIPIO
1085    MUNICIPIO
1086    MUNICIPIO
1087    MUNICIPIO
1088    MUNICIPIO
1089    MUNICIPIO
1090    MUNICIPIO
1091    MUNICIPIO
1092    MUNICIPIO
1093    MUNICIPIO
1094    MUNICIPIO
1095    MUNICIPIO
1096    MUNICIPIO
1097    MUNICIPIO
1098    MUNICIPIO
1099    MUNICIPIO
1100    MUNICIPIO
1101    MUNICIPIO
1102    MUNICIPIO
1229    MUNICIPIO
1230    MUNICIPIO
1231    MUNICIPIO
1232    MUNICIPIO
1233    MUNICIPIO
1234    MUNICIPIO
1235    MUNICIPIO
1236    MUNICIPIO
1237    MUNICIPIO
1238    MUNICIPIO
1239    MUNICIPIO
NAME: MUNICIPIO, DTYPE: OBJECT","57        1
58        1
59        1
60        1
61        1
62        1
63        1
101       2
102       2
103       2
104       2
105       2
106       2
107       2
108       2
109       2
191       5
192       5
193       5
1073      6
1074      6
1075      6
1076      6
1077      6
1078      6
1079      6
1080      6
1081      6
1082      6
1083      6
1084      6
1085      6
1086      6
1087      6
1088      6
1089      6
1090      6
1091      6
1092      6
1093      6
1094      6
1095      6
1096      6
1097      6
1098      6
1099      6
1100      6
1101      6
1102      6
1229    ESP
1230    ESP
1231    ESP
1232    ESP
1233    ESP
1234    ESP
1235    ESP
1236    ESP
1237    ESP
1238    ESP
1239    ESP
NAME: MUNICIPIO, DTYPE: OBJECT",1,1,Comisaría de Familia Argelia,Carrera 3 # 6-44,3238074955,M-V 7:30 a 18:30,"4.726546,",-76.121303,"4°43'35.6""N 76°07'16.7""W",Directorio Comisarías Ley 2126
76,VALLE DEL CAUCA,"57      76520
58      76520
59      76520
60      76520
61      76520
62      76892
63      76892
101     76109
102     76111
103     76130
104     76130
105     76147
106     76147
107     76364
108     76364
109     76834
191     76113
192     76248
193     76895
1073    76020
1074    76036
1075    76041
1076    76054
1077    76100
1078    76122
1079    76126
1080    76233
1081    76243
1082    76246
1083    76250
1084    76275
1085    76306
1086    76318
1087    76377
1088    76400
1089    76403
1090    76497
1091    76563
1092    76606
1093    76616
1094    76622
1095    76670
1096    76736
1097    76823
1098    76828
1099    76845
1100    76863
1101    76869
1102    76890
1229    76001
1230    76001
1231    76001
1232    76001
1233    76001
1234    76001
1235    76001
1236    76001
1237    76001
1238    76001
1239    76001
NAME: MUNICIPIO, DTYPE: OBJECT","57                  PALMIRA
58                  PALMIRA
59                  PALMIRA
60                  PALMIRA
61                  PALMIRA
62                    YUMBO
63                    YUMBO
101            BUENAVENTURA
102     GUADALAJARA DE BUGA
103              CANDELARIA
104              CANDELARIA
105                 CARTAGO
106                 CARTAGO
107                 JAMUNDI
108                 JAMUNDI
109                   TULUA
191            BUGALAGRANDE
192              EL CERRITO
193                  ZARZAL
1073                 ALCALA
1074              ANDALUCIA
1075           ANSERMANUEVO
1076                ARGELIA
1077                BOLIVAR
1078             CAICEDONIA
1079       CALIMA EL DARIEN
1080                  DAGUA
1081              EL AGUILA
1082               EL CAIRO
1083               EL DOVIO
1084                FLORIDA
1085                GINEBRA
1086                GUACARI
1087              LA CUMBRE
1088               LA UNION
1089            LA VICTORIA
1090                 OBANDO
1091                PRADERA
1092               RESTREPO
1093                RIOFRIO
1094             ROLDANILLO
1095              SAN PEDRO
1096                SEVILLA
1097                   TORO
1098               TRUJILLO
1099                  ULLOA
1100              VERSALLES
1101                  VIJES
1102                 YOTOCO
1229       SANTIAGO DE CALI
1230       SANTIAGO DE CALI
1231       SANTIAGO DE CALI
1232       SANTIAGO DE CALI
1233       SANTIAGO DE CALI
1234       SANTIAGO DE CALI
1235       SANTIAGO DE CALI
1236       SANTIAGO DE CALI
1237       SANTIAGO DE CALI
1238       SANTIAGO DE CALI
1239       SANTIAGO DE CALI
NAME: MUNICIPIO, DTYPE: OBJECT","57      MUNICIPIO
58      MUNICIPIO
59      MUNICIPIO
60      MUNICIPIO
61      MUNICIPIO
62      MUNICIPIO
63      MUNICIPIO
101     MUNICIPIO
102     MUNICIPIO
103     MUNICIPIO
104     MUNICIPIO
105     MUNICIPIO
106     MUNICIPIO
107     MUNICIPIO
108     MUNICIPIO
109     MUNICIPIO
191     MUNICIPIO
192     MUNICIPIO
193     MUNICIPIO
1073    MUNICIPIO
1074    MUNICIPIO
1075    MUNICIPIO
1076    MUNICIPIO
1077    MUNICIPIO
1078    MUNICIPIO
1079    MUNICIPIO
1080    MUNICIPIO
1081    MUNICIPIO
1082    MUNICIPIO
1083    MUNICIPIO
1084    MUNICIPIO
1085    MUNICIPIO
1086    MUNICIPIO
1087    MUNICIPIO
1088    MUNICIPIO
1089    MUNICIPIO
1090    MUNICIPIO
1091    MUNICIPIO
1092    MUNICIPIO
1093    MUNICIPIO
1094    MUNICIPIO
1095    MUNICIPIO
1096    MUNICIPIO
1097    MUNICIPIO
1098    MUNICIPIO
1099    MUNICIPIO
1100    MUNICIPIO
1101    MUNICIPIO
1102    MUNICIPIO
1229    MUNICIPIO
1230    MUNICIPIO
1231    MUNICIPIO
1232    MUNICIPIO
1233    MUNICIPIO
1234    MUNICIPIO
1235    MUNICIPIO
1236    MUNICIPIO
1237    MUNICIPIO
1238    MUNICIPIO
1239    MUNICIPIO
NAME: MUNICIPIO, DTYPE: OBJECT","57        1
58        1
59        1
60        1
61        1
62        1
63        1
101       2
102       2
103       2
104       2
105       2
106       2
107       2
108       2
109       2
191       5
192       5
193       5
1073      6
1074      6
1075      6
1076      6
1077      6
1078      6
1079      6
1080      6
1081      6
1082      6
1083      6
1084      6
1085      6
1086      6
1087      6
1088      6
1089      6
1090      6
1091      6
1092      6
1093      6
1094      6
1095      6
1096      6
1097      6
1098      6
1099      6
1100      6
1101      6
1102      6
1229    ESP
1230    ESP
1231    ESP
1232    ESP
1233    ESP
1234    ESP
1235    ESP
1236    ESP
1237    ESP
1238    ESP
1239    ESP
NAME: MUNICIPIO, DTYPE: OBJECT",1,1,Comisaría de Familia Bolívar,Carrera 4 # 4-44,2224166,L 8:00 a 12:00 - 14:00 a 18:00 M-V 7:30 a 12:00 - 14:00 a 18:00,"4.337110,",-76.184317,"4°20'13.6""N 76°11'03.5""W",Directorio Comisarías Ley 2126
76,VALLE DEL CAUCA,"57      76520
58      76520
59      76520
60      76520
61      76520
62      76892
63      76892
101     76109
102     76111
103     76130
104     76130
105     76147
106     76147
107     76364
108     76364
109     76834
191     76113
192     76248
193     76895
1073    76020
1074    76036
1075    76041
1076    76054
1077    76100
1078    76122
1079    76126
1080    76233
1081    76243
1082    76246
1083    76250
1084    76275
1085    76306
1086    76318
1087    76377
1088    76400
1089    76403
1090    76497
1091    76563
1092    76606
1093    76616
1094    76622
1095    76670
1096    76736
1097    76823
1098    76828
1099    76845
1100    76863
1101    76869
1102    76890
1229    76001
1230    76001
1231    76001
1232    76001
1233    76001
1234    76001
1235    76001
1236    76001
1237    76001
1238    76001
1239    76001
NAME: MUNICIPIO, DTYPE: OBJECT","57                  PALMIRA
58                  PALMIRA
59                  PALMIRA
60                  PALMIRA
61                  PALMIRA
62                    YUMBO
63                    YUMBO
101            BUENAVENTURA
102     GUADALAJARA DE BUGA
103              CANDELARIA
104              CANDELARIA
105                 CARTAGO
106                 CARTAGO
107                 JAMUNDI
108                 JAMUNDI
109                   TULUA
191            BUGALAGRANDE
192              EL CERRITO
193                  ZARZAL
1073                 ALCALA
1074              ANDALUCIA
1075           ANSERMANUEVO
1076                ARGELIA
1077                BOLIVAR
1078             CAICEDONIA
1079       CALIMA EL DARIEN
1080                  DAGUA
1081              EL AGUILA
1082               EL CAIRO
1083               EL DOVIO
1084                FLORIDA
1085                GINEBRA
1086                GUACARI
1087              LA CUMBRE
1088               LA UNION
1089            LA VICTORIA
1090                 OBANDO
1091                PRADERA
1092               RESTREPO
1093                RIOFRIO
1094             ROLDANILLO
1095              SAN PEDRO
1096                SEVILLA
1097                   TORO
1098               TRUJILLO
1099                  ULLOA
1100              VERSALLES
1101                  VIJES
1102                 YOTOCO
1229       SANTIAGO DE CALI
1230       SANTIAGO DE CALI
1231       SANTIAGO DE CALI
1232       SANTIAGO DE CALI
1233       SANTIAGO DE CALI
1234       SANTIAGO DE CALI
1235       SANTIAGO DE CALI
1236       SANTIAGO DE CALI
1237       SANTIAGO DE CALI
1238       SANTIAGO DE CALI
1239       SANTIAGO DE CALI
NAME: MUNICIPIO, DTYPE: OBJECT","57      MUNICIPIO
58      MUNICIPIO
59      MUNICIPIO
60      MUNICIPIO
61      MUNICIPIO
62      MUNICIPIO
63      MUNICIPIO
101     MUNICIPIO
102     MUNICIPIO
103     MUNICIPIO
104     MUNICIPIO
105     MUNICIPIO
106     MUNICIPIO
107     MUNICIPIO
108     MUNICIPIO
109     MUNICIPIO
191     MUNICIPIO
192     MUNICIPIO
193     MUNICIPIO
1073    MUNICIPIO
1074    MUNICIPIO
1075    MUNICIPIO
1076    MUNICIPIO
1077    MUNICIPIO
1078    MUNICIPIO
1079    MUNICIPIO
1080    MUNICIPIO
1081    MUNICIPIO
1082    MUNICIPIO
1083    MUNICIPIO
1084    MUNICIPIO
1085    MUNICIPIO
1086    MUNICIPIO
1087    MUNICIPIO
1088    MUNICIPIO
1089    MUNICIPIO
1090    MUNICIPIO
1091    MUNICIPIO
1092    MUNICIPIO
1093    MUNICIPIO
1094    MUNICIPIO
1095    MUNICIPIO
1096    MUNICIPIO
1097    MUNICIPIO
1098    MUNICIPIO
1099    MUNICIPIO
1100    MUNICIPIO
1101    MUNICIPIO
1102    MUNICIPIO
1229    MUNICIPIO
1230    MUNICIPIO
1231    MUNICIPIO
1232    MUNICIPIO
1233    MUNICIPIO
1234    MUNICIPIO
1235    MUNICIPIO
1236    MUNICIPIO
1237    MUNICIPIO
1238    MUNICIPIO
1239    MUNICIPIO
NAME: MUNICIPIO, DTYPE: OBJECT","57        1
58        1
59        1
60        1
61        1
62        1
63        1
101       2
102       2
103       2
104       2
105       2
106       2
107       2
108       2
109       2
191       5
192       5
193       5
1073      6
1074      6
1075      6
1076      6
1077      6
1078      6
1079      6
1080      6
1081      6
1082      6
1083      6
1084      6
1085      6
1086      6
1087      6
1088      6
1089      6
1090      6
1091      6
1092      6
1093      6
1094      6
1095      6
1096      6
1097      6
1098      6
1099      6
1100      6
1101      6
1102      6
1229    ESP
1230    ESP
1231    ESP
1232    ESP
1233    ESP
1234    ESP
1235    ESP
1236    ESP
1237    ESP
1238    ESP
1239    ESP
NAME: MUNICIPIO, DTYPE: OBJECT",1,1,Comisaría de Familia Caicedonia,Carrera 16 # 7-52,3196354251,7:30 a 12:00 - 13:30 a 17:00  S: 8:00 a 12:00,"4.331265,",-75.829326,"4°19'52.6""N 75°49'45.6""W",Directorio Comisarías Ley 2126
76,VALLE DEL CAUCA,"57      76520
58      76520
59      76520
60      76520
61      76520
62      76892
63      76892
101     76109
102     76111
103     76130
104     76130
105     76147
106     76147
107     76364
108     76364
109     76834
191     76113
192     76248
193     76895
1073    76020
1074    76036
1075    76041
1076    76054
1077    76100
1078    76122
1079    76126
1080    76233
1081    76243
1082    76246
1083    76250
1084    76275
1085    76306
1086    76318
1087    76377
1088    76400
1089    76403
1090    76497
1091    76563
1092    76606
1093    76616
1094    76622
1095    76670
1096    76736
1097    76823
1098    76828
1099    76845
1100    76863
1101    76869
1102    76890
1229    76001
1230    76001
1231    76001
1232    76001
1233    76001
1234    76001
1235    76001
1236    76001
1237    76001
1238    76001
1239    76001
NAME: MUNICIPIO, DTYPE: OBJECT","57                  PALMIRA
58                  PALMIRA
59                  PALMIRA
60                  PALMIRA
61                  PALMIRA
62                    YUMBO
63                    YUMBO
101            BUENAVENTURA
102     GUADALAJARA DE BUGA
103              CANDELARIA
104              CANDELARIA
105                 CARTAGO
106                 CARTAGO
107                 JAMUNDI
108                 JAMUNDI
109                   TULUA
191            BUGALAGRANDE
192              EL CERRITO
193                  ZARZAL
1073                 ALCALA
1074              ANDALUCIA
1075           ANSERMANUEVO
1076                ARGELIA
1077                BOLIVAR
1078             CAICEDONIA
1079       CALIMA EL DARIEN
1080                  DAGUA
1081              EL AGUILA
1082               EL CAIRO
1083               EL DOVIO
1084                FLORIDA
1085                GINEBRA
1086                GUACARI
1087              LA CUMBRE
1088               LA UNION
1089            LA VICTORIA
1090                 OBANDO
1091                PRADERA
1092               RESTREPO
1093                RIOFRIO
1094             ROLDANILLO
1095              SAN PEDRO
1096                SEVILLA
1097                   TORO
1098               TRUJILLO
1099                  ULLOA
1100              VERSALLES
1101                  VIJES
1102                 YOTOCO
1229       SANTIAGO DE CALI
1230       SANTIAGO DE CALI
1231       SANTIAGO DE CALI
1232       SANTIAGO DE CALI
1233       SANTIAGO DE CALI
1234       SANTIAGO DE CALI
1235       SANTIAGO DE CALI
1236       SANTIAGO DE CALI
1237       SANTIAGO DE CALI
1238       SANTIAGO DE CALI
1239       SANTIAGO DE CALI
NAME: MUNICIPIO, DTYPE: OBJECT","57      MUNICIPIO
58      MUNICIPIO
59      MUNICIPIO
60      MUNICIPIO
61      MUNICIPIO
62      MUNICIPIO
63      MUNICIPIO
101     MUNICIPIO
102     MUNICIPIO
103     MUNICIPIO
104     MUNICIPIO
105     MUNICIPIO
106     MUNICIPIO
107     MUNICIPIO
108     MUNICIPIO
109     MUNICIPIO
191     MUNICIPIO
192     MUNICIPIO
193     MUNICIPIO
1073    MUNICIPIO
1074    MUNICIPIO
1075    MUNICIPIO
1076    MUNICIPIO
1077    MUNICIPIO
1078    MUNICIPIO
1079    MUNICIPIO
1080    MUNICIPIO
1081    MUNICIPIO
1082    MUNICIPIO
1083    MUNICIPIO
1084    MUNICIPIO
1085    MUNICIPIO
1086    MUNICIPIO
1087    MUNICIPIO
1088    MUNICIPIO
1089    MUNICIPIO
1090    MUNICIPIO
1091    MUNICIPIO
1092    MUNICIPIO
1093    MUNICIPIO
1094    MUNICIPIO
1095    MUNICIPIO
1096    MUNICIPIO
1097    MUNICIPIO
1098    MUNICIPIO
1099    MUNICIPIO
1100    MUNICIPIO
1101    MUNICIPIO
1102    MUNICIPIO
1229    MUNICIPIO
1230    MUNICIPIO
1231    MUNICIPIO
1232    MUNICIPIO
1233    MUNICIPIO
1234    MUNICIPIO
1235    MUNICIPIO
1236    MUNICIPIO
1237    MUNICIPIO
1238    MUNICIPIO
1239    MUNICIPIO
NAME: MUNICIPIO, DTYPE: OBJECT","57        1
58        1
59        1
60        1
61        1
62        1
63        1
101       2
102       2
103       2
104       2
105       2
106       2
107       2
108       2
109       2
191       5
192       5
193       5
1073      6
1074      6
1075      6
1076      6
1077      6
1078      6
1079      6
1080      6
1081      6
1082      6
1083      6
1084      6
1085      6
1086      6
1087      6
1088      6
1089      6
1090      6
1091      6
1092      6
1093      6
1094      6
1095      6
1096      6
1097      6
1098      6
1099      6
1100      6
1101      6
1102      6
1229    ESP
1230    ESP
1231    ESP
1232    ESP
1233    ESP
1234    ESP
1235    ESP
1236    ESP
1237    ESP
1238    ESP
1239    ESP
NAME: MUNICIPIO, DTYPE: OBJECT",1,1,Comisaría de Familia Calima el Darien,Calle 10 # 6-25,3147196640,L-S 8:00 a 12:00 - 14:00 a 18:00,"3.931357,",-76.484182,"3°55'52.9""N 76°29'03.1""W",Directorio Comisarías Ley 2126
76,VALLE DEL CAUCA,"57      76520
58      76520
59      76520
60      76520
61      76520
62      76892
63      76892
101     76109
102     76111
103     76130
104     76130
105     76147
106     76147
107     76364
108     76364
109     76834
191     76113
192     76248
193     76895
1073    76020
1074    76036
1075    76041
1076    76054
1077    76100
1078    76122
1079    76126
1080    76233
1081    76243
1082    76246
1083    76250
1084    76275
1085    76306
1086    76318
1087    76377
1088    76400
1089    76403
1090    76497
1091    76563
1092    76606
1093    76616
1094    76622
1095    76670
1096    76736
1097    76823
1098    76828
1099    76845
1100    76863
1101    76869
1102    76890
1229    76001
1230    76001
1231    76001
1232    76001
1233    76001
1234    76001
1235    76001
1236    76001
1237    76001
1238    76001
1239    76001
NAME: MUNICIPIO, DTYPE: OBJECT","57                  PALMIRA
58                  PALMIRA
59                  PALMIRA
60                  PALMIRA
61                  PALMIRA
62                    YUMBO
63                    YUMBO
101            BUENAVENTURA
102     GUADALAJARA DE BUGA
103              CANDELARIA
104              CANDELARIA
105                 CARTAGO
106                 CARTAGO
107                 JAMUNDI
108                 JAMUNDI
109                   TULUA
191            BUGALAGRANDE
192              EL CERRITO
193                  ZARZAL
1073                 ALCALA
1074              ANDALUCIA
1075           ANSERMANUEVO
1076                ARGELIA
1077                BOLIVAR
1078             CAICEDONIA
1079       CALIMA EL DARIEN
1080                  DAGUA
1081              EL AGUILA
1082               EL CAIRO
1083               EL DOVIO
1084                FLORIDA
1085                GINEBRA
1086                GUACARI
1087              LA CUMBRE
1088               LA UNION
1089            LA VICTORIA
1090                 OBANDO
1091                PRADERA
1092               RESTREPO
1093                RIOFRIO
1094             ROLDANILLO
1095              SAN PEDRO
1096                SEVILLA
1097                   TORO
1098               TRUJILLO
1099                  ULLOA
1100              VERSALLES
1101                  VIJES
1102                 YOTOCO
1229       SANTIAGO DE CALI
1230       SANTIAGO DE CALI
1231       SANTIAGO DE CALI
1232       SANTIAGO DE CALI
1233       SANTIAGO DE CALI
1234       SANTIAGO DE CALI
1235       SANTIAGO DE CALI
1236       SANTIAGO DE CALI
1237       SANTIAGO DE CALI
1238       SANTIAGO DE CALI
1239       SANTIAGO DE CALI
NAME: MUNICIPIO, DTYPE: OBJECT","57      MUNICIPIO
58      MUNICIPIO
59      MUNICIPIO
60      MUNICIPIO
61      MUNICIPIO
62      MUNICIPIO
63      MUNICIPIO
101     MUNICIPIO
102     MUNICIPIO
103     MUNICIPIO
104     MUNICIPIO
105     MUNICIPIO
106     MUNICIPIO
107     MUNICIPIO
108     MUNICIPIO
109     MUNICIPIO
191     MUNICIPIO
192     MUNICIPIO
193     MUNICIPIO
1073    MUNICIPIO
1074    MUNICIPIO
1075    MUNICIPIO
1076    MUNICIPIO
1077    MUNICIPIO
1078    MUNICIPIO
1079    MUNICIPIO
1080    MUNICIPIO
1081    MUNICIPIO
1082    MUNICIPIO
1083    MUNICIPIO
1084    MUNICIPIO
1085    MUNICIPIO
1086    MUNICIPIO
1087    MUNICIPIO
1088    MUNICIPIO
1089    MUNICIPIO
1090    MUNICIPIO
1091    MUNICIPIO
1092    MUNICIPIO
1093    MUNICIPIO
1094    MUNICIPIO
1095    MUNICIPIO
1096    MUNICIPIO
1097    MUNICIPIO
1098    MUNICIPIO
1099    MUNICIPIO
1100    MUNICIPIO
1101    MUNICIPIO
1102    MUNICIPIO
1229    MUNICIPIO
1230    MUNICIPIO
1231    MUNICIPIO
1232    MUNICIPIO
1233    MUNICIPIO
1234    MUNICIPIO
1235    MUNICIPIO
1236    MUNICIPIO
1237    MUNICIPIO
1238    MUNICIPIO
1239    MUNICIPIO
NAME: MUNICIPIO, DTYPE: OBJECT","57        1
58        1
59        1
60        1
61        1
62        1
63        1
101       2
102       2
103       2
104       2
105       2
106       2
107       2
108       2
109       2
191       5
192       5
193       5
1073      6
1074      6
1075      6
1076      6
1077      6
1078      6
1079      6
1080      6
1081      6
1082      6
1083      6
1084      6
1085      6
1086      6
1087      6
1088      6
1089      6
1090      6
1091      6
1092      6
1093      6
1094      6
1095      6
1096      6
1097      6
1098      6
1099      6
1100      6
1101      6
1102      6
1229    ESP
1230    ESP
1231    ESP
1232    ESP
1233    ESP
1234    ESP
1235    ESP
1236    ESP
1237    ESP
1238    ESP
1239    ESP
NAME: MUNICIPIO, DTYPE: OBJECT",1,1,Comisaría de Familia Dagua,Carrera 11 # 10-02,NO TIENE,8:00 a 17:00,"3.657463,",-76.693671,"3°39'26.9""N 76°41'37.2""W",Directorio Comisarías Ley 2126
76,VALLE DEL CAUCA,"57      76520
58      76520
59      76520
60      76520
61      76520
62      76892
63      76892
101     76109
102     76111
103     76130
104     76130
105     76147
106     76147
107     76364
108     76364
109     76834
191     76113
192     76248
193     76895
1073    76020
1074    76036
1075    76041
1076    76054
1077    76100
1078    76122
1079    76126
1080    76233
1081    76243
1082    76246
1083    76250
1084    76275
1085    76306
1086    76318
1087    76377
1088    76400
1089    76403
1090    76497
1091    76563
1092    76606
1093    76616
1094    76622
1095    76670
1096    76736
1097    76823
1098    76828
1099    76845
1100    76863
1101    76869
1102    76890
1229    76001
1230    76001
1231    76001
1232    76001
1233    76001
1234    76001
1235    76001
1236    76001
1237    76001
1238    76001
1239    76001
NAME: MUNICIPIO, DTYPE: OBJECT","57                  PALMIRA
58                  PALMIRA
59                  PALMIRA
60                  PALMIRA
61                  PALMIRA
62                    YUMBO
63                    YUMBO
101            BUENAVENTURA
102     GUADALAJARA DE BUGA
103              CANDELARIA
104              CANDELARIA
105                 CARTAGO
106                 CARTAGO
107                 JAMUNDI
108                 JAMUNDI
109                   TULUA
191            BUGALAGRANDE
192              EL CERRITO
193                  ZARZAL
1073                 ALCALA
1074              ANDALUCIA
1075           ANSERMANUEVO
1076                ARGELIA
1077                BOLIVAR
1078             CAICEDONIA
1079       CALIMA EL DARIEN
1080                  DAGUA
1081              EL AGUILA
1082               EL CAIRO
1083               EL DOVIO
1084                FLORIDA
1085                GINEBRA
1086                GUACARI
1087              LA CUMBRE
1088               LA UNION
1089            LA VICTORIA
1090                 OBANDO
1091                PRADERA
1092               RESTREPO
1093                RIOFRIO
1094             ROLDANILLO
1095              SAN PEDRO
1096                SEVILLA
1097                   TORO
1098               TRUJILLO
1099                  ULLOA
1100              VERSALLES
1101                  VIJES
1102                 YOTOCO
1229       SANTIAGO DE CALI
1230       SANTIAGO DE CALI
1231       SANTIAGO DE CALI
1232       SANTIAGO DE CALI
1233       SANTIAGO DE CALI
1234       SANTIAGO DE CALI
1235       SANTIAGO DE CALI
1236       SANTIAGO DE CALI
1237       SANTIAGO DE CALI
1238       SANTIAGO DE CALI
1239       SANTIAGO DE CALI
NAME: MUNICIPIO, DTYPE: OBJECT","57      MUNICIPIO
58      MUNICIPIO
59      MUNICIPIO
60      MUNICIPIO
61      MUNICIPIO
62      MUNICIPIO
63      MUNICIPIO
101     MUNICIPIO
102     MUNICIPIO
103     MUNICIPIO
104     MUNICIPIO
105     MUNICIPIO
106     MUNICIPIO
107     MUNICIPIO
108     MUNICIPIO
109     MUNICIPIO
191     MUNICIPIO
192     MUNICIPIO
193     MUNICIPIO
1073    MUNICIPIO
1074    MUNICIPIO
1075    MUNICIPIO
1076    MUNICIPIO
1077    MUNICIPIO
1078    MUNICIPIO
1079    MUNICIPIO
1080    MUNICIPIO
1081    MUNICIPIO
1082    MUNICIPIO
1083    MUNICIPIO
1084    MUNICIPIO
1085    MUNICIPIO
1086    MUNICIPIO
1087    MUNICIPIO
1088    MUNICIPIO
1089    MUNICIPIO
1090    MUNICIPIO
1091    MUNICIPIO
1092    MUNICIPIO
1093    MUNICIPIO
1094    MUNICIPIO
1095    MUNICIPIO
1096    MUNICIPIO
1097    MUNICIPIO
1098    MUNICIPIO
1099    MUNICIPIO
1100    MUNICIPIO
1101    MUNICIPIO
1102    MUNICIPIO
1229    MUNICIPIO
1230    MUNICIPIO
1231    MUNICIPIO
1232    MUNICIPIO
1233    MUNICIPIO
1234    MUNICIPIO
1235    MUNICIPIO
1236    MUNICIPIO
1237    MUNICIPIO
1238    MUNICIPIO
1239    MUNICIPIO
NAME: MUNICIPIO, DTYPE: OBJECT","57        1
58        1
59        1
60        1
61        1
62        1
63        1
101       2
102       2
103       2
104       2
105       2
106       2
107       2
108       2
109       2
191       5
192       5
193       5
1073      6
1074      6
1075      6
1076      6
1077      6
1078      6
1079      6
1080      6
1081      6
1082      6
1083      6
1084      6
1085      6
1086      6
1087      6
1088      6
1089      6
1090      6
1091      6
1092      6
1093      6
1094      6
1095      6
1096      6
1097      6
1098      6
1099      6
1100      6
1101      6
1102      6
1229    ESP
1230    ESP
1231    ESP
1232    ESP
1233    ESP
1234    ESP
1235    ESP
1236    ESP
1237    ESP
1238    ESP
1239    ESP
NAME: MUNICIPIO, DTYPE: OBJECT",1,1,Comisaría de Familia El Águila,Carrera 3 # 9-02,3128512763-3135093170,M-V 8:00 a 12:00 - 13:30 a 18:00 S: 8:00 a 14:00,"4.908630,",-76.041929,"4°54'31.1""N 76°02'30.9""W",Directorio Comisarías Ley 2126
76,VALLE DEL CAUCA,"57      76520
58      76520
59      76520
60      76520
61      76520
62      76892
63      76892
101     76109
102     76111
103     76130
104     76130
105     76147
106     76147
107     76364
108     76364
109     76834
191     76113
192     76248
193     76895
1073    76020
1074    76036
1075    76041
1076    76054
1077    76100
1078    76122
1079    76126
1080    76233
1081    76243
1082    76246
1083    76250
1084    76275
1085    76306
1086    76318
1087    76377
1088    76400
1089    76403
1090    76497
1091    76563
1092    76606
1093    76616
1094    76622
1095    76670
1096    76736
1097    76823
1098    76828
1099    76845
1100    76863
1101    76869
1102    76890
1229    76001
1230    76001
1231    76001
1232    76001
1233    76001
1234    76001
1235    76001
1236    76001
1237    76001
1238    76001
1239    76001
NAME: MUNICIPIO, DTYPE: OBJECT","57                  PALMIRA
58                  PALMIRA
59                  PALMIRA
60                  PALMIRA
61                  PALMIRA
62                    YUMBO
63                    YUMBO
101            BUENAVENTURA
102     GUADALAJARA DE BUGA
103              CANDELARIA
104              CANDELARIA
105                 CARTAGO
106                 CARTAGO
107                 JAMUNDI
108                 JAMUNDI
109                   TULUA
191            BUGALAGRANDE
192              EL CERRITO
193                  ZARZAL
1073                 ALCALA
1074              ANDALUCIA
1075           ANSERMANUEVO
1076                ARGELIA
1077                BOLIVAR
1078             CAICEDONIA
1079       CALIMA EL DARIEN
1080                  DAGUA
1081              EL AGUILA
1082               EL CAIRO
1083               EL DOVIO
1084                FLORIDA
1085                GINEBRA
1086                GUACARI
1087              LA CUMBRE
1088               LA UNION
1089            LA VICTORIA
1090                 OBANDO
1091                PRADERA
1092               RESTREPO
1093                RIOFRIO
1094             ROLDANILLO
1095              SAN PEDRO
1096                SEVILLA
1097                   TORO
1098               TRUJILLO
1099                  ULLOA
1100              VERSALLES
1101                  VIJES
1102                 YOTOCO
1229       SANTIAGO DE CALI
1230       SANTIAGO DE CALI
1231       SANTIAGO DE CALI
1232       SANTIAGO DE CALI
1233       SANTIAGO DE CALI
1234       SANTIAGO DE CALI
1235       SANTIAGO DE CALI
1236       SANTIAGO DE CALI
1237       SANTIAGO DE CALI
1238       SANTIAGO DE CALI
1239       SANTIAGO DE CALI
NAME: MUNICIPIO, DTYPE: OBJECT","57      MUNICIPIO
58      MUNICIPIO
59      MUNICIPIO
60      MUNICIPIO
61      MUNICIPIO
62      MUNICIPIO
63      MUNICIPIO
101     MUNICIPIO
102     MUNICIPIO
103     MUNICIPIO
104     MUNICIPIO
105     MUNICIPIO
106     MUNICIPIO
107     MUNICIPIO
108     MUNICIPIO
109     MUNICIPIO
191     MUNICIPIO
192     MUNICIPIO
193     MUNICIPIO
1073    MUNICIPIO
1074    MUNICIPIO
1075    MUNICIPIO
1076    MUNICIPIO
1077    MUNICIPIO
1078    MUNICIPIO
1079    MUNICIPIO
1080    MUNICIPIO
1081    MUNICIPIO
1082    MUNICIPIO
1083    MUNICIPIO
1084    MUNICIPIO
1085    MUNICIPIO
1086    MUNICIPIO
1087    MUNICIPIO
1088    MUNICIPIO
1089    MUNICIPIO
1090    MUNICIPIO
1091    MUNICIPIO
1092    MUNICIPIO
1093    MUNICIPIO
1094    MUNICIPIO
1095    MUNICIPIO
1096    MUNICIPIO
1097    MUNICIPIO
1098    MUNICIPIO
1099    MUNICIPIO
1100    MUNICIPIO
1101    MUNICIPIO
1102    MUNICIPIO
1229    MUNICIPIO
1230    MUNICIPIO
1231    MUNICIPIO
1232    MUNICIPIO
1233    MUNICIPIO
1234    MUNICIPIO
1235    MUNICIPIO
1236    MUNICIPIO
1237    MUNICIPIO
1238    MUNICIPIO
1239    MUNICIPIO
NAME: MUNICIPIO, DTYPE: OBJECT","57        1
58        1
59        1
60        1
61        1
62        1
63        1
101       2
102       2
103       2
104       2
105       2
106       2
107       2
108       2
109       2
191       5
192       5
193       5
1073      6
1074      6
1075      6
1076      6
1077      6
1078      6
1079      6
1080      6
1081      6
1082      6
1083      6
1084      6
1085      6
1086      6
1087      6
1088      6
1089      6
1090      6
1091      6
1092      6
1093      6
1094      6
1095      6
1096      6
1097      6
1098      6
1099      6
1100      6
1101      6
1102      6
1229    ESP
1230    ESP
1231    ESP
1232    ESP
1233    ESP
1234    ESP
1235    ESP
1236    ESP
1237    ESP
1238    ESP
1239    ESP
NAME: MUNICIPIO, DTYPE: OBJECT",1,1,Comisaría de Familia El Cairo,Carrera 5 #  9 Esquina,3205782006,M-V 7:30 a 12:30 -14:00 a 18:00 S: 7:30 a 12:30,"4.762640,",-76.220845,"4°45'45.5""N 76°13'15.0""W",Directorio Comisarías Ley 2126
76,VALLE DEL CAUCA,"57      76520
58      76520
59      76520
60      76520
61      76520
62      76892
63      76892
101     76109
102     76111
103     76130
104     76130
105     76147
106     76147
107     76364
108     76364
109     76834
191     76113
192     76248
193     76895
1073    76020
1074    76036
1075    76041
1076    76054
1077    76100
1078    76122
1079    76126
1080    76233
1081    76243
1082    76246
1083    76250
1084    76275
1085    76306
1086    76318
1087    76377
1088    76400
1089    76403
1090    76497
1091    76563
1092    76606
1093    76616
1094    76622
1095    76670
1096    76736
1097    76823
1098    76828
1099    76845
1100    76863
1101    76869
1102    76890
1229    76001
1230    76001
1231    76001
1232    76001
1233    76001
1234    76001
1235    76001
1236    76001
1237    76001
1238    76001
1239    76001
NAME: MUNICIPIO, DTYPE: OBJECT","57                  PALMIRA
58                  PALMIRA
59                  PALMIRA
60                  PALMIRA
61                  PALMIRA
62                    YUMBO
63                    YUMBO
101            BUENAVENTURA
102     GUADALAJARA DE BUGA
103              CANDELARIA
104              CANDELARIA
105                 CARTAGO
106                 CARTAGO
107                 JAMUNDI
108                 JAMUNDI
109                   TULUA
191            BUGALAGRANDE
192              EL CERRITO
193                  ZARZAL
1073                 ALCALA
1074              ANDALUCIA
1075           ANSERMANUEVO
1076                ARGELIA
1077                BOLIVAR
1078             CAICEDONIA
1079       CALIMA EL DARIEN
1080                  DAGUA
1081              EL AGUILA
1082               EL CAIRO
1083               EL DOVIO
1084                FLORIDA
1085                GINEBRA
1086                GUACARI
1087              LA CUMBRE
1088               LA UNION
1089            LA VICTORIA
1090                 OBANDO
1091                PRADERA
1092               RESTREPO
1093                RIOFRIO
1094             ROLDANILLO
1095              SAN PEDRO
1096                SEVILLA
1097                   TORO
1098               TRUJILLO
1099                  ULLOA
1100              VERSALLES
1101                  VIJES
1102                 YOTOCO
1229       SANTIAGO DE CALI
1230       SANTIAGO DE CALI
1231       SANTIAGO DE CALI
1232       SANTIAGO DE CALI
1233       SANTIAGO DE CALI
1234       SANTIAGO DE CALI
1235       SANTIAGO DE CALI
1236       SANTIAGO DE CALI
1237       SANTIAGO DE CALI
1238       SANTIAGO DE CALI
1239       SANTIAGO DE CALI
NAME: MUNICIPIO, DTYPE: OBJECT","57      MUNICIPIO
58      MUNICIPIO
59      MUNICIPIO
60      MUNICIPIO
61      MUNICIPIO
62      MUNICIPIO
63      MUNICIPIO
101     MUNICIPIO
102     MUNICIPIO
103     MUNICIPIO
104     MUNICIPIO
105     MUNICIPIO
106     MUNICIPIO
107     MUNICIPIO
108     MUNICIPIO
109     MUNICIPIO
191     MUNICIPIO
192     MUNICIPIO
193     MUNICIPIO
1073    MUNICIPIO
1074    MUNICIPIO
1075    MUNICIPIO
1076    MUNICIPIO
1077    MUNICIPIO
1078    MUNICIPIO
1079    MUNICIPIO
1080    MUNICIPIO
1081    MUNICIPIO
1082    MUNICIPIO
1083    MUNICIPIO
1084    MUNICIPIO
1085    MUNICIPIO
1086    MUNICIPIO
1087    MUNICIPIO
1088    MUNICIPIO
1089    MUNICIPIO
1090    MUNICIPIO
1091    MUNICIPIO
1092    MUNICIPIO
1093    MUNICIPIO
1094    MUNICIPIO
1095    MUNICIPIO
1096    MUNICIPIO
1097    MUNICIPIO
1098    MUNICIPIO
1099    MUNICIPIO
1100    MUNICIPIO
1101    MUNICIPIO
1102    MUNICIPIO
1229    MUNICIPIO
1230    MUNICIPIO
1231    MUNICIPIO
1232    MUNICIPIO
1233    MUNICIPIO
1234    MUNICIPIO
1235    MUNICIPIO
1236    MUNICIPIO
1237    MUNICIPIO
1238    MUNICIPIO
1239    MUNICIPIO
NAME: MUNICIPIO, DTYPE: OBJECT","57        1
58        1
59        1
60        1
61        1
62        1
63        1
101       2
102       2
103       2
104       2
105       2
106       2
107       2
108       2
109       2
191       5
192       5
193       5
1073      6
1074      6
1075      6
1076      6
1077      6
1078      6
1079      6
1080      6
1081      6
1082      6
1083      6
1084      6
1085      6
1086      6
1087      6
1088      6
1089      6
1090      6
1091      6
1092      6
1093      6
1094      6
1095      6
1096      6
1097      6
1098      6
1099      6
1100      6
1101      6
1102      6
1229    ESP
1230    ESP
1231    ESP
1232    ESP
1233    ESP
1234    ESP
1235    ESP
1236    ESP
1237    ESP
1238    ESP
1239    ESP
NAME: MUNICIPIO, DTYPE: OBJECT",1,1,Comisaría de Familia El Dovio,Calle 7 # 6-02,NO TIENE,8:00 a 17:00,"4.511392,",-76.238576,"4°30'41.0""N 76°14'18.9""W",Directorio Comisarías Ley 2126
76,VALLE DEL CAUCA,"57      76520
58      76520
59      76520
60      76520
61      76520
62      76892
63      76892
101     76109
102     76111
103     76130
104     76130
105     76147
106     76147
107     76364
108     76364
109     76834
191     76113
192     76248
193     76895
1073    76020
1074    76036
1075    76041
1076    76054
1077    76100
1078    76122
1079    76126
1080    76233
1081    76243
1082    76246
1083    76250
1084    76275
1085    76306
1086    76318
1087    76377
1088    76400
1089    76403
1090    76497
1091    76563
1092    76606
1093    76616
1094    76622
1095    76670
1096    76736
1097    76823
1098    76828
1099    76845
1100    76863
1101    76869
1102    76890
1229    76001
1230    76001
1231    76001
1232    76001
1233    76001
1234    76001
1235    76001
1236    76001
1237    76001
1238    76001
1239    76001
NAME: MUNICIPIO, DTYPE: OBJECT","57                  PALMIRA
58                  PALMIRA
59                  PALMIRA
60                  PALMIRA
61                  PALMIRA
62                    YUMBO
63                    YUMBO
101            BUENAVENTURA
102     GUADALAJARA DE BUGA
103              CANDELARIA
104              CANDELARIA
105                 CARTAGO
106                 CARTAGO
107                 JAMUNDI
108                 JAMUNDI
109                   TULUA
191            BUGALAGRANDE
192              EL CERRITO
193                  ZARZAL
1073                 ALCALA
1074              ANDALUCIA
1075           ANSERMANUEVO
1076                ARGELIA
1077                BOLIVAR
1078             CAICEDONIA
1079       CALIMA EL DARIEN
1080                  DAGUA
1081              EL AGUILA
1082               EL CAIRO
1083               EL DOVIO
1084                FLORIDA
1085                GINEBRA
1086                GUACARI
1087              LA CUMBRE
1088               LA UNION
1089            LA VICTORIA
1090                 OBANDO
1091                PRADERA
1092               RESTREPO
1093                RIOFRIO
1094             ROLDANILLO
1095              SAN PEDRO
1096                SEVILLA
1097                   TORO
1098               TRUJILLO
1099                  ULLOA
1100              VERSALLES
1101                  VIJES
1102                 YOTOCO
1229       SANTIAGO DE CALI
1230       SANTIAGO DE CALI
1231       SANTIAGO DE CALI
1232       SANTIAGO DE CALI
1233       SANTIAGO DE CALI
1234       SANTIAGO DE CALI
1235       SANTIAGO DE CALI
1236       SANTIAGO DE CALI
1237       SANTIAGO DE CALI
1238       SANTIAGO DE CALI
1239       SANTIAGO DE CALI
NAME: MUNICIPIO, DTYPE: OBJECT","57      MUNICIPIO
58      MUNICIPIO
59      MUNICIPIO
60      MUNICIPIO
61      MUNICIPIO
62      MUNICIPIO
63      MUNICIPIO
101     MUNICIPIO
102     MUNICIPIO
103     MUNICIPIO
104     MUNICIPIO
105     MUNICIPIO
106     MUNICIPIO
107     MUNICIPIO
108     MUNICIPIO
109     MUNICIPIO
191     MUNICIPIO
192     MUNICIPIO
193     MUNICIPIO
1073    MUNICIPIO
1074    MUNICIPIO
1075    MUNICIPIO
1076    MUNICIPIO
1077    MUNICIPIO
1078    MUNICIPIO
1079    MUNICIPIO
1080    MUNICIPIO
1081    MUNICIPIO
1082    MUNICIPIO
1083    MUNICIPIO
1084    MUNICIPIO
1085    MUNICIPIO
1086    MUNICIPIO
1087    MUNICIPIO
1088    MUNICIPIO
1089    MUNICIPIO
1090    MUNICIPIO
1091    MUNICIPIO
1092    MUNICIPIO
1093    MUNICIPIO
1094    MUNICIPIO
1095    MUNICIPIO
1096    MUNICIPIO
1097    MUNICIPIO
1098    MUNICIPIO
1099    MUNICIPIO
1100    MUNICIPIO
1101    MUNICIPIO
1102    MUNICIPIO
1229    MUNICIPIO
1230    MUNICIPIO
1231    MUNICIPIO
1232    MUNICIPIO
1233    MUNICIPIO
1234    MUNICIPIO
1235    MUNICIPIO
1236    MUNICIPIO
1237    MUNICIPIO
1238    MUNICIPIO
1239    MUNICIPIO
NAME: MUNICIPIO, DTYPE: OBJECT","57        1
58        1
59        1
60        1
61        1
62        1
63        1
101       2
102       2
103       2
104       2
105       2
106       2
107       2
108       2
109       2
191       5
192       5
193       5
1073      6
1074      6
1075      6
1076      6
1077      6
1078      6
1079      6
1080      6
1081      6
1082      6
1083      6
1084      6
1085      6
1086      6
1087      6
1088      6
1089      6
1090      6
1091      6
1092      6
1093      6
1094      6
1095      6
1096      6
1097      6
1098      6
1099      6
1100      6
1101      6
1102      6
1229    ESP
1230    ESP
1231    ESP
1232    ESP
1233    ESP
1234    ESP
1235    ESP
1236    ESP
1237    ESP
1238    ESP
1239    ESP
NAME: MUNICIPIO, DTYPE: OBJECT",1,1,Comisaría de Familia Florida,Carrera 20 # 9-20,NO TIENE,8:00 a 17:00,"3.325947,",-76.236135,"3°19'33.4""N 76°14'10.1""W",Directorio Comisarías Ley 2126
76,VALLE DEL CAUCA,"57      76520
58      76520
59      76520
60      76520
61      76520
62      76892
63      76892
101     76109
102     76111
103     76130
104     76130
105     76147
106     76147
107     76364
108     76364
109     76834
191     76113
192     76248
193     76895
1073    76020
1074    76036
1075    76041
1076    76054
1077    76100
1078    76122
1079    76126
1080    76233
1081    76243
1082    76246
1083    76250
1084    76275
1085    76306
1086    76318
1087    76377
1088    76400
1089    76403
1090    76497
1091    76563
1092    76606
1093    76616
1094    76622
1095    76670
1096    76736
1097    76823
1098    76828
1099    76845
1100    76863
1101    76869
1102    76890
1229    76001
1230    76001
1231    76001
1232    76001
1233    76001
1234    76001
1235    76001
1236    76001
1237    76001
1238    76001
1239    76001
NAME: MUNICIPIO, DTYPE: OBJECT","57                  PALMIRA
58                  PALMIRA
59                  PALMIRA
60                  PALMIRA
61                  PALMIRA
62                    YUMBO
63                    YUMBO
101            BUENAVENTURA
102     GUADALAJARA DE BUGA
103              CANDELARIA
104              CANDELARIA
105                 CARTAGO
106                 CARTAGO
107                 JAMUNDI
108                 JAMUNDI
109                   TULUA
191            BUGALAGRANDE
192              EL CERRITO
193                  ZARZAL
1073                 ALCALA
1074              ANDALUCIA
1075           ANSERMANUEVO
1076                ARGELIA
1077                BOLIVAR
1078             CAICEDONIA
1079       CALIMA EL DARIEN
1080                  DAGUA
1081              EL AGUILA
1082               EL CAIRO
1083               EL DOVIO
1084                FLORIDA
1085                GINEBRA
1086                GUACARI
1087              LA CUMBRE
1088               LA UNION
1089            LA VICTORIA
1090                 OBANDO
1091                PRADERA
1092               RESTREPO
1093                RIOFRIO
1094             ROLDANILLO
1095              SAN PEDRO
1096                SEVILLA
1097                   TORO
1098               TRUJILLO
1099                  ULLOA
1100              VERSALLES
1101                  VIJES
1102                 YOTOCO
1229       SANTIAGO DE CALI
1230       SANTIAGO DE CALI
1231       SANTIAGO DE CALI
1232       SANTIAGO DE CALI
1233       SANTIAGO DE CALI
1234       SANTIAGO DE CALI
1235       SANTIAGO DE CALI
1236       SANTIAGO DE CALI
1237       SANTIAGO DE CALI
1238       SANTIAGO DE CALI
1239       SANTIAGO DE CALI
NAME: MUNICIPIO, DTYPE: OBJECT","57      MUNICIPIO
58      MUNICIPIO
59      MUNICIPIO
60      MUNICIPIO
61      MUNICIPIO
62      MUNICIPIO
63      MUNICIPIO
101     MUNICIPIO
102     MUNICIPIO
103     MUNICIPIO
104     MUNICIPIO
105     MUNICIPIO
106     MUNICIPIO
107     MUNICIPIO
108     MUNICIPIO
109     MUNICIPIO
191     MUNICIPIO
192     MUNICIPIO
193     MUNICIPIO
1073    MUNICIPIO
1074    MUNICIPIO
1075    MUNICIPIO
1076    MUNICIPIO
1077    MUNICIPIO
1078    MUNICIPIO
1079    MUNICIPIO
1080    MUNICIPIO
1081    MUNICIPIO
1082    MUNICIPIO
1083    MUNICIPIO
1084    MUNICIPIO
1085    MUNICIPIO
1086    MUNICIPIO
1087    MUNICIPIO
1088    MUNICIPIO
1089    MUNICIPIO
1090    MUNICIPIO
1091    MUNICIPIO
1092    MUNICIPIO
1093    MUNICIPIO
1094    MUNICIPIO
1095    MUNICIPIO
1096    MUNICIPIO
1097    MUNICIPIO
1098    MUNICIPIO
1099    MUNICIPIO
1100    MUNICIPIO
1101    MUNICIPIO
1102    MUNICIPIO
1229    MUNICIPIO
1230    MUNICIPIO
1231    MUNICIPIO
1232    MUNICIPIO
1233    MUNICIPIO
1234    MUNICIPIO
1235    MUNICIPIO
1236    MUNICIPIO
1237    MUNICIPIO
1238    MUNICIPIO
1239    MUNICIPIO
NAME: MUNICIPIO, DTYPE: OBJECT","57        1
58        1
59        1
60        1
61        1
62        1
63        1
101       2
102       2
103       2
104       2
105       2
106       2
107       2
108       2
109       2
191       5
192       5
193       5
1073      6
1074      6
1075      6
1076      6
1077      6
1078      6
1079      6
1080      6
1081      6
1082      6
1083      6
1084      6
1085      6
1086      6
1087      6
1088      6
1089      6
1090      6
1091      6
1092      6
1093      6
1094      6
1095      6
1096      6
1097      6
1098      6
1099      6
1100      6
1101      6
1102      6
1229    ESP
1230    ESP
1231    ESP
1232    ESP
1233    ESP
1234    ESP
1235    ESP
1236    ESP
1237    ESP
1238    ESP
1239    ESP
NAME: MUNICIPIO, DTYPE: OBJECT",1,1,Comisaría de Familia Ginebra,Carrera 3 # 4 esquina,NO TIENE,8:00 a 17:00,"3.724164,",-76.269075,"3°43'27.0""N 76°16'08.7""W",Directorio Comisarías Ley 2126
76,VALLE DEL CAUCA,"57      76520
58      76520
59      76520
60      76520
61      76520
62      76892
63      76892
101     76109
102     76111
103     76130
104     76130
105     76147
106     76147
107     76364
108     76364
109     76834
191     76113
192     76248
193     76895
1073    76020
1074    76036
1075    76041
1076    76054
1077    76100
1078    76122
1079    76126
1080    76233
1081    76243
1082    76246
1083    76250
1084    76275
1085    76306
1086    76318
1087    76377
1088    76400
1089    76403
1090    76497
1091    76563
1092    76606
1093    76616
1094    76622
1095    76670
1096    76736
1097    76823
1098    76828
1099    76845
1100    76863
1101    76869
1102    76890
1229    76001
1230    76001
1231    76001
1232    76001
1233    76001
1234    76001
1235    76001
1236    76001
1237    76001
1238    76001
1239    76001
NAME: MUNICIPIO, DTYPE: OBJECT","57                  PALMIRA
58                  PALMIRA
59                  PALMIRA
60                  PALMIRA
61                  PALMIRA
62                    YUMBO
63                    YUMBO
101            BUENAVENTURA
102     GUADALAJARA DE BUGA
103              CANDELARIA
104              CANDELARIA
105                 CARTAGO
106                 CARTAGO
107                 JAMUNDI
108                 JAMUNDI
109                   TULUA
191            BUGALAGRANDE
192              EL CERRITO
193                  ZARZAL
1073                 ALCALA
1074              ANDALUCIA
1075           ANSERMANUEVO
1076                ARGELIA
1077                BOLIVAR
1078             CAICEDONIA
1079       CALIMA EL DARIEN
1080                  DAGUA
1081              EL AGUILA
1082               EL CAIRO
1083               EL DOVIO
1084                FLORIDA
1085                GINEBRA
1086                GUACARI
1087              LA CUMBRE
1088               LA UNION
1089            LA VICTORIA
1090                 OBANDO
1091                PRADERA
1092               RESTREPO
1093                RIOFRIO
1094             ROLDANILLO
1095              SAN PEDRO
1096                SEVILLA
1097                   TORO
1098               TRUJILLO
1099                  ULLOA
1100              VERSALLES
1101                  VIJES
1102                 YOTOCO
1229       SANTIAGO DE CALI
1230       SANTIAGO DE CALI
1231       SANTIAGO DE CALI
1232       SANTIAGO DE CALI
1233       SANTIAGO DE CALI
1234       SANTIAGO DE CALI
1235       SANTIAGO DE CALI
1236       SANTIAGO DE CALI
1237       SANTIAGO DE CALI
1238       SANTIAGO DE CALI
1239       SANTIAGO DE CALI
NAME: MUNICIPIO, DTYPE: OBJECT","57      MUNICIPIO
58      MUNICIPIO
59      MUNICIPIO
60      MUNICIPIO
61      MUNICIPIO
62      MUNICIPIO
63      MUNICIPIO
101     MUNICIPIO
102     MUNICIPIO
103     MUNICIPIO
104     MUNICIPIO
105     MUNICIPIO
106     MUNICIPIO
107     MUNICIPIO
108     MUNICIPIO
109     MUNICIPIO
191     MUNICIPIO
192     MUNICIPIO
193     MUNICIPIO
1073    MUNICIPIO
1074    MUNICIPIO
1075    MUNICIPIO
1076    MUNICIPIO
1077    MUNICIPIO
1078    MUNICIPIO
1079    MUNICIPIO
1080    MUNICIPIO
1081    MUNICIPIO
1082    MUNICIPIO
1083    MUNICIPIO
1084    MUNICIPIO
1085    MUNICIPIO
1086    MUNICIPIO
1087    MUNICIPIO
1088    MUNICIPIO
1089    MUNICIPIO
1090    MUNICIPIO
1091    MUNICIPIO
1092    MUNICIPIO
1093    MUNICIPIO
1094    MUNICIPIO
1095    MUNICIPIO
1096    MUNICIPIO
1097    MUNICIPIO
1098    MUNICIPIO
1099    MUNICIPIO
1100    MUNICIPIO
1101    MUNICIPIO
1102    MUNICIPIO
1229    MUNICIPIO
1230    MUNICIPIO
1231    MUNICIPIO
1232    MUNICIPIO
1233    MUNICIPIO
1234    MUNICIPIO
1235    MUNICIPIO
1236    MUNICIPIO
1237    MUNICIPIO
1238    MUNICIPIO
1239    MUNICIPIO
NAME: MUNICIPIO, DTYPE: OBJECT","57        1
58        1
59        1
60        1
61        1
62        1
63        1
101       2
102       2
103       2
104       2
105       2
106       2
107       2
108       2
109       2
191       5
192       5
193       5
1073      6
1074      6
1075      6
1076      6
1077      6
1078      6
1079      6
1080      6
1081      6
1082      6
1083      6
1084      6
1085      6
1086      6
1087      6
1088      6
1089      6
1090      6
1091      6
1092      6
1093      6
1094      6
1095      6
1096      6
1097      6
1098      6
1099      6
1100      6
1101      6
1102      6
1229    ESP
1230    ESP
1231    ESP
1232    ESP
1233    ESP
1234    ESP
1235    ESP
1236    ESP
1237    ESP
1238    ESP
1239    ESP
NAME: MUNICIPIO, DTYPE: OBJECT",1,1,Comisaría de Familia Guacarí,Calle 4 # 8-16,NO TIENE,8:00 a 17:00,"3.763516,",-76.334208,"3°45'48.7""N 76°20'03.2""W",Directorio Comisarías Ley 2126
76,VALLE DEL CAUCA,"57      76520
58      76520
59      76520
60      76520
61      76520
62      76892
63      76892
101     76109
102     76111
103     76130
104     76130
105     76147
106     76147
107     76364
108     76364
109     76834
191     76113
192     76248
193     76895
1073    76020
1074    76036
1075    76041
1076    76054
1077    76100
1078    76122
1079    76126
1080    76233
1081    76243
1082    76246
1083    76250
1084    76275
1085    76306
1086    76318
1087    76377
1088    76400
1089    76403
1090    76497
1091    76563
1092    76606
1093    76616
1094    76622
1095    76670
1096    76736
1097    76823
1098    76828
1099    76845
1100    76863
1101    76869
1102    76890
1229    76001
1230    76001
1231    76001
1232    76001
1233    76001
1234    76001
1235    76001
1236    76001
1237    76001
1238    76001
1239    76001
NAME: MUNICIPIO, DTYPE: OBJECT","57                  PALMIRA
58                  PALMIRA
59                  PALMIRA
60                  PALMIRA
61                  PALMIRA
62                    YUMBO
63                    YUMBO
101            BUENAVENTURA
102     GUADALAJARA DE BUGA
103              CANDELARIA
104              CANDELARIA
105                 CARTAGO
106                 CARTAGO
107                 JAMUNDI
108                 JAMUNDI
109                   TULUA
191            BUGALAGRANDE
192              EL CERRITO
193                  ZARZAL
1073                 ALCALA
1074              ANDALUCIA
1075           ANSERMANUEVO
1076                ARGELIA
1077                BOLIVAR
1078             CAICEDONIA
1079       CALIMA EL DARIEN
1080                  DAGUA
1081              EL AGUILA
1082               EL CAIRO
1083               EL DOVIO
1084                FLORIDA
1085                GINEBRA
1086                GUACARI
1087              LA CUMBRE
1088               LA UNION
1089            LA VICTORIA
1090                 OBANDO
1091                PRADERA
1092               RESTREPO
1093                RIOFRIO
1094             ROLDANILLO
1095              SAN PEDRO
1096                SEVILLA
1097                   TORO
1098               TRUJILLO
1099                  ULLOA
1100              VERSALLES
1101                  VIJES
1102                 YOTOCO
1229       SANTIAGO DE CALI
1230       SANTIAGO DE CALI
1231       SANTIAGO DE CALI
1232       SANTIAGO DE CALI
1233       SANTIAGO DE CALI
1234       SANTIAGO DE CALI
1235       SANTIAGO DE CALI
1236       SANTIAGO DE CALI
1237       SANTIAGO DE CALI
1238       SANTIAGO DE CALI
1239       SANTIAGO DE CALI
NAME: MUNICIPIO, DTYPE: OBJECT","57      MUNICIPIO
58      MUNICIPIO
59      MUNICIPIO
60      MUNICIPIO
61      MUNICIPIO
62      MUNICIPIO
63      MUNICIPIO
101     MUNICIPIO
102     MUNICIPIO
103     MUNICIPIO
104     MUNICIPIO
105     MUNICIPIO
106     MUNICIPIO
107     MUNICIPIO
108     MUNICIPIO
109     MUNICIPIO
191     MUNICIPIO
192     MUNICIPIO
193     MUNICIPIO
1073    MUNICIPIO
1074    MUNICIPIO
1075    MUNICIPIO
1076    MUNICIPIO
1077    MUNICIPIO
1078    MUNICIPIO
1079    MUNICIPIO
1080    MUNICIPIO
1081    MUNICIPIO
1082    MUNICIPIO
1083    MUNICIPIO
1084    MUNICIPIO
1085    MUNICIPIO
1086    MUNICIPIO
1087    MUNICIPIO
1088    MUNICIPIO
1089    MUNICIPIO
1090    MUNICIPIO
1091    MUNICIPIO
1092    MUNICIPIO
1093    MUNICIPIO
1094    MUNICIPIO
1095    MUNICIPIO
1096    MUNICIPIO
1097    MUNICIPIO
1098    MUNICIPIO
1099    MUNICIPIO
1100    MUNICIPIO
1101    MUNICIPIO
1102    MUNICIPIO
1229    MUNICIPIO
1230    MUNICIPIO
1231    MUNICIPIO
1232    MUNICIPIO
1233    MUNICIPIO
1234    MUNICIPIO
1235    MUNICIPIO
1236    MUNICIPIO
1237    MUNICIPIO
1238    MUNICIPIO
1239    MUNICIPIO
NAME: MUNICIPIO, DTYPE: OBJECT","57        1
58        1
59        1
60        1
61        1
62        1
63        1
101       2
102       2
103       2
104       2
105       2
106       2
107       2
108       2
109       2
191       5
192       5
193       5
1073      6
1074      6
1075      6
1076      6
1077      6
1078      6
1079      6
1080      6
1081      6
1082      6
1083      6
1084      6
1085      6
1086      6
1087      6
1088      6
1089      6
1090      6
1091      6
1092      6
1093      6
1094      6
1095      6
1096      6
1097      6
1098      6
1099      6
1100      6
1101      6
1102      6
1229    ESP
1230    ESP
1231    ESP
1232    ESP
1233    ESP
1234    ESP
1235    ESP
1236    ESP
1237    ESP
1238    ESP
1239    ESP
NAME: MUNICIPIO, DTYPE: OBJECT",1,1,Comisaría de Familia La Cumbre,Calle 1 # 2-32,3156388035,L-V 8:00 a 12:00 - 13:00 a 17:00  - S: 8:00 a 12:00,"3.648326,",-76.567485,"3°38'54.0""N 76°34'03.0""W",Directorio Comisarías Ley 2126
76,VALLE DEL CAUCA,"57      76520
58      76520
59      76520
60      76520
61      76520
62      76892
63      76892
101     76109
102     76111
103     76130
104     76130
105     76147
106     76147
107     76364
108     76364
109     76834
191     76113
192     76248
193     76895
1073    76020
1074    76036
1075    76041
1076    76054
1077    76100
1078    76122
1079    76126
1080    76233
1081    76243
1082    76246
1083    76250
1084    76275
1085    76306
1086    76318
1087    76377
1088    76400
1089    76403
1090    76497
1091    76563
1092    76606
1093    76616
1094    76622
1095    76670
1096    76736
1097    76823
1098    76828
1099    76845
1100    76863
1101    76869
1102    76890
1229    76001
1230    76001
1231    76001
1232    76001
1233    76001
1234    76001
1235    76001
1236    76001
1237    76001
1238    76001
1239    76001
NAME: MUNICIPIO, DTYPE: OBJECT","57                  PALMIRA
58                  PALMIRA
59                  PALMIRA
60                  PALMIRA
61                  PALMIRA
62                    YUMBO
63                    YUMBO
101            BUENAVENTURA
102     GUADALAJARA DE BUGA
103              CANDELARIA
104              CANDELARIA
105                 CARTAGO
106                 CARTAGO
107                 JAMUNDI
108                 JAMUNDI
109                   TULUA
191            BUGALAGRANDE
192              EL CERRITO
193                  ZARZAL
1073                 ALCALA
1074              ANDALUCIA
1075           ANSERMANUEVO
1076                ARGELIA
1077                BOLIVAR
1078             CAICEDONIA
1079       CALIMA EL DARIEN
1080                  DAGUA
1081              EL AGUILA
1082               EL CAIRO
1083               EL DOVIO
1084                FLORIDA
1085                GINEBRA
1086                GUACARI
1087              LA CUMBRE
1088               LA UNION
1089            LA VICTORIA
1090                 OBANDO
1091                PRADERA
1092               RESTREPO
1093                RIOFRIO
1094             ROLDANILLO
1095              SAN PEDRO
1096                SEVILLA
1097                   TORO
1098               TRUJILLO
1099                  ULLOA
1100              VERSALLES
1101                  VIJES
1102                 YOTOCO
1229       SANTIAGO DE CALI
1230       SANTIAGO DE CALI
1231       SANTIAGO DE CALI
1232       SANTIAGO DE CALI
1233       SANTIAGO DE CALI
1234       SANTIAGO DE CALI
1235       SANTIAGO DE CALI
1236       SANTIAGO DE CALI
1237       SANTIAGO DE CALI
1238       SANTIAGO DE CALI
1239       SANTIAGO DE CALI
NAME: MUNICIPIO, DTYPE: OBJECT","57      MUNICIPIO
58      MUNICIPIO
59      MUNICIPIO
60      MUNICIPIO
61      MUNICIPIO
62      MUNICIPIO
63      MUNICIPIO
101     MUNICIPIO
102     MUNICIPIO
103     MUNICIPIO
104     MUNICIPIO
105     MUNICIPIO
106     MUNICIPIO
107     MUNICIPIO
108     MUNICIPIO
109     MUNICIPIO
191     MUNICIPIO
192     MUNICIPIO
193     MUNICIPIO
1073    MUNICIPIO
1074    MUNICIPIO
1075    MUNICIPIO
1076    MUNICIPIO
1077    MUNICIPIO
1078    MUNICIPIO
1079    MUNICIPIO
1080    MUNICIPIO
1081    MUNICIPIO
1082    MUNICIPIO
1083    MUNICIPIO
1084    MUNICIPIO
1085    MUNICIPIO
1086    MUNICIPIO
1087    MUNICIPIO
1088    MUNICIPIO
1089    MUNICIPIO
1090    MUNICIPIO
1091    MUNICIPIO
1092    MUNICIPIO
1093    MUNICIPIO
1094    MUNICIPIO
1095    MUNICIPIO
1096    MUNICIPIO
1097    MUNICIPIO
1098    MUNICIPIO
1099    MUNICIPIO
1100    MUNICIPIO
1101    MUNICIPIO
1102    MUNICIPIO
1229    MUNICIPIO
1230    MUNICIPIO
1231    MUNICIPIO
1232    MUNICIPIO
1233    MUNICIPIO
1234    MUNICIPIO
1235    MUNICIPIO
1236    MUNICIPIO
1237    MUNICIPIO
1238    MUNICIPIO
1239    MUNICIPIO
NAME: MUNICIPIO, DTYPE: OBJECT","57        1
58        1
59        1
60        1
61        1
62        1
63        1
101       2
102       2
103       2
104       2
105       2
106       2
107       2
108       2
109       2
191       5
192       5
193       5
1073      6
1074      6
1075      6
1076      6
1077      6
1078      6
1079      6
1080      6
1081      6
1082      6
1083      6
1084      6
1085      6
1086      6
1087      6
1088      6
1089      6
1090      6
1091      6
1092      6
1093      6
1094      6
1095      6
1096      6
1097      6
1098      6
1099      6
1100      6
1101      6
1102      6
1229    ESP
1230    ESP
1231    ESP
1232    ESP
1233    ESP
1234    ESP
1235    ESP
1236    ESP
1237    ESP
1238    ESP
1239    ESP
NAME: MUNICIPIO, DTYPE: OBJECT",1,1,Comisaría de Familia La Unión,Carrera 15 # 22-28,3183594712,8:00 a 12:00 - 14:00 a 18:00,"4.532557,",-76.102621,"4°31'57.2""N 76°06'09.4""W",Directorio Comisarías Ley 2126
76,VALLE DEL CAUCA,"57      76520
58      76520
59      76520
60      76520
61      76520
62      76892
63      76892
101     76109
102     76111
103     76130
104     76130
105     76147
106     76147
107     76364
108     76364
109     76834
191     76113
192     76248
193     76895
1073    76020
1074    76036
1075    76041
1076    76054
1077    76100
1078    76122
1079    76126
1080    76233
1081    76243
1082    76246
1083    76250
1084    76275
1085    76306
1086    76318
1087    76377
1088    76400
1089    76403
1090    76497
1091    76563
1092    76606
1093    76616
1094    76622
1095    76670
1096    76736
1097    76823
1098    76828
1099    76845
1100    76863
1101    76869
1102    76890
1229    76001
1230    76001
1231    76001
1232    76001
1233    76001
1234    76001
1235    76001
1236    76001
1237    76001
1238    76001
1239    76001
NAME: MUNICIPIO, DTYPE: OBJECT","57                  PALMIRA
58                  PALMIRA
59                  PALMIRA
60                  PALMIRA
61                  PALMIRA
62                    YUMBO
63                    YUMBO
101            BUENAVENTURA
102     GUADALAJARA DE BUGA
103              CANDELARIA
104              CANDELARIA
105                 CARTAGO
106                 CARTAGO
107                 JAMUNDI
108                 JAMUNDI
109                   TULUA
191            BUGALAGRANDE
192              EL CERRITO
193                  ZARZAL
1073                 ALCALA
1074              ANDALUCIA
1075           ANSERMANUEVO
1076                ARGELIA
1077                BOLIVAR
1078             CAICEDONIA
1079       CALIMA EL DARIEN
1080                  DAGUA
1081              EL AGUILA
1082               EL CAIRO
1083               EL DOVIO
1084                FLORIDA
1085                GINEBRA
1086                GUACARI
1087              LA CUMBRE
1088               LA UNION
1089            LA VICTORIA
1090                 OBANDO
1091                PRADERA
1092               RESTREPO
1093                RIOFRIO
1094             ROLDANILLO
1095              SAN PEDRO
1096                SEVILLA
1097                   TORO
1098               TRUJILLO
1099                  ULLOA
1100              VERSALLES
1101                  VIJES
1102                 YOTOCO
1229       SANTIAGO DE CALI
1230       SANTIAGO DE CALI
1231       SANTIAGO DE CALI
1232       SANTIAGO DE CALI
1233       SANTIAGO DE CALI
1234       SANTIAGO DE CALI
1235       SANTIAGO DE CALI
1236       SANTIAGO DE CALI
1237       SANTIAGO DE CALI
1238       SANTIAGO DE CALI
1239       SANTIAGO DE CALI
NAME: MUNICIPIO, DTYPE: OBJECT","57      MUNICIPIO
58      MUNICIPIO
59      MUNICIPIO
60      MUNICIPIO
61      MUNICIPIO
62      MUNICIPIO
63      MUNICIPIO
101     MUNICIPIO
102     MUNICIPIO
103     MUNICIPIO
104     MUNICIPIO
105     MUNICIPIO
106     MUNICIPIO
107     MUNICIPIO
108     MUNICIPIO
109     MUNICIPIO
191     MUNICIPIO
192     MUNICIPIO
193     MUNICIPIO
1073    MUNICIPIO
1074    MUNICIPIO
1075    MUNICIPIO
1076    MUNICIPIO
1077    MUNICIPIO
1078    MUNICIPIO
1079    MUNICIPIO
1080    MUNICIPIO
1081    MUNICIPIO
1082    MUNICIPIO
1083    MUNICIPIO
1084    MUNICIPIO
1085    MUNICIPIO
1086    MUNICIPIO
1087    MUNICIPIO
1088    MUNICIPIO
1089    MUNICIPIO
1090    MUNICIPIO
1091    MUNICIPIO
1092    MUNICIPIO
1093    MUNICIPIO
1094    MUNICIPIO
1095    MUNICIPIO
1096    MUNICIPIO
1097    MUNICIPIO
1098    MUNICIPIO
1099    MUNICIPIO
1100    MUNICIPIO
1101    MUNICIPIO
1102    MUNICIPIO
1229    MUNICIPIO
1230    MUNICIPIO
1231    MUNICIPIO
1232    MUNICIPIO
1233    MUNICIPIO
1234    MUNICIPIO
1235    MUNICIPIO
1236    MUNICIPIO
1237    MUNICIPIO
1238    MUNICIPIO
1239    MUNICIPIO
NAME: MUNICIPIO, DTYPE: OBJECT","57        1
58        1
59        1
60        1
61        1
62        1
63        1
101       2
102       2
103       2
104       2
105       2
106       2
107       2
108       2
109       2
191       5
192       5
193       5
1073      6
1074      6
1075      6
1076      6
1077      6
1078      6
1079      6
1080      6
1081      6
1082      6
1083      6
1084      6
1085      6
1086      6
1087      6
1088      6
1089      6
1090      6
1091      6
1092      6
1093      6
1094      6
1095      6
1096      6
1097      6
1098      6
1099      6
1100      6
1101      6
1102      6
1229    ESP
1230    ESP
1231    ESP
1232    ESP
1233    ESP
1234    ESP
1235    ESP
1236    ESP
1237    ESP
1238    ESP
1239    ESP
NAME: MUNICIPIO, DTYPE: OBJECT",1,1,Comisaría de Familia La Victoria,Carrera 7A # 8-45,3153548244,7:30 a 12:15 - 14:00 a 18:15,"4.523512,",-76.036196,"4°31'24.6""N 76°02'10.3""W",Directorio Comisarías Ley 2126
76,VALLE DEL CAUCA,"57      76520
58      76520
59      76520
60      76520
61      76520
62      76892
63      76892
101     76109
102     76111
103     76130
104     76130
105     76147
106     76147
107     76364
108     76364
109     76834
191     76113
192     76248
193     76895
1073    76020
1074    76036
1075    76041
1076    76054
1077    76100
1078    76122
1079    76126
1080    76233
1081    76243
1082    76246
1083    76250
1084    76275
1085    76306
1086    76318
1087    76377
1088    76400
1089    76403
1090    76497
1091    76563
1092    76606
1093    76616
1094    76622
1095    76670
1096    76736
1097    76823
1098    76828
1099    76845
1100    76863
1101    76869
1102    76890
1229    76001
1230    76001
1231    76001
1232    76001
1233    76001
1234    76001
1235    76001
1236    76001
1237    76001
1238    76001
1239    76001
NAME: MUNICIPIO, DTYPE: OBJECT","57                  PALMIRA
58                  PALMIRA
59                  PALMIRA
60                  PALMIRA
61                  PALMIRA
62                    YUMBO
63                    YUMBO
101            BUENAVENTURA
102     GUADALAJARA DE BUGA
103              CANDELARIA
104              CANDELARIA
105                 CARTAGO
106                 CARTAGO
107                 JAMUNDI
108                 JAMUNDI
109                   TULUA
191            BUGALAGRANDE
192              EL CERRITO
193                  ZARZAL
1073                 ALCALA
1074              ANDALUCIA
1075           ANSERMANUEVO
1076                ARGELIA
1077                BOLIVAR
1078             CAICEDONIA
1079       CALIMA EL DARIEN
1080                  DAGUA
1081              EL AGUILA
1082               EL CAIRO
1083               EL DOVIO
1084                FLORIDA
1085                GINEBRA
1086                GUACARI
1087              LA CUMBRE
1088               LA UNION
1089            LA VICTORIA
1090                 OBANDO
1091                PRADERA
1092               RESTREPO
1093                RIOFRIO
1094             ROLDANILLO
1095              SAN PEDRO
1096                SEVILLA
1097                   TORO
1098               TRUJILLO
1099                  ULLOA
1100              VERSALLES
1101                  VIJES
1102                 YOTOCO
1229       SANTIAGO DE CALI
1230       SANTIAGO DE CALI
1231       SANTIAGO DE CALI
1232       SANTIAGO DE CALI
1233       SANTIAGO DE CALI
1234       SANTIAGO DE CALI
1235       SANTIAGO DE CALI
1236       SANTIAGO DE CALI
1237       SANTIAGO DE CALI
1238       SANTIAGO DE CALI
1239       SANTIAGO DE CALI
NAME: MUNICIPIO, DTYPE: OBJECT","57      MUNICIPIO
58      MUNICIPIO
59      MUNICIPIO
60      MUNICIPIO
61      MUNICIPIO
62      MUNICIPIO
63      MUNICIPIO
101     MUNICIPIO
102     MUNICIPIO
103     MUNICIPIO
104     MUNICIPIO
105     MUNICIPIO
106     MUNICIPIO
107     MUNICIPIO
108     MUNICIPIO
109     MUNICIPIO
191     MUNICIPIO
192     MUNICIPIO
193     MUNICIPIO
1073    MUNICIPIO
1074    MUNICIPIO
1075    MUNICIPIO
1076    MUNICIPIO
1077    MUNICIPIO
1078    MUNICIPIO
1079    MUNICIPIO
1080    MUNICIPIO
1081    MUNICIPIO
1082    MUNICIPIO
1083    MUNICIPIO
1084    MUNICIPIO
1085    MUNICIPIO
1086    MUNICIPIO
1087    MUNICIPIO
1088    MUNICIPIO
1089    MUNICIPIO
1090    MUNICIPIO
1091    MUNICIPIO
1092    MUNICIPIO
1093    MUNICIPIO
1094    MUNICIPIO
1095    MUNICIPIO
1096    MUNICIPIO
1097    MUNICIPIO
1098    MUNICIPIO
1099    MUNICIPIO
1100    MUNICIPIO
1101    MUNICIPIO
1102    MUNICIPIO
1229    MUNICIPIO
1230    MUNICIPIO
1231    MUNICIPIO
1232    MUNICIPIO
1233    MUNICIPIO
1234    MUNICIPIO
1235    MUNICIPIO
1236    MUNICIPIO
1237    MUNICIPIO
1238    MUNICIPIO
1239    MUNICIPIO
NAME: MUNICIPIO, DTYPE: OBJECT","57        1
58        1
59        1
60        1
61        1
62        1
63        1
101       2
102       2
103       2
104       2
105       2
106       2
107       2
108       2
109       2
191       5
192       5
193       5
1073      6
1074      6
1075      6
1076      6
1077      6
1078      6
1079      6
1080      6
1081      6
1082      6
1083      6
1084      6
1085      6
1086      6
1087      6
1088      6
1089      6
1090      6
1091      6
1092      6
1093      6
1094      6
1095      6
1096      6
1097      6
1098      6
1099      6
1100      6
1101      6
1102      6
1229    ESP
1230    ESP
1231    ESP
1232    ESP
1233    ESP
1234    ESP
1235    ESP
1236    ESP
1237    ESP
1238    ESP
1239    ESP
NAME: MUNICIPIO, DTYPE: OBJECT",1,1,Comisaría de Familia Obando,Calle 3 # 1 Esquina,2053123,L-V 8:00 a 12:00 - 14:00 a 18:00,"4.575124,",-75.972117,"4°34'30.5""N 75°58'19.6""W",Directorio Comisarías Ley 2126
76,VALLE DEL CAUCA,"57      76520
58      76520
59      76520
60      76520
61      76520
62      76892
63      76892
101     76109
102     76111
103     76130
104     76130
105     76147
106     76147
107     76364
108     76364
109     76834
191     76113
192     76248
193     76895
1073    76020
1074    76036
1075    76041
1076    76054
1077    76100
1078    76122
1079    76126
1080    76233
1081    76243
1082    76246
1083    76250
1084    76275
1085    76306
1086    76318
1087    76377
1088    76400
1089    76403
1090    76497
1091    76563
1092    76606
1093    76616
1094    76622
1095    76670
1096    76736
1097    76823
1098    76828
1099    76845
1100    76863
1101    76869
1102    76890
1229    76001
1230    76001
1231    76001
1232    76001
1233    76001
1234    76001
1235    76001
1236    76001
1237    76001
1238    76001
1239    76001
NAME: MUNICIPIO, DTYPE: OBJECT","57                  PALMIRA
58                  PALMIRA
59                  PALMIRA
60                  PALMIRA
61                  PALMIRA
62                    YUMBO
63                    YUMBO
101            BUENAVENTURA
102     GUADALAJARA DE BUGA
103              CANDELARIA
104              CANDELARIA
105                 CARTAGO
106                 CARTAGO
107                 JAMUNDI
108                 JAMUNDI
109                   TULUA
191            BUGALAGRANDE
192              EL CERRITO
193                  ZARZAL
1073                 ALCALA
1074              ANDALUCIA
1075           ANSERMANUEVO
1076                ARGELIA
1077                BOLIVAR
1078             CAICEDONIA
1079       CALIMA EL DARIEN
1080                  DAGUA
1081              EL AGUILA
1082               EL CAIRO
1083               EL DOVIO
1084                FLORIDA
1085                GINEBRA
1086                GUACARI
1087              LA CUMBRE
1088               LA UNION
1089            LA VICTORIA
1090                 OBANDO
1091                PRADERA
1092               RESTREPO
1093                RIOFRIO
1094             ROLDANILLO
1095              SAN PEDRO
1096                SEVILLA
1097                   TORO
1098               TRUJILLO
1099                  ULLOA
1100              VERSALLES
1101                  VIJES
1102                 YOTOCO
1229       SANTIAGO DE CALI
1230       SANTIAGO DE CALI
1231       SANTIAGO DE CALI
1232       SANTIAGO DE CALI
1233       SANTIAGO DE CALI
1234       SANTIAGO DE CALI
1235       SANTIAGO DE CALI
1236       SANTIAGO DE CALI
1237       SANTIAGO DE CALI
1238       SANTIAGO DE CALI
1239       SANTIAGO DE CALI
NAME: MUNICIPIO, DTYPE: OBJECT","57      MUNICIPIO
58      MUNICIPIO
59      MUNICIPIO
60      MUNICIPIO
61      MUNICIPIO
62      MUNICIPIO
63      MUNICIPIO
101     MUNICIPIO
102     MUNICIPIO
103     MUNICIPIO
104     MUNICIPIO
105     MUNICIPIO
106     MUNICIPIO
107     MUNICIPIO
108     MUNICIPIO
109     MUNICIPIO
191     MUNICIPIO
192     MUNICIPIO
193     MUNICIPIO
1073    MUNICIPIO
1074    MUNICIPIO
1075    MUNICIPIO
1076    MUNICIPIO
1077    MUNICIPIO
1078    MUNICIPIO
1079    MUNICIPIO
1080    MUNICIPIO
1081    MUNICIPIO
1082    MUNICIPIO
1083    MUNICIPIO
1084    MUNICIPIO
1085    MUNICIPIO
1086    MUNICIPIO
1087    MUNICIPIO
1088    MUNICIPIO
1089    MUNICIPIO
1090    MUNICIPIO
1091    MUNICIPIO
1092    MUNICIPIO
1093    MUNICIPIO
1094    MUNICIPIO
1095    MUNICIPIO
1096    MUNICIPIO
1097    MUNICIPIO
1098    MUNICIPIO
1099    MUNICIPIO
1100    MUNICIPIO
1101    MUNICIPIO
1102    MUNICIPIO
1229    MUNICIPIO
1230    MUNICIPIO
1231    MUNICIPIO
1232    MUNICIPIO
1233    MUNICIPIO
1234    MUNICIPIO
1235    MUNICIPIO
1236    MUNICIPIO
1237    MUNICIPIO
1238    MUNICIPIO
1239    MUNICIPIO
NAME: MUNICIPIO, DTYPE: OBJECT","57        1
58        1
59        1
60        1
61        1
62        1
63        1
101       2
102       2
103       2
104       2
105       2
106       2
107       2
108       2
109       2
191       5
192       5
193       5
1073      6
1074      6
1075      6
1076      6
1077      6
1078      6
1079      6
1080      6
1081      6
1082      6
1083      6
1084      6
1085      6
1086      6
1087      6
1088      6
1089      6
1090      6
1091      6
1092      6
1093      6
1094      6
1095      6
1096      6
1097      6
1098      6
1099      6
1100      6
1101      6
1102      6
1229    ESP
1230    ESP
1231    ESP
1232    ESP
1233    ESP
1234    ESP
1235    ESP
1236    ESP
1237    ESP
1238    ESP
1239    ESP
NAME: MUNICIPIO, DTYPE: OBJECT",1,1,Comisaría de Familia Pradera,Carrera 8 # 7-65,3104248884,8:00 a 12:00 - 14:00 a 18:00,"3.420370,",-76.242187,"3°25'13.3""N 76°14'31.9""W",Directorio Comisarías Ley 2126
76,VALLE DEL CAUCA,"57      76520
58      76520
59      76520
60      76520
61      76520
62      76892
63      76892
101     76109
102     76111
103     76130
104     76130
105     76147
106     76147
107     76364
108     76364
109     76834
191     76113
192     76248
193     76895
1073    76020
1074    76036
1075    76041
1076    76054
1077    76100
1078    76122
1079    76126
1080    76233
1081    76243
1082    76246
1083    76250
1084    76275
1085    76306
1086    76318
1087    76377
1088    76400
1089    76403
1090    76497
1091    76563
1092    76606
1093    76616
1094    76622
1095    76670
1096    76736
1097    76823
1098    76828
1099    76845
1100    76863
1101    76869
1102    76890
1229    76001
1230    76001
1231    76001
1232    76001
1233    76001
1234    76001
1235    76001
1236    76001
1237    76001
1238    76001
1239    76001
NAME: MUNICIPIO, DTYPE: OBJECT","57                  PALMIRA
58                  PALMIRA
59                  PALMIRA
60                  PALMIRA
61                  PALMIRA
62                    YUMBO
63                    YUMBO
101            BUENAVENTURA
102     GUADALAJARA DE BUGA
103              CANDELARIA
104              CANDELARIA
105                 CARTAGO
106                 CARTAGO
107                 JAMUNDI
108                 JAMUNDI
109                   TULUA
191            BUGALAGRANDE
192              EL CERRITO
193                  ZARZAL
1073                 ALCALA
1074              ANDALUCIA
1075           ANSERMANUEVO
1076                ARGELIA
1077                BOLIVAR
1078             CAICEDONIA
1079       CALIMA EL DARIEN
1080                  DAGUA
1081              EL AGUILA
1082               EL CAIRO
1083               EL DOVIO
1084                FLORIDA
1085                GINEBRA
1086                GUACARI
1087              LA CUMBRE
1088               LA UNION
1089            LA VICTORIA
1090                 OBANDO
1091                PRADERA
1092               RESTREPO
1093                RIOFRIO
1094             ROLDANILLO
1095              SAN PEDRO
1096                SEVILLA
1097                   TORO
1098               TRUJILLO
1099                  ULLOA
1100              VERSALLES
1101                  VIJES
1102                 YOTOCO
1229       SANTIAGO DE CALI
1230       SANTIAGO DE CALI
1231       SANTIAGO DE CALI
1232       SANTIAGO DE CALI
1233       SANTIAGO DE CALI
1234       SANTIAGO DE CALI
1235       SANTIAGO DE CALI
1236       SANTIAGO DE CALI
1237       SANTIAGO DE CALI
1238       SANTIAGO DE CALI
1239       SANTIAGO DE CALI
NAME: MUNICIPIO, DTYPE: OBJECT","57      MUNICIPIO
58      MUNICIPIO
59      MUNICIPIO
60      MUNICIPIO
61      MUNICIPIO
62      MUNICIPIO
63      MUNICIPIO
101     MUNICIPIO
102     MUNICIPIO
103     MUNICIPIO
104     MUNICIPIO
105     MUNICIPIO
106     MUNICIPIO
107     MUNICIPIO
108     MUNICIPIO
109     MUNICIPIO
191     MUNICIPIO
192     MUNICIPIO
193     MUNICIPIO
1073    MUNICIPIO
1074    MUNICIPIO
1075    MUNICIPIO
1076    MUNICIPIO
1077    MUNICIPIO
1078    MUNICIPIO
1079    MUNICIPIO
1080    MUNICIPIO
1081    MUNICIPIO
1082    MUNICIPIO
1083    MUNICIPIO
1084    MUNICIPIO
1085    MUNICIPIO
1086    MUNICIPIO
1087    MUNICIPIO
1088    MUNICIPIO
1089    MUNICIPIO
1090    MUNICIPIO
1091    MUNICIPIO
1092    MUNICIPIO
1093    MUNICIPIO
1094    MUNICIPIO
1095    MUNICIPIO
1096    MUNICIPIO
1097    MUNICIPIO
1098    MUNICIPIO
1099    MUNICIPIO
1100    MUNICIPIO
1101    MUNICIPIO
1102    MUNICIPIO
1229    MUNICIPIO
1230    MUNICIPIO
1231    MUNICIPIO
1232    MUNICIPIO
1233    MUNICIPIO
1234    MUNICIPIO
1235    MUNICIPIO
1236    MUNICIPIO
1237    MUNICIPIO
1238    MUNICIPIO
1239    MUNICIPIO
NAME: MUNICIPIO, DTYPE: OBJECT","57        1
58        1
59        1
60        1
61        1
62        1
63        1
101       2
102       2
103       2
104       2
105       2
106       2
107       2
108       2
109       2
191       5
192       5
193       5
1073      6
1074      6
1075      6
1076      6
1077      6
1078      6
1079      6
1080      6
1081      6
1082      6
1083      6
1084      6
1085      6
1086      6
1087      6
1088      6
1089      6
1090      6
1091      6
1092      6
1093      6
1094      6
1095      6
1096      6
1097      6
1098      6
1099      6
1100      6
1101      6
1102      6
1229    ESP
1230    ESP
1231    ESP
1232    ESP
1233    ESP
1234    ESP
1235    ESP
1236    ESP
1237    ESP
1238    ESP
1239    ESP
NAME: MUNICIPIO, DTYPE: OBJECT",1,1,Comisaría de Familia Restrepo,Calle 10 No 13-90,NO TIENE,8:00 a 17:00,"3.821136,",-76.523415,"3°49'16.1""N 76°31'24.3""W",Directorio Comisarías Ley 2126
76,VALLE DEL CAUCA,"57      76520
58      76520
59      76520
60      76520
61      76520
62      76892
63      76892
101     76109
102     76111
103     76130
104     76130
105     76147
106     76147
107     76364
108     76364
109     76834
191     76113
192     76248
193     76895
1073    76020
1074    76036
1075    76041
1076    76054
1077    76100
1078    76122
1079    76126
1080    76233
1081    76243
1082    76246
1083    76250
1084    76275
1085    76306
1086    76318
1087    76377
1088    76400
1089    76403
1090    76497
1091    76563
1092    76606
1093    76616
1094    76622
1095    76670
1096    76736
1097    76823
1098    76828
1099    76845
1100    76863
1101    76869
1102    76890
1229    76001
1230    76001
1231    76001
1232    76001
1233    76001
1234    76001
1235    76001
1236    76001
1237    76001
1238    76001
1239    76001
NAME: MUNICIPIO, DTYPE: OBJECT","57                  PALMIRA
58                  PALMIRA
59                  PALMIRA
60                  PALMIRA
61                  PALMIRA
62                    YUMBO
63                    YUMBO
101            BUENAVENTURA
102     GUADALAJARA DE BUGA
103              CANDELARIA
104              CANDELARIA
105                 CARTAGO
106                 CARTAGO
107                 JAMUNDI
108                 JAMUNDI
109                   TULUA
191            BUGALAGRANDE
192              EL CERRITO
193                  ZARZAL
1073                 ALCALA
1074              ANDALUCIA
1075           ANSERMANUEVO
1076                ARGELIA
1077                BOLIVAR
1078             CAICEDONIA
1079       CALIMA EL DARIEN
1080                  DAGUA
1081              EL AGUILA
1082               EL CAIRO
1083               EL DOVIO
1084                FLORIDA
1085                GINEBRA
1086                GUACARI
1087              LA CUMBRE
1088               LA UNION
1089            LA VICTORIA
1090                 OBANDO
1091                PRADERA
1092               RESTREPO
1093                RIOFRIO
1094             ROLDANILLO
1095              SAN PEDRO
1096                SEVILLA
1097                   TORO
1098               TRUJILLO
1099                  ULLOA
1100              VERSALLES
1101                  VIJES
1102                 YOTOCO
1229       SANTIAGO DE CALI
1230       SANTIAGO DE CALI
1231       SANTIAGO DE CALI
1232       SANTIAGO DE CALI
1233       SANTIAGO DE CALI
1234       SANTIAGO DE CALI
1235       SANTIAGO DE CALI
1236       SANTIAGO DE CALI
1237       SANTIAGO DE CALI
1238       SANTIAGO DE CALI
1239       SANTIAGO DE CALI
NAME: MUNICIPIO, DTYPE: OBJECT","57      MUNICIPIO
58      MUNICIPIO
59      MUNICIPIO
60      MUNICIPIO
61      MUNICIPIO
62      MUNICIPIO
63      MUNICIPIO
101     MUNICIPIO
102     MUNICIPIO
103     MUNICIPIO
104     MUNICIPIO
105     MUNICIPIO
106     MUNICIPIO
107     MUNICIPIO
108     MUNICIPIO
109     MUNICIPIO
191     MUNICIPIO
192     MUNICIPIO
193     MUNICIPIO
1073    MUNICIPIO
1074    MUNICIPIO
1075    MUNICIPIO
1076    MUNICIPIO
1077    MUNICIPIO
1078    MUNICIPIO
1079    MUNICIPIO
1080    MUNICIPIO
1081    MUNICIPIO
1082    MUNICIPIO
1083    MUNICIPIO
1084    MUNICIPIO
1085    MUNICIPIO
1086    MUNICIPIO
1087    MUNICIPIO
1088    MUNICIPIO
1089    MUNICIPIO
1090    MUNICIPIO
1091    MUNICIPIO
1092    MUNICIPIO
1093    MUNICIPIO
1094    MUNICIPIO
1095    MUNICIPIO
1096    MUNICIPIO
1097    MUNICIPIO
1098    MUNICIPIO
1099    MUNICIPIO
1100    MUNICIPIO
1101    MUNICIPIO
1102    MUNICIPIO
1229    MUNICIPIO
1230    MUNICIPIO
1231    MUNICIPIO
1232    MUNICIPIO
1233    MUNICIPIO
1234    MUNICIPIO
1235    MUNICIPIO
1236    MUNICIPIO
1237    MUNICIPIO
1238    MUNICIPIO
1239    MUNICIPIO
NAME: MUNICIPIO, DTYPE: OBJECT","57        1
58        1
59        1
60        1
61        1
62        1
63        1
101       2
102       2
103       2
104       2
105       2
106       2
107       2
108       2
109       2
191       5
192       5
193       5
1073      6
1074      6
1075      6
1076      6
1077      6
1078      6
1079      6
1080      6
1081      6
1082      6
1083      6
1084      6
1085      6
1086      6
1087      6
1088      6
1089      6
1090      6
1091      6
1092      6
1093      6
1094      6
1095      6
1096      6
1097      6
1098      6
1099      6
1100      6
1101      6
1102      6
1229    ESP
1230    ESP
1231    ESP
1232    ESP
1233    ESP
1234    ESP
1235    ESP
1236    ESP
1237    ESP
1238    ESP
1239    ESP
NAME: MUNICIPIO, DTYPE: OBJECT",1,1,Comisaría de Familia Riofrío,Carrera 9 # 3-31,3235875729,L-J 7:30 a 17:30  - V: 730 a 16:30,"4.155496,",-76.287320,"4°09'19.8""N 76°17'14.4""W",Directorio Comisarías Ley 2126
76,VALLE DEL CAUCA,"57      76520
58      76520
59      76520
60      76520
61      76520
62      76892
63      76892
101     76109
102     76111
103     76130
104     76130
105     76147
106     76147
107     76364
108     76364
109     76834
191     76113
192     76248
193     76895
1073    76020
1074    76036
1075    76041
1076    76054
1077    76100
1078    76122
1079    76126
1080    76233
1081    76243
1082    76246
1083    76250
1084    76275
1085    76306
1086    76318
1087    76377
1088    76400
1089    76403
1090    76497
1091    76563
1092    76606
1093    76616
1094    76622
1095    76670
1096    76736
1097    76823
1098    76828
1099    76845
1100    76863
1101    76869
1102    76890
1229    76001
1230    76001
1231    76001
1232    76001
1233    76001
1234    76001
1235    76001
1236    76001
1237    76001
1238    76001
1239    76001
NAME: MUNICIPIO, DTYPE: OBJECT","57                  PALMIRA
58                  PALMIRA
59                  PALMIRA
60                  PALMIRA
61                  PALMIRA
62                    YUMBO
63                    YUMBO
101            BUENAVENTURA
102     GUADALAJARA DE BUGA
103              CANDELARIA
104              CANDELARIA
105                 CARTAGO
106                 CARTAGO
107                 JAMUNDI
108                 JAMUNDI
109                   TULUA
191            BUGALAGRANDE
192              EL CERRITO
193                  ZARZAL
1073                 ALCALA
1074              ANDALUCIA
1075           ANSERMANUEVO
1076                ARGELIA
1077                BOLIVAR
1078             CAICEDONIA
1079       CALIMA EL DARIEN
1080                  DAGUA
1081              EL AGUILA
1082               EL CAIRO
1083               EL DOVIO
1084                FLORIDA
1085                GINEBRA
1086                GUACARI
1087              LA CUMBRE
1088               LA UNION
1089            LA VICTORIA
1090                 OBANDO
1091                PRADERA
1092               RESTREPO
1093                RIOFRIO
1094             ROLDANILLO
1095              SAN PEDRO
1096                SEVILLA
1097                   TORO
1098               TRUJILLO
1099                  ULLOA
1100              VERSALLES
1101                  VIJES
1102                 YOTOCO
1229       SANTIAGO DE CALI
1230       SANTIAGO DE CALI
1231       SANTIAGO DE CALI
1232       SANTIAGO DE CALI
1233       SANTIAGO DE CALI
1234       SANTIAGO DE CALI
1235       SANTIAGO DE CALI
1236       SANTIAGO DE CALI
1237       SANTIAGO DE CALI
1238       SANTIAGO DE CALI
1239       SANTIAGO DE CALI
NAME: MUNICIPIO, DTYPE: OBJECT","57      MUNICIPIO
58      MUNICIPIO
59      MUNICIPIO
60      MUNICIPIO
61      MUNICIPIO
62      MUNICIPIO
63      MUNICIPIO
101     MUNICIPIO
102     MUNICIPIO
103     MUNICIPIO
104     MUNICIPIO
105     MUNICIPIO
106     MUNICIPIO
107     MUNICIPIO
108     MUNICIPIO
109     MUNICIPIO
191     MUNICIPIO
192     MUNICIPIO
193     MUNICIPIO
1073    MUNICIPIO
1074    MUNICIPIO
1075    MUNICIPIO
1076    MUNICIPIO
1077    MUNICIPIO
1078    MUNICIPIO
1079    MUNICIPIO
1080    MUNICIPIO
1081    MUNICIPIO
1082    MUNICIPIO
1083    MUNICIPIO
1084    MUNICIPIO
1085    MUNICIPIO
1086    MUNICIPIO
1087    MUNICIPIO
1088    MUNICIPIO
1089    MUNICIPIO
1090    MUNICIPIO
1091    MUNICIPIO
1092    MUNICIPIO
1093    MUNICIPIO
1094    MUNICIPIO
1095    MUNICIPIO
1096    MUNICIPIO
1097    MUNICIPIO
1098    MUNICIPIO
1099    MUNICIPIO
1100    MUNICIPIO
1101    MUNICIPIO
1102    MUNICIPIO
1229    MUNICIPIO
1230    MUNICIPIO
1231    MUNICIPIO
1232    MUNICIPIO
1233    MUNICIPIO
1234    MUNICIPIO
1235    MUNICIPIO
1236    MUNICIPIO
1237    MUNICIPIO
1238    MUNICIPIO
1239    MUNICIPIO
NAME: MUNICIPIO, DTYPE: OBJECT","57        1
58        1
59        1
60        1
61        1
62        1
63        1
101       2
102       2
103       2
104       2
105       2
106       2
107       2
108       2
109       2
191       5
192       5
193       5
1073      6
1074      6
1075      6
1076      6
1077      6
1078      6
1079      6
1080      6
1081      6
1082      6
1083      6
1084      6
1085      6
1086      6
1087      6
1088      6
1089      6
1090      6
1091      6
1092      6
1093      6
1094      6
1095      6
1096      6
1097      6
1098      6
1099      6
1100      6
1101      6
1102      6
1229    ESP
1230    ESP
1231    ESP
1232    ESP
1233    ESP
1234    ESP
1235    ESP
1236    ESP
1237    ESP
1238    ESP
1239    ESP
NAME: MUNICIPIO, DTYPE: OBJECT",1,0,Comisaría de Familia Roldanillo,Carrera 7 # 7-17,+57 602 249 0000,L-V 7:30 a 18:00,"4.411128,",-76.154493,"4°24'40.1""N 76°09'16.2""W",Directorio Comisarías Ley 2126
76,VALLE DEL CAUCA,"57      76520
58      76520
59      76520
60      76520
61      76520
62      76892
63      76892
101     76109
102     76111
103     76130
104     76130
105     76147
106     76147
107     76364
108     76364
109     76834
191     76113
192     76248
193     76895
1073    76020
1074    76036
1075    76041
1076    76054
1077    76100
1078    76122
1079    76126
1080    76233
1081    76243
1082    76246
1083    76250
1084    76275
1085    76306
1086    76318
1087    76377
1088    76400
1089    76403
1090    76497
1091    76563
1092    76606
1093    76616
1094    76622
1095    76670
1096    76736
1097    76823
1098    76828
1099    76845
1100    76863
1101    76869
1102    76890
1229    76001
1230    76001
1231    76001
1232    76001
1233    76001
1234    76001
1235    76001
1236    76001
1237    76001
1238    76001
1239    76001
NAME: MUNICIPIO, DTYPE: OBJECT","57                  PALMIRA
58                  PALMIRA
59                  PALMIRA
60                  PALMIRA
61                  PALMIRA
62                    YUMBO
63                    YUMBO
101            BUENAVENTURA
102     GUADALAJARA DE BUGA
103              CANDELARIA
104              CANDELARIA
105                 CARTAGO
106                 CARTAGO
107                 JAMUNDI
108                 JAMUNDI
109                   TULUA
191            BUGALAGRANDE
192              EL CERRITO
193                  ZARZAL
1073                 ALCALA
1074              ANDALUCIA
1075           ANSERMANUEVO
1076                ARGELIA
1077                BOLIVAR
1078             CAICEDONIA
1079       CALIMA EL DARIEN
1080                  DAGUA
1081              EL AGUILA
1082               EL CAIRO
1083               EL DOVIO
1084                FLORIDA
1085                GINEBRA
1086                GUACARI
1087              LA CUMBRE
1088               LA UNION
1089            LA VICTORIA
1090                 OBANDO
1091                PRADERA
1092               RESTREPO
1093                RIOFRIO
1094             ROLDANILLO
1095              SAN PEDRO
1096                SEVILLA
1097                   TORO
1098               TRUJILLO
1099                  ULLOA
1100              VERSALLES
1101                  VIJES
1102                 YOTOCO
1229       SANTIAGO DE CALI
1230       SANTIAGO DE CALI
1231       SANTIAGO DE CALI
1232       SANTIAGO DE CALI
1233       SANTIAGO DE CALI
1234       SANTIAGO DE CALI
1235       SANTIAGO DE CALI
1236       SANTIAGO DE CALI
1237       SANTIAGO DE CALI
1238       SANTIAGO DE CALI
1239       SANTIAGO DE CALI
NAME: MUNICIPIO, DTYPE: OBJECT","57      MUNICIPIO
58      MUNICIPIO
59      MUNICIPIO
60      MUNICIPIO
61      MUNICIPIO
62      MUNICIPIO
63      MUNICIPIO
101     MUNICIPIO
102     MUNICIPIO
103     MUNICIPIO
104     MUNICIPIO
105     MUNICIPIO
106     MUNICIPIO
107     MUNICIPIO
108     MUNICIPIO
109     MUNICIPIO
191     MUNICIPIO
192     MUNICIPIO
193     MUNICIPIO
1073    MUNICIPIO
1074    MUNICIPIO
1075    MUNICIPIO
1076    MUNICIPIO
1077    MUNICIPIO
1078    MUNICIPIO
1079    MUNICIPIO
1080    MUNICIPIO
1081    MUNICIPIO
1082    MUNICIPIO
1083    MUNICIPIO
1084    MUNICIPIO
1085    MUNICIPIO
1086    MUNICIPIO
1087    MUNICIPIO
1088    MUNICIPIO
1089    MUNICIPIO
1090    MUNICIPIO
1091    MUNICIPIO
1092    MUNICIPIO
1093    MUNICIPIO
1094    MUNICIPIO
1095    MUNICIPIO
1096    MUNICIPIO
1097    MUNICIPIO
1098    MUNICIPIO
1099    MUNICIPIO
1100    MUNICIPIO
1101    MUNICIPIO
1102    MUNICIPIO
1229    MUNICIPIO
1230    MUNICIPIO
1231    MUNICIPIO
1232    MUNICIPIO
1233    MUNICIPIO
1234    MUNICIPIO
1235    MUNICIPIO
1236    MUNICIPIO
1237    MUNICIPIO
1238    MUNICIPIO
1239    MUNICIPIO
NAME: MUNICIPIO, DTYPE: OBJECT","57        1
58        1
59        1
60        1
61        1
62        1
63        1
101       2
102       2
103       2
104       2
105       2
106       2
107       2
108       2
109       2
191       5
192       5
193       5
1073      6
1074      6
1075      6
1076      6
1077      6
1078      6
1079      6
1080      6
1081      6
1082      6
1083      6
1084      6
1085      6
1086      6
1087      6
1088      6
1089      6
1090      6
1091      6
1092      6
1093      6
1094      6
1095      6
1096      6
1097      6
1098      6
1099      6
1100      6
1101      6
1102      6
1229    ESP
1230    ESP
1231    ESP
1232    ESP
1233    ESP
1234    ESP
1235    ESP
1236    ESP
1237    ESP
1238    ESP
1239    ESP
NAME: MUNICIPIO, DTYPE: OBJECT",1,1,Comisaría de Familia San Pedro,Calle 5 # 3-85,2238356,7:30 a 12:00 - 1:30 a 18:00,"3.995917,",-76.227561,"3°59'45.3""N 76°13'39.2""W",Directorio Comisarías Ley 2126
76,VALLE DEL CAUCA,"57      76520
58      76520
59      76520
60      76520
61      76520
62      76892
63      76892
101     76109
102     76111
103     76130
104     76130
105     76147
106     76147
107     76364
108     76364
109     76834
191     76113
192     76248
193     76895
1073    76020
1074    76036
1075    76041
1076    76054
1077    76100
1078    76122
1079    76126
1080    76233
1081    76243
1082    76246
1083    76250
1084    76275
1085    76306
1086    76318
1087    76377
1088    76400
1089    76403
1090    76497
1091    76563
1092    76606
1093    76616
1094    76622
1095    76670
1096    76736
1097    76823
1098    76828
1099    76845
1100    76863
1101    76869
1102    76890
1229    76001
1230    76001
1231    76001
1232    76001
1233    76001
1234    76001
1235    76001
1236    76001
1237    76001
1238    76001
1239    76001
NAME: MUNICIPIO, DTYPE: OBJECT","57                  PALMIRA
58                  PALMIRA
59                  PALMIRA
60                  PALMIRA
61                  PALMIRA
62                    YUMBO
63                    YUMBO
101            BUENAVENTURA
102     GUADALAJARA DE BUGA
103              CANDELARIA
104              CANDELARIA
105                 CARTAGO
106                 CARTAGO
107                 JAMUNDI
108                 JAMUNDI
109                   TULUA
191            BUGALAGRANDE
192              EL CERRITO
193                  ZARZAL
1073                 ALCALA
1074              ANDALUCIA
1075           ANSERMANUEVO
1076                ARGELIA
1077                BOLIVAR
1078             CAICEDONIA
1079       CALIMA EL DARIEN
1080                  DAGUA
1081              EL AGUILA
1082               EL CAIRO
1083               EL DOVIO
1084                FLORIDA
1085                GINEBRA
1086                GUACARI
1087              LA CUMBRE
1088               LA UNION
1089            LA VICTORIA
1090                 OBANDO
1091                PRADERA
1092               RESTREPO
1093                RIOFRIO
1094             ROLDANILLO
1095              SAN PEDRO
1096                SEVILLA
1097                   TORO
1098               TRUJILLO
1099                  ULLOA
1100              VERSALLES
1101                  VIJES
1102                 YOTOCO
1229       SANTIAGO DE CALI
1230       SANTIAGO DE CALI
1231       SANTIAGO DE CALI
1232       SANTIAGO DE CALI
1233       SANTIAGO DE CALI
1234       SANTIAGO DE CALI
1235       SANTIAGO DE CALI
1236       SANTIAGO DE CALI
1237       SANTIAGO DE CALI
1238       SANTIAGO DE CALI
1239       SANTIAGO DE CALI
NAME: MUNICIPIO, DTYPE: OBJECT","57      MUNICIPIO
58      MUNICIPIO
59      MUNICIPIO
60      MUNICIPIO
61      MUNICIPIO
62      MUNICIPIO
63      MUNICIPIO
101     MUNICIPIO
102     MUNICIPIO
103     MUNICIPIO
104     MUNICIPIO
105     MUNICIPIO
106     MUNICIPIO
107     MUNICIPIO
108     MUNICIPIO
109     MUNICIPIO
191     MUNICIPIO
192     MUNICIPIO
193     MUNICIPIO
1073    MUNICIPIO
1074    MUNICIPIO
1075    MUNICIPIO
1076    MUNICIPIO
1077    MUNICIPIO
1078    MUNICIPIO
1079    MUNICIPIO
1080    MUNICIPIO
1081    MUNICIPIO
1082    MUNICIPIO
1083    MUNICIPIO
1084    MUNICIPIO
1085    MUNICIPIO
1086    MUNICIPIO
1087    MUNICIPIO
1088    MUNICIPIO
1089    MUNICIPIO
1090    MUNICIPIO
1091    MUNICIPIO
1092    MUNICIPIO
1093    MUNICIPIO
1094    MUNICIPIO
1095    MUNICIPIO
1096    MUNICIPIO
1097    MUNICIPIO
1098    MUNICIPIO
1099    MUNICIPIO
1100    MUNICIPIO
1101    MUNICIPIO
1102    MUNICIPIO
1229    MUNICIPIO
1230    MUNICIPIO
1231    MUNICIPIO
1232    MUNICIPIO
1233    MUNICIPIO
1234    MUNICIPIO
1235    MUNICIPIO
1236    MUNICIPIO
1237    MUNICIPIO
1238    MUNICIPIO
1239    MUNICIPIO
NAME: MUNICIPIO, DTYPE: OBJECT","57        1
58        1
59        1
60        1
61        1
62        1
63        1
101       2
102       2
103       2
104       2
105       2
106       2
107       2
108       2
109       2
191       5
192       5
193       5
1073      6
1074      6
1075      6
1076      6
1077      6
1078      6
1079      6
1080      6
1081      6
1082      6
1083      6
1084      6
1085      6
1086      6
1087      6
1088      6
1089      6
1090      6
1091      6
1092      6
1093      6
1094      6
1095      6
1096      6
1097      6
1098      6
1099      6
1100      6
1101      6
1102      6
1229    ESP
1230    ESP
1231    ESP
1232    ESP
1233    ESP
1234    ESP
1235    ESP
1236    ESP
1237    ESP
1238    ESP
1239    ESP
NAME: MUNICIPIO, DTYPE: OBJECT",1,1,Comisaría de Familia Sevilla,Calle 51 # 50-10Esquina,3104046103,L-V 8:00 a 12:00 - 14:00 a 18:00  S: 8:00 a 12:00,"4.264879,",-75.934049,"4°15'53.6""N 75°56'02.6""W",Directorio Comisarías Ley 2126
76,VALLE DEL CAUCA,"57      76520
58      76520
59      76520
60      76520
61      76520
62      76892
63      76892
101     76109
102     76111
103     76130
104     76130
105     76147
106     76147
107     76364
108     76364
109     76834
191     76113
192     76248
193     76895
1073    76020
1074    76036
1075    76041
1076    76054
1077    76100
1078    76122
1079    76126
1080    76233
1081    76243
1082    76246
1083    76250
1084    76275
1085    76306
1086    76318
1087    76377
1088    76400
1089    76403
1090    76497
1091    76563
1092    76606
1093    76616
1094    76622
1095    76670
1096    76736
1097    76823
1098    76828
1099    76845
1100    76863
1101    76869
1102    76890
1229    76001
1230    76001
1231    76001
1232    76001
1233    76001
1234    76001
1235    76001
1236    76001
1237    76001
1238    76001
1239    76001
NAME: MUNICIPIO, DTYPE: OBJECT","57                  PALMIRA
58                  PALMIRA
59                  PALMIRA
60                  PALMIRA
61                  PALMIRA
62                    YUMBO
63                    YUMBO
101            BUENAVENTURA
102     GUADALAJARA DE BUGA
103              CANDELARIA
104              CANDELARIA
105                 CARTAGO
106                 CARTAGO
107                 JAMUNDI
108                 JAMUNDI
109                   TULUA
191            BUGALAGRANDE
192              EL CERRITO
193                  ZARZAL
1073                 ALCALA
1074              ANDALUCIA
1075           ANSERMANUEVO
1076                ARGELIA
1077                BOLIVAR
1078             CAICEDONIA
1079       CALIMA EL DARIEN
1080                  DAGUA
1081              EL AGUILA
1082               EL CAIRO
1083               EL DOVIO
1084                FLORIDA
1085                GINEBRA
1086                GUACARI
1087              LA CUMBRE
1088               LA UNION
1089            LA VICTORIA
1090                 OBANDO
1091                PRADERA
1092               RESTREPO
1093                RIOFRIO
1094             ROLDANILLO
1095              SAN PEDRO
1096                SEVILLA
1097                   TORO
1098               TRUJILLO
1099                  ULLOA
1100              VERSALLES
1101                  VIJES
1102                 YOTOCO
1229       SANTIAGO DE CALI
1230       SANTIAGO DE CALI
1231       SANTIAGO DE CALI
1232       SANTIAGO DE CALI
1233       SANTIAGO DE CALI
1234       SANTIAGO DE CALI
1235       SANTIAGO DE CALI
1236       SANTIAGO DE CALI
1237       SANTIAGO DE CALI
1238       SANTIAGO DE CALI
1239       SANTIAGO DE CALI
NAME: MUNICIPIO, DTYPE: OBJECT","57      MUNICIPIO
58      MUNICIPIO
59      MUNICIPIO
60      MUNICIPIO
61      MUNICIPIO
62      MUNICIPIO
63      MUNICIPIO
101     MUNICIPIO
102     MUNICIPIO
103     MUNICIPIO
104     MUNICIPIO
105     MUNICIPIO
106     MUNICIPIO
107     MUNICIPIO
108     MUNICIPIO
109     MUNICIPIO
191     MUNICIPIO
192     MUNICIPIO
193     MUNICIPIO
1073    MUNICIPIO
1074    MUNICIPIO
1075    MUNICIPIO
1076    MUNICIPIO
1077    MUNICIPIO
1078    MUNICIPIO
1079    MUNICIPIO
1080    MUNICIPIO
1081    MUNICIPIO
1082    MUNICIPIO
1083    MUNICIPIO
1084    MUNICIPIO
1085    MUNICIPIO
1086    MUNICIPIO
1087    MUNICIPIO
1088    MUNICIPIO
1089    MUNICIPIO
1090    MUNICIPIO
1091    MUNICIPIO
1092    MUNICIPIO
1093    MUNICIPIO
1094    MUNICIPIO
1095    MUNICIPIO
1096    MUNICIPIO
1097    MUNICIPIO
1098    MUNICIPIO
1099    MUNICIPIO
1100    MUNICIPIO
1101    MUNICIPIO
1102    MUNICIPIO
1229    MUNICIPIO
1230    MUNICIPIO
1231    MUNICIPIO
1232    MUNICIPIO
1233    MUNICIPIO
1234    MUNICIPIO
1235    MUNICIPIO
1236    MUNICIPIO
1237    MUNICIPIO
1238    MUNICIPIO
1239    MUNICIPIO
NAME: MUNICIPIO, DTYPE: OBJECT","57        1
58        1
59        1
60        1
61        1
62        1
63        1
101       2
102       2
103       2
104       2
105       2
106       2
107       2
108       2
109       2
191       5
192       5
193       5
1073      6
1074      6
1075      6
1076      6
1077      6
1078      6
1079      6
1080      6
1081      6
1082      6
1083      6
1084      6
1085      6
1086      6
1087      6
1088      6
1089      6
1090      6
1091      6
1092      6
1093      6
1094      6
1095      6
1096      6
1097      6
1098      6
1099      6
1100      6
1101      6
1102      6
1229    ESP
1230    ESP
1231    ESP
1232    ESP
1233    ESP
1234    ESP
1235    ESP
1236    ESP
1237    ESP
1238    ESP
1239    ESP
NAME: MUNICIPIO, DTYPE: OBJECT",1,1,Comisaría de Familia Toro,Calle 1 #3-09,6022210552,24/7,"4.609289,",-76.078633,"4°36'33.4""N 76°04'43.1""W",Directorio Comisarías Ley 2126
76,VALLE DEL CAUCA,"57      76520
58      76520
59      76520
60      76520
61      76520
62      76892
63      76892
101     76109
102     76111
103     76130
104     76130
105     76147
106     76147
107     76364
108     76364
109     76834
191     76113
192     76248
193     76895
1073    76020
1074    76036
1075    76041
1076    76054
1077    76100
1078    76122
1079    76126
1080    76233
1081    76243
1082    76246
1083    76250
1084    76275
1085    76306
1086    76318
1087    76377
1088    76400
1089    76403
1090    76497
1091    76563
1092    76606
1093    76616
1094    76622
1095    76670
1096    76736
1097    76823
1098    76828
1099    76845
1100    76863
1101    76869
1102    76890
1229    76001
1230    76001
1231    76001
1232    76001
1233    76001
1234    76001
1235    76001
1236    76001
1237    76001
1238    76001
1239    76001
NAME: MUNICIPIO, DTYPE: OBJECT","57                  PALMIRA
58                  PALMIRA
59                  PALMIRA
60                  PALMIRA
61                  PALMIRA
62                    YUMBO
63                    YUMBO
101            BUENAVENTURA
102     GUADALAJARA DE BUGA
103              CANDELARIA
104              CANDELARIA
105                 CARTAGO
106                 CARTAGO
107                 JAMUNDI
108                 JAMUNDI
109                   TULUA
191            BUGALAGRANDE
192              EL CERRITO
193                  ZARZAL
1073                 ALCALA
1074              ANDALUCIA
1075           ANSERMANUEVO
1076                ARGELIA
1077                BOLIVAR
1078             CAICEDONIA
1079       CALIMA EL DARIEN
1080                  DAGUA
1081              EL AGUILA
1082               EL CAIRO
1083               EL DOVIO
1084                FLORIDA
1085                GINEBRA
1086                GUACARI
1087              LA CUMBRE
1088               LA UNION
1089            LA VICTORIA
1090                 OBANDO
1091                PRADERA
1092               RESTREPO
1093                RIOFRIO
1094             ROLDANILLO
1095              SAN PEDRO
1096                SEVILLA
1097                   TORO
1098               TRUJILLO
1099                  ULLOA
1100              VERSALLES
1101                  VIJES
1102                 YOTOCO
1229       SANTIAGO DE CALI
1230       SANTIAGO DE CALI
1231       SANTIAGO DE CALI
1232       SANTIAGO DE CALI
1233       SANTIAGO DE CALI
1234       SANTIAGO DE CALI
1235       SANTIAGO DE CALI
1236       SANTIAGO DE CALI
1237       SANTIAGO DE CALI
1238       SANTIAGO DE CALI
1239       SANTIAGO DE CALI
NAME: MUNICIPIO, DTYPE: OBJECT","57      MUNICIPIO
58      MUNICIPIO
59      MUNICIPIO
60      MUNICIPIO
61      MUNICIPIO
62      MUNICIPIO
63      MUNICIPIO
101     MUNICIPIO
102     MUNICIPIO
103     MUNICIPIO
104     MUNICIPIO
105     MUNICIPIO
106     MUNICIPIO
107     MUNICIPIO
108     MUNICIPIO
109     MUNICIPIO
191     MUNICIPIO
192     MUNICIPIO
193     MUNICIPIO
1073    MUNICIPIO
1074    MUNICIPIO
1075    MUNICIPIO
1076    MUNICIPIO
1077    MUNICIPIO
1078    MUNICIPIO
1079    MUNICIPIO
1080    MUNICIPIO
1081    MUNICIPIO
1082    MUNICIPIO
1083    MUNICIPIO
1084    MUNICIPIO
1085    MUNICIPIO
1086    MUNICIPIO
1087    MUNICIPIO
1088    MUNICIPIO
1089    MUNICIPIO
1090    MUNICIPIO
1091    MUNICIPIO
1092    MUNICIPIO
1093    MUNICIPIO
1094    MUNICIPIO
1095    MUNICIPIO
1096    MUNICIPIO
1097    MUNICIPIO
1098    MUNICIPIO
1099    MUNICIPIO
1100    MUNICIPIO
1101    MUNICIPIO
1102    MUNICIPIO
1229    MUNICIPIO
1230    MUNICIPIO
1231    MUNICIPIO
1232    MUNICIPIO
1233    MUNICIPIO
1234    MUNICIPIO
1235    MUNICIPIO
1236    MUNICIPIO
1237    MUNICIPIO
1238    MUNICIPIO
1239    MUNICIPIO
NAME: MUNICIPIO, DTYPE: OBJECT","57        1
58        1
59        1
60        1
61        1
62        1
63        1
101       2
102       2
103       2
104       2
105       2
106       2
107       2
108       2
109       2
191       5
192       5
193       5
1073      6
1074      6
1075      6
1076      6
1077      6
1078      6
1079      6
1080      6
1081      6
1082      6
1083      6
1084      6
1085      6
1086      6
1087      6
1088      6
1089      6
1090      6
1091      6
1092      6
1093      6
1094      6
1095      6
1096      6
1097      6
1098      6
1099      6
1100      6
1101      6
1102      6
1229    ESP
1230    ESP
1231    ESP
1232    ESP
1233    ESP
1234    ESP
1235    ESP
1236    ESP
1237    ESP
1238    ESP
1239    ESP
NAME: MUNICIPIO, DTYPE: OBJECT",1,1,Comisaría de Familia Trujillo,Calle 20 # 19-01,NO TIENE,8:00 a 17:00,"4.212490,",-76.318213,"4°12'45.0""N 76°19'05.6""W",Directorio Comisarías Ley 2126
76,VALLE DEL CAUCA,"57      76520
58      76520
59      76520
60      76520
61      76520
62      76892
63      76892
101     76109
102     76111
103     76130
104     76130
105     76147
106     76147
107     76364
108     76364
109     76834
191     76113
192     76248
193     76895
1073    76020
1074    76036
1075    76041
1076    76054
1077    76100
1078    76122
1079    76126
1080    76233
1081    76243
1082    76246
1083    76250
1084    76275
1085    76306
1086    76318
1087    76377
1088    76400
1089    76403
1090    76497
1091    76563
1092    76606
1093    76616
1094    76622
1095    76670
1096    76736
1097    76823
1098    76828
1099    76845
1100    76863
1101    76869
1102    76890
1229    76001
1230    76001
1231    76001
1232    76001
1233    76001
1234    76001
1235    76001
1236    76001
1237    76001
1238    76001
1239    76001
NAME: MUNICIPIO, DTYPE: OBJECT","57                  PALMIRA
58                  PALMIRA
59                  PALMIRA
60                  PALMIRA
61                  PALMIRA
62                    YUMBO
63                    YUMBO
101            BUENAVENTURA
102     GUADALAJARA DE BUGA
103              CANDELARIA
104              CANDELARIA
105                 CARTAGO
106                 CARTAGO
107                 JAMUNDI
108                 JAMUNDI
109                   TULUA
191            BUGALAGRANDE
192              EL CERRITO
193                  ZARZAL
1073                 ALCALA
1074              ANDALUCIA
1075           ANSERMANUEVO
1076                ARGELIA
1077                BOLIVAR
1078             CAICEDONIA
1079       CALIMA EL DARIEN
1080                  DAGUA
1081              EL AGUILA
1082               EL CAIRO
1083               EL DOVIO
1084                FLORIDA
1085                GINEBRA
1086                GUACARI
1087              LA CUMBRE
1088               LA UNION
1089            LA VICTORIA
1090                 OBANDO
1091                PRADERA
1092               RESTREPO
1093                RIOFRIO
1094             ROLDANILLO
1095              SAN PEDRO
1096                SEVILLA
1097                   TORO
1098               TRUJILLO
1099                  ULLOA
1100              VERSALLES
1101                  VIJES
1102                 YOTOCO
1229       SANTIAGO DE CALI
1230       SANTIAGO DE CALI
1231       SANTIAGO DE CALI
1232       SANTIAGO DE CALI
1233       SANTIAGO DE CALI
1234       SANTIAGO DE CALI
1235       SANTIAGO DE CALI
1236       SANTIAGO DE CALI
1237       SANTIAGO DE CALI
1238       SANTIAGO DE CALI
1239       SANTIAGO DE CALI
NAME: MUNICIPIO, DTYPE: OBJECT","57      MUNICIPIO
58      MUNICIPIO
59      MUNICIPIO
60      MUNICIPIO
61      MUNICIPIO
62      MUNICIPIO
63      MUNICIPIO
101     MUNICIPIO
102     MUNICIPIO
103     MUNICIPIO
104     MUNICIPIO
105     MUNICIPIO
106     MUNICIPIO
107     MUNICIPIO
108     MUNICIPIO
109     MUNICIPIO
191     MUNICIPIO
192     MUNICIPIO
193     MUNICIPIO
1073    MUNICIPIO
1074    MUNICIPIO
1075    MUNICIPIO
1076    MUNICIPIO
1077    MUNICIPIO
1078    MUNICIPIO
1079    MUNICIPIO
1080    MUNICIPIO
1081    MUNICIPIO
1082    MUNICIPIO
1083    MUNICIPIO
1084    MUNICIPIO
1085    MUNICIPIO
1086    MUNICIPIO
1087    MUNICIPIO
1088    MUNICIPIO
1089    MUNICIPIO
1090    MUNICIPIO
1091    MUNICIPIO
1092    MUNICIPIO
1093    MUNICIPIO
1094    MUNICIPIO
1095    MUNICIPIO
1096    MUNICIPIO
1097    MUNICIPIO
1098    MUNICIPIO
1099    MUNICIPIO
1100    MUNICIPIO
1101    MUNICIPIO
1102    MUNICIPIO
1229    MUNICIPIO
1230    MUNICIPIO
1231    MUNICIPIO
1232    MUNICIPIO
1233    MUNICIPIO
1234    MUNICIPIO
1235    MUNICIPIO
1236    MUNICIPIO
1237    MUNICIPIO
1238    MUNICIPIO
1239    MUNICIPIO
NAME: MUNICIPIO, DTYPE: OBJECT","57        1
58        1
59        1
60        1
61        1
62        1
63        1
101       2
102       2
103       2
104       2
105       2
106       2
107       2
108       2
109       2
191       5
192       5
193       5
1073      6
1074      6
1075      6
1076      6
1077      6
1078      6
1079      6
1080      6
1081      6
1082      6
1083      6
1084      6
1085      6
1086      6
1087      6
1088      6
1089      6
1090      6
1091      6
1092      6
1093      6
1094      6
1095      6
1096      6
1097      6
1098      6
1099      6
1100      6
1101      6
1102      6
1229    ESP
1230    ESP
1231    ESP
1232    ESP
1233    ESP
1234    ESP
1235    ESP
1236    ESP
1237    ESP
1238    ESP
1239    ESP
NAME: MUNICIPIO, DTYPE: OBJECT",1,1,Comisaría de Familia Ulloa,Calle 5 # 2-07,3217575067,7:30 a 12:30 -  14:00 a 18:00,"4.703437,",-75.737427,"4°42'12.4""N 75°44'14.7""W",Directorio Comisarías Ley 2126
76,VALLE DEL CAUCA,"57      76520
58      76520
59      76520
60      76520
61      76520
62      76892
63      76892
101     76109
102     76111
103     76130
104     76130
105     76147
106     76147
107     76364
108     76364
109     76834
191     76113
192     76248
193     76895
1073    76020
1074    76036
1075    76041
1076    76054
1077    76100
1078    76122
1079    76126
1080    76233
1081    76243
1082    76246
1083    76250
1084    76275
1085    76306
1086    76318
1087    76377
1088    76400
1089    76403
1090    76497
1091    76563
1092    76606
1093    76616
1094    76622
1095    76670
1096    76736
1097    76823
1098    76828
1099    76845
1100    76863
1101    76869
1102    76890
1229    76001
1230    76001
1231    76001
1232    76001
1233    76001
1234    76001
1235    76001
1236    76001
1237    76001
1238    76001
1239    76001
NAME: MUNICIPIO, DTYPE: OBJECT","57                  PALMIRA
58                  PALMIRA
59                  PALMIRA
60                  PALMIRA
61                  PALMIRA
62                    YUMBO
63                    YUMBO
101            BUENAVENTURA
102     GUADALAJARA DE BUGA
103              CANDELARIA
104              CANDELARIA
105                 CARTAGO
106                 CARTAGO
107                 JAMUNDI
108                 JAMUNDI
109                   TULUA
191            BUGALAGRANDE
192              EL CERRITO
193                  ZARZAL
1073                 ALCALA
1074              ANDALUCIA
1075           ANSERMANUEVO
1076                ARGELIA
1077                BOLIVAR
1078             CAICEDONIA
1079       CALIMA EL DARIEN
1080                  DAGUA
1081              EL AGUILA
1082               EL CAIRO
1083               EL DOVIO
1084                FLORIDA
1085                GINEBRA
1086                GUACARI
1087              LA CUMBRE
1088               LA UNION
1089            LA VICTORIA
1090                 OBANDO
1091                PRADERA
1092               RESTREPO
1093                RIOFRIO
1094             ROLDANILLO
1095              SAN PEDRO
1096                SEVILLA
1097                   TORO
1098               TRUJILLO
1099                  ULLOA
1100              VERSALLES
1101                  VIJES
1102                 YOTOCO
1229       SANTIAGO DE CALI
1230       SANTIAGO DE CALI
1231       SANTIAGO DE CALI
1232       SANTIAGO DE CALI
1233       SANTIAGO DE CALI
1234       SANTIAGO DE CALI
1235       SANTIAGO DE CALI
1236       SANTIAGO DE CALI
1237       SANTIAGO DE CALI
1238       SANTIAGO DE CALI
1239       SANTIAGO DE CALI
NAME: MUNICIPIO, DTYPE: OBJECT","57      MUNICIPIO
58      MUNICIPIO
59      MUNICIPIO
60      MUNICIPIO
61      MUNICIPIO
62      MUNICIPIO
63      MUNICIPIO
101     MUNICIPIO
102     MUNICIPIO
103     MUNICIPIO
104     MUNICIPIO
105     MUNICIPIO
106     MUNICIPIO
107     MUNICIPIO
108     MUNICIPIO
109     MUNICIPIO
191     MUNICIPIO
192     MUNICIPIO
193     MUNICIPIO
1073    MUNICIPIO
1074    MUNICIPIO
1075    MUNICIPIO
1076    MUNICIPIO
1077    MUNICIPIO
1078    MUNICIPIO
1079    MUNICIPIO
1080    MUNICIPIO
1081    MUNICIPIO
1082    MUNICIPIO
1083    MUNICIPIO
1084    MUNICIPIO
1085    MUNICIPIO
1086    MUNICIPIO
1087    MUNICIPIO
1088    MUNICIPIO
1089    MUNICIPIO
1090    MUNICIPIO
1091    MUNICIPIO
1092    MUNICIPIO
1093    MUNICIPIO
1094    MUNICIPIO
1095    MUNICIPIO
1096    MUNICIPIO
1097    MUNICIPIO
1098    MUNICIPIO
1099    MUNICIPIO
1100    MUNICIPIO
1101    MUNICIPIO
1102    MUNICIPIO
1229    MUNICIPIO
1230    MUNICIPIO
1231    MUNICIPIO
1232    MUNICIPIO
1233    MUNICIPIO
1234    MUNICIPIO
1235    MUNICIPIO
1236    MUNICIPIO
1237    MUNICIPIO
1238    MUNICIPIO
1239    MUNICIPIO
NAME: MUNICIPIO, DTYPE: OBJECT","57        1
58        1
59        1
60        1
61        1
62        1
63        1
101       2
102       2
103       2
104       2
105       2
106       2
107       2
108       2
109       2
191       5
192       5
193       5
1073      6
1074      6
1075      6
1076      6
1077      6
1078      6
1079      6
1080      6
1081      6
1082      6
1083      6
1084      6
1085      6
1086      6
1087      6
1088      6
1089      6
1090      6
1091      6
1092      6
1093      6
1094      6
1095      6
1096      6
1097      6
1098      6
1099      6
1100      6
1101      6
1102      6
1229    ESP
1230    ESP
1231    ESP
1232    ESP
1233    ESP
1234    ESP
1235    ESP
1236    ESP
1237    ESP
1238    ESP
1239    ESP
NAME: MUNICIPIO, DTYPE: OBJECT",1,1,Comisaría de Familia Versalles,Calle 9 # 6A - 60,3218388565,L-J 8:00 a 12:00 - 13:00 a 18:00 V: 8:00 a 12:00 - 13:00 a 17:00,"4.575005,",-76.200028,"4°34'30.0""N 76°12'00.1""W",Directorio Comisarías Ley 2126
76,VALLE DEL CAUCA,"57      76520
58      76520
59      76520
60      76520
61      76520
62      76892
63      76892
101     76109
102     76111
103     76130
104     76130
105     76147
106     76147
107     76364
108     76364
109     76834
191     76113
192     76248
193     76895
1073    76020
1074    76036
1075    76041
1076    76054
1077    76100
1078    76122
1079    76126
1080    76233
1081    76243
1082    76246
1083    76250
1084    76275
1085    76306
1086    76318
1087    76377
1088    76400
1089    76403
1090    76497
1091    76563
1092    76606
1093    76616
1094    76622
1095    76670
1096    76736
1097    76823
1098    76828
1099    76845
1100    76863
1101    76869
1102    76890
1229    76001
1230    76001
1231    76001
1232    76001
1233    76001
1234    76001
1235    76001
1236    76001
1237    76001
1238    76001
1239    76001
NAME: MUNICIPIO, DTYPE: OBJECT","57                  PALMIRA
58                  PALMIRA
59                  PALMIRA
60                  PALMIRA
61                  PALMIRA
62                    YUMBO
63                    YUMBO
101            BUENAVENTURA
102     GUADALAJARA DE BUGA
103              CANDELARIA
104              CANDELARIA
105                 CARTAGO
106                 CARTAGO
107                 JAMUNDI
108                 JAMUNDI
109                   TULUA
191            BUGALAGRANDE
192              EL CERRITO
193                  ZARZAL
1073                 ALCALA
1074              ANDALUCIA
1075           ANSERMANUEVO
1076                ARGELIA
1077                BOLIVAR
1078             CAICEDONIA
1079       CALIMA EL DARIEN
1080                  DAGUA
1081              EL AGUILA
1082               EL CAIRO
1083               EL DOVIO
1084                FLORIDA
1085                GINEBRA
1086                GUACARI
1087              LA CUMBRE
1088               LA UNION
1089            LA VICTORIA
1090                 OBANDO
1091                PRADERA
1092               RESTREPO
1093                RIOFRIO
1094             ROLDANILLO
1095              SAN PEDRO
1096                SEVILLA
1097                   TORO
1098               TRUJILLO
1099                  ULLOA
1100              VERSALLES
1101                  VIJES
1102                 YOTOCO
1229       SANTIAGO DE CALI
1230       SANTIAGO DE CALI
1231       SANTIAGO DE CALI
1232       SANTIAGO DE CALI
1233       SANTIAGO DE CALI
1234       SANTIAGO DE CALI
1235       SANTIAGO DE CALI
1236       SANTIAGO DE CALI
1237       SANTIAGO DE CALI
1238       SANTIAGO DE CALI
1239       SANTIAGO DE CALI
NAME: MUNICIPIO, DTYPE: OBJECT","57      MUNICIPIO
58      MUNICIPIO
59      MUNICIPIO
60      MUNICIPIO
61      MUNICIPIO
62      MUNICIPIO
63      MUNICIPIO
101     MUNICIPIO
102     MUNICIPIO
103     MUNICIPIO
104     MUNICIPIO
105     MUNICIPIO
106     MUNICIPIO
107     MUNICIPIO
108     MUNICIPIO
109     MUNICIPIO
191     MUNICIPIO
192     MUNICIPIO
193     MUNICIPIO
1073    MUNICIPIO
1074    MUNICIPIO
1075    MUNICIPIO
1076    MUNICIPIO
1077    MUNICIPIO
1078    MUNICIPIO
1079    MUNICIPIO
1080    MUNICIPIO
1081    MUNICIPIO
1082    MUNICIPIO
1083    MUNICIPIO
1084    MUNICIPIO
1085    MUNICIPIO
1086    MUNICIPIO
1087    MUNICIPIO
1088    MUNICIPIO
1089    MUNICIPIO
1090    MUNICIPIO
1091    MUNICIPIO
1092    MUNICIPIO
1093    MUNICIPIO
1094    MUNICIPIO
1095    MUNICIPIO
1096    MUNICIPIO
1097    MUNICIPIO
1098    MUNICIPIO
1099    MUNICIPIO
1100    MUNICIPIO
1101    MUNICIPIO
1102    MUNICIPIO
1229    MUNICIPIO
1230    MUNICIPIO
1231    MUNICIPIO
1232    MUNICIPIO
1233    MUNICIPIO
1234    MUNICIPIO
1235    MUNICIPIO
1236    MUNICIPIO
1237    MUNICIPIO
1238    MUNICIPIO
1239    MUNICIPIO
NAME: MUNICIPIO, DTYPE: OBJECT","57        1
58        1
59        1
60        1
61        1
62        1
63        1
101       2
102       2
103       2
104       2
105       2
106       2
107       2
108       2
109       2
191       5
192       5
193       5
1073      6
1074      6
1075      6
1076      6
1077      6
1078      6
1079      6
1080      6
1081      6
1082      6
1083      6
1084      6
1085      6
1086      6
1087      6
1088      6
1089      6
1090      6
1091      6
1092      6
1093      6
1094      6
1095      6
1096      6
1097      6
1098      6
1099      6
1100      6
1101      6
1102      6
1229    ESP
1230    ESP
1231    ESP
1232    ESP
1233    ESP
1234    ESP
1235    ESP
1236    ESP
1237    ESP
1238    ESP
1239    ESP
NAME: MUNICIPIO, DTYPE: OBJECT",1,1,Comisaría de Familia Ulloa,Carrera 5 # 5-37,602 252028,L-V 08:00 a 12:00 - 14:00 a 18:00  S: 08:00 a 12:00,"3.700802,",-76.442440,"3°42'02.9""N 76°26'32.8""W",Directorio Comisarías Ley 2126
76,VALLE DEL CAUCA,"57      76520
58      76520
59      76520
60      76520
61      76520
62      76892
63      76892
101     76109
102     76111
103     76130
104     76130
105     76147
106     76147
107     76364
108     76364
109     76834
191     76113
192     76248
193     76895
1073    76020
1074    76036
1075    76041
1076    76054
1077    76100
1078    76122
1079    76126
1080    76233
1081    76243
1082    76246
1083    76250
1084    76275
1085    76306
1086    76318
1087    76377
1088    76400
1089    76403
1090    76497
1091    76563
1092    76606
1093    76616
1094    76622
1095    76670
1096    76736
1097    76823
1098    76828
1099    76845
1100    76863
1101    76869
1102    76890
1229    76001
1230    76001
1231    76001
1232    76001
1233    76001
1234    76001
1235    76001
1236    76001
1237    76001
1238    76001
1239    76001
NAME: MUNICIPIO, DTYPE: OBJECT","57                  PALMIRA
58                  PALMIRA
59                  PALMIRA
60                  PALMIRA
61                  PALMIRA
62                    YUMBO
63                    YUMBO
101            BUENAVENTURA
102     GUADALAJARA DE BUGA
103              CANDELARIA
104              CANDELARIA
105                 CARTAGO
106                 CARTAGO
107                 JAMUNDI
108                 JAMUNDI
109                   TULUA
191            BUGALAGRANDE
192              EL CERRITO
193                  ZARZAL
1073                 ALCALA
1074              ANDALUCIA
1075           ANSERMANUEVO
1076                ARGELIA
1077                BOLIVAR
1078             CAICEDONIA
1079       CALIMA EL DARIEN
1080                  DAGUA
1081              EL AGUILA
1082               EL CAIRO
1083               EL DOVIO
1084                FLORIDA
1085                GINEBRA
1086                GUACARI
1087              LA CUMBRE
1088               LA UNION
1089            LA VICTORIA
1090                 OBANDO
1091                PRADERA
1092               RESTREPO
1093                RIOFRIO
1094             ROLDANILLO
1095              SAN PEDRO
1096                SEVILLA
1097                   TORO
1098               TRUJILLO
1099                  ULLOA
1100              VERSALLES
1101                  VIJES
1102                 YOTOCO
1229       SANTIAGO DE CALI
1230       SANTIAGO DE CALI
1231       SANTIAGO DE CALI
1232       SANTIAGO DE CALI
1233       SANTIAGO DE CALI
1234       SANTIAGO DE CALI
1235       SANTIAGO DE CALI
1236       SANTIAGO DE CALI
1237       SANTIAGO DE CALI
1238       SANTIAGO DE CALI
1239       SANTIAGO DE CALI
NAME: MUNICIPIO, DTYPE: OBJECT","57      MUNICIPIO
58      MUNICIPIO
59      MUNICIPIO
60      MUNICIPIO
61      MUNICIPIO
62      MUNICIPIO
63      MUNICIPIO
101     MUNICIPIO
102     MUNICIPIO
103     MUNICIPIO
104     MUNICIPIO
105     MUNICIPIO
106     MUNICIPIO
107     MUNICIPIO
108     MUNICIPIO
109     MUNICIPIO
191     MUNICIPIO
192     MUNICIPIO
193     MUNICIPIO
1073    MUNICIPIO
1074    MUNICIPIO
1075    MUNICIPIO
1076    MUNICIPIO
1077    MUNICIPIO
1078    MUNICIPIO
1079    MUNICIPIO
1080    MUNICIPIO
1081    MUNICIPIO
1082    MUNICIPIO
1083    MUNICIPIO
1084    MUNICIPIO
1085    MUNICIPIO
1086    MUNICIPIO
1087    MUNICIPIO
1088    MUNICIPIO
1089    MUNICIPIO
1090    MUNICIPIO
1091    MUNICIPIO
1092    MUNICIPIO
1093    MUNICIPIO
1094    MUNICIPIO
1095    MUNICIPIO
1096    MUNICIPIO
1097    MUNICIPIO
1098    MUNICIPIO
1099    MUNICIPIO
1100    MUNICIPIO
1101    MUNICIPIO
1102    MUNICIPIO
1229    MUNICIPIO
1230    MUNICIPIO
1231    MUNICIPIO
1232    MUNICIPIO
1233    MUNICIPIO
1234    MUNICIPIO
1235    MUNICIPIO
1236    MUNICIPIO
1237    MUNICIPIO
1238    MUNICIPIO
1239    MUNICIPIO
NAME: MUNICIPIO, DTYPE: OBJECT","57        1
58        1
59        1
60        1
61        1
62        1
63        1
101       2
102       2
103       2
104       2
105       2
106       2
107       2
108       2
109       2
191       5
192       5
193       5
1073      6
1074      6
1075      6
1076      6
1077      6
1078      6
1079      6
1080      6
1081      6
1082      6
1083      6
1084      6
1085      6
1086      6
1087      6
1088      6
1089      6
1090      6
1091      6
1092      6
1093      6
1094      6
1095      6
1096      6
1097      6
1098      6
1099      6
1100      6
1101      6
1102      6
1229    ESP
1230    ESP
1231    ESP
1232    ESP
1233    ESP
1234    ESP
1235    ESP
1236    ESP
1237    ESP
1238    ESP
1239    ESP
NAME: MUNICIPIO, DTYPE: OBJECT",1,1,Comisaría de Familia Yotoco,Calle 6 # 4-08,315 4258330,8:00 a 17:00,"3.860162,",-76.385355,"3°51'36.6""N 76°23'07.3""W",Directorio Comisarías Ley 2126
76,VALLE DEL CAUCA,"57      76520
58      76520
59      76520
60      76520
61      76520
62      76892
63      76892
101     76109
102     76111
103     76130
104     76130
105     76147
106     76147
107     76364
108     76364
109     76834
191     76113
192     76248
193     76895
1073    76020
1074    76036
1075    76041
1076    76054
1077    76100
1078    76122
1079    76126
1080    76233
1081    76243
1082    76246
1083    76250
1084    76275
1085    76306
1086    76318
1087    76377
1088    76400
1089    76403
1090    76497
1091    76563
1092    76606
1093    76616
1094    76622
1095    76670
1096    76736
1097    76823
1098    76828
1099    76845
1100    76863
1101    76869
1102    76890
1229    76001
1230    76001
1231    76001
1232    76001
1233    76001
1234    76001
1235    76001
1236    76001
1237    76001
1238    76001
1239    76001
NAME: MUNICIPIO, DTYPE: OBJECT","57                  PALMIRA
58                  PALMIRA
59                  PALMIRA
60                  PALMIRA
61                  PALMIRA
62                    YUMBO
63                    YUMBO
101            BUENAVENTURA
102     GUADALAJARA DE BUGA
103              CANDELARIA
104              CANDELARIA
105                 CARTAGO
106                 CARTAGO
107                 JAMUNDI
108                 JAMUNDI
109                   TULUA
191            BUGALAGRANDE
192              EL CERRITO
193                  ZARZAL
1073                 ALCALA
1074              ANDALUCIA
1075           ANSERMANUEVO
1076                ARGELIA
1077                BOLIVAR
1078             CAICEDONIA
1079       CALIMA EL DARIEN
1080                  DAGUA
1081              EL AGUILA
1082               EL CAIRO
1083               EL DOVIO
1084                FLORIDA
1085                GINEBRA
1086                GUACARI
1087              LA CUMBRE
1088               LA UNION
1089            LA VICTORIA
1090                 OBANDO
1091                PRADERA
1092               RESTREPO
1093                RIOFRIO
1094             ROLDANILLO
1095              SAN PEDRO
1096                SEVILLA
1097                   TORO
1098               TRUJILLO
1099                  ULLOA
1100              VERSALLES
1101                  VIJES
1102                 YOTOCO
1229       SANTIAGO DE CALI
1230       SANTIAGO DE CALI
1231       SANTIAGO DE CALI
1232       SANTIAGO DE CALI
1233       SANTIAGO DE CALI
1234       SANTIAGO DE CALI
1235       SANTIAGO DE CALI
1236       SANTIAGO DE CALI
1237       SANTIAGO DE CALI
1238       SANTIAGO DE CALI
1239       SANTIAGO DE CALI
NAME: MUNICIPIO, DTYPE: OBJECT","57      MUNICIPIO
58      MUNICIPIO
59      MUNICIPIO
60      MUNICIPIO
61      MUNICIPIO
62      MUNICIPIO
63      MUNICIPIO
101     MUNICIPIO
102     MUNICIPIO
103     MUNICIPIO
104     MUNICIPIO
105     MUNICIPIO
106     MUNICIPIO
107     MUNICIPIO
108     MUNICIPIO
109     MUNICIPIO
191     MUNICIPIO
192     MUNICIPIO
193     MUNICIPIO
1073    MUNICIPIO
1074    MUNICIPIO
1075    MUNICIPIO
1076    MUNICIPIO
1077    MUNICIPIO
1078    MUNICIPIO
1079    MUNICIPIO
1080    MUNICIPIO
1081    MUNICIPIO
1082    MUNICIPIO
1083    MUNICIPIO
1084    MUNICIPIO
1085    MUNICIPIO
1086    MUNICIPIO
1087    MUNICIPIO
1088    MUNICIPIO
1089    MUNICIPIO
1090    MUNICIPIO
1091    MUNICIPIO
1092    MUNICIPIO
1093    MUNICIPIO
1094    MUNICIPIO
1095    MUNICIPIO
1096    MUNICIPIO
1097    MUNICIPIO
1098    MUNICIPIO
1099    MUNICIPIO
1100    MUNICIPIO
1101    MUNICIPIO
1102    MUNICIPIO
1229    MUNICIPIO
1230    MUNICIPIO
1231    MUNICIPIO
1232    MUNICIPIO
1233    MUNICIPIO
1234    MUNICIPIO
1235    MUNICIPIO
1236    MUNICIPIO
1237    MUNICIPIO
1238    MUNICIPIO
1239    MUNICIPIO
NAME: MUNICIPIO, DTYPE: OBJECT","57        1
58        1
59        1
60        1
61        1
62        1
63        1
101       2
102       2
103       2
104       2
105       2
106       2
107       2
108       2
109       2
191       5
192       5
193       5
1073      6
1074      6
1075      6
1076      6
1077      6
1078      6
1079      6
1080      6
1081      6
1082      6
1083      6
1084      6
1085      6
1086      6
1087      6
1088      6
1089      6
1090      6
1091      6
1092      6
1093      6
1094      6
1095      6
1096      6
1097      6
1098      6
1099      6
1100      6
1101      6
1102      6
1229    ESP
1230    ESP
1231    ESP
1232    ESP
1233    ESP
1234    ESP
1235    ESP
1236    ESP
1237    ESP
1238    ESP
1239    ESP
NAME: MUNICIPIO, DTYPE: OBJECT",Null,Null,Terrón Colorado (Comisaría Primera),Avenida 4 oeste con calle 19,8953512,7:30 am a 12:30 pm Tarde 1:30 pm a 5:30 pm,"-76,558,361","3,450,887","3°27'03.2""N 76°33'30.1""W",Directorio Comisarías Ley 2126
76,VALLE DEL CAUCA,"57      76520
58      76520
59      76520
60      76520
61      76520
62      76892
63      76892
101     76109
102     76111
103     76130
104     76130
105     76147
106     76147
107     76364
108     76364
109     76834
191     76113
192     76248
193     76895
1073    76020
1074    76036
1075    76041
1076    76054
1077    76100
1078    76122
1079    76126
1080    76233
1081    76243
1082    76246
1083    76250
1084    76275
1085    76306
1086    76318
1087    76377
1088    76400
1089    76403
1090    76497
1091    76563
1092    76606
1093    76616
1094    76622
1095    76670
1096    76736
1097    76823
1098    76828
1099    76845
1100    76863
1101    76869
1102    76890
1229    76001
1230    76001
1231    76001
1232    76001
1233    76001
1234    76001
1235    76001
1236    76001
1237    76001
1238    76001
1239    76001
NAME: MUNICIPIO, DTYPE: OBJECT","57                  PALMIRA
58                  PALMIRA
59                  PALMIRA
60                  PALMIRA
61                  PALMIRA
62                    YUMBO
63                    YUMBO
101            BUENAVENTURA
102     GUADALAJARA DE BUGA
103              CANDELARIA
104              CANDELARIA
105                 CARTAGO
106                 CARTAGO
107                 JAMUNDI
108                 JAMUNDI
109                   TULUA
191            BUGALAGRANDE
192              EL CERRITO
193                  ZARZAL
1073                 ALCALA
1074              ANDALUCIA
1075           ANSERMANUEVO
1076                ARGELIA
1077                BOLIVAR
1078             CAICEDONIA
1079       CALIMA EL DARIEN
1080                  DAGUA
1081              EL AGUILA
1082               EL CAIRO
1083               EL DOVIO
1084                FLORIDA
1085                GINEBRA
1086                GUACARI
1087              LA CUMBRE
1088               LA UNION
1089            LA VICTORIA
1090                 OBANDO
1091                PRADERA
1092               RESTREPO
1093                RIOFRIO
1094             ROLDANILLO
1095              SAN PEDRO
1096                SEVILLA
1097                   TORO
1098               TRUJILLO
1099                  ULLOA
1100              VERSALLES
1101                  VIJES
1102                 YOTOCO
1229       SANTIAGO DE CALI
1230       SANTIAGO DE CALI
1231       SANTIAGO DE CALI
1232       SANTIAGO DE CALI
1233       SANTIAGO DE CALI
1234       SANTIAGO DE CALI
1235       SANTIAGO DE CALI
1236       SANTIAGO DE CALI
1237       SANTIAGO DE CALI
1238       SANTIAGO DE CALI
1239       SANTIAGO DE CALI
NAME: MUNICIPIO, DTYPE: OBJECT","57      MUNICIPIO
58      MUNICIPIO
59      MUNICIPIO
60      MUNICIPIO
61      MUNICIPIO
62      MUNICIPIO
63      MUNICIPIO
101     MUNICIPIO
102     MUNICIPIO
103     MUNICIPIO
104     MUNICIPIO
105     MUNICIPIO
106     MUNICIPIO
107     MUNICIPIO
108     MUNICIPIO
109     MUNICIPIO
191     MUNICIPIO
192     MUNICIPIO
193     MUNICIPIO
1073    MUNICIPIO
1074    MUNICIPIO
1075    MUNICIPIO
1076    MUNICIPIO
1077    MUNICIPIO
1078    MUNICIPIO
1079    MUNICIPIO
1080    MUNICIPIO
1081    MUNICIPIO
1082    MUNICIPIO
1083    MUNICIPIO
1084    MUNICIPIO
1085    MUNICIPIO
1086    MUNICIPIO
1087    MUNICIPIO
1088    MUNICIPIO
1089    MUNICIPIO
1090    MUNICIPIO
1091    MUNICIPIO
1092    MUNICIPIO
1093    MUNICIPIO
1094    MUNICIPIO
1095    MUNICIPIO
1096    MUNICIPIO
1097    MUNICIPIO
1098    MUNICIPIO
1099    MUNICIPIO
1100    MUNICIPIO
1101    MUNICIPIO
1102    MUNICIPIO
1229    MUNICIPIO
1230    MUNICIPIO
1231    MUNICIPIO
1232    MUNICIPIO
1233    MUNICIPIO
1234    MUNICIPIO
1235    MUNICIPIO
1236    MUNICIPIO
1237    MUNICIPIO
1238    MUNICIPIO
1239    MUNICIPIO
NAME: MUNICIPIO, DTYPE: OBJECT","57        1
58        1
59        1
60        1
61        1
62        1
63        1
101       2
102       2
103       2
104       2
105       2
106       2
107       2
108       2
109       2
191       5
192       5
193       5
1073      6
1074      6
1075      6
1076      6
1077      6
1078      6
1079      6
1080      6
1081      6
1082      6
1083      6
1084      6
1085      6
1086      6
1087      6
1088      6
1089      6
1090      6
1091      6
1092      6
1093      6
1094      6
1095      6
1096      6
1097      6
1098      6
1099      6
1100      6
1101      6
1102      6
1229    ESP
1230    ESP
1231    ESP
1232    ESP
1233    ESP
1234    ESP
1235    ESP
1236    ESP
1237    ESP
1238    ESP
1239    ESP
NAME: MUNICIPIO, DTYPE: OBJECT",Null,Null,Fray Damián (Comisaría  Segunda),Calle 13a con carrera 13a,8839956,7:30 am a 12:30 pm Tarde 1:30 pm a 5:30 pm,", -76.527868","3,443,776.00","3°26'37.6""N 76°31'40.3""W",Directorio Comisarías Ley 2126
76,VALLE DEL CAUCA,"57      76520
58      76520
59      76520
60      76520
61      76520
62      76892
63      76892
101     76109
102     76111
103     76130
104     76130
105     76147
106     76147
107     76364
108     76364
109     76834
191     76113
192     76248
193     76895
1073    76020
1074    76036
1075    76041
1076    76054
1077    76100
1078    76122
1079    76126
1080    76233
1081    76243
1082    76246
1083    76250
1084    76275
1085    76306
1086    76318
1087    76377
1088    76400
1089    76403
1090    76497
1091    76563
1092    76606
1093    76616
1094    76622
1095    76670
1096    76736
1097    76823
1098    76828
1099    76845
1100    76863
1101    76869
1102    76890
1229    76001
1230    76001
1231    76001
1232    76001
1233    76001
1234    76001
1235    76001
1236    76001
1237    76001
1238    76001
1239    76001
NAME: MUNICIPIO, DTYPE: OBJECT","57                  PALMIRA
58                  PALMIRA
59                  PALMIRA
60                  PALMIRA
61                  PALMIRA
62                    YUMBO
63                    YUMBO
101            BUENAVENTURA
102     GUADALAJARA DE BUGA
103              CANDELARIA
104              CANDELARIA
105                 CARTAGO
106                 CARTAGO
107                 JAMUNDI
108                 JAMUNDI
109                   TULUA
191            BUGALAGRANDE
192              EL CERRITO
193                  ZARZAL
1073                 ALCALA
1074              ANDALUCIA
1075           ANSERMANUEVO
1076                ARGELIA
1077                BOLIVAR
1078             CAICEDONIA
1079       CALIMA EL DARIEN
1080                  DAGUA
1081              EL AGUILA
1082               EL CAIRO
1083               EL DOVIO
1084                FLORIDA
1085                GINEBRA
1086                GUACARI
1087              LA CUMBRE
1088               LA UNION
1089            LA VICTORIA
1090                 OBANDO
1091                PRADERA
1092               RESTREPO
1093                RIOFRIO
1094             ROLDANILLO
1095              SAN PEDRO
1096                SEVILLA
1097                   TORO
1098               TRUJILLO
1099                  ULLOA
1100              VERSALLES
1101                  VIJES
1102                 YOTOCO
1229       SANTIAGO DE CALI
1230       SANTIAGO DE CALI
1231       SANTIAGO DE CALI
1232       SANTIAGO DE CALI
1233       SANTIAGO DE CALI
1234       SANTIAGO DE CALI
1235       SANTIAGO DE CALI
1236       SANTIAGO DE CALI
1237       SANTIAGO DE CALI
1238       SANTIAGO DE CALI
1239       SANTIAGO DE CALI
NAME: MUNICIPIO, DTYPE: OBJECT","57      MUNICIPIO
58      MUNICIPIO
59      MUNICIPIO
60      MUNICIPIO
61      MUNICIPIO
62      MUNICIPIO
63      MUNICIPIO
101     MUNICIPIO
102     MUNICIPIO
103     MUNICIPIO
104     MUNICIPIO
105     MUNICIPIO
106     MUNICIPIO
107     MUNICIPIO
108     MUNICIPIO
109     MUNICIPIO
191     MUNICIPIO
192     MUNICIPIO
193     MUNICIPIO
1073    MUNICIPIO
1074    MUNICIPIO
1075    MUNICIPIO
1076    MUNICIPIO
1077    MUNICIPIO
1078    MUNICIPIO
1079    MUNICIPIO
1080    MUNICIPIO
1081    MUNICIPIO
1082    MUNICIPIO
1083    MUNICIPIO
1084    MUNICIPIO
1085    MUNICIPIO
1086    MUNICIPIO
1087    MUNICIPIO
1088    MUNICIPIO
1089    MUNICIPIO
1090    MUNICIPIO
1091    MUNICIPIO
1092    MUNICIPIO
1093    MUNICIPIO
1094    MUNICIPIO
1095    MUNICIPIO
1096    MUNICIPIO
1097    MUNICIPIO
1098    MUNICIPIO
1099    MUNICIPIO
1100    MUNICIPIO
1101    MUNICIPIO
1102    MUNICIPIO
1229    MUNICIPIO
1230    MUNICIPIO
1231    MUNICIPIO
1232    MUNICIPIO
1233    MUNICIPIO
1234    MUNICIPIO
1235    MUNICIPIO
1236    MUNICIPIO
1237    MUNICIPIO
1238    MUNICIPIO
1239    MUNICIPIO
NAME: MUNICIPIO, DTYPE: OBJECT","57        1
58        1
59        1
60        1
61        1
62        1
63        1
101       2
102       2
103       2
104       2
105       2
106       2
107       2
108       2
109       2
191       5
192       5
193       5
1073      6
1074      6
1075      6
1076      6
1077      6
1078      6
1079      6
1080      6
1081      6
1082      6
1083      6
1084      6
1085      6
1086      6
1087      6
1088      6
1089      6
1090      6
1091      6
1092      6
1093      6
1094      6
1095      6
1096      6
1097      6
1098      6
1099      6
1100      6
1101      6
1102      6
1229    ESP
1230    ESP
1231    ESP
1232    ESP
1233    ESP
1234    ESP
1235    ESP
1236    ESP
1237    ESP
1238    ESP
1239    ESP
NAME: MUNICIPIO, DTYPE: OBJECT",Null,Null,Los Guaduales (Comisaría tercera),Carrera 8 norte #70a-16,4406000,7:30 am a 12:30 pm Tarde 1:30 pm a 5:30 pm,"-76,500,798","3,488,743.00","3°29'19.5""N 76°30'02.9""W",Directorio Comisarías Ley 2126
76,VALLE DEL CAUCA,"57      76520
58      76520
59      76520
60      76520
61      76520
62      76892
63      76892
101     76109
102     76111
103     76130
104     76130
105     76147
106     76147
107     76364
108     76364
109     76834
191     76113
192     76248
193     76895
1073    76020
1074    76036
1075    76041
1076    76054
1077    76100
1078    76122
1079    76126
1080    76233
1081    76243
1082    76246
1083    76250
1084    76275
1085    76306
1086    76318
1087    76377
1088    76400
1089    76403
1090    76497
1091    76563
1092    76606
1093    76616
1094    76622
1095    76670
1096    76736
1097    76823
1098    76828
1099    76845
1100    76863
1101    76869
1102    76890
1229    76001
1230    76001
1231    76001
1232    76001
1233    76001
1234    76001
1235    76001
1236    76001
1237    76001
1238    76001
1239    76001
NAME: MUNICIPIO, DTYPE: OBJECT","57                  PALMIRA
58                  PALMIRA
59                  PALMIRA
60                  PALMIRA
61                  PALMIRA
62                    YUMBO
63                    YUMBO
101            BUENAVENTURA
102     GUADALAJARA DE BUGA
103              CANDELARIA
104              CANDELARIA
105                 CARTAGO
106                 CARTAGO
107                 JAMUNDI
108                 JAMUNDI
109                   TULUA
191            BUGALAGRANDE
192              EL CERRITO
193                  ZARZAL
1073                 ALCALA
1074              ANDALUCIA
1075           ANSERMANUEVO
1076                ARGELIA
1077                BOLIVAR
1078             CAICEDONIA
1079       CALIMA EL DARIEN
1080                  DAGUA
1081              EL AGUILA
1082               EL CAIRO
1083               EL DOVIO
1084                FLORIDA
1085                GINEBRA
1086                GUACARI
1087              LA CUMBRE
1088               LA UNION
1089            LA VICTORIA
1090                 OBANDO
1091                PRADERA
1092               RESTREPO
1093                RIOFRIO
1094             ROLDANILLO
1095              SAN PEDRO
1096                SEVILLA
1097                   TORO
1098               TRUJILLO
1099                  ULLOA
1100              VERSALLES
1101                  VIJES
1102                 YOTOCO
1229       SANTIAGO DE CALI
1230       SANTIAGO DE CALI
1231       SANTIAGO DE CALI
1232       SANTIAGO DE CALI
1233       SANTIAGO DE CALI
1234       SANTIAGO DE CALI
1235       SANTIAGO DE CALI
1236       SANTIAGO DE CALI
1237       SANTIAGO DE CALI
1238       SANTIAGO DE CALI
1239       SANTIAGO DE CALI
NAME: MUNICIPIO, DTYPE: OBJECT","57      MUNICIPIO
58      MUNICIPIO
59      MUNICIPIO
60      MUNICIPIO
61      MUNICIPIO
62      MUNICIPIO
63      MUNICIPIO
101     MUNICIPIO
102     MUNICIPIO
103     MUNICIPIO
104     MUNICIPIO
105     MUNICIPIO
106     MUNICIPIO
107     MUNICIPIO
108     MUNICIPIO
109     MUNICIPIO
191     MUNICIPIO
192     MUNICIPIO
193     MUNICIPIO
1073    MUNICIPIO
1074    MUNICIPIO
1075    MUNICIPIO
1076    MUNICIPIO
1077    MUNICIPIO
1078    MUNICIPIO
1079    MUNICIPIO
1080    MUNICIPIO
1081    MUNICIPIO
1082    MUNICIPIO
1083    MUNICIPIO
1084    MUNICIPIO
1085    MUNICIPIO
1086    MUNICIPIO
1087    MUNICIPIO
1088    MUNICIPIO
1089    MUNICIPIO
1090    MUNICIPIO
1091    MUNICIPIO
1092    MUNICIPIO
1093    MUNICIPIO
1094    MUNICIPIO
1095    MUNICIPIO
1096    MUNICIPIO
1097    MUNICIPIO
1098    MUNICIPIO
1099    MUNICIPIO
1100    MUNICIPIO
1101    MUNICIPIO
1102    MUNICIPIO
1229    MUNICIPIO
1230    MUNICIPIO
1231    MUNICIPIO
1232    MUNICIPIO
1233    MUNICIPIO
1234    MUNICIPIO
1235    MUNICIPIO
1236    MUNICIPIO
1237    MUNICIPIO
1238    MUNICIPIO
1239    MUNICIPIO
NAME: MUNICIPIO, DTYPE: OBJECT","57        1
58        1
59        1
60        1
61        1
62        1
63        1
101       2
102       2
103       2
104       2
105       2
106       2
107       2
108       2
109       2
191       5
192       5
193       5
1073      6
1074      6
1075      6
1076      6
1077      6
1078      6
1079      6
1080      6
1081      6
1082      6
1083      6
1084      6
1085      6
1086      6
1087      6
1088      6
1089      6
1090      6
1091      6
1092      6
1093      6
1094      6
1095      6
1096      6
1097      6
1098      6
1099      6
1100      6
1101      6
1102      6
1229    ESP
1230    ESP
1231    ESP
1232    ESP
1233    ESP
1234    ESP
1235    ESP
1236    ESP
1237    ESP
1238    ESP
1239    ESP
NAME: MUNICIPIO, DTYPE: OBJECT",Null,Null,El Guadual (Comisaría Cuarta),Calle 14B #41a-25,3269352,7:30 am a 12:30 pm Tarde 1:30 pm a 5:30 pm,"-76,527,204","3,415,255","3°24'54.9""N 76°31'37.9""W",Directorio Comisarías Ley 2126
76,VALLE DEL CAUCA,"57      76520
58      76520
59      76520
60      76520
61      76520
62      76892
63      76892
101     76109
102     76111
103     76130
104     76130
105     76147
106     76147
107     76364
108     76364
109     76834
191     76113
192     76248
193     76895
1073    76020
1074    76036
1075    76041
1076    76054
1077    76100
1078    76122
1079    76126
1080    76233
1081    76243
1082    76246
1083    76250
1084    76275
1085    76306
1086    76318
1087    76377
1088    76400
1089    76403
1090    76497
1091    76563
1092    76606
1093    76616
1094    76622
1095    76670
1096    76736
1097    76823
1098    76828
1099    76845
1100    76863
1101    76869
1102    76890
1229    76001
1230    76001
1231    76001
1232    76001
1233    76001
1234    76001
1235    76001
1236    76001
1237    76001
1238    76001
1239    76001
NAME: MUNICIPIO, DTYPE: OBJECT","57                  PALMIRA
58                  PALMIRA
59                  PALMIRA
60                  PALMIRA
61                  PALMIRA
62                    YUMBO
63                    YUMBO
101            BUENAVENTURA
102     GUADALAJARA DE BUGA
103              CANDELARIA
104              CANDELARIA
105                 CARTAGO
106                 CARTAGO
107                 JAMUNDI
108                 JAMUNDI
109                   TULUA
191            BUGALAGRANDE
192              EL CERRITO
193                  ZARZAL
1073                 ALCALA
1074              ANDALUCIA
1075           ANSERMANUEVO
1076                ARGELIA
1077                BOLIVAR
1078             CAICEDONIA
1079       CALIMA EL DARIEN
1080                  DAGUA
1081              EL AGUILA
1082               EL CAIRO
1083               EL DOVIO
1084                FLORIDA
1085                GINEBRA
1086                GUACARI
1087              LA CUMBRE
1088               LA UNION
1089            LA VICTORIA
1090                 OBANDO
1091                PRADERA
1092               RESTREPO
1093                RIOFRIO
1094             ROLDANILLO
1095              SAN PEDRO
1096                SEVILLA
1097                   TORO
1098               TRUJILLO
1099                  ULLOA
1100              VERSALLES
1101                  VIJES
1102                 YOTOCO
1229       SANTIAGO DE CALI
1230       SANTIAGO DE CALI
1231       SANTIAGO DE CALI
1232       SANTIAGO DE CALI
1233       SANTIAGO DE CALI
1234       SANTIAGO DE CALI
1235       SANTIAGO DE CALI
1236       SANTIAGO DE CALI
1237       SANTIAGO DE CALI
1238       SANTIAGO DE CALI
1239       SANTIAGO DE CALI
NAME: MUNICIPIO, DTYPE: OBJECT","57      MUNICIPIO
58      MUNICIPIO
59      MUNICIPIO
60      MUNICIPIO
61      MUNICIPIO
62      MUNICIPIO
63      MUNICIPIO
101     MUNICIPIO
102     MUNICIPIO
103     MUNICIPIO
104     MUNICIPIO
105     MUNICIPIO
106     MUNICIPIO
107     MUNICIPIO
108     MUNICIPIO
109     MUNICIPIO
191     MUNICIPIO
192     MUNICIPIO
193     MUNICIPIO
1073    MUNICIPIO
1074    MUNICIPIO
1075    MUNICIPIO
1076    MUNICIPIO
1077    MUNICIPIO
1078    MUNICIPIO
1079    MUNICIPIO
1080    MUNICIPIO
1081    MUNICIPIO
1082    MUNICIPIO
1083    MUNICIPIO
1084    MUNICIPIO
1085    MUNICIPIO
1086    MUNICIPIO
1087    MUNICIPIO
1088    MUNICIPIO
1089    MUNICIPIO
1090    MUNICIPIO
1091    MUNICIPIO
1092    MUNICIPIO
1093    MUNICIPIO
1094    MUNICIPIO
1095    MUNICIPIO
1096    MUNICIPIO
1097    MUNICIPIO
1098    MUNICIPIO
1099    MUNICIPIO
1100    MUNICIPIO
1101    MUNICIPIO
1102    MUNICIPIO
1229    MUNICIPIO
1230    MUNICIPIO
1231    MUNICIPIO
1232    MUNICIPIO
1233    MUNICIPIO
1234    MUNICIPIO
1235    MUNICIPIO
1236    MUNICIPIO
1237    MUNICIPIO
1238    MUNICIPIO
1239    MUNICIPIO
NAME: MUNICIPIO, DTYPE: OBJECT","57        1
58        1
59        1
60        1
61        1
62        1
63        1
101       2
102       2
103       2
104       2
105       2
106       2
107       2
108       2
109       2
191       5
192       5
193       5
1073      6
1074      6
1075      6
1076      6
1077      6
1078      6
1079      6
1080      6
1081      6
1082      6
1083      6
1084      6
1085      6
1086      6
1087      6
1088      6
1089      6
1090      6
1091      6
1092      6
1093      6
1094      6
1095      6
1096      6
1097      6
1098      6
1099      6
1100      6
1101      6
1102      6
1229    ESP
1230    ESP
1231    ESP
1232    ESP
1233    ESP
1234    ESP
1235    ESP
1236    ESP
1237    ESP
1238    ESP
1239    ESP
NAME: MUNICIPIO, DTYPE: OBJECT",Null,Null,Siloé I y II (Comisaría Quinta),Calle 2 con carrera 52,5521826 - 5134532,7:30 am a 12:30 pm Tarde 1:30 pm a 5:30 pm,"-76,553,241","3,415,603.00","3°24'56.2""N 76°33'11.7""W",Directorio Comisarías Ley 2126
76,VALLE DEL CAUCA,"57      76520
58      76520
59      76520
60      76520
61      76520
62      76892
63      76892
101     76109
102     76111
103     76130
104     76130
105     76147
106     76147
107     76364
108     76364
109     76834
191     76113
192     76248
193     76895
1073    76020
1074    76036
1075    76041
1076    76054
1077    76100
1078    76122
1079    76126
1080    76233
1081    76243
1082    76246
1083    76250
1084    76275
1085    76306
1086    76318
1087    76377
1088    76400
1089    76403
1090    76497
1091    76563
1092    76606
1093    76616
1094    76622
1095    76670
1096    76736
1097    76823
1098    76828
1099    76845
1100    76863
1101    76869
1102    76890
1229    76001
1230    76001
1231    76001
1232    76001
1233    76001
1234    76001
1235    76001
1236    76001
1237    76001
1238    76001
1239    76001
NAME: MUNICIPIO, DTYPE: OBJECT","57                  PALMIRA
58                  PALMIRA
59                  PALMIRA
60                  PALMIRA
61                  PALMIRA
62                    YUMBO
63                    YUMBO
101            BUENAVENTURA
102     GUADALAJARA DE BUGA
103              CANDELARIA
104              CANDELARIA
105                 CARTAGO
106                 CARTAGO
107                 JAMUNDI
108                 JAMUNDI
109                   TULUA
191            BUGALAGRANDE
192              EL CERRITO
193                  ZARZAL
1073                 ALCALA
1074              ANDALUCIA
1075           ANSERMANUEVO
1076                ARGELIA
1077                BOLIVAR
1078             CAICEDONIA
1079       CALIMA EL DARIEN
1080                  DAGUA
1081              EL AGUILA
1082               EL CAIRO
1083               EL DOVIO
1084                FLORIDA
1085                GINEBRA
1086                GUACARI
1087              LA CUMBRE
1088               LA UNION
1089            LA VICTORIA
1090                 OBANDO
1091                PRADERA
1092               RESTREPO
1093                RIOFRIO
1094             ROLDANILLO
1095              SAN PEDRO
1096                SEVILLA
1097                   TORO
1098               TRUJILLO
1099                  ULLOA
1100              VERSALLES
1101                  VIJES
1102                 YOTOCO
1229       SANTIAGO DE CALI
1230       SANTIAGO DE CALI
1231       SANTIAGO DE CALI
1232       SANTIAGO DE CALI
1233       SANTIAGO DE CALI
1234       SANTIAGO DE CALI
1235       SANTIAGO DE CALI
1236       SANTIAGO DE CALI
1237       SANTIAGO DE CALI
1238       SANTIAGO DE CALI
1239       SANTIAGO DE CALI
NAME: MUNICIPIO, DTYPE: OBJECT","57      MUNICIPIO
58      MUNICIPIO
59      MUNICIPIO
60      MUNICIPIO
61      MUNICIPIO
62      MUNICIPIO
63      MUNICIPIO
101     MUNICIPIO
102     MUNICIPIO
103     MUNICIPIO
104     MUNICIPIO
105     MUNICIPIO
106     MUNICIPIO
107     MUNICIPIO
108     MUNICIPIO
109     MUNICIPIO
191     MUNICIPIO
192     MUNICIPIO
193     MUNICIPIO
1073    MUNICIPIO
1074    MUNICIPIO
1075    MUNICIPIO
1076    MUNICIPIO
1077    MUNICIPIO
1078    MUNICIPIO
1079    MUNICIPIO
1080    MUNICIPIO
1081    MUNICIPIO
1082    MUNICIPIO
1083    MUNICIPIO
1084    MUNICIPIO
1085    MUNICIPIO
1086    MUNICIPIO
1087    MUNICIPIO
1088    MUNICIPIO
1089    MUNICIPIO
1090    MUNICIPIO
1091    MUNICIPIO
1092    MUNICIPIO
1093    MUNICIPIO
1094    MUNICIPIO
1095    MUNICIPIO
1096    MUNICIPIO
1097    MUNICIPIO
1098    MUNICIPIO
1099    MUNICIPIO
1100    MUNICIPIO
1101    MUNICIPIO
1102    MUNICIPIO
1229    MUNICIPIO
1230    MUNICIPIO
1231    MUNICIPIO
1232    MUNICIPIO
1233    MUNICIPIO
1234    MUNICIPIO
1235    MUNICIPIO
1236    MUNICIPIO
1237    MUNICIPIO
1238    MUNICIPIO
1239    MUNICIPIO
NAME: MUNICIPIO, DTYPE: OBJECT","57        1
58        1
59        1
60        1
61        1
62        1
63        1
101       2
102       2
103       2
104       2
105       2
106       2
107       2
108       2
109       2
191       5
192       5
193       5
1073      6
1074      6
1075      6
1076      6
1077      6
1078      6
1079      6
1080      6
1081      6
1082      6
1083      6
1084      6
1085      6
1086      6
1087      6
1088      6
1089      6
1090      6
1091      6
1092      6
1093      6
1094      6
1095      6
1096      6
1097      6
1098      6
1099      6
1100      6
1101      6
1102      6
1229    ESP
1230    ESP
1231    ESP
1232    ESP
1233    ESP
1234    ESP
1235    ESP
1236    ESP
1237    ESP
1238    ESP
1239    ESP
NAME: MUNICIPIO, DTYPE: OBJECT",Null,Null,Los Mangos (Comisaría Sexta),Calle 73 Con Carrera 26r,4483630,7:30 am a 12:30 pm Tarde 1:30 pm a 5:30 pm,-76.485007,"3,425,812.00","3°25'32.9""N 76°29'06.0""W",Directorio Comisarías Ley 2126
76,VALLE DEL CAUCA,"57      76520
58      76520
59      76520
60      76520
61      76520
62      76892
63      76892
101     76109
102     76111
103     76130
104     76130
105     76147
106     76147
107     76364
108     76364
109     76834
191     76113
192     76248
193     76895
1073    76020
1074    76036
1075    76041
1076    76054
1077    76100
1078    76122
1079    76126
1080    76233
1081    76243
1082    76246
1083    76250
1084    76275
1085    76306
1086    76318
1087    76377
1088    76400
1089    76403
1090    76497
1091    76563
1092    76606
1093    76616
1094    76622
1095    76670
1096    76736
1097    76823
1098    76828
1099    76845
1100    76863
1101    76869
1102    76890
1229    76001
1230    76001
1231    76001
1232    76001
1233    76001
1234    76001
1235    76001
1236    76001
1237    76001
1238    76001
1239    76001
NAME: MUNICIPIO, DTYPE: OBJECT","57                  PALMIRA
58                  PALMIRA
59                  PALMIRA
60                  PALMIRA
61                  PALMIRA
62                    YUMBO
63                    YUMBO
101            BUENAVENTURA
102     GUADALAJARA DE BUGA
103              CANDELARIA
104              CANDELARIA
105                 CARTAGO
106                 CARTAGO
107                 JAMUNDI
108                 JAMUNDI
109                   TULUA
191            BUGALAGRANDE
192              EL CERRITO
193                  ZARZAL
1073                 ALCALA
1074              ANDALUCIA
1075           ANSERMANUEVO
1076                ARGELIA
1077                BOLIVAR
1078             CAICEDONIA
1079       CALIMA EL DARIEN
1080                  DAGUA
1081              EL AGUILA
1082               EL CAIRO
1083               EL DOVIO
1084                FLORIDA
1085                GINEBRA
1086                GUACARI
1087              LA CUMBRE
1088               LA UNION
1089            LA VICTORIA
1090                 OBANDO
1091                PRADERA
1092               RESTREPO
1093                RIOFRIO
1094             ROLDANILLO
1095              SAN PEDRO
1096                SEVILLA
1097                   TORO
1098               TRUJILLO
1099                  ULLOA
1100              VERSALLES
1101                  VIJES
1102                 YOTOCO
1229       SANTIAGO DE CALI
1230       SANTIAGO DE CALI
1231       SANTIAGO DE CALI
1232       SANTIAGO DE CALI
1233       SANTIAGO DE CALI
1234       SANTIAGO DE CALI
1235       SANTIAGO DE CALI
1236       SANTIAGO DE CALI
1237       SANTIAGO DE CALI
1238       SANTIAGO DE CALI
1239       SANTIAGO DE CALI
NAME: MUNICIPIO, DTYPE: OBJECT","57      MUNICIPIO
58      MUNICIPIO
59      MUNICIPIO
60      MUNICIPIO
61      MUNICIPIO
62      MUNICIPIO
63      MUNICIPIO
101     MUNICIPIO
102     MUNICIPIO
103     MUNICIPIO
104     MUNICIPIO
105     MUNICIPIO
106     MUNICIPIO
107     MUNICIPIO
108     MUNICIPIO
109     MUNICIPIO
191     MUNICIPIO
192     MUNICIPIO
193     MUNICIPIO
1073    MUNICIPIO
1074    MUNICIPIO
1075    MUNICIPIO
1076    MUNICIPIO
1077    MUNICIPIO
1078    MUNICIPIO
1079    MUNICIPIO
1080    MUNICIPIO
1081    MUNICIPIO
1082    MUNICIPIO
1083    MUNICIPIO
1084    MUNICIPIO
1085    MUNICIPIO
1086    MUNICIPIO
1087    MUNICIPIO
1088    MUNICIPIO
1089    MUNICIPIO
1090    MUNICIPIO
1091    MUNICIPIO
1092    MUNICIPIO
1093    MUNICIPIO
1094    MUNICIPIO
1095    MUNICIPIO
1096    MUNICIPIO
1097    MUNICIPIO
1098    MUNICIPIO
1099    MUNICIPIO
1100    MUNICIPIO
1101    MUNICIPIO
1102    MUNICIPIO
1229    MUNICIPIO
1230    MUNICIPIO
1231    MUNICIPIO
1232    MUNICIPIO
1233    MUNICIPIO
1234    MUNICIPIO
1235    MUNICIPIO
1236    MUNICIPIO
1237    MUNICIPIO
1238    MUNICIPIO
1239    MUNICIPIO
NAME: MUNICIPIO, DTYPE: OBJECT","57        1
58        1
59        1
60        1
61        1
62        1
63        1
101       2
102       2
103       2
104       2
105       2
106       2
107       2
108       2
109       2
191       5
192       5
193       5
1073      6
1074      6
1075      6
1076      6
1077      6
1078      6
1079      6
1080      6
1081      6
1082      6
1083      6
1084      6
1085      6
1086      6
1087      6
1088      6
1089      6
1090      6
1091      6
1092      6
1093      6
1094      6
1095      6
1096      6
1097      6
1098      6
1099      6
1100      6
1101      6
1102      6
1229    ESP
1230    ESP
1231    ESP
1232    ESP
1233    ESP
1234    ESP
1235    ESP
1236    ESP
1237    ESP
1238    ESP
1239    ESP
NAME: MUNICIPIO, DTYPE: OBJECT",Null,Null,Alfonso López (Comisaria Septíma),Calle 73 Con Carrera 7g,6638255,7:30 am a 12:30 pm Tarde 1:30 pm a 5:30 pm,"-76,480,641","3,460,384","3°27'37.4""N 76°28'50.3""W",Directorio Comisarías Ley 2126
76,VALLE DEL CAUCA,"57      76520
58      76520
59      76520
60      76520
61      76520
62      76892
63      76892
101     76109
102     76111
103     76130
104     76130
105     76147
106     76147
107     76364
108     76364
109     76834
191     76113
192     76248
193     76895
1073    76020
1074    76036
1075    76041
1076    76054
1077    76100
1078    76122
1079    76126
1080    76233
1081    76243
1082    76246
1083    76250
1084    76275
1085    76306
1086    76318
1087    76377
1088    76400
1089    76403
1090    76497
1091    76563
1092    76606
1093    76616
1094    76622
1095    76670
1096    76736
1097    76823
1098    76828
1099    76845
1100    76863
1101    76869
1102    76890
1229    76001
1230    76001
1231    76001
1232    76001
1233    76001
1234    76001
1235    76001
1236    76001
1237    76001
1238    76001
1239    76001
NAME: MUNICIPIO, DTYPE: OBJECT","57                  PALMIRA
58                  PALMIRA
59                  PALMIRA
60                  PALMIRA
61                  PALMIRA
62                    YUMBO
63                    YUMBO
101            BUENAVENTURA
102     GUADALAJARA DE BUGA
103              CANDELARIA
104              CANDELARIA
105                 CARTAGO
106                 CARTAGO
107                 JAMUNDI
108                 JAMUNDI
109                   TULUA
191            BUGALAGRANDE
192              EL CERRITO
193                  ZARZAL
1073                 ALCALA
1074              ANDALUCIA
1075           ANSERMANUEVO
1076                ARGELIA
1077                BOLIVAR
1078             CAICEDONIA
1079       CALIMA EL DARIEN
1080                  DAGUA
1081              EL AGUILA
1082               EL CAIRO
1083               EL DOVIO
1084                FLORIDA
1085                GINEBRA
1086                GUACARI
1087              LA CUMBRE
1088               LA UNION
1089            LA VICTORIA
1090                 OBANDO
1091                PRADERA
1092               RESTREPO
1093                RIOFRIO
1094             ROLDANILLO
1095              SAN PEDRO
1096                SEVILLA
1097                   TORO
1098               TRUJILLO
1099                  ULLOA
1100              VERSALLES
1101                  VIJES
1102                 YOTOCO
1229       SANTIAGO DE CALI
1230       SANTIAGO DE CALI
1231       SANTIAGO DE CALI
1232       SANTIAGO DE CALI
1233       SANTIAGO DE CALI
1234       SANTIAGO DE CALI
1235       SANTIAGO DE CALI
1236       SANTIAGO DE CALI
1237       SANTIAGO DE CALI
1238       SANTIAGO DE CALI
1239       SANTIAGO DE CALI
NAME: MUNICIPIO, DTYPE: OBJECT","57      MUNICIPIO
58      MUNICIPIO
59      MUNICIPIO
60      MUNICIPIO
61      MUNICIPIO
62      MUNICIPIO
63      MUNICIPIO
101     MUNICIPIO
102     MUNICIPIO
103     MUNICIPIO
104     MUNICIPIO
105     MUNICIPIO
106     MUNICIPIO
107     MUNICIPIO
108     MUNICIPIO
109     MUNICIPIO
191     MUNICIPIO
192     MUNICIPIO
193     MUNICIPIO
1073    MUNICIPIO
1074    MUNICIPIO
1075    MUNICIPIO
1076    MUNICIPIO
1077    MUNICIPIO
1078    MUNICIPIO
1079    MUNICIPIO
1080    MUNICIPIO
1081    MUNICIPIO
1082    MUNICIPIO
1083    MUNICIPIO
1084    MUNICIPIO
1085    MUNICIPIO
1086    MUNICIPIO
1087    MUNICIPIO
1088    MUNICIPIO
1089    MUNICIPIO
1090    MUNICIPIO
1091    MUNICIPIO
1092    MUNICIPIO
1093    MUNICIPIO
1094    MUNICIPIO
1095    MUNICIPIO
1096    MUNICIPIO
1097    MUNICIPIO
1098    MUNICIPIO
1099    MUNICIPIO
1100    MUNICIPIO
1101    MUNICIPIO
1102    MUNICIPIO
1229    MUNICIPIO
1230    MUNICIPIO
1231    MUNICIPIO
1232    MUNICIPIO
1233    MUNICIPIO
1234    MUNICIPIO
1235    MUNICIPIO
1236    MUNICIPIO
1237    MUNICIPIO
1238    MUNICIPIO
1239    MUNICIPIO
NAME: MUNICIPIO, DTYPE: OBJECT","57        1
58        1
59        1
60        1
61        1
62        1
63        1
101       2
102       2
103       2
104       2
105       2
106       2
107       2
108       2
109       2
191       5
192       5
193       5
1073      6
1074      6
1075      6
1076      6
1077      6
1078      6
1079      6
1080      6
1081      6
1082      6
1083      6
1084      6
1085      6
1086      6
1087      6
1088      6
1089      6
1090      6
1091      6
1092      6
1093      6
1094      6
1095      6
1096      6
1097      6
1098      6
1099      6
1100      6
1101      6
1102      6
1229    ESP
1230    ESP
1231    ESP
1232    ESP
1233    ESP
1234    ESP
1235    ESP
1236    ESP
1237    ESP
1238    ESP
1239    ESP
NAME: MUNICIPIO, DTYPE: OBJECT",Null,Null,Villacolombia (Comisaría Octava),Carrera 12E con Calle 49,4139123,7:30 am a 12:30 pm Tarde 1:30 pm a 5:30 pm,"-76,501,559","3,446,415","3°26'47.1""N 76°30'05.6""W",Directorio Comisarías Ley 2126
76,VALLE DEL CAUCA,"57      76520
58      76520
59      76520
60      76520
61      76520
62      76892
63      76892
101     76109
102     76111
103     76130
104     76130
105     76147
106     76147
107     76364
108     76364
109     76834
191     76113
192     76248
193     76895
1073    76020
1074    76036
1075    76041
1076    76054
1077    76100
1078    76122
1079    76126
1080    76233
1081    76243
1082    76246
1083    76250
1084    76275
1085    76306
1086    76318
1087    76377
1088    76400
1089    76403
1090    76497
1091    76563
1092    76606
1093    76616
1094    76622
1095    76670
1096    76736
1097    76823
1098    76828
1099    76845
1100    76863
1101    76869
1102    76890
1229    76001
1230    76001
1231    76001
1232    76001
1233    76001
1234    76001
1235    76001
1236    76001
1237    76001
1238    76001
1239    76001
NAME: MUNICIPIO, DTYPE: OBJECT","57                  PALMIRA
58                  PALMIRA
59                  PALMIRA
60                  PALMIRA
61                  PALMIRA
62                    YUMBO
63                    YUMBO
101            BUENAVENTURA
102     GUADALAJARA DE BUGA
103              CANDELARIA
104              CANDELARIA
105                 CARTAGO
106                 CARTAGO
107                 JAMUNDI
108                 JAMUNDI
109                   TULUA
191            BUGALAGRANDE
192              EL CERRITO
193                  ZARZAL
1073                 ALCALA
1074              ANDALUCIA
1075           ANSERMANUEVO
1076                ARGELIA
1077                BOLIVAR
1078             CAICEDONIA
1079       CALIMA EL DARIEN
1080                  DAGUA
1081              EL AGUILA
1082               EL CAIRO
1083               EL DOVIO
1084                FLORIDA
1085                GINEBRA
1086                GUACARI
1087              LA CUMBRE
1088               LA UNION
1089            LA VICTORIA
1090                 OBANDO
1091                PRADERA
1092               RESTREPO
1093                RIOFRIO
1094             ROLDANILLO
1095              SAN PEDRO
1096                SEVILLA
1097                   TORO
1098               TRUJILLO
1099                  ULLOA
1100              VERSALLES
1101                  VIJES
1102                 YOTOCO
1229       SANTIAGO DE CALI
1230       SANTIAGO DE CALI
1231       SANTIAGO DE CALI
1232       SANTIAGO DE CALI
1233       SANTIAGO DE CALI
1234       SANTIAGO DE CALI
1235       SANTIAGO DE CALI
1236       SANTIAGO DE CALI
1237       SANTIAGO DE CALI
1238       SANTIAGO DE CALI
1239       SANTIAGO DE CALI
NAME: MUNICIPIO, DTYPE: OBJECT","57      MUNICIPIO
58      MUNICIPIO
59      MUNICIPIO
60      MUNICIPIO
61      MUNICIPIO
62      MUNICIPIO
63      MUNICIPIO
101     MUNICIPIO
102     MUNICIPIO
103     MUNICIPIO
104     MUNICIPIO
105     MUNICIPIO
106     MUNICIPIO
107     MUNICIPIO
108     MUNICIPIO
109     MUNICIPIO
191     MUNICIPIO
192     MUNICIPIO
193     MUNICIPIO
1073    MUNICIPIO
1074    MUNICIPIO
1075    MUNICIPIO
1076    MUNICIPIO
1077    MUNICIPIO
1078    MUNICIPIO
1079    MUNICIPIO
1080    MUNICIPIO
1081    MUNICIPIO
1082    MUNICIPIO
1083    MUNICIPIO
1084    MUNICIPIO
1085    MUNICIPIO
1086    MUNICIPIO
1087    MUNICIPIO
1088    MUNICIPIO
1089    MUNICIPIO
1090    MUNICIPIO
1091    MUNICIPIO
1092    MUNICIPIO
1093    MUNICIPIO
1094    MUNICIPIO
1095    MUNICIPIO
1096    MUNICIPIO
1097    MUNICIPIO
1098    MUNICIPIO
1099    MUNICIPIO
1100    MUNICIPIO
1101    MUNICIPIO
1102    MUNICIPIO
1229    MUNICIPIO
1230    MUNICIPIO
1231    MUNICIPIO
1232    MUNICIPIO
1233    MUNICIPIO
1234    MUNICIPIO
1235    MUNICIPIO
1236    MUNICIPIO
1237    MUNICIPIO
1238    MUNICIPIO
1239    MUNICIPIO
NAME: MUNICIPIO, DTYPE: OBJECT","57        1
58        1
59        1
60        1
61        1
62        1
63        1
101       2
102       2
103       2
104       2
105       2
106       2
107       2
108       2
109       2
191       5
192       5
193       5
1073      6
1074      6
1075      6
1076      6
1077      6
1078      6
1079      6
1080      6
1081      6
1082      6
1083      6
1084      6
1085      6
1086      6
1087      6
1088      6
1089      6
1090      6
1091      6
1092      6
1093      6
1094      6
1095      6
1096      6
1097      6
1098      6
1099      6
1100      6
1101      6
1102      6
1229    ESP
1230    ESP
1231    ESP
1232    ESP
1233    ESP
1234    ESP
1235    ESP
1236    ESP
1237    ESP
1238    ESP
1239    ESP
NAME: MUNICIPIO, DTYPE: OBJECT",Null,Null,Desepaz (Comisaría Novena),Carrera 23 #120-00,4207980 - 420826,7:30 am a 12:30 pm Tarde 1:30 pm a 5:30 pm,-76.540972,"3,440,767.00","3°26'26.8""N 76°32'27.5""W",Directorio Comisarías Ley 2126
76,VALLE DEL CAUCA,"57      76520
58      76520
59      76520
60      76520
61      76520
62      76892
63      76892
101     76109
102     76111
103     76130
104     76130
105     76147
106     76147
107     76364
108     76364
109     76834
191     76113
192     76248
193     76895
1073    76020
1074    76036
1075    76041
1076    76054
1077    76100
1078    76122
1079    76126
1080    76233
1081    76243
1082    76246
1083    76250
1084    76275
1085    76306
1086    76318
1087    76377
1088    76400
1089    76403
1090    76497
1091    76563
1092    76606
1093    76616
1094    76622
1095    76670
1096    76736
1097    76823
1098    76828
1099    76845
1100    76863
1101    76869
1102    76890
1229    76001
1230    76001
1231    76001
1232    76001
1233    76001
1234    76001
1235    76001
1236    76001
1237    76001
1238    76001
1239    76001
NAME: MUNICIPIO, DTYPE: OBJECT","57                  PALMIRA
58                  PALMIRA
59                  PALMIRA
60                  PALMIRA
61                  PALMIRA
62                    YUMBO
63                    YUMBO
101            BUENAVENTURA
102     GUADALAJARA DE BUGA
103              CANDELARIA
104              CANDELARIA
105                 CARTAGO
106                 CARTAGO
107                 JAMUNDI
108                 JAMUNDI
109                   TULUA
191            BUGALAGRANDE
192              EL CERRITO
193                  ZARZAL
1073                 ALCALA
1074              ANDALUCIA
1075           ANSERMANUEVO
1076                ARGELIA
1077                BOLIVAR
1078             CAICEDONIA
1079       CALIMA EL DARIEN
1080                  DAGUA
1081              EL AGUILA
1082               EL CAIRO
1083               EL DOVIO
1084                FLORIDA
1085                GINEBRA
1086                GUACARI
1087              LA CUMBRE
1088               LA UNION
1089            LA VICTORIA
1090                 OBANDO
1091                PRADERA
1092               RESTREPO
1093                RIOFRIO
1094             ROLDANILLO
1095              SAN PEDRO
1096                SEVILLA
1097                   TORO
1098               TRUJILLO
1099                  ULLOA
1100              VERSALLES
1101                  VIJES
1102                 YOTOCO
1229       SANTIAGO DE CALI
1230       SANTIAGO DE CALI
1231       SANTIAGO DE CALI
1232       SANTIAGO DE CALI
1233       SANTIAGO DE CALI
1234       SANTIAGO DE CALI
1235       SANTIAGO DE CALI
1236       SANTIAGO DE CALI
1237       SANTIAGO DE CALI
1238       SANTIAGO DE CALI
1239       SANTIAGO DE CALI
NAME: MUNICIPIO, DTYPE: OBJECT","57      MUNICIPIO
58      MUNICIPIO
59      MUNICIPIO
60      MUNICIPIO
61      MUNICIPIO
62      MUNICIPIO
63      MUNICIPIO
101     MUNICIPIO
102     MUNICIPIO
103     MUNICIPIO
104     MUNICIPIO
105     MUNICIPIO
106     MUNICIPIO
107     MUNICIPIO
108     MUNICIPIO
109     MUNICIPIO
191     MUNICIPIO
192     MUNICIPIO
193     MUNICIPIO
1073    MUNICIPIO
1074    MUNICIPIO
1075    MUNICIPIO
1076    MUNICIPIO
1077    MUNICIPIO
1078    MUNICIPIO
1079    MUNICIPIO
1080    MUNICIPIO
1081    MUNICIPIO
1082    MUNICIPIO
1083    MUNICIPIO
1084    MUNICIPIO
1085    MUNICIPIO
1086    MUNICIPIO
1087    MUNICIPIO
1088    MUNICIPIO
1089    MUNICIPIO
1090    MUNICIPIO
1091    MUNICIPIO
1092    MUNICIPIO
1093    MUNICIPIO
1094    MUNICIPIO
1095    MUNICIPIO
1096    MUNICIPIO
1097    MUNICIPIO
1098    MUNICIPIO
1099    MUNICIPIO
1100    MUNICIPIO
1101    MUNICIPIO
1102    MUNICIPIO
1229    MUNICIPIO
1230    MUNICIPIO
1231    MUNICIPIO
1232    MUNICIPIO
1233    MUNICIPIO
1234    MUNICIPIO
1235    MUNICIPIO
1236    MUNICIPIO
1237    MUNICIPIO
1238    MUNICIPIO
1239    MUNICIPIO
NAME: MUNICIPIO, DTYPE: OBJECT","57        1
58        1
59        1
60        1
61        1
62        1
63        1
101       2
102       2
103       2
104       2
105       2
106       2
107       2
108       2
109       2
191       5
192       5
193       5
1073      6
1074      6
1075      6
1076      6
1077      6
1078      6
1079      6
1080      6
1081      6
1082      6
1083      6
1084      6
1085      6
1086      6
1087      6
1088      6
1089      6
1090      6
1091      6
1092      6
1093      6
1094      6
1095      6
1096      6
1097      6
1098      6
1099      6
1100      6
1101      6
1102      6
1229    ESP
1230    ESP
1231    ESP
1232    ESP
1233    ESP
1234    ESP
1235    ESP
1236    ESP
1237    ESP
1238    ESP
1239    ESP
NAME: MUNICIPIO, DTYPE: OBJECT",Null,Null,El Vallado (Comisaria Decima),Carrera 41B Con Calle 50,3290170,7:30 am a 12:30 pm Tarde 1:30 pm a 5:30 pm,-76.502692,"3,406,859.00","3°24'24.7""N 76°30'09.7""W",Directorio Comisarías Ley 2126
76,VALLE DEL CAUCA,"57      76520
58      76520
59      76520
60      76520
61      76520
62      76892
63      76892
101     76109
102     76111
103     76130
104     76130
105     76147
106     76147
107     76364
108     76364
109     76834
191     76113
192     76248
193     76895
1073    76020
1074    76036
1075    76041
1076    76054
1077    76100
1078    76122
1079    76126
1080    76233
1081    76243
1082    76246
1083    76250
1084    76275
1085    76306
1086    76318
1087    76377
1088    76400
1089    76403
1090    76497
1091    76563
1092    76606
1093    76616
1094    76622
1095    76670
1096    76736
1097    76823
1098    76828
1099    76845
1100    76863
1101    76869
1102    76890
1229    76001
1230    76001
1231    76001
1232    76001
1233    76001
1234    76001
1235    76001
1236    76001
1237    76001
1238    76001
1239    76001
NAME: MUNICIPIO, DTYPE: OBJECT","57                  PALMIRA
58                  PALMIRA
59                  PALMIRA
60                  PALMIRA
61                  PALMIRA
62                    YUMBO
63                    YUMBO
101            BUENAVENTURA
102     GUADALAJARA DE BUGA
103              CANDELARIA
104              CANDELARIA
105                 CARTAGO
106                 CARTAGO
107                 JAMUNDI
108                 JAMUNDI
109                   TULUA
191            BUGALAGRANDE
192              EL CERRITO
193                  ZARZAL
1073                 ALCALA
1074              ANDALUCIA
1075           ANSERMANUEVO
1076                ARGELIA
1077                BOLIVAR
1078             CAICEDONIA
1079       CALIMA EL DARIEN
1080                  DAGUA
1081              EL AGUILA
1082               EL CAIRO
1083               EL DOVIO
1084                FLORIDA
1085                GINEBRA
1086                GUACARI
1087              LA CUMBRE
1088               LA UNION
1089            LA VICTORIA
1090                 OBANDO
1091                PRADERA
1092               RESTREPO
1093                RIOFRIO
1094             ROLDANILLO
1095              SAN PEDRO
1096                SEVILLA
1097                   TORO
1098               TRUJILLO
1099                  ULLOA
1100              VERSALLES
1101                  VIJES
1102                 YOTOCO
1229       SANTIAGO DE CALI
1230       SANTIAGO DE CALI
1231       SANTIAGO DE CALI
1232       SANTIAGO DE CALI
1233       SANTIAGO DE CALI
1234       SANTIAGO DE CALI
1235       SANTIAGO DE CALI
1236       SANTIAGO DE CALI
1237       SANTIAGO DE CALI
1238       SANTIAGO DE CALI
1239       SANTIAGO DE CALI
NAME: MUNICIPIO, DTYPE: OBJECT","57      MUNICIPIO
58      MUNICIPIO
59      MUNICIPIO
60      MUNICIPIO
61      MUNICIPIO
62      MUNICIPIO
63      MUNICIPIO
101     MUNICIPIO
102     MUNICIPIO
103     MUNICIPIO
104     MUNICIPIO
105     MUNICIPIO
106     MUNICIPIO
107     MUNICIPIO
108     MUNICIPIO
109     MUNICIPIO
191     MUNICIPIO
192     MUNICIPIO
193     MUNICIPIO
1073    MUNICIPIO
1074    MUNICIPIO
1075    MUNICIPIO
1076    MUNICIPIO
1077    MUNICIPIO
1078    MUNICIPIO
1079    MUNICIPIO
1080    MUNICIPIO
1081    MUNICIPIO
1082    MUNICIPIO
1083    MUNICIPIO
1084    MUNICIPIO
1085    MUNICIPIO
1086    MUNICIPIO
1087    MUNICIPIO
1088    MUNICIPIO
1089    MUNICIPIO
1090    MUNICIPIO
1091    MUNICIPIO
1092    MUNICIPIO
1093    MUNICIPIO
1094    MUNICIPIO
1095    MUNICIPIO
1096    MUNICIPIO
1097    MUNICIPIO
1098    MUNICIPIO
1099    MUNICIPIO
1100    MUNICIPIO
1101    MUNICIPIO
1102    MUNICIPIO
1229    MUNICIPIO
1230    MUNICIPIO
1231    MUNICIPIO
1232    MUNICIPIO
1233    MUNICIPIO
1234    MUNICIPIO
1235    MUNICIPIO
1236    MUNICIPIO
1237    MUNICIPIO
1238    MUNICIPIO
1239    MUNICIPIO
NAME: MUNICIPIO, DTYPE: OBJECT","57        1
58        1
59        1
60        1
61        1
62        1
63        1
101       2
102       2
103       2
104       2
105       2
106       2
107       2
108       2
109       2
191       5
192       5
193       5
1073      6
1074      6
1075      6
1076      6
1077      6
1078      6
1079      6
1080      6
1081      6
1082      6
1083      6
1084      6
1085      6
1086      6
1087      6
1088      6
1089      6
1090      6
1091      6
1092      6
1093      6
1094      6
1095      6
1096      6
1097      6
1098      6
1099      6
1100      6
1101      6
1102      6
1229    ESP
1230    ESP
1231    ESP
1232    ESP
1233    ESP
1234    ESP
1235    ESP
1236    ESP
1237    ESP
1238    ESP
1239    ESP
NAME: MUNICIPIO, DTYPE: OBJECT",Null,Null,Móvil (Comisaria Movil),15 Corregiminetos,8818551,Especial,N/A,N/A,N/A,Directorio Comisarías Ley 2126
