expediente_id,municipio,tipo_proceso,despacho,anio_radicacion,ivf_score,carga_despacho,n_audiencias,apelacion,duracion_dias,terminado
CAL-00001,CALI,ALIMENTOS,Comisaria_3_Familia_Cali,2023,70.0,0.9,4,0,436,1
CAL-00002,CALI,VIF,Comisaria_1_Familia_Cali,2020,70.0,1.25,5,0,443,1
CAL-00003,CALI,VIF,Juzgado_Penal_Municipal_1_Cali,2022,70.0,1.35,2,0,445,1
CAL-00004,CALI,HURTO_PATRIMONIAL,Juzgado_3_Familia_Cali,2022,70.0,1.2,4,0,571,1
CAL-00005,CALI,ALIMENTOS,Juzgado_Penal_Municipal_1_Cali,2024,70.0,1.35,3,0,570,1
CAL-00006,CALI,ALIMENTOS,Comisaria_3_Familia_Cali,2020,70.0,0.9,4,1,591,1
CAL-00007,CALI,VIF,Comisaria_1_Familia_Cali,2020,70.0,1.25,4,0,449,1
CAL-00008,CALI,ALIMENTOS,Comisaria_2_Familia_Cali,2023,70.0,1.1,5,0,532,1
CAL-00009,CALI,ALIMENTOS,Juzgado_1_Familia_Cali,2020,70.0,1.45,1,1,674,1
CAL-00010,CALI,VIF,Juzgado_3_Familia_Cali,2024,70.0,1.2,4,0,430,1
CAL-00011,CALI,ALIMENTOS,Comisaria_2_Familia_Cali,2022,70.0,1.1,9,0,517,1
CAL-00012,CALI,ALIMENTOS,Juzgado_3_Familia_Cali,2024,70.0,1.2,11,0,592,1
CAL-00013,CALI,ALIMENTOS,Juzgado_3_Familia_Cali,2020,70.0,1.2,1,0,499,1
CAL-00014,CALI,VIF,Juzgado_4_Familia_Cali,2024,70.0,1.1,12,0,503,1
CAL-00015,CALI,ALIMENTOS,Juzgado_4_Familia_Cali,2024,70.0,1.1,10,1,388,0
CAL-00016,CALI,VIF,Juzgado_4_Familia_Cali,2022,70.0,1.1,2,0,386,1
CAL-00017,CALI,ALIMENTOS,Comisaria_3_Familia_Cali,2024,70.0,0.9,5,1,571,1
CAL-00018,CALI,SUSTANCIAS,Comisaria_2_Familia_Cali,2023,70.0,1.1,2,0,403,1
CAL-00019,CALI,ALIMENTOS,Juzgado_5_Familia_Cali,2022,70.0,0.95,11,0,532,1
CAL-00020,CALI,VIF,Comisaria_2_Familia_Cali,2024,70.0,1.1,7,0,433,1
CAL-00021,CALI,VIF,Juzgado_1_Familia_Cali,2021,70.0,1.45,14,0,565,1
CAL-00022,CALI,VIF,Juzgado_3_Familia_Cali,2022,70.0,1.2,6,0,413,1
CAL-00023,CALI,ALIMENTOS,Juzgado_Penal_Municipal_2_Cali,2022,70.0,1.15,9,0,556,1
CAL-00024,CALI,ALIMENTOS,Juzgado_5_Familia_Cali,2024,70.0,0.95,1,0,453,1
CAL-00025,CALI,HURTO_PATRIMONIAL,Comisaria_3_Familia_Cali,2024,70.0,0.9,7,0,533,1
CAL-00026,CALI,SUSTANCIAS,Juzgado_2_Familia_Cali,2021,70.0,1.3,13,0,560,1
CAL-00027,CALI,ALIMENTOS,Juzgado_5_Familia_Cali,2021,70.0,0.95,10,1,641,1
CAL-00028,CALI,VIF,Comisaria_1_Familia_Cali,2022,70.0,1.25,8,0,473,1
CAL-00029,CALI,VIF,Juzgado_1_Familia_Cali,2021,70.0,1.45,2,0,470,1
CAL-00030,CALI,SUSTANCIAS,Juzgado_5_Familia_Cali,2024,70.0,0.95,7,0,235,0
CAL-00031,CALI,ALIMENTOS,Juzgado_1_Familia_Cali,2022,70.0,1.45,5,0,565,1
CAL-00032,CALI,ALIMENTOS,Comisaria_1_Familia_Cali,2022,70.0,1.25,2,0,490,1
CAL-00033,CALI,VIF,Comisaria_2_Familia_Cali,2022,70.0,1.1,6,0,437,1
CAL-00034,CALI,VIF,Juzgado_4_Familia_Cali,2023,70.0,1.1,8,0,461,1
CAL-00035,CALI,ALIMENTOS,Comisaria_2_Familia_Cali,2023,70.0,1.1,2,0,466,1
CAL-00036,CALI,ALIMENTOS,Juzgado_Penal_Municipal_2_Cali,2024,70.0,1.15,2,0,485,1
CAL-00037,CALI,VIF,Juzgado_4_Familia_Cali,2024,70.0,1.1,3,1,547,1
CAL-00038,CALI,SUSTANCIAS,Juzgado_Penal_Municipal_2_Cali,2022,70.0,1.15,2,1,514,0
CAL-00039,CALI,HURTO_PATRIMONIAL,Juzgado_Penal_Municipal_1_Cali,2023,70.0,1.35,1,1,623,0
CAL-00040,CALI,VIF,Comisaria_2_Familia_Cali,2023,70.0,1.1,12,0,481,1
CAL-00041,CALI,ALIMENTOS,Juzgado_5_Familia_Cali,2020,70.0,0.95,7,0,480,1
CAL-00042,CALI,ALIMENTOS,Comisaria_1_Familia_Cali,2023,70.0,1.25,4,0,523,1
CAL-00043,CALI,VIF,Juzgado_4_Familia_Cali,2023,70.0,1.1,5,0,438,1
CAL-00044,CALI,ALIMENTOS,Juzgado_3_Familia_Cali,2024,70.0,1.2,9,1,415,0
CAL-00045,CALI,ALIMENTOS,Juzgado_2_Familia_Cali,2020,70.0,1.3,1,0,526,1
CAL-00046,CALI,ALIMENTOS,Juzgado_3_Familia_Cali,2022,70.0,1.2,6,0,520,1
CAL-00047,CALI,HURTO_PATRIMONIAL,Juzgado_Penal_Municipal_1_Cali,2023,70.0,1.35,12,0,640,1
CAL-00048,CALI,ALIMENTOS,Comisaria_3_Familia_Cali,2024,70.0,0.9,1,0,424,1
CAL-00049,CALI,ALIMENTOS,Juzgado_1_Familia_Cali,2023,70.0,1.45,3,0,496,0
CAL-00050,CALI,ALIMENTOS,Comisaria_2_Familia_Cali,2024,70.0,1.1,4,1,488,0
CAL-00051,CALI,VIF,Juzgado_5_Familia_Cali,2024,70.0,0.95,7,0,293,0
CAL-00052,CALI,VIF,Comisaria_2_Familia_Cali,2023,70.0,1.1,8,0,459,1
CAL-00053,CALI,ALIMENTOS,Juzgado_Penal_Municipal_1_Cali,2024,70.0,1.35,3,0,557,1
CAL-00054,CALI,ALIMENTOS,Juzgado_4_Familia_Cali,2021,70.0,1.1,5,0,509,1
CAL-00055,CALI,ALIMENTOS,Comisaria_2_Familia_Cali,2022,70.0,1.1,3,1,317,0
CAL-00056,CALI,VIF,Juzgado_1_Familia_Cali,2023,70.0,1.45,3,1,608,1
CAL-00057,CALI,VIF,Juzgado_Penal_Municipal_2_Cali,2020,70.0,1.15,4,1,582,1
CAL-00058,CALI,SUSTANCIAS,Juzgado_2_Familia_Cali,2021,70.0,1.3,2,0,438,1
CAL-00059,CALI,VIF,Juzgado_Penal_Municipal_2_Cali,2024,70.0,1.15,4,0,443,1
CAL-00060,CALI,VIF,Juzgado_Penal_Municipal_2_Cali,2021,70.0,1.15,2,0,216,0
CAL-00061,CALI,VIF,Juzgado_3_Familia_Cali,2024,70.0,1.2,1,0,202,0
CAL-00062,CALI,ALIMENTOS,Juzgado_1_Familia_Cali,2023,70.0,1.45,3,0,279,0
CAL-00063,CALI,ALIMENTOS,Juzgado_5_Familia_Cali,2020,70.0,0.95,5,0,456,1
CAL-00064,CALI,HURTO_PATRIMONIAL,Juzgado_5_Familia_Cali,2024,70.0,0.95,1,1,609,1
CAL-00065,CALI,ALIMENTOS,Juzgado_1_Familia_Cali,2023,70.0,1.45,1,0,580,1
CAL-00066,CALI,HURTO_PATRIMONIAL,Juzgado_2_Familia_Cali,2024,70.0,1.3,15,0,375,0
CAL-00067,CALI,ALIMENTOS,Juzgado_5_Familia_Cali,2023,70.0,0.95,2,1,603,1
CAL-00068,CALI,VIF,Juzgado_3_Familia_Cali,2024,70.0,1.2,5,0,416,1
CAL-00069,CALI,HURTO_PATRIMONIAL,Juzgado_5_Familia_Cali,2024,70.0,0.95,9,1,496,0
CAL-00070,CALI,ALIMENTOS,Juzgado_3_Familia_Cali,2023,70.0,1.2,17,0,615,1
CAL-00071,CALI,VIF,Juzgado_Penal_Municipal_1_Cali,2024,70.0,1.35,14,1,369,0
CAL-00072,CALI,ALIMENTOS,Comisaria_1_Familia_Cali,2020,70.0,1.25,4,1,655,1
CAL-00073,CALI,VIF,Juzgado_Penal_Municipal_1_Cali,2020,70.0,1.35,14,1,693,1
CAL-00074,CALI,ALIMENTOS,Juzgado_4_Familia_Cali,2024,70.0,1.1,2,1,644,1
CAL-00075,CALI,VIF,Comisaria_2_Familia_Cali,2023,70.0,1.1,3,1,563,1
CAL-00076,CALI,HURTO_PATRIMONIAL,Juzgado_2_Familia_Cali,2022,70.0,1.3,1,0,335,0
CAL-00077,CALI,ALIMENTOS,Juzgado_Penal_Municipal_2_Cali,2023,70.0,1.15,2,1,620,1
CAL-00078,CALI,VIF,Juzgado_4_Familia_Cali,2023,70.0,1.1,11,1,641,1
CAL-00079,CALI,ALIMENTOS,Juzgado_Penal_Municipal_2_Cali,2023,70.0,1.15,4,0,259,0
CAL-00080,CALI,ALIMENTOS,Juzgado_4_Familia_Cali,2024,70.0,1.1,5,1,677,1
CAL-00081,CALI,VIF,Comisaria_1_Familia_Cali,2023,70.0,1.25,5,0,464,1
CAL-00082,CALI,ALIMENTOS,Comisaria_1_Familia_Cali,2024,70.0,1.25,7,0,547,1
CAL-00083,CALI,ALIMENTOS,Juzgado_4_Familia_Cali,2022,70.0,1.1,1,0,485,1
CAL-00084,CALI,ALIMENTOS,Comisaria_3_Familia_Cali,2024,70.0,0.9,8,0,459,1
CAL-00085,CALI,VIF,Juzgado_1_Familia_Cali,2024,70.0,1.45,3,0,499,1
CAL-00086,CALI,ALIMENTOS,Juzgado_1_Familia_Cali,2024,70.0,1.45,9,0,637,1
CAL-00087,CALI,ALIMENTOS,Juzgado_5_Familia_Cali,2021,70.0,0.95,7,1,603,1
CAL-00088,CALI,VIF,Comisaria_3_Familia_Cali,2022,70.0,0.9,2,0,324,1
CAL-00089,CALI,ALIMENTOS,Juzgado_1_Familia_Cali,2022,70.0,1.45,2,0,563,1
CAL-00090,CALI,ALIMENTOS,Juzgado_3_Familia_Cali,2022,70.0,1.2,5,0,516,1
CAL-00091,CALI,HURTO_PATRIMONIAL,Comisaria_1_Familia_Cali,2024,70.0,1.25,8,1,600,0
CAL-00092,CALI,VIF,Juzgado_Penal_Municipal_2_Cali,2022,70.0,1.15,10,0,469,1
CAL-00093,CALI,VIF,Juzgado_3_Familia_Cali,2023,70.0,1.2,1,1,567,1
CAL-00094,CALI,VIF,Comisaria_3_Familia_Cali,2022,70.0,0.9,7,1,299,0
CAL-00095,CALI,VIF,Juzgado_4_Familia_Cali,2024,70.0,1.1,9,1,311,0
CAL-00096,CALI,HURTO_PATRIMONIAL,Comisaria_2_Familia_Cali,2021,70.0,1.1,3,0,508,1
CAL-00097,CALI,ALIMENTOS,Juzgado_3_Familia_Cali,2023,70.0,1.2,3,0,300,0
CAL-00098,CALI,ALIMENTOS,Juzgado_Penal_Municipal_1_Cali,2024,70.0,1.35,4,0,577,1
CAL-00099,CALI,ALIMENTOS,Juzgado_3_Familia_Cali,2021,70.0,1.2,1,1,644,1
CAL-00100,CALI,ALIMENTOS,Juzgado_Penal_Municipal_2_Cali,2020,70.0,1.15,2,1,640,1
CAL-00101,CALI,ALIMENTOS,Comisaria_3_Familia_Cali,2023,70.0,0.9,2,1,580,1
CAL-00102,CALI,ALIMENTOS,Juzgado_1_Familia_Cali,2020,70.0,1.45,18,0,677,1
CAL-00103,CALI,VIF,Juzgado_1_Familia_Cali,2022,70.0,1.45,1,0,454,1
CAL-00104,CALI,ALIMENTOS,Juzgado_Penal_Municipal_2_Cali,2024,70.0,1.15,10,0,566,1
CAL-00105,CALI,VIF,Juzgado_Penal_Municipal_1_Cali,2021,70.0,1.35,7,1,621,1
CAL-00106,CALI,ALIMENTOS,Juzgado_1_Familia_Cali,2023,70.0,1.45,8,0,631,1
CAL-00107,CALI,SUSTANCIAS,Juzgado_4_Familia_Cali,2023,70.0,1.1,2,1,301,0
CAL-00108,CALI,ALIMENTOS,Juzgado_3_Familia_Cali,2023,70.0,1.2,8,1,706,1
CAL-00109,CALI,ALIMENTOS,Comisaria_2_Familia_Cali,2020,70.0,1.1,3,1,645,1
CAL-00110,CALI,ALIMENTOS,Juzgado_Penal_Municipal_2_Cali,2024,70.0,1.15,8,0,308,0
CAL-00111,CALI,VIF,Juzgado_Penal_Municipal_1_Cali,2022,70.0,1.35,5,0,465,1
CAL-00112,CALI,ALIMENTOS,Comisaria_1_Familia_Cali,2024,70.0,1.25,5,0,526,1
CAL-00113,CALI,HURTO_PATRIMONIAL,Comisaria_2_Familia_Cali,2021,70.0,1.1,3,0,505,1
CAL-00114,CALI,VIF,Juzgado_5_Familia_Cali,2021,70.0,0.95,4,0,203,0
CAL-00115,CALI,VIF,Juzgado_3_Familia_Cali,2020,70.0,1.2,4,0,440,1
CAL-00116,CALI,SUSTANCIAS,Comisaria_2_Familia_Cali,2023,70.0,1.1,5,1,604,1
CAL-00117,CALI,VIF,Juzgado_1_Familia_Cali,2023,70.0,1.45,1,1,476,0
CAL-00118,CALI,VIF,Comisaria_3_Familia_Cali,2022,70.0,0.9,7,0,392,1
CAL-00119,CALI,VIF,Juzgado_3_Familia_Cali,2022,70.0,1.2,7,1,627,1
CAL-00120,CALI,HURTO_PATRIMONIAL,Juzgado_5_Familia_Cali,2024,70.0,0.95,8,0,563,1
CAL-00121,CALI,VIF,Juzgado_Penal_Municipal_1_Cali,2024,70.0,1.35,7,0,496,1
CAL-00122,CALI,SUSTANCIAS,Juzgado_2_Familia_Cali,2022,70.0,1.3,7,0,516,1
CAL-00123,CALI,VIF,Comisaria_3_Familia_Cali,2021,70.0,0.9,2,1,525,1
CAL-00124,CALI,VIF,Comisaria_1_Familia_Cali,2022,70.0,1.25,8,0,395,0
CAL-00125,CALI,ALIMENTOS,Comisaria_2_Familia_Cali,2021,70.0,1.1,7,1,323,0
CAL-00126,CALI,ALIMENTOS,Juzgado_Penal_Municipal_1_Cali,2023,70.0,1.35,2,1,666,1
CAL-00127,CALI,VIF,Juzgado_1_Familia_Cali,2021,70.0,1.45,1,0,198,0
CAL-00128,CALI,SUSTANCIAS,Juzgado_Penal_Municipal_1_Cali,2021,70.0,1.35,2,0,459,1
CAL-00129,CALI,VIF,Comisaria_2_Familia_Cali,2024,70.0,1.1,4,1,584,1
CAL-00130,CALI,ALIMENTOS,Juzgado_4_Familia_Cali,2024,70.0,1.1,7,1,669,1
CAL-00131,CALI,ALIMENTOS,Juzgado_Penal_Municipal_2_Cali,2024,70.0,1.15,3,0,497,1
CAL-00132,CALI,SUSTANCIAS,Juzgado_Penal_Municipal_2_Cali,2023,70.0,1.15,5,0,457,1
CAL-00133,CALI,VIF,Juzgado_Penal_Municipal_1_Cali,2023,70.0,1.35,2,0,447,1
CAL-00134,CALI,HURTO_PATRIMONIAL,Juzgado_Penal_Municipal_1_Cali,2024,70.0,1.35,4,0,611,1
CAL-00135,CALI,ALIMENTOS,Comisaria_1_Familia_Cali,2022,70.0,1.25,4,1,716,1
CAL-00136,CALI,ALIMENTOS,Juzgado_1_Familia_Cali,2020,70.0,1.45,4,0,591,1
CAL-00137,CALI,VIF,Juzgado_1_Familia_Cali,2024,70.0,1.45,6,0,520,1
CAL-00138,CALI,HURTO_PATRIMONIAL,Juzgado_Penal_Municipal_1_Cali,2024,70.0,1.35,5,0,610,1
CAL-00139,CALI,VIF,Comisaria_2_Familia_Cali,2020,70.0,1.1,3,1,559,1
CAL-00140,CALI,HURTO_PATRIMONIAL,Comisaria_2_Familia_Cali,2021,70.0,1.1,4,1,670,1
CAL-00141,CALI,ALIMENTOS,Juzgado_3_Familia_Cali,2021,70.0,1.2,9,1,706,1
CAL-00142,CALI,HURTO_PATRIMONIAL,Juzgado_4_Familia_Cali,2023,70.0,1.1,4,1,682,1
CAL-00143,CALI,ALIMENTOS,Juzgado_Penal_Municipal_2_Cali,2020,70.0,1.15,3,0,520,1
CAL-00144,CALI,ALIMENTOS,Juzgado_1_Familia_Cali,2022,70.0,1.45,11,0,641,1
CAL-00145,CALI,SUSTANCIAS,Juzgado_1_Familia_Cali,2021,70.0,1.45,5,0,531,1
CAL-00146,CALI,HURTO_PATRIMONIAL,Juzgado_4_Familia_Cali,2023,70.0,1.1,4,0,510,1
CAL-00147,CALI,ALIMENTOS,Juzgado_Penal_Municipal_1_Cali,2022,70.0,1.35,1,0,505,1
CAL-00148,CALI,HURTO_PATRIMONIAL,Comisaria_3_Familia_Cali,2022,70.0,0.9,4,1,653,1
CAL-00149,CALI,HURTO_PATRIMONIAL,Juzgado_2_Familia_Cali,2024,70.0,1.3,2,0,590,1
CAL-00150,CALI,HURTO_PATRIMONIAL,Juzgado_Penal_Municipal_1_Cali,2020,70.0,1.35,12,0,706,1
CAL-00151,CALI,ALIMENTOS,Comisaria_1_Familia_Cali,2023,70.0,1.25,8,0,267,0
CAL-00152,CALI,ALIMENTOS,Comisaria_1_Familia_Cali,2022,70.0,1.25,7,1,717,1
CAL-00153,CALI,ALIMENTOS,Juzgado_1_Familia_Cali,2021,70.0,1.45,3,1,722,1
CAL-00154,CALI,HURTO_PATRIMONIAL,Juzgado_2_Familia_Cali,2022,70.0,1.3,2,1,453,0
CAL-00155,CALI,ALIMENTOS,Comisaria_2_Familia_Cali,2021,70.0,1.1,8,0,531,1
CAL-00156,CALI,ALIMENTOS,Comisaria_1_Familia_Cali,2023,70.0,1.25,11,0,623,1
CAL-00157,CALI,VIF,Juzgado_4_Familia_Cali,2022,70.0,1.1,5,0,434,1
CAL-00158,CALI,VIF,Juzgado_Penal_Municipal_2_Cali,2022,70.0,1.15,7,0,470,1
CAL-00159,CALI,ALIMENTOS,Juzgado_4_Familia_Cali,2024,70.0,1.1,4,1,490,0
CAL-00160,CALI,ALIMENTOS,Comisaria_3_Familia_Cali,2024,70.0,0.9,1,1,326,0
CAL-00161,CALI,VIF,Juzgado_5_Familia_Cali,2024,70.0,0.95,3,0,405,1
CAL-00162,CALI,ALIMENTOS,Juzgado_1_Familia_Cali,2023,70.0,1.45,3,0,576,1
CAL-00163,CALI,HURTO_PATRIMONIAL,Comisaria_2_Familia_Cali,2022,70.0,1.1,7,0,564,1
CAL-00164,CALI,VIF,Juzgado_3_Familia_Cali,2024,70.0,1.2,12,0,488,1
CAL-00165,CALI,VIF,Comisaria_1_Familia_Cali,2023,70.0,1.25,6,0,457,1
CAL-00166,CALI,VIF,Comisaria_1_Familia_Cali,2023,70.0,1.25,2,1,558,1
CAL-00167,CALI,VIF,Juzgado_4_Familia_Cali,2024,70.0,1.1,1,1,544,1
CAL-00168,CALI,ALIMENTOS,Juzgado_Penal_Municipal_1_Cali,2022,70.0,1.35,7,1,709,1
CAL-00169,CALI,ALIMENTOS,Juzgado_5_Familia_Cali,2022,70.0,0.95,11,0,516,1
CAL-00170,CALI,VIF,Juzgado_4_Familia_Cali,2022,70.0,1.1,4,1,557,1
CAL-00171,CALI,VIF,Juzgado_5_Familia_Cali,2020,70.0,0.95,5,0,371,1
CAL-00172,CALI,VIF,Juzgado_2_Familia_Cali,2022,70.0,1.3,4,0,455,1
CAL-00173,CALI,VIF,Comisaria_2_Familia_Cali,2020,70.0,1.1,9,0,434,1
CAL-00174,CALI,ALIMENTOS,Comisaria_3_Familia_Cali,2021,70.0,0.9,7,1,328,0
CAL-00175,CALI,HURTO_PATRIMONIAL,Comisaria_3_Familia_Cali,2024,70.0,0.9,5,0,484,1
CAL-00176,CALI,HURTO_PATRIMONIAL,Juzgado_5_Familia_Cali,2023,70.0,0.95,2,1,618,1
CAL-00177,CALI,SUSTANCIAS,Juzgado_Penal_Municipal_1_Cali,2020,70.0,1.35,3,0,464,1
CAL-00178,CALI,VIF,Juzgado_2_Familia_Cali,2024,70.0,1.3,3,1,623,1
CAL-00179,CALI,ALIMENTOS,Juzgado_1_Familia_Cali,2022,70.0,1.45,12,0,636,1
CAL-00180,CALI,ALIMENTOS,Comisaria_1_Familia_Cali,2020,70.0,1.25,12,0,610,1
CAL-00181,CALI,HURTO_PATRIMONIAL,Juzgado_2_Familia_Cali,2023,70.0,1.3,1,0,531,1
CAL-00182,CALI,HURTO_PATRIMONIAL,Comisaria_1_Familia_Cali,2024,70.0,1.25,5,0,637,1
CAL-00183,CALI,ALIMENTOS,Juzgado_Penal_Municipal_1_Cali,2023,70.0,1.35,1,1,676,1
CAL-00184,CALI,VIF,Juzgado_5_Familia_Cali,2022,70.0,0.95,8,0,410,1
CAL-00185,CALI,VIF,Juzgado_1_Familia_Cali,2024,70.0,1.45,5,0,514,1
CAL-00186,CALI,ALIMENTOS,Comisaria_3_Familia_Cali,2024,70.0,0.9,2,1,579,1
CAL-00187,CALI,ALIMENTOS,Comisaria_2_Familia_Cali,2023,70.0,1.1,18,0,626,1
CAL-00188,CALI,ALIMENTOS,Juzgado_Penal_Municipal_2_Cali,2024,70.0,1.15,1,1,625,1
CAL-00189,CALI,VIF,Juzgado_Penal_Municipal_2_Cali,2024,70.0,1.15,3,1,581,1
CAL-00190,CALI,HURTO_PATRIMONIAL,Juzgado_1_Familia_Cali,2021,70.0,1.45,9,1,538,0
CAL-00191,CALI,VIF,Juzgado_Penal_Municipal_1_Cali,2024,70.0,1.35,6,0,474,1
CAL-00192,CALI,VIF,Comisaria_2_Familia_Cali,2022,70.0,1.1,6,0,447,1
CAL-00193,CALI,ALIMENTOS,Juzgado_5_Familia_Cali,2024,70.0,0.95,3,1,393,0
CAL-00194,CALI,ALIMENTOS,Juzgado_5_Familia_Cali,2020,70.0,0.95,1,0,430,1
CAL-00195,CALI,VIF,Comisaria_1_Familia_Cali,2023,70.0,1.25,12,1,677,1
CAL-00196,CALI,SUSTANCIAS,Juzgado_Penal_Municipal_1_Cali,2021,70.0,1.35,1,1,580,1
CAL-00197,CALI,SUSTANCIAS,Juzgado_3_Familia_Cali,2024,70.0,1.2,3,0,430,1
CAL-00198,CALI,VIF,Juzgado_Penal_Municipal_1_Cali,2023,70.0,1.35,4,0,457,1
CAL-00199,CALI,VIF,Juzgado_4_Familia_Cali,2024,70.0,1.1,2,0,382,1
CAL-00200,CALI,ALIMENTOS,Juzgado_4_Familia_Cali,2022,70.0,1.1,6,0,497,1
CAL-00201,CALI,VIF,Juzgado_1_Familia_Cali,2021,70.0,1.45,3,0,482,1
CAL-00202,CALI,HURTO_PATRIMONIAL,Juzgado_4_Familia_Cali,2024,70.0,1.1,3,0,519,1
CAL-00203,CALI,VIF,Comisaria_1_Familia_Cali,2022,70.0,1.25,2,0,426,1
CAL-00204,CALI,SUSTANCIAS,Comisaria_1_Familia_Cali,2021,70.0,1.25,3,1,604,1
CAL-00205,CALI,VIF,Juzgado_4_Familia_Cali,2022,70.0,1.1,5,0,409,1
CAL-00206,CALI,ALIMENTOS,Juzgado_3_Familia_Cali,2023,70.0,1.2,3,0,498,1
CAL-00207,CALI,ALIMENTOS,Comisaria_2_Familia_Cali,2021,70.0,1.1,3,1,625,1
CAL-00208,CALI,SUSTANCIAS,Juzgado_1_Familia_Cali,2021,70.0,1.45,3,0,486,1
CAL-00209,CALI,HURTO_PATRIMONIAL,Juzgado_3_Familia_Cali,2022,70.0,1.2,9,0,377,0
CAL-00210,CALI,VIF,Comisaria_1_Familia_Cali,2024,70.0,1.25,12,0,531,1
CAL-00211,CALI,HURTO_PATRIMONIAL,Juzgado_5_Familia_Cali,2021,70.0,0.95,1,0,439,1
CAL-00212,CALI,ALIMENTOS,Juzgado_4_Familia_Cali,2024,70.0,1.1,7,0,500,1
CAL-00213,CALI,ALIMENTOS,Juzgado_Penal_Municipal_2_Cali,2024,70.0,1.15,9,1,689,1
CAL-00214,CALI,ALIMENTOS,Comisaria_3_Familia_Cali,2023,70.0,0.9,10,0,517,1
CAL-00215,CALI,ALIMENTOS,Comisaria_3_Familia_Cali,2024,70.0,0.9,3,0,434,1
CAL-00216,CALI,HURTO_PATRIMONIAL,Juzgado_3_Familia_Cali,2020,70.0,1.2,1,0,505,1
CAL-00217,CALI,ALIMENTOS,Juzgado_Penal_Municipal_2_Cali,2020,70.0,1.15,9,1,612,0
CAL-00218,CALI,ALIMENTOS,Comisaria_3_Familia_Cali,2023,70.0,0.9,1,0,404,1
CAL-00219,CALI,VIF,Juzgado_Penal_Municipal_2_Cali,2023,70.0,1.15,3,0,280,0
CAL-00220,CALI,SUSTANCIAS,Juzgado_2_Familia_Cali,2021,70.0,1.3,6,0,486,1
CAL-00221,CALI,VIF,Juzgado_Penal_Municipal_1_Cali,2021,70.0,1.35,5,0,405,0
CAL-00222,CALI,VIF,Comisaria_2_Familia_Cali,2024,70.0,1.1,5,0,405,1
CAL-00223,CALI,VIF,Comisaria_2_Familia_Cali,2021,70.0,1.1,4,0,402,1
CAL-00224,CALI,VIF,Juzgado_2_Familia_Cali,2021,70.0,1.3,7,0,481,1
CAL-00225,CALI,VIF,Juzgado_5_Familia_Cali,2023,70.0,0.95,1,0,361,1
CAL-00226,CALI,VIF,Juzgado_5_Familia_Cali,2021,70.0,0.95,4,0,379,1
CAL-00227,CALI,ALIMENTOS,Juzgado_Penal_Municipal_2_Cali,2023,70.0,1.15,9,0,534,1
CAL-00228,CALI,ALIMENTOS,Juzgado_Penal_Municipal_1_Cali,2023,70.0,1.35,1,1,665,1
CAL-00229,CALI,SUSTANCIAS,Juzgado_4_Familia_Cali,2022,70.0,1.1,9,1,644,1
CAL-00230,CALI,ALIMENTOS,Comisaria_2_Familia_Cali,2020,70.0,1.1,1,1,632,1
CAL-00231,CALI,VIF,Juzgado_3_Familia_Cali,2020,70.0,1.2,11,0,514,1
CAL-00232,CALI,HURTO_PATRIMONIAL,Juzgado_3_Familia_Cali,2023,70.0,1.2,9,0,597,1
CAL-00233,CALI,VIF,Juzgado_4_Familia_Cali,2021,70.0,1.1,2,1,556,1
CAL-00234,CALI,HURTO_PATRIMONIAL,Juzgado_Penal_Municipal_1_Cali,2024,70.0,1.35,2,0,400,0
CAL-00235,CALI,HURTO_PATRIMONIAL,Comisaria_2_Familia_Cali,2023,70.0,1.1,1,1,309,0
CAL-00236,CALI,HURTO_PATRIMONIAL,Comisaria_1_Familia_Cali,2023,70.0,1.25,5,0,587,1
CAL-00237,CALI,HURTO_PATRIMONIAL,Juzgado_5_Familia_Cali,2023,70.0,0.95,7,0,432,0
CAL-00238,CALI,SUSTANCIAS,Comisaria_3_Familia_Cali,2024,70.0,0.9,3,1,553,1
CAL-00239,CALI,VIF,Juzgado_4_Familia_Cali,2020,70.0,1.1,8,0,430,1
CAL-00240,CALI,HURTO_PATRIMONIAL,Comisaria_1_Familia_Cali,2020,70.0,1.25,3,0,560,1
CAL-00241,CALI,VIF,Juzgado_1_Familia_Cali,2024,70.0,1.45,4,0,483,1
CAL-00242,CALI,HURTO_PATRIMONIAL,Juzgado_5_Familia_Cali,2020,70.0,0.95,1,0,440,1
CAL-00243,CALI,VIF,Juzgado_Penal_Municipal_2_Cali,2021,70.0,1.15,1,0,375,1
CAL-00244,CALI,ALIMENTOS,Juzgado_5_Familia_Cali,2021,70.0,0.95,7,0,380,0
CAL-00245,CALI,VIF,Juzgado_Penal_Municipal_1_Cali,2024,70.0,1.35,15,0,579,1
CAL-00246,CALI,ALIMENTOS,Comisaria_1_Familia_Cali,2024,70.0,1.25,3,0,564,1
CAL-00247,CALI,ALIMENTOS,Comisaria_3_Familia_Cali,2021,70.0,0.9,5,0,441,1
CAL-00248,CALI,HURTO_PATRIMONIAL,Juzgado_Penal_Municipal_2_Cali,2022,70.0,1.15,5,0,594,1
CAL-00249,CALI,HURTO_PATRIMONIAL,Juzgado_Penal_Municipal_1_Cali,2023,70.0,1.35,6,1,490,0
CAL-00250,CALI,ALIMENTOS,Juzgado_Penal_Municipal_2_Cali,2023,70.0,1.15,5,0,500,1
CAL-00251,CALI,SUSTANCIAS,Comisaria_3_Familia_Cali,2021,70.0,0.9,3,0,366,1
CAL-00252,CALI,VIF,Comisaria_3_Familia_Cali,2023,70.0,0.9,14,0,441,1
CAL-00253,CALI,HURTO_PATRIMONIAL,Comisaria_3_Familia_Cali,2023,70.0,0.9,3,0,470,1
CAL-00254,CALI,ALIMENTOS,Comisaria_1_Familia_Cali,2024,70.0,1.25,2,0,539,1
CAL-00255,CALI,VIF,Juzgado_2_Familia_Cali,2021,70.0,1.3,4,1,615,1
CAL-00256,CALI,VIF,Juzgado_Penal_Municipal_1_Cali,2024,70.0,1.35,3,0,440,1
CAL-00257,CALI,SUSTANCIAS,Comisaria_1_Familia_Cali,2024,70.0,1.25,3,0,432,1
CAL-00258,CALI,VIF,Juzgado_3_Familia_Cali,2024,70.0,1.2,1,1,569,1
CAL-00259,CALI,VIF,Juzgado_2_Familia_Cali,2022,70.0,1.3,12,0,517,1
CAL-00260,CALI,HURTO_PATRIMONIAL,Juzgado_3_Familia_Cali,2020,70.0,1.2,3,1,707,1
CAL-00261,CALI,ALIMENTOS,Juzgado_4_Familia_Cali,2021,70.0,1.1,3,0,490,1
CAL-00262,CALI,ALIMENTOS,Juzgado_5_Familia_Cali,2020,70.0,0.95,8,0,453,1
CAL-00263,CALI,HURTO_PATRIMONIAL,Juzgado_2_Familia_Cali,2023,70.0,1.3,3,1,716,1
CAL-00264,CALI,ALIMENTOS,Juzgado_3_Familia_Cali,2024,70.0,1.2,4,0,505,1
CAL-00265,CALI,ALIMENTOS,Juzgado_Penal_Municipal_1_Cali,2022,70.0,1.35,5,1,723,1
CAL-00266,CALI,VIF,Comisaria_2_Familia_Cali,2023,70.0,1.1,2,1,327,0
CAL-00267,CALI,ALIMENTOS,Juzgado_1_Familia_Cali,2023,70.0,1.45,7,1,565,0
CAL-00268,CALI,ALIMENTOS,Juzgado_4_Familia_Cali,2024,70.0,1.1,3,0,502,1
CAL-00269,CALI,VIF,Juzgado_1_Familia_Cali,2022,70.0,1.45,1,0,444,1
CAL-00270,CALI,ALIMENTOS,Juzgado_5_Familia_Cali,2023,70.0,0.95,5,0,475,1
CAL-00271,CALI,VIF,Comisaria_3_Familia_Cali,2022,70.0,0.9,11,0,431,1
CAL-00272,CALI,VIF,Juzgado_3_Familia_Cali,2022,70.0,1.2,6,1,621,1
CAL-00273,CALI,HURTO_PATRIMONIAL,Juzgado_3_Familia_Cali,2023,70.0,1.2,5,0,588,1
CAL-00274,CALI,ALIMENTOS,Juzgado_Penal_Municipal_1_Cali,2020,70.0,1.35,5,1,701,1
CAL-00275,CALI,VIF,Juzgado_1_Familia_Cali,2023,70.0,1.45,1,0,434,1
CAL-00276,CALI,HURTO_PATRIMONIAL,Juzgado_1_Familia_Cali,2021,70.0,1.45,9,0,665,1
CAL-00277,CALI,SUSTANCIAS,Juzgado_Penal_Municipal_1_Cali,2024,70.0,1.35,8,0,521,1
CAL-00278,CALI,ALIMENTOS,Juzgado_3_Familia_Cali,2023,70.0,1.2,11,0,568,1
CAL-00279,CALI,VIF,Juzgado_1_Familia_Cali,2024,70.0,1.45,5,1,641,1
CAL-00280,CALI,VIF,Juzgado_2_Familia_Cali,2020,70.0,1.3,9,0,518,1
CAL-00281,CALI,VIF,Juzgado_2_Familia_Cali,2023,70.0,1.3,2,1,611,1
CAL-00282,CALI,SUSTANCIAS,Juzgado_Penal_Municipal_1_Cali,2021,70.0,1.35,6,0,482,1
CAL-00283,CALI,SUSTANCIAS,Juzgado_2_Familia_Cali,2020,70.0,1.3,1,0,216,0
CAL-00284,CALI,VIF,Juzgado_Penal_Municipal_1_Cali,2024,70.0,1.35,8,0,509,1
CAL-00285,CALI,ALIMENTOS,Juzgado_5_Familia_Cali,2024,70.0,0.95,1,0,439,1
CAL-00286,CALI,HURTO_PATRIMONIAL,Comisaria_2_Familia_Cali,2022,70.0,1.1,1,0,533,1
CAL-00287,CALI,ALIMENTOS,Comisaria_3_Familia_Cali,2021,70.0,0.9,3,0,426,1
CAL-00288,CALI,VIF,Juzgado_2_Familia_Cali,2023,70.0,1.3,3,0,442,1
CAL-00289,CALI,VIF,Juzgado_2_Familia_Cali,2024,70.0,1.3,11,1,705,1
CAL-00290,CALI,ALIMENTOS,Comisaria_3_Familia_Cali,2023,70.0,0.9,4,1,603,1
CAL-00291,CALI,ALIMENTOS,Juzgado_2_Familia_Cali,2022,70.0,1.3,4,0,518,1
CAL-00292,CALI,ALIMENTOS,Juzgado_3_Familia_Cali,2024,70.0,1.2,9,1,729,1
CAL-00293,CALI,ALIMENTOS,Comisaria_1_Familia_Cali,2023,70.0,1.25,5,0,518,1
CAL-00294,CALI,VIF,Juzgado_Penal_Municipal_2_Cali,2024,70.0,1.15,2,0,419,1
CAL-00295,CALI,HURTO_PATRIMONIAL,Juzgado_4_Familia_Cali,2022,70.0,1.1,2,0,520,1
CAL-00296,CALI,VIF,Juzgado_1_Familia_Cali,2024,70.0,1.45,2,0,451,1
CAL-00297,CALI,ALIMENTOS,Juzgado_5_Familia_Cali,2023,70.0,0.95,1,0,431,1
CAL-00298,CALI,VIF,Comisaria_1_Familia_Cali,2021,70.0,1.25,3,0,431,1
CAL-00299,CALI,SUSTANCIAS,Juzgado_1_Familia_Cali,2024,70.0,1.45,2,0,497,1
CAL-00300,CALI,VIF,Juzgado_1_Familia_Cali,2023,70.0,1.45,15,0,564,1
CAL-00301,CALI,HURTO_PATRIMONIAL,Juzgado_2_Familia_Cali,2022,70.0,1.3,11,0,695,1
CAL-00302,CALI,ALIMENTOS,Juzgado_1_Familia_Cali,2023,70.0,1.45,2,1,612,0
CAL-00303,CALI,ALIMENTOS,Comisaria_2_Familia_Cali,2020,70.0,1.1,14,0,566,1
CAL-00304,CALI,ALIMENTOS,Juzgado_2_Familia_Cali,2022,70.0,1.3,5,0,582,1
CAL-00305,CALI,SUSTANCIAS,Comisaria_3_Familia_Cali,2022,70.0,0.9,6,0,421,1
CAL-00306,CALI,VIF,Juzgado_1_Familia_Cali,2024,70.0,1.45,2,1,626,1
CAL-00307,CALI,VIF,Comisaria_1_Familia_Cali,2022,70.0,1.25,15,0,271,0
CAL-00308,CALI,HURTO_PATRIMONIAL,Juzgado_2_Familia_Cali,2020,70.0,1.3,11,1,386,0
CAL-00309,CALI,VIF,Juzgado_2_Familia_Cali,2022,70.0,1.3,7,0,474,1
CAL-00310,CALI,VIF,Juzgado_5_Familia_Cali,2020,70.0,0.95,3,1,501,1
CAL-00311,CALI,HURTO_PATRIMONIAL,Juzgado_Penal_Municipal_2_Cali,2023,70.0,1.15,2,1,693,1
CAL-00312,CALI,HURTO_PATRIMONIAL,Comisaria_3_Familia_Cali,2022,70.0,0.9,2,0,458,1
CAL-00313,CALI,ALIMENTOS,Juzgado_2_Familia_Cali,2021,70.0,1.3,3,1,458,0
CAL-00314,CALI,ALIMENTOS,Comisaria_1_Familia_Cali,2024,70.0,1.25,2,1,694,1
CAL-00315,CALI,HURTO_PATRIMONIAL,Juzgado_4_Familia_Cali,2024,70.0,1.1,4,0,562,1
CAL-00316,CALI,ALIMENTOS,Juzgado_Penal_Municipal_2_Cali,2020,70.0,1.15,7,0,523,1
CAL-00317,CALI,ALIMENTOS,Juzgado_5_Familia_Cali,2024,70.0,0.95,2,0,459,1
CAL-00318,CALI,ALIMENTOS,Juzgado_5_Familia_Cali,2023,70.0,0.95,8,1,639,1
CAL-00319,CALI,HURTO_PATRIMONIAL,Juzgado_Penal_Municipal_1_Cali,2020,70.0,1.35,3,0,624,1
CAL-00320,CALI,VIF,Comisaria_1_Familia_Cali,2024,70.0,1.25,7,0,460,1
CAL-00321,CALI,VIF,Juzgado_2_Familia_Cali,2024,70.0,1.3,3,1,465,0
CAL-00322,CALI,HURTO_PATRIMONIAL,Comisaria_1_Familia_Cali,2023,70.0,1.25,7,0,597,1
CAL-00323,CALI,ALIMENTOS,Juzgado_4_Familia_Cali,2024,70.0,1.1,7,0,518,1
CAL-00324,CALI,ALIMENTOS,Juzgado_Penal_Municipal_2_Cali,2023,70.0,1.15,9,0,537,1
CAL-00325,CALI,ALIMENTOS,Juzgado_5_Familia_Cali,2020,70.0,0.95,1,0,389,1
CAL-00326,CALI,ALIMENTOS,Comisaria_2_Familia_Cali,2023,70.0,1.1,1,1,593,1
CAL-00327,CALI,SUSTANCIAS,Juzgado_3_Familia_Cali,2020,70.0,1.2,5,0,460,1
CAL-00328,CALI,ALIMENTOS,Juzgado_3_Familia_Cali,2024,70.0,1.2,5,1,698,1
CAL-00329,CALI,VIF,Comisaria_3_Familia_Cali,2024,70.0,0.9,6,0,400,1
CAL-00330,CALI,ALIMENTOS,Juzgado_Penal_Municipal_2_Cali,2024,70.0,1.15,3,0,517,1
CAL-00331,CALI,SUSTANCIAS,Juzgado_1_Familia_Cali,2022,70.0,1.45,4,0,515,1
CAL-00332,CALI,ALIMENTOS,Juzgado_1_Familia_Cali,2024,70.0,1.45,1,0,560,1
CAL-00333,CALI,HURTO_PATRIMONIAL,Juzgado_Penal_Municipal_2_Cali,2023,70.0,1.15,4,0,543,1
CAL-00334,CALI,VIF,Juzgado_3_Familia_Cali,2021,70.0,1.2,1,0,396,1
CAL-00335,CALI,HURTO_PATRIMONIAL,Comisaria_1_Familia_Cali,2021,70.0,1.25,4,0,626,1
CAL-00336,CALI,ALIMENTOS,Juzgado_5_Familia_Cali,2022,70.0,0.95,2,0,434,1
CAL-00337,CALI,HURTO_PATRIMONIAL,Juzgado_2_Familia_Cali,2023,70.0,1.3,6,0,612,1
CAL-00338,CALI,HURTO_PATRIMONIAL,Juzgado_4_Familia_Cali,2021,70.0,1.1,10,0,610,1
CAL-00339,CALI,VIF,Juzgado_Penal_Municipal_1_Cali,2024,70.0,1.35,3,0,379,0
CAL-00340,CALI,ALIMENTOS,Comisaria_2_Familia_Cali,2024,70.0,1.1,4,0,480,1
CAL-00341,CALI,ALIMENTOS,Juzgado_Penal_Municipal_1_Cali,2021,70.0,1.35,27,0,338,0
CAL-00342,CALI,ALIMENTOS,Comisaria_2_Familia_Cali,2023,70.0,1.1,9,0,526,1
CAL-00343,CALI,VIF,Juzgado_2_Familia_Cali,2024,70.0,1.3,2,1,605,1
CAL-00344,CALI,ALIMENTOS,Juzgado_4_Familia_Cali,2023,70.0,1.1,14,0,553,1
CAL-00345,CALI,ALIMENTOS,Comisaria_2_Familia_Cali,2024,70.0,1.1,4,0,514,1
CAL-00346,CALI,ALIMENTOS,Comisaria_3_Familia_Cali,2021,70.0,0.9,8,1,526,0
CAL-00347,CALI,VIF,Juzgado_3_Familia_Cali,2020,70.0,1.2,8,0,469,1
CAL-00348,CALI,VIF,Juzgado_5_Familia_Cali,2022,70.0,0.95,3,0,234,0
CAL-00349,CALI,VIF,Juzgado_5_Familia_Cali,2024,70.0,0.95,3,0,374,1
CAL-00350,CALI,ALIMENTOS,Juzgado_4_Familia_Cali,2024,70.0,1.1,7,0,502,1
CAL-00351,CALI,ALIMENTOS,Juzgado_5_Familia_Cali,2024,70.0,0.95,3,0,457,1
CAL-00352,CALI,SUSTANCIAS,Comisaria_3_Familia_Cali,2024,70.0,0.9,1,0,375,1
CAL-00353,CALI,ALIMENTOS,Juzgado_2_Familia_Cali,2024,70.0,1.3,6,1,723,1
CAL-00354,CALI,ALIMENTOS,Juzgado_Penal_Municipal_1_Cali,2021,70.0,1.35,11,1,671,0
CAL-00355,CALI,VIF,Juzgado_2_Familia_Cali,2023,70.0,1.3,3,0,470,1
CAL-00356,CALI,HURTO_PATRIMONIAL,Juzgado_1_Familia_Cali,2020,70.0,1.45,7,1,612,0
CAL-00357,CALI,VIF,Comisaria_2_Familia_Cali,2023,70.0,1.1,4,0,387,1
CAL-00358,CALI,ALIMENTOS,Juzgado_4_Familia_Cali,2021,70.0,1.1,6,1,681,1
CAL-00359,CALI,VIF,Comisaria_1_Familia_Cali,2023,70.0,1.25,13,1,681,1
CAL-00360,CALI,VIF,Juzgado_Penal_Municipal_2_Cali,2024,70.0,1.15,9,0,495,1
CAL-00361,CALI,ALIMENTOS,Comisaria_3_Familia_Cali,2024,70.0,0.9,1,1,361,0
CAL-00362,CALI,ALIMENTOS,Juzgado_1_Familia_Cali,2024,70.0,1.45,8,1,467,0
CAL-00363,CALI,ALIMENTOS,Juzgado_Penal_Municipal_1_Cali,2023,70.0,1.35,3,0,545,1
CAL-00364,CALI,VIF,Comisaria_2_Familia_Cali,2021,70.0,1.1,11,0,463,1
CAL-00365,CALI,VIF,Juzgado_Penal_Municipal_1_Cali,2020,70.0,1.35,6,0,468,1
CAL-00366,CALI,VIF,Juzgado_2_Familia_Cali,2024,70.0,1.3,1,0,417,1
CAL-00367,CALI,VIF,Juzgado_2_Familia_Cali,2022,70.0,1.3,5,1,527,0
CAL-00368,CALI,ALIMENTOS,Comisaria_1_Familia_Cali,2023,70.0,1.25,2,0,512,1
CAL-00369,CALI,ALIMENTOS,Juzgado_Penal_Municipal_2_Cali,2023,70.0,1.15,8,1,382,0
CAL-00370,CALI,ALIMENTOS,Juzgado_Penal_Municipal_1_Cali,2021,70.0,1.35,4,0,555,1
CAL-00371,CALI,VIF,Juzgado_1_Familia_Cali,2022,70.0,1.45,4,0,488,1
CAL-00372,CALI,VIF,Comisaria_1_Familia_Cali,2024,70.0,1.25,2,0,428,1
CAL-00373,CALI,ALIMENTOS,Juzgado_Penal_Municipal_1_Cali,2022,70.0,1.35,14,1,591,0
CAL-00374,CALI,HURTO_PATRIMONIAL,Juzgado_4_Familia_Cali,2020,70.0,1.1,2,1,418,0
CAL-00375,CALI,VIF,Juzgado_Penal_Municipal_2_Cali,2023,70.0,1.15,1,0,416,1
CAL-00376,CALI,VIF,Comisaria_3_Familia_Cali,2021,70.0,0.9,10,0,263,0
CAL-00377,CALI,SUSTANCIAS,Comisaria_1_Familia_Cali,2024,70.0,1.25,8,0,396,0
CAL-00378,CALI,VIF,Juzgado_Penal_Municipal_2_Cali,2021,70.0,1.15,3,0,433,1
CAL-00379,CALI,ALIMENTOS,Juzgado_2_Familia_Cali,2023,70.0,1.3,6,0,588,1
CAL-00380,CALI,VIF,Comisaria_3_Familia_Cali,2024,70.0,0.9,5,0,385,1
CAL-00381,CALI,ALIMENTOS,Juzgado_5_Familia_Cali,2024,70.0,0.95,7,0,419,0
CAL-00382,CALI,VIF,Juzgado_Penal_Municipal_2_Cali,2023,70.0,1.15,1,0,379,1
CAL-00383,CALI,SUSTANCIAS,Juzgado_5_Familia_Cali,2022,70.0,0.95,5,0,231,0
CAL-00384,CALI,VIF,Juzgado_3_Familia_Cali,2022,70.0,1.2,11,0,495,1
CAL-00385,CALI,VIF,Comisaria_1_Familia_Cali,2022,70.0,1.25,1,0,398,1
CAL-00386,CALI,VIF,Comisaria_2_Familia_Cali,2020,70.0,1.1,8,1,278,0
CAL-00387,CALI,ALIMENTOS,Juzgado_Penal_Municipal_2_Cali,2024,70.0,1.15,5,1,657,1
CAL-00388,CALI,ALIMENTOS,Comisaria_2_Familia_Cali,2020,70.0,1.1,1,0,443,1
CAL-00389,CALI,VIF,Juzgado_1_Familia_Cali,2022,70.0,1.45,13,1,720,1
CAL-00390,CALI,VIF,Comisaria_1_Familia_Cali,2023,70.0,1.25,4,0,472,1
CAL-00391,CALI,VIF,Juzgado_5_Familia_Cali,2024,70.0,0.95,9,0,446,1
CAL-00392,CALI,HURTO_PATRIMONIAL,Juzgado_3_Familia_Cali,2023,70.0,1.2,11,1,614,0
CAL-00393,CALI,VIF,Juzgado_1_Familia_Cali,2023,70.0,1.45,3,0,478,1
CAL-00394,CALI,VIF,Juzgado_3_Familia_Cali,2024,70.0,1.2,4,0,453,1
CAL-00395,CALI,SUSTANCIAS,Juzgado_2_Familia_Cali,2020,70.0,1.3,3,0,345,0
CAL-00396,CALI,ALIMENTOS,Juzgado_2_Familia_Cali,2023,70.0,1.3,2,0,525,1
CAL-00397,CALI,ALIMENTOS,Juzgado_4_Familia_Cali,2020,70.0,1.1,6,0,495,1
CAL-00398,CALI,ALIMENTOS,Juzgado_2_Familia_Cali,2024,70.0,1.3,2,0,532,1
CAL-00399,CALI,HURTO_PATRIMONIAL,Comisaria_2_Familia_Cali,2023,70.0,1.1,7,0,542,1
CAL-00400,CALI,ALIMENTOS,Juzgado_Penal_Municipal_2_Cali,2024,70.0,1.15,6,0,554,1
CAL-00401,CALI,VIF,Juzgado_Penal_Municipal_2_Cali,2022,70.0,1.15,12,0,484,1
CAL-00402,CALI,VIF,Juzgado_2_Familia_Cali,2022,70.0,1.3,4,1,617,1
CAL-00403,CALI,ALIMENTOS,Juzgado_Penal_Municipal_2_Cali,2023,70.0,1.15,4,0,516,1
CAL-00404,CALI,VIF,Juzgado_1_Familia_Cali,2023,70.0,1.45,4,0,500,1
CAL-00405,CALI,ALIMENTOS,Juzgado_5_Familia_Cali,2024,70.0,0.95,7,1,654,1
CAL-00406,CALI,ALIMENTOS,Comisaria_3_Familia_Cali,2020,70.0,0.9,3,1,584,1
CAL-00407,CALI,ALIMENTOS,Comisaria_3_Familia_Cali,2021,70.0,0.9,12,0,390,0
CAL-00408,CALI,HURTO_PATRIMONIAL,Comisaria_1_Familia_Cali,2020,70.0,1.25,7,0,611,1
CAL-00409,CALI,ALIMENTOS,Juzgado_1_Familia_Cali,2024,70.0,1.45,4,1,338,0
CAL-00410,CALI,ALIMENTOS,Comisaria_3_Familia_Cali,2023,70.0,0.9,6,0,479,1
CAL-00411,CALI,VIF,Juzgado_Penal_Municipal_1_Cali,2020,70.0,1.35,10,1,671,1
CAL-00412,CALI,VIF,Comisaria_2_Familia_Cali,2024,70.0,1.1,4,0,428,1
CAL-00413,CALI,SUSTANCIAS,Juzgado_4_Familia_Cali,2024,70.0,1.1,7,0,467,1
CAL-00414,CALI,ALIMENTOS,Comisaria_1_Familia_Cali,2022,70.0,1.25,14,0,618,1
CAL-00415,CALI,ALIMENTOS,Comisaria_2_Familia_Cali,2023,70.0,1.1,6,0,494,1
CAL-00416,CALI,ALIMENTOS,Juzgado_4_Familia_Cali,2023,70.0,1.1,1,0,427,1
CAL-00417,CALI,SUSTANCIAS,Juzgado_2_Familia_Cali,2023,70.0,1.3,6,0,494,1
CAL-00418,CALI,ALIMENTOS,Comisaria_3_Familia_Cali,2020,70.0,0.9,5,1,591,1
CAL-00419,CALI,VIF,Comisaria_3_Familia_Cali,2021,70.0,0.9,2,0,305,0
CAL-00420,CALI,VIF,Comisaria_2_Familia_Cali,2023,70.0,1.1,3,0,394,1
CAL-00421,CALI,HURTO_PATRIMONIAL,Juzgado_3_Familia_Cali,2023,70.0,1.2,3,0,503,0
CAL-00422,CALI,ALIMENTOS,Juzgado_5_Familia_Cali,2023,70.0,0.95,3,1,475,0
CAL-00423,CALI,ALIMENTOS,Juzgado_4_Familia_Cali,2023,70.0,1.1,3,0,490,1
CAL-00424,CALI,ALIMENTOS,Juzgado_2_Familia_Cali,2024,70.0,1.3,8,0,613,1
CAL-00425,CALI,ALIMENTOS,Comisaria_3_Familia_Cali,2023,70.0,0.9,4,0,407,1
CAL-00426,CALI,HURTO_PATRIMONIAL,Juzgado_Penal_Municipal_2_Cali,2022,70.0,1.15,1,0,509,1
CAL-00427,CALI,VIF,Juzgado_Penal_Municipal_2_Cali,2022,70.0,1.15,9,0,468,1
CAL-00428,CALI,ALIMENTOS,Juzgado_2_Familia_Cali,2023,70.0,1.3,7,0,482,0
CAL-00429,CALI,ALIMENTOS,Comisaria_2_Familia_Cali,2023,70.0,1.1,3,0,490,1
CAL-00430,CALI,VIF,Juzgado_Penal_Municipal_1_Cali,2023,70.0,1.35,3,0,468,1
CAL-00431,CALI,ALIMENTOS,Comisaria_1_Familia_Cali,2024,70.0,1.25,5,0,540,1
CAL-00432,CALI,VIF,Comisaria_1_Familia_Cali,2024,70.0,1.25,2,0,433,1
CAL-00433,CALI,ALIMENTOS,Juzgado_1_Familia_Cali,2024,70.0,1.45,8,1,580,0
CAL-00434,CALI,HURTO_PATRIMONIAL,Juzgado_Penal_Municipal_2_Cali,2024,70.0,1.15,16,0,660,1
CAL-00435,CALI,ALIMENTOS,Juzgado_Penal_Municipal_2_Cali,2021,70.0,1.15,1,0,484,1
CAL-00436,CALI,VIF,Juzgado_5_Familia_Cali,2023,70.0,0.95,5,1,512,1
CAL-00437,CALI,SUSTANCIAS,Juzgado_2_Familia_Cali,2022,70.0,1.3,3,1,624,1
CAL-00438,CALI,SUSTANCIAS,Juzgado_Penal_Municipal_2_Cali,2024,70.0,1.15,1,0,437,1
CAL-00439,CALI,SUSTANCIAS,Juzgado_3_Familia_Cali,2024,70.0,1.2,3,0,479,1
CAL-00440,CALI,ALIMENTOS,Juzgado_1_Familia_Cali,2023,70.0,1.45,4,1,418,0
CAL-00441,CALI,VIF,Juzgado_5_Familia_Cali,2023,70.0,0.95,8,0,424,1
CAL-00442,CALI,ALIMENTOS,Comisaria_3_Familia_Cali,2020,70.0,0.9,10,0,480,1
CAL-00443,CALI,VIF,Comisaria_1_Familia_Cali,2022,70.0,1.25,5,0,418,1
CAL-00444,CALI,ALIMENTOS,Juzgado_4_Familia_Cali,2023,70.0,1.1,5,1,682,1
CAL-00445,CALI,ALIMENTOS,Comisaria_3_Familia_Cali,2022,70.0,0.9,3,1,574,1
CAL-00446,CALI,ALIMENTOS,Juzgado_Penal_Municipal_1_Cali,2021,70.0,1.35,1,1,665,1
CAL-00447,CALI,ALIMENTOS,Comisaria_3_Familia_Cali,2023,70.0,0.9,1,0,422,1
CAL-00448,CALI,HURTO_PATRIMONIAL,Juzgado_Penal_Municipal_2_Cali,2024,70.0,1.15,11,0,609,1
CAL-00449,CALI,HURTO_PATRIMONIAL,Juzgado_2_Familia_Cali,2024,70.0,1.3,6,1,397,0
CAL-00450,CALI,ALIMENTOS,Juzgado_Penal_Municipal_2_Cali,2023,70.0,1.15,8,0,401,0
CAL-00451,CALI,SUSTANCIAS,Juzgado_4_Familia_Cali,2024,70.0,1.1,1,0,210,0
CAL-00452,CALI,ALIMENTOS,Juzgado_2_Familia_Cali,2021,70.0,1.3,1,0,496,1
CAL-00453,CALI,SUSTANCIAS,Comisaria_3_Familia_Cali,2024,70.0,0.9,12,1,529,0
CAL-00454,CALI,ALIMENTOS,Juzgado_Penal_Municipal_1_Cali,2024,70.0,1.35,17,0,697,1
CAL-00455,CALI,HURTO_PATRIMONIAL,Comisaria_3_Familia_Cali,2022,70.0,0.9,5,0,480,1
CAL-00456,CALI,ALIMENTOS,Juzgado_4_Familia_Cali,2020,70.0,1.1,6,1,654,1
CAL-00457,CALI,VIF,Juzgado_Penal_Municipal_2_Cali,2024,70.0,1.15,5,0,420,1
CAL-00458,CALI,ALIMENTOS,Juzgado_Penal_Municipal_2_Cali,2021,70.0,1.15,1,1,628,1
CAL-00459,CALI,ALIMENTOS,Comisaria_1_Familia_Cali,2024,70.0,1.25,8,1,717,1
CAL-00460,CALI,VIF,Juzgado_5_Familia_Cali,2022,70.0,0.95,5,0,370,1
CAL-00461,CALI,HURTO_PATRIMONIAL,Comisaria_2_Familia_Cali,2022,70.0,1.1,9,0,350,0
CAL-00462,CALI,VIF,Juzgado_Penal_Municipal_2_Cali,2024,70.0,1.15,6,0,257,0
CAL-00463,CALI,VIF,Juzgado_Penal_Municipal_2_Cali,2023,70.0,1.15,2,0,347,0
CAL-00464,CALI,ALIMENTOS,Juzgado_Penal_Municipal_2_Cali,2021,70.0,1.15,1,0,471,1
CAL-00465,CALI,SUSTANCIAS,Juzgado_2_Familia_Cali,2024,70.0,1.3,1,0,479,1
CAL-00466,CALI,HURTO_PATRIMONIAL,Juzgado_2_Familia_Cali,2020,70.0,1.3,11,0,669,1
CAL-00467,CALI,ALIMENTOS,Comisaria_3_Familia_Cali,2024,70.0,0.9,4,1,596,1
CAL-00468,CALI,VIF,Juzgado_Penal_Municipal_1_Cali,2022,70.0,1.35,5,0,467,1
CAL-00469,CALI,ALIMENTOS,Comisaria_1_Familia_Cali,2024,70.0,1.25,6,1,475,0
CAL-00470,CALI,HURTO_PATRIMONIAL,Juzgado_Penal_Municipal_1_Cali,2023,70.0,1.35,1,0,595,1
CAL-00471,CALI,ALIMENTOS,Comisaria_2_Familia_Cali,2022,70.0,1.1,1,1,644,1
CAL-00472,CALI,ALIMENTOS,Juzgado_Penal_Municipal_2_Cali,2022,70.0,1.15,3,1,352,0
CAL-00473,CALI,HURTO_PATRIMONIAL,Comisaria_1_Familia_Cali,2024,70.0,1.25,2,1,494,0
CAL-00474,CALI,ALIMENTOS,Juzgado_5_Familia_Cali,2024,70.0,0.95,4,0,437,1
CAL-00475,CALI,ALIMENTOS,Juzgado_4_Familia_Cali,2024,70.0,1.1,2,1,614,1
CAL-00476,CALI,ALIMENTOS,Comisaria_3_Familia_Cali,2020,70.0,0.9,8,1,606,1
CAL-00477,CALI,ALIMENTOS,Juzgado_Penal_Municipal_2_Cali,2020,70.0,1.15,2,1,425,0
CAL-00478,CALI,VIF,Juzgado_3_Familia_Cali,2023,70.0,1.2,2,0,407,1
CAL-00479,CALI,SUSTANCIAS,Juzgado_4_Familia_Cali,2024,70.0,1.1,2,0,422,1
CAL-00480,CALI,VIF,Juzgado_3_Familia_Cali,2023,70.0,1.2,4,0,442,1
CAL-00481,CALI,ALIMENTOS,Comisaria_2_Familia_Cali,2021,70.0,1.1,3,0,467,1
CAL-00482,CALI,ALIMENTOS,Juzgado_5_Familia_Cali,2021,70.0,0.95,6,1,522,0
CAL-00483,CALI,ALIMENTOS,Comisaria_2_Familia_Cali,2021,70.0,1.1,8,1,676,1
CAL-00484,CALI,SUSTANCIAS,Juzgado_2_Familia_Cali,2022,70.0,1.3,12,0,548,1
CAL-00485,CALI,ALIMENTOS,Comisaria_3_Familia_Cali,2024,70.0,0.9,15,0,556,1
CAL-00486,CALI,HURTO_PATRIMONIAL,Juzgado_3_Familia_Cali,2021,70.0,1.2,2,0,530,1
CAL-00487,CALI,VIF,Juzgado_2_Familia_Cali,2024,70.0,1.3,8,1,411,0
CAL-00488,CALI,SUSTANCIAS,Juzgado_1_Familia_Cali,2023,70.0,1.45,3,1,516,0
CAL-00489,CALI,ALIMENTOS,Juzgado_Penal_Municipal_2_Cali,2023,70.0,1.15,5,1,671,1
CAL-00490,CALI,HURTO_PATRIMONIAL,Comisaria_2_Familia_Cali,2023,70.0,1.1,3,0,515,1
CAL-00491,CALI,SUSTANCIAS,Juzgado_5_Familia_Cali,2023,70.0,0.95,2,0,360,1
CAL-00492,CALI,VIF,Comisaria_3_Familia_Cali,2024,70.0,0.9,9,0,404,1
CAL-00493,CALI,VIF,Comisaria_1_Familia_Cali,2022,70.0,1.25,8,0,485,1
CAL-00494,CALI,VIF,Comisaria_1_Familia_Cali,2023,70.0,1.25,1,0,416,1
CAL-00495,CALI,HURTO_PATRIMONIAL,Comisaria_2_Familia_Cali,2024,70.0,1.1,2,1,709,1
CAL-00496,CALI,HURTO_PATRIMONIAL,Juzgado_4_Familia_Cali,2023,70.0,1.1,2,0,519,1
CAL-00497,CALI,ALIMENTOS,Juzgado_Penal_Municipal_1_Cali,2022,70.0,1.35,1,0,525,1
CAL-00498,CALI,VIF,Comisaria_1_Familia_Cali,2024,70.0,1.25,3,0,454,1
CAL-00499,CALI,VIF,Juzgado_3_Familia_Cali,2022,70.0,1.2,8,0,484,1
CAL-00500,CALI,HURTO_PATRIMONIAL,Juzgado_3_Familia_Cali,2023,70.0,1.2,7,1,447,0
CAL-00501,CALI,VIF,Juzgado_5_Familia_Cali,2024,70.0,0.95,2,0,363,1
CAL-00502,CALI,ALIMENTOS,Juzgado_Penal_Municipal_1_Cali,2020,70.0,1.35,9,0,633,1
CAL-00503,CALI,ALIMENTOS,Juzgado_3_Familia_Cali,2023,70.0,1.2,2,0,480,1
CAL-00504,CALI,VIF,Comisaria_1_Familia_Cali,2024,70.0,1.25,2,0,447,1
CAL-00505,CALI,SUSTANCIAS,Juzgado_Penal_Municipal_1_Cali,2024,70.0,1.35,7,0,524,1
CAL-00506,CALI,VIF,Comisaria_2_Familia_Cali,2022,70.0,1.1,1,0,207,0
CAL-00507,CALI,ALIMENTOS,Juzgado_1_Familia_Cali,2021,70.0,1.45,4,1,535,0
CAL-00508,CALI,VIF,Comisaria_1_Familia_Cali,2023,70.0,1.25,5,1,615,1
CAL-00509,CALI,VIF,Juzgado_2_Familia_Cali,2022,70.0,1.3,2,1,581,1
CAL-00510,CALI,ALIMENTOS,Juzgado_Penal_Municipal_2_Cali,2021,70.0,1.15,4,1,645,1
CAL-00511,CALI,ALIMENTOS,Juzgado_4_Familia_Cali,2020,70.0,1.1,8,1,674,1
CAL-00512,CALI,ALIMENTOS,Juzgado_4_Familia_Cali,2023,70.0,1.1,1,0,470,1
CAL-00513,CALI,ALIMENTOS,Juzgado_2_Familia_Cali,2023,70.0,1.3,6,0,573,1
CAL-00514,CALI,HURTO_PATRIMONIAL,Comisaria_2_Familia_Cali,2022,70.0,1.1,11,0,559,1
CAL-00515,CALI,SUSTANCIAS,Juzgado_Penal_Municipal_1_Cali,2024,70.0,1.35,6,0,504,1
CAL-00516,CALI,ALIMENTOS,Juzgado_1_Familia_Cali,2023,70.0,1.45,9,1,380,0
CAL-00517,CALI,ALIMENTOS,Juzgado_2_Familia_Cali,2022,70.0,1.3,3,0,504,1
CAL-00518,CALI,VIF,Juzgado_1_Familia_Cali,2023,70.0,1.45,4,1,647,1
CAL-00519,CALI,HURTO_PATRIMONIAL,Comisaria_2_Familia_Cali,2023,70.0,1.1,6,1,482,0
CAL-00520,CALI,HURTO_PATRIMONIAL,Juzgado_Penal_Municipal_2_Cali,2023,70.0,1.15,11,1,566,0
CAL-00521,CALI,ALIMENTOS,Juzgado_3_Familia_Cali,2020,70.0,1.2,5,0,469,1
CAL-00522,CALI,ALIMENTOS,Juzgado_4_Familia_Cali,2020,70.0,1.1,4,0,472,1
CAL-00523,CALI,ALIMENTOS,Juzgado_5_Familia_Cali,2020,70.0,0.95,5,1,581,1
CAL-00524,CALI,HURTO_PATRIMONIAL,Comisaria_3_Familia_Cali,2023,70.0,0.9,7,1,504,0
CAL-00525,CALI,VIF,Juzgado_Penal_Municipal_1_Cali,2021,70.0,1.35,8,1,616,1
CAL-00526,CALI,VIF,Juzgado_Penal_Municipal_1_Cali,2022,70.0,1.35,5,0,475,1
CAL-00527,CALI,ALIMENTOS,Juzgado_Penal_Municipal_1_Cali,2020,70.0,1.35,1,1,683,1
CAL-00528,CALI,HURTO_PATRIMONIAL,Juzgado_2_Familia_Cali,2023,70.0,1.3,8,0,642,1
CAL-00529,CALI,VIF,Comisaria_3_Familia_Cali,2022,70.0,0.9,5,0,382,1
CAL-00530,CALI,VIF,Juzgado_1_Familia_Cali,2024,70.0,1.45,5,0,499,1
CAL-00531,CALI,VIF,Comisaria_1_Familia_Cali,2022,70.0,1.25,5,0,449,1
CAL-00532,CALI,ALIMENTOS,Comisaria_2_Familia_Cali,2024,70.0,1.1,10,0,529,1
CAL-00533,CALI,VIF,Comisaria_2_Familia_Cali,2021,70.0,1.1,2,0,320,0
CAL-00534,CALI,ALIMENTOS,Comisaria_2_Familia_Cali,2024,70.0,1.1,1,0,478,1
CAL-00535,CALI,VIF,Juzgado_1_Familia_Cali,2021,70.0,1.45,3,0,443,1
CAL-00536,CALI,ALIMENTOS,Comisaria_1_Familia_Cali,2024,70.0,1.25,3,1,678,1
CAL-00537,CALI,VIF,Juzgado_1_Familia_Cali,2020,70.0,1.45,8,0,536,1
CAL-00538,CALI,ALIMENTOS,Juzgado_1_Familia_Cali,2024,70.0,1.45,8,0,627,1
CAL-00539,CALI,VIF,Juzgado_3_Familia_Cali,2022,70.0,1.2,2,0,406,1
CAL-00540,CALI,VIF,Comisaria_1_Familia_Cali,2023,70.0,1.25,6,0,450,1
CAL-00541,CALI,ALIMENTOS,Juzgado_Penal_Municipal_1_Cali,2023,70.0,1.35,8,1,419,0
CAL-00542,CALI,ALIMENTOS,Juzgado_Penal_Municipal_1_Cali,2024,70.0,1.35,16,0,642,1
CAL-00543,CALI,SUSTANCIAS,Juzgado_Penal_Municipal_2_Cali,2021,70.0,1.15,5,1,589,1
CAL-00544,CALI,ALIMENTOS,Juzgado_5_Familia_Cali,2021,70.0,0.95,4,1,622,1
CAL-00545,CALI,HURTO_PATRIMONIAL,Juzgado_2_Familia_Cali,2023,70.0,1.3,5,1,477,0
CAL-00546,CALI,ALIMENTOS,Juzgado_5_Familia_Cali,2024,70.0,0.95,2,0,434,1
CAL-00547,CALI,ALIMENTOS,Comisaria_1_Familia_Cali,2022,70.0,1.25,3,0,510,1
CAL-00548,CALI,ALIMENTOS,Comisaria_3_Familia_Cali,2024,70.0,0.9,3,1,610,1
CAL-00549,CALI,VIF,Juzgado_3_Familia_Cali,2024,70.0,1.2,3,1,591,1
CAL-00550,CALI,VIF,Juzgado_1_Familia_Cali,2022,70.0,1.45,3,0,475,1
CAL-00551,CALI,ALIMENTOS,Juzgado_1_Familia_Cali,2023,70.0,1.45,2,1,706,1
CAL-00552,CALI,ALIMENTOS,Juzgado_3_Familia_Cali,2024,70.0,1.2,9,0,544,1
CAL-00553,CALI,ALIMENTOS,Comisaria_2_Familia_Cali,2021,70.0,1.1,8,1,692,1
CAL-00554,CALI,ALIMENTOS,Comisaria_3_Familia_Cali,2024,70.0,0.9,6,0,481,1
CAL-00555,CALI,ALIMENTOS,Juzgado_1_Familia_Cali,2023,70.0,1.45,6,1,619,0
CAL-00556,CALI,VIF,Juzgado_1_Familia_Cali,2022,70.0,1.45,5,0,283,0
CAL-00557,CALI,HURTO_PATRIMONIAL,Comisaria_2_Familia_Cali,2022,70.0,1.1,8,1,483,0
CAL-00558,CALI,SUSTANCIAS,Juzgado_Penal_Municipal_1_Cali,2021,70.0,1.35,4,1,616,1
CAL-00559,CALI,ALIMENTOS,Comisaria_1_Familia_Cali,2023,70.0,1.25,9,0,574,1
CAL-00560,CALI,HURTO_PATRIMONIAL,Juzgado_5_Familia_Cali,2024,70.0,0.95,2,1,675,1
CAL-00561,CALI,VIF,Juzgado_2_Familia_Cali,2024,70.0,1.3,8,1,642,1
CAL-00562,CALI,VIF,Juzgado_Penal_Municipal_1_Cali,2022,70.0,1.35,2,1,603,1
CAL-00563,CALI,SUSTANCIAS,Juzgado_1_Familia_Cali,2024,70.0,1.45,2,0,484,1
CAL-00564,CALI,ALIMENTOS,Comisaria_2_Familia_Cali,2020,70.0,1.1,4,1,627,1
CAL-00565,CALI,VIF,Juzgado_Penal_Municipal_2_Cali,2024,70.0,1.15,7,0,376,0
CAL-00566,CALI,ALIMENTOS,Comisaria_2_Familia_Cali,2024,70.0,1.1,5,0,358,0
CAL-00567,CALI,ALIMENTOS,Juzgado_Penal_Municipal_2_Cali,2021,70.0,1.15,3,1,663,1
CAL-00568,CALI,ALIMENTOS,Comisaria_3_Familia_Cali,2023,70.0,0.9,3,1,562,1
CAL-00569,CALI,VIF,Juzgado_4_Familia_Cali,2024,70.0,1.1,5,0,453,1
CAL-00570,CALI,SUSTANCIAS,Comisaria_1_Familia_Cali,2022,70.0,1.25,6,0,474,1
CAL-00571,CALI,ALIMENTOS,Juzgado_3_Familia_Cali,2024,70.0,1.2,12,0,591,1
CAL-00572,CALI,ALIMENTOS,Juzgado_1_Familia_Cali,2024,70.0,1.45,3,0,579,1
CAL-00573,CALI,VIF,Juzgado_2_Familia_Cali,2022,70.0,1.3,8,0,454,1
CAL-00574,CALI,ALIMENTOS,Juzgado_5_Familia_Cali,2024,70.0,0.95,2,1,627,1
CAL-00575,CALI,HURTO_PATRIMONIAL,Comisaria_1_Familia_Cali,2022,70.0,1.25,3,0,566,1
CAL-00576,CALI,ALIMENTOS,Comisaria_2_Familia_Cali,2024,70.0,1.1,17,0,617,1
CAL-00577,CALI,VIF,Juzgado_2_Familia_Cali,2023,70.0,1.3,12,0,529,1
CAL-00578,CALI,HURTO_PATRIMONIAL,Juzgado_4_Familia_Cali,2023,70.0,1.1,2,0,509,1
CAL-00579,CALI,ALIMENTOS,Juzgado_Penal_Municipal_2_Cali,2024,70.0,1.15,7,0,572,1
CAL-00580,CALI,HURTO_PATRIMONIAL,Juzgado_1_Familia_Cali,2021,70.0,1.45,1,0,553,1
CAL-00581,CALI,ALIMENTOS,Comisaria_1_Familia_Cali,2020,70.0,1.25,9,1,388,0
CAL-00582,CALI,VIF,Comisaria_3_Familia_Cali,2023,70.0,0.9,6,0,389,1
CAL-00583,CALI,ALIMENTOS,Juzgado_1_Familia_Cali,2021,70.0,1.45,5,0,615,1
CAL-00584,CALI,ALIMENTOS,Juzgado_4_Familia_Cali,2024,70.0,1.1,2,1,606,1
CAL-00585,CALI,VIF,Comisaria_3_Familia_Cali,2023,70.0,0.9,4,0,373,1
CAL-00586,CALI,ALIMENTOS,Juzgado_Penal_Municipal_2_Cali,2022,70.0,1.15,5,0,509,1
CAL-00587,CALI,SUSTANCIAS,Juzgado_1_Familia_Cali,2022,70.0,1.45,1,0,469,1
CAL-00588,CALI,SUSTANCIAS,Juzgado_4_Familia_Cali,2024,70.0,1.1,10,0,507,1
CAL-00589,CALI,ALIMENTOS,Juzgado_Penal_Municipal_2_Cali,2020,70.0,1.15,10,0,514,1
CAL-00590,CALI,VIF,Juzgado_Penal_Municipal_2_Cali,2021,70.0,1.15,8,0,441,1
CAL-00591,CALI,VIF,Juzgado_2_Familia_Cali,2022,70.0,1.3,8,0,485,1
CAL-00592,CALI,VIF,Juzgado_Penal_Municipal_2_Cali,2023,70.0,1.15,3,0,415,1
CAL-00593,CALI,ALIMENTOS,Juzgado_2_Familia_Cali,2021,70.0,1.3,7,0,592,1
CAL-00594,CALI,VIF,Juzgado_2_Familia_Cali,2024,70.0,1.3,2,1,647,1
CAL-00595,CALI,VIF,Juzgado_5_Familia_Cali,2022,70.0,0.95,9,0,334,0
CAL-00596,CALI,HURTO_PATRIMONIAL,Juzgado_3_Familia_Cali,2021,70.0,1.2,5,1,413,0
CAL-00597,CALI,ALIMENTOS,Juzgado_5_Familia_Cali,2024,70.0,0.95,6,1,634,1
CAL-00598,CALI,VIF,Comisaria_1_Familia_Cali,2023,70.0,1.25,3,0,440,1
CAL-00599,CALI,VIF,Juzgado_2_Familia_Cali,2022,70.0,1.3,5,0,460,1
CAL-00600,CALI,VIF,Comisaria_3_Familia_Cali,2022,70.0,0.9,3,0,364,1
CAL-00601,CALI,ALIMENTOS,Juzgado_4_Familia_Cali,2021,70.0,1.1,3,0,485,1
CAL-00602,CALI,VIF,Juzgado_5_Familia_Cali,2024,70.0,0.95,4,0,403,1
CAL-00603,CALI,HURTO_PATRIMONIAL,Comisaria_1_Familia_Cali,2022,70.0,1.25,12,1,705,0
CAL-00604,CALI,VIF,Juzgado_5_Familia_Cali,2022,70.0,0.95,1,0,318,1
CAL-00605,CALI,HURTO_PATRIMONIAL,Juzgado_Penal_Municipal_2_Cali,2021,70.0,1.15,11,0,282,0
CAL-00606,CALI,ALIMENTOS,Comisaria_2_Familia_Cali,2021,70.0,1.1,4,1,629,1
CAL-00607,CALI,ALIMENTOS,Juzgado_3_Familia_Cali,2024,70.0,1.2,10,0,552,1
CAL-00608,CALI,ALIMENTOS,Comisaria_2_Familia_Cali,2024,70.0,1.1,5,1,680,1
CAL-00609,CALI,VIF,Juzgado_3_Familia_Cali,2021,70.0,1.2,2,0,210,0
CAL-00610,CALI,VIF,Juzgado_Penal_Municipal_2_Cali,2023,70.0,1.15,2,0,389,1
CAL-00611,CALI,ALIMENTOS,Juzgado_2_Familia_Cali,2022,70.0,1.3,2,0,526,1
CAL-00612,CALI,ALIMENTOS,Comisaria_3_Familia_Cali,2024,70.0,0.9,3,1,598,1
CAL-00613,CALI,ALIMENTOS,Juzgado_2_Familia_Cali,2024,70.0,1.3,14,1,566,0
CAL-00614,CALI,ALIMENTOS,Comisaria_1_Familia_Cali,2023,70.0,1.25,6,1,680,1
CAL-00615,CALI,ALIMENTOS,Comisaria_2_Familia_Cali,2021,70.0,1.1,3,0,469,1
CAL-00616,CALI,ALIMENTOS,Juzgado_Penal_Municipal_1_Cali,2020,70.0,1.35,1,0,502,1
CAL-00617,CALI,VIF,Comisaria_3_Familia_Cali,2021,70.0,0.9,3,1,474,1
CAL-00618,CALI,VIF,Comisaria_2_Familia_Cali,2024,70.0,1.1,6,1,584,1
CAL-00619,CALI,ALIMENTOS,Comisaria_1_Familia_Cali,2024,70.0,1.25,10,1,604,0
CAL-00620,CALI,VIF,Juzgado_5_Familia_Cali,2021,70.0,0.95,9,0,413,1
CAL-00621,CALI,VIF,Juzgado_Penal_Municipal_2_Cali,2024,70.0,1.15,2,0,341,0
CAL-00622,CALI,HURTO_PATRIMONIAL,Juzgado_Penal_Municipal_2_Cali,2023,70.0,1.15,7,0,541,1
CAL-00623,CALI,HURTO_PATRIMONIAL,Comisaria_3_Familia_Cali,2022,70.0,0.9,9,0,519,1
CAL-00624,CALI,VIF,Juzgado_4_Familia_Cali,2024,70.0,1.1,4,0,393,1
CAL-00625,CALI,SUSTANCIAS,Juzgado_1_Familia_Cali,2021,70.0,1.45,3,1,656,1
CAL-00626,CALI,ALIMENTOS,Juzgado_5_Familia_Cali,2022,70.0,0.95,9,1,648,1
CAL-00627,CALI,ALIMENTOS,Juzgado_4_Familia_Cali,2024,70.0,1.1,4,1,639,1
CAL-00628,CALI,ALIMENTOS,Comisaria_2_Familia_Cali,2024,70.0,1.1,3,1,624,1
CAL-00629,CALI,ALIMENTOS,Juzgado_Penal_Municipal_1_Cali,2020,70.0,1.35,8,1,484,0
CAL-00630,CALI,ALIMENTOS,Juzgado_2_Familia_Cali,2020,70.0,1.3,4,0,557,1
CAL-00631,CALI,ALIMENTOS,Comisaria_1_Familia_Cali,2024,70.0,1.25,7,0,385,0
CAL-00632,CALI,HURTO_PATRIMONIAL,Juzgado_5_Familia_Cali,2021,70.0,0.95,1,0,470,1
CAL-00633,CALI,ALIMENTOS,Juzgado_5_Familia_Cali,2022,70.0,0.95,12,1,334,0
CAL-00634,CALI,HURTO_PATRIMONIAL,Comisaria_3_Familia_Cali,2024,70.0,0.9,4,0,391,0
CAL-00635,CALI,SUSTANCIAS,Comisaria_2_Familia_Cali,2023,70.0,1.1,6,1,613,1
CAL-00636,CALI,VIF,Juzgado_3_Familia_Cali,2024,70.0,1.2,14,1,716,1
CAL-00637,CALI,HURTO_PATRIMONIAL,Juzgado_4_Familia_Cali,2023,70.0,1.1,5,0,510,1
CAL-00638,CALI,VIF,Juzgado_1_Familia_Cali,2024,70.0,1.45,5,0,465,1
CAL-00639,CALI,ALIMENTOS,Juzgado_1_Familia_Cali,2021,70.0,1.45,3,0,560,1
CAL-00640,CALI,ALIMENTOS,Juzgado_2_Familia_Cali,2023,70.0,1.3,3,0,545,1
CAL-00641,CALI,ALIMENTOS,Comisaria_1_Familia_Cali,2022,70.0,1.25,12,0,611,1
CAL-00642,CALI,VIF,Juzgado_4_Familia_Cali,2024,70.0,1.1,7,1,597,1
CAL-00643,CALI,ALIMENTOS,Comisaria_1_Familia_Cali,2021,70.0,1.25,3,1,674,1
CAL-00644,CALI,VIF,Juzgado_Penal_Municipal_2_Cali,2022,70.0,1.15,4,0,426,1
CAL-00645,CALI,ALIMENTOS,Juzgado_Penal_Municipal_1_Cali,2024,70.0,1.35,2,1,702,1
CAL-00646,CALI,VIF,Juzgado_2_Familia_Cali,2024,70.0,1.3,1,0,229,0
CAL-00647,CALI,ALIMENTOS,Comisaria_2_Familia_Cali,2022,70.0,1.1,2,0,326,0
CAL-00648,CALI,ALIMENTOS,Comisaria_1_Familia_Cali,2024,70.0,1.25,1,0,492,1
CAL-00649,CALI,HURTO_PATRIMONIAL,Comisaria_1_Familia_Cali,2023,70.0,1.25,3,1,724,1
CAL-00650,CALI,ALIMENTOS,Juzgado_Penal_Municipal_2_Cali,2022,70.0,1.15,9,0,593,1
CAL-00651,CALI,VIF,Juzgado_3_Familia_Cali,2023,70.0,1.2,8,0,445,1
CAL-00652,CALI,VIF,Comisaria_3_Familia_Cali,2020,70.0,0.9,1,1,487,1
CAL-00653,CALI,ALIMENTOS,Juzgado_Penal_Municipal_1_Cali,2023,70.0,1.35,3,1,669,1
CAL-00654,CALI,ALIMENTOS,Comisaria_1_Familia_Cali,2023,70.0,1.25,3,0,521,1
CAL-00655,CALI,HURTO_PATRIMONIAL,Juzgado_5_Familia_Cali,2020,70.0,0.95,2,1,622,1
CAL-00656,CALI,ALIMENTOS,Juzgado_2_Familia_Cali,2021,70.0,1.3,5,0,529,1
CAL-00657,CALI,ALIMENTOS,Juzgado_5_Familia_Cali,2023,70.0,0.95,5,1,292,0
CAL-00658,CALI,ALIMENTOS,Juzgado_Penal_Municipal_2_Cali,2024,70.0,1.15,3,0,482,1
CAL-00659,CALI,VIF,Juzgado_3_Familia_Cali,2024,70.0,1.2,8,0,455,1
CAL-00660,CALI,ALIMENTOS,Juzgado_4_Familia_Cali,2023,70.0,1.1,3,1,454,0
CAL-00661,CALI,HURTO_PATRIMONIAL,Juzgado_3_Familia_Cali,2023,70.0,1.2,8,0,585,1
CAL-00662,CALI,ALIMENTOS,Juzgado_Penal_Municipal_2_Cali,2020,70.0,1.15,2,0,429,1
CAL-00663,CALI,VIF,Juzgado_1_Familia_Cali,2022,70.0,1.45,8,0,522,1
CAL-00664,CALI,ALIMENTOS,Juzgado_5_Familia_Cali,2021,70.0,0.95,3,0,439,1
CAL-00665,CALI,VIF,Comisaria_2_Familia_Cali,2023,70.0,1.1,6,0,442,1
CAL-00666,CALI,SUSTANCIAS,Comisaria_3_Familia_Cali,2021,70.0,0.9,1,0,364,1
CAL-00667,CALI,HURTO_PATRIMONIAL,Juzgado_4_Familia_Cali,2023,70.0,1.1,12,0,639,1
CAL-00668,CALI,HURTO_PATRIMONIAL,Comisaria_1_Familia_Cali,2021,70.0,1.25,3,0,553,1
CAL-00669,CALI,ALIMENTOS,Comisaria_1_Familia_Cali,2021,70.0,1.25,4,0,533,1
CAL-00670,CALI,VIF,Juzgado_Penal_Municipal_2_Cali,2021,70.0,1.15,2,0,394,1
CAL-00671,CALI,SUSTANCIAS,Juzgado_Penal_Municipal_2_Cali,2023,70.0,1.15,1,0,402,1
CAL-00672,CALI,ALIMENTOS,Juzgado_2_Familia_Cali,2024,70.0,1.3,3,1,709,1
CAL-00673,CALI,ALIMENTOS,Juzgado_Penal_Municipal_1_Cali,2021,70.0,1.35,2,0,542,1
CAL-00674,CALI,ALIMENTOS,Juzgado_Penal_Municipal_2_Cali,2024,70.0,1.15,8,0,546,1
CAL-00675,CALI,ALIMENTOS,Juzgado_Penal_Municipal_1_Cali,2022,70.0,1.35,4,0,577,1
CAL-00676,CALI,ALIMENTOS,Juzgado_2_Familia_Cali,2022,70.0,1.3,8,0,540,1
CAL-00677,CALI,HURTO_PATRIMONIAL,Juzgado_5_Familia_Cali,2024,70.0,0.95,6,0,484,1
CAL-00678,CALI,ALIMENTOS,Juzgado_1_Familia_Cali,2023,70.0,1.45,8,0,369,0
CAL-00679,CALI,VIF,Juzgado_4_Familia_Cali,2024,70.0,1.1,2,1,558,1
CAL-00680,CALI,ALIMENTOS,Juzgado_2_Familia_Cali,2023,70.0,1.3,8,1,492,0
CAL-00681,CALI,HURTO_PATRIMONIAL,Juzgado_3_Familia_Cali,2024,70.0,1.2,9,0,643,1
CAL-00682,CALI,ALIMENTOS,Juzgado_4_Familia_Cali,2022,70.0,1.1,6,0,499,1
CAL-00683,CALI,ALIMENTOS,Juzgado_3_Familia_Cali,2023,70.0,1.2,4,0,501,1
CAL-00684,CALI,VIF,Juzgado_4_Familia_Cali,2020,70.0,1.1,6,0,418,1
CAL-00685,CALI,VIF,Juzgado_4_Familia_Cali,2023,70.0,1.1,5,0,420,1
CAL-00686,CALI,VIF,Comisaria_1_Familia_Cali,2020,70.0,1.25,4,0,438,1
CAL-00687,CALI,ALIMENTOS,Juzgado_1_Familia_Cali,2024,70.0,1.45,4,1,660,0
CAL-00688,CALI,SUSTANCIAS,Juzgado_1_Familia_Cali,2022,70.0,1.45,3,0,292,0
CAL-00689,CALI,SUSTANCIAS,Juzgado_4_Familia_Cali,2022,70.0,1.1,3,1,593,1
CAL-00690,CALI,VIF,Juzgado_2_Familia_Cali,2021,70.0,1.3,4,0,418,1
CAL-00691,CALI,ALIMENTOS,Juzgado_2_Familia_Cali,2023,70.0,1.3,4,0,533,1
CAL-00692,CALI,HURTO_PATRIMONIAL,Juzgado_5_Familia_Cali,2022,70.0,0.95,8,0,518,1
CAL-00693,CALI,SUSTANCIAS,Juzgado_2_Familia_Cali,2021,70.0,1.3,3,0,471,1
CAL-00694,CALI,VIF,Juzgado_Penal_Municipal_1_Cali,2024,70.0,1.35,7,0,359,0
CAL-00695,CALI,SUSTANCIAS,Juzgado_Penal_Municipal_2_Cali,2022,70.0,1.15,1,0,419,1
CAL-00696,CALI,HURTO_PATRIMONIAL,Juzgado_1_Familia_Cali,2021,70.0,1.45,6,1,601,0
CAL-00697,CALI,HURTO_PATRIMONIAL,Juzgado_Penal_Municipal_2_Cali,2023,70.0,1.15,2,1,690,1
CAL-00698,CALI,VIF,Juzgado_1_Familia_Cali,2023,70.0,1.45,3,0,482,1
CAL-00699,CALI,ALIMENTOS,Comisaria_2_Familia_Cali,2021,70.0,1.1,12,0,536,1
CAL-00700,CALI,VIF,Juzgado_3_Familia_Cali,2021,70.0,1.2,1,1,541,1
CAL-00701,CALI,ALIMENTOS,Juzgado_4_Familia_Cali,2022,70.0,1.1,15,0,522,0
CAL-00702,CALI,VIF,Juzgado_1_Familia_Cali,2024,70.0,1.45,1,0,456,1
CAL-00703,CALI,ALIMENTOS,Juzgado_2_Familia_Cali,2021,70.0,1.3,1,1,639,1
CAL-00704,CALI,SUSTANCIAS,Juzgado_Penal_Municipal_2_Cali,2021,70.0,1.15,3,0,337,0
CAL-00705,CALI,SUSTANCIAS,Juzgado_3_Familia_Cali,2022,70.0,1.2,3,0,441,1
CAL-00706,CALI,HURTO_PATRIMONIAL,Juzgado_Penal_Municipal_1_Cali,2020,70.0,1.35,5,0,614,1
CAL-00707,CALI,ALIMENTOS,Juzgado_Penal_Municipal_2_Cali,2021,70.0,1.15,7,1,684,1
CAL-00708,CALI,ALIMENTOS,Juzgado_3_Familia_Cali,2024,70.0,1.2,3,1,676,1
CAL-00709,CALI,SUSTANCIAS,Juzgado_3_Familia_Cali,2023,70.0,1.2,6,0,465,1
CAL-00710,CALI,VIF,Comisaria_2_Familia_Cali,2022,70.0,1.1,1,1,541,1
CAL-00711,CALI,SUSTANCIAS,Juzgado_5_Familia_Cali,2023,70.0,0.95,3,1,553,1
CAL-00712,CALI,VIF,Juzgado_Penal_Municipal_1_Cali,2024,70.0,1.35,14,0,409,0
CAL-00713,CALI,HURTO_PATRIMONIAL,Juzgado_2_Familia_Cali,2023,70.0,1.3,1,0,498,1
CAL-00714,CALI,ALIMENTOS,Juzgado_2_Familia_Cali,2023,70.0,1.3,5,1,706,1
CAL-00715,CALI,ALIMENTOS,Comisaria_2_Familia_Cali,2021,70.0,1.1,5,1,636,1
CAL-00716,CALI,ALIMENTOS,Juzgado_Penal_Municipal_1_Cali,2024,70.0,1.35,7,0,578,1
CAL-00717,CALI,VIF,Juzgado_Penal_Municipal_2_Cali,2024,70.0,1.15,4,1,603,1
CAL-00718,CALI,VIF,Juzgado_1_Familia_Cali,2022,70.0,1.45,4,0,470,1
CAL-00719,CALI,ALIMENTOS,Juzgado_1_Familia_Cali,2024,70.0,1.45,9,1,463,0
CAL-00720,CALI,HURTO_PATRIMONIAL,Juzgado_5_Familia_Cali,2023,70.0,0.95,3,0,475,1
CAL-00721,CALI,ALIMENTOS,Juzgado_1_Familia_Cali,2020,70.0,1.45,5,0,542,1
CAL-00722,CALI,SUSTANCIAS,Juzgado_4_Familia_Cali,2022,70.0,1.1,7,0,350,0
CAL-00723,CALI,ALIMENTOS,Juzgado_4_Familia_Cali,2024,70.0,1.1,2,0,400,0
CAL-00724,CALI,ALIMENTOS,Comisaria_1_Familia_Cali,2021,70.0,1.25,2,0,494,1
CAL-00725,CALI,VIF,Juzgado_4_Familia_Cali,2020,70.0,1.1,2,0,385,1
CAL-00726,CALI,VIF,Juzgado_2_Familia_Cali,2024,70.0,1.3,5,0,274,0
CAL-00727,CALI,HURTO_PATRIMONIAL,Juzgado_1_Familia_Cali,2024,70.0,1.45,5,1,488,0
CAL-00728,CALI,HURTO_PATRIMONIAL,Juzgado_2_Familia_Cali,2021,70.0,1.3,2,0,491,0
CAL-00729,CALI,VIF,Comisaria_3_Familia_Cali,2024,70.0,0.9,8,1,354,0
CAL-00730,CALI,SUSTANCIAS,Juzgado_3_Familia_Cali,2020,70.0,1.2,5,1,599,1
CAL-00731,CALI,ALIMENTOS,Juzgado_2_Familia_Cali,2024,70.0,1.3,6,1,695,1
CAL-00732,CALI,VIF,Juzgado_2_Familia_Cali,2020,70.0,1.3,4,1,597,1
CAL-00733,CALI,VIF,Juzgado_4_Familia_Cali,2023,70.0,1.1,10,0,285,0
CAL-00734,CALI,ALIMENTOS,Comisaria_1_Familia_Cali,2022,70.0,1.25,33,1,756,0
CAL-00735,CALI,SUSTANCIAS,Comisaria_1_Familia_Cali,2021,70.0,1.25,10,0,502,1
CAL-00736,CALI,VIF,Juzgado_3_Familia_Cali,2024,70.0,1.2,12,0,525,1
CAL-00737,CALI,HURTO_PATRIMONIAL,Juzgado_5_Familia_Cali,2022,70.0,0.95,2,0,460,1
CAL-00738,CALI,ALIMENTOS,Juzgado_Penal_Municipal_1_Cali,2024,70.0,1.35,6,0,300,0
CAL-00739,CALI,SUSTANCIAS,Juzgado_Penal_Municipal_2_Cali,2024,70.0,1.15,9,0,499,1
CAL-00740,CALI,ALIMENTOS,Juzgado_4_Familia_Cali,2021,70.0,1.1,8,0,551,1
CAL-00741,CALI,ALIMENTOS,Juzgado_3_Familia_Cali,2024,70.0,1.2,2,0,513,1
CAL-00742,CALI,ALIMENTOS,Juzgado_3_Familia_Cali,2024,70.0,1.2,3,1,560,0
CAL-00743,CALI,VIF,Juzgado_1_Familia_Cali,2024,70.0,1.45,2,0,466,1
CAL-00744,CALI,ALIMENTOS,Comisaria_1_Familia_Cali,2020,70.0,1.25,1,0,345,0
CAL-00745,CALI,VIF,Comisaria_2_Familia_Cali,2024,70.0,1.1,4,0,421,1
CAL-00746,CALI,VIF,Juzgado_1_Familia_Cali,2024,70.0,1.45,9,0,528,1
CAL-00747,CALI,VIF,Comisaria_3_Familia_Cali,2024,70.0,0.9,9,0,441,1
CAL-00748,CALI,ALIMENTOS,Comisaria_1_Familia_Cali,2024,70.0,1.25,1,0,498,1
CAL-00749,CALI,ALIMENTOS,Comisaria_3_Familia_Cali,2022,70.0,0.9,10,0,490,1
CAL-00750,CALI,ALIMENTOS,Juzgado_1_Familia_Cali,2024,70.0,1.45,8,0,619,1
CAL-00751,CALI,VIF,Juzgado_1_Familia_Cali,2020,70.0,1.45,4,0,452,1
CAL-00752,CALI,HURTO_PATRIMONIAL,Juzgado_1_Familia_Cali,2020,70.0,1.45,9,0,637,1
CAL-00753,CALI,ALIMENTOS,Comisaria_3_Familia_Cali,2024,70.0,0.9,4,0,450,1
CAL-00754,CALI,HURTO_PATRIMONIAL,Juzgado_4_Familia_Cali,2020,70.0,1.1,2,0,365,0
CAL-00755,CALI,ALIMENTOS,Comisaria_2_Familia_Cali,2024,70.0,1.1,7,0,505,1
CAL-00756,CALI,SUSTANCIAS,Juzgado_2_Familia_Cali,2023,70.0,1.3,2,0,444,1
CAL-00757,CALI,HURTO_PATRIMONIAL,Juzgado_5_Familia_Cali,2022,70.0,0.95,3,0,495,1
CAL-00758,CALI,HURTO_PATRIMONIAL,Juzgado_5_Familia_Cali,2021,70.0,0.95,6,0,509,1
CAL-00759,CALI,SUSTANCIAS,Comisaria_2_Familia_Cali,2022,70.0,1.1,6,1,631,1
CAL-00760,CALI,SUSTANCIAS,Comisaria_3_Familia_Cali,2022,70.0,0.9,3,0,379,1
CAL-00761,CALI,ALIMENTOS,Juzgado_3_Familia_Cali,2023,70.0,1.2,5,0,547,1
CAL-00762,CALI,ALIMENTOS,Comisaria_2_Familia_Cali,2022,70.0,1.1,2,0,484,1
CAL-00763,CALI,VIF,Juzgado_Penal_Municipal_2_Cali,2024,70.0,1.15,4,0,416,1
CAL-00764,CALI,ALIMENTOS,Juzgado_Penal_Municipal_1_Cali,2022,70.0,1.35,5,0,591,1
CAL-00765,CALI,VIF,Juzgado_Penal_Municipal_1_Cali,2024,70.0,1.35,5,0,462,1
CAL-00766,CALI,ALIMENTOS,Juzgado_5_Familia_Cali,2023,70.0,0.95,8,0,491,1
CAL-00767,CALI,SUSTANCIAS,Juzgado_1_Familia_Cali,2020,70.0,1.45,2,0,483,1
CAL-00768,CALI,VIF,Juzgado_1_Familia_Cali,2022,70.0,1.45,4,0,333,0
CAL-00769,CALI,ALIMENTOS,Juzgado_1_Familia_Cali,2024,70.0,1.45,3,0,583,1
CAL-00770,CALI,SUSTANCIAS,Juzgado_5_Familia_Cali,2023,70.0,0.95,5,0,428,1
CAL-00771,CALI,VIF,Comisaria_1_Familia_Cali,2021,70.0,1.25,10,0,486,1
CAL-00772,CALI,ALIMENTOS,Comisaria_2_Familia_Cali,2022,70.0,1.1,5,0,267,0
CAL-00773,CALI,HURTO_PATRIMONIAL,Comisaria_2_Familia_Cali,2020,70.0,1.1,2,1,665,1
CAL-00774,CALI,VIF,Comisaria_2_Familia_Cali,2021,70.0,1.1,5,1,591,1
CAL-00775,CALI,VIF,Juzgado_2_Familia_Cali,2021,70.0,1.3,7,0,466,1
CAL-00776,CALI,VIF,Comisaria_3_Familia_Cali,2022,70.0,0.9,9,0,316,0
CAL-00777,CALI,VIF,Comisaria_1_Familia_Cali,2024,70.0,1.25,9,0,481,1
CAL-00778,CALI,VIF,Juzgado_2_Familia_Cali,2024,70.0,1.3,4,0,431,1
CAL-00779,CALI,ALIMENTOS,Juzgado_1_Familia_Cali,2020,70.0,1.45,4,0,557,1
CAL-00780,CALI,VIF,Juzgado_5_Familia_Cali,2021,70.0,0.95,1,1,489,1
CAL-00781,CALI,VIF,Juzgado_1_Familia_Cali,2020,70.0,1.45,10,1,686,1
CAL-00782,CALI,ALIMENTOS,Comisaria_3_Familia_Cali,2023,70.0,0.9,5,0,450,1
CAL-00783,CALI,ALIMENTOS,Juzgado_1_Familia_Cali,2022,70.0,1.45,9,1,564,0
CAL-00784,CALI,VIF,Juzgado_3_Familia_Cali,2022,70.0,1.2,2,0,415,1
CAL-00785,CALI,VIF,Juzgado_4_Familia_Cali,2021,70.0,1.1,7,0,445,1
CAL-00786,CALI,HURTO_PATRIMONIAL,Comisaria_2_Familia_Cali,2024,70.0,1.1,3,1,667,1
CAL-00787,CALI,VIF,Juzgado_3_Familia_Cali,2022,70.0,1.2,7,0,468,1
CAL-00788,CALI,ALIMENTOS,Comisaria_1_Familia_Cali,2023,70.0,1.25,7,0,539,1
CAL-00789,CALI,VIF,Juzgado_Penal_Municipal_2_Cali,2020,70.0,1.15,3,0,396,1
CAL-00790,CALI,ALIMENTOS,Comisaria_1_Familia_Cali,2024,70.0,1.25,1,0,430,0
CAL-00791,CALI,ALIMENTOS,Comisaria_3_Familia_Cali,2022,70.0,0.9,6,0,463,1
CAL-00792,CALI,HURTO_PATRIMONIAL,Juzgado_5_Familia_Cali,2024,70.0,0.95,12,0,595,1
CAL-00793,CALI,ALIMENTOS,Juzgado_1_Familia_Cali,2023,70.0,1.45,2,1,725,1
CAL-00794,CALI,VIF,Comisaria_1_Familia_Cali,2023,70.0,1.25,9,0,496,1
CAL-00795,CALI,VIF,Juzgado_Penal_Municipal_2_Cali,2022,70.0,1.15,3,0,421,1
CAL-00796,CALI,VIF,Juzgado_Penal_Municipal_2_Cali,2024,70.0,1.15,3,0,403,1
CAL-00797,CALI,ALIMENTOS,Comisaria_3_Familia_Cali,2024,70.0,0.9,10,1,678,1
CAL-00798,CALI,VIF,Juzgado_4_Familia_Cali,2021,70.0,1.1,4,0,387,1
CAL-00799,CALI,ALIMENTOS,Comisaria_1_Familia_Cali,2020,70.0,1.25,3,1,551,0
CAL-00800,CALI,VIF,Juzgado_1_Familia_Cali,2023,70.0,1.45,2,1,635,1
CAL-00801,CALI,ALIMENTOS,Juzgado_Penal_Municipal_1_Cali,2022,70.0,1.35,5,0,546,1
CAL-00802,CALI,VIF,Juzgado_1_Familia_Cali,2024,70.0,1.45,6,0,510,1
CAL-00803,CALI,VIF,Juzgado_3_Familia_Cali,2022,70.0,1.2,7,0,289,0
CAL-00804,CALI,HURTO_PATRIMONIAL,Comisaria_2_Familia_Cali,2024,70.0,1.1,3,1,628,0
CAL-00805,CALI,VIF,Juzgado_Penal_Municipal_2_Cali,2024,70.0,1.15,11,0,481,1
CAL-00806,CALI,VIF,Comisaria_1_Familia_Cali,2023,70.0,1.25,3,1,575,1
CAL-00807,CALI,VIF,Juzgado_4_Familia_Cali,2022,70.0,1.1,5,0,392,1
CAL-00808,CALI,ALIMENTOS,Juzgado_1_Familia_Cali,2023,70.0,1.45,11,1,507,0
CAL-00809,CALI,VIF,Juzgado_1_Familia_Cali,2024,70.0,1.45,9,0,248,0
CAL-00810,CALI,HURTO_PATRIMONIAL,Juzgado_Penal_Municipal_1_Cali,2023,70.0,1.35,2,0,597,1
CAL-00811,CALI,HURTO_PATRIMONIAL,Juzgado_2_Familia_Cali,2024,70.0,1.3,7,1,417,0
CAL-00812,CALI,VIF,Juzgado_5_Familia_Cali,2022,70.0,0.95,6,0,408,1
CAL-00813,CALI,ALIMENTOS,Comisaria_1_Familia_Cali,2023,70.0,1.25,4,0,507,1
CAL-00814,CALI,ALIMENTOS,Juzgado_Penal_Municipal_2_Cali,2022,70.0,1.15,1,0,458,1
CAL-00815,CALI,VIF,Juzgado_Penal_Municipal_1_Cali,2024,70.0,1.35,5,1,632,1
CAL-00816,CALI,ALIMENTOS,Juzgado_2_Familia_Cali,2022,70.0,1.3,2,1,708,1
CAL-00817,CALI,ALIMENTOS,Juzgado_Penal_Municipal_1_Cali,2023,70.0,1.35,3,0,486,0
CAL-00818,CALI,ALIMENTOS,Juzgado_1_Familia_Cali,2021,70.0,1.45,5,0,581,1
CAL-00819,CALI,HURTO_PATRIMONIAL,Juzgado_Penal_Municipal_2_Cali,2024,70.0,1.15,1,0,548,1
CAL-00820,CALI,HURTO_PATRIMONIAL,Comisaria_1_Familia_Cali,2021,70.0,1.25,6,0,531,1
CAL-00821,CALI,ALIMENTOS,Juzgado_3_Familia_Cali,2023,70.0,1.2,3,0,412,0
CAL-00822,CALI,HURTO_PATRIMONIAL,Juzgado_5_Familia_Cali,2024,70.0,0.95,14,0,559,1
CAL-00823,CALI,VIF,Juzgado_Penal_Municipal_2_Cali,2022,70.0,1.15,11,0,456,1
CAL-00824,CALI,VIF,Comisaria_1_Familia_Cali,2022,70.0,1.25,3,0,440,1
CAL-00825,CALI,VIF,Juzgado_2_Familia_Cali,2021,70.0,1.3,3,1,606,1
CAL-00826,CALI,VIF,Juzgado_1_Familia_Cali,2024,70.0,1.45,4,0,494,1
CAL-00827,CALI,ALIMENTOS,Comisaria_2_Familia_Cali,2024,70.0,1.1,4,0,470,1
CAL-00828,CALI,ALIMENTOS,Comisaria_3_Familia_Cali,2024,70.0,0.9,4,1,571,1
CAL-00829,CALI,VIF,Comisaria_1_Familia_Cali,2023,70.0,1.25,1,0,410,1
CAL-00830,CALI,VIF,Comisaria_1_Familia_Cali,2020,70.0,1.25,8,0,465,1
CAL-00831,CALI,VIF,Juzgado_Penal_Municipal_1_Cali,2023,70.0,1.35,4,0,473,1
CAL-00832,CALI,ALIMENTOS,Juzgado_3_Familia_Cali,2022,70.0,1.2,1,0,475,1
CAL-00833,CALI,ALIMENTOS,Juzgado_2_Familia_Cali,2024,70.0,1.3,2,1,681,1
CAL-00834,CALI,ALIMENTOS,Juzgado_3_Familia_Cali,2024,70.0,1.2,5,0,512,1
CAL-00835,CALI,ALIMENTOS,Juzgado_4_Familia_Cali,2023,70.0,1.1,3,0,495,1
CAL-00836,CALI,ALIMENTOS,Juzgado_2_Familia_Cali,2024,70.0,1.3,1,0,541,1
CAL-00837,CALI,SUSTANCIAS,Comisaria_2_Familia_Cali,2022,70.0,1.1,4,0,469,1
CAL-00838,CALI,VIF,Juzgado_Penal_Municipal_2_Cali,2022,70.0,1.15,1,0,366,1
CAL-00839,CALI,ALIMENTOS,Juzgado_Penal_Municipal_2_Cali,2021,70.0,1.15,3,0,476,1
CAL-00840,CALI,ALIMENTOS,Juzgado_1_Familia_Cali,2023,70.0,1.45,5,1,487,0
CAL-00841,CALI,VIF,Comisaria_3_Familia_Cali,2023,70.0,0.9,11,0,464,1
CAL-00842,CALI,ALIMENTOS,Juzgado_Penal_Municipal_2_Cali,2023,70.0,1.15,4,1,358,0
CAL-00843,CALI,SUSTANCIAS,Juzgado_Penal_Municipal_2_Cali,2021,70.0,1.15,3,0,437,1
CAL-00844,CALI,VIF,Juzgado_5_Familia_Cali,2024,70.0,0.95,15,1,658,1
CAL-00845,CALI,ALIMENTOS,Juzgado_Penal_Municipal_2_Cali,2024,70.0,1.15,4,0,538,1
CAL-00846,CALI,ALIMENTOS,Juzgado_1_Familia_Cali,2020,70.0,1.45,4,1,725,1
CAL-00847,CALI,VIF,Comisaria_2_Familia_Cali,2024,70.0,1.1,5,0,441,1
CAL-00848,CALI,VIF,Juzgado_4_Familia_Cali,2020,70.0,1.1,7,0,250,0
CAL-00849,CALI,VIF,Juzgado_5_Familia_Cali,2024,70.0,0.95,8,0,386,1
CAL-00850,CALI,VIF,Juzgado_2_Familia_Cali,2020,70.0,1.3,10,0,525,1
CAL-00851,CALI,ALIMENTOS,Juzgado_Penal_Municipal_2_Cali,2021,70.0,1.15,1,0,324,0
CAL-00852,CALI,SUSTANCIAS,Comisaria_3_Familia_Cali,2023,70.0,0.9,2,0,375,1
CAL-00853,CALI,VIF,Juzgado_2_Familia_Cali,2022,70.0,1.3,1,0,413,1
CAL-00854,CALI,ALIMENTOS,Comisaria_2_Familia_Cali,2024,70.0,1.1,21,1,591,0
CAL-00855,CALI,VIF,Comisaria_2_Familia_Cali,2023,70.0,1.1,3,0,398,1
CAL-00856,CALI,ALIMENTOS,Juzgado_Penal_Municipal_2_Cali,2024,70.0,1.15,2,0,239,0
CAL-00857,CALI,ALIMENTOS,Juzgado_Penal_Municipal_1_Cali,2024,70.0,1.35,5,0,573,1
CAL-00858,CALI,ALIMENTOS,Juzgado_1_Familia_Cali,2022,70.0,1.45,9,0,618,1
CAL-00859,CALI,HURTO_PATRIMONIAL,Juzgado_Penal_Municipal_2_Cali,2024,70.0,1.15,12,1,526,0
CAL-00860,CALI,VIF,Juzgado_1_Familia_Cali,2024,70.0,1.45,6,0,234,0
CAL-00861,CALI,VIF,Juzgado_Penal_Municipal_1_Cali,2022,70.0,1.35,6,0,245,0
CAL-00862,CALI,ALIMENTOS,Juzgado_Penal_Municipal_2_Cali,2022,70.0,1.15,5,0,517,1
CAL-00863,CALI,ALIMENTOS,Juzgado_1_Familia_Cali,2024,70.0,1.45,3,0,581,1
CAL-00864,CALI,HURTO_PATRIMONIAL,Juzgado_Penal_Municipal_1_Cali,2023,70.0,1.35,5,0,306,0
CAL-00865,CALI,VIF,Juzgado_Penal_Municipal_2_Cali,2024,70.0,1.15,4,0,411,1
CAL-00866,CALI,VIF,Juzgado_4_Familia_Cali,2022,70.0,1.1,3,0,406,1
CAL-00867,CALI,VIF,Juzgado_5_Familia_Cali,2024,70.0,0.95,1,1,523,1
CAL-00868,CALI,ALIMENTOS,Juzgado_2_Familia_Cali,2022,70.0,1.3,1,1,721,1
CAL-00869,CALI,ALIMENTOS,Juzgado_Penal_Municipal_2_Cali,2021,70.0,1.15,5,1,312,0
CAL-00870,CALI,SUSTANCIAS,Comisaria_2_Familia_Cali,2024,70.0,1.1,4,0,422,1
CAL-00871,CALI,ALIMENTOS,Juzgado_3_Familia_Cali,2023,70.0,1.2,13,1,351,0
CAL-00872,CALI,VIF,Juzgado_5_Familia_Cali,2021,70.0,0.95,6,0,407,1
CAL-00873,CALI,VIF,Comisaria_1_Familia_Cali,2021,70.0,1.25,4,0,453,1
CAL-00874,CALI,ALIMENTOS,Juzgado_Penal_Municipal_2_Cali,2022,70.0,1.15,2,1,629,1
CAL-00875,CALI,VIF,Comisaria_1_Familia_Cali,2021,70.0,1.25,4,0,382,0
CAL-00876,CALI,ALIMENTOS,Comisaria_2_Familia_Cali,2023,70.0,1.1,1,1,626,1
CAL-00877,CALI,VIF,Juzgado_1_Familia_Cali,2022,70.0,1.45,2,0,465,1
CAL-00878,CALI,VIF,Juzgado_3_Familia_Cali,2024,70.0,1.2,6,0,439,1
CAL-00879,CALI,HURTO_PATRIMONIAL,Juzgado_5_Familia_Cali,2023,70.0,0.95,3,1,655,1
CAL-00880,CALI,VIF,Juzgado_4_Familia_Cali,2022,70.0,1.1,2,1,513,1
CAL-00881,CALI,VIF,Comisaria_3_Familia_Cali,2024,70.0,0.9,3,0,365,1
CAL-00882,CALI,VIF,Juzgado_3_Familia_Cali,2021,70.0,1.2,2,1,558,1
CAL-00883,CALI,VIF,Comisaria_1_Familia_Cali,2024,70.0,1.25,6,0,475,1
CAL-00884,CALI,HURTO_PATRIMONIAL,Juzgado_Penal_Municipal_2_Cali,2022,70.0,1.15,5,0,539,1
CAL-00885,CALI,ALIMENTOS,Juzgado_Penal_Municipal_1_Cali,2020,70.0,1.35,2,0,529,1
CAL-00886,CALI,VIF,Juzgado_1_Familia_Cali,2024,70.0,1.45,5,0,459,1
CAL-00887,CALI,VIF,Juzgado_Penal_Municipal_2_Cali,2023,70.0,1.15,5,1,446,0
CAL-00888,CALI,ALIMENTOS,Juzgado_2_Familia_Cali,2022,70.0,1.3,4,0,538,1
CAL-00889,CALI,ALIMENTOS,Juzgado_2_Familia_Cali,2021,70.0,1.3,5,0,549,1
CAL-00890,CALI,ALIMENTOS,Comisaria_1_Familia_Cali,2023,70.0,1.25,1,0,488,1
CAL-00891,CALI,SUSTANCIAS,Comisaria_2_Familia_Cali,2024,70.0,1.1,4,0,467,1
CAL-00892,CALI,HURTO_PATRIMONIAL,Juzgado_3_Familia_Cali,2024,70.0,1.2,5,0,582,1
CAL-00893,CALI,ALIMENTOS,Juzgado_Penal_Municipal_1_Cali,2023,70.0,1.35,3,1,700,1
CAL-00894,CALI,HURTO_PATRIMONIAL,Juzgado_5_Familia_Cali,2024,70.0,0.95,2,1,417,0
CAL-00895,CALI,SUSTANCIAS,Juzgado_Penal_Municipal_2_Cali,2024,70.0,1.15,1,0,293,0
CAL-00896,CALI,VIF,Comisaria_3_Familia_Cali,2023,70.0,0.9,7,0,388,1
CAL-00897,CALI,HURTO_PATRIMONIAL,Juzgado_3_Familia_Cali,2023,70.0,1.2,1,1,672,1
CAL-00898,CALI,ALIMENTOS,Comisaria_1_Familia_Cali,2020,70.0,1.25,5,1,693,1
CAL-00899,CALI,ALIMENTOS,Juzgado_4_Familia_Cali,2024,70.0,1.1,10,0,535,1
CAL-00900,CALI,ALIMENTOS,Juzgado_2_Familia_Cali,2024,70.0,1.3,2,1,725,1
CAL-00901,CALI,SUSTANCIAS,Juzgado_1_Familia_Cali,2024,70.0,1.45,2,0,506,1
CAL-00902,CALI,VIF,Comisaria_1_Familia_Cali,2024,70.0,1.25,1,0,432,1
CAL-00903,CALI,ALIMENTOS,Juzgado_1_Familia_Cali,2024,70.0,1.45,3,1,548,0
CAL-00904,CALI,ALIMENTOS,Juzgado_Penal_Municipal_1_Cali,2022,70.0,1.35,5,0,570,1
CAL-00905,CALI,SUSTANCIAS,Juzgado_3_Familia_Cali,2020,70.0,1.2,9,1,622,1
CAL-00906,CALI,ALIMENTOS,Juzgado_2_Familia_Cali,2022,70.0,1.3,7,1,708,1
CAL-00907,CALI,VIF,Comisaria_3_Familia_Cali,2020,70.0,0.9,5,0,388,1
CAL-00908,CALI,ALIMENTOS,Juzgado_Penal_Municipal_1_Cali,2023,70.0,1.35,5,0,559,1
CAL-00909,CALI,ALIMENTOS,Juzgado_5_Familia_Cali,2023,70.0,0.95,3,0,460,1
CAL-00910,CALI,VIF,Comisaria_3_Familia_Cali,2023,70.0,0.9,4,0,388,1
CAL-00911,CALI,ALIMENTOS,Juzgado_4_Familia_Cali,2023,70.0,1.1,2,0,474,1
CAL-00912,CALI,ALIMENTOS,Juzgado_1_Familia_Cali,2023,70.0,1.45,2,0,574,1
CAL-00913,CALI,VIF,Juzgado_Penal_Municipal_2_Cali,2024,70.0,1.15,8,1,606,1
CAL-00914,CALI,VIF,Comisaria_2_Familia_Cali,2020,70.0,1.1,11,0,286,0
CAL-00915,CALI,ALIMENTOS,Comisaria_1_Familia_Cali,2023,70.0,1.25,2,1,677,1
CAL-00916,CALI,ALIMENTOS,Comisaria_1_Familia_Cali,2023,70.0,1.25,12,0,592,1
CAL-00917,CALI,SUSTANCIAS,Juzgado_Penal_Municipal_1_Cali,2024,70.0,1.35,5,1,646,1
CAL-00918,CALI,ALIMENTOS,Juzgado_5_Familia_Cali,2021,70.0,0.95,2,1,543,1
CAL-00919,CALI,ALIMENTOS,Juzgado_Penal_Municipal_1_Cali,2024,70.0,1.35,4,0,580,1
CAL-00920,CALI,VIF,Juzgado_2_Familia_Cali,2021,70.0,1.3,2,0,431,1
CAL-00921,CALI,VIF,Comisaria_1_Familia_Cali,2022,70.0,1.25,5,0,441,1
CAL-00922,CALI,ALIMENTOS,Juzgado_Penal_Municipal_2_Cali,2021,70.0,1.15,7,0,550,1
CAL-00923,CALI,VIF,Juzgado_4_Familia_Cali,2024,70.0,1.1,4,0,398,1
CAL-00924,CALI,VIF,Juzgado_4_Familia_Cali,2021,70.0,1.1,5,0,402,1
CAL-00925,CALI,HURTO_PATRIMONIAL,Juzgado_5_Familia_Cali,2024,70.0,0.95,6,1,676,1
CAL-00926,CALI,ALIMENTOS,Juzgado_3_Familia_Cali,2021,70.0,1.2,3,0,449,1
CAL-00927,CALI,VIF,Juzgado_2_Familia_Cali,2024,70.0,1.3,1,0,413,1
CAL-00928,CALI,VIF,Juzgado_5_Familia_Cali,2024,70.0,0.95,1,1,490,1
CAL-00929,CALI,ALIMENTOS,Juzgado_4_Familia_Cali,2020,70.0,1.1,1,0,452,1
CAL-00930,CALI,ALIMENTOS,Juzgado_3_Familia_Cali,2021,70.0,1.2,10,0,483,0
CAL-00931,CALI,ALIMENTOS,Juzgado_Penal_Municipal_2_Cali,2023,70.0,1.15,3,1,601,1
CAL-00932,CALI,ALIMENTOS,Juzgado_Penal_Municipal_1_Cali,2024,70.0,1.35,4,1,717,1
CAL-00933,CALI,ALIMENTOS,Juzgado_Penal_Municipal_2_Cali,2022,70.0,1.15,3,1,673,1
CAL-00934,CALI,ALIMENTOS,Juzgado_1_Familia_Cali,2023,70.0,1.45,6,0,298,0
CAL-00935,CALI,VIF,Juzgado_1_Familia_Cali,2023,70.0,1.45,1,0,445,1
CAL-00936,CALI,VIF,Juzgado_1_Familia_Cali,2023,70.0,1.45,11,0,562,1
CAL-00937,CALI,VIF,Juzgado_5_Familia_Cali,2024,70.0,0.95,4,0,353,0
CAL-00938,CALI,ALIMENTOS,Juzgado_Penal_Municipal_1_Cali,2024,70.0,1.35,2,0,566,1
CAL-00939,CALI,VIF,Juzgado_1_Familia_Cali,2021,70.0,1.45,8,1,662,1
CAL-00940,CALI,VIF,Comisaria_1_Familia_Cali,2020,70.0,1.25,2,0,405,1
CAL-00941,CALI,HURTO_PATRIMONIAL,Comisaria_3_Familia_Cali,2020,70.0,0.9,6,1,683,1
CAL-00942,CALI,ALIMENTOS,Comisaria_3_Familia_Cali,2021,70.0,0.9,8,0,466,1
CAL-00943,CALI,ALIMENTOS,Comisaria_3_Familia_Cali,2024,70.0,0.9,5,0,468,1
CAL-00944,CALI,ALIMENTOS,Comisaria_2_Familia_Cali,2023,70.0,1.1,2,1,647,1
CAL-00945,CALI,VIF,Juzgado_3_Familia_Cali,2024,70.0,1.2,4,1,595,1
CAL-00946,CALI,VIF,Juzgado_5_Familia_Cali,2021,70.0,0.95,5,0,409,1
CAL-00947,CALI,VIF,Comisaria_1_Familia_Cali,2023,70.0,1.25,3,0,438,1
CAL-00948,CALI,SUSTANCIAS,Juzgado_3_Familia_Cali,2021,70.0,1.2,7,0,483,1
CAL-00949,CALI,ALIMENTOS,Juzgado_Penal_Municipal_2_Cali,2021,70.0,1.15,3,1,636,1
CAL-00950,CALI,HURTO_PATRIMONIAL,Juzgado_4_Familia_Cali,2021,70.0,1.1,5,0,591,1
CAL-00951,CALI,HURTO_PATRIMONIAL,Juzgado_Penal_Municipal_2_Cali,2021,70.0,1.15,3,0,572,1
CAL-00952,CALI,ALIMENTOS,Comisaria_3_Familia_Cali,2024,70.0,0.9,3,0,459,1
CAL-00953,CALI,HURTO_PATRIMONIAL,Juzgado_3_Familia_Cali,2022,70.0,1.2,3,1,527,0
CAL-00954,CALI,ALIMENTOS,Comisaria_3_Familia_Cali,2024,70.0,0.9,13,1,690,1
CAL-00955,CALI,HURTO_PATRIMONIAL,Juzgado_3_Familia_Cali,2022,70.0,1.2,5,0,620,1
CAL-00956,CALI,SUSTANCIAS,Juzgado_5_Familia_Cali,2024,70.0,0.95,7,0,427,1
CAL-00957,CALI,VIF,Juzgado_2_Familia_Cali,2024,70.0,1.3,1,0,437,1
CAL-00958,CALI,VIF,Juzgado_Penal_Municipal_2_Cali,2023,70.0,1.15,1,1,549,1
CAL-00959,CALI,VIF,Juzgado_1_Familia_Cali,2022,70.0,1.45,4,0,469,1
CAL-00960,CALI,VIF,Juzgado_Penal_Municipal_2_Cali,2023,70.0,1.15,1,1,549,1
CAL-00961,CALI,HURTO_PATRIMONIAL,Juzgado_Penal_Municipal_2_Cali,2024,70.0,1.15,1,0,498,1
CAL-00962,CALI,VIF,Juzgado_Penal_Municipal_2_Cali,2022,70.0,1.15,3,0,389,1
CAL-00963,CALI,ALIMENTOS,Comisaria_1_Familia_Cali,2023,70.0,1.25,2,0,520,1
CAL-00964,CALI,ALIMENTOS,Juzgado_Penal_Municipal_2_Cali,2024,70.0,1.15,2,0,524,1
CAL-00965,CALI,HURTO_PATRIMONIAL,Comisaria_1_Familia_Cali,2020,70.0,1.25,14,0,618,1
CAL-00966,CALI,VIF,Juzgado_3_Familia_Cali,2020,70.0,1.2,5,0,427,1
CAL-00967,CALI,ALIMENTOS,Juzgado_3_Familia_Cali,2023,70.0,1.2,2,0,506,1
CAL-00968,CALI,HURTO_PATRIMONIAL,Comisaria_1_Familia_Cali,2022,70.0,1.25,3,0,564,1
CAL-00969,CALI,ALIMENTOS,Comisaria_2_Familia_Cali,2020,70.0,1.1,2,1,596,1
CAL-00970,CALI,VIF,Juzgado_Penal_Municipal_1_Cali,2022,70.0,1.35,6,0,466,1
CAL-00971,CALI,SUSTANCIAS,Juzgado_Penal_Municipal_2_Cali,2022,70.0,1.15,3,1,578,1
CAL-00972,CALI,ALIMENTOS,Comisaria_3_Familia_Cali,2023,70.0,0.9,6,0,471,1
CAL-00973,CALI,VIF,Juzgado_1_Familia_Cali,2021,70.0,1.45,4,0,469,1
CAL-00974,CALI,ALIMENTOS,Juzgado_1_Familia_Cali,2022,70.0,1.45,3,0,561,1
CAL-00975,CALI,ALIMENTOS,Juzgado_Penal_Municipal_1_Cali,2022,70.0,1.35,2,0,509,1
CAL-00976,CALI,HURTO_PATRIMONIAL,Juzgado_5_Familia_Cali,2024,70.0,0.95,5,0,515,1
CAL-00977,CALI,ALIMENTOS,Comisaria_1_Familia_Cali,2023,70.0,1.25,2,0,511,1
CAL-00978,CALI,HURTO_PATRIMONIAL,Juzgado_2_Familia_Cali,2021,70.0,1.3,3,0,571,1
CAL-00979,CALI,VIF,Juzgado_Penal_Municipal_2_Cali,2024,70.0,1.15,2,0,435,1
CAL-00980,CALI,HURTO_PATRIMONIAL,Juzgado_4_Familia_Cali,2022,70.0,1.1,11,1,587,0
CAL-00981,CALI,VIF,Juzgado_1_Familia_Cali,2022,70.0,1.45,18,0,617,1
CAL-00982,CALI,VIF,Juzgado_Penal_Municipal_2_Cali,2023,70.0,1.15,1,0,282,0
CAL-00983,CALI,HURTO_PATRIMONIAL,Juzgado_Penal_Municipal_2_Cali,2023,70.0,1.15,3,1,709,1
CAL-00984,CALI,VIF,Juzgado_5_Familia_Cali,2020,70.0,0.95,6,1,535,1
CAL-00985,CALI,VIF,Juzgado_2_Familia_Cali,2023,70.0,1.3,1,0,222,0
CAL-00986,CALI,ALIMENTOS,Juzgado_4_Familia_Cali,2021,70.0,1.1,7,1,653,1
CAL-00987,CALI,ALIMENTOS,Juzgado_5_Familia_Cali,2024,70.0,0.95,4,0,480,1
CAL-00988,CALI,HURTO_PATRIMONIAL,Juzgado_4_Familia_Cali,2024,70.0,1.1,6,0,572,1
CAL-00989,CALI,ALIMENTOS,Comisaria_2_Familia_Cali,2020,70.0,1.1,6,1,424,0
CAL-00990,CALI,SUSTANCIAS,Juzgado_4_Familia_Cali,2024,70.0,1.1,6,1,596,1
CAL-00991,CALI,ALIMENTOS,Juzgado_Penal_Municipal_1_Cali,2024,70.0,1.35,2,1,717,1
CAL-00992,CALI,HURTO_PATRIMONIAL,Comisaria_2_Familia_Cali,2021,70.0,1.1,10,0,616,1
CAL-00993,CALI,ALIMENTOS,Juzgado_Penal_Municipal_2_Cali,2022,70.0,1.15,3,1,624,1
CAL-00994,CALI,ALIMENTOS,Juzgado_1_Familia_Cali,2022,70.0,1.45,1,0,405,0
CAL-00995,CALI,ALIMENTOS,Juzgado_3_Familia_Cali,2024,70.0,1.2,1,1,616,1
CAL-00996,CALI,HURTO_PATRIMONIAL,Juzgado_5_Familia_Cali,2023,70.0,0.95,8,0,476,1
CAL-00997,CALI,ALIMENTOS,Juzgado_5_Familia_Cali,2020,70.0,0.95,13,0,536,1
CAL-00998,CALI,HURTO_PATRIMONIAL,Comisaria_3_Familia_Cali,2023,70.0,0.9,7,1,622,1
CAL-00999,CALI,ALIMENTOS,Juzgado_Penal_Municipal_2_Cali,2022,70.0,1.15,6,0,505,1
CAL-01000,CALI,VIF,Comisaria_3_Familia_Cali,2022,70.0,0.9,3,0,356,1
CAL-01001,CALI,VIF,Juzgado_5_Familia_Cali,2020,70.0,0.95,2,0,335,1
CAL-01002,CALI,ALIMENTOS,Juzgado_1_Familia_Cali,2024,70.0,1.45,6,1,642,0
CAL-01003,CALI,ALIMENTOS,Juzgado_Penal_Municipal_1_Cali,2021,70.0,1.35,13,1,621,0
CAL-01004,CALI,VIF,Juzgado_5_Familia_Cali,2022,70.0,0.95,9,0,418,1
CAL-01005,CALI,ALIMENTOS,Comisaria_3_Familia_Cali,2024,70.0,0.9,2,0,417,1
CAL-01006,CALI,VIF,Juzgado_Penal_Municipal_1_Cali,2022,70.0,1.35,6,1,543,0
CAL-01007,CALI,ALIMENTOS,Comisaria_3_Familia_Cali,2024,70.0,0.9,3,0,417,1
CAL-01008,CALI,ALIMENTOS,Juzgado_1_Familia_Cali,2022,70.0,1.45,1,1,505,0
CAL-01009,CALI,SUSTANCIAS,Juzgado_1_Familia_Cali,2021,70.0,1.45,2,0,467,1
CAL-01010,CALI,SUSTANCIAS,Juzgado_2_Familia_Cali,2022,70.0,1.3,9,1,700,1
CAL-01011,CALI,ALIMENTOS,Juzgado_Penal_Municipal_2_Cali,2020,70.0,1.15,4,0,514,1
CAL-01012,CALI,ALIMENTOS,Juzgado_1_Familia_Cali,2022,70.0,1.45,11,1,677,0
CAL-01013,CALI,VIF,Juzgado_1_Familia_Cali,2023,70.0,1.45,2,0,449,1
CAL-01014,CALI,HURTO_PATRIMONIAL,Comisaria_2_Familia_Cali,2022,70.0,1.1,12,0,610,1
CAL-01015,CALI,VIF,Juzgado_Penal_Municipal_2_Cali,2023,70.0,1.15,2,0,419,1
CAL-01016,CALI,VIF,Juzgado_Penal_Municipal_2_Cali,2023,70.0,1.15,5,0,433,1
CAL-01017,CALI,ALIMENTOS,Juzgado_3_Familia_Cali,2024,70.0,1.2,6,1,672,1
CAL-01018,CALI,ALIMENTOS,Juzgado_3_Familia_Cali,2024,70.0,1.2,8,0,579,1
CAL-01019,CALI,VIF,Juzgado_3_Familia_Cali,2024,70.0,1.2,4,0,442,1
CAL-01020,CALI,VIF,Juzgado_Penal_Municipal_1_Cali,2022,70.0,1.35,6,1,656,1
CAL-01021,CALI,HURTO_PATRIMONIAL,Juzgado_Penal_Municipal_1_Cali,2022,70.0,1.35,4,1,493,0
CAL-01022,CALI,SUSTANCIAS,Juzgado_1_Familia_Cali,2023,70.0,1.45,5,0,452,0
CAL-01023,CALI,VIF,Juzgado_3_Familia_Cali,2024,70.0,1.2,5,0,457,1
CAL-01024,CALI,VIF,Juzgado_Penal_Municipal_2_Cali,2021,70.0,1.15,3,0,421,1
CAL-01025,CALI,VIF,Juzgado_Penal_Municipal_2_Cali,2024,70.0,1.15,3,0,424,1
CAL-01026,CALI,VIF,Comisaria_2_Familia_Cali,2023,70.0,1.1,1,0,374,1
CAL-01027,CALI,VIF,Juzgado_4_Familia_Cali,2021,70.0,1.1,4,0,251,0
CAL-01028,CALI,VIF,Juzgado_Penal_Municipal_2_Cali,2020,70.0,1.15,1,0,387,1
CAL-01029,CALI,ALIMENTOS,Comisaria_2_Familia_Cali,2022,70.0,1.1,1,0,350,0
CAL-01030,CALI,ALIMENTOS,Juzgado_1_Familia_Cali,2022,70.0,1.45,5,1,393,0
CAL-01031,CALI,VIF,Comisaria_3_Familia_Cali,2024,70.0,0.9,4,0,365,1
CAL-01032,CALI,VIF,Comisaria_1_Familia_Cali,2021,70.0,1.25,1,0,311,0
CAL-01033,CALI,HURTO_PATRIMONIAL,Juzgado_2_Familia_Cali,2023,70.0,1.3,12,0,671,1
CAL-01034,CALI,HURTO_PATRIMONIAL,Juzgado_Penal_Municipal_1_Cali,2024,70.0,1.35,9,0,664,1
CAL-01035,CALI,VIF,Juzgado_1_Familia_Cali,2021,70.0,1.45,4,0,482,1
CAL-01036,CALI,VIF,Comisaria_3_Familia_Cali,2022,70.0,0.9,2,0,353,1
CAL-01037,CALI,ALIMENTOS,Juzgado_2_Familia_Cali,2024,70.0,1.3,2,0,528,1
CAL-01038,CALI,VIF,Juzgado_5_Familia_Cali,2021,70.0,0.95,12,0,434,1
CAL-01039,CALI,VIF,Comisaria_1_Familia_Cali,2023,70.0,1.25,3,0,449,1
CAL-01040,CALI,HURTO_PATRIMONIAL,Juzgado_1_Familia_Cali,2020,70.0,1.45,4,0,617,1
CAL-01041,CALI,VIF,Juzgado_Penal_Municipal_2_Cali,2021,70.0,1.15,4,0,433,1
CAL-01042,CALI,ALIMENTOS,Juzgado_3_Familia_Cali,2023,70.0,1.2,3,1,663,1
CAL-01043,CALI,SUSTANCIAS,Comisaria_1_Familia_Cali,2023,70.0,1.25,4,0,469,1
CAL-01044,CALI,ALIMENTOS,Juzgado_3_Familia_Cali,2023,70.0,1.2,3,1,694,1
CAL-01045,CALI,ALIMENTOS,Juzgado_Penal_Municipal_1_Cali,2020,70.0,1.35,5,1,730,1
CAL-01046,CALI,VIF,Juzgado_4_Familia_Cali,2023,70.0,1.1,3,0,397,1
CAL-01047,CALI,ALIMENTOS,Comisaria_3_Familia_Cali,2024,70.0,0.9,4,0,457,1
CAL-01048,CALI,VIF,Juzgado_3_Familia_Cali,2022,70.0,1.2,1,0,442,1
CAL-01049,CALI,ALIMENTOS,Juzgado_4_Familia_Cali,2022,70.0,1.1,5,1,653,1
CAL-01050,CALI,VIF,Juzgado_Penal_Municipal_2_Cali,2024,70.0,1.15,1,1,554,1
CAL-01051,CALI,ALIMENTOS,Juzgado_3_Familia_Cali,2023,70.0,1.2,14,0,620,1
CAL-01052,CALI,HURTO_PATRIMONIAL,Juzgado_5_Familia_Cali,2022,70.0,0.95,3,0,494,1
CAL-01053,CALI,VIF,Juzgado_5_Familia_Cali,2024,70.0,0.95,4,1,552,1
CAL-01054,CALI,SUSTANCIAS,Juzgado_1_Familia_Cali,2022,70.0,1.45,3,0,514,1
CAL-01055,CALI,ALIMENTOS,Juzgado_4_Familia_Cali,2022,70.0,1.1,9,0,548,1
CAL-01056,CALI,ALIMENTOS,Juzgado_1_Familia_Cali,2020,70.0,1.45,1,1,700,1
CAL-01057,CALI,VIF,Comisaria_3_Familia_Cali,2021,70.0,0.9,5,0,375,1
CAL-01058,CALI,VIF,Juzgado_3_Familia_Cali,2021,70.0,1.2,5,0,436,1
CAL-01059,CALI,ALIMENTOS,Comisaria_1_Familia_Cali,2024,70.0,1.25,15,1,406,0
CAL-01060,CALI,ALIMENTOS,Juzgado_2_Familia_Cali,2023,70.0,1.3,3,0,506,1
CAL-01061,CALI,ALIMENTOS,Juzgado_3_Familia_Cali,2022,70.0,1.2,2,1,662,1
CAL-01062,CALI,VIF,Juzgado_1_Familia_Cali,2022,70.0,1.45,3,1,597,1
CAL-01063,CALI,VIF,Juzgado_5_Familia_Cali,2021,70.0,0.95,7,0,413,1
CAL-01064,CALI,SUSTANCIAS,Juzgado_Penal_Municipal_1_Cali,2023,70.0,1.35,1,0,318,0
CAL-01065,CALI,ALIMENTOS,Juzgado_4_Familia_Cali,2021,70.0,1.1,5,0,475,1
CAL-01066,CALI,HURTO_PATRIMONIAL,Comisaria_3_Familia_Cali,2023,70.0,0.9,11,1,673,1
CAL-01067,CALI,HURTO_PATRIMONIAL,Juzgado_1_Familia_Cali,2023,70.0,1.45,11,0,369,0
CAL-01068,CALI,SUSTANCIAS,Juzgado_1_Familia_Cali,2022,70.0,1.45,8,1,712,1
CAL-01069,CALI,VIF,Juzgado_Penal_Municipal_1_Cali,2023,70.0,1.35,6,0,221,0
CAL-01070,CALI,ALIMENTOS,Comisaria_1_Familia_Cali,2021,70.0,1.25,1,1,628,1
CAL-01071,CALI,VIF,Juzgado_4_Familia_Cali,2021,70.0,1.1,8,0,436,1
CAL-01072,CALI,ALIMENTOS,Juzgado_4_Familia_Cali,2024,70.0,1.1,9,0,467,0
CAL-01073,CALI,VIF,Juzgado_Penal_Municipal_2_Cali,2024,70.0,1.15,3,0,394,1
CAL-01074,CALI,VIF,Juzgado_5_Familia_Cali,2023,70.0,0.95,1,0,212,0
CAL-01075,CALI,VIF,Juzgado_1_Familia_Cali,2022,70.0,1.45,10,0,542,1
CAL-01076,CALI,HURTO_PATRIMONIAL,Comisaria_3_Familia_Cali,2023,70.0,0.9,1,0,457,1
CAL-01077,CALI,VIF,Comisaria_3_Familia_Cali,2024,70.0,0.9,6,0,387,1
CAL-01078,CALI,VIF,Juzgado_2_Familia_Cali,2024,70.0,1.3,7,0,499,1
CAL-01079,CALI,ALIMENTOS,Comisaria_3_Familia_Cali,2022,70.0,0.9,6,0,457,1
CAL-01080,CALI,ALIMENTOS,Comisaria_2_Familia_Cali,2023,70.0,1.1,13,0,564,1
CAL-01081,CALI,HURTO_PATRIMONIAL,Comisaria_1_Familia_Cali,2021,70.0,1.25,2,0,613,1
CAL-01082,CALI,ALIMENTOS,Comisaria_3_Familia_Cali,2023,70.0,0.9,4,0,459,1
CAL-01083,CALI,SUSTANCIAS,Juzgado_Penal_Municipal_2_Cali,2023,70.0,1.15,6,0,469,1
CAL-01084,CALI,VIF,Juzgado_Penal_Municipal_2_Cali,2024,70.0,1.15,14,0,528,1
CAL-01085,CALI,VIF,Juzgado_Penal_Municipal_2_Cali,2023,70.0,1.15,1,1,579,1
CAL-01086,CALI,HURTO_PATRIMONIAL,Juzgado_Penal_Municipal_2_Cali,2023,70.0,1.15,4,1,681,1
CAL-01087,CALI,VIF,Juzgado_1_Familia_Cali,2021,70.0,1.45,2,0,458,1
CAL-01088,CALI,VIF,Juzgado_Penal_Municipal_2_Cali,2024,70.0,1.15,3,0,409,1
CAL-01089,CALI,ALIMENTOS,Juzgado_1_Familia_Cali,2022,70.0,1.45,3,0,354,0
CAL-01090,CALI,VIF,Comisaria_1_Familia_Cali,2021,70.0,1.25,3,0,455,1
CAL-01091,CALI,SUSTANCIAS,Juzgado_4_Familia_Cali,2020,70.0,1.1,7,0,483,1
CAL-01092,CALI,VIF,Juzgado_3_Familia_Cali,2022,70.0,1.2,6,0,436,1
CAL-01093,CALI,VIF,Juzgado_1_Familia_Cali,2020,70.0,1.45,3,0,460,1
CAL-01094,CALI,HURTO_PATRIMONIAL,Juzgado_Penal_Municipal_2_Cali,2023,70.0,1.15,1,0,530,1
CAL-01095,CALI,HURTO_PATRIMONIAL,Juzgado_Penal_Municipal_1_Cali,2021,70.0,1.35,5,1,601,0
CAL-01096,CALI,ALIMENTOS,Juzgado_4_Familia_Cali,2021,70.0,1.1,14,0,574,1
CAL-01097,CALI,VIF,Juzgado_5_Familia_Cali,2021,70.0,0.95,1,0,349,1
CAL-01098,CALI,VIF,Comisaria_2_Familia_Cali,2021,70.0,1.1,8,0,433,1
CAL-01099,CALI,HURTO_PATRIMONIAL,Comisaria_1_Familia_Cali,2022,70.0,1.25,3,1,590,0
CAL-01100,CALI,HURTO_PATRIMONIAL,Juzgado_5_Familia_Cali,2024,70.0,0.95,2,0,462,1
CAL-01101,CALI,ALIMENTOS,Comisaria_3_Familia_Cali,2022,70.0,0.9,6,1,576,1
CAL-01102,CALI,SUSTANCIAS,Juzgado_Penal_Municipal_1_Cali,2024,70.0,1.35,6,0,529,1
CAL-01103,CALI,HURTO_PATRIMONIAL,Juzgado_2_Familia_Cali,2023,70.0,1.3,14,1,564,0
CAL-01104,CALI,ALIMENTOS,Juzgado_1_Familia_Cali,2022,70.0,1.45,9,0,624,1
CAL-01105,CALI,ALIMENTOS,Comisaria_1_Familia_Cali,2021,70.0,1.25,1,0,481,1
CAL-01106,CALI,VIF,Juzgado_5_Familia_Cali,2023,70.0,0.95,1,0,349,1
CAL-01107,CALI,VIF,Comisaria_1_Familia_Cali,2024,70.0,1.25,2,0,439,1
CAL-01108,CALI,HURTO_PATRIMONIAL,Juzgado_Penal_Municipal_1_Cali,2022,70.0,1.35,2,0,602,1
CAL-01109,CALI,VIF,Juzgado_Penal_Municipal_1_Cali,2023,70.0,1.35,1,0,427,1
CAL-01110,CALI,ALIMENTOS,Juzgado_3_Familia_Cali,2021,70.0,1.2,8,1,695,1
CAL-01111,CALI,HURTO_PATRIMONIAL,Comisaria_1_Familia_Cali,2024,70.0,1.25,5,0,640,1
CAL-01112,CALI,ALIMENTOS,Juzgado_3_Familia_Cali,2024,70.0,1.2,3,0,527,1
CAL-01113,CALI,HURTO_PATRIMONIAL,Comisaria_3_Familia_Cali,2024,70.0,0.9,4,0,476,1
CAL-01114,CALI,ALIMENTOS,Juzgado_1_Familia_Cali,2021,70.0,1.45,3,0,569,1
CAL-01115,CALI,ALIMENTOS,Juzgado_5_Familia_Cali,2024,70.0,0.95,2,1,621,1
CAL-01116,CALI,VIF,Juzgado_3_Familia_Cali,2023,70.0,1.2,6,1,582,1
CAL-01117,CALI,ALIMENTOS,Juzgado_5_Familia_Cali,2020,70.0,0.95,2,1,338,0
CAL-01118,CALI,HURTO_PATRIMONIAL,Juzgado_3_Familia_Cali,2024,70.0,1.2,5,1,730,1
CAL-01119,CALI,ALIMENTOS,Juzgado_Penal_Municipal_1_Cali,2024,70.0,1.35,7,0,579,1
CAL-01120,CALI,ALIMENTOS,Juzgado_Penal_Municipal_1_Cali,2023,70.0,1.35,12,1,515,0
CAL-01121,CALI,ALIMENTOS,Comisaria_2_Familia_Cali,2024,70.0,1.1,4,1,648,1
CAL-01122,CALI,HURTO_PATRIMONIAL,Comisaria_3_Familia_Cali,2023,70.0,0.9,3,1,614,1
CAL-01123,CALI,HURTO_PATRIMONIAL,Juzgado_1_Familia_Cali,2024,70.0,1.45,5,0,641,1
CAL-01124,CALI,ALIMENTOS,Juzgado_3_Familia_Cali,2024,70.0,1.2,7,0,540,1
CAL-01125,CALI,ALIMENTOS,Comisaria_1_Familia_Cali,2023,70.0,1.25,1,1,690,1
CAL-01126,CALI,VIF,Juzgado_Penal_Municipal_2_Cali,2020,70.0,1.15,3,1,563,1
CAL-01127,CALI,VIF,Juzgado_4_Familia_Cali,2023,70.0,1.1,4,0,410,1
CAL-01128,CALI,VIF,Juzgado_2_Familia_Cali,2020,70.0,1.3,16,0,540,1
CAL-01129,CALI,VIF,Comisaria_1_Familia_Cali,2021,70.0,1.25,2,1,575,1
CAL-01130,CALI,HURTO_PATRIMONIAL,Juzgado_4_Familia_Cali,2023,70.0,1.1,5,1,528,0
CAL-01131,CALI,SUSTANCIAS,Comisaria_1_Familia_Cali,2020,70.0,1.25,8,0,491,1
CAL-01132,CALI,ALIMENTOS,Juzgado_4_Familia_Cali,2022,70.0,1.1,3,0,501,1
CAL-01133,CALI,ALIMENTOS,Juzgado_3_Familia_Cali,2020,70.0,1.2,2,1,387,0
CAL-01134,CALI,VIF,Juzgado_Penal_Municipal_2_Cali,2023,70.0,1.15,10,1,653,1
CAL-01135,CALI,VIF,Juzgado_5_Familia_Cali,2024,70.0,0.95,5,0,417,1
CAL-01136,CALI,ALIMENTOS,Juzgado_Penal_Municipal_2_Cali,2024,70.0,1.15,10,1,338,0
CAL-01137,CALI,ALIMENTOS,Comisaria_1_Familia_Cali,2024,70.0,1.25,3,0,514,1
CAL-01138,CALI,ALIMENTOS,Juzgado_5_Familia_Cali,2021,70.0,0.95,2,0,425,1
CAL-01139,CALI,VIF,Juzgado_2_Familia_Cali,2021,70.0,1.3,2,0,449,1
CAL-01140,CALI,ALIMENTOS,Comisaria_3_Familia_Cali,2021,70.0,0.9,4,1,604,1
CAL-01141,CALI,ALIMENTOS,Juzgado_2_Familia_Cali,2020,70.0,1.3,3,0,515,1
CAL-01142,CALI,VIF,Juzgado_1_Familia_Cali,2024,70.0,1.45,2,0,483,1
CAL-01143,CALI,ALIMENTOS,Juzgado_3_Familia_Cali,2022,70.0,1.2,2,0,523,1
CAL-01144,CALI,ALIMENTOS,Comisaria_3_Familia_Cali,2021,70.0,0.9,2,1,575,1
CAL-01145,CALI,SUSTANCIAS,Juzgado_Penal_Municipal_2_Cali,2022,70.0,1.15,4,0,437,1
CAL-01146,CALI,ALIMENTOS,Juzgado_5_Familia_Cali,2022,70.0,0.95,5,0,422,1
CAL-01147,CALI,VIF,Comisaria_3_Familia_Cali,2023,70.0,0.9,9,0,430,1
CAL-01148,CALI,ALIMENTOS,Comisaria_1_Familia_Cali,2021,70.0,1.25,4,0,512,1
CAL-01149,CALI,VIF,Juzgado_3_Familia_Cali,2022,70.0,1.2,3,0,270,0
CAL-01150,CALI,ALIMENTOS,Comisaria_2_Familia_Cali,2024,70.0,1.1,1,1,605,1
CAL-01151,CALI,ALIMENTOS,Juzgado_3_Familia_Cali,2022,70.0,1.2,4,1,691,1
CAL-01152,CALI,VIF,Comisaria_3_Familia_Cali,2021,70.0,0.9,4,0,349,1
CAL-01153,CALI,SUSTANCIAS,Juzgado_1_Familia_Cali,2024,70.0,1.45,1,0,488,1
CAL-01154,CALI,ALIMENTOS,Juzgado_2_Familia_Cali,2023,70.0,1.3,2,0,510,1
CAL-01155,CALI,VIF,Juzgado_2_Familia_Cali,2024,70.0,1.3,2,0,432,1
CAL-01156,CALI,ALIMENTOS,Juzgado_4_Familia_Cali,2021,70.0,1.1,4,0,515,1
CAL-01157,CALI,VIF,Juzgado_5_Familia_Cali,2023,70.0,0.95,10,0,433,1
CAL-01158,CALI,HURTO_PATRIMONIAL,Juzgado_Penal_Municipal_2_Cali,2022,70.0,1.15,9,0,624,1
CAL-01159,CALI,ALIMENTOS,Juzgado_Penal_Municipal_2_Cali,2024,70.0,1.15,2,0,475,1
CAL-01160,CALI,VIF,Juzgado_Penal_Municipal_1_Cali,2020,70.0,1.35,8,0,505,1
CAL-01161,CALI,ALIMENTOS,Juzgado_5_Familia_Cali,2024,70.0,0.95,6,1,618,1
CAL-01162,CALI,HURTO_PATRIMONIAL,Juzgado_2_Familia_Cali,2023,70.0,1.3,1,0,600,1
CAL-01163,CALI,VIF,Juzgado_4_Familia_Cali,2023,70.0,1.1,3,1,563,1
CAL-01164,CALI,VIF,Juzgado_Penal_Municipal_1_Cali,2023,70.0,1.35,7,0,492,1
CAL-01165,CALI,HURTO_PATRIMONIAL,Comisaria_3_Familia_Cali,2021,70.0,0.9,7,0,539,1
CAL-01166,CALI,SUSTANCIAS,Juzgado_Penal_Municipal_1_Cali,2021,70.0,1.35,3,0,485,1
CAL-01167,CALI,VIF,Juzgado_3_Familia_Cali,2023,70.0,1.2,8,0,452,1
CAL-01168,CALI,SUSTANCIAS,Juzgado_4_Familia_Cali,2024,70.0,1.1,1,1,592,1
CAL-01169,CALI,VIF,Juzgado_5_Familia_Cali,2024,70.0,0.95,3,0,388,1
CAL-01170,CALI,SUSTANCIAS,Juzgado_4_Familia_Cali,2024,70.0,1.1,9,1,652,1
CAL-01171,CALI,ALIMENTOS,Comisaria_2_Familia_Cali,2024,70.0,1.1,12,0,572,1
CAL-01172,CALI,VIF,Comisaria_2_Familia_Cali,2021,70.0,1.1,5,0,434,1
CAL-01173,CALI,ALIMENTOS,Juzgado_5_Familia_Cali,2021,70.0,0.95,5,1,575,1
CAL-01174,CALI,ALIMENTOS,Juzgado_Penal_Municipal_1_Cali,2022,70.0,1.35,7,0,597,1
CAL-01175,CALI,SUSTANCIAS,Comisaria_3_Familia_Cali,2024,70.0,0.9,1,0,359,1
CAL-01176,CALI,ALIMENTOS,Comisaria_3_Familia_Cali,2024,70.0,0.9,8,0,498,1
CAL-01177,CALI,HURTO_PATRIMONIAL,Juzgado_4_Familia_Cali,2022,70.0,1.1,2,0,520,1
CAL-01178,CALI,ALIMENTOS,Comisaria_2_Familia_Cali,2024,70.0,1.1,7,0,537,1
CAL-01179,CALI,ALIMENTOS,Juzgado_2_Familia_Cali,2022,70.0,1.3,4,1,405,0
CAL-01180,CALI,VIF,Juzgado_2_Familia_Cali,2024,70.0,1.3,6,0,466,1
CAL-01181,CALI,VIF,Comisaria_2_Familia_Cali,2024,70.0,1.1,3,1,550,1
CAL-01182,CALI,VIF,Juzgado_Penal_Municipal_1_Cali,2023,70.0,1.35,4,0,453,1
CAL-01183,CALI,VIF,Comisaria_2_Familia_Cali,2023,70.0,1.1,3,0,398,1
CAL-01184,CALI,VIF,Juzgado_5_Familia_Cali,2024,70.0,0.95,20,0,534,1
CAL-01185,CALI,VIF,Juzgado_5_Familia_Cali,2022,70.0,0.95,2,1,546,1
CAL-01186,CALI,SUSTANCIAS,Comisaria_1_Familia_Cali,2023,70.0,1.25,8,0,473,1
CAL-01187,CALI,HURTO_PATRIMONIAL,Juzgado_1_Familia_Cali,2024,70.0,1.45,3,0,606,1
CAL-01188,CALI,ALIMENTOS,Juzgado_5_Familia_Cali,2024,70.0,0.95,3,0,456,1
CAL-01189,CALI,ALIMENTOS,Juzgado_Penal_Municipal_1_Cali,2024,70.0,1.35,4,0,254,0
CAL-01190,CALI,ALIMENTOS,Juzgado_5_Familia_Cali,2024,70.0,0.95,1,0,201,0
CAL-01191,CALI,VIF,Comisaria_2_Familia_Cali,2023,70.0,1.1,7,0,449,1
CAL-01192,CALI,SUSTANCIAS,Juzgado_Penal_Municipal_2_Cali,2022,70.0,1.15,4,0,429,1
CAL-01193,CALI,ALIMENTOS,Juzgado_3_Familia_Cali,2022,70.0,1.2,5,0,376,0
CAL-01194,CALI,HURTO_PATRIMONIAL,Juzgado_4_Familia_Cali,2023,70.0,1.1,2,0,510,1
CAL-01195,CALI,HURTO_PATRIMONIAL,Juzgado_3_Familia_Cali,2022,70.0,1.2,2,1,666,1
CAL-01196,CALI,VIF,Comisaria_1_Familia_Cali,2024,70.0,1.25,6,0,454,1
CAL-01197,CALI,VIF,Comisaria_2_Familia_Cali,2020,70.0,1.1,3,0,423,1
CAL-01198,CALI,ALIMENTOS,Comisaria_1_Familia_Cali,2024,70.0,1.25,7,0,549,1
CAL-01199,CALI,ALIMENTOS,Juzgado_Penal_Municipal_1_Cali,2024,70.0,1.35,2,0,527,1
CAL-01200,CALI,VIF,Comisaria_2_Familia_Cali,2023,70.0,1.1,2,0,383,1
CAL-01201,CALI,VIF,Juzgado_3_Familia_Cali,2023,70.0,1.2,7,0,442,1
CAL-01202,CALI,VIF,Juzgado_5_Familia_Cali,2024,70.0,0.95,7,0,339,0
CAL-01203,CALI,VIF,Comisaria_3_Familia_Cali,2023,70.0,0.9,6,0,404,1
CAL-01204,CALI,ALIMENTOS,Juzgado_4_Familia_Cali,2023,70.0,1.1,1,0,462,1
CAL-01205,CALI,SUSTANCIAS,Juzgado_5_Familia_Cali,2022,70.0,0.95,3,0,395,1
CAL-01206,CALI,ALIMENTOS,Juzgado_2_Familia_Cali,2021,70.0,1.3,11,0,657,1
CAL-01207,CALI,ALIMENTOS,Juzgado_3_Familia_Cali,2024,70.0,1.2,2,0,495,1
CAL-01208,CALI,SUSTANCIAS,Juzgado_1_Familia_Cali,2022,70.0,1.45,17,0,645,1
CAL-01209,CALI,VIF,Comisaria_1_Familia_Cali,2022,70.0,1.25,13,0,527,1
CAL-01210,CALI,VIF,Juzgado_Penal_Municipal_2_Cali,2022,70.0,1.15,11,0,465,1
CAL-01211,CALI,ALIMENTOS,Juzgado_Penal_Municipal_1_Cali,2021,70.0,1.35,4,1,697,1
CAL-01212,CALI,VIF,Juzgado_5_Familia_Cali,2024,70.0,0.95,3,1,527,1
CAL-01213,CALI,ALIMENTOS,Juzgado_5_Familia_Cali,2024,70.0,0.95,8,0,518,1
CAL-01214,CALI,HURTO_PATRIMONIAL,Comisaria_3_Familia_Cali,2024,70.0,0.9,4,0,525,1
CAL-01215,CALI,ALIMENTOS,Juzgado_5_Familia_Cali,2024,70.0,0.95,13,1,701,1
CAL-01216,CALI,VIF,Juzgado_5_Familia_Cali,2023,70.0,0.95,2,1,553,1
CAL-01217,CALI,VIF,Juzgado_Penal_Municipal_1_Cali,2022,70.0,1.35,1,0,435,1
CAL-01218,CALI,SUSTANCIAS,Juzgado_4_Familia_Cali,2024,70.0,1.1,4,0,450,1
CAL-01219,CALI,VIF,Comisaria_2_Familia_Cali,2023,70.0,1.1,9,0,461,1
CAL-01220,CALI,VIF,Juzgado_1_Familia_Cali,2024,70.0,1.45,9,0,524,1
CAL-01221,CALI,VIF,Juzgado_Penal_Municipal_2_Cali,2023,70.0,1.15,5,0,426,1
CAL-01222,CALI,VIF,Juzgado_Penal_Municipal_2_Cali,2024,70.0,1.15,2,1,564,1
CAL-01223,CALI,ALIMENTOS,Comisaria_1_Familia_Cali,2023,70.0,1.25,3,0,520,1
CAL-01224,CALI,ALIMENTOS,Comisaria_1_Familia_Cali,2020,70.0,1.25,2,0,536,1
CAL-01225,CALI,ALIMENTOS,Comisaria_3_Familia_Cali,2023,70.0,0.9,1,1,566,1
CAL-01226,CALI,ALIMENTOS,Juzgado_1_Familia_Cali,2024,70.0,1.45,3,1,536,0
CAL-01227,CALI,ALIMENTOS,Juzgado_2_Familia_Cali,2020,70.0,1.3,2,0,485,1
CAL-01228,CALI,HURTO_PATRIMONIAL,Juzgado_1_Familia_Cali,2022,70.0,1.45,7,0,664,1
CAL-01229,CALI,VIF,Comisaria_3_Familia_Cali,2023,70.0,0.9,8,0,392,1
CAL-01230,CALI,VIF,Comisaria_3_Familia_Cali,2020,70.0,0.9,3,0,375,1
CAL-01231,CALI,ALIMENTOS,Juzgado_5_Familia_Cali,2022,70.0,0.95,4,0,467,1
CAL-01232,CALI,ALIMENTOS,Juzgado_4_Familia_Cali,2024,70.0,1.1,7,1,691,1
CAL-01233,CALI,HURTO_PATRIMONIAL,Juzgado_3_Familia_Cali,2024,70.0,1.2,3,1,698,1
CAL-01234,CALI,HURTO_PATRIMONIAL,Juzgado_5_Familia_Cali,2023,70.0,0.95,16,0,601,1
CAL-01235,CALI,ALIMENTOS,Comisaria_3_Familia_Cali,2022,70.0,0.9,1,0,231,0
CAL-01236,CALI,HURTO_PATRIMONIAL,Comisaria_2_Familia_Cali,2024,70.0,1.1,2,0,500,1
CAL-01237,CALI,ALIMENTOS,Juzgado_4_Familia_Cali,2023,70.0,1.1,4,1,623,1
CAL-01238,CALI,HURTO_PATRIMONIAL,Juzgado_4_Familia_Cali,2024,70.0,1.1,3,0,556,1
CAL-01239,CALI,VIF,Juzgado_2_Familia_Cali,2023,70.0,1.3,2,1,611,1
CAL-01240,CALI,SUSTANCIAS,Comisaria_1_Familia_Cali,2024,70.0,1.25,8,0,493,1
CAL-01241,CALI,SUSTANCIAS,Juzgado_2_Familia_Cali,2023,70.0,1.3,7,0,501,1
CAL-01242,CALI,ALIMENTOS,Comisaria_1_Familia_Cali,2020,70.0,1.25,7,0,610,1
CAL-01243,CALI,ALIMENTOS,Comisaria_2_Familia_Cali,2024,70.0,1.1,4,0,485,1
CAL-01244,CALI,ALIMENTOS,Comisaria_1_Familia_Cali,2022,70.0,1.25,4,1,681,1
CAL-01245,CALI,VIF,Comisaria_2_Familia_Cali,2021,70.0,1.1,1,1,551,1
CAL-01246,CALI,ALIMENTOS,Juzgado_Penal_Municipal_2_Cali,2023,70.0,1.15,1,1,496,0
CAL-01247,CALI,ALIMENTOS,Juzgado_Penal_Municipal_1_Cali,2022,70.0,1.35,7,1,680,1
CAL-01248,CALI,VIF,Juzgado_Penal_Municipal_1_Cali,2024,70.0,1.35,1,0,423,1
CAL-01249,CALI,SUSTANCIAS,Comisaria_1_Familia_Cali,2024,70.0,1.25,5,0,485,1
CAL-01250,CALI,ALIMENTOS,Comisaria_1_Familia_Cali,2024,70.0,1.25,1,1,558,0
CAL-01251,CALI,VIF,Comisaria_1_Familia_Cali,2024,70.0,1.25,1,0,404,1
CAL-01252,CALI,ALIMENTOS,Comisaria_2_Familia_Cali,2022,70.0,1.1,11,0,517,1
CAL-01253,CALI,ALIMENTOS,Juzgado_2_Familia_Cali,2020,70.0,1.3,1,1,675,1
CAL-01254,CALI,VIF,Juzgado_Penal_Municipal_1_Cali,2024,70.0,1.35,4,0,483,1
CAL-01255,CALI,HURTO_PATRIMONIAL,Comisaria_1_Familia_Cali,2021,70.0,1.25,2,0,535,1
CAL-01256,CALI,ALIMENTOS,Juzgado_1_Familia_Cali,2022,70.0,1.45,3,1,417,0
CAL-01257,CALI,HURTO_PATRIMONIAL,Comisaria_1_Familia_Cali,2023,70.0,1.25,12,1,495,0
CAL-01258,CALI,ALIMENTOS,Juzgado_4_Familia_Cali,2020,70.0,1.1,1,0,451,1
CAL-01259,CALI,VIF,Juzgado_2_Familia_Cali,2022,70.0,1.3,9,0,477,1
CAL-01260,CALI,VIF,Juzgado_4_Familia_Cali,2022,70.0,1.1,4,1,577,1
CAL-01261,CALI,ALIMENTOS,Comisaria_2_Familia_Cali,2023,70.0,1.1,5,0,525,1
CAL-01262,CALI,VIF,Juzgado_5_Familia_Cali,2022,70.0,0.95,8,0,426,1
CAL-01263,CALI,HURTO_PATRIMONIAL,Juzgado_1_Familia_Cali,2022,70.0,1.45,1,1,568,0
CAL-01264,CALI,VIF,Juzgado_Penal_Municipal_1_Cali,2024,70.0,1.35,6,0,488,1
CAL-01265,CALI,ALIMENTOS,Juzgado_4_Familia_Cali,2021,70.0,1.1,1,0,463,1
CAL-01266,CALI,VIF,Juzgado_2_Familia_Cali,2024,70.0,1.3,13,1,680,1
CAL-01267,CALI,VIF,Juzgado_Penal_Municipal_1_Cali,2021,70.0,1.35,3,0,439,1
CAL-01268,CALI,VIF,Comisaria_2_Familia_Cali,2024,70.0,1.1,4,1,575,1
CAL-01269,CALI,ALIMENTOS,Juzgado_2_Familia_Cali,2023,70.0,1.3,7,0,554,1
CAL-01270,CALI,HURTO_PATRIMONIAL,Juzgado_5_Familia_Cali,2020,70.0,0.95,4,0,477,1
CAL-01271,CALI,VIF,Comisaria_3_Familia_Cali,2023,70.0,0.9,9,0,411,1
CAL-01272,CALI,ALIMENTOS,Juzgado_Penal_Municipal_1_Cali,2021,70.0,1.35,2,0,545,1
CAL-01273,CALI,ALIMENTOS,Comisaria_3_Familia_Cali,2023,70.0,0.9,4,0,447,1
CAL-01274,CALI,HURTO_PATRIMONIAL,Juzgado_Penal_Municipal_1_Cali,2021,70.0,1.35,4,1,413,0
CAL-01275,CALI,HURTO_PATRIMONIAL,Juzgado_Penal_Municipal_2_Cali,2024,70.0,1.15,5,0,550,1
CAL-01276,CALI,VIF,Comisaria_1_Familia_Cali,2024,70.0,1.25,9,0,274,0
CAL-01277,CALI,VIF,Juzgado_5_Familia_Cali,2024,70.0,0.95,4,0,383,1
CAL-01278,CALI,VIF,Juzgado_1_Familia_Cali,2021,70.0,1.45,4,1,630,1
CAL-01279,CALI,ALIMENTOS,Juzgado_4_Familia_Cali,2024,70.0,1.1,8,0,290,0
CAL-01280,CALI,ALIMENTOS,Juzgado_5_Familia_Cali,2024,70.0,0.95,1,0,438,1
CAL-01281,CALI,ALIMENTOS,Juzgado_Penal_Municipal_2_Cali,2022,70.0,1.15,9,1,688,1
CAL-01282,CALI,ALIMENTOS,Juzgado_Penal_Municipal_2_Cali,2023,70.0,1.15,3,1,655,1
CAL-01283,CALI,HURTO_PATRIMONIAL,Juzgado_Penal_Municipal_2_Cali,2022,70.0,1.15,2,0,510,1
CAL-01284,CALI,VIF,Juzgado_4_Familia_Cali,2023,70.0,1.1,3,0,392,1
CAL-01285,CALI,VIF,Juzgado_Penal_Municipal_1_Cali,2024,70.0,1.35,5,1,648,1
CAL-01286,CALI,ALIMENTOS,Juzgado_Penal_Municipal_1_Cali,2023,70.0,1.35,5,0,581,1
CAL-01287,CALI,HURTO_PATRIMONIAL,Juzgado_3_Familia_Cali,2023,70.0,1.2,9,0,639,1
CAL-01288,CALI,HURTO_PATRIMONIAL,Comisaria_3_Familia_Cali,2022,70.0,0.9,3,0,456,1
CAL-01289,CALI,VIF,Comisaria_3_Familia_Cali,2022,70.0,0.9,4,0,277,0
CAL-01290,CALI,VIF,Juzgado_2_Familia_Cali,2020,70.0,1.3,10,0,521,1
CAL-01291,CALI,VIF,Juzgado_3_Familia_Cali,2021,70.0,1.2,4,0,435,1
CAL-01292,CALI,VIF,Juzgado_3_Familia_Cali,2020,70.0,1.2,8,0,363,0
CAL-01293,CALI,ALIMENTOS,Juzgado_1_Familia_Cali,2022,70.0,1.45,2,0,561,1
CAL-01294,CALI,VIF,Juzgado_4_Familia_Cali,2023,70.0,1.1,1,0,414,1
CAL-01295,CALI,ALIMENTOS,Comisaria_3_Familia_Cali,2022,70.0,0.9,7,1,430,0
CAL-01296,CALI,VIF,Juzgado_2_Familia_Cali,2023,70.0,1.3,2,0,445,1
CAL-01297,CALI,HURTO_PATRIMONIAL,Juzgado_4_Familia_Cali,2022,70.0,1.1,7,1,699,1
CAL-01298,CALI,ALIMENTOS,Juzgado_Penal_Municipal_2_Cali,2023,70.0,1.15,5,0,514,1
CAL-01299,CALI,ALIMENTOS,Juzgado_Penal_Municipal_2_Cali,2021,70.0,1.15,2,0,493,1
CAL-01300,CALI,VIF,Juzgado_Penal_Municipal_2_Cali,2022,70.0,1.15,6,0,453,1
CAL-01301,CALI,SUSTANCIAS,Juzgado_Penal_Municipal_2_Cali,2024,70.0,1.15,5,0,453,1
CAL-01302,CALI,ALIMENTOS,Juzgado_4_Familia_Cali,2024,70.0,1.1,7,0,522,1
CAL-01303,CALI,VIF,Juzgado_Penal_Municipal_1_Cali,2023,70.0,1.35,2,0,422,1
CAL-01304,CALI,VIF,Juzgado_Penal_Municipal_1_Cali,2023,70.0,1.35,9,0,530,1
CAL-01305,CALI,ALIMENTOS,Juzgado_3_Familia_Cali,2023,70.0,1.2,6,1,661,1
CAL-01306,CALI,ALIMENTOS,Juzgado_Penal_Municipal_2_Cali,2023,70.0,1.15,6,0,538,1
CAL-01307,CALI,SUSTANCIAS,Comisaria_2_Familia_Cali,2024,70.0,1.1,5,0,460,1
CAL-01308,CALI,VIF,Juzgado_4_Familia_Cali,2024,70.0,1.1,1,0,415,1
CAL-01309,CALI,SUSTANCIAS,Comisaria_1_Familia_Cali,2023,70.0,1.25,3,1,606,1
CAL-01310,CALI,VIF,Juzgado_Penal_Municipal_1_Cali,2020,70.0,1.35,3,0,447,1
CAL-01311,CALI,SUSTANCIAS,Juzgado_Penal_Municipal_2_Cali,2022,70.0,1.15,2,0,412,1
CAL-01312,CALI,ALIMENTOS,Comisaria_1_Familia_Cali,2020,70.0,1.25,3,1,661,1
CAL-01313,CALI,VIF,Juzgado_5_Familia_Cali,2024,70.0,0.95,3,1,541,1
CAL-01314,CALI,ALIMENTOS,Juzgado_3_Familia_Cali,2022,70.0,1.2,1,0,473,1
CAL-01315,CALI,VIF,Comisaria_2_Familia_Cali,2023,70.0,1.1,11,0,477,1
CAL-01316,CALI,ALIMENTOS,Juzgado_4_Familia_Cali,2023,70.0,1.1,3,1,636,1
CAL-01317,CALI,ALIMENTOS,Juzgado_3_Familia_Cali,2023,70.0,1.2,3,0,458,1
CAL-01318,CALI,SUSTANCIAS,Juzgado_Penal_Municipal_1_Cali,2021,70.0,1.35,12,0,481,0
CAL-01319,CALI,VIF,Juzgado_Penal_Municipal_1_Cali,2022,70.0,1.35,1,0,421,1
CAL-01320,CALI,VIF,Comisaria_1_Familia_Cali,2022,70.0,1.25,8,0,459,1
CAL-01321,CALI,ALIMENTOS,Juzgado_1_Familia_Cali,2021,70.0,1.45,11,0,499,0
CAL-01322,CALI,HURTO_PATRIMONIAL,Juzgado_4_Familia_Cali,2024,70.0,1.1,4,1,669,1
CAL-01323,CALI,ALIMENTOS,Juzgado_4_Familia_Cali,2023,70.0,1.1,6,1,675,1
CAL-01324,CALI,VIF,Juzgado_1_Familia_Cali,2021,70.0,1.45,7,1,663,1
CAL-01325,CALI,VIF,Juzgado_Penal_Municipal_2_Cali,2023,70.0,1.15,7,0,441,1
CAL-01326,CALI,ALIMENTOS,Juzgado_4_Familia_Cali,2024,70.0,1.1,3,0,465,1
CAL-01327,CALI,VIF,Juzgado_4_Familia_Cali,2023,70.0,1.1,8,0,445,1
CAL-01328,CALI,SUSTANCIAS,Juzgado_4_Familia_Cali,2023,70.0,1.1,8,0,376,0
CAL-01329,CALI,SUSTANCIAS,Juzgado_4_Familia_Cali,2020,70.0,1.1,3,0,261,0
CAL-01330,CALI,SUSTANCIAS,Juzgado_3_Familia_Cali,2020,70.0,1.2,4,0,444,1
CAL-01331,CALI,VIF,Juzgado_3_Familia_Cali,2020,70.0,1.2,7,0,464,1
CAL-01332,CALI,VIF,Juzgado_3_Familia_Cali,2023,70.0,1.2,1,0,382,1
CAL-01333,CALI,HURTO_PATRIMONIAL,Juzgado_3_Familia_Cali,2023,70.0,1.2,3,1,710,1
CAL-01334,CALI,VIF,Juzgado_Penal_Municipal_1_Cali,2024,70.0,1.35,5,0,488,1
CAL-01335,CALI,ALIMENTOS,Juzgado_1_Familia_Cali,2023,70.0,1.45,3,1,705,1
CAL-01336,CALI,VIF,Comisaria_2_Familia_Cali,2021,70.0,1.1,6,0,410,1
CAL-01337,CALI,HURTO_PATRIMONIAL,Juzgado_2_Familia_Cali,2022,70.0,1.3,2,0,557,1
CAL-01338,CALI,VIF,Juzgado_5_Familia_Cali,2023,70.0,0.95,1,0,348,1
CAL-01339,CALI,ALIMENTOS,Comisaria_1_Familia_Cali,2021,70.0,1.25,2,1,303,0
CAL-01340,CALI,SUSTANCIAS,Comisaria_3_Familia_Cali,2024,70.0,0.9,5,0,201,0
CAL-01341,CALI,HURTO_PATRIMONIAL,Juzgado_3_Familia_Cali,2023,70.0,1.2,9,0,615,1
CAL-01342,CALI,ALIMENTOS,Juzgado_5_Familia_Cali,2020,70.0,0.95,6,0,376,0
CAL-01343,CALI,ALIMENTOS,Juzgado_4_Familia_Cali,2024,70.0,1.1,3,0,470,1
CAL-01344,CALI,VIF,Juzgado_Penal_Municipal_2_Cali,2024,70.0,1.15,3,0,268,0
CAL-01345,CALI,HURTO_PATRIMONIAL,Comisaria_1_Familia_Cali,2024,70.0,1.25,11,0,347,0
CAL-01346,CALI,HURTO_PATRIMONIAL,Comisaria_2_Familia_Cali,2024,70.0,1.1,2,0,558,1
CAL-01347,CALI,ALIMENTOS,Comisaria_1_Familia_Cali,2022,70.0,1.25,3,1,687,1
CAL-01348,CALI,SUSTANCIAS,Juzgado_1_Familia_Cali,2021,70.0,1.45,2,0,480,1
CAL-01349,CALI,ALIMENTOS,Comisaria_1_Familia_Cali,2023,70.0,1.25,8,0,296,0
CAL-01350,CALI,VIF,Comisaria_1_Familia_Cali,2023,70.0,1.25,5,0,448,1
CAL-01351,CALI,SUSTANCIAS,Comisaria_3_Familia_Cali,2024,70.0,0.9,1,0,351,1
CAL-01352,CALI,VIF,Juzgado_4_Familia_Cali,2022,70.0,1.1,6,1,440,0
CAL-01353,CALI,VIF,Juzgado_3_Familia_Cali,2024,70.0,1.2,8,0,493,1
CAL-01354,CALI,ALIMENTOS,Juzgado_4_Familia_Cali,2023,70.0,1.1,5,0,521,1
CAL-01355,CALI,SUSTANCIAS,Juzgado_1_Familia_Cali,2023,70.0,1.45,3,0,506,1
CAL-01356,CALI,VIF,Juzgado_2_Familia_Cali,2024,70.0,1.3,5,0,457,1
CAL-01357,CALI,ALIMENTOS,Juzgado_2_Familia_Cali,2021,70.0,1.3,12,1,378,0
CAL-01358,CALI,VIF,Juzgado_2_Familia_Cali,2023,70.0,1.3,4,0,440,1
CAL-01359,CALI,SUSTANCIAS,Juzgado_5_Familia_Cali,2021,70.0,0.95,1,1,555,1
CAL-01360,CALI,VIF,Comisaria_2_Familia_Cali,2024,70.0,1.1,3,1,370,0
CAL-01361,CALI,HURTO_PATRIMONIAL,Juzgado_2_Familia_Cali,2022,70.0,1.3,3,0,600,1
CAL-01362,CALI,VIF,Juzgado_Penal_Municipal_2_Cali,2022,70.0,1.15,4,0,419,1
CAL-01363,CALI,SUSTANCIAS,Juzgado_4_Familia_Cali,2023,70.0,1.1,2,0,412,1
CAL-01364,CALI,ALIMENTOS,Juzgado_2_Familia_Cali,2024,70.0,1.3,2,0,523,1
CAL-01365,CALI,HURTO_PATRIMONIAL,Juzgado_5_Familia_Cali,2024,70.0,0.95,1,1,534,0
CAL-01366,CALI,VIF,Juzgado_1_Familia_Cali,2021,70.0,1.45,6,1,638,1
CAL-01367,CALI,ALIMENTOS,Juzgado_2_Familia_Cali,2023,70.0,1.3,9,1,471,0
CAL-01368,CALI,ALIMENTOS,Juzgado_Penal_Municipal_1_Cali,2023,70.0,1.35,4,0,573,1
CAL-01369,CALI,VIF,Juzgado_5_Familia_Cali,2024,70.0,0.95,6,1,560,1
CAL-01370,CALI,HURTO_PATRIMONIAL,Comisaria_1_Familia_Cali,2020,70.0,1.25,9,1,616,0
CAL-01371,CALI,HURTO_PATRIMONIAL,Comisaria_2_Familia_Cali,2024,70.0,1.1,6,1,716,1
CAL-01372,CALI,VIF,Juzgado_Penal_Municipal_2_Cali,2022,70.0,1.15,7,0,468,1
CAL-01373,CALI,ALIMENTOS,Juzgado_4_Familia_Cali,2023,70.0,1.1,9,0,533,1
CAL-01374,CALI,HURTO_PATRIMONIAL,Juzgado_2_Familia_Cali,2021,70.0,1.3,1,1,708,1
CAL-01375,CALI,HURTO_PATRIMONIAL,Juzgado_Penal_Municipal_1_Cali,2022,70.0,1.35,4,1,431,0
CAL-01376,CALI,ALIMENTOS,Juzgado_Penal_Municipal_1_Cali,2022,70.0,1.35,4,0,538,1
CAL-01377,CALI,ALIMENTOS,Juzgado_1_Familia_Cali,2022,70.0,1.45,1,1,706,1
CAL-01378,CALI,VIF,Juzgado_2_Familia_Cali,2022,70.0,1.3,12,1,683,1
CAL-01379,CALI,HURTO_PATRIMONIAL,Juzgado_1_Familia_Cali,2024,70.0,1.45,7,0,391,0
CAL-01380,CALI,VIF,Juzgado_2_Familia_Cali,2024,70.0,1.3,8,0,497,1
CAL-01381,CALI,SUSTANCIAS,Juzgado_5_Familia_Cali,2024,70.0,0.95,8,0,464,1
CAL-01382,CALI,ALIMENTOS,Juzgado_1_Familia_Cali,2024,70.0,1.45,2,0,542,1
CAL-01383,CALI,ALIMENTOS,Juzgado_3_Familia_Cali,2023,70.0,1.2,1,1,647,1
CAL-01384,CALI,SUSTANCIAS,Juzgado_Penal_Municipal_1_Cali,2021,70.0,1.35,1,1,638,1
CAL-01385,CALI,ALIMENTOS,Comisaria_3_Familia_Cali,2024,70.0,0.9,3,1,605,1
CAL-01386,CALI,ALIMENTOS,Juzgado_3_Familia_Cali,2023,70.0,1.2,4,1,681,1
CAL-01387,CALI,SUSTANCIAS,Comisaria_2_Familia_Cali,2022,70.0,1.1,2,1,610,1
CAL-01388,CALI,ALIMENTOS,Juzgado_Penal_Municipal_1_Cali,2020,70.0,1.35,11,1,616,0
CAL-01389,CALI,VIF,Juzgado_Penal_Municipal_2_Cali,2020,70.0,1.15,3,1,563,1
CAL-01390,CALI,ALIMENTOS,Comisaria_2_Familia_Cali,2021,70.0,1.1,10,0,572,1
CAL-01391,CALI,VIF,Comisaria_3_Familia_Cali,2024,70.0,0.9,3,0,349,1
CAL-01392,CALI,ALIMENTOS,Juzgado_5_Familia_Cali,2020,70.0,0.95,7,1,625,1
CAL-01393,CALI,VIF,Juzgado_1_Familia_Cali,2023,70.0,1.45,2,0,455,1
CAL-01394,CALI,VIF,Comisaria_2_Familia_Cali,2021,70.0,1.1,4,0,435,1
CAL-01395,CALI,ALIMENTOS,Juzgado_1_Familia_Cali,2023,70.0,1.45,2,0,291,0
CAL-01396,CALI,ALIMENTOS,Comisaria_2_Familia_Cali,2022,70.0,1.1,5,0,514,1
CAL-01397,CALI,HURTO_PATRIMONIAL,Juzgado_Penal_Municipal_1_Cali,2024,70.0,1.35,9,0,658,1
CAL-01398,CALI,ALIMENTOS,Juzgado_Penal_Municipal_2_Cali,2023,70.0,1.15,2,0,505,1
CAL-01399,CALI,VIF,Juzgado_3_Familia_Cali,2021,70.0,1.2,8,0,478,1
CAL-01400,CALI,VIF,Juzgado_4_Familia_Cali,2021,70.0,1.1,20,0,560,1
CAL-01401,CALI,SUSTANCIAS,Comisaria_1_Familia_Cali,2023,70.0,1.25,3,0,464,1
CAL-01402,CALI,ALIMENTOS,Juzgado_2_Familia_Cali,2023,70.0,1.3,6,0,570,1
CAL-01403,CALI,ALIMENTOS,Juzgado_Penal_Municipal_2_Cali,2023,70.0,1.15,5,1,684,1
CAL-01404,CALI,HURTO_PATRIMONIAL,Juzgado_Penal_Municipal_1_Cali,2024,70.0,1.35,7,0,635,1
CAL-01405,CALI,ALIMENTOS,Comisaria_3_Familia_Cali,2023,70.0,0.9,2,0,439,1
CAL-01406,CALI,VIF,Juzgado_1_Familia_Cali,2024,70.0,1.45,4,0,484,1
CAL-01407,CALI,ALIMENTOS,Comisaria_3_Familia_Cali,2020,70.0,0.9,3,1,566,1
CAL-01408,CALI,ALIMENTOS,Juzgado_Penal_Municipal_1_Cali,2021,70.0,1.35,3,1,702,1
CAL-01409,CALI,ALIMENTOS,Juzgado_5_Familia_Cali,2022,70.0,0.95,2,1,585,1
CAL-01410,CALI,VIF,Comisaria_2_Familia_Cali,2021,70.0,1.1,2,0,414,1
CAL-01411,CALI,VIF,Juzgado_5_Familia_Cali,2021,70.0,0.95,9,0,420,1
CAL-01412,CALI,ALIMENTOS,Juzgado_5_Familia_Cali,2024,70.0,0.95,7,1,549,0
CAL-01413,CALI,ALIMENTOS,Juzgado_Penal_Municipal_2_Cali,2023,70.0,1.15,8,0,534,1
CAL-01414,CALI,HURTO_PATRIMONIAL,Comisaria_3_Familia_Cali,2021,70.0,0.9,1,0,284,0
CAL-01415,CALI,ALIMENTOS,Juzgado_1_Familia_Cali,2022,70.0,1.45,2,1,438,0
CAL-01416,CALI,ALIMENTOS,Comisaria_1_Familia_Cali,2024,70.0,1.25,8,0,581,1
CAL-01417,CALI,VIF,Juzgado_2_Familia_Cali,2020,70.0,1.3,4,0,440,1
CAL-01418,CALI,VIF,Comisaria_3_Familia_Cali,2022,70.0,0.9,3,0,368,1
CAL-01419,CALI,ALIMENTOS,Juzgado_2_Familia_Cali,2022,70.0,1.3,4,1,482,0
CAL-01420,CALI,ALIMENTOS,Juzgado_5_Familia_Cali,2022,70.0,0.95,3,0,439,1
CAL-01421,CALI,VIF,Comisaria_1_Familia_Cali,2024,70.0,1.25,6,0,257,0
CAL-01422,CALI,HURTO_PATRIMONIAL,Juzgado_3_Familia_Cali,2021,70.0,1.2,11,0,624,1
CAL-01423,CALI,ALIMENTOS,Juzgado_Penal_Municipal_1_Cali,2022,70.0,1.35,2,0,520,1
CAL-01424,CALI,VIF,Juzgado_5_Familia_Cali,2024,70.0,0.95,2,0,372,1
CAL-01425,CALI,ALIMENTOS,Juzgado_1_Familia_Cali,2022,70.0,1.45,5,0,618,1
CAL-01426,CALI,HURTO_PATRIMONIAL,Comisaria_2_Familia_Cali,2021,70.0,1.1,1,0,531,1
CAL-01427,CALI,ALIMENTOS,Juzgado_4_Familia_Cali,2024,70.0,1.1,2,0,492,1
CAL-01428,CALI,HURTO_PATRIMONIAL,Juzgado_4_Familia_Cali,2024,70.0,1.1,10,1,520,0
CAL-01429,CALI,SUSTANCIAS,Juzgado_5_Familia_Cali,2021,70.0,0.95,4,0,394,1
CAL-01430,CALI,VIF,Comisaria_2_Familia_Cali,2022,70.0,1.1,1,0,370,1
CAL-01431,CALI,HURTO_PATRIMONIAL,Comisaria_3_Familia_Cali,2023,70.0,0.9,13,0,542,1
CAL-01432,CALI,ALIMENTOS,Comisaria_3_Familia_Cali,2020,70.0,0.9,8,0,438,1
CAL-01433,CALI,ALIMENTOS,Comisaria_1_Familia_Cali,2024,70.0,1.25,9,1,720,1
CAL-01434,CALI,HURTO_PATRIMONIAL,Juzgado_Penal_Municipal_2_Cali,2023,70.0,1.15,3,1,708,1
CAL-01435,CALI,VIF,Juzgado_1_Familia_Cali,2024,70.0,1.45,7,0,522,1
CAL-01436,CALI,ALIMENTOS,Comisaria_3_Familia_Cali,2024,70.0,0.9,5,0,442,1
CAL-01437,CALI,SUSTANCIAS,Comisaria_3_Familia_Cali,2023,70.0,0.9,1,0,346,1
CAL-01438,CALI,VIF,Juzgado_Penal_Municipal_1_Cali,2022,70.0,1.35,6,1,649,1
CAL-01439,CALI,ALIMENTOS,Juzgado_3_Familia_Cali,2021,70.0,1.2,2,0,480,1
CAL-01440,CALI,ALIMENTOS,Juzgado_1_Familia_Cali,2024,70.0,1.45,7,0,500,0
CAL-01441,CALI,ALIMENTOS,Juzgado_2_Familia_Cali,2020,70.0,1.3,4,1,715,1
CAL-01442,CALI,ALIMENTOS,Juzgado_4_Familia_Cali,2023,70.0,1.1,1,0,427,1
CAL-01443,CALI,HURTO_PATRIMONIAL,Comisaria_3_Familia_Cali,2024,70.0,0.9,7,0,510,1
CAL-01444,CALI,ALIMENTOS,Juzgado_4_Familia_Cali,2024,70.0,1.1,3,0,511,1
CAL-01445,CALI,VIF,Comisaria_2_Familia_Cali,2023,70.0,1.1,4,0,391,1
CAL-01446,CALI,HURTO_PATRIMONIAL,Juzgado_5_Familia_Cali,2022,70.0,0.95,7,1,661,1
CAL-01447,CALI,ALIMENTOS,Comisaria_2_Familia_Cali,2024,70.0,1.1,5,0,519,1
CAL-01448,CALI,VIF,Juzgado_3_Familia_Cali,2024,70.0,1.2,8,0,297,0
CAL-01449,CALI,ALIMENTOS,Juzgado_Penal_Municipal_1_Cali,2023,70.0,1.35,4,1,700,1
CAL-01450,CALI,ALIMENTOS,Juzgado_Penal_Municipal_1_Cali,2022,70.0,1.35,1,0,522,1
CAL-01451,CALI,SUSTANCIAS,Comisaria_1_Familia_Cali,2023,70.0,1.25,3,1,601,1
CAL-01452,CALI,VIF,Juzgado_1_Familia_Cali,2021,70.0,1.45,6,0,508,1
CAL-01453,CALI,VIF,Juzgado_1_Familia_Cali,2023,70.0,1.45,7,0,528,1
CAL-01454,CALI,VIF,Juzgado_Penal_Municipal_2_Cali,2022,70.0,1.15,5,0,438,1
CAL-01455,CALI,ALIMENTOS,Juzgado_Penal_Municipal_1_Cali,2024,70.0,1.35,9,1,559,0
CAL-01456,CALI,VIF,Comisaria_2_Familia_Cali,2023,70.0,1.1,2,0,404,1
CAL-01457,CALI,ALIMENTOS,Juzgado_3_Familia_Cali,2024,70.0,1.2,1,0,492,1
CAL-01458,CALI,VIF,Juzgado_2_Familia_Cali,2022,70.0,1.3,5,0,442,1
CAL-01459,CALI,VIF,Juzgado_2_Familia_Cali,2024,70.0,1.3,2,0,441,1
CAL-01460,CALI,ALIMENTOS,Juzgado_5_Familia_Cali,2022,70.0,0.95,5,1,612,1
CAL-01461,CALI,ALIMENTOS,Comisaria_3_Familia_Cali,2023,70.0,0.9,6,1,645,1
CAL-01462,CALI,ALIMENTOS,Juzgado_1_Familia_Cali,2024,70.0,1.45,7,0,600,1
CAL-01463,CALI,VIF,Comisaria_2_Familia_Cali,2021,70.0,1.1,3,0,182,0
CAL-01464,CALI,SUSTANCIAS,Juzgado_1_Familia_Cali,2021,70.0,1.45,5,0,471,1
CAL-01465,CALI,HURTO_PATRIMONIAL,Comisaria_3_Familia_Cali,2024,70.0,0.9,4,1,623,1
CAL-01466,CALI,ALIMENTOS,Juzgado_1_Familia_Cali,2022,70.0,1.45,4,0,577,1
CAL-01467,CALI,ALIMENTOS,Juzgado_Penal_Municipal_1_Cali,2024,70.0,1.35,3,0,570,1
CAL-01468,CALI,VIF,Comisaria_1_Familia_Cali,2023,70.0,1.25,4,1,600,1
CAL-01469,CALI,VIF,Juzgado_3_Familia_Cali,2024,70.0,1.2,5,0,441,1
CAL-01470,CALI,ALIMENTOS,Juzgado_2_Familia_Cali,2023,70.0,1.3,9,0,597,1
CAL-01471,CALI,ALIMENTOS,Juzgado_Penal_Municipal_2_Cali,2021,70.0,1.15,3,1,323,0
CAL-01472,CALI,VIF,Juzgado_1_Familia_Cali,2023,70.0,1.45,13,0,569,1
CAL-01473,CALI,VIF,Juzgado_Penal_Municipal_2_Cali,2023,70.0,1.15,1,0,338,0
CAL-01474,CALI,VIF,Juzgado_4_Familia_Cali,2024,70.0,1.1,1,0,390,1
CAL-01475,CALI,VIF,Comisaria_2_Familia_Cali,2021,70.0,1.1,2,0,249,0
CAL-01476,CALI,VIF,Juzgado_4_Familia_Cali,2024,70.0,1.1,2,0,395,1
CAL-01477,CALI,ALIMENTOS,Juzgado_5_Familia_Cali,2024,70.0,0.95,9,0,514,1
CAL-01478,CALI,ALIMENTOS,Juzgado_4_Familia_Cali,2023,70.0,1.1,3,0,472,1
CAL-01479,CALI,VIF,Comisaria_1_Familia_Cali,2022,70.0,1.25,3,0,438,1
CAL-01480,CALI,ALIMENTOS,Juzgado_3_Familia_Cali,2024,70.0,1.2,1,0,366,0
CAL-01481,CALI,SUSTANCIAS,Juzgado_Penal_Municipal_1_Cali,2023,70.0,1.35,11,0,295,0
CAL-01482,CALI,VIF,Comisaria_1_Familia_Cali,2024,70.0,1.25,4,1,581,1
CAL-01483,CALI,ALIMENTOS,Juzgado_5_Familia_Cali,2021,70.0,0.95,11,0,510,1
CAL-01484,CALI,VIF,Juzgado_4_Familia_Cali,2024,70.0,1.1,3,0,381,1
CAL-01485,CALI,HURTO_PATRIMONIAL,Comisaria_2_Familia_Cali,2020,70.0,1.1,1,0,297,0
CAL-01486,CALI,ALIMENTOS,Juzgado_5_Familia_Cali,2021,70.0,0.95,9,0,493,1
CAL-01487,CALI,VIF,Comisaria_1_Familia_Cali,2022,70.0,1.25,5,0,437,1
CAL-01488,CALI,VIF,Juzgado_Penal_Municipal_1_Cali,2023,70.0,1.35,8,0,479,1
CAL-01489,CALI,HURTO_PATRIMONIAL,Comisaria_1_Familia_Cali,2021,70.0,1.25,7,0,607,1
CAL-01490,CALI,ALIMENTOS,Comisaria_1_Familia_Cali,2021,70.0,1.25,1,0,516,1
CAL-01491,CALI,ALIMENTOS,Juzgado_5_Familia_Cali,2020,70.0,0.95,9,1,635,1
CAL-01492,CALI,VIF,Juzgado_3_Familia_Cali,2024,70.0,1.2,7,0,471,1
CAL-01493,CALI,ALIMENTOS,Juzgado_Penal_Municipal_1_Cali,2022,70.0,1.35,11,0,614,1
CAL-01494,CALI,VIF,Juzgado_4_Familia_Cali,2022,70.0,1.1,4,0,430,1
CAL-01495,CALI,HURTO_PATRIMONIAL,Juzgado_3_Familia_Cali,2020,70.0,1.2,2,0,261,0
CAL-01496,CALI,ALIMENTOS,Juzgado_Penal_Municipal_1_Cali,2024,70.0,1.35,8,0,296,0
CAL-01497,CALI,VIF,Juzgado_5_Familia_Cali,2023,70.0,0.95,4,1,567,1
CAL-01498,CALI,VIF,Juzgado_Penal_Municipal_2_Cali,2024,70.0,1.15,3,0,438,1
CAL-01499,CALI,HURTO_PATRIMONIAL,Juzgado_1_Familia_Cali,2021,70.0,1.45,3,0,630,1
CAL-01500,CALI,ALIMENTOS,Comisaria_2_Familia_Cali,2022,70.0,1.1,1,0,309,0
CAL-01501,CALI,HURTO_PATRIMONIAL,Juzgado_3_Familia_Cali,2024,70.0,1.2,4,0,487,0
CAL-01502,CALI,ALIMENTOS,Comisaria_3_Familia_Cali,2021,70.0,0.9,3,0,426,1
CAL-01503,CALI,HURTO_PATRIMONIAL,Juzgado_5_Familia_Cali,2021,70.0,0.95,3,0,467,1
CAL-01504,CALI,ALIMENTOS,Comisaria_1_Familia_Cali,2023,70.0,1.25,6,0,532,1
CAL-01505,CALI,VIF,Juzgado_Penal_Municipal_1_Cali,2023,70.0,1.35,3,0,447,1
CAL-01506,CALI,VIF,Juzgado_Penal_Municipal_2_Cali,2024,70.0,1.15,2,1,572,1
CAL-01507,CALI,VIF,Comisaria_1_Familia_Cali,2022,70.0,1.25,2,0,450,1
CAL-01508,CALI,ALIMENTOS,Juzgado_Penal_Municipal_2_Cali,2024,70.0,1.15,1,1,645,1
CAL-01509,CALI,VIF,Juzgado_Penal_Municipal_2_Cali,2024,70.0,1.15,1,0,411,1
CAL-01510,CALI,ALIMENTOS,Juzgado_3_Familia_Cali,2024,70.0,1.2,12,1,343,0
CAL-01511,CALI,ALIMENTOS,Juzgado_1_Familia_Cali,2021,70.0,1.45,3,0,575,1
CAL-01512,CALI,ALIMENTOS,Juzgado_Penal_Municipal_1_Cali,2021,70.0,1.35,8,0,594,1
CAL-01513,CALI,ALIMENTOS,Juzgado_4_Familia_Cali,2023,70.0,1.1,13,0,549,1
CAL-01514,CALI,SUSTANCIAS,Juzgado_1_Familia_Cali,2021,70.0,1.45,5,0,532,1
CAL-01515,CALI,ALIMENTOS,Juzgado_2_Familia_Cali,2021,70.0,1.3,4,0,538,1
CAL-01516,CALI,ALIMENTOS,Juzgado_4_Familia_Cali,2020,70.0,1.1,11,0,527,1
CAL-01517,CALI,VIF,Juzgado_1_Familia_Cali,2021,70.0,1.45,4,0,510,1
CAL-01518,CALI,ALIMENTOS,Juzgado_4_Familia_Cali,2022,70.0,1.1,2,1,627,1
CAL-01519,CALI,HURTO_PATRIMONIAL,Comisaria_3_Familia_Cali,2024,70.0,0.9,4,0,284,0
CAL-01520,CALI,VIF,Juzgado_3_Familia_Cali,2021,70.0,1.2,6,0,406,1
CAL-01521,CALI,VIF,Juzgado_Penal_Municipal_1_Cali,2024,70.0,1.35,2,0,379,0
CAL-01522,CALI,ALIMENTOS,Juzgado_4_Familia_Cali,2023,70.0,1.1,4,1,662,1
CAL-01523,CALI,VIF,Juzgado_Penal_Municipal_1_Cali,2024,70.0,1.35,5,1,652,1
CAL-01524,CALI,VIF,Juzgado_1_Familia_Cali,2024,70.0,1.45,2,0,473,1
CAL-01525,CALI,ALIMENTOS,Juzgado_1_Familia_Cali,2021,70.0,1.45,5,0,583,1
CAL-01526,CALI,HURTO_PATRIMONIAL,Juzgado_5_Familia_Cali,2024,70.0,0.95,10,1,707,1
CAL-01527,CALI,ALIMENTOS,Juzgado_5_Familia_Cali,2023,70.0,0.95,6,0,509,1
CAL-01528,CALI,VIF,Juzgado_Penal_Municipal_1_Cali,2021,70.0,1.35,4,0,446,1
CAL-01529,CALI,VIF,Juzgado_Penal_Municipal_2_Cali,2022,70.0,1.15,4,0,447,1
CAL-01530,CALI,ALIMENTOS,Juzgado_4_Familia_Cali,2020,70.0,1.1,3,0,482,1
CAL-01531,CALI,VIF,Comisaria_3_Familia_Cali,2024,70.0,0.9,13,0,475,1
CAL-01532,CALI,VIF,Juzgado_Penal_Municipal_1_Cali,2024,70.0,1.35,1,1,595,1
CAL-01533,CALI,HURTO_PATRIMONIAL,Comisaria_1_Familia_Cali,2024,70.0,1.25,4,0,298,0
CAL-01534,CALI,ALIMENTOS,Juzgado_1_Familia_Cali,2023,70.0,1.45,5,0,617,1
CAL-01535,CALI,VIF,Comisaria_1_Familia_Cali,2020,70.0,1.25,8,0,469,1
CAL-01536,CALI,ALIMENTOS,Juzgado_Penal_Municipal_1_Cali,2024,70.0,1.35,7,0,311,0
CAL-01537,CALI,ALIMENTOS,Juzgado_1_Familia_Cali,2022,70.0,1.45,3,1,341,0
CAL-01538,CALI,HURTO_PATRIMONIAL,Juzgado_2_Familia_Cali,2023,70.0,1.3,5,0,581,1
CAL-01539,CALI,SUSTANCIAS,Juzgado_Penal_Municipal_1_Cali,2024,70.0,1.35,3,0,233,0
CAL-01540,CALI,ALIMENTOS,Juzgado_2_Familia_Cali,2021,70.0,1.3,4,1,678,1
CAL-01541,CALI,HURTO_PATRIMONIAL,Juzgado_Penal_Municipal_1_Cali,2023,70.0,1.35,2,0,594,1
CAL-01542,CALI,VIF,Juzgado_4_Familia_Cali,2024,70.0,1.1,19,0,545,1
CAL-01543,CALI,ALIMENTOS,Juzgado_Penal_Municipal_2_Cali,2024,70.0,1.15,6,0,549,1
CAL-01544,CALI,HURTO_PATRIMONIAL,Juzgado_5_Familia_Cali,2022,70.0,0.95,2,0,450,1
CAL-01545,CALI,VIF,Juzgado_4_Familia_Cali,2023,70.0,1.1,3,0,399,1
CAL-01546,CALI,VIF,Juzgado_1_Familia_Cali,2022,70.0,1.45,8,0,502,1
CAL-01547,CALI,VIF,Juzgado_4_Familia_Cali,2024,70.0,1.1,1,1,540,1
CAL-01548,CALI,ALIMENTOS,Juzgado_5_Familia_Cali,2024,70.0,0.95,3,1,485,0
CAL-01549,CALI,ALIMENTOS,Juzgado_Penal_Municipal_2_Cali,2022,70.0,1.15,9,0,515,1
CAL-01550,CALI,VIF,Juzgado_1_Familia_Cali,2023,70.0,1.45,3,0,466,1
CAL-01551,CALI,ALIMENTOS,Comisaria_2_Familia_Cali,2022,70.0,1.1,4,1,369,0
CAL-01552,CALI,SUSTANCIAS,Comisaria_1_Familia_Cali,2023,70.0,1.25,2,0,437,1
CAL-01553,CALI,ALIMENTOS,Juzgado_2_Familia_Cali,2021,70.0,1.3,4,1,684,1
CAL-01554,CALI,ALIMENTOS,Juzgado_1_Familia_Cali,2024,70.0,1.45,1,0,590,1
CAL-01555,CALI,ALIMENTOS,Juzgado_Penal_Municipal_2_Cali,2020,70.0,1.15,14,1,710,1
CAL-01556,CALI,SUSTANCIAS,Juzgado_3_Familia_Cali,2024,70.0,1.2,6,0,467,1
CAL-01557,CALI,ALIMENTOS,Juzgado_2_Familia_Cali,2022,70.0,1.3,9,1,705,1
CAL-01558,CALI,VIF,Comisaria_2_Familia_Cali,2020,70.0,1.1,2,0,382,1
CAL-01559,CALI,VIF,Comisaria_2_Familia_Cali,2023,70.0,1.1,3,1,536,1
CAL-01560,CALI,VIF,Comisaria_1_Familia_Cali,2024,70.0,1.25,5,0,258,0
CAL-01561,CALI,ALIMENTOS,Juzgado_Penal_Municipal_2_Cali,2024,70.0,1.15,5,0,507,1
CAL-01562,CALI,VIF,Juzgado_Penal_Municipal_1_Cali,2021,70.0,1.35,8,0,503,1
CAL-01563,CALI,ALIMENTOS,Comisaria_1_Familia_Cali,2023,70.0,1.25,3,0,519,1
CAL-01564,CALI,VIF,Juzgado_Penal_Municipal_1_Cali,2022,70.0,1.35,9,0,499,1
CAL-01565,CALI,ALIMENTOS,Juzgado_3_Familia_Cali,2021,70.0,1.2,4,0,507,1
CAL-01566,CALI,SUSTANCIAS,Juzgado_4_Familia_Cali,2021,70.0,1.1,7,1,616,1
CAL-01567,CALI,VIF,Juzgado_Penal_Municipal_2_Cali,2020,70.0,1.15,1,0,380,1
CAL-01568,CALI,VIF,Comisaria_3_Familia_Cali,2021,70.0,0.9,1,0,332,1
CAL-01569,CALI,HURTO_PATRIMONIAL,Juzgado_5_Familia_Cali,2022,70.0,0.95,6,0,510,1
CAL-01570,CALI,SUSTANCIAS,Juzgado_Penal_Municipal_1_Cali,2023,70.0,1.35,1,0,446,1
CAL-01571,CALI,ALIMENTOS,Comisaria_2_Familia_Cali,2024,70.0,1.1,1,1,611,1
CAL-01572,CALI,ALIMENTOS,Comisaria_1_Familia_Cali,2024,70.0,1.25,1,1,657,1
CAL-01573,CALI,VIF,Juzgado_Penal_Municipal_2_Cali,2024,70.0,1.15,4,1,587,1
CAL-01574,CALI,VIF,Comisaria_2_Familia_Cali,2024,70.0,1.1,2,1,561,1
CAL-01575,CALI,ALIMENTOS,Juzgado_4_Familia_Cali,2021,70.0,1.1,6,0,504,1
CAL-01576,CALI,ALIMENTOS,Juzgado_2_Familia_Cali,2024,70.0,1.3,6,0,587,1
CAL-01577,CALI,ALIMENTOS,Comisaria_3_Familia_Cali,2022,70.0,0.9,4,0,420,1
CAL-01578,CALI,VIF,Juzgado_4_Familia_Cali,2023,70.0,1.1,1,1,545,1
CAL-01579,CALI,VIF,Comisaria_3_Familia_Cali,2022,70.0,0.9,4,0,359,1
CAL-01580,CALI,VIF,Juzgado_Penal_Municipal_2_Cali,2022,70.0,1.15,3,0,414,1
CAL-01581,CALI,SUSTANCIAS,Comisaria_2_Familia_Cali,2023,70.0,1.1,2,1,561,1
CAL-01582,CALI,SUSTANCIAS,Comisaria_3_Familia_Cali,2022,70.0,0.9,1,0,368,1
CAL-01583,CALI,ALIMENTOS,Juzgado_5_Familia_Cali,2023,70.0,0.95,3,0,458,1
CAL-01584,CALI,ALIMENTOS,Juzgado_4_Familia_Cali,2024,70.0,1.1,10,0,566,1
CAL-01585,CALI,VIF,Juzgado_2_Familia_Cali,2020,70.0,1.3,2,0,455,1
CAL-01586,CALI,VIF,Juzgado_5_Familia_Cali,2022,70.0,0.95,15,0,488,1
CAL-01587,CALI,HURTO_PATRIMONIAL,Juzgado_Penal_Municipal_2_Cali,2023,70.0,1.15,1,1,663,1
CAL-01588,CALI,VIF,Juzgado_2_Familia_Cali,2022,70.0,1.3,3,0,463,1
CAL-01589,CALI,VIF,Juzgado_Penal_Municipal_1_Cali,2023,70.0,1.35,6,0,484,1
CAL-01590,CALI,HURTO_PATRIMONIAL,Juzgado_1_Familia_Cali,2021,70.0,1.45,4,0,653,1
CAL-01591,CALI,HURTO_PATRIMONIAL,Juzgado_5_Familia_Cali,2024,70.0,0.95,7,1,687,1
CAL-01592,CALI,ALIMENTOS,Juzgado_Penal_Municipal_1_Cali,2023,70.0,1.35,4,0,557,1
CAL-01593,CALI,ALIMENTOS,Comisaria_3_Familia_Cali,2024,70.0,0.9,4,0,465,1
CAL-01594,CALI,HURTO_PATRIMONIAL,Comisaria_3_Familia_Cali,2024,70.0,0.9,10,1,646,1
CAL-01595,CALI,VIF,Comisaria_2_Familia_Cali,2023,70.0,1.1,3,0,409,1
CAL-01596,CALI,ALIMENTOS,Comisaria_3_Familia_Cali,2024,70.0,0.9,3,0,415,1
CAL-01597,CALI,VIF,Juzgado_4_Familia_Cali,2021,70.0,1.1,1,0,378,1
CAL-01598,CALI,VIF,Juzgado_5_Familia_Cali,2020,70.0,0.95,2,0,273,0
CAL-01599,CALI,ALIMENTOS,Juzgado_1_Familia_Cali,2024,70.0,1.45,14,0,684,1
CAL-01600,CALI,ALIMENTOS,Juzgado_Penal_Municipal_1_Cali,2022,70.0,1.35,2,1,718,1
CAL-01601,CALI,VIF,Juzgado_2_Familia_Cali,2021,70.0,1.3,3,0,437,1
CAL-01602,CALI,SUSTANCIAS,Comisaria_1_Familia_Cali,2022,70.0,1.25,6,1,632,1
CAL-01603,CALI,VIF,Juzgado_2_Familia_Cali,2024,70.0,1.3,9,0,303,0
CAL-01604,CALI,SUSTANCIAS,Juzgado_Penal_Municipal_1_Cali,2022,70.0,1.35,1,0,445,1
CAL-01605,CALI,HURTO_PATRIMONIAL,Comisaria_1_Familia_Cali,2022,70.0,1.25,7,1,655,0
CAL-01606,CALI,HURTO_PATRIMONIAL,Juzgado_2_Familia_Cali,2022,70.0,1.3,10,0,650,1
CAL-01607,CALI,ALIMENTOS,Juzgado_3_Familia_Cali,2020,70.0,1.2,2,0,489,1
CAL-01608,CALI,VIF,Comisaria_2_Familia_Cali,2024,70.0,1.1,2,0,390,1
CAL-01609,CALI,VIF,Juzgado_3_Familia_Cali,2023,70.0,1.2,11,0,500,1
CAL-01610,CALI,VIF,Comisaria_3_Familia_Cali,2024,70.0,0.9,11,0,439,1
CAL-01611,CALI,SUSTANCIAS,Comisaria_2_Familia_Cali,2024,70.0,1.1,5,0,318,0
CAL-01612,CALI,VIF,Comisaria_3_Familia_Cali,2023,70.0,0.9,3,0,368,1
CAL-01613,CALI,ALIMENTOS,Juzgado_Penal_Municipal_1_Cali,2024,70.0,1.35,8,0,582,1
CAL-01614,CALI,HURTO_PATRIMONIAL,Comisaria_3_Familia_Cali,2022,70.0,0.9,1,0,442,1
CAL-01615,CALI,VIF,Juzgado_Penal_Municipal_2_Cali,2023,70.0,1.15,11,0,459,1
CAL-01616,CALI,VIF,Juzgado_Penal_Municipal_2_Cali,2022,70.0,1.15,7,0,432,1
CAL-01617,CALI,ALIMENTOS,Juzgado_2_Familia_Cali,2022,70.0,1.3,4,0,553,1
CAL-01618,CALI,VIF,Juzgado_Penal_Municipal_2_Cali,2021,70.0,1.15,1,0,399,1
CAL-01619,CALI,VIF,Juzgado_2_Familia_Cali,2022,70.0,1.3,1,0,429,1
CAL-01620,CALI,VIF,Juzgado_Penal_Municipal_1_Cali,2024,70.0,1.35,10,0,522,1
CAL-01621,CALI,ALIMENTOS,Juzgado_Penal_Municipal_2_Cali,2023,70.0,1.15,2,1,499,0
CAL-01622,CALI,ALIMENTOS,Juzgado_Penal_Municipal_2_Cali,2023,70.0,1.15,11,0,548,1
CAL-01623,CALI,ALIMENTOS,Juzgado_1_Familia_Cali,2022,70.0,1.45,1,0,562,1
CAL-01624,CALI,VIF,Juzgado_4_Familia_Cali,2022,70.0,1.1,3,0,388,1
CAL-01625,CALI,HURTO_PATRIMONIAL,Juzgado_Penal_Municipal_2_Cali,2021,70.0,1.15,2,0,526,1
CAL-01626,CALI,ALIMENTOS,Juzgado_Penal_Municipal_1_Cali,2022,70.0,1.35,1,0,539,1
CAL-01627,CALI,SUSTANCIAS,Comisaria_3_Familia_Cali,2024,70.0,0.9,8,1,358,0
CAL-01628,CALI,SUSTANCIAS,Comisaria_3_Familia_Cali,2021,70.0,0.9,10,0,460,1
CAL-01629,CALI,ALIMENTOS,Juzgado_2_Familia_Cali,2022,70.0,1.3,7,1,717,1
CAL-01630,CALI,ALIMENTOS,Juzgado_1_Familia_Cali,2022,70.0,1.45,4,0,571,1
CAL-01631,CALI,ALIMENTOS,Juzgado_1_Familia_Cali,2024,70.0,1.45,4,0,614,1
CAL-01632,CALI,VIF,Juzgado_3_Familia_Cali,2021,70.0,1.2,1,0,394,1
CAL-01633,CALI,HURTO_PATRIMONIAL,Juzgado_1_Familia_Cali,2024,70.0,1.45,11,0,715,1
CAL-01634,CALI,ALIMENTOS,Comisaria_1_Familia_Cali,2024,70.0,1.25,2,0,544,1
CAL-01635,CALI,ALIMENTOS,Juzgado_5_Familia_Cali,2022,70.0,0.95,4,1,603,1
CAL-01636,CALI,HURTO_PATRIMONIAL,Comisaria_1_Familia_Cali,2024,70.0,1.25,8,1,695,0
CAL-01637,CALI,ALIMENTOS,Comisaria_3_Familia_Cali,2023,70.0,0.9,1,1,570,1
CAL-01638,CALI,VIF,Juzgado_1_Familia_Cali,2023,70.0,1.45,10,0,560,1
CAL-01639,CALI,VIF,Juzgado_1_Familia_Cali,2022,70.0,1.45,3,0,472,1
CAL-01640,CALI,HURTO_PATRIMONIAL,Juzgado_Penal_Municipal_2_Cali,2022,70.0,1.15,4,1,687,1
CAL-01641,CALI,VIF,Juzgado_3_Familia_Cali,2022,70.0,1.2,2,0,417,1
CAL-01642,CALI,HURTO_PATRIMONIAL,Juzgado_Penal_Municipal_2_Cali,2024,70.0,1.15,6,1,544,0
CAL-01643,CALI,VIF,Juzgado_5_Familia_Cali,2021,70.0,0.95,2,1,502,1
CAL-01644,CALI,VIF,Comisaria_3_Familia_Cali,2022,70.0,0.9,5,0,391,1
CAL-01645,CALI,HURTO_PATRIMONIAL,Juzgado_1_Familia_Cali,2023,70.0,1.45,6,1,501,0
CAL-01646,CALI,ALIMENTOS,Juzgado_2_Familia_Cali,2021,70.0,1.3,7,0,553,1
CAL-01647,CALI,ALIMENTOS,Juzgado_2_Familia_Cali,2023,70.0,1.3,4,0,546,1
CAL-01648,CALI,ALIMENTOS,Juzgado_1_Familia_Cali,2023,70.0,1.45,7,0,622,1
CAL-01649,CALI,ALIMENTOS,Juzgado_2_Familia_Cali,2021,70.0,1.3,5,1,548,0
CAL-01650,CALI,VIF,Juzgado_Penal_Municipal_2_Cali,2023,70.0,1.15,7,0,438,1
CAL-01651,CALI,VIF,Juzgado_4_Familia_Cali,2022,70.0,1.1,3,0,399,1
CAL-01652,CALI,ALIMENTOS,Comisaria_3_Familia_Cali,2022,70.0,0.9,6,1,456,0
CAL-01653,CALI,ALIMENTOS,Juzgado_Penal_Municipal_1_Cali,2024,70.0,1.35,1,1,663,1
CAL-01654,CALI,SUSTANCIAS,Juzgado_4_Familia_Cali,2024,70.0,1.1,1,0,416,1
CAL-01655,CALI,HURTO_PATRIMONIAL,Juzgado_Penal_Municipal_2_Cali,2022,70.0,1.15,3,1,696,1
CAL-01656,CALI,ALIMENTOS,Comisaria_3_Familia_Cali,2022,70.0,0.9,4,1,296,0
CAL-01657,CALI,ALIMENTOS,Comisaria_1_Familia_Cali,2021,70.0,1.25,8,0,553,1
CAL-01658,CALI,ALIMENTOS,Comisaria_1_Familia_Cali,2023,70.0,1.25,7,1,588,0
CAL-01659,CALI,VIF,Juzgado_3_Familia_Cali,2024,70.0,1.2,5,0,314,0
CAL-01660,CALI,VIF,Comisaria_3_Familia_Cali,2022,70.0,0.9,7,0,426,1
CAL-01661,CALI,VIF,Juzgado_Penal_Municipal_2_Cali,2023,70.0,1.15,4,0,412,1
CAL-01662,CALI,VIF,Comisaria_1_Familia_Cali,2023,70.0,1.25,4,0,445,1
CAL-01663,CALI,VIF,Comisaria_1_Familia_Cali,2020,70.0,1.25,3,1,563,1
CAL-01664,CALI,ALIMENTOS,Comisaria_3_Familia_Cali,2022,70.0,0.9,6,1,573,1
CAL-01665,CALI,VIF,Juzgado_Penal_Municipal_1_Cali,2022,70.0,1.35,4,0,467,1
CAL-01666,CALI,SUSTANCIAS,Juzgado_Penal_Municipal_1_Cali,2022,70.0,1.35,5,0,468,1
CAL-01667,CALI,ALIMENTOS,Juzgado_1_Familia_Cali,2023,70.0,1.45,2,0,570,1
CAL-01668,CALI,HURTO_PATRIMONIAL,Juzgado_3_Familia_Cali,2021,70.0,1.2,4,1,466,0
CAL-01669,CALI,SUSTANCIAS,Comisaria_3_Familia_Cali,2023,70.0,0.9,2,0,371,1
CAL-01670,CALI,SUSTANCIAS,Juzgado_Penal_Municipal_1_Cali,2024,70.0,1.35,9,0,554,1
CAL-01671,CALI,ALIMENTOS,Juzgado_5_Familia_Cali,2022,70.0,0.95,1,0,432,1
CAL-01672,CALI,ALIMENTOS,Comisaria_1_Familia_Cali,2022,70.0,1.25,1,0,349,0
CAL-01673,CALI,ALIMENTOS,Juzgado_5_Familia_Cali,2023,70.0,0.95,3,0,413,1
CAL-01674,CALI,VIF,Juzgado_1_Familia_Cali,2023,70.0,1.45,2,1,635,1
CAL-01675,CALI,VIF,Comisaria_1_Familia_Cali,2024,70.0,1.25,1,0,426,1
CAL-01676,CALI,ALIMENTOS,Juzgado_Penal_Municipal_2_Cali,2023,70.0,1.15,3,1,646,1
CAL-01677,CALI,HURTO_PATRIMONIAL,Juzgado_2_Familia_Cali,2024,70.0,1.3,5,0,598,1
CAL-01678,CALI,ALIMENTOS,Juzgado_Penal_Municipal_2_Cali,2022,70.0,1.15,3,0,426,0
CAL-01679,CALI,VIF,Comisaria_3_Familia_Cali,2024,70.0,0.9,7,0,381,1
CAL-01680,CALI,ALIMENTOS,Juzgado_1_Familia_Cali,2020,70.0,1.45,4,0,400,0
CAL-01681,CALI,VIF,Juzgado_1_Familia_Cali,2024,70.0,1.45,1,0,495,1
CAL-01682,CALI,HURTO_PATRIMONIAL,Juzgado_2_Familia_Cali,2023,70.0,1.3,3,1,395,0
CAL-01683,CALI,ALIMENTOS,Comisaria_3_Familia_Cali,2024,70.0,0.9,4,0,450,1
CAL-01684,CALI,VIF,Juzgado_Penal_Municipal_2_Cali,2023,70.0,1.15,2,0,424,1
CAL-01685,CALI,ALIMENTOS,Juzgado_Penal_Municipal_1_Cali,2024,70.0,1.35,4,1,720,1
CAL-01686,CALI,HURTO_PATRIMONIAL,Comisaria_1_Familia_Cali,2022,70.0,1.25,3,0,574,1
CAL-01687,CALI,SUSTANCIAS,Juzgado_Penal_Municipal_2_Cali,2024,70.0,1.15,9,0,456,1
CAL-01688,CALI,HURTO_PATRIMONIAL,Juzgado_Penal_Municipal_2_Cali,2021,70.0,1.15,4,0,525,1
CAL-01689,CALI,VIF,Comisaria_2_Familia_Cali,2021,70.0,1.1,3,1,568,1
CAL-01690,CALI,HURTO_PATRIMONIAL,Comisaria_2_Familia_Cali,2023,70.0,1.1,4,0,582,1
CAL-01691,CALI,ALIMENTOS,Juzgado_4_Familia_Cali,2023,70.0,1.1,9,0,459,0
CAL-01692,CALI,HURTO_PATRIMONIAL,Juzgado_3_Familia_Cali,2020,70.0,1.2,3,1,670,1
CAL-01693,CALI,VIF,Juzgado_3_Familia_Cali,2023,70.0,1.2,2,1,578,1
CAL-01694,CALI,VIF,Comisaria_3_Familia_Cali,2024,70.0,0.9,8,0,422,1
CAL-01695,CALI,VIF,Comisaria_3_Familia_Cali,2020,70.0,0.9,6,1,541,1
CAL-01696,CALI,HURTO_PATRIMONIAL,Juzgado_5_Familia_Cali,2023,70.0,0.95,5,0,501,1
CAL-01697,CALI,ALIMENTOS,Juzgado_Penal_Municipal_2_Cali,2021,70.0,1.15,2,0,460,1
CAL-01698,CALI,ALIMENTOS,Juzgado_Penal_Municipal_2_Cali,2024,70.0,1.15,7,0,553,1
CAL-01699,CALI,VIF,Juzgado_4_Familia_Cali,2023,70.0,1.1,7,1,607,1
CAL-01700,CALI,ALIMENTOS,Juzgado_2_Familia_Cali,2022,70.0,1.3,8,0,584,1
CAL-01701,CALI,HURTO_PATRIMONIAL,Juzgado_5_Familia_Cali,2024,70.0,0.95,6,0,529,1
CAL-01702,CALI,HURTO_PATRIMONIAL,Juzgado_2_Familia_Cali,2024,70.0,1.3,3,0,521,1
CAL-01703,CALI,ALIMENTOS,Juzgado_Penal_Municipal_2_Cali,2024,70.0,1.15,6,1,690,1
CAL-01704,CALI,ALIMENTOS,Comisaria_2_Familia_Cali,2020,70.0,1.1,3,0,476,1
CAL-01705,CALI,ALIMENTOS,Juzgado_1_Familia_Cali,2022,70.0,1.45,3,0,571,1
CAL-01706,CALI,VIF,Juzgado_Penal_Municipal_1_Cali,2023,70.0,1.35,6,0,462,1
CAL-01707,CALI,SUSTANCIAS,Juzgado_Penal_Municipal_2_Cali,2023,70.0,1.15,3,0,427,1
CAL-01708,CALI,ALIMENTOS,Juzgado_3_Familia_Cali,2023,70.0,1.2,4,0,493,1
CAL-01709,CALI,VIF,Juzgado_Penal_Municipal_1_Cali,2022,70.0,1.35,3,0,475,1
CAL-01710,CALI,VIF,Juzgado_Penal_Municipal_2_Cali,2022,70.0,1.15,8,0,454,1
CAL-01711,CALI,HURTO_PATRIMONIAL,Juzgado_5_Familia_Cali,2023,70.0,0.95,5,0,496,1
CAL-01712,CALI,VIF,Juzgado_2_Familia_Cali,2024,70.0,1.3,7,0,480,1
CAL-01713,CALI,SUSTANCIAS,Juzgado_Penal_Municipal_2_Cali,2023,70.0,1.15,14,0,541,1
CAL-01714,CALI,VIF,Juzgado_5_Familia_Cali,2020,70.0,0.95,3,1,522,1
CAL-01715,CALI,ALIMENTOS,Juzgado_1_Familia_Cali,2021,70.0,1.45,2,1,702,1
CAL-01716,CALI,VIF,Juzgado_5_Familia_Cali,2022,70.0,0.95,3,0,396,1
CAL-01717,CALI,SUSTANCIAS,Juzgado_1_Familia_Cali,2023,70.0,1.45,4,0,503,1
CAL-01718,CALI,VIF,Juzgado_Penal_Municipal_1_Cali,2024,70.0,1.35,8,1,653,1
CAL-01719,CALI,SUSTANCIAS,Juzgado_5_Familia_Cali,2024,70.0,0.95,4,0,386,1
CAL-01720,CALI,HURTO_PATRIMONIAL,Juzgado_5_Familia_Cali,2023,70.0,0.95,11,0,553,1
CAL-01721,CALI,HURTO_PATRIMONIAL,Juzgado_Penal_Municipal_1_Cali,2024,70.0,1.35,1,0,609,1
CAL-01722,CALI,VIF,Juzgado_4_Familia_Cali,2023,70.0,1.1,14,1,672,1
CAL-01723,CALI,HURTO_PATRIMONIAL,Juzgado_Penal_Municipal_2_Cali,2023,70.0,1.15,13,0,586,1
CAL-01724,CALI,HURTO_PATRIMONIAL,Juzgado_Penal_Municipal_2_Cali,2024,70.0,1.15,1,0,525,1
CAL-01725,CALI,VIF,Juzgado_4_Familia_Cali,2023,70.0,1.1,2,1,525,1
CAL-01726,CALI,ALIMENTOS,Juzgado_2_Familia_Cali,2023,70.0,1.3,4,0,534,1
CAL-01727,CALI,SUSTANCIAS,Juzgado_Penal_Municipal_2_Cali,2024,70.0,1.15,7,0,481,1
CAL-01728,CALI,ALIMENTOS,Juzgado_5_Familia_Cali,2022,70.0,0.95,7,1,624,1
CAL-01729,CALI,VIF,Comisaria_2_Familia_Cali,2023,70.0,1.1,13,0,498,1
CAL-01730,CALI,VIF,Juzgado_4_Familia_Cali,2022,70.0,1.1,7,1,569,1
CAL-01731,CALI,ALIMENTOS,Comisaria_3_Familia_Cali,2022,70.0,0.9,8,0,449,1
CAL-01732,CALI,ALIMENTOS,Juzgado_5_Familia_Cali,2023,70.0,0.95,3,0,429,1
CAL-01733,CALI,VIF,Juzgado_Penal_Municipal_2_Cali,2022,70.0,1.15,8,0,453,1
CAL-01734,CALI,VIF,Juzgado_5_Familia_Cali,2021,70.0,0.95,1,0,362,1
CAL-01735,CALI,VIF,Juzgado_4_Familia_Cali,2023,70.0,1.1,1,0,377,1
CAL-01736,CALI,VIF,Juzgado_Penal_Municipal_2_Cali,2023,70.0,1.15,5,0,418,1
CAL-01737,CALI,HURTO_PATRIMONIAL,Juzgado_4_Familia_Cali,2023,70.0,1.1,5,1,686,1
CAL-01738,CALI,ALIMENTOS,Juzgado_Penal_Municipal_2_Cali,2024,70.0,1.15,5,1,668,1
CAL-01739,CALI,SUSTANCIAS,Juzgado_2_Familia_Cali,2024,70.0,1.3,3,0,456,1
CAL-01740,CALI,ALIMENTOS,Juzgado_4_Familia_Cali,2022,70.0,1.1,6,1,640,1
CAL-01741,CALI,VIF,Juzgado_5_Familia_Cali,2023,70.0,0.95,1,0,351,1
CAL-01742,CALI,VIF,Comisaria_3_Familia_Cali,2022,70.0,0.9,2,0,357,1
CAL-01743,CALI,ALIMENTOS,Juzgado_Penal_Municipal_2_Cali,2022,70.0,1.15,1,1,437,0
CAL-01744,CALI,VIF,Juzgado_2_Familia_Cali,2021,70.0,1.3,6,1,503,0
CAL-01745,CALI,HURTO_PATRIMONIAL,Juzgado_2_Familia_Cali,2024,70.0,1.3,10,1,521,0
CAL-01746,CALI,VIF,Comisaria_2_Familia_Cali,2024,70.0,1.1,5,0,445,1
CAL-01747,CALI,ALIMENTOS,Juzgado_4_Familia_Cali,2024,70.0,1.1,17,1,538,0
CAL-01748,CALI,HURTO_PATRIMONIAL,Comisaria_1_Familia_Cali,2023,70.0,1.25,5,0,589,1
CAL-01749,CALI,VIF,Juzgado_4_Familia_Cali,2024,70.0,1.1,4,0,435,1
CAL-01750,CALI,ALIMENTOS,Juzgado_1_Familia_Cali,2023,70.0,1.45,1,0,596,1
CAL-01751,CALI,ALIMENTOS,Juzgado_5_Familia_Cali,2022,70.0,0.95,13,1,678,1
CAL-01752,CALI,ALIMENTOS,Juzgado_Penal_Municipal_1_Cali,2021,70.0,1.35,11,0,601,1
CAL-01753,CALI,ALIMENTOS,Juzgado_2_Familia_Cali,2021,70.0,1.3,5,1,693,1
CAL-01754,CALI,ALIMENTOS,Juzgado_3_Familia_Cali,2020,70.0,1.2,3,1,663,1
CAL-01755,CALI,HURTO_PATRIMONIAL,Juzgado_5_Familia_Cali,2022,70.0,0.95,2,0,463,1
CAL-01756,CALI,HURTO_PATRIMONIAL,Juzgado_1_Familia_Cali,2023,70.0,1.45,1,0,635,1
CAL-01757,CALI,SUSTANCIAS,Juzgado_3_Familia_Cali,2021,70.0,1.2,1,0,412,1
CAL-01758,CALI,HURTO_PATRIMONIAL,Comisaria_1_Familia_Cali,2024,70.0,1.25,2,1,707,1
CAL-01759,CALI,VIF,Juzgado_5_Familia_Cali,2021,70.0,0.95,9,0,423,1
CAL-01760,CALI,HURTO_PATRIMONIAL,Juzgado_3_Familia_Cali,2022,70.0,1.2,2,1,689,1
CAL-01761,CALI,VIF,Juzgado_3_Familia_Cali,2024,70.0,1.2,4,1,588,1
CAL-01762,CALI,ALIMENTOS,Juzgado_4_Familia_Cali,2022,70.0,1.1,1,1,636,1
CAL-01763,CALI,VIF,Juzgado_Penal_Municipal_2_Cali,2022,70.0,1.15,5,1,593,1
CAL-01764,CALI,ALIMENTOS,Juzgado_Penal_Municipal_2_Cali,2022,70.0,1.15,7,1,686,1
CAL-01765,CALI,ALIMENTOS,Comisaria_2_Familia_Cali,2024,70.0,1.1,4,1,379,0
CAL-01766,CALI,VIF,Comisaria_2_Familia_Cali,2024,70.0,1.1,9,0,455,1
CAL-01767,CALI,VIF,Comisaria_3_Familia_Cali,2023,70.0,0.9,2,0,201,0
CAL-01768,CALI,ALIMENTOS,Comisaria_1_Familia_Cali,2023,70.0,1.25,4,0,546,1
CAL-01769,CALI,HURTO_PATRIMONIAL,Juzgado_5_Familia_Cali,2022,70.0,0.95,4,1,680,1
CAL-01770,CALI,ALIMENTOS,Juzgado_1_Familia_Cali,2020,70.0,1.45,1,0,505,1
CAL-01771,CALI,HURTO_PATRIMONIAL,Juzgado_5_Familia_Cali,2024,70.0,0.95,2,0,469,1
CAL-01772,CALI,VIF,Comisaria_3_Familia_Cali,2024,70.0,0.9,4,0,369,1
CAL-01773,CALI,VIF,Juzgado_5_Familia_Cali,2022,70.0,0.95,5,0,398,1
CAL-01774,CALI,VIF,Juzgado_5_Familia_Cali,2022,70.0,0.95,3,0,361,1
CAL-01775,CALI,VIF,Juzgado_Penal_Municipal_1_Cali,2024,70.0,1.35,7,0,510,1
CAL-01776,CALI,ALIMENTOS,Juzgado_1_Familia_Cali,2024,70.0,1.45,2,0,579,1
CAL-01777,CALI,VIF,Juzgado_4_Familia_Cali,2020,70.0,1.1,3,0,386,1
CAL-01778,CALI,ALIMENTOS,Juzgado_1_Familia_Cali,2023,70.0,1.45,8,0,629,1
CAL-01779,CALI,ALIMENTOS,Juzgado_1_Familia_Cali,2024,70.0,1.45,5,1,534,0
CAL-01780,CALI,ALIMENTOS,Juzgado_5_Familia_Cali,2023,70.0,0.95,5,0,476,1
CAL-01781,CALI,HURTO_PATRIMONIAL,Juzgado_3_Familia_Cali,2023,70.0,1.2,10,1,510,0
CAL-01782,CALI,ALIMENTOS,Comisaria_2_Familia_Cali,2023,70.0,1.1,7,0,560,1
CAL-01783,CALI,ALIMENTOS,Juzgado_3_Familia_Cali,2024,70.0,1.2,3,1,653,1
CAL-01784,CALI,HURTO_PATRIMONIAL,Juzgado_1_Familia_Cali,2023,70.0,1.45,3,0,378,0
CAL-01785,CALI,ALIMENTOS,Juzgado_5_Familia_Cali,2024,70.0,0.95,9,0,506,1
CAL-01786,CALI,VIF,Juzgado_4_Familia_Cali,2021,70.0,1.1,1,0,395,1
CAL-01787,CALI,VIF,Comisaria_3_Familia_Cali,2023,70.0,0.9,6,1,525,1
CAL-01788,CALI,ALIMENTOS,Juzgado_Penal_Municipal_1_Cali,2021,70.0,1.35,3,1,708,1
CAL-01789,CALI,VIF,Comisaria_1_Familia_Cali,2020,70.0,1.25,1,0,385,1
CAL-01790,CALI,HURTO_PATRIMONIAL,Juzgado_Penal_Municipal_2_Cali,2020,70.0,1.15,10,0,639,1
CAL-01791,CALI,ALIMENTOS,Juzgado_1_Familia_Cali,2023,70.0,1.45,8,0,636,1
CAL-01792,CALI,ALIMENTOS,Comisaria_2_Familia_Cali,2021,70.0,1.1,7,0,501,1
CAL-01793,CALI,VIF,Comisaria_3_Familia_Cali,2024,70.0,0.9,8,1,584,1
CAL-01794,CALI,HURTO_PATRIMONIAL,Juzgado_1_Familia_Cali,2022,70.0,1.45,4,0,677,1
CAL-01795,CALI,SUSTANCIAS,Comisaria_3_Familia_Cali,2024,70.0,0.9,2,0,375,1
CAL-01796,CALI,HURTO_PATRIMONIAL,Juzgado_Penal_Municipal_1_Cali,2024,70.0,1.35,2,0,622,1
CAL-01797,CALI,ALIMENTOS,Comisaria_2_Familia_Cali,2020,70.0,1.1,5,0,518,1
CAL-01798,CALI,VIF,Comisaria_2_Familia_Cali,2024,70.0,1.1,1,0,402,1
CAL-01799,CALI,VIF,Juzgado_4_Familia_Cali,2023,70.0,1.1,4,1,567,1
CAL-01800,CALI,SUSTANCIAS,Juzgado_3_Familia_Cali,2021,70.0,1.2,9,0,497,1
CAL-01801,CALI,HURTO_PATRIMONIAL,Juzgado_4_Familia_Cali,2022,70.0,1.1,6,0,575,1
CAL-01802,CALI,SUSTANCIAS,Juzgado_4_Familia_Cali,2021,70.0,1.1,8,1,613,1
CAL-01803,CALI,SUSTANCIAS,Juzgado_3_Familia_Cali,2024,70.0,1.2,10,0,510,1
CAL-01804,CALI,ALIMENTOS,Juzgado_Penal_Municipal_1_Cali,2022,70.0,1.35,2,0,551,1
CAL-01805,CALI,HURTO_PATRIMONIAL,Juzgado_5_Familia_Cali,2024,70.0,0.95,1,0,501,1
CAL-01806,CALI,VIF,Juzgado_4_Familia_Cali,2023,70.0,1.1,15,1,662,1
CAL-01807,CALI,ALIMENTOS,Juzgado_3_Familia_Cali,2022,70.0,1.2,6,1,685,1
CAL-01808,CALI,VIF,Juzgado_2_Familia_Cali,2023,70.0,1.3,5,0,461,1
CAL-01809,CALI,VIF,Juzgado_Penal_Municipal_2_Cali,2020,70.0,1.15,3,0,425,1
CAL-01810,CALI,VIF,Comisaria_1_Familia_Cali,2023,70.0,1.25,2,0,443,1
CAL-01811,CALI,VIF,Juzgado_Penal_Municipal_1_Cali,2022,70.0,1.35,1,0,441,1
CAL-01812,CALI,VIF,Juzgado_3_Familia_Cali,2021,70.0,1.2,7,0,442,1
CAL-01813,CALI,ALIMENTOS,Juzgado_3_Familia_Cali,2021,70.0,1.2,14,0,615,1
CAL-01814,CALI,ALIMENTOS,Juzgado_1_Familia_Cali,2021,70.0,1.45,4,0,376,0
CAL-01815,CALI,ALIMENTOS,Comisaria_2_Familia_Cali,2024,70.0,1.1,1,0,456,1
CAL-01816,CALI,ALIMENTOS,Comisaria_3_Familia_Cali,2024,70.0,0.9,2,0,466,1
CAL-01817,CALI,VIF,Comisaria_1_Familia_Cali,2023,70.0,1.25,6,0,444,1
CAL-01818,CALI,VIF,Juzgado_1_Familia_Cali,2024,70.0,1.45,4,1,641,1
CAL-01819,CALI,VIF,Juzgado_5_Familia_Cali,2020,70.0,0.95,8,0,417,1
CAL-01820,CALI,HURTO_PATRIMONIAL,Juzgado_Penal_Municipal_1_Cali,2024,70.0,1.35,8,0,400,0
CAL-01821,CALI,VIF,Juzgado_1_Familia_Cali,2024,70.0,1.45,8,0,513,1
CAL-01822,CALI,HURTO_PATRIMONIAL,Juzgado_3_Familia_Cali,2023,70.0,1.2,2,1,712,1
CAL-01823,CALI,ALIMENTOS,Comisaria_2_Familia_Cali,2024,70.0,1.1,5,1,438,0
CAL-01824,CALI,ALIMENTOS,Comisaria_3_Familia_Cali,2024,70.0,0.9,3,1,570,1
CAL-01825,CALI,VIF,Juzgado_2_Familia_Cali,2022,70.0,1.3,5,1,602,1
CAL-01826,CALI,SUSTANCIAS,Juzgado_1_Familia_Cali,2020,70.0,1.45,3,0,506,1
CAL-01827,CALI,HURTO_PATRIMONIAL,Juzgado_4_Familia_Cali,2023,70.0,1.1,12,1,460,0
CAL-01828,CALI,SUSTANCIAS,Juzgado_3_Familia_Cali,2022,70.0,1.2,8,0,458,1
CAL-01829,CALI,ALIMENTOS,Juzgado_2_Familia_Cali,2024,70.0,1.3,1,1,680,1
CAL-01830,CALI,HURTO_PATRIMONIAL,Juzgado_Penal_Municipal_2_Cali,2024,70.0,1.15,10,1,612,0
CAL-01831,CALI,VIF,Juzgado_Penal_Municipal_2_Cali,2023,70.0,1.15,5,0,429,1
CAL-01832,CALI,VIF,Juzgado_Penal_Municipal_1_Cali,2022,70.0,1.35,6,0,448,1
CAL-01833,CALI,ALIMENTOS,Juzgado_4_Familia_Cali,2022,70.0,1.1,9,1,556,0
CAL-01834,CALI,SUSTANCIAS,Juzgado_Penal_Municipal_1_Cali,2020,70.0,1.35,8,0,518,1
CAL-01835,CALI,VIF,Juzgado_Penal_Municipal_1_Cali,2024,70.0,1.35,3,1,602,1
CAL-01836,CALI,VIF,Juzgado_Penal_Municipal_2_Cali,2022,70.0,1.15,16,0,518,1
CAL-01837,CALI,HURTO_PATRIMONIAL,Juzgado_3_Familia_Cali,2024,70.0,1.2,3,0,530,1
CAL-01838,CALI,SUSTANCIAS,Juzgado_Penal_Municipal_1_Cali,2023,70.0,1.35,3,0,471,1
CAL-01839,CALI,SUSTANCIAS,Juzgado_Penal_Municipal_2_Cali,2022,70.0,1.15,4,0,443,1
CAL-01840,CALI,VIF,Juzgado_2_Familia_Cali,2021,70.0,1.3,3,0,420,1
CAL-01841,CALI,HURTO_PATRIMONIAL,Juzgado_1_Familia_Cali,2024,70.0,1.45,1,1,438,0
CAL-01842,CALI,ALIMENTOS,Juzgado_4_Familia_Cali,2021,70.0,1.1,3,0,478,1
CAL-01843,CALI,SUSTANCIAS,Comisaria_3_Familia_Cali,2023,70.0,0.9,4,0,385,1
CAL-01844,CALI,VIF,Comisaria_1_Familia_Cali,2024,70.0,1.25,1,1,580,1
CAL-01845,CALI,ALIMENTOS,Juzgado_Penal_Municipal_1_Cali,2020,70.0,1.35,1,1,709,1
CAL-01846,CALI,VIF,Juzgado_Penal_Municipal_2_Cali,2022,70.0,1.15,5,0,436,1
CAL-01847,CALI,HURTO_PATRIMONIAL,Juzgado_Penal_Municipal_1_Cali,2023,70.0,1.35,8,0,691,1
CAL-01848,CALI,VIF,Comisaria_2_Familia_Cali,2024,70.0,1.1,1,0,368,1
CAL-01849,CALI,VIF,Juzgado_4_Familia_Cali,2024,70.0,1.1,9,0,443,1
CAL-01850,CALI,ALIMENTOS,Juzgado_3_Familia_Cali,2023,70.0,1.2,3,1,663,1
CAL-01851,CALI,HURTO_PATRIMONIAL,Juzgado_4_Familia_Cali,2024,70.0,1.1,2,0,503,1
CAL-01852,CALI,ALIMENTOS,Juzgado_Penal_Municipal_1_Cali,2020,70.0,1.35,7,0,559,1
CAL-01853,CALI,ALIMENTOS,Juzgado_4_Familia_Cali,2024,70.0,1.1,3,0,446,1
CAL-01854,CALI,VIF,Juzgado_4_Familia_Cali,2024,70.0,1.1,3,1,566,1
CAL-01855,CALI,VIF,Comisaria_1_Familia_Cali,2023,70.0,1.25,6,0,468,1
CAL-01856,CALI,SUSTANCIAS,Comisaria_2_Familia_Cali,2024,70.0,1.1,1,1,574,1
CAL-01857,CALI,VIF,Comisaria_3_Familia_Cali,2020,70.0,0.9,4,0,372,1
CAL-01858,CALI,VIF,Juzgado_3_Familia_Cali,2021,70.0,1.2,7,1,604,1
CAL-01859,CALI,ALIMENTOS,Juzgado_3_Familia_Cali,2023,70.0,1.2,1,1,477,0
CAL-01860,CALI,ALIMENTOS,Juzgado_Penal_Municipal_2_Cali,2024,70.0,1.15,18,1,510,0
CAL-01861,CALI,ALIMENTOS,Juzgado_Penal_Municipal_2_Cali,2021,70.0,1.15,4,0,543,1
CAL-01862,CALI,ALIMENTOS,Juzgado_2_Familia_Cali,2022,70.0,1.3,3,0,536,1
CAL-01863,CALI,HURTO_PATRIMONIAL,Juzgado_5_Familia_Cali,2024,70.0,0.95,7,1,674,1
CAL-01864,CALI,VIF,Juzgado_3_Familia_Cali,2024,70.0,1.2,2,0,204,0
CAL-01865,CALI,ALIMENTOS,Comisaria_3_Familia_Cali,2023,70.0,0.9,3,0,469,1
CAL-01866,CALI,VIF,Comisaria_1_Familia_Cali,2022,70.0,1.25,2,0,431,1
CAL-01867,CALI,ALIMENTOS,Juzgado_2_Familia_Cali,2021,70.0,1.3,5,0,574,1
CAL-01868,CALI,HURTO_PATRIMONIAL,Juzgado_Penal_Municipal_2_Cali,2022,70.0,1.15,2,0,537,1
CAL-01869,CALI,ALIMENTOS,Comisaria_3_Familia_Cali,2022,70.0,0.9,4,1,591,1
CAL-01870,CALI,VIF,Juzgado_2_Familia_Cali,2020,70.0,1.3,2,0,416,1
CAL-01871,CALI,VIF,Juzgado_4_Familia_Cali,2024,70.0,1.1,2,0,412,1
CAL-01872,CALI,ALIMENTOS,Juzgado_Penal_Municipal_1_Cali,2024,70.0,1.35,4,0,557,1
CAL-01873,CALI,VIF,Comisaria_2_Familia_Cali,2021,70.0,1.1,3,0,375,1
CAL-01874,CALI,HURTO_PATRIMONIAL,Juzgado_1_Familia_Cali,2023,70.0,1.45,4,0,658,1
CAL-01875,CALI,ALIMENTOS,Comisaria_2_Familia_Cali,2022,70.0,1.1,5,1,657,1
CAL-01876,CALI,VIF,Juzgado_2_Familia_Cali,2021,70.0,1.3,1,0,430,1
CAL-01877,CALI,ALIMENTOS,Juzgado_3_Familia_Cali,2024,70.0,1.2,3,0,421,0
CAL-01878,CALI,HURTO_PATRIMONIAL,Comisaria_1_Familia_Cali,2023,70.0,1.25,4,1,691,1
CAL-01879,CALI,HURTO_PATRIMONIAL,Juzgado_1_Familia_Cali,2023,70.0,1.45,4,1,543,0
CAL-01880,CALI,VIF,Juzgado_5_Familia_Cali,2024,70.0,0.95,2,0,374,1
CAL-01881,CALI,ALIMENTOS,Juzgado_Penal_Municipal_2_Cali,2021,70.0,1.15,2,1,628,1
CAL-01882,CALI,ALIMENTOS,Juzgado_1_Familia_Cali,2021,70.0,1.45,3,0,566,1
CAL-01883,CALI,ALIMENTOS,Comisaria_1_Familia_Cali,2022,70.0,1.25,4,0,534,1
CAL-01884,CALI,ALIMENTOS,Comisaria_1_Familia_Cali,2023,70.0,1.25,5,1,694,1
CAL-01885,CALI,ALIMENTOS,Juzgado_1_Familia_Cali,2024,70.0,1.45,1,0,580,1
CAL-01886,CALI,ALIMENTOS,Juzgado_3_Familia_Cali,2021,70.0,1.2,8,0,561,1
CAL-01887,CALI,HURTO_PATRIMONIAL,Comisaria_2_Familia_Cali,2021,70.0,1.1,1,1,662,1
CAL-01888,CALI,ALIMENTOS,Juzgado_5_Familia_Cali,2022,70.0,0.95,6,1,639,1
CAL-01889,CALI,VIF,Juzgado_Penal_Municipal_2_Cali,2024,70.0,1.15,1,0,400,1
CAL-01890,CALI,ALIMENTOS,Juzgado_1_Familia_Cali,2023,70.0,1.45,9,0,636,1
CAL-01891,CALI,SUSTANCIAS,Comisaria_1_Familia_Cali,2024,70.0,1.25,15,0,572,1
CAL-01892,CALI,SUSTANCIAS,Juzgado_Penal_Municipal_2_Cali,2020,70.0,1.15,2,0,191,0
CAL-01893,CALI,VIF,Juzgado_5_Familia_Cali,2024,70.0,0.95,5,0,401,1
CAL-01894,CALI,ALIMENTOS,Juzgado_Penal_Municipal_1_Cali,2022,70.0,1.35,2,1,696,1
CAL-01895,CALI,SUSTANCIAS,Comisaria_1_Familia_Cali,2023,70.0,1.25,4,1,646,1
CAL-01896,CALI,VIF,Comisaria_1_Familia_Cali,2021,70.0,1.25,3,0,442,1
CAL-01897,CALI,HURTO_PATRIMONIAL,Juzgado_4_Familia_Cali,2024,70.0,1.1,4,0,572,1
CAL-01898,CALI,ALIMENTOS,Juzgado_4_Familia_Cali,2024,70.0,1.1,3,1,663,1
CAL-01899,CALI,ALIMENTOS,Juzgado_Penal_Municipal_1_Cali,2024,70.0,1.35,9,0,598,1
CAL-01900,CALI,VIF,Juzgado_Penal_Municipal_1_Cali,2023,70.0,1.35,6,0,458,1
CAL-01901,CALI,ALIMENTOS,Comisaria_3_Familia_Cali,2020,70.0,0.9,1,0,408,1
CAL-01902,CALI,HURTO_PATRIMONIAL,Juzgado_2_Familia_Cali,2024,70.0,1.3,6,0,622,1
CAL-01903,CALI,ALIMENTOS,Juzgado_3_Familia_Cali,2022,70.0,1.2,2,0,488,1
CAL-01904,CALI,ALIMENTOS,Comisaria_2_Familia_Cali,2020,70.0,1.1,2,0,250,0
CAL-01905,CALI,ALIMENTOS,Comisaria_2_Familia_Cali,2020,70.0,1.1,3,1,666,1
CAL-01906,CALI,ALIMENTOS,Juzgado_Penal_Municipal_1_Cali,2021,70.0,1.35,6,1,494,0
CAL-01907,CALI,VIF,Juzgado_4_Familia_Cali,2023,70.0,1.1,2,0,407,1
CAL-01908,CALI,SUSTANCIAS,Juzgado_Penal_Municipal_2_Cali,2021,70.0,1.15,1,0,256,0
CAL-01909,CALI,ALIMENTOS,Juzgado_3_Familia_Cali,2024,70.0,1.2,2,0,504,1
CAL-01910,CALI,HURTO_PATRIMONIAL,Juzgado_Penal_Municipal_1_Cali,2021,70.0,1.35,2,1,477,0
CAL-01911,CALI,HURTO_PATRIMONIAL,Juzgado_Penal_Municipal_1_Cali,2023,70.0,1.35,12,0,718,1
CAL-01912,CALI,VIF,Comisaria_1_Familia_Cali,2022,70.0,1.25,3,0,433,1
CAL-01913,CALI,SUSTANCIAS,Comisaria_1_Familia_Cali,2024,70.0,1.25,2,1,601,1
CAL-01914,CALI,HURTO_PATRIMONIAL,Juzgado_4_Familia_Cali,2023,70.0,1.1,6,0,548,1
CAL-01915,CALI,ALIMENTOS,Juzgado_5_Familia_Cali,2024,70.0,0.95,7,0,490,1
CAL-01916,CALI,ALIMENTOS,Comisaria_2_Familia_Cali,2022,70.0,1.1,5,0,478,1
CAL-01917,CALI,ALIMENTOS,Juzgado_Penal_Municipal_1_Cali,2023,70.0,1.35,1,1,490,0
CAL-01918,CALI,ALIMENTOS,Comisaria_1_Familia_Cali,2024,70.0,1.25,6,1,714,1
CAL-01919,CALI,ALIMENTOS,Juzgado_1_Familia_Cali,2024,70.0,1.45,4,0,557,1
CAL-01920,CALI,VIF,Comisaria_1_Familia_Cali,2022,70.0,1.25,6,0,483,1
CAL-01921,CALI,VIF,Juzgado_Penal_Municipal_2_Cali,2024,70.0,1.15,5,0,431,1
CAL-01922,CALI,ALIMENTOS,Juzgado_3_Familia_Cali,2023,70.0,1.2,4,1,667,1
CAL-01923,CALI,ALIMENTOS,Comisaria_1_Familia_Cali,2020,70.0,1.25,1,1,626,1
CAL-01924,CALI,VIF,Juzgado_1_Familia_Cali,2023,70.0,1.45,1,1,592,1
CAL-01925,CALI,HURTO_PATRIMONIAL,Juzgado_2_Familia_Cali,2024,70.0,1.3,5,1,421,0
CAL-01926,CALI,VIF,Comisaria_3_Familia_Cali,2023,70.0,0.9,7,0,408,1
CAL-01927,CALI,VIF,Comisaria_1_Familia_Cali,2024,70.0,1.25,3,0,440,1
CAL-01928,CALI,HURTO_PATRIMONIAL,Juzgado_1_Familia_Cali,2020,70.0,1.45,7,1,589,0
CAL-01929,CALI,ALIMENTOS,Comisaria_2_Familia_Cali,2022,70.0,1.1,9,1,721,1
CAL-01930,CALI,VIF,Comisaria_2_Familia_Cali,2024,70.0,1.1,3,0,423,1
CAL-01931,CALI,ALIMENTOS,Juzgado_Penal_Municipal_1_Cali,2021,70.0,1.35,8,0,590,1
CAL-01932,CALI,SUSTANCIAS,Comisaria_2_Familia_Cali,2024,70.0,1.1,9,1,639,1
CAL-01933,CALI,VIF,Juzgado_4_Familia_Cali,2024,70.0,1.1,5,0,430,1
CAL-01934,CALI,ALIMENTOS,Comisaria_1_Familia_Cali,2020,70.0,1.25,1,0,525,1
CAL-01935,CALI,VIF,Juzgado_4_Familia_Cali,2023,70.0,1.1,4,1,579,1
CAL-01936,CALI,ALIMENTOS,Comisaria_1_Familia_Cali,2024,70.0,1.25,10,1,603,0
CAL-01937,CALI,ALIMENTOS,Juzgado_3_Familia_Cali,2020,70.0,1.2,11,0,310,0
CAL-01938,CALI,ALIMENTOS,Juzgado_5_Familia_Cali,2024,70.0,0.95,3,0,420,1
CAL-01939,CALI,VIF,Juzgado_4_Familia_Cali,2021,70.0,1.1,5,1,568,1
CAL-01940,CALI,ALIMENTOS,Juzgado_5_Familia_Cali,2023,70.0,0.95,4,0,279,0
CAL-01941,CALI,ALIMENTOS,Juzgado_3_Familia_Cali,2021,70.0,1.2,4,1,639,1
CAL-01942,CALI,VIF,Juzgado_1_Familia_Cali,2023,70.0,1.45,6,0,502,1
CAL-01943,CALI,SUSTANCIAS,Juzgado_Penal_Municipal_1_Cali,2021,70.0,1.35,5,0,521,1
CAL-01944,CALI,VIF,Juzgado_Penal_Municipal_1_Cali,2022,70.0,1.35,8,0,504,1
CAL-01945,CALI,VIF,Comisaria_2_Familia_Cali,2024,70.0,1.1,2,0,387,1
CAL-01946,CALI,ALIMENTOS,Comisaria_1_Familia_Cali,2021,70.0,1.25,9,0,559,1
CAL-01947,CALI,VIF,Juzgado_Penal_Municipal_2_Cali,2024,70.0,1.15,1,1,569,1
CAL-01948,CALI,VIF,Comisaria_2_Familia_Cali,2020,70.0,1.1,1,0,375,1
CAL-01949,CALI,VIF,Juzgado_2_Familia_Cali,2022,70.0,1.3,3,0,447,1
CAL-01950,CALI,VIF,Juzgado_Penal_Municipal_2_Cali,2022,70.0,1.15,2,0,418,1
CAL-01951,CALI,ALIMENTOS,Juzgado_4_Familia_Cali,2022,70.0,1.1,1,0,444,1
CAL-01952,CALI,ALIMENTOS,Juzgado_Penal_Municipal_2_Cali,2024,70.0,1.15,9,0,536,1
CAL-01953,CALI,ALIMENTOS,Juzgado_4_Familia_Cali,2024,70.0,1.1,2,0,481,1
CAL-01954,CALI,VIF,Juzgado_3_Familia_Cali,2023,70.0,1.2,6,0,430,1
CAL-01955,CALI,ALIMENTOS,Juzgado_4_Familia_Cali,2023,70.0,1.1,15,0,524,0
CAL-01956,CALI,HURTO_PATRIMONIAL,Juzgado_5_Familia_Cali,2023,70.0,0.95,6,1,674,1
CAL-01957,CALI,VIF,Comisaria_2_Familia_Cali,2022,70.0,1.1,1,0,378,1
CAL-01958,CALI,VIF,Juzgado_Penal_Municipal_2_Cali,2020,70.0,1.15,2,0,395,1
CAL-01959,CALI,SUSTANCIAS,Juzgado_5_Familia_Cali,2024,70.0,0.95,4,0,398,1
CAL-01960,CALI,HURTO_PATRIMONIAL,Juzgado_Penal_Municipal_2_Cali,2023,70.0,1.15,6,1,714,1
CAL-01961,CALI,VIF,Juzgado_Penal_Municipal_1_Cali,2021,70.0,1.35,5,0,306,0
CAL-01962,CALI,VIF,Comisaria_2_Familia_Cali,2020,70.0,1.1,1,0,384,1
CAL-01963,CALI,VIF,Juzgado_4_Familia_Cali,2022,70.0,1.1,9,0,243,0
CAL-01964,CALI,ALIMENTOS,Juzgado_3_Familia_Cali,2021,70.0,1.2,4,0,471,1
CAL-01965,CALI,ALIMENTOS,Juzgado_4_Familia_Cali,2022,70.0,1.1,5,1,685,1
CAL-01966,CALI,ALIMENTOS,Juzgado_5_Familia_Cali,2024,70.0,0.95,7,0,535,1
CAL-01967,CALI,VIF,Juzgado_4_Familia_Cali,2022,70.0,1.1,3,0,401,1
CAL-01968,CALI,VIF,Comisaria_1_Familia_Cali,2024,70.0,1.25,4,0,455,1
CAL-01969,CALI,HURTO_PATRIMONIAL,Juzgado_Penal_Municipal_2_Cali,2023,70.0,1.15,9,0,583,1
CAL-01970,CALI,HURTO_PATRIMONIAL,Comisaria_3_Familia_Cali,2024,70.0,0.9,3,0,469,1
CAL-01971,CALI,ALIMENTOS,Juzgado_3_Familia_Cali,2021,70.0,1.2,4,0,500,1
CAL-01972,CALI,SUSTANCIAS,Comisaria_2_Familia_Cali,2023,70.0,1.1,3,0,445,1
CAL-01973,CALI,HURTO_PATRIMONIAL,Comisaria_2_Familia_Cali,2023,70.0,1.1,7,1,527,0
CAL-01974,CALI,ALIMENTOS,Juzgado_2_Familia_Cali,2020,70.0,1.3,4,0,542,1
CAL-01975,CALI,VIF,Juzgado_2_Familia_Cali,2022,70.0,1.3,7,1,641,1
CAL-01976,CALI,VIF,Comisaria_1_Familia_Cali,2022,70.0,1.25,9,0,509,1
CAL-01977,CALI,VIF,Juzgado_Penal_Municipal_2_Cali,2024,70.0,1.15,3,0,455,1
CAL-01978,CALI,SUSTANCIAS,Juzgado_3_Familia_Cali,2024,70.0,1.2,1,0,430,1
CAL-01979,CALI,ALIMENTOS,Comisaria_2_Familia_Cali,2023,70.0,1.1,7,1,545,0
CAL-01980,CALI,VIF,Juzgado_4_Familia_Cali,2020,70.0,1.1,7,0,412,1
CAL-01981,CALI,VIF,Juzgado_2_Familia_Cali,2022,70.0,1.3,4,0,467,1
CAL-01982,CALI,HURTO_PATRIMONIAL,Comisaria_1_Familia_Cali,2023,70.0,1.25,4,0,549,1
CAL-01983,CALI,HURTO_PATRIMONIAL,Juzgado_3_Familia_Cali,2023,70.0,1.2,5,1,700,1
CAL-01984,CALI,ALIMENTOS,Juzgado_1_Familia_Cali,2023,70.0,1.45,1,1,701,1
CAL-01985,CALI,SUSTANCIAS,Juzgado_3_Familia_Cali,2024,70.0,1.2,1,0,281,0
CAL-01986,CALI,VIF,Comisaria_1_Familia_Cali,2022,70.0,1.25,8,0,416,0
CAL-01987,CALI,VIF,Comisaria_2_Familia_Cali,2021,70.0,1.1,5,0,430,1
CAL-01988,CALI,HURTO_PATRIMONIAL,Juzgado_1_Familia_Cali,2021,70.0,1.45,7,0,662,1
CAL-01989,CALI,VIF,Juzgado_Penal_Municipal_1_Cali,2020,70.0,1.35,3,0,439,1
CAL-01990,CALI,VIF,Comisaria_3_Familia_Cali,2021,70.0,0.9,2,1,348,0
CAL-01991,CALI,VIF,Juzgado_4_Familia_Cali,2024,70.0,1.1,6,0,237,0
CAL-01992,CALI,ALIMENTOS,Juzgado_3_Familia_Cali,2024,70.0,1.2,5,0,537,1
CAL-01993,CALI,HURTO_PATRIMONIAL,Comisaria_3_Familia_Cali,2024,70.0,0.9,7,0,509,1
CAL-01994,CALI,HURTO_PATRIMONIAL,Juzgado_Penal_Municipal_1_Cali,2024,70.0,1.35,3,1,441,0
CAL-01995,CALI,VIF,Comisaria_3_Familia_Cali,2024,70.0,0.9,13,0,262,0
CAL-01996,CALI,VIF,Juzgado_2_Familia_Cali,2023,70.0,1.3,2,0,439,1
CAL-01997,CALI,VIF,Comisaria_2_Familia_Cali,2024,70.0,1.1,11,0,489,1
CAL-01998,CALI,HURTO_PATRIMONIAL,Comisaria_2_Familia_Cali,2021,70.0,1.1,6,0,602,1
CAL-01999,CALI,VIF,Juzgado_2_Familia_Cali,2022,70.0,1.3,2,0,425,1
CAL-02000,CALI,SUSTANCIAS,Juzgado_3_Familia_Cali,2020,70.0,1.2,5,1,406,0
CAL-02001,CALI,VIF,Comisaria_2_Familia_Cali,2024,70.0,1.1,6,0,420,1
CAL-02002,CALI,HURTO_PATRIMONIAL,Juzgado_2_Familia_Cali,2024,70.0,1.3,3,0,574,1
CAL-02003,CALI,ALIMENTOS,Juzgado_4_Familia_Cali,2024,70.0,1.1,1,1,617,1
CAL-02004,CALI,VIF,Juzgado_5_Familia_Cali,2024,70.0,0.95,4,1,541,1
CAL-02005,CALI,HURTO_PATRIMONIAL,Juzgado_Penal_Municipal_1_Cali,2024,70.0,1.35,10,0,682,1
CAL-02006,CALI,ALIMENTOS,Juzgado_2_Familia_Cali,2021,70.0,1.3,5,0,542,1
CAL-02007,CALI,VIF,Juzgado_Penal_Municipal_2_Cali,2024,70.0,1.15,6,0,475,1
CAL-02008,CALI,ALIMENTOS,Comisaria_1_Familia_Cali,2023,70.0,1.25,1,1,673,1
CAL-02009,CALI,HURTO_PATRIMONIAL,Juzgado_Penal_Municipal_2_Cali,2021,70.0,1.15,9,1,407,0
CAL-02010,CALI,VIF,Comisaria_2_Familia_Cali,2024,70.0,1.1,6,0,439,1
CAL-02011,CALI,VIF,Comisaria_1_Familia_Cali,2024,70.0,1.25,8,0,482,1
CAL-02012,CALI,SUSTANCIAS,Juzgado_4_Familia_Cali,2024,70.0,1.1,2,0,421,1
CAL-02013,CALI,VIF,Comisaria_1_Familia_Cali,2020,70.0,1.25,8,0,481,1
CAL-02014,CALI,ALIMENTOS,Comisaria_1_Familia_Cali,2021,70.0,1.25,10,1,507,0
CAL-02015,CALI,HURTO_PATRIMONIAL,Juzgado_Penal_Municipal_1_Cali,2024,70.0,1.35,5,0,588,1
CAL-02016,CALI,ALIMENTOS,Comisaria_1_Familia_Cali,2021,70.0,1.25,3,0,519,1
CAL-02017,CALI,VIF,Juzgado_2_Familia_Cali,2023,70.0,1.3,4,0,446,1
CAL-02018,CALI,VIF,Comisaria_3_Familia_Cali,2023,70.0,0.9,3,1,523,1
CAL-02019,CALI,SUSTANCIAS,Comisaria_1_Familia_Cali,2024,70.0,1.25,7,0,467,1
CAL-02020,CALI,ALIMENTOS,Juzgado_5_Familia_Cali,2024,70.0,0.95,1,1,593,1
CAL-02021,CALI,VIF,Juzgado_4_Familia_Cali,2024,70.0,1.1,2,0,307,0
CAL-02022,CALI,SUSTANCIAS,Juzgado_1_Familia_Cali,2023,70.0,1.45,4,0,534,1
CAL-02023,CALI,ALIMENTOS,Juzgado_Penal_Municipal_1_Cali,2024,70.0,1.35,1,0,559,1
CAL-02024,CALI,SUSTANCIAS,Juzgado_2_Familia_Cali,2024,70.0,1.3,7,0,533,1
CAL-02025,CALI,ALIMENTOS,Juzgado_Penal_Municipal_2_Cali,2021,70.0,1.15,5,0,497,1
CAL-02026,CALI,HURTO_PATRIMONIAL,Juzgado_3_Familia_Cali,2021,70.0,1.2,2,0,501,1
CAL-02027,CALI,VIF,Juzgado_Penal_Municipal_1_Cali,2021,70.0,1.35,5,0,378,0
CAL-02028,CALI,SUSTANCIAS,Comisaria_1_Familia_Cali,2023,70.0,1.25,8,0,511,1
CAL-02029,CALI,ALIMENTOS,Comisaria_1_Familia_Cali,2024,70.0,1.25,1,0,521,1
CAL-02030,CALI,ALIMENTOS,Comisaria_2_Familia_Cali,2020,70.0,1.1,3,0,470,1
CAL-02031,CALI,ALIMENTOS,Comisaria_1_Familia_Cali,2024,70.0,1.25,3,1,369,0
CAL-02032,CALI,ALIMENTOS,Juzgado_2_Familia_Cali,2022,70.0,1.3,9,0,571,1
CAL-02033,CALI,VIF,Comisaria_1_Familia_Cali,2020,70.0,1.25,4,0,438,1
CAL-02034,CALI,VIF,Juzgado_5_Familia_Cali,2020,70.0,0.95,2,0,342,1
CAL-02035,CALI,ALIMENTOS,Juzgado_Penal_Municipal_1_Cali,2024,70.0,1.35,12,0,434,0
CAL-02036,CALI,VIF,Juzgado_5_Familia_Cali,2024,70.0,0.95,2,1,406,0
CAL-02037,CALI,ALIMENTOS,Juzgado_2_Familia_Cali,2021,70.0,1.3,5,1,719,1
CAL-02038,CALI,SUSTANCIAS,Juzgado_2_Familia_Cali,2021,70.0,1.3,2,0,455,1
CAL-02039,CALI,ALIMENTOS,Comisaria_3_Familia_Cali,2023,70.0,0.9,8,0,491,1
CAL-02040,CALI,VIF,Juzgado_2_Familia_Cali,2024,70.0,1.3,4,0,446,1
CAL-02041,CALI,VIF,Juzgado_3_Familia_Cali,2023,70.0,1.2,8,0,279,0
CAL-02042,CALI,VIF,Juzgado_5_Familia_Cali,2020,70.0,0.95,7,0,413,1
CAL-02043,CALI,HURTO_PATRIMONIAL,Juzgado_3_Familia_Cali,2022,70.0,1.2,1,0,548,1
CAL-02044,CALI,VIF,Juzgado_Penal_Municipal_2_Cali,2022,70.0,1.15,4,0,411,1
CAL-02045,CALI,VIF,Comisaria_1_Familia_Cali,2022,70.0,1.25,10,0,487,1
CAL-02046,CALI,ALIMENTOS,Comisaria_3_Familia_Cali,2024,70.0,0.9,8,0,452,1
CAL-02047,CALI,VIF,Juzgado_5_Familia_Cali,2024,70.0,0.95,6,0,426,1
CAL-02048,CALI,ALIMENTOS,Juzgado_Penal_Municipal_2_Cali,2022,70.0,1.15,7,0,523,1
CAL-02049,CALI,VIF,Juzgado_2_Familia_Cali,2023,70.0,1.3,4,0,479,1
CAL-02050,CALI,ALIMENTOS,Juzgado_5_Familia_Cali,2020,70.0,0.95,10,1,651,1
CAL-02051,CALI,ALIMENTOS,Juzgado_Penal_Municipal_2_Cali,2021,70.0,1.15,10,1,690,1
CAL-02052,CALI,ALIMENTOS,Juzgado_3_Familia_Cali,2021,70.0,1.2,8,0,559,1
CAL-02053,CALI,VIF,Juzgado_Penal_Municipal_1_Cali,2023,70.0,1.35,16,0,569,1
CAL-02054,CALI,VIF,Comisaria_1_Familia_Cali,2022,70.0,1.25,7,0,458,1
CAL-02055,CALI,SUSTANCIAS,Juzgado_Penal_Municipal_2_Cali,2021,70.0,1.15,2,0,352,0
CAL-02056,CALI,VIF,Juzgado_1_Familia_Cali,2022,70.0,1.45,6,0,496,1
CAL-02057,CALI,ALIMENTOS,Juzgado_Penal_Municipal_2_Cali,2021,70.0,1.15,2,1,648,1
CAL-02058,CALI,ALIMENTOS,Juzgado_2_Familia_Cali,2024,70.0,1.3,3,1,720,1
CAL-02059,CALI,ALIMENTOS,Comisaria_1_Familia_Cali,2023,70.0,1.25,4,0,539,1
CAL-02060,CALI,ALIMENTOS,Juzgado_3_Familia_Cali,2024,70.0,1.2,12,1,724,1
CAL-02061,CALI,VIF,Comisaria_1_Familia_Cali,2022,70.0,1.25,5,0,449,1
CAL-02062,CALI,ALIMENTOS,Juzgado_3_Familia_Cali,2024,70.0,1.2,4,0,376,0
CAL-02063,CALI,VIF,Juzgado_1_Familia_Cali,2023,70.0,1.45,1,0,448,1
CAL-02064,CALI,VIF,Comisaria_3_Familia_Cali,2024,70.0,0.9,1,0,318,1
CAL-02065,CALI,VIF,Comisaria_2_Familia_Cali,2022,70.0,1.1,2,0,395,1
CAL-02066,CALI,ALIMENTOS,Juzgado_Penal_Municipal_2_Cali,2021,70.0,1.15,6,0,491,1
CAL-02067,CALI,VIF,Comisaria_1_Familia_Cali,2022,70.0,1.25,3,0,422,1
CAL-02068,CALI,ALIMENTOS,Juzgado_2_Familia_Cali,2024,70.0,1.3,2,0,539,1
CAL-02069,CALI,ALIMENTOS,Juzgado_1_Familia_Cali,2024,70.0,1.45,2,1,689,1
CAL-02070,CALI,ALIMENTOS,Comisaria_3_Familia_Cali,2024,70.0,0.9,15,0,528,1
CAL-02071,CALI,ALIMENTOS,Comisaria_2_Familia_Cali,2023,70.0,1.1,2,0,383,0
CAL-02072,CALI,VIF,Juzgado_5_Familia_Cali,2023,70.0,0.95,4,0,391,1
CAL-02073,CALI,VIF,Juzgado_Penal_Municipal_2_Cali,2020,70.0,1.15,12,0,477,1
CAL-02074,CALI,SUSTANCIAS,Juzgado_2_Familia_Cali,2024,70.0,1.3,6,0,525,1
CAL-02075,CALI,VIF,Juzgado_1_Familia_Cali,2024,70.0,1.45,10,0,526,1
CAL-02076,CALI,ALIMENTOS,Comisaria_1_Familia_Cali,2024,70.0,1.25,5,0,547,1
CAL-02077,CALI,ALIMENTOS,Comisaria_1_Familia_Cali,2022,70.0,1.25,9,1,730,1
CAL-02078,CALI,VIF,Juzgado_Penal_Municipal_2_Cali,2023,70.0,1.15,10,0,503,1
CAL-02079,CALI,HURTO_PATRIMONIAL,Juzgado_2_Familia_Cali,2024,70.0,1.3,9,1,376,0
CAL-02080,CALI,VIF,Juzgado_Penal_Municipal_2_Cali,2020,70.0,1.15,5,0,297,0
CAL-02081,CALI,ALIMENTOS,Comisaria_1_Familia_Cali,2023,70.0,1.25,4,1,661,1
CAL-02082,CALI,ALIMENTOS,Juzgado_Penal_Municipal_1_Cali,2023,70.0,1.35,7,1,608,0
CAL-02083,CALI,HURTO_PATRIMONIAL,Juzgado_3_Familia_Cali,2023,70.0,1.2,3,0,363,0
CAL-02084,CALI,VIF,Juzgado_3_Familia_Cali,2020,70.0,1.2,4,0,443,1
CAL-02085,CALI,VIF,Juzgado_Penal_Municipal_2_Cali,2023,70.0,1.15,2,0,398,1
CAL-02086,CALI,SUSTANCIAS,Comisaria_2_Familia_Cali,2023,70.0,1.1,2,0,367,1
CAL-02087,CALI,VIF,Juzgado_2_Familia_Cali,2023,70.0,1.3,3,1,594,1
CAL-02088,CALI,ALIMENTOS,Juzgado_5_Familia_Cali,2024,70.0,0.95,6,1,614,1
CAL-02089,CALI,ALIMENTOS,Juzgado_Penal_Municipal_1_Cali,2023,70.0,1.35,10,1,643,0
CAL-02090,CALI,ALIMENTOS,Juzgado_2_Familia_Cali,2021,70.0,1.3,5,1,696,1
CAL-02091,CALI,VIF,Juzgado_1_Familia_Cali,2023,70.0,1.45,5,0,482,1
CAL-02092,CALI,VIF,Juzgado_3_Familia_Cali,2021,70.0,1.2,5,0,412,1
CAL-02093,CALI,HURTO_PATRIMONIAL,Juzgado_4_Familia_Cali,2024,70.0,1.1,4,0,245,0
CAL-02094,CALI,HURTO_PATRIMONIAL,Comisaria_1_Familia_Cali,2020,70.0,1.25,4,1,608,0
CAL-02095,CALI,HURTO_PATRIMONIAL,Juzgado_Penal_Municipal_1_Cali,2021,70.0,1.35,9,0,627,1
CAL-02096,CALI,VIF,Comisaria_1_Familia_Cali,2021,70.0,1.25,3,0,425,1
CAL-02097,CALI,ALIMENTOS,Juzgado_5_Familia_Cali,2022,70.0,0.95,10,0,498,1
CAL-02098,CALI,HURTO_PATRIMONIAL,Comisaria_2_Familia_Cali,2023,70.0,1.1,7,0,555,1
CAL-02099,CALI,ALIMENTOS,Juzgado_Penal_Municipal_2_Cali,2023,70.0,1.15,3,0,487,1
CAL-02100,CALI,ALIMENTOS,Comisaria_1_Familia_Cali,2024,70.0,1.25,14,1,521,0
CAL-02101,CALI,SUSTANCIAS,Juzgado_5_Familia_Cali,2023,70.0,0.95,8,1,617,1
CAL-02102,CALI,ALIMENTOS,Juzgado_4_Familia_Cali,2023,70.0,1.1,2,1,607,1
CAL-02103,CALI,ALIMENTOS,Comisaria_2_Familia_Cali,2022,70.0,1.1,5,0,487,1
CAL-02104,CALI,SUSTANCIAS,Comisaria_2_Familia_Cali,2024,70.0,1.1,7,0,475,1
CAL-02105,CALI,ALIMENTOS,Juzgado_3_Familia_Cali,2020,70.0,1.2,1,1,640,1
CAL-02106,CALI,ALIMENTOS,Comisaria_2_Familia_Cali,2021,70.0,1.1,2,1,614,1
CAL-02107,CALI,SUSTANCIAS,Juzgado_Penal_Municipal_2_Cali,2024,70.0,1.15,3,0,419,1
CAL-02108,CALI,ALIMENTOS,Comisaria_1_Familia_Cali,2024,70.0,1.25,4,1,703,1
CAL-02109,CALI,VIF,Juzgado_4_Familia_Cali,2024,70.0,1.1,1,0,402,1
CAL-02110,CALI,HURTO_PATRIMONIAL,Juzgado_3_Familia_Cali,2021,70.0,1.2,14,0,621,1
CAL-02111,CALI,ALIMENTOS,Juzgado_Penal_Municipal_2_Cali,2024,70.0,1.15,7,1,664,1
CAL-02112,CALI,VIF,Juzgado_2_Familia_Cali,2023,70.0,1.3,5,0,485,1
CAL-02113,CALI,VIF,Juzgado_4_Familia_Cali,2023,70.0,1.1,10,0,473,1
CAL-02114,CALI,VIF,Comisaria_1_Familia_Cali,2023,70.0,1.25,1,1,561,1
CAL-02115,CALI,ALIMENTOS,Juzgado_5_Familia_Cali,2023,70.0,0.95,3,1,618,1
CAL-02116,CALI,ALIMENTOS,Juzgado_Penal_Municipal_1_Cali,2020,70.0,1.35,2,0,541,1
CAL-02117,CALI,ALIMENTOS,Juzgado_Penal_Municipal_2_Cali,2023,70.0,1.15,7,0,545,1
CAL-02118,CALI,VIF,Comisaria_3_Familia_Cali,2023,70.0,0.9,7,0,402,1
CAL-02119,CALI,HURTO_PATRIMONIAL,Juzgado_3_Familia_Cali,2020,70.0,1.2,7,0,581,1
CAL-02120,CALI,ALIMENTOS,Comisaria_1_Familia_Cali,2024,70.0,1.25,3,1,678,1
CAL-02121,CALI,ALIMENTOS,Juzgado_4_Familia_Cali,2021,70.0,1.1,6,0,438,0
CAL-02122,CALI,VIF,Juzgado_1_Familia_Cali,2022,70.0,1.45,3,0,461,1
CAL-02123,CALI,ALIMENTOS,Comisaria_3_Familia_Cali,2023,70.0,0.9,5,1,613,1
CAL-02124,CALI,VIF,Comisaria_3_Familia_Cali,2024,70.0,0.9,6,0,406,1
CAL-02125,CALI,HURTO_PATRIMONIAL,Juzgado_1_Familia_Cali,2022,70.0,1.45,5,0,642,1
CAL-02126,CALI,HURTO_PATRIMONIAL,Comisaria_2_Familia_Cali,2024,70.0,1.1,3,1,344,0
CAL-02127,CALI,SUSTANCIAS,Juzgado_5_Familia_Cali,2022,70.0,0.95,2,1,523,1
CAL-02128,CALI,ALIMENTOS,Juzgado_Penal_Municipal_1_Cali,2021,70.0,1.35,11,0,591,1
CAL-02129,CALI,ALIMENTOS,Comisaria_1_Familia_Cali,2021,70.0,1.25,4,1,675,1
CAL-02130,CALI,ALIMENTOS,Juzgado_Penal_Municipal_2_Cali,2024,70.0,1.15,2,0,479,1
CAL-02131,CALI,VIF,Comisaria_3_Familia_Cali,2022,70.0,0.9,3,0,359,1
CAL-02132,CALI,SUSTANCIAS,Juzgado_Penal_Municipal_2_Cali,2022,70.0,1.15,7,0,292,0
CAL-02133,CALI,ALIMENTOS,Comisaria_2_Familia_Cali,2024,70.0,1.1,6,1,637,1
CAL-02134,CALI,SUSTANCIAS,Comisaria_2_Familia_Cali,2024,70.0,1.1,4,0,450,1
CAL-02135,CALI,VIF,Juzgado_Penal_Municipal_1_Cali,2022,70.0,1.35,7,1,657,1
CAL-02136,CALI,VIF,Comisaria_3_Familia_Cali,2023,70.0,0.9,4,0,390,1
CAL-02137,CALI,ALIMENTOS,Comisaria_1_Familia_Cali,2024,70.0,1.25,6,0,559,1
CAL-02138,CALI,ALIMENTOS,Juzgado_4_Familia_Cali,2024,70.0,1.1,1,0,498,1
CAL-02139,CALI,VIF,Juzgado_4_Familia_Cali,2024,70.0,1.1,6,0,307,0
CAL-02140,CALI,ALIMENTOS,Juzgado_Penal_Municipal_1_Cali,2024,70.0,1.35,11,0,599,1
CAL-02141,CALI,ALIMENTOS,Juzgado_5_Familia_Cali,2023,70.0,0.95,3,1,541,0
CAL-02142,CALI,ALIMENTOS,Juzgado_Penal_Municipal_1_Cali,2023,70.0,1.35,17,0,692,1
CAL-02143,CALI,ALIMENTOS,Comisaria_3_Familia_Cali,2024,70.0,0.9,5,1,634,1
CAL-02144,CALI,HURTO_PATRIMONIAL,Juzgado_Penal_Municipal_1_Cali,2020,70.0,1.35,4,0,610,1
CAL-02145,CALI,VIF,Juzgado_5_Familia_Cali,2024,70.0,0.95,1,0,366,1
CAL-02146,CALI,VIF,Juzgado_2_Familia_Cali,2020,70.0,1.3,2,0,419,1
CAL-02147,CALI,VIF,Comisaria_3_Familia_Cali,2022,70.0,0.9,11,0,453,1
CAL-02148,CALI,ALIMENTOS,Juzgado_5_Familia_Cali,2022,70.0,0.95,9,0,481,1
CAL-02149,CALI,HURTO_PATRIMONIAL,Juzgado_2_Familia_Cali,2023,70.0,1.3,10,1,486,0
CAL-02150,CALI,VIF,Comisaria_1_Familia_Cali,2022,70.0,1.25,6,1,621,1
CAL-02151,CALI,SUSTANCIAS,Juzgado_1_Familia_Cali,2024,70.0,1.45,5,0,565,1
CAL-02152,CALI,ALIMENTOS,Juzgado_Penal_Municipal_2_Cali,2021,70.0,1.15,6,0,487,1
CAL-02153,CALI,VIF,Juzgado_3_Familia_Cali,2021,70.0,1.2,4,0,412,1
CAL-02154,CALI,HURTO_PATRIMONIAL,Juzgado_3_Familia_Cali,2023,70.0,1.2,2,1,725,1
CAL-02155,CALI,VIF,Juzgado_Penal_Municipal_1_Cali,2021,70.0,1.35,5,1,603,1
CAL-02156,CALI,ALIMENTOS,Juzgado_2_Familia_Cali,2022,70.0,1.3,3,0,514,1
CAL-02157,CALI,ALIMENTOS,Juzgado_1_Familia_Cali,2021,70.0,1.45,2,1,428,0
CAL-02158,CALI,VIF,Juzgado_Penal_Municipal_1_Cali,2021,70.0,1.35,6,1,639,1
CAL-02159,CALI,VIF,Juzgado_4_Familia_Cali,2024,70.0,1.1,3,0,422,1
CAL-02160,CALI,VIF,Juzgado_5_Familia_Cali,2023,70.0,0.95,4,0,388,1
CAL-02161,CALI,VIF,Comisaria_3_Familia_Cali,2023,70.0,0.9,5,0,376,1
CAL-02162,CALI,HURTO_PATRIMONIAL,Juzgado_3_Familia_Cali,2021,70.0,1.2,3,0,547,1
CAL-02163,CALI,ALIMENTOS,Juzgado_2_Familia_Cali,2024,70.0,1.3,3,0,541,1
CAL-02164,CALI,SUSTANCIAS,Juzgado_5_Familia_Cali,2021,70.0,0.95,5,1,527,1
CAL-02165,CALI,ALIMENTOS,Comisaria_3_Familia_Cali,2024,70.0,0.9,1,0,427,1
CAL-02166,CALI,VIF,Juzgado_Penal_Municipal_2_Cali,2024,70.0,1.15,12,0,503,1
CAL-02167,CALI,ALIMENTOS,Comisaria_3_Familia_Cali,2022,70.0,0.9,10,0,504,1
CAL-02168,CALI,ALIMENTOS,Juzgado_1_Familia_Cali,2024,70.0,1.45,3,1,543,0
CAL-02169,CALI,ALIMENTOS,Juzgado_3_Familia_Cali,2022,70.0,1.2,1,1,658,1
CAL-02170,CALI,VIF,Juzgado_1_Familia_Cali,2024,70.0,1.45,1,0,470,1
CAL-02171,CALI,ALIMENTOS,Comisaria_3_Familia_Cali,2024,70.0,0.9,7,0,475,1
CAL-02172,CALI,VIF,Juzgado_Penal_Municipal_1_Cali,2021,70.0,1.35,3,0,435,1
CAL-02173,CALI,ALIMENTOS,Juzgado_Penal_Municipal_1_Cali,2024,70.0,1.35,3,1,377,0
CAL-02174,CALI,VIF,Juzgado_3_Familia_Cali,2024,70.0,1.2,9,0,272,0
CAL-02175,CALI,SUSTANCIAS,Juzgado_Penal_Municipal_2_Cali,2023,70.0,1.15,10,1,645,1
CAL-02176,CALI,ALIMENTOS,Juzgado_1_Familia_Cali,2024,70.0,1.45,8,0,628,1
CAL-02177,CALI,ALIMENTOS,Juzgado_Penal_Municipal_2_Cali,2023,70.0,1.15,2,0,491,1
CAL-02178,CALI,ALIMENTOS,Juzgado_4_Familia_Cali,2020,70.0,1.1,9,0,256,0
CAL-02179,CALI,ALIMENTOS,Comisaria_1_Familia_Cali,2024,70.0,1.25,3,0,521,1
CAL-02180,CALI,SUSTANCIAS,Juzgado_5_Familia_Cali,2022,70.0,0.95,6,1,597,1
CAL-02181,CALI,HURTO_PATRIMONIAL,Comisaria_1_Familia_Cali,2024,70.0,1.25,1,0,553,1
CAL-02182,CALI,VIF,Juzgado_5_Familia_Cali,2024,70.0,0.95,6,1,583,1
CAL-02183,CALI,ALIMENTOS,Juzgado_3_Familia_Cali,2021,70.0,1.2,6,0,508,1
CAL-02184,CALI,VIF,Comisaria_3_Familia_Cali,2022,70.0,0.9,4,0,379,1
CAL-02185,CALI,VIF,Juzgado_Penal_Municipal_1_Cali,2022,70.0,1.35,3,0,427,1
CAL-02186,CALI,VIF,Juzgado_3_Familia_Cali,2024,70.0,1.2,6,0,448,1
CAL-02187,CALI,ALIMENTOS,Juzgado_5_Familia_Cali,2024,70.0,0.95,8,1,404,0
CAL-02188,CALI,VIF,Comisaria_3_Familia_Cali,2022,70.0,0.9,1,0,355,1
CAL-02189,CALI,VIF,Juzgado_4_Familia_Cali,2023,70.0,1.1,6,0,407,1
CAL-02190,CALI,SUSTANCIAS,Juzgado_4_Familia_Cali,2022,70.0,1.1,16,0,314,0
CAL-02191,CALI,VIF,Juzgado_4_Familia_Cali,2024,70.0,1.1,1,0,185,0
CAL-02192,CALI,SUSTANCIAS,Juzgado_1_Familia_Cali,2023,70.0,1.45,10,0,545,1
CAL-02193,CALI,ALIMENTOS,Juzgado_2_Familia_Cali,2024,70.0,1.3,4,0,519,1
CAL-02194,CALI,VIF,Comisaria_1_Familia_Cali,2020,70.0,1.25,9,1,386,0
CAL-02195,CALI,SUSTANCIAS,Juzgado_3_Familia_Cali,2021,70.0,1.2,2,0,419,1
CAL-02196,CALI,ALIMENTOS,Comisaria_2_Familia_Cali,2024,70.0,1.1,5,0,483,1
CAL-02197,CALI,ALIMENTOS,Comisaria_1_Familia_Cali,2022,70.0,1.25,4,0,554,1
CAL-02198,CALI,HURTO_PATRIMONIAL,Juzgado_1_Familia_Cali,2021,70.0,1.45,8,0,683,1
CAL-02199,CALI,VIF,Juzgado_5_Familia_Cali,2021,70.0,0.95,2,0,371,1
CAL-02200,CALI,ALIMENTOS,Juzgado_2_Familia_Cali,2023,70.0,1.3,7,1,709,1
CAL-02201,CALI,ALIMENTOS,Juzgado_5_Familia_Cali,2023,70.0,0.95,5,0,491,1
CAL-02202,CALI,VIF,Juzgado_5_Familia_Cali,2022,70.0,0.95,14,0,486,1
CAL-02203,CALI,ALIMENTOS,Juzgado_4_Familia_Cali,2023,70.0,1.1,4,0,489,1
CAL-02204,CALI,VIF,Comisaria_2_Familia_Cali,2024,70.0,1.1,3,0,393,1
CAL-02205,CALI,VIF,Juzgado_Penal_Municipal_2_Cali,2024,70.0,1.15,2,0,427,1
CAL-02206,CALI,ALIMENTOS,Juzgado_3_Familia_Cali,2021,70.0,1.2,3,0,514,1
CAL-02207,CALI,ALIMENTOS,Juzgado_5_Familia_Cali,2023,70.0,0.95,2,0,444,1
CAL-02208,CALI,SUSTANCIAS,Juzgado_4_Familia_Cali,2020,70.0,1.1,5,0,447,1
CAL-02209,CALI,HURTO_PATRIMONIAL,Juzgado_5_Familia_Cali,2024,70.0,0.95,1,0,490,1
CAL-02210,CALI,HURTO_PATRIMONIAL,Comisaria_2_Familia_Cali,2024,70.0,1.1,2,0,250,0
CAL-02211,CALI,VIF,Comisaria_2_Familia_Cali,2023,70.0,1.1,5,0,439,1
CAL-02212,CALI,VIF,Juzgado_1_Familia_Cali,2022,70.0,1.45,9,0,534,1
CAL-02213,CALI,VIF,Juzgado_5_Familia_Cali,2023,70.0,0.95,2,0,304,0
CAL-02214,CALI,ALIMENTOS,Juzgado_2_Familia_Cali,2024,70.0,1.3,3,1,390,0
CAL-02215,CALI,SUSTANCIAS,Comisaria_3_Familia_Cali,2024,70.0,0.9,4,0,396,1
CAL-02216,CALI,VIF,Juzgado_4_Familia_Cali,2024,70.0,1.1,5,0,427,1
CAL-02217,CALI,VIF,Juzgado_4_Familia_Cali,2022,70.0,1.1,6,0,420,1
CAL-02218,CALI,ALIMENTOS,Juzgado_Penal_Municipal_1_Cali,2021,70.0,1.35,2,0,285,0
CAL-02219,CALI,VIF,Comisaria_1_Familia_Cali,2022,70.0,1.25,3,0,415,1
CAL-02220,CALI,SUSTANCIAS,Comisaria_3_Familia_Cali,2023,70.0,0.9,3,1,547,1
CAL-02221,CALI,VIF,Comisaria_3_Familia_Cali,2024,70.0,0.9,4,0,385,1
CAL-02222,CALI,SUSTANCIAS,Juzgado_Penal_Municipal_2_Cali,2023,70.0,1.15,3,0,206,0
CAL-02223,CALI,ALIMENTOS,Comisaria_2_Familia_Cali,2024,70.0,1.1,6,1,672,1
CAL-02224,CALI,ALIMENTOS,Comisaria_1_Familia_Cali,2022,70.0,1.25,4,1,692,1
CAL-02225,CALI,VIF,Juzgado_Penal_Municipal_1_Cali,2024,70.0,1.35,5,0,488,1
CAL-02226,CALI,HURTO_PATRIMONIAL,Comisaria_1_Familia_Cali,2024,70.0,1.25,4,1,729,1
CAL-02227,CALI,SUSTANCIAS,Comisaria_2_Familia_Cali,2023,70.0,1.1,8,0,479,1
CAL-02228,CALI,VIF,Comisaria_3_Familia_Cali,2024,70.0,0.9,1,0,277,0
CAL-02229,CALI,ALIMENTOS,Comisaria_2_Familia_Cali,2022,70.0,1.1,6,1,631,1
CAL-02230,CALI,ALIMENTOS,Juzgado_4_Familia_Cali,2024,70.0,1.1,4,1,635,1
CAL-02231,CALI,ALIMENTOS,Juzgado_4_Familia_Cali,2022,70.0,1.1,6,0,486,1
CAL-02232,CALI,VIF,Comisaria_2_Familia_Cali,2023,70.0,1.1,8,0,445,1
CAL-02233,CALI,SUSTANCIAS,Juzgado_Penal_Municipal_2_Cali,2022,70.0,1.15,19,0,586,1
CAL-02234,CALI,HURTO_PATRIMONIAL,Comisaria_2_Familia_Cali,2023,70.0,1.1,11,1,376,0
CAL-02235,CALI,SUSTANCIAS,Juzgado_4_Familia_Cali,2024,70.0,1.1,3,1,562,1
CAL-02236,CALI,VIF,Juzgado_3_Familia_Cali,2023,70.0,1.2,9,0,472,1
CAL-02237,CALI,ALIMENTOS,Juzgado_Penal_Municipal_1_Cali,2020,70.0,1.35,2,0,360,0
CAL-02238,CALI,VIF,Comisaria_3_Familia_Cali,2023,70.0,0.9,1,0,339,1
CAL-02239,CALI,HURTO_PATRIMONIAL,Juzgado_3_Familia_Cali,2022,70.0,1.2,2,0,551,1
CAL-02240,CALI,SUSTANCIAS,Juzgado_4_Familia_Cali,2023,70.0,1.1,2,0,427,1
CAL-02241,CALI,VIF,Comisaria_1_Familia_Cali,2023,70.0,1.25,4,0,428,1
CAL-02242,CALI,HURTO_PATRIMONIAL,Comisaria_3_Familia_Cali,2023,70.0,0.9,3,1,593,1
CAL-02243,CALI,VIF,Juzgado_4_Familia_Cali,2024,70.0,1.1,4,0,421,1
CAL-02244,CALI,ALIMENTOS,Comisaria_3_Familia_Cali,2024,70.0,0.9,5,1,613,1
CAL-02245,CALI,VIF,Juzgado_2_Familia_Cali,2024,70.0,1.3,4,1,597,1
CAL-02246,CALI,HURTO_PATRIMONIAL,Juzgado_5_Familia_Cali,2020,70.0,0.95,2,0,442,1
CAL-02247,CALI,ALIMENTOS,Juzgado_3_Familia_Cali,2020,70.0,1.2,4,1,664,1
CAL-02248,CALI,ALIMENTOS,Juzgado_5_Familia_Cali,2021,70.0,0.95,11,0,379,0
CAL-02249,CALI,VIF,Juzgado_2_Familia_Cali,2021,70.0,1.3,6,1,621,1
CAL-02250,CALI,ALIMENTOS,Juzgado_4_Familia_Cali,2023,70.0,1.1,5,1,670,1
CAL-02251,CALI,VIF,Juzgado_4_Familia_Cali,2024,70.0,1.1,1,0,384,1
CAL-02252,CALI,ALIMENTOS,Comisaria_2_Familia_Cali,2023,70.0,1.1,8,1,664,1
CAL-02253,CALI,VIF,Juzgado_3_Familia_Cali,2021,70.0,1.2,5,0,446,1
CAL-02254,CALI,ALIMENTOS,Juzgado_4_Familia_Cali,2023,70.0,1.1,1,1,623,1
CAL-02255,CALI,VIF,Juzgado_1_Familia_Cali,2023,70.0,1.45,6,0,498,1
CAL-02256,CALI,ALIMENTOS,Juzgado_3_Familia_Cali,2021,70.0,1.2,2,0,498,1
CAL-02257,CALI,ALIMENTOS,Juzgado_3_Familia_Cali,2024,70.0,1.2,3,1,650,1
CAL-02258,CALI,SUSTANCIAS,Juzgado_4_Familia_Cali,2024,70.0,1.1,7,0,467,1
CAL-02259,CALI,VIF,Comisaria_1_Familia_Cali,2024,70.0,1.25,4,0,482,1
CAL-02260,CALI,ALIMENTOS,Juzgado_2_Familia_Cali,2024,70.0,1.3,4,1,580,0
CAL-02261,CALI,HURTO_PATRIMONIAL,Juzgado_1_Familia_Cali,2024,70.0,1.45,6,0,670,1
CAL-02262,CALI,ALIMENTOS,Juzgado_3_Familia_Cali,2023,70.0,1.2,11,0,555,1
CAL-02263,CALI,ALIMENTOS,Juzgado_Penal_Municipal_1_Cali,2022,70.0,1.35,7,1,334,0
CAL-02264,CALI,SUSTANCIAS,Juzgado_4_Familia_Cali,2022,70.0,1.1,4,1,602,1
CAL-02265,CALI,SUSTANCIAS,Juzgado_2_Familia_Cali,2023,70.0,1.3,5,0,477,1
CAL-02266,CALI,ALIMENTOS,Juzgado_4_Familia_Cali,2022,70.0,1.1,6,0,511,1
CAL-02267,CALI,ALIMENTOS,Juzgado_4_Familia_Cali,2020,70.0,1.1,6,1,687,1
CAL-02268,CALI,SUSTANCIAS,Juzgado_5_Familia_Cali,2024,70.0,0.95,3,0,432,1
CAL-02269,CALI,HURTO_PATRIMONIAL,Comisaria_1_Familia_Cali,2023,70.0,1.25,2,0,556,1
CAL-02270,CALI,HURTO_PATRIMONIAL,Juzgado_5_Familia_Cali,2024,70.0,0.95,4,0,483,1
CAL-02271,CALI,VIF,Juzgado_3_Familia_Cali,2020,70.0,1.2,7,0,468,1
CAL-02272,CALI,HURTO_PATRIMONIAL,Comisaria_1_Familia_Cali,2023,70.0,1.25,3,0,561,1
CAL-02273,CALI,ALIMENTOS,Juzgado_5_Familia_Cali,2022,70.0,0.95,11,0,523,1
CAL-02274,CALI,ALIMENTOS,Comisaria_2_Familia_Cali,2023,70.0,1.1,1,0,467,1
CAL-02275,CALI,ALIMENTOS,Juzgado_Penal_Municipal_2_Cali,2020,70.0,1.15,5,1,697,1
CAL-02276,CALI,VIF,Juzgado_1_Familia_Cali,2021,70.0,1.45,3,0,356,0
CAL-02277,CALI,VIF,Juzgado_Penal_Municipal_1_Cali,2023,70.0,1.35,14,0,556,1
CAL-02278,CALI,ALIMENTOS,Juzgado_5_Familia_Cali,2024,70.0,0.95,5,1,621,1
CAL-02279,CALI,VIF,Juzgado_5_Familia_Cali,2022,70.0,0.95,1,0,344,1
CAL-02280,CALI,ALIMENTOS,Comisaria_3_Familia_Cali,2024,70.0,0.9,7,0,495,1
CAL-02281,CALI,VIF,Juzgado_2_Familia_Cali,2021,70.0,1.3,13,0,526,1
CAL-02282,CALI,ALIMENTOS,Juzgado_5_Familia_Cali,2022,70.0,0.95,1,1,566,1
CAL-02283,CALI,SUSTANCIAS,Juzgado_Penal_Municipal_1_Cali,2023,70.0,1.35,5,0,520,1
CAL-02284,CALI,SUSTANCIAS,Juzgado_Penal_Municipal_2_Cali,2024,70.0,1.15,5,0,347,0
CAL-02285,CALI,ALIMENTOS,Juzgado_5_Familia_Cali,2023,70.0,0.95,4,0,446,1
CAL-02286,CALI,SUSTANCIAS,Comisaria_2_Familia_Cali,2023,70.0,1.1,3,0,448,1
CAL-02287,CALI,ALIMENTOS,Comisaria_3_Familia_Cali,2024,70.0,0.9,3,1,601,1
CAL-02288,CALI,VIF,Juzgado_5_Familia_Cali,2020,70.0,0.95,9,0,415,1
CAL-02289,CALI,ALIMENTOS,Comisaria_2_Familia_Cali,2020,70.0,1.1,7,1,631,1
CAL-02290,CALI,ALIMENTOS,Juzgado_Penal_Municipal_1_Cali,2024,70.0,1.35,3,1,719,1
CAL-02291,CALI,ALIMENTOS,Comisaria_3_Familia_Cali,2023,70.0,0.9,6,0,485,1
CAL-02292,CALI,ALIMENTOS,Comisaria_2_Familia_Cali,2020,70.0,1.1,5,1,648,1
CAL-02293,CALI,SUSTANCIAS,Comisaria_3_Familia_Cali,2021,70.0,0.9,10,0,449,1
CAL-02294,CALI,VIF,Juzgado_Penal_Municipal_2_Cali,2023,70.0,1.15,4,1,557,1
CAL-02295,CALI,VIF,Juzgado_2_Familia_Cali,2022,70.0,1.3,3,0,442,1
CAL-02296,CALI,VIF,Comisaria_1_Familia_Cali,2024,70.0,1.25,6,0,452,1
CAL-02297,CALI,ALIMENTOS,Juzgado_Penal_Municipal_2_Cali,2024,70.0,1.15,3,0,515,1
CAL-02298,CALI,SUSTANCIAS,Juzgado_Penal_Municipal_2_Cali,2022,70.0,1.15,4,0,446,1
CAL-02299,CALI,VIF,Juzgado_2_Familia_Cali,2021,70.0,1.3,3,0,415,1
CAL-02300,CALI,ALIMENTOS,Juzgado_Penal_Municipal_1_Cali,2024,70.0,1.35,3,0,554,1
CAL-02301,CALI,SUSTANCIAS,Juzgado_3_Familia_Cali,2020,70.0,1.2,9,0,480,1
CAL-02302,CALI,ALIMENTOS,Juzgado_1_Familia_Cali,2024,70.0,1.45,2,0,545,1
CAL-02303,CALI,ALIMENTOS,Juzgado_Penal_Municipal_1_Cali,2023,70.0,1.35,7,0,600,1
CAL-02304,CALI,VIF,Juzgado_2_Familia_Cali,2024,70.0,1.3,3,0,444,1
CAL-02305,CALI,VIF,Juzgado_2_Familia_Cali,2024,70.0,1.3,3,0,462,1
CAL-02306,CALI,SUSTANCIAS,Juzgado_3_Familia_Cali,2024,70.0,1.2,1,0,460,1
CAL-02307,CALI,VIF,Comisaria_3_Familia_Cali,2024,70.0,0.9,2,0,358,1
CAL-02308,CALI,ALIMENTOS,Juzgado_Penal_Municipal_1_Cali,2023,70.0,1.35,7,0,563,1
CAL-02309,CALI,ALIMENTOS,Juzgado_4_Familia_Cali,2024,70.0,1.1,1,0,484,1
CAL-02310,CALI,ALIMENTOS,Juzgado_2_Familia_Cali,2024,70.0,1.3,4,0,536,1
CAL-02311,CALI,ALIMENTOS,Juzgado_4_Familia_Cali,2022,70.0,1.1,3,1,618,1
CAL-02312,CALI,VIF,Juzgado_Penal_Municipal_2_Cali,2021,70.0,1.15,7,1,605,1
CAL-02313,CALI,VIF,Juzgado_3_Familia_Cali,2024,70.0,1.2,1,1,547,1
CAL-02314,CALI,ALIMENTOS,Juzgado_2_Familia_Cali,2021,70.0,1.3,4,1,673,1
CAL-02315,CALI,VIF,Juzgado_Penal_Municipal_2_Cali,2021,70.0,1.15,8,1,606,1
CAL-02316,CALI,ALIMENTOS,Comisaria_3_Familia_Cali,2024,70.0,0.9,3,1,574,1
CAL-02317,CALI,VIF,Juzgado_Penal_Municipal_1_Cali,2023,70.0,1.35,8,0,512,1
CAL-02318,CALI,ALIMENTOS,Comisaria_3_Familia_Cali,2024,70.0,0.9,7,0,466,1
CAL-02319,CALI,ALIMENTOS,Juzgado_5_Familia_Cali,2020,70.0,0.95,10,0,482,1
CAL-02320,CALI,HURTO_PATRIMONIAL,Juzgado_Penal_Municipal_1_Cali,2021,70.0,1.35,10,0,653,1
CAL-02321,CALI,VIF,Juzgado_5_Familia_Cali,2023,70.0,0.95,9,1,606,1
CAL-02322,CALI,VIF,Juzgado_5_Familia_Cali,2022,70.0,0.95,2,0,356,1
CAL-02323,CALI,ALIMENTOS,Juzgado_1_Familia_Cali,2024,70.0,1.45,3,0,611,1
CAL-02324,CALI,ALIMENTOS,Juzgado_Penal_Municipal_2_Cali,2021,70.0,1.15,3,0,509,1
CAL-02325,CALI,VIF,Comisaria_2_Familia_Cali,2024,70.0,1.1,4,0,399,1
CAL-02326,CALI,ALIMENTOS,Juzgado_2_Familia_Cali,2024,70.0,1.3,6,0,542,1
CAL-02327,CALI,VIF,Comisaria_1_Familia_Cali,2022,70.0,1.25,6,1,617,1
CAL-02328,CALI,VIF,Comisaria_1_Familia_Cali,2023,70.0,1.25,3,0,205,0
CAL-02329,CALI,ALIMENTOS,Juzgado_Penal_Municipal_1_Cali,2024,70.0,1.35,9,0,608,1
CAL-02330,CALI,ALIMENTOS,Comisaria_3_Familia_Cali,2023,70.0,0.9,3,0,430,1
CAL-02331,CALI,VIF,Juzgado_4_Familia_Cali,2023,70.0,1.1,6,0,421,1
CAL-02332,CALI,VIF,Juzgado_4_Familia_Cali,2020,70.0,1.1,1,0,379,1
CAL-02333,CALI,VIF,Juzgado_3_Familia_Cali,2024,70.0,1.2,1,0,404,1
CAL-02334,CALI,HURTO_PATRIMONIAL,Juzgado_1_Familia_Cali,2021,70.0,1.45,2,0,601,1
CAL-02335,CALI,VIF,Juzgado_Penal_Municipal_1_Cali,2022,70.0,1.35,1,0,399,1
CAL-02336,CALI,VIF,Comisaria_2_Familia_Cali,2020,70.0,1.1,13,1,630,1
CAL-02337,CALI,VIF,Juzgado_1_Familia_Cali,2021,70.0,1.45,3,0,481,1
CAL-02338,CALI,HURTO_PATRIMONIAL,Juzgado_Penal_Municipal_2_Cali,2022,70.0,1.15,2,0,535,1
CAL-02339,CALI,HURTO_PATRIMONIAL,Juzgado_Penal_Municipal_2_Cali,2020,70.0,1.15,3,0,475,1
CAL-02340,CALI,ALIMENTOS,Juzgado_Penal_Municipal_2_Cali,2023,70.0,1.15,6,0,535,1
CAL-02341,CALI,VIF,Juzgado_4_Familia_Cali,2024,70.0,1.1,2,0,397,1
CAL-02342,CALI,VIF,Comisaria_2_Familia_Cali,2024,70.0,1.1,3,0,405,1
CAL-02343,CALI,ALIMENTOS,Juzgado_1_Familia_Cali,2023,70.0,1.45,8,0,617,1
CAL-02344,CALI,VIF,Juzgado_5_Familia_Cali,2020,70.0,0.95,4,0,387,1
CAL-02345,CALI,HURTO_PATRIMONIAL,Juzgado_2_Familia_Cali,2022,70.0,1.3,1,0,580,1
CAL-02346,CALI,VIF,Juzgado_4_Familia_Cali,2023,70.0,1.1,4,1,548,1
CAL-02347,CALI,VIF,Juzgado_5_Familia_Cali,2021,70.0,0.95,5,0,412,1
CAL-02348,CALI,ALIMENTOS,Juzgado_1_Familia_Cali,2024,70.0,1.45,1,1,689,1
CAL-02349,CALI,ALIMENTOS,Juzgado_2_Familia_Cali,2023,70.0,1.3,14,1,462,0
CAL-02350,CALI,VIF,Comisaria_3_Familia_Cali,2023,70.0,0.9,3,0,381,1
CAL-02351,CALI,HURTO_PATRIMONIAL,Comisaria_3_Familia_Cali,2022,70.0,0.9,4,0,305,0
CAL-02352,CALI,VIF,Juzgado_1_Familia_Cali,2021,70.0,1.45,8,0,519,1
CAL-02353,CALI,ALIMENTOS,Juzgado_2_Familia_Cali,2024,70.0,1.3,4,0,555,1
CAL-02354,CALI,VIF,Comisaria_2_Familia_Cali,2020,70.0,1.1,4,1,566,1
CAL-02355,CALI,ALIMENTOS,Comisaria_3_Familia_Cali,2023,70.0,0.9,6,1,608,1
CAL-02356,CALI,ALIMENTOS,Comisaria_2_Familia_Cali,2024,70.0,1.1,4,1,642,1
CAL-02357,CALI,SUSTANCIAS,Juzgado_3_Familia_Cali,2022,70.0,1.2,3,0,446,1
CAL-02358,CALI,ALIMENTOS,Juzgado_4_Familia_Cali,2022,70.0,1.1,2,0,467,1
CAL-02359,CALI,SUSTANCIAS,Juzgado_Penal_Municipal_1_Cali,2022,70.0,1.35,5,0,489,1
CAL-02360,CALI,SUSTANCIAS,Juzgado_Penal_Municipal_2_Cali,2024,70.0,1.15,3,1,601,1
CAL-02361,CALI,HURTO_PATRIMONIAL,Juzgado_3_Familia_Cali,2021,70.0,1.2,2,0,558,1
CAL-02362,CALI,VIF,Juzgado_1_Familia_Cali,2021,70.0,1.45,2,0,460,1
CAL-02363,CALI,SUSTANCIAS,Comisaria_1_Familia_Cali,2021,70.0,1.25,18,0,572,1
CAL-02364,CALI,VIF,Juzgado_3_Familia_Cali,2022,70.0,1.2,8,0,462,1
CAL-02365,CALI,SUSTANCIAS,Juzgado_4_Familia_Cali,2022,70.0,1.1,1,0,399,1
CAL-02366,CALI,HURTO_PATRIMONIAL,Juzgado_4_Familia_Cali,2024,70.0,1.1,8,1,401,0
CAL-02367,CALI,HURTO_PATRIMONIAL,Juzgado_1_Familia_Cali,2024,70.0,1.45,6,1,422,0
CAL-02368,CALI,VIF,Juzgado_4_Familia_Cali,2024,70.0,1.1,1,1,570,1
CAL-02369,CALI,VIF,Comisaria_3_Familia_Cali,2021,70.0,0.9,5,1,528,1
CAL-02370,CALI,HURTO_PATRIMONIAL,Comisaria_3_Familia_Cali,2022,70.0,0.9,2,1,613,1
CAL-02371,CALI,HURTO_PATRIMONIAL,Juzgado_3_Familia_Cali,2021,70.0,1.2,5,1,712,1
CAL-02372,CALI,VIF,Comisaria_1_Familia_Cali,2024,70.0,1.25,3,1,599,1
CAL-02373,CALI,HURTO_PATRIMONIAL,Juzgado_4_Familia_Cali,2021,70.0,1.1,10,0,575,1
CAL-02374,CALI,ALIMENTOS,Comisaria_2_Familia_Cali,2024,70.0,1.1,4,0,512,1
CAL-02375,CALI,HURTO_PATRIMONIAL,Juzgado_Penal_Municipal_2_Cali,2021,70.0,1.15,7,0,554,1
CAL-02376,CALI,VIF,Comisaria_3_Familia_Cali,2021,70.0,0.9,13,0,317,0
CAL-02377,CALI,VIF,Comisaria_1_Familia_Cali,2023,70.0,1.25,12,0,512,1
CAL-02378,CALI,VIF,Comisaria_1_Familia_Cali,2023,70.0,1.25,1,0,412,1
CAL-02379,CALI,ALIMENTOS,Comisaria_2_Familia_Cali,2022,70.0,1.1,1,0,453,1
CAL-02380,CALI,ALIMENTOS,Juzgado_3_Familia_Cali,2024,70.0,1.2,5,0,529,1
CAL-02381,CALI,VIF,Juzgado_2_Familia_Cali,2024,70.0,1.3,3,0,439,1
CAL-02382,CALI,SUSTANCIAS,Juzgado_4_Familia_Cali,2023,70.0,1.1,3,0,425,1
CAL-02383,CALI,SUSTANCIAS,Juzgado_4_Familia_Cali,2021,70.0,1.1,2,0,432,1
CAL-02384,CALI,SUSTANCIAS,Juzgado_Penal_Municipal_1_Cali,2022,70.0,1.35,18,0,337,0
CAL-02385,CALI,ALIMENTOS,Comisaria_2_Familia_Cali,2023,70.0,1.1,4,0,500,1
CAL-02386,CALI,ALIMENTOS,Juzgado_2_Familia_Cali,2024,70.0,1.3,8,0,559,1
CAL-02387,CALI,VIF,Juzgado_5_Familia_Cali,2023,70.0,0.95,7,0,409,1
CAL-02388,CALI,ALIMENTOS,Juzgado_5_Familia_Cali,2022,70.0,0.95,7,0,499,1
CAL-02389,CALI,ALIMENTOS,Juzgado_1_Familia_Cali,2024,70.0,1.45,4,0,579,1
CAL-02390,CALI,SUSTANCIAS,Juzgado_2_Familia_Cali,2022,70.0,1.3,5,0,500,1
CAL-02391,CALI,VIF,Juzgado_Penal_Municipal_1_Cali,2024,70.0,1.35,3,0,458,1
CAL-02392,CALI,VIF,Juzgado_2_Familia_Cali,2023,70.0,1.3,3,0,440,1
CAL-02393,CALI,HURTO_PATRIMONIAL,Juzgado_3_Familia_Cali,2024,70.0,1.2,1,0,348,0
CAL-02394,CALI,VIF,Juzgado_Penal_Municipal_2_Cali,2024,70.0,1.15,7,0,477,1
CAL-02395,CALI,ALIMENTOS,Juzgado_5_Familia_Cali,2024,70.0,0.95,3,0,480,1
CAL-02396,CALI,HURTO_PATRIMONIAL,Juzgado_Penal_Municipal_1_Cali,2024,70.0,1.35,2,1,436,0
CAL-02397,CALI,ALIMENTOS,Juzgado_4_Familia_Cali,2024,70.0,1.1,7,1,696,1
CAL-02398,CALI,HURTO_PATRIMONIAL,Juzgado_5_Familia_Cali,2021,70.0,0.95,2,1,610,1
CAL-02399,CALI,ALIMENTOS,Juzgado_4_Familia_Cali,2022,70.0,1.1,9,0,539,1
CAL-02400,CALI,HURTO_PATRIMONIAL,Juzgado_Penal_Municipal_1_Cali,2024,70.0,1.35,20,0,719,1
CAL-02401,CALI,ALIMENTOS,Comisaria_2_Familia_Cali,2022,70.0,1.1,8,0,507,1
CAL-02402,CALI,HURTO_PATRIMONIAL,Juzgado_5_Familia_Cali,2022,70.0,0.95,2,0,490,1
CAL-02403,CALI,ALIMENTOS,Juzgado_4_Familia_Cali,2024,70.0,1.1,8,0,549,1
CAL-02404,CALI,ALIMENTOS,Comisaria_3_Familia_Cali,2022,70.0,0.9,4,1,597,1
CAL-02405,CALI,HURTO_PATRIMONIAL,Juzgado_3_Familia_Cali,2024,70.0,1.2,4,1,444,0
CAL-02406,CALI,ALIMENTOS,Comisaria_2_Familia_Cali,2022,70.0,1.1,5,1,658,1
CAL-02407,CALI,ALIMENTOS,Comisaria_1_Familia_Cali,2023,70.0,1.25,6,0,545,1
CAL-02408,CALI,ALIMENTOS,Juzgado_Penal_Municipal_1_Cali,2022,70.0,1.35,6,0,578,1
CAL-02409,CALI,VIF,Juzgado_2_Familia_Cali,2022,70.0,1.3,6,1,629,1
CAL-02410,CALI,ALIMENTOS,Comisaria_1_Familia_Cali,2021,70.0,1.25,4,1,656,1
CAL-02411,CALI,ALIMENTOS,Juzgado_Penal_Municipal_2_Cali,2024,70.0,1.15,6,0,513,1
CAL-02412,CALI,ALIMENTOS,Juzgado_4_Familia_Cali,2022,70.0,1.1,2,0,451,1
CAL-02413,CALI,ALIMENTOS,Comisaria_2_Familia_Cali,2024,70.0,1.1,1,1,618,1
CAL-02414,CALI,ALIMENTOS,Juzgado_Penal_Municipal_2_Cali,2022,70.0,1.15,2,0,504,1
CAL-02415,CALI,HURTO_PATRIMONIAL,Juzgado_2_Familia_Cali,2024,70.0,1.3,5,1,631,0
CAL-02416,CALI,ALIMENTOS,Juzgado_3_Familia_Cali,2022,70.0,1.2,2,1,633,1
CAL-02417,CALI,HURTO_PATRIMONIAL,Juzgado_5_Familia_Cali,2023,70.0,0.95,4,1,395,0
CAL-02418,CALI,VIF,Comisaria_2_Familia_Cali,2021,70.0,1.1,1,0,414,1
CAL-02419,CALI,HURTO_PATRIMONIAL,Comisaria_2_Familia_Cali,2022,70.0,1.1,4,0,539,1
CAL-02420,CALI,VIF,Comisaria_1_Familia_Cali,2020,70.0,1.25,11,0,483,1
CAL-02421,CALI,VIF,Juzgado_Penal_Municipal_2_Cali,2023,70.0,1.15,1,0,400,1
CAL-02422,CALI,ALIMENTOS,Juzgado_Penal_Municipal_2_Cali,2023,70.0,1.15,17,0,638,1
CAL-02423,CALI,SUSTANCIAS,Juzgado_2_Familia_Cali,2023,70.0,1.3,4,0,482,1
CAL-02424,CALI,VIF,Juzgado_Penal_Municipal_1_Cali,2022,70.0,1.35,1,0,436,1
CAL-02425,CALI,ALIMENTOS,Juzgado_Penal_Municipal_2_Cali,2023,70.0,1.15,7,0,337,0
CAL-02426,CALI,HURTO_PATRIMONIAL,Juzgado_3_Familia_Cali,2022,70.0,1.2,3,1,431,0
CAL-02427,CALI,ALIMENTOS,Juzgado_5_Familia_Cali,2024,70.0,0.95,11,0,513,1
CAL-02428,CALI,VIF,Comisaria_1_Familia_Cali,2022,70.0,1.25,5,0,449,1
CAL-02429,CALI,VIF,Juzgado_2_Familia_Cali,2023,70.0,1.3,2,0,436,1
CAL-02430,CALI,ALIMENTOS,Juzgado_Penal_Municipal_1_Cali,2022,70.0,1.35,3,0,510,1
CAL-02431,CALI,ALIMENTOS,Comisaria_2_Familia_Cali,2024,70.0,1.1,4,0,466,1
CAL-02432,CALI,VIF,Juzgado_2_Familia_Cali,2021,70.0,1.3,4,0,466,1
CAL-02433,CALI,ALIMENTOS,Juzgado_3_Familia_Cali,2024,70.0,1.2,8,0,479,0
CAL-02434,CALI,SUSTANCIAS,Juzgado_1_Familia_Cali,2023,70.0,1.45,7,0,561,1
CAL-02435,CALI,VIF,Juzgado_Penal_Municipal_2_Cali,2021,70.0,1.15,3,1,583,1
CAL-02436,CALI,VIF,Juzgado_Penal_Municipal_1_Cali,2023,70.0,1.35,5,0,474,1
CAL-02437,CALI,VIF,Juzgado_Penal_Municipal_1_Cali,2024,70.0,1.35,3,0,470,1
CAL-02438,CALI,ALIMENTOS,Comisaria_1_Familia_Cali,2023,70.0,1.25,6,1,723,1
CAL-02439,CALI,VIF,Juzgado_2_Familia_Cali,2024,70.0,1.3,3,0,476,1
CAL-02440,CALI,VIF,Juzgado_4_Familia_Cali,2024,70.0,1.1,3,0,414,1
CAL-02441,CALI,ALIMENTOS,Juzgado_5_Familia_Cali,2021,70.0,0.95,6,0,464,1
CAL-02442,CALI,VIF,Juzgado_1_Familia_Cali,2022,70.0,1.45,1,0,460,1
CAL-02443,CALI,ALIMENTOS,Juzgado_Penal_Municipal_2_Cali,2023,70.0,1.15,1,0,495,1
CAL-02444,CALI,ALIMENTOS,Juzgado_Penal_Municipal_1_Cali,2022,70.0,1.35,6,0,568,1
CAL-02445,CALI,ALIMENTOS,Comisaria_2_Familia_Cali,2022,70.0,1.1,2,0,499,1
CAL-02446,CALI,ALIMENTOS,Juzgado_Penal_Municipal_1_Cali,2023,70.0,1.35,10,1,679,0
CAL-02447,CALI,ALIMENTOS,Juzgado_Penal_Municipal_2_Cali,2021,70.0,1.15,7,0,526,1
CAL-02448,CALI,VIF,Juzgado_Penal_Municipal_2_Cali,2020,70.0,1.15,6,0,442,1
CAL-02449,CALI,ALIMENTOS,Juzgado_1_Familia_Cali,2022,70.0,1.45,3,1,707,1
CAL-02450,CALI,SUSTANCIAS,Juzgado_5_Familia_Cali,2023,70.0,0.95,18,0,535,1
CAL-02451,CALI,SUSTANCIAS,Comisaria_1_Familia_Cali,2024,70.0,1.25,10,0,529,1
CAL-02452,CALI,ALIMENTOS,Comisaria_2_Familia_Cali,2024,70.0,1.1,2,0,482,1
CAL-02453,CALI,HURTO_PATRIMONIAL,Juzgado_3_Familia_Cali,2020,70.0,1.2,5,0,572,1
CAL-02454,CALI,ALIMENTOS,Comisaria_1_Familia_Cali,2021,70.0,1.25,1,0,519,1
CAL-02455,CALI,SUSTANCIAS,Comisaria_2_Familia_Cali,2020,70.0,1.1,4,0,466,1
CAL-02456,CALI,HURTO_PATRIMONIAL,Comisaria_2_Familia_Cali,2023,70.0,1.1,12,0,618,1
CAL-02457,CALI,ALIMENTOS,Comisaria_2_Familia_Cali,2022,70.0,1.1,1,0,479,1
CAL-02458,CALI,SUSTANCIAS,Juzgado_Penal_Municipal_1_Cali,2022,70.0,1.35,10,0,556,1
CAL-02459,CALI,ALIMENTOS,Juzgado_1_Familia_Cali,2021,70.0,1.45,4,1,723,1
CAL-02460,CALI,ALIMENTOS,Comisaria_3_Familia_Cali,2020,70.0,0.9,4,0,405,1
CAL-02461,CALI,HURTO_PATRIMONIAL,Juzgado_Penal_Municipal_2_Cali,2023,70.0,1.15,2,1,694,1
CAL-02462,CALI,VIF,Comisaria_2_Familia_Cali,2021,70.0,1.1,4,0,405,1
CAL-02463,CALI,VIF,Juzgado_Penal_Municipal_1_Cali,2023,70.0,1.35,8,0,507,1
CAL-02464,CALI,VIF,Juzgado_4_Familia_Cali,2023,70.0,1.1,10,0,477,1
CAL-02465,CALI,ALIMENTOS,Juzgado_2_Familia_Cali,2024,70.0,1.3,14,0,598,1
CAL-02466,CALI,ALIMENTOS,Juzgado_1_Familia_Cali,2023,70.0,1.45,4,1,489,0
CAL-02467,CALI,ALIMENTOS,Juzgado_5_Familia_Cali,2023,70.0,0.95,2,1,585,1
CAL-02468,CALI,VIF,Comisaria_1_Familia_Cali,2024,70.0,1.25,3,0,443,1
CAL-02469,CALI,ALIMENTOS,Juzgado_Penal_Municipal_2_Cali,2022,70.0,1.15,4,0,492,1
CAL-02470,CALI,ALIMENTOS,Comisaria_1_Familia_Cali,2023,70.0,1.25,5,0,523,1
CAL-02471,CALI,ALIMENTOS,Juzgado_Penal_Municipal_2_Cali,2022,70.0,1.15,12,0,580,1
CAL-02472,CALI,VIF,Juzgado_4_Familia_Cali,2023,70.0,1.1,7,1,612,1
CAL-02473,CALI,HURTO_PATRIMONIAL,Juzgado_1_Familia_Cali,2023,70.0,1.45,4,1,467,0
CAL-02474,CALI,SUSTANCIAS,Juzgado_5_Familia_Cali,2022,70.0,0.95,4,0,396,1
CAL-02475,CALI,ALIMENTOS,Comisaria_2_Familia_Cali,2020,70.0,1.1,1,1,604,1
CAL-02476,CALI,VIF,Juzgado_4_Familia_Cali,2020,70.0,1.1,8,1,608,1
CAL-02477,CALI,VIF,Comisaria_2_Familia_Cali,2021,70.0,1.1,6,0,434,1
CAL-02478,CALI,ALIMENTOS,Juzgado_3_Familia_Cali,2024,70.0,1.2,9,1,573,0
CAL-02479,CALI,VIF,Juzgado_4_Familia_Cali,2021,70.0,1.1,4,0,397,1
CAL-02480,CALI,HURTO_PATRIMONIAL,Comisaria_2_Familia_Cali,2023,70.0,1.1,1,0,512,1
CAL-02481,CALI,HURTO_PATRIMONIAL,Juzgado_1_Familia_Cali,2020,70.0,1.45,5,0,651,1
CAL-02482,CALI,ALIMENTOS,Juzgado_2_Familia_Cali,2024,70.0,1.3,3,0,528,1
CAL-02483,CALI,HURTO_PATRIMONIAL,Juzgado_1_Familia_Cali,2023,70.0,1.45,7,0,365,0
CAL-02484,CALI,ALIMENTOS,Juzgado_4_Familia_Cali,2024,70.0,1.1,7,0,524,1
CAL-02485,CALI,VIF,Comisaria_3_Familia_Cali,2024,70.0,0.9,2,0,389,1
CAL-02486,CALI,VIF,Juzgado_5_Familia_Cali,2024,70.0,0.95,3,0,311,0
CAL-02487,CALI,VIF,Juzgado_2_Familia_Cali,2021,70.0,1.3,12,0,534,1
CAL-02488,CALI,ALIMENTOS,Juzgado_Penal_Municipal_2_Cali,2024,70.0,1.15,3,0,465,1
CAL-02489,CALI,HURTO_PATRIMONIAL,Juzgado_Penal_Municipal_2_Cali,2024,70.0,1.15,3,0,524,1
CAL-02490,CALI,HURTO_PATRIMONIAL,Juzgado_1_Familia_Cali,2023,70.0,1.45,1,0,610,1
CAL-02491,CALI,SUSTANCIAS,Comisaria_1_Familia_Cali,2023,70.0,1.25,6,0,480,1
CAL-02492,CALI,ALIMENTOS,Juzgado_5_Familia_Cali,2022,70.0,0.95,3,1,605,1
CAL-02493,CALI,VIF,Juzgado_5_Familia_Cali,2024,70.0,0.95,16,1,650,1
CAL-02494,CALI,ALIMENTOS,Comisaria_1_Familia_Cali,2024,70.0,1.25,10,1,499,0
CAL-02495,CALI,ALIMENTOS,Comisaria_2_Familia_Cali,2023,70.0,1.1,11,0,596,1
CAL-02496,CALI,ALIMENTOS,Comisaria_3_Familia_Cali,2020,70.0,0.9,6,0,445,1
CAL-02497,CALI,ALIMENTOS,Comisaria_3_Familia_Cali,2020,70.0,0.9,4,1,582,1
CAL-02498,CALI,ALIMENTOS,Juzgado_Penal_Municipal_1_Cali,2023,70.0,1.35,1,1,585,0
CAL-02499,CALI,VIF,Juzgado_2_Familia_Cali,2021,70.0,1.3,4,1,580,1
CAL-02500,CALI,ALIMENTOS,Juzgado_2_Familia_Cali,2023,70.0,1.3,3,0,273,0
CAL-02501,CALI,VIF,Juzgado_Penal_Municipal_1_Cali,2021,70.0,1.35,8,0,222,0
CAL-02502,CALI,ALIMENTOS,Juzgado_4_Familia_Cali,2022,70.0,1.1,2,0,477,1
CAL-02503,CALI,ALIMENTOS,Juzgado_3_Familia_Cali,2023,70.0,1.2,2,1,627,1
CAL-02504,CALI,SUSTANCIAS,Juzgado_3_Familia_Cali,2022,70.0,1.2,10,0,525,1
CAL-02505,CALI,ALIMENTOS,Comisaria_1_Familia_Cali,2024,70.0,1.25,3,0,519,1
CAL-02506,CALI,ALIMENTOS,Juzgado_Penal_Municipal_1_Cali,2024,70.0,1.35,5,1,499,0
CAL-02507,CALI,VIF,Comisaria_3_Familia_Cali,2021,70.0,0.9,3,0,340,1
CAL-02508,CALI,VIF,Juzgado_5_Familia_Cali,2022,70.0,0.95,1,0,353,1
CAL-02509,CALI,VIF,Juzgado_5_Familia_Cali,2022,70.0,0.95,7,0,408,1
CAL-02510,CALI,HURTO_PATRIMONIAL,Juzgado_4_Familia_Cali,2021,70.0,1.1,2,0,281,0
CAL-02511,CALI,SUSTANCIAS,Comisaria_3_Familia_Cali,2024,70.0,0.9,7,1,606,1
CAL-02512,CALI,VIF,Juzgado_3_Familia_Cali,2023,70.0,1.2,3,0,421,1
CAL-02513,CALI,ALIMENTOS,Juzgado_1_Familia_Cali,2024,70.0,1.45,11,0,618,1
CAL-02514,CALI,ALIMENTOS,Juzgado_Penal_Municipal_1_Cali,2021,70.0,1.35,4,0,560,1
CAL-02515,CALI,HURTO_PATRIMONIAL,Juzgado_5_Familia_Cali,2022,70.0,0.95,4,1,656,1
CAL-02516,CALI,VIF,Juzgado_3_Familia_Cali,2020,70.0,1.2,6,0,445,1
CAL-02517,CALI,ALIMENTOS,Juzgado_4_Familia_Cali,2022,70.0,1.1,3,1,655,1
CAL-02518,CALI,SUSTANCIAS,Comisaria_1_Familia_Cali,2021,70.0,1.25,3,1,601,1
CAL-02519,CALI,VIF,Juzgado_Penal_Municipal_2_Cali,2020,70.0,1.15,1,0,374,1
CAL-02520,CALI,ALIMENTOS,Juzgado_2_Familia_Cali,2023,70.0,1.3,5,0,595,1
CAL-02521,CALI,ALIMENTOS,Juzgado_2_Familia_Cali,2021,70.0,1.3,9,1,527,0
CAL-02522,CALI,VIF,Juzgado_2_Familia_Cali,2020,70.0,1.3,7,0,478,1
CAL-02523,CALI,ALIMENTOS,Juzgado_3_Familia_Cali,2022,70.0,1.2,2,1,641,1
CAL-02524,CALI,VIF,Juzgado_3_Familia_Cali,2022,70.0,1.2,10,0,385,0
CAL-02525,CALI,ALIMENTOS,Juzgado_Penal_Municipal_2_Cali,2024,70.0,1.15,5,0,543,1
CAL-02526,CALI,VIF,Comisaria_3_Familia_Cali,2024,70.0,0.9,2,0,373,1
CAL-02527,CALI,SUSTANCIAS,Juzgado_5_Familia_Cali,2023,70.0,0.95,9,1,615,1
CAL-02528,CALI,SUSTANCIAS,Comisaria_3_Familia_Cali,2021,70.0,0.9,7,0,395,1
CAL-02529,CALI,ALIMENTOS,Comisaria_1_Familia_Cali,2022,70.0,1.25,7,1,698,1
CAL-02530,CALI,SUSTANCIAS,Comisaria_2_Familia_Cali,2020,70.0,1.1,8,0,464,1
CAL-02531,CALI,VIF,Comisaria_2_Familia_Cali,2021,70.0,1.1,3,0,420,1
CAL-02532,CALI,ALIMENTOS,Juzgado_2_Familia_Cali,2023,70.0,1.3,7,0,565,1
CAL-02533,CALI,ALIMENTOS,Juzgado_Penal_Municipal_1_Cali,2023,70.0,1.35,5,1,707,1
CAL-02534,CALI,VIF,Juzgado_4_Familia_Cali,2024,70.0,1.1,5,0,423,1
CAL-02535,CALI,ALIMENTOS,Juzgado_2_Familia_Cali,2020,70.0,1.3,2,1,669,1
CAL-02536,CALI,VIF,Juzgado_5_Familia_Cali,2021,70.0,0.95,6,0,276,0
CAL-02537,CALI,ALIMENTOS,Juzgado_5_Familia_Cali,2023,70.0,0.95,3,0,430,1
CAL-02538,CALI,HURTO_PATRIMONIAL,Comisaria_1_Familia_Cali,2022,70.0,1.25,5,1,717,1
CAL-02539,CALI,VIF,Juzgado_Penal_Municipal_2_Cali,2021,70.0,1.15,5,0,440,1
CAL-02540,CALI,SUSTANCIAS,Comisaria_2_Familia_Cali,2024,70.0,1.1,7,1,621,1
CAL-02541,CALI,HURTO_PATRIMONIAL,Juzgado_1_Familia_Cali,2023,70.0,1.45,6,0,653,1
CAL-02542,CALI,HURTO_PATRIMONIAL,Juzgado_3_Familia_Cali,2021,70.0,1.2,3,0,541,1
CAL-02543,CALI,VIF,Juzgado_Penal_Municipal_1_Cali,2024,70.0,1.35,8,0,521,1
CAL-02544,CALI,SUSTANCIAS,Juzgado_5_Familia_Cali,2022,70.0,0.95,3,1,575,1
CAL-02545,CALI,SUSTANCIAS,Juzgado_2_Familia_Cali,2022,70.0,1.3,5,0,475,1
CAL-02546,CALI,VIF,Juzgado_1_Familia_Cali,2024,70.0,1.45,5,0,371,0
CAL-02547,CALI,HURTO_PATRIMONIAL,Juzgado_2_Familia_Cali,2024,70.0,1.3,8,0,662,1
CAL-02548,CALI,SUSTANCIAS,Comisaria_3_Familia_Cali,2021,70.0,0.9,3,0,391,1
CAL-02549,CALI,ALIMENTOS,Juzgado_Penal_Municipal_2_Cali,2022,70.0,1.15,2,1,644,1
CAL-02550,CALI,ALIMENTOS,Comisaria_1_Familia_Cali,2020,70.0,1.25,9,0,570,1
CAL-02551,CALI,ALIMENTOS,Juzgado_Penal_Municipal_2_Cali,2023,70.0,1.15,11,0,583,1
CAL-02552,CALI,SUSTANCIAS,Juzgado_2_Familia_Cali,2023,70.0,1.3,8,0,525,1
CAL-02553,CALI,ALIMENTOS,Juzgado_5_Familia_Cali,2024,70.0,0.95,6,0,471,1
CAL-02554,CALI,ALIMENTOS,Juzgado_Penal_Municipal_1_Cali,2022,70.0,1.35,2,1,700,1
CAL-02555,CALI,ALIMENTOS,Juzgado_2_Familia_Cali,2020,70.0,1.3,3,0,526,1
CAL-02556,CALI,VIF,Comisaria_3_Familia_Cali,2020,70.0,0.9,5,0,384,1
CAL-02557,CALI,ALIMENTOS,Juzgado_2_Familia_Cali,2023,70.0,1.3,1,1,679,1
CAL-02558,CALI,VIF,Juzgado_4_Familia_Cali,2024,70.0,1.1,3,0,413,1
CAL-02559,CALI,HURTO_PATRIMONIAL,Juzgado_Penal_Municipal_1_Cali,2022,70.0,1.35,6,0,631,1
CAL-02560,CALI,ALIMENTOS,Comisaria_2_Familia_Cali,2024,70.0,1.1,1,0,471,1
CAL-02561,CALI,ALIMENTOS,Juzgado_Penal_Municipal_1_Cali,2024,70.0,1.35,4,0,582,1
CAL-02562,CALI,VIF,Comisaria_3_Familia_Cali,2023,70.0,0.9,5,0,388,1
CAL-02563,CALI,ALIMENTOS,Juzgado_Penal_Municipal_2_Cali,2024,70.0,1.15,2,0,462,1
CAL-02564,CALI,VIF,Comisaria_1_Familia_Cali,2023,70.0,1.25,1,1,581,1
CAL-02565,CALI,ALIMENTOS,Juzgado_1_Familia_Cali,2024,70.0,1.45,5,0,588,1
CAL-02566,CALI,SUSTANCIAS,Juzgado_1_Familia_Cali,2024,70.0,1.45,2,0,508,1
CAL-02567,CALI,VIF,Juzgado_4_Familia_Cali,2022,70.0,1.1,3,0,399,1
CAL-02568,CALI,ALIMENTOS,Juzgado_Penal_Municipal_1_Cali,2022,70.0,1.35,1,1,682,1
CAL-02569,CALI,ALIMENTOS,Juzgado_Penal_Municipal_1_Cali,2024,70.0,1.35,2,0,516,1
CAL-02570,CALI,HURTO_PATRIMONIAL,Juzgado_1_Familia_Cali,2020,70.0,1.45,3,0,490,0
CAL-02571,CALI,HURTO_PATRIMONIAL,Comisaria_3_Familia_Cali,2023,70.0,0.9,12,1,695,1
CAL-02572,CALI,VIF,Comisaria_3_Familia_Cali,2022,70.0,0.9,3,0,372,1
CAL-02573,CALI,VIF,Juzgado_5_Familia_Cali,2024,70.0,0.95,2,0,218,0
CAL-02574,CALI,VIF,Comisaria_2_Familia_Cali,2023,70.0,1.1,1,1,559,1
CAL-02575,CALI,SUSTANCIAS,Juzgado_4_Familia_Cali,2023,70.0,1.1,1,0,415,1
CAL-02576,CALI,ALIMENTOS,Comisaria_1_Familia_Cali,2022,70.0,1.25,4,0,536,1
CAL-02577,CALI,VIF,Juzgado_5_Familia_Cali,2023,70.0,0.95,4,0,373,1
CAL-02578,CALI,VIF,Juzgado_1_Familia_Cali,2024,70.0,1.45,7,0,513,1
CAL-02579,CALI,VIF,Juzgado_1_Familia_Cali,2020,70.0,1.45,3,0,467,1
CAL-02580,CALI,VIF,Juzgado_3_Familia_Cali,2022,70.0,1.2,12,1,649,1
CAL-02581,CALI,ALIMENTOS,Juzgado_5_Familia_Cali,2020,70.0,0.95,10,0,528,1
CAL-02582,CALI,VIF,Juzgado_2_Familia_Cali,2022,70.0,1.3,1,0,415,1
CAL-02583,CALI,ALIMENTOS,Juzgado_Penal_Municipal_2_Cali,2020,70.0,1.15,9,0,542,1
CAL-02584,CALI,SUSTANCIAS,Juzgado_Penal_Municipal_1_Cali,2023,70.0,1.35,2,0,467,1
CAL-02585,CALI,SUSTANCIAS,Juzgado_1_Familia_Cali,2022,70.0,1.45,1,0,478,1
CAL-02586,CALI,VIF,Juzgado_2_Familia_Cali,2022,70.0,1.3,3,0,458,1
CAL-02587,CALI,ALIMENTOS,Comisaria_3_Familia_Cali,2024,70.0,0.9,3,1,593,1
CAL-02588,CALI,ALIMENTOS,Juzgado_4_Familia_Cali,2024,70.0,1.1,4,0,526,1
CAL-02589,CALI,ALIMENTOS,Juzgado_5_Familia_Cali,2023,70.0,0.95,1,0,427,1
CAL-02590,CALI,VIF,Juzgado_4_Familia_Cali,2022,70.0,1.1,7,0,453,1
CAL-02591,CALI,ALIMENTOS,Juzgado_5_Familia_Cali,2023,70.0,0.95,7,0,483,1
CAL-02592,CALI,SUSTANCIAS,Juzgado_1_Familia_Cali,2022,70.0,1.45,1,0,476,1
CAL-02593,CALI,ALIMENTOS,Comisaria_2_Familia_Cali,2023,70.0,1.1,5,0,502,1
CAL-02594,CALI,ALIMENTOS,Juzgado_Penal_Municipal_2_Cali,2024,70.0,1.15,9,1,715,1
CAL-02595,CALI,VIF,Juzgado_3_Familia_Cali,2020,70.0,1.2,1,0,400,1
CAL-02596,CALI,VIF,Comisaria_2_Familia_Cali,2024,70.0,1.1,5,1,477,0
CAL-02597,CALI,VIF,Juzgado_Penal_Municipal_1_Cali,2021,70.0,1.35,8,0,490,1
CAL-02598,CALI,ALIMENTOS,Juzgado_5_Familia_Cali,2020,70.0,0.95,8,0,465,1
CAL-02599,CALI,ALIMENTOS,Juzgado_4_Familia_Cali,2021,70.0,1.1,9,0,519,1
CAL-02600,CALI,VIF,Comisaria_1_Familia_Cali,2022,70.0,1.25,4,0,435,1
CAL-02601,CALI,VIF,Juzgado_4_Familia_Cali,2021,70.0,1.1,3,0,398,1
CAL-02602,CALI,SUSTANCIAS,Juzgado_Penal_Municipal_1_Cali,2020,70.0,1.35,6,1,465,0
CAL-02603,CALI,VIF,Juzgado_3_Familia_Cali,2022,70.0,1.2,3,0,461,1
CAL-02604,CALI,VIF,Juzgado_1_Familia_Cali,2023,70.0,1.45,3,0,462,1
CAL-02605,CALI,HURTO_PATRIMONIAL,Juzgado_Penal_Municipal_2_Cali,2023,70.0,1.15,8,0,479,0
CAL-02606,CALI,HURTO_PATRIMONIAL,Juzgado_5_Familia_Cali,2023,70.0,0.95,4,0,523,1
CAL-02607,CALI,VIF,Juzgado_5_Familia_Cali,2022,70.0,0.95,5,0,439,1
CAL-02608,CALI,ALIMENTOS,Juzgado_Penal_Municipal_1_Cali,2023,70.0,1.35,1,1,686,1
CAL-02609,CALI,HURTO_PATRIMONIAL,Juzgado_Penal_Municipal_1_Cali,2024,70.0,1.35,2,0,658,1
CAL-02610,CALI,SUSTANCIAS,Juzgado_1_Familia_Cali,2022,70.0,1.45,1,0,485,1
CAL-02611,CALI,ALIMENTOS,Juzgado_2_Familia_Cali,2023,70.0,1.3,3,0,520,1
CAL-02612,CALI,VIF,Juzgado_Penal_Municipal_1_Cali,2022,70.0,1.35,1,1,586,1
CAL-02613,CALI,ALIMENTOS,Juzgado_5_Familia_Cali,2024,70.0,0.95,8,0,484,1
CAL-02614,CALI,ALIMENTOS,Juzgado_1_Familia_Cali,2024,70.0,1.45,2,1,336,0
CAL-02615,CALI,VIF,Juzgado_1_Familia_Cali,2022,70.0,1.45,5,0,499,1
CAL-02616,CALI,VIF,Comisaria_2_Familia_Cali,2024,70.0,1.1,4,0,411,1
CAL-02617,CALI,HURTO_PATRIMONIAL,Juzgado_3_Familia_Cali,2024,70.0,1.2,1,1,692,1
CAL-02618,CALI,ALIMENTOS,Juzgado_Penal_Municipal_1_Cali,2024,70.0,1.35,5,0,605,1
CAL-02619,CALI,SUSTANCIAS,Juzgado_2_Familia_Cali,2024,70.0,1.3,4,0,488,1
CAL-02620,CALI,HURTO_PATRIMONIAL,Comisaria_1_Familia_Cali,2024,70.0,1.25,3,0,574,1
CAL-02621,CALI,VIF,Comisaria_3_Familia_Cali,2022,70.0,0.9,4,0,368,1
CAL-02622,CALI,HURTO_PATRIMONIAL,Juzgado_2_Familia_Cali,2021,70.0,1.3,2,0,527,1
CAL-02623,CALI,HURTO_PATRIMONIAL,Juzgado_3_Familia_Cali,2023,70.0,1.2,5,1,691,1
CAL-02624,CALI,VIF,Juzgado_5_Familia_Cali,2022,70.0,0.95,6,0,397,1
CAL-02625,CALI,VIF,Juzgado_Penal_Municipal_1_Cali,2023,70.0,1.35,4,0,447,1
CAL-02626,CALI,ALIMENTOS,Juzgado_3_Familia_Cali,2021,70.0,1.2,3,0,391,0
CAL-02627,CALI,ALIMENTOS,Juzgado_Penal_Municipal_2_Cali,2023,70.0,1.15,9,0,545,1
CAL-02628,CALI,VIF,Juzgado_Penal_Municipal_2_Cali,2024,70.0,1.15,8,1,617,1
CAL-02629,CALI,ALIMENTOS,Juzgado_Penal_Municipal_1_Cali,2021,70.0,1.35,2,0,264,0
CAL-02630,CALI,HURTO_PATRIMONIAL,Juzgado_Penal_Municipal_2_Cali,2020,70.0,1.15,4,0,539,1
CAL-02631,CALI,ALIMENTOS,Juzgado_5_Familia_Cali,2021,70.0,0.95,7,0,489,1
CAL-02632,CALI,ALIMENTOS,Juzgado_1_Familia_Cali,2022,70.0,1.45,8,0,612,1
CAL-02633,CALI,VIF,Comisaria_3_Familia_Cali,2022,70.0,0.9,8,0,415,1
CAL-02634,CALI,SUSTANCIAS,Juzgado_4_Familia_Cali,2022,70.0,1.1,2,0,421,1
CAL-02635,CALI,SUSTANCIAS,Juzgado_4_Familia_Cali,2023,70.0,1.1,11,0,484,1
CAL-02636,CALI,SUSTANCIAS,Comisaria_3_Familia_Cali,2020,70.0,0.9,1,1,504,1
CAL-02637,CALI,SUSTANCIAS,Comisaria_1_Familia_Cali,2020,70.0,1.25,1,0,443,1
CAL-02638,CALI,VIF,Juzgado_2_Familia_Cali,2024,70.0,1.3,2,0,415,1
CAL-02639,CALI,VIF,Comisaria_3_Familia_Cali,2024,70.0,0.9,7,0,420,1
CAL-02640,CALI,HURTO_PATRIMONIAL,Juzgado_4_Familia_Cali,2024,70.0,1.1,3,0,262,0
CAL-02641,CALI,HURTO_PATRIMONIAL,Comisaria_2_Familia_Cali,2023,70.0,1.1,4,0,505,1
CAL-02642,CALI,ALIMENTOS,Comisaria_2_Familia_Cali,2024,70.0,1.1,1,0,493,1
CAL-02643,CALI,SUSTANCIAS,Juzgado_1_Familia_Cali,2024,70.0,1.45,7,0,574,1
CAL-02644,CALI,VIF,Juzgado_1_Familia_Cali,2021,70.0,1.45,2,0,485,1
CAL-02645,CALI,ALIMENTOS,Comisaria_1_Familia_Cali,2024,70.0,1.25,9,0,575,1
CAL-02646,CALI,VIF,Juzgado_Penal_Municipal_1_Cali,2024,70.0,1.35,8,0,498,1
CAL-02647,CALI,HURTO_PATRIMONIAL,Juzgado_Penal_Municipal_2_Cali,2024,70.0,1.15,3,0,543,1
CAL-02648,CALI,SUSTANCIAS,Juzgado_Penal_Municipal_2_Cali,2023,70.0,1.15,2,0,443,1
CAL-02649,CALI,VIF,Comisaria_2_Familia_Cali,2023,70.0,1.1,9,0,446,1
CAL-02650,CALI,ALIMENTOS,Comisaria_3_Familia_Cali,2023,70.0,0.9,2,0,419,1
CAL-02651,CALI,VIF,Juzgado_1_Familia_Cali,2021,70.0,1.45,7,0,518,1
CAL-02652,CALI,ALIMENTOS,Juzgado_1_Familia_Cali,2020,70.0,1.45,4,0,542,1
CAL-02653,CALI,ALIMENTOS,Juzgado_3_Familia_Cali,2024,70.0,1.2,5,0,549,1
CAL-02654,CALI,VIF,Juzgado_3_Familia_Cali,2023,70.0,1.2,4,0,200,0
CAL-02655,CALI,VIF,Comisaria_1_Familia_Cali,2024,70.0,1.25,5,0,442,1
CAL-02656,CALI,ALIMENTOS,Comisaria_3_Familia_Cali,2023,70.0,0.9,1,0,446,1
CAL-02657,CALI,VIF,Juzgado_Penal_Municipal_1_Cali,2024,70.0,1.35,1,0,448,1
CAL-02658,CALI,VIF,Juzgado_4_Familia_Cali,2021,70.0,1.1,2,0,371,1
CAL-02659,CALI,ALIMENTOS,Comisaria_2_Familia_Cali,2021,70.0,1.1,1,1,331,0
CAL-02660,CALI,SUSTANCIAS,Juzgado_5_Familia_Cali,2024,70.0,0.95,1,0,408,1
CAL-02661,CALI,VIF,Juzgado_1_Familia_Cali,2024,70.0,1.45,6,0,332,0
CAL-02662,CALI,ALIMENTOS,Comisaria_3_Familia_Cali,2020,70.0,0.9,10,0,485,1
CAL-02663,CALI,SUSTANCIAS,Comisaria_1_Familia_Cali,2024,70.0,1.25,5,0,493,1
CAL-02664,CALI,VIF,Juzgado_4_Familia_Cali,2021,70.0,1.1,5,1,583,1
CAL-02665,CALI,ALIMENTOS,Juzgado_Penal_Municipal_1_Cali,2023,70.0,1.35,2,1,685,1
CAL-02666,CALI,SUSTANCIAS,Juzgado_3_Familia_Cali,2023,70.0,1.2,1,0,419,1
CAL-02667,CALI,ALIMENTOS,Juzgado_3_Familia_Cali,2021,70.0,1.2,7,0,534,1
CAL-02668,CALI,VIF,Juzgado_5_Familia_Cali,2023,70.0,0.95,5,0,410,1
CAL-02669,CALI,VIF,Comisaria_3_Familia_Cali,2024,70.0,0.9,13,0,447,1
CAL-02670,CALI,ALIMENTOS,Juzgado_Penal_Municipal_1_Cali,2023,70.0,1.35,8,1,645,0
CAL-02671,CALI,VIF,Juzgado_Penal_Municipal_1_Cali,2023,70.0,1.35,6,0,492,1
CAL-02672,CALI,VIF,Juzgado_5_Familia_Cali,2024,70.0,0.95,4,0,408,1
CAL-02673,CALI,VIF,Juzgado_3_Familia_Cali,2022,70.0,1.2,1,0,399,1
CAL-02674,CALI,SUSTANCIAS,Juzgado_2_Familia_Cali,2020,70.0,1.3,5,0,501,1
CAL-02675,CALI,ALIMENTOS,Juzgado_5_Familia_Cali,2023,70.0,0.95,4,0,383,0
CAL-02676,CALI,HURTO_PATRIMONIAL,Juzgado_Penal_Municipal_2_Cali,2021,70.0,1.15,4,0,296,0
CAL-02677,CALI,ALIMENTOS,Juzgado_Penal_Municipal_1_Cali,2020,70.0,1.35,4,0,539,1
CAL-02678,CALI,VIF,Juzgado_3_Familia_Cali,2024,70.0,1.2,1,0,406,1
CAL-02679,CALI,ALIMENTOS,Comisaria_1_Familia_Cali,2020,70.0,1.25,4,1,660,1
CAL-02680,CALI,ALIMENTOS,Juzgado_Penal_Municipal_2_Cali,2024,70.0,1.15,1,1,606,1
CAL-02681,CALI,ALIMENTOS,Juzgado_1_Familia_Cali,2023,70.0,1.45,5,1,713,1
CAL-02682,CALI,VIF,Juzgado_Penal_Municipal_2_Cali,2024,70.0,1.15,3,0,428,1
CAL-02683,CALI,ALIMENTOS,Juzgado_5_Familia_Cali,2021,70.0,0.95,2,1,568,1
CAL-02684,CALI,HURTO_PATRIMONIAL,Comisaria_1_Familia_Cali,2024,70.0,1.25,5,1,517,0
CAL-02685,CALI,VIF,Juzgado_3_Familia_Cali,2024,70.0,1.2,8,0,457,1
CAL-02686,CALI,ALIMENTOS,Juzgado_5_Familia_Cali,2022,70.0,0.95,8,1,637,1
CAL-02687,CALI,VIF,Juzgado_Penal_Municipal_2_Cali,2024,70.0,1.15,6,0,383,0
CAL-02688,CALI,ALIMENTOS,Juzgado_Penal_Municipal_1_Cali,2021,70.0,1.35,11,0,593,1
CAL-02689,CALI,VIF,Juzgado_2_Familia_Cali,2022,70.0,1.3,3,0,430,1
CAL-02690,CALI,SUSTANCIAS,Comisaria_2_Familia_Cali,2024,70.0,1.1,4,0,417,1
CAL-02691,CALI,ALIMENTOS,Comisaria_2_Familia_Cali,2024,70.0,1.1,3,1,662,1
CAL-02692,CALI,VIF,Comisaria_2_Familia_Cali,2024,70.0,1.1,13,1,669,1
CAL-02693,CALI,SUSTANCIAS,Comisaria_3_Familia_Cali,2020,70.0,0.9,9,0,455,1
CAL-02694,CALI,ALIMENTOS,Comisaria_1_Familia_Cali,2022,70.0,1.25,5,0,538,1
CAL-02695,CALI,VIF,Comisaria_3_Familia_Cali,2023,70.0,0.9,4,1,538,1
CAL-02696,CALI,VIF,Juzgado_Penal_Municipal_1_Cali,2024,70.0,1.35,4,0,467,1
CAL-02697,CALI,VIF,Comisaria_3_Familia_Cali,2021,70.0,0.9,4,0,363,1
CAL-02698,CALI,SUSTANCIAS,Juzgado_3_Familia_Cali,2021,70.0,1.2,4,0,464,1
CAL-02699,CALI,VIF,Comisaria_1_Familia_Cali,2023,70.0,1.25,3,0,458,1
CAL-02700,CALI,VIF,Comisaria_3_Familia_Cali,2022,70.0,0.9,3,0,386,1
CAL-02701,CALI,SUSTANCIAS,Comisaria_3_Familia_Cali,2022,70.0,0.9,8,1,373,0
CAL-02702,CALI,VIF,Juzgado_5_Familia_Cali,2022,70.0,0.95,3,0,296,0
CAL-02703,CALI,ALIMENTOS,Juzgado_Penal_Municipal_1_Cali,2021,70.0,1.35,5,1,724,1
CAL-02704,CALI,HURTO_PATRIMONIAL,Comisaria_1_Familia_Cali,2024,70.0,1.25,4,1,718,1
CAL-02705,CALI,VIF,Juzgado_1_Familia_Cali,2023,70.0,1.45,7,0,502,1
CAL-02706,CALI,VIF,Juzgado_2_Familia_Cali,2021,70.0,1.3,9,1,638,1
CAL-02707,CALI,VIF,Comisaria_2_Familia_Cali,2023,70.0,1.1,1,0,264,0
CAL-02708,CALI,HURTO_PATRIMONIAL,Comisaria_3_Familia_Cali,2022,70.0,0.9,7,0,542,1
CAL-02709,CALI,ALIMENTOS,Juzgado_2_Familia_Cali,2023,70.0,1.3,5,0,543,1
CAL-02710,CALI,VIF,Juzgado_3_Familia_Cali,2021,70.0,1.2,2,1,563,1
CAL-02711,CALI,VIF,Juzgado_Penal_Municipal_2_Cali,2024,70.0,1.15,6,1,604,1
CAL-02712,CALI,VIF,Juzgado_5_Familia_Cali,2021,70.0,0.95,6,0,400,1
CAL-02713,CALI,ALIMENTOS,Juzgado_4_Familia_Cali,2023,70.0,1.1,7,1,683,1
CAL-02714,CALI,SUSTANCIAS,Comisaria_1_Familia_Cali,2023,70.0,1.25,12,0,308,0
CAL-02715,CALI,ALIMENTOS,Juzgado_5_Familia_Cali,2024,70.0,0.95,3,0,427,1
CAL-02716,CALI,ALIMENTOS,Juzgado_3_Familia_Cali,2021,70.0,1.2,3,1,661,1
CAL-02717,CALI,ALIMENTOS,Juzgado_Penal_Municipal_1_Cali,2022,70.0,1.35,6,1,605,0
CAL-02718,CALI,ALIMENTOS,Comisaria_3_Familia_Cali,2023,70.0,0.9,1,1,550,1
CAL-02719,CALI,ALIMENTOS,Juzgado_3_Familia_Cali,2024,70.0,1.2,2,1,678,1
CAL-02720,CALI,SUSTANCIAS,Juzgado_5_Familia_Cali,2021,70.0,0.95,8,1,551,1
CAL-02721,CALI,VIF,Juzgado_4_Familia_Cali,2024,70.0,1.1,8,0,441,1
CAL-02722,CALI,SUSTANCIAS,Juzgado_3_Familia_Cali,2022,70.0,1.2,12,0,509,1
CAL-02723,CALI,ALIMENTOS,Juzgado_Penal_Municipal_2_Cali,2024,70.0,1.15,2,0,258,0
CAL-02724,CALI,VIF,Comisaria_1_Familia_Cali,2022,70.0,1.25,12,0,514,1
CAL-02725,CALI,VIF,Juzgado_3_Familia_Cali,2024,70.0,1.2,1,1,570,1
CAL-02726,CALI,HURTO_PATRIMONIAL,Juzgado_Penal_Municipal_1_Cali,2021,70.0,1.35,10,1,453,0
CAL-02727,CALI,ALIMENTOS,Juzgado_Penal_Municipal_1_Cali,2024,70.0,1.35,3,1,698,1
CAL-02728,CALI,ALIMENTOS,Juzgado_5_Familia_Cali,2024,70.0,0.95,2,0,442,1
CAL-02729,CALI,VIF,Juzgado_Penal_Municipal_1_Cali,2021,70.0,1.35,9,0,263,0
CAL-02730,CALI,ALIMENTOS,Juzgado_Penal_Municipal_2_Cali,2021,70.0,1.15,7,1,675,1
CAL-02731,CALI,VIF,Juzgado_Penal_Municipal_1_Cali,2022,70.0,1.35,3,0,375,0
CAL-02732,CALI,ALIMENTOS,Juzgado_Penal_Municipal_2_Cali,2022,70.0,1.15,7,0,536,1
CAL-02733,CALI,ALIMENTOS,Juzgado_5_Familia_Cali,2022,70.0,0.95,2,0,430,1
CAL-02734,CALI,VIF,Juzgado_2_Familia_Cali,2024,70.0,1.3,12,0,531,1
CAL-02735,CALI,ALIMENTOS,Juzgado_4_Familia_Cali,2020,70.0,1.1,4,1,697,1
CAL-02736,CALI,HURTO_PATRIMONIAL,Comisaria_2_Familia_Cali,2021,70.0,1.1,12,1,560,0
CAL-02737,CALI,VIF,Juzgado_5_Familia_Cali,2020,70.0,0.95,15,0,481,1
CAL-02738,CALI,ALIMENTOS,Juzgado_5_Familia_Cali,2020,70.0,0.95,3,1,541,1
CAL-02739,CALI,ALIMENTOS,Comisaria_2_Familia_Cali,2024,70.0,1.1,3,0,480,1
CAL-02740,CALI,ALIMENTOS,Juzgado_5_Familia_Cali,2022,70.0,0.95,3,0,449,1
CAL-02741,CALI,HURTO_PATRIMONIAL,Juzgado_Penal_Municipal_1_Cali,2020,70.0,1.35,2,1,699,1
CAL-02742,CALI,HURTO_PATRIMONIAL,Juzgado_Penal_Municipal_1_Cali,2024,70.0,1.35,4,1,419,0
CAL-02743,CALI,SUSTANCIAS,Juzgado_4_Familia_Cali,2024,70.0,1.1,5,0,415,1
CAL-02744,CALI,ALIMENTOS,Comisaria_2_Familia_Cali,2022,70.0,1.1,8,1,693,1
CAL-02745,CALI,ALIMENTOS,Juzgado_2_Familia_Cali,2023,70.0,1.3,1,1,504,0
CAL-02746,CALI,HURTO_PATRIMONIAL,Juzgado_3_Familia_Cali,2020,70.0,1.2,12,1,426,0
CAL-02747,CALI,ALIMENTOS,Juzgado_Penal_Municipal_2_Cali,2022,70.0,1.15,7,0,556,1
CAL-02748,CALI,SUSTANCIAS,Juzgado_Penal_Municipal_2_Cali,2021,70.0,1.15,10,1,654,1
CAL-02749,CALI,ALIMENTOS,Juzgado_Penal_Municipal_1_Cali,2021,70.0,1.35,3,0,535,1
CAL-02750,CALI,SUSTANCIAS,Juzgado_Penal_Municipal_1_Cali,2022,70.0,1.35,4,0,483,1
CAL-02751,CALI,ALIMENTOS,Juzgado_Penal_Municipal_1_Cali,2020,70.0,1.35,1,1,680,1
CAL-02752,CALI,ALIMENTOS,Juzgado_2_Familia_Cali,2024,70.0,1.3,1,0,553,1
CAL-02753,CALI,ALIMENTOS,Juzgado_4_Familia_Cali,2024,70.0,1.1,6,1,645,1
CAL-02754,CALI,SUSTANCIAS,Juzgado_5_Familia_Cali,2021,70.0,0.95,4,0,211,0
CAL-02755,CALI,ALIMENTOS,Juzgado_3_Familia_Cali,2023,70.0,1.2,5,1,355,0
CAL-02756,CALI,VIF,Juzgado_Penal_Municipal_1_Cali,2023,70.0,1.35,7,0,472,1
CAL-02757,CALI,ALIMENTOS,Juzgado_3_Familia_Cali,2021,70.0,1.2,7,0,537,1
CAL-02758,CALI,VIF,Comisaria_3_Familia_Cali,2020,70.0,0.9,5,0,234,0
CAL-02759,CALI,VIF,Juzgado_2_Familia_Cali,2022,70.0,1.3,4,0,451,1
CAL-02760,CALI,VIF,Juzgado_1_Familia_Cali,2022,70.0,1.45,13,0,557,1
CAL-02761,CALI,ALIMENTOS,Juzgado_1_Familia_Cali,2023,70.0,1.45,1,0,565,1
CAL-02762,CALI,VIF,Juzgado_5_Familia_Cali,2021,70.0,0.95,7,1,569,1
CAL-02763,CALI,HURTO_PATRIMONIAL,Juzgado_2_Familia_Cali,2024,70.0,1.3,6,0,619,1
CAL-02764,CALI,VIF,Juzgado_5_Familia_Cali,2023,70.0,0.95,14,0,452,1
CAL-02765,CALI,ALIMENTOS,Comisaria_1_Familia_Cali,2023,70.0,1.25,8,1,570,0
CAL-02766,CALI,ALIMENTOS,Juzgado_4_Familia_Cali,2021,70.0,1.1,6,0,485,1
CAL-02767,CALI,HURTO_PATRIMONIAL,Juzgado_5_Familia_Cali,2023,70.0,0.95,4,0,486,1
CAL-02768,CALI,VIF,Juzgado_1_Familia_Cali,2023,70.0,1.45,4,0,478,1
CAL-02769,CALI,SUSTANCIAS,Juzgado_4_Familia_Cali,2024,70.0,1.1,4,0,447,1
CAL-02770,CALI,VIF,Juzgado_Penal_Municipal_2_Cali,2024,70.0,1.15,2,0,418,1
CAL-02771,CALI,HURTO_PATRIMONIAL,Comisaria_3_Familia_Cali,2023,70.0,0.9,10,1,689,1
CAL-02772,CALI,HURTO_PATRIMONIAL,Juzgado_2_Familia_Cali,2021,70.0,1.3,7,0,609,1
CAL-02773,CALI,HURTO_PATRIMONIAL,Juzgado_Penal_Municipal_1_Cali,2023,70.0,1.35,1,0,619,1
CAL-02774,CALI,HURTO_PATRIMONIAL,Juzgado_3_Familia_Cali,2024,70.0,1.2,2,0,527,1
CAL-02775,CALI,SUSTANCIAS,Juzgado_Penal_Municipal_2_Cali,2022,70.0,1.15,8,0,452,1
CAL-02776,CALI,ALIMENTOS,Juzgado_4_Familia_Cali,2024,70.0,1.1,5,0,526,1
CAL-02777,CALI,ALIMENTOS,Juzgado_Penal_Municipal_2_Cali,2023,70.0,1.15,3,1,621,1
CAL-02778,CALI,HURTO_PATRIMONIAL,Juzgado_2_Familia_Cali,2021,70.0,1.3,7,1,421,0
CAL-02779,CALI,ALIMENTOS,Comisaria_3_Familia_Cali,2023,70.0,0.9,4,0,461,1
CAL-02780,CALI,HURTO_PATRIMONIAL,Juzgado_2_Familia_Cali,2022,70.0,1.3,4,1,729,1
CAL-02781,CALI,VIF,Juzgado_1_Familia_Cali,2022,70.0,1.45,3,0,445,1
CAL-02782,CALI,HURTO_PATRIMONIAL,Juzgado_4_Familia_Cali,2020,70.0,1.1,3,0,519,1
CAL-02783,CALI,ALIMENTOS,Juzgado_5_Familia_Cali,2023,70.0,0.95,8,1,658,1
CAL-02784,CALI,VIF,Juzgado_2_Familia_Cali,2023,70.0,1.3,3,0,455,1
CAL-02785,CALI,ALIMENTOS,Juzgado_2_Familia_Cali,2024,70.0,1.3,11,0,587,1
CAL-02786,CALI,VIF,Juzgado_Penal_Municipal_2_Cali,2023,70.0,1.15,1,1,542,1
CAL-02787,CALI,ALIMENTOS,Comisaria_1_Familia_Cali,2020,70.0,1.25,9,0,538,1
CAL-02788,CALI,ALIMENTOS,Comisaria_3_Familia_Cali,2022,70.0,0.9,4,0,446,1
CAL-02789,CALI,ALIMENTOS,Juzgado_3_Familia_Cali,2022,70.0,1.2,3,1,676,1
CAL-02790,CALI,VIF,Comisaria_2_Familia_Cali,2022,70.0,1.1,2,0,380,1
CAL-02791,CALI,HURTO_PATRIMONIAL,Comisaria_1_Familia_Cali,2023,70.0,1.25,4,1,421,0
CAL-02792,CALI,VIF,Juzgado_5_Familia_Cali,2023,70.0,0.95,8,0,429,1
CAL-02793,CALI,ALIMENTOS,Comisaria_3_Familia_Cali,2020,70.0,0.9,14,0,498,1
CAL-02794,CALI,HURTO_PATRIMONIAL,Comisaria_1_Familia_Cali,2023,70.0,1.25,2,0,593,1
CAL-02795,CALI,ALIMENTOS,Juzgado_5_Familia_Cali,2023,70.0,0.95,3,0,338,0
CAL-02796,CALI,VIF,Juzgado_5_Familia_Cali,2023,70.0,0.95,3,0,402,1
CAL-02797,CALI,ALIMENTOS,Comisaria_2_Familia_Cali,2024,70.0,1.1,2,0,468,1
CAL-02798,CALI,HURTO_PATRIMONIAL,Comisaria_1_Familia_Cali,2022,70.0,1.25,4,0,564,1
CAL-02799,CALI,VIF,Juzgado_5_Familia_Cali,2021,70.0,0.95,1,0,329,1
CAL-02800,CALI,ALIMENTOS,Juzgado_5_Familia_Cali,2020,70.0,0.95,5,0,308,0
CAL-02801,CALI,ALIMENTOS,Comisaria_1_Familia_Cali,2023,70.0,1.25,7,0,556,1
CAL-02802,CALI,VIF,Juzgado_Penal_Municipal_1_Cali,2023,70.0,1.35,4,1,632,1
CAL-02803,CALI,ALIMENTOS,Juzgado_Penal_Municipal_2_Cali,2023,70.0,1.15,5,0,463,1
CAL-02804,CALI,VIF,Comisaria_3_Familia_Cali,2023,70.0,0.9,6,0,389,1
CAL-02805,CALI,HURTO_PATRIMONIAL,Juzgado_Penal_Municipal_1_Cali,2020,70.0,1.35,6,1,403,0
CAL-02806,CALI,VIF,Juzgado_5_Familia_Cali,2024,70.0,0.95,11,0,454,1
CAL-02807,CALI,ALIMENTOS,Juzgado_Penal_Municipal_2_Cali,2022,70.0,1.15,2,1,642,1
CAL-02808,CALI,VIF,Comisaria_2_Familia_Cali,2022,70.0,1.1,4,1,568,1
CAL-02809,CALI,ALIMENTOS,Juzgado_5_Familia_Cali,2024,70.0,0.95,1,0,417,1
CAL-02810,CALI,VIF,Comisaria_2_Familia_Cali,2024,70.0,1.1,4,0,389,1
CAL-02811,CALI,HURTO_PATRIMONIAL,Juzgado_5_Familia_Cali,2022,70.0,0.95,8,0,501,1
CAL-02812,CALI,ALIMENTOS,Juzgado_3_Familia_Cali,2024,70.0,1.2,2,0,484,1
CAL-02813,CALI,ALIMENTOS,Comisaria_3_Familia_Cali,2021,70.0,0.9,9,1,625,1
CAL-02814,CALI,ALIMENTOS,Juzgado_Penal_Municipal_2_Cali,2024,70.0,1.15,4,0,278,0
CAL-02815,CALI,ALIMENTOS,Juzgado_Penal_Municipal_2_Cali,2022,70.0,1.15,5,1,644,1
CAL-02816,CALI,ALIMENTOS,Juzgado_3_Familia_Cali,2023,70.0,1.2,7,1,710,1
CAL-02817,CALI,SUSTANCIAS,Juzgado_3_Familia_Cali,2024,70.0,1.2,7,0,470,1
CAL-02818,CALI,ALIMENTOS,Juzgado_2_Familia_Cali,2023,70.0,1.3,4,0,542,1
CAL-02819,CALI,ALIMENTOS,Juzgado_Penal_Municipal_2_Cali,2023,70.0,1.15,2,1,633,1
CAL-02820,CALI,VIF,Juzgado_Penal_Municipal_1_Cali,2024,70.0,1.35,1,0,432,1
CAL-02821,CALI,ALIMENTOS,Juzgado_3_Familia_Cali,2023,70.0,1.2,10,0,565,1
CAL-02822,CALI,ALIMENTOS,Juzgado_Penal_Municipal_2_Cali,2023,70.0,1.15,2,1,626,1
CAL-02823,CALI,ALIMENTOS,Juzgado_3_Familia_Cali,2024,70.0,1.2,2,1,677,1
CAL-02824,CALI,ALIMENTOS,Juzgado_2_Familia_Cali,2020,70.0,1.3,3,1,680,1
CAL-02825,CALI,ALIMENTOS,Comisaria_2_Familia_Cali,2021,70.0,1.1,1,1,628,1
CAL-02826,CALI,HURTO_PATRIMONIAL,Comisaria_2_Familia_Cali,2021,70.0,1.1,10,1,720,1
CAL-02827,CALI,HURTO_PATRIMONIAL,Juzgado_4_Familia_Cali,2024,70.0,1.1,1,1,690,1
CAL-02828,CALI,VIF,Comisaria_2_Familia_Cali,2022,70.0,1.1,9,0,469,1
CAL-02829,CALI,ALIMENTOS,Juzgado_5_Familia_Cali,2022,70.0,0.95,2,0,408,1
CAL-02830,CALI,ALIMENTOS,Juzgado_4_Familia_Cali,2024,70.0,1.1,9,0,367,0
CAL-02831,CALI,ALIMENTOS,Juzgado_3_Familia_Cali,2020,70.0,1.2,9,1,707,1
CAL-02832,CALI,SUSTANCIAS,Comisaria_3_Familia_Cali,2022,70.0,0.9,4,0,367,1
CAL-02833,CALI,VIF,Juzgado_1_Familia_Cali,2021,70.0,1.45,5,0,508,1
CAL-02834,CALI,HURTO_PATRIMONIAL,Juzgado_5_Familia_Cali,2024,70.0,0.95,3,1,641,1
CAL-02835,CALI,VIF,Comisaria_1_Familia_Cali,2022,70.0,1.25,4,0,444,1
CAL-02836,CALI,VIF,Comisaria_2_Familia_Cali,2023,70.0,1.1,7,0,441,1
CAL-02837,CALI,VIF,Juzgado_4_Familia_Cali,2022,70.0,1.1,11,0,483,1
CAL-02838,CALI,SUSTANCIAS,Comisaria_1_Familia_Cali,2024,70.0,1.25,9,0,520,1
CAL-02839,CALI,SUSTANCIAS,Comisaria_3_Familia_Cali,2023,70.0,0.9,4,0,363,1
CAL-02840,CALI,SUSTANCIAS,Juzgado_4_Familia_Cali,2022,70.0,1.1,2,0,407,1
CAL-02841,CALI,VIF,Comisaria_1_Familia_Cali,2024,70.0,1.25,1,0,209,0
CAL-02842,CALI,HURTO_PATRIMONIAL,Comisaria_1_Familia_Cali,2022,70.0,1.25,9,0,519,0
CAL-02843,CALI,SUSTANCIAS,Comisaria_2_Familia_Cali,2024,70.0,1.1,14,0,560,1
CAL-02844,CALI,HURTO_PATRIMONIAL,Juzgado_2_Familia_Cali,2023,70.0,1.3,3,1,422,0
CAL-02845,CALI,ALIMENTOS,Comisaria_1_Familia_Cali,2022,70.0,1.25,2,0,490,1
CAL-02846,CALI,ALIMENTOS,Comisaria_3_Familia_Cali,2021,70.0,0.9,9,0,472,1
CAL-02847,CALI,ALIMENTOS,Juzgado_3_Familia_Cali,2021,70.0,1.2,3,0,488,1
CAL-02848,CALI,ALIMENTOS,Juzgado_3_Familia_Cali,2023,70.0,1.2,2,0,502,1
CAL-02849,CALI,ALIMENTOS,Comisaria_1_Familia_Cali,2022,70.0,1.25,1,1,642,1
CAL-02850,CALI,ALIMENTOS,Juzgado_Penal_Municipal_1_Cali,2020,70.0,1.35,4,0,516,1
CAL-02851,CALI,VIF,Juzgado_4_Familia_Cali,2024,70.0,1.1,3,0,295,0
CAL-02852,CALI,ALIMENTOS,Comisaria_2_Familia_Cali,2020,70.0,1.1,2,0,466,1
CAL-02853,CALI,HURTO_PATRIMONIAL,Juzgado_1_Familia_Cali,2024,70.0,1.45,3,0,494,0
CAL-02854,CALI,HURTO_PATRIMONIAL,Juzgado_1_Familia_Cali,2024,70.0,1.45,2,0,630,1
CAL-02855,CALI,ALIMENTOS,Comisaria_2_Familia_Cali,2022,70.0,1.1,8,0,549,1
CAL-02856,CALI,VIF,Juzgado_4_Familia_Cali,2022,70.0,1.1,7,0,436,1
CAL-02857,CALI,ALIMENTOS,Juzgado_3_Familia_Cali,2023,70.0,1.2,7,0,553,1
CAL-02858,CALI,ALIMENTOS,Juzgado_5_Familia_Cali,2024,70.0,0.95,2,0,252,0
CAL-02859,CALI,VIF,Juzgado_2_Familia_Cali,2024,70.0,1.3,3,0,447,1
CAL-02860,CALI,ALIMENTOS,Juzgado_5_Familia_Cali,2024,70.0,0.95,8,1,652,1
CAL-02861,CALI,ALIMENTOS,Juzgado_5_Familia_Cali,2021,70.0,0.95,2,1,609,1
CAL-02862,CALI,VIF,Juzgado_5_Familia_Cali,2021,70.0,0.95,4,0,381,1
CAL-02863,CALI,VIF,Juzgado_Penal_Municipal_1_Cali,2024,70.0,1.35,4,0,285,0
CAL-02864,CALI,VIF,Juzgado_3_Familia_Cali,2023,70.0,1.2,2,1,573,1
CAL-02865,CALI,VIF,Juzgado_1_Familia_Cali,2021,70.0,1.45,4,0,466,1
CAL-02866,CALI,VIF,Juzgado_Penal_Municipal_2_Cali,2020,70.0,1.15,9,0,455,1
CAL-02867,CALI,ALIMENTOS,Juzgado_3_Familia_Cali,2023,70.0,1.2,12,0,587,1
CAL-02868,CALI,ALIMENTOS,Comisaria_2_Familia_Cali,2023,70.0,1.1,4,1,662,1
CAL-02869,CALI,ALIMENTOS,Comisaria_1_Familia_Cali,2024,70.0,1.25,3,1,668,1
CAL-02870,CALI,ALIMENTOS,Juzgado_2_Familia_Cali,2024,70.0,1.3,4,1,727,1
CAL-02871,CALI,ALIMENTOS,Comisaria_2_Familia_Cali,2022,70.0,1.1,20,0,620,1
CAL-02872,CALI,VIF,Juzgado_Penal_Municipal_2_Cali,2024,70.0,1.15,10,0,483,1
CAL-02873,CALI,HURTO_PATRIMONIAL,Juzgado_1_Familia_Cali,2023,70.0,1.45,1,0,633,1
CAL-02874,CALI,SUSTANCIAS,Comisaria_2_Familia_Cali,2023,70.0,1.1,5,0,230,0
CAL-02875,CALI,SUSTANCIAS,Comisaria_3_Familia_Cali,2023,70.0,0.9,1,0,358,1
CAL-02876,CALI,VIF,Juzgado_Penal_Municipal_2_Cali,2022,70.0,1.15,4,0,407,1
CAL-02877,CALI,ALIMENTOS,Juzgado_4_Familia_Cali,2024,70.0,1.1,1,1,598,1
CAL-02878,CALI,VIF,Juzgado_5_Familia_Cali,2024,70.0,0.95,9,0,436,1
CAL-02879,CALI,ALIMENTOS,Juzgado_1_Familia_Cali,2022,70.0,1.45,4,1,625,0
CAL-02880,CALI,HURTO_PATRIMONIAL,Juzgado_2_Familia_Cali,2023,70.0,1.3,1,1,468,0
CAL-02881,CALI,ALIMENTOS,Juzgado_Penal_Municipal_2_Cali,2021,70.0,1.15,14,1,520,0
CAL-02882,CALI,SUSTANCIAS,Juzgado_4_Familia_Cali,2023,70.0,1.1,4,0,432,1
CAL-02883,CALI,VIF,Comisaria_1_Familia_Cali,2024,70.0,1.25,1,1,585,1
CAL-02884,CALI,ALIMENTOS,Comisaria_1_Familia_Cali,2024,70.0,1.25,7,1,701,1
CAL-02885,CALI,HURTO_PATRIMONIAL,Juzgado_Penal_Municipal_2_Cali,2023,70.0,1.15,2,0,551,1
CAL-02886,CALI,VIF,Juzgado_3_Familia_Cali,2023,70.0,1.2,6,1,592,1
CAL-02887,CALI,ALIMENTOS,Juzgado_1_Familia_Cali,2024,70.0,1.45,8,0,446,0
CAL-02888,CALI,ALIMENTOS,Juzgado_Penal_Municipal_1_Cali,2024,70.0,1.35,6,1,720,1
CAL-02889,CALI,ALIMENTOS,Juzgado_Penal_Municipal_1_Cali,2024,70.0,1.35,6,1,375,0
CAL-02890,CALI,SUSTANCIAS,Juzgado_Penal_Municipal_2_Cali,2020,70.0,1.15,2,0,393,1
CAL-02891,CALI,ALIMENTOS,Juzgado_3_Familia_Cali,2021,70.0,1.2,3,1,321,0
CAL-02892,CALI,ALIMENTOS,Juzgado_Penal_Municipal_2_Cali,2024,70.0,1.15,5,0,492,1
CAL-02893,CALI,HURTO_PATRIMONIAL,Juzgado_1_Familia_Cali,2021,70.0,1.45,6,0,654,1
CAL-02894,CALI,ALIMENTOS,Comisaria_2_Familia_Cali,2023,70.0,1.1,1,0,475,1
CAL-02895,CALI,ALIMENTOS,Comisaria_1_Familia_Cali,2020,70.0,1.25,3,0,500,1
CAL-02896,CALI,VIF,Juzgado_4_Familia_Cali,2023,70.0,1.1,11,1,651,1
CAL-02897,CALI,ALIMENTOS,Juzgado_Penal_Municipal_2_Cali,2022,70.0,1.15,8,0,542,1
CAL-02898,CALI,ALIMENTOS,Juzgado_4_Familia_Cali,2024,70.0,1.1,2,0,341,0
CAL-02899,CALI,VIF,Juzgado_2_Familia_Cali,2024,70.0,1.3,4,0,462,1
CAL-02900,CALI,VIF,Comisaria_1_Familia_Cali,2023,70.0,1.25,7,1,621,1
CAL-02901,CALI,ALIMENTOS,Juzgado_3_Familia_Cali,2022,70.0,1.2,3,0,483,1
CAL-02902,CALI,SUSTANCIAS,Juzgado_Penal_Municipal_2_Cali,2021,70.0,1.15,2,0,426,1
CAL-02903,CALI,VIF,Juzgado_2_Familia_Cali,2021,70.0,1.3,9,0,499,1
CAL-02904,CALI,SUSTANCIAS,Comisaria_3_Familia_Cali,2022,70.0,0.9,4,0,394,1
CAL-02905,CALI,ALIMENTOS,Juzgado_1_Familia_Cali,2024,70.0,1.45,5,0,353,0
CAL-02906,CALI,VIF,Juzgado_1_Familia_Cali,2021,70.0,1.45,3,0,448,1
CAL-02907,CALI,VIF,Comisaria_2_Familia_Cali,2024,70.0,1.1,8,1,620,1
CAL-02908,CALI,VIF,Juzgado_3_Familia_Cali,2024,70.0,1.2,9,0,476,1
CAL-02909,CALI,HURTO_PATRIMONIAL,Juzgado_2_Familia_Cali,2024,70.0,1.3,18,1,704,0
CAL-02910,CALI,ALIMENTOS,Juzgado_3_Familia_Cali,2021,70.0,1.2,1,0,505,1
CAL-02911,CALI,ALIMENTOS,Juzgado_5_Familia_Cali,2020,70.0,0.95,6,1,630,1
CAL-02912,CALI,VIF,Juzgado_Penal_Municipal_2_Cali,2024,70.0,1.15,4,1,596,1
CAL-02913,CALI,VIF,Comisaria_2_Familia_Cali,2021,70.0,1.1,6,0,425,1
CAL-02914,CALI,VIF,Comisaria_3_Familia_Cali,2024,70.0,0.9,12,0,468,1
CAL-02915,CALI,SUSTANCIAS,Juzgado_4_Familia_Cali,2022,70.0,1.1,11,1,400,0
CAL-02916,CALI,VIF,Comisaria_2_Familia_Cali,2023,70.0,1.1,8,0,452,1
CAL-02917,CALI,VIF,Juzgado_2_Familia_Cali,2024,70.0,1.3,4,0,264,0
CAL-02918,CALI,VIF,Juzgado_Penal_Municipal_2_Cali,2023,70.0,1.15,7,0,448,1
CAL-02919,CALI,ALIMENTOS,Juzgado_1_Familia_Cali,2024,70.0,1.45,5,1,387,0
CAL-02920,CALI,ALIMENTOS,Juzgado_Penal_Municipal_2_Cali,2021,70.0,1.15,2,0,497,1
CAL-02921,CALI,VIF,Juzgado_Penal_Municipal_2_Cali,2023,70.0,1.15,4,0,434,1
CAL-02922,CALI,ALIMENTOS,Comisaria_3_Familia_Cali,2020,70.0,0.9,6,1,548,1
CAL-02923,CALI,VIF,Juzgado_Penal_Municipal_1_Cali,2024,70.0,1.35,10,0,512,1
CAL-02924,CALI,HURTO_PATRIMONIAL,Juzgado_2_Familia_Cali,2023,70.0,1.3,2,1,626,0
CAL-02925,CALI,VIF,Juzgado_Penal_Municipal_1_Cali,2023,70.0,1.35,7,0,495,1
CAL-02926,CALI,HURTO_PATRIMONIAL,Comisaria_1_Familia_Cali,2024,70.0,1.25,3,0,580,1
CAL-02927,CALI,HURTO_PATRIMONIAL,Comisaria_2_Familia_Cali,2023,70.0,1.1,9,1,352,0
CAL-02928,CALI,SUSTANCIAS,Juzgado_5_Familia_Cali,2022,70.0,0.95,3,1,562,1
CAL-02929,CALI,ALIMENTOS,Juzgado_Penal_Municipal_1_Cali,2022,70.0,1.35,6,0,572,1
CAL-02930,CALI,ALIMENTOS,Juzgado_1_Familia_Cali,2021,70.0,1.45,3,0,570,1
CAL-02931,CALI,VIF,Juzgado_5_Familia_Cali,2023,70.0,0.95,4,0,374,1
CAL-02932,CALI,VIF,Juzgado_Penal_Municipal_2_Cali,2022,70.0,1.15,1,0,386,1
CAL-02933,CALI,VIF,Juzgado_5_Familia_Cali,2022,70.0,0.95,2,0,373,1
CAL-02934,CALI,SUSTANCIAS,Comisaria_3_Familia_Cali,2022,70.0,0.9,2,0,387,1
CAL-02935,CALI,ALIMENTOS,Juzgado_2_Familia_Cali,2021,70.0,1.3,6,0,275,0
CAL-02936,CALI,ALIMENTOS,Juzgado_1_Familia_Cali,2023,70.0,1.45,8,0,632,1
CAL-02937,CALI,VIF,Comisaria_3_Familia_Cali,2022,70.0,0.9,3,0,377,1
CAL-02938,CALI,SUSTANCIAS,Juzgado_Penal_Municipal_2_Cali,2024,70.0,1.15,6,0,452,1
CAL-02939,CALI,ALIMENTOS,Juzgado_Penal_Municipal_2_Cali,2023,70.0,1.15,1,0,324,0
CAL-02940,CALI,VIF,Juzgado_4_Familia_Cali,2022,70.0,1.1,6,0,444,1
CAL-02941,CALI,VIF,Comisaria_3_Familia_Cali,2023,70.0,0.9,1,0,343,1
CAL-02942,CALI,ALIMENTOS,Juzgado_2_Familia_Cali,2021,70.0,1.3,8,0,590,1
CAL-02943,CALI,ALIMENTOS,Juzgado_1_Familia_Cali,2023,70.0,1.45,5,0,571,1
CAL-02944,CALI,VIF,Juzgado_Penal_Municipal_2_Cali,2024,70.0,1.15,1,0,374,1
CAL-02945,CALI,HURTO_PATRIMONIAL,Comisaria_3_Familia_Cali,2023,70.0,0.9,7,1,719,1
CAL-02946,CALI,ALIMENTOS,Comisaria_1_Familia_Cali,2022,70.0,1.25,7,0,572,1
CAL-02947,CALI,ALIMENTOS,Juzgado_Penal_Municipal_1_Cali,2020,70.0,1.35,7,0,434,0
CAL-02948,CALI,ALIMENTOS,Comisaria_2_Familia_Cali,2021,70.0,1.1,2,0,478,1
CAL-02949,CALI,VIF,Comisaria_3_Familia_Cali,2023,70.0,0.9,3,1,526,1
CAL-02950,CALI,VIF,Juzgado_Penal_Municipal_1_Cali,2021,70.0,1.35,7,0,476,1
CAL-02951,CALI,HURTO_PATRIMONIAL,Comisaria_2_Familia_Cali,2024,70.0,1.1,5,0,284,0
CAL-02952,CALI,ALIMENTOS,Juzgado_3_Familia_Cali,2021,70.0,1.2,1,1,361,0
CAL-02953,CALI,ALIMENTOS,Juzgado_Penal_Municipal_2_Cali,2024,70.0,1.15,7,0,537,1
CAL-02954,CALI,ALIMENTOS,Juzgado_2_Familia_Cali,2020,70.0,1.3,1,0,529,1
CAL-02955,CALI,VIF,Comisaria_1_Familia_Cali,2021,70.0,1.25,4,1,593,1
CAL-02956,CALI,ALIMENTOS,Juzgado_Penal_Municipal_2_Cali,2020,70.0,1.15,1,1,620,1
CAL-02957,CALI,VIF,Juzgado_Penal_Municipal_2_Cali,2024,70.0,1.15,1,0,412,1
CAL-02958,CALI,VIF,Juzgado_Penal_Municipal_2_Cali,2023,70.0,1.15,6,0,422,1
CAL-02959,CALI,ALIMENTOS,Juzgado_5_Familia_Cali,2020,70.0,0.95,2,1,580,1
CAL-02960,CALI,VIF,Juzgado_5_Familia_Cali,2023,70.0,0.95,2,0,404,1
CAL-02961,CALI,ALIMENTOS,Juzgado_Penal_Municipal_1_Cali,2024,70.0,1.35,2,0,566,1
CAL-02962,CALI,VIF,Juzgado_2_Familia_Cali,2021,70.0,1.3,2,0,429,1
CAL-02963,CALI,VIF,Juzgado_1_Familia_Cali,2022,70.0,1.45,5,0,244,0
CAL-02964,CALI,VIF,Comisaria_1_Familia_Cali,2023,70.0,1.25,5,1,600,1
CAL-02965,CALI,SUSTANCIAS,Juzgado_Penal_Municipal_2_Cali,2022,70.0,1.15,9,0,484,1
CAL-02966,CALI,VIF,Juzgado_2_Familia_Cali,2024,70.0,1.3,3,0,445,1
CAL-02967,CALI,HURTO_PATRIMONIAL,Comisaria_2_Familia_Cali,2023,70.0,1.1,1,1,441,0
CAL-02968,CALI,ALIMENTOS,Juzgado_4_Familia_Cali,2023,70.0,1.1,8,0,255,0
CAL-02969,CALI,VIF,Comisaria_3_Familia_Cali,2024,70.0,0.9,1,0,342,1
CAL-02970,CALI,ALIMENTOS,Juzgado_Penal_Municipal_2_Cali,2021,70.0,1.15,5,0,517,1
CAL-02971,CALI,SUSTANCIAS,Comisaria_2_Familia_Cali,2020,70.0,1.1,3,0,406,1
CAL-02972,CALI,SUSTANCIAS,Comisaria_2_Familia_Cali,2024,70.0,1.1,1,0,426,1
CAL-02973,CALI,HURTO_PATRIMONIAL,Juzgado_Penal_Municipal_2_Cali,2021,70.0,1.15,16,1,592,0
CAL-02974,CALI,HURTO_PATRIMONIAL,Comisaria_2_Familia_Cali,2023,70.0,1.1,4,0,562,1
CAL-02975,CALI,SUSTANCIAS,Comisaria_2_Familia_Cali,2024,70.0,1.1,8,0,442,1
CAL-02976,CALI,ALIMENTOS,Comisaria_2_Familia_Cali,2021,70.0,1.1,3,1,647,1
CAL-02977,CALI,VIF,Juzgado_3_Familia_Cali,2024,70.0,1.2,3,0,422,1
CAL-02978,CALI,SUSTANCIAS,Juzgado_1_Familia_Cali,2023,70.0,1.45,3,0,498,1
CAL-02979,CALI,VIF,Comisaria_1_Familia_Cali,2022,70.0,1.25,8,0,495,1
CAL-02980,CALI,SUSTANCIAS,Comisaria_2_Familia_Cali,2022,70.0,1.1,1,1,555,1
CAL-02981,CALI,VIF,Juzgado_1_Familia_Cali,2023,70.0,1.45,5,1,658,1
CAL-02982,CALI,ALIMENTOS,Comisaria_2_Familia_Cali,2020,70.0,1.1,6,0,510,1
CAL-02983,CALI,ALIMENTOS,Juzgado_Penal_Municipal_2_Cali,2024,70.0,1.15,5,0,532,1
CAL-02984,CALI,HURTO_PATRIMONIAL,Juzgado_4_Familia_Cali,2024,70.0,1.1,6,0,539,1
CAL-02985,CALI,ALIMENTOS,Juzgado_1_Familia_Cali,2021,70.0,1.45,3,0,560,1
CAL-02986,CALI,HURTO_PATRIMONIAL,Juzgado_Penal_Municipal_1_Cali,2024,70.0,1.35,4,1,655,0
CAL-02987,CALI,ALIMENTOS,Juzgado_5_Familia_Cali,2022,70.0,0.95,4,1,431,0
CAL-02988,CALI,HURTO_PATRIMONIAL,Comisaria_2_Familia_Cali,2021,70.0,1.1,5,0,568,1
CAL-02989,CALI,ALIMENTOS,Juzgado_2_Familia_Cali,2024,70.0,1.3,7,0,563,1
CAL-02990,CALI,VIF,Juzgado_1_Familia_Cali,2024,70.0,1.45,7,0,522,1
CAL-02991,CALI,ALIMENTOS,Comisaria_1_Familia_Cali,2024,70.0,1.25,7,1,703,1
CAL-02992,CALI,VIF,Juzgado_2_Familia_Cali,2022,70.0,1.3,4,0,453,1
CAL-02993,CALI,ALIMENTOS,Comisaria_2_Familia_Cali,2022,70.0,1.1,6,1,643,1
CAL-02994,CALI,ALIMENTOS,Comisaria_3_Familia_Cali,2023,70.0,0.9,3,0,423,1
CAL-02995,CALI,HURTO_PATRIMONIAL,Comisaria_3_Familia_Cali,2023,70.0,0.9,6,1,641,1
CAL-02996,CALI,SUSTANCIAS,Juzgado_1_Familia_Cali,2022,70.0,1.45,6,1,683,1
CAL-02997,CALI,ALIMENTOS,Juzgado_Penal_Municipal_2_Cali,2021,70.0,1.15,14,0,575,1
CAL-02998,CALI,ALIMENTOS,Juzgado_Penal_Municipal_2_Cali,2021,70.0,1.15,2,0,464,1
CAL-02999,CALI,VIF,Juzgado_5_Familia_Cali,2024,70.0,0.95,2,1,535,1
CAL-03000,CALI,ALIMENTOS,Juzgado_Penal_Municipal_1_Cali,2024,70.0,1.35,5,0,288,0
CAL-03001,CALI,VIF,Juzgado_Penal_Municipal_2_Cali,2020,70.0,1.15,4,1,599,1
CAL-03002,CALI,HURTO_PATRIMONIAL,Juzgado_1_Familia_Cali,2024,70.0,1.45,6,0,681,1
CAL-03003,CALI,VIF,Comisaria_3_Familia_Cali,2022,70.0,0.9,1,0,337,1
CAL-03004,CALI,VIF,Juzgado_Penal_Municipal_1_Cali,2020,70.0,1.35,2,1,606,1
CAL-03005,CALI,VIF,Juzgado_Penal_Municipal_1_Cali,2023,70.0,1.35,7,0,503,1
CAL-03006,CALI,ALIMENTOS,Juzgado_2_Familia_Cali,2022,70.0,1.3,8,0,598,1
CAL-03007,CALI,HURTO_PATRIMONIAL,Juzgado_Penal_Municipal_1_Cali,2024,70.0,1.35,2,0,591,1
CAL-03008,CALI,VIF,Comisaria_1_Familia_Cali,2022,70.0,1.25,8,0,490,1
CAL-03009,CALI,ALIMENTOS,Comisaria_2_Familia_Cali,2024,70.0,1.1,7,0,533,1
CAL-03010,CALI,ALIMENTOS,Comisaria_1_Familia_Cali,2020,70.0,1.25,3,1,658,1
CAL-03011,CALI,ALIMENTOS,Juzgado_4_Familia_Cali,2024,70.0,1.1,2,0,471,1
CAL-03012,CALI,VIF,Comisaria_1_Familia_Cali,2023,70.0,1.25,6,0,448,1
CAL-03013,CALI,HURTO_PATRIMONIAL,Comisaria_3_Familia_Cali,2020,70.0,0.9,8,0,482,1
CAL-03014,CALI,ALIMENTOS,Juzgado_4_Familia_Cali,2023,70.0,1.1,8,1,656,1
CAL-03015,CALI,ALIMENTOS,Juzgado_3_Familia_Cali,2024,70.0,1.2,1,0,532,1
CAL-03016,CALI,ALIMENTOS,Comisaria_1_Familia_Cali,2021,70.0,1.25,4,0,527,1
CAL-03017,CALI,SUSTANCIAS,Comisaria_1_Familia_Cali,2022,70.0,1.25,6,0,508,1
CAL-03018,CALI,ALIMENTOS,Juzgado_2_Familia_Cali,2022,70.0,1.3,6,0,571,1
CAL-03019,CALI,VIF,Juzgado_4_Familia_Cali,2020,70.0,1.1,3,1,553,1
CAL-03020,CALI,SUSTANCIAS,Comisaria_3_Familia_Cali,2023,70.0,0.9,3,1,512,1
CAL-03021,CALI,ALIMENTOS,Juzgado_Penal_Municipal_1_Cali,2021,70.0,1.35,1,1,670,1
CAL-03022,CALI,ALIMENTOS,Juzgado_4_Familia_Cali,2021,70.0,1.1,2,1,609,1
CAL-03023,CALI,ALIMENTOS,Comisaria_2_Familia_Cali,2024,70.0,1.1,10,1,718,1
CAL-03024,CALI,VIF,Juzgado_2_Familia_Cali,2024,70.0,1.3,5,0,460,1
CAL-03025,CALI,ALIMENTOS,Juzgado_Penal_Municipal_1_Cali,2024,70.0,1.35,1,0,544,1
CAL-03026,CALI,ALIMENTOS,Juzgado_4_Familia_Cali,2021,70.0,1.1,1,1,614,1
CAL-03027,CALI,ALIMENTOS,Juzgado_2_Familia_Cali,2020,70.0,1.3,3,0,535,1
CAL-03028,CALI,HURTO_PATRIMONIAL,Juzgado_Penal_Municipal_2_Cali,2022,70.0,1.15,3,1,642,1
CAL-03029,CALI,VIF,Comisaria_1_Familia_Cali,2024,70.0,1.25,5,0,454,1
CAL-03030,CALI,ALIMENTOS,Comisaria_2_Familia_Cali,2024,70.0,1.1,3,0,462,1
CAL-03031,CALI,ALIMENTOS,Comisaria_2_Familia_Cali,2021,70.0,1.1,10,1,700,1
CAL-03032,CALI,SUSTANCIAS,Juzgado_5_Familia_Cali,2022,70.0,0.95,2,1,569,1
CAL-03033,CALI,ALIMENTOS,Comisaria_2_Familia_Cali,2021,70.0,1.1,1,1,608,1
CAL-03034,CALI,ALIMENTOS,Juzgado_Penal_Municipal_1_Cali,2024,70.0,1.35,3,1,406,0
CAL-03035,CALI,VIF,Juzgado_5_Familia_Cali,2024,70.0,0.95,1,0,360,1
CAL-03036,CALI,HURTO_PATRIMONIAL,Juzgado_4_Familia_Cali,2020,70.0,1.1,4,0,357,0
CAL-03037,CALI,ALIMENTOS,Juzgado_Penal_Municipal_2_Cali,2023,70.0,1.15,11,0,561,1
CAL-03038,CALI,VIF,Juzgado_4_Familia_Cali,2020,70.0,1.1,1,0,394,1
CAL-03039,CALI,SUSTANCIAS,Juzgado_3_Familia_Cali,2023,70.0,1.2,2,0,447,1
CAL-03040,CALI,VIF,Juzgado_2_Familia_Cali,2022,70.0,1.3,2,0,439,1
CAL-03041,CALI,VIF,Juzgado_5_Familia_Cali,2023,70.0,0.95,11,0,337,0
CAL-03042,CALI,SUSTANCIAS,Juzgado_2_Familia_Cali,2022,70.0,1.3,2,0,261,0
CAL-03043,CALI,HURTO_PATRIMONIAL,Juzgado_Penal_Municipal_1_Cali,2023,70.0,1.35,4,0,559,1
CAL-03044,CALI,ALIMENTOS,Comisaria_1_Familia_Cali,2020,70.0,1.25,5,0,555,1
CAL-03045,CALI,ALIMENTOS,Juzgado_5_Familia_Cali,2023,70.0,0.95,7,0,394,0
CAL-03046,CALI,HURTO_PATRIMONIAL,Comisaria_2_Familia_Cali,2022,70.0,1.1,5,1,674,1
CAL-03047,CALI,VIF,Comisaria_3_Familia_Cali,2023,70.0,0.9,4,0,232,0
CAL-03048,CALI,VIF,Juzgado_5_Familia_Cali,2024,70.0,0.95,4,0,303,0
CAL-03049,CALI,SUSTANCIAS,Comisaria_1_Familia_Cali,2024,70.0,1.25,7,0,416,0
CAL-03050,CALI,VIF,Juzgado_3_Familia_Cali,2022,70.0,1.2,8,1,597,1
CAL-03051,CALI,HURTO_PATRIMONIAL,Juzgado_3_Familia_Cali,2024,70.0,1.2,1,0,516,1
CAL-03052,CALI,VIF,Comisaria_2_Familia_Cali,2020,70.0,1.1,3,0,412,1
CAL-03053,CALI,ALIMENTOS,Comisaria_2_Familia_Cali,2023,70.0,1.1,4,1,612,1
CAL-03054,CALI,SUSTANCIAS,Juzgado_3_Familia_Cali,2024,70.0,1.2,8,0,491,1
CAL-03055,CALI,VIF,Juzgado_4_Familia_Cali,2022,70.0,1.1,1,0,394,1
CAL-03056,CALI,ALIMENTOS,Comisaria_2_Familia_Cali,2023,70.0,1.1,3,1,676,1
CAL-03057,CALI,VIF,Juzgado_3_Familia_Cali,2020,70.0,1.2,7,1,605,1
CAL-03058,CALI,ALIMENTOS,Comisaria_2_Familia_Cali,2023,70.0,1.1,1,1,625,1
CAL-03059,CALI,VIF,Juzgado_4_Familia_Cali,2023,70.0,1.1,4,0,416,1
CAL-03060,CALI,ALIMENTOS,Juzgado_3_Familia_Cali,2022,70.0,1.2,5,1,701,1
CAL-03061,CALI,HURTO_PATRIMONIAL,Juzgado_2_Familia_Cali,2024,70.0,1.3,3,0,380,0
CAL-03062,CALI,HURTO_PATRIMONIAL,Juzgado_Penal_Municipal_1_Cali,2022,70.0,1.35,7,0,626,1
CAL-03063,CALI,ALIMENTOS,Juzgado_4_Familia_Cali,2024,70.0,1.1,3,0,424,0
CAL-03064,CALI,SUSTANCIAS,Comisaria_1_Familia_Cali,2024,70.0,1.25,3,1,652,1
CAL-03065,CALI,ALIMENTOS,Juzgado_4_Familia_Cali,2021,70.0,1.1,3,0,442,1
CAL-03066,CALI,ALIMENTOS,Juzgado_Penal_Municipal_1_Cali,2022,70.0,1.35,2,1,682,1
CAL-03067,CALI,HURTO_PATRIMONIAL,Juzgado_3_Familia_Cali,2023,70.0,1.2,2,0,548,1
CAL-03068,CALI,VIF,Juzgado_4_Familia_Cali,2021,70.0,1.1,11,0,474,1
CAL-03069,CALI,SUSTANCIAS,Juzgado_4_Familia_Cali,2023,70.0,1.1,8,0,472,1
CAL-03070,CALI,ALIMENTOS,Juzgado_1_Familia_Cali,2024,70.0,1.45,4,1,570,0
CAL-03071,CALI,VIF,Juzgado_2_Familia_Cali,2024,70.0,1.3,2,0,457,1
CAL-03072,CALI,ALIMENTOS,Juzgado_3_Familia_Cali,2023,70.0,1.2,3,0,535,1
CAL-03073,CALI,ALIMENTOS,Juzgado_1_Familia_Cali,2022,70.0,1.45,14,0,678,1
CAL-03074,CALI,HURTO_PATRIMONIAL,Comisaria_2_Familia_Cali,2024,70.0,1.1,7,0,404,0
CAL-03075,CALI,SUSTANCIAS,Juzgado_4_Familia_Cali,2024,70.0,1.1,4,0,454,1
CAL-03076,CALI,HURTO_PATRIMONIAL,Juzgado_4_Familia_Cali,2021,70.0,1.1,4,1,691,1
CAL-03077,CALI,VIF,Juzgado_3_Familia_Cali,2022,70.0,1.2,8,1,628,1
CAL-03078,CALI,HURTO_PATRIMONIAL,Comisaria_3_Familia_Cali,2020,70.0,0.9,4,0,437,1
CAL-03079,CALI,ALIMENTOS,Comisaria_1_Familia_Cali,2024,70.0,1.25,1,1,692,1
CAL-03080,CALI,VIF,Juzgado_1_Familia_Cali,2021,70.0,1.45,2,0,438,1
CAL-03081,CALI,VIF,Juzgado_Penal_Municipal_2_Cali,2020,70.0,1.15,4,1,563,1
CAL-03082,CALI,HURTO_PATRIMONIAL,Juzgado_Penal_Municipal_1_Cali,2024,70.0,1.35,1,1,412,0
CAL-03083,CALI,ALIMENTOS,Comisaria_2_Familia_Cali,2021,70.0,1.1,4,0,494,1
CAL-03084,CALI,HURTO_PATRIMONIAL,Comisaria_1_Familia_Cali,2021,70.0,1.25,1,1,393,0
CAL-03085,CALI,ALIMENTOS,Juzgado_Penal_Municipal_2_Cali,2024,70.0,1.15,1,1,597,1
CAL-03086,CALI,VIF,Juzgado_4_Familia_Cali,2024,70.0,1.1,7,0,445,1
CAL-03087,CALI,ALIMENTOS,Juzgado_1_Familia_Cali,2020,70.0,1.45,2,0,457,0
CAL-03088,CALI,VIF,Comisaria_3_Familia_Cali,2024,70.0,0.9,4,1,578,1
CAL-03089,CALI,VIF,Comisaria_2_Familia_Cali,2023,70.0,1.1,6,0,432,1
CAL-03090,CALI,ALIMENTOS,Comisaria_2_Familia_Cali,2022,70.0,1.1,6,1,698,1
CAL-03091,CALI,HURTO_PATRIMONIAL,Juzgado_Penal_Municipal_1_Cali,2024,70.0,1.35,9,0,330,0
CAL-03092,CALI,ALIMENTOS,Juzgado_2_Familia_Cali,2021,70.0,1.3,3,0,543,1
CAL-03093,CALI,ALIMENTOS,Juzgado_5_Familia_Cali,2024,70.0,0.95,1,0,261,0
CAL-03094,CALI,ALIMENTOS,Juzgado_5_Familia_Cali,2021,70.0,0.95,10,0,335,0
CAL-03095,CALI,ALIMENTOS,Juzgado_1_Familia_Cali,2024,70.0,1.45,7,0,422,0
CAL-03096,CALI,ALIMENTOS,Juzgado_2_Familia_Cali,2022,70.0,1.3,2,1,669,1
CAL-03097,CALI,ALIMENTOS,Comisaria_2_Familia_Cali,2023,70.0,1.1,3,1,633,1
CAL-03098,CALI,ALIMENTOS,Juzgado_5_Familia_Cali,2024,70.0,0.95,14,0,547,1
CAL-03099,CALI,VIF,Comisaria_1_Familia_Cali,2022,70.0,1.25,3,0,435,1
CAL-03100,CALI,VIF,Comisaria_1_Familia_Cali,2023,70.0,1.25,1,0,427,1
CAL-03101,CALI,VIF,Juzgado_Penal_Municipal_1_Cali,2024,70.0,1.35,6,0,474,1
CAL-03102,CALI,HURTO_PATRIMONIAL,Juzgado_Penal_Municipal_2_Cali,2021,70.0,1.15,3,0,527,1
CAL-03103,CALI,VIF,Juzgado_1_Familia_Cali,2024,70.0,1.45,12,0,554,1
CAL-03104,CALI,ALIMENTOS,Juzgado_Penal_Municipal_2_Cali,2020,70.0,1.15,11,1,719,1
CAL-03105,CALI,HURTO_PATRIMONIAL,Comisaria_3_Familia_Cali,2024,70.0,0.9,6,1,661,1
CAL-03106,CALI,ALIMENTOS,Comisaria_3_Familia_Cali,2023,70.0,0.9,7,0,376,0
CAL-03107,CALI,ALIMENTOS,Juzgado_3_Familia_Cali,2021,70.0,1.2,1,1,636,1
CAL-03108,CALI,ALIMENTOS,Comisaria_2_Familia_Cali,2023,70.0,1.1,4,0,520,1
CAL-03109,CALI,VIF,Juzgado_4_Familia_Cali,2023,70.0,1.1,2,0,380,1
CAL-03110,CALI,ALIMENTOS,Comisaria_2_Familia_Cali,2023,70.0,1.1,5,0,501,1
CAL-03111,CALI,HURTO_PATRIMONIAL,Comisaria_1_Familia_Cali,2022,70.0,1.25,9,0,635,1
CAL-03112,CALI,VIF,Juzgado_Penal_Municipal_2_Cali,2024,70.0,1.15,3,0,437,1
CAL-03113,CALI,VIF,Juzgado_1_Familia_Cali,2022,70.0,1.45,8,0,508,1
CAL-03114,CALI,VIF,Juzgado_Penal_Municipal_1_Cali,2021,70.0,1.35,4,0,444,1
CAL-03115,CALI,SUSTANCIAS,Juzgado_5_Familia_Cali,2024,70.0,0.95,5,0,437,1
CAL-03116,CALI,ALIMENTOS,Juzgado_Penal_Municipal_1_Cali,2024,70.0,1.35,1,0,543,1
CAL-03117,CALI,VIF,Juzgado_2_Familia_Cali,2021,70.0,1.3,6,0,460,1
CAL-03118,CALI,HURTO_PATRIMONIAL,Juzgado_5_Familia_Cali,2021,70.0,0.95,4,1,635,1
CAL-03119,CALI,VIF,Juzgado_5_Familia_Cali,2023,70.0,0.95,11,0,465,1
CAL-03120,CALI,VIF,Juzgado_4_Familia_Cali,2022,70.0,1.1,11,0,473,1
CAL-03121,CALI,VIF,Juzgado_4_Familia_Cali,2024,70.0,1.1,3,0,430,1
CAL-03122,CALI,HURTO_PATRIMONIAL,Comisaria_2_Familia_Cali,2021,70.0,1.1,1,0,513,1
CAL-03123,CALI,VIF,Juzgado_Penal_Municipal_1_Cali,2024,70.0,1.35,2,0,453,1
CAL-03124,CALI,ALIMENTOS,Juzgado_5_Familia_Cali,2024,70.0,0.95,12,1,328,0
CAL-03125,CALI,VIF,Juzgado_1_Familia_Cali,2022,70.0,1.45,2,0,488,1
CAL-03126,CALI,ALIMENTOS,Comisaria_2_Familia_Cali,2023,70.0,1.1,8,0,534,1
CAL-03127,CALI,VIF,Juzgado_1_Familia_Cali,2023,70.0,1.45,8,0,254,0
CAL-03128,CALI,HURTO_PATRIMONIAL,Juzgado_4_Familia_Cali,2022,70.0,1.1,3,1,418,0
CAL-03129,CALI,ALIMENTOS,Comisaria_3_Familia_Cali,2024,70.0,0.9,2,0,410,1
CAL-03130,CALI,ALIMENTOS,Comisaria_3_Familia_Cali,2021,70.0,0.9,4,1,564,1
CAL-03131,CALI,VIF,Juzgado_4_Familia_Cali,2023,70.0,1.1,6,1,577,1
CAL-03132,CALI,ALIMENTOS,Juzgado_Penal_Municipal_1_Cali,2023,70.0,1.35,5,0,565,1
CAL-03133,CALI,VIF,Juzgado_1_Familia_Cali,2023,70.0,1.45,5,0,473,1
CAL-03134,CALI,ALIMENTOS,Comisaria_3_Familia_Cali,2022,70.0,0.9,2,1,549,1
CAL-03135,CALI,VIF,Juzgado_2_Familia_Cali,2021,70.0,1.3,1,0,443,1
CAL-03136,CALI,VIF,Juzgado_Penal_Municipal_2_Cali,2021,70.0,1.15,4,0,218,0
CAL-03137,CALI,SUSTANCIAS,Juzgado_4_Familia_Cali,2022,70.0,1.1,4,0,440,1
CAL-03138,CALI,ALIMENTOS,Comisaria_1_Familia_Cali,2024,70.0,1.25,7,0,570,1
CAL-03139,CALI,ALIMENTOS,Juzgado_4_Familia_Cali,2023,70.0,1.1,2,0,493,1
CAL-03140,CALI,ALIMENTOS,Comisaria_3_Familia_Cali,2021,70.0,0.9,10,0,254,0
CAL-03141,CALI,VIF,Juzgado_3_Familia_Cali,2024,70.0,1.2,12,0,423,0
CAL-03142,CALI,VIF,Juzgado_1_Familia_Cali,2022,70.0,1.45,2,0,476,1
CAL-03143,CALI,SUSTANCIAS,Juzgado_2_Familia_Cali,2023,70.0,1.3,2,0,472,1
CAL-03144,CALI,HURTO_PATRIMONIAL,Comisaria_3_Familia_Cali,2022,70.0,0.9,6,1,696,1
CAL-03145,CALI,HURTO_PATRIMONIAL,Juzgado_5_Familia_Cali,2023,70.0,0.95,3,0,504,1
CAL-03146,CALI,HURTO_PATRIMONIAL,Comisaria_3_Familia_Cali,2022,70.0,0.9,5,0,484,1
CAL-03147,CALI,ALIMENTOS,Comisaria_1_Familia_Cali,2023,70.0,1.25,2,1,659,1
CAL-03148,CALI,ALIMENTOS,Juzgado_4_Familia_Cali,2023,70.0,1.1,3,0,474,1
CAL-03149,CALI,HURTO_PATRIMONIAL,Comisaria_2_Familia_Cali,2020,70.0,1.1,1,0,516,1
CAL-03150,CALI,SUSTANCIAS,Juzgado_4_Familia_Cali,2022,70.0,1.1,4,0,457,1
CAL-03151,CALI,ALIMENTOS,Juzgado_4_Familia_Cali,2023,70.0,1.1,9,1,358,0
CAL-03152,CALI,VIF,Juzgado_Penal_Municipal_2_Cali,2024,70.0,1.15,9,0,359,0
CAL-03153,CALI,ALIMENTOS,Comisaria_1_Familia_Cali,2021,70.0,1.25,6,0,527,1
CAL-03154,CALI,VIF,Comisaria_2_Familia_Cali,2021,70.0,1.1,3,0,322,0
CAL-03155,CALI,VIF,Juzgado_4_Familia_Cali,2024,70.0,1.1,8,0,461,1
CAL-03156,CALI,VIF,Juzgado_Penal_Municipal_2_Cali,2020,70.0,1.15,6,0,405,1
CAL-03157,CALI,HURTO_PATRIMONIAL,Juzgado_5_Familia_Cali,2024,70.0,0.95,1,0,447,1
CAL-03158,CALI,HURTO_PATRIMONIAL,Juzgado_1_Familia_Cali,2020,70.0,1.45,13,0,714,1
CAL-03159,CALI,VIF,Juzgado_1_Familia_Cali,2022,70.0,1.45,4,0,491,1
CAL-03160,CALI,VIF,Juzgado_4_Familia_Cali,2024,70.0,1.1,1,0,366,1
CAL-03161,CALI,VIF,Comisaria_1_Familia_Cali,2021,70.0,1.25,1,1,541,1
CAL-03162,CALI,VIF,Juzgado_Penal_Municipal_1_Cali,2024,70.0,1.35,3,0,493,1
CAL-03163,CALI,HURTO_PATRIMONIAL,Juzgado_3_Familia_Cali,2023,70.0,1.2,12,0,647,1
CAL-03164,CALI,ALIMENTOS,Juzgado_Penal_Municipal_1_Cali,2024,70.0,1.35,9,1,491,0
CAL-03165,CALI,VIF,Comisaria_3_Familia_Cali,2024,70.0,0.9,10,0,441,1
CAL-03166,CALI,SUSTANCIAS,Juzgado_3_Familia_Cali,2023,70.0,1.2,3,1,632,1
CAL-03167,CALI,HURTO_PATRIMONIAL,Juzgado_1_Familia_Cali,2022,70.0,1.45,4,0,665,1
CAL-03168,CALI,VIF,Comisaria_3_Familia_Cali,2023,70.0,0.9,19,0,528,1
CAL-03169,CALI,HURTO_PATRIMONIAL,Comisaria_1_Familia_Cali,2023,70.0,1.25,1,0,552,1
CAL-03170,CALI,ALIMENTOS,Juzgado_1_Familia_Cali,2023,70.0,1.45,6,0,622,1
CAL-03171,CALI,VIF,Comisaria_2_Familia_Cali,2022,70.0,1.1,5,0,353,0
CAL-03172,CALI,ALIMENTOS,Juzgado_4_Familia_Cali,2022,70.0,1.1,6,0,509,1
CAL-03173,CALI,ALIMENTOS,Juzgado_5_Familia_Cali,2023,70.0,0.95,2,0,447,1
CAL-03174,CALI,VIF,Juzgado_Penal_Municipal_2_Cali,2023,70.0,1.15,6,0,464,1
CAL-03175,CALI,VIF,Comisaria_2_Familia_Cali,2024,70.0,1.1,6,0,244,0
CAL-03176,CALI,VIF,Juzgado_1_Familia_Cali,2021,70.0,1.45,4,0,466,1
CAL-03177,CALI,SUSTANCIAS,Comisaria_1_Familia_Cali,2024,70.0,1.25,3,0,485,1
CAL-03178,CALI,ALIMENTOS,Juzgado_Penal_Municipal_1_Cali,2024,70.0,1.35,6,1,626,0
CAL-03179,CALI,SUSTANCIAS,Juzgado_4_Familia_Cali,2024,70.0,1.1,7,1,646,1
CAL-03180,CALI,VIF,Juzgado_Penal_Municipal_2_Cali,2024,70.0,1.15,2,0,428,1
CAL-03181,CALI,ALIMENTOS,Juzgado_Penal_Municipal_2_Cali,2024,70.0,1.15,7,0,539,1
CAL-03182,CALI,ALIMENTOS,Juzgado_1_Familia_Cali,2024,70.0,1.45,2,0,592,1
CAL-03183,CALI,VIF,Comisaria_2_Familia_Cali,2021,70.0,1.1,12,1,632,1
CAL-03184,CALI,SUSTANCIAS,Comisaria_3_Familia_Cali,2022,70.0,0.9,1,1,509,1
CAL-03185,CALI,VIF,Juzgado_1_Familia_Cali,2023,70.0,1.45,1,1,618,1
CAL-03186,CALI,VIF,Juzgado_1_Familia_Cali,2023,70.0,1.45,7,0,429,0
CAL-03187,CALI,HURTO_PATRIMONIAL,Comisaria_3_Familia_Cali,2021,70.0,0.9,5,1,383,0
CAL-03188,CALI,VIF,Juzgado_1_Familia_Cali,2022,70.0,1.45,2,0,440,1
CAL-03189,CALI,ALIMENTOS,Juzgado_4_Familia_Cali,2024,70.0,1.1,9,1,695,1
CAL-03190,CALI,HURTO_PATRIMONIAL,Juzgado_2_Familia_Cali,2021,70.0,1.3,2,1,547,0
CAL-03191,CALI,VIF,Juzgado_4_Familia_Cali,2024,70.0,1.1,7,1,610,1
CAL-03192,CALI,ALIMENTOS,Juzgado_4_Familia_Cali,2023,70.0,1.1,3,0,491,1
CAL-03193,CALI,VIF,Juzgado_1_Familia_Cali,2024,70.0,1.45,6,0,485,1
CAL-03194,CALI,VIF,Juzgado_5_Familia_Cali,2023,70.0,0.95,7,0,437,1
CAL-03195,CALI,SUSTANCIAS,Juzgado_Penal_Municipal_1_Cali,2024,70.0,1.35,4,0,495,1
CAL-03196,CALI,ALIMENTOS,Juzgado_5_Familia_Cali,2024,70.0,0.95,1,0,410,1
CAL-03197,CALI,ALIMENTOS,Comisaria_2_Familia_Cali,2023,70.0,1.1,5,1,684,1
CAL-03198,CALI,ALIMENTOS,Juzgado_Penal_Municipal_2_Cali,2023,70.0,1.15,3,0,479,1
CAL-03199,CALI,ALIMENTOS,Juzgado_Penal_Municipal_1_Cali,2022,70.0,1.35,7,0,583,1
CAL-03200,CALI,SUSTANCIAS,Juzgado_1_Familia_Cali,2024,70.0,1.45,9,0,565,1
CAL-03201,CALI,ALIMENTOS,Comisaria_3_Familia_Cali,2021,70.0,0.9,2,1,572,1
CAL-03202,CALI,HURTO_PATRIMONIAL,Juzgado_2_Familia_Cali,2023,70.0,1.3,8,0,652,1
CAL-03203,CALI,SUSTANCIAS,Comisaria_1_Familia_Cali,2022,70.0,1.25,3,0,467,1
CAL-03204,CALI,VIF,Juzgado_Penal_Municipal_1_Cali,2020,70.0,1.35,1,0,427,1
CAL-03205,CALI,VIF,Juzgado_3_Familia_Cali,2024,70.0,1.2,10,0,496,1
CAL-03206,CALI,ALIMENTOS,Juzgado_1_Familia_Cali,2023,70.0,1.45,3,0,331,0
CAL-03207,CALI,ALIMENTOS,Juzgado_5_Familia_Cali,2020,70.0,0.95,7,1,610,1
CAL-03208,CALI,HURTO_PATRIMONIAL,Juzgado_1_Familia_Cali,2022,70.0,1.45,5,0,658,1
CAL-03209,CALI,ALIMENTOS,Juzgado_2_Familia_Cali,2022,70.0,1.3,6,0,553,1
CAL-03210,CALI,VIF,Juzgado_3_Familia_Cali,2023,70.0,1.2,6,0,450,1
CAL-03211,CALI,VIF,Juzgado_Penal_Municipal_1_Cali,2023,70.0,1.35,3,0,436,1
CAL-03212,CALI,VIF,Juzgado_2_Familia_Cali,2023,70.0,1.3,6,0,491,1
CAL-03213,CALI,SUSTANCIAS,Juzgado_Penal_Municipal_1_Cali,2023,70.0,1.35,2,0,459,1
CAL-03214,CALI,HURTO_PATRIMONIAL,Juzgado_3_Familia_Cali,2023,70.0,1.2,2,1,704,1
CAL-03215,CALI,ALIMENTOS,Juzgado_3_Familia_Cali,2022,70.0,1.2,5,0,550,1
CAL-03216,CALI,ALIMENTOS,Juzgado_Penal_Municipal_1_Cali,2022,70.0,1.35,5,0,591,1
CAL-03217,CALI,VIF,Comisaria_2_Familia_Cali,2024,70.0,1.1,7,0,372,0
CAL-03218,CALI,SUSTANCIAS,Juzgado_5_Familia_Cali,2023,70.0,0.95,2,0,385,1
CAL-03219,CALI,VIF,Comisaria_1_Familia_Cali,2024,70.0,1.25,2,0,408,1
CAL-03220,CALI,ALIMENTOS,Juzgado_3_Familia_Cali,2021,70.0,1.2,3,1,668,1
CAL-03221,CALI,ALIMENTOS,Juzgado_3_Familia_Cali,2023,70.0,1.2,11,1,485,0
CAL-03222,CALI,HURTO_PATRIMONIAL,Comisaria_1_Familia_Cali,2024,70.0,1.25,1,0,555,1
CAL-03223,CALI,ALIMENTOS,Juzgado_2_Familia_Cali,2020,70.0,1.3,4,1,675,1
CAL-03224,CALI,ALIMENTOS,Juzgado_2_Familia_Cali,2024,70.0,1.3,7,1,546,0
CAL-03225,CALI,ALIMENTOS,Comisaria_1_Familia_Cali,2024,70.0,1.25,4,1,670,1
CAL-03226,CALI,ALIMENTOS,Comisaria_2_Familia_Cali,2021,70.0,1.1,3,0,496,1
CAL-03227,CALI,ALIMENTOS,Juzgado_1_Familia_Cali,2021,70.0,1.45,2,1,588,0
CAL-03228,CALI,VIF,Juzgado_Penal_Municipal_2_Cali,2021,70.0,1.15,4,0,322,0
CAL-03229,CALI,ALIMENTOS,Juzgado_Penal_Municipal_1_Cali,2023,70.0,1.35,3,0,513,1
CAL-03230,CALI,ALIMENTOS,Juzgado_5_Familia_Cali,2024,70.0,0.95,6,0,478,1
CAL-03231,CALI,SUSTANCIAS,Juzgado_2_Familia_Cali,2024,70.0,1.3,5,0,502,1
CAL-03232,CALI,ALIMENTOS,Comisaria_1_Familia_Cali,2022,70.0,1.25,2,0,529,1
CAL-03233,CALI,SUSTANCIAS,Comisaria_1_Familia_Cali,2024,70.0,1.25,6,0,479,1
CAL-03234,CALI,VIF,Juzgado_Penal_Municipal_1_Cali,2022,70.0,1.35,1,0,416,1
CAL-03235,CALI,ALIMENTOS,Juzgado_Penal_Municipal_2_Cali,2023,70.0,1.15,5,0,482,1
CAL-03236,CALI,HURTO_PATRIMONIAL,Juzgado_5_Familia_Cali,2024,70.0,0.95,6,0,551,1
CAL-03237,CALI,ALIMENTOS,Comisaria_3_Familia_Cali,2024,70.0,0.9,5,0,486,1
CAL-03238,CALI,ALIMENTOS,Comisaria_1_Familia_Cali,2022,70.0,1.25,4,1,670,1
CAL-03239,CALI,VIF,Juzgado_Penal_Municipal_1_Cali,2023,70.0,1.35,6,1,650,1
CAL-03240,CALI,ALIMENTOS,Juzgado_4_Familia_Cali,2022,70.0,1.1,4,1,650,1
CAL-03241,CALI,ALIMENTOS,Juzgado_4_Familia_Cali,2022,70.0,1.1,6,1,679,1
CAL-03242,CALI,ALIMENTOS,Juzgado_3_Familia_Cali,2020,70.0,1.2,7,0,499,1
CAL-03243,CALI,HURTO_PATRIMONIAL,Juzgado_2_Familia_Cali,2024,70.0,1.3,6,0,626,1
CAL-03244,CALI,ALIMENTOS,Juzgado_Penal_Municipal_2_Cali,2023,70.0,1.15,1,1,652,1
CAL-03245,CALI,VIF,Juzgado_Penal_Municipal_2_Cali,2020,70.0,1.15,1,1,532,1
CAL-03246,CALI,HURTO_PATRIMONIAL,Comisaria_3_Familia_Cali,2024,70.0,0.9,8,0,536,1
CAL-03247,CALI,ALIMENTOS,Comisaria_3_Familia_Cali,2024,70.0,0.9,4,0,433,1
CAL-03248,CALI,ALIMENTOS,Juzgado_5_Familia_Cali,2023,70.0,0.95,5,0,451,1
CAL-03249,CALI,VIF,Juzgado_3_Familia_Cali,2021,70.0,1.2,3,0,414,1
CAL-03250,CALI,SUSTANCIAS,Juzgado_Penal_Municipal_1_Cali,2023,70.0,1.35,1,0,442,1
CAL-03251,CALI,HURTO_PATRIMONIAL,Juzgado_5_Familia_Cali,2021,70.0,0.95,3,0,471,1
CAL-03252,CALI,ALIMENTOS,Juzgado_3_Familia_Cali,2023,70.0,1.2,3,0,504,1
CAL-03253,CALI,ALIMENTOS,Juzgado_4_Familia_Cali,2022,70.0,1.1,6,0,309,0
CAL-03254,CALI,VIF,Juzgado_Penal_Municipal_1_Cali,2022,70.0,1.35,7,0,508,1
CAL-03255,CALI,ALIMENTOS,Juzgado_1_Familia_Cali,2022,70.0,1.45,7,0,603,1
CAL-03256,CALI,HURTO_PATRIMONIAL,Juzgado_5_Familia_Cali,2023,70.0,0.95,2,0,474,1
CAL-03257,CALI,VIF,Juzgado_2_Familia_Cali,2021,70.0,1.3,8,0,472,1
CAL-03258,CALI,VIF,Comisaria_1_Familia_Cali,2023,70.0,1.25,4,1,591,1
CAL-03259,CALI,VIF,Juzgado_3_Familia_Cali,2022,70.0,1.2,6,0,463,1
CAL-03260,CALI,HURTO_PATRIMONIAL,Comisaria_3_Familia_Cali,2024,70.0,0.9,8,0,457,1
CAL-03261,CALI,ALIMENTOS,Comisaria_2_Familia_Cali,2022,70.0,1.1,9,1,679,1
CAL-03262,CALI,SUSTANCIAS,Juzgado_5_Familia_Cali,2023,70.0,0.95,7,0,469,1
CAL-03263,CALI,ALIMENTOS,Comisaria_1_Familia_Cali,2021,70.0,1.25,4,1,696,1
CAL-03264,CALI,SUSTANCIAS,Juzgado_4_Familia_Cali,2024,70.0,1.1,6,0,421,1
CAL-03265,CALI,HURTO_PATRIMONIAL,Juzgado_Penal_Municipal_1_Cali,2024,70.0,1.35,9,0,679,1
CAL-03266,CALI,ALIMENTOS,Juzgado_4_Familia_Cali,2023,70.0,1.1,2,0,489,1
CAL-03267,CALI,VIF,Juzgado_1_Familia_Cali,2022,70.0,1.45,6,0,494,1
CAL-03268,CALI,VIF,Comisaria_2_Familia_Cali,2021,70.0,1.1,1,1,533,1
CAL-03269,CALI,VIF,Comisaria_3_Familia_Cali,2021,70.0,0.9,6,0,228,0
CAL-03270,CALI,HURTO_PATRIMONIAL,Juzgado_3_Familia_Cali,2023,70.0,1.2,5,1,725,1
CAL-03271,CALI,ALIMENTOS,Juzgado_Penal_Municipal_2_Cali,2020,70.0,1.15,1,0,452,1
CAL-03272,CALI,VIF,Juzgado_3_Familia_Cali,2024,70.0,1.2,4,0,422,1
CAL-03273,CALI,VIF,Juzgado_3_Familia_Cali,2021,70.0,1.2,9,1,614,1
CAL-03274,CALI,VIF,Juzgado_Penal_Municipal_2_Cali,2022,70.0,1.15,2,0,423,1
CAL-03275,CALI,VIF,Comisaria_2_Familia_Cali,2022,70.0,1.1,10,1,632,1
CAL-03276,CALI,ALIMENTOS,Juzgado_4_Familia_Cali,2022,70.0,1.1,4,1,628,1
CAL-03277,CALI,ALIMENTOS,Juzgado_1_Familia_Cali,2021,70.0,1.45,8,1,408,0
CAL-03278,CALI,VIF,Juzgado_2_Familia_Cali,2024,70.0,1.3,9,1,483,0
CAL-03279,CALI,VIF,Juzgado_2_Familia_Cali,2024,70.0,1.3,13,0,533,1
CAL-03280,CALI,ALIMENTOS,Juzgado_Penal_Municipal_2_Cali,2023,70.0,1.15,9,0,539,1
CAL-03281,CALI,HURTO_PATRIMONIAL,Juzgado_3_Familia_Cali,2022,70.0,1.2,10,1,408,0
CAL-03282,CALI,HURTO_PATRIMONIAL,Juzgado_Penal_Municipal_1_Cali,2024,70.0,1.35,2,0,635,1
CAL-03283,CALI,ALIMENTOS,Juzgado_1_Familia_Cali,2020,70.0,1.45,5,1,500,0
CAL-03284,CALI,ALIMENTOS,Comisaria_2_Familia_Cali,2022,70.0,1.1,5,1,502,0
CAL-03285,CALI,ALIMENTOS,Juzgado_5_Familia_Cali,2023,70.0,0.95,2,1,604,1
CAL-03286,CALI,ALIMENTOS,Comisaria_1_Familia_Cali,2024,70.0,1.25,2,0,522,1
CAL-03287,CALI,VIF,Juzgado_5_Familia_Cali,2022,70.0,0.95,4,0,371,1
CAL-03288,CALI,VIF,Juzgado_3_Familia_Cali,2024,70.0,1.2,5,0,449,1
CAL-03289,CALI,VIF,Juzgado_2_Familia_Cali,2023,70.0,1.3,2,0,437,1
CAL-03290,CALI,HURTO_PATRIMONIAL,Juzgado_Penal_Municipal_2_Cali,2024,70.0,1.15,3,1,706,1
CAL-03291,CALI,VIF,Juzgado_1_Familia_Cali,2022,70.0,1.45,1,0,458,1
CAL-03292,CALI,VIF,Juzgado_2_Familia_Cali,2022,70.0,1.3,6,0,484,1
CAL-03293,CALI,ALIMENTOS,Juzgado_3_Familia_Cali,2024,70.0,1.2,6,0,544,1
CAL-03294,CALI,HURTO_PATRIMONIAL,Comisaria_3_Familia_Cali,2023,70.0,0.9,5,1,556,0
CAL-03295,CALI,VIF,Juzgado_Penal_Municipal_2_Cali,2021,70.0,1.15,1,0,339,0
CAL-03296,CALI,VIF,Comisaria_3_Familia_Cali,2023,70.0,0.9,2,0,362,1
CAL-03297,CALI,VIF,Comisaria_3_Familia_Cali,2021,70.0,0.9,5,0,214,0
CAL-03298,CALI,VIF,Juzgado_1_Familia_Cali,2021,70.0,1.45,14,0,282,0
CAL-03299,CALI,VIF,Juzgado_2_Familia_Cali,2024,70.0,1.3,3,1,605,1
CAL-03300,CALI,VIF,Juzgado_2_Familia_Cali,2021,70.0,1.3,5,0,448,1
CAL-03301,CALI,HURTO_PATRIMONIAL,Juzgado_1_Familia_Cali,2024,70.0,1.45,2,0,461,0
CAL-03302,CALI,SUSTANCIAS,Comisaria_3_Familia_Cali,2021,70.0,0.9,11,0,455,1
CAL-03303,CALI,ALIMENTOS,Juzgado_2_Familia_Cali,2023,70.0,1.3,4,0,579,1
CAL-03304,CALI,ALIMENTOS,Juzgado_4_Familia_Cali,2021,70.0,1.1,1,0,463,1
CAL-03305,CALI,VIF,Juzgado_5_Familia_Cali,2024,70.0,0.95,4,0,410,1
CAL-03306,CALI,VIF,Comisaria_3_Familia_Cali,2024,70.0,0.9,15,1,624,1
CAL-03307,CALI,VIF,Juzgado_Penal_Municipal_2_Cali,2022,70.0,1.15,8,0,444,1
CAL-03308,CALI,ALIMENTOS,Comisaria_3_Familia_Cali,2023,70.0,0.9,8,1,618,1
CAL-03309,CALI,ALIMENTOS,Comisaria_1_Familia_Cali,2024,70.0,1.25,8,0,598,1
CAL-03310,CALI,VIF,Juzgado_4_Familia_Cali,2021,70.0,1.1,4,0,403,1
CAL-03311,CALI,SUSTANCIAS,Juzgado_1_Familia_Cali,2023,70.0,1.45,7,0,523,1
CAL-03312,CALI,VIF,Juzgado_Penal_Municipal_1_Cali,2024,70.0,1.35,3,0,469,1
CAL-03313,CALI,HURTO_PATRIMONIAL,Juzgado_5_Familia_Cali,2021,70.0,0.95,6,1,637,1
CAL-03314,CALI,VIF,Juzgado_5_Familia_Cali,2022,70.0,0.95,8,0,401,1
CAL-03315,CALI,ALIMENTOS,Comisaria_1_Familia_Cali,2024,70.0,1.25,3,1,712,1
CAL-03316,CALI,ALIMENTOS,Juzgado_3_Familia_Cali,2023,70.0,1.2,3,0,390,0
CAL-03317,CALI,VIF,Comisaria_1_Familia_Cali,2024,70.0,1.25,2,0,426,1
CAL-03318,CALI,ALIMENTOS,Juzgado_Penal_Municipal_2_Cali,2022,70.0,1.15,4,0,502,1
CAL-03319,CALI,VIF,Comisaria_3_Familia_Cali,2021,70.0,0.9,6,0,385,1
CAL-03320,CALI,VIF,Comisaria_2_Familia_Cali,2020,70.0,1.1,1,1,529,1
CAL-03321,CALI,ALIMENTOS,Juzgado_4_Familia_Cali,2023,70.0,1.1,12,0,612,1
CAL-03322,CALI,ALIMENTOS,Comisaria_1_Familia_Cali,2023,70.0,1.25,6,0,556,1
CAL-03323,CALI,ALIMENTOS,Juzgado_Penal_Municipal_2_Cali,2023,70.0,1.15,7,0,554,1
CAL-03324,CALI,ALIMENTOS,Comisaria_3_Familia_Cali,2024,70.0,0.9,5,0,456,1
CAL-03325,CALI,ALIMENTOS,Juzgado_Penal_Municipal_1_Cali,2023,70.0,1.35,1,0,469,1
CAL-03326,CALI,ALIMENTOS,Juzgado_3_Familia_Cali,2022,70.0,1.2,2,1,674,1
CAL-03327,CALI,VIF,Comisaria_2_Familia_Cali,2024,70.0,1.1,1,0,385,1
CAL-03328,CALI,ALIMENTOS,Comisaria_1_Familia_Cali,2021,70.0,1.25,2,1,640,1
CAL-03329,CALI,HURTO_PATRIMONIAL,Juzgado_5_Familia_Cali,2024,70.0,0.95,3,1,287,0
CAL-03330,CALI,ALIMENTOS,Juzgado_1_Familia_Cali,2023,70.0,1.45,6,1,384,0
CAL-03331,CALI,VIF,Juzgado_2_Familia_Cali,2021,70.0,1.3,2,0,420,1
CAL-03332,CALI,HURTO_PATRIMONIAL,Juzgado_Penal_Municipal_2_Cali,2024,70.0,1.15,3,1,391,0
CAL-03333,CALI,VIF,Juzgado_1_Familia_Cali,2021,70.0,1.45,2,0,279,0
CAL-03334,CALI,HURTO_PATRIMONIAL,Juzgado_2_Familia_Cali,2024,70.0,1.3,3,0,610,1
CAL-03335,CALI,ALIMENTOS,Juzgado_Penal_Municipal_1_Cali,2022,70.0,1.35,6,0,566,1
CAL-03336,CALI,ALIMENTOS,Juzgado_1_Familia_Cali,2022,70.0,1.45,7,0,625,1
CAL-03337,CALI,VIF,Juzgado_Penal_Municipal_1_Cali,2022,70.0,1.35,5,1,622,1
CAL-03338,CALI,ALIMENTOS,Juzgado_3_Familia_Cali,2022,70.0,1.2,4,0,527,1
CAL-03339,CALI,SUSTANCIAS,Juzgado_1_Familia_Cali,2023,70.0,1.45,3,0,494,1
CAL-03340,CALI,VIF,Comisaria_2_Familia_Cali,2022,70.0,1.1,2,1,540,1
CAL-03341,CALI,ALIMENTOS,Comisaria_1_Familia_Cali,2023,70.0,1.25,10,1,418,0
CAL-03342,CALI,SUSTANCIAS,Juzgado_5_Familia_Cali,2023,70.0,0.95,5,1,571,1
CAL-03343,CALI,VIF,Comisaria_2_Familia_Cali,2022,70.0,1.1,1,0,393,1
CAL-03344,CALI,VIF,Juzgado_1_Familia_Cali,2023,70.0,1.45,2,0,458,1
CAL-03345,CALI,ALIMENTOS,Juzgado_Penal_Municipal_2_Cali,2022,70.0,1.15,1,1,682,1
CAL-03346,CALI,ALIMENTOS,Juzgado_5_Familia_Cali,2024,70.0,0.95,3,0,466,1
CAL-03347,CALI,VIF,Juzgado_4_Familia_Cali,2023,70.0,1.1,2,0,417,1
CAL-03348,CALI,HURTO_PATRIMONIAL,Juzgado_Penal_Municipal_2_Cali,2024,70.0,1.15,9,0,584,1
CAL-03349,CALI,VIF,Comisaria_3_Familia_Cali,2021,70.0,0.9,1,1,518,1
CAL-03350,CALI,HURTO_PATRIMONIAL,Juzgado_1_Familia_Cali,2024,70.0,1.45,7,1,653,0
CAL-03351,CALI,HURTO_PATRIMONIAL,Juzgado_2_Familia_Cali,2023,70.0,1.3,3,0,602,1
CAL-03352,CALI,ALIMENTOS,Juzgado_Penal_Municipal_2_Cali,2023,70.0,1.15,7,0,510,1
CAL-03353,CALI,SUSTANCIAS,Juzgado_5_Familia_Cali,2022,70.0,0.95,12,0,466,1
CAL-03354,CALI,HURTO_PATRIMONIAL,Juzgado_Penal_Municipal_1_Cali,2021,70.0,1.35,1,1,531,0
CAL-03355,CALI,SUSTANCIAS,Juzgado_4_Familia_Cali,2023,70.0,1.1,6,0,423,1
CAL-03356,CALI,VIF,Juzgado_3_Familia_Cali,2021,70.0,1.2,2,0,410,1
CAL-03357,CALI,SUSTANCIAS,Juzgado_3_Familia_Cali,2024,70.0,1.2,7,1,628,1
CAL-03358,CALI,ALIMENTOS,Comisaria_2_Familia_Cali,2024,70.0,1.1,7,0,230,0
CAL-03359,CALI,ALIMENTOS,Comisaria_1_Familia_Cali,2022,70.0,1.25,4,1,695,1
CAL-03360,CALI,ALIMENTOS,Comisaria_3_Familia_Cali,2023,70.0,0.9,3,0,417,1
CAL-03361,CALI,VIF,Comisaria_3_Familia_Cali,2024,70.0,0.9,3,0,170,0
CAL-03362,CALI,ALIMENTOS,Comisaria_1_Familia_Cali,2024,70.0,1.25,6,1,726,1
CAL-03363,CALI,SUSTANCIAS,Juzgado_4_Familia_Cali,2022,70.0,1.1,4,0,441,1
CAL-03364,CALI,SUSTANCIAS,Juzgado_4_Familia_Cali,2022,70.0,1.1,8,0,496,1
CAL-03365,CALI,ALIMENTOS,Juzgado_Penal_Municipal_2_Cali,2021,70.0,1.15,13,0,548,1
CAL-03366,CALI,VIF,Juzgado_2_Familia_Cali,2020,70.0,1.3,8,0,484,1
CAL-03367,CALI,ALIMENTOS,Juzgado_Penal_Municipal_1_Cali,2024,70.0,1.35,4,0,537,1
CAL-03368,CALI,VIF,Comisaria_1_Familia_Cali,2021,70.0,1.25,4,1,573,1
CAL-03369,CALI,VIF,Comisaria_3_Familia_Cali,2024,70.0,0.9,1,0,351,1
CAL-03370,CALI,ALIMENTOS,Juzgado_4_Familia_Cali,2024,70.0,1.1,2,0,290,0
CAL-03371,CALI,ALIMENTOS,Comisaria_1_Familia_Cali,2024,70.0,1.25,8,0,543,1
CAL-03372,CALI,VIF,Juzgado_Penal_Municipal_2_Cali,2021,70.0,1.15,2,0,372,1
CAL-03373,CALI,VIF,Comisaria_3_Familia_Cali,2024,70.0,0.9,4,0,369,1
CAL-03374,CALI,ALIMENTOS,Juzgado_4_Familia_Cali,2022,70.0,1.1,6,0,507,1
CAL-03375,CALI,VIF,Juzgado_Penal_Municipal_2_Cali,2022,70.0,1.15,2,0,397,1
CAL-03376,CALI,HURTO_PATRIMONIAL,Juzgado_4_Familia_Cali,2020,70.0,1.1,4,0,551,1
CAL-03377,CALI,ALIMENTOS,Juzgado_Penal_Municipal_2_Cali,2022,70.0,1.15,4,0,375,0
CAL-03378,CALI,ALIMENTOS,Juzgado_4_Familia_Cali,2023,70.0,1.1,5,0,329,0
CAL-03379,CALI,VIF,Juzgado_Penal_Municipal_2_Cali,2022,70.0,1.15,1,0,390,1
CAL-03380,CALI,HURTO_PATRIMONIAL,Comisaria_1_Familia_Cali,2021,70.0,1.25,4,0,548,1
CAL-03381,CALI,VIF,Comisaria_3_Familia_Cali,2024,70.0,0.9,17,0,481,1
CAL-03382,CALI,ALIMENTOS,Juzgado_5_Familia_Cali,2024,70.0,0.95,7,0,502,1
CAL-03383,CALI,ALIMENTOS,Juzgado_3_Familia_Cali,2022,70.0,1.2,3,0,239,0
CAL-03384,CALI,VIF,Juzgado_Penal_Municipal_2_Cali,2022,70.0,1.15,10,0,495,1
CAL-03385,CALI,HURTO_PATRIMONIAL,Juzgado_4_Familia_Cali,2024,70.0,1.1,4,0,544,1
CAL-03386,CALI,SUSTANCIAS,Juzgado_5_Familia_Cali,2021,70.0,0.95,13,0,357,0
CAL-03387,CALI,HURTO_PATRIMONIAL,Comisaria_2_Familia_Cali,2021,70.0,1.1,3,0,329,0
CAL-03388,CALI,ALIMENTOS,Juzgado_5_Familia_Cali,2020,70.0,0.95,1,1,578,1
CAL-03389,CALI,VIF,Juzgado_3_Familia_Cali,2021,70.0,1.2,3,0,389,1
CAL-03390,CALI,SUSTANCIAS,Juzgado_1_Familia_Cali,2024,70.0,1.45,4,1,670,1
CAL-03391,CALI,ALIMENTOS,Juzgado_5_Familia_Cali,2023,70.0,0.95,4,1,596,1
CAL-03392,CALI,ALIMENTOS,Comisaria_3_Familia_Cali,2024,70.0,0.9,5,0,469,1
CAL-03393,CALI,VIF,Comisaria_1_Familia_Cali,2021,70.0,1.25,1,0,411,1
CAL-03394,CALI,SUSTANCIAS,Juzgado_4_Familia_Cali,2024,70.0,1.1,2,0,435,1
CAL-03395,CALI,VIF,Comisaria_2_Familia_Cali,2024,70.0,1.1,5,0,421,1
CAL-03396,CALI,ALIMENTOS,Juzgado_Penal_Municipal_1_Cali,2023,70.0,1.35,7,0,591,1
CAL-03397,CALI,ALIMENTOS,Juzgado_1_Familia_Cali,2024,70.0,1.45,5,0,609,1
CAL-03398,CALI,ALIMENTOS,Juzgado_4_Familia_Cali,2024,70.0,1.1,3,0,479,1
CAL-03399,CALI,ALIMENTOS,Juzgado_Penal_Municipal_1_Cali,2021,70.0,1.35,5,1,632,0
CAL-03400,CALI,ALIMENTOS,Juzgado_2_Familia_Cali,2023,70.0,1.3,5,1,711,1
CAL-03401,CALI,SUSTANCIAS,Juzgado_1_Familia_Cali,2024,70.0,1.45,2,1,636,1
CAL-03402,CALI,VIF,Juzgado_Penal_Municipal_1_Cali,2021,70.0,1.35,3,0,431,1
CAL-03403,CALI,ALIMENTOS,Juzgado_3_Familia_Cali,2023,70.0,1.2,3,0,508,1
CAL-03404,CALI,VIF,Juzgado_1_Familia_Cali,2023,70.0,1.45,2,0,473,1
CAL-03405,CALI,VIF,Juzgado_3_Familia_Cali,2021,70.0,1.2,7,0,466,1
CAL-03406,CALI,VIF,Juzgado_1_Familia_Cali,2023,70.0,1.45,2,0,447,1
CAL-03407,CALI,SUSTANCIAS,Juzgado_4_Familia_Cali,2023,70.0,1.1,7,0,456,1
CAL-03408,CALI,ALIMENTOS,Juzgado_1_Familia_Cali,2024,70.0,1.45,2,0,447,0
CAL-03409,CALI,HURTO_PATRIMONIAL,Juzgado_4_Familia_Cali,2022,70.0,1.1,6,1,685,1
CAL-03410,CALI,SUSTANCIAS,Comisaria_2_Familia_Cali,2022,70.0,1.1,7,0,472,1
CAL-03411,CALI,ALIMENTOS,Comisaria_3_Familia_Cali,2024,70.0,0.9,2,0,437,1
CAL-03412,CALI,VIF,Comisaria_1_Familia_Cali,2024,70.0,1.25,6,0,463,1
CAL-03413,CALI,VIF,Juzgado_3_Familia_Cali,2022,70.0,1.2,7,0,472,1
CAL-03414,CALI,VIF,Juzgado_Penal_Municipal_2_Cali,2023,70.0,1.15,2,1,576,1
CAL-03415,CALI,SUSTANCIAS,Comisaria_3_Familia_Cali,2024,70.0,0.9,1,0,338,1
CAL-03416,CALI,ALIMENTOS,Comisaria_3_Familia_Cali,2024,70.0,0.9,12,0,507,1
CAL-03417,CALI,ALIMENTOS,Juzgado_Penal_Municipal_2_Cali,2024,70.0,1.15,13,1,556,0
CAL-03418,CALI,ALIMENTOS,Juzgado_2_Familia_Cali,2022,70.0,1.3,4,0,573,1
CAL-03419,CALI,ALIMENTOS,Comisaria_2_Familia_Cali,2021,70.0,1.1,2,1,580,1
CAL-03420,CALI,VIF,Juzgado_1_Familia_Cali,2021,70.0,1.45,9,1,676,1
CAL-03421,CALI,ALIMENTOS,Comisaria_3_Familia_Cali,2020,70.0,0.9,6,0,437,1
CAL-03422,CALI,HURTO_PATRIMONIAL,Comisaria_1_Familia_Cali,2024,70.0,1.25,2,0,516,1
CAL-03423,CALI,ALIMENTOS,Juzgado_1_Familia_Cali,2024,70.0,1.45,4,0,480,0
CAL-03424,CALI,ALIMENTOS,Comisaria_1_Familia_Cali,2021,70.0,1.25,4,0,513,1
CAL-03425,CALI,VIF,Juzgado_Penal_Municipal_1_Cali,2024,70.0,1.35,18,0,616,1
CAL-03426,CALI,ALIMENTOS,Comisaria_1_Familia_Cali,2024,70.0,1.25,4,0,546,1
CAL-03427,CALI,VIF,Juzgado_4_Familia_Cali,2023,70.0,1.1,10,0,479,1
CAL-03428,CALI,ALIMENTOS,Comisaria_1_Familia_Cali,2020,70.0,1.25,10,0,577,1
CAL-03429,CALI,VIF,Juzgado_5_Familia_Cali,2020,70.0,0.95,2,0,182,0
CAL-03430,CALI,VIF,Juzgado_5_Familia_Cali,2020,70.0,0.95,5,0,334,0
CAL-03431,CALI,ALIMENTOS,Juzgado_1_Familia_Cali,2023,70.0,1.45,6,1,423,0
CAL-03432,CALI,VIF,Comisaria_3_Familia_Cali,2020,70.0,0.9,2,0,318,1
CAL-03433,CALI,VIF,Juzgado_Penal_Municipal_1_Cali,2024,70.0,1.35,4,0,460,1
CAL-03434,CALI,VIF,Comisaria_3_Familia_Cali,2022,70.0,0.9,9,0,406,1
CAL-03435,CALI,ALIMENTOS,Juzgado_2_Familia_Cali,2022,70.0,1.3,13,0,641,1
CAL-03436,CALI,HURTO_PATRIMONIAL,Comisaria_1_Familia_Cali,2023,70.0,1.25,1,1,705,1
CAL-03437,CALI,VIF,Juzgado_5_Familia_Cali,2022,70.0,0.95,10,0,454,1
CAL-03438,CALI,VIF,Juzgado_Penal_Municipal_2_Cali,2023,70.0,1.15,8,0,449,1
CAL-03439,CALI,VIF,Juzgado_1_Familia_Cali,2023,70.0,1.45,3,1,623,1
CAL-03440,CALI,SUSTANCIAS,Comisaria_2_Familia_Cali,2022,70.0,1.1,2,0,414,1
CAL-03441,CALI,ALIMENTOS,Comisaria_2_Familia_Cali,2024,70.0,1.1,7,1,707,1
CAL-03442,CALI,HURTO_PATRIMONIAL,Juzgado_Penal_Municipal_1_Cali,2022,70.0,1.35,4,0,490,0
CAL-03443,CALI,ALIMENTOS,Comisaria_1_Familia_Cali,2021,70.0,1.25,3,1,653,1
CAL-03444,CALI,VIF,Juzgado_4_Familia_Cali,2020,70.0,1.1,8,0,448,1
CAL-03445,CALI,ALIMENTOS,Juzgado_Penal_Municipal_2_Cali,2023,70.0,1.15,4,1,511,0
CAL-03446,CALI,VIF,Juzgado_3_Familia_Cali,2024,70.0,1.2,8,0,464,1
CAL-03447,CALI,SUSTANCIAS,Comisaria_3_Familia_Cali,2021,70.0,0.9,4,0,401,1
CAL-03448,CALI,VIF,Juzgado_Penal_Municipal_2_Cali,2020,70.0,1.15,4,0,424,1
CAL-03449,CALI,ALIMENTOS,Juzgado_Penal_Municipal_2_Cali,2024,70.0,1.15,12,0,588,1
CAL-03450,CALI,HURTO_PATRIMONIAL,Juzgado_Penal_Municipal_1_Cali,2021,70.0,1.35,1,1,391,0
CAL-03451,CALI,ALIMENTOS,Juzgado_3_Familia_Cali,2023,70.0,1.2,2,1,654,1
CAL-03452,CALI,VIF,Juzgado_1_Familia_Cali,2023,70.0,1.45,2,0,456,1
CAL-03453,CALI,HURTO_PATRIMONIAL,Comisaria_3_Familia_Cali,2021,70.0,0.9,9,0,534,1
CAL-03454,CALI,ALIMENTOS,Juzgado_Penal_Municipal_2_Cali,2021,70.0,1.15,3,1,673,1
CAL-03455,CALI,ALIMENTOS,Juzgado_1_Familia_Cali,2022,70.0,1.45,3,1,710,1
CAL-03456,CALI,ALIMENTOS,Comisaria_3_Familia_Cali,2024,70.0,0.9,6,0,483,1
CAL-03457,CALI,VIF,Juzgado_Penal_Municipal_2_Cali,2024,70.0,1.15,7,0,464,1
CAL-03458,CALI,ALIMENTOS,Juzgado_4_Familia_Cali,2023,70.0,1.1,5,0,510,1
CAL-03459,CALI,ALIMENTOS,Juzgado_5_Familia_Cali,2023,70.0,0.95,2,0,445,1
CAL-03460,CALI,SUSTANCIAS,Juzgado_Penal_Municipal_2_Cali,2020,70.0,1.15,2,0,430,1
CAL-03461,CALI,ALIMENTOS,Juzgado_2_Familia_Cali,2024,70.0,1.3,2,1,711,1
CAL-03462,CALI,HURTO_PATRIMONIAL,Juzgado_4_Familia_Cali,2023,70.0,1.1,7,1,695,1
CAL-03463,CALI,ALIMENTOS,Juzgado_Penal_Municipal_1_Cali,2023,70.0,1.35,5,1,705,1
CAL-03464,CALI,ALIMENTOS,Juzgado_1_Familia_Cali,2022,70.0,1.45,5,0,592,1
CAL-03465,CALI,SUSTANCIAS,Comisaria_1_Familia_Cali,2021,70.0,1.25,3,1,609,1
CAL-03466,CALI,ALIMENTOS,Comisaria_3_Familia_Cali,2022,70.0,0.9,9,1,643,1
CAL-03467,CALI,ALIMENTOS,Juzgado_4_Familia_Cali,2023,70.0,1.1,7,0,518,1
CAL-03468,CALI,ALIMENTOS,Comisaria_2_Familia_Cali,2023,70.0,1.1,3,1,649,1
CAL-03469,CALI,VIF,Juzgado_Penal_Municipal_1_Cali,2023,70.0,1.35,5,0,455,1
CAL-03470,CALI,ALIMENTOS,Juzgado_3_Familia_Cali,2022,70.0,1.2,10,1,434,0
CAL-03471,CALI,SUSTANCIAS,Juzgado_Penal_Municipal_2_Cali,2020,70.0,1.15,7,1,622,1
CAL-03472,CALI,VIF,Comisaria_3_Familia_Cali,2024,70.0,0.9,2,0,349,1
CAL-03473,CALI,ALIMENTOS,Comisaria_1_Familia_Cali,2023,70.0,1.25,6,0,520,1
CAL-03474,CALI,ALIMENTOS,Juzgado_5_Familia_Cali,2022,70.0,0.95,1,0,417,1
CAL-03475,CALI,ALIMENTOS,Juzgado_2_Familia_Cali,2021,70.0,1.3,6,0,561,1
CAL-03476,CALI,VIF,Comisaria_2_Familia_Cali,2023,70.0,1.1,12,0,472,1
CAL-03477,CALI,ALIMENTOS,Comisaria_3_Familia_Cali,2024,70.0,0.9,1,0,419,1
CAL-03478,CALI,VIF,Juzgado_3_Familia_Cali,2024,70.0,1.2,10,0,292,0
CAL-03479,CALI,ALIMENTOS,Comisaria_1_Familia_Cali,2024,70.0,1.25,1,0,516,1
CAL-03480,CALI,ALIMENTOS,Juzgado_2_Familia_Cali,2021,70.0,1.3,9,0,590,1
CAL-03481,CALI,ALIMENTOS,Juzgado_2_Familia_Cali,2020,70.0,1.3,2,0,500,1
CAL-03482,CALI,ALIMENTOS,Juzgado_2_Familia_Cali,2020,70.0,1.3,5,1,665,1
CAL-03483,CALI,HURTO_PATRIMONIAL,Comisaria_2_Familia_Cali,2020,70.0,1.1,1,0,461,1
CAL-03484,CALI,VIF,Juzgado_5_Familia_Cali,2020,70.0,0.95,7,0,394,1
CAL-03485,CALI,ALIMENTOS,Juzgado_Penal_Municipal_2_Cali,2021,70.0,1.15,1,1,633,1
CAL-03486,CALI,ALIMENTOS,Juzgado_Penal_Municipal_2_Cali,2023,70.0,1.15,2,0,531,1
CAL-03487,CALI,HURTO_PATRIMONIAL,Comisaria_1_Familia_Cali,2021,70.0,1.25,1,1,707,1
CAL-03488,CALI,ALIMENTOS,Juzgado_1_Familia_Cali,2021,70.0,1.45,1,1,680,1
CAL-03489,CALI,ALIMENTOS,Juzgado_4_Familia_Cali,2022,70.0,1.1,4,1,666,1
CAL-03490,CALI,VIF,Juzgado_5_Familia_Cali,2021,70.0,0.95,4,0,347,1
CAL-03491,CALI,HURTO_PATRIMONIAL,Juzgado_Penal_Municipal_1_Cali,2022,70.0,1.35,4,0,634,1
CAL-03492,CALI,ALIMENTOS,Juzgado_5_Familia_Cali,2024,70.0,0.95,5,0,484,1
CAL-03493,CALI,ALIMENTOS,Juzgado_4_Familia_Cali,2023,70.0,1.1,6,1,659,1
CAL-03494,CALI,VIF,Juzgado_1_Familia_Cali,2023,70.0,1.45,15,0,570,1
CAL-03495,CALI,VIF,Comisaria_3_Familia_Cali,2022,70.0,0.9,9,0,418,1
CAL-03496,CALI,HURTO_PATRIMONIAL,Juzgado_3_Familia_Cali,2023,70.0,1.2,10,1,517,0
CAL-03497,CALI,ALIMENTOS,Juzgado_3_Familia_Cali,2024,70.0,1.2,4,0,528,1
CAL-03498,CALI,HURTO_PATRIMONIAL,Juzgado_Penal_Municipal_2_Cali,2024,70.0,1.15,2,1,610,0
CAL-03499,CALI,VIF,Juzgado_Penal_Municipal_1_Cali,2023,70.0,1.35,2,0,450,1
CAL-03500,CALI,ALIMENTOS,Juzgado_5_Familia_Cali,2022,70.0,0.95,5,0,443,1
CAL-03501,CALI,ALIMENTOS,Juzgado_5_Familia_Cali,2022,70.0,0.95,3,0,458,1
CAL-03502,CALI,ALIMENTOS,Juzgado_1_Familia_Cali,2022,70.0,1.45,3,0,555,1
CAL-03503,CALI,HURTO_PATRIMONIAL,Juzgado_3_Familia_Cali,2024,70.0,1.2,2,0,582,1
CAL-03504,CALI,VIF,Comisaria_1_Familia_Cali,2023,70.0,1.25,7,0,458,1
CAL-03505,CALI,ALIMENTOS,Comisaria_3_Familia_Cali,2022,70.0,0.9,1,1,598,1
CAL-03506,CALI,VIF,Juzgado_3_Familia_Cali,2022,70.0,1.2,12,1,665,1
CAL-03507,CALI,VIF,Juzgado_5_Familia_Cali,2022,70.0,0.95,6,0,384,1
CAL-03508,CALI,VIF,Juzgado_5_Familia_Cali,2021,70.0,0.95,6,1,551,1
CAL-03509,CALI,ALIMENTOS,Comisaria_2_Familia_Cali,2021,70.0,1.1,1,1,609,1
CAL-03510,CALI,VIF,Juzgado_3_Familia_Cali,2024,70.0,1.2,4,0,441,1
CAL-03511,CALI,SUSTANCIAS,Comisaria_3_Familia_Cali,2023,70.0,0.9,1,0,350,1
CAL-03512,CALI,VIF,Comisaria_3_Familia_Cali,2024,70.0,0.9,11,1,605,1
CAL-03513,CALI,VIF,Comisaria_1_Familia_Cali,2024,70.0,1.25,1,0,434,1
CAL-03514,CALI,ALIMENTOS,Comisaria_3_Familia_Cali,2024,70.0,0.9,2,0,417,1
CAL-03515,CALI,VIF,Juzgado_Penal_Municipal_2_Cali,2021,70.0,1.15,7,0,448,1
CAL-03516,CALI,ALIMENTOS,Juzgado_Penal_Municipal_1_Cali,2021,70.0,1.35,4,1,711,1
CAL-03517,CALI,HURTO_PATRIMONIAL,Juzgado_5_Familia_Cali,2021,70.0,0.95,9,0,526,1
CAL-03518,CALI,ALIMENTOS,Juzgado_1_Familia_Cali,2024,70.0,1.45,4,1,652,0
CAL-03519,CALI,ALIMENTOS,Juzgado_3_Familia_Cali,2022,70.0,1.2,3,0,506,1
CAL-03520,CALI,VIF,Juzgado_1_Familia_Cali,2024,70.0,1.45,7,0,504,1
CAL-03521,CALI,ALIMENTOS,Comisaria_3_Familia_Cali,2024,70.0,0.9,4,0,471,1
CAL-03522,CALI,SUSTANCIAS,Comisaria_3_Familia_Cali,2023,70.0,0.9,6,0,418,1
CAL-03523,CALI,VIF,Juzgado_4_Familia_Cali,2022,70.0,1.1,9,0,441,1
CAL-03524,CALI,VIF,Juzgado_1_Familia_Cali,2022,70.0,1.45,6,0,504,1
CAL-03525,CALI,ALIMENTOS,Juzgado_5_Familia_Cali,2023,70.0,0.95,1,0,414,1
CAL-03526,CALI,ALIMENTOS,Juzgado_4_Familia_Cali,2022,70.0,1.1,4,0,490,1
CAL-03527,CALI,ALIMENTOS,Juzgado_Penal_Municipal_1_Cali,2024,70.0,1.35,5,0,586,1
CAL-03528,CALI,SUSTANCIAS,Juzgado_3_Familia_Cali,2024,70.0,1.2,1,0,430,1
CAL-03529,CALI,HURTO_PATRIMONIAL,Comisaria_2_Familia_Cali,2020,70.0,1.1,1,0,477,1
CAL-03530,CALI,HURTO_PATRIMONIAL,Juzgado_1_Familia_Cali,2023,70.0,1.45,3,1,560,0
CAL-03531,CALI,VIF,Juzgado_1_Familia_Cali,2022,70.0,1.45,5,0,485,1
CAL-03532,CALI,VIF,Juzgado_4_Familia_Cali,2022,70.0,1.1,4,0,226,0
CAL-03533,CALI,ALIMENTOS,Comisaria_3_Familia_Cali,2024,70.0,0.9,4,1,587,1
CAL-03534,CALI,VIF,Juzgado_4_Familia_Cali,2022,70.0,1.1,12,1,628,1
CAL-03535,CALI,HURTO_PATRIMONIAL,Comisaria_1_Familia_Cali,2024,70.0,1.25,2,1,708,1
CAL-03536,CALI,VIF,Juzgado_1_Familia_Cali,2024,70.0,1.45,3,1,635,1
CAL-03537,CALI,ALIMENTOS,Comisaria_1_Familia_Cali,2024,70.0,1.25,4,0,524,1
CAL-03538,CALI,VIF,Comisaria_1_Familia_Cali,2021,70.0,1.25,1,0,411,1
CAL-03539,CALI,HURTO_PATRIMONIAL,Juzgado_Penal_Municipal_2_Cali,2024,70.0,1.15,8,1,718,1
CAL-03540,CALI,ALIMENTOS,Comisaria_1_Familia_Cali,2023,70.0,1.25,2,0,536,1
CAL-03541,CALI,VIF,Comisaria_2_Familia_Cali,2021,70.0,1.1,2,1,393,0
CAL-03542,CALI,HURTO_PATRIMONIAL,Comisaria_3_Familia_Cali,2021,70.0,0.9,1,0,428,1
CAL-03543,CALI,VIF,Juzgado_5_Familia_Cali,2024,70.0,0.95,14,0,472,1
CAL-03544,CALI,ALIMENTOS,Juzgado_Penal_Municipal_2_Cali,2022,70.0,1.15,4,0,482,1
CAL-03545,CALI,ALIMENTOS,Comisaria_1_Familia_Cali,2023,70.0,1.25,12,1,496,0
CAL-03546,CALI,VIF,Juzgado_3_Familia_Cali,2023,70.0,1.2,6,1,335,0
CAL-03547,CALI,VIF,Comisaria_1_Familia_Cali,2022,70.0,1.25,3,0,441,1
CAL-03548,CALI,HURTO_PATRIMONIAL,Juzgado_Penal_Municipal_1_Cali,2021,70.0,1.35,4,0,588,1
CAL-03549,CALI,VIF,Juzgado_4_Familia_Cali,2023,70.0,1.1,6,0,426,1
CAL-03550,CALI,ALIMENTOS,Comisaria_2_Familia_Cali,2024,70.0,1.1,6,0,529,1
CAL-03551,CALI,SUSTANCIAS,Juzgado_4_Familia_Cali,2023,70.0,1.1,1,1,590,1
CAL-03552,CALI,ALIMENTOS,Juzgado_2_Familia_Cali,2022,70.0,1.3,7,1,728,1
CAL-03553,CALI,SUSTANCIAS,Comisaria_2_Familia_Cali,2023,70.0,1.1,2,0,382,1
CAL-03554,CALI,ALIMENTOS,Juzgado_3_Familia_Cali,2021,70.0,1.2,5,1,676,1
CAL-03555,CALI,ALIMENTOS,Comisaria_1_Familia_Cali,2021,70.0,1.25,5,1,672,1
CAL-03556,CALI,ALIMENTOS,Comisaria_3_Familia_Cali,2024,70.0,0.9,4,0,459,1
CAL-03557,CALI,VIF,Juzgado_Penal_Municipal_1_Cali,2023,70.0,1.35,9,1,471,0
CAL-03558,CALI,HURTO_PATRIMONIAL,Comisaria_2_Familia_Cali,2020,70.0,1.1,6,1,712,1
CAL-03559,CALI,ALIMENTOS,Juzgado_3_Familia_Cali,2023,70.0,1.2,3,1,658,1
CAL-03560,CALI,VIF,Juzgado_Penal_Municipal_2_Cali,2020,70.0,1.15,2,0,290,0
CAL-03561,CALI,HURTO_PATRIMONIAL,Comisaria_2_Familia_Cali,2024,70.0,1.1,1,0,530,1
CAL-03562,CALI,SUSTANCIAS,Juzgado_Penal_Municipal_2_Cali,2023,70.0,1.15,4,0,467,1
CAL-03563,CALI,VIF,Juzgado_3_Familia_Cali,2022,70.0,1.2,5,1,589,1
CAL-03564,CALI,ALIMENTOS,Juzgado_5_Familia_Cali,2023,70.0,0.95,1,0,420,1
CAL-03565,CALI,ALIMENTOS,Juzgado_1_Familia_Cali,2023,70.0,1.45,3,0,558,1
CAL-03566,CALI,VIF,Juzgado_3_Familia_Cali,2022,70.0,1.2,4,1,583,1
CAL-03567,CALI,ALIMENTOS,Juzgado_Penal_Municipal_2_Cali,2020,70.0,1.15,6,1,646,1
CAL-03568,CALI,VIF,Juzgado_Penal_Municipal_1_Cali,2024,70.0,1.35,3,0,459,1
CAL-03569,CALI,ALIMENTOS,Juzgado_3_Familia_Cali,2023,70.0,1.2,2,1,652,1
CAL-03570,CALI,HURTO_PATRIMONIAL,Comisaria_2_Familia_Cali,2023,70.0,1.1,1,1,676,1
CAL-03571,CALI,HURTO_PATRIMONIAL,Juzgado_5_Familia_Cali,2022,70.0,0.95,5,0,509,1
CAL-03572,CALI,ALIMENTOS,Comisaria_3_Familia_Cali,2021,70.0,0.9,1,0,388,1
CAL-03573,CALI,ALIMENTOS,Juzgado_4_Familia_Cali,2023,70.0,1.1,4,1,671,1
CAL-03574,CALI,ALIMENTOS,Juzgado_Penal_Municipal_2_Cali,2023,70.0,1.15,2,0,489,1
CAL-03575,CALI,HURTO_PATRIMONIAL,Comisaria_3_Familia_Cali,2024,70.0,0.9,10,0,407,0
CAL-03576,CALI,HURTO_PATRIMONIAL,Juzgado_4_Familia_Cali,2021,70.0,1.1,5,0,530,1
CAL-03577,CALI,VIF,Juzgado_Penal_Municipal_1_Cali,2020,70.0,1.35,1,0,436,1
CAL-03578,CALI,HURTO_PATRIMONIAL,Juzgado_3_Familia_Cali,2020,70.0,1.2,2,0,542,1
CAL-03579,CALI,HURTO_PATRIMONIAL,Juzgado_Penal_Municipal_2_Cali,2023,70.0,1.15,1,0,510,1
CAL-03580,CALI,ALIMENTOS,Juzgado_2_Familia_Cali,2023,70.0,1.3,4,0,590,1
CAL-03581,CALI,SUSTANCIAS,Juzgado_3_Familia_Cali,2024,70.0,1.2,6,1,468,0
CAL-03582,CALI,VIF,Juzgado_3_Familia_Cali,2023,70.0,1.2,16,0,551,1
CAL-03583,CALI,VIF,Juzgado_1_Familia_Cali,2022,70.0,1.45,4,0,505,1
CAL-03584,CALI,SUSTANCIAS,Comisaria_1_Familia_Cali,2021,70.0,1.25,2,1,595,1
CAL-03585,CALI,ALIMENTOS,Comisaria_3_Familia_Cali,2023,70.0,0.9,8,1,653,1
CAL-03586,CALI,VIF,Juzgado_5_Familia_Cali,2024,70.0,0.95,1,0,345,1
CAL-03587,CALI,SUSTANCIAS,Juzgado_5_Familia_Cali,2024,70.0,0.95,1,1,524,1
CAL-03588,CALI,HURTO_PATRIMONIAL,Juzgado_5_Familia_Cali,2021,70.0,0.95,5,0,459,1
CAL-03589,CALI,ALIMENTOS,Juzgado_4_Familia_Cali,2022,70.0,1.1,1,1,602,1
CAL-03590,CALI,ALIMENTOS,Comisaria_1_Familia_Cali,2023,70.0,1.25,3,0,296,0
CAL-03591,CALI,SUSTANCIAS,Juzgado_2_Familia_Cali,2024,70.0,1.3,6,0,478,1
CAL-03592,CALI,VIF,Comisaria_3_Familia_Cali,2024,70.0,0.9,1,0,357,1
CAL-03593,CALI,ALIMENTOS,Comisaria_1_Familia_Cali,2023,70.0,1.25,11,1,594,0
CAL-03594,CALI,ALIMENTOS,Juzgado_1_Familia_Cali,2024,70.0,1.45,14,0,690,1
CAL-03595,CALI,ALIMENTOS,Juzgado_Penal_Municipal_2_Cali,2023,70.0,1.15,2,0,516,1
CAL-03596,CALI,VIF,Comisaria_1_Familia_Cali,2023,70.0,1.25,6,0,465,1
CAL-03597,CALI,ALIMENTOS,Juzgado_2_Familia_Cali,2021,70.0,1.3,9,1,711,1
CAL-03598,CALI,HURTO_PATRIMONIAL,Juzgado_2_Familia_Cali,2024,70.0,1.3,2,0,627,1
CAL-03599,CALI,HURTO_PATRIMONIAL,Juzgado_Penal_Municipal_2_Cali,2020,70.0,1.15,2,0,533,1
CAL-03600,CALI,ALIMENTOS,Juzgado_5_Familia_Cali,2024,70.0,0.95,1,0,414,1
CAL-03601,CALI,SUSTANCIAS,Juzgado_1_Familia_Cali,2023,70.0,1.45,3,0,504,1
CAL-03602,CALI,VIF,Juzgado_5_Familia_Cali,2024,70.0,0.95,4,1,549,1
CAL-03603,CALI,ALIMENTOS,Juzgado_1_Familia_Cali,2024,70.0,1.45,3,0,564,1
CAL-03604,CALI,VIF,Juzgado_3_Familia_Cali,2022,70.0,1.2,3,0,288,0
CAL-03605,CALI,VIF,Juzgado_2_Familia_Cali,2023,70.0,1.3,12,1,689,1
CAL-03606,CALI,HURTO_PATRIMONIAL,Juzgado_3_Familia_Cali,2023,70.0,1.2,4,1,588,0
CAL-03607,CALI,ALIMENTOS,Comisaria_2_Familia_Cali,2021,70.0,1.1,4,0,455,1
CAL-03608,CALI,ALIMENTOS,Juzgado_Penal_Municipal_2_Cali,2024,70.0,1.15,14,1,479,0
CAL-03609,CALI,SUSTANCIAS,Juzgado_Penal_Municipal_1_Cali,2021,70.0,1.35,17,0,570,1
CAL-03610,CALI,SUSTANCIAS,Juzgado_3_Familia_Cali,2024,70.0,1.2,2,0,410,1
CAL-03611,CALI,SUSTANCIAS,Juzgado_4_Familia_Cali,2020,70.0,1.1,2,0,423,1
CAL-03612,CALI,ALIMENTOS,Comisaria_2_Familia_Cali,2021,70.0,1.1,1,0,468,1
CAL-03613,CALI,ALIMENTOS,Comisaria_3_Familia_Cali,2023,70.0,0.9,1,1,563,1
CAL-03614,CALI,ALIMENTOS,Juzgado_2_Familia_Cali,2022,70.0,1.3,7,1,730,1
CAL-03615,CALI,VIF,Comisaria_3_Familia_Cali,2020,70.0,0.9,11,0,441,1
CAL-03616,CALI,VIF,Juzgado_2_Familia_Cali,2024,70.0,1.3,7,0,484,1
CAL-03617,CALI,VIF,Comisaria_1_Familia_Cali,2022,70.0,1.25,7,1,614,1
CAL-03618,CALI,ALIMENTOS,Juzgado_Penal_Municipal_2_Cali,2024,70.0,1.15,4,1,674,1
CAL-03619,CALI,SUSTANCIAS,Juzgado_4_Familia_Cali,2024,70.0,1.1,18,0,568,1
CAL-03620,CALI,ALIMENTOS,Juzgado_3_Familia_Cali,2024,70.0,1.2,2,0,535,1
CAL-03621,CALI,HURTO_PATRIMONIAL,Juzgado_Penal_Municipal_2_Cali,2021,70.0,1.15,4,1,710,1
CAL-03622,CALI,VIF,Comisaria_3_Familia_Cali,2022,70.0,0.9,6,0,383,1
CAL-03623,CALI,HURTO_PATRIMONIAL,Juzgado_3_Familia_Cali,2022,70.0,1.2,4,0,542,1
CAL-03624,CALI,SUSTANCIAS,Juzgado_3_Familia_Cali,2020,70.0,1.2,2,0,452,1
CAL-03625,CALI,VIF,Juzgado_1_Familia_Cali,2023,70.0,1.45,2,0,490,1
CAL-03626,CALI,ALIMENTOS,Comisaria_3_Familia_Cali,2023,70.0,0.9,3,0,462,1
CAL-03627,CALI,ALIMENTOS,Comisaria_2_Familia_Cali,2024,70.0,1.1,9,0,544,1
CAL-03628,CALI,ALIMENTOS,Juzgado_Penal_Municipal_2_Cali,2022,70.0,1.15,2,0,474,1
CAL-03629,CALI,ALIMENTOS,Juzgado_1_Familia_Cali,2024,70.0,1.45,7,0,511,0
CAL-03630,CALI,VIF,Juzgado_3_Familia_Cali,2024,70.0,1.2,1,1,564,1
CAL-03631,CALI,VIF,Juzgado_Penal_Municipal_2_Cali,2024,70.0,1.15,5,0,413,1
CAL-03632,CALI,SUSTANCIAS,Juzgado_Penal_Municipal_1_Cali,2024,70.0,1.35,2,0,477,1
CAL-03633,CALI,ALIMENTOS,Juzgado_Penal_Municipal_2_Cali,2021,70.0,1.15,1,0,457,1
CAL-03634,CALI,SUSTANCIAS,Juzgado_Penal_Municipal_2_Cali,2024,70.0,1.15,7,0,498,1
CAL-03635,CALI,VIF,Comisaria_3_Familia_Cali,2023,70.0,0.9,4,0,385,1
CAL-03636,CALI,VIF,Juzgado_4_Familia_Cali,2020,70.0,1.1,4,0,390,1
CAL-03637,CALI,HURTO_PATRIMONIAL,Comisaria_1_Familia_Cali,2023,70.0,1.25,6,1,597,0
CAL-03638,CALI,VIF,Juzgado_3_Familia_Cali,2024,70.0,1.2,13,1,667,1
CAL-03639,CALI,ALIMENTOS,Juzgado_4_Familia_Cali,2023,70.0,1.1,8,1,675,1
CAL-03640,CALI,VIF,Juzgado_5_Familia_Cali,2021,70.0,0.95,1,0,376,1
CAL-03641,CALI,ALIMENTOS,Juzgado_1_Familia_Cali,2020,70.0,1.45,1,0,518,1
CAL-03642,CALI,VIF,Juzgado_Penal_Municipal_2_Cali,2024,70.0,1.15,3,0,437,1
CAL-03643,CALI,ALIMENTOS,Juzgado_Penal_Municipal_1_Cali,2024,70.0,1.35,1,1,664,1
CAL-03644,CALI,SUSTANCIAS,Juzgado_Penal_Municipal_2_Cali,2024,70.0,1.15,7,0,480,1
CAL-03645,CALI,HURTO_PATRIMONIAL,Juzgado_2_Familia_Cali,2021,70.0,1.3,7,0,334,0
CAL-03646,CALI,VIF,Juzgado_1_Familia_Cali,2021,70.0,1.45,8,0,497,1
CAL-03647,CALI,ALIMENTOS,Comisaria_2_Familia_Cali,2021,70.0,1.1,4,0,464,1
CAL-03648,CALI,VIF,Juzgado_Penal_Municipal_1_Cali,2023,70.0,1.35,7,0,494,1
CAL-03649,CALI,VIF,Comisaria_1_Familia_Cali,2023,70.0,1.25,4,1,593,1
CAL-03650,CALI,HURTO_PATRIMONIAL,Juzgado_3_Familia_Cali,2022,70.0,1.2,8,1,376,0
CAL-03651,CALI,VIF,Comisaria_2_Familia_Cali,2021,70.0,1.1,11,0,468,1
CAL-03652,CALI,ALIMENTOS,Comisaria_3_Familia_Cali,2023,70.0,0.9,11,1,637,1
CAL-03653,CALI,ALIMENTOS,Comisaria_1_Familia_Cali,2023,70.0,1.25,9,0,584,1
CAL-03654,CALI,VIF,Juzgado_1_Familia_Cali,2021,70.0,1.45,4,0,258,0
CAL-03655,CALI,SUSTANCIAS,Comisaria_1_Familia_Cali,2022,70.0,1.25,12,0,272,0
CAL-03656,CALI,HURTO_PATRIMONIAL,Juzgado_Penal_Municipal_1_Cali,2023,70.0,1.35,5,1,524,0
CAL-03657,CALI,ALIMENTOS,Juzgado_2_Familia_Cali,2021,70.0,1.3,4,1,712,1
CAL-03658,CALI,VIF,Juzgado_3_Familia_Cali,2024,70.0,1.2,12,0,511,1
CAL-03659,CALI,VIF,Comisaria_1_Familia_Cali,2021,70.0,1.25,4,0,436,1
CAL-03660,CALI,VIF,Juzgado_Penal_Municipal_1_Cali,2023,70.0,1.35,10,1,559,0
CAL-03661,CALI,ALIMENTOS,Juzgado_4_Familia_Cali,2020,70.0,1.1,1,1,624,1
CAL-03662,CALI,ALIMENTOS,Juzgado_Penal_Municipal_1_Cali,2022,70.0,1.35,1,0,548,1
CAL-03663,CALI,VIF,Comisaria_2_Familia_Cali,2024,70.0,1.1,1,0,409,1
CAL-03664,CALI,ALIMENTOS,Comisaria_2_Familia_Cali,2020,70.0,1.1,7,0,495,1
CAL-03665,CALI,ALIMENTOS,Juzgado_4_Familia_Cali,2023,70.0,1.1,1,0,239,0
CAL-03666,CALI,HURTO_PATRIMONIAL,Juzgado_3_Familia_Cali,2023,70.0,1.2,3,1,608,0
CAL-03667,CALI,VIF,Juzgado_2_Familia_Cali,2022,70.0,1.3,7,1,643,1
CAL-03668,CALI,VIF,Comisaria_1_Familia_Cali,2022,70.0,1.25,7,0,455,1
CAL-03669,CALI,VIF,Juzgado_Penal_Municipal_1_Cali,2024,70.0,1.35,1,1,585,1
CAL-03670,CALI,ALIMENTOS,Juzgado_5_Familia_Cali,2020,70.0,0.95,1,0,421,1
CAL-03671,CALI,VIF,Juzgado_3_Familia_Cali,2020,70.0,1.2,4,0,418,1
CAL-03672,CALI,VIF,Juzgado_2_Familia_Cali,2021,70.0,1.3,7,0,457,1
CAL-03673,CALI,VIF,Juzgado_Penal_Municipal_2_Cali,2021,70.0,1.15,9,0,471,1
CAL-03674,CALI,ALIMENTOS,Juzgado_Penal_Municipal_2_Cali,2021,70.0,1.15,2,1,621,1
CAL-03675,CALI,VIF,Juzgado_2_Familia_Cali,2022,70.0,1.3,4,0,455,1
CAL-03676,CALI,ALIMENTOS,Juzgado_4_Familia_Cali,2024,70.0,1.1,10,0,519,1
CAL-03677,CALI,VIF,Juzgado_5_Familia_Cali,2021,70.0,0.95,6,0,398,1
CAL-03678,CALI,VIF,Juzgado_Penal_Municipal_2_Cali,2023,70.0,1.15,8,0,482,1
CAL-03679,CALI,VIF,Comisaria_2_Familia_Cali,2022,70.0,1.1,7,0,400,1
CAL-03680,CALI,ALIMENTOS,Juzgado_1_Familia_Cali,2022,70.0,1.45,4,0,606,1
CAL-03681,CALI,SUSTANCIAS,Juzgado_Penal_Municipal_2_Cali,2023,70.0,1.15,3,0,448,1
CAL-03682,CALI,ALIMENTOS,Comisaria_2_Familia_Cali,2020,70.0,1.1,7,1,645,1
CAL-03683,CALI,HURTO_PATRIMONIAL,Juzgado_2_Familia_Cali,2023,70.0,1.3,4,0,598,1
CAL-03684,CALI,SUSTANCIAS,Comisaria_1_Familia_Cali,2024,70.0,1.25,12,0,556,1
CAL-03685,CALI,ALIMENTOS,Juzgado_Penal_Municipal_2_Cali,2024,70.0,1.15,3,1,636,1
CAL-03686,CALI,HURTO_PATRIMONIAL,Comisaria_2_Familia_Cali,2023,70.0,1.1,5,0,546,1
CAL-03687,CALI,ALIMENTOS,Juzgado_4_Familia_Cali,2023,70.0,1.1,4,1,478,0
CAL-03688,CALI,HURTO_PATRIMONIAL,Juzgado_Penal_Municipal_2_Cali,2024,70.0,1.15,4,0,521,1
CAL-03689,CALI,VIF,Juzgado_Penal_Municipal_2_Cali,2023,70.0,1.15,1,0,390,1
CAL-03690,CALI,SUSTANCIAS,Comisaria_3_Familia_Cali,2024,70.0,0.9,10,1,595,1
CAL-03691,CALI,ALIMENTOS,Comisaria_2_Familia_Cali,2024,70.0,1.1,3,1,613,1
CAL-03692,CALI,VIF,Juzgado_Penal_Municipal_1_Cali,2023,70.0,1.35,10,0,499,1
CAL-03693,CALI,VIF,Juzgado_4_Familia_Cali,2023,70.0,1.1,3,1,542,1
CAL-03694,CALI,ALIMENTOS,Juzgado_Penal_Municipal_2_Cali,2021,70.0,1.15,1,0,484,1
CAL-03695,CALI,ALIMENTOS,Comisaria_2_Familia_Cali,2022,70.0,1.1,2,1,618,1
CAL-03696,CALI,VIF,Comisaria_2_Familia_Cali,2024,70.0,1.1,1,1,546,1
CAL-03697,CALI,HURTO_PATRIMONIAL,Juzgado_Penal_Municipal_2_Cali,2020,70.0,1.15,10,0,642,1
CAL-03698,CALI,VIF,Juzgado_4_Familia_Cali,2020,70.0,1.1,6,1,568,1
CAL-03699,CALI,VIF,Juzgado_Penal_Municipal_2_Cali,2024,70.0,1.15,4,0,411,1
CAL-03700,CALI,VIF,Juzgado_1_Familia_Cali,2023,70.0,1.45,6,0,507,1
CAL-03701,CALI,ALIMENTOS,Comisaria_3_Familia_Cali,2023,70.0,0.9,3,0,430,1
CAL-03702,CALI,HURTO_PATRIMONIAL,Comisaria_1_Familia_Cali,2024,70.0,1.25,4,0,553,1
CAL-03703,CALI,HURTO_PATRIMONIAL,Juzgado_Penal_Municipal_1_Cali,2020,70.0,1.35,3,1,558,0
CAL-03704,CALI,HURTO_PATRIMONIAL,Juzgado_Penal_Municipal_2_Cali,2023,70.0,1.15,15,0,611,1
CAL-03705,CALI,VIF,Comisaria_3_Familia_Cali,2024,70.0,0.9,2,0,375,1
CAL-03706,CALI,ALIMENTOS,Juzgado_5_Familia_Cali,2021,70.0,0.95,10,0,503,1
CAL-03707,CALI,ALIMENTOS,Juzgado_Penal_Municipal_2_Cali,2023,70.0,1.15,4,0,509,1
CAL-03708,CALI,HURTO_PATRIMONIAL,Juzgado_4_Familia_Cali,2023,70.0,1.1,10,1,647,0
CAL-03709,CALI,ALIMENTOS,Comisaria_1_Familia_Cali,2023,70.0,1.25,1,1,652,1
CAL-03710,CALI,VIF,Juzgado_1_Familia_Cali,2021,70.0,1.45,2,0,464,1
CAL-03711,CALI,ALIMENTOS,Juzgado_Penal_Municipal_1_Cali,2024,70.0,1.35,2,0,509,1
CAL-03712,CALI,ALIMENTOS,Comisaria_2_Familia_Cali,2021,70.0,1.1,5,0,518,1
CAL-03713,CALI,ALIMENTOS,Juzgado_2_Familia_Cali,2021,70.0,1.3,4,0,549,1
CAL-03714,CALI,HURTO_PATRIMONIAL,Comisaria_3_Familia_Cali,2022,70.0,0.9,2,0,491,1
CAL-03715,CALI,VIF,Juzgado_2_Familia_Cali,2021,70.0,1.3,7,0,478,1
CAL-03716,CALI,SUSTANCIAS,Juzgado_Penal_Municipal_1_Cali,2023,70.0,1.35,4,0,485,1
CAL-03717,CALI,VIF,Comisaria_1_Familia_Cali,2020,70.0,1.25,9,0,454,1
CAL-03718,CALI,VIF,Juzgado_5_Familia_Cali,2024,70.0,0.95,1,0,378,1
CAL-03719,CALI,VIF,Comisaria_2_Familia_Cali,2021,70.0,1.1,2,0,375,1
CAL-03720,CALI,ALIMENTOS,Juzgado_5_Familia_Cali,2024,70.0,0.95,1,0,433,1
CAL-03721,CALI,ALIMENTOS,Juzgado_1_Familia_Cali,2022,70.0,1.45,4,0,578,1
CAL-03722,CALI,ALIMENTOS,Juzgado_Penal_Municipal_1_Cali,2024,70.0,1.35,8,1,349,0
CAL-03723,CALI,VIF,Comisaria_3_Familia_Cali,2022,70.0,0.9,7,0,401,1
CAL-03724,CALI,VIF,Juzgado_2_Familia_Cali,2024,70.0,1.3,8,0,517,1
CAL-03725,CALI,HURTO_PATRIMONIAL,Comisaria_3_Familia_Cali,2023,70.0,0.9,8,1,317,0
CAL-03726,CALI,HURTO_PATRIMONIAL,Juzgado_5_Familia_Cali,2024,70.0,0.95,5,1,621,1
CAL-03727,CALI,ALIMENTOS,Comisaria_3_Familia_Cali,2024,70.0,0.9,5,0,460,1
CAL-03728,CALI,ALIMENTOS,Juzgado_4_Familia_Cali,2023,70.0,1.1,4,1,559,0
CAL-03729,CALI,HURTO_PATRIMONIAL,Juzgado_Penal_Municipal_2_Cali,2022,70.0,1.15,6,0,595,1
CAL-03730,CALI,VIF,Juzgado_1_Familia_Cali,2022,70.0,1.45,17,1,561,0
CAL-03731,CALI,VIF,Juzgado_3_Familia_Cali,2021,70.0,1.2,2,0,411,1
CAL-03732,CALI,ALIMENTOS,Juzgado_2_Familia_Cali,2023,70.0,1.3,8,0,582,1
CAL-03733,CALI,ALIMENTOS,Juzgado_Penal_Municipal_2_Cali,2020,70.0,1.15,11,1,711,1
CAL-03734,CALI,SUSTANCIAS,Juzgado_5_Familia_Cali,2021,70.0,0.95,1,1,530,1
CAL-03735,CALI,VIF,Juzgado_4_Familia_Cali,2020,70.0,1.1,2,0,396,1
CAL-03736,CALI,ALIMENTOS,Comisaria_1_Familia_Cali,2024,70.0,1.25,1,1,700,1
CAL-03737,CALI,VIF,Comisaria_2_Familia_Cali,2024,70.0,1.1,5,0,429,1
CAL-03738,CALI,VIF,Comisaria_2_Familia_Cali,2023,70.0,1.1,4,1,601,1
CAL-03739,CALI,ALIMENTOS,Juzgado_5_Familia_Cali,2021,70.0,0.95,7,0,462,1
CAL-03740,CALI,HURTO_PATRIMONIAL,Juzgado_5_Familia_Cali,2024,70.0,0.95,3,0,494,1
CAL-03741,CALI,ALIMENTOS,Comisaria_3_Familia_Cali,2024,70.0,0.9,3,1,439,0
CAL-03742,CALI,ALIMENTOS,Juzgado_1_Familia_Cali,2024,70.0,1.45,6,0,602,1
CAL-03743,CALI,ALIMENTOS,Juzgado_Penal_Municipal_2_Cali,2024,70.0,1.15,7,0,527,1
CAL-03744,CALI,ALIMENTOS,Comisaria_1_Familia_Cali,2024,70.0,1.25,3,0,529,1
CAL-03745,CALI,ALIMENTOS,Juzgado_1_Familia_Cali,2023,70.0,1.45,4,1,510,0
CAL-03746,CALI,SUSTANCIAS,Juzgado_5_Familia_Cali,2023,70.0,0.95,2,0,191,0
CAL-03747,CALI,ALIMENTOS,Juzgado_4_Familia_Cali,2022,70.0,1.1,4,0,483,1
CAL-03748,CALI,SUSTANCIAS,Juzgado_4_Familia_Cali,2024,70.0,1.1,8,0,470,1
CAL-03749,CALI,SUSTANCIAS,Juzgado_4_Familia_Cali,2022,70.0,1.1,4,0,435,1
CAL-03750,CALI,ALIMENTOS,Juzgado_4_Familia_Cali,2020,70.0,1.1,7,1,644,1
CAL-03751,CALI,ALIMENTOS,Juzgado_2_Familia_Cali,2024,70.0,1.3,6,0,580,1
CAL-03752,CALI,VIF,Juzgado_5_Familia_Cali,2021,70.0,0.95,14,0,470,1
CAL-03753,CALI,ALIMENTOS,Juzgado_4_Familia_Cali,2022,70.0,1.1,2,1,638,1
CAL-03754,CALI,SUSTANCIAS,Juzgado_3_Familia_Cali,2022,70.0,1.2,8,0,505,1
CAL-03755,CALI,VIF,Juzgado_3_Familia_Cali,2024,70.0,1.2,3,1,611,1
CAL-03756,CALI,SUSTANCIAS,Comisaria_3_Familia_Cali,2023,70.0,0.9,13,0,467,1
CAL-03757,CALI,VIF,Juzgado_1_Familia_Cali,2021,70.0,1.45,3,0,453,1
CAL-03758,CALI,ALIMENTOS,Juzgado_1_Familia_Cali,2023,70.0,1.45,1,0,557,1
CAL-03759,CALI,VIF,Juzgado_Penal_Municipal_1_Cali,2024,70.0,1.35,2,0,461,1
CAL-03760,CALI,VIF,Juzgado_Penal_Municipal_2_Cali,2022,70.0,1.15,7,0,324,0
CAL-03761,CALI,HURTO_PATRIMONIAL,Juzgado_4_Familia_Cali,2022,70.0,1.1,7,0,560,1
CAL-03762,CALI,SUSTANCIAS,Juzgado_5_Familia_Cali,2023,70.0,0.95,13,0,440,1
CAL-03763,CALI,ALIMENTOS,Juzgado_5_Familia_Cali,2021,70.0,0.95,3,0,417,1
CAL-03764,CALI,VIF,Juzgado_Penal_Municipal_2_Cali,2024,70.0,1.15,1,0,391,1
CAL-03765,CALI,VIF,Juzgado_2_Familia_Cali,2022,70.0,1.3,6,0,489,1
CAL-03766,CALI,VIF,Juzgado_Penal_Municipal_1_Cali,2024,70.0,1.35,4,0,346,0
CAL-03767,CALI,ALIMENTOS,Juzgado_Penal_Municipal_1_Cali,2022,70.0,1.35,1,0,507,1
CAL-03768,CALI,VIF,Juzgado_4_Familia_Cali,2021,70.0,1.1,4,1,566,1
CAL-03769,CALI,ALIMENTOS,Juzgado_Penal_Municipal_2_Cali,2021,70.0,1.15,4,0,495,1
CAL-03770,CALI,ALIMENTOS,Juzgado_1_Familia_Cali,2023,70.0,1.45,2,1,393,0
CAL-03771,CALI,ALIMENTOS,Juzgado_4_Familia_Cali,2020,70.0,1.1,8,0,241,0
CAL-03772,CALI,VIF,Juzgado_2_Familia_Cali,2023,70.0,1.3,3,0,417,1
CAL-03773,CALI,ALIMENTOS,Juzgado_3_Familia_Cali,2021,70.0,1.2,3,0,538,1
CAL-03774,CALI,ALIMENTOS,Comisaria_1_Familia_Cali,2021,70.0,1.25,8,0,545,1
CAL-03775,CALI,VIF,Juzgado_Penal_Municipal_1_Cali,2023,70.0,1.35,8,0,480,1
CAL-03776,CALI,HURTO_PATRIMONIAL,Juzgado_4_Familia_Cali,2021,70.0,1.1,6,0,544,1
CAL-03777,CALI,VIF,Juzgado_4_Familia_Cali,2024,70.0,1.1,3,0,364,0
CAL-03778,CALI,VIF,Juzgado_5_Familia_Cali,2022,70.0,0.95,3,0,216,0
CAL-03779,CALI,ALIMENTOS,Comisaria_1_Familia_Cali,2023,70.0,1.25,3,0,553,1
CAL-03780,CALI,VIF,Juzgado_4_Familia_Cali,2024,70.0,1.1,4,0,418,1
CAL-03781,CALI,ALIMENTOS,Juzgado_1_Familia_Cali,2024,70.0,1.45,12,0,656,1
CAL-03782,CALI,HURTO_PATRIMONIAL,Juzgado_5_Familia_Cali,2024,70.0,0.95,5,0,511,1
CAL-03783,CALI,SUSTANCIAS,Juzgado_Penal_Municipal_2_Cali,2024,70.0,1.15,8,0,497,1
CAL-03784,CALI,VIF,Juzgado_Penal_Municipal_1_Cali,2022,70.0,1.35,2,0,432,1
CAL-03785,CALI,ALIMENTOS,Comisaria_2_Familia_Cali,2024,70.0,1.1,3,1,633,1
CAL-03786,CALI,HURTO_PATRIMONIAL,Juzgado_1_Familia_Cali,2020,70.0,1.45,5,1,568,0
CAL-03787,CALI,ALIMENTOS,Juzgado_3_Familia_Cali,2023,70.0,1.2,3,0,503,1
CAL-03788,CALI,SUSTANCIAS,Juzgado_2_Familia_Cali,2024,70.0,1.3,1,1,652,1
CAL-03789,CALI,HURTO_PATRIMONIAL,Comisaria_1_Familia_Cali,2022,70.0,1.25,5,0,594,1
CAL-03790,CALI,ALIMENTOS,Juzgado_Penal_Municipal_2_Cali,2023,70.0,1.15,11,0,572,1
CAL-03791,CALI,ALIMENTOS,Juzgado_4_Familia_Cali,2022,70.0,1.1,6,0,511,1
CAL-03792,CALI,VIF,Juzgado_5_Familia_Cali,2022,70.0,0.95,1,0,351,1
CAL-03793,CALI,ALIMENTOS,Juzgado_Penal_Municipal_2_Cali,2023,70.0,1.15,2,0,497,1
CAL-03794,CALI,ALIMENTOS,Comisaria_1_Familia_Cali,2021,70.0,1.25,5,1,658,1
CAL-03795,CALI,ALIMENTOS,Juzgado_4_Familia_Cali,2020,70.0,1.1,9,0,530,1
CAL-03796,CALI,VIF,Juzgado_3_Familia_Cali,2023,70.0,1.2,7,0,470,1
CAL-03797,CALI,SUSTANCIAS,Juzgado_Penal_Municipal_1_Cali,2021,70.0,1.35,2,1,606,1
CAL-03798,CALI,ALIMENTOS,Juzgado_2_Familia_Cali,2023,70.0,1.3,3,1,691,1
CAL-03799,CALI,SUSTANCIAS,Juzgado_4_Familia_Cali,2022,70.0,1.1,5,1,589,1
CAL-03800,CALI,HURTO_PATRIMONIAL,Comisaria_1_Familia_Cali,2022,70.0,1.25,4,0,544,1
CAL-03801,CALI,VIF,Juzgado_Penal_Municipal_2_Cali,2023,70.0,1.15,1,0,336,0
CAL-03802,CALI,SUSTANCIAS,Comisaria_2_Familia_Cali,2023,70.0,1.1,14,1,677,1
CAL-03803,CALI,VIF,Comisaria_1_Familia_Cali,2024,70.0,1.25,3,1,603,1
CAL-03804,CALI,HURTO_PATRIMONIAL,Juzgado_1_Familia_Cali,2021,70.0,1.45,1,1,379,0
CAL-03805,CALI,VIF,Comisaria_3_Familia_Cali,2023,70.0,0.9,11,1,592,1
CAL-03806,CALI,HURTO_PATRIMONIAL,Juzgado_Penal_Municipal_1_Cali,2022,70.0,1.35,2,0,583,1
CAL-03807,CALI,HURTO_PATRIMONIAL,Comisaria_2_Familia_Cali,2022,70.0,1.1,6,1,688,1
CAL-03808,CALI,ALIMENTOS,Juzgado_Penal_Municipal_1_Cali,2022,70.0,1.35,7,0,579,1
CAL-03809,CALI,ALIMENTOS,Juzgado_4_Familia_Cali,2020,70.0,1.1,2,0,477,1
CAL-03810,CALI,ALIMENTOS,Juzgado_3_Familia_Cali,2024,70.0,1.2,3,0,501,1
CAL-03811,CALI,ALIMENTOS,Juzgado_5_Familia_Cali,2023,70.0,0.95,1,0,363,0
CAL-03812,CALI,VIF,Juzgado_2_Familia_Cali,2023,70.0,1.3,4,0,489,1
CAL-03813,CALI,ALIMENTOS,Comisaria_1_Familia_Cali,2022,70.0,1.25,5,0,527,1
CAL-03814,CALI,VIF,Comisaria_2_Familia_Cali,2023,70.0,1.1,8,1,624,1
CAL-03815,CALI,ALIMENTOS,Comisaria_3_Familia_Cali,2024,70.0,0.9,2,1,595,1
CAL-03816,CALI,VIF,Juzgado_5_Familia_Cali,2023,70.0,0.95,5,0,400,1
CAL-03817,CALI,ALIMENTOS,Comisaria_2_Familia_Cali,2020,70.0,1.1,3,0,480,1
CAL-03818,CALI,VIF,Juzgado_3_Familia_Cali,2023,70.0,1.2,6,0,332,0
CAL-03819,CALI,VIF,Juzgado_Penal_Municipal_1_Cali,2022,70.0,1.35,3,0,243,0
CAL-03820,CALI,ALIMENTOS,Juzgado_Penal_Municipal_1_Cali,2023,70.0,1.35,10,1,520,0
CAL-03821,CALI,VIF,Juzgado_1_Familia_Cali,2022,70.0,1.45,7,0,526,1
CAL-03822,CALI,ALIMENTOS,Juzgado_3_Familia_Cali,2023,70.0,1.2,14,0,446,0
CAL-03823,CALI,ALIMENTOS,Comisaria_3_Familia_Cali,2024,70.0,0.9,3,1,583,1
CAL-03824,CALI,VIF,Comisaria_2_Familia_Cali,2024,70.0,1.1,3,0,321,0
CAL-03825,CALI,VIF,Comisaria_2_Familia_Cali,2022,70.0,1.1,7,0,452,1
CAL-03826,CALI,ALIMENTOS,Juzgado_3_Familia_Cali,2021,70.0,1.2,5,0,466,1
CAL-03827,CALI,VIF,Juzgado_5_Familia_Cali,2021,70.0,0.95,8,0,232,0
CAL-03828,CALI,ALIMENTOS,Comisaria_1_Familia_Cali,2023,70.0,1.25,7,0,577,1
CAL-03829,CALI,ALIMENTOS,Juzgado_4_Familia_Cali,2023,70.0,1.1,13,1,730,1
CAL-03830,CALI,ALIMENTOS,Juzgado_5_Familia_Cali,2023,70.0,0.95,1,0,434,1
CAL-03831,CALI,SUSTANCIAS,Juzgado_1_Familia_Cali,2024,70.0,1.45,4,0,521,1
CAL-03832,CALI,VIF,Comisaria_1_Familia_Cali,2023,70.0,1.25,3,0,442,1
CAL-03833,CALI,ALIMENTOS,Juzgado_1_Familia_Cali,2024,70.0,1.45,9,0,660,1
CAL-03834,CALI,VIF,Juzgado_3_Familia_Cali,2023,70.0,1.2,5,1,582,1
CAL-03835,CALI,ALIMENTOS,Comisaria_2_Familia_Cali,2023,70.0,1.1,1,1,625,1
CAL-03836,CALI,HURTO_PATRIMONIAL,Comisaria_3_Familia_Cali,2021,70.0,0.9,5,0,458,1
CAL-03837,CALI,ALIMENTOS,Juzgado_Penal_Municipal_2_Cali,2022,70.0,1.15,1,0,460,1
CAL-03838,CALI,ALIMENTOS,Juzgado_3_Familia_Cali,2024,70.0,1.2,2,0,508,1
CAL-03839,CALI,ALIMENTOS,Comisaria_2_Familia_Cali,2024,70.0,1.1,4,0,477,1
CAL-03840,CALI,VIF,Juzgado_5_Familia_Cali,2021,70.0,0.95,1,1,521,1
CAL-03841,CALI,HURTO_PATRIMONIAL,Juzgado_5_Familia_Cali,2021,70.0,0.95,2,0,505,1
CAL-03842,CALI,VIF,Juzgado_Penal_Municipal_2_Cali,2020,70.0,1.15,4,0,407,1
CAL-03843,CALI,ALIMENTOS,Juzgado_3_Familia_Cali,2021,70.0,1.2,7,0,528,1
CAL-03844,CALI,VIF,Juzgado_2_Familia_Cali,2023,70.0,1.3,7,0,472,1
CAL-03845,CALI,VIF,Juzgado_1_Familia_Cali,2022,70.0,1.45,3,0,489,1
CAL-03846,CALI,VIF,Juzgado_4_Familia_Cali,2021,70.0,1.1,2,0,331,0
CAL-03847,CALI,ALIMENTOS,Juzgado_4_Familia_Cali,2020,70.0,1.1,2,0,477,1
CAL-03848,CALI,ALIMENTOS,Juzgado_5_Familia_Cali,2024,70.0,0.95,4,0,248,0
CAL-03849,CALI,ALIMENTOS,Juzgado_3_Familia_Cali,2021,70.0,1.2,6,0,537,1
CAL-03850,CALI,ALIMENTOS,Juzgado_4_Familia_Cali,2024,70.0,1.1,3,0,516,1
CAL-03851,CALI,ALIMENTOS,Juzgado_4_Familia_Cali,2023,70.0,1.1,2,1,643,1
CAL-03852,CALI,ALIMENTOS,Juzgado_Penal_Municipal_2_Cali,2024,70.0,1.15,6,1,682,1
CAL-03853,CALI,VIF,Juzgado_4_Familia_Cali,2020,70.0,1.1,1,0,383,1
CAL-03854,CALI,ALIMENTOS,Juzgado_Penal_Municipal_2_Cali,2021,70.0,1.15,1,0,523,1
CAL-03855,CALI,VIF,Juzgado_5_Familia_Cali,2024,70.0,0.95,2,1,531,1
CAL-03856,CALI,VIF,Juzgado_4_Familia_Cali,2024,70.0,1.1,4,0,427,1
CAL-03857,CALI,ALIMENTOS,Juzgado_4_Familia_Cali,2021,70.0,1.1,6,0,471,1
CAL-03858,CALI,SUSTANCIAS,Comisaria_1_Familia_Cali,2021,70.0,1.25,8,0,510,1
CAL-03859,CALI,ALIMENTOS,Comisaria_2_Familia_Cali,2023,70.0,1.1,1,1,630,1
CAL-03860,CALI,HURTO_PATRIMONIAL,Comisaria_1_Familia_Cali,2023,70.0,1.25,6,0,579,1
CAL-03861,CALI,ALIMENTOS,Juzgado_Penal_Municipal_2_Cali,2023,70.0,1.15,3,0,513,1
CAL-03862,CALI,ALIMENTOS,Juzgado_Penal_Municipal_2_Cali,2021,70.0,1.15,4,0,477,1
CAL-03863,CALI,VIF,Comisaria_2_Familia_Cali,2024,70.0,1.1,2,0,403,1
CAL-03864,CALI,ALIMENTOS,Comisaria_2_Familia_Cali,2024,70.0,1.1,2,1,658,1
CAL-03865,CALI,ALIMENTOS,Comisaria_2_Familia_Cali,2021,70.0,1.1,10,0,521,1
CAL-03866,CALI,VIF,Juzgado_2_Familia_Cali,2024,70.0,1.3,1,1,564,1
CAL-03867,CALI,VIF,Comisaria_3_Familia_Cali,2022,70.0,0.9,3,0,356,1
CAL-03868,CALI,VIF,Comisaria_1_Familia_Cali,2024,70.0,1.25,11,0,505,1
CAL-03869,CALI,VIF,Juzgado_5_Familia_Cali,2023,70.0,0.95,4,1,531,1
CAL-03870,CALI,VIF,Comisaria_2_Familia_Cali,2020,70.0,1.1,5,1,574,1
CAL-03871,CALI,ALIMENTOS,Juzgado_1_Familia_Cali,2024,70.0,1.45,2,1,651,0
CAL-03872,CALI,ALIMENTOS,Juzgado_4_Familia_Cali,2020,70.0,1.1,6,0,461,1
CAL-03873,CALI,ALIMENTOS,Juzgado_1_Familia_Cali,2020,70.0,1.45,4,1,679,1
CAL-03874,CALI,VIF,Juzgado_1_Familia_Cali,2023,70.0,1.45,2,0,448,1
CAL-03875,CALI,SUSTANCIAS,Comisaria_2_Familia_Cali,2024,70.0,1.1,3,0,438,1
CAL-03876,CALI,VIF,Juzgado_5_Familia_Cali,2021,70.0,0.95,6,0,417,1
CAL-03877,CALI,ALIMENTOS,Comisaria_1_Familia_Cali,2023,70.0,1.25,3,0,527,1
CAL-03878,CALI,VIF,Comisaria_1_Familia_Cali,2024,70.0,1.25,6,0,439,1
CAL-03879,CALI,ALIMENTOS,Juzgado_3_Familia_Cali,2023,70.0,1.2,3,0,495,1
CAL-03880,CALI,VIF,Juzgado_2_Familia_Cali,2022,70.0,1.3,1,0,372,0
CAL-03881,CALI,ALIMENTOS,Juzgado_Penal_Municipal_1_Cali,2023,70.0,1.35,3,1,447,0
CAL-03882,CALI,VIF,Comisaria_3_Familia_Cali,2021,70.0,0.9,7,0,293,0
CAL-03883,CALI,VIF,Juzgado_5_Familia_Cali,2023,70.0,0.95,5,0,393,1
CAL-03884,CALI,ALIMENTOS,Juzgado_2_Familia_Cali,2022,70.0,1.3,4,0,525,1
CAL-03885,CALI,VIF,Juzgado_4_Familia_Cali,2024,70.0,1.1,10,0,470,1
CAL-03886,CALI,ALIMENTOS,Comisaria_1_Familia_Cali,2023,70.0,1.25,2,1,664,1
CAL-03887,CALI,VIF,Comisaria_3_Familia_Cali,2023,70.0,0.9,4,1,527,1
CAL-03888,CALI,ALIMENTOS,Juzgado_1_Familia_Cali,2024,70.0,1.45,2,1,707,1
CAL-03889,CALI,HURTO_PATRIMONIAL,Juzgado_5_Familia_Cali,2022,70.0,0.95,5,0,483,1
CAL-03890,CALI,ALIMENTOS,Juzgado_3_Familia_Cali,2022,70.0,1.2,6,1,682,1
CAL-03891,CALI,HURTO_PATRIMONIAL,Comisaria_2_Familia_Cali,2022,70.0,1.1,4,1,425,0
CAL-03892,CALI,VIF,Juzgado_2_Familia_Cali,2021,70.0,1.3,3,1,464,0
CAL-03893,CALI,VIF,Comisaria_3_Familia_Cali,2021,70.0,0.9,10,0,422,1
CAL-03894,CALI,SUSTANCIAS,Comisaria_2_Familia_Cali,2022,70.0,1.1,5,0,459,1
CAL-03895,CALI,HURTO_PATRIMONIAL,Comisaria_3_Familia_Cali,2023,70.0,0.9,5,0,441,1
CAL-03896,CALI,HURTO_PATRIMONIAL,Juzgado_5_Familia_Cali,2022,70.0,0.95,4,0,497,1
CAL-03897,CALI,HURTO_PATRIMONIAL,Juzgado_Penal_Municipal_1_Cali,2022,70.0,1.35,1,0,580,1
CAL-03898,CALI,HURTO_PATRIMONIAL,Juzgado_3_Familia_Cali,2024,70.0,1.2,6,0,614,1
CAL-03899,CALI,ALIMENTOS,Juzgado_1_Familia_Cali,2022,70.0,1.45,19,1,607,0
CAL-03900,CALI,VIF,Comisaria_1_Familia_Cali,2024,70.0,1.25,8,0,504,1
CAL-03901,CALI,ALIMENTOS,Juzgado_Penal_Municipal_2_Cali,2020,70.0,1.15,1,0,464,1
CAL-03902,CALI,ALIMENTOS,Comisaria_3_Familia_Cali,2023,70.0,0.9,4,0,413,1
CAL-03903,CALI,VIF,Comisaria_2_Familia_Cali,2022,70.0,1.1,1,0,400,1
CAL-03904,CALI,VIF,Juzgado_2_Familia_Cali,2023,70.0,1.3,6,0,479,1
CAL-03905,CALI,VIF,Juzgado_3_Familia_Cali,2023,70.0,1.2,2,0,405,1
CAL-03906,CALI,ALIMENTOS,Comisaria_1_Familia_Cali,2021,70.0,1.25,5,0,488,1
CAL-03907,CALI,VIF,Juzgado_Penal_Municipal_1_Cali,2022,70.0,1.35,3,1,604,1
CAL-03908,CALI,VIF,Comisaria_3_Familia_Cali,2021,70.0,0.9,2,0,211,0
CAL-03909,CALI,ALIMENTOS,Comisaria_2_Familia_Cali,2023,70.0,1.1,5,0,492,1
CAL-03910,CALI,ALIMENTOS,Comisaria_2_Familia_Cali,2023,70.0,1.1,8,0,536,1
CAL-03911,CALI,VIF,Comisaria_2_Familia_Cali,2021,70.0,1.1,1,0,374,1
CAL-03912,CALI,ALIMENTOS,Juzgado_4_Familia_Cali,2024,70.0,1.1,1,0,457,1
CAL-03913,CALI,VIF,Comisaria_3_Familia_Cali,2022,70.0,0.9,7,1,323,0
CAL-03914,CALI,ALIMENTOS,Comisaria_2_Familia_Cali,2024,70.0,1.1,11,0,556,1
CAL-03915,CALI,HURTO_PATRIMONIAL,Juzgado_2_Familia_Cali,2023,70.0,1.3,1,0,573,1
CAL-03916,CALI,ALIMENTOS,Juzgado_Penal_Municipal_1_Cali,2021,70.0,1.35,2,0,527,1
CAL-03917,CALI,ALIMENTOS,Juzgado_Penal_Municipal_2_Cali,2020,70.0,1.15,10,0,553,1
CAL-03918,CALI,ALIMENTOS,Juzgado_2_Familia_Cali,2024,70.0,1.3,3,0,375,0
CAL-03919,CALI,VIF,Juzgado_4_Familia_Cali,2023,70.0,1.1,5,0,434,1
CAL-03920,CALI,HURTO_PATRIMONIAL,Juzgado_2_Familia_Cali,2021,70.0,1.3,3,0,552,1
CAL-03921,CALI,ALIMENTOS,Juzgado_2_Familia_Cali,2023,70.0,1.3,1,0,524,1
CAL-03922,CALI,ALIMENTOS,Juzgado_1_Familia_Cali,2024,70.0,1.45,9,1,534,0
CAL-03923,CALI,ALIMENTOS,Comisaria_3_Familia_Cali,2021,70.0,0.9,9,1,618,1
CAL-03924,CALI,VIF,Juzgado_2_Familia_Cali,2022,70.0,1.3,2,0,439,1
CAL-03925,CALI,VIF,Juzgado_4_Familia_Cali,2022,70.0,1.1,5,0,287,0
CAL-03926,CALI,SUSTANCIAS,Juzgado_2_Familia_Cali,2023,70.0,1.3,6,0,486,1
CAL-03927,CALI,ALIMENTOS,Juzgado_2_Familia_Cali,2022,70.0,1.3,3,1,675,1
CAL-03928,CALI,ALIMENTOS,Juzgado_Penal_Municipal_2_Cali,2023,70.0,1.15,5,1,662,1
CAL-03929,CALI,ALIMENTOS,Juzgado_1_Familia_Cali,2024,70.0,1.45,11,1,506,0
CAL-03930,CALI,VIF,Comisaria_3_Familia_Cali,2024,70.0,0.9,5,0,386,1
CAL-03931,CALI,SUSTANCIAS,Juzgado_Penal_Municipal_1_Cali,2024,70.0,1.35,3,1,626,1
CAL-03932,CALI,ALIMENTOS,Juzgado_Penal_Municipal_1_Cali,2023,70.0,1.35,2,0,551,1
CAL-03933,CALI,HURTO_PATRIMONIAL,Juzgado_3_Familia_Cali,2022,70.0,1.2,3,0,540,1
CAL-03934,CALI,HURTO_PATRIMONIAL,Juzgado_1_Familia_Cali,2024,70.0,1.45,4,0,651,1
CAL-03935,CALI,HURTO_PATRIMONIAL,Comisaria_2_Familia_Cali,2024,70.0,1.1,4,1,570,0
CAL-03936,CALI,VIF,Juzgado_2_Familia_Cali,2022,70.0,1.3,1,0,416,1
CAL-03937,CALI,ALIMENTOS,Juzgado_2_Familia_Cali,2020,70.0,1.3,3,0,565,1
CAL-03938,CALI,VIF,Comisaria_2_Familia_Cali,2022,70.0,1.1,6,1,597,1
CAL-03939,CALI,ALIMENTOS,Comisaria_3_Familia_Cali,2020,70.0,0.9,10,0,262,0
CAL-03940,CALI,VIF,Juzgado_5_Familia_Cali,2024,70.0,0.95,15,0,517,1
CAL-03941,CALI,HURTO_PATRIMONIAL,Juzgado_5_Familia_Cali,2021,70.0,0.95,6,0,478,1
CAL-03942,CALI,ALIMENTOS,Juzgado_2_Familia_Cali,2023,70.0,1.3,3,0,411,0
CAL-03943,CALI,VIF,Juzgado_3_Familia_Cali,2021,70.0,1.2,3,0,262,0
CAL-03944,CALI,SUSTANCIAS,Juzgado_Penal_Municipal_2_Cali,2024,70.0,1.15,12,0,542,1
CAL-03945,CALI,VIF,Comisaria_3_Familia_Cali,2024,70.0,0.9,5,0,227,0
CAL-03946,CALI,SUSTANCIAS,Juzgado_4_Familia_Cali,2024,70.0,1.1,1,0,400,1
CAL-03947,CALI,ALIMENTOS,Comisaria_3_Familia_Cali,2024,70.0,0.9,1,1,589,1
CAL-03948,CALI,ALIMENTOS,Juzgado_2_Familia_Cali,2021,70.0,1.3,3,0,531,1
CAL-03949,CALI,VIF,Juzgado_Penal_Municipal_2_Cali,2024,70.0,1.15,6,0,452,1
CAL-03950,CALI,ALIMENTOS,Comisaria_1_Familia_Cali,2023,70.0,1.25,7,0,537,1
CAL-03951,CALI,ALIMENTOS,Comisaria_1_Familia_Cali,2023,70.0,1.25,5,0,535,1
CAL-03952,CALI,VIF,Comisaria_2_Familia_Cali,2024,70.0,1.1,16,1,673,1
CAL-03953,CALI,VIF,Juzgado_3_Familia_Cali,2023,70.0,1.2,1,1,567,1
CAL-03954,CALI,ALIMENTOS,Juzgado_Penal_Municipal_2_Cali,2022,70.0,1.15,10,0,516,1
CAL-03955,CALI,VIF,Juzgado_Penal_Municipal_1_Cali,2024,70.0,1.35,5,1,622,1
CAL-03956,CALI,HURTO_PATRIMONIAL,Comisaria_3_Familia_Cali,2021,70.0,0.9,16,1,440,0
CAL-03957,CALI,HURTO_PATRIMONIAL,Comisaria_3_Familia_Cali,2020,70.0,0.9,1,1,575,1
CAL-03958,CALI,VIF,Juzgado_Penal_Municipal_2_Cali,2020,70.0,1.15,1,0,404,1
CAL-03959,CALI,ALIMENTOS,Juzgado_1_Familia_Cali,2020,70.0,1.45,4,1,714,1
CAL-03960,CALI,SUSTANCIAS,Juzgado_5_Familia_Cali,2022,70.0,0.95,3,0,421,1
CAL-03961,CALI,VIF,Comisaria_1_Familia_Cali,2024,70.0,1.25,5,0,464,1
CAL-03962,CALI,SUSTANCIAS,Juzgado_Penal_Municipal_1_Cali,2021,70.0,1.35,3,0,470,1
CAL-03963,CALI,VIF,Juzgado_Penal_Municipal_2_Cali,2020,70.0,1.15,2,0,336,0
CAL-03964,CALI,VIF,Juzgado_3_Familia_Cali,2024,70.0,1.2,2,0,385,1
CAL-03965,CALI,ALIMENTOS,Juzgado_Penal_Municipal_2_Cali,2023,70.0,1.15,3,1,638,1
CAL-03966,CALI,ALIMENTOS,Comisaria_1_Familia_Cali,2022,70.0,1.25,6,0,538,1
CAL-03967,CALI,ALIMENTOS,Juzgado_2_Familia_Cali,2024,70.0,1.3,3,0,545,1
CAL-03968,CALI,VIF,Juzgado_2_Familia_Cali,2024,70.0,1.3,7,0,411,0
CAL-03969,CALI,ALIMENTOS,Juzgado_1_Familia_Cali,2022,70.0,1.45,5,0,590,1
CAL-03970,CALI,VIF,Comisaria_3_Familia_Cali,2024,70.0,0.9,1,0,360,1
CAL-03971,CALI,ALIMENTOS,Juzgado_1_Familia_Cali,2021,70.0,1.45,1,1,378,0
CAL-03972,CALI,VIF,Juzgado_Penal_Municipal_2_Cali,2024,70.0,1.15,10,0,476,1
CAL-03973,CALI,VIF,Juzgado_Penal_Municipal_1_Cali,2021,70.0,1.35,3,0,420,1
CAL-03974,CALI,SUSTANCIAS,Juzgado_5_Familia_Cali,2024,70.0,0.95,1,0,390,1
CAL-03975,CALI,ALIMENTOS,Comisaria_3_Familia_Cali,2024,70.0,0.9,1,0,392,1
CAL-03976,CALI,ALIMENTOS,Juzgado_Penal_Municipal_2_Cali,2024,70.0,1.15,3,0,521,1
CAL-03977,CALI,ALIMENTOS,Juzgado_Penal_Municipal_1_Cali,2021,70.0,1.35,1,0,514,1
CAL-03978,CALI,VIF,Juzgado_3_Familia_Cali,2024,70.0,1.2,3,0,408,1
CAL-03979,CALI,VIF,Juzgado_Penal_Municipal_2_Cali,2021,70.0,1.15,4,0,413,1
CAL-03980,CALI,VIF,Juzgado_Penal_Municipal_2_Cali,2022,70.0,1.15,2,0,375,1
CAL-03981,CALI,ALIMENTOS,Juzgado_3_Familia_Cali,2023,70.0,1.2,2,1,682,1
CAL-03982,CALI,ALIMENTOS,Juzgado_Penal_Municipal_2_Cali,2023,70.0,1.15,7,1,703,1
CAL-03983,CALI,HURTO_PATRIMONIAL,Comisaria_1_Familia_Cali,2023,70.0,1.25,9,1,575,0
CAL-03984,CALI,ALIMENTOS,Juzgado_5_Familia_Cali,2022,70.0,0.95,4,1,608,1
CAL-03985,CALI,HURTO_PATRIMONIAL,Juzgado_Penal_Municipal_2_Cali,2023,70.0,1.15,6,1,489,0
CAL-03986,CALI,VIF,Comisaria_2_Familia_Cali,2021,70.0,1.1,1,0,404,1
CAL-03987,CALI,ALIMENTOS,Juzgado_Penal_Municipal_1_Cali,2024,70.0,1.35,3,0,558,1
CAL-03988,CALI,VIF,Juzgado_4_Familia_Cali,2023,70.0,1.1,5,0,201,0
CAL-03989,CALI,HURTO_PATRIMONIAL,Comisaria_2_Familia_Cali,2024,70.0,1.1,1,0,491,1
CAL-03990,CALI,VIF,Comisaria_2_Familia_Cali,2021,70.0,1.1,3,0,409,1
CAL-03991,CALI,VIF,Juzgado_4_Familia_Cali,2022,70.0,1.1,2,0,394,1
CAL-03992,CALI,ALIMENTOS,Juzgado_1_Familia_Cali,2023,70.0,1.45,4,0,573,1
CAL-03993,CALI,ALIMENTOS,Juzgado_Penal_Municipal_2_Cali,2022,70.0,1.15,11,0,584,1
CAL-03994,CALI,ALIMENTOS,Juzgado_4_Familia_Cali,2023,70.0,1.1,6,1,678,1
CAL-03995,CALI,HURTO_PATRIMONIAL,Comisaria_3_Familia_Cali,2022,70.0,0.9,14,0,394,0
CAL-03996,CALI,VIF,Comisaria_1_Familia_Cali,2023,70.0,1.25,6,0,424,1
CAL-03997,CALI,SUSTANCIAS,Juzgado_Penal_Municipal_1_Cali,2024,70.0,1.35,9,0,536,1
CAL-03998,CALI,ALIMENTOS,Juzgado_1_Familia_Cali,2024,70.0,1.45,4,0,583,1
CAL-03999,CALI,VIF,Comisaria_3_Familia_Cali,2020,70.0,0.9,5,0,273,0
CAL-04000,CALI,HURTO_PATRIMONIAL,Comisaria_3_Familia_Cali,2022,70.0,0.9,5,0,483,1
CAL-04001,CALI,HURTO_PATRIMONIAL,Juzgado_4_Familia_Cali,2023,70.0,1.1,3,1,422,0
CAL-04002,CALI,ALIMENTOS,Juzgado_2_Familia_Cali,2024,70.0,1.3,7,0,542,1
CAL-04003,CALI,ALIMENTOS,Comisaria_1_Familia_Cali,2023,70.0,1.25,5,0,539,1
CAL-04004,CALI,HURTO_PATRIMONIAL,Juzgado_4_Familia_Cali,2020,70.0,1.1,14,1,468,0
CAL-04005,CALI,HURTO_PATRIMONIAL,Comisaria_2_Familia_Cali,2020,70.0,1.1,12,0,620,1
CAL-04006,CALI,ALIMENTOS,Comisaria_3_Familia_Cali,2024,70.0,0.9,5,0,456,1
CAL-04007,CALI,ALIMENTOS,Juzgado_3_Familia_Cali,2023,70.0,1.2,6,0,501,1
CAL-04008,CALI,ALIMENTOS,Juzgado_3_Familia_Cali,2023,70.0,1.2,3,1,679,1
CAL-04009,CALI,ALIMENTOS,Juzgado_Penal_Municipal_2_Cali,2023,70.0,1.15,2,0,516,1
CAL-04010,CALI,SUSTANCIAS,Juzgado_5_Familia_Cali,2024,70.0,0.95,6,0,396,0
CAL-04011,CALI,ALIMENTOS,Comisaria_3_Familia_Cali,2024,70.0,0.9,9,1,640,1
CAL-04012,CALI,VIF,Comisaria_2_Familia_Cali,2022,70.0,1.1,3,0,388,1
CAL-04013,CALI,SUSTANCIAS,Juzgado_3_Familia_Cali,2021,70.0,1.2,3,1,575,1
CAL-04014,CALI,HURTO_PATRIMONIAL,Comisaria_1_Familia_Cali,2020,70.0,1.25,4,1,710,1
CAL-04015,CALI,VIF,Juzgado_4_Familia_Cali,2023,70.0,1.1,3,1,568,1
CAL-04016,CALI,VIF,Juzgado_2_Familia_Cali,2020,70.0,1.3,2,0,408,1
CAL-04017,CALI,VIF,Juzgado_1_Familia_Cali,2020,70.0,1.45,3,0,476,1
CAL-04018,CALI,VIF,Juzgado_Penal_Municipal_1_Cali,2021,70.0,1.35,2,0,440,1
CAL-04019,CALI,VIF,Juzgado_5_Familia_Cali,2024,70.0,0.95,3,0,375,1
CAL-04020,CALI,VIF,Juzgado_5_Familia_Cali,2022,70.0,0.95,7,1,553,1
CAL-04021,CALI,VIF,Juzgado_Penal_Municipal_2_Cali,2021,70.0,1.15,1,0,380,1
CAL-04022,CALI,ALIMENTOS,Juzgado_Penal_Municipal_1_Cali,2024,70.0,1.35,6,1,721,1
CAL-04023,CALI,ALIMENTOS,Juzgado_3_Familia_Cali,2024,70.0,1.2,1,0,489,1
CAL-04024,CALI,ALIMENTOS,Juzgado_3_Familia_Cali,2024,70.0,1.2,2,0,496,1
CAL-04025,CALI,HURTO_PATRIMONIAL,Juzgado_1_Familia_Cali,2024,70.0,1.45,4,1,502,0
CAL-04026,CALI,VIF,Juzgado_4_Familia_Cali,2024,70.0,1.1,1,0,392,1
CAL-04027,CALI,VIF,Juzgado_2_Familia_Cali,2022,70.0,1.3,10,0,514,1
CAL-04028,CALI,ALIMENTOS,Juzgado_3_Familia_Cali,2024,70.0,1.2,2,1,651,1
CAL-04029,CALI,SUSTANCIAS,Comisaria_2_Familia_Cali,2022,70.0,1.1,1,1,561,1
CAL-04030,CALI,VIF,Juzgado_2_Familia_Cali,2024,70.0,1.3,5,0,476,1
CAL-04031,CALI,HURTO_PATRIMONIAL,Juzgado_1_Familia_Cali,2023,70.0,1.45,6,1,574,0
CAL-04032,CALI,HURTO_PATRIMONIAL,Juzgado_Penal_Municipal_1_Cali,2022,70.0,1.35,14,0,724,1
CAL-04033,CALI,ALIMENTOS,Juzgado_Penal_Municipal_1_Cali,2024,70.0,1.35,3,0,290,0
CAL-04034,CALI,VIF,Juzgado_Penal_Municipal_1_Cali,2024,70.0,1.35,3,0,464,1
CAL-04035,CALI,HURTO_PATRIMONIAL,Comisaria_3_Familia_Cali,2024,70.0,0.9,10,0,507,1
CAL-04036,CALI,ALIMENTOS,Comisaria_3_Familia_Cali,2024,70.0,0.9,5,1,597,1
CAL-04037,CALI,ALIMENTOS,Juzgado_Penal_Municipal_2_Cali,2022,70.0,1.15,12,1,727,1
CAL-04038,CALI,ALIMENTOS,Juzgado_1_Familia_Cali,2024,70.0,1.45,7,0,601,1
CAL-04039,CALI,HURTO_PATRIMONIAL,Juzgado_1_Familia_Cali,2023,70.0,1.45,2,0,650,1
CAL-04040,CALI,SUSTANCIAS,Juzgado_2_Familia_Cali,2024,70.0,1.3,4,0,314,0
CAL-04041,CALI,ALIMENTOS,Juzgado_Penal_Municipal_2_Cali,2022,70.0,1.15,3,0,479,1
CAL-04042,CALI,SUSTANCIAS,Juzgado_Penal_Municipal_1_Cali,2021,70.0,1.35,1,0,432,1
CAL-04043,CALI,ALIMENTOS,Juzgado_3_Familia_Cali,2024,70.0,1.2,2,0,520,1
CAL-04044,CALI,VIF,Juzgado_1_Familia_Cali,2024,70.0,1.45,7,1,664,1
CAL-04045,CALI,ALIMENTOS,Juzgado_Penal_Municipal_2_Cali,2024,70.0,1.15,1,1,636,1
CAL-04046,CALI,ALIMENTOS,Juzgado_2_Familia_Cali,2024,70.0,1.3,5,0,546,1
CAL-04047,CALI,VIF,Juzgado_5_Familia_Cali,2024,70.0,0.95,6,0,403,1
CAL-04048,CALI,ALIMENTOS,Juzgado_Penal_Municipal_1_Cali,2023,70.0,1.35,2,0,538,1
CAL-04049,CALI,HURTO_PATRIMONIAL,Juzgado_4_Familia_Cali,2024,70.0,1.1,4,1,701,1
CAL-04050,CALI,ALIMENTOS,Juzgado_Penal_Municipal_2_Cali,2021,70.0,1.15,8,1,722,1
CAL-04051,CALI,VIF,Juzgado_Penal_Municipal_2_Cali,2024,70.0,1.15,2,0,431,1
CAL-04052,CALI,ALIMENTOS,Comisaria_1_Familia_Cali,2023,70.0,1.25,18,1,563,0
CAL-04053,CALI,VIF,Juzgado_Penal_Municipal_2_Cali,2021,70.0,1.15,3,1,566,1
CAL-04054,CALI,ALIMENTOS,Juzgado_1_Familia_Cali,2023,70.0,1.45,2,1,725,1
CAL-04055,CALI,ALIMENTOS,Juzgado_Penal_Municipal_1_Cali,2024,70.0,1.35,3,0,585,1
CAL-04056,CALI,SUSTANCIAS,Comisaria_2_Familia_Cali,2024,70.0,1.1,4,0,428,1
CAL-04057,CALI,ALIMENTOS,Comisaria_2_Familia_Cali,2023,70.0,1.1,1,0,499,1
CAL-04058,CALI,ALIMENTOS,Juzgado_2_Familia_Cali,2020,70.0,1.3,7,1,410,0
CAL-04059,CALI,HURTO_PATRIMONIAL,Juzgado_5_Familia_Cali,2024,70.0,0.95,1,1,481,0
CAL-04060,CALI,HURTO_PATRIMONIAL,Juzgado_1_Familia_Cali,2022,70.0,1.45,1,0,322,0
CAL-04061,CALI,ALIMENTOS,Juzgado_Penal_Municipal_1_Cali,2022,70.0,1.35,2,1,329,0
CAL-04062,CALI,HURTO_PATRIMONIAL,Juzgado_1_Familia_Cali,2022,70.0,1.45,2,1,619,0
CAL-04063,CALI,VIF,Comisaria_3_Familia_Cali,2021,70.0,0.9,1,0,339,1
CAL-04064,CALI,ALIMENTOS,Comisaria_3_Familia_Cali,2021,70.0,0.9,4,1,577,1
CAL-04065,CALI,VIF,Comisaria_1_Familia_Cali,2021,70.0,1.25,6,1,594,1
CAL-04066,CALI,ALIMENTOS,Comisaria_1_Familia_Cali,2024,70.0,1.25,5,0,547,1
CAL-04067,CALI,HURTO_PATRIMONIAL,Juzgado_2_Familia_Cali,2023,70.0,1.3,2,0,534,1
CAL-04068,CALI,ALIMENTOS,Juzgado_5_Familia_Cali,2024,70.0,0.95,4,0,476,1
CAL-04069,CALI,VIF,Juzgado_3_Familia_Cali,2024,70.0,1.2,5,0,442,1
CAL-04070,CALI,HURTO_PATRIMONIAL,Juzgado_3_Familia_Cali,2022,70.0,1.2,3,1,716,1
CAL-04071,CALI,ALIMENTOS,Juzgado_Penal_Municipal_1_Cali,2020,70.0,1.35,9,0,303,0
CAL-04072,CALI,HURTO_PATRIMONIAL,Juzgado_2_Familia_Cali,2022,70.0,1.3,6,0,617,1
CAL-04073,CALI,ALIMENTOS,Juzgado_5_Familia_Cali,2024,70.0,0.95,6,1,681,1
CAL-04074,CALI,ALIMENTOS,Juzgado_Penal_Municipal_2_Cali,2022,70.0,1.15,2,0,492,1
CAL-04075,CALI,VIF,Comisaria_1_Familia_Cali,2024,70.0,1.25,13,0,509,1
CAL-04076,CALI,SUSTANCIAS,Juzgado_5_Familia_Cali,2021,70.0,0.95,10,1,601,1
CAL-04077,CALI,ALIMENTOS,Comisaria_3_Familia_Cali,2023,70.0,0.9,3,0,451,1
CAL-04078,CALI,ALIMENTOS,Juzgado_Penal_Municipal_2_Cali,2021,70.0,1.15,9,0,563,1
CAL-04079,CALI,ALIMENTOS,Comisaria_2_Familia_Cali,2024,70.0,1.1,8,0,529,1
CAL-04080,CALI,ALIMENTOS,Juzgado_1_Familia_Cali,2024,70.0,1.45,1,0,552,1
CAL-04081,CALI,VIF,Juzgado_Penal_Municipal_1_Cali,2024,70.0,1.35,10,0,503,1
CAL-04082,CALI,ALIMENTOS,Juzgado_3_Familia_Cali,2023,70.0,1.2,2,1,639,1
CAL-04083,CALI,SUSTANCIAS,Comisaria_1_Familia_Cali,2022,70.0,1.25,1,0,357,0
CAL-04084,CALI,HURTO_PATRIMONIAL,Juzgado_Penal_Municipal_2_Cali,2024,70.0,1.15,5,1,726,1
CAL-04085,CALI,ALIMENTOS,Juzgado_2_Familia_Cali,2022,70.0,1.3,1,0,533,1
CAL-04086,CALI,HURTO_PATRIMONIAL,Juzgado_Penal_Municipal_2_Cali,2021,70.0,1.15,5,0,559,1
CAL-04087,CALI,HURTO_PATRIMONIAL,Comisaria_3_Familia_Cali,2021,70.0,0.9,13,0,555,1
CAL-04088,CALI,ALIMENTOS,Juzgado_Penal_Municipal_2_Cali,2022,70.0,1.15,7,1,693,1
CAL-04089,CALI,ALIMENTOS,Comisaria_3_Familia_Cali,2022,70.0,0.9,10,0,488,1
CAL-04090,CALI,VIF,Comisaria_2_Familia_Cali,2020,70.0,1.1,6,0,439,1
CAL-04091,CALI,HURTO_PATRIMONIAL,Juzgado_5_Familia_Cali,2023,70.0,0.95,4,0,512,1
CAL-04092,CALI,VIF,Comisaria_3_Familia_Cali,2020,70.0,0.9,6,0,394,1
CAL-04093,CALI,ALIMENTOS,Juzgado_5_Familia_Cali,2024,70.0,0.95,2,1,579,1
CAL-04094,CALI,VIF,Juzgado_5_Familia_Cali,2024,70.0,0.95,6,0,400,1
CAL-04095,CALI,ALIMENTOS,Comisaria_1_Familia_Cali,2021,70.0,1.25,3,0,517,1
CAL-04096,CALI,ALIMENTOS,Comisaria_2_Familia_Cali,2021,70.0,1.1,6,0,519,1
CAL-04097,CALI,HURTO_PATRIMONIAL,Juzgado_5_Familia_Cali,2020,70.0,0.95,9,1,365,0
CAL-04098,CALI,ALIMENTOS,Juzgado_3_Familia_Cali,2021,70.0,1.2,8,1,710,1
CAL-04099,CALI,ALIMENTOS,Juzgado_4_Familia_Cali,2024,70.0,1.1,6,1,699,1
CAL-04100,CALI,ALIMENTOS,Comisaria_3_Familia_Cali,2020,70.0,0.9,3,1,591,1
CAL-04101,CALI,ALIMENTOS,Juzgado_Penal_Municipal_2_Cali,2024,70.0,1.15,8,0,541,1
CAL-04102,CALI,VIF,Juzgado_5_Familia_Cali,2023,70.0,0.95,2,0,359,1
CAL-04103,CALI,VIF,Juzgado_Penal_Municipal_2_Cali,2021,70.0,1.15,5,0,412,1
CAL-04104,CALI,SUSTANCIAS,Juzgado_4_Familia_Cali,2024,70.0,1.1,9,0,503,1
CAL-04105,CALI,ALIMENTOS,Comisaria_3_Familia_Cali,2021,70.0,0.9,18,1,678,1
CAL-04106,CALI,VIF,Comisaria_1_Familia_Cali,2022,70.0,1.25,3,0,424,1
CAL-04107,CALI,VIF,Juzgado_2_Familia_Cali,2021,70.0,1.3,5,0,456,1
CAL-04108,CALI,ALIMENTOS,Juzgado_3_Familia_Cali,2024,70.0,1.2,4,1,645,1
CAL-04109,CALI,ALIMENTOS,Juzgado_3_Familia_Cali,2024,70.0,1.2,3,1,396,0
CAL-04110,CALI,HURTO_PATRIMONIAL,Comisaria_1_Familia_Cali,2022,70.0,1.25,13,1,669,0
CAL-04111,CALI,VIF,Juzgado_4_Familia_Cali,2021,70.0,1.1,1,0,401,1
CAL-04112,CALI,SUSTANCIAS,Comisaria_2_Familia_Cali,2020,70.0,1.1,1,0,386,1
CAL-04113,CALI,HURTO_PATRIMONIAL,Juzgado_3_Familia_Cali,2024,70.0,1.2,1,0,569,1
CAL-04114,CALI,ALIMENTOS,Juzgado_Penal_Municipal_2_Cali,2023,70.0,1.15,4,1,676,1
CAL-04115,CALI,VIF,Comisaria_1_Familia_Cali,2024,70.0,1.25,5,1,600,1
CAL-04116,CALI,VIF,Juzgado_Penal_Municipal_2_Cali,2024,70.0,1.15,1,1,560,1
CAL-04117,CALI,VIF,Juzgado_3_Familia_Cali,2024,70.0,1.2,4,0,442,1
CAL-04118,CALI,VIF,Comisaria_2_Familia_Cali,2022,70.0,1.1,1,0,394,1
CAL-04119,CALI,SUSTANCIAS,Comisaria_3_Familia_Cali,2024,70.0,0.9,3,1,538,1
CAL-04120,CALI,ALIMENTOS,Juzgado_3_Familia_Cali,2021,70.0,1.2,3,1,675,1
CAL-04121,CALI,ALIMENTOS,Juzgado_4_Familia_Cali,2021,70.0,1.1,4,0,494,1
CAL-04122,CALI,VIF,Comisaria_2_Familia_Cali,2022,70.0,1.1,6,0,448,1
CAL-04123,CALI,ALIMENTOS,Juzgado_4_Familia_Cali,2024,70.0,1.1,5,0,504,1
CAL-04124,CALI,SUSTANCIAS,Juzgado_1_Familia_Cali,2023,70.0,1.45,3,0,517,1
CAL-04125,CALI,HURTO_PATRIMONIAL,Comisaria_3_Familia_Cali,2022,70.0,0.9,5,0,510,1
CAL-04126,CALI,VIF,Juzgado_4_Familia_Cali,2023,70.0,1.1,6,0,427,1
CAL-04127,CALI,VIF,Juzgado_3_Familia_Cali,2022,70.0,1.2,2,0,242,0
CAL-04128,CALI,VIF,Comisaria_1_Familia_Cali,2020,70.0,1.25,3,0,395,1
CAL-04129,CALI,ALIMENTOS,Juzgado_4_Familia_Cali,2022,70.0,1.1,3,1,647,1
CAL-04130,CALI,VIF,Juzgado_3_Familia_Cali,2024,70.0,1.2,8,0,487,1
CAL-04131,CALI,VIF,Comisaria_3_Familia_Cali,2024,70.0,0.9,5,0,395,1
CAL-04132,CALI,ALIMENTOS,Comisaria_3_Familia_Cali,2021,70.0,0.9,7,0,442,1
CAL-04133,CALI,ALIMENTOS,Juzgado_Penal_Municipal_1_Cali,2023,70.0,1.35,4,0,596,1
CAL-04134,CALI,ALIMENTOS,Juzgado_Penal_Municipal_2_Cali,2022,70.0,1.15,3,1,649,1
CAL-04135,CALI,ALIMENTOS,Juzgado_2_Familia_Cali,2024,70.0,1.3,3,0,488,0
CAL-04136,CALI,ALIMENTOS,Juzgado_Penal_Municipal_2_Cali,2022,70.0,1.15,3,1,642,1
CAL-04137,CALI,VIF,Juzgado_Penal_Municipal_1_Cali,2022,70.0,1.35,5,0,322,0
CAL-04138,CALI,VIF,Comisaria_2_Familia_Cali,2022,70.0,1.1,2,0,388,1
CAL-04139,CALI,VIF,Juzgado_Penal_Municipal_2_Cali,2021,70.0,1.15,4,1,548,1
CAL-04140,CALI,SUSTANCIAS,Juzgado_5_Familia_Cali,2024,70.0,0.95,6,0,434,1
CAL-04141,CALI,HURTO_PATRIMONIAL,Juzgado_Penal_Municipal_1_Cali,2023,70.0,1.35,8,0,533,0
CAL-04142,CALI,VIF,Juzgado_3_Familia_Cali,2023,70.0,1.2,5,0,284,0
CAL-04143,CALI,ALIMENTOS,Juzgado_Penal_Municipal_1_Cali,2020,70.0,1.35,2,0,494,1
CAL-04144,CALI,VIF,Juzgado_4_Familia_Cali,2024,70.0,1.1,8,0,437,1
CAL-04145,CALI,VIF,Juzgado_1_Familia_Cali,2023,70.0,1.45,8,0,527,1
CAL-04146,CALI,ALIMENTOS,Comisaria_1_Familia_Cali,2023,70.0,1.25,4,1,658,1
CAL-04147,CALI,ALIMENTOS,Juzgado_2_Familia_Cali,2024,70.0,1.3,3,0,532,1
CAL-04148,CALI,ALIMENTOS,Juzgado_1_Familia_Cali,2023,70.0,1.45,4,0,554,1
CAL-04149,CALI,VIF,Comisaria_1_Familia_Cali,2023,70.0,1.25,3,0,433,1
CAL-04150,CALI,ALIMENTOS,Juzgado_Penal_Municipal_2_Cali,2024,70.0,1.15,7,0,540,1
CAL-04151,CALI,ALIMENTOS,Comisaria_1_Familia_Cali,2023,70.0,1.25,2,1,686,1
CAL-04152,CALI,SUSTANCIAS,Juzgado_2_Familia_Cali,2024,70.0,1.3,2,0,486,1
CAL-04153,CALI,VIF,Comisaria_2_Familia_Cali,2021,70.0,1.1,6,0,434,1
CAL-04154,CALI,HURTO_PATRIMONIAL,Comisaria_2_Familia_Cali,2021,70.0,1.1,3,1,679,1
CAL-04155,CALI,HURTO_PATRIMONIAL,Juzgado_5_Familia_Cali,2024,70.0,0.95,2,0,451,1
CAL-04156,CALI,VIF,Comisaria_1_Familia_Cali,2024,70.0,1.25,1,0,429,1
CAL-04157,CALI,VIF,Juzgado_Penal_Municipal_1_Cali,2022,70.0,1.35,1,0,231,0
CAL-04158,CALI,VIF,Comisaria_3_Familia_Cali,2021,70.0,0.9,10,0,447,1
CAL-04159,CALI,SUSTANCIAS,Comisaria_1_Familia_Cali,2022,70.0,1.25,10,0,542,1
CAL-04160,CALI,HURTO_PATRIMONIAL,Juzgado_1_Familia_Cali,2021,70.0,1.45,3,0,605,1
CAL-04161,CALI,HURTO_PATRIMONIAL,Juzgado_5_Familia_Cali,2024,70.0,0.95,14,0,607,1
CAL-04162,CALI,HURTO_PATRIMONIAL,Juzgado_2_Familia_Cali,2023,70.0,1.3,10,1,481,0
CAL-04163,CALI,VIF,Juzgado_2_Familia_Cali,2023,70.0,1.3,5,1,625,1
CAL-04164,CALI,VIF,Juzgado_5_Familia_Cali,2021,70.0,0.95,4,0,190,0
CAL-04165,CALI,ALIMENTOS,Comisaria_2_Familia_Cali,2020,70.0,1.1,18,0,589,1
CAL-04166,CALI,ALIMENTOS,Juzgado_1_Familia_Cali,2021,70.0,1.45,7,0,576,1
CAL-04167,CALI,ALIMENTOS,Juzgado_1_Familia_Cali,2020,70.0,1.45,7,1,375,0
CAL-04168,CALI,VIF,Juzgado_2_Familia_Cali,2024,70.0,1.3,6,1,457,0
CAL-04169,CALI,ALIMENTOS,Juzgado_1_Familia_Cali,2023,70.0,1.45,8,0,592,1
CAL-04170,CALI,VIF,Juzgado_Penal_Municipal_2_Cali,2023,70.0,1.15,3,1,340,0
CAL-04171,CALI,ALIMENTOS,Juzgado_5_Familia_Cali,2022,70.0,0.95,3,0,417,1
CAL-04172,CALI,ALIMENTOS,Juzgado_Penal_Municipal_1_Cali,2024,70.0,1.35,3,1,676,1
CAL-04173,CALI,ALIMENTOS,Juzgado_Penal_Municipal_1_Cali,2023,70.0,1.35,1,1,689,1
CAL-04174,CALI,ALIMENTOS,Juzgado_4_Familia_Cali,2024,70.0,1.1,1,0,490,1
CAL-04175,CALI,ALIMENTOS,Juzgado_Penal_Municipal_2_Cali,2024,70.0,1.15,7,1,690,1
CAL-04176,CALI,SUSTANCIAS,Comisaria_2_Familia_Cali,2024,70.0,1.1,2,1,578,1
CAL-04177,CALI,HURTO_PATRIMONIAL,Comisaria_1_Familia_Cali,2023,70.0,1.25,5,0,567,1
CAL-04178,CALI,VIF,Comisaria_3_Familia_Cali,2023,70.0,0.9,2,1,307,0
CAL-04179,CALI,VIF,Juzgado_5_Familia_Cali,2023,70.0,0.95,10,0,449,1
CAL-04180,CALI,ALIMENTOS,Juzgado_Penal_Municipal_1_Cali,2020,70.0,1.35,8,1,567,0
CAL-04181,CALI,VIF,Juzgado_1_Familia_Cali,2021,70.0,1.45,4,0,455,1
CAL-04182,CALI,VIF,Juzgado_Penal_Municipal_1_Cali,2023,70.0,1.35,13,0,546,1
CAL-04183,CALI,ALIMENTOS,Juzgado_4_Familia_Cali,2023,70.0,1.1,1,0,475,1
CAL-04184,CALI,VIF,Juzgado_3_Familia_Cali,2023,70.0,1.2,1,1,554,1
CAL-04185,CALI,VIF,Comisaria_2_Familia_Cali,2021,70.0,1.1,6,0,424,1
CAL-04186,CALI,SUSTANCIAS,Comisaria_1_Familia_Cali,2024,70.0,1.25,1,0,457,1
CAL-04187,CALI,ALIMENTOS,Juzgado_4_Familia_Cali,2023,70.0,1.1,7,0,503,1
CAL-04188,CALI,ALIMENTOS,Juzgado_4_Familia_Cali,2023,70.0,1.1,7,1,692,1
CAL-04189,CALI,VIF,Juzgado_2_Familia_Cali,2023,70.0,1.3,7,0,468,1
CAL-04190,CALI,ALIMENTOS,Comisaria_3_Familia_Cali,2024,70.0,0.9,4,1,606,1
CAL-04191,CALI,ALIMENTOS,Comisaria_1_Familia_Cali,2022,70.0,1.25,3,0,522,1
CAL-04192,CALI,VIF,Juzgado_2_Familia_Cali,2021,70.0,1.3,1,0,427,1
CAL-04193,CALI,ALIMENTOS,Juzgado_5_Familia_Cali,2024,70.0,0.95,8,0,526,1
CAL-04194,CALI,VIF,Juzgado_Penal_Municipal_1_Cali,2021,70.0,1.35,2,0,442,1
CAL-04195,CALI,VIF,Juzgado_5_Familia_Cali,2024,70.0,0.95,6,0,430,1
CAL-04196,CALI,ALIMENTOS,Juzgado_3_Familia_Cali,2024,70.0,1.2,5,0,575,1
CAL-04197,CALI,ALIMENTOS,Juzgado_5_Familia_Cali,2022,70.0,0.95,3,0,431,1
CAL-04198,CALI,SUSTANCIAS,Juzgado_4_Familia_Cali,2024,70.0,1.1,5,0,464,1
CAL-04199,CALI,SUSTANCIAS,Juzgado_Penal_Municipal_2_Cali,2020,70.0,1.15,12,1,666,1
CAL-04200,CALI,HURTO_PATRIMONIAL,Comisaria_1_Familia_Cali,2024,70.0,1.25,6,0,600,1
CAL-04201,CALI,ALIMENTOS,Juzgado_5_Familia_Cali,2024,70.0,0.95,1,0,411,1
CAL-04202,CALI,VIF,Comisaria_1_Familia_Cali,2023,70.0,1.25,3,0,424,1
CAL-04203,CALI,HURTO_PATRIMONIAL,Comisaria_1_Familia_Cali,2023,70.0,1.25,7,0,606,1
CAL-04204,CALI,VIF,Comisaria_1_Familia_Cali,2023,70.0,1.25,10,0,361,0
CAL-04205,CALI,VIF,Juzgado_Penal_Municipal_2_Cali,2022,70.0,1.15,1,0,382,1
CAL-04206,CALI,VIF,Comisaria_1_Familia_Cali,2021,70.0,1.25,3,0,423,1
CAL-04207,CALI,ALIMENTOS,Comisaria_3_Familia_Cali,2020,70.0,0.9,7,1,614,1
CAL-04208,CALI,SUSTANCIAS,Comisaria_3_Familia_Cali,2022,70.0,0.9,6,0,417,1
CAL-04209,CALI,ALIMENTOS,Comisaria_3_Familia_Cali,2024,70.0,0.9,7,0,468,1
CAL-04210,CALI,ALIMENTOS,Juzgado_4_Familia_Cali,2022,70.0,1.1,11,1,679,1
CAL-04211,CALI,VIF,Juzgado_Penal_Municipal_2_Cali,2021,70.0,1.15,5,0,421,1
CAL-04212,CALI,ALIMENTOS,Juzgado_Penal_Municipal_2_Cali,2024,70.0,1.15,1,1,622,1
CAL-04213,CALI,ALIMENTOS,Comisaria_2_Familia_Cali,2023,70.0,1.1,5,0,517,1
CAL-04214,CALI,HURTO_PATRIMONIAL,Comisaria_3_Familia_Cali,2022,70.0,0.9,3,0,468,1
CAL-04215,CALI,VIF,Juzgado_Penal_Municipal_2_Cali,2022,70.0,1.15,10,1,623,1
CAL-04216,CALI,VIF,Comisaria_3_Familia_Cali,2022,70.0,0.9,9,1,601,1
CAL-04217,CALI,HURTO_PATRIMONIAL,Juzgado_Penal_Municipal_1_Cali,2023,70.0,1.35,4,0,606,1
CAL-04218,CALI,HURTO_PATRIMONIAL,Comisaria_2_Familia_Cali,2023,70.0,1.1,6,0,553,1
CAL-04219,CALI,ALIMENTOS,Juzgado_3_Familia_Cali,2023,70.0,1.2,7,0,547,1
CAL-04220,CALI,VIF,Juzgado_5_Familia_Cali,2020,70.0,0.95,3,0,381,1
CAL-04221,CALI,HURTO_PATRIMONIAL,Juzgado_2_Familia_Cali,2024,70.0,1.3,2,0,581,1
CAL-04222,CALI,SUSTANCIAS,Juzgado_3_Familia_Cali,2024,70.0,1.2,3,1,614,1
CAL-04223,CALI,HURTO_PATRIMONIAL,Juzgado_1_Familia_Cali,2022,70.0,1.45,9,0,693,1
CAL-04224,CALI,VIF,Juzgado_Penal_Municipal_1_Cali,2023,70.0,1.35,4,0,464,1
CAL-04225,CALI,ALIMENTOS,Juzgado_5_Familia_Cali,2024,70.0,0.95,8,1,560,0
CAL-04226,CALI,ALIMENTOS,Juzgado_3_Familia_Cali,2020,70.0,1.2,3,0,504,1
CAL-04227,CALI,ALIMENTOS,Juzgado_3_Familia_Cali,2020,70.0,1.2,5,1,689,1
CAL-04228,CALI,ALIMENTOS,Juzgado_2_Familia_Cali,2024,70.0,1.3,5,0,548,1
CAL-04229,CALI,ALIMENTOS,Juzgado_Penal_Municipal_1_Cali,2021,70.0,1.35,5,1,483,0
CAL-04230,CALI,ALIMENTOS,Juzgado_Penal_Municipal_2_Cali,2022,70.0,1.15,8,0,589,1
CAL-04231,CALI,VIF,Comisaria_3_Familia_Cali,2024,70.0,0.9,1,0,298,0
CAL-04232,CALI,ALIMENTOS,Juzgado_Penal_Municipal_1_Cali,2023,70.0,1.35,16,0,660,1
CAL-04233,CALI,HURTO_PATRIMONIAL,Juzgado_1_Familia_Cali,2022,70.0,1.45,6,1,600,0
CAL-04234,CALI,ALIMENTOS,Comisaria_3_Familia_Cali,2022,70.0,0.9,3,1,580,1
CAL-04235,CALI,ALIMENTOS,Juzgado_5_Familia_Cali,2024,70.0,0.95,6,1,340,0
CAL-04236,CALI,HURTO_PATRIMONIAL,Juzgado_Penal_Municipal_1_Cali,2021,70.0,1.35,5,1,599,0
CAL-04237,CALI,ALIMENTOS,Juzgado_5_Familia_Cali,2022,70.0,0.95,3,0,429,1
CAL-04238,CALI,ALIMENTOS,Juzgado_Penal_Municipal_1_Cali,2021,70.0,1.35,1,1,671,1
CAL-04239,CALI,VIF,Juzgado_4_Familia_Cali,2023,70.0,1.1,4,1,551,1
CAL-04240,CALI,VIF,Comisaria_2_Familia_Cali,2023,70.0,1.1,6,0,441,1
CAL-04241,CALI,SUSTANCIAS,Juzgado_3_Familia_Cali,2023,70.0,1.2,4,0,437,1
CAL-04242,CALI,HURTO_PATRIMONIAL,Juzgado_Penal_Municipal_2_Cali,2020,70.0,1.15,1,0,495,1
CAL-04243,CALI,HURTO_PATRIMONIAL,Juzgado_4_Familia_Cali,2023,70.0,1.1,3,1,700,1
CAL-04244,CALI,HURTO_PATRIMONIAL,Juzgado_3_Familia_Cali,2023,70.0,1.2,14,1,394,0
CAL-04245,CALI,ALIMENTOS,Juzgado_Penal_Municipal_2_Cali,2020,70.0,1.15,13,1,633,0
CAL-04246,CALI,ALIMENTOS,Juzgado_1_Familia_Cali,2024,70.0,1.45,1,0,568,1
CAL-04247,CALI,ALIMENTOS,Juzgado_4_Familia_Cali,2024,70.0,1.1,4,0,496,1
CAL-04248,CALI,ALIMENTOS,Juzgado_Penal_Municipal_1_Cali,2024,70.0,1.35,1,0,247,0
CAL-04249,CALI,SUSTANCIAS,Comisaria_1_Familia_Cali,2023,70.0,1.25,1,0,462,1
CAL-04250,CALI,VIF,Comisaria_3_Familia_Cali,2024,70.0,0.9,2,0,352,1
CAL-04251,CALI,ALIMENTOS,Comisaria_3_Familia_Cali,2024,70.0,0.9,1,0,420,1
CAL-04252,CALI,HURTO_PATRIMONIAL,Juzgado_Penal_Municipal_2_Cali,2023,70.0,1.15,10,1,449,0
CAL-04253,CALI,HURTO_PATRIMONIAL,Juzgado_Penal_Municipal_1_Cali,2024,70.0,1.35,5,0,618,1
CAL-04254,CALI,ALIMENTOS,Comisaria_1_Familia_Cali,2024,70.0,1.25,3,0,523,1
CAL-04255,CALI,HURTO_PATRIMONIAL,Comisaria_2_Familia_Cali,2023,70.0,1.1,8,0,590,1
CAL-04256,CALI,ALIMENTOS,Comisaria_2_Familia_Cali,2024,70.0,1.1,2,0,470,1
CAL-04257,CALI,VIF,Juzgado_Penal_Municipal_1_Cali,2024,70.0,1.35,3,0,504,1
CAL-04258,CALI,VIF,Juzgado_4_Familia_Cali,2024,70.0,1.1,2,1,544,1
CAL-04259,CALI,VIF,Juzgado_2_Familia_Cali,2024,70.0,1.3,11,0,519,1
CAL-04260,CALI,VIF,Juzgado_5_Familia_Cali,2024,70.0,0.95,6,1,589,1
CAL-04261,CALI,VIF,Comisaria_2_Familia_Cali,2023,70.0,1.1,2,0,172,0
CAL-04262,CALI,VIF,Juzgado_2_Familia_Cali,2024,70.0,1.3,8,1,658,1
CAL-04263,CALI,VIF,Juzgado_2_Familia_Cali,2022,70.0,1.3,4,0,436,1
CAL-04264,CALI,SUSTANCIAS,Comisaria_1_Familia_Cali,2024,70.0,1.25,9,0,507,1
CAL-04265,CALI,VIF,Comisaria_1_Familia_Cali,2024,70.0,1.25,3,0,441,1
CAL-04266,CALI,VIF,Comisaria_2_Familia_Cali,2023,70.0,1.1,3,0,393,1
CAL-04267,CALI,SUSTANCIAS,Comisaria_1_Familia_Cali,2024,70.0,1.25,3,0,464,1
CAL-04268,CALI,VIF,Comisaria_1_Familia_Cali,2023,70.0,1.25,4,0,441,1
CAL-04269,CALI,SUSTANCIAS,Comisaria_1_Familia_Cali,2024,70.0,1.25,10,0,520,1
CAL-04270,CALI,VIF,Juzgado_5_Familia_Cali,2020,70.0,0.95,6,0,393,1
CAL-04271,CALI,SUSTANCIAS,Juzgado_2_Familia_Cali,2021,70.0,1.3,3,1,637,1
CAL-04272,CALI,VIF,Juzgado_3_Familia_Cali,2023,70.0,1.2,1,0,415,1
CAL-04273,CALI,HURTO_PATRIMONIAL,Juzgado_3_Familia_Cali,2024,70.0,1.2,9,0,504,0
CAL-04274,CALI,SUSTANCIAS,Juzgado_3_Familia_Cali,2020,70.0,1.2,1,0,426,1
CAL-04275,CALI,ALIMENTOS,Juzgado_Penal_Municipal_2_Cali,2024,70.0,1.15,11,0,564,1
CAL-04276,CALI,ALIMENTOS,Juzgado_4_Familia_Cali,2024,70.0,1.1,4,0,519,1
CAL-04277,CALI,VIF,Comisaria_2_Familia_Cali,2024,70.0,1.1,6,0,436,1
CAL-04278,CALI,SUSTANCIAS,Comisaria_3_Familia_Cali,2024,70.0,0.9,3,1,572,1
CAL-04279,CALI,ALIMENTOS,Juzgado_Penal_Municipal_2_Cali,2024,70.0,1.15,5,1,686,1
CAL-04280,CALI,ALIMENTOS,Juzgado_Penal_Municipal_1_Cali,2022,70.0,1.35,7,0,596,1
CAL-04281,CALI,SUSTANCIAS,Juzgado_Penal_Municipal_2_Cali,2023,70.0,1.15,5,0,464,1
CAL-04282,CALI,ALIMENTOS,Juzgado_3_Familia_Cali,2024,70.0,1.2,3,1,679,1
CAL-04283,CALI,VIF,Juzgado_4_Familia_Cali,2021,70.0,1.1,7,0,188,0
CAL-04284,CALI,VIF,Juzgado_4_Familia_Cali,2023,70.0,1.1,2,0,391,1
CAL-04285,CALI,ALIMENTOS,Juzgado_2_Familia_Cali,2024,70.0,1.3,6,0,593,1
CAL-04286,CALI,ALIMENTOS,Juzgado_5_Familia_Cali,2024,70.0,0.95,11,1,697,1
CAL-04287,CALI,VIF,Juzgado_Penal_Municipal_1_Cali,2021,70.0,1.35,7,0,490,1
CAL-04288,CALI,ALIMENTOS,Juzgado_2_Familia_Cali,2023,70.0,1.3,5,0,568,1
CAL-04289,CALI,HURTO_PATRIMONIAL,Comisaria_1_Familia_Cali,2024,70.0,1.25,2,0,511,1
CAL-04290,CALI,SUSTANCIAS,Juzgado_2_Familia_Cali,2022,70.0,1.3,3,1,649,1
CAL-04291,CALI,HURTO_PATRIMONIAL,Juzgado_2_Familia_Cali,2020,70.0,1.3,5,1,447,0
CAL-04292,CALI,ALIMENTOS,Comisaria_2_Familia_Cali,2021,70.0,1.1,2,1,583,1
CAL-04293,CALI,ALIMENTOS,Juzgado_4_Familia_Cali,2024,70.0,1.1,4,1,634,1
CAL-04294,CALI,ALIMENTOS,Juzgado_1_Familia_Cali,2024,70.0,1.45,12,1,505,0
CAL-04295,CALI,ALIMENTOS,Juzgado_4_Familia_Cali,2024,70.0,1.1,7,0,491,1
CAL-04296,CALI,VIF,Juzgado_Penal_Municipal_1_Cali,2022,70.0,1.35,10,1,663,1
CAL-04297,CALI,ALIMENTOS,Juzgado_4_Familia_Cali,2023,70.0,1.1,3,0,515,1
CAL-04298,CALI,VIF,Juzgado_3_Familia_Cali,2021,70.0,1.2,4,1,603,1
CAL-04299,CALI,ALIMENTOS,Comisaria_1_Familia_Cali,2024,70.0,1.25,5,0,561,1
CAL-04300,CALI,ALIMENTOS,Juzgado_Penal_Municipal_2_Cali,2022,70.0,1.15,6,1,673,1
CAL-04301,CALI,VIF,Juzgado_5_Familia_Cali,2024,70.0,0.95,3,0,394,1
CAL-04302,CALI,HURTO_PATRIMONIAL,Juzgado_Penal_Municipal_2_Cali,2024,70.0,1.15,11,0,622,1
CAL-04303,CALI,VIF,Juzgado_Penal_Municipal_2_Cali,2022,70.0,1.15,9,0,463,1
CAL-04304,CALI,ALIMENTOS,Comisaria_2_Familia_Cali,2024,70.0,1.1,3,0,484,1
CAL-04305,CALI,HURTO_PATRIMONIAL,Comisaria_3_Familia_Cali,2022,70.0,0.9,1,0,447,1
CAL-04306,CALI,ALIMENTOS,Juzgado_2_Familia_Cali,2024,70.0,1.3,10,0,595,1
CAL-04307,CALI,ALIMENTOS,Juzgado_2_Familia_Cali,2020,70.0,1.3,5,0,509,1
CAL-04308,CALI,ALIMENTOS,Comisaria_3_Familia_Cali,2020,70.0,0.9,8,1,629,1
CAL-04309,CALI,SUSTANCIAS,Juzgado_4_Familia_Cali,2024,70.0,1.1,8,0,263,0
CAL-04310,CALI,VIF,Comisaria_1_Familia_Cali,2022,70.0,1.25,12,1,663,1
CAL-04311,CALI,VIF,Comisaria_1_Familia_Cali,2024,70.0,1.25,12,0,513,1
CAL-04312,CALI,VIF,Comisaria_2_Familia_Cali,2022,70.0,1.1,2,1,570,1
CAL-04313,CALI,SUSTANCIAS,Juzgado_5_Familia_Cali,2023,70.0,0.95,3,0,395,1
CAL-04314,CALI,ALIMENTOS,Comisaria_3_Familia_Cali,2020,70.0,0.9,6,0,448,1
CAL-04315,CALI,HURTO_PATRIMONIAL,Comisaria_1_Familia_Cali,2023,70.0,1.25,11,0,329,0
CAL-04316,CALI,HURTO_PATRIMONIAL,Comisaria_2_Familia_Cali,2022,70.0,1.1,5,1,507,0
CAL-04317,CALI,VIF,Juzgado_3_Familia_Cali,2022,70.0,1.2,5,0,410,1
CAL-04318,CALI,VIF,Juzgado_1_Familia_Cali,2022,70.0,1.45,6,0,483,1
CAL-04319,CALI,ALIMENTOS,Juzgado_Penal_Municipal_2_Cali,2024,70.0,1.15,4,0,526,1
CAL-04320,CALI,ALIMENTOS,Juzgado_4_Familia_Cali,2022,70.0,1.1,2,0,482,1
CAL-04321,CALI,HURTO_PATRIMONIAL,Juzgado_Penal_Municipal_1_Cali,2023,70.0,1.35,4,0,609,1
CAL-04322,CALI,HURTO_PATRIMONIAL,Juzgado_4_Familia_Cali,2021,70.0,1.1,3,0,518,1
CAL-04323,CALI,ALIMENTOS,Juzgado_2_Familia_Cali,2022,70.0,1.3,5,0,538,1
CAL-04324,CALI,VIF,Comisaria_1_Familia_Cali,2024,70.0,1.25,13,0,533,1
CAL-04325,CALI,VIF,Juzgado_3_Familia_Cali,2024,70.0,1.2,4,0,440,1
CAL-04326,CALI,ALIMENTOS,Juzgado_2_Familia_Cali,2024,70.0,1.3,8,0,551,1
CAL-04327,CALI,ALIMENTOS,Juzgado_2_Familia_Cali,2024,70.0,1.3,13,0,641,1
CAL-04328,CALI,VIF,Juzgado_Penal_Municipal_2_Cali,2020,70.0,1.15,6,1,587,1
CAL-04329,CALI,HURTO_PATRIMONIAL,Juzgado_5_Familia_Cali,2024,70.0,0.95,9,0,545,1
CAL-04330,CALI,VIF,Juzgado_4_Familia_Cali,2021,70.0,1.1,1,0,373,1
CAL-04331,CALI,HURTO_PATRIMONIAL,Comisaria_2_Familia_Cali,2024,70.0,1.1,1,1,675,1
CAL-04332,CALI,SUSTANCIAS,Juzgado_Penal_Municipal_1_Cali,2022,70.0,1.35,1,0,490,1
CAL-04333,CALI,ALIMENTOS,Juzgado_4_Familia_Cali,2023,70.0,1.1,2,0,443,1
CAL-04334,CALI,ALIMENTOS,Comisaria_3_Familia_Cali,2023,70.0,0.9,2,1,596,1
CAL-04335,CALI,VIF,Juzgado_2_Familia_Cali,2020,70.0,1.3,1,0,435,1
CAL-04336,CALI,VIF,Comisaria_1_Familia_Cali,2023,70.0,1.25,3,1,428,0
CAL-04337,CALI,VIF,Comisaria_3_Familia_Cali,2024,70.0,0.9,2,0,348,1
CAL-04338,CALI,ALIMENTOS,Juzgado_Penal_Municipal_2_Cali,2023,70.0,1.15,10,0,567,1
CAL-04339,CALI,ALIMENTOS,Juzgado_Penal_Municipal_2_Cali,2024,70.0,1.15,1,1,633,1
CAL-04340,CALI,ALIMENTOS,Juzgado_4_Familia_Cali,2022,70.0,1.1,8,0,538,1
CAL-04341,CALI,ALIMENTOS,Juzgado_3_Familia_Cali,2023,70.0,1.2,7,1,685,1
CAL-04342,CALI,VIF,Juzgado_4_Familia_Cali,2022,70.0,1.1,3,1,554,1
CAL-04343,CALI,ALIMENTOS,Comisaria_3_Familia_Cali,2020,70.0,0.9,3,0,448,1
CAL-04344,CALI,VIF,Juzgado_4_Familia_Cali,2021,70.0,1.1,8,0,439,1
CAL-04345,CALI,VIF,Juzgado_Penal_Municipal_2_Cali,2022,70.0,1.15,1,0,406,1
CAL-04346,CALI,ALIMENTOS,Juzgado_3_Familia_Cali,2023,70.0,1.2,3,1,669,1
CAL-04347,CALI,ALIMENTOS,Juzgado_4_Familia_Cali,2022,70.0,1.1,3,0,478,1
CAL-04348,CALI,ALIMENTOS,Comisaria_1_Familia_Cali,2020,70.0,1.25,4,0,509,1
CAL-04349,CALI,ALIMENTOS,Juzgado_3_Familia_Cali,2020,70.0,1.2,4,0,496,1
CAL-04350,CALI,SUSTANCIAS,Juzgado_5_Familia_Cali,2024,70.0,0.95,5,0,427,1
CAL-04351,CALI,HURTO_PATRIMONIAL,Juzgado_Penal_Municipal_1_Cali,2024,70.0,1.35,3,0,615,1
CAL-04352,CALI,ALIMENTOS,Juzgado_5_Familia_Cali,2024,70.0,0.95,3,0,429,1
CAL-04353,CALI,HURTO_PATRIMONIAL,Juzgado_5_Familia_Cali,2022,70.0,0.95,4,0,473,1
CAL-04354,CALI,ALIMENTOS,Juzgado_4_Familia_Cali,2021,70.0,1.1,17,0,571,1
CAL-04355,CALI,HURTO_PATRIMONIAL,Comisaria_2_Familia_Cali,2023,70.0,1.1,6,0,290,0
CAL-04356,CALI,VIF,Juzgado_Penal_Municipal_1_Cali,2022,70.0,1.35,2,0,407,1
CAL-04357,CALI,HURTO_PATRIMONIAL,Juzgado_2_Familia_Cali,2023,70.0,1.3,1,1,690,1
CAL-04358,CALI,VIF,Juzgado_2_Familia_Cali,2023,70.0,1.3,4,0,432,1
CAL-04359,CALI,HURTO_PATRIMONIAL,Juzgado_4_Familia_Cali,2024,70.0,1.1,6,0,576,1
CAL-04360,CALI,VIF,Comisaria_1_Familia_Cali,2024,70.0,1.25,1,0,443,1
CAL-04361,CALI,HURTO_PATRIMONIAL,Juzgado_1_Familia_Cali,2020,70.0,1.45,3,1,451,0
CAL-04362,CALI,ALIMENTOS,Juzgado_5_Familia_Cali,2021,70.0,0.95,2,1,597,1
CAL-04363,CALI,ALIMENTOS,Comisaria_2_Familia_Cali,2023,70.0,1.1,2,0,313,0
CAL-04364,CALI,VIF,Juzgado_5_Familia_Cali,2021,70.0,0.95,1,0,349,1
CAL-04365,CALI,ALIMENTOS,Juzgado_1_Familia_Cali,2024,70.0,1.45,10,0,652,1
CAL-04366,CALI,HURTO_PATRIMONIAL,Juzgado_4_Familia_Cali,2023,70.0,1.1,1,0,537,1
CAL-04367,CALI,VIF,Juzgado_5_Familia_Cali,2024,70.0,0.95,1,0,363,1
CAL-04368,CALI,ALIMENTOS,Comisaria_3_Familia_Cali,2023,70.0,0.9,3,0,272,0
CAL-04369,CALI,SUSTANCIAS,Comisaria_2_Familia_Cali,2022,70.0,1.1,2,1,569,1
CAL-04370,CALI,VIF,Juzgado_1_Familia_Cali,2024,70.0,1.45,4,0,498,1
CAL-04371,CALI,VIF,Juzgado_5_Familia_Cali,2022,70.0,0.95,5,0,371,1
CAL-04372,CALI,HURTO_PATRIMONIAL,Juzgado_4_Familia_Cali,2024,70.0,1.1,3,1,664,1
CAL-04373,CALI,VIF,Comisaria_2_Familia_Cali,2024,70.0,1.1,4,0,423,1
CAL-04374,CALI,VIF,Juzgado_Penal_Municipal_1_Cali,2023,70.0,1.35,2,1,597,1
CAL-04375,CALI,ALIMENTOS,Juzgado_2_Familia_Cali,2023,70.0,1.3,5,0,568,1
CAL-04376,CALI,ALIMENTOS,Comisaria_3_Familia_Cali,2023,70.0,0.9,1,1,578,1
CAL-04377,CALI,VIF,Comisaria_2_Familia_Cali,2021,70.0,1.1,9,0,447,1
CAL-04378,CALI,VIF,Juzgado_4_Familia_Cali,2023,70.0,1.1,6,0,437,1
CAL-04379,CALI,ALIMENTOS,Comisaria_3_Familia_Cali,2024,70.0,0.9,7,0,215,0
CAL-04380,CALI,ALIMENTOS,Juzgado_4_Familia_Cali,2020,70.0,1.1,3,1,628,1
CAL-04381,CALI,ALIMENTOS,Juzgado_4_Familia_Cali,2024,70.0,1.1,5,1,670,1
CAL-04382,CALI,HURTO_PATRIMONIAL,Juzgado_Penal_Municipal_1_Cali,2024,70.0,1.35,4,1,424,0
CAL-04383,CALI,VIF,Juzgado_3_Familia_Cali,2024,70.0,1.2,15,0,514,1
CAL-04384,CALI,VIF,Juzgado_2_Familia_Cali,2022,70.0,1.3,1,0,424,1
CAL-04385,CALI,VIF,Comisaria_3_Familia_Cali,2021,70.0,0.9,9,0,415,1
CAL-04386,CALI,ALIMENTOS,Juzgado_Penal_Municipal_2_Cali,2024,70.0,1.15,8,1,711,1
CAL-04387,CALI,HURTO_PATRIMONIAL,Juzgado_Penal_Municipal_2_Cali,2024,70.0,1.15,5,0,601,1
CAL-04388,CALI,HURTO_PATRIMONIAL,Comisaria_1_Familia_Cali,2023,70.0,1.25,5,1,565,0
CAL-04389,CALI,VIF,Comisaria_3_Familia_Cali,2020,70.0,0.9,8,0,405,1
CAL-04390,CALI,ALIMENTOS,Comisaria_1_Familia_Cali,2024,70.0,1.25,9,1,721,1
CAL-04391,CALI,ALIMENTOS,Juzgado_Penal_Municipal_1_Cali,2024,70.0,1.35,1,0,533,1
CAL-04392,CALI,VIF,Juzgado_Penal_Municipal_1_Cali,2020,70.0,1.35,3,0,453,1
CAL-04393,CALI,HURTO_PATRIMONIAL,Juzgado_Penal_Municipal_1_Cali,2024,70.0,1.35,8,0,653,1
CAL-04394,CALI,SUSTANCIAS,Juzgado_2_Familia_Cali,2021,70.0,1.3,1,0,448,1
CAL-04395,CALI,ALIMENTOS,Juzgado_4_Familia_Cali,2021,70.0,1.1,4,0,493,1
CAL-04396,CALI,VIF,Juzgado_Penal_Municipal_2_Cali,2024,70.0,1.15,3,0,438,1
CAL-04397,CALI,ALIMENTOS,Juzgado_4_Familia_Cali,2024,70.0,1.1,1,1,591,1
CAL-04398,CALI,ALIMENTOS,Juzgado_2_Familia_Cali,2024,70.0,1.3,9,0,419,0
CAL-04399,CALI,VIF,Juzgado_Penal_Municipal_1_Cali,2023,70.0,1.35,3,0,467,1
CAL-04400,CALI,VIF,Juzgado_4_Familia_Cali,2024,70.0,1.1,6,0,442,1
CAL-04401,CALI,VIF,Juzgado_1_Familia_Cali,2024,70.0,1.45,4,0,480,1
CAL-04402,CALI,ALIMENTOS,Comisaria_2_Familia_Cali,2020,70.0,1.1,4,0,501,1
CAL-04403,CALI,ALIMENTOS,Juzgado_1_Familia_Cali,2020,70.0,1.45,6,0,569,1
CAL-04404,CALI,ALIMENTOS,Comisaria_2_Familia_Cali,2023,70.0,1.1,5,0,496,1
CAL-04405,CALI,ALIMENTOS,Juzgado_5_Familia_Cali,2022,70.0,0.95,8,0,505,1
CAL-04406,CALI,HURTO_PATRIMONIAL,Juzgado_1_Familia_Cali,2023,70.0,1.45,3,1,450,0
CAL-04407,CALI,HURTO_PATRIMONIAL,Juzgado_2_Familia_Cali,2024,70.0,1.3,6,1,599,0
CAL-04408,CALI,VIF,Comisaria_2_Familia_Cali,2023,70.0,1.1,1,0,395,1
CAL-04409,CALI,VIF,Juzgado_3_Familia_Cali,2024,70.0,1.2,4,0,417,1
CAL-04410,CALI,ALIMENTOS,Comisaria_1_Familia_Cali,2022,70.0,1.25,9,0,571,1
CAL-04411,CALI,VIF,Juzgado_1_Familia_Cali,2023,70.0,1.45,2,1,613,1
CAL-04412,CALI,VIF,Comisaria_3_Familia_Cali,2020,70.0,0.9,4,0,376,1
CAL-04413,CALI,VIF,Juzgado_1_Familia_Cali,2024,70.0,1.45,7,0,505,1
CAL-04414,CALI,VIF,Comisaria_2_Familia_Cali,2022,70.0,1.1,15,0,498,1
CAL-04415,CALI,SUSTANCIAS,Juzgado_Penal_Municipal_1_Cali,2021,70.0,1.35,12,0,560,1
CAL-04416,CALI,VIF,Juzgado_Penal_Municipal_2_Cali,2024,70.0,1.15,5,1,582,1
CAL-04417,CALI,VIF,Comisaria_1_Familia_Cali,2024,70.0,1.25,11,0,484,1
CAL-04418,CALI,VIF,Juzgado_3_Familia_Cali,2024,70.0,1.2,4,0,440,1
CAL-04419,CALI,VIF,Comisaria_2_Familia_Cali,2020,70.0,1.1,3,1,539,1
CAL-04420,CALI,ALIMENTOS,Comisaria_2_Familia_Cali,2021,70.0,1.1,7,1,642,1
CAL-04421,CALI,VIF,Comisaria_2_Familia_Cali,2023,70.0,1.1,7,1,633,1
CAL-04422,CALI,VIF,Comisaria_2_Familia_Cali,2022,70.0,1.1,3,1,573,1
CAL-04423,CALI,VIF,Comisaria_3_Familia_Cali,2024,70.0,0.9,10,0,439,1
CAL-04424,CALI,VIF,Juzgado_4_Familia_Cali,2023,70.0,1.1,8,1,602,1
CAL-04425,CALI,ALIMENTOS,Juzgado_2_Familia_Cali,2022,70.0,1.3,5,1,696,1
CAL-04426,CALI,ALIMENTOS,Juzgado_1_Familia_Cali,2024,70.0,1.45,1,0,557,1
CAL-04427,CALI,VIF,Comisaria_1_Familia_Cali,2023,70.0,1.25,1,1,571,1
CAL-04428,CALI,HURTO_PATRIMONIAL,Comisaria_2_Familia_Cali,2024,70.0,1.1,3,1,690,1
CAL-04429,CALI,VIF,Comisaria_2_Familia_Cali,2022,70.0,1.1,1,0,384,1
CAL-04430,CALI,SUSTANCIAS,Juzgado_5_Familia_Cali,2023,70.0,0.95,4,1,528,1
CAL-04431,CALI,VIF,Comisaria_2_Familia_Cali,2021,70.0,1.1,5,0,450,1
CAL-04432,CALI,ALIMENTOS,Juzgado_5_Familia_Cali,2024,70.0,0.95,3,0,454,1
CAL-04433,CALI,VIF,Juzgado_Penal_Municipal_2_Cali,2022,70.0,1.15,8,1,605,1
CAL-04434,CALI,VIF,Juzgado_Penal_Municipal_2_Cali,2024,70.0,1.15,3,0,409,1
CAL-04435,CALI,SUSTANCIAS,Juzgado_1_Familia_Cali,2022,70.0,1.45,6,0,551,1
CAL-04436,CALI,ALIMENTOS,Juzgado_Penal_Municipal_1_Cali,2021,70.0,1.35,6,1,359,0
CAL-04437,CALI,VIF,Juzgado_Penal_Municipal_1_Cali,2023,70.0,1.35,5,0,478,1
CAL-04438,CALI,HURTO_PATRIMONIAL,Juzgado_5_Familia_Cali,2024,70.0,0.95,6,0,523,1
CAL-04439,CALI,VIF,Juzgado_Penal_Municipal_2_Cali,2022,70.0,1.15,8,0,441,1
CAL-04440,CALI,HURTO_PATRIMONIAL,Juzgado_Penal_Municipal_2_Cali,2020,70.0,1.15,10,1,613,0
CAL-04441,CALI,VIF,Juzgado_Penal_Municipal_2_Cali,2023,70.0,1.15,2,0,423,1
CAL-04442,CALI,VIF,Juzgado_Penal_Municipal_2_Cali,2021,70.0,1.15,7,0,439,1
CAL-04443,CALI,ALIMENTOS,Juzgado_1_Familia_Cali,2024,70.0,1.45,2,1,702,1
CAL-04444,CALI,VIF,Juzgado_Penal_Municipal_2_Cali,2022,70.0,1.15,4,1,594,1
CAL-04445,CALI,ALIMENTOS,Juzgado_Penal_Municipal_2_Cali,2021,70.0,1.15,6,1,677,1
CAL-04446,CALI,ALIMENTOS,Comisaria_2_Familia_Cali,2021,70.0,1.1,1,1,623,1
CAL-04447,CALI,VIF,Comisaria_1_Familia_Cali,2022,70.0,1.25,7,1,357,0
CAL-04448,CALI,VIF,Juzgado_1_Familia_Cali,2024,70.0,1.45,12,1,573,0
CAL-04449,CALI,VIF,Comisaria_1_Familia_Cali,2023,70.0,1.25,9,1,662,1
CAL-04450,CALI,VIF,Comisaria_3_Familia_Cali,2021,70.0,0.9,8,1,573,1
CAL-04451,CALI,VIF,Comisaria_3_Familia_Cali,2022,70.0,0.9,6,0,404,1
CAL-04452,CALI,ALIMENTOS,Comisaria_3_Familia_Cali,2024,70.0,0.9,6,0,482,1
CAL-04453,CALI,HURTO_PATRIMONIAL,Juzgado_Penal_Municipal_2_Cali,2022,70.0,1.15,4,1,604,0
CAL-04454,CALI,ALIMENTOS,Juzgado_2_Familia_Cali,2023,70.0,1.3,10,0,617,1
CAL-04455,CALI,ALIMENTOS,Juzgado_Penal_Municipal_2_Cali,2023,70.0,1.15,5,0,525,1
CAL-04456,CALI,VIF,Juzgado_1_Familia_Cali,2022,70.0,1.45,1,1,601,1
CAL-04457,CALI,VIF,Juzgado_Penal_Municipal_1_Cali,2022,70.0,1.35,1,0,440,1
CAL-04458,CALI,HURTO_PATRIMONIAL,Juzgado_5_Familia_Cali,2024,70.0,0.95,4,0,483,1
CAL-04459,CALI,HURTO_PATRIMONIAL,Juzgado_3_Familia_Cali,2021,70.0,1.2,7,0,570,1
CAL-04460,CALI,HURTO_PATRIMONIAL,Juzgado_Penal_Municipal_2_Cali,2022,70.0,1.15,4,1,693,1
CAL-04461,CALI,VIF,Juzgado_Penal_Municipal_2_Cali,2022,70.0,1.15,5,0,362,0
CAL-04462,CALI,HURTO_PATRIMONIAL,Juzgado_1_Familia_Cali,2024,70.0,1.45,4,0,645,1
CAL-04463,CALI,ALIMENTOS,Juzgado_4_Familia_Cali,2022,70.0,1.1,11,1,698,1
CAL-04464,CALI,VIF,Comisaria_2_Familia_Cali,2022,70.0,1.1,2,1,547,1
CAL-04465,CALI,HURTO_PATRIMONIAL,Juzgado_1_Familia_Cali,2023,70.0,1.45,4,1,434,0
CAL-04466,CALI,SUSTANCIAS,Juzgado_5_Familia_Cali,2024,70.0,0.95,1,1,534,1
CAL-04467,CALI,HURTO_PATRIMONIAL,Juzgado_4_Familia_Cali,2024,70.0,1.1,4,1,707,1
CAL-04468,CALI,ALIMENTOS,Juzgado_Penal_Municipal_2_Cali,2021,70.0,1.15,11,0,564,1
CAL-04469,CALI,VIF,Juzgado_4_Familia_Cali,2020,70.0,1.1,11,0,469,1
CAL-04470,CALI,SUSTANCIAS,Juzgado_4_Familia_Cali,2020,70.0,1.1,2,0,379,1
CAL-04471,CALI,ALIMENTOS,Comisaria_1_Familia_Cali,2023,70.0,1.25,1,0,511,1
CAL-04472,CALI,ALIMENTOS,Juzgado_1_Familia_Cali,2022,70.0,1.45,1,0,551,1
CAL-04473,CALI,HURTO_PATRIMONIAL,Juzgado_4_Familia_Cali,2022,70.0,1.1,5,1,681,1
CAL-04474,CALI,HURTO_PATRIMONIAL,Juzgado_1_Familia_Cali,2022,70.0,1.45,2,0,603,1
CAL-04475,CALI,ALIMENTOS,Juzgado_Penal_Municipal_2_Cali,2022,70.0,1.15,10,1,709,1
CAL-04476,CALI,ALIMENTOS,Comisaria_1_Familia_Cali,2021,70.0,1.25,7,1,693,1
CAL-04477,CALI,VIF,Comisaria_3_Familia_Cali,2023,70.0,0.9,9,1,601,1
CAL-04478,CALI,VIF,Comisaria_1_Familia_Cali,2021,70.0,1.25,7,0,461,1
CAL-04479,CALI,VIF,Juzgado_5_Familia_Cali,2021,70.0,0.95,3,0,374,1
CAL-04480,CALI,HURTO_PATRIMONIAL,Juzgado_4_Familia_Cali,2023,70.0,1.1,4,1,669,1
CAL-04481,CALI,HURTO_PATRIMONIAL,Juzgado_5_Familia_Cali,2024,70.0,0.95,1,0,482,1
CAL-04482,CALI,VIF,Juzgado_4_Familia_Cali,2024,70.0,1.1,14,1,640,1
CAL-04483,CALI,ALIMENTOS,Comisaria_2_Familia_Cali,2022,70.0,1.1,5,0,510,1
CAL-04484,CALI,VIF,Juzgado_3_Familia_Cali,2020,70.0,1.2,2,0,410,1
CAL-04485,CALI,HURTO_PATRIMONIAL,Juzgado_1_Familia_Cali,2021,70.0,1.45,5,1,400,0
CAL-04486,CALI,VIF,Comisaria_1_Familia_Cali,2023,70.0,1.25,9,0,480,1
CAL-04487,CALI,VIF,Comisaria_2_Familia_Cali,2024,70.0,1.1,13,0,511,1
CAL-04488,CALI,VIF,Juzgado_Penal_Municipal_1_Cali,2024,70.0,1.35,1,1,590,1
CAL-04489,CALI,HURTO_PATRIMONIAL,Juzgado_2_Familia_Cali,2024,70.0,1.3,2,0,422,0
CAL-04490,CALI,ALIMENTOS,Comisaria_2_Familia_Cali,2021,70.0,1.1,11,1,693,1
CAL-04491,CALI,HURTO_PATRIMONIAL,Comisaria_2_Familia_Cali,2023,70.0,1.1,5,0,376,0
CAL-04492,CALI,VIF,Juzgado_5_Familia_Cali,2023,70.0,0.95,3,1,508,1
CAL-04493,CALI,VIF,Comisaria_2_Familia_Cali,2022,70.0,1.1,6,0,422,1
CAL-04494,CALI,ALIMENTOS,Juzgado_4_Familia_Cali,2023,70.0,1.1,5,0,474,1
CAL-04495,CALI,ALIMENTOS,Juzgado_5_Familia_Cali,2022,70.0,0.95,1,0,426,1
CAL-04496,CALI,SUSTANCIAS,Juzgado_3_Familia_Cali,2022,70.0,1.2,2,0,466,1
CAL-04497,CALI,ALIMENTOS,Comisaria_1_Familia_Cali,2024,70.0,1.25,3,0,340,0
CAL-04498,CALI,ALIMENTOS,Comisaria_3_Familia_Cali,2024,70.0,0.9,10,1,672,1
CAL-04499,CALI,VIF,Comisaria_1_Familia_Cali,2022,70.0,1.25,6,0,440,1
CAL-04500,CALI,ALIMENTOS,Juzgado_Penal_Municipal_2_Cali,2024,70.0,1.15,5,0,535,1
CAL-04501,CALI,VIF,Comisaria_2_Familia_Cali,2023,70.0,1.1,12,0,478,1
CAL-04502,CALI,VIF,Juzgado_5_Familia_Cali,2021,70.0,0.95,3,0,382,1
CAL-04503,CALI,VIF,Juzgado_5_Familia_Cali,2022,70.0,0.95,3,0,383,1
CAL-04504,CALI,HURTO_PATRIMONIAL,Juzgado_Penal_Municipal_1_Cali,2020,70.0,1.35,4,0,599,1
CAL-04505,CALI,ALIMENTOS,Comisaria_1_Familia_Cali,2022,70.0,1.25,6,0,527,1
CAL-04506,CALI,ALIMENTOS,Comisaria_2_Familia_Cali,2023,70.0,1.1,3,0,499,1
CAL-04507,CALI,HURTO_PATRIMONIAL,Juzgado_Penal_Municipal_2_Cali,2021,70.0,1.15,7,0,546,1
CAL-04508,CALI,ALIMENTOS,Juzgado_Penal_Municipal_1_Cali,2020,70.0,1.35,5,0,538,1
CAL-04509,CALI,ALIMENTOS,Comisaria_2_Familia_Cali,2023,70.0,1.1,5,0,520,1
CAL-04510,CALI,VIF,Juzgado_Penal_Municipal_1_Cali,2023,70.0,1.35,4,0,485,1
CAL-04511,CALI,VIF,Juzgado_3_Familia_Cali,2024,70.0,1.2,11,1,635,1
CAL-04512,CALI,SUSTANCIAS,Juzgado_Penal_Municipal_2_Cali,2023,70.0,1.15,1,0,415,1
CAL-04513,CALI,ALIMENTOS,Comisaria_3_Familia_Cali,2023,70.0,0.9,13,0,565,1
CAL-04514,CALI,HURTO_PATRIMONIAL,Juzgado_1_Familia_Cali,2021,70.0,1.45,3,0,633,1
CAL-04515,CALI,VIF,Comisaria_3_Familia_Cali,2023,70.0,0.9,6,0,415,1
CAL-04516,CALI,ALIMENTOS,Juzgado_5_Familia_Cali,2021,70.0,0.95,8,1,663,1
CAL-04517,CALI,ALIMENTOS,Juzgado_2_Familia_Cali,2021,70.0,1.3,2,1,681,1
CAL-04518,CALI,ALIMENTOS,Juzgado_5_Familia_Cali,2021,70.0,0.95,1,0,417,1
CAL-04519,CALI,ALIMENTOS,Comisaria_3_Familia_Cali,2023,70.0,0.9,13,0,493,1
CAL-04520,CALI,SUSTANCIAS,Comisaria_3_Familia_Cali,2022,70.0,0.9,7,0,424,1
CAL-04521,CALI,ALIMENTOS,Juzgado_3_Familia_Cali,2024,70.0,1.2,4,1,665,1
CAL-04522,CALI,VIF,Comisaria_3_Familia_Cali,2021,70.0,0.9,1,0,192,0
CAL-04523,CALI,HURTO_PATRIMONIAL,Juzgado_2_Familia_Cali,2020,70.0,1.3,2,0,543,1
CAL-04524,CALI,SUSTANCIAS,Juzgado_2_Familia_Cali,2023,70.0,1.3,3,0,492,1
CAL-04525,CALI,VIF,Juzgado_1_Familia_Cali,2023,70.0,1.45,2,0,461,1
CAL-04526,CALI,VIF,Juzgado_2_Familia_Cali,2022,70.0,1.3,1,0,435,1
CAL-04527,CALI,SUSTANCIAS,Comisaria_1_Familia_Cali,2021,70.0,1.25,4,0,389,0
CAL-04528,CALI,ALIMENTOS,Juzgado_Penal_Municipal_2_Cali,2022,70.0,1.15,5,0,491,1
CAL-04529,CALI,HURTO_PATRIMONIAL,Juzgado_2_Familia_Cali,2024,70.0,1.3,8,1,522,0
CAL-04530,CALI,ALIMENTOS,Juzgado_4_Familia_Cali,2024,70.0,1.1,6,0,475,1
CAL-04531,CALI,HURTO_PATRIMONIAL,Juzgado_2_Familia_Cali,2022,70.0,1.3,4,1,444,0
CAL-04532,CALI,VIF,Juzgado_Penal_Municipal_2_Cali,2024,70.0,1.15,3,1,555,1
CAL-04533,CALI,ALIMENTOS,Juzgado_4_Familia_Cali,2023,70.0,1.1,8,0,562,1
CAL-04534,CALI,ALIMENTOS,Juzgado_3_Familia_Cali,2023,70.0,1.2,4,1,649,1
CAL-04535,CALI,VIF,Comisaria_2_Familia_Cali,2022,70.0,1.1,2,1,558,1
CAL-04536,CALI,HURTO_PATRIMONIAL,Juzgado_4_Familia_Cali,2024,70.0,1.1,5,1,687,1
CAL-04537,CALI,ALIMENTOS,Juzgado_1_Familia_Cali,2023,70.0,1.45,4,1,355,0
CAL-04538,CALI,VIF,Juzgado_5_Familia_Cali,2021,70.0,0.95,3,0,367,1
CAL-04539,CALI,ALIMENTOS,Juzgado_4_Familia_Cali,2024,70.0,1.1,8,0,555,1
CAL-04540,CALI,VIF,Juzgado_2_Familia_Cali,2023,70.0,1.3,4,0,465,1
CAL-04541,CALI,HURTO_PATRIMONIAL,Juzgado_2_Familia_Cali,2020,70.0,1.3,7,0,616,1
CAL-04542,CALI,ALIMENTOS,Juzgado_4_Familia_Cali,2021,70.0,1.1,7,0,536,1
CAL-04543,CALI,HURTO_PATRIMONIAL,Comisaria_1_Familia_Cali,2023,70.0,1.25,1,0,529,1
CAL-04544,CALI,VIF,Juzgado_1_Familia_Cali,2023,70.0,1.45,12,0,570,1
CAL-04545,CALI,VIF,Juzgado_3_Familia_Cali,2023,70.0,1.2,2,0,408,1
CAL-04546,CALI,VIF,Comisaria_1_Familia_Cali,2020,70.0,1.25,2,1,249,0
CAL-04547,CALI,ALIMENTOS,Juzgado_5_Familia_Cali,2024,70.0,0.95,1,1,593,1
CAL-04548,CALI,VIF,Juzgado_5_Familia_Cali,2024,70.0,0.95,5,1,551,1
CAL-04549,CALI,VIF,Comisaria_3_Familia_Cali,2022,70.0,0.9,15,0,470,1
CAL-04550,CALI,HURTO_PATRIMONIAL,Comisaria_1_Familia_Cali,2022,70.0,1.25,2,0,566,1
CAL-04551,CALI,ALIMENTOS,Juzgado_Penal_Municipal_1_Cali,2024,70.0,1.35,4,1,697,1
CAL-04552,CALI,VIF,Juzgado_Penal_Municipal_1_Cali,2020,70.0,1.35,4,0,435,1
CAL-04553,CALI,ALIMENTOS,Juzgado_4_Familia_Cali,2022,70.0,1.1,5,1,689,1
CAL-04554,CALI,VIF,Juzgado_2_Familia_Cali,2024,70.0,1.3,2,0,441,1
CAL-04555,CALI,ALIMENTOS,Comisaria_3_Familia_Cali,2023,70.0,0.9,5,1,654,1
CAL-04556,CALI,ALIMENTOS,Comisaria_2_Familia_Cali,2024,70.0,1.1,6,1,667,1
CAL-04557,CALI,ALIMENTOS,Juzgado_4_Familia_Cali,2023,70.0,1.1,4,0,521,1
CAL-04558,CALI,ALIMENTOS,Juzgado_4_Familia_Cali,2021,70.0,1.1,4,1,638,1
CAL-04559,CALI,HURTO_PATRIMONIAL,Comisaria_1_Familia_Cali,2024,70.0,1.25,4,0,581,1
CAL-04560,CALI,SUSTANCIAS,Juzgado_Penal_Municipal_1_Cali,2022,70.0,1.35,2,1,657,1
CAL-04561,CALI,VIF,Juzgado_5_Familia_Cali,2020,70.0,0.95,8,0,299,0
CAL-04562,CALI,VIF,Juzgado_5_Familia_Cali,2021,70.0,0.95,4,0,370,1
CAL-04563,CALI,VIF,Juzgado_1_Familia_Cali,2021,70.0,1.45,10,1,702,1
CAL-04564,CALI,ALIMENTOS,Comisaria_2_Familia_Cali,2023,70.0,1.1,2,0,490,1
CAL-04565,CALI,VIF,Juzgado_1_Familia_Cali,2024,70.0,1.45,6,0,522,1
CAL-04566,CALI,VIF,Comisaria_1_Familia_Cali,2023,70.0,1.25,7,0,479,1
CAL-04567,CALI,ALIMENTOS,Juzgado_4_Familia_Cali,2023,70.0,1.1,6,0,502,1
CAL-04568,CALI,SUSTANCIAS,Comisaria_1_Familia_Cali,2021,70.0,1.25,1,1,591,1
CAL-04569,CALI,SUSTANCIAS,Juzgado_5_Familia_Cali,2024,70.0,0.95,11,0,505,1
CAL-04570,CALI,ALIMENTOS,Comisaria_2_Familia_Cali,2023,70.0,1.1,4,1,476,0
CAL-04571,CALI,VIF,Juzgado_4_Familia_Cali,2022,70.0,1.1,4,1,579,1
CAL-04572,CALI,VIF,Juzgado_2_Familia_Cali,2024,70.0,1.3,6,0,463,1
CAL-04573,CALI,ALIMENTOS,Juzgado_5_Familia_Cali,2024,70.0,0.95,3,1,641,1
CAL-04574,CALI,VIF,Juzgado_Penal_Municipal_1_Cali,2022,70.0,1.35,2,0,439,1
CAL-04575,CALI,ALIMENTOS,Juzgado_Penal_Municipal_1_Cali,2021,70.0,1.35,2,0,516,1
CAL-04576,CALI,ALIMENTOS,Comisaria_2_Familia_Cali,2021,70.0,1.1,15,0,344,0
CAL-04577,CALI,HURTO_PATRIMONIAL,Comisaria_2_Familia_Cali,2023,70.0,1.1,1,0,547,1
CAL-04578,CALI,ALIMENTOS,Juzgado_Penal_Municipal_1_Cali,2021,70.0,1.35,3,0,561,1
CAL-04579,CALI,SUSTANCIAS,Juzgado_Penal_Municipal_1_Cali,2023,70.0,1.35,4,0,432,0
CAL-04580,CALI,VIF,Juzgado_2_Familia_Cali,2024,70.0,1.3,2,0,424,1
CAL-04581,CALI,VIF,Juzgado_1_Familia_Cali,2021,70.0,1.45,2,0,292,0
CAL-04582,CALI,VIF,Juzgado_1_Familia_Cali,2022,70.0,1.45,3,0,457,1
CAL-04583,CALI,HURTO_PATRIMONIAL,Comisaria_3_Familia_Cali,2023,70.0,0.9,10,1,665,1
CAL-04584,CALI,ALIMENTOS,Comisaria_3_Familia_Cali,2023,70.0,0.9,8,0,471,1
CAL-04585,CALI,VIF,Juzgado_5_Familia_Cali,2023,70.0,0.95,7,0,408,1
CAL-04586,CALI,VIF,Juzgado_1_Familia_Cali,2023,70.0,1.45,2,0,220,0
CAL-04587,CALI,VIF,Comisaria_2_Familia_Cali,2023,70.0,1.1,3,0,378,1
CAL-04588,CALI,HURTO_PATRIMONIAL,Juzgado_Penal_Municipal_1_Cali,2020,70.0,1.35,3,0,621,1
CAL-04589,CALI,VIF,Juzgado_3_Familia_Cali,2024,70.0,1.2,9,1,631,1
CAL-04590,CALI,VIF,Juzgado_Penal_Municipal_2_Cali,2020,70.0,1.15,2,0,401,1
CAL-04591,CALI,ALIMENTOS,Comisaria_1_Familia_Cali,2020,70.0,1.25,5,0,497,1
CAL-04592,CALI,SUSTANCIAS,Juzgado_1_Familia_Cali,2023,70.0,1.45,4,0,499,1
CAL-04593,CALI,VIF,Juzgado_4_Familia_Cali,2020,70.0,1.1,4,0,411,1
CAL-04594,CALI,SUSTANCIAS,Comisaria_2_Familia_Cali,2023,70.0,1.1,2,0,394,1
CAL-04595,CALI,ALIMENTOS,Juzgado_1_Familia_Cali,2024,70.0,1.45,8,1,689,0
CAL-04596,CALI,ALIMENTOS,Comisaria_3_Familia_Cali,2023,70.0,0.9,5,0,468,1
CAL-04597,CALI,ALIMENTOS,Juzgado_Penal_Municipal_1_Cali,2023,70.0,1.35,3,1,722,1
CAL-04598,CALI,VIF,Juzgado_Penal_Municipal_2_Cali,2022,70.0,1.15,2,0,396,1
CAL-04599,CALI,VIF,Juzgado_4_Familia_Cali,2024,70.0,1.1,5,0,411,1
CAL-04600,CALI,ALIMENTOS,Juzgado_2_Familia_Cali,2020,70.0,1.3,6,0,552,1
CAL-04601,CALI,ALIMENTOS,Juzgado_2_Familia_Cali,2023,70.0,1.3,8,1,635,0
CAL-04602,CALI,VIF,Juzgado_5_Familia_Cali,2023,70.0,0.95,3,1,533,1
CAL-04603,CALI,SUSTANCIAS,Juzgado_4_Familia_Cali,2022,70.0,1.1,4,0,442,1
CAL-04604,CALI,SUSTANCIAS,Juzgado_4_Familia_Cali,2023,70.0,1.1,5,1,611,1
CAL-04605,CALI,ALIMENTOS,Juzgado_4_Familia_Cali,2024,70.0,1.1,4,1,642,1
CAL-04606,CALI,ALIMENTOS,Juzgado_5_Familia_Cali,2023,70.0,0.95,2,0,428,1
CAL-04607,CALI,HURTO_PATRIMONIAL,Comisaria_2_Familia_Cali,2023,70.0,1.1,7,0,550,1
CAL-04608,CALI,SUSTANCIAS,Juzgado_2_Familia_Cali,2022,70.0,1.3,3,0,212,0
CAL-04609,CALI,ALIMENTOS,Juzgado_1_Familia_Cali,2024,70.0,1.45,1,1,704,1
CAL-04610,CALI,ALIMENTOS,Juzgado_5_Familia_Cali,2024,70.0,0.95,3,0,456,1
CAL-04611,CALI,ALIMENTOS,Juzgado_5_Familia_Cali,2024,70.0,0.95,5,1,613,1
CAL-04612,CALI,ALIMENTOS,Juzgado_Penal_Municipal_1_Cali,2023,70.0,1.35,3,1,698,1
CAL-04613,CALI,ALIMENTOS,Juzgado_5_Familia_Cali,2024,70.0,0.95,5,1,608,1
CAL-04614,CALI,HURTO_PATRIMONIAL,Comisaria_1_Familia_Cali,2022,70.0,1.25,4,0,590,1
CAL-04615,CALI,ALIMENTOS,Juzgado_5_Familia_Cali,2023,70.0,0.95,6,0,462,1
CAL-04616,CALI,VIF,Juzgado_4_Familia_Cali,2022,70.0,1.1,6,1,320,0
CAL-04617,CALI,VIF,Comisaria_2_Familia_Cali,2021,70.0,1.1,11,0,494,1
CAL-04618,CALI,ALIMENTOS,Comisaria_1_Familia_Cali,2023,70.0,1.25,12,1,602,0
CAL-04619,CALI,ALIMENTOS,Juzgado_1_Familia_Cali,2023,70.0,1.45,1,0,424,0
CAL-04620,CALI,ALIMENTOS,Juzgado_Penal_Municipal_2_Cali,2020,70.0,1.15,4,1,474,0
CAL-04621,CALI,ALIMENTOS,Comisaria_2_Familia_Cali,2023,70.0,1.1,2,0,468,1
CAL-04622,CALI,ALIMENTOS,Juzgado_1_Familia_Cali,2021,70.0,1.45,1,1,683,1
CAL-04623,CALI,ALIMENTOS,Juzgado_2_Familia_Cali,2023,70.0,1.3,4,0,553,1
CAL-04624,CALI,VIF,Juzgado_Penal_Municipal_2_Cali,2022,70.0,1.15,2,0,231,0
CAL-04625,CALI,VIF,Juzgado_4_Familia_Cali,2023,70.0,1.1,5,0,415,1
CAL-04626,CALI,ALIMENTOS,Comisaria_1_Familia_Cali,2023,70.0,1.25,19,1,445,0
CAL-04627,CALI,SUSTANCIAS,Juzgado_1_Familia_Cali,2024,70.0,1.45,6,0,523,1
CAL-04628,CALI,VIF,Comisaria_2_Familia_Cali,2024,70.0,1.1,8,0,448,1
CAL-04629,CALI,VIF,Juzgado_Penal_Municipal_2_Cali,2024,70.0,1.15,1,0,401,1
CAL-04630,CALI,SUSTANCIAS,Comisaria_2_Familia_Cali,2022,70.0,1.1,3,1,577,1
CAL-04631,CALI,VIF,Juzgado_Penal_Municipal_1_Cali,2023,70.0,1.35,5,0,483,1
CAL-04632,CALI,HURTO_PATRIMONIAL,Juzgado_5_Familia_Cali,2023,70.0,0.95,2,1,634,1
CAL-04633,CALI,VIF,Juzgado_1_Familia_Cali,2023,70.0,1.45,3,0,466,1
CAL-04634,CALI,ALIMENTOS,Comisaria_2_Familia_Cali,2024,70.0,1.1,1,0,337,0
CAL-04635,CALI,VIF,Juzgado_Penal_Municipal_1_Cali,2021,70.0,1.35,4,0,464,1
CAL-04636,CALI,HURTO_PATRIMONIAL,Juzgado_2_Familia_Cali,2024,70.0,1.3,5,0,593,1
CAL-04637,CALI,ALIMENTOS,Juzgado_5_Familia_Cali,2024,70.0,0.95,4,1,637,1
CAL-04638,CALI,ALIMENTOS,Comisaria_2_Familia_Cali,2020,70.0,1.1,2,0,465,1
CAL-04639,CALI,VIF,Comisaria_3_Familia_Cali,2023,70.0,0.9,6,1,424,0
CAL-04640,CALI,ALIMENTOS,Comisaria_3_Familia_Cali,2023,70.0,0.9,5,0,447,1
CAL-04641,CALI,VIF,Comisaria_3_Familia_Cali,2020,70.0,0.9,16,0,452,1
CAL-04642,CALI,VIF,Juzgado_Penal_Municipal_1_Cali,2024,70.0,1.35,1,0,428,1
CAL-04643,CALI,ALIMENTOS,Juzgado_2_Familia_Cali,2022,70.0,1.3,11,0,598,1
CAL-04644,CALI,ALIMENTOS,Juzgado_5_Familia_Cali,2023,70.0,0.95,5,0,266,0
CAL-04645,CALI,VIF,Comisaria_3_Familia_Cali,2024,70.0,0.9,5,0,402,1
CAL-04646,CALI,VIF,Juzgado_Penal_Municipal_2_Cali,2023,70.0,1.15,2,0,396,1
CAL-04647,CALI,SUSTANCIAS,Juzgado_1_Familia_Cali,2020,70.0,1.45,9,1,723,1
CAL-04648,CALI,HURTO_PATRIMONIAL,Juzgado_1_Familia_Cali,2022,70.0,1.45,2,0,604,1
CAL-04649,CALI,ALIMENTOS,Comisaria_1_Familia_Cali,2022,70.0,1.25,4,0,505,1
CAL-04650,CALI,VIF,Juzgado_Penal_Municipal_1_Cali,2022,70.0,1.35,2,1,587,1
CAL-04651,CALI,VIF,Juzgado_2_Familia_Cali,2024,70.0,1.3,8,0,502,1
CAL-04652,CALI,VIF,Comisaria_1_Familia_Cali,2024,70.0,1.25,8,0,501,1
CAL-04653,CALI,ALIMENTOS,Comisaria_2_Familia_Cali,2024,70.0,1.1,8,0,530,1
CAL-04654,CALI,VIF,Juzgado_2_Familia_Cali,2023,70.0,1.3,6,0,479,1
CAL-04655,CALI,ALIMENTOS,Juzgado_2_Familia_Cali,2024,70.0,1.3,4,0,534,1
CAL-04656,CALI,ALIMENTOS,Juzgado_Penal_Municipal_2_Cali,2022,70.0,1.15,8,1,553,0
CAL-04657,CALI,ALIMENTOS,Juzgado_4_Familia_Cali,2021,70.0,1.1,3,0,472,1
CAL-04658,CALI,ALIMENTOS,Comisaria_2_Familia_Cali,2021,70.0,1.1,4,0,487,1
CAL-04659,CALI,HURTO_PATRIMONIAL,Juzgado_4_Familia_Cali,2022,70.0,1.1,4,0,490,0
CAL-04660,CALI,VIF,Comisaria_3_Familia_Cali,2020,70.0,0.9,6,0,328,0
CAL-04661,CALI,ALIMENTOS,Juzgado_5_Familia_Cali,2022,70.0,0.95,1,0,343,0
CAL-04662,CALI,VIF,Juzgado_2_Familia_Cali,2020,70.0,1.3,5,1,593,1
CAL-04663,CALI,ALIMENTOS,Comisaria_3_Familia_Cali,2024,70.0,0.9,1,0,438,1
CAL-04664,CALI,VIF,Juzgado_3_Familia_Cali,2021,70.0,1.2,3,0,415,1
CAL-04665,CALI,HURTO_PATRIMONIAL,Juzgado_1_Familia_Cali,2024,70.0,1.45,5,0,687,1
CAL-04666,CALI,HURTO_PATRIMONIAL,Juzgado_Penal_Municipal_2_Cali,2024,70.0,1.15,13,1,683,0
CAL-04667,CALI,VIF,Juzgado_2_Familia_Cali,2024,70.0,1.3,10,0,520,1
CAL-04668,CALI,SUSTANCIAS,Juzgado_3_Familia_Cali,2023,70.0,1.2,5,1,610,1
CAL-04669,CALI,HURTO_PATRIMONIAL,Comisaria_1_Familia_Cali,2021,70.0,1.25,1,1,553,0
CAL-04670,CALI,ALIMENTOS,Juzgado_Penal_Municipal_1_Cali,2020,70.0,1.35,5,1,695,1
CAL-04671,CALI,ALIMENTOS,Juzgado_5_Familia_Cali,2022,70.0,0.95,1,0,426,1
CAL-04672,CALI,ALIMENTOS,Comisaria_1_Familia_Cali,2022,70.0,1.25,3,0,537,1
CAL-04673,CALI,VIF,Juzgado_Penal_Municipal_1_Cali,2020,70.0,1.35,9,1,649,1
CAL-04674,CALI,SUSTANCIAS,Juzgado_4_Familia_Cali,2023,70.0,1.1,2,0,402,1
CAL-04675,CALI,SUSTANCIAS,Juzgado_1_Familia_Cali,2024,70.0,1.45,9,1,513,0
CAL-04676,CALI,HURTO_PATRIMONIAL,Comisaria_1_Familia_Cali,2024,70.0,1.25,5,1,709,1
CAL-04677,CALI,VIF,Juzgado_5_Familia_Cali,2023,70.0,0.95,4,0,405,1
CAL-04678,CALI,ALIMENTOS,Juzgado_Penal_Municipal_1_Cali,2024,70.0,1.35,3,0,585,1
CAL-04679,CALI,ALIMENTOS,Comisaria_1_Familia_Cali,2023,70.0,1.25,5,1,695,1
CAL-04680,CALI,VIF,Juzgado_Penal_Municipal_1_Cali,2023,70.0,1.35,1,0,415,1
CAL-04681,CALI,ALIMENTOS,Juzgado_2_Familia_Cali,2024,70.0,1.3,10,1,551,0
CAL-04682,CALI,VIF,Juzgado_1_Familia_Cali,2021,70.0,1.45,9,0,523,1
CAL-04683,CALI,ALIMENTOS,Juzgado_2_Familia_Cali,2022,70.0,1.3,2,0,509,1
CAL-04684,CALI,ALIMENTOS,Juzgado_Penal_Municipal_2_Cali,2022,70.0,1.15,5,0,496,1
CAL-04685,CALI,VIF,Juzgado_4_Familia_Cali,2024,70.0,1.1,7,0,440,1
CAL-04686,CALI,ALIMENTOS,Juzgado_5_Familia_Cali,2022,70.0,0.95,6,0,442,1
CAL-04687,CALI,ALIMENTOS,Juzgado_5_Familia_Cali,2024,70.0,0.95,4,0,284,0
CAL-04688,CALI,VIF,Juzgado_1_Familia_Cali,2023,70.0,1.45,4,0,463,1
CAL-04689,CALI,VIF,Juzgado_Penal_Municipal_1_Cali,2024,70.0,1.35,9,0,501,1
CAL-04690,CALI,ALIMENTOS,Comisaria_3_Familia_Cali,2024,70.0,0.9,3,0,456,1
CAL-04691,CALI,HURTO_PATRIMONIAL,Juzgado_4_Familia_Cali,2024,70.0,1.1,2,0,505,1
CAL-04692,CALI,SUSTANCIAS,Comisaria_3_Familia_Cali,2020,70.0,0.9,3,0,381,1
CAL-04693,CALI,VIF,Juzgado_Penal_Municipal_1_Cali,2023,70.0,1.35,1,1,605,1
CAL-04694,CALI,ALIMENTOS,Comisaria_3_Familia_Cali,2023,70.0,0.9,16,0,542,1
CAL-04695,CALI,VIF,Comisaria_3_Familia_Cali,2022,70.0,0.9,1,0,355,1
CAL-04696,CALI,SUSTANCIAS,Juzgado_5_Familia_Cali,2022,70.0,0.95,9,0,449,1
CAL-04697,CALI,SUSTANCIAS,Juzgado_1_Familia_Cali,2024,70.0,1.45,6,0,540,1
CAL-04698,CALI,ALIMENTOS,Juzgado_5_Familia_Cali,2020,70.0,0.95,2,1,600,1
CAL-04699,CALI,ALIMENTOS,Juzgado_Penal_Municipal_1_Cali,2023,70.0,1.35,4,1,725,1
CAL-04700,CALI,ALIMENTOS,Juzgado_4_Familia_Cali,2023,70.0,1.1,7,1,667,1
CAL-04701,CALI,VIF,Juzgado_4_Familia_Cali,2020,70.0,1.1,1,0,385,1
CAL-04702,CALI,ALIMENTOS,Juzgado_3_Familia_Cali,2023,70.0,1.2,10,1,638,0
CAL-04703,CALI,VIF,Juzgado_Penal_Municipal_1_Cali,2023,70.0,1.35,4,0,466,1
CAL-04704,CALI,HURTO_PATRIMONIAL,Juzgado_1_Familia_Cali,2022,70.0,1.45,9,1,384,0
CAL-04705,CALI,SUSTANCIAS,Juzgado_3_Familia_Cali,2021,70.0,1.2,6,0,468,1
CAL-04706,CALI,VIF,Juzgado_Penal_Municipal_2_Cali,2024,70.0,1.15,4,0,416,1
CAL-04707,CALI,VIF,Juzgado_4_Familia_Cali,2024,70.0,1.1,5,0,413,1
CAL-04708,CALI,VIF,Comisaria_2_Familia_Cali,2024,70.0,1.1,7,0,442,1
CAL-04709,CALI,HURTO_PATRIMONIAL,Juzgado_2_Familia_Cali,2024,70.0,1.3,10,0,625,1
CAL-04710,CALI,ALIMENTOS,Comisaria_2_Familia_Cali,2024,70.0,1.1,3,1,459,0
CAL-04711,CALI,VIF,Juzgado_2_Familia_Cali,2021,70.0,1.3,5,1,628,1
CAL-04712,CALI,ALIMENTOS,Juzgado_Penal_Municipal_1_Cali,2022,70.0,1.35,2,1,701,1
CAL-04713,CALI,HURTO_PATRIMONIAL,Juzgado_Penal_Municipal_1_Cali,2024,70.0,1.35,1,0,602,1
CAL-04714,CALI,VIF,Juzgado_Penal_Municipal_2_Cali,2020,70.0,1.15,4,0,205,0
CAL-04715,CALI,ALIMENTOS,Juzgado_Penal_Municipal_1_Cali,2021,70.0,1.35,1,1,681,1
CAL-04716,CALI,HURTO_PATRIMONIAL,Comisaria_2_Familia_Cali,2023,70.0,1.1,7,1,706,1
CAL-04717,CALI,ALIMENTOS,Juzgado_1_Familia_Cali,2024,70.0,1.45,1,1,700,1
CAL-04718,CALI,SUSTANCIAS,Juzgado_4_Familia_Cali,2023,70.0,1.1,2,0,418,1
CAL-04719,CALI,VIF,Juzgado_3_Familia_Cali,2020,70.0,1.2,5,0,439,1
CAL-04720,CALI,ALIMENTOS,Comisaria_2_Familia_Cali,2022,70.0,1.1,10,0,534,1
CAL-04721,CALI,HURTO_PATRIMONIAL,Comisaria_3_Familia_Cali,2020,70.0,0.9,7,0,492,1
CAL-04722,CALI,SUSTANCIAS,Juzgado_Penal_Municipal_2_Cali,2024,70.0,1.15,6,1,650,1
CAL-04723,CALI,ALIMENTOS,Juzgado_Penal_Municipal_2_Cali,2024,70.0,1.15,5,0,239,0
CAL-04724,CALI,HURTO_PATRIMONIAL,Comisaria_1_Familia_Cali,2024,70.0,1.25,2,1,694,1
CAL-04725,CALI,ALIMENTOS,Comisaria_2_Familia_Cali,2024,70.0,1.1,13,0,569,1
CAL-04726,CALI,ALIMENTOS,Juzgado_1_Familia_Cali,2022,70.0,1.45,1,1,714,1
CAL-04727,CALI,VIF,Juzgado_2_Familia_Cali,2023,70.0,1.3,9,0,488,1
CAL-04728,CALI,ALIMENTOS,Comisaria_3_Familia_Cali,2024,70.0,0.9,4,0,452,1
CAL-04729,CALI,VIF,Juzgado_3_Familia_Cali,2024,70.0,1.2,11,0,301,0
CAL-04730,CALI,ALIMENTOS,Juzgado_Penal_Municipal_1_Cali,2021,70.0,1.35,2,1,642,1
CAL-04731,CALI,VIF,Comisaria_3_Familia_Cali,2022,70.0,0.9,3,0,327,0
CAL-04732,CALI,ALIMENTOS,Juzgado_2_Familia_Cali,2021,70.0,1.3,1,1,689,1
CAL-04733,CALI,ALIMENTOS,Juzgado_Penal_Municipal_2_Cali,2020,70.0,1.15,2,0,480,1
CAL-04734,CALI,VIF,Comisaria_3_Familia_Cali,2024,70.0,0.9,7,0,415,1
CAL-04735,CALI,VIF,Juzgado_1_Familia_Cali,2024,70.0,1.45,1,0,449,1
CAL-04736,CALI,VIF,Juzgado_2_Familia_Cali,2022,70.0,1.3,1,0,443,1
CAL-04737,CALI,ALIMENTOS,Juzgado_Penal_Municipal_2_Cali,2021,70.0,1.15,2,1,504,0
CAL-04738,CALI,VIF,Comisaria_3_Familia_Cali,2022,70.0,0.9,11,1,605,1
CAL-04739,CALI,SUSTANCIAS,Juzgado_Penal_Municipal_2_Cali,2024,70.0,1.15,7,0,475,1
CAL-04740,CALI,ALIMENTOS,Juzgado_Penal_Municipal_2_Cali,2024,70.0,1.15,3,1,652,1
CAL-04741,CALI,SUSTANCIAS,Juzgado_2_Familia_Cali,2021,70.0,1.3,2,0,464,1
CAL-04742,CALI,SUSTANCIAS,Juzgado_4_Familia_Cali,2020,70.0,1.1,3,0,415,1
CAL-04743,CALI,SUSTANCIAS,Juzgado_Penal_Municipal_1_Cali,2023,70.0,1.35,3,0,492,1
CAL-04744,CALI,SUSTANCIAS,Juzgado_Penal_Municipal_2_Cali,2021,70.0,1.15,12,0,500,1
CAL-04745,CALI,VIF,Comisaria_2_Familia_Cali,2022,70.0,1.1,3,0,404,1
CAL-04746,CALI,ALIMENTOS,Juzgado_2_Familia_Cali,2021,70.0,1.3,21,1,717,0
CAL-04747,CALI,ALIMENTOS,Juzgado_Penal_Municipal_1_Cali,2023,70.0,1.35,4,0,515,1
CAL-04748,CALI,ALIMENTOS,Juzgado_3_Familia_Cali,2024,70.0,1.2,6,0,551,1
CAL-04749,CALI,ALIMENTOS,Comisaria_1_Familia_Cali,2024,70.0,1.25,3,0,518,1
CAL-04750,CALI,ALIMENTOS,Comisaria_2_Familia_Cali,2024,70.0,1.1,2,1,656,1
CAL-04751,CALI,VIF,Juzgado_3_Familia_Cali,2023,70.0,1.2,1,0,407,1
CAL-04752,CALI,ALIMENTOS,Comisaria_1_Familia_Cali,2022,70.0,1.25,1,0,502,1
CAL-04753,CALI,VIF,Juzgado_2_Familia_Cali,2020,70.0,1.3,4,1,597,1
CAL-04754,CALI,SUSTANCIAS,Juzgado_Penal_Municipal_2_Cali,2024,70.0,1.15,5,0,470,1
CAL-04755,CALI,VIF,Juzgado_1_Familia_Cali,2023,70.0,1.45,4,0,463,1
CAL-04756,CALI,VIF,Comisaria_2_Familia_Cali,2020,70.0,1.1,6,0,424,1
CAL-04757,CALI,ALIMENTOS,Juzgado_3_Familia_Cali,2024,70.0,1.2,4,0,514,1
CAL-04758,CALI,ALIMENTOS,Comisaria_2_Familia_Cali,2020,70.0,1.1,7,0,525,1
CAL-04759,CALI,SUSTANCIAS,Juzgado_2_Familia_Cali,2021,70.0,1.3,5,1,606,1
CAL-04760,CALI,VIF,Juzgado_Penal_Municipal_1_Cali,2022,70.0,1.35,1,1,382,0
CAL-04761,CALI,ALIMENTOS,Comisaria_1_Familia_Cali,2022,70.0,1.25,1,1,674,1
CAL-04762,CALI,ALIMENTOS,Juzgado_3_Familia_Cali,2023,70.0,1.2,11,0,452,0
CAL-04763,CALI,ALIMENTOS,Juzgado_1_Familia_Cali,2023,70.0,1.45,5,0,623,1
CAL-04764,CALI,ALIMENTOS,Juzgado_1_Familia_Cali,2023,70.0,1.45,8,0,616,1
CAL-04765,CALI,ALIMENTOS,Juzgado_1_Familia_Cali,2024,70.0,1.45,7,0,561,1
CAL-04766,CALI,VIF,Juzgado_3_Familia_Cali,2024,70.0,1.2,4,0,425,1
CAL-04767,CALI,SUSTANCIAS,Juzgado_1_Familia_Cali,2021,70.0,1.45,8,1,678,1
CAL-04768,CALI,ALIMENTOS,Comisaria_3_Familia_Cali,2022,70.0,0.9,1,1,470,0
CAL-04769,CALI,ALIMENTOS,Comisaria_1_Familia_Cali,2024,70.0,1.25,4,0,360,0
CAL-04770,CALI,VIF,Juzgado_1_Familia_Cali,2022,70.0,1.45,11,0,542,1
CAL-04771,CALI,VIF,Juzgado_Penal_Municipal_1_Cali,2022,70.0,1.35,4,0,466,1
CAL-04772,CALI,ALIMENTOS,Juzgado_Penal_Municipal_2_Cali,2023,70.0,1.15,1,0,465,1
CAL-04773,CALI,ALIMENTOS,Comisaria_2_Familia_Cali,2023,70.0,1.1,6,1,680,1
CAL-04774,CALI,SUSTANCIAS,Juzgado_Penal_Municipal_2_Cali,2020,70.0,1.15,9,0,494,1
CAL-04775,CALI,ALIMENTOS,Juzgado_1_Familia_Cali,2023,70.0,1.45,7,1,590,0
CAL-04776,CALI,VIF,Comisaria_2_Familia_Cali,2021,70.0,1.1,7,1,590,1
CAL-04777,CALI,ALIMENTOS,Juzgado_1_Familia_Cali,2023,70.0,1.45,3,0,570,1
CAL-04778,CALI,HURTO_PATRIMONIAL,Juzgado_3_Familia_Cali,2024,70.0,1.2,12,0,659,1
CAL-04779,CALI,SUSTANCIAS,Juzgado_Penal_Municipal_2_Cali,2021,70.0,1.15,8,0,306,0
CAL-04780,CALI,ALIMENTOS,Comisaria_1_Familia_Cali,2023,70.0,1.25,3,0,539,1
CAL-04781,CALI,ALIMENTOS,Juzgado_Penal_Municipal_1_Cali,2023,70.0,1.35,4,0,566,1
CAL-04782,CALI,HURTO_PATRIMONIAL,Juzgado_5_Familia_Cali,2022,70.0,0.95,3,1,645,1
CAL-04783,CALI,ALIMENTOS,Juzgado_Penal_Municipal_1_Cali,2022,70.0,1.35,5,1,725,1
CAL-04784,CALI,ALIMENTOS,Juzgado_Penal_Municipal_2_Cali,2024,70.0,1.15,3,0,493,1
CAL-04785,CALI,VIF,Juzgado_Penal_Municipal_1_Cali,2022,70.0,1.35,11,0,514,1
CAL-04786,CALI,ALIMENTOS,Juzgado_Penal_Municipal_1_Cali,2022,70.0,1.35,1,0,526,1
CAL-04787,CALI,VIF,Comisaria_3_Familia_Cali,2024,70.0,0.9,7,0,405,1
CAL-04788,CALI,HURTO_PATRIMONIAL,Comisaria_1_Familia_Cali,2023,70.0,1.25,1,0,550,1
CAL-04789,CALI,VIF,Comisaria_2_Familia_Cali,2023,70.0,1.1,5,0,409,1
CAL-04790,CALI,VIF,Juzgado_3_Familia_Cali,2024,70.0,1.2,3,1,534,1
CAL-04791,CALI,VIF,Juzgado_2_Familia_Cali,2021,70.0,1.3,2,0,434,1
CAL-04792,CALI,ALIMENTOS,Comisaria_3_Familia_Cali,2020,70.0,0.9,2,1,553,1
CAL-04793,CALI,ALIMENTOS,Juzgado_5_Familia_Cali,2023,70.0,0.95,2,1,599,1
CAL-04794,CALI,VIF,Juzgado_5_Familia_Cali,2023,70.0,0.95,5,0,384,1
CAL-04795,CALI,VIF,Comisaria_2_Familia_Cali,2021,70.0,1.1,7,0,425,1
CAL-04796,CALI,VIF,Juzgado_5_Familia_Cali,2024,70.0,0.95,7,0,420,1
CAL-04797,CALI,ALIMENTOS,Comisaria_2_Familia_Cali,2020,70.0,1.1,1,1,602,1
CAL-04798,CALI,VIF,Juzgado_3_Familia_Cali,2020,70.0,1.2,3,0,393,1
CAL-04799,CALI,ALIMENTOS,Comisaria_2_Familia_Cali,2024,70.0,1.1,6,0,406,0
CAL-04800,CALI,ALIMENTOS,Juzgado_1_Familia_Cali,2024,70.0,1.45,8,0,466,0
CAL-04801,CALI,SUSTANCIAS,Juzgado_3_Familia_Cali,2023,70.0,1.2,9,0,487,1
CAL-04802,CALI,ALIMENTOS,Juzgado_3_Familia_Cali,2023,70.0,1.2,2,0,469,1
CAL-04803,CALI,ALIMENTOS,Juzgado_4_Familia_Cali,2021,70.0,1.1,2,1,594,1
CAL-04804,CALI,ALIMENTOS,Comisaria_2_Familia_Cali,2023,70.0,1.1,7,0,518,1
CAL-04805,CALI,VIF,Comisaria_3_Familia_Cali,2024,70.0,0.9,4,0,231,0
CAL-04806,CALI,ALIMENTOS,Juzgado_2_Familia_Cali,2023,70.0,1.3,3,0,542,1
CAL-04807,CALI,ALIMENTOS,Juzgado_3_Familia_Cali,2020,70.0,1.2,3,0,469,1
CAL-04808,CALI,ALIMENTOS,Juzgado_4_Familia_Cali,2024,70.0,1.1,8,1,465,0
CAL-04809,CALI,ALIMENTOS,Comisaria_3_Familia_Cali,2024,70.0,0.9,1,0,421,1
CAL-04810,CALI,SUSTANCIAS,Juzgado_4_Familia_Cali,2023,70.0,1.1,2,0,425,1
CAL-04811,CALI,VIF,Juzgado_Penal_Municipal_1_Cali,2021,70.0,1.35,2,0,421,1
CAL-04812,CALI,ALIMENTOS,Juzgado_5_Familia_Cali,2021,70.0,0.95,6,1,606,1
CAL-04813,CALI,HURTO_PATRIMONIAL,Juzgado_2_Familia_Cali,2023,70.0,1.3,2,0,608,1
CAL-04814,CALI,VIF,Juzgado_4_Familia_Cali,2024,70.0,1.1,7,0,457,1
CAL-04815,CALI,ALIMENTOS,Juzgado_2_Familia_Cali,2024,70.0,1.3,12,0,606,1
CAL-04816,CALI,ALIMENTOS,Juzgado_5_Familia_Cali,2020,70.0,0.95,4,1,574,1
CAL-04817,CALI,ALIMENTOS,Comisaria_2_Familia_Cali,2024,70.0,1.1,3,0,298,0
CAL-04818,CALI,SUSTANCIAS,Juzgado_4_Familia_Cali,2022,70.0,1.1,1,0,403,1
CAL-04819,CALI,ALIMENTOS,Comisaria_2_Familia_Cali,2021,70.0,1.1,2,0,466,1
CAL-04820,CALI,ALIMENTOS,Juzgado_3_Familia_Cali,2023,70.0,1.2,11,1,730,1
CAL-04821,CALI,VIF,Juzgado_Penal_Municipal_2_Cali,2022,70.0,1.15,6,0,432,1
CAL-04822,CALI,VIF,Comisaria_2_Familia_Cali,2024,70.0,1.1,6,1,590,1
CAL-04823,CALI,ALIMENTOS,Juzgado_5_Familia_Cali,2024,70.0,0.95,2,0,445,1
CAL-04824,CALI,ALIMENTOS,Juzgado_5_Familia_Cali,2024,70.0,0.95,3,0,438,1
CAL-04825,CALI,ALIMENTOS,Juzgado_5_Familia_Cali,2022,70.0,0.95,4,1,618,1
CAL-04826,CALI,HURTO_PATRIMONIAL,Juzgado_3_Familia_Cali,2023,70.0,1.2,1,0,517,1
CAL-04827,CALI,SUSTANCIAS,Juzgado_4_Familia_Cali,2020,70.0,1.1,2,0,400,1
CAL-04828,CALI,HURTO_PATRIMONIAL,Juzgado_5_Familia_Cali,2024,70.0,0.95,1,0,462,1
CAL-04829,CALI,VIF,Juzgado_2_Familia_Cali,2024,70.0,1.3,1,1,582,1
CAL-04830,CALI,ALIMENTOS,Juzgado_2_Familia_Cali,2020,70.0,1.3,2,0,490,1
CAL-04831,CALI,SUSTANCIAS,Juzgado_4_Familia_Cali,2023,70.0,1.1,11,0,497,1
CAL-04832,CALI,HURTO_PATRIMONIAL,Juzgado_Penal_Municipal_2_Cali,2023,70.0,1.15,8,0,569,1
CAL-04833,CALI,HURTO_PATRIMONIAL,Juzgado_5_Familia_Cali,2021,70.0,0.95,2,1,645,1
CAL-04834,CALI,SUSTANCIAS,Juzgado_2_Familia_Cali,2022,70.0,1.3,2,0,469,1
CAL-04835,CALI,ALIMENTOS,Juzgado_3_Familia_Cali,2021,70.0,1.2,2,0,502,1
CAL-04836,CALI,VIF,Comisaria_2_Familia_Cali,2024,70.0,1.1,8,0,470,1
CAL-04837,CALI,SUSTANCIAS,Juzgado_3_Familia_Cali,2023,70.0,1.2,1,0,452,1
CAL-04838,CALI,ALIMENTOS,Juzgado_5_Familia_Cali,2020,70.0,0.95,3,1,582,1
CAL-04839,CALI,VIF,Juzgado_2_Familia_Cali,2021,70.0,1.3,1,0,404,1
CAL-04840,CALI,ALIMENTOS,Juzgado_3_Familia_Cali,2021,70.0,1.2,6,0,525,1
CAL-04841,CALI,HURTO_PATRIMONIAL,Juzgado_2_Familia_Cali,2023,70.0,1.3,5,0,589,1
CAL-04842,CALI,HURTO_PATRIMONIAL,Juzgado_5_Familia_Cali,2022,70.0,0.95,2,0,338,0
CAL-04843,CALI,SUSTANCIAS,Juzgado_4_Familia_Cali,2023,70.0,1.1,1,1,565,1
CAL-04844,CALI,HURTO_PATRIMONIAL,Comisaria_1_Familia_Cali,2023,70.0,1.25,1,1,713,1
CAL-04845,CALI,ALIMENTOS,Comisaria_2_Familia_Cali,2022,70.0,1.1,7,0,522,1
CAL-04846,CALI,VIF,Juzgado_3_Familia_Cali,2024,70.0,1.2,1,0,421,1
CAL-04847,CALI,ALIMENTOS,Comisaria_2_Familia_Cali,2022,70.0,1.1,2,1,647,1
CAL-04848,CALI,VIF,Juzgado_Penal_Municipal_2_Cali,2022,70.0,1.15,21,0,580,1
CAL-04849,CALI,ALIMENTOS,Juzgado_1_Familia_Cali,2024,70.0,1.45,3,1,523,0
CAL-04850,CALI,VIF,Juzgado_4_Familia_Cali,2023,70.0,1.1,12,0,456,1
CAL-04851,CALI,HURTO_PATRIMONIAL,Juzgado_2_Familia_Cali,2023,70.0,1.3,1,1,405,0
CAL-04852,CALI,ALIMENTOS,Juzgado_4_Familia_Cali,2022,70.0,1.1,5,1,651,1
CAL-04853,CALI,ALIMENTOS,Comisaria_1_Familia_Cali,2022,70.0,1.25,1,1,673,1
CAL-04854,CALI,VIF,Comisaria_2_Familia_Cali,2022,70.0,1.1,15,1,647,1
CAL-04855,CALI,ALIMENTOS,Juzgado_Penal_Municipal_1_Cali,2020,70.0,1.35,5,0,373,0
CAL-04856,CALI,VIF,Juzgado_Penal_Municipal_1_Cali,2020,70.0,1.35,2,0,457,1
CAL-04857,CALI,VIF,Juzgado_4_Familia_Cali,2023,70.0,1.1,6,0,452,1
CAL-04858,CALI,VIF,Juzgado_5_Familia_Cali,2023,70.0,0.95,2,0,367,1
CAL-04859,CALI,SUSTANCIAS,Juzgado_Penal_Municipal_1_Cali,2020,70.0,1.35,2,0,473,1
CAL-04860,CALI,ALIMENTOS,Juzgado_Penal_Municipal_2_Cali,2022,70.0,1.15,3,1,411,0
CAL-04861,CALI,ALIMENTOS,Juzgado_Penal_Municipal_1_Cali,2023,70.0,1.35,7,1,577,0
CAL-04862,CALI,VIF,Juzgado_3_Familia_Cali,2021,70.0,1.2,4,0,408,1
CAL-04863,CALI,VIF,Comisaria_1_Familia_Cali,2024,70.0,1.25,11,1,403,0
CAL-04864,CALI,ALIMENTOS,Juzgado_2_Familia_Cali,2023,70.0,1.3,5,1,693,1
CAL-04865,CALI,VIF,Comisaria_2_Familia_Cali,2021,70.0,1.1,7,0,418,1
CAL-04866,CALI,VIF,Juzgado_4_Familia_Cali,2020,70.0,1.1,4,0,413,1
CAL-04867,CALI,ALIMENTOS,Juzgado_1_Familia_Cali,2021,70.0,1.45,1,0,544,1
CAL-04868,CALI,SUSTANCIAS,Juzgado_2_Familia_Cali,2023,70.0,1.3,2,0,468,1
CAL-04869,CALI,ALIMENTOS,Juzgado_4_Familia_Cali,2024,70.0,1.1,11,0,542,1
CAL-04870,CALI,HURTO_PATRIMONIAL,Juzgado_2_Familia_Cali,2023,70.0,1.3,3,1,526,0
CAL-04871,CALI,ALIMENTOS,Juzgado_1_Familia_Cali,2023,70.0,1.45,11,0,631,1
CAL-04872,CALI,VIF,Juzgado_4_Familia_Cali,2024,70.0,1.1,5,0,444,1
CAL-04873,CALI,ALIMENTOS,Juzgado_2_Familia_Cali,2023,70.0,1.3,8,1,604,0
CAL-04874,CALI,SUSTANCIAS,Juzgado_5_Familia_Cali,2023,70.0,0.95,5,0,398,1
CAL-04875,CALI,ALIMENTOS,Comisaria_2_Familia_Cali,2024,70.0,1.1,15,1,351,0
CAL-04876,CALI,ALIMENTOS,Juzgado_1_Familia_Cali,2023,70.0,1.45,5,0,614,1
CAL-04877,CALI,HURTO_PATRIMONIAL,Juzgado_Penal_Municipal_2_Cali,2021,70.0,1.15,2,0,530,1
CAL-04878,CALI,ALIMENTOS,Juzgado_2_Familia_Cali,2021,70.0,1.3,2,0,336,0
CAL-04879,CALI,VIF,Juzgado_Penal_Municipal_1_Cali,2023,70.0,1.35,1,0,426,1
CAL-04880,CALI,HURTO_PATRIMONIAL,Juzgado_5_Familia_Cali,2024,70.0,0.95,5,0,475,1
CAL-04881,CALI,ALIMENTOS,Juzgado_4_Familia_Cali,2020,70.0,1.1,1,1,598,1
CAL-04882,CALI,VIF,Comisaria_2_Familia_Cali,2021,70.0,1.1,5,1,580,1
CAL-04883,CALI,VIF,Juzgado_2_Familia_Cali,2022,70.0,1.3,1,0,224,0
CAL-04884,CALI,ALIMENTOS,Juzgado_1_Familia_Cali,2020,70.0,1.45,7,1,585,0
CAL-04885,CALI,ALIMENTOS,Juzgado_2_Familia_Cali,2021,70.0,1.3,12,1,561,0
CAL-04886,CALI,ALIMENTOS,Juzgado_3_Familia_Cali,2021,70.0,1.2,6,0,543,1
CAL-04887,CALI,SUSTANCIAS,Comisaria_3_Familia_Cali,2024,70.0,0.9,9,0,314,0
CAL-04888,CALI,ALIMENTOS,Juzgado_Penal_Municipal_2_Cali,2020,70.0,1.15,1,0,479,1
CAL-04889,CALI,VIF,Juzgado_1_Familia_Cali,2021,70.0,1.45,3,0,468,1
CAL-04890,CALI,VIF,Juzgado_1_Familia_Cali,2020,70.0,1.45,2,1,618,1
CAL-04891,CALI,HURTO_PATRIMONIAL,Juzgado_1_Familia_Cali,2024,70.0,1.45,2,0,464,0
CAL-04892,CALI,HURTO_PATRIMONIAL,Comisaria_3_Familia_Cali,2024,70.0,0.9,1,0,421,1
CAL-04893,CALI,ALIMENTOS,Comisaria_2_Familia_Cali,2024,70.0,1.1,3,0,480,1
CAL-04894,CALI,VIF,Juzgado_5_Familia_Cali,2023,70.0,0.95,3,0,420,1
CAL-04895,CALI,VIF,Juzgado_2_Familia_Cali,2020,70.0,1.3,7,0,458,1
CAL-04896,CALI,SUSTANCIAS,Juzgado_1_Familia_Cali,2023,70.0,1.45,4,0,504,1
CAL-04897,CALI,ALIMENTOS,Juzgado_Penal_Municipal_1_Cali,2024,70.0,1.35,1,0,531,1
CAL-04898,CALI,VIF,Juzgado_3_Familia_Cali,2021,70.0,1.2,2,0,441,1
CAL-04899,CALI,ALIMENTOS,Comisaria_3_Familia_Cali,2023,70.0,0.9,2,0,426,1
CAL-04900,CALI,VIF,Comisaria_3_Familia_Cali,2024,70.0,0.9,9,0,407,1
CAL-04901,CALI,HURTO_PATRIMONIAL,Juzgado_Penal_Municipal_1_Cali,2020,70.0,1.35,8,0,658,1
CAL-04902,CALI,ALIMENTOS,Juzgado_5_Familia_Cali,2024,70.0,0.95,3,0,412,1
CAL-04903,CALI,VIF,Juzgado_Penal_Municipal_1_Cali,2024,70.0,1.35,3,0,471,1
CAL-04904,CALI,ALIMENTOS,Juzgado_2_Familia_Cali,2021,70.0,1.3,1,1,622,1
CAL-04905,CALI,ALIMENTOS,Juzgado_Penal_Municipal_1_Cali,2024,70.0,1.35,6,0,601,1
CAL-04906,CALI,VIF,Juzgado_1_Familia_Cali,2023,70.0,1.45,8,1,662,1
CAL-04907,CALI,SUSTANCIAS,Comisaria_3_Familia_Cali,2022,70.0,0.9,2,0,344,1
CAL-04908,CALI,ALIMENTOS,Comisaria_1_Familia_Cali,2023,70.0,1.25,1,1,658,1
CAL-04909,CALI,HURTO_PATRIMONIAL,Comisaria_3_Familia_Cali,2021,70.0,0.9,9,0,506,1
CAL-04910,CALI,HURTO_PATRIMONIAL,Juzgado_Penal_Municipal_1_Cali,2020,70.0,1.35,4,0,607,1
CAL-04911,CALI,VIF,Juzgado_Penal_Municipal_2_Cali,2021,70.0,1.15,1,0,366,1
CAL-04912,CALI,SUSTANCIAS,Juzgado_Penal_Municipal_1_Cali,2021,70.0,1.35,5,0,505,1
CAL-04913,CALI,VIF,Comisaria_2_Familia_Cali,2021,70.0,1.1,2,0,377,1
CAL-04914,CALI,VIF,Comisaria_2_Familia_Cali,2024,70.0,1.1,1,0,391,1
CAL-04915,CALI,VIF,Comisaria_2_Familia_Cali,2023,70.0,1.1,8,0,239,0
CAL-04916,CALI,VIF,Juzgado_5_Familia_Cali,2021,70.0,0.95,3,0,376,1
CAL-04917,CALI,VIF,Comisaria_3_Familia_Cali,2023,70.0,0.9,9,0,415,1
CAL-04918,CALI,ALIMENTOS,Comisaria_2_Familia_Cali,2022,70.0,1.1,12,0,543,1
CAL-04919,CALI,HURTO_PATRIMONIAL,Comisaria_3_Familia_Cali,2021,70.0,0.9,7,0,516,1
CAL-04920,CALI,SUSTANCIAS,Juzgado_5_Familia_Cali,2022,70.0,0.95,3,0,386,1
CAL-04921,CALI,ALIMENTOS,Juzgado_3_Familia_Cali,2024,70.0,1.2,4,0,502,1
CAL-04922,CALI,ALIMENTOS,Comisaria_3_Familia_Cali,2024,70.0,0.9,3,0,423,1
CAL-04923,CALI,ALIMENTOS,Juzgado_2_Familia_Cali,2024,70.0,1.3,6,1,728,1
CAL-04924,CALI,ALIMENTOS,Juzgado_4_Familia_Cali,2023,70.0,1.1,8,0,310,0
CAL-04925,CALI,ALIMENTOS,Juzgado_2_Familia_Cali,2022,70.0,1.3,1,1,673,1
CAL-04926,CALI,VIF,Juzgado_Penal_Municipal_1_Cali,2021,70.0,1.35,2,0,415,1
CAL-04927,CALI,ALIMENTOS,Juzgado_Penal_Municipal_2_Cali,2020,70.0,1.15,17,1,447,0
CAL-04928,CALI,ALIMENTOS,Juzgado_Penal_Municipal_2_Cali,2023,70.0,1.15,1,1,646,1
CAL-04929,CALI,ALIMENTOS,Juzgado_Penal_Municipal_2_Cali,2020,70.0,1.15,3,0,447,1
CAL-04930,CALI,SUSTANCIAS,Comisaria_2_Familia_Cali,2022,70.0,1.1,1,0,410,1
CAL-04931,CALI,ALIMENTOS,Comisaria_1_Familia_Cali,2023,70.0,1.25,8,1,357,0
CAL-04932,CALI,SUSTANCIAS,Comisaria_2_Familia_Cali,2023,70.0,1.1,4,1,584,1
CAL-04933,CALI,ALIMENTOS,Juzgado_3_Familia_Cali,2023,70.0,1.2,1,0,492,1
CAL-04934,CALI,VIF,Juzgado_3_Familia_Cali,2024,70.0,1.2,5,0,442,1
CAL-04935,CALI,VIF,Comisaria_3_Familia_Cali,2023,70.0,0.9,7,0,323,0
CAL-04936,CALI,HURTO_PATRIMONIAL,Juzgado_3_Familia_Cali,2024,70.0,1.2,1,0,571,1
CAL-04937,CALI,HURTO_PATRIMONIAL,Juzgado_3_Familia_Cali,2023,70.0,1.2,4,1,728,1
CAL-04938,CALI,ALIMENTOS,Juzgado_4_Familia_Cali,2023,70.0,1.1,7,0,266,0
CAL-04939,CALI,HURTO_PATRIMONIAL,Comisaria_2_Familia_Cali,2022,70.0,1.1,1,1,666,1
CAL-04940,CALI,ALIMENTOS,Juzgado_Penal_Municipal_1_Cali,2023,70.0,1.35,8,0,458,0
CAL-04941,CALI,ALIMENTOS,Comisaria_2_Familia_Cali,2020,70.0,1.1,2,0,462,1
CAL-04942,CALI,ALIMENTOS,Juzgado_Penal_Municipal_2_Cali,2024,70.0,1.15,3,1,660,1
CAL-04943,CALI,HURTO_PATRIMONIAL,Comisaria_1_Familia_Cali,2023,70.0,1.25,12,1,646,0
CAL-04944,CALI,VIF,Juzgado_Penal_Municipal_2_Cali,2024,70.0,1.15,2,0,393,1
CAL-04945,CALI,ALIMENTOS,Comisaria_3_Familia_Cali,2021,70.0,0.9,1,0,205,0
CAL-04946,CALI,VIF,Comisaria_3_Familia_Cali,2024,70.0,0.9,3,1,538,1
CAL-04947,CALI,ALIMENTOS,Juzgado_1_Familia_Cali,2024,70.0,1.45,3,0,603,1
CAL-04948,CALI,VIF,Juzgado_Penal_Municipal_2_Cali,2022,70.0,1.15,5,1,582,1
CAL-04949,CALI,VIF,Comisaria_3_Familia_Cali,2020,70.0,0.9,3,0,348,1
CAL-04950,CALI,ALIMENTOS,Juzgado_3_Familia_Cali,2022,70.0,1.2,11,1,504,0
CAL-04951,CALI,HURTO_PATRIMONIAL,Comisaria_3_Familia_Cali,2023,70.0,0.9,8,0,513,1
CAL-04952,CALI,SUSTANCIAS,Juzgado_3_Familia_Cali,2024,70.0,1.2,6,0,506,1
CAL-04953,CALI,ALIMENTOS,Comisaria_3_Familia_Cali,2024,70.0,0.9,6,0,448,1
CAL-04954,CALI,VIF,Juzgado_4_Familia_Cali,2020,70.0,1.1,1,0,390,1
CAL-04955,CALI,ALIMENTOS,Juzgado_5_Familia_Cali,2021,70.0,0.95,11,1,681,1
CAL-04956,CALI,HURTO_PATRIMONIAL,Comisaria_2_Familia_Cali,2024,70.0,1.1,1,0,519,1
CAL-04957,CALI,ALIMENTOS,Juzgado_Penal_Municipal_1_Cali,2024,70.0,1.35,3,0,555,1
CAL-04958,CALI,ALIMENTOS,Comisaria_3_Familia_Cali,2022,70.0,0.9,5,1,657,1
CAL-04959,CALI,ALIMENTOS,Juzgado_3_Familia_Cali,2024,70.0,1.2,3,0,253,0
CAL-04960,CALI,VIF,Comisaria_3_Familia_Cali,2022,70.0,0.9,8,1,340,0
CAL-04961,CALI,ALIMENTOS,Juzgado_4_Familia_Cali,2024,70.0,1.1,2,0,486,1
CAL-04962,CALI,SUSTANCIAS,Juzgado_1_Familia_Cali,2024,70.0,1.45,4,0,532,1
CAL-04963,CALI,ALIMENTOS,Juzgado_3_Familia_Cali,2021,70.0,1.2,7,0,538,1
CAL-04964,CALI,ALIMENTOS,Comisaria_2_Familia_Cali,2023,70.0,1.1,2,1,645,1
CAL-04965,CALI,VIF,Comisaria_1_Familia_Cali,2023,70.0,1.25,1,1,585,1
CAL-04966,CALI,ALIMENTOS,Juzgado_1_Familia_Cali,2022,70.0,1.45,5,1,355,0
CAL-04967,CALI,ALIMENTOS,Juzgado_2_Familia_Cali,2024,70.0,1.3,10,0,595,1
CAL-04968,CALI,VIF,Juzgado_4_Familia_Cali,2022,70.0,1.1,3,0,403,1
CAL-04969,CALI,ALIMENTOS,Juzgado_1_Familia_Cali,2023,70.0,1.45,2,1,717,1
CAL-04970,CALI,HURTO_PATRIMONIAL,Juzgado_5_Familia_Cali,2021,70.0,0.95,5,1,686,1
CAL-04971,CALI,HURTO_PATRIMONIAL,Juzgado_1_Familia_Cali,2024,70.0,1.45,6,0,649,1
CAL-04972,CALI,ALIMENTOS,Comisaria_1_Familia_Cali,2023,70.0,1.25,4,0,504,1
CAL-04973,CALI,SUSTANCIAS,Juzgado_Penal_Municipal_1_Cali,2024,70.0,1.35,3,0,351,0
CAL-04974,CALI,VIF,Comisaria_2_Familia_Cali,2020,70.0,1.1,4,0,405,1
CAL-04975,CALI,VIF,Juzgado_2_Familia_Cali,2022,70.0,1.3,6,0,459,1
CAL-04976,CALI,ALIMENTOS,Juzgado_1_Familia_Cali,2021,70.0,1.45,4,1,598,0
CAL-04977,CALI,ALIMENTOS,Comisaria_1_Familia_Cali,2024,70.0,1.25,5,0,534,1
CAL-04978,CALI,ALIMENTOS,Comisaria_3_Familia_Cali,2023,70.0,0.9,1,0,407,1
CAL-04979,CALI,ALIMENTOS,Comisaria_3_Familia_Cali,2024,70.0,0.9,11,1,660,1
CAL-04980,CALI,HURTO_PATRIMONIAL,Juzgado_4_Familia_Cali,2024,70.0,1.1,5,0,540,1
CAL-04981,CALI,ALIMENTOS,Comisaria_3_Familia_Cali,2023,70.0,0.9,6,0,423,1
CAL-04982,CALI,VIF,Comisaria_2_Familia_Cali,2024,70.0,1.1,3,0,409,1
CAL-04983,CALI,HURTO_PATRIMONIAL,Juzgado_3_Familia_Cali,2021,70.0,1.2,5,0,525,1
CAL-04984,CALI,VIF,Comisaria_1_Familia_Cali,2024,70.0,1.25,4,0,427,1
CAL-04985,CALI,ALIMENTOS,Juzgado_1_Familia_Cali,2022,70.0,1.45,2,0,574,1
CAL-04986,CALI,VIF,Comisaria_3_Familia_Cali,2021,70.0,0.9,2,0,322,1
CAL-04987,CALI,HURTO_PATRIMONIAL,Comisaria_3_Familia_Cali,2024,70.0,0.9,7,0,537,1
CAL-04988,CALI,SUSTANCIAS,Juzgado_4_Familia_Cali,2024,70.0,1.1,5,1,593,1
CAL-04989,CALI,VIF,Juzgado_Penal_Municipal_1_Cali,2023,70.0,1.35,5,0,481,1
CAL-04990,CALI,HURTO_PATRIMONIAL,Comisaria_3_Familia_Cali,2022,70.0,0.9,10,0,540,1
CAL-04991,CALI,VIF,Juzgado_5_Familia_Cali,2023,70.0,0.95,4,0,388,1
CAL-04992,CALI,VIF,Juzgado_4_Familia_Cali,2023,70.0,1.1,5,0,414,1
CAL-04993,CALI,HURTO_PATRIMONIAL,Comisaria_2_Familia_Cali,2022,70.0,1.1,10,1,728,1
CAL-04994,CALI,VIF,Juzgado_4_Familia_Cali,2023,70.0,1.1,4,1,595,1
CAL-04995,CALI,ALIMENTOS,Comisaria_2_Familia_Cali,2023,70.0,1.1,15,1,722,1
CAL-04996,CALI,ALIMENTOS,Juzgado_3_Familia_Cali,2023,70.0,1.2,5,0,543,1
CAL-04997,CALI,ALIMENTOS,Juzgado_2_Familia_Cali,2020,70.0,1.3,7,0,391,0
CAL-04998,CALI,HURTO_PATRIMONIAL,Comisaria_2_Familia_Cali,2022,70.0,1.1,7,1,700,1
CAL-04999,CALI,VIF,Juzgado_5_Familia_Cali,2020,70.0,0.95,1,0,368,1
CAL-05000,CALI,HURTO_PATRIMONIAL,Comisaria_3_Familia_Cali,2024,70.0,0.9,12,0,542,1
CAL-05001,CALI,ALIMENTOS,Comisaria_1_Familia_Cali,2022,70.0,1.25,6,1,353,0
CAL-05002,CALI,VIF,Comisaria_3_Familia_Cali,2023,70.0,0.9,2,1,522,1
CAL-05003,CALI,VIF,Comisaria_1_Familia_Cali,2023,70.0,1.25,5,1,609,1
CAL-05004,CALI,VIF,Comisaria_3_Familia_Cali,2024,70.0,0.9,6,0,410,1
CAL-05005,CALI,VIF,Juzgado_5_Familia_Cali,2024,70.0,0.95,6,1,587,1
CAL-05006,CALI,SUSTANCIAS,Comisaria_2_Familia_Cali,2022,70.0,1.1,2,0,435,1
CAL-05007,CALI,SUSTANCIAS,Comisaria_2_Familia_Cali,2023,70.0,1.1,7,0,471,1
CAL-05008,CALI,ALIMENTOS,Comisaria_2_Familia_Cali,2021,70.0,1.1,4,1,601,1
CAL-05009,CALI,ALIMENTOS,Juzgado_1_Familia_Cali,2020,70.0,1.45,4,1,722,1
CAL-05010,CALI,SUSTANCIAS,Juzgado_2_Familia_Cali,2023,70.0,1.3,1,0,443,1
CAL-05011,CALI,VIF,Comisaria_1_Familia_Cali,2023,70.0,1.25,4,0,238,0
CAL-05012,CALI,ALIMENTOS,Juzgado_Penal_Municipal_1_Cali,2020,70.0,1.35,2,1,692,1
CAL-05013,CALI,ALIMENTOS,Juzgado_5_Familia_Cali,2022,70.0,0.95,3,0,445,1
CAL-05014,CALI,ALIMENTOS,Juzgado_5_Familia_Cali,2024,70.0,0.95,3,0,446,1
CAL-05015,CALI,ALIMENTOS,Juzgado_3_Familia_Cali,2022,70.0,1.2,1,0,485,1
CAL-05016,CALI,VIF,Juzgado_4_Familia_Cali,2024,70.0,1.1,3,0,425,1
CAL-05017,CALI,ALIMENTOS,Comisaria_1_Familia_Cali,2024,70.0,1.25,5,0,528,1
CAL-05018,CALI,HURTO_PATRIMONIAL,Juzgado_1_Familia_Cali,2023,70.0,1.45,2,0,596,1
CAL-05019,CALI,HURTO_PATRIMONIAL,Juzgado_5_Familia_Cali,2023,70.0,0.95,4,0,453,1
CAL-05020,CALI,HURTO_PATRIMONIAL,Juzgado_Penal_Municipal_2_Cali,2021,70.0,1.15,9,0,593,1
CAL-05021,CALI,ALIMENTOS,Juzgado_4_Familia_Cali,2021,70.0,1.1,7,0,511,1
CAL-05022,CALI,VIF,Comisaria_1_Familia_Cali,2022,70.0,1.25,6,0,465,1
CAL-05023,CALI,ALIMENTOS,Juzgado_Penal_Municipal_2_Cali,2023,70.0,1.15,5,0,498,1
CAL-05024,CALI,VIF,Comisaria_3_Familia_Cali,2024,70.0,0.9,6,0,328,0
CAL-05025,CALI,ALIMENTOS,Juzgado_1_Familia_Cali,2022,70.0,1.45,7,0,587,1
CAL-05026,CALI,ALIMENTOS,Juzgado_Penal_Municipal_1_Cali,2024,70.0,1.35,2,0,557,1
CAL-05027,CALI,SUSTANCIAS,Juzgado_2_Familia_Cali,2024,70.0,1.3,4,1,656,1
CAL-05028,CALI,SUSTANCIAS,Juzgado_2_Familia_Cali,2024,70.0,1.3,3,0,458,1
CAL-05029,CALI,SUSTANCIAS,Comisaria_2_Familia_Cali,2021,70.0,1.1,1,0,390,1
CAL-05030,CALI,VIF,Comisaria_3_Familia_Cali,2024,70.0,0.9,1,0,353,1
CAL-05031,CALI,HURTO_PATRIMONIAL,Juzgado_Penal_Municipal_1_Cali,2021,70.0,1.35,4,1,444,0
CAL-05032,CALI,ALIMENTOS,Comisaria_3_Familia_Cali,2024,70.0,0.9,3,0,438,1
CAL-05033,CALI,ALIMENTOS,Juzgado_5_Familia_Cali,2021,70.0,0.95,3,0,448,1
CAL-05034,CALI,SUSTANCIAS,Juzgado_5_Familia_Cali,2023,70.0,0.95,3,0,396,1
CAL-05035,CALI,VIF,Juzgado_Penal_Municipal_1_Cali,2023,70.0,1.35,1,0,436,1
CAL-05036,CALI,SUSTANCIAS,Juzgado_5_Familia_Cali,2021,70.0,0.95,1,0,371,1
CAL-05037,CALI,HURTO_PATRIMONIAL,Juzgado_Penal_Municipal_1_Cali,2023,70.0,1.35,3,1,614,0
CAL-05038,CALI,ALIMENTOS,Juzgado_3_Familia_Cali,2023,70.0,1.2,2,0,497,1
CAL-05039,CALI,SUSTANCIAS,Juzgado_4_Familia_Cali,2021,70.0,1.1,3,0,443,1
CAL-05040,CALI,HURTO_PATRIMONIAL,Juzgado_2_Familia_Cali,2022,70.0,1.3,4,1,722,1
CAL-05041,CALI,HURTO_PATRIMONIAL,Comisaria_3_Familia_Cali,2022,70.0,0.9,8,0,563,1
CAL-05042,CALI,VIF,Juzgado_Penal_Municipal_2_Cali,2021,70.0,1.15,7,1,607,1
CAL-05043,CALI,HURTO_PATRIMONIAL,Juzgado_Penal_Municipal_1_Cali,2022,70.0,1.35,3,1,426,0
CAL-05044,CALI,SUSTANCIAS,Comisaria_1_Familia_Cali,2022,70.0,1.25,5,1,629,1
CAL-05045,CALI,VIF,Comisaria_1_Familia_Cali,2022,70.0,1.25,10,0,493,1
CAL-05046,CALI,ALIMENTOS,Comisaria_1_Familia_Cali,2023,70.0,1.25,5,1,681,1
CAL-05047,CALI,ALIMENTOS,Juzgado_5_Familia_Cali,2021,70.0,0.95,1,0,422,1
CAL-05048,CALI,ALIMENTOS,Juzgado_Penal_Municipal_2_Cali,2023,70.0,1.15,7,0,518,1
CAL-05049,CALI,ALIMENTOS,Juzgado_4_Familia_Cali,2022,70.0,1.1,4,0,449,1
CAL-05050,CALI,ALIMENTOS,Juzgado_5_Familia_Cali,2023,70.0,0.95,9,0,499,1
CAL-05051,CALI,ALIMENTOS,Juzgado_Penal_Municipal_2_Cali,2023,70.0,1.15,8,1,693,1
CAL-05052,CALI,HURTO_PATRIMONIAL,Juzgado_1_Familia_Cali,2022,70.0,1.45,1,1,395,0
CAL-05053,CALI,VIF,Comisaria_3_Familia_Cali,2024,70.0,0.9,4,1,555,1
CAL-05054,CALI,HURTO_PATRIMONIAL,Comisaria_1_Familia_Cali,2023,70.0,1.25,6,0,633,1
CAL-05055,CALI,VIF,Comisaria_3_Familia_Cali,2024,70.0,0.9,1,0,365,1
CAL-05056,CALI,HURTO_PATRIMONIAL,Comisaria_1_Familia_Cali,2022,70.0,1.25,1,0,554,1
CAL-05057,CALI,VIF,Comisaria_1_Familia_Cali,2024,70.0,1.25,3,0,433,1
CAL-05058,CALI,ALIMENTOS,Juzgado_4_Familia_Cali,2022,70.0,1.1,1,0,491,1
CAL-05059,CALI,ALIMENTOS,Comisaria_2_Familia_Cali,2024,70.0,1.1,6,0,239,0
CAL-05060,CALI,HURTO_PATRIMONIAL,Juzgado_Penal_Municipal_2_Cali,2021,70.0,1.15,7,0,591,1
CAL-05061,CALI,VIF,Comisaria_1_Familia_Cali,2023,70.0,1.25,9,0,471,1
CAL-05062,CALI,ALIMENTOS,Juzgado_1_Familia_Cali,2021,70.0,1.45,5,0,563,1
CAL-05063,CALI,ALIMENTOS,Juzgado_Penal_Municipal_2_Cali,2021,70.0,1.15,3,1,379,0
CAL-05064,CALI,VIF,Juzgado_3_Familia_Cali,2023,70.0,1.2,8,0,491,1
CAL-05065,CALI,VIF,Juzgado_4_Familia_Cali,2021,70.0,1.1,4,0,388,1
CAL-05066,CALI,ALIMENTOS,Comisaria_3_Familia_Cali,2024,70.0,0.9,4,0,451,1
CAL-05067,CALI,ALIMENTOS,Juzgado_Penal_Municipal_1_Cali,2024,70.0,1.35,1,1,673,1
CAL-05068,CALI,VIF,Comisaria_3_Familia_Cali,2023,70.0,0.9,16,1,619,1
CAL-05069,CALI,VIF,Juzgado_2_Familia_Cali,2022,70.0,1.3,7,0,450,1
CAL-05070,CALI,ALIMENTOS,Juzgado_1_Familia_Cali,2022,70.0,1.45,3,1,346,0
CAL-05071,CALI,VIF,Juzgado_1_Familia_Cali,2021,70.0,1.45,5,0,465,1
CAL-05072,CALI,VIF,Juzgado_4_Familia_Cali,2024,70.0,1.1,5,0,430,1
CAL-05073,CALI,ALIMENTOS,Comisaria_1_Familia_Cali,2023,70.0,1.25,3,0,522,1
CAL-05074,CALI,HURTO_PATRIMONIAL,Juzgado_2_Familia_Cali,2023,70.0,1.3,6,0,635,1
CAL-05075,CALI,ALIMENTOS,Juzgado_Penal_Municipal_2_Cali,2023,70.0,1.15,7,0,523,1
CAL-05076,CALI,ALIMENTOS,Comisaria_1_Familia_Cali,2022,70.0,1.25,10,0,558,1
CAL-05077,CALI,VIF,Comisaria_2_Familia_Cali,2023,70.0,1.1,4,0,413,1
CAL-05078,CALI,VIF,Comisaria_2_Familia_Cali,2023,70.0,1.1,6,1,605,1
CAL-05079,CALI,HURTO_PATRIMONIAL,Comisaria_2_Familia_Cali,2024,70.0,1.1,7,0,578,1
CAL-05080,CALI,HURTO_PATRIMONIAL,Comisaria_2_Familia_Cali,2022,70.0,1.1,4,0,499,1
CAL-05081,CALI,HURTO_PATRIMONIAL,Juzgado_1_Familia_Cali,2022,70.0,1.45,4,1,671,0
CAL-05082,CALI,SUSTANCIAS,Juzgado_2_Familia_Cali,2023,70.0,1.3,2,1,617,1
CAL-05083,CALI,HURTO_PATRIMONIAL,Juzgado_2_Familia_Cali,2021,70.0,1.3,5,0,557,1
CAL-05084,CALI,ALIMENTOS,Juzgado_4_Familia_Cali,2023,70.0,1.1,1,0,456,1
CAL-05085,CALI,SUSTANCIAS,Comisaria_1_Familia_Cali,2024,70.0,1.25,4,1,648,1
CAL-05086,CALI,HURTO_PATRIMONIAL,Comisaria_2_Familia_Cali,2023,70.0,1.1,5,0,523,1
CAL-05087,CALI,ALIMENTOS,Juzgado_Penal_Municipal_2_Cali,2021,70.0,1.15,8,1,681,1
CAL-05088,CALI,VIF,Juzgado_3_Familia_Cali,2024,70.0,1.2,1,0,419,1
CAL-05089,CALI,SUSTANCIAS,Juzgado_1_Familia_Cali,2022,70.0,1.45,2,0,482,1
CAL-05090,CALI,VIF,Juzgado_2_Familia_Cali,2023,70.0,1.3,6,0,474,1
CAL-05091,CALI,VIF,Juzgado_4_Familia_Cali,2022,70.0,1.1,5,0,437,1
CAL-05092,CALI,ALIMENTOS,Juzgado_Penal_Municipal_1_Cali,2022,70.0,1.35,2,1,435,0
CAL-05093,CALI,ALIMENTOS,Juzgado_Penal_Municipal_1_Cali,2024,70.0,1.35,6,1,716,1
CAL-05094,CALI,HURTO_PATRIMONIAL,Juzgado_2_Familia_Cali,2024,70.0,1.3,3,1,638,0
CAL-05095,CALI,ALIMENTOS,Juzgado_4_Familia_Cali,2024,70.0,1.1,4,0,472,1
CAL-05096,CALI,HURTO_PATRIMONIAL,Juzgado_5_Familia_Cali,2022,70.0,0.95,4,0,422,0
CAL-05097,CALI,ALIMENTOS,Comisaria_2_Familia_Cali,2024,70.0,1.1,8,0,508,1
CAL-05098,CALI,ALIMENTOS,Comisaria_2_Familia_Cali,2023,70.0,1.1,4,0,512,1
CAL-05099,CALI,ALIMENTOS,Juzgado_2_Familia_Cali,2024,70.0,1.3,7,0,580,1
CAL-05100,CALI,VIF,Comisaria_2_Familia_Cali,2020,70.0,1.1,1,0,388,1
CAL-05101,CALI,VIF,Juzgado_3_Familia_Cali,2023,70.0,1.2,5,0,458,1
CAL-05102,CALI,ALIMENTOS,Juzgado_Penal_Municipal_1_Cali,2023,70.0,1.35,3,1,695,1
CAL-05103,CALI,ALIMENTOS,Juzgado_4_Familia_Cali,2024,70.0,1.1,11,0,538,1
CAL-05104,CALI,ALIMENTOS,Juzgado_5_Familia_Cali,2023,70.0,0.95,3,0,455,1
CAL-05105,CALI,HURTO_PATRIMONIAL,Juzgado_Penal_Municipal_1_Cali,2023,70.0,1.35,4,0,614,1
CAL-05106,CALI,ALIMENTOS,Juzgado_1_Familia_Cali,2024,70.0,1.45,5,1,569,0
CAL-05107,CALI,VIF,Juzgado_Penal_Municipal_2_Cali,2024,70.0,1.15,4,1,590,1
CAL-05108,CALI,HURTO_PATRIMONIAL,Comisaria_2_Familia_Cali,2021,70.0,1.1,3,1,685,1
CAL-05109,CALI,VIF,Comisaria_3_Familia_Cali,2023,70.0,0.9,5,0,367,1
CAL-05110,CALI,SUSTANCIAS,Comisaria_3_Familia_Cali,2024,70.0,0.9,5,0,315,0
CAL-05111,CALI,ALIMENTOS,Juzgado_5_Familia_Cali,2024,70.0,0.95,21,0,621,1
CAL-05112,CALI,VIF,Juzgado_5_Familia_Cali,2023,70.0,0.95,6,0,331,0
CAL-05113,CALI,ALIMENTOS,Juzgado_Penal_Municipal_1_Cali,2024,70.0,1.35,7,0,571,1
CAL-05114,CALI,ALIMENTOS,Juzgado_Penal_Municipal_2_Cali,2023,70.0,1.15,4,0,495,1
CAL-05115,CALI,VIF,Comisaria_2_Familia_Cali,2020,70.0,1.1,11,0,479,1
CAL-05116,CALI,SUSTANCIAS,Comisaria_3_Familia_Cali,2024,70.0,0.9,5,0,344,0
CAL-05117,CALI,VIF,Juzgado_1_Familia_Cali,2021,70.0,1.45,5,1,465,0
CAL-05118,CALI,ALIMENTOS,Juzgado_4_Familia_Cali,2022,70.0,1.1,4,0,487,1
CAL-05119,CALI,HURTO_PATRIMONIAL,Juzgado_Penal_Municipal_1_Cali,2024,70.0,1.35,1,0,551,1
CAL-05120,CALI,HURTO_PATRIMONIAL,Juzgado_5_Familia_Cali,2023,70.0,0.95,2,0,466,1
CAL-05121,CALI,ALIMENTOS,Juzgado_5_Familia_Cali,2023,70.0,0.95,9,0,507,1
CAL-05122,CALI,SUSTANCIAS,Comisaria_2_Familia_Cali,2022,70.0,1.1,3,0,423,1
CAL-05123,CALI,VIF,Juzgado_1_Familia_Cali,2022,70.0,1.45,5,1,644,1
CAL-05124,CALI,HURTO_PATRIMONIAL,Juzgado_4_Familia_Cali,2024,70.0,1.1,17,0,681,1
CAL-05125,CALI,ALIMENTOS,Comisaria_2_Familia_Cali,2021,70.0,1.1,3,1,625,1
CAL-05126,CALI,ALIMENTOS,Juzgado_1_Familia_Cali,2022,70.0,1.45,1,1,703,1
CAL-05127,CALI,SUSTANCIAS,Juzgado_5_Familia_Cali,2021,70.0,0.95,5,0,365,1
CAL-05128,CALI,SUSTANCIAS,Juzgado_3_Familia_Cali,2022,70.0,1.2,3,0,429,1
CAL-05129,CALI,VIF,Juzgado_4_Familia_Cali,2021,70.0,1.1,4,0,431,1
CAL-05130,CALI,VIF,Comisaria_2_Familia_Cali,2023,70.0,1.1,5,0,408,1
CAL-05131,CALI,HURTO_PATRIMONIAL,Comisaria_1_Familia_Cali,2020,70.0,1.25,3,1,465,0
CAL-05132,CALI,ALIMENTOS,Juzgado_5_Familia_Cali,2024,70.0,0.95,1,0,451,1
CAL-05133,CALI,ALIMENTOS,Juzgado_3_Familia_Cali,2023,70.0,1.2,2,1,664,1
CAL-05134,CALI,HURTO_PATRIMONIAL,Juzgado_2_Familia_Cali,2022,70.0,1.3,3,0,624,1
CAL-05135,CALI,HURTO_PATRIMONIAL,Juzgado_Penal_Municipal_2_Cali,2023,70.0,1.15,5,1,708,1
CAL-05136,CALI,ALIMENTOS,Juzgado_4_Familia_Cali,2024,70.0,1.1,2,1,672,1
CAL-05137,CALI,VIF,Comisaria_2_Familia_Cali,2021,70.0,1.1,4,0,409,1
CAL-05138,CALI,VIF,Juzgado_5_Familia_Cali,2024,70.0,0.95,1,0,215,0
CAL-05139,CALI,VIF,Comisaria_2_Familia_Cali,2021,70.0,1.1,2,0,384,1
CAL-05140,CALI,HURTO_PATRIMONIAL,Juzgado_1_Familia_Cali,2021,70.0,1.45,7,0,667,1
CAL-05141,CALI,ALIMENTOS,Juzgado_2_Familia_Cali,2023,70.0,1.3,11,1,465,0
CAL-05142,CALI,SUSTANCIAS,Comisaria_3_Familia_Cali,2022,70.0,0.9,4,1,378,0
CAL-05143,CALI,ALIMENTOS,Juzgado_Penal_Municipal_1_Cali,2024,70.0,1.35,1,1,695,1
CAL-05144,CALI,HURTO_PATRIMONIAL,Comisaria_1_Familia_Cali,2024,70.0,1.25,3,1,572,0
CAL-05145,CALI,ALIMENTOS,Juzgado_4_Familia_Cali,2021,70.0,1.1,3,1,622,1
CAL-05146,CALI,ALIMENTOS,Juzgado_2_Familia_Cali,2024,70.0,1.3,10,1,498,0
CAL-05147,CALI,VIF,Juzgado_Penal_Municipal_2_Cali,2024,70.0,1.15,8,1,623,1
CAL-05148,CALI,HURTO_PATRIMONIAL,Comisaria_2_Familia_Cali,2022,70.0,1.1,7,1,720,1
CAL-05149,CALI,VIF,Juzgado_Penal_Municipal_2_Cali,2020,70.0,1.15,8,1,576,1
CAL-05150,CALI,VIF,Juzgado_Penal_Municipal_2_Cali,2023,70.0,1.15,1,1,561,1
CAL-05151,CALI,VIF,Comisaria_3_Familia_Cali,2020,70.0,0.9,9,0,395,1
CAL-05152,CALI,HURTO_PATRIMONIAL,Juzgado_3_Familia_Cali,2021,70.0,1.2,5,1,721,1
CAL-05153,CALI,VIF,Juzgado_2_Familia_Cali,2023,70.0,1.3,9,0,504,1
CAL-05154,CALI,VIF,Juzgado_2_Familia_Cali,2022,70.0,1.3,7,0,482,1
CAL-05155,CALI,HURTO_PATRIMONIAL,Juzgado_5_Familia_Cali,2023,70.0,0.95,2,0,462,1
CAL-05156,CALI,VIF,Comisaria_3_Familia_Cali,2020,70.0,0.9,2,0,293,0
CAL-05157,CALI,ALIMENTOS,Juzgado_3_Familia_Cali,2024,70.0,1.2,8,0,547,1
CAL-05158,CALI,ALIMENTOS,Comisaria_3_Familia_Cali,2023,70.0,0.9,3,0,436,1
CAL-05159,CALI,ALIMENTOS,Juzgado_Penal_Municipal_1_Cali,2024,70.0,1.35,3,0,599,1
CAL-05160,CALI,HURTO_PATRIMONIAL,Comisaria_3_Familia_Cali,2024,70.0,0.9,4,0,470,1
CAL-05161,CALI,HURTO_PATRIMONIAL,Comisaria_3_Familia_Cali,2023,70.0,0.9,6,0,280,0
CAL-05162,CALI,ALIMENTOS,Comisaria_1_Familia_Cali,2024,70.0,1.25,1,0,513,1
CAL-05163,CALI,ALIMENTOS,Juzgado_2_Familia_Cali,2021,70.0,1.3,5,0,326,0
CAL-05164,CALI,ALIMENTOS,Juzgado_Penal_Municipal_1_Cali,2024,70.0,1.35,19,0,693,1
CAL-05165,CALI,ALIMENTOS,Juzgado_Penal_Municipal_1_Cali,2021,70.0,1.35,2,0,551,1
CAL-05166,CALI,ALIMENTOS,Comisaria_3_Familia_Cali,2024,70.0,0.9,1,0,400,1
CAL-05167,CALI,VIF,Comisaria_3_Familia_Cali,2022,70.0,0.9,17,0,482,1
CAL-05168,CALI,VIF,Juzgado_Penal_Municipal_1_Cali,2020,70.0,1.35,8,0,501,1
CAL-05169,CALI,ALIMENTOS,Juzgado_Penal_Municipal_2_Cali,2021,70.0,1.15,3,1,626,1
CAL-05170,CALI,VIF,Comisaria_1_Familia_Cali,2023,70.0,1.25,4,0,441,1
CAL-05171,CALI,ALIMENTOS,Comisaria_1_Familia_Cali,2024,70.0,1.25,5,0,542,1
CAL-05172,CALI,VIF,Juzgado_3_Familia_Cali,2024,70.0,1.2,2,0,426,1
CAL-05173,CALI,SUSTANCIAS,Juzgado_Penal_Municipal_2_Cali,2024,70.0,1.15,2,1,599,1
CAL-05174,CALI,VIF,Comisaria_1_Familia_Cali,2024,70.0,1.25,4,0,431,1
CAL-05175,CALI,HURTO_PATRIMONIAL,Comisaria_3_Familia_Cali,2020,70.0,0.9,5,0,430,1
CAL-05176,CALI,ALIMENTOS,Juzgado_5_Familia_Cali,2024,70.0,0.95,1,1,598,1
CAL-05177,CALI,VIF,Comisaria_1_Familia_Cali,2024,70.0,1.25,9,0,227,0
CAL-05178,CALI,VIF,Juzgado_3_Familia_Cali,2023,70.0,1.2,9,1,610,1
CAL-05179,CALI,ALIMENTOS,Comisaria_1_Familia_Cali,2024,70.0,1.25,1,0,514,1
CAL-05180,CALI,SUSTANCIAS,Comisaria_1_Familia_Cali,2024,70.0,1.25,8,1,632,1
CAL-05181,CALI,VIF,Juzgado_Penal_Municipal_1_Cali,2024,70.0,1.35,6,0,479,1
CAL-05182,CALI,VIF,Juzgado_Penal_Municipal_2_Cali,2024,70.0,1.15,4,0,429,1
CAL-05183,CALI,ALIMENTOS,Juzgado_Penal_Municipal_2_Cali,2024,70.0,1.15,1,1,639,1
CAL-05184,CALI,VIF,Juzgado_5_Familia_Cali,2021,70.0,0.95,9,0,414,1
CAL-05185,CALI,ALIMENTOS,Juzgado_4_Familia_Cali,2023,70.0,1.1,2,0,467,1
CAL-05186,CALI,VIF,Juzgado_1_Familia_Cali,2023,70.0,1.45,12,0,557,1
CAL-05187,CALI,VIF,Juzgado_5_Familia_Cali,2024,70.0,0.95,1,0,388,1
CAL-05188,CALI,ALIMENTOS,Juzgado_5_Familia_Cali,2022,70.0,0.95,8,0,480,1
CAL-05189,CALI,VIF,Comisaria_2_Familia_Cali,2021,70.0,1.1,1,0,393,1
CAL-05190,CALI,VIF,Juzgado_1_Familia_Cali,2023,70.0,1.45,11,0,539,1
CAL-05191,CALI,VIF,Comisaria_1_Familia_Cali,2023,70.0,1.25,3,0,280,0
CAL-05192,CALI,VIF,Comisaria_3_Familia_Cali,2024,70.0,0.9,4,0,419,1
CAL-05193,CALI,SUSTANCIAS,Juzgado_2_Familia_Cali,2022,70.0,1.3,6,0,482,1
CAL-05194,CALI,ALIMENTOS,Juzgado_Penal_Municipal_2_Cali,2023,70.0,1.15,2,1,683,1
CAL-05195,CALI,ALIMENTOS,Juzgado_5_Familia_Cali,2020,70.0,0.95,4,1,614,1
CAL-05196,CALI,ALIMENTOS,Comisaria_1_Familia_Cali,2023,70.0,1.25,3,1,673,1
CAL-05197,CALI,ALIMENTOS,Juzgado_5_Familia_Cali,2021,70.0,0.95,3,1,574,1
CAL-05198,CALI,SUSTANCIAS,Juzgado_2_Familia_Cali,2021,70.0,1.3,1,0,441,1
CAL-05199,CALI,VIF,Comisaria_3_Familia_Cali,2022,70.0,0.9,11,0,444,1
CAL-05200,CALI,SUSTANCIAS,Juzgado_4_Familia_Cali,2024,70.0,1.1,7,1,634,1
CAL-05201,CALI,VIF,Comisaria_2_Familia_Cali,2024,70.0,1.1,6,0,372,0
CAL-05202,CALI,VIF,Comisaria_2_Familia_Cali,2020,70.0,1.1,2,0,382,1
CAL-05203,CALI,VIF,Juzgado_Penal_Municipal_1_Cali,2021,70.0,1.35,5,0,467,1
CAL-05204,CALI,VIF,Juzgado_2_Familia_Cali,2023,70.0,1.3,2,0,385,0
CAL-05205,CALI,ALIMENTOS,Juzgado_4_Familia_Cali,2024,70.0,1.1,6,0,499,1
CAL-05206,CALI,VIF,Juzgado_2_Familia_Cali,2022,70.0,1.3,3,0,420,1
CAL-05207,CALI,VIF,Comisaria_1_Familia_Cali,2023,70.0,1.25,7,0,481,1
CAL-05208,CALI,ALIMENTOS,Comisaria_2_Familia_Cali,2024,70.0,1.1,4,1,649,1
CAL-05209,CALI,HURTO_PATRIMONIAL,Juzgado_Penal_Municipal_1_Cali,2024,70.0,1.35,3,0,623,1
CAL-05210,CALI,ALIMENTOS,Juzgado_1_Familia_Cali,2023,70.0,1.45,5,0,614,1
CAL-05211,CALI,VIF,Juzgado_5_Familia_Cali,2023,70.0,0.95,2,0,186,0
CAL-05212,CALI,VIF,Juzgado_5_Familia_Cali,2023,70.0,0.95,1,0,353,1
CAL-05213,CALI,ALIMENTOS,Juzgado_1_Familia_Cali,2023,70.0,1.45,5,1,519,0
CAL-05214,CALI,VIF,Juzgado_3_Familia_Cali,2021,70.0,1.2,1,0,437,1
CAL-05215,CALI,ALIMENTOS,Comisaria_2_Familia_Cali,2020,70.0,1.1,7,0,488,1
CAL-05216,CALI,VIF,Comisaria_2_Familia_Cali,2021,70.0,1.1,6,0,428,1
CAL-05217,CALI,VIF,Juzgado_Penal_Municipal_1_Cali,2024,70.0,1.35,12,0,542,1
CAL-05218,CALI,ALIMENTOS,Comisaria_2_Familia_Cali,2023,70.0,1.1,2,1,638,1
CAL-05219,CALI,SUSTANCIAS,Comisaria_3_Familia_Cali,2024,70.0,0.9,9,0,290,0
CAL-05220,CALI,VIF,Juzgado_Penal_Municipal_2_Cali,2021,70.0,1.15,2,0,392,1
CAL-05221,CALI,VIF,Comisaria_1_Familia_Cali,2020,70.0,1.25,1,0,435,1
CAL-05222,CALI,HURTO_PATRIMONIAL,Juzgado_3_Familia_Cali,2024,70.0,1.2,2,1,507,0
CAL-05223,CALI,ALIMENTOS,Juzgado_Penal_Municipal_1_Cali,2020,70.0,1.35,9,1,722,1
CAL-05224,CALI,ALIMENTOS,Juzgado_Penal_Municipal_2_Cali,2022,70.0,1.15,2,0,496,1
CAL-05225,CALI,ALIMENTOS,Juzgado_Penal_Municipal_1_Cali,2022,70.0,1.35,8,0,570,1
CAL-05226,CALI,VIF,Comisaria_3_Familia_Cali,2022,70.0,0.9,9,1,545,1
CAL-05227,CALI,VIF,Comisaria_1_Familia_Cali,2023,70.0,1.25,2,0,425,1
CAL-05228,CALI,SUSTANCIAS,Comisaria_1_Familia_Cali,2021,70.0,1.25,4,0,471,1
CAL-05229,CALI,ALIMENTOS,Juzgado_5_Familia_Cali,2023,70.0,0.95,8,0,487,1
CAL-05230,CALI,ALIMENTOS,Comisaria_2_Familia_Cali,2024,70.0,1.1,7,0,540,1
CAL-05231,CALI,ALIMENTOS,Juzgado_Penal_Municipal_2_Cali,2022,70.0,1.15,2,1,652,1
CAL-05232,CALI,SUSTANCIAS,Juzgado_2_Familia_Cali,2024,70.0,1.3,12,0,506,1
CAL-05233,CALI,HURTO_PATRIMONIAL,Juzgado_4_Familia_Cali,2022,70.0,1.1,3,0,523,1
CAL-05234,CALI,VIF,Juzgado_1_Familia_Cali,2023,70.0,1.45,4,0,494,1
CAL-05235,CALI,ALIMENTOS,Juzgado_3_Familia_Cali,2022,70.0,1.2,3,0,497,1
CAL-05236,CALI,ALIMENTOS,Juzgado_5_Familia_Cali,2023,70.0,0.95,3,0,385,1
CAL-05237,CALI,HURTO_PATRIMONIAL,Comisaria_3_Familia_Cali,2023,70.0,0.9,3,1,640,1
CAL-05238,CALI,ALIMENTOS,Juzgado_Penal_Municipal_2_Cali,2024,70.0,1.15,5,0,524,1
CAL-05239,CALI,ALIMENTOS,Juzgado_2_Familia_Cali,2021,70.0,1.3,6,0,449,0
CAL-05240,CALI,VIF,Juzgado_5_Familia_Cali,2024,70.0,0.95,7,0,205,0
CAL-05241,CALI,VIF,Juzgado_5_Familia_Cali,2024,70.0,0.95,11,0,468,1
CAL-05242,CALI,VIF,Comisaria_1_Familia_Cali,2023,70.0,1.25,14,0,515,1
CAL-05243,CALI,ALIMENTOS,Comisaria_3_Familia_Cali,2021,70.0,0.9,4,0,410,1
CAL-05244,CALI,ALIMENTOS,Juzgado_Penal_Municipal_2_Cali,2022,70.0,1.15,7,0,505,1
CAL-05245,CALI,VIF,Juzgado_1_Familia_Cali,2023,70.0,1.45,6,0,511,1
CAL-05246,CALI,VIF,Juzgado_Penal_Municipal_2_Cali,2023,70.0,1.15,5,1,358,0
CAL-05247,CALI,VIF,Juzgado_3_Familia_Cali,2024,70.0,1.2,5,0,446,1
CAL-05248,CALI,ALIMENTOS,Juzgado_1_Familia_Cali,2024,70.0,1.45,3,1,718,1
CAL-05249,CALI,ALIMENTOS,Comisaria_3_Familia_Cali,2020,70.0,0.9,4,0,424,1
CAL-05250,CALI,ALIMENTOS,Juzgado_Penal_Municipal_1_Cali,2024,70.0,1.35,3,0,537,1
CAL-05251,CALI,VIF,Juzgado_3_Familia_Cali,2024,70.0,1.2,8,0,463,1
CAL-05252,CALI,VIF,Juzgado_Penal_Municipal_2_Cali,2022,70.0,1.15,5,1,586,1
CAL-05253,CALI,ALIMENTOS,Juzgado_Penal_Municipal_1_Cali,2022,70.0,1.35,10,0,570,1
CAL-05254,CALI,VIF,Comisaria_2_Familia_Cali,2024,70.0,1.1,3,1,578,1
CAL-05255,CALI,HURTO_PATRIMONIAL,Juzgado_5_Familia_Cali,2022,70.0,0.95,7,0,360,0
CAL-05256,CALI,ALIMENTOS,Juzgado_4_Familia_Cali,2024,70.0,1.1,6,0,508,1
CAL-05257,CALI,VIF,Juzgado_Penal_Municipal_1_Cali,2023,70.0,1.35,7,0,286,0
CAL-05258,CALI,HURTO_PATRIMONIAL,Comisaria_3_Familia_Cali,2024,70.0,0.9,3,0,458,1
CAL-05259,CALI,VIF,Juzgado_4_Familia_Cali,2023,70.0,1.1,7,0,444,1
CAL-05260,CALI,ALIMENTOS,Juzgado_3_Familia_Cali,2020,70.0,1.2,2,1,619,1
CAL-05261,CALI,VIF,Juzgado_Penal_Municipal_2_Cali,2022,70.0,1.15,1,0,389,1
CAL-05262,CALI,ALIMENTOS,Comisaria_1_Familia_Cali,2023,70.0,1.25,5,1,382,0
CAL-05263,CALI,VIF,Juzgado_Penal_Municipal_2_Cali,2023,70.0,1.15,5,0,445,1
CAL-05264,CALI,SUSTANCIAS,Juzgado_3_Familia_Cali,2024,70.0,1.2,8,0,516,1
CAL-05265,CALI,VIF,Juzgado_4_Familia_Cali,2022,70.0,1.1,10,0,478,1
CAL-05266,CALI,ALIMENTOS,Juzgado_5_Familia_Cali,2024,70.0,0.95,2,0,411,1
CAL-05267,CALI,SUSTANCIAS,Juzgado_2_Familia_Cali,2023,70.0,1.3,4,0,478,1
CAL-05268,CALI,SUSTANCIAS,Juzgado_3_Familia_Cali,2024,70.0,1.2,12,1,684,1
CAL-05269,CALI,ALIMENTOS,Juzgado_5_Familia_Cali,2023,70.0,0.95,9,0,485,1
CAL-05270,CALI,VIF,Comisaria_3_Familia_Cali,2024,70.0,0.9,6,0,384,1
CAL-05271,CALI,VIF,Comisaria_1_Familia_Cali,2024,70.0,1.25,2,0,433,1
CAL-05272,CALI,ALIMENTOS,Comisaria_3_Familia_Cali,2023,70.0,0.9,5,1,633,1
CAL-05273,CALI,ALIMENTOS,Juzgado_1_Familia_Cali,2022,70.0,1.45,2,0,555,1
CAL-05274,CALI,VIF,Juzgado_2_Familia_Cali,2023,70.0,1.3,4,0,469,1
CAL-05275,CALI,SUSTANCIAS,Comisaria_1_Familia_Cali,2022,70.0,1.25,7,0,515,1
CAL-05276,CALI,VIF,Comisaria_3_Familia_Cali,2023,70.0,0.9,2,0,341,1
CAL-05277,CALI,ALIMENTOS,Juzgado_2_Familia_Cali,2024,70.0,1.3,10,1,569,0
CAL-05278,CALI,ALIMENTOS,Juzgado_4_Familia_Cali,2021,70.0,1.1,12,0,561,1
CAL-05279,CALI,VIF,Juzgado_4_Familia_Cali,2024,70.0,1.1,8,0,467,1
CAL-05280,CALI,ALIMENTOS,Juzgado_Penal_Municipal_2_Cali,2023,70.0,1.15,3,0,505,1
CAL-05281,CALI,HURTO_PATRIMONIAL,Juzgado_Penal_Municipal_2_Cali,2020,70.0,1.15,2,0,524,1
CAL-05282,CALI,ALIMENTOS,Juzgado_1_Familia_Cali,2024,70.0,1.45,2,0,537,1
CAL-05283,CALI,VIF,Comisaria_3_Familia_Cali,2023,70.0,0.9,2,0,371,1
CAL-05284,CALI,HURTO_PATRIMONIAL,Juzgado_Penal_Municipal_1_Cali,2022,70.0,1.35,10,1,708,0
CAL-05285,CALI,VIF,Juzgado_3_Familia_Cali,2024,70.0,1.2,12,0,492,1
CAL-05286,CALI,HURTO_PATRIMONIAL,Juzgado_3_Familia_Cali,2024,70.0,1.2,4,1,729,1
CAL-05287,CALI,ALIMENTOS,Juzgado_4_Familia_Cali,2024,70.0,1.1,5,0,374,0
CAL-05288,CALI,SUSTANCIAS,Juzgado_1_Familia_Cali,2024,70.0,1.45,8,1,684,1
CAL-05289,CALI,HURTO_PATRIMONIAL,Comisaria_1_Familia_Cali,2024,70.0,1.25,1,0,588,1
CAL-05290,CALI,ALIMENTOS,Juzgado_1_Familia_Cali,2021,70.0,1.45,3,0,561,1
CAL-05291,CALI,VIF,Juzgado_4_Familia_Cali,2024,70.0,1.1,4,1,566,1
CAL-05292,CALI,ALIMENTOS,Juzgado_3_Familia_Cali,2021,70.0,1.2,3,1,640,1
CAL-05293,CALI,ALIMENTOS,Juzgado_1_Familia_Cali,2023,70.0,1.45,2,1,691,1
CAL-05294,CALI,ALIMENTOS,Comisaria_1_Familia_Cali,2022,70.0,1.25,2,0,229,0
CAL-05295,CALI,VIF,Comisaria_1_Familia_Cali,2022,70.0,1.25,5,0,458,1
CAL-05296,CALI,SUSTANCIAS,Juzgado_Penal_Municipal_1_Cali,2021,70.0,1.35,12,0,576,1
CAL-05297,CALI,ALIMENTOS,Comisaria_3_Familia_Cali,2024,70.0,0.9,4,1,295,0
CAL-05298,CALI,ALIMENTOS,Juzgado_Penal_Municipal_2_Cali,2021,70.0,1.15,1,0,471,1
CAL-05299,CALI,VIF,Comisaria_2_Familia_Cali,2021,70.0,1.1,6,1,483,0
CAL-05300,CALI,ALIMENTOS,Juzgado_Penal_Municipal_1_Cali,2024,70.0,1.35,3,0,431,0
CAL-05301,CALI,VIF,Juzgado_5_Familia_Cali,2021,70.0,0.95,5,0,378,1
CAL-05302,CALI,ALIMENTOS,Comisaria_3_Familia_Cali,2023,70.0,0.9,4,0,452,1
CAL-05303,CALI,VIF,Juzgado_1_Familia_Cali,2023,70.0,1.45,6,0,502,1
CAL-05304,CALI,VIF,Juzgado_2_Familia_Cali,2022,70.0,1.3,4,1,605,1
CAL-05305,CALI,ALIMENTOS,Comisaria_3_Familia_Cali,2021,70.0,0.9,1,1,556,1
CAL-05306,CALI,SUSTANCIAS,Comisaria_2_Familia_Cali,2021,70.0,1.1,3,0,419,1
CAL-05307,CALI,VIF,Comisaria_1_Familia_Cali,2024,70.0,1.25,2,0,446,1
CAL-05308,CALI,VIF,Comisaria_1_Familia_Cali,2021,70.0,1.25,12,1,669,1
CAL-05309,CALI,ALIMENTOS,Comisaria_1_Familia_Cali,2022,70.0,1.25,1,1,638,1
CAL-05310,CALI,SUSTANCIAS,Comisaria_3_Familia_Cali,2022,70.0,0.9,5,1,586,1
CAL-05311,CALI,HURTO_PATRIMONIAL,Juzgado_5_Familia_Cali,2024,70.0,0.95,3,0,508,1
CAL-05312,CALI,VIF,Comisaria_2_Familia_Cali,2024,70.0,1.1,4,1,552,1
CAL-05313,CALI,ALIMENTOS,Comisaria_1_Familia_Cali,2023,70.0,1.25,5,0,560,1
CAL-05314,CALI,ALIMENTOS,Juzgado_2_Familia_Cali,2024,70.0,1.3,8,0,620,1
CAL-05315,CALI,VIF,Juzgado_1_Familia_Cali,2020,70.0,1.45,1,0,455,1
CAL-05316,CALI,ALIMENTOS,Juzgado_Penal_Municipal_1_Cali,2021,70.0,1.35,2,0,512,1
CAL-05317,CALI,VIF,Juzgado_2_Familia_Cali,2021,70.0,1.3,3,1,608,1
CAL-05318,CALI,HURTO_PATRIMONIAL,Juzgado_3_Familia_Cali,2022,70.0,1.2,2,1,693,1
CAL-05319,CALI,SUSTANCIAS,Juzgado_3_Familia_Cali,2022,70.0,1.2,2,0,442,1
CAL-05320,CALI,ALIMENTOS,Juzgado_5_Familia_Cali,2024,70.0,0.95,3,1,618,1
CAL-05321,CALI,ALIMENTOS,Juzgado_Penal_Municipal_1_Cali,2020,70.0,1.35,11,0,603,1
CAL-05322,CALI,ALIMENTOS,Comisaria_3_Familia_Cali,2024,70.0,0.9,6,0,489,1
CAL-05323,CALI,SUSTANCIAS,Juzgado_4_Familia_Cali,2021,70.0,1.1,4,0,431,1
CAL-05324,CALI,ALIMENTOS,Juzgado_Penal_Municipal_2_Cali,2023,70.0,1.15,5,0,489,1
CAL-05325,CALI,HURTO_PATRIMONIAL,Comisaria_1_Familia_Cali,2023,70.0,1.25,1,0,540,1
CAL-05326,CALI,ALIMENTOS,Comisaria_1_Familia_Cali,2022,70.0,1.25,11,0,610,1
CAL-05327,CALI,ALIMENTOS,Juzgado_4_Familia_Cali,2020,70.0,1.1,6,0,480,1
CAL-05328,CALI,VIF,Juzgado_4_Familia_Cali,2022,70.0,1.1,5,1,588,1
CAL-05329,CALI,HURTO_PATRIMONIAL,Juzgado_Penal_Municipal_2_Cali,2022,70.0,1.15,3,0,527,1
CAL-05330,CALI,ALIMENTOS,Juzgado_2_Familia_Cali,2023,70.0,1.3,10,0,594,1
CAL-05331,CALI,SUSTANCIAS,Comisaria_1_Familia_Cali,2022,70.0,1.25,3,0,455,1
CAL-05332,CALI,ALIMENTOS,Juzgado_4_Familia_Cali,2022,70.0,1.1,3,0,486,1
CAL-05333,CALI,ALIMENTOS,Comisaria_3_Familia_Cali,2024,70.0,0.9,1,0,411,1
CAL-05334,CALI,ALIMENTOS,Juzgado_3_Familia_Cali,2023,70.0,1.2,1,1,662,1
CAL-05335,CALI,SUSTANCIAS,Juzgado_2_Familia_Cali,2023,70.0,1.3,6,0,494,1
CAL-05336,CALI,ALIMENTOS,Juzgado_1_Familia_Cali,2024,70.0,1.45,14,1,647,0
CAL-05337,CALI,ALIMENTOS,Comisaria_3_Familia_Cali,2021,70.0,0.9,6,0,461,1
CAL-05338,CALI,VIF,Juzgado_3_Familia_Cali,2023,70.0,1.2,1,0,411,1
CAL-05339,CALI,SUSTANCIAS,Comisaria_3_Familia_Cali,2020,70.0,0.9,5,0,368,1
CAL-05340,CALI,ALIMENTOS,Juzgado_4_Familia_Cali,2023,70.0,1.1,5,1,684,1
CAL-05341,CALI,VIF,Comisaria_2_Familia_Cali,2022,70.0,1.1,5,1,581,1
CAL-05342,CALI,SUSTANCIAS,Juzgado_Penal_Municipal_2_Cali,2024,70.0,1.15,25,0,633,1
CAL-05343,CALI,ALIMENTOS,Comisaria_1_Familia_Cali,2024,70.0,1.25,3,1,433,0
CAL-05344,CALI,VIF,Juzgado_Penal_Municipal_1_Cali,2021,70.0,1.35,1,0,422,1
CAL-05345,CALI,VIF,Comisaria_2_Familia_Cali,2023,70.0,1.1,6,0,443,1
CAL-05346,CALI,ALIMENTOS,Juzgado_1_Familia_Cali,2020,70.0,1.45,6,0,591,1
CAL-05347,CALI,HURTO_PATRIMONIAL,Juzgado_4_Familia_Cali,2023,70.0,1.1,1,1,679,1
CAL-05348,CALI,ALIMENTOS,Juzgado_3_Familia_Cali,2024,70.0,1.2,9,1,694,1
CAL-05349,CALI,VIF,Comisaria_2_Familia_Cali,2020,70.0,1.1,2,0,414,1
CAL-05350,CALI,ALIMENTOS,Juzgado_Penal_Municipal_1_Cali,2022,70.0,1.35,6,0,546,1
CAL-05351,CALI,VIF,Juzgado_5_Familia_Cali,2023,70.0,0.95,3,1,528,1
CAL-05352,CALI,VIF,Juzgado_1_Familia_Cali,2023,70.0,1.45,1,0,452,1
CAL-05353,CALI,ALIMENTOS,Juzgado_Penal_Municipal_1_Cali,2024,70.0,1.35,5,0,595,1
CAL-05354,CALI,HURTO_PATRIMONIAL,Juzgado_3_Familia_Cali,2024,70.0,1.2,12,1,561,0
CAL-05355,CALI,ALIMENTOS,Comisaria_3_Familia_Cali,2022,70.0,0.9,1,1,563,1
CAL-05356,CALI,ALIMENTOS,Juzgado_3_Familia_Cali,2023,70.0,1.2,4,1,426,0
CAL-05357,CALI,HURTO_PATRIMONIAL,Juzgado_5_Familia_Cali,2020,70.0,0.95,4,0,444,1
CAL-05358,CALI,VIF,Comisaria_2_Familia_Cali,2022,70.0,1.1,4,0,386,1
CAL-05359,CALI,ALIMENTOS,Comisaria_3_Familia_Cali,2024,70.0,0.9,4,0,411,1
CAL-05360,CALI,VIF,Juzgado_2_Familia_Cali,2024,70.0,1.3,8,0,491,1
CAL-05361,CALI,VIF,Juzgado_1_Familia_Cali,2023,70.0,1.45,2,0,464,1
CAL-05362,CALI,ALIMENTOS,Comisaria_3_Familia_Cali,2024,70.0,0.9,7,1,631,1
CAL-05363,CALI,ALIMENTOS,Juzgado_5_Familia_Cali,2023,70.0,0.95,13,0,540,1
CAL-05364,CALI,ALIMENTOS,Comisaria_1_Familia_Cali,2024,70.0,1.25,5,1,332,0
CAL-05365,CALI,ALIMENTOS,Juzgado_5_Familia_Cali,2023,70.0,0.95,8,0,502,1
CAL-05366,CALI,HURTO_PATRIMONIAL,Comisaria_1_Familia_Cali,2024,70.0,1.25,3,1,711,1
CAL-05367,CALI,VIF,Juzgado_4_Familia_Cali,2021,70.0,1.1,7,0,308,0
CAL-05368,CALI,HURTO_PATRIMONIAL,Juzgado_5_Familia_Cali,2022,70.0,0.95,6,1,644,1
CAL-05369,CALI,VIF,Comisaria_2_Familia_Cali,2021,70.0,1.1,4,1,560,1
CAL-05370,CALI,VIF,Comisaria_2_Familia_Cali,2021,70.0,1.1,7,0,453,1
CAL-05371,CALI,HURTO_PATRIMONIAL,Juzgado_Penal_Municipal_2_Cali,2022,70.0,1.15,4,0,548,1
CAL-05372,CALI,ALIMENTOS,Juzgado_2_Familia_Cali,2022,70.0,1.3,6,0,564,1
CAL-05373,CALI,HURTO_PATRIMONIAL,Juzgado_4_Familia_Cali,2021,70.0,1.1,2,1,663,1
CAL-05374,CALI,HURTO_PATRIMONIAL,Comisaria_2_Familia_Cali,2023,70.0,1.1,7,0,268,0
CAL-05375,CALI,VIF,Juzgado_5_Familia_Cali,2024,70.0,0.95,2,1,529,1
CAL-05376,CALI,SUSTANCIAS,Comisaria_3_Familia_Cali,2024,70.0,0.9,4,1,554,1
CAL-05377,CALI,HURTO_PATRIMONIAL,Juzgado_4_Familia_Cali,2023,70.0,1.1,13,0,388,0
CAL-05378,CALI,ALIMENTOS,Comisaria_2_Familia_Cali,2020,70.0,1.1,3,0,349,0
CAL-05379,CALI,SUSTANCIAS,Juzgado_2_Familia_Cali,2023,70.0,1.3,6,1,674,1
CAL-05380,CALI,SUSTANCIAS,Comisaria_3_Familia_Cali,2023,70.0,0.9,5,0,409,1
CAL-05381,CALI,HURTO_PATRIMONIAL,Comisaria_2_Familia_Cali,2022,70.0,1.1,1,0,281,0
CAL-05382,CALI,SUSTANCIAS,Comisaria_3_Familia_Cali,2024,70.0,0.9,6,0,415,1
CAL-05383,CALI,ALIMENTOS,Comisaria_1_Familia_Cali,2023,70.0,1.25,3,0,523,1
CAL-05384,CALI,HURTO_PATRIMONIAL,Comisaria_3_Familia_Cali,2023,70.0,0.9,12,0,585,1
CAL-05385,CALI,ALIMENTOS,Comisaria_3_Familia_Cali,2022,70.0,0.9,1,0,414,1
CAL-05386,CALI,VIF,Juzgado_2_Familia_Cali,2023,70.0,1.3,3,0,428,1
CAL-05387,CALI,VIF,Juzgado_Penal_Municipal_1_Cali,2020,70.0,1.35,1,0,428,1
CAL-05388,CALI,VIF,Juzgado_Penal_Municipal_1_Cali,2024,70.0,1.35,2,0,443,1
CAL-05389,CALI,VIF,Comisaria_3_Familia_Cali,2024,70.0,0.9,1,1,497,1
CAL-05390,CALI,SUSTANCIAS,Juzgado_2_Familia_Cali,2021,70.0,1.3,3,0,463,1
CAL-05391,CALI,ALIMENTOS,Juzgado_5_Familia_Cali,2023,70.0,0.95,7,0,482,1
CAL-05392,CALI,VIF,Comisaria_1_Familia_Cali,2023,70.0,1.25,2,0,433,1
CAL-05393,CALI,VIF,Juzgado_1_Familia_Cali,2020,70.0,1.45,9,0,331,0
CAL-05394,CALI,SUSTANCIAS,Juzgado_4_Familia_Cali,2020,70.0,1.1,2,0,396,1
CAL-05395,CALI,HURTO_PATRIMONIAL,Comisaria_2_Familia_Cali,2022,70.0,1.1,6,1,683,1
CAL-05396,CALI,VIF,Juzgado_Penal_Municipal_1_Cali,2020,70.0,1.35,9,0,478,1
CAL-05397,CALI,HURTO_PATRIMONIAL,Juzgado_Penal_Municipal_2_Cali,2020,70.0,1.15,2,0,520,1
CAL-05398,CALI,ALIMENTOS,Juzgado_Penal_Municipal_2_Cali,2023,70.0,1.15,1,0,492,1
CAL-05399,CALI,HURTO_PATRIMONIAL,Juzgado_1_Familia_Cali,2023,70.0,1.45,7,0,467,0
CAL-05400,CALI,ALIMENTOS,Juzgado_Penal_Municipal_1_Cali,2022,70.0,1.35,4,0,529,1
CAL-05401,CALI,VIF,Juzgado_5_Familia_Cali,2023,70.0,0.95,8,0,422,1
CAL-05402,CALI,VIF,Juzgado_1_Familia_Cali,2020,70.0,1.45,3,1,621,1
CAL-05403,CALI,ALIMENTOS,Comisaria_1_Familia_Cali,2024,70.0,1.25,6,0,560,1
CAL-05404,CALI,ALIMENTOS,Juzgado_5_Familia_Cali,2023,70.0,0.95,9,1,632,1
CAL-05405,CALI,ALIMENTOS,Juzgado_3_Familia_Cali,2024,70.0,1.2,10,0,601,1
CAL-05406,CALI,VIF,Juzgado_5_Familia_Cali,2024,70.0,0.95,3,0,366,1
CAL-05407,CALI,VIF,Comisaria_3_Familia_Cali,2020,70.0,0.9,2,0,363,1
CAL-05408,CALI,ALIMENTOS,Comisaria_1_Familia_Cali,2022,70.0,1.25,4,0,558,1
CAL-05409,CALI,ALIMENTOS,Comisaria_2_Familia_Cali,2022,70.0,1.1,6,0,502,1
CAL-05410,CALI,HURTO_PATRIMONIAL,Juzgado_4_Familia_Cali,2021,70.0,1.1,4,1,658,1
CAL-05411,CALI,ALIMENTOS,Comisaria_2_Familia_Cali,2022,70.0,1.1,13,0,572,1
CAL-05412,CALI,VIF,Juzgado_3_Familia_Cali,2021,70.0,1.2,7,0,469,1
CAL-05413,CALI,HURTO_PATRIMONIAL,Juzgado_4_Familia_Cali,2021,70.0,1.1,2,1,622,1
CAL-05414,CALI,SUSTANCIAS,Juzgado_Penal_Municipal_1_Cali,2020,70.0,1.35,6,0,510,1
CAL-05415,CALI,ALIMENTOS,Juzgado_Penal_Municipal_2_Cali,2020,70.0,1.15,3,0,471,1
CAL-05416,CALI,ALIMENTOS,Juzgado_Penal_Municipal_1_Cali,2024,70.0,1.35,2,1,673,1
CAL-05417,CALI,ALIMENTOS,Juzgado_5_Familia_Cali,2023,70.0,0.95,3,1,597,1
CAL-05418,CALI,VIF,Juzgado_3_Familia_Cali,2020,70.0,1.2,5,1,584,1
CAL-05419,CALI,ALIMENTOS,Juzgado_Penal_Municipal_1_Cali,2022,70.0,1.35,6,0,601,1
CAL-05420,CALI,ALIMENTOS,Comisaria_3_Familia_Cali,2020,70.0,0.9,5,1,587,1
CAL-05421,CALI,HURTO_PATRIMONIAL,Comisaria_1_Familia_Cali,2023,70.0,1.25,10,0,610,1
CAL-05422,CALI,ALIMENTOS,Comisaria_2_Familia_Cali,2021,70.0,1.1,5,0,500,1
CAL-05423,CALI,HURTO_PATRIMONIAL,Comisaria_2_Familia_Cali,2023,70.0,1.1,1,0,484,1
CAL-05424,CALI,ALIMENTOS,Comisaria_1_Familia_Cali,2023,70.0,1.25,3,0,552,1
CAL-05425,CALI,ALIMENTOS,Juzgado_2_Familia_Cali,2022,70.0,1.3,2,1,425,0
CAL-05426,CALI,ALIMENTOS,Juzgado_3_Familia_Cali,2024,70.0,1.2,5,1,694,1
CAL-05427,CALI,ALIMENTOS,Comisaria_3_Familia_Cali,2022,70.0,0.9,4,1,283,0
CAL-05428,CALI,VIF,Comisaria_3_Familia_Cali,2020,70.0,0.9,9,0,433,1
CAL-05429,CALI,SUSTANCIAS,Comisaria_1_Familia_Cali,2023,70.0,1.25,4,0,242,0
CAL-05430,CALI,ALIMENTOS,Comisaria_2_Familia_Cali,2024,70.0,1.1,8,0,525,1
CAL-05431,CALI,ALIMENTOS,Comisaria_2_Familia_Cali,2024,70.0,1.1,6,0,548,1
CAL-05432,CALI,ALIMENTOS,Juzgado_2_Familia_Cali,2021,70.0,1.3,2,0,532,1
CAL-05433,CALI,VIF,Comisaria_2_Familia_Cali,2021,70.0,1.1,7,0,425,1
CAL-05434,CALI,VIF,Comisaria_2_Familia_Cali,2024,70.0,1.1,4,0,419,1
CAL-05435,CALI,VIF,Juzgado_5_Familia_Cali,2024,70.0,0.95,4,0,202,0
CAL-05436,CALI,HURTO_PATRIMONIAL,Juzgado_Penal_Municipal_1_Cali,2022,70.0,1.35,4,0,612,1
CAL-05437,CALI,VIF,Comisaria_1_Familia_Cali,2020,70.0,1.25,2,0,415,1
CAL-05438,CALI,ALIMENTOS,Comisaria_2_Familia_Cali,2024,70.0,1.1,4,0,438,0
CAL-05439,CALI,HURTO_PATRIMONIAL,Juzgado_Penal_Municipal_1_Cali,2023,70.0,1.35,7,0,587,1
CAL-05440,CALI,ALIMENTOS,Juzgado_4_Familia_Cali,2024,70.0,1.1,3,1,647,1
CAL-05441,CALI,ALIMENTOS,Juzgado_5_Familia_Cali,2023,70.0,0.95,12,1,671,1
CAL-05442,CALI,VIF,Comisaria_2_Familia_Cali,2021,70.0,1.1,2,0,401,1
CAL-05443,CALI,VIF,Juzgado_3_Familia_Cali,2021,70.0,1.2,11,0,490,1
CAL-05444,CALI,ALIMENTOS,Comisaria_3_Familia_Cali,2022,70.0,0.9,1,0,359,0
CAL-05445,CALI,ALIMENTOS,Juzgado_2_Familia_Cali,2023,70.0,1.3,7,1,704,1
CAL-05446,CALI,VIF,Comisaria_2_Familia_Cali,2024,70.0,1.1,3,0,376,1
CAL-05447,CALI,SUSTANCIAS,Juzgado_4_Familia_Cali,2023,70.0,1.1,15,0,239,0
CAL-05448,CALI,VIF,Juzgado_2_Familia_Cali,2022,70.0,1.3,17,1,724,1
CAL-05449,CALI,HURTO_PATRIMONIAL,Juzgado_Penal_Municipal_2_Cali,2022,70.0,1.15,5,1,617,0
CAL-05450,CALI,ALIMENTOS,Juzgado_Penal_Municipal_2_Cali,2021,70.0,1.15,4,1,635,1
CAL-05451,CALI,ALIMENTOS,Comisaria_1_Familia_Cali,2020,70.0,1.25,3,0,517,1
CAL-05452,CALI,ALIMENTOS,Juzgado_Penal_Municipal_2_Cali,2020,70.0,1.15,8,0,519,1
CAL-05453,CALI,VIF,Juzgado_1_Familia_Cali,2024,70.0,1.45,2,0,464,1
CAL-05454,CALI,VIF,Comisaria_1_Familia_Cali,2023,70.0,1.25,4,0,439,1
CAL-05455,CALI,VIF,Juzgado_Penal_Municipal_2_Cali,2021,70.0,1.15,2,0,395,1
CAL-05456,CALI,VIF,Juzgado_3_Familia_Cali,2024,70.0,1.2,4,0,437,1
CAL-05457,CALI,ALIMENTOS,Juzgado_Penal_Municipal_2_Cali,2020,70.0,1.15,7,0,519,1
CAL-05458,CALI,ALIMENTOS,Juzgado_1_Familia_Cali,2023,70.0,1.45,6,1,599,0
CAL-05459,CALI,SUSTANCIAS,Juzgado_4_Familia_Cali,2021,70.0,1.1,2,1,564,1
CAL-05460,CALI,VIF,Juzgado_Penal_Municipal_2_Cali,2023,70.0,1.15,13,0,511,1
CAL-05461,CALI,ALIMENTOS,Juzgado_Penal_Municipal_1_Cali,2021,70.0,1.35,2,1,689,1
CAL-05462,CALI,SUSTANCIAS,Juzgado_3_Familia_Cali,2022,70.0,1.2,15,0,538,1
CAL-05463,CALI,ALIMENTOS,Juzgado_Penal_Municipal_2_Cali,2023,70.0,1.15,1,1,608,1
CAL-05464,CALI,SUSTANCIAS,Comisaria_3_Familia_Cali,2023,70.0,0.9,2,0,354,1
CAL-05465,CALI,SUSTANCIAS,Juzgado_4_Familia_Cali,2024,70.0,1.1,1,0,414,1
CAL-05466,CALI,HURTO_PATRIMONIAL,Juzgado_3_Familia_Cali,2022,70.0,1.2,13,0,629,1
CAL-05467,CALI,HURTO_PATRIMONIAL,Comisaria_1_Familia_Cali,2021,70.0,1.25,1,0,521,1
CAL-05468,CALI,HURTO_PATRIMONIAL,Juzgado_Penal_Municipal_2_Cali,2024,70.0,1.15,5,0,579,1
CAL-05469,CALI,VIF,Juzgado_5_Familia_Cali,2023,70.0,0.95,5,0,410,1
CAL-05470,CALI,ALIMENTOS,Juzgado_2_Familia_Cali,2022,70.0,1.3,1,0,542,1
CAL-05471,CALI,ALIMENTOS,Juzgado_2_Familia_Cali,2021,70.0,1.3,1,0,517,1
CAL-05472,CALI,ALIMENTOS,Juzgado_3_Familia_Cali,2024,70.0,1.2,1,0,508,1
CAL-05473,CALI,VIF,Comisaria_3_Familia_Cali,2023,70.0,0.9,4,0,225,0
CAL-05474,CALI,HURTO_PATRIMONIAL,Comisaria_1_Familia_Cali,2024,70.0,1.25,3,0,583,1
CAL-05475,CALI,VIF,Juzgado_1_Familia_Cali,2020,70.0,1.45,4,0,495,1
CAL-05476,CALI,HURTO_PATRIMONIAL,Juzgado_2_Familia_Cali,2023,70.0,1.3,2,0,574,1
CAL-05477,CALI,VIF,Juzgado_2_Familia_Cali,2024,70.0,1.3,1,0,424,1
CAL-05478,CALI,ALIMENTOS,Juzgado_1_Familia_Cali,2022,70.0,1.45,5,0,573,1
CAL-05479,CALI,VIF,Juzgado_Penal_Municipal_1_Cali,2020,70.0,1.35,9,0,496,1
CAL-05480,CALI,ALIMENTOS,Comisaria_2_Familia_Cali,2024,70.0,1.1,2,0,468,1
CAL-05481,CALI,SUSTANCIAS,Juzgado_4_Familia_Cali,2024,70.0,1.1,2,1,305,0
CAL-05482,CALI,VIF,Comisaria_3_Familia_Cali,2024,70.0,0.9,5,0,399,1
CAL-05483,CALI,VIF,Comisaria_3_Familia_Cali,2024,70.0,0.9,6,0,389,1
CAL-05484,CALI,HURTO_PATRIMONIAL,Comisaria_1_Familia_Cali,2023,70.0,1.25,6,1,710,1
CAL-05485,CALI,ALIMENTOS,Juzgado_2_Familia_Cali,2022,70.0,1.3,1,0,323,0
CAL-05486,CALI,VIF,Juzgado_5_Familia_Cali,2020,70.0,0.95,4,1,504,1
CAL-05487,CALI,VIF,Juzgado_1_Familia_Cali,2023,70.0,1.45,5,1,647,1
CAL-05488,CALI,HURTO_PATRIMONIAL,Juzgado_2_Familia_Cali,2020,70.0,1.3,5,1,358,0
CAL-05489,CALI,ALIMENTOS,Juzgado_1_Familia_Cali,2023,70.0,1.45,3,0,569,1
CAL-05490,CALI,VIF,Juzgado_Penal_Municipal_1_Cali,2020,70.0,1.35,7,0,477,1
CAL-05491,CALI,HURTO_PATRIMONIAL,Juzgado_5_Familia_Cali,2021,70.0,0.95,8,0,550,1
CAL-05492,CALI,SUSTANCIAS,Juzgado_1_Familia_Cali,2021,70.0,1.45,6,0,518,1
CAL-05493,CALI,ALIMENTOS,Comisaria_2_Familia_Cali,2023,70.0,1.1,3,0,496,1
CAL-05494,CALI,ALIMENTOS,Comisaria_1_Familia_Cali,2021,70.0,1.25,3,0,490,1
CAL-05495,CALI,VIF,Juzgado_5_Familia_Cali,2023,70.0,0.95,3,0,394,1
CAL-05496,CALI,HURTO_PATRIMONIAL,Comisaria_3_Familia_Cali,2023,70.0,0.9,2,0,471,1
CAL-05497,CALI,VIF,Comisaria_3_Familia_Cali,2023,70.0,0.9,11,0,447,1
CAL-05498,CALI,ALIMENTOS,Juzgado_2_Familia_Cali,2021,70.0,1.3,3,0,534,1
CAL-05499,CALI,ALIMENTOS,Juzgado_Penal_Municipal_2_Cali,2022,70.0,1.15,7,1,713,1
CAL-05500,CALI,ALIMENTOS,Juzgado_5_Familia_Cali,2023,70.0,0.95,7,1,640,1
CAL-05501,CALI,VIF,Juzgado_4_Familia_Cali,2024,70.0,1.1,3,0,410,1
CAL-05502,CALI,VIF,Comisaria_1_Familia_Cali,2024,70.0,1.25,2,1,594,1
CAL-05503,CALI,ALIMENTOS,Juzgado_5_Familia_Cali,2021,70.0,0.95,9,1,490,0
CAL-05504,CALI,VIF,Juzgado_2_Familia_Cali,2023,70.0,1.3,2,0,455,1
CAL-05505,CALI,VIF,Comisaria_3_Familia_Cali,2022,70.0,0.9,18,0,504,1
CAL-05506,CALI,VIF,Juzgado_2_Familia_Cali,2021,70.0,1.3,2,0,411,1
CAL-05507,CALI,ALIMENTOS,Juzgado_1_Familia_Cali,2024,70.0,1.45,4,1,608,0
CAL-05508,CALI,ALIMENTOS,Juzgado_Penal_Municipal_1_Cali,2023,70.0,1.35,9,0,596,1
CAL-05509,CALI,VIF,Juzgado_1_Familia_Cali,2023,70.0,1.45,3,0,463,1
CAL-05510,CALI,ALIMENTOS,Juzgado_3_Familia_Cali,2024,70.0,1.2,4,0,543,1
CAL-05511,CALI,ALIMENTOS,Juzgado_Penal_Municipal_1_Cali,2023,70.0,1.35,6,1,435,0
CAL-05512,CALI,ALIMENTOS,Juzgado_Penal_Municipal_2_Cali,2024,70.0,1.15,5,0,556,1
CAL-05513,CALI,HURTO_PATRIMONIAL,Juzgado_5_Familia_Cali,2023,70.0,0.95,6,0,533,1
CAL-05514,CALI,HURTO_PATRIMONIAL,Comisaria_1_Familia_Cali,2022,70.0,1.25,6,0,599,1
CAL-05515,CALI,SUSTANCIAS,Comisaria_2_Familia_Cali,2023,70.0,1.1,3,0,413,1
CAL-05516,CALI,ALIMENTOS,Juzgado_1_Familia_Cali,2024,70.0,1.45,2,0,587,1
CAL-05517,CALI,ALIMENTOS,Juzgado_4_Familia_Cali,2021,70.0,1.1,3,0,482,1
CAL-05518,CALI,ALIMENTOS,Juzgado_Penal_Municipal_1_Cali,2021,70.0,1.35,3,1,687,1
CAL-05519,CALI,ALIMENTOS,Juzgado_5_Familia_Cali,2024,70.0,0.95,8,1,626,1
CAL-05520,CALI,HURTO_PATRIMONIAL,Juzgado_Penal_Municipal_2_Cali,2024,70.0,1.15,5,1,404,0
CAL-05521,CALI,VIF,Comisaria_3_Familia_Cali,2023,70.0,0.9,5,0,377,1
CAL-05522,CALI,ALIMENTOS,Juzgado_1_Familia_Cali,2022,70.0,1.45,14,1,581,0
CAL-05523,CALI,ALIMENTOS,Juzgado_Penal_Municipal_1_Cali,2024,70.0,1.35,3,0,574,1
CAL-05524,CALI,VIF,Comisaria_2_Familia_Cali,2024,70.0,1.1,11,0,482,1
CAL-05525,CALI,VIF,Comisaria_1_Familia_Cali,2022,70.0,1.25,5,0,441,1
CAL-05526,CALI,HURTO_PATRIMONIAL,Juzgado_4_Familia_Cali,2023,70.0,1.1,4,0,526,1
CAL-05527,CALI,ALIMENTOS,Comisaria_2_Familia_Cali,2024,70.0,1.1,7,0,527,1
CAL-05528,CALI,ALIMENTOS,Comisaria_3_Familia_Cali,2024,70.0,0.9,6,0,442,1
CAL-05529,CALI,SUSTANCIAS,Comisaria_3_Familia_Cali,2021,70.0,0.9,7,0,420,1
CAL-05530,CALI,ALIMENTOS,Juzgado_5_Familia_Cali,2022,70.0,0.95,4,0,452,1
CAL-05531,CALI,HURTO_PATRIMONIAL,Juzgado_1_Familia_Cali,2023,70.0,1.45,4,1,477,0
CAL-05532,CALI,HURTO_PATRIMONIAL,Juzgado_5_Familia_Cali,2022,70.0,0.95,5,0,517,1
CAL-05533,CALI,VIF,Juzgado_4_Familia_Cali,2022,70.0,1.1,4,0,403,1
CAL-05534,CALI,HURTO_PATRIMONIAL,Comisaria_1_Familia_Cali,2022,70.0,1.25,7,1,538,0
CAL-05535,CALI,SUSTANCIAS,Juzgado_Penal_Municipal_2_Cali,2022,70.0,1.15,13,0,533,1
CAL-05536,CALI,VIF,Juzgado_2_Familia_Cali,2022,70.0,1.3,6,0,455,1
CAL-05537,CALI,ALIMENTOS,Juzgado_1_Familia_Cali,2022,70.0,1.45,6,1,507,0
CAL-05538,CALI,ALIMENTOS,Comisaria_2_Familia_Cali,2023,70.0,1.1,5,1,651,1
CAL-05539,CALI,SUSTANCIAS,Juzgado_5_Familia_Cali,2021,70.0,0.95,4,0,398,1
CAL-05540,CALI,HURTO_PATRIMONIAL,Comisaria_1_Familia_Cali,2022,70.0,1.25,4,0,614,1
CAL-05541,CALI,ALIMENTOS,Comisaria_1_Familia_Cali,2024,70.0,1.25,1,0,481,1
CAL-05542,CALI,VIF,Juzgado_Penal_Municipal_2_Cali,2024,70.0,1.15,2,1,566,1
CAL-05543,CALI,VIF,Juzgado_Penal_Municipal_1_Cali,2023,70.0,1.35,1,0,452,1
CAL-05544,CALI,VIF,Juzgado_Penal_Municipal_1_Cali,2022,70.0,1.35,8,0,497,1
CAL-05545,CALI,ALIMENTOS,Comisaria_3_Familia_Cali,2024,70.0,0.9,2,0,443,1
CAL-05546,CALI,ALIMENTOS,Juzgado_Penal_Municipal_2_Cali,2024,70.0,1.15,3,0,475,1
CAL-05547,CALI,HURTO_PATRIMONIAL,Juzgado_3_Familia_Cali,2024,70.0,1.2,4,0,599,1
CAL-05548,CALI,ALIMENTOS,Juzgado_3_Familia_Cali,2024,70.0,1.2,11,0,584,1
CAL-05549,CALI,SUSTANCIAS,Juzgado_Penal_Municipal_1_Cali,2021,70.0,1.35,3,0,459,1
CAL-05550,CALI,VIF,Juzgado_Penal_Municipal_1_Cali,2021,70.0,1.35,4,1,615,1
CAL-05551,CALI,VIF,Comisaria_3_Familia_Cali,2020,70.0,0.9,4,0,337,1
CAL-05552,CALI,HURTO_PATRIMONIAL,Juzgado_1_Familia_Cali,2022,70.0,1.45,1,0,347,0
CAL-05553,CALI,ALIMENTOS,Comisaria_3_Familia_Cali,2023,70.0,0.9,6,0,365,0
CAL-05554,CALI,VIF,Juzgado_Penal_Municipal_2_Cali,2023,70.0,1.15,3,1,585,1
CAL-05555,CALI,ALIMENTOS,Comisaria_1_Familia_Cali,2020,70.0,1.25,6,1,678,1
CAL-05556,CALI,VIF,Juzgado_Penal_Municipal_1_Cali,2024,70.0,1.35,5,0,477,1
CAL-05557,CALI,VIF,Comisaria_3_Familia_Cali,2024,70.0,0.9,3,1,381,0
CAL-05558,CALI,ALIMENTOS,Juzgado_3_Familia_Cali,2024,70.0,1.2,4,0,551,1
CAL-05559,CALI,VIF,Juzgado_Penal_Municipal_2_Cali,2024,70.0,1.15,4,0,422,1
CAL-05560,CALI,ALIMENTOS,Juzgado_Penal_Municipal_2_Cali,2022,70.0,1.15,2,0,414,0
CAL-05561,CALI,VIF,Juzgado_5_Familia_Cali,2022,70.0,0.95,4,1,549,1
CAL-05562,CALI,ALIMENTOS,Juzgado_4_Familia_Cali,2023,70.0,1.1,8,1,704,1
CAL-05563,CALI,HURTO_PATRIMONIAL,Juzgado_5_Familia_Cali,2024,70.0,0.95,2,1,637,1
CAL-05564,CALI,ALIMENTOS,Juzgado_2_Familia_Cali,2023,70.0,1.3,5,1,463,0
CAL-05565,CALI,HURTO_PATRIMONIAL,Comisaria_3_Familia_Cali,2024,70.0,0.9,1,0,316,0
CAL-05566,CALI,VIF,Comisaria_1_Familia_Cali,2022,70.0,1.25,9,0,473,1
CAL-05567,CALI,HURTO_PATRIMONIAL,Juzgado_Penal_Municipal_2_Cali,2021,70.0,1.15,3,0,540,1
CAL-05568,CALI,ALIMENTOS,Juzgado_5_Familia_Cali,2022,70.0,0.95,2,0,455,1
CAL-05569,CALI,VIF,Comisaria_3_Familia_Cali,2023,70.0,0.9,3,0,220,0
CAL-05570,CALI,ALIMENTOS,Juzgado_1_Familia_Cali,2022,70.0,1.45,6,0,483,0
CAL-05571,CALI,ALIMENTOS,Comisaria_1_Familia_Cali,2023,70.0,1.25,4,1,715,1
CAL-05572,CALI,ALIMENTOS,Juzgado_Penal_Municipal_1_Cali,2024,70.0,1.35,7,0,575,1
CAL-05573,CALI,VIF,Juzgado_3_Familia_Cali,2024,70.0,1.2,3,1,574,1
CAL-05574,CALI,ALIMENTOS,Comisaria_3_Familia_Cali,2024,70.0,0.9,1,1,607,1
CAL-05575,CALI,HURTO_PATRIMONIAL,Comisaria_1_Familia_Cali,2022,70.0,1.25,5,1,726,1
CAL-05576,CALI,SUSTANCIAS,Juzgado_2_Familia_Cali,2024,70.0,1.3,4,0,482,1
CAL-05577,CALI,VIF,Comisaria_2_Familia_Cali,2022,70.0,1.1,6,0,403,1
CAL-05578,CALI,ALIMENTOS,Juzgado_Penal_Municipal_1_Cali,2024,70.0,1.35,7,0,570,1
CAL-05579,CALI,ALIMENTOS,Juzgado_5_Familia_Cali,2024,70.0,0.95,2,1,583,1
CAL-05580,CALI,SUSTANCIAS,Comisaria_3_Familia_Cali,2022,70.0,0.9,2,0,371,1
CAL-05581,CALI,ALIMENTOS,Juzgado_Penal_Municipal_2_Cali,2021,70.0,1.15,2,1,636,1
CAL-05582,CALI,VIF,Juzgado_4_Familia_Cali,2023,70.0,1.1,4,0,420,1
CAL-05583,CALI,ALIMENTOS,Juzgado_2_Familia_Cali,2021,70.0,1.3,6,0,557,1
CAL-05584,CALI,VIF,Juzgado_1_Familia_Cali,2021,70.0,1.45,3,0,480,1
CAL-05585,CALI,VIF,Comisaria_1_Familia_Cali,2024,70.0,1.25,4,0,456,1
CAL-05586,CALI,HURTO_PATRIMONIAL,Comisaria_2_Familia_Cali,2024,70.0,1.1,11,0,605,1
CAL-05587,CALI,VIF,Juzgado_Penal_Municipal_1_Cali,2023,70.0,1.35,2,0,439,1
CAL-05588,CALI,ALIMENTOS,Comisaria_1_Familia_Cali,2023,70.0,1.25,11,0,610,1
CAL-05589,CALI,ALIMENTOS,Juzgado_5_Familia_Cali,2024,70.0,0.95,6,1,616,1
CAL-05590,CALI,VIF,Comisaria_3_Familia_Cali,2022,70.0,0.9,3,1,497,1
CAL-05591,CALI,VIF,Comisaria_3_Familia_Cali,2023,70.0,0.9,6,1,558,1
CAL-05592,CALI,HURTO_PATRIMONIAL,Juzgado_4_Familia_Cali,2024,70.0,1.1,2,1,692,1
CAL-05593,CALI,SUSTANCIAS,Juzgado_2_Familia_Cali,2020,70.0,1.3,1,1,575,1
CAL-05594,CALI,VIF,Comisaria_2_Familia_Cali,2024,70.0,1.1,3,0,346,0
CAL-05595,CALI,VIF,Juzgado_1_Familia_Cali,2023,70.0,1.45,13,0,571,1
CAL-05596,CALI,HURTO_PATRIMONIAL,Juzgado_Penal_Municipal_2_Cali,2022,70.0,1.15,2,0,567,1
CAL-05597,CALI,SUSTANCIAS,Comisaria_1_Familia_Cali,2023,70.0,1.25,2,1,628,1
CAL-05598,CALI,VIF,Juzgado_5_Familia_Cali,2024,70.0,0.95,3,0,379,1
CAL-05599,CALI,VIF,Juzgado_4_Familia_Cali,2020,70.0,1.1,4,0,412,1
CAL-05600,CALI,ALIMENTOS,Comisaria_3_Familia_Cali,2024,70.0,0.9,4,1,598,1
CAL-05601,CALI,ALIMENTOS,Juzgado_3_Familia_Cali,2024,70.0,1.2,1,1,659,1
CAL-05602,CALI,VIF,Juzgado_Penal_Municipal_2_Cali,2023,70.0,1.15,7,0,462,1
CAL-05603,CALI,ALIMENTOS,Juzgado_1_Familia_Cali,2020,70.0,1.45,7,0,576,1
CAL-05604,CALI,ALIMENTOS,Juzgado_Penal_Municipal_2_Cali,2020,70.0,1.15,4,1,643,1
CAL-05605,CALI,ALIMENTOS,Juzgado_1_Familia_Cali,2020,70.0,1.45,2,0,536,1
CAL-05606,CALI,VIF,Juzgado_1_Familia_Cali,2024,70.0,1.45,3,0,467,1
CAL-05607,CALI,VIF,Juzgado_2_Familia_Cali,2024,70.0,1.3,8,0,490,1
CAL-05608,CALI,VIF,Juzgado_Penal_Municipal_2_Cali,2023,70.0,1.15,12,0,510,1
CAL-05609,CALI,VIF,Juzgado_Penal_Municipal_2_Cali,2023,70.0,1.15,6,0,212,0
CAL-05610,CALI,VIF,Juzgado_1_Familia_Cali,2023,70.0,1.45,1,0,251,0
CAL-05611,CALI,HURTO_PATRIMONIAL,Comisaria_2_Familia_Cali,2023,70.0,1.1,8,0,553,1
CAL-05612,CALI,ALIMENTOS,Juzgado_1_Familia_Cali,2023,70.0,1.45,5,1,583,0
CAL-05613,CALI,HURTO_PATRIMONIAL,Juzgado_1_Familia_Cali,2024,70.0,1.45,6,0,349,0
CAL-05614,CALI,VIF,Juzgado_Penal_Municipal_2_Cali,2023,70.0,1.15,5,1,587,1
CAL-05615,CALI,SUSTANCIAS,Juzgado_1_Familia_Cali,2020,70.0,1.45,8,0,538,1
CAL-05616,CALI,SUSTANCIAS,Comisaria_2_Familia_Cali,2023,70.0,1.1,4,0,429,1
CAL-05617,CALI,ALIMENTOS,Comisaria_3_Familia_Cali,2022,70.0,0.9,8,0,445,1
CAL-05618,CALI,SUSTANCIAS,Comisaria_2_Familia_Cali,2020,70.0,1.1,3,0,414,1
CAL-05619,CALI,HURTO_PATRIMONIAL,Juzgado_5_Familia_Cali,2023,70.0,0.95,3,0,480,1
CAL-05620,CALI,VIF,Juzgado_5_Familia_Cali,2022,70.0,0.95,2,0,355,1
CAL-05621,CALI,VIF,Juzgado_Penal_Municipal_2_Cali,2023,70.0,1.15,3,0,402,1
CAL-05622,CALI,VIF,Juzgado_Penal_Municipal_1_Cali,2023,70.0,1.35,1,0,443,1
CAL-05623,CALI,ALIMENTOS,Juzgado_3_Familia_Cali,2024,70.0,1.2,9,0,583,1
CAL-05624,CALI,ALIMENTOS,Juzgado_Penal_Municipal_1_Cali,2024,70.0,1.35,7,0,269,0
CAL-05625,CALI,HURTO_PATRIMONIAL,Comisaria_2_Familia_Cali,2023,70.0,1.1,3,0,509,1
CAL-05626,CALI,ALIMENTOS,Comisaria_3_Familia_Cali,2021,70.0,0.9,2,0,411,1
CAL-05627,CALI,ALIMENTOS,Juzgado_Penal_Municipal_1_Cali,2023,70.0,1.35,8,1,384,0
CAL-05628,CALI,VIF,Juzgado_3_Familia_Cali,2024,70.0,1.2,6,0,445,1
CAL-05629,CALI,VIF,Comisaria_3_Familia_Cali,2021,70.0,0.9,2,0,349,1
CAL-05630,CALI,VIF,Juzgado_1_Familia_Cali,2020,70.0,1.45,4,1,650,1
CAL-05631,CALI,ALIMENTOS,Comisaria_1_Familia_Cali,2022,70.0,1.25,18,0,687,1
CAL-05632,CALI,VIF,Juzgado_2_Familia_Cali,2021,70.0,1.3,3,0,400,1
CAL-05633,CALI,HURTO_PATRIMONIAL,Comisaria_1_Familia_Cali,2023,70.0,1.25,7,0,572,1
CAL-05634,CALI,SUSTANCIAS,Comisaria_3_Familia_Cali,2021,70.0,0.9,3,0,358,1
CAL-05635,CALI,VIF,Juzgado_4_Familia_Cali,2023,70.0,1.1,9,1,607,1
CAL-05636,CALI,SUSTANCIAS,Juzgado_Penal_Municipal_2_Cali,2022,70.0,1.15,8,0,488,1
CAL-05637,CALI,VIF,Comisaria_1_Familia_Cali,2024,70.0,1.25,5,0,473,1
CAL-05638,CALI,HURTO_PATRIMONIAL,Comisaria_2_Familia_Cali,2023,70.0,1.1,6,1,478,0
CAL-05639,CALI,ALIMENTOS,Comisaria_1_Familia_Cali,2023,70.0,1.25,2,1,696,1
CAL-05640,CALI,HURTO_PATRIMONIAL,Juzgado_5_Familia_Cali,2022,70.0,0.95,3,0,477,1
CAL-05641,CALI,HURTO_PATRIMONIAL,Juzgado_3_Familia_Cali,2024,70.0,1.2,2,0,515,1
CAL-05642,CALI,SUSTANCIAS,Juzgado_Penal_Municipal_2_Cali,2022,70.0,1.15,13,0,502,1
CAL-05643,CALI,VIF,Juzgado_Penal_Municipal_2_Cali,2024,70.0,1.15,3,0,420,1
CAL-05644,CALI,VIF,Juzgado_Penal_Municipal_1_Cali,2022,70.0,1.35,13,1,710,1
CAL-05645,CALI,ALIMENTOS,Comisaria_2_Familia_Cali,2022,70.0,1.1,7,1,654,1
CAL-05646,CALI,ALIMENTOS,Juzgado_1_Familia_Cali,2020,70.0,1.45,12,1,481,0
CAL-05647,CALI,ALIMENTOS,Comisaria_2_Familia_Cali,2021,70.0,1.1,13,0,547,1
CAL-05648,CALI,VIF,Juzgado_2_Familia_Cali,2021,70.0,1.3,2,0,438,1
CAL-05649,CALI,HURTO_PATRIMONIAL,Comisaria_3_Familia_Cali,2023,70.0,0.9,1,0,436,1
CAL-05650,CALI,SUSTANCIAS,Comisaria_2_Familia_Cali,2023,70.0,1.1,2,0,214,0
CAL-05651,CALI,SUSTANCIAS,Juzgado_1_Familia_Cali,2022,70.0,1.45,6,0,528,1
CAL-05652,CALI,VIF,Juzgado_Penal_Municipal_1_Cali,2020,70.0,1.35,2,0,452,1
CAL-05653,CALI,ALIMENTOS,Comisaria_3_Familia_Cali,2022,70.0,0.9,1,0,410,1
CAL-05654,CALI,VIF,Comisaria_1_Familia_Cali,2021,70.0,1.25,3,0,423,1
CAL-05655,CALI,ALIMENTOS,Juzgado_Penal_Municipal_1_Cali,2024,70.0,1.35,8,0,590,1
CAL-05656,CALI,HURTO_PATRIMONIAL,Juzgado_5_Familia_Cali,2024,70.0,0.95,1,1,610,1
CAL-05657,CALI,ALIMENTOS,Comisaria_2_Familia_Cali,2023,70.0,1.1,2,0,445,1
CAL-05658,CALI,VIF,Juzgado_1_Familia_Cali,2024,70.0,1.45,1,0,469,1
CAL-05659,CALI,VIF,Juzgado_Penal_Municipal_2_Cali,2023,70.0,1.15,13,0,499,1
CAL-05660,CALI,VIF,Comisaria_1_Familia_Cali,2020,70.0,1.25,1,0,398,1
CAL-05661,CALI,ALIMENTOS,Juzgado_Penal_Municipal_1_Cali,2024,70.0,1.35,5,0,572,1
CAL-05662,CALI,VIF,Juzgado_2_Familia_Cali,2022,70.0,1.3,2,0,443,1
CAL-05663,CALI,VIF,Comisaria_2_Familia_Cali,2023,70.0,1.1,9,0,246,0
CAL-05664,CALI,VIF,Comisaria_2_Familia_Cali,2023,70.0,1.1,5,0,417,1
CAL-05665,CALI,VIF,Juzgado_5_Familia_Cali,2024,70.0,0.95,7,0,401,1
CAL-05666,CALI,VIF,Juzgado_1_Familia_Cali,2023,70.0,1.45,6,0,510,1
CAL-05667,CALI,VIF,Juzgado_Penal_Municipal_2_Cali,2024,70.0,1.15,6,0,427,1
CAL-05668,CALI,VIF,Juzgado_Penal_Municipal_2_Cali,2024,70.0,1.15,7,1,608,1
CAL-05669,CALI,VIF,Comisaria_3_Familia_Cali,2023,70.0,0.9,9,0,293,0
CAL-05670,CALI,HURTO_PATRIMONIAL,Comisaria_1_Familia_Cali,2024,70.0,1.25,3,1,719,1
CAL-05671,CALI,HURTO_PATRIMONIAL,Juzgado_Penal_Municipal_1_Cali,2021,70.0,1.35,2,1,545,0
CAL-05672,CALI,ALIMENTOS,Juzgado_4_Familia_Cali,2024,70.0,1.1,1,1,624,1
CAL-05673,CALI,VIF,Juzgado_5_Familia_Cali,2020,70.0,0.95,4,0,395,1
CAL-05674,CALI,ALIMENTOS,Juzgado_5_Familia_Cali,2021,70.0,0.95,2,1,604,1
CAL-05675,CALI,ALIMENTOS,Juzgado_5_Familia_Cali,2024,70.0,0.95,2,0,418,1
CAL-05676,CALI,VIF,Comisaria_3_Familia_Cali,2020,70.0,0.9,6,0,300,0
CAL-05677,CALI,ALIMENTOS,Comisaria_1_Familia_Cali,2024,70.0,1.25,3,1,540,0
CAL-05678,CALI,ALIMENTOS,Comisaria_3_Familia_Cali,2021,70.0,0.9,10,0,476,1
CAL-05679,CALI,ALIMENTOS,Juzgado_1_Familia_Cali,2023,70.0,1.45,3,1,613,0
CAL-05680,CALI,SUSTANCIAS,Juzgado_3_Familia_Cali,2023,70.0,1.2,4,0,440,1
CAL-05681,CALI,ALIMENTOS,Comisaria_1_Familia_Cali,2023,70.0,1.25,12,0,599,1
CAL-05682,CALI,VIF,Juzgado_1_Familia_Cali,2020,70.0,1.45,2,1,602,1
CAL-05683,CALI,VIF,Comisaria_1_Familia_Cali,2020,70.0,1.25,3,0,420,1
CAL-05684,CALI,ALIMENTOS,Juzgado_2_Familia_Cali,2024,70.0,1.3,7,0,564,1
CAL-05685,CALI,ALIMENTOS,Juzgado_Penal_Municipal_1_Cali,2023,70.0,1.35,3,0,535,1
CAL-05686,CALI,ALIMENTOS,Juzgado_3_Familia_Cali,2023,70.0,1.2,8,1,699,1
CAL-05687,CALI,ALIMENTOS,Juzgado_5_Familia_Cali,2024,70.0,0.95,4,0,497,1
CAL-05688,CALI,VIF,Comisaria_2_Familia_Cali,2024,70.0,1.1,3,0,396,1
CAL-05689,CALI,HURTO_PATRIMONIAL,Juzgado_2_Familia_Cali,2021,70.0,1.3,2,1,701,1
CAL-05690,CALI,ALIMENTOS,Juzgado_3_Familia_Cali,2021,70.0,1.2,1,1,636,1
CAL-05691,CALI,VIF,Juzgado_5_Familia_Cali,2021,70.0,0.95,5,0,387,1
CAL-05692,CALI,ALIMENTOS,Juzgado_1_Familia_Cali,2024,70.0,1.45,4,0,604,1
CAL-05693,CALI,SUSTANCIAS,Juzgado_5_Familia_Cali,2024,70.0,0.95,2,0,420,1
CAL-05694,CALI,HURTO_PATRIMONIAL,Juzgado_5_Familia_Cali,2023,70.0,0.95,3,0,490,1
CAL-05695,CALI,SUSTANCIAS,Juzgado_3_Familia_Cali,2022,70.0,1.2,6,0,445,1
CAL-05696,CALI,VIF,Juzgado_Penal_Municipal_1_Cali,2023,70.0,1.35,7,0,414,0
CAL-05697,CALI,ALIMENTOS,Juzgado_5_Familia_Cali,2024,70.0,0.95,3,1,578,1
CAL-05698,CALI,ALIMENTOS,Juzgado_5_Familia_Cali,2023,70.0,0.95,4,0,450,1
CAL-05699,CALI,VIF,Comisaria_3_Familia_Cali,2022,70.0,0.9,2,0,354,1
CAL-05700,CALI,ALIMENTOS,Comisaria_2_Familia_Cali,2020,70.0,1.1,1,0,470,1
CAL-05701,CALI,ALIMENTOS,Juzgado_3_Familia_Cali,2021,70.0,1.2,3,1,641,1
CAL-05702,CALI,HURTO_PATRIMONIAL,Comisaria_2_Familia_Cali,2022,70.0,1.1,9,0,606,1
CAL-05703,CALI,ALIMENTOS,Comisaria_3_Familia_Cali,2022,70.0,0.9,1,0,449,1
CAL-05704,CALI,HURTO_PATRIMONIAL,Juzgado_4_Familia_Cali,2024,70.0,1.1,20,0,706,1
CAL-05705,CALI,ALIMENTOS,Juzgado_1_Familia_Cali,2022,70.0,1.45,1,1,428,0
CAL-05706,CALI,VIF,Juzgado_2_Familia_Cali,2023,70.0,1.3,6,0,462,1
CAL-05707,CALI,VIF,Juzgado_Penal_Municipal_2_Cali,2021,70.0,1.15,7,0,338,0
CAL-05708,CALI,HURTO_PATRIMONIAL,Juzgado_Penal_Municipal_1_Cali,2020,70.0,1.35,2,0,597,1
CAL-05709,CALI,VIF,Juzgado_1_Familia_Cali,2023,70.0,1.45,7,0,508,1
CAL-05710,CALI,VIF,Juzgado_4_Familia_Cali,2024,70.0,1.1,3,0,394,1
CAL-05711,CALI,ALIMENTOS,Juzgado_2_Familia_Cali,2020,70.0,1.3,3,1,682,1
CAL-05712,CALI,HURTO_PATRIMONIAL,Juzgado_4_Familia_Cali,2024,70.0,1.1,4,0,518,1
CAL-05713,CALI,ALIMENTOS,Juzgado_Penal_Municipal_2_Cali,2020,70.0,1.15,7,1,668,1
CAL-05714,CALI,SUSTANCIAS,Comisaria_2_Familia_Cali,2023,70.0,1.1,4,0,201,0
CAL-05715,CALI,VIF,Juzgado_Penal_Municipal_1_Cali,2024,70.0,1.35,10,0,526,1
CAL-05716,CALI,VIF,Juzgado_2_Familia_Cali,2024,70.0,1.3,3,1,613,1
CAL-05717,CALI,VIF,Juzgado_Penal_Municipal_1_Cali,2022,70.0,1.35,5,0,484,1
CAL-05718,CALI,ALIMENTOS,Comisaria_1_Familia_Cali,2023,70.0,1.25,1,0,512,1
CAL-05719,CALI,ALIMENTOS,Juzgado_5_Familia_Cali,2022,70.0,0.95,2,0,260,0
CAL-05720,CALI,ALIMENTOS,Juzgado_5_Familia_Cali,2020,70.0,0.95,2,1,564,1
CAL-05721,CALI,ALIMENTOS,Juzgado_4_Familia_Cali,2020,70.0,1.1,10,0,526,1
CAL-05722,CALI,VIF,Juzgado_Penal_Municipal_2_Cali,2021,70.0,1.15,25,0,630,1
CAL-05723,CALI,SUSTANCIAS,Comisaria_2_Familia_Cali,2023,70.0,1.1,4,0,432,1
CAL-05724,CALI,VIF,Juzgado_3_Familia_Cali,2020,70.0,1.2,6,0,416,1
CAL-05725,CALI,VIF,Juzgado_Penal_Municipal_2_Cali,2023,70.0,1.15,1,1,546,1
CAL-05726,CALI,ALIMENTOS,Juzgado_5_Familia_Cali,2024,70.0,0.95,7,0,472,1
CAL-05727,CALI,ALIMENTOS,Juzgado_3_Familia_Cali,2021,70.0,1.2,1,1,644,1
CAL-05728,CALI,HURTO_PATRIMONIAL,Comisaria_2_Familia_Cali,2023,70.0,1.1,1,0,517,1
CAL-05729,CALI,ALIMENTOS,Comisaria_2_Familia_Cali,2024,70.0,1.1,1,0,454,1
CAL-05730,CALI,ALIMENTOS,Juzgado_1_Familia_Cali,2024,70.0,1.45,10,1,700,0
CAL-05731,CALI,ALIMENTOS,Juzgado_3_Familia_Cali,2024,70.0,1.2,7,0,547,1
CAL-05732,CALI,ALIMENTOS,Juzgado_2_Familia_Cali,2024,70.0,1.3,8,1,699,1
CAL-05733,CALI,ALIMENTOS,Juzgado_Penal_Municipal_2_Cali,2023,70.0,1.15,1,0,483,1
CAL-05734,CALI,VIF,Comisaria_1_Familia_Cali,2023,70.0,1.25,2,0,424,1
CAL-05735,CALI,ALIMENTOS,Comisaria_2_Familia_Cali,2021,70.0,1.1,5,0,490,1
CAL-05736,CALI,VIF,Juzgado_2_Familia_Cali,2020,70.0,1.3,1,0,395,1
CAL-05737,CALI,VIF,Juzgado_1_Familia_Cali,2023,70.0,1.45,6,0,503,1
CAL-05738,CALI,HURTO_PATRIMONIAL,Comisaria_2_Familia_Cali,2024,70.0,1.1,5,1,701,1
CAL-05739,CALI,VIF,Juzgado_4_Familia_Cali,2024,70.0,1.1,3,0,406,1
CAL-05740,CALI,VIF,Juzgado_4_Familia_Cali,2023,70.0,1.1,6,1,588,1
CAL-05741,CALI,VIF,Juzgado_4_Familia_Cali,2020,70.0,1.1,5,0,248,0
CAL-05742,CALI,ALIMENTOS,Comisaria_2_Familia_Cali,2024,70.0,1.1,12,0,563,1
CAL-05743,CALI,VIF,Juzgado_3_Familia_Cali,2020,70.0,1.2,4,0,253,0
CAL-05744,CALI,VIF,Comisaria_3_Familia_Cali,2024,70.0,0.9,2,0,372,1
CAL-05745,CALI,SUSTANCIAS,Juzgado_2_Familia_Cali,2022,70.0,1.3,5,0,463,1
CAL-05746,CALI,VIF,Comisaria_3_Familia_Cali,2021,70.0,0.9,1,1,492,1
CAL-05747,CALI,ALIMENTOS,Juzgado_3_Familia_Cali,2022,70.0,1.2,2,0,504,1
CAL-05748,CALI,ALIMENTOS,Juzgado_4_Familia_Cali,2020,70.0,1.1,4,0,460,1
CAL-05749,CALI,HURTO_PATRIMONIAL,Comisaria_1_Familia_Cali,2024,70.0,1.25,9,1,387,0
CAL-05750,CALI,ALIMENTOS,Juzgado_3_Familia_Cali,2024,70.0,1.2,19,0,666,1
CAL-05751,CALI,ALIMENTOS,Juzgado_3_Familia_Cali,2021,70.0,1.2,11,0,385,0
CAL-05752,CALI,VIF,Juzgado_2_Familia_Cali,2023,70.0,1.3,12,0,522,1
CAL-05753,CALI,ALIMENTOS,Comisaria_1_Familia_Cali,2022,70.0,1.25,1,0,491,1
CAL-05754,CALI,HURTO_PATRIMONIAL,Juzgado_3_Familia_Cali,2024,70.0,1.2,2,0,444,0
CAL-05755,CALI,ALIMENTOS,Juzgado_4_Familia_Cali,2021,70.0,1.1,2,1,607,1
CAL-05756,CALI,VIF,Juzgado_3_Familia_Cali,2023,70.0,1.2,5,0,419,1
CAL-05757,CALI,VIF,Juzgado_3_Familia_Cali,2022,70.0,1.2,11,0,488,1
CAL-05758,CALI,ALIMENTOS,Comisaria_1_Familia_Cali,2023,70.0,1.25,1,0,477,1
CAL-05759,CALI,ALIMENTOS,Juzgado_Penal_Municipal_2_Cali,2024,70.0,1.15,1,1,380,0
CAL-05760,CALI,VIF,Juzgado_4_Familia_Cali,2022,70.0,1.1,3,0,407,1
CAL-05761,CALI,VIF,Juzgado_4_Familia_Cali,2024,70.0,1.1,4,0,251,0
CAL-05762,CALI,SUSTANCIAS,Comisaria_3_Familia_Cali,2024,70.0,0.9,12,0,264,0
CAL-05763,CALI,VIF,Comisaria_1_Familia_Cali,2023,70.0,1.25,4,0,440,1
CAL-05764,CALI,VIF,Juzgado_4_Familia_Cali,2021,70.0,1.1,7,0,223,0
CAL-05765,CALI,ALIMENTOS,Comisaria_2_Familia_Cali,2023,70.0,1.1,4,0,476,1
CAL-05766,CALI,ALIMENTOS,Juzgado_4_Familia_Cali,2023,70.0,1.1,10,1,695,1
CAL-05767,CALI,ALIMENTOS,Comisaria_2_Familia_Cali,2022,70.0,1.1,6,1,311,0
CAL-05768,CALI,VIF,Comisaria_2_Familia_Cali,2023,70.0,1.1,7,0,448,1
CAL-05769,CALI,VIF,Comisaria_2_Familia_Cali,2023,70.0,1.1,5,0,298,0
CAL-05770,CALI,VIF,Juzgado_Penal_Municipal_2_Cali,2024,70.0,1.15,12,1,434,0
CAL-05771,CALI,ALIMENTOS,Juzgado_5_Familia_Cali,2023,70.0,0.95,3,1,602,1
CAL-05772,CALI,VIF,Juzgado_Penal_Municipal_1_Cali,2024,70.0,1.35,1,0,441,1
CAL-05773,CALI,ALIMENTOS,Juzgado_Penal_Municipal_2_Cali,2022,70.0,1.15,12,0,580,1
CAL-05774,CALI,HURTO_PATRIMONIAL,Juzgado_Penal_Municipal_1_Cali,2023,70.0,1.35,2,0,565,1
CAL-05775,CALI,ALIMENTOS,Comisaria_2_Familia_Cali,2022,70.0,1.1,5,1,652,1
CAL-05776,CALI,VIF,Juzgado_3_Familia_Cali,2022,70.0,1.2,1,0,415,1
CAL-05777,CALI,VIF,Juzgado_1_Familia_Cali,2024,70.0,1.45,1,0,450,1
CAL-05778,CALI,ALIMENTOS,Juzgado_Penal_Municipal_1_Cali,2021,70.0,1.35,4,0,532,1
CAL-05779,CALI,VIF,Comisaria_3_Familia_Cali,2023,70.0,0.9,5,0,381,1
CAL-05780,CALI,HURTO_PATRIMONIAL,Juzgado_Penal_Municipal_1_Cali,2023,70.0,1.35,1,0,469,0
CAL-05781,CALI,ALIMENTOS,Juzgado_Penal_Municipal_1_Cali,2024,70.0,1.35,3,0,574,1
CAL-05782,CALI,ALIMENTOS,Comisaria_3_Familia_Cali,2023,70.0,0.9,2,1,567,1
CAL-05783,CALI,HURTO_PATRIMONIAL,Juzgado_Penal_Municipal_1_Cali,2021,70.0,1.35,3,1,637,0
CAL-05784,CALI,VIF,Juzgado_1_Familia_Cali,2024,70.0,1.45,4,0,487,1
CAL-05785,CALI,HURTO_PATRIMONIAL,Juzgado_Penal_Municipal_2_Cali,2021,70.0,1.15,7,1,424,0
CAL-05786,CALI,VIF,Juzgado_3_Familia_Cali,2023,70.0,1.2,4,1,591,1
CAL-05787,CALI,ALIMENTOS,Juzgado_Penal_Municipal_1_Cali,2023,70.0,1.35,1,0,526,1
CAL-05788,CALI,VIF,Comisaria_3_Familia_Cali,2024,70.0,0.9,11,0,448,1
CAL-05789,CALI,VIF,Juzgado_2_Familia_Cali,2022,70.0,1.3,6,0,463,1
CAL-05790,CALI,ALIMENTOS,Juzgado_4_Familia_Cali,2023,70.0,1.1,2,0,481,1
CAL-05791,CALI,HURTO_PATRIMONIAL,Comisaria_1_Familia_Cali,2024,70.0,1.25,3,0,557,1
CAL-05792,CALI,ALIMENTOS,Juzgado_Penal_Municipal_1_Cali,2023,70.0,1.35,4,0,571,1
CAL-05793,CALI,VIF,Comisaria_1_Familia_Cali,2022,70.0,1.25,6,0,495,1
CAL-05794,CALI,VIF,Juzgado_2_Familia_Cali,2024,70.0,1.3,7,0,377,0
CAL-05795,CALI,VIF,Juzgado_5_Familia_Cali,2023,70.0,0.95,4,1,525,1
CAL-05796,CALI,ALIMENTOS,Juzgado_2_Familia_Cali,2024,70.0,1.3,8,0,581,1
CAL-05797,CALI,HURTO_PATRIMONIAL,Juzgado_Penal_Municipal_2_Cali,2022,70.0,1.15,4,0,523,1
CAL-05798,CALI,HURTO_PATRIMONIAL,Comisaria_3_Familia_Cali,2024,70.0,0.9,2,0,474,1
CAL-05799,CALI,HURTO_PATRIMONIAL,Comisaria_2_Familia_Cali,2022,70.0,1.1,3,0,557,1
CAL-05800,CALI,ALIMENTOS,Juzgado_Penal_Municipal_2_Cali,2023,70.0,1.15,12,1,729,1
CAL-05801,CALI,VIF,Comisaria_2_Familia_Cali,2023,70.0,1.1,2,1,559,1
CAL-05802,CALI,VIF,Comisaria_1_Familia_Cali,2020,70.0,1.25,2,0,394,1
CAL-05803,CALI,VIF,Comisaria_2_Familia_Cali,2023,70.0,1.1,1,1,531,1
CAL-05804,CALI,VIF,Juzgado_1_Familia_Cali,2024,70.0,1.45,8,0,508,1
CAL-05805,CALI,VIF,Juzgado_Penal_Municipal_2_Cali,2024,70.0,1.15,4,0,440,1
CAL-05806,CALI,VIF,Comisaria_1_Familia_Cali,2024,70.0,1.25,4,0,432,1
CAL-05807,CALI,VIF,Juzgado_2_Familia_Cali,2023,70.0,1.3,2,0,440,1
CAL-05808,CALI,VIF,Comisaria_2_Familia_Cali,2020,70.0,1.1,8,0,434,1
CAL-05809,CALI,VIF,Comisaria_3_Familia_Cali,2022,70.0,0.9,4,0,389,1
CAL-05810,CALI,VIF,Juzgado_Penal_Municipal_2_Cali,2024,70.0,1.15,6,0,434,1
CAL-05811,CALI,HURTO_PATRIMONIAL,Juzgado_2_Familia_Cali,2022,70.0,1.3,5,0,565,1
CAL-05812,CALI,VIF,Juzgado_1_Familia_Cali,2023,70.0,1.45,3,1,636,1
CAL-05813,CALI,VIF,Comisaria_1_Familia_Cali,2023,70.0,1.25,7,0,491,1
CAL-05814,CALI,ALIMENTOS,Juzgado_3_Familia_Cali,2024,70.0,1.2,3,1,440,0
CAL-05815,CALI,ALIMENTOS,Juzgado_4_Familia_Cali,2024,70.0,1.1,2,0,464,1
CAL-05816,CALI,ALIMENTOS,Comisaria_1_Familia_Cali,2021,70.0,1.25,6,1,671,1
CAL-05817,CALI,ALIMENTOS,Juzgado_1_Familia_Cali,2024,70.0,1.45,1,1,706,1
CAL-05818,CALI,VIF,Juzgado_Penal_Municipal_2_Cali,2021,70.0,1.15,14,1,666,1
CAL-05819,CALI,VIF,Juzgado_2_Familia_Cali,2021,70.0,1.3,3,0,432,1
CAL-05820,CALI,ALIMENTOS,Juzgado_4_Familia_Cali,2024,70.0,1.1,7,1,680,1
CAL-05821,CALI,VIF,Juzgado_Penal_Municipal_1_Cali,2022,70.0,1.35,2,0,469,1
CAL-05822,CALI,ALIMENTOS,Comisaria_2_Familia_Cali,2020,70.0,1.1,1,0,469,1
CAL-05823,CALI,SUSTANCIAS,Juzgado_Penal_Municipal_1_Cali,2020,70.0,1.35,2,0,512,1
CAL-05824,CALI,VIF,Comisaria_3_Familia_Cali,2021,70.0,0.9,7,0,372,1
CAL-05825,CALI,VIF,Juzgado_2_Familia_Cali,2022,70.0,1.3,5,0,491,1
CAL-05826,CALI,HURTO_PATRIMONIAL,Juzgado_1_Familia_Cali,2024,70.0,1.45,3,0,674,1
CAL-05827,CALI,SUSTANCIAS,Comisaria_2_Familia_Cali,2023,70.0,1.1,8,1,589,1
CAL-05828,CALI,SUSTANCIAS,Juzgado_2_Familia_Cali,2022,70.0,1.3,4,0,485,1
CAL-05829,CALI,VIF,Comisaria_3_Familia_Cali,2021,70.0,0.9,5,0,373,1
CAL-05830,CALI,VIF,Juzgado_4_Familia_Cali,2024,70.0,1.1,3,0,374,1
CAL-05831,CALI,ALIMENTOS,Juzgado_Penal_Municipal_1_Cali,2020,70.0,1.35,11,0,558,1
CAL-05832,CALI,ALIMENTOS,Juzgado_Penal_Municipal_1_Cali,2023,70.0,1.35,4,0,557,1
CAL-05833,CALI,SUSTANCIAS,Juzgado_5_Familia_Cali,2021,70.0,0.95,2,0,353,1
CAL-05834,CALI,VIF,Juzgado_Penal_Municipal_1_Cali,2022,70.0,1.35,2,0,425,1
CAL-05835,CALI,VIF,Juzgado_3_Familia_Cali,2023,70.0,1.2,11,0,503,1
CAL-05836,CALI,ALIMENTOS,Comisaria_3_Familia_Cali,2022,70.0,0.9,5,0,480,1
CAL-05837,CALI,ALIMENTOS,Juzgado_5_Familia_Cali,2022,70.0,0.95,4,0,448,1
CAL-05838,CALI,SUSTANCIAS,Comisaria_2_Familia_Cali,2022,70.0,1.1,4,0,437,1
CAL-05839,CALI,HURTO_PATRIMONIAL,Juzgado_5_Familia_Cali,2024,70.0,0.95,6,1,658,1
CAL-05840,CALI,VIF,Juzgado_Penal_Municipal_2_Cali,2022,70.0,1.15,3,0,418,1
CAL-05841,CALI,ALIMENTOS,Juzgado_5_Familia_Cali,2024,70.0,0.95,9,0,491,1
CAL-05842,CALI,SUSTANCIAS,Juzgado_Penal_Municipal_1_Cali,2023,70.0,1.35,8,0,543,1
CAL-05843,CALI,VIF,Comisaria_1_Familia_Cali,2024,70.0,1.25,4,0,489,1
CAL-05844,CALI,VIF,Juzgado_2_Familia_Cali,2022,70.0,1.3,4,0,266,0
CAL-05845,CALI,VIF,Juzgado_Penal_Municipal_2_Cali,2024,70.0,1.15,6,0,438,1
CAL-05846,CALI,ALIMENTOS,Juzgado_3_Familia_Cali,2021,70.0,1.2,13,1,424,0
CAL-05847,CALI,HURTO_PATRIMONIAL,Juzgado_Penal_Municipal_2_Cali,2021,70.0,1.15,1,0,500,1
CAL-05848,CALI,SUSTANCIAS,Comisaria_1_Familia_Cali,2021,70.0,1.25,2,0,194,0
CAL-05849,CALI,HURTO_PATRIMONIAL,Comisaria_2_Familia_Cali,2023,70.0,1.1,6,1,712,1
CAL-05850,CALI,VIF,Juzgado_2_Familia_Cali,2022,70.0,1.3,5,0,464,1
CAL-05851,CALI,HURTO_PATRIMONIAL,Comisaria_1_Familia_Cali,2023,70.0,1.25,1,0,586,1
CAL-05852,CALI,ALIMENTOS,Juzgado_2_Familia_Cali,2024,70.0,1.3,2,0,539,1
CAL-05853,CALI,ALIMENTOS,Juzgado_3_Familia_Cali,2024,70.0,1.2,2,1,654,1
CAL-05854,CALI,SUSTANCIAS,Juzgado_Penal_Municipal_1_Cali,2022,70.0,1.35,7,1,685,1
CAL-05855,CALI,HURTO_PATRIMONIAL,Comisaria_1_Familia_Cali,2023,70.0,1.25,6,1,531,0
CAL-05856,CALI,VIF,Juzgado_Penal_Municipal_2_Cali,2023,70.0,1.15,2,0,419,1
CAL-05857,CALI,HURTO_PATRIMONIAL,Comisaria_2_Familia_Cali,2022,70.0,1.1,10,0,547,1
CAL-05858,CALI,HURTO_PATRIMONIAL,Juzgado_3_Familia_Cali,2023,70.0,1.2,6,0,588,1
CAL-05859,CALI,ALIMENTOS,Juzgado_Penal_Municipal_2_Cali,2024,70.0,1.15,2,0,511,1
CAL-05860,CALI,VIF,Juzgado_5_Familia_Cali,2024,70.0,0.95,9,0,198,0
CAL-05861,CALI,SUSTANCIAS,Juzgado_5_Familia_Cali,2024,70.0,0.95,3,0,419,1
CAL-05862,CALI,SUSTANCIAS,Juzgado_5_Familia_Cali,2022,70.0,0.95,2,0,359,1
CAL-05863,CALI,ALIMENTOS,Juzgado_2_Familia_Cali,2024,70.0,1.3,8,0,580,1
CAL-05864,CALI,ALIMENTOS,Comisaria_2_Familia_Cali,2021,70.0,1.1,9,0,508,1
CAL-05865,CALI,VIF,Juzgado_3_Familia_Cali,2021,70.0,1.2,1,0,416,1
CAL-05866,CALI,HURTO_PATRIMONIAL,Juzgado_2_Familia_Cali,2022,70.0,1.3,4,0,572,1
CAL-05867,CALI,HURTO_PATRIMONIAL,Juzgado_Penal_Municipal_2_Cali,2022,70.0,1.15,2,0,533,1
CAL-05868,CALI,ALIMENTOS,Juzgado_4_Familia_Cali,2023,70.0,1.1,2,1,590,1
CAL-05869,CALI,VIF,Juzgado_5_Familia_Cali,2020,70.0,0.95,6,0,180,0
CAL-05870,CALI,ALIMENTOS,Juzgado_Penal_Municipal_2_Cali,2024,70.0,1.15,5,0,533,1
CAL-05871,CALI,VIF,Juzgado_2_Familia_Cali,2023,70.0,1.3,2,0,415,1
CAL-05872,CALI,VIF,Comisaria_1_Familia_Cali,2020,70.0,1.25,4,0,278,0
CAL-05873,CALI,VIF,Juzgado_3_Familia_Cali,2022,70.0,1.2,5,0,470,1
CAL-05874,CALI,ALIMENTOS,Juzgado_Penal_Municipal_2_Cali,2022,70.0,1.15,4,0,551,1
CAL-05875,CALI,VIF,Juzgado_2_Familia_Cali,2023,70.0,1.3,1,0,424,1
CAL-05876,CALI,VIF,Juzgado_Penal_Municipal_2_Cali,2024,70.0,1.15,4,1,589,1
CAL-05877,CALI,VIF,Comisaria_2_Familia_Cali,2022,70.0,1.1,2,0,396,1
CAL-05878,CALI,HURTO_PATRIMONIAL,Comisaria_3_Familia_Cali,2024,70.0,0.9,5,0,507,1
CAL-05879,CALI,VIF,Juzgado_1_Familia_Cali,2024,70.0,1.45,6,1,656,1
CAL-05880,CALI,VIF,Comisaria_1_Familia_Cali,2023,70.0,1.25,3,0,438,1
CAL-05881,CALI,VIF,Juzgado_3_Familia_Cali,2022,70.0,1.2,3,0,400,1
CAL-05882,CALI,VIF,Comisaria_2_Familia_Cali,2022,70.0,1.1,6,0,434,1
CAL-05883,CALI,ALIMENTOS,Comisaria_1_Familia_Cali,2023,70.0,1.25,8,0,611,1
CAL-05884,CALI,SUSTANCIAS,Juzgado_1_Familia_Cali,2022,70.0,1.45,7,1,686,1
CAL-05885,CALI,VIF,Juzgado_2_Familia_Cali,2024,70.0,1.3,10,0,489,1
CAL-05886,CALI,VIF,Comisaria_1_Familia_Cali,2021,70.0,1.25,5,0,454,1
CAL-05887,CALI,SUSTANCIAS,Comisaria_3_Familia_Cali,2023,70.0,0.9,5,0,410,1
CAL-05888,CALI,ALIMENTOS,Juzgado_4_Familia_Cali,2021,70.0,1.1,4,1,656,1
CAL-05889,CALI,ALIMENTOS,Comisaria_2_Familia_Cali,2023,70.0,1.1,10,1,713,1
CAL-05890,CALI,ALIMENTOS,Comisaria_3_Familia_Cali,2023,70.0,0.9,1,0,417,1
CAL-05891,CALI,ALIMENTOS,Juzgado_Penal_Municipal_1_Cali,2022,70.0,1.35,3,0,538,1
CAL-05892,CALI,VIF,Comisaria_3_Familia_Cali,2021,70.0,0.9,4,0,182,0
CAL-05893,CALI,VIF,Juzgado_5_Familia_Cali,2022,70.0,0.95,6,1,537,1
CAL-05894,CALI,VIF,Juzgado_1_Familia_Cali,2023,70.0,1.45,6,0,422,0
CAL-05895,CALI,ALIMENTOS,Juzgado_2_Familia_Cali,2024,70.0,1.3,10,1,410,0
CAL-05896,CALI,VIF,Comisaria_1_Familia_Cali,2024,70.0,1.25,2,0,448,1
CAL-05897,CALI,VIF,Juzgado_Penal_Municipal_1_Cali,2022,70.0,1.35,4,0,463,1
CAL-05898,CALI,SUSTANCIAS,Juzgado_1_Familia_Cali,2024,70.0,1.45,2,0,470,1
CAL-05899,CALI,VIF,Comisaria_3_Familia_Cali,2021,70.0,0.9,8,0,410,1
CAL-05900,CALI,VIF,Juzgado_4_Familia_Cali,2023,70.0,1.1,3,0,400,1
CAL-05901,CALI,VIF,Comisaria_2_Familia_Cali,2024,70.0,1.1,9,0,465,1
CAL-05902,CALI,VIF,Juzgado_1_Familia_Cali,2021,70.0,1.45,5,0,501,1
CAL-05903,CALI,VIF,Juzgado_Penal_Municipal_2_Cali,2023,70.0,1.15,5,0,428,1
CAL-05904,CALI,ALIMENTOS,Comisaria_1_Familia_Cali,2023,70.0,1.25,5,1,672,1
CAL-05905,CALI,HURTO_PATRIMONIAL,Juzgado_Penal_Municipal_2_Cali,2021,70.0,1.15,9,0,557,1
CAL-05906,CALI,HURTO_PATRIMONIAL,Juzgado_3_Familia_Cali,2023,70.0,1.2,3,0,571,1
CAL-05907,CALI,ALIMENTOS,Juzgado_1_Familia_Cali,2023,70.0,1.45,1,0,566,1
CAL-05908,CALI,ALIMENTOS,Juzgado_2_Familia_Cali,2022,70.0,1.3,6,0,580,1
CAL-05909,CALI,VIF,Comisaria_2_Familia_Cali,2024,70.0,1.1,6,0,419,1
CAL-05910,CALI,VIF,Comisaria_2_Familia_Cali,2023,70.0,1.1,8,0,443,1
CAL-05911,CALI,ALIMENTOS,Juzgado_3_Familia_Cali,2024,70.0,1.2,2,0,507,1
CAL-05912,CALI,ALIMENTOS,Juzgado_4_Familia_Cali,2023,70.0,1.1,4,0,498,1
CAL-05913,CALI,HURTO_PATRIMONIAL,Comisaria_2_Familia_Cali,2022,70.0,1.1,8,1,702,1
CAL-05914,CALI,SUSTANCIAS,Comisaria_3_Familia_Cali,2024,70.0,0.9,2,0,369,1
CAL-05915,CALI,VIF,Juzgado_4_Familia_Cali,2021,70.0,1.1,9,0,429,1
CAL-05916,CALI,HURTO_PATRIMONIAL,Juzgado_3_Familia_Cali,2020,70.0,1.2,2,0,554,1
CAL-05917,CALI,ALIMENTOS,Comisaria_1_Familia_Cali,2023,70.0,1.25,15,1,376,0
CAL-05918,CALI,ALIMENTOS,Juzgado_1_Familia_Cali,2020,70.0,1.45,12,0,658,1
CAL-05919,CALI,ALIMENTOS,Comisaria_2_Familia_Cali,2023,70.0,1.1,9,1,700,1
CAL-05920,CALI,VIF,Comisaria_3_Familia_Cali,2023,70.0,0.9,4,1,529,1
CAL-05921,CALI,ALIMENTOS,Comisaria_2_Familia_Cali,2023,70.0,1.1,4,0,494,1
CAL-05922,CALI,VIF,Comisaria_3_Familia_Cali,2022,70.0,0.9,5,1,542,1
CAL-05923,CALI,VIF,Juzgado_2_Familia_Cali,2024,70.0,1.3,1,0,213,0
CAL-05924,CALI,VIF,Juzgado_3_Familia_Cali,2021,70.0,1.2,5,0,433,1
CAL-05925,CALI,ALIMENTOS,Juzgado_1_Familia_Cali,2022,70.0,1.45,6,0,610,1
CAL-05926,CALI,VIF,Juzgado_Penal_Municipal_1_Cali,2022,70.0,1.35,3,0,462,1
CAL-05927,CALI,HURTO_PATRIMONIAL,Juzgado_2_Familia_Cali,2021,70.0,1.3,1,1,338,0
CAL-05928,CALI,ALIMENTOS,Juzgado_2_Familia_Cali,2022,70.0,1.3,3,0,510,1
CAL-05929,CALI,ALIMENTOS,Juzgado_3_Familia_Cali,2023,70.0,1.2,2,0,504,1
CAL-05930,CALI,HURTO_PATRIMONIAL,Juzgado_3_Familia_Cali,2022,70.0,1.2,4,0,580,1
CAL-05931,CALI,HURTO_PATRIMONIAL,Juzgado_Penal_Municipal_1_Cali,2022,70.0,1.35,6,0,389,0
CAL-05932,CALI,VIF,Juzgado_2_Familia_Cali,2024,70.0,1.3,6,0,474,1
CAL-05933,CALI,ALIMENTOS,Comisaria_3_Familia_Cali,2023,70.0,0.9,2,1,591,1
CAL-05934,CALI,VIF,Comisaria_3_Familia_Cali,2024,70.0,0.9,7,0,421,1
CAL-05935,CALI,VIF,Juzgado_5_Familia_Cali,2022,70.0,0.95,7,1,613,1
CAL-05936,CALI,ALIMENTOS,Comisaria_3_Familia_Cali,2023,70.0,0.9,10,0,501,1
CAL-05937,CALI,HURTO_PATRIMONIAL,Comisaria_3_Familia_Cali,2022,70.0,0.9,5,0,509,1
CAL-05938,CALI,ALIMENTOS,Comisaria_2_Familia_Cali,2021,70.0,1.1,2,0,484,1
CAL-05939,CALI,VIF,Juzgado_4_Familia_Cali,2022,70.0,1.1,2,1,540,1
CAL-05940,CALI,ALIMENTOS,Comisaria_1_Familia_Cali,2022,70.0,1.25,4,1,560,0
CAL-05941,CALI,VIF,Juzgado_Penal_Municipal_2_Cali,2023,70.0,1.15,5,0,441,1
CAL-05942,CALI,HURTO_PATRIMONIAL,Comisaria_3_Familia_Cali,2023,70.0,0.9,5,0,311,0
CAL-05943,CALI,SUSTANCIAS,Comisaria_1_Familia_Cali,2022,70.0,1.25,2,0,442,1
CAL-05944,CALI,VIF,Juzgado_3_Familia_Cali,2022,70.0,1.2,3,1,595,1
CAL-05945,CALI,VIF,Juzgado_Penal_Municipal_2_Cali,2023,70.0,1.15,1,0,404,1
CAL-05946,CALI,ALIMENTOS,Juzgado_2_Familia_Cali,2024,70.0,1.3,9,1,342,0
CAL-05947,CALI,HURTO_PATRIMONIAL,Juzgado_5_Familia_Cali,2021,70.0,0.95,5,0,225,0
CAL-05948,CALI,ALIMENTOS,Juzgado_5_Familia_Cali,2022,70.0,0.95,4,0,461,1
CAL-05949,CALI,ALIMENTOS,Juzgado_Penal_Municipal_2_Cali,2024,70.0,1.15,3,0,495,1
CAL-05950,CALI,VIF,Juzgado_1_Familia_Cali,2024,70.0,1.45,6,0,377,0
CAL-05951,CALI,VIF,Juzgado_Penal_Municipal_1_Cali,2021,70.0,1.35,10,1,685,1
CAL-05952,CALI,ALIMENTOS,Juzgado_4_Familia_Cali,2022,70.0,1.1,7,0,534,1
CAL-05953,CALI,ALIMENTOS,Juzgado_4_Familia_Cali,2022,70.0,1.1,5,0,432,0
CAL-05954,CALI,SUSTANCIAS,Juzgado_2_Familia_Cali,2024,70.0,1.3,4,0,477,1
CAL-05955,CALI,VIF,Comisaria_3_Familia_Cali,2024,70.0,0.9,2,1,266,0
CAL-05956,CALI,ALIMENTOS,Juzgado_Penal_Municipal_2_Cali,2021,70.0,1.15,5,0,397,0
CAL-05957,CALI,VIF,Comisaria_2_Familia_Cali,2024,70.0,1.1,10,1,627,1
CAL-05958,CALI,VIF,Juzgado_5_Familia_Cali,2023,70.0,0.95,7,1,584,1
CAL-05959,CALI,SUSTANCIAS,Comisaria_2_Familia_Cali,2021,70.0,1.1,4,1,603,1
CAL-05960,CALI,ALIMENTOS,Juzgado_5_Familia_Cali,2024,70.0,0.95,3,1,601,1
CAL-05961,CALI,VIF,Juzgado_Penal_Municipal_2_Cali,2023,70.0,1.15,9,1,644,1
CAL-05962,CALI,VIF,Juzgado_3_Familia_Cali,2023,70.0,1.2,2,0,430,1
CAL-05963,CALI,VIF,Juzgado_1_Familia_Cali,2024,70.0,1.45,1,0,456,1
CAL-05964,CALI,ALIMENTOS,Juzgado_4_Familia_Cali,2024,70.0,1.1,4,0,396,0
CAL-05965,CALI,VIF,Juzgado_2_Familia_Cali,2024,70.0,1.3,4,0,348,0
CAL-05966,CALI,HURTO_PATRIMONIAL,Juzgado_Penal_Municipal_2_Cali,2024,70.0,1.15,15,0,673,1
CAL-05967,CALI,VIF,Comisaria_2_Familia_Cali,2024,70.0,1.1,6,0,448,1
CAL-05968,CALI,VIF,Juzgado_2_Familia_Cali,2022,70.0,1.3,4,0,451,1
CAL-05969,CALI,ALIMENTOS,Comisaria_1_Familia_Cali,2022,70.0,1.25,3,0,532,1
CAL-05970,CALI,VIF,Juzgado_Penal_Municipal_2_Cali,2024,70.0,1.15,7,0,440,1
CAL-05971,CALI,VIF,Juzgado_Penal_Municipal_1_Cali,2021,70.0,1.35,7,0,493,1
CAL-05972,CALI,ALIMENTOS,Comisaria_1_Familia_Cali,2022,70.0,1.25,2,0,485,1
CAL-05973,CALI,HURTO_PATRIMONIAL,Juzgado_1_Familia_Cali,2024,70.0,1.45,10,0,677,1
CAL-05974,CALI,VIF,Juzgado_3_Familia_Cali,2022,70.0,1.2,7,0,448,1
CAL-05975,CALI,VIF,Juzgado_4_Familia_Cali,2022,70.0,1.1,3,0,411,1
CAL-05976,CALI,ALIMENTOS,Juzgado_1_Familia_Cali,2020,70.0,1.45,2,0,435,0
CAL-05977,CALI,ALIMENTOS,Juzgado_1_Familia_Cali,2023,70.0,1.45,3,0,578,1
CAL-05978,CALI,HURTO_PATRIMONIAL,Juzgado_4_Familia_Cali,2024,70.0,1.1,4,0,338,0
CAL-05979,CALI,ALIMENTOS,Juzgado_4_Familia_Cali,2023,70.0,1.1,2,0,471,1
CAL-05980,CALI,ALIMENTOS,Juzgado_3_Familia_Cali,2024,70.0,1.2,3,1,552,0
CAL-05981,CALI,ALIMENTOS,Juzgado_2_Familia_Cali,2024,70.0,1.3,1,0,316,0
CAL-05982,CALI,HURTO_PATRIMONIAL,Juzgado_4_Familia_Cali,2022,70.0,1.1,6,1,563,0
CAL-05983,CALI,HURTO_PATRIMONIAL,Juzgado_Penal_Municipal_1_Cali,2024,70.0,1.35,2,0,631,1
CAL-05984,CALI,HURTO_PATRIMONIAL,Comisaria_3_Familia_Cali,2020,70.0,0.9,1,0,443,1
CAL-05985,CALI,ALIMENTOS,Juzgado_5_Familia_Cali,2020,70.0,0.95,4,0,455,1
CAL-05986,CALI,HURTO_PATRIMONIAL,Juzgado_3_Familia_Cali,2024,70.0,1.2,6,1,661,0
CAL-05987,CALI,SUSTANCIAS,Juzgado_1_Familia_Cali,2021,70.0,1.45,4,0,460,1
CAL-05988,CALI,HURTO_PATRIMONIAL,Juzgado_2_Familia_Cali,2024,70.0,1.3,2,0,608,1
CAL-05989,CALI,HURTO_PATRIMONIAL,Juzgado_2_Familia_Cali,2022,70.0,1.3,6,1,668,0
CAL-05990,CALI,VIF,Juzgado_Penal_Municipal_1_Cali,2024,70.0,1.35,5,1,623,1
CAL-05991,CALI,ALIMENTOS,Juzgado_1_Familia_Cali,2022,70.0,1.45,4,0,568,1
CAL-05992,CALI,VIF,Juzgado_5_Familia_Cali,2024,70.0,0.95,6,0,420,1
CAL-05993,CALI,ALIMENTOS,Juzgado_2_Familia_Cali,2022,70.0,1.3,2,1,670,1
CAL-05994,CALI,ALIMENTOS,Juzgado_4_Familia_Cali,2022,70.0,1.1,2,0,449,1
CAL-05995,CALI,ALIMENTOS,Comisaria_3_Familia_Cali,2024,70.0,0.9,5,0,480,1
CAL-05996,CALI,ALIMENTOS,Juzgado_5_Familia_Cali,2021,70.0,0.95,10,1,660,1
CAL-05997,CALI,ALIMENTOS,Comisaria_2_Familia_Cali,2022,70.0,1.1,7,1,705,1
CAL-05998,CALI,HURTO_PATRIMONIAL,Juzgado_5_Familia_Cali,2024,70.0,0.95,15,1,708,1
CAL-05999,CALI,VIF,Comisaria_3_Familia_Cali,2022,70.0,0.9,9,0,306,0
CAL-06000,CALI,VIF,Juzgado_5_Familia_Cali,2023,70.0,0.95,11,0,453,1
CAL-06001,CALI,ALIMENTOS,Comisaria_2_Familia_Cali,2023,70.0,1.1,3,1,674,1
CAL-06002,CALI,HURTO_PATRIMONIAL,Juzgado_4_Familia_Cali,2021,70.0,1.1,2,0,489,1
CAL-06003,CALI,ALIMENTOS,Juzgado_Penal_Municipal_1_Cali,2022,70.0,1.35,3,0,304,0
CAL-06004,CALI,HURTO_PATRIMONIAL,Comisaria_2_Familia_Cali,2022,70.0,1.1,9,1,518,0
CAL-06005,CALI,VIF,Juzgado_2_Familia_Cali,2023,70.0,1.3,3,0,448,1
CAL-06006,CALI,HURTO_PATRIMONIAL,Juzgado_3_Familia_Cali,2023,70.0,1.2,7,0,572,1
CAL-06007,CALI,HURTO_PATRIMONIAL,Comisaria_2_Familia_Cali,2022,70.0,1.1,9,0,553,1
CAL-06008,CALI,SUSTANCIAS,Comisaria_3_Familia_Cali,2022,70.0,0.9,14,0,473,1
CAL-06009,CALI,ALIMENTOS,Juzgado_Penal_Municipal_1_Cali,2024,70.0,1.35,5,0,585,1
CAL-06010,CALI,ALIMENTOS,Juzgado_1_Familia_Cali,2023,70.0,1.45,6,0,593,1
CAL-06011,CALI,VIF,Juzgado_1_Familia_Cali,2022,70.0,1.45,13,1,707,1
CAL-06012,CALI,ALIMENTOS,Juzgado_4_Familia_Cali,2021,70.0,1.1,9,0,494,1
CAL-06013,CALI,VIF,Juzgado_3_Familia_Cali,2023,70.0,1.2,1,1,576,1
CAL-06014,CALI,SUSTANCIAS,Comisaria_1_Familia_Cali,2023,70.0,1.25,9,0,309,0
CAL-06015,CALI,HURTO_PATRIMONIAL,Juzgado_2_Familia_Cali,2023,70.0,1.3,6,0,591,1
CAL-06016,CALI,ALIMENTOS,Juzgado_3_Familia_Cali,2024,70.0,1.2,7,1,701,1
CAL-06017,CALI,ALIMENTOS,Juzgado_3_Familia_Cali,2020,70.0,1.2,12,0,595,1
CAL-06018,CALI,SUSTANCIAS,Comisaria_2_Familia_Cali,2020,70.0,1.1,4,0,473,1
CAL-06019,CALI,ALIMENTOS,Comisaria_3_Familia_Cali,2021,70.0,0.9,10,0,492,1
CAL-06020,CALI,VIF,Comisaria_2_Familia_Cali,2023,70.0,1.1,13,0,508,1
CAL-06021,CALI,ALIMENTOS,Juzgado_1_Familia_Cali,2024,70.0,1.45,6,0,598,1
CAL-06022,CALI,ALIMENTOS,Comisaria_3_Familia_Cali,2021,70.0,0.9,4,0,452,1
CAL-06023,CALI,VIF,Juzgado_5_Familia_Cali,2024,70.0,0.95,2,0,367,1
CAL-06024,CALI,VIF,Juzgado_3_Familia_Cali,2024,70.0,1.2,2,0,423,1
CAL-06025,CALI,HURTO_PATRIMONIAL,Juzgado_2_Familia_Cali,2022,70.0,1.3,7,1,442,0
CAL-06026,CALI,ALIMENTOS,Juzgado_Penal_Municipal_2_Cali,2024,70.0,1.15,4,1,664,1
CAL-06027,CALI,HURTO_PATRIMONIAL,Comisaria_1_Familia_Cali,2020,70.0,1.25,3,0,483,1
CAL-06028,CALI,VIF,Juzgado_3_Familia_Cali,2024,70.0,1.2,16,0,526,1
CAL-06029,CALI,VIF,Juzgado_5_Familia_Cali,2024,70.0,0.95,13,0,467,1
CAL-06030,CALI,VIF,Juzgado_4_Familia_Cali,2024,70.0,1.1,7,0,450,1
CAL-06031,CALI,HURTO_PATRIMONIAL,Juzgado_4_Familia_Cali,2024,70.0,1.1,4,0,547,1
CAL-06032,CALI,VIF,Juzgado_4_Familia_Cali,2022,70.0,1.1,1,0,384,1
CAL-06033,CALI,ALIMENTOS,Juzgado_Penal_Municipal_1_Cali,2022,70.0,1.35,5,1,410,0
CAL-06034,CALI,ALIMENTOS,Comisaria_2_Familia_Cali,2024,70.0,1.1,2,0,480,1
CAL-06035,CALI,VIF,Juzgado_3_Familia_Cali,2022,70.0,1.2,5,0,453,1
CAL-06036,CALI,ALIMENTOS,Comisaria_3_Familia_Cali,2024,70.0,0.9,11,0,522,1
CAL-06037,CALI,VIF,Juzgado_2_Familia_Cali,2024,70.0,1.3,6,1,601,1
CAL-06038,CALI,HURTO_PATRIMONIAL,Juzgado_Penal_Municipal_1_Cali,2020,70.0,1.35,3,0,614,1
CAL-06039,CALI,VIF,Juzgado_4_Familia_Cali,2022,70.0,1.1,7,0,362,0
CAL-06040,CALI,VIF,Juzgado_2_Familia_Cali,2023,70.0,1.3,2,0,438,1
CAL-06041,CALI,ALIMENTOS,Juzgado_4_Familia_Cali,2023,70.0,1.1,4,0,462,1
CAL-06042,CALI,VIF,Juzgado_5_Familia_Cali,2022,70.0,0.95,5,0,381,1
CAL-06043,CALI,VIF,Comisaria_1_Familia_Cali,2023,70.0,1.25,4,0,456,1
CAL-06044,CALI,ALIMENTOS,Juzgado_Penal_Municipal_2_Cali,2020,70.0,1.15,1,1,612,1
CAL-06045,CALI,VIF,Comisaria_1_Familia_Cali,2023,70.0,1.25,6,0,212,0
CAL-06046,CALI,VIF,Juzgado_5_Familia_Cali,2020,70.0,0.95,2,0,366,1
CAL-06047,CALI,ALIMENTOS,Juzgado_4_Familia_Cali,2023,70.0,1.1,5,0,524,1
CAL-06048,CALI,ALIMENTOS,Comisaria_2_Familia_Cali,2024,70.0,1.1,4,0,221,0
CAL-06049,CALI,VIF,Comisaria_3_Familia_Cali,2024,70.0,0.9,4,0,387,1
CAL-06050,CALI,SUSTANCIAS,Juzgado_Penal_Municipal_1_Cali,2024,70.0,1.35,6,0,537,1
CAL-06051,CALI,ALIMENTOS,Comisaria_1_Familia_Cali,2022,70.0,1.25,1,0,514,1
CAL-06052,CALI,ALIMENTOS,Juzgado_Penal_Municipal_1_Cali,2024,70.0,1.35,3,0,546,1
CAL-06053,CALI,HURTO_PATRIMONIAL,Juzgado_1_Familia_Cali,2023,70.0,1.45,4,0,608,1
CAL-06054,CALI,SUSTANCIAS,Juzgado_3_Familia_Cali,2020,70.0,1.2,3,0,434,1
CAL-06055,CALI,ALIMENTOS,Juzgado_2_Familia_Cali,2023,70.0,1.3,5,0,554,1
CAL-06056,CALI,ALIMENTOS,Juzgado_2_Familia_Cali,2024,70.0,1.3,2,1,672,1
CAL-06057,CALI,ALIMENTOS,Juzgado_5_Familia_Cali,2020,70.0,0.95,3,0,418,1
CAL-06058,CALI,VIF,Juzgado_3_Familia_Cali,2023,70.0,1.2,7,1,597,1
CAL-06059,CALI,VIF,Juzgado_1_Familia_Cali,2021,70.0,1.45,6,0,334,0
CAL-06060,CALI,ALIMENTOS,Juzgado_Penal_Municipal_1_Cali,2023,70.0,1.35,7,1,352,0
CAL-06061,CALI,ALIMENTOS,Comisaria_2_Familia_Cali,2021,70.0,1.1,9,1,688,1
CAL-06062,CALI,VIF,Juzgado_2_Familia_Cali,2023,70.0,1.3,2,1,608,1
CAL-06063,CALI,ALIMENTOS,Comisaria_3_Familia_Cali,2021,70.0,0.9,2,0,428,1
CAL-06064,CALI,HURTO_PATRIMONIAL,Juzgado_Penal_Municipal_1_Cali,2023,70.0,1.35,9,0,640,1
CAL-06065,CALI,ALIMENTOS,Juzgado_4_Familia_Cali,2024,70.0,1.1,3,0,486,1
CAL-06066,CALI,VIF,Juzgado_3_Familia_Cali,2024,70.0,1.2,4,0,438,1
CAL-06067,CALI,HURTO_PATRIMONIAL,Comisaria_1_Familia_Cali,2022,70.0,1.25,8,0,515,0
CAL-06068,CALI,SUSTANCIAS,Comisaria_2_Familia_Cali,2023,70.0,1.1,7,0,451,1
CAL-06069,CALI,ALIMENTOS,Juzgado_Penal_Municipal_1_Cali,2023,70.0,1.35,1,1,581,0
CAL-06070,CALI,HURTO_PATRIMONIAL,Juzgado_1_Familia_Cali,2023,70.0,1.45,5,1,561,0
CAL-06071,CALI,HURTO_PATRIMONIAL,Juzgado_Penal_Municipal_1_Cali,2021,70.0,1.35,3,0,615,1
CAL-06072,CALI,ALIMENTOS,Juzgado_Penal_Municipal_2_Cali,2024,70.0,1.15,5,0,505,1
CAL-06073,CALI,ALIMENTOS,Juzgado_3_Familia_Cali,2024,70.0,1.2,3,0,517,1
CAL-06074,CALI,ALIMENTOS,Juzgado_4_Familia_Cali,2023,70.0,1.1,11,0,572,1
CAL-06075,CALI,HURTO_PATRIMONIAL,Juzgado_5_Familia_Cali,2024,70.0,0.95,8,1,720,1
CAL-06076,CALI,HURTO_PATRIMONIAL,Juzgado_4_Familia_Cali,2021,70.0,1.1,2,0,486,1
CAL-06077,CALI,ALIMENTOS,Juzgado_1_Familia_Cali,2023,70.0,1.45,4,0,603,1
CAL-06078,CALI,VIF,Juzgado_5_Familia_Cali,2024,70.0,0.95,5,0,227,0
CAL-06079,CALI,VIF,Juzgado_Penal_Municipal_2_Cali,2022,70.0,1.15,2,0,248,0
CAL-06080,CALI,SUSTANCIAS,Juzgado_4_Familia_Cali,2020,70.0,1.1,5,1,600,1
CAL-06081,CALI,ALIMENTOS,Juzgado_5_Familia_Cali,2022,70.0,0.95,3,0,367,0
CAL-06082,CALI,SUSTANCIAS,Comisaria_1_Familia_Cali,2024,70.0,1.25,5,0,471,1
CAL-06083,CALI,SUSTANCIAS,Comisaria_3_Familia_Cali,2024,70.0,0.9,8,0,445,1
CAL-06084,CALI,HURTO_PATRIMONIAL,Juzgado_Penal_Municipal_2_Cali,2023,70.0,1.15,3,1,692,1
CAL-06085,CALI,VIF,Comisaria_1_Familia_Cali,2023,70.0,1.25,4,0,462,1
CAL-06086,CALI,SUSTANCIAS,Juzgado_4_Familia_Cali,2023,70.0,1.1,3,0,443,1
CAL-06087,CALI,ALIMENTOS,Juzgado_5_Familia_Cali,2021,70.0,0.95,1,1,595,1
CAL-06088,CALI,VIF,Comisaria_1_Familia_Cali,2024,70.0,1.25,6,0,478,1
CAL-06089,CALI,HURTO_PATRIMONIAL,Juzgado_Penal_Municipal_1_Cali,2022,70.0,1.35,4,0,583,1
CAL-06090,CALI,ALIMENTOS,Comisaria_1_Familia_Cali,2023,70.0,1.25,3,0,502,1
CAL-06091,CALI,VIF,Juzgado_3_Familia_Cali,2020,70.0,1.2,2,0,396,1
CAL-06092,CALI,VIF,Juzgado_5_Familia_Cali,2024,70.0,0.95,5,0,412,1
CAL-06093,CALI,VIF,Juzgado_Penal_Municipal_1_Cali,2024,70.0,1.35,5,0,257,0
CAL-06094,CALI,ALIMENTOS,Juzgado_2_Familia_Cali,2023,70.0,1.3,6,0,546,1
CAL-06095,CALI,VIF,Juzgado_5_Familia_Cali,2024,70.0,0.95,2,0,377,1
CAL-06096,CALI,SUSTANCIAS,Comisaria_2_Familia_Cali,2024,70.0,1.1,4,1,596,1
CAL-06097,CALI,SUSTANCIAS,Comisaria_2_Familia_Cali,2023,70.0,1.1,5,0,447,1
CAL-06098,CALI,ALIMENTOS,Juzgado_3_Familia_Cali,2021,70.0,1.2,5,0,534,1
CAL-06099,CALI,VIF,Juzgado_4_Familia_Cali,2022,70.0,1.1,7,0,442,1
CAL-06100,CALI,VIF,Juzgado_5_Familia_Cali,2022,70.0,0.95,3,0,374,1
CAL-06101,CALI,HURTO_PATRIMONIAL,Comisaria_2_Familia_Cali,2021,70.0,1.1,3,1,631,1
CAL-06102,CALI,VIF,Juzgado_1_Familia_Cali,2020,70.0,1.45,2,1,648,1
CAL-06103,CALI,SUSTANCIAS,Juzgado_Penal_Municipal_2_Cali,2020,70.0,1.15,6,1,601,1
CAL-06104,CALI,VIF,Juzgado_1_Familia_Cali,2024,70.0,1.45,3,0,491,1
CAL-06105,CALI,HURTO_PATRIMONIAL,Comisaria_1_Familia_Cali,2024,70.0,1.25,8,1,374,0
CAL-06106,CALI,VIF,Juzgado_5_Familia_Cali,2024,70.0,0.95,4,0,407,1
CAL-06107,CALI,VIF,Juzgado_Penal_Municipal_1_Cali,2024,70.0,1.35,8,1,669,1
CAL-06108,CALI,ALIMENTOS,Comisaria_3_Familia_Cali,2023,70.0,0.9,1,1,590,1
CAL-06109,CALI,VIF,Juzgado_Penal_Municipal_2_Cali,2024,70.0,1.15,9,0,483,1
CAL-06110,CALI,SUSTANCIAS,Comisaria_2_Familia_Cali,2022,70.0,1.1,4,0,441,1
CAL-06111,CALI,ALIMENTOS,Juzgado_5_Familia_Cali,2021,70.0,0.95,3,1,577,1
CAL-06112,CALI,ALIMENTOS,Juzgado_1_Familia_Cali,2020,70.0,1.45,10,1,395,0
CAL-06113,CALI,ALIMENTOS,Comisaria_2_Familia_Cali,2020,70.0,1.1,3,0,475,1
CAL-06114,CALI,VIF,Juzgado_Penal_Municipal_1_Cali,2022,70.0,1.35,9,0,501,1
CAL-06115,CALI,ALIMENTOS,Juzgado_2_Familia_Cali,2023,70.0,1.3,5,1,715,1
CAL-06116,CALI,SUSTANCIAS,Juzgado_2_Familia_Cali,2022,70.0,1.3,5,1,647,1
CAL-06117,CALI,ALIMENTOS,Comisaria_2_Familia_Cali,2024,70.0,1.1,3,1,632,1
CAL-06118,CALI,ALIMENTOS,Juzgado_2_Familia_Cali,2022,70.0,1.3,2,1,697,1
CAL-06119,CALI,ALIMENTOS,Comisaria_1_Familia_Cali,2021,70.0,1.25,5,0,508,1
CAL-06120,CALI,VIF,Juzgado_4_Familia_Cali,2022,70.0,1.1,4,0,434,1
CAL-06121,CALI,ALIMENTOS,Juzgado_2_Familia_Cali,2022,70.0,1.3,9,1,455,0
CAL-06122,CALI,VIF,Juzgado_1_Familia_Cali,2023,70.0,1.45,4,0,469,1
CAL-06123,CALI,ALIMENTOS,Comisaria_2_Familia_Cali,2023,70.0,1.1,7,1,639,1
CAL-06124,CALI,ALIMENTOS,Comisaria_1_Familia_Cali,2023,70.0,1.25,4,0,536,1
CAL-06125,CALI,ALIMENTOS,Comisaria_2_Familia_Cali,2024,70.0,1.1,12,0,555,1
CAL-06126,CALI,VIF,Juzgado_4_Familia_Cali,2024,70.0,1.1,16,0,515,1
CAL-06127,CALI,VIF,Juzgado_3_Familia_Cali,2022,70.0,1.2,14,0,535,1
CAL-06128,CALI,HURTO_PATRIMONIAL,Juzgado_Penal_Municipal_1_Cali,2024,70.0,1.35,8,0,651,1
CAL-06129,CALI,HURTO_PATRIMONIAL,Comisaria_2_Familia_Cali,2022,70.0,1.1,13,0,563,1
CAL-06130,CALI,ALIMENTOS,Comisaria_3_Familia_Cali,2024,70.0,0.9,1,0,411,1
CAL-06131,CALI,ALIMENTOS,Juzgado_1_Familia_Cali,2021,70.0,1.45,4,1,720,1
CAL-06132,CALI,SUSTANCIAS,Juzgado_3_Familia_Cali,2021,70.0,1.2,2,0,437,1
CAL-06133,CALI,VIF,Comisaria_1_Familia_Cali,2021,70.0,1.25,4,0,450,1
CAL-06134,CALI,VIF,Juzgado_5_Familia_Cali,2022,70.0,0.95,7,0,333,0
CAL-06135,CALI,ALIMENTOS,Juzgado_Penal_Municipal_1_Cali,2024,70.0,1.35,3,0,548,1
CAL-06136,CALI,ALIMENTOS,Juzgado_5_Familia_Cali,2023,70.0,0.95,4,1,313,0
CAL-06137,CALI,ALIMENTOS,Comisaria_1_Familia_Cali,2022,70.0,1.25,2,0,522,1
CAL-06138,CALI,ALIMENTOS,Juzgado_Penal_Municipal_2_Cali,2023,70.0,1.15,4,0,508,1
CAL-06139,CALI,SUSTANCIAS,Juzgado_5_Familia_Cali,2024,70.0,0.95,14,1,418,0
CAL-06140,CALI,ALIMENTOS,Juzgado_1_Familia_Cali,2022,70.0,1.45,1,1,711,1
CAL-06141,CALI,VIF,Juzgado_1_Familia_Cali,2022,70.0,1.45,11,0,518,1
CAL-06142,CALI,VIF,Juzgado_5_Familia_Cali,2022,70.0,0.95,3,0,396,1
CAL-06143,CALI,ALIMENTOS,Comisaria_3_Familia_Cali,2022,70.0,0.9,1,0,425,1
CAL-06144,CALI,VIF,Comisaria_1_Familia_Cali,2023,70.0,1.25,1,1,596,1
CAL-06145,CALI,ALIMENTOS,Juzgado_2_Familia_Cali,2023,70.0,1.3,7,0,579,1
CAL-06146,CALI,ALIMENTOS,Comisaria_1_Familia_Cali,2023,70.0,1.25,1,0,481,1
CAL-06147,CALI,HURTO_PATRIMONIAL,Juzgado_3_Familia_Cali,2020,70.0,1.2,2,0,321,0
CAL-06148,CALI,ALIMENTOS,Juzgado_2_Familia_Cali,2022,70.0,1.3,6,0,563,1
CAL-06149,CALI,HURTO_PATRIMONIAL,Comisaria_3_Familia_Cali,2023,70.0,0.9,15,1,565,0
CAL-06150,CALI,VIF,Juzgado_4_Familia_Cali,2024,70.0,1.1,5,0,297,0
CAL-06151,CALI,HURTO_PATRIMONIAL,Juzgado_2_Familia_Cali,2021,70.0,1.3,2,0,361,0
CAL-06152,CALI,ALIMENTOS,Juzgado_4_Familia_Cali,2024,70.0,1.1,7,0,335,0
CAL-06153,CALI,ALIMENTOS,Juzgado_4_Familia_Cali,2023,70.0,1.1,4,1,651,1
CAL-06154,CALI,ALIMENTOS,Juzgado_2_Familia_Cali,2020,70.0,1.3,1,0,533,1
CAL-06155,CALI,ALIMENTOS,Juzgado_1_Familia_Cali,2024,70.0,1.45,7,0,587,1
CAL-06156,CALI,ALIMENTOS,Comisaria_3_Familia_Cali,2023,70.0,0.9,6,1,428,0
CAL-06157,CALI,VIF,Comisaria_1_Familia_Cali,2022,70.0,1.25,10,0,481,1
CAL-06158,CALI,ALIMENTOS,Juzgado_Penal_Municipal_2_Cali,2023,70.0,1.15,6,1,704,1
CAL-06159,CALI,ALIMENTOS,Juzgado_Penal_Municipal_2_Cali,2020,70.0,1.15,1,0,467,1
CAL-06160,CALI,ALIMENTOS,Juzgado_1_Familia_Cali,2022,70.0,1.45,6,0,586,1
CAL-06161,CALI,HURTO_PATRIMONIAL,Comisaria_1_Familia_Cali,2024,70.0,1.25,6,0,582,1
CAL-06162,CALI,VIF,Juzgado_5_Familia_Cali,2023,70.0,0.95,1,0,341,1
CAL-06163,CALI,VIF,Juzgado_4_Familia_Cali,2024,70.0,1.1,3,0,415,1
CAL-06164,CALI,ALIMENTOS,Juzgado_5_Familia_Cali,2023,70.0,0.95,9,1,679,1
CAL-06165,CALI,VIF,Juzgado_Penal_Municipal_1_Cali,2023,70.0,1.35,2,0,453,1
CAL-06166,CALI,VIF,Juzgado_1_Familia_Cali,2024,70.0,1.45,7,0,534,1
CAL-06167,CALI,ALIMENTOS,Juzgado_Penal_Municipal_1_Cali,2024,70.0,1.35,4,0,564,1
CAL-06168,CALI,VIF,Comisaria_2_Familia_Cali,2024,70.0,1.1,19,0,533,1
CAL-06169,CALI,HURTO_PATRIMONIAL,Comisaria_1_Familia_Cali,2024,70.0,1.25,4,1,720,1
CAL-06170,CALI,ALIMENTOS,Comisaria_2_Familia_Cali,2021,70.0,1.1,10,1,696,1
CAL-06171,CALI,VIF,Comisaria_3_Familia_Cali,2024,70.0,0.9,4,1,538,1
CAL-06172,CALI,ALIMENTOS,Comisaria_3_Familia_Cali,2022,70.0,0.9,9,0,468,1
CAL-06173,CALI,VIF,Juzgado_3_Familia_Cali,2023,70.0,1.2,3,0,438,1
CAL-06174,CALI,HURTO_PATRIMONIAL,Juzgado_Penal_Municipal_2_Cali,2024,70.0,1.15,5,0,349,0
CAL-06175,CALI,VIF,Comisaria_1_Familia_Cali,2024,70.0,1.25,4,0,462,1
CAL-06176,CALI,HURTO_PATRIMONIAL,Juzgado_2_Familia_Cali,2024,70.0,1.3,2,1,531,0
CAL-06177,CALI,VIF,Comisaria_2_Familia_Cali,2024,70.0,1.1,4,0,400,1
CAL-06178,CALI,VIF,Juzgado_1_Familia_Cali,2024,70.0,1.45,16,0,619,1
CAL-06179,CALI,SUSTANCIAS,Juzgado_Penal_Municipal_2_Cali,2024,70.0,1.15,3,1,585,1
CAL-06180,CALI,ALIMENTOS,Juzgado_2_Familia_Cali,2022,70.0,1.3,8,0,417,0
CAL-06181,CALI,VIF,Juzgado_Penal_Municipal_1_Cali,2023,70.0,1.35,1,0,418,1
CAL-06182,CALI,ALIMENTOS,Comisaria_1_Familia_Cali,2021,70.0,1.25,1,0,486,1
CAL-06183,CALI,VIF,Comisaria_3_Familia_Cali,2024,70.0,0.9,8,0,298,0
CAL-06184,CALI,ALIMENTOS,Juzgado_3_Familia_Cali,2024,70.0,1.2,4,0,515,1
CAL-06185,CALI,SUSTANCIAS,Juzgado_Penal_Municipal_2_Cali,2023,70.0,1.15,4,1,595,1
CAL-06186,CALI,ALIMENTOS,Comisaria_2_Familia_Cali,2024,70.0,1.1,5,0,532,1
CAL-06187,CALI,VIF,Juzgado_4_Familia_Cali,2023,70.0,1.1,5,0,430,1
CAL-06188,CALI,HURTO_PATRIMONIAL,Juzgado_4_Familia_Cali,2022,70.0,1.1,2,1,682,1
CAL-06189,CALI,ALIMENTOS,Juzgado_5_Familia_Cali,2022,70.0,0.95,3,0,437,1
CAL-06190,CALI,ALIMENTOS,Juzgado_5_Familia_Cali,2023,70.0,0.95,10,0,534,1
CAL-06191,CALI,VIF,Juzgado_1_Familia_Cali,2024,70.0,1.45,2,0,467,1
CAL-06192,CALI,VIF,Comisaria_2_Familia_Cali,2022,70.0,1.1,2,0,396,1
CAL-06193,CALI,ALIMENTOS,Juzgado_2_Familia_Cali,2023,70.0,1.3,6,0,564,1
CAL-06194,CALI,ALIMENTOS,Comisaria_1_Familia_Cali,2020,70.0,1.25,14,0,594,1
CAL-06195,CALI,ALIMENTOS,Comisaria_1_Familia_Cali,2020,70.0,1.25,5,0,509,1
CAL-06196,CALI,HURTO_PATRIMONIAL,Comisaria_3_Familia_Cali,2022,70.0,0.9,1,0,459,1
CAL-06197,CALI,VIF,Juzgado_5_Familia_Cali,2022,70.0,0.95,7,0,416,1
CAL-06198,CALI,ALIMENTOS,Juzgado_4_Familia_Cali,2024,70.0,1.1,5,0,520,1
CAL-06199,CALI,ALIMENTOS,Juzgado_1_Familia_Cali,2022,70.0,1.45,6,0,630,1
CAL-06200,CALI,ALIMENTOS,Juzgado_3_Familia_Cali,2024,70.0,1.2,6,0,513,1
CAL-06201,CALI,ALIMENTOS,Comisaria_3_Familia_Cali,2021,70.0,0.9,9,0,220,0
CAL-06202,CALI,ALIMENTOS,Juzgado_Penal_Municipal_2_Cali,2024,70.0,1.15,2,0,400,0
CAL-06203,CALI,ALIMENTOS,Juzgado_3_Familia_Cali,2024,70.0,1.2,2,0,486,1
CAL-06204,CALI,ALIMENTOS,Juzgado_Penal_Municipal_1_Cali,2024,70.0,1.35,12,0,609,1
CAL-06205,CALI,VIF,Juzgado_1_Familia_Cali,2024,70.0,1.45,4,0,496,1
CAL-06206,CALI,HURTO_PATRIMONIAL,Juzgado_5_Familia_Cali,2021,70.0,0.95,7,0,505,1
CAL-06207,CALI,ALIMENTOS,Juzgado_3_Familia_Cali,2024,70.0,1.2,2,1,662,1
CAL-06208,CALI,ALIMENTOS,Comisaria_3_Familia_Cali,2024,70.0,0.9,6,1,602,1
CAL-06209,CALI,ALIMENTOS,Comisaria_3_Familia_Cali,2022,70.0,0.9,1,1,587,1
CAL-06210,CALI,VIF,Juzgado_2_Familia_Cali,2023,70.0,1.3,1,0,439,1
CAL-06211,CALI,ALIMENTOS,Comisaria_2_Familia_Cali,2024,70.0,1.1,5,0,433,0
CAL-06212,CALI,ALIMENTOS,Comisaria_2_Familia_Cali,2022,70.0,1.1,1,0,458,1
CAL-06213,CALI,VIF,Juzgado_5_Familia_Cali,2020,70.0,0.95,1,0,357,1
CAL-06214,CALI,ALIMENTOS,Juzgado_Penal_Municipal_1_Cali,2020,70.0,1.35,4,0,566,1
CAL-06215,CALI,VIF,Juzgado_Penal_Municipal_2_Cali,2022,70.0,1.15,7,0,458,1
CAL-06216,CALI,ALIMENTOS,Juzgado_2_Familia_Cali,2024,70.0,1.3,10,0,603,1
CAL-06217,CALI,VIF,Juzgado_Penal_Municipal_1_Cali,2023,70.0,1.35,13,0,372,0
CAL-06218,CALI,HURTO_PATRIMONIAL,Juzgado_4_Familia_Cali,2024,70.0,1.1,6,0,416,0
CAL-06219,CALI,HURTO_PATRIMONIAL,Juzgado_2_Familia_Cali,2021,70.0,1.3,11,0,659,1
CAL-06220,CALI,VIF,Juzgado_2_Familia_Cali,2024,70.0,1.3,4,0,463,1
CAL-06221,CALI,VIF,Juzgado_3_Familia_Cali,2021,70.0,1.2,5,0,407,1
CAL-06222,CALI,ALIMENTOS,Comisaria_1_Familia_Cali,2024,70.0,1.25,11,1,413,0
CAL-06223,CALI,VIF,Juzgado_Penal_Municipal_2_Cali,2022,70.0,1.15,5,0,443,1
CAL-06224,CALI,VIF,Juzgado_3_Familia_Cali,2023,70.0,1.2,3,1,578,1
CAL-06225,CALI,ALIMENTOS,Comisaria_2_Familia_Cali,2023,70.0,1.1,8,0,526,1
CAL-06226,CALI,VIF,Juzgado_Penal_Municipal_2_Cali,2023,70.0,1.15,4,0,437,1
CAL-06227,CALI,VIF,Juzgado_Penal_Municipal_2_Cali,2023,70.0,1.15,4,1,597,1
CAL-06228,CALI,VIF,Comisaria_3_Familia_Cali,2024,70.0,0.9,4,0,387,1
CAL-06229,CALI,HURTO_PATRIMONIAL,Comisaria_3_Familia_Cali,2023,70.0,0.9,1,0,471,1
CAL-06230,CALI,VIF,Juzgado_4_Familia_Cali,2022,70.0,1.1,4,1,554,1
CAL-06231,CALI,HURTO_PATRIMONIAL,Juzgado_1_Familia_Cali,2023,70.0,1.45,2,0,609,1
CAL-06232,CALI,SUSTANCIAS,Juzgado_4_Familia_Cali,2023,70.0,1.1,5,0,347,0
CAL-06233,CALI,VIF,Comisaria_1_Familia_Cali,2020,70.0,1.25,6,0,444,1
CAL-06234,CALI,VIF,Juzgado_2_Familia_Cali,2024,70.0,1.3,1,0,411,1
CAL-06235,CALI,VIF,Comisaria_1_Familia_Cali,2024,70.0,1.25,10,0,465,1
CAL-06236,CALI,HURTO_PATRIMONIAL,Juzgado_1_Familia_Cali,2024,70.0,1.45,5,0,391,0
CAL-06237,CALI,ALIMENTOS,Comisaria_2_Familia_Cali,2021,70.0,1.1,6,1,688,1
CAL-06238,CALI,VIF,Juzgado_4_Familia_Cali,2021,70.0,1.1,7,0,424,1
CAL-06239,CALI,ALIMENTOS,Comisaria_3_Familia_Cali,2024,70.0,0.9,4,1,574,1
CAL-06240,CALI,ALIMENTOS,Juzgado_4_Familia_Cali,2023,70.0,1.1,4,0,483,1
CAL-06241,CALI,ALIMENTOS,Juzgado_5_Familia_Cali,2024,70.0,0.95,5,1,678,1
CAL-06242,CALI,HURTO_PATRIMONIAL,Juzgado_Penal_Municipal_1_Cali,2020,70.0,1.35,6,0,594,1
CAL-06243,CALI,ALIMENTOS,Juzgado_5_Familia_Cali,2021,70.0,0.95,9,1,545,0
CAL-06244,CALI,ALIMENTOS,Juzgado_4_Familia_Cali,2024,70.0,1.1,4,1,644,1
CAL-06245,CALI,ALIMENTOS,Juzgado_Penal_Municipal_1_Cali,2024,70.0,1.35,1,0,511,1
CAL-06246,CALI,ALIMENTOS,Juzgado_4_Familia_Cali,2023,70.0,1.1,5,0,528,1
CAL-06247,CALI,ALIMENTOS,Juzgado_Penal_Municipal_1_Cali,2022,70.0,1.35,1,0,536,1
CAL-06248,CALI,ALIMENTOS,Comisaria_2_Familia_Cali,2023,70.0,1.1,11,0,561,1
CAL-06249,CALI,VIF,Comisaria_3_Familia_Cali,2023,70.0,0.9,12,0,457,1
CAL-06250,CALI,HURTO_PATRIMONIAL,Juzgado_5_Familia_Cali,2023,70.0,0.95,7,0,547,1
CAL-06251,CALI,VIF,Comisaria_1_Familia_Cali,2021,70.0,1.25,8,0,464,1
CAL-06252,CALI,VIF,Juzgado_Penal_Municipal_1_Cali,2020,70.0,1.35,3,1,419,0
CAL-06253,CALI,VIF,Comisaria_2_Familia_Cali,2024,70.0,1.1,2,0,391,1
CAL-06254,CALI,ALIMENTOS,Juzgado_Penal_Municipal_1_Cali,2024,70.0,1.35,5,0,390,0
CAL-06255,CALI,ALIMENTOS,Juzgado_3_Familia_Cali,2022,70.0,1.2,10,0,580,1
CAL-06256,CALI,VIF,Juzgado_3_Familia_Cali,2021,70.0,1.2,1,0,398,1
CAL-06257,CALI,SUSTANCIAS,Juzgado_Penal_Municipal_2_Cali,2022,70.0,1.15,8,1,436,0
CAL-06258,CALI,SUSTANCIAS,Juzgado_2_Familia_Cali,2022,70.0,1.3,9,0,523,1
CAL-06259,CALI,SUSTANCIAS,Comisaria_2_Familia_Cali,2024,70.0,1.1,6,1,626,1
CAL-06260,CALI,ALIMENTOS,Juzgado_Penal_Municipal_2_Cali,2024,70.0,1.15,3,1,681,1
CAL-06261,CALI,ALIMENTOS,Juzgado_4_Familia_Cali,2024,70.0,1.1,1,0,408,0
CAL-06262,CALI,HURTO_PATRIMONIAL,Juzgado_4_Familia_Cali,2021,70.0,1.1,6,0,503,1
CAL-06263,CALI,ALIMENTOS,Juzgado_2_Familia_Cali,2021,70.0,1.3,1,0,529,1
CAL-06264,CALI,ALIMENTOS,Juzgado_Penal_Municipal_2_Cali,2023,70.0,1.15,4,1,553,0
CAL-06265,CALI,VIF,Juzgado_5_Familia_Cali,2021,70.0,0.95,8,0,399,1
CAL-06266,CALI,VIF,Comisaria_1_Familia_Cali,2022,70.0,1.25,4,0,432,1
CAL-06267,CALI,HURTO_PATRIMONIAL,Juzgado_2_Familia_Cali,2022,70.0,1.3,4,0,593,1
CAL-06268,CALI,ALIMENTOS,Juzgado_2_Familia_Cali,2022,70.0,1.3,6,0,520,1
CAL-06269,CALI,VIF,Juzgado_1_Familia_Cali,2024,70.0,1.45,2,0,448,1
CAL-06270,CALI,VIF,Juzgado_2_Familia_Cali,2022,70.0,1.3,3,0,430,1
CAL-06271,CALI,ALIMENTOS,Juzgado_4_Familia_Cali,2022,70.0,1.1,3,0,514,1
CAL-06272,CALI,SUSTANCIAS,Juzgado_5_Familia_Cali,2023,70.0,0.95,2,0,375,1
CAL-06273,CALI,HURTO_PATRIMONIAL,Juzgado_Penal_Municipal_1_Cali,2023,70.0,1.35,3,0,633,1
CAL-06274,CALI,HURTO_PATRIMONIAL,Juzgado_4_Familia_Cali,2021,70.0,1.1,5,1,656,1
CAL-06275,CALI,VIF,Juzgado_Penal_Municipal_2_Cali,2021,70.0,1.15,7,0,441,1
CAL-06276,CALI,VIF,Comisaria_3_Familia_Cali,2024,70.0,0.9,4,1,554,1
CAL-06277,CALI,VIF,Juzgado_5_Familia_Cali,2024,70.0,0.95,2,0,374,1
CAL-06278,CALI,ALIMENTOS,Juzgado_4_Familia_Cali,2023,70.0,1.1,1,0,469,1
CAL-06279,CALI,VIF,Comisaria_3_Familia_Cali,2021,70.0,0.9,3,0,349,1
CAL-06280,CALI,ALIMENTOS,Juzgado_1_Familia_Cali,2023,70.0,1.45,1,0,563,1
CAL-06281,CALI,VIF,Comisaria_1_Familia_Cali,2020,70.0,1.25,4,0,409,1
CAL-06282,CALI,VIF,Juzgado_1_Familia_Cali,2024,70.0,1.45,1,0,330,0
CAL-06283,CALI,HURTO_PATRIMONIAL,Comisaria_2_Familia_Cali,2021,70.0,1.1,6,0,553,1
CAL-06284,CALI,VIF,Comisaria_2_Familia_Cali,2023,70.0,1.1,3,0,388,1
CAL-06285,CALI,SUSTANCIAS,Juzgado_5_Familia_Cali,2022,70.0,0.95,2,1,558,1
CAL-06286,CALI,VIF,Comisaria_1_Familia_Cali,2022,70.0,1.25,11,0,481,1
CAL-06287,CALI,VIF,Comisaria_3_Familia_Cali,2021,70.0,0.9,3,0,384,1
CAL-06288,CALI,SUSTANCIAS,Juzgado_Penal_Municipal_2_Cali,2023,70.0,1.15,7,0,463,1
CAL-06289,CALI,HURTO_PATRIMONIAL,Comisaria_1_Familia_Cali,2021,70.0,1.25,5,0,484,0
CAL-06290,CALI,VIF,Comisaria_3_Familia_Cali,2020,70.0,0.9,5,0,369,1
CAL-06291,CALI,HURTO_PATRIMONIAL,Juzgado_Penal_Municipal_2_Cali,2024,70.0,1.15,9,0,579,1
CAL-06292,CALI,VIF,Juzgado_1_Familia_Cali,2021,70.0,1.45,5,0,472,1
CAL-06293,CALI,ALIMENTOS,Comisaria_1_Familia_Cali,2022,70.0,1.25,13,1,348,0
CAL-06294,CALI,SUSTANCIAS,Juzgado_Penal_Municipal_2_Cali,2023,70.0,1.15,3,0,429,1
CAL-06295,CALI,ALIMENTOS,Juzgado_4_Familia_Cali,2022,70.0,1.1,3,1,646,1
CAL-06296,CALI,ALIMENTOS,Juzgado_4_Familia_Cali,2023,70.0,1.1,3,0,497,1
CAL-06297,CALI,ALIMENTOS,Juzgado_3_Familia_Cali,2023,70.0,1.2,6,1,663,1
CAL-06298,CALI,ALIMENTOS,Comisaria_2_Familia_Cali,2022,70.0,1.1,2,0,461,1
CAL-06299,CALI,VIF,Comisaria_2_Familia_Cali,2022,70.0,1.1,3,1,310,0
CAL-06300,CALI,ALIMENTOS,Juzgado_Penal_Municipal_1_Cali,2022,70.0,1.35,9,1,347,0
CAL-06301,CALI,ALIMENTOS,Comisaria_3_Familia_Cali,2023,70.0,0.9,3,0,455,1
CAL-06302,CALI,VIF,Juzgado_3_Familia_Cali,2020,70.0,1.2,3,0,422,1
CAL-06303,CALI,VIF,Juzgado_3_Familia_Cali,2024,70.0,1.2,2,0,387,1
CAL-06304,CALI,ALIMENTOS,Juzgado_1_Familia_Cali,2022,70.0,1.45,6,0,630,1
CAL-06305,CALI,ALIMENTOS,Juzgado_2_Familia_Cali,2022,70.0,1.3,9,0,566,1
CAL-06306,CALI,ALIMENTOS,Comisaria_2_Familia_Cali,2020,70.0,1.1,6,0,462,1
CAL-06307,CALI,VIF,Juzgado_3_Familia_Cali,2023,70.0,1.2,10,0,517,1
CAL-06308,CALI,VIF,Juzgado_1_Familia_Cali,2022,70.0,1.45,2,0,445,1
CAL-06309,CALI,VIF,Comisaria_1_Familia_Cali,2024,70.0,1.25,12,1,679,1
CAL-06310,CALI,VIF,Juzgado_4_Familia_Cali,2021,70.0,1.1,11,0,460,1
CAL-06311,CALI,ALIMENTOS,Juzgado_Penal_Municipal_2_Cali,2022,70.0,1.15,2,1,633,1
CAL-06312,CALI,ALIMENTOS,Comisaria_3_Familia_Cali,2021,70.0,0.9,3,0,420,1
CAL-06313,CALI,VIF,Juzgado_4_Familia_Cali,2021,70.0,1.1,4,0,407,1
CAL-06314,CALI,HURTO_PATRIMONIAL,Juzgado_1_Familia_Cali,2024,70.0,1.45,8,0,681,1
CAL-06315,CALI,VIF,Juzgado_1_Familia_Cali,2024,70.0,1.45,5,0,502,1
CAL-06316,CALI,VIF,Juzgado_Penal_Municipal_2_Cali,2023,70.0,1.15,10,0,497,1
CAL-06317,CALI,ALIMENTOS,Comisaria_2_Familia_Cali,2022,70.0,1.1,7,1,667,1
CAL-06318,CALI,VIF,Juzgado_2_Familia_Cali,2020,70.0,1.3,8,0,488,1
CAL-06319,CALI,VIF,Juzgado_4_Familia_Cali,2024,70.0,1.1,9,0,465,1
CAL-06320,CALI,ALIMENTOS,Juzgado_1_Familia_Cali,2022,70.0,1.45,4,0,578,1
CAL-06321,CALI,ALIMENTOS,Comisaria_3_Familia_Cali,2024,70.0,0.9,4,1,582,1
CAL-06322,CALI,VIF,Juzgado_Penal_Municipal_1_Cali,2022,70.0,1.35,5,0,464,1
CAL-06323,CALI,VIF,Juzgado_Penal_Municipal_2_Cali,2023,70.0,1.15,5,0,432,1
CAL-06324,CALI,ALIMENTOS,Comisaria_3_Familia_Cali,2023,70.0,0.9,4,0,461,1
CAL-06325,CALI,ALIMENTOS,Comisaria_1_Familia_Cali,2021,70.0,1.25,12,1,719,1
CAL-06326,CALI,VIF,Juzgado_2_Familia_Cali,2023,70.0,1.3,6,0,447,1
CAL-06327,CALI,HURTO_PATRIMONIAL,Comisaria_2_Familia_Cali,2020,70.0,1.1,2,0,499,1
CAL-06328,CALI,SUSTANCIAS,Comisaria_1_Familia_Cali,2023,70.0,1.25,3,0,481,1
CAL-06329,CALI,ALIMENTOS,Juzgado_4_Familia_Cali,2024,70.0,1.1,3,1,650,1
CAL-06330,CALI,VIF,Juzgado_1_Familia_Cali,2022,70.0,1.45,9,0,530,1
CAL-06331,CALI,ALIMENTOS,Juzgado_Penal_Municipal_1_Cali,2024,70.0,1.35,4,0,549,1
CAL-06332,CALI,VIF,Juzgado_5_Familia_Cali,2023,70.0,0.95,5,1,556,1
CAL-06333,CALI,VIF,Juzgado_5_Familia_Cali,2023,70.0,0.95,13,0,495,1
CAL-06334,CALI,VIF,Comisaria_1_Familia_Cali,2024,70.0,1.25,7,0,491,1
CAL-06335,CALI,ALIMENTOS,Comisaria_3_Familia_Cali,2023,70.0,0.9,4,0,481,1
CAL-06336,CALI,ALIMENTOS,Juzgado_Penal_Municipal_2_Cali,2023,70.0,1.15,1,0,477,1
CAL-06337,CALI,HURTO_PATRIMONIAL,Juzgado_5_Familia_Cali,2023,70.0,0.95,7,0,502,1
CAL-06338,CALI,ALIMENTOS,Comisaria_2_Familia_Cali,2024,70.0,1.1,3,0,508,1
CAL-06339,CALI,VIF,Comisaria_3_Familia_Cali,2024,70.0,0.9,3,1,522,1
CAL-06340,CALI,VIF,Juzgado_Penal_Municipal_2_Cali,2022,70.0,1.15,7,0,443,1
CAL-06341,CALI,ALIMENTOS,Juzgado_4_Familia_Cali,2022,70.0,1.1,6,0,497,1
CAL-06342,CALI,VIF,Juzgado_Penal_Municipal_1_Cali,2024,70.0,1.35,3,0,465,1
CAL-06343,CALI,ALIMENTOS,Juzgado_4_Familia_Cali,2021,70.0,1.1,2,0,433,1
CAL-06344,CALI,ALIMENTOS,Juzgado_4_Familia_Cali,2023,70.0,1.1,11,0,549,1
CAL-06345,CALI,VIF,Juzgado_Penal_Municipal_2_Cali,2022,70.0,1.15,6,0,423,1
CAL-06346,CALI,ALIMENTOS,Comisaria_1_Familia_Cali,2023,70.0,1.25,10,0,596,1
CAL-06347,CALI,ALIMENTOS,Juzgado_5_Familia_Cali,2022,70.0,0.95,2,1,331,0
CAL-06348,CALI,VIF,Comisaria_3_Familia_Cali,2023,70.0,0.9,3,1,519,1
CAL-06349,CALI,VIF,Comisaria_1_Familia_Cali,2024,70.0,1.25,4,1,526,0
CAL-06350,CALI,VIF,Juzgado_Penal_Municipal_1_Cali,2023,70.0,1.35,3,0,460,1
CAL-06351,CALI,ALIMENTOS,Juzgado_4_Familia_Cali,2020,70.0,1.1,3,1,639,1
CAL-06352,CALI,VIF,Comisaria_3_Familia_Cali,2023,70.0,0.9,4,1,522,1
CAL-06353,CALI,VIF,Juzgado_Penal_Municipal_2_Cali,2023,70.0,1.15,2,0,397,1
CAL-06354,CALI,ALIMENTOS,Juzgado_Penal_Municipal_2_Cali,2022,70.0,1.15,9,0,520,1
CAL-06355,CALI,HURTO_PATRIMONIAL,Comisaria_1_Familia_Cali,2023,70.0,1.25,4,0,599,1
CAL-06356,CALI,VIF,Juzgado_5_Familia_Cali,2023,70.0,0.95,7,0,395,1
CAL-06357,CALI,SUSTANCIAS,Juzgado_5_Familia_Cali,2024,70.0,0.95,1,0,398,1
CAL-06358,CALI,ALIMENTOS,Juzgado_Penal_Municipal_1_Cali,2021,70.0,1.35,3,1,680,1
CAL-06359,CALI,VIF,Juzgado_4_Familia_Cali,2024,70.0,1.1,18,0,556,1
CAL-06360,CALI,SUSTANCIAS,Comisaria_2_Familia_Cali,2021,70.0,1.1,1,0,417,1
CAL-06361,CALI,HURTO_PATRIMONIAL,Juzgado_Penal_Municipal_2_Cali,2023,70.0,1.15,2,0,551,1
CAL-06362,CALI,VIF,Comisaria_2_Familia_Cali,2021,70.0,1.1,4,1,591,1
CAL-06363,CALI,ALIMENTOS,Comisaria_1_Familia_Cali,2021,70.0,1.25,1,0,543,1
CAL-06364,CALI,SUSTANCIAS,Juzgado_1_Familia_Cali,2024,70.0,1.45,2,1,632,1
CAL-06365,CALI,VIF,Juzgado_5_Familia_Cali,2020,70.0,0.95,5,0,210,0
CAL-06366,CALI,SUSTANCIAS,Juzgado_2_Familia_Cali,2024,70.0,1.3,6,0,528,1
CAL-06367,CALI,ALIMENTOS,Juzgado_5_Familia_Cali,2022,70.0,0.95,10,1,674,1
CAL-06368,CALI,ALIMENTOS,Juzgado_2_Familia_Cali,2021,70.0,1.3,8,1,426,0
CAL-06369,CALI,VIF,Juzgado_4_Familia_Cali,2023,70.0,1.1,1,0,390,1
CAL-06370,CALI,VIF,Juzgado_Penal_Municipal_1_Cali,2022,70.0,1.35,7,0,512,1
CAL-06371,CALI,SUSTANCIAS,Juzgado_5_Familia_Cali,2020,70.0,0.95,12,0,462,1
CAL-06372,CALI,VIF,Juzgado_5_Familia_Cali,2024,70.0,0.95,7,0,433,1
CAL-06373,CALI,ALIMENTOS,Juzgado_5_Familia_Cali,2022,70.0,0.95,7,0,475,1
CAL-06374,CALI,VIF,Juzgado_2_Familia_Cali,2022,70.0,1.3,5,0,462,1
CAL-06375,CALI,VIF,Juzgado_Penal_Municipal_2_Cali,2023,70.0,1.15,5,0,426,1
CAL-06376,CALI,VIF,Juzgado_1_Familia_Cali,2022,70.0,1.45,2,0,454,1
CAL-06377,CALI,VIF,Juzgado_4_Familia_Cali,2023,70.0,1.1,6,0,448,1
CAL-06378,CALI,SUSTANCIAS,Comisaria_3_Familia_Cali,2023,70.0,0.9,6,0,440,1
CAL-06379,CALI,HURTO_PATRIMONIAL,Juzgado_1_Familia_Cali,2020,70.0,1.45,3,1,575,0
CAL-06380,CALI,HURTO_PATRIMONIAL,Juzgado_5_Familia_Cali,2021,70.0,0.95,7,0,523,1
CAL-06381,CALI,ALIMENTOS,Juzgado_5_Familia_Cali,2022,70.0,0.95,1,1,548,1
CAL-06382,CALI,SUSTANCIAS,Juzgado_Penal_Municipal_2_Cali,2022,70.0,1.15,1,1,598,1
CAL-06383,CALI,SUSTANCIAS,Juzgado_4_Familia_Cali,2024,70.0,1.1,6,0,449,1
CAL-06384,CALI,ALIMENTOS,Juzgado_4_Familia_Cali,2022,70.0,1.1,2,0,456,1
CAL-06385,CALI,VIF,Juzgado_5_Familia_Cali,2022,70.0,0.95,8,0,416,1
CAL-06386,CALI,HURTO_PATRIMONIAL,Juzgado_4_Familia_Cali,2022,70.0,1.1,11,0,625,1
CAL-06387,CALI,ALIMENTOS,Juzgado_2_Familia_Cali,2021,70.0,1.3,3,0,536,1
CAL-06388,CALI,ALIMENTOS,Juzgado_2_Familia_Cali,2022,70.0,1.3,6,1,726,1
CAL-06389,CALI,VIF,Juzgado_1_Familia_Cali,2023,70.0,1.45,7,0,533,1
CAL-06390,CALI,HURTO_PATRIMONIAL,Juzgado_Penal_Municipal_2_Cali,2022,70.0,1.15,11,0,605,1
CAL-06391,CALI,VIF,Comisaria_2_Familia_Cali,2024,70.0,1.1,7,1,585,1
CAL-06392,CALI,ALIMENTOS,Juzgado_2_Familia_Cali,2023,70.0,1.3,2,1,372,0
CAL-06393,CALI,ALIMENTOS,Juzgado_4_Familia_Cali,2024,70.0,1.1,7,1,654,1
CAL-06394,CALI,VIF,Juzgado_Penal_Municipal_2_Cali,2023,70.0,1.15,6,0,302,0
CAL-06395,CALI,HURTO_PATRIMONIAL,Juzgado_Penal_Municipal_1_Cali,2022,70.0,1.35,1,0,531,1
CAL-06396,CALI,VIF,Juzgado_Penal_Municipal_2_Cali,2021,70.0,1.15,5,1,590,1
CAL-06397,CALI,VIF,Juzgado_3_Familia_Cali,2022,70.0,1.2,6,1,293,0
CAL-06398,CALI,VIF,Juzgado_4_Familia_Cali,2024,70.0,1.1,8,1,597,1
CAL-06399,CALI,VIF,Juzgado_Penal_Municipal_1_Cali,2024,70.0,1.35,1,0,460,1
CAL-06400,CALI,VIF,Juzgado_2_Familia_Cali,2022,70.0,1.3,6,0,466,1
CAL-06401,CALI,VIF,Juzgado_4_Familia_Cali,2023,70.0,1.1,4,0,409,1
CAL-06402,CALI,HURTO_PATRIMONIAL,Juzgado_3_Familia_Cali,2020,70.0,1.2,6,0,598,1
CAL-06403,CALI,VIF,Comisaria_3_Familia_Cali,2022,70.0,0.9,4,0,390,1
CAL-06404,CALI,ALIMENTOS,Juzgado_1_Familia_Cali,2021,70.0,1.45,3,0,606,1
CAL-06405,CALI,VIF,Comisaria_1_Familia_Cali,2021,70.0,1.25,11,0,529,1
CAL-06406,CALI,HURTO_PATRIMONIAL,Comisaria_1_Familia_Cali,2023,70.0,1.25,3,1,715,1
CAL-06407,CALI,HURTO_PATRIMONIAL,Comisaria_1_Familia_Cali,2022,70.0,1.25,6,1,415,0
CAL-06408,CALI,ALIMENTOS,Juzgado_Penal_Municipal_2_Cali,2022,70.0,1.15,2,1,659,1
CAL-06409,CALI,ALIMENTOS,Juzgado_4_Familia_Cali,2024,70.0,1.1,8,0,542,1
CAL-06410,CALI,ALIMENTOS,Juzgado_1_Familia_Cali,2022,70.0,1.45,5,1,484,0
CAL-06411,CALI,SUSTANCIAS,Juzgado_Penal_Municipal_1_Cali,2023,70.0,1.35,7,0,364,0
CAL-06412,CALI,ALIMENTOS,Comisaria_2_Familia_Cali,2024,70.0,1.1,5,0,527,1
CAL-06413,CALI,VIF,Comisaria_2_Familia_Cali,2024,70.0,1.1,5,0,446,1
CAL-06414,CALI,ALIMENTOS,Juzgado_2_Familia_Cali,2023,70.0,1.3,2,0,551,1
CAL-06415,CALI,ALIMENTOS,Juzgado_3_Familia_Cali,2024,70.0,1.2,7,1,614,0
CAL-06416,CALI,VIF,Comisaria_1_Familia_Cali,2024,70.0,1.25,8,0,463,1
CAL-06417,CALI,ALIMENTOS,Juzgado_1_Familia_Cali,2024,70.0,1.45,5,1,488,0
CAL-06418,CALI,HURTO_PATRIMONIAL,Comisaria_2_Familia_Cali,2023,70.0,1.1,8,0,535,1
CAL-06419,CALI,ALIMENTOS,Comisaria_1_Familia_Cali,2023,70.0,1.25,5,0,516,1
CAL-06420,CALI,HURTO_PATRIMONIAL,Juzgado_1_Familia_Cali,2020,70.0,1.45,2,0,575,1
CAL-06421,CALI,VIF,Juzgado_2_Familia_Cali,2024,70.0,1.3,4,0,430,1
CAL-06422,CALI,HURTO_PATRIMONIAL,Juzgado_1_Familia_Cali,2023,70.0,1.45,4,0,599,1
CAL-06423,CALI,HURTO_PATRIMONIAL,Juzgado_Penal_Municipal_2_Cali,2022,70.0,1.15,2,1,692,1
CAL-06424,CALI,SUSTANCIAS,Juzgado_3_Familia_Cali,2023,70.0,1.2,6,0,485,1
CAL-06425,CALI,SUSTANCIAS,Juzgado_2_Familia_Cali,2023,70.0,1.3,7,0,410,0
CAL-06426,CALI,HURTO_PATRIMONIAL,Juzgado_3_Familia_Cali,2022,70.0,1.2,5,1,445,0
CAL-06427,CALI,HURTO_PATRIMONIAL,Juzgado_3_Familia_Cali,2022,70.0,1.2,4,1,552,0
CAL-06428,CALI,VIF,Comisaria_2_Familia_Cali,2020,70.0,1.1,12,0,494,1
CAL-06429,CALI,ALIMENTOS,Juzgado_1_Familia_Cali,2024,70.0,1.45,3,1,609,0
CAL-06430,CALI,VIF,Juzgado_3_Familia_Cali,2022,70.0,1.2,10,0,470,1
CAL-06431,CALI,VIF,Comisaria_3_Familia_Cali,2021,70.0,0.9,3,0,195,0
CAL-06432,CALI,ALIMENTOS,Juzgado_Penal_Municipal_1_Cali,2023,70.0,1.35,1,1,422,0
CAL-06433,CALI,SUSTANCIAS,Juzgado_2_Familia_Cali,2024,70.0,1.3,6,0,494,1
CAL-06434,CALI,VIF,Juzgado_1_Familia_Cali,2023,70.0,1.45,19,0,605,1
CAL-06435,CALI,ALIMENTOS,Juzgado_4_Familia_Cali,2024,70.0,1.1,8,0,523,1
CAL-06436,CALI,SUSTANCIAS,Juzgado_3_Familia_Cali,2024,70.0,1.2,2,1,616,1
CAL-06437,CALI,HURTO_PATRIMONIAL,Juzgado_Penal_Municipal_2_Cali,2023,70.0,1.15,6,0,544,1
CAL-06438,CALI,HURTO_PATRIMONIAL,Juzgado_1_Familia_Cali,2020,70.0,1.45,1,0,591,1
CAL-06439,CALI,ALIMENTOS,Juzgado_Penal_Municipal_2_Cali,2023,70.0,1.15,2,0,490,1
CAL-06440,CALI,ALIMENTOS,Juzgado_Penal_Municipal_2_Cali,2021,70.0,1.15,1,1,630,1
CAL-06441,CALI,ALIMENTOS,Juzgado_1_Familia_Cali,2023,70.0,1.45,2,0,545,1
CAL-06442,CALI,HURTO_PATRIMONIAL,Juzgado_Penal_Municipal_1_Cali,2022,70.0,1.35,2,1,626,0
CAL-06443,CALI,VIF,Comisaria_3_Familia_Cali,2024,70.0,0.9,6,0,410,1
CAL-06444,CALI,VIF,Comisaria_2_Familia_Cali,2024,70.0,1.1,1,0,388,1
CAL-06445,CALI,VIF,Juzgado_3_Familia_Cali,2021,70.0,1.2,3,0,370,0
CAL-06446,CALI,SUSTANCIAS,Comisaria_3_Familia_Cali,2024,70.0,0.9,8,1,589,1
CAL-06447,CALI,HURTO_PATRIMONIAL,Juzgado_Penal_Municipal_1_Cali,2023,70.0,1.35,5,1,609,0
CAL-06448,CALI,VIF,Juzgado_5_Familia_Cali,2022,70.0,0.95,7,0,424,1
CAL-06449,CALI,ALIMENTOS,Juzgado_Penal_Municipal_1_Cali,2020,70.0,1.35,1,1,661,1
CAL-06450,CALI,VIF,Comisaria_3_Familia_Cali,2024,70.0,0.9,4,1,529,1
CAL-06451,CALI,VIF,Juzgado_3_Familia_Cali,2024,70.0,1.2,5,0,450,1
CAL-06452,CALI,VIF,Juzgado_1_Familia_Cali,2023,70.0,1.45,4,0,465,1
CAL-06453,CALI,VIF,Comisaria_1_Familia_Cali,2024,70.0,1.25,7,0,466,1
CAL-06454,CALI,ALIMENTOS,Juzgado_Penal_Municipal_1_Cali,2021,70.0,1.35,2,0,531,1
CAL-06455,CALI,VIF,Comisaria_3_Familia_Cali,2022,70.0,0.9,7,0,387,1
CAL-06456,CALI,VIF,Juzgado_1_Familia_Cali,2023,70.0,1.45,2,0,485,1
CAL-06457,CALI,VIF,Juzgado_1_Familia_Cali,2021,70.0,1.45,6,0,245,0
CAL-06458,CALI,ALIMENTOS,Juzgado_5_Familia_Cali,2021,70.0,0.95,3,0,427,1
CAL-06459,CALI,VIF,Comisaria_1_Familia_Cali,2024,70.0,1.25,1,0,427,1
CAL-06460,CALI,ALIMENTOS,Juzgado_2_Familia_Cali,2023,70.0,1.3,3,0,551,1
CAL-06461,CALI,SUSTANCIAS,Comisaria_3_Familia_Cali,2021,70.0,0.9,25,0,397,0
CAL-06462,CALI,ALIMENTOS,Comisaria_2_Familia_Cali,2024,70.0,1.1,11,0,567,1
CAL-06463,CALI,ALIMENTOS,Juzgado_Penal_Municipal_2_Cali,2024,70.0,1.15,6,1,642,1
CAL-06464,CALI,SUSTANCIAS,Juzgado_Penal_Municipal_2_Cali,2024,70.0,1.15,1,0,364,0
CAL-06465,CALI,HURTO_PATRIMONIAL,Juzgado_4_Familia_Cali,2023,70.0,1.1,3,0,458,1
CAL-06466,CALI,VIF,Juzgado_Penal_Municipal_1_Cali,2023,70.0,1.35,4,1,634,1
CAL-06467,CALI,HURTO_PATRIMONIAL,Juzgado_2_Familia_Cali,2021,70.0,1.3,3,0,296,0
CAL-06468,CALI,SUSTANCIAS,Juzgado_3_Familia_Cali,2022,70.0,1.2,1,0,427,1
CAL-06469,CALI,VIF,Juzgado_1_Familia_Cali,2023,70.0,1.45,3,0,474,1
CAL-06470,CALI,VIF,Juzgado_3_Familia_Cali,2023,70.0,1.2,8,0,331,0
CAL-06471,CALI,VIF,Juzgado_Penal_Municipal_2_Cali,2023,70.0,1.15,4,0,317,0
CAL-06472,CALI,ALIMENTOS,Juzgado_1_Familia_Cali,2023,70.0,1.45,3,1,723,1
CAL-06473,CALI,ALIMENTOS,Juzgado_Penal_Municipal_1_Cali,2024,70.0,1.35,8,0,604,1
CAL-06474,CALI,ALIMENTOS,Juzgado_4_Familia_Cali,2024,70.0,1.1,6,0,521,1
CAL-06475,CALI,VIF,Juzgado_5_Familia_Cali,2023,70.0,0.95,2,0,378,1
CAL-06476,CALI,VIF,Juzgado_Penal_Municipal_2_Cali,2023,70.0,1.15,4,0,442,1
CAL-06477,CALI,VIF,Juzgado_Penal_Municipal_1_Cali,2024,70.0,1.35,5,0,470,1
CAL-06478,CALI,ALIMENTOS,Comisaria_2_Familia_Cali,2024,70.0,1.1,4,0,473,1
CAL-06479,CALI,ALIMENTOS,Juzgado_Penal_Municipal_2_Cali,2022,70.0,1.15,3,0,464,1
CAL-06480,CALI,ALIMENTOS,Juzgado_Penal_Municipal_2_Cali,2022,70.0,1.15,10,0,559,1
CAL-06481,CALI,SUSTANCIAS,Comisaria_2_Familia_Cali,2024,70.0,1.1,3,0,428,1
CAL-06482,CALI,SUSTANCIAS,Comisaria_3_Familia_Cali,2024,70.0,0.9,12,0,461,1
CAL-06483,CALI,VIF,Comisaria_1_Familia_Cali,2024,70.0,1.25,7,0,280,0
CAL-06484,CALI,VIF,Juzgado_Penal_Municipal_1_Cali,2023,70.0,1.35,3,0,335,0
CAL-06485,CALI,VIF,Juzgado_Penal_Municipal_1_Cali,2023,70.0,1.35,3,0,448,1
CAL-06486,CALI,ALIMENTOS,Juzgado_Penal_Municipal_2_Cali,2024,70.0,1.15,2,0,502,1
CAL-06487,CALI,HURTO_PATRIMONIAL,Juzgado_5_Familia_Cali,2022,70.0,0.95,6,0,495,1
CAL-06488,CALI,VIF,Juzgado_Penal_Municipal_1_Cali,2024,70.0,1.35,3,0,444,1
CAL-06489,CALI,ALIMENTOS,Juzgado_3_Familia_Cali,2024,70.0,1.2,6,0,534,1
CAL-06490,CALI,VIF,Comisaria_2_Familia_Cali,2020,70.0,1.1,6,0,429,1
CAL-06491,CALI,HURTO_PATRIMONIAL,Juzgado_1_Familia_Cali,2023,70.0,1.45,14,1,723,0
CAL-06492,CALI,VIF,Comisaria_2_Familia_Cali,2024,70.0,1.1,8,0,468,1
CAL-06493,CALI,VIF,Comisaria_2_Familia_Cali,2024,70.0,1.1,4,1,379,0
CAL-06494,CALI,ALIMENTOS,Juzgado_2_Familia_Cali,2023,70.0,1.3,8,0,575,1
CAL-06495,CALI,VIF,Juzgado_2_Familia_Cali,2023,70.0,1.3,3,1,577,1
CAL-06496,CALI,ALIMENTOS,Juzgado_Penal_Municipal_1_Cali,2020,70.0,1.35,10,0,610,1
CAL-06497,CALI,ALIMENTOS,Juzgado_4_Familia_Cali,2021,70.0,1.1,4,1,635,1
CAL-06498,CALI,ALIMENTOS,Comisaria_3_Familia_Cali,2024,70.0,0.9,2,0,440,1
CAL-06499,CALI,VIF,Juzgado_Penal_Municipal_1_Cali,2023,70.0,1.35,8,0,519,1
CAL-06500,CALI,VIF,Comisaria_2_Familia_Cali,2022,70.0,1.1,5,0,431,1
CAL-06501,CALI,HURTO_PATRIMONIAL,Comisaria_2_Familia_Cali,2024,70.0,1.1,4,0,525,1
CAL-06502,CALI,ALIMENTOS,Juzgado_4_Familia_Cali,2021,70.0,1.1,8,0,517,1
CAL-06503,CALI,VIF,Juzgado_3_Familia_Cali,2023,70.0,1.2,3,0,438,1
CAL-06504,CALI,VIF,Juzgado_3_Familia_Cali,2021,70.0,1.2,1,0,391,1
CAL-06505,CALI,VIF,Juzgado_1_Familia_Cali,2024,70.0,1.45,1,1,597,1
CAL-06506,CALI,VIF,Juzgado_Penal_Municipal_2_Cali,2022,70.0,1.15,8,0,447,1
CAL-06507,CALI,VIF,Comisaria_1_Familia_Cali,2024,70.0,1.25,2,0,430,1
CAL-06508,CALI,HURTO_PATRIMONIAL,Comisaria_3_Familia_Cali,2021,70.0,0.9,4,0,452,1
CAL-06509,CALI,ALIMENTOS,Juzgado_Penal_Municipal_2_Cali,2020,70.0,1.15,4,1,630,1
CAL-06510,CALI,ALIMENTOS,Comisaria_2_Familia_Cali,2023,70.0,1.1,5,1,475,0
CAL-06511,CALI,VIF,Comisaria_1_Familia_Cali,2024,70.0,1.25,13,1,671,1
CAL-06512,CALI,ALIMENTOS,Comisaria_3_Familia_Cali,2023,70.0,0.9,2,0,415,1
CAL-06513,CALI,VIF,Juzgado_2_Familia_Cali,2022,70.0,1.3,2,1,582,1
CAL-06514,CALI,VIF,Juzgado_Penal_Municipal_1_Cali,2022,70.0,1.35,6,1,344,0
CAL-06515,CALI,VIF,Comisaria_1_Familia_Cali,2024,70.0,1.25,2,0,426,1
CAL-06516,CALI,ALIMENTOS,Comisaria_1_Familia_Cali,2024,70.0,1.25,9,0,568,1
CAL-06517,CALI,ALIMENTOS,Juzgado_4_Familia_Cali,2023,70.0,1.1,3,0,486,1
CAL-06518,CALI,ALIMENTOS,Juzgado_4_Familia_Cali,2023,70.0,1.1,1,1,575,0
CAL-06519,CALI,HURTO_PATRIMONIAL,Juzgado_3_Familia_Cali,2023,70.0,1.2,5,0,536,1
CAL-06520,CALI,VIF,Juzgado_1_Familia_Cali,2021,70.0,1.45,3,0,493,1
CAL-06521,CALI,ALIMENTOS,Juzgado_1_Familia_Cali,2023,70.0,1.45,1,0,571,1
CAL-06522,CALI,VIF,Juzgado_5_Familia_Cali,2021,70.0,0.95,2,0,322,1
CAL-06523,CALI,ALIMENTOS,Juzgado_1_Familia_Cali,2024,70.0,1.45,2,0,568,1
CAL-06524,CALI,SUSTANCIAS,Juzgado_2_Familia_Cali,2024,70.0,1.3,4,1,640,1
CAL-06525,CALI,VIF,Comisaria_2_Familia_Cali,2021,70.0,1.1,2,0,379,1
CAL-06526,CALI,ALIMENTOS,Juzgado_Penal_Municipal_2_Cali,2024,70.0,1.15,4,0,530,1
CAL-06527,CALI,VIF,Comisaria_2_Familia_Cali,2021,70.0,1.1,4,1,558,1
CAL-06528,CALI,VIF,Juzgado_Penal_Municipal_2_Cali,2021,70.0,1.15,4,0,436,1
CAL-06529,CALI,ALIMENTOS,Juzgado_Penal_Municipal_2_Cali,2020,70.0,1.15,7,0,545,1
CAL-06530,CALI,ALIMENTOS,Juzgado_5_Familia_Cali,2023,70.0,0.95,4,1,585,1
CAL-06531,CALI,ALIMENTOS,Juzgado_1_Familia_Cali,2023,70.0,1.45,12,1,492,0
CAL-06532,CALI,HURTO_PATRIMONIAL,Comisaria_2_Familia_Cali,2023,70.0,1.1,3,1,676,1
CAL-06533,CALI,VIF,Comisaria_1_Familia_Cali,2024,70.0,1.25,4,0,431,1
CAL-06534,CALI,VIF,Juzgado_Penal_Municipal_2_Cali,2020,70.0,1.15,8,0,446,1
CAL-06535,CALI,SUSTANCIAS,Juzgado_3_Familia_Cali,2024,70.0,1.2,1,0,448,1
CAL-06536,CALI,VIF,Comisaria_3_Familia_Cali,2021,70.0,0.9,4,0,370,1
CAL-06537,CALI,SUSTANCIAS,Comisaria_1_Familia_Cali,2024,70.0,1.25,5,0,513,1
CAL-06538,CALI,ALIMENTOS,Comisaria_1_Familia_Cali,2022,70.0,1.25,2,0,510,1
CAL-06539,CALI,VIF,Comisaria_2_Familia_Cali,2022,70.0,1.1,5,1,570,1
CAL-06540,CALI,HURTO_PATRIMONIAL,Juzgado_5_Familia_Cali,2024,70.0,0.95,4,1,673,1
CAL-06541,CALI,SUSTANCIAS,Juzgado_1_Familia_Cali,2024,70.0,1.45,10,0,567,1
CAL-06542,CALI,HURTO_PATRIMONIAL,Juzgado_Penal_Municipal_1_Cali,2023,70.0,1.35,3,1,471,0
CAL-06543,CALI,ALIMENTOS,Juzgado_1_Familia_Cali,2024,70.0,1.45,2,0,362,0
CAL-06544,CALI,HURTO_PATRIMONIAL,Juzgado_2_Familia_Cali,2021,70.0,1.3,5,0,570,1
CAL-06545,CALI,ALIMENTOS,Juzgado_2_Familia_Cali,2022,70.0,1.3,5,1,711,1
CAL-06546,CALI,ALIMENTOS,Comisaria_2_Familia_Cali,2020,70.0,1.1,7,0,476,1
CAL-06547,CALI,ALIMENTOS,Juzgado_4_Familia_Cali,2023,70.0,1.1,10,0,547,1
CAL-06548,CALI,ALIMENTOS,Juzgado_2_Familia_Cali,2022,70.0,1.3,4,0,555,1
CAL-06549,CALI,VIF,Juzgado_Penal_Municipal_1_Cali,2022,70.0,1.35,11,0,505,1
CAL-06550,CALI,HURTO_PATRIMONIAL,Juzgado_2_Familia_Cali,2020,70.0,1.3,2,1,718,1
CAL-06551,CALI,HURTO_PATRIMONIAL,Comisaria_2_Familia_Cali,2023,70.0,1.1,9,0,537,1
CAL-06552,CALI,VIF,Comisaria_3_Familia_Cali,2020,70.0,0.9,3,0,339,1
CAL-06553,CALI,HURTO_PATRIMONIAL,Juzgado_Penal_Municipal_1_Cali,2020,70.0,1.35,3,0,317,0
CAL-06554,CALI,VIF,Comisaria_1_Familia_Cali,2023,70.0,1.25,6,0,469,1
CAL-06555,CALI,HURTO_PATRIMONIAL,Juzgado_1_Familia_Cali,2024,70.0,1.45,2,0,593,1
CAL-06556,CALI,HURTO_PATRIMONIAL,Comisaria_2_Familia_Cali,2022,70.0,1.1,2,1,687,1
CAL-06557,CALI,VIF,Comisaria_2_Familia_Cali,2024,70.0,1.1,3,0,211,0
CAL-06558,CALI,ALIMENTOS,Comisaria_1_Familia_Cali,2023,70.0,1.25,5,1,678,1
CAL-06559,CALI,ALIMENTOS,Juzgado_3_Familia_Cali,2022,70.0,1.2,8,1,713,1
CAL-06560,CALI,SUSTANCIAS,Juzgado_1_Familia_Cali,2020,70.0,1.45,3,0,505,1
CAL-06561,CALI,VIF,Juzgado_2_Familia_Cali,2021,70.0,1.3,5,0,463,1
CAL-06562,CALI,ALIMENTOS,Juzgado_2_Familia_Cali,2021,70.0,1.3,9,0,579,1
CAL-06563,CALI,ALIMENTOS,Juzgado_Penal_Municipal_2_Cali,2024,70.0,1.15,10,0,578,1
CAL-06564,CALI,VIF,Comisaria_2_Familia_Cali,2023,70.0,1.1,3,0,378,1
CAL-06565,CALI,VIF,Juzgado_5_Familia_Cali,2024,70.0,0.95,3,0,402,1
CAL-06566,CALI,HURTO_PATRIMONIAL,Juzgado_5_Familia_Cali,2023,70.0,0.95,5,0,479,1
CAL-06567,CALI,VIF,Juzgado_4_Familia_Cali,2020,70.0,1.1,3,0,401,1
CAL-06568,CALI,VIF,Juzgado_3_Familia_Cali,2023,70.0,1.2,5,0,444,1
CAL-06569,CALI,VIF,Juzgado_5_Familia_Cali,2023,70.0,0.95,1,0,363,1
CAL-06570,CALI,HURTO_PATRIMONIAL,Juzgado_3_Familia_Cali,2022,70.0,1.2,9,1,350,0
CAL-06571,CALI,ALIMENTOS,Juzgado_Penal_Municipal_1_Cali,2020,70.0,1.35,1,1,655,1
CAL-06572,CALI,VIF,Juzgado_5_Familia_Cali,2023,70.0,0.95,6,0,404,1
CAL-06573,CALI,VIF,Juzgado_1_Familia_Cali,2023,70.0,1.45,3,0,499,1
CAL-06574,CALI,HURTO_PATRIMONIAL,Juzgado_4_Familia_Cali,2023,70.0,1.1,1,1,697,1
CAL-06575,CALI,ALIMENTOS,Comisaria_1_Familia_Cali,2024,70.0,1.25,5,0,531,1
CAL-06576,CALI,ALIMENTOS,Juzgado_3_Familia_Cali,2021,70.0,1.2,3,0,494,1
CAL-06577,CALI,VIF,Juzgado_4_Familia_Cali,2020,70.0,1.1,7,0,407,1
CAL-06578,CALI,ALIMENTOS,Juzgado_2_Familia_Cali,2024,70.0,1.3,2,0,515,1
CAL-06579,CALI,VIF,Comisaria_1_Familia_Cali,2023,70.0,1.25,7,1,614,1
CAL-06580,CALI,VIF,Juzgado_Penal_Municipal_1_Cali,2021,70.0,1.35,12,0,538,1
CAL-06581,CALI,ALIMENTOS,Comisaria_2_Familia_Cali,2022,70.0,1.1,3,0,488,1
CAL-06582,CALI,ALIMENTOS,Juzgado_4_Familia_Cali,2022,70.0,1.1,1,0,466,1
CAL-06583,CALI,HURTO_PATRIMONIAL,Juzgado_2_Familia_Cali,2023,70.0,1.3,9,0,639,1
CAL-06584,CALI,HURTO_PATRIMONIAL,Comisaria_2_Familia_Cali,2021,70.0,1.1,10,0,566,1
CAL-06585,CALI,ALIMENTOS,Comisaria_2_Familia_Cali,2022,70.0,1.1,2,0,478,1
CAL-06586,CALI,ALIMENTOS,Juzgado_1_Familia_Cali,2024,70.0,1.45,1,1,589,0
CAL-06587,CALI,HURTO_PATRIMONIAL,Juzgado_1_Familia_Cali,2024,70.0,1.45,6,1,419,0
CAL-06588,CALI,VIF,Juzgado_2_Familia_Cali,2021,70.0,1.3,3,0,450,1
CAL-06589,CALI,ALIMENTOS,Comisaria_3_Familia_Cali,2020,70.0,0.9,7,0,446,1
CAL-06590,CALI,ALIMENTOS,Juzgado_2_Familia_Cali,2021,70.0,1.3,9,1,369,0
CAL-06591,CALI,SUSTANCIAS,Juzgado_Penal_Municipal_2_Cali,2021,70.0,1.15,5,1,602,1
CAL-06592,CALI,ALIMENTOS,Juzgado_4_Familia_Cali,2021,70.0,1.1,2,1,637,1
CAL-06593,CALI,HURTO_PATRIMONIAL,Juzgado_5_Familia_Cali,2021,70.0,0.95,2,0,499,1
CAL-06594,CALI,VIF,Comisaria_3_Familia_Cali,2022,70.0,0.9,4,0,387,1
CAL-06595,CALI,VIF,Juzgado_Penal_Municipal_2_Cali,2022,70.0,1.15,4,1,574,1
CAL-06596,CALI,HURTO_PATRIMONIAL,Juzgado_Penal_Municipal_1_Cali,2022,70.0,1.35,5,0,606,1
CAL-06597,CALI,ALIMENTOS,Comisaria_2_Familia_Cali,2020,70.0,1.1,7,1,674,1
CAL-06598,CALI,HURTO_PATRIMONIAL,Juzgado_3_Familia_Cali,2023,70.0,1.2,12,1,593,0
CAL-06599,CALI,ALIMENTOS,Juzgado_2_Familia_Cali,2020,70.0,1.3,5,0,526,1
CAL-06600,CALI,VIF,Comisaria_3_Familia_Cali,2023,70.0,0.9,5,0,379,1
CAL-06601,CALI,ALIMENTOS,Juzgado_4_Familia_Cali,2023,70.0,1.1,7,0,544,1
CAL-06602,CALI,VIF,Comisaria_3_Familia_Cali,2020,70.0,0.9,10,0,413,1
CAL-06603,CALI,ALIMENTOS,Comisaria_1_Familia_Cali,2022,70.0,1.25,1,0,488,1
CAL-06604,CALI,HURTO_PATRIMONIAL,Juzgado_2_Familia_Cali,2023,70.0,1.3,6,1,458,0
CAL-06605,CALI,HURTO_PATRIMONIAL,Juzgado_1_Familia_Cali,2021,70.0,1.45,1,1,587,0
CAL-06606,CALI,HURTO_PATRIMONIAL,Juzgado_1_Familia_Cali,2024,70.0,1.45,4,0,660,1
CAL-06607,CALI,SUSTANCIAS,Juzgado_Penal_Municipal_2_Cali,2022,70.0,1.15,10,0,512,1
CAL-06608,CALI,ALIMENTOS,Juzgado_Penal_Municipal_2_Cali,2022,70.0,1.15,2,0,485,1
CAL-06609,CALI,HURTO_PATRIMONIAL,Comisaria_3_Familia_Cali,2024,70.0,0.9,2,0,431,1
CAL-06610,CALI,VIF,Juzgado_2_Familia_Cali,2024,70.0,1.3,6,0,482,1
CAL-06611,CALI,HURTO_PATRIMONIAL,Juzgado_3_Familia_Cali,2024,70.0,1.2,3,0,600,1
CAL-06612,CALI,VIF,Comisaria_3_Familia_Cali,2024,70.0,0.9,9,0,446,1
CAL-06613,CALI,VIF,Comisaria_3_Familia_Cali,2022,70.0,0.9,3,0,332,1
CAL-06614,CALI,SUSTANCIAS,Juzgado_1_Familia_Cali,2023,70.0,1.45,1,0,467,1
CAL-06615,CALI,HURTO_PATRIMONIAL,Comisaria_2_Familia_Cali,2021,70.0,1.1,1,0,376,0
CAL-06616,CALI,VIF,Juzgado_Penal_Municipal_2_Cali,2020,70.0,1.15,8,0,444,1
CAL-06617,CALI,ALIMENTOS,Juzgado_5_Familia_Cali,2024,70.0,0.95,4,0,484,1
CAL-06618,CALI,SUSTANCIAS,Juzgado_Penal_Municipal_1_Cali,2021,70.0,1.35,2,1,611,1
CAL-06619,CALI,VIF,Comisaria_1_Familia_Cali,2023,70.0,1.25,4,0,339,0
CAL-06620,CALI,HURTO_PATRIMONIAL,Juzgado_3_Familia_Cali,2022,70.0,1.2,4,0,565,1
CAL-06621,CALI,HURTO_PATRIMONIAL,Juzgado_Penal_Municipal_2_Cali,2020,70.0,1.15,5,0,540,1
CAL-06622,CALI,HURTO_PATRIMONIAL,Comisaria_3_Familia_Cali,2023,70.0,0.9,3,0,474,1
CAL-06623,CALI,HURTO_PATRIMONIAL,Juzgado_Penal_Municipal_2_Cali,2021,70.0,1.15,1,0,510,1
CAL-06624,CALI,VIF,Comisaria_3_Familia_Cali,2023,70.0,0.9,4,0,278,0
CAL-06625,CALI,HURTO_PATRIMONIAL,Juzgado_2_Familia_Cali,2021,70.0,1.3,3,0,569,1
CAL-06626,CALI,VIF,Juzgado_2_Familia_Cali,2023,70.0,1.3,4,0,436,1
CAL-06627,CALI,ALIMENTOS,Juzgado_3_Familia_Cali,2024,70.0,1.2,2,1,647,1
CAL-06628,CALI,VIF,Juzgado_3_Familia_Cali,2024,70.0,1.2,8,0,461,1
CAL-06629,CALI,HURTO_PATRIMONIAL,Juzgado_Penal_Municipal_1_Cali,2024,70.0,1.35,8,1,666,0
CAL-06630,CALI,ALIMENTOS,Juzgado_3_Familia_Cali,2024,70.0,1.2,9,0,465,0
CAL-06631,CALI,ALIMENTOS,Juzgado_Penal_Municipal_2_Cali,2021,70.0,1.15,3,1,643,1
CAL-06632,CALI,VIF,Comisaria_2_Familia_Cali,2024,70.0,1.1,1,0,365,1
CAL-06633,CALI,ALIMENTOS,Juzgado_1_Familia_Cali,2020,70.0,1.45,6,0,588,1
CAL-06634,CALI,VIF,Juzgado_3_Familia_Cali,2023,70.0,1.2,3,0,422,1
CAL-06635,CALI,ALIMENTOS,Juzgado_Penal_Municipal_1_Cali,2022,70.0,1.35,4,0,539,1
CAL-06636,CALI,ALIMENTOS,Comisaria_2_Familia_Cali,2022,70.0,1.1,5,1,618,1
CAL-06637,CALI,VIF,Comisaria_3_Familia_Cali,2023,70.0,0.9,3,0,335,1
CAL-06638,CALI,ALIMENTOS,Juzgado_1_Familia_Cali,2020,70.0,1.45,1,0,533,1
CAL-06639,CALI,HURTO_PATRIMONIAL,Juzgado_Penal_Municipal_1_Cali,2024,70.0,1.35,9,0,642,1
CAL-06640,CALI,ALIMENTOS,Comisaria_3_Familia_Cali,2023,70.0,0.9,2,0,209,0
CAL-06641,CALI,ALIMENTOS,Juzgado_3_Familia_Cali,2023,70.0,1.2,1,1,633,1
CAL-06642,CALI,VIF,Juzgado_Penal_Municipal_2_Cali,2023,70.0,1.15,7,0,431,1
CAL-06643,CALI,ALIMENTOS,Juzgado_Penal_Municipal_2_Cali,2023,70.0,1.15,2,1,611,1
CAL-06644,CALI,ALIMENTOS,Juzgado_1_Familia_Cali,2024,70.0,1.45,6,1,727,1
CAL-06645,CALI,VIF,Juzgado_4_Familia_Cali,2022,70.0,1.1,3,0,380,1
CAL-06646,CALI,VIF,Juzgado_5_Familia_Cali,2022,70.0,0.95,8,0,409,1
CAL-06647,CALI,SUSTANCIAS,Juzgado_1_Familia_Cali,2023,70.0,1.45,6,0,552,1
CAL-06648,CALI,ALIMENTOS,Comisaria_1_Familia_Cali,2024,70.0,1.25,7,1,710,1
CAL-06649,CALI,HURTO_PATRIMONIAL,Comisaria_3_Familia_Cali,2023,70.0,0.9,10,0,521,1
CAL-06650,CALI,VIF,Comisaria_1_Familia_Cali,2022,70.0,1.25,10,0,454,1
CAL-06651,CALI,HURTO_PATRIMONIAL,Comisaria_2_Familia_Cali,2022,70.0,1.1,5,1,665,1
CAL-06652,CALI,SUSTANCIAS,Juzgado_3_Familia_Cali,2022,70.0,1.2,7,0,495,1
CAL-06653,CALI,VIF,Juzgado_3_Familia_Cali,2022,70.0,1.2,6,1,597,1
CAL-06654,CALI,ALIMENTOS,Juzgado_5_Familia_Cali,2024,70.0,0.95,6,0,471,1
CAL-06655,CALI,HURTO_PATRIMONIAL,Juzgado_2_Familia_Cali,2020,70.0,1.3,2,0,568,1
CAL-06656,CALI,HURTO_PATRIMONIAL,Juzgado_3_Familia_Cali,2024,70.0,1.2,1,1,652,1
CAL-06657,CALI,ALIMENTOS,Juzgado_2_Familia_Cali,2024,70.0,1.3,7,1,720,1
CAL-06658,CALI,ALIMENTOS,Juzgado_4_Familia_Cali,2024,70.0,1.1,1,1,651,1
CAL-06659,CALI,HURTO_PATRIMONIAL,Juzgado_Penal_Municipal_2_Cali,2022,70.0,1.15,1,0,504,1
CAL-06660,CALI,ALIMENTOS,Comisaria_1_Familia_Cali,2024,70.0,1.25,5,1,687,1
CAL-06661,CALI,VIF,Comisaria_2_Familia_Cali,2023,70.0,1.1,10,0,469,1
CAL-06662,CALI,SUSTANCIAS,Juzgado_Penal_Municipal_2_Cali,2020,70.0,1.15,3,1,569,1
CAL-06663,CALI,VIF,Juzgado_3_Familia_Cali,2022,70.0,1.2,9,0,473,1
CAL-06664,CALI,VIF,Juzgado_Penal_Municipal_1_Cali,2021,70.0,1.35,4,0,481,1
CAL-06665,CALI,HURTO_PATRIMONIAL,Juzgado_1_Familia_Cali,2023,70.0,1.45,4,1,616,0
CAL-06666,CALI,SUSTANCIAS,Comisaria_1_Familia_Cali,2024,70.0,1.25,4,1,623,1
CAL-06667,CALI,ALIMENTOS,Juzgado_3_Familia_Cali,2022,70.0,1.2,7,0,517,1
CAL-06668,CALI,VIF,Juzgado_4_Familia_Cali,2024,70.0,1.1,2,0,388,1
CAL-06669,CALI,ALIMENTOS,Juzgado_4_Familia_Cali,2021,70.0,1.1,11,0,549,1
CAL-06670,CALI,ALIMENTOS,Juzgado_Penal_Municipal_1_Cali,2020,70.0,1.35,7,0,558,1
CAL-06671,CALI,ALIMENTOS,Juzgado_4_Familia_Cali,2024,70.0,1.1,2,0,475,1
CAL-06672,CALI,HURTO_PATRIMONIAL,Comisaria_2_Familia_Cali,2024,70.0,1.1,7,0,371,0
CAL-06673,CALI,SUSTANCIAS,Comisaria_1_Familia_Cali,2024,70.0,1.25,7,0,518,1
CAL-06674,CALI,ALIMENTOS,Juzgado_3_Familia_Cali,2024,70.0,1.2,5,1,715,1
CAL-06675,CALI,ALIMENTOS,Comisaria_2_Familia_Cali,2022,70.0,1.1,6,0,532,1
CAL-06676,CALI,ALIMENTOS,Comisaria_1_Familia_Cali,2023,70.0,1.25,1,0,486,1
CAL-06677,CALI,ALIMENTOS,Juzgado_1_Familia_Cali,2021,70.0,1.45,7,0,630,1
CAL-06678,CALI,VIF,Juzgado_5_Familia_Cali,2020,70.0,0.95,9,0,416,1
CAL-06679,CALI,VIF,Comisaria_2_Familia_Cali,2021,70.0,1.1,1,0,390,1
CAL-06680,CALI,VIF,Juzgado_1_Familia_Cali,2023,70.0,1.45,4,0,246,0
CAL-06681,CALI,SUSTANCIAS,Juzgado_2_Familia_Cali,2021,70.0,1.3,2,0,457,1
CAL-06682,CALI,VIF,Juzgado_Penal_Municipal_1_Cali,2023,70.0,1.35,6,0,488,1
CAL-06683,CALI,SUSTANCIAS,Comisaria_1_Familia_Cali,2024,70.0,1.25,5,0,475,1
CAL-06684,CALI,ALIMENTOS,Comisaria_1_Familia_Cali,2022,70.0,1.25,2,0,512,1
CAL-06685,CALI,SUSTANCIAS,Juzgado_2_Familia_Cali,2022,70.0,1.3,7,0,506,1
CAL-06686,CALI,VIF,Juzgado_3_Familia_Cali,2024,70.0,1.2,5,0,374,0
CAL-06687,CALI,VIF,Juzgado_Penal_Municipal_1_Cali,2022,70.0,1.35,3,0,421,1
CAL-06688,CALI,VIF,Juzgado_4_Familia_Cali,2023,70.0,1.1,8,0,481,1
CAL-06689,CALI,VIF,Juzgado_2_Familia_Cali,2022,70.0,1.3,1,0,414,1
CAL-06690,CALI,ALIMENTOS,Juzgado_4_Familia_Cali,2021,70.0,1.1,3,0,446,1
CAL-06691,CALI,HURTO_PATRIMONIAL,Comisaria_2_Familia_Cali,2023,70.0,1.1,4,0,556,1
CAL-06692,CALI,VIF,Comisaria_2_Familia_Cali,2021,70.0,1.1,6,0,444,1
CAL-06693,CALI,VIF,Juzgado_1_Familia_Cali,2023,70.0,1.45,9,1,341,0
CAL-06694,CALI,SUSTANCIAS,Comisaria_1_Familia_Cali,2021,70.0,1.25,2,0,439,1
CAL-06695,CALI,SUSTANCIAS,Comisaria_3_Familia_Cali,2024,70.0,0.9,4,1,571,1
CAL-06696,CALI,VIF,Juzgado_4_Familia_Cali,2023,70.0,1.1,10,0,469,1
CAL-06697,CALI,ALIMENTOS,Comisaria_1_Familia_Cali,2024,70.0,1.25,5,0,589,1
CAL-06698,CALI,VIF,Juzgado_4_Familia_Cali,2024,70.0,1.1,7,0,354,0
CAL-06699,CALI,VIF,Comisaria_3_Familia_Cali,2023,70.0,0.9,3,0,374,1
CAL-06700,CALI,ALIMENTOS,Juzgado_4_Familia_Cali,2022,70.0,1.1,6,0,523,1
CAL-06701,CALI,VIF,Juzgado_Penal_Municipal_1_Cali,2023,70.0,1.35,10,0,529,1
CAL-06702,CALI,HURTO_PATRIMONIAL,Juzgado_1_Familia_Cali,2023,70.0,1.45,3,1,601,0
CAL-06703,CALI,VIF,Juzgado_Penal_Municipal_2_Cali,2022,70.0,1.15,3,1,554,1
CAL-06704,CALI,ALIMENTOS,Juzgado_Penal_Municipal_2_Cali,2024,70.0,1.15,1,1,656,1
CAL-06705,CALI,ALIMENTOS,Juzgado_Penal_Municipal_1_Cali,2021,70.0,1.35,8,1,608,0
CAL-06706,CALI,SUSTANCIAS,Juzgado_3_Familia_Cali,2022,70.0,1.2,3,0,450,1
CAL-06707,CALI,ALIMENTOS,Juzgado_1_Familia_Cali,2023,70.0,1.45,4,1,540,0
CAL-06708,CALI,HURTO_PATRIMONIAL,Comisaria_2_Familia_Cali,2023,70.0,1.1,6,0,563,1
CAL-06709,CALI,HURTO_PATRIMONIAL,Juzgado_4_Familia_Cali,2024,70.0,1.1,3,0,546,1
CAL-06710,CALI,VIF,Comisaria_2_Familia_Cali,2023,70.0,1.1,1,0,387,1
CAL-06711,CALI,VIF,Comisaria_3_Familia_Cali,2021,70.0,0.9,4,0,348,1
CAL-06712,CALI,ALIMENTOS,Comisaria_1_Familia_Cali,2024,70.0,1.25,3,0,540,1
CAL-06713,CALI,ALIMENTOS,Juzgado_1_Familia_Cali,2024,70.0,1.45,1,0,411,0
CAL-06714,CALI,ALIMENTOS,Juzgado_2_Familia_Cali,2023,70.0,1.3,2,1,387,0
CAL-06715,CALI,VIF,Juzgado_Penal_Municipal_1_Cali,2024,70.0,1.35,4,0,449,1
CAL-06716,CALI,ALIMENTOS,Juzgado_1_Familia_Cali,2023,70.0,1.45,5,0,578,1
CAL-06717,CALI,SUSTANCIAS,Juzgado_Penal_Municipal_2_Cali,2024,70.0,1.15,8,1,664,1
CAL-06718,CALI,VIF,Comisaria_2_Familia_Cali,2021,70.0,1.1,4,0,242,0
CAL-06719,CALI,VIF,Juzgado_Penal_Municipal_1_Cali,2024,70.0,1.35,10,0,519,1
CAL-06720,CALI,ALIMENTOS,Comisaria_1_Familia_Cali,2021,70.0,1.25,1,0,501,1
CAL-06721,CALI,HURTO_PATRIMONIAL,Juzgado_Penal_Municipal_2_Cali,2024,70.0,1.15,8,0,622,1
CAL-06722,CALI,ALIMENTOS,Juzgado_1_Familia_Cali,2021,70.0,1.45,4,1,718,1
CAL-06723,CALI,ALIMENTOS,Juzgado_Penal_Municipal_2_Cali,2020,70.0,1.15,4,0,324,0
CAL-06724,CALI,VIF,Juzgado_Penal_Municipal_2_Cali,2023,70.0,1.15,2,0,413,1
CAL-06725,CALI,HURTO_PATRIMONIAL,Juzgado_Penal_Municipal_2_Cali,2024,70.0,1.15,2,0,528,1
CAL-06726,CALI,VIF,Juzgado_4_Familia_Cali,2021,70.0,1.1,4,0,258,0
CAL-06727,CALI,ALIMENTOS,Juzgado_1_Familia_Cali,2024,70.0,1.45,11,1,577,0
CAL-06728,CALI,VIF,Juzgado_5_Familia_Cali,2022,70.0,0.95,14,0,482,1
CAL-06729,CALI,VIF,Juzgado_3_Familia_Cali,2023,70.0,1.2,6,1,624,1
CAL-06730,CALI,HURTO_PATRIMONIAL,Juzgado_1_Familia_Cali,2021,70.0,1.45,4,0,639,1
CAL-06731,CALI,ALIMENTOS,Comisaria_1_Familia_Cali,2022,70.0,1.25,11,1,454,0
CAL-06732,CALI,ALIMENTOS,Juzgado_3_Familia_Cali,2021,70.0,1.2,4,1,671,1
CAL-06733,CALI,HURTO_PATRIMONIAL,Comisaria_3_Familia_Cali,2023,70.0,0.9,5,1,621,1
CAL-06734,CALI,ALIMENTOS,Juzgado_3_Familia_Cali,2024,70.0,1.2,10,0,565,1
CAL-06735,CALI,VIF,Juzgado_Penal_Municipal_1_Cali,2024,70.0,1.35,1,0,438,1
CAL-06736,CALI,VIF,Comisaria_1_Familia_Cali,2022,70.0,1.25,6,0,459,1
CAL-06737,CALI,ALIMENTOS,Comisaria_1_Familia_Cali,2023,70.0,1.25,4,0,545,1
CAL-06738,CALI,HURTO_PATRIMONIAL,Juzgado_1_Familia_Cali,2022,70.0,1.45,2,0,626,1
CAL-06739,CALI,VIF,Juzgado_4_Familia_Cali,2024,70.0,1.1,4,0,418,1
CAL-06740,CALI,HURTO_PATRIMONIAL,Comisaria_1_Familia_Cali,2022,70.0,1.25,3,0,561,1
CAL-06741,CALI,VIF,Juzgado_Penal_Municipal_1_Cali,2023,70.0,1.35,2,1,609,1
CAL-06742,CALI,HURTO_PATRIMONIAL,Comisaria_2_Familia_Cali,2022,70.0,1.1,9,1,470,0
CAL-06743,CALI,ALIMENTOS,Comisaria_2_Familia_Cali,2022,70.0,1.1,5,0,509,1
CAL-06744,CALI,ALIMENTOS,Comisaria_3_Familia_Cali,2020,70.0,0.9,4,1,610,1
CAL-06745,CALI,VIF,Comisaria_2_Familia_Cali,2021,70.0,1.1,1,0,402,1
CAL-06746,CALI,HURTO_PATRIMONIAL,Juzgado_Penal_Municipal_2_Cali,2023,70.0,1.15,1,1,639,1
CAL-06747,CALI,ALIMENTOS,Juzgado_4_Familia_Cali,2024,70.0,1.1,2,0,496,1
CAL-06748,CALI,VIF,Juzgado_3_Familia_Cali,2024,70.0,1.2,2,0,416,1
CAL-06749,CALI,VIF,Juzgado_Penal_Municipal_1_Cali,2023,70.0,1.35,10,1,665,1
CAL-06750,CALI,VIF,Juzgado_2_Familia_Cali,2022,70.0,1.3,7,0,475,1
CAL-06751,CALI,VIF,Comisaria_1_Familia_Cali,2024,70.0,1.25,7,0,459,1
CAL-06752,CALI,HURTO_PATRIMONIAL,Juzgado_3_Familia_Cali,2020,70.0,1.2,2,0,359,0
CAL-06753,CALI,ALIMENTOS,Juzgado_Penal_Municipal_1_Cali,2023,70.0,1.35,2,0,566,1
CAL-06754,CALI,ALIMENTOS,Comisaria_1_Familia_Cali,2023,70.0,1.25,1,0,477,1
CAL-06755,CALI,VIF,Juzgado_5_Familia_Cali,2024,70.0,0.95,6,0,412,1
CAL-06756,CALI,ALIMENTOS,Comisaria_3_Familia_Cali,2023,70.0,0.9,5,1,613,1
CAL-06757,CALI,ALIMENTOS,Juzgado_3_Familia_Cali,2023,70.0,1.2,4,0,493,1
CAL-06758,CALI,VIF,Comisaria_3_Familia_Cali,2024,70.0,0.9,6,0,408,1
CAL-06759,CALI,ALIMENTOS,Comisaria_2_Familia_Cali,2022,70.0,1.1,6,0,498,1
CAL-06760,CALI,ALIMENTOS,Juzgado_2_Familia_Cali,2021,70.0,1.3,6,1,572,0
CAL-06761,CALI,VIF,Comisaria_3_Familia_Cali,2022,70.0,0.9,5,0,406,1
CAL-06762,CALI,VIF,Juzgado_Penal_Municipal_1_Cali,2023,70.0,1.35,3,0,444,1
CAL-06763,CALI,ALIMENTOS,Juzgado_2_Familia_Cali,2024,70.0,1.3,6,0,300,0
CAL-06764,CALI,HURTO_PATRIMONIAL,Juzgado_1_Familia_Cali,2023,70.0,1.45,3,0,634,1
CAL-06765,CALI,VIF,Juzgado_3_Familia_Cali,2022,70.0,1.2,10,0,476,1
CAL-06766,CALI,ALIMENTOS,Juzgado_Penal_Municipal_1_Cali,2024,70.0,1.35,1,1,681,1
CAL-06767,CALI,VIF,Juzgado_Penal_Municipal_2_Cali,2023,70.0,1.15,4,1,605,1
CAL-06768,CALI,ALIMENTOS,Comisaria_2_Familia_Cali,2024,70.0,1.1,7,1,666,1
CAL-06769,CALI,VIF,Juzgado_Penal_Municipal_2_Cali,2024,70.0,1.15,7,0,483,1
CAL-06770,CALI,HURTO_PATRIMONIAL,Juzgado_2_Familia_Cali,2022,70.0,1.3,4,0,590,1
CAL-06771,CALI,HURTO_PATRIMONIAL,Comisaria_2_Familia_Cali,2022,70.0,1.1,10,0,608,1
CAL-06772,CALI,VIF,Juzgado_3_Familia_Cali,2023,70.0,1.2,1,1,294,0
CAL-06773,CALI,VIF,Juzgado_4_Familia_Cali,2022,70.0,1.1,3,0,403,1
CAL-06774,CALI,VIF,Juzgado_1_Familia_Cali,2024,70.0,1.45,1,0,444,1
CAL-06775,CALI,ALIMENTOS,Comisaria_3_Familia_Cali,2024,70.0,0.9,3,0,433,1
CAL-06776,CALI,ALIMENTOS,Juzgado_3_Familia_Cali,2022,70.0,1.2,6,0,531,1
CAL-06777,CALI,VIF,Comisaria_1_Familia_Cali,2024,70.0,1.25,3,1,529,0
CAL-06778,CALI,VIF,Comisaria_2_Familia_Cali,2024,70.0,1.1,6,0,439,1
CAL-06779,CALI,VIF,Comisaria_3_Familia_Cali,2020,70.0,0.9,5,1,344,0
CAL-06780,CALI,ALIMENTOS,Comisaria_1_Familia_Cali,2023,70.0,1.25,12,0,619,1
CAL-06781,CALI,VIF,Juzgado_Penal_Municipal_2_Cali,2024,70.0,1.15,1,0,390,1
CAL-06782,CALI,VIF,Juzgado_4_Familia_Cali,2023,70.0,1.1,3,1,585,1
CAL-06783,CALI,ALIMENTOS,Juzgado_5_Familia_Cali,2024,70.0,0.95,4,1,439,0
CAL-06784,CALI,HURTO_PATRIMONIAL,Juzgado_5_Familia_Cali,2022,70.0,0.95,5,0,542,1
CAL-06785,CALI,HURTO_PATRIMONIAL,Comisaria_2_Familia_Cali,2023,70.0,1.1,2,1,690,1
CAL-06786,CALI,VIF,Juzgado_Penal_Municipal_1_Cali,2020,70.0,1.35,3,1,601,1
CAL-06787,CALI,VIF,Juzgado_3_Familia_Cali,2023,70.0,1.2,4,1,590,1
CAL-06788,CALI,ALIMENTOS,Comisaria_2_Familia_Cali,2021,70.0,1.1,13,0,544,1
CAL-06789,CALI,VIF,Juzgado_Penal_Municipal_2_Cali,2022,70.0,1.15,2,0,393,1
CAL-06790,CALI,SUSTANCIAS,Comisaria_1_Familia_Cali,2024,70.0,1.25,13,0,563,1
CAL-06791,CALI,ALIMENTOS,Juzgado_Penal_Municipal_1_Cali,2023,70.0,1.35,1,1,717,1
CAL-06792,CALI,ALIMENTOS,Juzgado_Penal_Municipal_2_Cali,2023,70.0,1.15,4,0,444,0
CAL-06793,CALI,SUSTANCIAS,Juzgado_Penal_Municipal_2_Cali,2024,70.0,1.15,3,0,468,1
CAL-06794,CALI,ALIMENTOS,Comisaria_1_Familia_Cali,2021,70.0,1.25,2,0,506,1
CAL-06795,CALI,HURTO_PATRIMONIAL,Juzgado_3_Familia_Cali,2023,70.0,1.2,2,0,516,1
CAL-06796,CALI,SUSTANCIAS,Juzgado_Penal_Municipal_2_Cali,2023,70.0,1.15,9,0,507,1
CAL-06797,CALI,ALIMENTOS,Comisaria_2_Familia_Cali,2022,70.0,1.1,3,0,465,1
CAL-06798,CALI,HURTO_PATRIMONIAL,Juzgado_2_Familia_Cali,2020,70.0,1.3,3,0,556,1
CAL-06799,CALI,SUSTANCIAS,Juzgado_4_Familia_Cali,2023,70.0,1.1,11,0,499,1
CAL-06800,CALI,SUSTANCIAS,Juzgado_1_Familia_Cali,2023,70.0,1.45,1,0,513,1
CAL-06801,CALI,SUSTANCIAS,Comisaria_2_Familia_Cali,2023,70.0,1.1,6,0,449,1
CAL-06802,CALI,ALIMENTOS,Comisaria_3_Familia_Cali,2020,70.0,0.9,7,0,443,1
CAL-06803,CALI,VIF,Comisaria_3_Familia_Cali,2024,70.0,0.9,9,0,442,1
CAL-06804,CALI,ALIMENTOS,Juzgado_Penal_Municipal_2_Cali,2022,70.0,1.15,14,0,595,1
CAL-06805,CALI,SUSTANCIAS,Comisaria_1_Familia_Cali,2022,70.0,1.25,8,0,536,1
CAL-06806,CALI,ALIMENTOS,Comisaria_1_Familia_Cali,2020,70.0,1.25,3,0,406,0
CAL-06807,CALI,ALIMENTOS,Comisaria_1_Familia_Cali,2022,70.0,1.25,1,1,662,1
CAL-06808,CALI,SUSTANCIAS,Comisaria_3_Familia_Cali,2024,70.0,0.9,4,1,552,1
CAL-06809,CALI,SUSTANCIAS,Juzgado_4_Familia_Cali,2021,70.0,1.1,4,0,434,1
CAL-06810,CALI,HURTO_PATRIMONIAL,Juzgado_1_Familia_Cali,2024,70.0,1.45,4,0,620,1
CAL-06811,CALI,SUSTANCIAS,Comisaria_3_Familia_Cali,2022,70.0,0.9,5,0,396,1
CAL-06812,CALI,ALIMENTOS,Juzgado_4_Familia_Cali,2023,70.0,1.1,3,1,662,1
CAL-06813,CALI,ALIMENTOS,Juzgado_Penal_Municipal_1_Cali,2023,70.0,1.35,3,1,724,1
CAL-06814,CALI,ALIMENTOS,Comisaria_2_Familia_Cali,2020,70.0,1.1,6,0,515,1
CAL-06815,CALI,HURTO_PATRIMONIAL,Juzgado_Penal_Municipal_2_Cali,2024,70.0,1.15,3,0,542,1
CAL-06816,CALI,VIF,Juzgado_2_Familia_Cali,2024,70.0,1.3,6,0,488,1
CAL-06817,CALI,SUSTANCIAS,Juzgado_5_Familia_Cali,2022,70.0,0.95,7,0,429,1
CAL-06818,CALI,ALIMENTOS,Juzgado_3_Familia_Cali,2022,70.0,1.2,5,0,521,1
CAL-06819,CALI,ALIMENTOS,Juzgado_Penal_Municipal_1_Cali,2024,70.0,1.35,2,0,523,1
CAL-06820,CALI,ALIMENTOS,Juzgado_3_Familia_Cali,2024,70.0,1.2,1,1,660,1
CAL-06821,CALI,SUSTANCIAS,Comisaria_1_Familia_Cali,2022,70.0,1.25,1,0,445,1
CAL-06822,CALI,SUSTANCIAS,Comisaria_2_Familia_Cali,2023,70.0,1.1,4,0,414,1
CAL-06823,CALI,VIF,Juzgado_Penal_Municipal_2_Cali,2022,70.0,1.15,3,0,406,1
CAL-06824,CALI,HURTO_PATRIMONIAL,Juzgado_1_Familia_Cali,2022,70.0,1.45,1,1,580,0
CAL-06825,CALI,VIF,Juzgado_2_Familia_Cali,2024,70.0,1.3,7,0,495,1
CAL-06826,CALI,VIF,Juzgado_1_Familia_Cali,2024,70.0,1.45,5,0,479,1
CAL-06827,CALI,ALIMENTOS,Juzgado_Penal_Municipal_1_Cali,2022,70.0,1.35,3,1,699,1
CAL-06828,CALI,VIF,Juzgado_5_Familia_Cali,2023,70.0,0.95,5,0,413,1
CAL-06829,CALI,VIF,Juzgado_Penal_Municipal_2_Cali,2023,70.0,1.15,4,0,430,1
CAL-06830,CALI,ALIMENTOS,Juzgado_Penal_Municipal_1_Cali,2022,70.0,1.35,1,0,507,1
CAL-06831,CALI,ALIMENTOS,Juzgado_Penal_Municipal_2_Cali,2020,70.0,1.15,9,0,563,1
CAL-06832,CALI,VIF,Juzgado_Penal_Municipal_1_Cali,2023,70.0,1.35,4,0,466,1
CAL-06833,CALI,SUSTANCIAS,Juzgado_Penal_Municipal_2_Cali,2023,70.0,1.15,3,1,612,1
CAL-06834,CALI,ALIMENTOS,Juzgado_2_Familia_Cali,2023,70.0,1.3,1,0,519,1
CAL-06835,CALI,HURTO_PATRIMONIAL,Juzgado_2_Familia_Cali,2021,70.0,1.3,11,0,618,1
CAL-06836,CALI,VIF,Juzgado_5_Familia_Cali,2021,70.0,0.95,3,1,511,1
CAL-06837,CALI,HURTO_PATRIMONIAL,Comisaria_2_Familia_Cali,2022,70.0,1.1,7,1,717,1
CAL-06838,CALI,ALIMENTOS,Juzgado_3_Familia_Cali,2023,70.0,1.2,1,0,475,1
CAL-06839,CALI,VIF,Comisaria_2_Familia_Cali,2023,70.0,1.1,4,0,405,1
CAL-06840,CALI,ALIMENTOS,Juzgado_2_Familia_Cali,2023,70.0,1.3,4,0,529,1
CAL-06841,CALI,VIF,Juzgado_2_Familia_Cali,2023,70.0,1.3,5,0,497,1
CAL-06842,CALI,VIF,Comisaria_3_Familia_Cali,2022,70.0,0.9,6,0,384,1
CAL-06843,CALI,ALIMENTOS,Juzgado_2_Familia_Cali,2024,70.0,1.3,8,0,554,1
CAL-06844,CALI,HURTO_PATRIMONIAL,Juzgado_5_Familia_Cali,2022,70.0,0.95,6,1,665,1
CAL-06845,CALI,VIF,Juzgado_1_Familia_Cali,2024,70.0,1.45,1,0,473,1
CAL-06846,CALI,SUSTANCIAS,Comisaria_3_Familia_Cali,2020,70.0,0.9,8,0,430,1
CAL-06847,CALI,VIF,Juzgado_3_Familia_Cali,2021,70.0,1.2,1,1,533,1
CAL-06848,CALI,HURTO_PATRIMONIAL,Juzgado_1_Familia_Cali,2024,70.0,1.45,9,1,679,0
CAL-06849,CALI,ALIMENTOS,Comisaria_2_Familia_Cali,2022,70.0,1.1,1,1,434,0
CAL-06850,CALI,ALIMENTOS,Juzgado_Penal_Municipal_1_Cali,2023,70.0,1.35,8,0,339,0
CAL-06851,CALI,VIF,Juzgado_3_Familia_Cali,2020,70.0,1.2,5,0,422,1
CAL-06852,CALI,ALIMENTOS,Juzgado_Penal_Municipal_1_Cali,2023,70.0,1.35,3,1,692,1
CAL-06853,CALI,ALIMENTOS,Comisaria_3_Familia_Cali,2022,70.0,0.9,2,0,454,1
CAL-06854,CALI,VIF,Juzgado_1_Familia_Cali,2022,70.0,1.45,5,1,631,1
CAL-06855,CALI,ALIMENTOS,Juzgado_Penal_Municipal_2_Cali,2022,70.0,1.15,6,0,482,1
CAL-06856,CALI,VIF,Juzgado_1_Familia_Cali,2022,70.0,1.45,6,0,472,1
CAL-06857,CALI,ALIMENTOS,Comisaria_2_Familia_Cali,2023,70.0,1.1,1,1,619,1
CAL-06858,CALI,ALIMENTOS,Juzgado_1_Familia_Cali,2023,70.0,1.45,1,0,552,1
CAL-06859,CALI,SUSTANCIAS,Juzgado_5_Familia_Cali,2022,70.0,0.95,6,0,423,1
CAL-06860,CALI,VIF,Juzgado_2_Familia_Cali,2021,70.0,1.3,8,0,485,1
CAL-06861,CALI,ALIMENTOS,Comisaria_3_Familia_Cali,2023,70.0,0.9,2,1,586,1
CAL-06862,CALI,HURTO_PATRIMONIAL,Juzgado_1_Familia_Cali,2022,70.0,1.45,7,0,630,1
CAL-06863,CALI,ALIMENTOS,Juzgado_2_Familia_Cali,2024,70.0,1.3,2,1,672,1
CAL-06864,CALI,HURTO_PATRIMONIAL,Comisaria_1_Familia_Cali,2023,70.0,1.25,1,0,587,1
CAL-06865,CALI,HURTO_PATRIMONIAL,Juzgado_3_Familia_Cali,2020,70.0,1.2,6,0,581,1
CAL-06866,CALI,HURTO_PATRIMONIAL,Juzgado_Penal_Municipal_2_Cali,2023,70.0,1.15,3,0,551,1
CAL-06867,CALI,VIF,Juzgado_Penal_Municipal_2_Cali,2024,70.0,1.15,4,0,428,1
CAL-06868,CALI,VIF,Juzgado_5_Familia_Cali,2024,70.0,0.95,3,0,351,0
CAL-06869,CALI,ALIMENTOS,Juzgado_5_Familia_Cali,2024,70.0,0.95,1,0,459,1
CAL-06870,CALI,VIF,Juzgado_4_Familia_Cali,2023,70.0,1.1,4,1,555,1
CAL-06871,CALI,HURTO_PATRIMONIAL,Juzgado_3_Familia_Cali,2024,70.0,1.2,10,0,624,1
CAL-06872,CALI,ALIMENTOS,Juzgado_2_Familia_Cali,2021,70.0,1.3,12,0,590,1
CAL-06873,CALI,VIF,Comisaria_2_Familia_Cali,2023,70.0,1.1,4,1,584,1
CAL-06874,CALI,VIF,Juzgado_1_Familia_Cali,2024,70.0,1.45,1,0,457,1
CAL-06875,CALI,HURTO_PATRIMONIAL,Comisaria_2_Familia_Cali,2024,70.0,1.1,2,0,558,1
CAL-06876,CALI,VIF,Juzgado_2_Familia_Cali,2021,70.0,1.3,5,0,440,1
CAL-06877,CALI,VIF,Juzgado_4_Familia_Cali,2023,70.0,1.1,3,1,554,1
CAL-06878,CALI,ALIMENTOS,Juzgado_3_Familia_Cali,2022,70.0,1.2,5,1,666,1
CAL-06879,CALI,SUSTANCIAS,Comisaria_1_Familia_Cali,2021,70.0,1.25,6,0,454,1
CAL-06880,CALI,VIF,Juzgado_4_Familia_Cali,2022,70.0,1.1,9,0,438,1
CAL-06881,CALI,VIF,Juzgado_Penal_Municipal_2_Cali,2024,70.0,1.15,2,1,561,1
CAL-06882,CALI,ALIMENTOS,Juzgado_1_Familia_Cali,2024,70.0,1.45,8,1,445,0
CAL-06883,CALI,HURTO_PATRIMONIAL,Comisaria_1_Familia_Cali,2023,70.0,1.25,3,0,546,1
CAL-06884,CALI,ALIMENTOS,Juzgado_5_Familia_Cali,2022,70.0,0.95,4,0,362,0
CAL-06885,CALI,HURTO_PATRIMONIAL,Juzgado_1_Familia_Cali,2022,70.0,1.45,4,0,633,1
CAL-06886,CALI,SUSTANCIAS,Juzgado_1_Familia_Cali,2023,70.0,1.45,3,0,496,1
CAL-06887,CALI,HURTO_PATRIMONIAL,Juzgado_5_Familia_Cali,2021,70.0,0.95,5,0,487,1
CAL-06888,CALI,ALIMENTOS,Juzgado_1_Familia_Cali,2023,70.0,1.45,3,1,714,1
CAL-06889,CALI,ALIMENTOS,Juzgado_Penal_Municipal_1_Cali,2024,70.0,1.35,6,0,603,1
CAL-06890,CALI,ALIMENTOS,Juzgado_Penal_Municipal_1_Cali,2022,70.0,1.35,11,1,344,0
CAL-06891,CALI,ALIMENTOS,Juzgado_Penal_Municipal_2_Cali,2024,70.0,1.15,5,0,532,1
CAL-06892,CALI,ALIMENTOS,Comisaria_3_Familia_Cali,2024,70.0,0.9,8,0,486,1
CAL-06893,CALI,SUSTANCIAS,Juzgado_5_Familia_Cali,2023,70.0,0.95,2,0,369,1
CAL-06894,CALI,HURTO_PATRIMONIAL,Comisaria_3_Familia_Cali,2023,70.0,0.9,6,0,476,1
CAL-06895,CALI,ALIMENTOS,Comisaria_3_Familia_Cali,2024,70.0,0.9,6,1,563,1
CAL-06896,CALI,ALIMENTOS,Juzgado_1_Familia_Cali,2021,70.0,1.45,8,1,502,0
CAL-06897,CALI,VIF,Juzgado_5_Familia_Cali,2024,70.0,0.95,4,0,383,1
CAL-06898,CALI,VIF,Juzgado_4_Familia_Cali,2022,70.0,1.1,3,0,394,1
CAL-06899,CALI,SUSTANCIAS,Juzgado_4_Familia_Cali,2024,70.0,1.1,3,0,428,1
CAL-06900,CALI,VIF,Comisaria_2_Familia_Cali,2021,70.0,1.1,5,0,409,1
CAL-06901,CALI,HURTO_PATRIMONIAL,Comisaria_1_Familia_Cali,2021,70.0,1.25,2,0,356,0
CAL-06902,CALI,ALIMENTOS,Juzgado_Penal_Municipal_1_Cali,2023,70.0,1.35,2,0,554,1
CAL-06903,CALI,VIF,Comisaria_1_Familia_Cali,2023,70.0,1.25,4,0,443,1
CAL-06904,CALI,VIF,Juzgado_3_Familia_Cali,2024,70.0,1.2,2,0,392,1
CAL-06905,CALI,VIF,Juzgado_3_Familia_Cali,2024,70.0,1.2,12,0,505,1
CAL-06906,CALI,HURTO_PATRIMONIAL,Juzgado_3_Familia_Cali,2023,70.0,1.2,5,0,573,1
CAL-06907,CALI,SUSTANCIAS,Juzgado_3_Familia_Cali,2021,70.0,1.2,3,0,225,0
CAL-06908,CALI,VIF,Juzgado_Penal_Municipal_1_Cali,2023,70.0,1.35,1,0,403,1
CAL-06909,CALI,VIF,Juzgado_1_Familia_Cali,2023,70.0,1.45,2,1,599,1
CAL-06910,CALI,VIF,Juzgado_1_Familia_Cali,2021,70.0,1.45,7,0,502,1
CAL-06911,CALI,ALIMENTOS,Juzgado_1_Familia_Cali,2024,70.0,1.45,9,0,618,1
CAL-06912,CALI,HURTO_PATRIMONIAL,Comisaria_3_Familia_Cali,2021,70.0,0.9,10,1,655,1
CAL-06913,CALI,ALIMENTOS,Juzgado_5_Familia_Cali,2021,70.0,0.95,4,0,449,1
CAL-06914,CALI,HURTO_PATRIMONIAL,Comisaria_3_Familia_Cali,2023,70.0,0.9,6,1,627,1
CAL-06915,CALI,SUSTANCIAS,Comisaria_2_Familia_Cali,2022,70.0,1.1,2,0,267,0
CAL-06916,CALI,VIF,Juzgado_5_Familia_Cali,2024,70.0,0.95,3,0,208,0
CAL-06917,CALI,VIF,Comisaria_3_Familia_Cali,2024,70.0,0.9,10,1,585,1
CAL-06918,CALI,ALIMENTOS,Juzgado_1_Familia_Cali,2023,70.0,1.45,2,0,582,1
CAL-06919,CALI,ALIMENTOS,Juzgado_3_Familia_Cali,2024,70.0,1.2,8,0,559,1
CAL-06920,CALI,VIF,Comisaria_3_Familia_Cali,2024,70.0,0.9,5,0,351,1
CAL-06921,CALI,SUSTANCIAS,Juzgado_5_Familia_Cali,2024,70.0,0.95,5,0,402,1
CAL-06922,CALI,HURTO_PATRIMONIAL,Juzgado_1_Familia_Cali,2020,70.0,1.45,6,0,658,1
CAL-06923,CALI,ALIMENTOS,Comisaria_2_Familia_Cali,2024,70.0,1.1,5,1,667,1
CAL-06924,CALI,SUSTANCIAS,Juzgado_4_Familia_Cali,2024,70.0,1.1,3,0,423,1
CAL-06925,CALI,VIF,Comisaria_3_Familia_Cali,2021,70.0,0.9,5,0,378,1
CAL-06926,CALI,VIF,Juzgado_2_Familia_Cali,2024,70.0,1.3,5,0,463,1
CAL-06927,CALI,ALIMENTOS,Comisaria_2_Familia_Cali,2023,70.0,1.1,4,1,635,1
CAL-06928,CALI,VIF,Juzgado_Penal_Municipal_1_Cali,2024,70.0,1.35,7,0,478,1
CAL-06929,CALI,ALIMENTOS,Juzgado_Penal_Municipal_1_Cali,2021,70.0,1.35,9,0,600,1
CAL-06930,CALI,VIF,Juzgado_3_Familia_Cali,2020,70.0,1.2,1,0,390,1
CAL-06931,CALI,VIF,Juzgado_1_Familia_Cali,2024,70.0,1.45,5,0,283,0
CAL-06932,CALI,VIF,Juzgado_3_Familia_Cali,2024,70.0,1.2,5,1,623,1
CAL-06933,CALI,ALIMENTOS,Comisaria_1_Familia_Cali,2024,70.0,1.25,2,1,654,1
CAL-06934,CALI,SUSTANCIAS,Juzgado_5_Familia_Cali,2022,70.0,0.95,1,0,390,1
CAL-06935,CALI,HURTO_PATRIMONIAL,Juzgado_Penal_Municipal_2_Cali,2023,70.0,1.15,10,0,620,1
CAL-06936,CALI,ALIMENTOS,Comisaria_1_Familia_Cali,2022,70.0,1.25,6,0,528,1
CAL-06937,CALI,ALIMENTOS,Juzgado_3_Familia_Cali,2022,70.0,1.2,3,1,664,1
CAL-06938,CALI,ALIMENTOS,Comisaria_2_Familia_Cali,2023,70.0,1.1,3,0,457,1
CAL-06939,CALI,HURTO_PATRIMONIAL,Juzgado_1_Familia_Cali,2024,70.0,1.45,5,1,558,0
CAL-06940,CALI,ALIMENTOS,Juzgado_Penal_Municipal_1_Cali,2020,70.0,1.35,2,1,650,1
CAL-06941,CALI,ALIMENTOS,Juzgado_Penal_Municipal_2_Cali,2023,70.0,1.15,6,1,718,1
CAL-06942,CALI,HURTO_PATRIMONIAL,Juzgado_4_Familia_Cali,2023,70.0,1.1,2,0,499,1
CAL-06943,CALI,ALIMENTOS,Comisaria_1_Familia_Cali,2022,70.0,1.25,1,0,501,1
CAL-06944,CALI,HURTO_PATRIMONIAL,Juzgado_1_Familia_Cali,2020,70.0,1.45,7,0,610,1
CAL-06945,CALI,ALIMENTOS,Juzgado_3_Familia_Cali,2024,70.0,1.2,3,1,670,1
CAL-06946,CALI,VIF,Juzgado_4_Familia_Cali,2020,70.0,1.1,3,1,540,1
CAL-06947,CALI,VIF,Juzgado_2_Familia_Cali,2024,70.0,1.3,5,0,442,1
CAL-06948,CALI,VIF,Juzgado_3_Familia_Cali,2021,70.0,1.2,8,1,630,1
CAL-06949,CALI,VIF,Juzgado_Penal_Municipal_2_Cali,2024,70.0,1.15,5,0,318,0
CAL-06950,CALI,VIF,Comisaria_1_Familia_Cali,2023,70.0,1.25,1,1,577,1
CAL-06951,CALI,ALIMENTOS,Comisaria_1_Familia_Cali,2022,70.0,1.25,7,0,570,1
CAL-06952,CALI,VIF,Comisaria_3_Familia_Cali,2024,70.0,0.9,2,1,529,1
CAL-06953,CALI,VIF,Juzgado_1_Familia_Cali,2023,70.0,1.45,3,0,479,1
CAL-06954,CALI,SUSTANCIAS,Juzgado_5_Familia_Cali,2024,70.0,0.95,9,1,635,1
CAL-06955,CALI,ALIMENTOS,Comisaria_1_Familia_Cali,2024,70.0,1.25,3,1,685,1
CAL-06956,CALI,VIF,Comisaria_3_Familia_Cali,2022,70.0,0.9,1,0,366,1
CAL-06957,CALI,ALIMENTOS,Comisaria_2_Familia_Cali,2021,70.0,1.1,4,0,481,1
CAL-06958,CALI,VIF,Juzgado_3_Familia_Cali,2021,70.0,1.2,2,0,388,1
CAL-06959,CALI,VIF,Juzgado_5_Familia_Cali,2023,70.0,0.95,4,0,382,1
CAL-06960,CALI,VIF,Juzgado_2_Familia_Cali,2022,70.0,1.3,6,0,456,1
CAL-06961,CALI,VIF,Juzgado_Penal_Municipal_1_Cali,2024,70.0,1.35,5,0,479,1
CAL-06962,CALI,HURTO_PATRIMONIAL,Juzgado_Penal_Municipal_1_Cali,2022,70.0,1.35,5,1,542,0
CAL-06963,CALI,ALIMENTOS,Comisaria_3_Familia_Cali,2024,70.0,0.9,3,0,467,1
CAL-06964,CALI,ALIMENTOS,Juzgado_4_Familia_Cali,2024,70.0,1.1,8,1,685,1
CAL-06965,CALI,VIF,Juzgado_Penal_Municipal_1_Cali,2024,70.0,1.35,3,0,452,1
CAL-06966,CALI,ALIMENTOS,Juzgado_5_Familia_Cali,2024,70.0,0.95,6,1,621,1
CAL-06967,CALI,HURTO_PATRIMONIAL,Juzgado_2_Familia_Cali,2022,70.0,1.3,6,0,444,0
CAL-06968,CALI,HURTO_PATRIMONIAL,Comisaria_3_Familia_Cali,2023,70.0,0.9,2,1,620,1
CAL-06969,CALI,ALIMENTOS,Juzgado_4_Familia_Cali,2023,70.0,1.1,2,0,447,1
CAL-06970,CALI,ALIMENTOS,Juzgado_1_Familia_Cali,2023,70.0,1.45,6,0,624,1
CAL-06971,CALI,ALIMENTOS,Comisaria_3_Familia_Cali,2024,70.0,0.9,1,0,424,1
CAL-06972,CALI,HURTO_PATRIMONIAL,Comisaria_3_Familia_Cali,2024,70.0,0.9,7,0,464,1
CAL-06973,CALI,SUSTANCIAS,Comisaria_2_Familia_Cali,2023,70.0,1.1,9,0,487,1
CAL-06974,CALI,VIF,Juzgado_5_Familia_Cali,2022,70.0,0.95,2,1,223,0
CAL-06975,CALI,VIF,Juzgado_3_Familia_Cali,2020,70.0,1.2,8,1,322,0
CAL-06976,CALI,VIF,Juzgado_Penal_Municipal_2_Cali,2023,70.0,1.15,4,0,432,1
CAL-06977,CALI,ALIMENTOS,Juzgado_1_Familia_Cali,2023,70.0,1.45,3,0,567,1
CAL-06978,CALI,SUSTANCIAS,Juzgado_1_Familia_Cali,2023,70.0,1.45,5,0,519,1
CAL-06979,CALI,ALIMENTOS,Juzgado_2_Familia_Cali,2022,70.0,1.3,7,1,721,1
CAL-06980,CALI,VIF,Juzgado_2_Familia_Cali,2023,70.0,1.3,1,0,409,1
CAL-06981,CALI,ALIMENTOS,Juzgado_2_Familia_Cali,2021,70.0,1.3,3,0,517,1
CAL-06982,CALI,HURTO_PATRIMONIAL,Juzgado_2_Familia_Cali,2022,70.0,1.3,1,0,589,1
CAL-06983,CALI,ALIMENTOS,Juzgado_4_Familia_Cali,2021,70.0,1.1,4,0,492,1
CAL-06984,CALI,ALIMENTOS,Comisaria_3_Familia_Cali,2020,70.0,0.9,3,0,439,1
CAL-06985,CALI,ALIMENTOS,Juzgado_1_Familia_Cali,2022,70.0,1.45,6,0,570,1
CAL-06986,CALI,ALIMENTOS,Juzgado_1_Familia_Cali,2022,70.0,1.45,1,0,557,1
CAL-06987,CALI,VIF,Juzgado_Penal_Municipal_2_Cali,2020,70.0,1.15,2,0,374,1
CAL-06988,CALI,ALIMENTOS,Juzgado_Penal_Municipal_1_Cali,2023,70.0,1.35,5,0,601,1
CAL-06989,CALI,VIF,Juzgado_1_Familia_Cali,2024,70.0,1.45,6,0,476,1
CAL-06990,CALI,ALIMENTOS,Juzgado_1_Familia_Cali,2023,70.0,1.45,4,0,574,1
CAL-06991,CALI,HURTO_PATRIMONIAL,Comisaria_2_Familia_Cali,2023,70.0,1.1,8,0,577,1
CAL-06992,CALI,SUSTANCIAS,Juzgado_3_Familia_Cali,2023,70.0,1.2,1,0,446,1
CAL-06993,CALI,ALIMENTOS,Comisaria_1_Familia_Cali,2024,70.0,1.25,11,1,730,1
CAL-06994,CALI,VIF,Juzgado_4_Familia_Cali,2024,70.0,1.1,1,0,378,1
CAL-06995,CALI,HURTO_PATRIMONIAL,Juzgado_4_Familia_Cali,2023,70.0,1.1,9,1,581,0
CAL-06996,CALI,VIF,Juzgado_5_Familia_Cali,2022,70.0,0.95,4,0,375,1
CAL-06997,CALI,ALIMENTOS,Juzgado_4_Familia_Cali,2024,70.0,1.1,9,0,574,1
CAL-06998,CALI,HURTO_PATRIMONIAL,Juzgado_4_Familia_Cali,2022,70.0,1.1,5,1,726,1
CAL-06999,CALI,VIF,Juzgado_5_Familia_Cali,2022,70.0,0.95,3,0,351,1
CAL-07000,CALI,ALIMENTOS,Comisaria_2_Familia_Cali,2021,70.0,1.1,8,1,687,1
CAL-07001,CALI,ALIMENTOS,Juzgado_Penal_Municipal_1_Cali,2021,70.0,1.35,5,1,717,1
CAL-07002,CALI,ALIMENTOS,Juzgado_Penal_Municipal_2_Cali,2022,70.0,1.15,11,1,708,1
CAL-07003,CALI,HURTO_PATRIMONIAL,Juzgado_Penal_Municipal_2_Cali,2024,70.0,1.15,6,0,560,1
CAL-07004,CALI,VIF,Comisaria_2_Familia_Cali,2024,70.0,1.1,9,0,469,1
CAL-07005,CALI,VIF,Juzgado_Penal_Municipal_1_Cali,2023,70.0,1.35,4,0,466,1
CAL-07006,CALI,VIF,Juzgado_2_Familia_Cali,2022,70.0,1.3,4,1,594,1
CAL-07007,CALI,VIF,Juzgado_4_Familia_Cali,2022,70.0,1.1,3,0,393,1
CAL-07008,CALI,ALIMENTOS,Juzgado_2_Familia_Cali,2021,70.0,1.3,3,1,699,1
CAL-07009,CALI,ALIMENTOS,Juzgado_1_Familia_Cali,2024,70.0,1.45,6,0,596,1
CAL-07010,CALI,VIF,Juzgado_1_Familia_Cali,2023,70.0,1.45,6,0,379,0
CAL-07011,CALI,HURTO_PATRIMONIAL,Juzgado_Penal_Municipal_1_Cali,2022,70.0,1.35,2,0,633,1
CAL-07012,CALI,SUSTANCIAS,Juzgado_Penal_Municipal_1_Cali,2022,70.0,1.35,6,0,502,1
CAL-07013,CALI,ALIMENTOS,Comisaria_2_Familia_Cali,2024,70.0,1.1,9,0,547,1
CAL-07014,CALI,VIF,Juzgado_2_Familia_Cali,2024,70.0,1.3,12,0,540,1
CAL-07015,CALI,VIF,Juzgado_2_Familia_Cali,2021,70.0,1.3,12,0,502,1
CAL-07016,CALI,HURTO_PATRIMONIAL,Comisaria_3_Familia_Cali,2023,70.0,0.9,1,1,593,1
CAL-07017,CALI,ALIMENTOS,Juzgado_Penal_Municipal_2_Cali,2021,70.0,1.15,6,0,504,1
CAL-07018,CALI,VIF,Juzgado_Penal_Municipal_1_Cali,2022,70.0,1.35,1,0,451,1
CAL-07019,CALI,HURTO_PATRIMONIAL,Juzgado_2_Familia_Cali,2023,70.0,1.3,8,0,625,1
CAL-07020,CALI,VIF,Comisaria_3_Familia_Cali,2024,70.0,0.9,3,0,379,1
CAL-07021,CALI,ALIMENTOS,Juzgado_4_Familia_Cali,2024,70.0,1.1,4,1,636,1
CAL-07022,CALI,ALIMENTOS,Juzgado_3_Familia_Cali,2022,70.0,1.2,4,0,535,1
CAL-07023,CALI,SUSTANCIAS,Comisaria_1_Familia_Cali,2024,70.0,1.25,7,0,513,1
CAL-07024,CALI,ALIMENTOS,Comisaria_2_Familia_Cali,2021,70.0,1.1,2,1,610,1
CAL-07025,CALI,ALIMENTOS,Comisaria_1_Familia_Cali,2024,70.0,1.25,7,0,553,1
CAL-07026,CALI,VIF,Juzgado_4_Familia_Cali,2021,70.0,1.1,5,0,429,1
CAL-07027,CALI,ALIMENTOS,Juzgado_4_Familia_Cali,2021,70.0,1.1,1,0,474,1
CAL-07028,CALI,HURTO_PATRIMONIAL,Comisaria_2_Familia_Cali,2022,70.0,1.1,1,1,672,1
CAL-07029,CALI,ALIMENTOS,Juzgado_Penal_Municipal_1_Cali,2023,70.0,1.35,2,0,532,1
CAL-07030,CALI,ALIMENTOS,Juzgado_5_Familia_Cali,2023,70.0,0.95,3,1,598,1
CAL-07031,CALI,HURTO_PATRIMONIAL,Juzgado_1_Familia_Cali,2024,70.0,1.45,3,0,577,0
CAL-07032,CALI,VIF,Comisaria_2_Familia_Cali,2022,70.0,1.1,9,0,462,1
CAL-07033,CALI,ALIMENTOS,Juzgado_5_Familia_Cali,2024,70.0,0.95,4,0,464,1
CAL-07034,CALI,SUSTANCIAS,Juzgado_3_Familia_Cali,2024,70.0,1.2,6,0,513,1
CAL-07035,CALI,ALIMENTOS,Comisaria_1_Familia_Cali,2024,70.0,1.25,1,0,513,1
CAL-07036,CALI,ALIMENTOS,Juzgado_5_Familia_Cali,2021,70.0,0.95,3,1,619,1
CAL-07037,CALI,VIF,Juzgado_3_Familia_Cali,2022,70.0,1.2,4,0,428,1
CAL-07038,CALI,ALIMENTOS,Comisaria_2_Familia_Cali,2023,70.0,1.1,2,0,478,1
CAL-07039,CALI,ALIMENTOS,Comisaria_3_Familia_Cali,2024,70.0,0.9,8,1,622,1
CAL-07040,CALI,VIF,Juzgado_3_Familia_Cali,2023,70.0,1.2,2,0,428,1
CAL-07041,CALI,VIF,Juzgado_Penal_Municipal_1_Cali,2021,70.0,1.35,6,0,483,1
CAL-07042,CALI,VIF,Juzgado_1_Familia_Cali,2021,70.0,1.45,1,1,444,0
CAL-07043,CALI,HURTO_PATRIMONIAL,Comisaria_1_Familia_Cali,2020,70.0,1.25,3,0,549,1
CAL-07044,CALI,ALIMENTOS,Comisaria_3_Familia_Cali,2024,70.0,0.9,4,1,646,1
CAL-07045,CALI,VIF,Juzgado_Penal_Municipal_2_Cali,2022,70.0,1.15,8,0,461,1
CAL-07046,CALI,ALIMENTOS,Comisaria_1_Familia_Cali,2020,70.0,1.25,6,1,709,1
CAL-07047,CALI,VIF,Juzgado_Penal_Municipal_2_Cali,2021,70.0,1.15,11,0,312,0
CAL-07048,CALI,VIF,Comisaria_3_Familia_Cali,2021,70.0,0.9,11,0,451,1
CAL-07049,CALI,ALIMENTOS,Juzgado_2_Familia_Cali,2024,70.0,1.3,3,1,661,1
CAL-07050,CALI,ALIMENTOS,Juzgado_4_Familia_Cali,2022,70.0,1.1,1,0,213,0
CAL-07051,CALI,VIF,Juzgado_5_Familia_Cali,2024,70.0,0.95,17,1,424,0
CAL-07052,CALI,HURTO_PATRIMONIAL,Juzgado_Penal_Municipal_1_Cali,2024,70.0,1.35,6,1,511,0
CAL-07053,CALI,HURTO_PATRIMONIAL,Juzgado_Penal_Municipal_1_Cali,2024,70.0,1.35,3,0,644,1
CAL-07054,CALI,HURTO_PATRIMONIAL,Juzgado_4_Familia_Cali,2024,70.0,1.1,4,0,526,1
CAL-07055,CALI,ALIMENTOS,Juzgado_4_Familia_Cali,2023,70.0,1.1,2,1,628,1
CAL-07056,CALI,SUSTANCIAS,Comisaria_1_Familia_Cali,2021,70.0,1.25,3,1,590,1
CAL-07057,CALI,VIF,Juzgado_Penal_Municipal_2_Cali,2023,70.0,1.15,2,0,423,1
CAL-07058,CALI,HURTO_PATRIMONIAL,Juzgado_2_Familia_Cali,2023,70.0,1.3,3,0,573,1
CAL-07059,CALI,ALIMENTOS,Comisaria_2_Familia_Cali,2024,70.0,1.1,4,0,466,1
CAL-07060,CALI,VIF,Juzgado_4_Familia_Cali,2020,70.0,1.1,5,0,440,1
CAL-07061,CALI,ALIMENTOS,Juzgado_5_Familia_Cali,2021,70.0,0.95,7,1,664,1
CAL-07062,CALI,ALIMENTOS,Comisaria_1_Familia_Cali,2023,70.0,1.25,10,1,489,0
CAL-07063,CALI,VIF,Juzgado_1_Familia_Cali,2023,70.0,1.45,6,0,492,1
CAL-07064,CALI,ALIMENTOS,Juzgado_5_Familia_Cali,2021,70.0,0.95,7,0,453,1
CAL-07065,CALI,VIF,Juzgado_4_Familia_Cali,2021,70.0,1.1,3,0,391,1
CAL-07066,CALI,SUSTANCIAS,Juzgado_1_Familia_Cali,2023,70.0,1.45,2,0,389,0
CAL-07067,CALI,ALIMENTOS,Comisaria_1_Familia_Cali,2020,70.0,1.25,2,1,670,1
CAL-07068,CALI,ALIMENTOS,Juzgado_Penal_Municipal_1_Cali,2020,70.0,1.35,13,0,631,1
CAL-07069,CALI,HURTO_PATRIMONIAL,Comisaria_2_Familia_Cali,2024,70.0,1.1,3,0,550,1
CAL-07070,CALI,VIF,Comisaria_2_Familia_Cali,2024,70.0,1.1,5,0,420,1
CAL-07071,CALI,VIF,Juzgado_Penal_Municipal_2_Cali,2020,70.0,1.15,3,0,415,1
CAL-07072,CALI,ALIMENTOS,Comisaria_1_Familia_Cali,2020,70.0,1.25,8,1,722,1
CAL-07073,CALI,VIF,Juzgado_3_Familia_Cali,2024,70.0,1.2,11,0,504,1
CAL-07074,CALI,ALIMENTOS,Comisaria_3_Familia_Cali,2021,70.0,0.9,10,0,494,1
CAL-07075,CALI,VIF,Juzgado_5_Familia_Cali,2022,70.0,0.95,7,0,403,1
CAL-07076,CALI,VIF,Comisaria_3_Familia_Cali,2024,70.0,0.9,3,1,530,1
CAL-07077,CALI,ALIMENTOS,Juzgado_3_Familia_Cali,2024,70.0,1.2,2,1,681,1
CAL-07078,CALI,VIF,Juzgado_4_Familia_Cali,2024,70.0,1.1,2,1,566,1
CAL-07079,CALI,ALIMENTOS,Juzgado_4_Familia_Cali,2021,70.0,1.1,1,0,451,1
CAL-07080,CALI,ALIMENTOS,Juzgado_Penal_Municipal_2_Cali,2023,70.0,1.15,10,0,545,1
CAL-07081,CALI,ALIMENTOS,Comisaria_1_Familia_Cali,2021,70.0,1.25,1,1,643,1
CAL-07082,CALI,ALIMENTOS,Comisaria_1_Familia_Cali,2023,70.0,1.25,6,0,510,1
CAL-07083,CALI,ALIMENTOS,Juzgado_Penal_Municipal_1_Cali,2024,70.0,1.35,3,0,491,0
CAL-07084,CALI,VIF,Juzgado_4_Familia_Cali,2021,70.0,1.1,1,0,394,1
CAL-07085,CALI,VIF,Juzgado_1_Familia_Cali,2024,70.0,1.45,2,0,492,1
CAL-07086,CALI,HURTO_PATRIMONIAL,Juzgado_4_Familia_Cali,2022,70.0,1.1,10,1,610,0
CAL-07087,CALI,ALIMENTOS,Juzgado_Penal_Municipal_2_Cali,2024,70.0,1.15,2,1,674,1
CAL-07088,CALI,VIF,Juzgado_2_Familia_Cali,2022,70.0,1.3,4,0,475,1
CAL-07089,CALI,VIF,Juzgado_5_Familia_Cali,2022,70.0,0.95,4,0,382,1
CAL-07090,CALI,ALIMENTOS,Juzgado_4_Familia_Cali,2023,70.0,1.1,6,0,521,1
CAL-07091,CALI,VIF,Juzgado_1_Familia_Cali,2024,70.0,1.45,2,0,314,0
CAL-07092,CALI,ALIMENTOS,Juzgado_Penal_Municipal_2_Cali,2023,70.0,1.15,4,0,502,1
CAL-07093,CALI,ALIMENTOS,Juzgado_Penal_Municipal_2_Cali,2021,70.0,1.15,3,1,613,1
CAL-07094,CALI,VIF,Juzgado_2_Familia_Cali,2021,70.0,1.3,8,0,454,1
CAL-07095,CALI,ALIMENTOS,Comisaria_1_Familia_Cali,2023,70.0,1.25,2,1,684,1
CAL-07096,CALI,VIF,Juzgado_4_Familia_Cali,2023,70.0,1.1,6,0,401,1
CAL-07097,CALI,HURTO_PATRIMONIAL,Juzgado_Penal_Municipal_1_Cali,2024,70.0,1.35,5,0,414,0
CAL-07098,CALI,HURTO_PATRIMONIAL,Juzgado_1_Familia_Cali,2021,70.0,1.45,12,0,725,1
CAL-07099,CALI,VIF,Comisaria_1_Familia_Cali,2023,70.0,1.25,4,0,440,1
CAL-07100,CALI,HURTO_PATRIMONIAL,Juzgado_Penal_Municipal_2_Cali,2024,70.0,1.15,8,0,600,1
CAL-07101,CALI,VIF,Juzgado_3_Familia_Cali,2024,70.0,1.2,1,0,422,1
CAL-07102,CALI,ALIMENTOS,Juzgado_1_Familia_Cali,2021,70.0,1.45,4,1,709,1
CAL-07103,CALI,ALIMENTOS,Comisaria_3_Familia_Cali,2020,70.0,0.9,4,1,333,0
CAL-07104,CALI,SUSTANCIAS,Juzgado_Penal_Municipal_2_Cali,2022,70.0,1.15,5,1,623,1
CAL-07105,CALI,ALIMENTOS,Comisaria_3_Familia_Cali,2024,70.0,0.9,4,1,621,1
CAL-07106,CALI,VIF,Juzgado_Penal_Municipal_2_Cali,2023,70.0,1.15,6,0,437,1
CAL-07107,CALI,ALIMENTOS,Juzgado_4_Familia_Cali,2023,70.0,1.1,1,0,454,1
CAL-07108,CALI,HURTO_PATRIMONIAL,Juzgado_2_Familia_Cali,2022,70.0,1.3,4,1,627,0
CAL-07109,CALI,VIF,Juzgado_5_Familia_Cali,2023,70.0,0.95,8,1,570,1
CAL-07110,CALI,VIF,Juzgado_Penal_Municipal_2_Cali,2024,70.0,1.15,2,1,591,1
CAL-07111,CALI,VIF,Comisaria_2_Familia_Cali,2023,70.0,1.1,4,0,249,0
CAL-07112,CALI,VIF,Juzgado_1_Familia_Cali,2021,70.0,1.45,2,0,495,1
CAL-07113,CALI,ALIMENTOS,Comisaria_2_Familia_Cali,2020,70.0,1.1,6,0,514,1
CAL-07114,CALI,ALIMENTOS,Comisaria_1_Familia_Cali,2022,70.0,1.25,9,0,248,0
CAL-07115,CALI,SUSTANCIAS,Juzgado_5_Familia_Cali,2022,70.0,0.95,1,0,379,1
CAL-07116,CALI,ALIMENTOS,Comisaria_1_Familia_Cali,2022,70.0,1.25,9,0,584,1
CAL-07117,CALI,VIF,Juzgado_4_Familia_Cali,2023,70.0,1.1,2,0,396,1
CAL-07118,CALI,ALIMENTOS,Juzgado_1_Familia_Cali,2023,70.0,1.45,9,0,619,1
CAL-07119,CALI,SUSTANCIAS,Comisaria_1_Familia_Cali,2024,70.0,1.25,8,0,492,1
CAL-07120,CALI,HURTO_PATRIMONIAL,Juzgado_5_Familia_Cali,2024,70.0,0.95,3,1,633,1
CAL-07121,CALI,ALIMENTOS,Comisaria_1_Familia_Cali,2021,70.0,1.25,9,1,682,1
CAL-07122,CALI,SUSTANCIAS,Juzgado_4_Familia_Cali,2021,70.0,1.1,1,1,586,1
CAL-07123,CALI,VIF,Comisaria_3_Familia_Cali,2024,70.0,0.9,2,1,530,1
CAL-07124,CALI,VIF,Juzgado_Penal_Municipal_2_Cali,2022,70.0,1.15,1,1,555,1
CAL-07125,CALI,ALIMENTOS,Juzgado_5_Familia_Cali,2024,70.0,0.95,9,1,647,1
CAL-07126,CALI,SUSTANCIAS,Juzgado_5_Familia_Cali,2023,70.0,0.95,1,0,350,1
CAL-07127,CALI,ALIMENTOS,Comisaria_1_Familia_Cali,2021,70.0,1.25,9,0,573,1
CAL-07128,CALI,ALIMENTOS,Comisaria_3_Familia_Cali,2022,70.0,0.9,4,0,423,1
CAL-07129,CALI,ALIMENTOS,Juzgado_5_Familia_Cali,2024,70.0,0.95,1,0,447,1
CAL-07130,CALI,VIF,Comisaria_3_Familia_Cali,2022,70.0,0.9,11,0,436,1
CAL-07131,CALI,ALIMENTOS,Juzgado_5_Familia_Cali,2020,70.0,0.95,6,1,633,1
CAL-07132,CALI,VIF,Comisaria_2_Familia_Cali,2021,70.0,1.1,14,0,519,1
CAL-07133,CALI,ALIMENTOS,Comisaria_2_Familia_Cali,2024,70.0,1.1,1,0,459,1
CAL-07134,CALI,ALIMENTOS,Juzgado_4_Familia_Cali,2020,70.0,1.1,3,1,630,1
CAL-07135,CALI,HURTO_PATRIMONIAL,Comisaria_1_Familia_Cali,2022,70.0,1.25,3,1,664,1
CAL-07136,CALI,SUSTANCIAS,Comisaria_2_Familia_Cali,2022,70.0,1.1,10,0,504,1
CAL-07137,CALI,VIF,Juzgado_1_Familia_Cali,2024,70.0,1.45,4,0,517,1
CAL-07138,CALI,VIF,Comisaria_2_Familia_Cali,2021,70.0,1.1,5,0,402,1
CAL-07139,CALI,VIF,Comisaria_2_Familia_Cali,2024,70.0,1.1,5,1,379,0
CAL-07140,CALI,SUSTANCIAS,Juzgado_5_Familia_Cali,2023,70.0,0.95,7,0,457,1
CAL-07141,CALI,HURTO_PATRIMONIAL,Juzgado_5_Familia_Cali,2024,70.0,0.95,5,1,674,1
CAL-07142,CALI,VIF,Juzgado_Penal_Municipal_1_Cali,2023,70.0,1.35,1,0,418,1
CAL-07143,CALI,ALIMENTOS,Comisaria_1_Familia_Cali,2021,70.0,1.25,2,0,490,1
CAL-07144,CALI,ALIMENTOS,Juzgado_5_Familia_Cali,2021,70.0,0.95,1,0,405,1
CAL-07145,CALI,HURTO_PATRIMONIAL,Juzgado_3_Familia_Cali,2024,70.0,1.2,2,1,714,1
CAL-07146,CALI,ALIMENTOS,Juzgado_5_Familia_Cali,2022,70.0,0.95,6,0,471,1
CAL-07147,CALI,ALIMENTOS,Juzgado_5_Familia_Cali,2024,70.0,0.95,6,0,482,1
CAL-07148,CALI,HURTO_PATRIMONIAL,Juzgado_Penal_Municipal_1_Cali,2024,70.0,1.35,3,1,397,0
CAL-07149,CALI,VIF,Juzgado_2_Familia_Cali,2021,70.0,1.3,4,1,585,1
CAL-07150,CALI,ALIMENTOS,Juzgado_3_Familia_Cali,2023,70.0,1.2,5,0,304,0
CAL-07151,CALI,SUSTANCIAS,Comisaria_3_Familia_Cali,2022,70.0,0.9,9,0,460,1
CAL-07152,CALI,ALIMENTOS,Comisaria_3_Familia_Cali,2023,70.0,0.9,1,0,399,1
CAL-07153,CALI,VIF,Juzgado_1_Familia_Cali,2024,70.0,1.45,1,0,462,1
CAL-07154,CALI,ALIMENTOS,Juzgado_3_Familia_Cali,2021,70.0,1.2,5,1,690,1
CAL-07155,CALI,SUSTANCIAS,Juzgado_Penal_Municipal_2_Cali,2021,70.0,1.15,7,0,285,0
CAL-07156,CALI,HURTO_PATRIMONIAL,Juzgado_Penal_Municipal_1_Cali,2024,70.0,1.35,2,0,631,1
CAL-07157,CALI,VIF,Juzgado_4_Familia_Cali,2020,70.0,1.1,4,1,559,1
CAL-07158,CALI,VIF,Juzgado_3_Familia_Cali,2021,70.0,1.2,1,0,410,1
CAL-07159,CALI,HURTO_PATRIMONIAL,Comisaria_1_Familia_Cali,2023,70.0,1.25,7,0,586,1
CAL-07160,CALI,VIF,Juzgado_3_Familia_Cali,2024,70.0,1.2,3,0,424,1
CAL-07161,CALI,ALIMENTOS,Juzgado_3_Familia_Cali,2024,70.0,1.2,5,0,552,1
CAL-07162,CALI,VIF,Juzgado_4_Familia_Cali,2023,70.0,1.1,2,0,409,1
CAL-07163,CALI,HURTO_PATRIMONIAL,Juzgado_Penal_Municipal_2_Cali,2024,70.0,1.15,3,0,556,1
CAL-07164,CALI,ALIMENTOS,Juzgado_3_Familia_Cali,2023,70.0,1.2,2,0,507,1
CAL-07165,CALI,VIF,Comisaria_2_Familia_Cali,2021,70.0,1.1,4,0,386,1
CAL-07166,CALI,ALIMENTOS,Comisaria_2_Familia_Cali,2021,70.0,1.1,3,0,452,1
CAL-07167,CALI,ALIMENTOS,Juzgado_1_Familia_Cali,2023,70.0,1.45,5,0,606,1
CAL-07168,CALI,ALIMENTOS,Juzgado_4_Familia_Cali,2022,70.0,1.1,7,0,528,1
CAL-07169,CALI,ALIMENTOS,Juzgado_Penal_Municipal_2_Cali,2024,70.0,1.15,6,0,537,1
CAL-07170,CALI,ALIMENTOS,Juzgado_4_Familia_Cali,2024,70.0,1.1,2,1,681,1
CAL-07171,CALI,VIF,Juzgado_Penal_Municipal_1_Cali,2022,70.0,1.35,4,0,446,1
CAL-07172,CALI,ALIMENTOS,Comisaria_3_Familia_Cali,2023,70.0,0.9,13,0,515,1
CAL-07173,CALI,ALIMENTOS,Juzgado_1_Familia_Cali,2022,70.0,1.45,7,0,613,1
CAL-07174,CALI,ALIMENTOS,Juzgado_4_Familia_Cali,2024,70.0,1.1,2,0,455,1
CAL-07175,CALI,ALIMENTOS,Juzgado_2_Familia_Cali,2021,70.0,1.3,5,1,712,1
CAL-07176,CALI,VIF,Juzgado_1_Familia_Cali,2024,70.0,1.45,3,0,476,1
CAL-07177,CALI,SUSTANCIAS,Comisaria_1_Familia_Cali,2023,70.0,1.25,4,0,477,1
CAL-07178,CALI,ALIMENTOS,Juzgado_3_Familia_Cali,2023,70.0,1.2,4,1,412,0
CAL-07179,CALI,VIF,Juzgado_1_Familia_Cali,2022,70.0,1.45,4,0,465,1
CAL-07180,CALI,ALIMENTOS,Juzgado_1_Familia_Cali,2024,70.0,1.45,1,0,565,1
CAL-07181,CALI,VIF,Juzgado_Penal_Municipal_1_Cali,2023,70.0,1.35,5,0,481,1
CAL-07182,CALI,VIF,Juzgado_4_Familia_Cali,2022,70.0,1.1,3,0,396,1
CAL-07183,CALI,HURTO_PATRIMONIAL,Juzgado_4_Familia_Cali,2021,70.0,1.1,2,0,324,0
CAL-07184,CALI,VIF,Comisaria_1_Familia_Cali,2021,70.0,1.25,1,0,423,1
CAL-07185,CALI,VIF,Juzgado_4_Familia_Cali,2022,70.0,1.1,1,0,410,1
CAL-07186,CALI,ALIMENTOS,Juzgado_4_Familia_Cali,2023,70.0,1.1,4,1,623,1
CAL-07187,CALI,ALIMENTOS,Comisaria_1_Familia_Cali,2021,70.0,1.25,1,1,673,1
CAL-07188,CALI,SUSTANCIAS,Comisaria_2_Familia_Cali,2022,70.0,1.1,6,1,601,1
CAL-07189,CALI,VIF,Juzgado_5_Familia_Cali,2023,70.0,0.95,4,0,404,1
CAL-07190,CALI,VIF,Comisaria_1_Familia_Cali,2024,70.0,1.25,1,0,409,1
CAL-07191,CALI,SUSTANCIAS,Juzgado_Penal_Municipal_2_Cali,2020,70.0,1.15,3,0,411,1
CAL-07192,CALI,HURTO_PATRIMONIAL,Juzgado_3_Familia_Cali,2023,70.0,1.2,5,0,581,1
CAL-07193,CALI,ALIMENTOS,Juzgado_1_Familia_Cali,2021,70.0,1.45,3,1,706,1
CAL-07194,CALI,ALIMENTOS,Juzgado_5_Familia_Cali,2020,70.0,0.95,2,0,428,1
CAL-07195,CALI,HURTO_PATRIMONIAL,Juzgado_Penal_Municipal_2_Cali,2022,70.0,1.15,2,0,507,1
CAL-07196,CALI,ALIMENTOS,Juzgado_Penal_Municipal_1_Cali,2020,70.0,1.35,5,0,551,1
CAL-07197,CALI,ALIMENTOS,Juzgado_2_Familia_Cali,2022,70.0,1.3,1,0,530,1
CAL-07198,CALI,VIF,Juzgado_3_Familia_Cali,2023,70.0,1.2,7,0,464,1
CAL-07199,CALI,ALIMENTOS,Comisaria_3_Familia_Cali,2023,70.0,0.9,12,0,515,1
CAL-07200,CALI,HURTO_PATRIMONIAL,Juzgado_5_Familia_Cali,2022,70.0,0.95,1,1,645,1
CAL-07201,CALI,VIF,Juzgado_5_Familia_Cali,2023,70.0,0.95,4,0,230,0
CAL-07202,CALI,VIF,Juzgado_2_Familia_Cali,2024,70.0,1.3,2,0,427,1
CAL-07203,CALI,ALIMENTOS,Juzgado_3_Familia_Cali,2023,70.0,1.2,3,0,394,0
CAL-07204,CALI,VIF,Juzgado_3_Familia_Cali,2024,70.0,1.2,6,0,455,1
CAL-07205,CALI,HURTO_PATRIMONIAL,Juzgado_2_Familia_Cali,2022,70.0,1.3,4,0,598,1
CAL-07206,CALI,ALIMENTOS,Comisaria_1_Familia_Cali,2024,70.0,1.25,6,1,705,1
CAL-07207,CALI,ALIMENTOS,Juzgado_2_Familia_Cali,2023,70.0,1.3,5,0,557,1
CAL-07208,CALI,VIF,Juzgado_Penal_Municipal_2_Cali,2022,70.0,1.15,2,0,417,1
CAL-07209,CALI,VIF,Juzgado_Penal_Municipal_1_Cali,2021,70.0,1.35,5,0,476,1
CAL-07210,CALI,HURTO_PATRIMONIAL,Juzgado_Penal_Municipal_1_Cali,2022,70.0,1.35,3,0,577,1
CAL-07211,CALI,ALIMENTOS,Comisaria_1_Familia_Cali,2024,70.0,1.25,4,0,541,1
CAL-07212,CALI,VIF,Comisaria_3_Familia_Cali,2021,70.0,0.9,6,0,364,1
CAL-07213,CALI,VIF,Juzgado_2_Familia_Cali,2024,70.0,1.3,5,0,483,1
CAL-07214,CALI,VIF,Juzgado_Penal_Municipal_2_Cali,2024,70.0,1.15,1,1,548,1
CAL-07215,CALI,SUSTANCIAS,Comisaria_1_Familia_Cali,2023,70.0,1.25,9,0,535,1
CAL-07216,CALI,ALIMENTOS,Juzgado_3_Familia_Cali,2024,70.0,1.2,7,1,488,0
CAL-07217,CALI,VIF,Juzgado_Penal_Municipal_2_Cali,2024,70.0,1.15,12,1,657,1
CAL-07218,CALI,HURTO_PATRIMONIAL,Juzgado_2_Familia_Cali,2021,70.0,1.3,9,1,517,0
CAL-07219,CALI,VIF,Juzgado_Penal_Municipal_2_Cali,2024,70.0,1.15,8,0,466,1
CAL-07220,CALI,VIF,Juzgado_2_Familia_Cali,2024,70.0,1.3,11,1,656,1
CAL-07221,CALI,VIF,Juzgado_1_Familia_Cali,2021,70.0,1.45,1,1,613,1
CAL-07222,CALI,ALIMENTOS,Comisaria_1_Familia_Cali,2021,70.0,1.25,3,1,643,1
CAL-07223,CALI,ALIMENTOS,Juzgado_4_Familia_Cali,2024,70.0,1.1,7,0,386,0
CAL-07224,CALI,HURTO_PATRIMONIAL,Juzgado_Penal_Municipal_2_Cali,2023,70.0,1.15,3,0,523,1
CAL-07225,CALI,SUSTANCIAS,Juzgado_Penal_Municipal_2_Cali,2024,70.0,1.15,3,0,479,1
CAL-07226,CALI,ALIMENTOS,Comisaria_1_Familia_Cali,2023,70.0,1.25,7,0,568,1
CAL-07227,CALI,SUSTANCIAS,Comisaria_2_Familia_Cali,2024,70.0,1.1,8,1,626,1
CAL-07228,CALI,ALIMENTOS,Juzgado_3_Familia_Cali,2020,70.0,1.2,6,0,534,1
CAL-07229,CALI,VIF,Juzgado_Penal_Municipal_1_Cali,2022,70.0,1.35,3,0,442,1
CAL-07230,CALI,HURTO_PATRIMONIAL,Juzgado_1_Familia_Cali,2023,70.0,1.45,3,1,641,0
CAL-07231,CALI,HURTO_PATRIMONIAL,Juzgado_Penal_Municipal_2_Cali,2021,70.0,1.15,2,0,425,0
CAL-07232,CALI,HURTO_PATRIMONIAL,Juzgado_3_Familia_Cali,2024,70.0,1.2,1,1,699,1
CAL-07233,CALI,ALIMENTOS,Comisaria_2_Familia_Cali,2022,70.0,1.1,6,0,509,1
CAL-07234,CALI,HURTO_PATRIMONIAL,Juzgado_4_Familia_Cali,2022,70.0,1.1,1,1,685,1
CAL-07235,CALI,SUSTANCIAS,Juzgado_2_Familia_Cali,2021,70.0,1.3,7,0,306,0
CAL-07236,CALI,VIF,Comisaria_1_Familia_Cali,2023,70.0,1.25,5,0,446,1
CAL-07237,CALI,VIF,Juzgado_2_Familia_Cali,2024,70.0,1.3,2,0,435,1
CAL-07238,CALI,ALIMENTOS,Juzgado_3_Familia_Cali,2023,70.0,1.2,1,0,502,1
CAL-07239,CALI,VIF,Juzgado_5_Familia_Cali,2024,70.0,0.95,6,0,400,1
CAL-07240,CALI,HURTO_PATRIMONIAL,Juzgado_4_Familia_Cali,2023,70.0,1.1,2,0,518,1
CAL-07241,CALI,HURTO_PATRIMONIAL,Juzgado_4_Familia_Cali,2021,70.0,1.1,3,1,708,1
CAL-07242,CALI,HURTO_PATRIMONIAL,Juzgado_Penal_Municipal_2_Cali,2021,70.0,1.15,3,0,481,1
CAL-07243,CALI,ALIMENTOS,Juzgado_3_Familia_Cali,2023,70.0,1.2,5,1,678,1
CAL-07244,CALI,VIF,Juzgado_Penal_Municipal_1_Cali,2023,70.0,1.35,1,0,424,1
CAL-07245,CALI,ALIMENTOS,Juzgado_Penal_Municipal_1_Cali,2022,70.0,1.35,3,1,670,1
CAL-07246,CALI,ALIMENTOS,Comisaria_3_Familia_Cali,2022,70.0,0.9,8,0,459,1
CAL-07247,CALI,ALIMENTOS,Juzgado_2_Familia_Cali,2024,70.0,1.3,6,1,532,0
CAL-07248,CALI,ALIMENTOS,Comisaria_1_Familia_Cali,2021,70.0,1.25,10,1,709,1
CAL-07249,CALI,ALIMENTOS,Juzgado_Penal_Municipal_1_Cali,2021,70.0,1.35,8,1,379,0
CAL-07250,CALI,ALIMENTOS,Juzgado_3_Familia_Cali,2022,70.0,1.2,7,0,532,1
CAL-07251,CALI,ALIMENTOS,Comisaria_3_Familia_Cali,2021,70.0,0.9,3,1,589,1
CAL-07252,CALI,ALIMENTOS,Juzgado_Penal_Municipal_1_Cali,2020,70.0,1.35,3,1,666,1
CAL-07253,CALI,VIF,Juzgado_3_Familia_Cali,2021,70.0,1.2,7,0,443,1
CAL-07254,CALI,SUSTANCIAS,Juzgado_2_Familia_Cali,2022,70.0,1.3,6,1,302,0
CAL-07255,CALI,ALIMENTOS,Comisaria_2_Familia_Cali,2024,70.0,1.1,6,0,504,1
CAL-07256,CALI,ALIMENTOS,Comisaria_2_Familia_Cali,2020,70.0,1.1,4,1,470,0
CAL-07257,CALI,ALIMENTOS,Juzgado_Penal_Municipal_2_Cali,2023,70.0,1.15,1,1,300,0
CAL-07258,CALI,ALIMENTOS,Juzgado_Penal_Municipal_1_Cali,2024,70.0,1.35,3,0,568,1
CAL-07259,CALI,ALIMENTOS,Comisaria_3_Familia_Cali,2024,70.0,0.9,8,0,455,1
CAL-07260,CALI,HURTO_PATRIMONIAL,Juzgado_Penal_Municipal_1_Cali,2021,70.0,1.35,6,0,650,1
CAL-07261,CALI,VIF,Comisaria_3_Familia_Cali,2021,70.0,0.9,4,0,370,1
CAL-07262,CALI,SUSTANCIAS,Comisaria_3_Familia_Cali,2023,70.0,0.9,1,0,378,1
CAL-07263,CALI,ALIMENTOS,Juzgado_4_Familia_Cali,2021,70.0,1.1,1,0,447,1
CAL-07264,CALI,ALIMENTOS,Juzgado_4_Familia_Cali,2022,70.0,1.1,5,1,642,1
CAL-07265,CALI,ALIMENTOS,Juzgado_1_Familia_Cali,2024,70.0,1.45,7,0,610,1
CAL-07266,CALI,SUSTANCIAS,Juzgado_3_Familia_Cali,2023,70.0,1.2,5,0,302,0
CAL-07267,CALI,ALIMENTOS,Juzgado_1_Familia_Cali,2020,70.0,1.45,1,0,542,1
CAL-07268,CALI,SUSTANCIAS,Juzgado_2_Familia_Cali,2022,70.0,1.3,7,0,496,1
CAL-07269,CALI,ALIMENTOS,Comisaria_1_Familia_Cali,2022,70.0,1.25,5,0,555,1
CAL-07270,CALI,ALIMENTOS,Juzgado_Penal_Municipal_2_Cali,2024,70.0,1.15,1,1,633,1
CAL-07271,CALI,ALIMENTOS,Juzgado_Penal_Municipal_1_Cali,2023,70.0,1.35,3,0,541,1
CAL-07272,CALI,ALIMENTOS,Juzgado_Penal_Municipal_2_Cali,2022,70.0,1.15,9,0,546,1
CAL-07273,CALI,VIF,Comisaria_1_Familia_Cali,2021,70.0,1.25,1,0,408,1
CAL-07274,CALI,SUSTANCIAS,Juzgado_2_Familia_Cali,2024,70.0,1.3,2,0,461,1
CAL-07275,CALI,ALIMENTOS,Comisaria_1_Familia_Cali,2022,70.0,1.25,5,1,669,1
CAL-07276,CALI,SUSTANCIAS,Comisaria_1_Familia_Cali,2024,70.0,1.25,5,1,655,1
CAL-07277,CALI,ALIMENTOS,Juzgado_5_Familia_Cali,2024,70.0,0.95,6,1,622,1
CAL-07278,CALI,HURTO_PATRIMONIAL,Comisaria_1_Familia_Cali,2023,70.0,1.25,7,1,559,0
CAL-07279,CALI,ALIMENTOS,Comisaria_3_Familia_Cali,2024,70.0,0.9,10,0,503,1
CAL-07280,CALI,ALIMENTOS,Juzgado_4_Familia_Cali,2020,70.0,1.1,8,0,531,1
CAL-07281,CALI,VIF,Comisaria_1_Familia_Cali,2021,70.0,1.25,9,0,479,1
CAL-07282,CALI,SUSTANCIAS,Juzgado_5_Familia_Cali,2023,70.0,0.95,3,0,377,1
CAL-07283,CALI,SUSTANCIAS,Juzgado_5_Familia_Cali,2023,70.0,0.95,3,0,432,1
CAL-07284,CALI,ALIMENTOS,Juzgado_Penal_Municipal_1_Cali,2024,70.0,1.35,2,0,532,1
CAL-07285,CALI,ALIMENTOS,Juzgado_2_Familia_Cali,2024,70.0,1.3,1,0,528,1
CAL-07286,CALI,VIF,Juzgado_4_Familia_Cali,2024,70.0,1.1,12,0,245,0
CAL-07287,CALI,VIF,Juzgado_Penal_Municipal_2_Cali,2022,70.0,1.15,2,0,429,1
CAL-07288,CALI,VIF,Juzgado_Penal_Municipal_2_Cali,2023,70.0,1.15,2,0,401,1
CAL-07289,CALI,VIF,Juzgado_4_Familia_Cali,2024,70.0,1.1,3,0,421,1
CAL-07290,CALI,HURTO_PATRIMONIAL,Juzgado_1_Familia_Cali,2020,70.0,1.45,2,0,582,1
CAL-07291,CALI,VIF,Juzgado_2_Familia_Cali,2023,70.0,1.3,9,0,529,1
CAL-07292,CALI,HURTO_PATRIMONIAL,Comisaria_3_Familia_Cali,2023,70.0,0.9,3,1,636,1
CAL-07293,CALI,VIF,Comisaria_1_Familia_Cali,2023,70.0,1.25,4,0,480,1
CAL-07294,CALI,VIF,Juzgado_4_Familia_Cali,2023,70.0,1.1,6,0,450,1
CAL-07295,CALI,HURTO_PATRIMONIAL,Juzgado_Penal_Municipal_1_Cali,2022,70.0,1.35,1,0,570,1
CAL-07296,CALI,VIF,Juzgado_2_Familia_Cali,2024,70.0,1.3,4,0,472,1
CAL-07297,CALI,HURTO_PATRIMONIAL,Juzgado_3_Familia_Cali,2024,70.0,1.2,8,1,497,0
CAL-07298,CALI,ALIMENTOS,Comisaria_1_Familia_Cali,2024,70.0,1.25,6,1,717,1
CAL-07299,CALI,VIF,Juzgado_4_Familia_Cali,2022,70.0,1.1,1,0,386,1
CAL-07300,CALI,ALIMENTOS,Comisaria_1_Familia_Cali,2020,70.0,1.25,13,1,363,0
CAL-07301,CALI,VIF,Juzgado_2_Familia_Cali,2022,70.0,1.3,4,1,613,1
CAL-07302,CALI,ALIMENTOS,Juzgado_5_Familia_Cali,2024,70.0,0.95,8,0,491,1
CAL-07303,CALI,HURTO_PATRIMONIAL,Juzgado_Penal_Municipal_1_Cali,2022,70.0,1.35,1,1,696,1
CAL-07304,CALI,VIF,Juzgado_5_Familia_Cali,2024,70.0,0.95,5,0,346,0
CAL-07305,CALI,ALIMENTOS,Juzgado_Penal_Municipal_2_Cali,2021,70.0,1.15,3,0,471,1
CAL-07306,CALI,VIF,Comisaria_2_Familia_Cali,2020,70.0,1.1,3,0,412,1
CAL-07307,CALI,VIF,Comisaria_1_Familia_Cali,2024,70.0,1.25,4,0,451,1
CAL-07308,CALI,HURTO_PATRIMONIAL,Juzgado_5_Familia_Cali,2024,70.0,0.95,3,0,474,1
CAL-07309,CALI,SUSTANCIAS,Juzgado_Penal_Municipal_1_Cali,2021,70.0,1.35,1,0,485,1
CAL-07310,CALI,HURTO_PATRIMONIAL,Comisaria_1_Familia_Cali,2020,70.0,1.25,4,1,344,0
CAL-07311,CALI,ALIMENTOS,Juzgado_3_Familia_Cali,2021,70.0,1.2,1,0,474,1
CAL-07312,CALI,ALIMENTOS,Comisaria_2_Familia_Cali,2022,70.0,1.1,2,1,642,1
CAL-07313,CALI,SUSTANCIAS,Juzgado_Penal_Municipal_2_Cali,2024,70.0,1.15,5,0,457,1
CAL-07314,CALI,ALIMENTOS,Juzgado_Penal_Municipal_2_Cali,2024,70.0,1.15,10,0,566,1
CAL-07315,CALI,ALIMENTOS,Juzgado_1_Familia_Cali,2023,70.0,1.45,5,1,718,1
CAL-07316,CALI,ALIMENTOS,Comisaria_1_Familia_Cali,2021,70.0,1.25,8,1,707,1
CAL-07317,CALI,SUSTANCIAS,Juzgado_5_Familia_Cali,2020,70.0,0.95,3,1,538,1
CAL-07318,CALI,SUSTANCIAS,Juzgado_3_Familia_Cali,2020,70.0,1.2,3,0,430,1
CAL-07319,CALI,VIF,Juzgado_Penal_Municipal_1_Cali,2023,70.0,1.35,15,0,545,1
CAL-07320,CALI,ALIMENTOS,Juzgado_2_Familia_Cali,2022,70.0,1.3,4,0,573,1
CAL-07321,CALI,ALIMENTOS,Juzgado_1_Familia_Cali,2020,70.0,1.45,2,0,563,1
CAL-07322,CALI,VIF,Juzgado_Penal_Municipal_1_Cali,2022,70.0,1.35,1,0,427,1
CAL-07323,CALI,VIF,Comisaria_1_Familia_Cali,2020,70.0,1.25,14,0,513,1
CAL-07324,CALI,VIF,Juzgado_1_Familia_Cali,2023,70.0,1.45,4,1,654,1
CAL-07325,CALI,VIF,Comisaria_3_Familia_Cali,2020,70.0,0.9,5,0,367,1
CAL-07326,CALI,SUSTANCIAS,Juzgado_3_Familia_Cali,2024,70.0,1.2,2,0,467,1
CAL-07327,CALI,VIF,Juzgado_3_Familia_Cali,2023,70.0,1.2,2,1,580,1
CAL-07328,CALI,ALIMENTOS,Juzgado_Penal_Municipal_1_Cali,2024,70.0,1.35,2,0,538,1
CAL-07329,CALI,HURTO_PATRIMONIAL,Juzgado_1_Familia_Cali,2022,70.0,1.45,2,0,365,0
CAL-07330,CALI,HURTO_PATRIMONIAL,Comisaria_3_Familia_Cali,2020,70.0,0.9,1,1,638,1
CAL-07331,CALI,HURTO_PATRIMONIAL,Juzgado_4_Familia_Cali,2020,70.0,1.1,3,0,477,1
CAL-07332,CALI,SUSTANCIAS,Juzgado_3_Familia_Cali,2023,70.0,1.2,2,0,258,0
CAL-07333,CALI,ALIMENTOS,Juzgado_2_Familia_Cali,2023,70.0,1.3,5,0,564,1
CAL-07334,CALI,VIF,Juzgado_3_Familia_Cali,2022,70.0,1.2,4,0,413,1
CAL-07335,CALI,HURTO_PATRIMONIAL,Comisaria_3_Familia_Cali,2022,70.0,0.9,2,0,429,0
CAL-07336,CALI,VIF,Juzgado_2_Familia_Cali,2024,70.0,1.3,2,0,416,1
CAL-07337,CALI,VIF,Juzgado_5_Familia_Cali,2021,70.0,0.95,10,0,448,1
CAL-07338,CALI,HURTO_PATRIMONIAL,Comisaria_3_Familia_Cali,2022,70.0,0.9,5,0,445,1
CAL-07339,CALI,VIF,Juzgado_1_Familia_Cali,2021,70.0,1.45,6,1,636,1
CAL-07340,CALI,ALIMENTOS,Juzgado_4_Familia_Cali,2024,70.0,1.1,1,0,445,1
CAL-07341,CALI,VIF,Juzgado_4_Familia_Cali,2022,70.0,1.1,1,1,538,1
CAL-07342,CALI,ALIMENTOS,Juzgado_5_Familia_Cali,2021,70.0,0.95,7,1,662,1
CAL-07343,CALI,ALIMENTOS,Comisaria_2_Familia_Cali,2024,70.0,1.1,2,0,461,1
CAL-07344,CALI,VIF,Juzgado_4_Familia_Cali,2020,70.0,1.1,7,1,591,1
CAL-07345,CALI,VIF,Juzgado_2_Familia_Cali,2024,70.0,1.3,6,0,485,1
CAL-07346,CALI,ALIMENTOS,Juzgado_Penal_Municipal_1_Cali,2023,70.0,1.35,13,0,645,1
CAL-07347,CALI,ALIMENTOS,Juzgado_3_Familia_Cali,2023,70.0,1.2,6,1,703,1
CAL-07348,CALI,ALIMENTOS,Juzgado_2_Familia_Cali,2022,70.0,1.3,3,0,557,1
CAL-07349,CALI,ALIMENTOS,Juzgado_Penal_Municipal_2_Cali,2020,70.0,1.15,7,1,443,0
CAL-07350,CALI,VIF,Juzgado_Penal_Municipal_2_Cali,2023,70.0,1.15,4,0,454,1
CAL-07351,CALI,VIF,Comisaria_2_Familia_Cali,2023,70.0,1.1,2,1,556,1
CAL-07352,CALI,VIF,Juzgado_4_Familia_Cali,2023,70.0,1.1,6,1,484,0
CAL-07353,CALI,ALIMENTOS,Juzgado_1_Familia_Cali,2020,70.0,1.45,2,0,523,1
CAL-07354,CALI,ALIMENTOS,Juzgado_4_Familia_Cali,2024,70.0,1.1,1,0,484,1
CAL-07355,CALI,SUSTANCIAS,Juzgado_Penal_Municipal_1_Cali,2024,70.0,1.35,6,1,313,0
CAL-07356,CALI,ALIMENTOS,Juzgado_2_Familia_Cali,2021,70.0,1.3,1,0,402,0
CAL-07357,CALI,ALIMENTOS,Comisaria_3_Familia_Cali,2024,70.0,0.9,6,1,637,1
CAL-07358,CALI,VIF,Juzgado_1_Familia_Cali,2021,70.0,1.45,6,1,397,0
CAL-07359,CALI,ALIMENTOS,Juzgado_Penal_Municipal_2_Cali,2024,70.0,1.15,3,0,538,1
CAL-07360,CALI,VIF,Juzgado_4_Familia_Cali,2020,70.0,1.1,4,0,397,1
CAL-07361,CALI,SUSTANCIAS,Juzgado_2_Familia_Cali,2022,70.0,1.3,8,0,532,1
CAL-07362,CALI,ALIMENTOS,Juzgado_2_Familia_Cali,2023,70.0,1.3,6,0,547,1
CAL-07363,CALI,ALIMENTOS,Juzgado_1_Familia_Cali,2024,70.0,1.45,2,0,552,1
CAL-07364,CALI,HURTO_PATRIMONIAL,Juzgado_5_Familia_Cali,2023,70.0,0.95,5,0,526,1
CAL-07365,CALI,HURTO_PATRIMONIAL,Juzgado_5_Familia_Cali,2022,70.0,0.95,4,0,480,1
CAL-07366,CALI,ALIMENTOS,Comisaria_3_Familia_Cali,2022,70.0,0.9,12,0,524,1
CAL-07367,CALI,VIF,Juzgado_1_Familia_Cali,2022,70.0,1.45,6,0,478,1
CAL-07368,CALI,HURTO_PATRIMONIAL,Juzgado_2_Familia_Cali,2022,70.0,1.3,4,0,461,0
CAL-07369,CALI,ALIMENTOS,Comisaria_1_Familia_Cali,2024,70.0,1.25,10,1,643,0
CAL-07370,CALI,VIF,Juzgado_2_Familia_Cali,2021,70.0,1.3,2,0,438,1
CAL-07371,CALI,VIF,Comisaria_2_Familia_Cali,2024,70.0,1.1,10,0,265,0
CAL-07372,CALI,SUSTANCIAS,Comisaria_3_Familia_Cali,2021,70.0,0.9,12,1,621,1
CAL-07373,CALI,ALIMENTOS,Juzgado_1_Familia_Cali,2022,70.0,1.45,5,1,523,0
CAL-07374,CALI,VIF,Comisaria_1_Familia_Cali,2023,70.0,1.25,8,0,484,1
CAL-07375,CALI,VIF,Comisaria_2_Familia_Cali,2021,70.0,1.1,2,0,430,1
CAL-07376,CALI,ALIMENTOS,Juzgado_2_Familia_Cali,2024,70.0,1.3,6,0,558,1
CAL-07377,CALI,VIF,Comisaria_1_Familia_Cali,2022,70.0,1.25,2,0,442,1
CAL-07378,CALI,ALIMENTOS,Comisaria_1_Familia_Cali,2024,70.0,1.25,2,1,658,1
CAL-07379,CALI,HURTO_PATRIMONIAL,Juzgado_4_Familia_Cali,2024,70.0,1.1,1,0,542,1
CAL-07380,CALI,ALIMENTOS,Juzgado_3_Familia_Cali,2022,70.0,1.2,4,1,703,1
CAL-07381,CALI,HURTO_PATRIMONIAL,Juzgado_Penal_Municipal_1_Cali,2021,70.0,1.35,7,1,628,0
CAL-07382,CALI,ALIMENTOS,Juzgado_Penal_Municipal_2_Cali,2024,70.0,1.15,9,1,689,1
CAL-07383,CALI,VIF,Comisaria_2_Familia_Cali,2022,70.0,1.1,6,0,423,1
CAL-07384,CALI,SUSTANCIAS,Juzgado_2_Familia_Cali,2024,70.0,1.3,8,0,543,1
CAL-07385,CALI,ALIMENTOS,Comisaria_2_Familia_Cali,2024,70.0,1.1,1,0,215,0
CAL-07386,CALI,VIF,Juzgado_4_Familia_Cali,2024,70.0,1.1,2,0,387,1
CAL-07387,CALI,HURTO_PATRIMONIAL,Juzgado_2_Familia_Cali,2024,70.0,1.3,15,1,734,0
CAL-07388,CALI,ALIMENTOS,Juzgado_Penal_Municipal_1_Cali,2022,70.0,1.35,1,0,486,1
CAL-07389,CALI,SUSTANCIAS,Juzgado_5_Familia_Cali,2023,70.0,0.95,5,0,431,1
CAL-07390,CALI,HURTO_PATRIMONIAL,Juzgado_5_Familia_Cali,2022,70.0,0.95,4,1,639,1
CAL-07391,CALI,ALIMENTOS,Juzgado_2_Familia_Cali,2020,70.0,1.3,13,0,624,1
CAL-07392,CALI,ALIMENTOS,Juzgado_3_Familia_Cali,2020,70.0,1.2,3,1,616,1
CAL-07393,CALI,ALIMENTOS,Juzgado_5_Familia_Cali,2024,70.0,0.95,12,1,702,1
CAL-07394,CALI,ALIMENTOS,Juzgado_4_Familia_Cali,2024,70.0,1.1,2,0,500,1
CAL-07395,CALI,SUSTANCIAS,Juzgado_2_Familia_Cali,2024,70.0,1.3,6,0,421,0
CAL-07396,CALI,VIF,Comisaria_1_Familia_Cali,2021,70.0,1.25,2,0,415,1
CAL-07397,CALI,VIF,Juzgado_Penal_Municipal_1_Cali,2020,70.0,1.35,8,1,445,0
CAL-07398,CALI,ALIMENTOS,Juzgado_Penal_Municipal_1_Cali,2020,70.0,1.35,8,0,596,1
CAL-07399,CALI,VIF,Juzgado_5_Familia_Cali,2022,70.0,0.95,2,0,360,1
CAL-07400,CALI,SUSTANCIAS,Comisaria_1_Familia_Cali,2020,70.0,1.25,3,1,597,1
CAL-07401,CALI,SUSTANCIAS,Juzgado_2_Familia_Cali,2024,70.0,1.3,8,0,539,1
CAL-07402,CALI,VIF,Juzgado_5_Familia_Cali,2024,70.0,0.95,6,0,425,1
CAL-07403,CALI,ALIMENTOS,Juzgado_4_Familia_Cali,2023,70.0,1.1,1,0,456,1
CAL-07404,CALI,VIF,Comisaria_1_Familia_Cali,2024,70.0,1.25,5,0,477,1
CAL-07405,CALI,ALIMENTOS,Juzgado_Penal_Municipal_2_Cali,2020,70.0,1.15,6,1,664,1
CAL-07406,CALI,ALIMENTOS,Juzgado_Penal_Municipal_2_Cali,2020,70.0,1.15,14,1,513,0
CAL-07407,CALI,VIF,Juzgado_2_Familia_Cali,2023,70.0,1.3,8,0,493,1
CAL-07408,CALI,ALIMENTOS,Comisaria_1_Familia_Cali,2024,70.0,1.25,1,0,511,1
CAL-07409,CALI,VIF,Juzgado_5_Familia_Cali,2020,70.0,0.95,3,0,387,1
CAL-07410,CALI,ALIMENTOS,Juzgado_Penal_Municipal_1_Cali,2024,70.0,1.35,4,0,563,1
CAL-07411,CALI,VIF,Juzgado_2_Familia_Cali,2024,70.0,1.3,4,1,607,1
CAL-07412,CALI,VIF,Juzgado_3_Familia_Cali,2024,70.0,1.2,3,1,593,1
CAL-07413,CALI,ALIMENTOS,Juzgado_3_Familia_Cali,2023,70.0,1.2,7,0,530,1
CAL-07414,CALI,VIF,Juzgado_4_Familia_Cali,2020,70.0,1.1,3,0,383,1
CAL-07415,CALI,HURTO_PATRIMONIAL,Juzgado_4_Familia_Cali,2023,70.0,1.1,1,0,482,1
CAL-07416,CALI,ALIMENTOS,Juzgado_4_Familia_Cali,2022,70.0,1.1,5,1,623,1
CAL-07417,CALI,ALIMENTOS,Juzgado_1_Familia_Cali,2023,70.0,1.45,6,1,560,0
CAL-07418,CALI,VIF,Juzgado_5_Familia_Cali,2022,70.0,0.95,10,1,476,0
CAL-07419,CALI,ALIMENTOS,Juzgado_2_Familia_Cali,2023,70.0,1.3,1,1,696,1
CAL-07420,CALI,VIF,Juzgado_2_Familia_Cali,2020,70.0,1.3,1,0,397,1
CAL-07421,CALI,ALIMENTOS,Juzgado_5_Familia_Cali,2022,70.0,0.95,3,1,569,1
CAL-07422,CALI,ALIMENTOS,Juzgado_3_Familia_Cali,2023,70.0,1.2,8,1,566,0
CAL-07423,CALI,HURTO_PATRIMONIAL,Juzgado_Penal_Municipal_2_Cali,2023,70.0,1.15,1,0,498,1
CAL-07424,CALI,ALIMENTOS,Juzgado_5_Familia_Cali,2024,70.0,0.95,9,0,332,0
CAL-07425,CALI,VIF,Juzgado_3_Familia_Cali,2022,70.0,1.2,3,1,601,1
CAL-07426,CALI,VIF,Juzgado_4_Familia_Cali,2022,70.0,1.1,4,0,418,1
CAL-07427,CALI,VIF,Juzgado_3_Familia_Cali,2022,70.0,1.2,3,1,581,1
CAL-07428,CALI,SUSTANCIAS,Juzgado_1_Familia_Cali,2022,70.0,1.45,5,1,672,1
CAL-07429,CALI,VIF,Comisaria_3_Familia_Cali,2022,70.0,0.9,1,0,353,1
CAL-07430,CALI,ALIMENTOS,Juzgado_2_Familia_Cali,2023,70.0,1.3,2,1,669,1
CAL-07431,CALI,SUSTANCIAS,Comisaria_1_Familia_Cali,2021,70.0,1.25,5,0,459,1
CAL-07432,CALI,ALIMENTOS,Comisaria_2_Familia_Cali,2020,70.0,1.1,4,1,628,1
CAL-07433,CALI,HURTO_PATRIMONIAL,Juzgado_2_Familia_Cali,2020,70.0,1.3,9,0,607,1
CAL-07434,CALI,ALIMENTOS,Comisaria_2_Familia_Cali,2020,70.0,1.1,11,0,524,1
CAL-07435,CALI,SUSTANCIAS,Juzgado_4_Familia_Cali,2021,70.0,1.1,2,0,419,1
CAL-07436,CALI,ALIMENTOS,Juzgado_1_Familia_Cali,2024,70.0,1.45,2,0,591,1
CAL-07437,CALI,ALIMENTOS,Juzgado_Penal_Municipal_2_Cali,2023,70.0,1.15,12,1,367,0
CAL-07438,CALI,ALIMENTOS,Juzgado_4_Familia_Cali,2020,70.0,1.1,2,0,447,1
CAL-07439,CALI,VIF,Juzgado_5_Familia_Cali,2023,70.0,0.95,10,0,419,1
CAL-07440,CALI,ALIMENTOS,Juzgado_5_Familia_Cali,2024,70.0,0.95,6,1,633,1
CAL-07441,CALI,VIF,Juzgado_2_Familia_Cali,2022,70.0,1.3,9,0,487,1
CAL-07442,CALI,SUSTANCIAS,Juzgado_1_Familia_Cali,2024,70.0,1.45,1,0,475,1
CAL-07443,CALI,ALIMENTOS,Comisaria_2_Familia_Cali,2024,70.0,1.1,14,1,708,1
CAL-07444,CALI,HURTO_PATRIMONIAL,Comisaria_2_Familia_Cali,2022,70.0,1.1,1,1,651,1
CAL-07445,CALI,HURTO_PATRIMONIAL,Juzgado_Penal_Municipal_2_Cali,2021,70.0,1.15,2,0,523,1
CAL-07446,CALI,VIF,Juzgado_5_Familia_Cali,2024,70.0,0.95,3,0,410,1
CAL-07447,CALI,VIF,Juzgado_2_Familia_Cali,2024,70.0,1.3,7,0,454,1
CAL-07448,CALI,HURTO_PATRIMONIAL,Juzgado_3_Familia_Cali,2023,70.0,1.2,6,0,378,0
CAL-07449,CALI,ALIMENTOS,Comisaria_3_Familia_Cali,2021,70.0,0.9,4,0,467,1
CAL-07450,CALI,HURTO_PATRIMONIAL,Comisaria_2_Familia_Cali,2024,70.0,1.1,13,0,611,1
CAL-07451,CALI,HURTO_PATRIMONIAL,Juzgado_5_Familia_Cali,2024,70.0,0.95,4,1,583,0
CAL-07452,CALI,VIF,Comisaria_2_Familia_Cali,2021,70.0,1.1,5,0,407,1
CAL-07453,CALI,VIF,Comisaria_3_Familia_Cali,2023,70.0,0.9,1,0,221,0
CAL-07454,CALI,VIF,Comisaria_3_Familia_Cali,2023,70.0,0.9,9,1,578,1
CAL-07455,CALI,ALIMENTOS,Juzgado_Penal_Municipal_2_Cali,2023,70.0,1.15,2,0,474,1
CAL-07456,CALI,ALIMENTOS,Juzgado_2_Familia_Cali,2020,70.0,1.3,1,1,662,1
CAL-07457,CALI,ALIMENTOS,Juzgado_Penal_Municipal_1_Cali,2024,70.0,1.35,2,1,721,1
CAL-07458,CALI,VIF,Juzgado_4_Familia_Cali,2023,70.0,1.1,1,0,385,1
CAL-07459,CALI,VIF,Comisaria_2_Familia_Cali,2024,70.0,1.1,2,1,558,1
CAL-07460,CALI,ALIMENTOS,Juzgado_3_Familia_Cali,2023,70.0,1.2,4,0,513,1
CAL-07461,CALI,ALIMENTOS,Juzgado_4_Familia_Cali,2022,70.0,1.1,12,1,725,1
CAL-07462,CALI,VIF,Comisaria_1_Familia_Cali,2024,70.0,1.25,5,0,457,1
CAL-07463,CALI,HURTO_PATRIMONIAL,Juzgado_4_Familia_Cali,2023,70.0,1.1,4,0,559,1
CAL-07464,CALI,ALIMENTOS,Comisaria_3_Familia_Cali,2022,70.0,0.9,5,1,563,1
CAL-07465,CALI,VIF,Comisaria_1_Familia_Cali,2021,70.0,1.25,11,0,499,1
CAL-07466,CALI,ALIMENTOS,Comisaria_2_Familia_Cali,2024,70.0,1.1,5,0,237,0
CAL-07467,CALI,ALIMENTOS,Comisaria_3_Familia_Cali,2024,70.0,0.9,1,1,485,0
CAL-07468,CALI,SUSTANCIAS,Juzgado_5_Familia_Cali,2020,70.0,0.95,9,0,435,1
CAL-07469,CALI,HURTO_PATRIMONIAL,Juzgado_Penal_Municipal_2_Cali,2020,70.0,1.15,10,1,585,0
CAL-07470,CALI,VIF,Juzgado_5_Familia_Cali,2023,70.0,0.95,1,1,279,0
CAL-07471,CALI,ALIMENTOS,Comisaria_1_Familia_Cali,2022,70.0,1.25,1,0,492,1
CAL-07472,CALI,ALIMENTOS,Juzgado_Penal_Municipal_2_Cali,2023,70.0,1.15,6,0,514,1
CAL-07473,CALI,HURTO_PATRIMONIAL,Juzgado_4_Familia_Cali,2022,70.0,1.1,13,1,570,0
CAL-07474,CALI,VIF,Juzgado_Penal_Municipal_2_Cali,2024,70.0,1.15,1,0,386,1
CAL-07475,CALI,ALIMENTOS,Juzgado_Penal_Municipal_2_Cali,2023,70.0,1.15,2,1,613,1
CAL-07476,CALI,ALIMENTOS,Juzgado_1_Familia_Cali,2024,70.0,1.45,10,0,645,1
CAL-07477,CALI,ALIMENTOS,Juzgado_Penal_Municipal_1_Cali,2024,70.0,1.35,3,0,530,1
CAL-07478,CALI,SUSTANCIAS,Juzgado_2_Familia_Cali,2023,70.0,1.3,9,0,524,1
CAL-07479,CALI,HURTO_PATRIMONIAL,Juzgado_1_Familia_Cali,2021,70.0,1.45,1,1,621,0
CAL-07480,CALI,VIF,Comisaria_2_Familia_Cali,2022,70.0,1.1,5,0,420,1
CAL-07481,CALI,VIF,Juzgado_4_Familia_Cali,2022,70.0,1.1,4,0,405,1
CAL-07482,CALI,SUSTANCIAS,Juzgado_1_Familia_Cali,2024,70.0,1.45,5,0,545,1
CAL-07483,CALI,HURTO_PATRIMONIAL,Comisaria_1_Familia_Cali,2022,70.0,1.25,8,1,485,0
CAL-07484,CALI,VIF,Juzgado_Penal_Municipal_2_Cali,2022,70.0,1.15,7,0,455,1
CAL-07485,CALI,VIF,Juzgado_2_Familia_Cali,2020,70.0,1.3,6,1,603,1
CAL-07486,CALI,VIF,Juzgado_1_Familia_Cali,2020,70.0,1.45,2,0,468,1
CAL-07487,CALI,ALIMENTOS,Juzgado_Penal_Municipal_2_Cali,2024,70.0,1.15,11,0,574,1
CAL-07488,CALI,HURTO_PATRIMONIAL,Comisaria_2_Familia_Cali,2022,70.0,1.1,6,0,533,1
CAL-07489,CALI,ALIMENTOS,Comisaria_2_Familia_Cali,2024,70.0,1.1,2,0,442,1
CAL-07490,CALI,VIF,Juzgado_Penal_Municipal_1_Cali,2024,70.0,1.35,3,0,461,1
CAL-07491,CALI,ALIMENTOS,Juzgado_3_Familia_Cali,2022,70.0,1.2,3,0,471,1
CAL-07492,CALI,ALIMENTOS,Juzgado_3_Familia_Cali,2022,70.0,1.2,5,0,541,1
CAL-07493,CALI,ALIMENTOS,Juzgado_Penal_Municipal_1_Cali,2022,70.0,1.35,2,1,664,1
CAL-07494,CALI,VIF,Juzgado_Penal_Municipal_1_Cali,2022,70.0,1.35,4,0,459,1
CAL-07495,CALI,VIF,Juzgado_2_Familia_Cali,2023,70.0,1.3,2,0,433,1
CAL-07496,CALI,ALIMENTOS,Juzgado_5_Familia_Cali,2022,70.0,0.95,3,0,469,1
CAL-07497,CALI,SUSTANCIAS,Comisaria_3_Familia_Cali,2024,70.0,0.9,1,0,363,1
CAL-07498,CALI,ALIMENTOS,Juzgado_2_Familia_Cali,2024,70.0,1.3,3,0,540,1
CAL-07499,CALI,ALIMENTOS,Juzgado_Penal_Municipal_2_Cali,2024,70.0,1.15,6,1,665,1
CAL-07500,CALI,HURTO_PATRIMONIAL,Comisaria_3_Familia_Cali,2024,70.0,0.9,4,1,643,1
CAL-07501,CALI,VIF,Juzgado_Penal_Municipal_2_Cali,2020,70.0,1.15,8,0,452,1
CAL-07502,CALI,HURTO_PATRIMONIAL,Comisaria_2_Familia_Cali,2021,70.0,1.1,6,1,595,0
CAL-07503,CALI,HURTO_PATRIMONIAL,Comisaria_1_Familia_Cali,2023,70.0,1.25,6,0,335,0
CAL-07504,CALI,VIF,Juzgado_5_Familia_Cali,2024,70.0,0.95,5,0,411,1
CAL-07505,CALI,ALIMENTOS,Comisaria_3_Familia_Cali,2021,70.0,0.9,5,1,599,1
CAL-07506,CALI,HURTO_PATRIMONIAL,Juzgado_5_Familia_Cali,2024,70.0,0.95,2,0,465,1
CAL-07507,CALI,ALIMENTOS,Juzgado_2_Familia_Cali,2022,70.0,1.3,5,0,519,1
CAL-07508,CALI,ALIMENTOS,Juzgado_5_Familia_Cali,2023,70.0,0.95,6,0,484,1
CAL-07509,CALI,ALIMENTOS,Juzgado_3_Familia_Cali,2024,70.0,1.2,6,1,669,1
CAL-07510,CALI,SUSTANCIAS,Juzgado_Penal_Municipal_2_Cali,2022,70.0,1.15,4,1,616,1
CAL-07511,CALI,VIF,Juzgado_3_Familia_Cali,2022,70.0,1.2,3,0,428,1
CAL-07512,CALI,VIF,Juzgado_1_Familia_Cali,2021,70.0,1.45,4,0,448,1
CAL-07513,CALI,HURTO_PATRIMONIAL,Juzgado_2_Familia_Cali,2020,70.0,1.3,4,0,552,1
CAL-07514,CALI,VIF,Juzgado_1_Familia_Cali,2024,70.0,1.45,5,1,306,0
CAL-07515,CALI,ALIMENTOS,Comisaria_1_Familia_Cali,2021,70.0,1.25,6,0,608,1
CAL-07516,CALI,ALIMENTOS,Juzgado_Penal_Municipal_2_Cali,2023,70.0,1.15,5,1,668,1
CAL-07517,CALI,ALIMENTOS,Comisaria_2_Familia_Cali,2024,70.0,1.1,5,0,525,1
CAL-07518,CALI,ALIMENTOS,Juzgado_Penal_Municipal_2_Cali,2023,70.0,1.15,4,0,512,1
CAL-07519,CALI,VIF,Comisaria_3_Familia_Cali,2024,70.0,0.9,5,1,552,1
CAL-07520,CALI,VIF,Juzgado_1_Familia_Cali,2024,70.0,1.45,3,0,504,1
CAL-07521,CALI,VIF,Comisaria_2_Familia_Cali,2021,70.0,1.1,13,0,485,1
CAL-07522,CALI,ALIMENTOS,Comisaria_3_Familia_Cali,2021,70.0,0.9,5,1,634,1
CAL-07523,CALI,ALIMENTOS,Juzgado_5_Familia_Cali,2022,70.0,0.95,6,1,632,1
CAL-07524,CALI,VIF,Juzgado_4_Familia_Cali,2024,70.0,1.1,6,0,422,1
CAL-07525,CALI,SUSTANCIAS,Comisaria_3_Familia_Cali,2022,70.0,0.9,6,0,366,1
CAL-07526,CALI,SUSTANCIAS,Juzgado_1_Familia_Cali,2021,70.0,1.45,7,0,511,1
CAL-07527,CALI,ALIMENTOS,Juzgado_3_Familia_Cali,2021,70.0,1.2,10,0,586,1
CAL-07528,CALI,SUSTANCIAS,Comisaria_3_Familia_Cali,2022,70.0,0.9,9,1,299,0
CAL-07529,CALI,ALIMENTOS,Comisaria_2_Familia_Cali,2020,70.0,1.1,8,1,667,1
CAL-07530,CALI,SUSTANCIAS,Juzgado_1_Familia_Cali,2024,70.0,1.45,16,0,618,1
CAL-07531,CALI,VIF,Juzgado_5_Familia_Cali,2024,70.0,0.95,1,0,363,1
CAL-07532,CALI,VIF,Juzgado_Penal_Municipal_2_Cali,2024,70.0,1.15,3,0,399,1
CAL-07533,CALI,ALIMENTOS,Juzgado_Penal_Municipal_2_Cali,2024,70.0,1.15,1,0,493,1
CAL-07534,CALI,VIF,Juzgado_Penal_Municipal_2_Cali,2023,70.0,1.15,11,0,483,1
CAL-07535,CALI,VIF,Juzgado_2_Familia_Cali,2022,70.0,1.3,4,0,455,1
CAL-07536,CALI,ALIMENTOS,Comisaria_3_Familia_Cali,2021,70.0,0.9,5,0,444,1
CAL-07537,CALI,ALIMENTOS,Juzgado_3_Familia_Cali,2024,70.0,1.2,3,1,652,1
CAL-07538,CALI,ALIMENTOS,Comisaria_2_Familia_Cali,2023,70.0,1.1,2,0,484,1
CAL-07539,CALI,ALIMENTOS,Juzgado_5_Familia_Cali,2022,70.0,0.95,3,0,432,1
CAL-07540,CALI,ALIMENTOS,Comisaria_3_Familia_Cali,2024,70.0,0.9,5,0,295,0
CAL-07541,CALI,SUSTANCIAS,Comisaria_3_Familia_Cali,2024,70.0,0.9,2,1,548,1
CAL-07542,CALI,ALIMENTOS,Juzgado_1_Familia_Cali,2022,70.0,1.45,4,0,579,1
CAL-07543,CALI,SUSTANCIAS,Juzgado_5_Familia_Cali,2023,70.0,0.95,6,0,422,1
CAL-07544,CALI,ALIMENTOS,Juzgado_Penal_Municipal_1_Cali,2020,70.0,1.35,13,1,444,0
CAL-07545,CALI,ALIMENTOS,Juzgado_Penal_Municipal_2_Cali,2022,70.0,1.15,7,1,676,1
CAL-07546,CALI,ALIMENTOS,Comisaria_3_Familia_Cali,2022,70.0,0.9,1,1,537,1
CAL-07547,CALI,SUSTANCIAS,Juzgado_2_Familia_Cali,2023,70.0,1.3,2,0,468,1
CAL-07548,CALI,VIF,Juzgado_4_Familia_Cali,2023,70.0,1.1,1,0,371,1
CAL-07549,CALI,ALIMENTOS,Comisaria_2_Familia_Cali,2024,70.0,1.1,8,0,529,1
CAL-07550,CALI,VIF,Juzgado_2_Familia_Cali,2020,70.0,1.3,12,0,517,1
CAL-07551,CALI,VIF,Juzgado_2_Familia_Cali,2024,70.0,1.3,10,0,299,0
CAL-07552,CALI,HURTO_PATRIMONIAL,Juzgado_4_Familia_Cali,2021,70.0,1.1,2,0,509,1
CAL-07553,CALI,SUSTANCIAS,Comisaria_2_Familia_Cali,2024,70.0,1.1,7,0,470,1
CAL-07554,CALI,HURTO_PATRIMONIAL,Juzgado_2_Familia_Cali,2023,70.0,1.3,10,1,659,0
CAL-07555,CALI,ALIMENTOS,Juzgado_2_Familia_Cali,2021,70.0,1.3,4,1,709,1
CAL-07556,CALI,ALIMENTOS,Juzgado_Penal_Municipal_1_Cali,2023,70.0,1.35,1,1,698,1
CAL-07557,CALI,ALIMENTOS,Comisaria_3_Familia_Cali,2024,70.0,0.9,3,1,337,0
CAL-07558,CALI,ALIMENTOS,Juzgado_Penal_Municipal_2_Cali,2020,70.0,1.15,2,0,481,1
CAL-07559,CALI,ALIMENTOS,Juzgado_4_Familia_Cali,2021,70.0,1.1,3,0,498,1
CAL-07560,CALI,VIF,Comisaria_3_Familia_Cali,2024,70.0,0.9,4,0,303,0
CAL-07561,CALI,SUSTANCIAS,Comisaria_2_Familia_Cali,2023,70.0,1.1,1,1,551,1
CAL-07562,CALI,ALIMENTOS,Juzgado_Penal_Municipal_2_Cali,2024,70.0,1.15,1,1,641,1
CAL-07563,CALI,SUSTANCIAS,Juzgado_3_Familia_Cali,2022,70.0,1.2,2,0,427,1
CAL-07564,CALI,ALIMENTOS,Comisaria_3_Familia_Cali,2023,70.0,0.9,5,0,295,0
CAL-07565,CALI,SUSTANCIAS,Juzgado_Penal_Municipal_1_Cali,2024,70.0,1.35,5,0,497,1
CAL-07566,CALI,ALIMENTOS,Juzgado_5_Familia_Cali,2023,70.0,0.95,1,1,575,1
CAL-07567,CALI,ALIMENTOS,Juzgado_4_Familia_Cali,2021,70.0,1.1,11,1,708,1
CAL-07568,CALI,ALIMENTOS,Juzgado_1_Familia_Cali,2024,70.0,1.45,3,0,548,1
CAL-07569,CALI,ALIMENTOS,Juzgado_Penal_Municipal_2_Cali,2021,70.0,1.15,10,0,531,1
CAL-07570,CALI,HURTO_PATRIMONIAL,Juzgado_Penal_Municipal_2_Cali,2024,70.0,1.15,3,0,553,1
CAL-07571,CALI,VIF,Juzgado_4_Familia_Cali,2024,70.0,1.1,1,0,385,1
CAL-07572,CALI,VIF,Juzgado_5_Familia_Cali,2021,70.0,0.95,10,0,415,1
CAL-07573,CALI,ALIMENTOS,Comisaria_2_Familia_Cali,2023,70.0,1.1,5,1,635,1
CAL-07574,CALI,SUSTANCIAS,Juzgado_Penal_Municipal_2_Cali,2023,70.0,1.15,2,0,410,1
CAL-07575,CALI,ALIMENTOS,Juzgado_5_Familia_Cali,2023,70.0,0.95,5,0,448,1
CAL-07576,CALI,ALIMENTOS,Juzgado_5_Familia_Cali,2020,70.0,0.95,5,0,471,1
CAL-07577,CALI,VIF,Juzgado_Penal_Municipal_2_Cali,2021,70.0,1.15,6,0,453,1
CAL-07578,CALI,HURTO_PATRIMONIAL,Juzgado_3_Familia_Cali,2021,70.0,1.2,5,0,558,1
CAL-07579,CALI,ALIMENTOS,Juzgado_1_Familia_Cali,2023,70.0,1.45,7,0,402,0
CAL-07580,CALI,VIF,Comisaria_3_Familia_Cali,2023,70.0,0.9,3,0,366,1
CAL-07581,CALI,HURTO_PATRIMONIAL,Juzgado_4_Familia_Cali,2022,70.0,1.1,8,0,589,1
CAL-07582,CALI,HURTO_PATRIMONIAL,Juzgado_5_Familia_Cali,2023,70.0,0.95,8,1,651,1
CAL-07583,CALI,HURTO_PATRIMONIAL,Juzgado_4_Familia_Cali,2023,70.0,1.1,4,1,687,1
CAL-07584,CALI,ALIMENTOS,Juzgado_Penal_Municipal_2_Cali,2024,70.0,1.15,1,0,469,1
CAL-07585,CALI,VIF,Juzgado_2_Familia_Cali,2022,70.0,1.3,3,1,291,0
CAL-07586,CALI,VIF,Comisaria_3_Familia_Cali,2023,70.0,0.9,5,0,383,1
CAL-07587,CALI,ALIMENTOS,Comisaria_1_Familia_Cali,2024,70.0,1.25,10,1,728,1
CAL-07588,CALI,HURTO_PATRIMONIAL,Juzgado_1_Familia_Cali,2023,70.0,1.45,5,0,612,1
CAL-07589,CALI,ALIMENTOS,Juzgado_Penal_Municipal_1_Cali,2022,70.0,1.35,3,0,559,1
CAL-07590,CALI,VIF,Juzgado_5_Familia_Cali,2023,70.0,0.95,5,0,405,1
CAL-07591,CALI,ALIMENTOS,Juzgado_3_Familia_Cali,2021,70.0,1.2,2,0,514,1
CAL-07592,CALI,VIF,Comisaria_1_Familia_Cali,2022,70.0,1.25,5,0,435,1
CAL-07593,CALI,VIF,Juzgado_Penal_Municipal_2_Cali,2020,70.0,1.15,5,0,444,1
CAL-07594,CALI,ALIMENTOS,Comisaria_2_Familia_Cali,2024,70.0,1.1,8,0,457,0
CAL-07595,CALI,ALIMENTOS,Juzgado_1_Familia_Cali,2022,70.0,1.45,4,1,500,0
CAL-07596,CALI,ALIMENTOS,Juzgado_4_Familia_Cali,2021,70.0,1.1,5,0,511,1
CAL-07597,CALI,SUSTANCIAS,Juzgado_Penal_Municipal_2_Cali,2023,70.0,1.15,4,0,304,0
CAL-07598,CALI,HURTO_PATRIMONIAL,Comisaria_2_Familia_Cali,2024,70.0,1.1,5,0,510,1
CAL-07599,CALI,ALIMENTOS,Juzgado_Penal_Municipal_1_Cali,2020,70.0,1.35,1,0,501,1
CAL-07600,CALI,VIF,Juzgado_Penal_Municipal_2_Cali,2024,70.0,1.15,2,1,572,1
CAL-07601,CALI,VIF,Juzgado_5_Familia_Cali,2023,70.0,0.95,4,0,368,1
CAL-07602,CALI,ALIMENTOS,Comisaria_3_Familia_Cali,2024,70.0,0.9,13,0,526,1
CAL-07603,CALI,ALIMENTOS,Juzgado_Penal_Municipal_2_Cali,2020,70.0,1.15,5,0,511,1
CAL-07604,CALI,VIF,Juzgado_Penal_Municipal_2_Cali,2024,70.0,1.15,4,0,415,1
CAL-07605,CALI,VIF,Juzgado_Penal_Municipal_2_Cali,2021,70.0,1.15,4,0,422,1
CAL-07606,CALI,HURTO_PATRIMONIAL,Juzgado_3_Familia_Cali,2021,70.0,1.2,6,0,557,1
CAL-07607,CALI,ALIMENTOS,Juzgado_4_Familia_Cali,2022,70.0,1.1,1,1,620,1
CAL-07608,CALI,SUSTANCIAS,Comisaria_2_Familia_Cali,2024,70.0,1.1,4,0,431,1
CAL-07609,CALI,SUSTANCIAS,Juzgado_4_Familia_Cali,2022,70.0,1.1,1,0,423,1
CAL-07610,CALI,ALIMENTOS,Juzgado_4_Familia_Cali,2023,70.0,1.1,6,1,642,1
CAL-07611,CALI,HURTO_PATRIMONIAL,Comisaria_1_Familia_Cali,2022,70.0,1.25,2,0,547,1
CAL-07612,CALI,ALIMENTOS,Juzgado_2_Familia_Cali,2022,70.0,1.3,2,0,527,1
CAL-07613,CALI,ALIMENTOS,Juzgado_1_Familia_Cali,2020,70.0,1.45,6,1,567,0
CAL-07614,CALI,SUSTANCIAS,Juzgado_2_Familia_Cali,2024,70.0,1.3,6,0,509,1
CAL-07615,CALI,SUSTANCIAS,Juzgado_2_Familia_Cali,2024,70.0,1.3,1,0,460,1
CAL-07616,CALI,ALIMENTOS,Juzgado_3_Familia_Cali,2022,70.0,1.2,1,1,636,1
CAL-07617,CALI,ALIMENTOS,Juzgado_1_Familia_Cali,2021,70.0,1.45,8,1,407,0
CAL-07618,CALI,HURTO_PATRIMONIAL,Juzgado_3_Familia_Cali,2020,70.0,1.2,8,0,577,1
CAL-07619,CALI,ALIMENTOS,Juzgado_Penal_Municipal_1_Cali,2022,70.0,1.35,3,0,534,1
CAL-07620,CALI,VIF,Comisaria_1_Familia_Cali,2022,70.0,1.25,3,0,413,1
CAL-07621,CALI,VIF,Juzgado_4_Familia_Cali,2023,70.0,1.1,4,1,559,1
CAL-07622,CALI,ALIMENTOS,Juzgado_Penal_Municipal_2_Cali,2023,70.0,1.15,5,0,482,1
CAL-07623,CALI,ALIMENTOS,Comisaria_2_Familia_Cali,2024,70.0,1.1,9,0,548,1
CAL-07624,CALI,SUSTANCIAS,Juzgado_1_Familia_Cali,2023,70.0,1.45,3,0,479,1
CAL-07625,CALI,SUSTANCIAS,Juzgado_1_Familia_Cali,2021,70.0,1.45,5,0,507,1
CAL-07626,CALI,VIF,Juzgado_2_Familia_Cali,2024,70.0,1.3,2,0,451,1
CAL-07627,CALI,ALIMENTOS,Juzgado_3_Familia_Cali,2020,70.0,1.2,3,0,367,0
CAL-07628,CALI,ALIMENTOS,Juzgado_3_Familia_Cali,2024,70.0,1.2,8,1,716,1
CAL-07629,CALI,ALIMENTOS,Juzgado_3_Familia_Cali,2024,70.0,1.2,20,0,671,1
CAL-07630,CALI,HURTO_PATRIMONIAL,Comisaria_1_Familia_Cali,2024,70.0,1.25,8,0,510,0
CAL-07631,CALI,HURTO_PATRIMONIAL,Juzgado_3_Familia_Cali,2024,70.0,1.2,8,0,601,1
CAL-07632,CALI,ALIMENTOS,Juzgado_2_Familia_Cali,2023,70.0,1.3,9,0,571,1
CAL-07633,CALI,VIF,Comisaria_1_Familia_Cali,2024,70.0,1.25,12,0,516,1
CAL-07634,CALI,HURTO_PATRIMONIAL,Juzgado_Penal_Municipal_1_Cali,2022,70.0,1.35,3,1,572,0
CAL-07635,CALI,VIF,Comisaria_2_Familia_Cali,2023,70.0,1.1,5,0,426,1
CAL-07636,CALI,VIF,Juzgado_Penal_Municipal_1_Cali,2023,70.0,1.35,2,0,453,1
CAL-07637,CALI,VIF,Juzgado_2_Familia_Cali,2021,70.0,1.3,1,0,404,1
CAL-07638,CALI,ALIMENTOS,Juzgado_2_Familia_Cali,2022,70.0,1.3,3,0,518,1
CAL-07639,CALI,HURTO_PATRIMONIAL,Comisaria_2_Familia_Cali,2023,70.0,1.1,5,0,538,1
CAL-07640,CALI,VIF,Comisaria_1_Familia_Cali,2022,70.0,1.25,2,0,425,1
CAL-07641,CALI,ALIMENTOS,Juzgado_5_Familia_Cali,2024,70.0,0.95,2,0,428,1
CAL-07642,CALI,SUSTANCIAS,Comisaria_3_Familia_Cali,2024,70.0,0.9,3,0,381,1
CAL-07643,CALI,VIF,Juzgado_2_Familia_Cali,2021,70.0,1.3,1,0,408,1
CAL-07644,CALI,VIF,Juzgado_2_Familia_Cali,2021,70.0,1.3,8,1,622,1
CAL-07645,CALI,ALIMENTOS,Juzgado_3_Familia_Cali,2024,70.0,1.2,5,0,528,1
CAL-07646,CALI,HURTO_PATRIMONIAL,Juzgado_1_Familia_Cali,2021,70.0,1.45,5,0,626,1
CAL-07647,CALI,SUSTANCIAS,Juzgado_1_Familia_Cali,2020,70.0,1.45,3,0,496,1
CAL-07648,CALI,VIF,Juzgado_5_Familia_Cali,2020,70.0,0.95,15,0,458,1
CAL-07649,CALI,VIF,Juzgado_Penal_Municipal_2_Cali,2024,70.0,1.15,7,0,447,1
CAL-07650,CALI,VIF,Juzgado_Penal_Municipal_1_Cali,2023,70.0,1.35,8,0,511,1
CAL-07651,CALI,VIF,Juzgado_5_Familia_Cali,2024,70.0,0.95,8,0,409,1
CAL-07652,CALI,ALIMENTOS,Juzgado_2_Familia_Cali,2021,70.0,1.3,1,1,678,1
CAL-07653,CALI,HURTO_PATRIMONIAL,Comisaria_1_Familia_Cali,2024,70.0,1.25,3,1,679,1
CAL-07654,CALI,ALIMENTOS,Juzgado_3_Familia_Cali,2024,70.0,1.2,3,1,495,0
CAL-07655,CALI,HURTO_PATRIMONIAL,Juzgado_3_Familia_Cali,2023,70.0,1.2,3,0,576,1
CAL-07656,CALI,ALIMENTOS,Juzgado_2_Familia_Cali,2021,70.0,1.3,3,0,517,1
CAL-07657,CALI,SUSTANCIAS,Juzgado_4_Familia_Cali,2022,70.0,1.1,7,0,440,1
CAL-07658,CALI,VIF,Juzgado_1_Familia_Cali,2023,70.0,1.45,5,0,500,1
CAL-07659,CALI,HURTO_PATRIMONIAL,Juzgado_2_Familia_Cali,2024,70.0,1.3,4,1,419,0
CAL-07660,CALI,VIF,Juzgado_3_Familia_Cali,2024,70.0,1.2,5,0,454,1
CAL-07661,CALI,VIF,Juzgado_5_Familia_Cali,2024,70.0,0.95,9,0,432,1
CAL-07662,CALI,HURTO_PATRIMONIAL,Juzgado_2_Familia_Cali,2021,70.0,1.3,5,1,566,0
CAL-07663,CALI,ALIMENTOS,Juzgado_4_Familia_Cali,2024,70.0,1.1,1,0,501,1
CAL-07664,CALI,VIF,Juzgado_1_Familia_Cali,2023,70.0,1.45,5,0,494,1
CAL-07665,CALI,SUSTANCIAS,Comisaria_3_Familia_Cali,2022,70.0,0.9,1,1,513,1
CAL-07666,CALI,ALIMENTOS,Juzgado_3_Familia_Cali,2022,70.0,1.2,4,0,516,1
CAL-07667,CALI,ALIMENTOS,Juzgado_4_Familia_Cali,2022,70.0,1.1,9,1,682,1
CAL-07668,CALI,VIF,Juzgado_4_Familia_Cali,2024,70.0,1.1,14,0,494,1
CAL-07669,CALI,VIF,Comisaria_2_Familia_Cali,2021,70.0,1.1,11,0,482,1
CAL-07670,CALI,VIF,Juzgado_4_Familia_Cali,2021,70.0,1.1,10,0,455,1
CAL-07671,CALI,VIF,Comisaria_2_Familia_Cali,2021,70.0,1.1,4,0,399,1
CAL-07672,CALI,VIF,Comisaria_3_Familia_Cali,2022,70.0,0.9,1,0,337,1
CAL-07673,CALI,ALIMENTOS,Juzgado_1_Familia_Cali,2024,70.0,1.45,1,0,543,1
CAL-07674,CALI,ALIMENTOS,Juzgado_Penal_Municipal_1_Cali,2021,70.0,1.35,6,0,559,1
CAL-07675,CALI,SUSTANCIAS,Juzgado_5_Familia_Cali,2023,70.0,0.95,11,0,451,1
CAL-07676,CALI,VIF,Juzgado_Penal_Municipal_2_Cali,2023,70.0,1.15,6,0,438,1
CAL-07677,CALI,ALIMENTOS,Juzgado_1_Familia_Cali,2024,70.0,1.45,18,1,561,0
CAL-07678,CALI,ALIMENTOS,Juzgado_2_Familia_Cali,2021,70.0,1.3,5,0,550,1
CAL-07679,CALI,VIF,Juzgado_3_Familia_Cali,2024,70.0,1.2,3,1,604,1
CAL-07680,CALI,SUSTANCIAS,Comisaria_1_Familia_Cali,2024,70.0,1.25,1,0,459,1
CAL-07681,CALI,VIF,Juzgado_3_Familia_Cali,2024,70.0,1.2,6,0,452,1
CAL-07682,CALI,HURTO_PATRIMONIAL,Juzgado_5_Familia_Cali,2023,70.0,0.95,5,0,499,1
CAL-07683,CALI,ALIMENTOS,Juzgado_Penal_Municipal_1_Cali,2020,70.0,1.35,5,0,562,1
CAL-07684,CALI,HURTO_PATRIMONIAL,Comisaria_1_Familia_Cali,2023,70.0,1.25,11,0,427,0
CAL-07685,CALI,VIF,Juzgado_5_Familia_Cali,2020,70.0,0.95,1,1,502,1
CAL-07686,CALI,ALIMENTOS,Juzgado_Penal_Municipal_1_Cali,2024,70.0,1.35,3,1,700,1
CAL-07687,CALI,ALIMENTOS,Comisaria_1_Familia_Cali,2023,70.0,1.25,6,0,558,1
CAL-07688,CALI,VIF,Comisaria_2_Familia_Cali,2024,70.0,1.1,7,0,450,1
CAL-07689,CALI,VIF,Comisaria_1_Familia_Cali,2024,70.0,1.25,6,0,465,1
CAL-07690,CALI,ALIMENTOS,Juzgado_1_Familia_Cali,2024,70.0,1.45,4,1,437,0
CAL-07691,CALI,ALIMENTOS,Comisaria_3_Familia_Cali,2023,70.0,0.9,5,0,460,1
CAL-07692,CALI,VIF,Comisaria_3_Familia_Cali,2022,70.0,0.9,4,0,375,1
CAL-07693,CALI,VIF,Juzgado_2_Familia_Cali,2022,70.0,1.3,5,0,451,1
CAL-07694,CALI,VIF,Juzgado_Penal_Municipal_1_Cali,2021,70.0,1.35,4,0,458,1
CAL-07695,CALI,ALIMENTOS,Juzgado_Penal_Municipal_1_Cali,2024,70.0,1.35,4,1,698,1
CAL-07696,CALI,ALIMENTOS,Comisaria_3_Familia_Cali,2022,70.0,0.9,4,0,465,1
CAL-07697,CALI,ALIMENTOS,Comisaria_1_Familia_Cali,2024,70.0,1.25,1,0,510,1
CAL-07698,CALI,ALIMENTOS,Juzgado_1_Familia_Cali,2024,70.0,1.45,5,1,424,0
CAL-07699,CALI,VIF,Comisaria_1_Familia_Cali,2021,70.0,1.25,3,1,579,1
CAL-07700,CALI,ALIMENTOS,Juzgado_3_Familia_Cali,2023,70.0,1.2,5,0,514,1
CAL-07701,CALI,VIF,Juzgado_2_Familia_Cali,2024,70.0,1.3,4,1,624,1
CAL-07702,CALI,HURTO_PATRIMONIAL,Juzgado_5_Familia_Cali,2022,70.0,0.95,6,0,531,1
CAL-07703,CALI,ALIMENTOS,Juzgado_3_Familia_Cali,2022,70.0,1.2,1,0,479,1
CAL-07704,CALI,ALIMENTOS,Juzgado_3_Familia_Cali,2024,70.0,1.2,1,0,490,1
CAL-07705,CALI,VIF,Juzgado_4_Familia_Cali,2023,70.0,1.1,2,0,400,1
CAL-07706,CALI,ALIMENTOS,Comisaria_1_Familia_Cali,2024,70.0,1.25,4,1,672,1
CAL-07707,CALI,ALIMENTOS,Juzgado_4_Familia_Cali,2023,70.0,1.1,6,0,538,1
CAL-07708,CALI,VIF,Juzgado_Penal_Municipal_2_Cali,2023,70.0,1.15,8,0,458,1
CAL-07709,CALI,ALIMENTOS,Juzgado_Penal_Municipal_1_Cali,2022,70.0,1.35,2,1,675,1
CAL-07710,CALI,ALIMENTOS,Comisaria_3_Familia_Cali,2024,70.0,0.9,3,1,486,0
CAL-07711,CALI,ALIMENTOS,Juzgado_1_Familia_Cali,2024,70.0,1.45,1,0,576,1
CAL-07712,CALI,ALIMENTOS,Juzgado_3_Familia_Cali,2021,70.0,1.2,9,0,563,1
CAL-07713,CALI,SUSTANCIAS,Juzgado_3_Familia_Cali,2024,70.0,1.2,3,0,430,1
CAL-07714,CALI,SUSTANCIAS,Juzgado_2_Familia_Cali,2023,70.0,1.3,2,0,477,1
CAL-07715,CALI,VIF,Juzgado_Penal_Municipal_1_Cali,2023,70.0,1.35,4,0,358,0
CAL-07716,CALI,VIF,Juzgado_1_Familia_Cali,2024,70.0,1.45,5,0,501,1
CAL-07717,CALI,ALIMENTOS,Juzgado_4_Familia_Cali,2024,70.0,1.1,2,0,481,1
CAL-07718,CALI,SUSTANCIAS,Comisaria_3_Familia_Cali,2022,70.0,0.9,6,0,401,1
CAL-07719,CALI,VIF,Juzgado_2_Familia_Cali,2023,70.0,1.3,5,0,461,1
CAL-07720,CALI,ALIMENTOS,Comisaria_1_Familia_Cali,2023,70.0,1.25,9,0,587,1
CAL-07721,CALI,ALIMENTOS,Juzgado_1_Familia_Cali,2024,70.0,1.45,1,1,342,0
CAL-07722,CALI,ALIMENTOS,Juzgado_Penal_Municipal_2_Cali,2020,70.0,1.15,8,0,540,1
CAL-07723,CALI,ALIMENTOS,Juzgado_1_Familia_Cali,2024,70.0,1.45,6,0,598,1
CAL-07724,CALI,VIF,Juzgado_5_Familia_Cali,2021,70.0,0.95,1,0,343,1
CAL-07725,CALI,SUSTANCIAS,Juzgado_3_Familia_Cali,2024,70.0,1.2,7,0,510,1
CAL-07726,CALI,VIF,Juzgado_1_Familia_Cali,2024,70.0,1.45,9,0,542,1
CAL-07727,CALI,HURTO_PATRIMONIAL,Comisaria_3_Familia_Cali,2021,70.0,0.9,6,1,653,1
CAL-07728,CALI,VIF,Juzgado_5_Familia_Cali,2023,70.0,0.95,1,0,196,0
CAL-07729,CALI,SUSTANCIAS,Juzgado_Penal_Municipal_1_Cali,2024,70.0,1.35,6,0,494,1
CAL-07730,CALI,ALIMENTOS,Juzgado_4_Familia_Cali,2022,70.0,1.1,1,0,453,1
CAL-07731,CALI,HURTO_PATRIMONIAL,Juzgado_1_Familia_Cali,2023,70.0,1.45,1,0,571,1
CAL-07732,CALI,ALIMENTOS,Juzgado_5_Familia_Cali,2023,70.0,0.95,14,0,559,1
CAL-07733,CALI,VIF,Comisaria_3_Familia_Cali,2021,70.0,0.9,7,0,422,1
CAL-07734,CALI,VIF,Juzgado_4_Familia_Cali,2021,70.0,1.1,1,1,543,1
CAL-07735,CALI,ALIMENTOS,Juzgado_5_Familia_Cali,2023,70.0,0.95,3,0,438,1
CAL-07736,CALI,VIF,Juzgado_5_Familia_Cali,2024,70.0,0.95,7,0,391,1
CAL-07737,CALI,HURTO_PATRIMONIAL,Comisaria_3_Familia_Cali,2020,70.0,0.9,2,0,432,1
CAL-07738,CALI,HURTO_PATRIMONIAL,Juzgado_1_Familia_Cali,2023,70.0,1.45,7,1,413,0
CAL-07739,CALI,VIF,Juzgado_5_Familia_Cali,2024,70.0,0.95,3,0,376,1
CAL-07740,CALI,SUSTANCIAS,Juzgado_2_Familia_Cali,2020,70.0,1.3,5,0,306,0
CAL-07741,CALI,VIF,Juzgado_4_Familia_Cali,2023,70.0,1.1,3,0,270,0
CAL-07742,CALI,VIF,Juzgado_Penal_Municipal_1_Cali,2024,70.0,1.35,3,1,593,1
CAL-07743,CALI,ALIMENTOS,Juzgado_2_Familia_Cali,2022,70.0,1.3,3,1,515,0
CAL-07744,CALI,ALIMENTOS,Juzgado_5_Familia_Cali,2024,70.0,0.95,12,0,542,1
CAL-07745,CALI,HURTO_PATRIMONIAL,Juzgado_3_Familia_Cali,2023,70.0,1.2,12,1,422,0
CAL-07746,CALI,VIF,Juzgado_3_Familia_Cali,2023,70.0,1.2,4,0,420,1
CAL-07747,CALI,VIF,Juzgado_Penal_Municipal_2_Cali,2021,70.0,1.15,6,0,425,1
CAL-07748,CALI,HURTO_PATRIMONIAL,Juzgado_Penal_Municipal_2_Cali,2022,70.0,1.15,1,1,659,1
CAL-07749,CALI,ALIMENTOS,Juzgado_3_Familia_Cali,2022,70.0,1.2,4,0,529,1
CAL-07750,CALI,ALIMENTOS,Juzgado_1_Familia_Cali,2022,70.0,1.45,15,1,757,0
CAL-07751,CALI,SUSTANCIAS,Comisaria_1_Familia_Cali,2024,70.0,1.25,8,0,492,1
CAL-07752,CALI,VIF,Comisaria_1_Familia_Cali,2023,70.0,1.25,5,0,457,1
CAL-07753,CALI,VIF,Juzgado_1_Familia_Cali,2024,70.0,1.45,7,0,521,1
CAL-07754,CALI,ALIMENTOS,Juzgado_1_Familia_Cali,2020,70.0,1.45,2,1,684,1
CAL-07755,CALI,ALIMENTOS,Juzgado_3_Familia_Cali,2024,70.0,1.2,3,1,695,1
CAL-07756,CALI,ALIMENTOS,Juzgado_Penal_Municipal_1_Cali,2023,70.0,1.35,4,0,540,1
CAL-07757,CALI,ALIMENTOS,Comisaria_2_Familia_Cali,2021,70.0,1.1,2,0,450,1
CAL-07758,CALI,HURTO_PATRIMONIAL,Juzgado_Penal_Municipal_2_Cali,2021,70.0,1.15,5,0,536,1
CAL-07759,CALI,HURTO_PATRIMONIAL,Juzgado_Penal_Municipal_1_Cali,2020,70.0,1.35,2,0,596,1
CAL-07760,CALI,SUSTANCIAS,Comisaria_3_Familia_Cali,2022,70.0,0.9,6,0,292,0
CAL-07761,CALI,ALIMENTOS,Juzgado_Penal_Municipal_1_Cali,2023,70.0,1.35,5,0,617,1
CAL-07762,CALI,SUSTANCIAS,Juzgado_4_Familia_Cali,2022,70.0,1.1,6,0,432,1
CAL-07763,CALI,SUSTANCIAS,Juzgado_2_Familia_Cali,2023,70.0,1.3,1,0,445,1
CAL-07764,CALI,HURTO_PATRIMONIAL,Comisaria_1_Familia_Cali,2020,70.0,1.25,3,0,266,0
CAL-07765,CALI,ALIMENTOS,Juzgado_1_Familia_Cali,2024,70.0,1.45,8,0,619,1
CAL-07766,CALI,ALIMENTOS,Juzgado_5_Familia_Cali,2024,70.0,0.95,1,0,421,1
CAL-07767,CALI,VIF,Juzgado_Penal_Municipal_2_Cali,2023,70.0,1.15,1,0,255,0
CAL-07768,CALI,VIF,Comisaria_1_Familia_Cali,2024,70.0,1.25,2,0,420,1
CAL-07769,CALI,VIF,Comisaria_3_Familia_Cali,2024,70.0,0.9,6,0,403,1
CAL-07770,CALI,VIF,Juzgado_Penal_Municipal_2_Cali,2021,70.0,1.15,8,0,471,1
CAL-07771,CALI,ALIMENTOS,Juzgado_Penal_Municipal_1_Cali,2021,70.0,1.35,5,1,709,1
CAL-07772,CALI,VIF,Juzgado_Penal_Municipal_2_Cali,2024,70.0,1.15,2,0,404,1
CAL-07773,CALI,VIF,Juzgado_2_Familia_Cali,2023,70.0,1.3,9,0,483,1
CAL-07774,CALI,HURTO_PATRIMONIAL,Juzgado_2_Familia_Cali,2023,70.0,1.3,2,0,600,1
CAL-07775,CALI,SUSTANCIAS,Juzgado_2_Familia_Cali,2020,70.0,1.3,3,1,609,1
CAL-07776,CALI,HURTO_PATRIMONIAL,Juzgado_Penal_Municipal_2_Cali,2022,70.0,1.15,10,0,584,1
CAL-07777,CALI,ALIMENTOS,Comisaria_1_Familia_Cali,2021,70.0,1.25,3,0,543,1
CAL-07778,CALI,VIF,Comisaria_1_Familia_Cali,2024,70.0,1.25,6,0,464,1
CAL-07779,CALI,VIF,Comisaria_1_Familia_Cali,2022,70.0,1.25,5,0,432,1
CAL-07780,CALI,ALIMENTOS,Juzgado_3_Familia_Cali,2021,70.0,1.2,9,0,553,1
CAL-07781,CALI,ALIMENTOS,Juzgado_3_Familia_Cali,2021,70.0,1.2,2,1,667,1
CAL-07782,CALI,HURTO_PATRIMONIAL,Juzgado_2_Familia_Cali,2024,70.0,1.3,9,0,638,1
CAL-07783,CALI,ALIMENTOS,Juzgado_4_Familia_Cali,2024,70.0,1.1,4,0,306,0
CAL-07784,CALI,SUSTANCIAS,Juzgado_2_Familia_Cali,2021,70.0,1.3,1,0,439,1
CAL-07785,CALI,ALIMENTOS,Juzgado_1_Familia_Cali,2021,70.0,1.45,13,1,494,0
CAL-07786,CALI,VIF,Juzgado_Penal_Municipal_2_Cali,2024,70.0,1.15,3,0,427,1
CAL-07787,CALI,ALIMENTOS,Juzgado_3_Familia_Cali,2023,70.0,1.2,3,0,499,1
CAL-07788,CALI,ALIMENTOS,Juzgado_3_Familia_Cali,2023,70.0,1.2,8,1,701,1
CAL-07789,CALI,VIF,Juzgado_2_Familia_Cali,2022,70.0,1.3,4,1,377,0
CAL-07790,CALI,HURTO_PATRIMONIAL,Juzgado_1_Familia_Cali,2024,70.0,1.45,3,1,426,0
CAL-07791,CALI,VIF,Juzgado_5_Familia_Cali,2022,70.0,0.95,5,1,566,1
CAL-07792,CALI,VIF,Juzgado_Penal_Municipal_1_Cali,2020,70.0,1.35,3,0,440,1
CAL-07793,CALI,VIF,Juzgado_4_Familia_Cali,2022,70.0,1.1,2,0,396,1
CAL-07794,CALI,VIF,Juzgado_Penal_Municipal_1_Cali,2023,70.0,1.35,5,0,468,1
CAL-07795,CALI,VIF,Comisaria_1_Familia_Cali,2022,70.0,1.25,12,0,517,1
CAL-07796,CALI,ALIMENTOS,Comisaria_3_Familia_Cali,2021,70.0,0.9,3,0,288,0
CAL-07797,CALI,ALIMENTOS,Comisaria_1_Familia_Cali,2024,70.0,1.25,3,0,530,1
CAL-07798,CALI,ALIMENTOS,Juzgado_3_Familia_Cali,2021,70.0,1.2,2,0,508,1
CAL-07799,CALI,ALIMENTOS,Juzgado_1_Familia_Cali,2024,70.0,1.45,4,0,469,0
CAL-07800,CALI,VIF,Juzgado_5_Familia_Cali,2021,70.0,0.95,3,0,384,1
CAL-07801,CALI,HURTO_PATRIMONIAL,Comisaria_1_Familia_Cali,2022,70.0,1.25,6,0,575,1
CAL-07802,CALI,ALIMENTOS,Juzgado_Penal_Municipal_2_Cali,2020,70.0,1.15,2,0,465,1
CAL-07803,CALI,HURTO_PATRIMONIAL,Juzgado_1_Familia_Cali,2024,70.0,1.45,7,1,678,0
CAL-07804,CALI,ALIMENTOS,Juzgado_3_Familia_Cali,2024,70.0,1.2,3,0,498,1
CAL-07805,CALI,SUSTANCIAS,Juzgado_3_Familia_Cali,2024,70.0,1.2,1,0,440,1
CAL-07806,CALI,HURTO_PATRIMONIAL,Juzgado_1_Familia_Cali,2024,70.0,1.45,1,1,648,0
CAL-07807,CALI,VIF,Comisaria_1_Familia_Cali,2022,70.0,1.25,1,0,418,1
CAL-07808,CALI,ALIMENTOS,Juzgado_Penal_Municipal_1_Cali,2024,70.0,1.35,3,0,554,1
CAL-07809,CALI,ALIMENTOS,Juzgado_3_Familia_Cali,2024,70.0,1.2,10,0,563,1
CAL-07810,CALI,HURTO_PATRIMONIAL,Juzgado_3_Familia_Cali,2024,70.0,1.2,3,0,569,1
CAL-07811,CALI,VIF,Juzgado_Penal_Municipal_2_Cali,2023,70.0,1.15,1,1,549,1
CAL-07812,CALI,HURTO_PATRIMONIAL,Juzgado_Penal_Municipal_1_Cali,2023,70.0,1.35,1,1,534,0
CAL-07813,CALI,ALIMENTOS,Juzgado_1_Familia_Cali,2024,70.0,1.45,8,0,604,1
CAL-07814,CALI,ALIMENTOS,Comisaria_3_Familia_Cali,2022,70.0,0.9,2,0,418,1
CAL-07815,CALI,VIF,Juzgado_5_Familia_Cali,2022,70.0,0.95,6,1,577,1
CAL-07816,CALI,VIF,Comisaria_3_Familia_Cali,2024,70.0,0.9,9,0,412,1
CAL-07817,CALI,ALIMENTOS,Comisaria_2_Familia_Cali,2022,70.0,1.1,6,1,667,1
CAL-07818,CALI,HURTO_PATRIMONIAL,Juzgado_5_Familia_Cali,2022,70.0,0.95,2,0,472,1
CAL-07819,CALI,VIF,Juzgado_1_Familia_Cali,2023,70.0,1.45,3,0,469,1
CAL-07820,CALI,HURTO_PATRIMONIAL,Comisaria_3_Familia_Cali,2020,70.0,0.9,1,0,468,1
CAL-07821,CALI,VIF,Juzgado_4_Familia_Cali,2024,70.0,1.1,3,0,432,1
CAL-07822,CALI,VIF,Comisaria_2_Familia_Cali,2022,70.0,1.1,2,0,389,1
CAL-07823,CALI,ALIMENTOS,Juzgado_2_Familia_Cali,2022,70.0,1.3,9,0,586,1
CAL-07824,CALI,ALIMENTOS,Juzgado_2_Familia_Cali,2021,70.0,1.3,6,0,543,1
CAL-07825,CALI,ALIMENTOS,Juzgado_3_Familia_Cali,2022,70.0,1.2,4,0,484,1
CAL-07826,CALI,ALIMENTOS,Juzgado_Penal_Municipal_1_Cali,2020,70.0,1.35,5,0,547,1
CAL-07827,CALI,VIF,Comisaria_3_Familia_Cali,2024,70.0,0.9,6,0,396,1
CAL-07828,CALI,HURTO_PATRIMONIAL,Comisaria_2_Familia_Cali,2023,70.0,1.1,2,1,333,0
CAL-07829,CALI,ALIMENTOS,Juzgado_5_Familia_Cali,2021,70.0,0.95,1,1,582,1
CAL-07830,CALI,VIF,Juzgado_1_Familia_Cali,2020,70.0,1.45,3,0,232,0
CAL-07831,CALI,ALIMENTOS,Juzgado_5_Familia_Cali,2023,70.0,0.95,2,0,448,1
CAL-07832,CALI,HURTO_PATRIMONIAL,Comisaria_2_Familia_Cali,2021,70.0,1.1,5,1,725,1
CAL-07833,CALI,VIF,Juzgado_1_Familia_Cali,2023,70.0,1.45,4,0,500,1
CAL-07834,CALI,VIF,Juzgado_3_Familia_Cali,2023,70.0,1.2,3,0,440,1
CAL-07835,CALI,VIF,Juzgado_5_Familia_Cali,2023,70.0,0.95,8,0,443,1
CAL-07836,CALI,HURTO_PATRIMONIAL,Juzgado_2_Familia_Cali,2024,70.0,1.3,5,1,368,0
CAL-07837,CALI,SUSTANCIAS,Juzgado_3_Familia_Cali,2024,70.0,1.2,14,0,529,1
CAL-07838,CALI,ALIMENTOS,Comisaria_1_Familia_Cali,2022,70.0,1.25,1,0,491,1
CAL-07839,CALI,VIF,Juzgado_5_Familia_Cali,2022,70.0,0.95,6,0,412,1
CAL-07840,CALI,ALIMENTOS,Juzgado_5_Familia_Cali,2020,70.0,0.95,5,0,461,1
CAL-07841,CALI,ALIMENTOS,Juzgado_2_Familia_Cali,2024,70.0,1.3,5,0,477,0
CAL-07842,CALI,HURTO_PATRIMONIAL,Juzgado_5_Familia_Cali,2024,70.0,0.95,1,0,446,1
CAL-07843,CALI,ALIMENTOS,Juzgado_5_Familia_Cali,2020,70.0,0.95,5,1,592,1
CAL-07844,CALI,HURTO_PATRIMONIAL,Juzgado_5_Familia_Cali,2020,70.0,0.95,5,0,398,0
CAL-07845,CALI,SUSTANCIAS,Juzgado_Penal_Municipal_1_Cali,2024,70.0,1.35,2,0,481,1
CAL-07846,CALI,VIF,Comisaria_1_Familia_Cali,2023,70.0,1.25,3,0,429,1
CAL-07847,CALI,ALIMENTOS,Comisaria_3_Familia_Cali,2022,70.0,0.9,9,0,497,1
CAL-07848,CALI,VIF,Comisaria_1_Familia_Cali,2023,70.0,1.25,12,0,486,1
CAL-07849,CALI,ALIMENTOS,Comisaria_1_Familia_Cali,2024,70.0,1.25,9,1,601,0
CAL-07850,CALI,SUSTANCIAS,Comisaria_3_Familia_Cali,2022,70.0,0.9,6,0,394,1
CAL-07851,CALI,ALIMENTOS,Juzgado_2_Familia_Cali,2023,70.0,1.3,4,0,561,1
CAL-07852,CALI,SUSTANCIAS,Comisaria_1_Familia_Cali,2024,70.0,1.25,4,1,619,1
CAL-07853,CALI,ALIMENTOS,Comisaria_3_Familia_Cali,2020,70.0,0.9,1,0,394,1
CAL-07854,CALI,SUSTANCIAS,Juzgado_5_Familia_Cali,2023,70.0,0.95,6,0,435,1
CAL-07855,CALI,VIF,Juzgado_5_Familia_Cali,2022,70.0,0.95,5,0,405,1
CAL-07856,CALI,HURTO_PATRIMONIAL,Juzgado_5_Familia_Cali,2024,70.0,0.95,13,0,592,1
CAL-07857,CALI,VIF,Comisaria_1_Familia_Cali,2020,70.0,1.25,2,0,229,0
CAL-07858,CALI,SUSTANCIAS,Comisaria_3_Familia_Cali,2024,70.0,0.9,6,0,421,1
CAL-07859,CALI,SUSTANCIAS,Juzgado_1_Familia_Cali,2024,70.0,1.45,1,1,651,1
CAL-07860,CALI,VIF,Comisaria_3_Familia_Cali,2023,70.0,0.9,3,0,377,1
CAL-07861,CALI,ALIMENTOS,Comisaria_2_Familia_Cali,2022,70.0,1.1,2,1,614,1
CAL-07862,CALI,VIF,Comisaria_3_Familia_Cali,2024,70.0,0.9,2,0,380,1
CAL-07863,CALI,ALIMENTOS,Comisaria_1_Familia_Cali,2020,70.0,1.25,5,0,522,1
CAL-07864,CALI,HURTO_PATRIMONIAL,Juzgado_4_Familia_Cali,2022,70.0,1.1,2,0,513,1
CAL-07865,CALI,VIF,Juzgado_5_Familia_Cali,2023,70.0,0.95,5,0,383,1
CAL-07866,CALI,ALIMENTOS,Juzgado_3_Familia_Cali,2020,70.0,1.2,3,1,661,1
CAL-07867,CALI,SUSTANCIAS,Juzgado_Penal_Municipal_2_Cali,2023,70.0,1.15,2,1,563,1
CAL-07868,CALI,VIF,Comisaria_2_Familia_Cali,2020,70.0,1.1,2,0,374,1
CAL-07869,CALI,HURTO_PATRIMONIAL,Juzgado_Penal_Municipal_1_Cali,2021,70.0,1.35,4,1,730,1
CAL-07870,CALI,SUSTANCIAS,Juzgado_Penal_Municipal_1_Cali,2022,70.0,1.35,2,0,475,1
CAL-07871,CALI,VIF,Juzgado_Penal_Municipal_1_Cali,2023,70.0,1.35,4,0,482,1
CAL-07872,CALI,ALIMENTOS,Juzgado_Penal_Municipal_2_Cali,2022,70.0,1.15,2,0,492,1
CAL-07873,CALI,ALIMENTOS,Juzgado_2_Familia_Cali,2022,70.0,1.3,5,1,686,1
CAL-07874,CALI,VIF,Juzgado_1_Familia_Cali,2023,70.0,1.45,3,0,476,1
CAL-07875,CALI,HURTO_PATRIMONIAL,Juzgado_Penal_Municipal_2_Cali,2022,70.0,1.15,2,0,482,1
CAL-07876,CALI,HURTO_PATRIMONIAL,Juzgado_2_Familia_Cali,2024,70.0,1.3,1,1,721,1
CAL-07877,CALI,VIF,Comisaria_3_Familia_Cali,2023,70.0,0.9,5,0,377,1
CAL-07878,CALI,HURTO_PATRIMONIAL,Juzgado_5_Familia_Cali,2024,70.0,0.95,11,0,542,1
CAL-07879,CALI,VIF,Comisaria_1_Familia_Cali,2022,70.0,1.25,1,0,415,1
CAL-07880,CALI,ALIMENTOS,Comisaria_3_Familia_Cali,2023,70.0,0.9,4,1,561,1
CAL-07881,CALI,VIF,Juzgado_1_Familia_Cali,2023,70.0,1.45,14,0,496,0
CAL-07882,CALI,HURTO_PATRIMONIAL,Juzgado_2_Familia_Cali,2023,70.0,1.3,1,0,546,1
CAL-07883,CALI,ALIMENTOS,Juzgado_2_Familia_Cali,2021,70.0,1.3,2,0,495,1
CAL-07884,CALI,ALIMENTOS,Comisaria_3_Familia_Cali,2022,70.0,0.9,2,0,456,1
CAL-07885,CALI,VIF,Juzgado_3_Familia_Cali,2023,70.0,1.2,8,0,497,1
CAL-07886,CALI,ALIMENTOS,Juzgado_Penal_Municipal_2_Cali,2021,70.0,1.15,3,1,639,1
CAL-07887,CALI,VIF,Juzgado_2_Familia_Cali,2023,70.0,1.3,13,0,520,1
CAL-07888,CALI,VIF,Comisaria_2_Familia_Cali,2024,70.0,1.1,9,0,450,1
CAL-07889,CALI,HURTO_PATRIMONIAL,Juzgado_4_Familia_Cali,2024,70.0,1.1,1,0,304,0
CAL-07890,CALI,ALIMENTOS,Juzgado_Penal_Municipal_2_Cali,2021,70.0,1.15,2,0,463,1
CAL-07891,CALI,ALIMENTOS,Juzgado_5_Familia_Cali,2022,70.0,0.95,5,1,663,1
CAL-07892,CALI,ALIMENTOS,Juzgado_2_Familia_Cali,2021,70.0,1.3,5,1,507,0
CAL-07893,CALI,VIF,Juzgado_2_Familia_Cali,2022,70.0,1.3,8,0,352,0
CAL-07894,CALI,VIF,Juzgado_4_Familia_Cali,2022,70.0,1.1,3,0,381,1
CAL-07895,CALI,VIF,Juzgado_4_Familia_Cali,2024,70.0,1.1,5,0,437,1
CAL-07896,CALI,HURTO_PATRIMONIAL,Juzgado_2_Familia_Cali,2021,70.0,1.3,3,0,630,1
CAL-07897,CALI,SUSTANCIAS,Juzgado_3_Familia_Cali,2021,70.0,1.2,4,0,478,1
CAL-07898,CALI,HURTO_PATRIMONIAL,Comisaria_3_Familia_Cali,2022,70.0,0.9,7,0,498,1
CAL-07899,CALI,HURTO_PATRIMONIAL,Juzgado_1_Familia_Cali,2024,70.0,1.45,4,0,639,1
CAL-07900,CALI,VIF,Comisaria_2_Familia_Cali,2022,70.0,1.1,10,0,309,0
CAL-07901,CALI,VIF,Juzgado_4_Familia_Cali,2022,70.0,1.1,4,0,390,1
CAL-07902,CALI,ALIMENTOS,Comisaria_2_Familia_Cali,2023,70.0,1.1,7,0,524,1
CAL-07903,CALI,HURTO_PATRIMONIAL,Juzgado_Penal_Municipal_2_Cali,2023,70.0,1.15,2,0,339,0
CAL-07904,CALI,ALIMENTOS,Comisaria_3_Familia_Cali,2023,70.0,0.9,1,0,422,1
CAL-07905,CALI,HURTO_PATRIMONIAL,Juzgado_1_Familia_Cali,2020,70.0,1.45,5,1,587,0
CAL-07906,CALI,ALIMENTOS,Juzgado_4_Familia_Cali,2024,70.0,1.1,6,0,508,1
CAL-07907,CALI,VIF,Juzgado_Penal_Municipal_1_Cali,2020,70.0,1.35,5,1,619,1
CAL-07908,CALI,HURTO_PATRIMONIAL,Comisaria_1_Familia_Cali,2023,70.0,1.25,1,0,507,1
CAL-07909,CALI,ALIMENTOS,Comisaria_2_Familia_Cali,2020,70.0,1.1,5,1,637,1
CAL-07910,CALI,HURTO_PATRIMONIAL,Juzgado_1_Familia_Cali,2022,70.0,1.45,7,0,671,1
CAL-07911,CALI,HURTO_PATRIMONIAL,Juzgado_5_Familia_Cali,2023,70.0,0.95,2,0,485,1
CAL-07912,CALI,VIF,Juzgado_2_Familia_Cali,2023,70.0,1.3,7,1,635,1
CAL-07913,CALI,VIF,Juzgado_1_Familia_Cali,2022,70.0,1.45,9,0,532,1
CAL-07914,CALI,ALIMENTOS,Juzgado_5_Familia_Cali,2023,70.0,0.95,7,0,519,1
CAL-07915,CALI,VIF,Juzgado_3_Familia_Cali,2024,70.0,1.2,3,0,434,1
CAL-07916,CALI,ALIMENTOS,Juzgado_Penal_Municipal_1_Cali,2024,70.0,1.35,3,1,730,1
CAL-07917,CALI,HURTO_PATRIMONIAL,Juzgado_2_Familia_Cali,2023,70.0,1.3,6,0,636,1
CAL-07918,CALI,HURTO_PATRIMONIAL,Juzgado_Penal_Municipal_2_Cali,2022,70.0,1.15,2,0,250,0
CAL-07919,CALI,ALIMENTOS,Juzgado_Penal_Municipal_1_Cali,2021,70.0,1.35,1,1,679,1
CAL-07920,CALI,VIF,Juzgado_3_Familia_Cali,2020,70.0,1.2,12,0,510,1
CAL-07921,CALI,VIF,Juzgado_2_Familia_Cali,2023,70.0,1.3,1,1,455,0
CAL-07922,CALI,VIF,Juzgado_1_Familia_Cali,2024,70.0,1.45,1,0,435,1
CAL-07923,CALI,HURTO_PATRIMONIAL,Juzgado_2_Familia_Cali,2023,70.0,1.3,6,0,595,1
CAL-07924,CALI,ALIMENTOS,Juzgado_1_Familia_Cali,2020,70.0,1.45,4,0,552,1
CAL-07925,CALI,ALIMENTOS,Juzgado_5_Familia_Cali,2023,70.0,0.95,1,1,583,1
CAL-07926,CALI,HURTO_PATRIMONIAL,Comisaria_1_Familia_Cali,2024,70.0,1.25,2,0,554,1
CAL-07927,CALI,VIF,Comisaria_1_Familia_Cali,2020,70.0,1.25,13,0,390,0
CAL-07928,CALI,VIF,Juzgado_3_Familia_Cali,2020,70.0,1.2,4,0,217,0
CAL-07929,CALI,VIF,Comisaria_3_Familia_Cali,2021,70.0,0.9,6,1,556,1
CAL-07930,CALI,ALIMENTOS,Comisaria_3_Familia_Cali,2021,70.0,0.9,5,0,427,1
CAL-07931,CALI,SUSTANCIAS,Comisaria_3_Familia_Cali,2021,70.0,0.9,12,0,479,1
CAL-07932,CALI,ALIMENTOS,Juzgado_1_Familia_Cali,2023,70.0,1.45,10,1,352,0
CAL-07933,CALI,ALIMENTOS,Comisaria_3_Familia_Cali,2023,70.0,0.9,10,0,483,1
CAL-07934,CALI,ALIMENTOS,Comisaria_1_Familia_Cali,2024,70.0,1.25,2,1,661,1
CAL-07935,CALI,ALIMENTOS,Juzgado_3_Familia_Cali,2020,70.0,1.2,3,1,660,1
CAL-07936,CALI,HURTO_PATRIMONIAL,Juzgado_5_Familia_Cali,2024,70.0,0.95,5,1,639,1
CAL-07937,CALI,SUSTANCIAS,Juzgado_Penal_Municipal_2_Cali,2023,70.0,1.15,2,0,452,1
CAL-07938,CALI,VIF,Juzgado_1_Familia_Cali,2024,70.0,1.45,4,0,493,1
CAL-07939,CALI,SUSTANCIAS,Juzgado_3_Familia_Cali,2022,70.0,1.2,1,0,438,1
CAL-07940,CALI,SUSTANCIAS,Juzgado_1_Familia_Cali,2023,70.0,1.45,3,0,491,1
CAL-07941,CALI,HURTO_PATRIMONIAL,Juzgado_1_Familia_Cali,2020,70.0,1.45,1,0,628,1
CAL-07942,CALI,ALIMENTOS,Comisaria_1_Familia_Cali,2023,70.0,1.25,7,1,703,1
CAL-07943,CALI,VIF,Comisaria_3_Familia_Cali,2024,70.0,0.9,7,1,563,1
CAL-07944,CALI,HURTO_PATRIMONIAL,Juzgado_4_Familia_Cali,2021,70.0,1.1,3,0,536,1
CAL-07945,CALI,ALIMENTOS,Comisaria_2_Familia_Cali,2021,70.0,1.1,1,1,622,1
CAL-07946,CALI,HURTO_PATRIMONIAL,Juzgado_1_Familia_Cali,2020,70.0,1.45,2,1,623,0
CAL-07947,CALI,HURTO_PATRIMONIAL,Juzgado_Penal_Municipal_2_Cali,2024,70.0,1.15,6,0,567,1
CAL-07948,CALI,ALIMENTOS,Juzgado_1_Familia_Cali,2023,70.0,1.45,5,0,612,1
CAL-07949,CALI,HURTO_PATRIMONIAL,Juzgado_5_Familia_Cali,2024,70.0,0.95,7,1,677,1
CAL-07950,CALI,ALIMENTOS,Juzgado_4_Familia_Cali,2024,70.0,1.1,6,0,524,1
CAL-07951,CALI,VIF,Juzgado_Penal_Municipal_1_Cali,2021,70.0,1.35,2,1,592,1
CAL-07952,CALI,VIF,Comisaria_1_Familia_Cali,2024,70.0,1.25,4,0,467,1
CAL-07953,CALI,ALIMENTOS,Comisaria_1_Familia_Cali,2022,70.0,1.25,2,0,505,1
CAL-07954,CALI,ALIMENTOS,Juzgado_1_Familia_Cali,2021,70.0,1.45,8,0,588,1
CAL-07955,CALI,VIF,Comisaria_2_Familia_Cali,2024,70.0,1.1,6,0,432,1
CAL-07956,CALI,ALIMENTOS,Comisaria_3_Familia_Cali,2024,70.0,0.9,4,0,429,1
CAL-07957,CALI,VIF,Juzgado_1_Familia_Cali,2024,70.0,1.45,11,0,569,1
CAL-07958,CALI,VIF,Juzgado_3_Familia_Cali,2023,70.0,1.2,2,0,410,1
CAL-07959,CALI,VIF,Juzgado_2_Familia_Cali,2024,70.0,1.3,8,0,287,0
CAL-07960,CALI,ALIMENTOS,Comisaria_3_Familia_Cali,2023,70.0,0.9,3,1,586,1
CAL-07961,CALI,VIF,Juzgado_Penal_Municipal_1_Cali,2022,70.0,1.35,5,0,258,0
CAL-07962,CALI,VIF,Comisaria_3_Familia_Cali,2023,70.0,0.9,2,0,376,1
CAL-07963,CALI,HURTO_PATRIMONIAL,Juzgado_1_Familia_Cali,2021,70.0,1.45,6,0,611,1
CAL-07964,CALI,ALIMENTOS,Juzgado_3_Familia_Cali,2020,70.0,1.2,5,1,702,1
CAL-07965,CALI,ALIMENTOS,Juzgado_1_Familia_Cali,2022,70.0,1.45,3,0,446,0
CAL-07966,CALI,ALIMENTOS,Comisaria_1_Familia_Cali,2024,70.0,1.25,9,0,554,1
CAL-07967,CALI,SUSTANCIAS,Comisaria_1_Familia_Cali,2020,70.0,1.25,7,1,278,0
CAL-07968,CALI,VIF,Juzgado_5_Familia_Cali,2021,70.0,0.95,5,0,390,1
CAL-07969,CALI,ALIMENTOS,Juzgado_3_Familia_Cali,2024,70.0,1.2,3,1,414,0
CAL-07970,CALI,VIF,Juzgado_1_Familia_Cali,2020,70.0,1.45,7,0,252,0
CAL-07971,CALI,ALIMENTOS,Juzgado_1_Familia_Cali,2022,70.0,1.45,1,0,523,1
CAL-07972,CALI,ALIMENTOS,Juzgado_3_Familia_Cali,2021,70.0,1.2,11,0,595,1
CAL-07973,CALI,VIF,Juzgado_4_Familia_Cali,2020,70.0,1.1,2,0,286,0
CAL-07974,CALI,ALIMENTOS,Comisaria_3_Familia_Cali,2024,70.0,0.9,4,0,436,1
CAL-07975,CALI,ALIMENTOS,Juzgado_4_Familia_Cali,2022,70.0,1.1,1,0,475,1
CAL-07976,CALI,ALIMENTOS,Juzgado_3_Familia_Cali,2022,70.0,1.2,5,1,710,1
CAL-07977,CALI,ALIMENTOS,Juzgado_3_Familia_Cali,2024,70.0,1.2,5,1,510,0
CAL-07978,CALI,ALIMENTOS,Juzgado_1_Familia_Cali,2023,70.0,1.45,8,0,621,1
CAL-07979,CALI,ALIMENTOS,Comisaria_1_Familia_Cali,2024,70.0,1.25,3,1,707,1
CAL-07980,CALI,SUSTANCIAS,Juzgado_3_Familia_Cali,2022,70.0,1.2,13,0,546,1
CAL-07981,CALI,ALIMENTOS,Juzgado_Penal_Municipal_1_Cali,2024,70.0,1.35,4,1,707,1
CAL-07982,CALI,VIF,Comisaria_3_Familia_Cali,2022,70.0,0.9,4,0,184,0
CAL-07983,CALI,ALIMENTOS,Juzgado_5_Familia_Cali,2024,70.0,0.95,5,1,653,1
CAL-07984,CALI,ALIMENTOS,Juzgado_5_Familia_Cali,2022,70.0,0.95,11,0,538,1
CAL-07985,CALI,ALIMENTOS,Comisaria_2_Familia_Cali,2020,70.0,1.1,1,0,434,1
CAL-07986,CALI,VIF,Juzgado_5_Familia_Cali,2022,70.0,0.95,1,0,387,1
CAL-07987,CALI,VIF,Juzgado_1_Familia_Cali,2023,70.0,1.45,4,0,492,1
CAL-07988,CALI,HURTO_PATRIMONIAL,Juzgado_Penal_Municipal_1_Cali,2021,70.0,1.35,4,0,591,1
CAL-07989,CALI,VIF,Comisaria_2_Familia_Cali,2022,70.0,1.1,9,1,430,0
CAL-07990,CALI,ALIMENTOS,Comisaria_1_Familia_Cali,2020,70.0,1.25,1,0,355,0
CAL-07991,CALI,SUSTANCIAS,Comisaria_2_Familia_Cali,2021,70.0,1.1,7,1,602,1
CAL-07992,CALI,VIF,Comisaria_3_Familia_Cali,2024,70.0,0.9,4,1,533,1
CAL-07993,CALI,ALIMENTOS,Juzgado_Penal_Municipal_2_Cali,2023,70.0,1.15,4,0,520,1
CAL-07994,CALI,VIF,Comisaria_2_Familia_Cali,2023,70.0,1.1,7,0,440,1
CAL-07995,CALI,SUSTANCIAS,Juzgado_4_Familia_Cali,2024,70.0,1.1,10,0,332,0
CAL-07996,CALI,HURTO_PATRIMONIAL,Comisaria_1_Familia_Cali,2021,70.0,1.25,3,1,728,1
CAL-07997,CALI,VIF,Juzgado_Penal_Municipal_2_Cali,2024,70.0,1.15,5,0,421,1
CAL-07998,CALI,ALIMENTOS,Comisaria_1_Familia_Cali,2024,70.0,1.25,4,1,689,1
CAL-07999,CALI,HURTO_PATRIMONIAL,Juzgado_3_Familia_Cali,2024,70.0,1.2,3,0,325,0
CAL-08000,CALI,VIF,Comisaria_1_Familia_Cali,2021,70.0,1.25,2,0,432,1
CAL-08001,CALI,HURTO_PATRIMONIAL,Juzgado_5_Familia_Cali,2022,70.0,0.95,1,1,600,1
CAL-08002,CALI,SUSTANCIAS,Comisaria_3_Familia_Cali,2024,70.0,0.9,10,0,437,1
CAL-08003,CALI,SUSTANCIAS,Juzgado_1_Familia_Cali,2024,70.0,1.45,4,0,511,1
CAL-08004,CALI,VIF,Comisaria_1_Familia_Cali,2021,70.0,1.25,6,0,449,1
CAL-08005,CALI,HURTO_PATRIMONIAL,Comisaria_1_Familia_Cali,2024,70.0,1.25,3,0,578,1
CAL-08006,CALI,ALIMENTOS,Juzgado_Penal_Municipal_1_Cali,2024,70.0,1.35,4,0,573,1
CAL-08007,CALI,SUSTANCIAS,Juzgado_Penal_Municipal_1_Cali,2020,70.0,1.35,1,0,471,1
CAL-08008,CALI,HURTO_PATRIMONIAL,Juzgado_5_Familia_Cali,2021,70.0,0.95,6,0,470,1
CAL-08009,CALI,VIF,Comisaria_2_Familia_Cali,2024,70.0,1.1,5,0,425,1
CAL-08010,CALI,VIF,Juzgado_Penal_Municipal_2_Cali,2020,70.0,1.15,2,1,555,1
CAL-08011,CALI,VIF,Juzgado_Penal_Municipal_2_Cali,2023,70.0,1.15,1,0,390,1
CAL-08012,CALI,VIF,Juzgado_Penal_Municipal_2_Cali,2024,70.0,1.15,3,0,412,1
CAL-08013,CALI,SUSTANCIAS,Juzgado_2_Familia_Cali,2022,70.0,1.3,10,1,676,1
CAL-08014,CALI,ALIMENTOS,Juzgado_Penal_Municipal_1_Cali,2023,70.0,1.35,2,0,543,1
CAL-08015,CALI,SUSTANCIAS,Juzgado_Penal_Municipal_1_Cali,2024,70.0,1.35,7,0,520,1
CAL-08016,CALI,SUSTANCIAS,Comisaria_1_Familia_Cali,2024,70.0,1.25,1,0,453,1
CAL-08017,CALI,ALIMENTOS,Comisaria_1_Familia_Cali,2020,70.0,1.25,4,0,509,1
CAL-08018,CALI,VIF,Juzgado_5_Familia_Cali,2023,70.0,0.95,1,0,347,1
CAL-08019,CALI,ALIMENTOS,Juzgado_1_Familia_Cali,2020,70.0,1.45,4,0,592,1
CAL-08020,CALI,VIF,Juzgado_5_Familia_Cali,2022,70.0,0.95,5,0,370,1
CAL-08021,CALI,ALIMENTOS,Comisaria_1_Familia_Cali,2023,70.0,1.25,3,1,687,1
CAL-08022,CALI,HURTO_PATRIMONIAL,Juzgado_3_Familia_Cali,2023,70.0,1.2,3,0,524,1
CAL-08023,CALI,ALIMENTOS,Juzgado_2_Familia_Cali,2023,70.0,1.3,5,1,690,1
CAL-08024,CALI,HURTO_PATRIMONIAL,Juzgado_Penal_Municipal_1_Cali,2022,70.0,1.35,5,0,586,1
CAL-08025,CALI,ALIMENTOS,Juzgado_1_Familia_Cali,2024,70.0,1.45,4,0,572,1
CAL-08026,CALI,VIF,Comisaria_3_Familia_Cali,2024,70.0,0.9,5,0,363,1
CAL-08027,CALI,HURTO_PATRIMONIAL,Comisaria_3_Familia_Cali,2024,70.0,0.9,2,0,492,1
CAL-08028,CALI,ALIMENTOS,Juzgado_4_Familia_Cali,2021,70.0,1.1,4,1,624,1
CAL-08029,CALI,VIF,Comisaria_1_Familia_Cali,2022,70.0,1.25,15,0,555,1
CAL-08030,CALI,VIF,Comisaria_1_Familia_Cali,2024,70.0,1.25,2,0,428,1
CAL-08031,CALI,VIF,Comisaria_3_Familia_Cali,2024,70.0,0.9,3,0,307,0
CAL-08032,CALI,VIF,Juzgado_3_Familia_Cali,2020,70.0,1.2,1,0,407,1
CAL-08033,CALI,ALIMENTOS,Comisaria_3_Familia_Cali,2024,70.0,0.9,3,1,602,1
CAL-08034,CALI,SUSTANCIAS,Comisaria_2_Familia_Cali,2024,70.0,1.1,1,1,585,1
CAL-08035,CALI,ALIMENTOS,Juzgado_3_Familia_Cali,2022,70.0,1.2,2,1,678,1
CAL-08036,CALI,SUSTANCIAS,Juzgado_Penal_Municipal_1_Cali,2024,70.0,1.35,2,1,644,1
CAL-08037,CALI,VIF,Juzgado_5_Familia_Cali,2022,70.0,0.95,5,0,330,0
CAL-08038,CALI,VIF,Juzgado_2_Familia_Cali,2021,70.0,1.3,2,0,418,1
CAL-08039,CALI,VIF,Juzgado_Penal_Municipal_1_Cali,2021,70.0,1.35,2,0,400,1
CAL-08040,CALI,VIF,Comisaria_3_Familia_Cali,2022,70.0,0.9,3,1,539,1
CAL-08041,CALI,VIF,Juzgado_Penal_Municipal_1_Cali,2024,70.0,1.35,1,0,457,1
CAL-08042,CALI,HURTO_PATRIMONIAL,Comisaria_1_Familia_Cali,2022,70.0,1.25,3,1,718,1
CAL-08043,CALI,VIF,Comisaria_2_Familia_Cali,2021,70.0,1.1,7,0,467,1
CAL-08044,CALI,SUSTANCIAS,Comisaria_1_Familia_Cali,2023,70.0,1.25,9,0,500,1
CAL-08045,CALI,VIF,Juzgado_3_Familia_Cali,2024,70.0,1.2,3,0,416,1
CAL-08046,CALI,ALIMENTOS,Juzgado_2_Familia_Cali,2024,70.0,1.3,7,1,414,0
CAL-08047,CALI,ALIMENTOS,Juzgado_Penal_Municipal_2_Cali,2021,70.0,1.15,13,1,584,0
CAL-08048,CALI,SUSTANCIAS,Juzgado_Penal_Municipal_1_Cali,2023,70.0,1.35,3,0,484,1
CAL-08049,CALI,ALIMENTOS,Juzgado_Penal_Municipal_1_Cali,2023,70.0,1.35,3,0,581,1
CAL-08050,CALI,HURTO_PATRIMONIAL,Juzgado_1_Familia_Cali,2022,70.0,1.45,4,1,491,0
CAL-08051,CALI,VIF,Comisaria_3_Familia_Cali,2021,70.0,0.9,9,1,573,1
CAL-08052,CALI,VIF,Juzgado_3_Familia_Cali,2023,70.0,1.2,5,1,598,1
CAL-08053,CALI,HURTO_PATRIMONIAL,Juzgado_4_Familia_Cali,2022,70.0,1.1,1,1,645,1
CAL-08054,CALI,SUSTANCIAS,Juzgado_5_Familia_Cali,2021,70.0,0.95,3,0,378,1
CAL-08055,CALI,ALIMENTOS,Juzgado_3_Familia_Cali,2023,70.0,1.2,3,0,494,1
CAL-08056,CALI,ALIMENTOS,Juzgado_5_Familia_Cali,2022,70.0,0.95,6,0,443,1
CAL-08057,CALI,VIF,Comisaria_1_Familia_Cali,2023,70.0,1.25,5,1,630,1
CAL-08058,CALI,ALIMENTOS,Juzgado_2_Familia_Cali,2022,70.0,1.3,5,1,724,1
CAL-08059,CALI,HURTO_PATRIMONIAL,Juzgado_Penal_Municipal_2_Cali,2021,70.0,1.15,2,0,600,1
CAL-08060,CALI,HURTO_PATRIMONIAL,Juzgado_4_Familia_Cali,2024,70.0,1.1,5,1,712,1
CAL-08061,CALI,ALIMENTOS,Juzgado_Penal_Municipal_2_Cali,2022,70.0,1.15,5,0,493,1
CAL-08062,CALI,ALIMENTOS,Comisaria_3_Familia_Cali,2022,70.0,0.9,3,1,579,1
CAL-08063,CALI,ALIMENTOS,Comisaria_3_Familia_Cali,2024,70.0,0.9,3,0,435,1
CAL-08064,CALI,SUSTANCIAS,Comisaria_1_Familia_Cali,2022,70.0,1.25,5,0,481,1
CAL-08065,CALI,SUSTANCIAS,Juzgado_2_Familia_Cali,2021,70.0,1.3,4,0,450,1
CAL-08066,CALI,HURTO_PATRIMONIAL,Juzgado_2_Familia_Cali,2023,70.0,1.3,7,0,545,1
CAL-08067,CALI,ALIMENTOS,Juzgado_3_Familia_Cali,2024,70.0,1.2,4,1,690,1
CAL-08068,CALI,ALIMENTOS,Comisaria_1_Familia_Cali,2023,70.0,1.25,6,0,587,1
CAL-08069,CALI,SUSTANCIAS,Juzgado_1_Familia_Cali,2024,70.0,1.45,3,1,669,1
CAL-08070,CALI,VIF,Juzgado_1_Familia_Cali,2022,70.0,1.45,5,0,481,1
CAL-08071,CALI,ALIMENTOS,Juzgado_Penal_Municipal_1_Cali,2021,70.0,1.35,1,0,564,1
CAL-08072,CALI,ALIMENTOS,Juzgado_1_Familia_Cali,2020,70.0,1.45,11,0,606,1
CAL-08073,CALI,ALIMENTOS,Juzgado_2_Familia_Cali,2022,70.0,1.3,1,0,332,0
CAL-08074,CALI,ALIMENTOS,Comisaria_2_Familia_Cali,2021,70.0,1.1,1,0,459,1
CAL-08075,CALI,VIF,Comisaria_2_Familia_Cali,2024,70.0,1.1,2,1,555,1
CAL-08076,CALI,VIF,Comisaria_3_Familia_Cali,2023,70.0,0.9,8,0,407,1
CAL-08077,CALI,HURTO_PATRIMONIAL,Juzgado_5_Familia_Cali,2023,70.0,0.95,4,0,515,1
CAL-08078,CALI,SUSTANCIAS,Comisaria_3_Familia_Cali,2024,70.0,0.9,3,1,567,1
CAL-08079,CALI,VIF,Juzgado_Penal_Municipal_1_Cali,2023,70.0,1.35,1,0,444,1
CAL-08080,CALI,ALIMENTOS,Juzgado_3_Familia_Cali,2024,70.0,1.2,7,0,588,1
CAL-08081,CALI,ALIMENTOS,Juzgado_1_Familia_Cali,2024,70.0,1.45,8,1,540,0
CAL-08082,CALI,VIF,Juzgado_1_Familia_Cali,2024,70.0,1.45,8,1,665,1
CAL-08083,CALI,VIF,Comisaria_3_Familia_Cali,2022,70.0,0.9,4,0,370,1
CAL-08084,CALI,ALIMENTOS,Juzgado_5_Familia_Cali,2024,70.0,0.95,6,1,594,1
CAL-08085,CALI,VIF,Comisaria_3_Familia_Cali,2023,70.0,0.9,4,0,392,1
CAL-08086,CALI,VIF,Juzgado_Penal_Municipal_2_Cali,2023,70.0,1.15,1,0,384,1
CAL-08087,CALI,HURTO_PATRIMONIAL,Juzgado_Penal_Municipal_1_Cali,2020,70.0,1.35,3,1,718,1
CAL-08088,CALI,VIF,Juzgado_1_Familia_Cali,2024,70.0,1.45,8,0,365,0
CAL-08089,CALI,VIF,Juzgado_5_Familia_Cali,2020,70.0,0.95,4,0,348,1
CAL-08090,CALI,VIF,Juzgado_Penal_Municipal_1_Cali,2022,70.0,1.35,7,1,641,1
CAL-08091,CALI,VIF,Juzgado_1_Familia_Cali,2023,70.0,1.45,3,1,610,1
CAL-08092,CALI,HURTO_PATRIMONIAL,Juzgado_2_Familia_Cali,2024,70.0,1.3,7,0,617,1
CAL-08093,CALI,ALIMENTOS,Juzgado_4_Familia_Cali,2024,70.0,1.1,3,0,479,1
CAL-08094,CALI,ALIMENTOS,Comisaria_2_Familia_Cali,2020,70.0,1.1,6,0,497,1
CAL-08095,CALI,ALIMENTOS,Comisaria_2_Familia_Cali,2024,70.0,1.1,1,0,226,0
CAL-08096,CALI,VIF,Juzgado_Penal_Municipal_1_Cali,2023,70.0,1.35,4,0,480,1
CAL-08097,CALI,HURTO_PATRIMONIAL,Comisaria_1_Familia_Cali,2024,70.0,1.25,13,1,524,0
CAL-08098,CALI,ALIMENTOS,Juzgado_5_Familia_Cali,2024,70.0,0.95,3,0,449,1
CAL-08099,CALI,SUSTANCIAS,Juzgado_Penal_Municipal_2_Cali,2021,70.0,1.15,7,0,208,0
CAL-08100,CALI,VIF,Juzgado_1_Familia_Cali,2020,70.0,1.45,5,0,463,1
CAL-08101,CALI,HURTO_PATRIMONIAL,Juzgado_5_Familia_Cali,2023,70.0,0.95,1,1,612,1
CAL-08102,CALI,VIF,Comisaria_2_Familia_Cali,2024,70.0,1.1,2,0,399,1
CAL-08103,CALI,VIF,Juzgado_2_Familia_Cali,2024,70.0,1.3,3,0,457,1
CAL-08104,CALI,HURTO_PATRIMONIAL,Juzgado_1_Familia_Cali,2024,70.0,1.45,9,0,434,0
CAL-08105,CALI,VIF,Juzgado_5_Familia_Cali,2023,70.0,0.95,1,0,360,1
CAL-08106,CALI,VIF,Comisaria_3_Familia_Cali,2023,70.0,0.9,7,0,398,1
CAL-08107,CALI,VIF,Juzgado_1_Familia_Cali,2024,70.0,1.45,3,0,481,1
CAL-08108,CALI,VIF,Juzgado_1_Familia_Cali,2024,70.0,1.45,3,0,483,1
CAL-08109,CALI,ALIMENTOS,Comisaria_3_Familia_Cali,2024,70.0,0.9,5,1,601,1
CAL-08110,CALI,HURTO_PATRIMONIAL,Juzgado_4_Familia_Cali,2022,70.0,1.1,4,0,564,1
CAL-08111,CALI,VIF,Juzgado_3_Familia_Cali,2023,70.0,1.2,5,0,458,1
CAL-08112,CALI,SUSTANCIAS,Juzgado_5_Familia_Cali,2020,70.0,0.95,2,0,355,1
CAL-08113,CALI,VIF,Juzgado_Penal_Municipal_2_Cali,2022,70.0,1.15,7,0,439,1
CAL-08114,CALI,ALIMENTOS,Juzgado_Penal_Municipal_1_Cali,2024,70.0,1.35,1,1,710,1
CAL-08115,CALI,ALIMENTOS,Juzgado_3_Familia_Cali,2022,70.0,1.2,6,1,678,1
CAL-08116,CALI,VIF,Juzgado_1_Familia_Cali,2024,70.0,1.45,2,0,495,1
CAL-08117,CALI,VIF,Juzgado_Penal_Municipal_1_Cali,2024,70.0,1.35,8,0,508,1
CAL-08118,CALI,ALIMENTOS,Juzgado_5_Familia_Cali,2023,70.0,0.95,9,0,503,1
CAL-08119,CALI,ALIMENTOS,Comisaria_1_Familia_Cali,2022,70.0,1.25,1,1,671,1
CAL-08120,CALI,VIF,Juzgado_1_Familia_Cali,2024,70.0,1.45,3,0,467,1
CAL-08121,CALI,VIF,Juzgado_3_Familia_Cali,2022,70.0,1.2,1,0,417,1
CAL-08122,CALI,ALIMENTOS,Juzgado_1_Familia_Cali,2024,70.0,1.45,2,1,416,0
CAL-08123,CALI,VIF,Juzgado_5_Familia_Cali,2023,70.0,0.95,3,1,535,1
CAL-08124,CALI,SUSTANCIAS,Juzgado_5_Familia_Cali,2024,70.0,0.95,5,0,427,1
CAL-08125,CALI,VIF,Juzgado_5_Familia_Cali,2021,70.0,0.95,2,0,357,1
CAL-08126,CALI,ALIMENTOS,Juzgado_1_Familia_Cali,2021,70.0,1.45,3,0,551,1
CAL-08127,CALI,VIF,Juzgado_2_Familia_Cali,2024,70.0,1.3,2,0,458,1
CAL-08128,CALI,ALIMENTOS,Comisaria_2_Familia_Cali,2023,70.0,1.1,5,0,536,1
CAL-08129,CALI,VIF,Juzgado_5_Familia_Cali,2022,70.0,0.95,9,0,404,1
CAL-08130,CALI,VIF,Comisaria_2_Familia_Cali,2024,70.0,1.1,2,0,316,0
CAL-08131,CALI,VIF,Juzgado_5_Familia_Cali,2024,70.0,0.95,4,0,387,1
CAL-08132,CALI,VIF,Juzgado_2_Familia_Cali,2020,70.0,1.3,3,0,429,1
CAL-08133,CALI,VIF,Juzgado_4_Familia_Cali,2021,70.0,1.1,9,1,614,1
CAL-08134,CALI,ALIMENTOS,Comisaria_1_Familia_Cali,2023,70.0,1.25,5,0,531,1
CAL-08135,CALI,HURTO_PATRIMONIAL,Juzgado_Penal_Municipal_2_Cali,2023,70.0,1.15,7,0,565,1
CAL-08136,CALI,ALIMENTOS,Juzgado_1_Familia_Cali,2023,70.0,1.45,10,1,363,0
CAL-08137,CALI,HURTO_PATRIMONIAL,Juzgado_2_Familia_Cali,2022,70.0,1.3,3,1,491,0
CAL-08138,CALI,ALIMENTOS,Juzgado_4_Familia_Cali,2024,70.0,1.1,1,0,478,1
CAL-08139,CALI,ALIMENTOS,Juzgado_2_Familia_Cali,2023,70.0,1.3,4,0,555,1
CAL-08140,CALI,VIF,Juzgado_Penal_Municipal_1_Cali,2024,70.0,1.35,1,0,458,1
CAL-08141,CALI,HURTO_PATRIMONIAL,Juzgado_4_Familia_Cali,2023,70.0,1.1,4,1,598,0
CAL-08142,CALI,VIF,Juzgado_Penal_Municipal_2_Cali,2022,70.0,1.15,3,0,395,1
CAL-08143,CALI,VIF,Juzgado_4_Familia_Cali,2020,70.0,1.1,6,0,429,1
CAL-08144,CALI,VIF,Juzgado_3_Familia_Cali,2024,70.0,1.2,1,0,419,1
CAL-08145,CALI,ALIMENTOS,Juzgado_2_Familia_Cali,2022,70.0,1.3,3,0,518,1
CAL-08146,CALI,ALIMENTOS,Comisaria_1_Familia_Cali,2020,70.0,1.25,4,0,518,1
CAL-08147,CALI,ALIMENTOS,Comisaria_1_Familia_Cali,2024,70.0,1.25,3,1,687,1
CAL-08148,CALI,VIF,Juzgado_Penal_Municipal_2_Cali,2022,70.0,1.15,3,1,582,1
CAL-08149,CALI,SUSTANCIAS,Comisaria_2_Familia_Cali,2024,70.0,1.1,6,0,454,1
CAL-08150,CALI,ALIMENTOS,Comisaria_1_Familia_Cali,2023,70.0,1.25,7,1,702,1
CAL-08151,CALI,SUSTANCIAS,Juzgado_5_Familia_Cali,2023,70.0,0.95,6,0,417,1
CAL-08152,CALI,ALIMENTOS,Comisaria_2_Familia_Cali,2024,70.0,1.1,3,1,673,1
CAL-08153,CALI,ALIMENTOS,Juzgado_Penal_Municipal_2_Cali,2024,70.0,1.15,6,0,521,1
CAL-08154,CALI,VIF,Comisaria_1_Familia_Cali,2021,70.0,1.25,3,0,410,1
CAL-08155,CALI,HURTO_PATRIMONIAL,Juzgado_1_Familia_Cali,2023,70.0,1.45,2,0,585,1
CAL-08156,CALI,VIF,Juzgado_1_Familia_Cali,2024,70.0,1.45,13,0,581,1
CAL-08157,CALI,HURTO_PATRIMONIAL,Juzgado_1_Familia_Cali,2023,70.0,1.45,1,0,633,1
CAL-08158,CALI,ALIMENTOS,Juzgado_2_Familia_Cali,2022,70.0,1.3,4,1,686,1
CAL-08159,CALI,SUSTANCIAS,Juzgado_Penal_Municipal_1_Cali,2024,70.0,1.35,8,1,712,1
CAL-08160,CALI,ALIMENTOS,Juzgado_4_Familia_Cali,2023,70.0,1.1,2,1,410,0
CAL-08161,CALI,ALIMENTOS,Comisaria_2_Familia_Cali,2021,70.0,1.1,8,0,573,1
CAL-08162,CALI,ALIMENTOS,Comisaria_2_Familia_Cali,2024,70.0,1.1,16,1,610,0
CAL-08163,CALI,VIF,Juzgado_Penal_Municipal_2_Cali,2024,70.0,1.15,4,0,431,1
CAL-08164,CALI,ALIMENTOS,Comisaria_1_Familia_Cali,2021,70.0,1.25,6,0,569,1
CAL-08165,CALI,ALIMENTOS,Juzgado_2_Familia_Cali,2022,70.0,1.3,7,1,714,1
CAL-08166,CALI,VIF,Comisaria_3_Familia_Cali,2024,70.0,0.9,6,1,556,1
CAL-08167,CALI,VIF,Juzgado_2_Familia_Cali,2021,70.0,1.3,2,0,415,1
CAL-08168,CALI,VIF,Juzgado_Penal_Municipal_1_Cali,2022,70.0,1.35,8,0,338,0
CAL-08169,CALI,ALIMENTOS,Comisaria_1_Familia_Cali,2023,70.0,1.25,8,0,576,1
CAL-08170,CALI,VIF,Comisaria_1_Familia_Cali,2020,70.0,1.25,1,0,407,1
CAL-08171,CALI,ALIMENTOS,Comisaria_3_Familia_Cali,2022,70.0,0.9,7,1,606,1
CAL-08172,CALI,ALIMENTOS,Juzgado_3_Familia_Cali,2024,70.0,1.2,3,0,543,1
CAL-08173,CALI,ALIMENTOS,Juzgado_3_Familia_Cali,2022,70.0,1.2,2,0,505,1
CAL-08174,CALI,VIF,Comisaria_3_Familia_Cali,2024,70.0,0.9,1,0,361,1
CAL-08175,CALI,VIF,Juzgado_2_Familia_Cali,2020,70.0,1.3,1,0,427,1
CAL-08176,CALI,ALIMENTOS,Comisaria_1_Familia_Cali,2022,70.0,1.25,2,0,494,1
CAL-08177,CALI,ALIMENTOS,Juzgado_Penal_Municipal_1_Cali,2023,70.0,1.35,4,1,451,0
CAL-08178,CALI,VIF,Juzgado_3_Familia_Cali,2023,70.0,1.2,6,0,482,1
CAL-08179,CALI,ALIMENTOS,Juzgado_Penal_Municipal_1_Cali,2023,70.0,1.35,5,0,569,1
CAL-08180,CALI,HURTO_PATRIMONIAL,Juzgado_4_Familia_Cali,2023,70.0,1.1,1,0,551,1
CAL-08181,CALI,ALIMENTOS,Juzgado_1_Familia_Cali,2023,70.0,1.45,8,0,603,1
CAL-08182,CALI,VIF,Juzgado_4_Familia_Cali,2024,70.0,1.1,4,1,602,1
CAL-08183,CALI,ALIMENTOS,Juzgado_5_Familia_Cali,2020,70.0,0.95,12,0,300,0
CAL-08184,CALI,ALIMENTOS,Juzgado_5_Familia_Cali,2023,70.0,0.95,8,0,519,1
CAL-08185,CALI,ALIMENTOS,Juzgado_Penal_Municipal_2_Cali,2022,70.0,1.15,5,0,552,1
CAL-08186,CALI,VIF,Comisaria_3_Familia_Cali,2024,70.0,0.9,5,0,402,1
CAL-08187,CALI,VIF,Juzgado_2_Familia_Cali,2021,70.0,1.3,2,0,435,1
CAL-08188,CALI,ALIMENTOS,Juzgado_2_Familia_Cali,2022,70.0,1.3,7,0,577,1
CAL-08189,CALI,VIF,Juzgado_Penal_Municipal_2_Cali,2023,70.0,1.15,3,0,410,1
CAL-08190,CALI,VIF,Juzgado_3_Familia_Cali,2023,70.0,1.2,5,0,439,1
CAL-08191,CALI,HURTO_PATRIMONIAL,Comisaria_1_Familia_Cali,2024,70.0,1.25,1,0,489,0
CAL-08192,CALI,HURTO_PATRIMONIAL,Comisaria_2_Familia_Cali,2021,70.0,1.1,8,0,588,1
CAL-08193,CALI,VIF,Juzgado_4_Familia_Cali,2020,70.0,1.1,5,0,416,1
CAL-08194,CALI,VIF,Juzgado_1_Familia_Cali,2022,70.0,1.45,2,1,620,1
CAL-08195,CALI,HURTO_PATRIMONIAL,Juzgado_Penal_Municipal_2_Cali,2023,70.0,1.15,19,1,573,0
CAL-08196,CALI,ALIMENTOS,Juzgado_3_Familia_Cali,2020,70.0,1.2,14,1,575,0
CAL-08197,CALI,ALIMENTOS,Juzgado_Penal_Municipal_1_Cali,2021,70.0,1.35,3,1,691,1
CAL-08198,CALI,VIF,Comisaria_2_Familia_Cali,2023,70.0,1.1,7,1,603,1
CAL-08199,CALI,HURTO_PATRIMONIAL,Comisaria_1_Familia_Cali,2023,70.0,1.25,3,0,539,1
CAL-08200,CALI,VIF,Juzgado_3_Familia_Cali,2024,70.0,1.2,10,0,481,1
CAL-08201,CALI,ALIMENTOS,Comisaria_3_Familia_Cali,2024,70.0,0.9,6,1,598,1
CAL-08202,CALI,HURTO_PATRIMONIAL,Juzgado_2_Familia_Cali,2020,70.0,1.3,4,0,560,1
CAL-08203,CALI,VIF,Juzgado_Penal_Municipal_2_Cali,2023,70.0,1.15,7,0,442,1
CAL-08204,CALI,VIF,Comisaria_3_Familia_Cali,2021,70.0,0.9,6,0,393,1
CAL-08205,CALI,ALIMENTOS,Juzgado_Penal_Municipal_2_Cali,2021,70.0,1.15,3,0,469,1
CAL-08206,CALI,VIF,Comisaria_1_Familia_Cali,2021,70.0,1.25,5,0,443,1
CAL-08207,CALI,SUSTANCIAS,Juzgado_5_Familia_Cali,2024,70.0,0.95,4,1,576,1
CAL-08208,CALI,VIF,Comisaria_3_Familia_Cali,2024,70.0,0.9,13,0,482,1
CAL-08209,CALI,ALIMENTOS,Comisaria_1_Familia_Cali,2023,70.0,1.25,8,1,717,1
CAL-08210,CALI,ALIMENTOS,Comisaria_2_Familia_Cali,2021,70.0,1.1,3,0,502,1
CAL-08211,CALI,VIF,Comisaria_2_Familia_Cali,2022,70.0,1.1,4,0,417,1
CAL-08212,CALI,VIF,Juzgado_2_Familia_Cali,2020,70.0,1.3,5,1,580,1
CAL-08213,CALI,ALIMENTOS,Juzgado_Penal_Municipal_1_Cali,2023,70.0,1.35,6,0,283,0
CAL-08214,CALI,ALIMENTOS,Juzgado_2_Familia_Cali,2024,70.0,1.3,7,1,502,0
CAL-08215,CALI,VIF,Comisaria_3_Familia_Cali,2022,70.0,0.9,4,0,363,1
CAL-08216,CALI,HURTO_PATRIMONIAL,Juzgado_Penal_Municipal_1_Cali,2023,70.0,1.35,13,0,341,0
CAL-08217,CALI,ALIMENTOS,Comisaria_3_Familia_Cali,2024,70.0,0.9,5,0,453,1
CAL-08218,CALI,VIF,Juzgado_5_Familia_Cali,2020,70.0,0.95,3,0,351,1
CAL-08219,CALI,ALIMENTOS,Comisaria_3_Familia_Cali,2023,70.0,0.9,3,1,582,1
CAL-08220,CALI,VIF,Juzgado_Penal_Municipal_1_Cali,2022,70.0,1.35,5,0,461,1
CAL-08221,CALI,VIF,Comisaria_1_Familia_Cali,2024,70.0,1.25,2,1,592,1
CAL-08222,CALI,ALIMENTOS,Juzgado_1_Familia_Cali,2022,70.0,1.45,2,0,556,1
CAL-08223,CALI,VIF,Juzgado_Penal_Municipal_2_Cali,2023,70.0,1.15,1,0,389,1
CAL-08224,CALI,HURTO_PATRIMONIAL,Juzgado_4_Familia_Cali,2023,70.0,1.1,12,0,644,1
CAL-08225,CALI,ALIMENTOS,Juzgado_Penal_Municipal_1_Cali,2022,70.0,1.35,9,0,650,1
CAL-08226,CALI,ALIMENTOS,Comisaria_3_Familia_Cali,2022,70.0,0.9,10,0,266,0
CAL-08227,CALI,SUSTANCIAS,Juzgado_4_Familia_Cali,2021,70.0,1.1,6,0,469,1
CAL-08228,CALI,SUSTANCIAS,Juzgado_4_Familia_Cali,2023,70.0,1.1,3,0,392,1
CAL-08229,CALI,HURTO_PATRIMONIAL,Comisaria_3_Familia_Cali,2020,70.0,0.9,13,0,512,1
CAL-08230,CALI,ALIMENTOS,Juzgado_5_Familia_Cali,2022,70.0,0.95,5,0,475,1
CAL-08231,CALI,VIF,Juzgado_5_Familia_Cali,2024,70.0,0.95,8,0,437,1
CAL-08232,CALI,ALIMENTOS,Juzgado_Penal_Municipal_1_Cali,2024,70.0,1.35,4,0,552,1
CAL-08233,CALI,ALIMENTOS,Juzgado_Penal_Municipal_2_Cali,2023,70.0,1.15,5,0,479,1
CAL-08234,CALI,ALIMENTOS,Comisaria_3_Familia_Cali,2024,70.0,0.9,4,0,385,0
CAL-08235,CALI,HURTO_PATRIMONIAL,Comisaria_2_Familia_Cali,2023,70.0,1.1,7,0,607,1
CAL-08236,CALI,ALIMENTOS,Comisaria_2_Familia_Cali,2022,70.0,1.1,1,0,468,1
CAL-08237,CALI,ALIMENTOS,Juzgado_Penal_Municipal_2_Cali,2024,70.0,1.15,10,0,488,0
CAL-08238,CALI,ALIMENTOS,Comisaria_2_Familia_Cali,2024,70.0,1.1,8,1,680,1
CAL-08239,CALI,ALIMENTOS,Comisaria_3_Familia_Cali,2021,70.0,0.9,4,1,603,1
CAL-08240,CALI,ALIMENTOS,Comisaria_1_Familia_Cali,2021,70.0,1.25,6,1,681,1
CAL-08241,CALI,VIF,Juzgado_4_Familia_Cali,2022,70.0,1.1,6,1,601,1
CAL-08242,CALI,VIF,Juzgado_Penal_Municipal_1_Cali,2020,70.0,1.35,5,0,493,1
CAL-08243,CALI,VIF,Juzgado_Penal_Municipal_2_Cali,2024,70.0,1.15,6,0,443,1
CAL-08244,CALI,VIF,Juzgado_2_Familia_Cali,2024,70.0,1.3,5,1,614,1
CAL-08245,CALI,ALIMENTOS,Juzgado_1_Familia_Cali,2023,70.0,1.45,4,1,550,0
CAL-08246,CALI,VIF,Comisaria_1_Familia_Cali,2022,70.0,1.25,18,0,388,0
CAL-08247,CALI,HURTO_PATRIMONIAL,Juzgado_3_Familia_Cali,2022,70.0,1.2,2,0,584,1
CAL-08248,CALI,HURTO_PATRIMONIAL,Comisaria_3_Familia_Cali,2022,70.0,0.9,3,1,565,1
CAL-08249,CALI,ALIMENTOS,Juzgado_1_Familia_Cali,2024,70.0,1.45,3,0,548,1
CAL-08250,CALI,ALIMENTOS,Comisaria_2_Familia_Cali,2022,70.0,1.1,8,1,372,0
CAL-08251,CALI,ALIMENTOS,Juzgado_1_Familia_Cali,2024,70.0,1.45,4,0,620,1
CAL-08252,CALI,VIF,Comisaria_3_Familia_Cali,2023,70.0,0.9,5,0,387,1
CAL-08253,CALI,ALIMENTOS,Comisaria_3_Familia_Cali,2024,70.0,0.9,5,1,583,1
CAL-08254,CALI,VIF,Juzgado_4_Familia_Cali,2023,70.0,1.1,8,1,624,1
CAL-08255,CALI,SUSTANCIAS,Juzgado_2_Familia_Cali,2021,70.0,1.3,8,1,633,1
CAL-08256,CALI,ALIMENTOS,Juzgado_Penal_Municipal_2_Cali,2022,70.0,1.15,4,1,640,1
CAL-08257,CALI,ALIMENTOS,Comisaria_2_Familia_Cali,2022,70.0,1.1,6,0,527,1
CAL-08258,CALI,ALIMENTOS,Juzgado_5_Familia_Cali,2023,70.0,0.95,3,0,457,1
CAL-08259,CALI,VIF,Juzgado_4_Familia_Cali,2020,70.0,1.1,3,0,389,1
CAL-08260,CALI,ALIMENTOS,Juzgado_Penal_Municipal_2_Cali,2021,70.0,1.15,4,1,443,0
CAL-08261,CALI,ALIMENTOS,Juzgado_1_Familia_Cali,2024,70.0,1.45,1,0,564,1
CAL-08262,CALI,VIF,Juzgado_1_Familia_Cali,2022,70.0,1.45,4,1,344,0
CAL-08263,CALI,ALIMENTOS,Comisaria_1_Familia_Cali,2023,70.0,1.25,1,0,505,1
CAL-08264,CALI,VIF,Juzgado_5_Familia_Cali,2022,70.0,0.95,1,0,370,1
CAL-08265,CALI,HURTO_PATRIMONIAL,Juzgado_2_Familia_Cali,2022,70.0,1.3,3,0,592,1
CAL-08266,CALI,SUSTANCIAS,Juzgado_Penal_Municipal_1_Cali,2023,70.0,1.35,4,0,489,1
CAL-08267,CALI,ALIMENTOS,Juzgado_5_Familia_Cali,2022,70.0,0.95,8,1,439,0
CAL-08268,CALI,SUSTANCIAS,Comisaria_2_Familia_Cali,2024,70.0,1.1,5,0,450,1
CAL-08269,CALI,ALIMENTOS,Comisaria_2_Familia_Cali,2022,70.0,1.1,1,0,314,0
CAL-08270,CALI,VIF,Juzgado_1_Familia_Cali,2024,70.0,1.45,6,1,652,1
CAL-08271,CALI,ALIMENTOS,Juzgado_Penal_Municipal_1_Cali,2022,70.0,1.35,2,1,687,1
CAL-08272,CALI,ALIMENTOS,Comisaria_1_Familia_Cali,2023,70.0,1.25,1,1,522,0
CAL-08273,CALI,ALIMENTOS,Comisaria_3_Familia_Cali,2021,70.0,0.9,9,1,617,1
CAL-08274,CALI,ALIMENTOS,Juzgado_2_Familia_Cali,2023,70.0,1.3,4,1,710,1
CAL-08275,CALI,HURTO_PATRIMONIAL,Comisaria_2_Familia_Cali,2024,70.0,1.1,3,0,281,0
CAL-08276,CALI,ALIMENTOS,Juzgado_Penal_Municipal_2_Cali,2024,70.0,1.15,5,0,550,1
CAL-08277,CALI,HURTO_PATRIMONIAL,Juzgado_Penal_Municipal_2_Cali,2021,70.0,1.15,4,1,706,1
CAL-08278,CALI,ALIMENTOS,Juzgado_5_Familia_Cali,2024,70.0,0.95,3,0,441,1
CAL-08279,CALI,ALIMENTOS,Comisaria_2_Familia_Cali,2024,70.0,1.1,2,0,473,1
CAL-08280,CALI,VIF,Comisaria_1_Familia_Cali,2022,70.0,1.25,6,0,472,1
CAL-08281,CALI,ALIMENTOS,Juzgado_3_Familia_Cali,2024,70.0,1.2,5,1,684,1
CAL-08282,CALI,ALIMENTOS,Juzgado_3_Familia_Cali,2021,70.0,1.2,6,0,541,1
CAL-08283,CALI,ALIMENTOS,Juzgado_Penal_Municipal_2_Cali,2020,70.0,1.15,5,0,482,1
CAL-08284,CALI,ALIMENTOS,Juzgado_4_Familia_Cali,2023,70.0,1.1,3,1,658,1
CAL-08285,CALI,ALIMENTOS,Comisaria_1_Familia_Cali,2024,70.0,1.25,6,0,600,1
CAL-08286,CALI,ALIMENTOS,Comisaria_2_Familia_Cali,2023,70.0,1.1,5,0,243,0
CAL-08287,CALI,VIF,Juzgado_4_Familia_Cali,2023,70.0,1.1,6,0,416,1
CAL-08288,CALI,VIF,Juzgado_5_Familia_Cali,2021,70.0,0.95,2,0,334,1
CAL-08289,CALI,VIF,Juzgado_5_Familia_Cali,2023,70.0,0.95,8,1,598,1
CAL-08290,CALI,VIF,Juzgado_3_Familia_Cali,2024,70.0,1.2,7,1,594,1
CAL-08291,CALI,ALIMENTOS,Juzgado_2_Familia_Cali,2022,70.0,1.3,1,0,504,1
CAL-08292,CALI,HURTO_PATRIMONIAL,Juzgado_2_Familia_Cali,2024,70.0,1.3,2,0,583,1
CAL-08293,CALI,VIF,Juzgado_4_Familia_Cali,2021,70.0,1.1,8,0,300,0
CAL-08294,CALI,HURTO_PATRIMONIAL,Juzgado_5_Familia_Cali,2020,70.0,0.95,3,0,457,1
CAL-08295,CALI,ALIMENTOS,Juzgado_Penal_Municipal_2_Cali,2022,70.0,1.15,6,1,681,1
CAL-08296,CALI,VIF,Juzgado_5_Familia_Cali,2020,70.0,0.95,1,0,160,0
CAL-08297,CALI,HURTO_PATRIMONIAL,Juzgado_Penal_Municipal_1_Cali,2023,70.0,1.35,9,1,457,0
CAL-08298,CALI,ALIMENTOS,Juzgado_4_Familia_Cali,2020,70.0,1.1,4,0,456,1
CAL-08299,CALI,ALIMENTOS,Comisaria_3_Familia_Cali,2023,70.0,0.9,7,0,468,1
CAL-08300,CALI,ALIMENTOS,Juzgado_3_Familia_Cali,2024,70.0,1.2,10,0,560,1
CAL-08301,CALI,ALIMENTOS,Juzgado_Penal_Municipal_2_Cali,2021,70.0,1.15,5,0,500,1
CAL-08302,CALI,ALIMENTOS,Juzgado_2_Familia_Cali,2024,70.0,1.3,10,0,603,1
CAL-08303,CALI,HURTO_PATRIMONIAL,Juzgado_3_Familia_Cali,2024,70.0,1.2,7,1,655,0
CAL-08304,CALI,VIF,Juzgado_5_Familia_Cali,2023,70.0,0.95,8,0,407,1
CAL-08305,CALI,ALIMENTOS,Juzgado_1_Familia_Cali,2020,70.0,1.45,6,0,581,1
CAL-08306,CALI,ALIMENTOS,Comisaria_1_Familia_Cali,2021,70.0,1.25,3,0,508,1
CAL-08307,CALI,HURTO_PATRIMONIAL,Comisaria_2_Familia_Cali,2022,70.0,1.1,8,0,536,1
CAL-08308,CALI,VIF,Juzgado_Penal_Municipal_2_Cali,2024,70.0,1.15,9,0,273,0
CAL-08309,CALI,SUSTANCIAS,Juzgado_3_Familia_Cali,2024,70.0,1.2,8,0,477,1
CAL-08310,CALI,HURTO_PATRIMONIAL,Juzgado_5_Familia_Cali,2023,70.0,0.95,1,1,639,1
CAL-08311,CALI,VIF,Juzgado_3_Familia_Cali,2024,70.0,1.2,11,0,520,1
CAL-08312,CALI,SUSTANCIAS,Juzgado_Penal_Municipal_1_Cali,2023,70.0,1.35,14,0,559,1
CAL-08313,CALI,ALIMENTOS,Juzgado_Penal_Municipal_2_Cali,2023,70.0,1.15,9,0,377,0
CAL-08314,CALI,ALIMENTOS,Juzgado_1_Familia_Cali,2021,70.0,1.45,3,1,713,1
CAL-08315,CALI,ALIMENTOS,Comisaria_1_Familia_Cali,2023,70.0,1.25,2,0,518,1
CAL-08316,CALI,ALIMENTOS,Juzgado_Penal_Municipal_1_Cali,2021,70.0,1.35,6,0,586,1
CAL-08317,CALI,SUSTANCIAS,Juzgado_4_Familia_Cali,2022,70.0,1.1,4,1,575,1
CAL-08318,CALI,ALIMENTOS,Comisaria_3_Familia_Cali,2020,70.0,0.9,3,1,582,1
CAL-08319,CALI,VIF,Comisaria_3_Familia_Cali,2022,70.0,0.9,2,0,373,1
CAL-08320,CALI,HURTO_PATRIMONIAL,Juzgado_3_Familia_Cali,2023,70.0,1.2,12,0,632,1
CAL-08321,CALI,VIF,Comisaria_3_Familia_Cali,2023,70.0,0.9,2,0,361,1
CAL-08322,CALI,VIF,Juzgado_1_Familia_Cali,2024,70.0,1.45,6,0,504,1
CAL-08323,CALI,ALIMENTOS,Juzgado_3_Familia_Cali,2021,70.0,1.2,7,0,530,1
CAL-08324,CALI,ALIMENTOS,Comisaria_2_Familia_Cali,2023,70.0,1.1,3,0,457,1
CAL-08325,CALI,ALIMENTOS,Juzgado_5_Familia_Cali,2024,70.0,0.95,7,0,512,1
CAL-08326,CALI,ALIMENTOS,Comisaria_2_Familia_Cali,2024,70.0,1.1,4,0,520,1
CAL-08327,CALI,VIF,Comisaria_2_Familia_Cali,2023,70.0,1.1,6,0,447,1
CAL-08328,CALI,VIF,Comisaria_3_Familia_Cali,2022,70.0,0.9,5,0,386,1
CAL-08329,CALI,VIF,Juzgado_4_Familia_Cali,2024,70.0,1.1,7,0,445,1
CAL-08330,CALI,ALIMENTOS,Juzgado_1_Familia_Cali,2024,70.0,1.45,2,0,588,1
CAL-08331,CALI,VIF,Juzgado_5_Familia_Cali,2023,70.0,0.95,10,1,603,1
CAL-08332,CALI,ALIMENTOS,Juzgado_Penal_Municipal_2_Cali,2024,70.0,1.15,3,0,502,1
CAL-08333,CALI,HURTO_PATRIMONIAL,Comisaria_2_Familia_Cali,2021,70.0,1.1,5,1,455,0
CAL-08334,CALI,HURTO_PATRIMONIAL,Juzgado_Penal_Municipal_1_Cali,2023,70.0,1.35,3,0,656,1
CAL-08335,CALI,VIF,Juzgado_3_Familia_Cali,2024,70.0,1.2,6,0,468,1
CAL-08336,CALI,VIF,Comisaria_1_Familia_Cali,2020,70.0,1.25,5,0,445,1
CAL-08337,CALI,VIF,Comisaria_2_Familia_Cali,2022,70.0,1.1,3,0,398,1
CAL-08338,CALI,SUSTANCIAS,Comisaria_1_Familia_Cali,2024,70.0,1.25,2,0,436,1
CAL-08339,CALI,HURTO_PATRIMONIAL,Juzgado_5_Familia_Cali,2024,70.0,0.95,11,0,253,0
CAL-08340,CALI,HURTO_PATRIMONIAL,Comisaria_1_Familia_Cali,2023,70.0,1.25,3,0,568,1
CAL-08341,CALI,SUSTANCIAS,Juzgado_Penal_Municipal_1_Cali,2021,70.0,1.35,6,0,494,1
CAL-08342,CALI,VIF,Juzgado_5_Familia_Cali,2024,70.0,0.95,3,0,388,1
CAL-08343,CALI,ALIMENTOS,Juzgado_1_Familia_Cali,2024,70.0,1.45,1,1,389,0
CAL-08344,CALI,VIF,Comisaria_2_Familia_Cali,2021,70.0,1.1,7,1,587,1
CAL-08345,CALI,VIF,Juzgado_2_Familia_Cali,2020,70.0,1.3,4,0,445,1
CAL-08346,CALI,VIF,Juzgado_3_Familia_Cali,2024,70.0,1.2,6,0,450,1
CAL-08347,CALI,VIF,Juzgado_3_Familia_Cali,2020,70.0,1.2,8,0,463,1
CAL-08348,CALI,ALIMENTOS,Juzgado_Penal_Municipal_2_Cali,2024,70.0,1.15,1,1,631,1
CAL-08349,CALI,ALIMENTOS,Juzgado_Penal_Municipal_1_Cali,2024,70.0,1.35,3,0,539,1
CAL-08350,CALI,ALIMENTOS,Juzgado_5_Familia_Cali,2023,70.0,0.95,8,0,480,1
CAL-08351,CALI,ALIMENTOS,Juzgado_3_Familia_Cali,2023,70.0,1.2,5,1,653,1
CAL-08352,CALI,ALIMENTOS,Juzgado_Penal_Municipal_1_Cali,2023,70.0,1.35,5,1,670,1
CAL-08353,CALI,SUSTANCIAS,Juzgado_5_Familia_Cali,2023,70.0,0.95,5,0,440,1
CAL-08354,CALI,VIF,Juzgado_3_Familia_Cali,2020,70.0,1.2,1,0,412,1
CAL-08355,CALI,ALIMENTOS,Juzgado_1_Familia_Cali,2020,70.0,1.45,6,1,372,0
CAL-08356,CALI,ALIMENTOS,Juzgado_1_Familia_Cali,2024,70.0,1.45,5,1,605,0
CAL-08357,CALI,ALIMENTOS,Juzgado_2_Familia_Cali,2024,70.0,1.3,2,0,429,0
CAL-08358,CALI,VIF,Juzgado_1_Familia_Cali,2021,70.0,1.45,1,1,599,1
CAL-08359,CALI,ALIMENTOS,Juzgado_4_Familia_Cali,2022,70.0,1.1,1,0,352,0
CAL-08360,CALI,VIF,Juzgado_Penal_Municipal_2_Cali,2024,70.0,1.15,4,0,300,0
CAL-08361,CALI,HURTO_PATRIMONIAL,Juzgado_Penal_Municipal_2_Cali,2022,70.0,1.15,2,0,506,1
CAL-08362,CALI,ALIMENTOS,Comisaria_3_Familia_Cali,2024,70.0,0.9,11,1,629,1
CAL-08363,CALI,ALIMENTOS,Comisaria_2_Familia_Cali,2024,70.0,1.1,3,1,637,1
CAL-08364,CALI,ALIMENTOS,Comisaria_3_Familia_Cali,2022,70.0,0.9,11,1,696,1
CAL-08365,CALI,ALIMENTOS,Juzgado_5_Familia_Cali,2021,70.0,0.95,1,0,406,1
CAL-08366,CALI,VIF,Comisaria_1_Familia_Cali,2024,70.0,1.25,7,1,619,1
CAL-08367,CALI,SUSTANCIAS,Juzgado_4_Familia_Cali,2022,70.0,1.1,13,0,384,0
CAL-08368,CALI,SUSTANCIAS,Juzgado_Penal_Municipal_1_Cali,2022,70.0,1.35,5,1,674,1
CAL-08369,CALI,SUSTANCIAS,Comisaria_3_Familia_Cali,2024,70.0,0.9,2,0,369,1
CAL-08370,CALI,VIF,Juzgado_Penal_Municipal_1_Cali,2024,70.0,1.35,2,1,622,1
CAL-08371,CALI,ALIMENTOS,Comisaria_3_Familia_Cali,2022,70.0,0.9,19,0,564,1
CAL-08372,CALI,ALIMENTOS,Juzgado_5_Familia_Cali,2020,70.0,0.95,8,1,606,1
CAL-08373,CALI,ALIMENTOS,Juzgado_Penal_Municipal_2_Cali,2024,70.0,1.15,1,1,639,1
CAL-08374,CALI,VIF,Juzgado_Penal_Municipal_1_Cali,2022,70.0,1.35,6,0,483,1
CAL-08375,CALI,VIF,Comisaria_3_Familia_Cali,2023,70.0,0.9,5,0,374,1
CAL-08376,CALI,VIF,Juzgado_3_Familia_Cali,2020,70.0,1.2,16,0,531,1
CAL-08377,CALI,ALIMENTOS,Juzgado_1_Familia_Cali,2022,70.0,1.45,1,0,551,1
CAL-08378,CALI,VIF,Juzgado_4_Familia_Cali,2022,70.0,1.1,9,1,298,0
CAL-08379,CALI,VIF,Juzgado_5_Familia_Cali,2022,70.0,0.95,2,1,512,1
CAL-08380,CALI,ALIMENTOS,Comisaria_1_Familia_Cali,2021,70.0,1.25,3,0,504,1
CAL-08381,CALI,VIF,Comisaria_2_Familia_Cali,2020,70.0,1.1,3,1,329,0
CAL-08382,CALI,VIF,Comisaria_2_Familia_Cali,2020,70.0,1.1,9,1,607,1
CAL-08383,CALI,ALIMENTOS,Juzgado_5_Familia_Cali,2024,70.0,0.95,7,0,483,1
CAL-08384,CALI,HURTO_PATRIMONIAL,Juzgado_4_Familia_Cali,2022,70.0,1.1,3,0,544,1
CAL-08385,CALI,VIF,Juzgado_Penal_Municipal_1_Cali,2023,70.0,1.35,4,0,443,1
CAL-08386,CALI,ALIMENTOS,Juzgado_4_Familia_Cali,2020,70.0,1.1,8,0,522,1
CAL-08387,CALI,ALIMENTOS,Juzgado_5_Familia_Cali,2024,70.0,0.95,1,0,433,1
CAL-08388,CALI,SUSTANCIAS,Juzgado_4_Familia_Cali,2024,70.0,1.1,9,0,510,1
CAL-08389,CALI,ALIMENTOS,Juzgado_5_Familia_Cali,2021,70.0,0.95,5,1,592,1
CAL-08390,CALI,HURTO_PATRIMONIAL,Comisaria_1_Familia_Cali,2024,70.0,1.25,3,0,543,1
CAL-08391,CALI,VIF,Comisaria_2_Familia_Cali,2022,70.0,1.1,10,0,467,1
CAL-08392,CALI,SUSTANCIAS,Juzgado_Penal_Municipal_1_Cali,2022,70.0,1.35,2,0,466,1
CAL-08393,CALI,ALIMENTOS,Juzgado_Penal_Municipal_2_Cali,2022,70.0,1.15,4,1,684,1
CAL-08394,CALI,ALIMENTOS,Comisaria_3_Familia_Cali,2022,70.0,0.9,4,0,421,1
CAL-08395,CALI,ALIMENTOS,Juzgado_Penal_Municipal_2_Cali,2023,70.0,1.15,7,0,531,1
CAL-08396,CALI,ALIMENTOS,Juzgado_Penal_Municipal_1_Cali,2024,70.0,1.35,6,1,702,1
CAL-08397,CALI,VIF,Juzgado_4_Familia_Cali,2021,70.0,1.1,3,0,368,1
CAL-08398,CALI,ALIMENTOS,Juzgado_Penal_Municipal_2_Cali,2021,70.0,1.15,6,1,633,1
CAL-08399,CALI,ALIMENTOS,Comisaria_1_Familia_Cali,2024,70.0,1.25,5,0,529,1
CAL-08400,CALI,VIF,Juzgado_2_Familia_Cali,2023,70.0,1.3,1,0,428,1
CAL-08401,CALI,ALIMENTOS,Comisaria_1_Familia_Cali,2022,70.0,1.25,10,0,585,1
CAL-08402,CALI,ALIMENTOS,Juzgado_5_Familia_Cali,2024,70.0,0.95,2,0,436,1
CAL-08403,CALI,SUSTANCIAS,Juzgado_5_Familia_Cali,2024,70.0,0.95,8,0,470,1
CAL-08404,CALI,VIF,Juzgado_Penal_Municipal_1_Cali,2023,70.0,1.35,2,0,459,1
CAL-08405,CALI,ALIMENTOS,Comisaria_2_Familia_Cali,2021,70.0,1.1,9,0,492,1
CAL-08406,CALI,VIF,Juzgado_5_Familia_Cali,2024,70.0,0.95,8,0,421,1
CAL-08407,CALI,ALIMENTOS,Juzgado_2_Familia_Cali,2022,70.0,1.3,6,0,558,1
CAL-08408,CALI,ALIMENTOS,Juzgado_Penal_Municipal_1_Cali,2024,70.0,1.35,5,0,564,1
CAL-08409,CALI,ALIMENTOS,Juzgado_1_Familia_Cali,2021,70.0,1.45,2,1,521,0
CAL-08410,CALI,VIF,Comisaria_1_Familia_Cali,2024,70.0,1.25,2,0,413,1
CAL-08411,CALI,ALIMENTOS,Comisaria_2_Familia_Cali,2023,70.0,1.1,1,0,451,1
CAL-08412,CALI,HURTO_PATRIMONIAL,Juzgado_5_Familia_Cali,2021,70.0,0.95,1,0,462,1
CAL-08413,CALI,ALIMENTOS,Juzgado_Penal_Municipal_2_Cali,2024,70.0,1.15,4,0,514,1
CAL-08414,CALI,ALIMENTOS,Juzgado_4_Familia_Cali,2022,70.0,1.1,2,1,625,1
CAL-08415,CALI,VIF,Juzgado_Penal_Municipal_2_Cali,2022,70.0,1.15,2,0,412,1
CAL-08416,CALI,VIF,Juzgado_5_Familia_Cali,2021,70.0,0.95,4,0,336,0
CAL-08417,CALI,ALIMENTOS,Juzgado_Penal_Municipal_1_Cali,2024,70.0,1.35,5,0,570,1
CAL-08418,CALI,VIF,Juzgado_5_Familia_Cali,2023,70.0,0.95,1,0,345,1
CAL-08419,CALI,HURTO_PATRIMONIAL,Juzgado_Penal_Municipal_1_Cali,2020,70.0,1.35,2,1,687,1
CAL-08420,CALI,ALIMENTOS,Comisaria_1_Familia_Cali,2023,70.0,1.25,6,1,709,1
CAL-08421,CALI,VIF,Juzgado_1_Familia_Cali,2024,70.0,1.45,1,1,607,1
CAL-08422,CALI,VIF,Comisaria_2_Familia_Cali,2020,70.0,1.1,2,0,384,1
CAL-08423,CALI,SUSTANCIAS,Juzgado_Penal_Municipal_1_Cali,2024,70.0,1.35,2,0,504,1
CAL-08424,CALI,HURTO_PATRIMONIAL,Comisaria_1_Familia_Cali,2020,70.0,1.25,2,0,583,1
CAL-08425,CALI,ALIMENTOS,Comisaria_3_Familia_Cali,2020,70.0,0.9,4,0,442,1
CAL-08426,CALI,HURTO_PATRIMONIAL,Comisaria_1_Familia_Cali,2024,70.0,1.25,7,1,533,0
CAL-08427,CALI,VIF,Juzgado_4_Familia_Cali,2022,70.0,1.1,1,0,357,1
CAL-08428,CALI,HURTO_PATRIMONIAL,Comisaria_3_Familia_Cali,2024,70.0,0.9,6,0,488,1
CAL-08429,CALI,ALIMENTOS,Juzgado_2_Familia_Cali,2023,70.0,1.3,2,0,399,0
CAL-08430,CALI,HURTO_PATRIMONIAL,Comisaria_3_Familia_Cali,2021,70.0,0.9,3,1,659,1
CAL-08431,CALI,VIF,Juzgado_Penal_Municipal_1_Cali,2024,70.0,1.35,9,1,675,1
CAL-08432,CALI,ALIMENTOS,Comisaria_2_Familia_Cali,2021,70.0,1.1,1,0,441,1
CAL-08433,CALI,SUSTANCIAS,Comisaria_2_Familia_Cali,2023,70.0,1.1,3,0,425,1
CAL-08434,CALI,VIF,Juzgado_2_Familia_Cali,2024,70.0,1.3,1,0,438,1
CAL-08435,CALI,VIF,Juzgado_4_Familia_Cali,2023,70.0,1.1,1,0,363,1
CAL-08436,CALI,VIF,Comisaria_1_Familia_Cali,2022,70.0,1.25,1,0,421,1
CAL-08437,CALI,ALIMENTOS,Juzgado_1_Familia_Cali,2022,70.0,1.45,2,1,557,0
CAL-08438,CALI,ALIMENTOS,Comisaria_2_Familia_Cali,2024,70.0,1.1,8,0,544,1
CAL-08439,CALI,HURTO_PATRIMONIAL,Juzgado_Penal_Municipal_1_Cali,2024,70.0,1.35,1,0,570,1
CAL-08440,CALI,ALIMENTOS,Comisaria_2_Familia_Cali,2023,70.0,1.1,9,0,594,1
CAL-08441,CALI,ALIMENTOS,Juzgado_5_Familia_Cali,2023,70.0,0.95,6,1,630,1
CAL-08442,CALI,HURTO_PATRIMONIAL,Comisaria_2_Familia_Cali,2024,70.0,1.1,6,1,717,1
CAL-08443,CALI,ALIMENTOS,Comisaria_3_Familia_Cali,2024,70.0,0.9,12,0,531,1
CAL-08444,CALI,VIF,Juzgado_4_Familia_Cali,2022,70.0,1.1,7,0,435,1
CAL-08445,CALI,VIF,Juzgado_3_Familia_Cali,2021,70.0,1.2,9,0,483,1
CAL-08446,CALI,VIF,Comisaria_2_Familia_Cali,2020,70.0,1.1,8,0,366,0
CAL-08447,CALI,ALIMENTOS,Comisaria_1_Familia_Cali,2023,70.0,1.25,3,0,535,1
CAL-08448,CALI,ALIMENTOS,Comisaria_1_Familia_Cali,2023,70.0,1.25,2,0,508,1
CAL-08449,CALI,VIF,Juzgado_1_Familia_Cali,2022,70.0,1.45,15,0,403,0
CAL-08450,CALI,ALIMENTOS,Comisaria_3_Familia_Cali,2024,70.0,0.9,3,0,414,1
CAL-08451,CALI,ALIMENTOS,Juzgado_1_Familia_Cali,2021,70.0,1.45,3,0,577,1
CAL-08452,CALI,HURTO_PATRIMONIAL,Juzgado_Penal_Municipal_2_Cali,2021,70.0,1.15,2,0,499,1
CAL-08453,CALI,HURTO_PATRIMONIAL,Juzgado_5_Familia_Cali,2023,70.0,0.95,7,1,687,1
CAL-08454,CALI,SUSTANCIAS,Comisaria_3_Familia_Cali,2024,70.0,0.9,11,1,586,1
CAL-08455,CALI,VIF,Juzgado_3_Familia_Cali,2024,70.0,1.2,5,0,333,0
CAL-08456,CALI,SUSTANCIAS,Juzgado_1_Familia_Cali,2021,70.0,1.45,5,0,509,1
CAL-08457,CALI,SUSTANCIAS,Juzgado_Penal_Municipal_1_Cali,2024,70.0,1.35,3,0,499,1
CAL-08458,CALI,VIF,Juzgado_2_Familia_Cali,2023,70.0,1.3,7,0,479,1
CAL-08459,CALI,VIF,Juzgado_5_Familia_Cali,2024,70.0,0.95,3,0,376,1
CAL-08460,CALI,VIF,Comisaria_2_Familia_Cali,2020,70.0,1.1,8,0,430,1
CAL-08461,CALI,ALIMENTOS,Juzgado_3_Familia_Cali,2021,70.0,1.2,5,0,513,1
CAL-08462,CALI,ALIMENTOS,Juzgado_4_Familia_Cali,2024,70.0,1.1,10,0,418,0
CAL-08463,CALI,ALIMENTOS,Juzgado_Penal_Municipal_2_Cali,2022,70.0,1.15,4,0,358,0
CAL-08464,CALI,ALIMENTOS,Comisaria_2_Familia_Cali,2024,70.0,1.1,5,0,398,0
CAL-08465,CALI,ALIMENTOS,Juzgado_Penal_Municipal_1_Cali,2024,70.0,1.35,11,0,427,0
CAL-08466,CALI,ALIMENTOS,Juzgado_2_Familia_Cali,2023,70.0,1.3,18,0,671,1
CAL-08467,CALI,VIF,Juzgado_2_Familia_Cali,2022,70.0,1.3,15,0,528,1
CAL-08468,CALI,ALIMENTOS,Juzgado_3_Familia_Cali,2021,70.0,1.2,1,1,655,1
CAL-08469,CALI,ALIMENTOS,Comisaria_1_Familia_Cali,2023,70.0,1.25,9,0,602,1
CAL-08470,CALI,VIF,Juzgado_5_Familia_Cali,2022,70.0,0.95,5,0,399,1
CAL-08471,CALI,VIF,Juzgado_Penal_Municipal_2_Cali,2024,70.0,1.15,3,0,385,1
CAL-08472,CALI,VIF,Juzgado_4_Familia_Cali,2021,70.0,1.1,2,0,395,1
CAL-08473,CALI,ALIMENTOS,Juzgado_4_Familia_Cali,2022,70.0,1.1,2,0,457,1
CAL-08474,CALI,VIF,Comisaria_3_Familia_Cali,2020,70.0,0.9,5,1,290,0
CAL-08475,CALI,VIF,Comisaria_2_Familia_Cali,2021,70.0,1.1,12,0,399,0
CAL-08476,CALI,ALIMENTOS,Comisaria_2_Familia_Cali,2020,70.0,1.1,5,1,489,0
CAL-08477,CALI,VIF,Juzgado_4_Familia_Cali,2021,70.0,1.1,5,0,427,1
CAL-08478,CALI,VIF,Comisaria_3_Familia_Cali,2020,70.0,0.9,1,0,336,1
CAL-08479,CALI,ALIMENTOS,Comisaria_1_Familia_Cali,2023,70.0,1.25,5,0,527,1
CAL-08480,CALI,ALIMENTOS,Juzgado_5_Familia_Cali,2023,70.0,0.95,5,1,643,1
CAL-08481,CALI,ALIMENTOS,Juzgado_1_Familia_Cali,2024,70.0,1.45,3,0,565,1
CAL-08482,CALI,ALIMENTOS,Juzgado_3_Familia_Cali,2023,70.0,1.2,2,0,477,1
CAL-08483,CALI,HURTO_PATRIMONIAL,Juzgado_3_Familia_Cali,2021,70.0,1.2,3,0,521,1
CAL-08484,CALI,SUSTANCIAS,Juzgado_Penal_Municipal_2_Cali,2020,70.0,1.15,7,0,479,1
CAL-08485,CALI,ALIMENTOS,Juzgado_4_Familia_Cali,2021,70.0,1.1,7,0,533,1
CAL-08486,CALI,SUSTANCIAS,Juzgado_Penal_Municipal_1_Cali,2022,70.0,1.35,8,0,497,1
CAL-08487,CALI,ALIMENTOS,Comisaria_3_Familia_Cali,2022,70.0,0.9,2,0,417,1
CAL-08488,CALI,ALIMENTOS,Juzgado_1_Familia_Cali,2023,70.0,1.45,1,0,315,0
CAL-08489,CALI,ALIMENTOS,Juzgado_3_Familia_Cali,2023,70.0,1.2,5,1,670,1
CAL-08490,CALI,HURTO_PATRIMONIAL,Comisaria_1_Familia_Cali,2021,70.0,1.25,1,0,299,0
CAL-08491,CALI,VIF,Comisaria_3_Familia_Cali,2020,70.0,0.9,1,1,525,1
CAL-08492,CALI,HURTO_PATRIMONIAL,Comisaria_1_Familia_Cali,2023,70.0,1.25,2,1,698,1
CAL-08493,CALI,VIF,Juzgado_5_Familia_Cali,2023,70.0,0.95,2,1,527,1
CAL-08494,CALI,VIF,Comisaria_2_Familia_Cali,2024,70.0,1.1,5,1,604,1
CAL-08495,CALI,ALIMENTOS,Juzgado_4_Familia_Cali,2023,70.0,1.1,2,0,453,1
CAL-08496,CALI,ALIMENTOS,Juzgado_4_Familia_Cali,2022,70.0,1.1,4,0,502,1
CAL-08497,CALI,ALIMENTOS,Juzgado_Penal_Municipal_1_Cali,2024,70.0,1.35,1,0,529,1
CAL-08498,CALI,SUSTANCIAS,Juzgado_1_Familia_Cali,2023,70.0,1.45,3,1,671,1
CAL-08499,CALI,VIF,Juzgado_Penal_Municipal_2_Cali,2022,70.0,1.15,9,1,639,1
CAL-08500,CALI,HURTO_PATRIMONIAL,Juzgado_3_Familia_Cali,2024,70.0,1.2,3,0,535,1
CAL-08501,CALI,HURTO_PATRIMONIAL,Juzgado_2_Familia_Cali,2021,70.0,1.3,4,0,556,1
CAL-08502,CALI,ALIMENTOS,Comisaria_1_Familia_Cali,2024,70.0,1.25,2,0,547,1
CAL-08503,CALI,VIF,Juzgado_3_Familia_Cali,2024,70.0,1.2,2,0,423,1
CAL-08504,CALI,VIF,Juzgado_4_Familia_Cali,2020,70.0,1.1,2,0,397,1
CAL-08505,CALI,VIF,Comisaria_2_Familia_Cali,2020,70.0,1.1,1,0,205,0
CAL-08506,CALI,HURTO_PATRIMONIAL,Juzgado_Penal_Municipal_1_Cali,2023,70.0,1.35,4,0,652,1
CAL-08507,CALI,ALIMENTOS,Juzgado_Penal_Municipal_1_Cali,2023,70.0,1.35,8,0,599,1
CAL-08508,CALI,HURTO_PATRIMONIAL,Juzgado_5_Familia_Cali,2023,70.0,0.95,10,1,716,1
CAL-08509,CALI,ALIMENTOS,Juzgado_3_Familia_Cali,2022,70.0,1.2,10,1,715,1
CAL-08510,CALI,SUSTANCIAS,Juzgado_1_Familia_Cali,2024,70.0,1.45,3,0,492,1
CAL-08511,CALI,ALIMENTOS,Comisaria_2_Familia_Cali,2021,70.0,1.1,5,0,486,1
CAL-08512,CALI,VIF,Comisaria_3_Familia_Cali,2021,70.0,0.9,8,1,567,1
CAL-08513,CALI,HURTO_PATRIMONIAL,Comisaria_3_Familia_Cali,2024,70.0,0.9,5,0,503,1
CAL-08514,CALI,VIF,Comisaria_3_Familia_Cali,2023,70.0,0.9,8,0,424,1
CAL-08515,CALI,VIF,Juzgado_4_Familia_Cali,2023,70.0,1.1,9,0,472,1
CAL-08516,CALI,SUSTANCIAS,Juzgado_3_Familia_Cali,2022,70.0,1.2,2,0,425,1
CAL-08517,CALI,ALIMENTOS,Juzgado_Penal_Municipal_2_Cali,2022,70.0,1.15,4,0,511,1
CAL-08518,CALI,ALIMENTOS,Juzgado_1_Familia_Cali,2023,70.0,1.45,3,0,541,1
CAL-08519,CALI,VIF,Juzgado_1_Familia_Cali,2023,70.0,1.45,7,0,509,1
CAL-08520,CALI,VIF,Comisaria_3_Familia_Cali,2024,70.0,0.9,3,1,531,1
CAL-08521,CALI,ALIMENTOS,Comisaria_3_Familia_Cali,2023,70.0,0.9,17,1,529,0
CAL-08522,CALI,VIF,Juzgado_4_Familia_Cali,2023,70.0,1.1,5,1,575,1
CAL-08523,CALI,VIF,Comisaria_1_Familia_Cali,2023,70.0,1.25,2,0,421,1
CAL-08524,CALI,HURTO_PATRIMONIAL,Juzgado_4_Familia_Cali,2022,70.0,1.1,1,0,500,1
CAL-08525,CALI,VIF,Comisaria_2_Familia_Cali,2022,70.0,1.1,9,0,443,1
CAL-08526,CALI,VIF,Juzgado_Penal_Municipal_2_Cali,2022,70.0,1.15,5,1,599,1
CAL-08527,CALI,VIF,Comisaria_2_Familia_Cali,2023,70.0,1.1,4,0,425,1
CAL-08528,CALI,VIF,Juzgado_Penal_Municipal_2_Cali,2021,70.0,1.15,4,0,396,1
CAL-08529,CALI,HURTO_PATRIMONIAL,Comisaria_3_Familia_Cali,2024,70.0,0.9,5,0,513,1
CAL-08530,CALI,ALIMENTOS,Comisaria_1_Familia_Cali,2022,70.0,1.25,5,0,544,1
CAL-08531,CALI,SUSTANCIAS,Juzgado_3_Familia_Cali,2021,70.0,1.2,7,0,481,1
CAL-08532,CALI,ALIMENTOS,Juzgado_Penal_Municipal_1_Cali,2023,70.0,1.35,3,0,549,1
CAL-08533,CALI,VIF,Comisaria_3_Familia_Cali,2024,70.0,0.9,10,0,439,1
CAL-08534,CALI,ALIMENTOS,Comisaria_1_Familia_Cali,2022,70.0,1.25,10,1,407,0
CAL-08535,CALI,ALIMENTOS,Juzgado_3_Familia_Cali,2021,70.0,1.2,7,1,677,1
CAL-08536,CALI,ALIMENTOS,Juzgado_3_Familia_Cali,2024,70.0,1.2,4,0,514,1
CAL-08537,CALI,ALIMENTOS,Comisaria_2_Familia_Cali,2022,70.0,1.1,6,0,504,1
CAL-08538,CALI,VIF,Juzgado_Penal_Municipal_2_Cali,2021,70.0,1.15,4,0,436,1
CAL-08539,CALI,HURTO_PATRIMONIAL,Juzgado_Penal_Municipal_2_Cali,2024,70.0,1.15,5,0,537,1
CAL-08540,CALI,VIF,Juzgado_Penal_Municipal_2_Cali,2024,70.0,1.15,6,0,450,1
CAL-08541,CALI,ALIMENTOS,Comisaria_1_Familia_Cali,2024,70.0,1.25,3,0,557,1
CAL-08542,CALI,ALIMENTOS,Juzgado_Penal_Municipal_2_Cali,2023,70.0,1.15,4,0,508,1
CAL-08543,CALI,VIF,Comisaria_1_Familia_Cali,2024,70.0,1.25,9,0,480,1
CAL-08544,CALI,HURTO_PATRIMONIAL,Juzgado_4_Familia_Cali,2024,70.0,1.1,10,0,556,1
CAL-08545,CALI,ALIMENTOS,Juzgado_4_Familia_Cali,2022,70.0,1.1,5,1,650,1
CAL-08546,CALI,HURTO_PATRIMONIAL,Comisaria_3_Familia_Cali,2020,70.0,0.9,2,0,446,1
CAL-08547,CALI,VIF,Juzgado_1_Familia_Cali,2024,70.0,1.45,8,0,538,1
CAL-08548,CALI,VIF,Juzgado_3_Familia_Cali,2021,70.0,1.2,6,0,348,0
CAL-08549,CALI,SUSTANCIAS,Comisaria_3_Familia_Cali,2024,70.0,0.9,7,0,410,1
CAL-08550,CALI,SUSTANCIAS,Comisaria_1_Familia_Cali,2023,70.0,1.25,1,0,449,1
CAL-08551,CALI,ALIMENTOS,Juzgado_2_Familia_Cali,2023,70.0,1.3,4,0,556,1
CAL-08552,CALI,VIF,Juzgado_Penal_Municipal_1_Cali,2020,70.0,1.35,2,1,578,1
CAL-08553,CALI,ALIMENTOS,Juzgado_Penal_Municipal_1_Cali,2024,70.0,1.35,13,0,549,0
CAL-08554,CALI,VIF,Juzgado_3_Familia_Cali,2021,70.0,1.2,18,0,577,1
CAL-08555,CALI,ALIMENTOS,Juzgado_5_Familia_Cali,2024,70.0,0.95,4,0,480,1
CAL-08556,CALI,ALIMENTOS,Juzgado_5_Familia_Cali,2022,70.0,0.95,3,1,594,1
CAL-08557,CALI,VIF,Comisaria_2_Familia_Cali,2024,70.0,1.1,2,0,407,1
CAL-08558,CALI,VIF,Comisaria_3_Familia_Cali,2023,70.0,0.9,3,0,357,1
CAL-08559,CALI,VIF,Comisaria_3_Familia_Cali,2023,70.0,0.9,5,0,383,1
CAL-08560,CALI,ALIMENTOS,Juzgado_3_Familia_Cali,2022,70.0,1.2,4,0,521,1
CAL-08561,CALI,VIF,Juzgado_Penal_Municipal_1_Cali,2020,70.0,1.35,6,0,470,1
CAL-08562,CALI,ALIMENTOS,Comisaria_3_Familia_Cali,2021,70.0,0.9,5,1,607,1
CAL-08563,CALI,ALIMENTOS,Juzgado_2_Familia_Cali,2021,70.0,1.3,5,1,473,0
CAL-08564,CALI,HURTO_PATRIMONIAL,Juzgado_Penal_Municipal_1_Cali,2021,70.0,1.35,2,0,561,1
CAL-08565,CALI,ALIMENTOS,Juzgado_1_Familia_Cali,2023,70.0,1.45,8,0,669,1
CAL-08566,CALI,VIF,Juzgado_Penal_Municipal_1_Cali,2024,70.0,1.35,6,0,490,1
CAL-08567,CALI,VIF,Juzgado_Penal_Municipal_1_Cali,2022,70.0,1.35,12,1,683,1
CAL-08568,CALI,VIF,Juzgado_Penal_Municipal_2_Cali,2024,70.0,1.15,5,0,433,1
CAL-08569,CALI,VIF,Juzgado_Penal_Municipal_1_Cali,2024,70.0,1.35,7,0,502,1
CAL-08570,CALI,ALIMENTOS,Juzgado_1_Familia_Cali,2022,70.0,1.45,7,0,590,1
CAL-08571,CALI,VIF,Juzgado_4_Familia_Cali,2023,70.0,1.1,1,0,191,0
CAL-08572,CALI,ALIMENTOS,Comisaria_2_Familia_Cali,2022,70.0,1.1,14,0,589,1
CAL-08573,CALI,ALIMENTOS,Juzgado_3_Familia_Cali,2023,70.0,1.2,3,1,669,1
CAL-08574,CALI,VIF,Comisaria_3_Familia_Cali,2021,70.0,0.9,7,0,381,1
CAL-08575,CALI,ALIMENTOS,Comisaria_3_Familia_Cali,2021,70.0,0.9,4,1,610,1
CAL-08576,CALI,ALIMENTOS,Comisaria_2_Familia_Cali,2024,70.0,1.1,8,1,711,1
CAL-08577,CALI,VIF,Juzgado_Penal_Municipal_2_Cali,2023,70.0,1.15,5,0,429,1
CAL-08578,CALI,ALIMENTOS,Juzgado_Penal_Municipal_2_Cali,2024,70.0,1.15,1,0,497,1
CAL-08579,CALI,ALIMENTOS,Juzgado_Penal_Municipal_2_Cali,2020,70.0,1.15,8,0,537,1
CAL-08580,CALI,VIF,Juzgado_4_Familia_Cali,2023,70.0,1.1,9,0,461,1
CAL-08581,CALI,VIF,Juzgado_5_Familia_Cali,2023,70.0,0.95,1,0,395,1
CAL-08582,CALI,ALIMENTOS,Juzgado_Penal_Municipal_1_Cali,2020,70.0,1.35,20,0,676,1
CAL-08583,CALI,ALIMENTOS,Comisaria_1_Familia_Cali,2023,70.0,1.25,9,1,362,0
CAL-08584,CALI,ALIMENTOS,Juzgado_2_Familia_Cali,2022,70.0,1.3,1,0,276,0
CAL-08585,CALI,VIF,Comisaria_3_Familia_Cali,2020,70.0,0.9,7,1,539,1
CAL-08586,CALI,ALIMENTOS,Juzgado_Penal_Municipal_2_Cali,2023,70.0,1.15,2,0,486,1
CAL-08587,CALI,SUSTANCIAS,Comisaria_1_Familia_Cali,2020,70.0,1.25,3,0,450,1
CAL-08588,CALI,ALIMENTOS,Juzgado_1_Familia_Cali,2024,70.0,1.45,4,0,348,0
CAL-08589,CALI,HURTO_PATRIMONIAL,Juzgado_2_Familia_Cali,2023,70.0,1.3,1,0,562,1
CAL-08590,CALI,HURTO_PATRIMONIAL,Juzgado_3_Familia_Cali,2022,70.0,1.2,6,1,398,0
CAL-08591,CALI,ALIMENTOS,Comisaria_1_Familia_Cali,2023,70.0,1.25,3,0,539,1
CAL-08592,CALI,HURTO_PATRIMONIAL,Juzgado_1_Familia_Cali,2024,70.0,1.45,1,1,640,0
CAL-08593,CALI,ALIMENTOS,Comisaria_3_Familia_Cali,2024,70.0,0.9,2,0,398,1
CAL-08594,CALI,ALIMENTOS,Juzgado_3_Familia_Cali,2021,70.0,1.2,2,1,653,1
CAL-08595,CALI,ALIMENTOS,Juzgado_2_Familia_Cali,2024,70.0,1.3,2,0,549,1
CAL-08596,CALI,VIF,Juzgado_4_Familia_Cali,2024,70.0,1.1,3,0,417,1
CAL-08597,CALI,VIF,Juzgado_Penal_Municipal_2_Cali,2022,70.0,1.15,4,1,591,1
CAL-08598,CALI,VIF,Juzgado_3_Familia_Cali,2023,70.0,1.2,3,1,578,1
CAL-08599,CALI,VIF,Juzgado_1_Familia_Cali,2021,70.0,1.45,6,0,462,1
CAL-08600,CALI,HURTO_PATRIMONIAL,Juzgado_2_Familia_Cali,2023,70.0,1.3,3,1,721,1
CAL-08601,CALI,HURTO_PATRIMONIAL,Juzgado_2_Familia_Cali,2022,70.0,1.3,5,0,594,1
CAL-08602,CALI,VIF,Juzgado_1_Familia_Cali,2023,70.0,1.45,1,0,315,0
CAL-08603,CALI,VIF,Comisaria_3_Familia_Cali,2023,70.0,0.9,10,0,433,1
CAL-08604,CALI,VIF,Juzgado_4_Familia_Cali,2024,70.0,1.1,12,0,488,1
CAL-08605,CALI,HURTO_PATRIMONIAL,Juzgado_4_Familia_Cali,2022,70.0,1.1,7,0,560,1
CAL-08606,CALI,ALIMENTOS,Comisaria_3_Familia_Cali,2024,70.0,0.9,5,1,622,1
CAL-08607,CALI,VIF,Juzgado_1_Familia_Cali,2024,70.0,1.45,7,0,497,1
CAL-08608,CALI,HURTO_PATRIMONIAL,Juzgado_2_Familia_Cali,2022,70.0,1.3,5,0,597,1
CAL-08609,CALI,ALIMENTOS,Juzgado_4_Familia_Cali,2023,70.0,1.1,3,0,496,1
CAL-08610,CALI,HURTO_PATRIMONIAL,Juzgado_5_Familia_Cali,2024,70.0,0.95,3,0,240,0
CAL-08611,CALI,ALIMENTOS,Juzgado_Penal_Municipal_1_Cali,2023,70.0,1.35,7,0,604,1
CAL-08612,CALI,VIF,Comisaria_3_Familia_Cali,2022,70.0,0.9,2,0,335,1
CAL-08613,CALI,VIF,Juzgado_Penal_Municipal_1_Cali,2022,70.0,1.35,2,0,450,1
CAL-08614,CALI,VIF,Comisaria_3_Familia_Cali,2023,70.0,0.9,3,0,361,1
CAL-08615,CALI,HURTO_PATRIMONIAL,Juzgado_5_Familia_Cali,2021,70.0,0.95,2,0,489,1
CAL-08616,CALI,VIF,Juzgado_Penal_Municipal_2_Cali,2024,70.0,1.15,5,0,427,1
CAL-08617,CALI,HURTO_PATRIMONIAL,Comisaria_1_Familia_Cali,2023,70.0,1.25,3,1,488,0
CAL-08618,CALI,VIF,Juzgado_Penal_Municipal_2_Cali,2024,70.0,1.15,7,0,456,1
CAL-08619,CALI,HURTO_PATRIMONIAL,Juzgado_Penal_Municipal_1_Cali,2022,70.0,1.35,3,0,583,1
CAL-08620,CALI,VIF,Juzgado_1_Familia_Cali,2023,70.0,1.45,5,0,488,1
CAL-08621,CALI,VIF,Comisaria_1_Familia_Cali,2020,70.0,1.25,6,0,466,1
CAL-08622,CALI,HURTO_PATRIMONIAL,Juzgado_1_Familia_Cali,2024,70.0,1.45,4,1,418,0
CAL-08623,CALI,SUSTANCIAS,Comisaria_1_Familia_Cali,2023,70.0,1.25,2,0,446,1
CAL-08624,CALI,VIF,Juzgado_Penal_Municipal_2_Cali,2024,70.0,1.15,3,0,417,1
CAL-08625,CALI,SUSTANCIAS,Juzgado_Penal_Municipal_1_Cali,2023,70.0,1.35,7,0,528,1
CAL-08626,CALI,VIF,Juzgado_3_Familia_Cali,2023,70.0,1.2,8,1,608,1
CAL-08627,CALI,VIF,Comisaria_3_Familia_Cali,2024,70.0,0.9,5,0,383,1
CAL-08628,CALI,HURTO_PATRIMONIAL,Comisaria_2_Familia_Cali,2023,70.0,1.1,6,0,569,1
CAL-08629,CALI,ALIMENTOS,Juzgado_Penal_Municipal_1_Cali,2020,70.0,1.35,2,0,514,1
CAL-08630,CALI,VIF,Juzgado_3_Familia_Cali,2024,70.0,1.2,6,0,467,1
CAL-08631,CALI,VIF,Juzgado_1_Familia_Cali,2022,70.0,1.45,2,0,461,1
CAL-08632,CALI,VIF,Juzgado_5_Familia_Cali,2022,70.0,0.95,2,0,379,1
CAL-08633,CALI,ALIMENTOS,Juzgado_5_Familia_Cali,2023,70.0,0.95,1,0,394,1
CAL-08634,CALI,SUSTANCIAS,Juzgado_4_Familia_Cali,2024,70.0,1.1,3,0,434,1
CAL-08635,CALI,VIF,Juzgado_1_Familia_Cali,2022,70.0,1.45,5,0,510,1
CAL-08636,CALI,ALIMENTOS,Juzgado_2_Familia_Cali,2023,70.0,1.3,5,1,709,1
CAL-08637,CALI,VIF,Juzgado_3_Familia_Cali,2023,70.0,1.2,10,0,487,1
CAL-08638,CALI,ALIMENTOS,Comisaria_3_Familia_Cali,2022,70.0,0.9,1,0,393,1
CAL-08639,CALI,ALIMENTOS,Comisaria_2_Familia_Cali,2024,70.0,1.1,3,0,485,1
CAL-08640,CALI,ALIMENTOS,Juzgado_Penal_Municipal_1_Cali,2022,70.0,1.35,3,1,710,1
CAL-08641,CALI,HURTO_PATRIMONIAL,Juzgado_Penal_Municipal_1_Cali,2024,70.0,1.35,5,0,294,0
CAL-08642,CALI,VIF,Juzgado_2_Familia_Cali,2021,70.0,1.3,9,0,481,1
CAL-08643,CALI,VIF,Comisaria_1_Familia_Cali,2021,70.0,1.25,4,0,426,1
CAL-08644,CALI,HURTO_PATRIMONIAL,Juzgado_2_Familia_Cali,2020,70.0,1.3,3,1,722,1
CAL-08645,CALI,VIF,Comisaria_1_Familia_Cali,2024,70.0,1.25,2,0,453,1
CAL-08646,CALI,HURTO_PATRIMONIAL,Juzgado_Penal_Municipal_2_Cali,2022,70.0,1.15,4,1,388,0
CAL-08647,CALI,VIF,Juzgado_Penal_Municipal_2_Cali,2024,70.0,1.15,9,0,467,1
CAL-08648,CALI,VIF,Juzgado_3_Familia_Cali,2021,70.0,1.2,1,0,267,0
CAL-08649,CALI,VIF,Juzgado_1_Familia_Cali,2022,70.0,1.45,1,0,457,1
CAL-08650,CALI,VIF,Juzgado_Penal_Municipal_1_Cali,2023,70.0,1.35,8,0,511,1
CAL-08651,CALI,VIF,Juzgado_2_Familia_Cali,2024,70.0,1.3,2,1,607,1
CAL-08652,CALI,ALIMENTOS,Juzgado_1_Familia_Cali,2022,70.0,1.45,10,0,628,1
CAL-08653,CALI,HURTO_PATRIMONIAL,Comisaria_1_Familia_Cali,2024,70.0,1.25,10,0,647,1
CAL-08654,CALI,VIF,Comisaria_2_Familia_Cali,2021,70.0,1.1,6,0,441,1
CAL-08655,CALI,ALIMENTOS,Juzgado_Penal_Municipal_1_Cali,2022,70.0,1.35,6,0,303,0
CAL-08656,CALI,SUSTANCIAS,Juzgado_1_Familia_Cali,2024,70.0,1.45,4,0,509,1
CAL-08657,CALI,ALIMENTOS,Comisaria_1_Familia_Cali,2023,70.0,1.25,6,0,538,1
CAL-08658,CALI,VIF,Juzgado_4_Familia_Cali,2024,70.0,1.1,3,0,298,0
CAL-08659,CALI,VIF,Juzgado_3_Familia_Cali,2020,70.0,1.2,8,0,481,1
CAL-08660,CALI,VIF,Juzgado_3_Familia_Cali,2024,70.0,1.2,4,1,581,1
CAL-08661,CALI,ALIMENTOS,Juzgado_4_Familia_Cali,2023,70.0,1.1,1,0,492,1
CAL-08662,CALI,ALIMENTOS,Juzgado_3_Familia_Cali,2024,70.0,1.2,5,0,522,1
CAL-08663,CALI,VIF,Comisaria_2_Familia_Cali,2022,70.0,1.1,2,0,209,0
CAL-08664,CALI,ALIMENTOS,Juzgado_3_Familia_Cali,2021,70.0,1.2,2,0,462,1
CAL-08665,CALI,HURTO_PATRIMONIAL,Juzgado_3_Familia_Cali,2023,70.0,1.2,6,0,610,1
CAL-08666,CALI,ALIMENTOS,Juzgado_Penal_Municipal_1_Cali,2022,70.0,1.35,9,1,410,0
CAL-08667,CALI,VIF,Juzgado_Penal_Municipal_2_Cali,2020,70.0,1.15,5,0,424,1
CAL-08668,CALI,ALIMENTOS,Juzgado_2_Familia_Cali,2022,70.0,1.3,8,0,573,1
CAL-08669,CALI,VIF,Juzgado_Penal_Municipal_2_Cali,2020,70.0,1.15,11,0,481,1
CAL-08670,CALI,HURTO_PATRIMONIAL,Juzgado_4_Familia_Cali,2020,70.0,1.1,2,0,490,1
CAL-08671,CALI,ALIMENTOS,Comisaria_1_Familia_Cali,2021,70.0,1.25,3,0,537,1
CAL-08672,CALI,SUSTANCIAS,Comisaria_1_Familia_Cali,2021,70.0,1.25,9,0,515,1
CAL-08673,CALI,VIF,Comisaria_1_Familia_Cali,2024,70.0,1.25,2,0,397,1
CAL-08674,CALI,VIF,Juzgado_3_Familia_Cali,2022,70.0,1.2,2,0,404,1
CAL-08675,CALI,ALIMENTOS,Juzgado_Penal_Municipal_1_Cali,2023,70.0,1.35,2,0,569,1
CAL-08676,CALI,VIF,Juzgado_Penal_Municipal_1_Cali,2023,70.0,1.35,9,0,510,1
CAL-08677,CALI,VIF,Comisaria_1_Familia_Cali,2024,70.0,1.25,1,0,187,0
CAL-08678,CALI,ALIMENTOS,Juzgado_4_Familia_Cali,2024,70.0,1.1,5,1,677,1
CAL-08679,CALI,HURTO_PATRIMONIAL,Juzgado_Penal_Municipal_2_Cali,2020,70.0,1.15,4,0,590,1
CAL-08680,CALI,ALIMENTOS,Juzgado_5_Familia_Cali,2023,70.0,0.95,7,1,673,1
CAL-08681,CALI,HURTO_PATRIMONIAL,Juzgado_5_Familia_Cali,2024,70.0,0.95,6,0,506,1
CAL-08682,CALI,ALIMENTOS,Juzgado_3_Familia_Cali,2021,70.0,1.2,9,1,714,1
CAL-08683,CALI,ALIMENTOS,Comisaria_2_Familia_Cali,2022,70.0,1.1,3,0,481,1
CAL-08684,CALI,SUSTANCIAS,Juzgado_Penal_Municipal_2_Cali,2024,70.0,1.15,1,0,433,1
CAL-08685,CALI,HURTO_PATRIMONIAL,Juzgado_Penal_Municipal_2_Cali,2024,70.0,1.15,2,0,526,1
CAL-08686,CALI,VIF,Comisaria_1_Familia_Cali,2020,70.0,1.25,3,0,421,1
CAL-08687,CALI,ALIMENTOS,Juzgado_5_Familia_Cali,2022,70.0,0.95,8,0,492,1
CAL-08688,CALI,HURTO_PATRIMONIAL,Juzgado_4_Familia_Cali,2024,70.0,1.1,2,0,491,1
CAL-08689,CALI,ALIMENTOS,Comisaria_2_Familia_Cali,2023,70.0,1.1,2,1,605,1
CAL-08690,CALI,VIF,Comisaria_2_Familia_Cali,2020,70.0,1.1,11,0,426,1
CAL-08691,CALI,ALIMENTOS,Juzgado_2_Familia_Cali,2022,70.0,1.3,1,1,658,1
CAL-08692,CALI,VIF,Juzgado_Penal_Municipal_1_Cali,2024,70.0,1.35,10,0,537,1
CAL-08693,CALI,HURTO_PATRIMONIAL,Juzgado_5_Familia_Cali,2023,70.0,0.95,3,0,477,1
CAL-08694,CALI,SUSTANCIAS,Juzgado_1_Familia_Cali,2023,70.0,1.45,3,0,492,1
CAL-08695,CALI,ALIMENTOS,Juzgado_5_Familia_Cali,2024,70.0,0.95,4,1,614,1
CAL-08696,CALI,VIF,Juzgado_Penal_Municipal_2_Cali,2020,70.0,1.15,4,1,547,1
CAL-08697,CALI,VIF,Juzgado_5_Familia_Cali,2024,70.0,0.95,5,0,431,1
CAL-08698,CALI,ALIMENTOS,Juzgado_Penal_Municipal_1_Cali,2020,70.0,1.35,4,0,518,1
CAL-08699,CALI,HURTO_PATRIMONIAL,Juzgado_1_Familia_Cali,2022,70.0,1.45,2,0,620,1
CAL-08700,CALI,VIF,Comisaria_1_Familia_Cali,2022,70.0,1.25,3,0,432,1
CAL-08701,CALI,VIF,Juzgado_3_Familia_Cali,2023,70.0,1.2,1,0,410,1
CAL-08702,CALI,VIF,Juzgado_Penal_Municipal_1_Cali,2020,70.0,1.35,6,0,316,0
CAL-08703,CALI,VIF,Juzgado_1_Familia_Cali,2021,70.0,1.45,2,0,450,1
CAL-08704,CALI,VIF,Juzgado_2_Familia_Cali,2024,70.0,1.3,2,0,455,1
CAL-08705,CALI,ALIMENTOS,Juzgado_Penal_Municipal_1_Cali,2024,70.0,1.35,2,0,556,1
CAL-08706,CALI,SUSTANCIAS,Juzgado_Penal_Municipal_2_Cali,2023,70.0,1.15,7,1,626,1
CAL-08707,CALI,HURTO_PATRIMONIAL,Juzgado_5_Familia_Cali,2020,70.0,0.95,5,0,467,1
CAL-08708,CALI,ALIMENTOS,Comisaria_3_Familia_Cali,2022,70.0,0.9,9,1,636,1
CAL-08709,CALI,VIF,Juzgado_4_Familia_Cali,2023,70.0,1.1,6,0,413,1
CAL-08710,CALI,SUSTANCIAS,Juzgado_Penal_Municipal_1_Cali,2021,70.0,1.35,5,0,513,1
CAL-08711,CALI,VIF,Juzgado_Penal_Municipal_2_Cali,2024,70.0,1.15,1,0,394,1
CAL-08712,CALI,VIF,Juzgado_2_Familia_Cali,2022,70.0,1.3,2,0,417,1
CAL-08713,CALI,SUSTANCIAS,Juzgado_3_Familia_Cali,2023,70.0,1.2,1,0,420,1
CAL-08714,CALI,SUSTANCIAS,Comisaria_2_Familia_Cali,2022,70.0,1.1,9,0,478,1
CAL-08715,CALI,ALIMENTOS,Juzgado_5_Familia_Cali,2024,70.0,0.95,8,1,661,1
CAL-08716,CALI,VIF,Comisaria_1_Familia_Cali,2021,70.0,1.25,1,1,563,1
CAL-08717,CALI,ALIMENTOS,Juzgado_Penal_Municipal_1_Cali,2022,70.0,1.35,3,0,516,0
CAL-08718,CALI,HURTO_PATRIMONIAL,Juzgado_5_Familia_Cali,2023,70.0,0.95,4,1,626,1
CAL-08719,CALI,HURTO_PATRIMONIAL,Juzgado_3_Familia_Cali,2024,70.0,1.2,1,0,539,1
CAL-08720,CALI,VIF,Juzgado_3_Familia_Cali,2023,70.0,1.2,8,0,462,1
CAL-08721,CALI,ALIMENTOS,Juzgado_Penal_Municipal_1_Cali,2022,70.0,1.35,2,0,531,1
CAL-08722,CALI,ALIMENTOS,Juzgado_Penal_Municipal_2_Cali,2024,70.0,1.15,3,1,646,1
CAL-08723,CALI,SUSTANCIAS,Juzgado_Penal_Municipal_1_Cali,2024,70.0,1.35,1,1,632,1
CAL-08724,CALI,ALIMENTOS,Juzgado_2_Familia_Cali,2020,70.0,1.3,8,1,703,1
CAL-08725,CALI,SUSTANCIAS,Juzgado_1_Familia_Cali,2020,70.0,1.45,5,0,500,1
CAL-08726,CALI,ALIMENTOS,Juzgado_4_Familia_Cali,2023,70.0,1.1,8,1,680,1
CAL-08727,CALI,VIF,Juzgado_4_Familia_Cali,2023,70.0,1.1,2,0,376,1
CAL-08728,CALI,ALIMENTOS,Juzgado_2_Familia_Cali,2020,70.0,1.3,5,0,527,1
CAL-08729,CALI,ALIMENTOS,Juzgado_2_Familia_Cali,2024,70.0,1.3,2,0,448,0
CAL-08730,CALI,VIF,Juzgado_Penal_Municipal_2_Cali,2023,70.0,1.15,6,0,429,1
CAL-08731,CALI,ALIMENTOS,Juzgado_1_Familia_Cali,2022,70.0,1.45,2,1,684,1
CAL-08732,CALI,ALIMENTOS,Juzgado_Penal_Municipal_1_Cali,2024,70.0,1.35,4,0,547,1
CAL-08733,CALI,ALIMENTOS,Juzgado_1_Familia_Cali,2024,70.0,1.45,7,0,631,1
CAL-08734,CALI,ALIMENTOS,Juzgado_3_Familia_Cali,2024,70.0,1.2,2,1,500,0
CAL-08735,CALI,VIF,Juzgado_Penal_Municipal_2_Cali,2022,70.0,1.15,6,1,509,0
CAL-08736,CALI,ALIMENTOS,Juzgado_5_Familia_Cali,2020,70.0,0.95,4,0,446,1
CAL-08737,CALI,VIF,Juzgado_3_Familia_Cali,2021,70.0,1.2,1,1,539,1
CAL-08738,CALI,SUSTANCIAS,Comisaria_2_Familia_Cali,2024,70.0,1.1,1,0,410,1
CAL-08739,CALI,HURTO_PATRIMONIAL,Juzgado_3_Familia_Cali,2022,70.0,1.2,1,0,453,0
CAL-08740,CALI,ALIMENTOS,Comisaria_2_Familia_Cali,2024,70.0,1.1,9,0,528,1
CAL-08741,CALI,VIF,Comisaria_2_Familia_Cali,2024,70.0,1.1,4,1,250,0
CAL-08742,CALI,VIF,Juzgado_5_Familia_Cali,2023,70.0,0.95,9,0,419,1
CAL-08743,CALI,ALIMENTOS,Juzgado_Penal_Municipal_2_Cali,2022,70.0,1.15,13,1,664,0
CAL-08744,CALI,VIF,Comisaria_2_Familia_Cali,2021,70.0,1.1,4,0,411,1
CAL-08745,CALI,SUSTANCIAS,Juzgado_3_Familia_Cali,2022,70.0,1.2,1,0,444,1
CAL-08746,CALI,VIF,Comisaria_2_Familia_Cali,2024,70.0,1.1,12,0,494,1
CAL-08747,CALI,HURTO_PATRIMONIAL,Juzgado_2_Familia_Cali,2020,70.0,1.3,10,1,566,0
CAL-08748,CALI,VIF,Comisaria_1_Familia_Cali,2020,70.0,1.25,10,0,501,1
CAL-08749,CALI,ALIMENTOS,Comisaria_3_Familia_Cali,2024,70.0,0.9,1,0,400,1
CAL-08750,CALI,ALIMENTOS,Juzgado_Penal_Municipal_1_Cali,2020,70.0,1.35,3,0,282,0
CAL-08751,CALI,VIF,Juzgado_5_Familia_Cali,2024,70.0,0.95,5,0,379,1
CAL-08752,CALI,SUSTANCIAS,Juzgado_Penal_Municipal_1_Cali,2024,70.0,1.35,1,0,458,1
CAL-08753,CALI,HURTO_PATRIMONIAL,Comisaria_1_Familia_Cali,2024,70.0,1.25,3,1,717,1
CAL-08754,CALI,VIF,Comisaria_3_Familia_Cali,2023,70.0,0.9,6,0,388,1
CAL-08755,CALI,ALIMENTOS,Juzgado_Penal_Municipal_2_Cali,2022,70.0,1.15,2,1,620,1
CAL-08756,CALI,VIF,Juzgado_2_Familia_Cali,2022,70.0,1.3,3,0,446,1
CAL-08757,CALI,VIF,Comisaria_3_Familia_Cali,2020,70.0,0.9,4,0,346,1
CAL-08758,CALI,ALIMENTOS,Comisaria_2_Familia_Cali,2023,70.0,1.1,9,0,530,1
CAL-08759,CALI,SUSTANCIAS,Juzgado_3_Familia_Cali,2023,70.0,1.2,7,0,474,1
CAL-08760,CALI,ALIMENTOS,Comisaria_1_Familia_Cali,2021,70.0,1.25,6,0,548,1
CAL-08761,CALI,VIF,Comisaria_2_Familia_Cali,2023,70.0,1.1,1,0,413,1
CAL-08762,CALI,ALIMENTOS,Comisaria_2_Familia_Cali,2024,70.0,1.1,7,0,512,1
CAL-08763,CALI,ALIMENTOS,Comisaria_1_Familia_Cali,2021,70.0,1.25,11,0,572,1
CAL-08764,CALI,VIF,Juzgado_Penal_Municipal_1_Cali,2023,70.0,1.35,4,0,442,1
CAL-08765,CALI,VIF,Juzgado_3_Familia_Cali,2024,70.0,1.2,6,0,450,1
CAL-08766,CALI,ALIMENTOS,Comisaria_1_Familia_Cali,2021,70.0,1.25,1,0,491,1
CAL-08767,CALI,ALIMENTOS,Juzgado_Penal_Municipal_1_Cali,2022,70.0,1.35,11,0,601,1
CAL-08768,CALI,VIF,Juzgado_Penal_Municipal_1_Cali,2023,70.0,1.35,5,1,638,1
CAL-08769,CALI,SUSTANCIAS,Juzgado_Penal_Municipal_1_Cali,2022,70.0,1.35,3,1,664,1
CAL-08770,CALI,VIF,Juzgado_3_Familia_Cali,2024,70.0,1.2,3,0,426,1
CAL-08771,CALI,VIF,Juzgado_Penal_Municipal_2_Cali,2023,70.0,1.15,2,1,545,1
CAL-08772,CALI,VIF,Juzgado_3_Familia_Cali,2023,70.0,1.2,1,1,549,1
CAL-08773,CALI,VIF,Juzgado_4_Familia_Cali,2023,70.0,1.1,1,0,416,1
CAL-08774,CALI,ALIMENTOS,Comisaria_1_Familia_Cali,2020,70.0,1.25,1,0,486,1
CAL-08775,CALI,ALIMENTOS,Juzgado_2_Familia_Cali,2023,70.0,1.3,6,0,553,1
CAL-08776,CALI,VIF,Juzgado_4_Familia_Cali,2023,70.0,1.1,5,0,212,0
CAL-08777,CALI,ALIMENTOS,Juzgado_4_Familia_Cali,2022,70.0,1.1,3,1,645,1
CAL-08778,CALI,VIF,Comisaria_1_Familia_Cali,2020,70.0,1.25,2,0,416,1
CAL-08779,CALI,SUSTANCIAS,Comisaria_2_Familia_Cali,2023,70.0,1.1,2,1,587,1
CAL-08780,CALI,VIF,Juzgado_2_Familia_Cali,2023,70.0,1.3,18,0,576,1
CAL-08781,CALI,ALIMENTOS,Juzgado_2_Familia_Cali,2024,70.0,1.3,8,0,561,1
CAL-08782,CALI,ALIMENTOS,Juzgado_Penal_Municipal_1_Cali,2022,70.0,1.35,7,1,419,0
CAL-08783,CALI,ALIMENTOS,Juzgado_4_Familia_Cali,2022,70.0,1.1,5,0,504,1
CAL-08784,CALI,HURTO_PATRIMONIAL,Juzgado_3_Familia_Cali,2023,70.0,1.2,6,0,545,1
CAL-08785,CALI,ALIMENTOS,Juzgado_5_Familia_Cali,2023,70.0,0.95,3,1,589,1
CAL-08786,CALI,VIF,Juzgado_5_Familia_Cali,2021,70.0,0.95,7,0,404,1
CAL-08787,CALI,VIF,Juzgado_1_Familia_Cali,2020,70.0,1.45,2,0,451,1
CAL-08788,CALI,SUSTANCIAS,Juzgado_4_Familia_Cali,2021,70.0,1.1,7,0,464,1
CAL-08789,CALI,SUSTANCIAS,Comisaria_1_Familia_Cali,2021,70.0,1.25,6,0,480,1
CAL-08790,CALI,VIF,Juzgado_1_Familia_Cali,2024,70.0,1.45,3,0,283,0
CAL-08791,CALI,HURTO_PATRIMONIAL,Juzgado_2_Familia_Cali,2021,70.0,1.3,2,0,585,1
CAL-08792,CALI,ALIMENTOS,Juzgado_Penal_Municipal_1_Cali,2024,70.0,1.35,6,1,440,0
CAL-08793,CALI,ALIMENTOS,Juzgado_2_Familia_Cali,2024,70.0,1.3,1,1,651,1
CAL-08794,CALI,VIF,Juzgado_5_Familia_Cali,2023,70.0,0.95,4,1,563,1
CAL-08795,CALI,VIF,Juzgado_Penal_Municipal_2_Cali,2022,70.0,1.15,10,0,461,1
CAL-08796,CALI,SUSTANCIAS,Comisaria_1_Familia_Cali,2022,70.0,1.25,8,1,628,1
CAL-08797,CALI,VIF,Juzgado_3_Familia_Cali,2024,70.0,1.2,1,0,396,1
CAL-08798,CALI,SUSTANCIAS,Juzgado_2_Familia_Cali,2021,70.0,1.3,2,0,473,1
CAL-08799,CALI,VIF,Comisaria_1_Familia_Cali,2024,70.0,1.25,4,0,447,1
CAL-08800,CALI,VIF,Juzgado_Penal_Municipal_2_Cali,2024,70.0,1.15,2,0,427,1
CAL-08801,CALI,ALIMENTOS,Comisaria_1_Familia_Cali,2024,70.0,1.25,3,0,435,0
CAL-08802,CALI,HURTO_PATRIMONIAL,Juzgado_Penal_Municipal_2_Cali,2023,70.0,1.15,3,0,561,1
CAL-08803,CALI,ALIMENTOS,Juzgado_4_Familia_Cali,2022,70.0,1.1,4,1,331,0
CAL-08804,CALI,VIF,Comisaria_3_Familia_Cali,2023,70.0,0.9,4,0,234,0
CAL-08805,CALI,VIF,Comisaria_3_Familia_Cali,2022,70.0,0.9,9,0,433,1
CAL-08806,CALI,ALIMENTOS,Juzgado_3_Familia_Cali,2024,70.0,1.2,2,0,529,1
CAL-08807,CALI,VIF,Juzgado_3_Familia_Cali,2024,70.0,1.2,5,0,464,1
CAL-08808,CALI,HURTO_PATRIMONIAL,Comisaria_3_Familia_Cali,2022,70.0,0.9,4,0,478,1
CAL-08809,CALI,ALIMENTOS,Juzgado_Penal_Municipal_1_Cali,2024,70.0,1.35,2,0,562,1
CAL-08810,CALI,ALIMENTOS,Juzgado_5_Familia_Cali,2024,70.0,0.95,9,0,457,1
CAL-08811,CALI,VIF,Comisaria_3_Familia_Cali,2024,70.0,0.9,5,0,410,1
CAL-08812,CALI,ALIMENTOS,Juzgado_1_Familia_Cali,2024,70.0,1.45,7,0,636,1
CAL-08813,CALI,HURTO_PATRIMONIAL,Juzgado_2_Familia_Cali,2022,70.0,1.3,8,0,633,1
CAL-08814,CALI,VIF,Comisaria_1_Familia_Cali,2021,70.0,1.25,3,0,412,1
CAL-08815,CALI,SUSTANCIAS,Juzgado_Penal_Municipal_2_Cali,2023,70.0,1.15,5,0,468,1
CAL-08816,CALI,HURTO_PATRIMONIAL,Juzgado_4_Familia_Cali,2023,70.0,1.1,3,0,534,1
CAL-08817,CALI,ALIMENTOS,Comisaria_3_Familia_Cali,2021,70.0,0.9,13,0,520,1
CAL-08818,CALI,SUSTANCIAS,Juzgado_Penal_Municipal_1_Cali,2022,70.0,1.35,6,0,522,1
CAL-08819,CALI,ALIMENTOS,Juzgado_4_Familia_Cali,2020,70.0,1.1,9,0,521,1
CAL-08820,CALI,VIF,Comisaria_1_Familia_Cali,2024,70.0,1.25,3,0,455,1
CAL-08821,CALI,ALIMENTOS,Juzgado_3_Familia_Cali,2022,70.0,1.2,1,1,622,1
CAL-08822,CALI,VIF,Comisaria_3_Familia_Cali,2023,70.0,0.9,13,1,597,1
CAL-08823,CALI,VIF,Juzgado_Penal_Municipal_2_Cali,2021,70.0,1.15,5,0,430,1
CAL-08824,CALI,VIF,Juzgado_Penal_Municipal_1_Cali,2020,70.0,1.35,4,0,451,1
CAL-08825,CALI,ALIMENTOS,Comisaria_3_Familia_Cali,2021,70.0,0.9,1,1,532,1
CAL-08826,CALI,ALIMENTOS,Juzgado_1_Familia_Cali,2022,70.0,1.45,3,0,610,1
CAL-08827,CALI,ALIMENTOS,Comisaria_2_Familia_Cali,2024,70.0,1.1,8,0,543,1
CAL-08828,CALI,ALIMENTOS,Juzgado_4_Familia_Cali,2022,70.0,1.1,2,0,426,1
CAL-08829,CALI,HURTO_PATRIMONIAL,Juzgado_5_Familia_Cali,2024,70.0,0.95,1,1,614,1
CAL-08830,CALI,SUSTANCIAS,Comisaria_3_Familia_Cali,2023,70.0,0.9,3,0,373,1
CAL-08831,CALI,ALIMENTOS,Juzgado_3_Familia_Cali,2024,70.0,1.2,4,0,527,1
CAL-08832,CALI,ALIMENTOS,Juzgado_1_Familia_Cali,2024,70.0,1.45,9,0,638,1
CAL-08833,CALI,ALIMENTOS,Juzgado_Penal_Municipal_2_Cali,2021,70.0,1.15,4,1,668,1
CAL-08834,CALI,ALIMENTOS,Juzgado_Penal_Municipal_1_Cali,2022,70.0,1.35,1,1,702,1
CAL-08835,CALI,ALIMENTOS,Juzgado_1_Familia_Cali,2024,70.0,1.45,5,0,356,0
CAL-08836,CALI,ALIMENTOS,Juzgado_Penal_Municipal_2_Cali,2023,70.0,1.15,1,1,624,1
CAL-08837,CALI,VIF,Juzgado_Penal_Municipal_2_Cali,2024,70.0,1.15,6,0,470,1
CAL-08838,CALI,VIF,Comisaria_2_Familia_Cali,2024,70.0,1.1,1,0,391,1
CAL-08839,CALI,VIF,Juzgado_4_Familia_Cali,2021,70.0,1.1,3,0,409,1
CAL-08840,CALI,VIF,Juzgado_5_Familia_Cali,2021,70.0,0.95,1,1,501,1
CAL-08841,CALI,VIF,Juzgado_1_Familia_Cali,2020,70.0,1.45,5,0,470,1
CAL-08842,CALI,ALIMENTOS,Juzgado_1_Familia_Cali,2021,70.0,1.45,5,1,587,0
CAL-08843,CALI,ALIMENTOS,Juzgado_5_Familia_Cali,2021,70.0,0.95,3,0,367,0
CAL-08844,CALI,VIF,Juzgado_3_Familia_Cali,2024,70.0,1.2,5,0,436,1
CAL-08845,CALI,VIF,Juzgado_2_Familia_Cali,2023,70.0,1.3,11,0,513,1
CAL-08846,CALI,ALIMENTOS,Juzgado_2_Familia_Cali,2024,70.0,1.3,8,0,592,1
CAL-08847,CALI,SUSTANCIAS,Juzgado_4_Familia_Cali,2024,70.0,1.1,1,0,413,1
CAL-08848,CALI,ALIMENTOS,Juzgado_1_Familia_Cali,2021,70.0,1.45,5,0,598,1
CAL-08849,CALI,ALIMENTOS,Juzgado_3_Familia_Cali,2023,70.0,1.2,10,0,578,1
CAL-08850,CALI,ALIMENTOS,Juzgado_Penal_Municipal_1_Cali,2024,70.0,1.35,9,0,605,1
CAL-08851,CALI,SUSTANCIAS,Comisaria_2_Familia_Cali,2021,70.0,1.1,2,0,388,1
CAL-08852,CALI,ALIMENTOS,Juzgado_2_Familia_Cali,2024,70.0,1.3,5,0,556,1
CAL-08853,CALI,SUSTANCIAS,Juzgado_2_Familia_Cali,2024,70.0,1.3,1,0,432,1
CAL-08854,CALI,HURTO_PATRIMONIAL,Comisaria_1_Familia_Cali,2024,70.0,1.25,2,0,559,1
CAL-08855,CALI,ALIMENTOS,Juzgado_2_Familia_Cali,2022,70.0,1.3,3,1,684,1
CAL-08856,CALI,HURTO_PATRIMONIAL,Comisaria_3_Familia_Cali,2022,70.0,0.9,9,0,492,1
CAL-08857,CALI,ALIMENTOS,Comisaria_3_Familia_Cali,2023,70.0,0.9,2,1,599,1
CAL-08858,CALI,ALIMENTOS,Juzgado_4_Familia_Cali,2024,70.0,1.1,4,1,685,1
CAL-08859,CALI,HURTO_PATRIMONIAL,Juzgado_3_Familia_Cali,2023,70.0,1.2,1,0,559,1
CAL-08860,CALI,SUSTANCIAS,Comisaria_3_Familia_Cali,2024,70.0,0.9,1,0,367,1
CAL-08861,CALI,ALIMENTOS,Juzgado_5_Familia_Cali,2024,70.0,0.95,6,0,485,1
CAL-08862,CALI,HURTO_PATRIMONIAL,Comisaria_3_Familia_Cali,2023,70.0,0.9,1,0,459,1
CAL-08863,CALI,ALIMENTOS,Comisaria_3_Familia_Cali,2020,70.0,0.9,8,1,637,1
CAL-08864,CALI,ALIMENTOS,Juzgado_5_Familia_Cali,2023,70.0,0.95,3,0,445,1
CAL-08865,CALI,VIF,Juzgado_5_Familia_Cali,2021,70.0,0.95,8,0,427,1
CAL-08866,CALI,VIF,Juzgado_5_Familia_Cali,2023,70.0,0.95,1,0,366,1
CAL-08867,CALI,SUSTANCIAS,Juzgado_Penal_Municipal_1_Cali,2020,70.0,1.35,2,0,474,1
CAL-08868,CALI,VIF,Comisaria_1_Familia_Cali,2023,70.0,1.25,3,0,436,1
CAL-08869,CALI,VIF,Juzgado_4_Familia_Cali,2023,70.0,1.1,2,0,404,1
CAL-08870,CALI,VIF,Juzgado_2_Familia_Cali,2023,70.0,1.3,1,0,417,1
CAL-08871,CALI,SUSTANCIAS,Juzgado_1_Familia_Cali,2020,70.0,1.45,5,0,517,1
CAL-08872,CALI,HURTO_PATRIMONIAL,Juzgado_2_Familia_Cali,2024,70.0,1.3,1,0,550,1
CAL-08873,CALI,ALIMENTOS,Juzgado_2_Familia_Cali,2023,70.0,1.3,2,0,530,1
CAL-08874,CALI,VIF,Juzgado_1_Familia_Cali,2024,70.0,1.45,5,1,656,1
CAL-08875,CALI,ALIMENTOS,Juzgado_Penal_Municipal_2_Cali,2023,70.0,1.15,7,1,681,1
CAL-08876,CALI,VIF,Juzgado_1_Familia_Cali,2021,70.0,1.45,5,0,469,1
CAL-08877,CALI,VIF,Juzgado_Penal_Municipal_2_Cali,2023,70.0,1.15,3,0,412,1
CAL-08878,CALI,ALIMENTOS,Juzgado_Penal_Municipal_1_Cali,2023,70.0,1.35,13,1,456,0
CAL-08879,CALI,ALIMENTOS,Juzgado_2_Familia_Cali,2020,70.0,1.3,8,0,564,1
CAL-08880,CALI,VIF,Juzgado_1_Familia_Cali,2023,70.0,1.45,5,0,486,1
CAL-08881,CALI,ALIMENTOS,Juzgado_3_Familia_Cali,2024,70.0,1.2,3,0,532,1
CAL-08882,CALI,ALIMENTOS,Juzgado_4_Familia_Cali,2024,70.0,1.1,3,0,274,0
CAL-08883,CALI,SUSTANCIAS,Comisaria_2_Familia_Cali,2024,70.0,1.1,2,0,418,1
CAL-08884,CALI,ALIMENTOS,Juzgado_4_Familia_Cali,2020,70.0,1.1,6,0,512,1
CAL-08885,CALI,ALIMENTOS,Comisaria_1_Familia_Cali,2023,70.0,1.25,3,1,696,1
CAL-08886,CALI,VIF,Juzgado_Penal_Municipal_2_Cali,2023,70.0,1.15,6,0,450,1
CAL-08887,CALI,HURTO_PATRIMONIAL,Juzgado_2_Familia_Cali,2020,70.0,1.3,4,0,504,0
CAL-08888,CALI,VIF,Juzgado_5_Familia_Cali,2024,70.0,0.95,3,0,375,1
CAL-08889,CALI,VIF,Juzgado_Penal_Municipal_1_Cali,2023,70.0,1.35,3,0,444,1
CAL-08890,CALI,ALIMENTOS,Comisaria_2_Familia_Cali,2021,70.0,1.1,4,1,658,1
CAL-08891,CALI,VIF,Comisaria_3_Familia_Cali,2022,70.0,0.9,1,0,360,1
CAL-08892,CALI,ALIMENTOS,Juzgado_4_Familia_Cali,2022,70.0,1.1,1,1,295,0
CAL-08893,CALI,VIF,Juzgado_Penal_Municipal_1_Cali,2024,70.0,1.35,4,0,468,1
CAL-08894,CALI,HURTO_PATRIMONIAL,Juzgado_Penal_Municipal_1_Cali,2023,70.0,1.35,6,0,622,1
CAL-08895,CALI,VIF,Juzgado_1_Familia_Cali,2020,70.0,1.45,8,1,682,1
CAL-08896,CALI,ALIMENTOS,Juzgado_1_Familia_Cali,2024,70.0,1.45,2,0,557,1
CAL-08897,CALI,HURTO_PATRIMONIAL,Juzgado_2_Familia_Cali,2022,70.0,1.3,13,0,680,1
CAL-08898,CALI,VIF,Comisaria_1_Familia_Cali,2022,70.0,1.25,12,0,522,1
CAL-08899,CALI,VIF,Juzgado_Penal_Municipal_1_Cali,2023,70.0,1.35,2,0,452,1
CAL-08900,CALI,ALIMENTOS,Comisaria_3_Familia_Cali,2022,70.0,0.9,9,0,488,1
CAL-08901,CALI,ALIMENTOS,Juzgado_Penal_Municipal_2_Cali,2024,70.0,1.15,1,1,674,1
CAL-08902,CALI,VIF,Comisaria_2_Familia_Cali,2020,70.0,1.1,3,0,378,1
CAL-08903,CALI,HURTO_PATRIMONIAL,Comisaria_3_Familia_Cali,2021,70.0,0.9,4,1,635,1
CAL-08904,CALI,HURTO_PATRIMONIAL,Juzgado_2_Familia_Cali,2022,70.0,1.3,2,0,268,0
CAL-08905,CALI,ALIMENTOS,Juzgado_2_Familia_Cali,2021,70.0,1.3,6,0,580,1
CAL-08906,CALI,VIF,Juzgado_2_Familia_Cali,2022,70.0,1.3,1,0,413,1
CAL-08907,CALI,ALIMENTOS,Juzgado_2_Familia_Cali,2023,70.0,1.3,3,1,694,1
CAL-08908,CALI,VIF,Juzgado_1_Familia_Cali,2023,70.0,1.45,1,0,437,1
CAL-08909,CALI,HURTO_PATRIMONIAL,Juzgado_5_Familia_Cali,2020,70.0,0.95,9,0,541,1
CAL-08910,CALI,VIF,Juzgado_1_Familia_Cali,2021,70.0,1.45,9,0,531,1
CAL-08911,CALI,VIF,Juzgado_4_Familia_Cali,2021,70.0,1.1,3,0,387,1
CAL-08912,CALI,HURTO_PATRIMONIAL,Juzgado_5_Familia_Cali,2024,70.0,0.95,2,0,477,1
CAL-08913,CALI,HURTO_PATRIMONIAL,Comisaria_3_Familia_Cali,2023,70.0,0.9,1,0,224,0
CAL-08914,CALI,ALIMENTOS,Juzgado_Penal_Municipal_1_Cali,2023,70.0,1.35,1,0,395,0
CAL-08915,CALI,HURTO_PATRIMONIAL,Juzgado_3_Familia_Cali,2022,70.0,1.2,10,1,649,0
CAL-08916,CALI,ALIMENTOS,Juzgado_Penal_Municipal_2_Cali,2021,70.0,1.15,2,0,436,1
CAL-08917,CALI,ALIMENTOS,Juzgado_1_Familia_Cali,2024,70.0,1.45,8,1,685,0
CAL-08918,CALI,VIF,Comisaria_1_Familia_Cali,2021,70.0,1.25,8,0,481,1
CAL-08919,CALI,ALIMENTOS,Juzgado_Penal_Municipal_2_Cali,2023,70.0,1.15,5,0,277,0
CAL-08920,CALI,ALIMENTOS,Juzgado_5_Familia_Cali,2020,70.0,0.95,2,0,426,1
CAL-08921,CALI,VIF,Juzgado_3_Familia_Cali,2024,70.0,1.2,1,0,204,0
CAL-08922,CALI,SUSTANCIAS,Juzgado_Penal_Municipal_1_Cali,2024,70.0,1.35,4,0,488,1
CAL-08923,CALI,VIF,Juzgado_1_Familia_Cali,2021,70.0,1.45,4,0,462,1
CAL-08924,CALI,VIF,Juzgado_1_Familia_Cali,2022,70.0,1.45,12,0,327,0
CAL-08925,CALI,SUSTANCIAS,Juzgado_1_Familia_Cali,2024,70.0,1.45,8,1,700,1
CAL-08926,CALI,ALIMENTOS,Comisaria_2_Familia_Cali,2022,70.0,1.1,13,0,563,1
CAL-08927,CALI,ALIMENTOS,Juzgado_5_Familia_Cali,2024,70.0,0.95,3,0,453,1
CAL-08928,CALI,VIF,Juzgado_Penal_Municipal_2_Cali,2023,70.0,1.15,7,0,462,1
CAL-08929,CALI,ALIMENTOS,Comisaria_1_Familia_Cali,2024,70.0,1.25,1,0,530,1
CAL-08930,CALI,SUSTANCIAS,Juzgado_1_Familia_Cali,2024,70.0,1.45,8,1,486,0
CAL-08931,CALI,VIF,Juzgado_5_Familia_Cali,2024,70.0,0.95,5,0,416,1
CAL-08932,CALI,VIF,Juzgado_1_Familia_Cali,2023,70.0,1.45,4,0,399,0
CAL-08933,CALI,ALIMENTOS,Juzgado_Penal_Municipal_1_Cali,2022,70.0,1.35,2,0,536,1
CAL-08934,CALI,VIF,Juzgado_Penal_Municipal_2_Cali,2023,70.0,1.15,13,1,648,1
CAL-08935,CALI,SUSTANCIAS,Juzgado_1_Familia_Cali,2021,70.0,1.45,2,0,493,1
CAL-08936,CALI,VIF,Juzgado_2_Familia_Cali,2020,70.0,1.3,5,1,588,1
CAL-08937,CALI,ALIMENTOS,Juzgado_3_Familia_Cali,2023,70.0,1.2,4,0,499,1
CAL-08938,CALI,HURTO_PATRIMONIAL,Juzgado_1_Familia_Cali,2024,70.0,1.45,10,0,658,1
CAL-08939,CALI,VIF,Juzgado_2_Familia_Cali,2024,70.0,1.3,5,1,632,1
CAL-08940,CALI,ALIMENTOS,Comisaria_2_Familia_Cali,2022,70.0,1.1,6,0,500,1
CAL-08941,CALI,ALIMENTOS,Comisaria_2_Familia_Cali,2024,70.0,1.1,9,1,687,1
CAL-08942,CALI,VIF,Comisaria_2_Familia_Cali,2024,70.0,1.1,3,0,386,1
CAL-08943,CALI,VIF,Juzgado_3_Familia_Cali,2024,70.0,1.2,16,0,471,0
CAL-08944,CALI,VIF,Juzgado_5_Familia_Cali,2021,70.0,0.95,6,1,285,0
CAL-08945,CALI,VIF,Juzgado_Penal_Municipal_2_Cali,2023,70.0,1.15,3,0,405,1
CAL-08946,CALI,VIF,Juzgado_3_Familia_Cali,2023,70.0,1.2,1,1,532,1
CAL-08947,CALI,ALIMENTOS,Juzgado_Penal_Municipal_2_Cali,2022,70.0,1.15,11,0,567,1
CAL-08948,CALI,ALIMENTOS,Juzgado_5_Familia_Cali,2022,70.0,0.95,13,1,677,1
CAL-08949,CALI,ALIMENTOS,Juzgado_1_Familia_Cali,2021,70.0,1.45,7,0,587,1
CAL-08950,CALI,ALIMENTOS,Juzgado_4_Familia_Cali,2024,70.0,1.1,3,0,487,1
CAL-08951,CALI,VIF,Comisaria_3_Familia_Cali,2022,70.0,0.9,2,0,350,1
CAL-08952,CALI,ALIMENTOS,Juzgado_5_Familia_Cali,2024,70.0,0.95,4,0,335,0
CAL-08953,CALI,VIF,Comisaria_2_Familia_Cali,2024,70.0,1.1,1,1,543,1
CAL-08954,CALI,SUSTANCIAS,Comisaria_1_Familia_Cali,2023,70.0,1.25,10,0,288,0
CAL-08955,CALI,ALIMENTOS,Juzgado_2_Familia_Cali,2023,70.0,1.3,9,0,481,0
CAL-08956,CALI,ALIMENTOS,Juzgado_5_Familia_Cali,2022,70.0,0.95,2,0,433,1
CAL-08957,CALI,ALIMENTOS,Juzgado_Penal_Municipal_1_Cali,2020,70.0,1.35,8,1,492,0
CAL-08958,CALI,HURTO_PATRIMONIAL,Juzgado_5_Familia_Cali,2021,70.0,0.95,3,0,450,1
CAL-08959,CALI,ALIMENTOS,Juzgado_2_Familia_Cali,2023,70.0,1.3,4,0,510,1
CAL-08960,CALI,VIF,Comisaria_3_Familia_Cali,2021,70.0,0.9,1,0,348,1
CAL-08961,CALI,VIF,Juzgado_5_Familia_Cali,2023,70.0,0.95,3,1,533,1
CAL-08962,CALI,ALIMENTOS,Juzgado_Penal_Municipal_2_Cali,2023,70.0,1.15,5,0,537,1
CAL-08963,CALI,VIF,Juzgado_1_Familia_Cali,2024,70.0,1.45,7,0,509,1
CAL-08964,CALI,ALIMENTOS,Juzgado_2_Familia_Cali,2020,70.0,1.3,2,0,531,1
CAL-08965,CALI,VIF,Juzgado_Penal_Municipal_1_Cali,2024,70.0,1.35,3,1,631,1
CAL-08966,CALI,VIF,Juzgado_4_Familia_Cali,2024,70.0,1.1,3,0,406,1
CAL-08967,CALI,VIF,Comisaria_1_Familia_Cali,2024,70.0,1.25,6,0,468,1
CAL-08968,CALI,VIF,Comisaria_1_Familia_Cali,2021,70.0,1.25,5,0,435,1
CAL-08969,CALI,HURTO_PATRIMONIAL,Comisaria_1_Familia_Cali,2022,70.0,1.25,6,1,726,1
CAL-08970,CALI,ALIMENTOS,Juzgado_Penal_Municipal_1_Cali,2022,70.0,1.35,3,0,570,1
CAL-08971,CALI,VIF,Juzgado_Penal_Municipal_2_Cali,2023,70.0,1.15,4,1,579,1
CAL-08972,CALI,ALIMENTOS,Comisaria_1_Familia_Cali,2021,70.0,1.25,1,0,520,1
CAL-08973,CALI,ALIMENTOS,Juzgado_3_Familia_Cali,2023,70.0,1.2,8,1,365,0
CAL-08974,CALI,HURTO_PATRIMONIAL,Comisaria_1_Familia_Cali,2024,70.0,1.25,5,0,319,0
CAL-08975,CALI,HURTO_PATRIMONIAL,Comisaria_1_Familia_Cali,2023,70.0,1.25,3,0,570,1
CAL-08976,CALI,HURTO_PATRIMONIAL,Juzgado_Penal_Municipal_2_Cali,2023,70.0,1.15,8,0,578,1
CAL-08977,CALI,HURTO_PATRIMONIAL,Comisaria_1_Familia_Cali,2023,70.0,1.25,8,0,615,1
CAL-08978,CALI,VIF,Juzgado_2_Familia_Cali,2023,70.0,1.3,19,0,590,1
CAL-08979,CALI,VIF,Juzgado_5_Familia_Cali,2024,70.0,0.95,3,0,410,1
CAL-08980,CALI,HURTO_PATRIMONIAL,Juzgado_1_Familia_Cali,2023,70.0,1.45,5,1,369,0
CAL-08981,CALI,VIF,Juzgado_Penal_Municipal_1_Cali,2024,70.0,1.35,1,0,428,1
CAL-08982,CALI,ALIMENTOS,Juzgado_1_Familia_Cali,2022,70.0,1.45,10,0,287,0
CAL-08983,CALI,ALIMENTOS,Comisaria_2_Familia_Cali,2024,70.0,1.1,1,0,514,1
CAL-08984,CALI,VIF,Juzgado_2_Familia_Cali,2020,70.0,1.3,3,0,447,1
CAL-08985,CALI,VIF,Juzgado_3_Familia_Cali,2022,70.0,1.2,3,0,283,0
CAL-08986,CALI,ALIMENTOS,Juzgado_2_Familia_Cali,2024,70.0,1.3,3,1,688,1
CAL-08987,CALI,ALIMENTOS,Juzgado_5_Familia_Cali,2021,70.0,0.95,9,0,515,1
CAL-08988,CALI,ALIMENTOS,Juzgado_3_Familia_Cali,2023,70.0,1.2,9,0,566,1
CAL-08989,CALI,VIF,Juzgado_1_Familia_Cali,2020,70.0,1.45,1,0,466,1
CAL-08990,CALI,VIF,Comisaria_3_Familia_Cali,2024,70.0,0.9,7,0,423,1
CAL-08991,CALI,VIF,Juzgado_4_Familia_Cali,2020,70.0,1.1,5,0,444,1
CAL-08992,CALI,SUSTANCIAS,Comisaria_2_Familia_Cali,2023,70.0,1.1,13,0,304,0
CAL-08993,CALI,SUSTANCIAS,Juzgado_Penal_Municipal_1_Cali,2023,70.0,1.35,5,0,508,1
CAL-08994,CALI,ALIMENTOS,Juzgado_Penal_Municipal_2_Cali,2023,70.0,1.15,1,0,478,1
CAL-08995,CALI,ALIMENTOS,Juzgado_1_Familia_Cali,2022,70.0,1.45,6,0,588,1
CAL-08996,CALI,VIF,Juzgado_Penal_Municipal_2_Cali,2020,70.0,1.15,3,1,564,1
CAL-08997,CALI,ALIMENTOS,Juzgado_2_Familia_Cali,2020,70.0,1.3,6,0,543,1
CAL-08998,CALI,ALIMENTOS,Comisaria_1_Familia_Cali,2021,70.0,1.25,1,1,444,0
CAL-08999,CALI,VIF,Juzgado_3_Familia_Cali,2023,70.0,1.2,6,0,445,1
CAL-09000,CALI,VIF,Juzgado_1_Familia_Cali,2024,70.0,1.45,11,0,395,0
CAL-09001,CALI,HURTO_PATRIMONIAL,Juzgado_Penal_Municipal_1_Cali,2024,70.0,1.35,1,0,570,1
CAL-09002,CALI,ALIMENTOS,Juzgado_2_Familia_Cali,2021,70.0,1.3,5,1,689,1
CAL-09003,CALI,ALIMENTOS,Juzgado_5_Familia_Cali,2022,70.0,0.95,7,0,474,1
CAL-09004,CALI,VIF,Juzgado_4_Familia_Cali,2023,70.0,1.1,5,1,575,1
CAL-09005,CALI,SUSTANCIAS,Comisaria_1_Familia_Cali,2022,70.0,1.25,6,0,486,1
CAL-09006,CALI,VIF,Juzgado_4_Familia_Cali,2024,70.0,1.1,4,0,408,1
CAL-09007,CALI,ALIMENTOS,Juzgado_Penal_Municipal_1_Cali,2024,70.0,1.35,6,1,331,0
CAL-09008,CALI,VIF,Juzgado_Penal_Municipal_2_Cali,2024,70.0,1.15,9,0,321,0
CAL-09009,CALI,ALIMENTOS,Juzgado_3_Familia_Cali,2024,70.0,1.2,7,1,709,1
CAL-09010,CALI,HURTO_PATRIMONIAL,Juzgado_5_Familia_Cali,2023,70.0,0.95,6,0,514,1
CAL-09011,CALI,ALIMENTOS,Juzgado_4_Familia_Cali,2021,70.0,1.1,5,0,528,1
CAL-09012,CALI,HURTO_PATRIMONIAL,Juzgado_Penal_Municipal_1_Cali,2024,70.0,1.35,6,0,662,1
CAL-09013,CALI,ALIMENTOS,Juzgado_1_Familia_Cali,2024,70.0,1.45,1,1,370,0
CAL-09014,CALI,VIF,Comisaria_1_Familia_Cali,2022,70.0,1.25,7,1,496,0
CAL-09015,CALI,ALIMENTOS,Comisaria_3_Familia_Cali,2022,70.0,0.9,4,1,616,1
CAL-09016,CALI,ALIMENTOS,Comisaria_3_Familia_Cali,2022,70.0,0.9,9,1,654,1
CAL-09017,CALI,VIF,Juzgado_2_Familia_Cali,2021,70.0,1.3,16,0,264,0
CAL-09018,CALI,ALIMENTOS,Comisaria_1_Familia_Cali,2020,70.0,1.25,1,1,667,1
CAL-09019,CALI,ALIMENTOS,Juzgado_5_Familia_Cali,2022,70.0,0.95,10,1,674,1
CAL-09020,CALI,HURTO_PATRIMONIAL,Juzgado_3_Familia_Cali,2024,70.0,1.2,1,1,707,1
CAL-09021,CALI,ALIMENTOS,Juzgado_4_Familia_Cali,2023,70.0,1.1,1,1,618,1
CAL-09022,CALI,VIF,Juzgado_4_Familia_Cali,2024,70.0,1.1,8,0,270,0
CAL-09023,CALI,HURTO_PATRIMONIAL,Juzgado_Penal_Municipal_1_Cali,2022,70.0,1.35,2,0,546,1
CAL-09024,CALI,ALIMENTOS,Comisaria_2_Familia_Cali,2021,70.0,1.1,5,0,474,1
CAL-09025,CALI,ALIMENTOS,Juzgado_3_Familia_Cali,2022,70.0,1.2,8,0,537,1
CAL-09026,CALI,HURTO_PATRIMONIAL,Juzgado_Penal_Municipal_2_Cali,2023,70.0,1.15,1,0,474,1
CAL-09027,CALI,VIF,Juzgado_3_Familia_Cali,2024,70.0,1.2,5,0,435,1
CAL-09028,CALI,VIF,Juzgado_2_Familia_Cali,2021,70.0,1.3,9,0,501,1
CAL-09029,CALI,ALIMENTOS,Juzgado_Penal_Municipal_2_Cali,2022,70.0,1.15,6,0,506,1
CAL-09030,CALI,ALIMENTOS,Juzgado_1_Familia_Cali,2021,70.0,1.45,6,1,386,0
CAL-09031,CALI,HURTO_PATRIMONIAL,Juzgado_5_Familia_Cali,2024,70.0,0.95,1,0,261,0
CAL-09032,CALI,ALIMENTOS,Juzgado_3_Familia_Cali,2023,70.0,1.2,3,0,476,1
CAL-09033,CALI,ALIMENTOS,Juzgado_2_Familia_Cali,2024,70.0,1.3,7,0,380,0
CAL-09034,CALI,ALIMENTOS,Juzgado_1_Familia_Cali,2024,70.0,1.45,13,0,623,1
CAL-09035,CALI,ALIMENTOS,Comisaria_3_Familia_Cali,2023,70.0,0.9,10,1,694,1
CAL-09036,CALI,VIF,Juzgado_Penal_Municipal_1_Cali,2024,70.0,1.35,6,0,493,1
CAL-09037,CALI,VIF,Comisaria_1_Familia_Cali,2023,70.0,1.25,1,0,354,0
CAL-09038,CALI,SUSTANCIAS,Juzgado_Penal_Municipal_1_Cali,2023,70.0,1.35,8,0,501,1
CAL-09039,CALI,VIF,Comisaria_2_Familia_Cali,2023,70.0,1.1,2,1,544,1
CAL-09040,CALI,VIF,Juzgado_5_Familia_Cali,2021,70.0,0.95,4,0,388,1
CAL-09041,CALI,ALIMENTOS,Comisaria_1_Familia_Cali,2021,70.0,1.25,2,1,630,1
CAL-09042,CALI,VIF,Juzgado_3_Familia_Cali,2023,70.0,1.2,7,0,478,1
CAL-09043,CALI,ALIMENTOS,Juzgado_3_Familia_Cali,2024,70.0,1.2,10,1,534,0
CAL-09044,CALI,VIF,Comisaria_3_Familia_Cali,2024,70.0,0.9,14,0,478,1
CAL-09045,CALI,VIF,Juzgado_5_Familia_Cali,2020,70.0,0.95,5,0,380,1
CAL-09046,CALI,ALIMENTOS,Juzgado_3_Familia_Cali,2022,70.0,1.2,1,1,678,1
CAL-09047,CALI,ALIMENTOS,Comisaria_2_Familia_Cali,2024,70.0,1.1,1,0,486,1
CAL-09048,CALI,ALIMENTOS,Juzgado_3_Familia_Cali,2023,70.0,1.2,1,1,633,1
CAL-09049,CALI,ALIMENTOS,Juzgado_Penal_Municipal_1_Cali,2024,70.0,1.35,2,1,678,1
CAL-09050,CALI,ALIMENTOS,Juzgado_1_Familia_Cali,2022,70.0,1.45,1,1,697,1
CAL-09051,CALI,SUSTANCIAS,Juzgado_4_Familia_Cali,2021,70.0,1.1,5,1,596,1
CAL-09052,CALI,VIF,Juzgado_4_Familia_Cali,2023,70.0,1.1,4,0,426,1
CAL-09053,CALI,ALIMENTOS,Juzgado_Penal_Municipal_1_Cali,2022,70.0,1.35,9,0,625,1
CAL-09054,CALI,SUSTANCIAS,Juzgado_3_Familia_Cali,2024,70.0,1.2,7,1,648,1
CAL-09055,CALI,ALIMENTOS,Juzgado_1_Familia_Cali,2024,70.0,1.45,3,1,724,1
CAL-09056,CALI,VIF,Juzgado_Penal_Municipal_2_Cali,2020,70.0,1.15,5,0,421,1
CAL-09057,CALI,VIF,Juzgado_2_Familia_Cali,2022,70.0,1.3,2,0,424,1
CAL-09058,CALI,HURTO_PATRIMONIAL,Comisaria_1_Familia_Cali,2024,70.0,1.25,1,1,694,1
CAL-09059,CALI,ALIMENTOS,Comisaria_3_Familia_Cali,2021,70.0,0.9,13,1,673,1
CAL-09060,CALI,SUSTANCIAS,Comisaria_2_Familia_Cali,2024,70.0,1.1,1,1,372,0
CAL-09061,CALI,HURTO_PATRIMONIAL,Juzgado_Penal_Municipal_1_Cali,2023,70.0,1.35,8,0,644,1
CAL-09062,CALI,VIF,Juzgado_1_Familia_Cali,2023,70.0,1.45,3,0,460,1
CAL-09063,CALI,ALIMENTOS,Juzgado_3_Familia_Cali,2022,70.0,1.2,12,1,633,0
CAL-09064,CALI,VIF,Comisaria_3_Familia_Cali,2023,70.0,0.9,5,1,567,1
CAL-09065,CALI,VIF,Juzgado_1_Familia_Cali,2023,70.0,1.45,12,0,528,1
CAL-09066,CALI,HURTO_PATRIMONIAL,Comisaria_1_Familia_Cali,2021,70.0,1.25,4,1,456,0
CAL-09067,CALI,VIF,Juzgado_5_Familia_Cali,2020,70.0,0.95,3,0,359,1
CAL-09068,CALI,HURTO_PATRIMONIAL,Juzgado_3_Familia_Cali,2022,70.0,1.2,2,0,548,1
CAL-09069,CALI,HURTO_PATRIMONIAL,Juzgado_2_Familia_Cali,2024,70.0,1.3,3,1,534,0
CAL-09070,CALI,SUSTANCIAS,Juzgado_Penal_Municipal_2_Cali,2024,70.0,1.15,3,0,429,1
CAL-09071,CALI,ALIMENTOS,Juzgado_4_Familia_Cali,2021,70.0,1.1,1,0,461,1
CAL-09072,CALI,VIF,Juzgado_3_Familia_Cali,2021,70.0,1.2,1,1,557,1
CAL-09073,CALI,SUSTANCIAS,Juzgado_4_Familia_Cali,2023,70.0,1.1,1,1,315,0
CAL-09074,CALI,VIF,Juzgado_Penal_Municipal_1_Cali,2020,70.0,1.35,3,0,435,1
CAL-09075,CALI,HURTO_PATRIMONIAL,Juzgado_5_Familia_Cali,2020,70.0,0.95,9,1,551,0
CAL-09076,CALI,HURTO_PATRIMONIAL,Juzgado_2_Familia_Cali,2023,70.0,1.3,6,1,477,0
CAL-09077,CALI,SUSTANCIAS,Juzgado_3_Familia_Cali,2024,70.0,1.2,5,1,354,0
CAL-09078,CALI,VIF,Juzgado_Penal_Municipal_1_Cali,2024,70.0,1.35,4,0,492,1
CAL-09079,CALI,VIF,Juzgado_1_Familia_Cali,2020,70.0,1.45,3,0,447,1
CAL-09080,CALI,ALIMENTOS,Comisaria_3_Familia_Cali,2023,70.0,0.9,4,1,611,1
CAL-09081,CALI,ALIMENTOS,Juzgado_4_Familia_Cali,2022,70.0,1.1,1,0,439,1
CAL-09082,CALI,HURTO_PATRIMONIAL,Comisaria_3_Familia_Cali,2024,70.0,0.9,9,0,541,1
CAL-09083,CALI,ALIMENTOS,Juzgado_4_Familia_Cali,2024,70.0,1.1,1,1,289,0
CAL-09084,CALI,VIF,Juzgado_1_Familia_Cali,2023,70.0,1.45,3,0,471,1
CAL-09085,CALI,SUSTANCIAS,Juzgado_5_Familia_Cali,2022,70.0,0.95,4,1,539,1
CAL-09086,CALI,ALIMENTOS,Juzgado_3_Familia_Cali,2023,70.0,1.2,4,0,526,1
CAL-09087,CALI,ALIMENTOS,Juzgado_2_Familia_Cali,2023,70.0,1.3,5,0,549,1
CAL-09088,CALI,HURTO_PATRIMONIAL,Juzgado_Penal_Municipal_2_Cali,2024,70.0,1.15,2,1,692,1
CAL-09089,CALI,ALIMENTOS,Juzgado_Penal_Municipal_2_Cali,2022,70.0,1.15,3,1,637,1
CAL-09090,CALI,HURTO_PATRIMONIAL,Comisaria_2_Familia_Cali,2020,70.0,1.1,4,0,534,1
CAL-09091,CALI,VIF,Juzgado_Penal_Municipal_2_Cali,2024,70.0,1.15,1,1,547,1
CAL-09092,CALI,HURTO_PATRIMONIAL,Juzgado_2_Familia_Cali,2021,70.0,1.3,3,1,455,0
CAL-09093,CALI,VIF,Juzgado_5_Familia_Cali,2023,70.0,0.95,3,0,404,1
CAL-09094,CALI,VIF,Juzgado_Penal_Municipal_1_Cali,2024,70.0,1.35,1,0,442,1
CAL-09095,CALI,VIF,Juzgado_Penal_Municipal_1_Cali,2024,70.0,1.35,7,0,501,1
CAL-09096,CALI,VIF,Juzgado_2_Familia_Cali,2021,70.0,1.3,5,0,464,1
CAL-09097,CALI,ALIMENTOS,Juzgado_2_Familia_Cali,2023,70.0,1.3,4,0,583,1
CAL-09098,CALI,VIF,Juzgado_Penal_Municipal_1_Cali,2023,70.0,1.35,2,0,451,1
CAL-09099,CALI,ALIMENTOS,Juzgado_Penal_Municipal_2_Cali,2022,70.0,1.15,8,1,659,1
CAL-09100,CALI,ALIMENTOS,Comisaria_3_Familia_Cali,2023,70.0,0.9,9,0,473,1
CAL-09101,CALI,VIF,Juzgado_2_Familia_Cali,2020,70.0,1.3,3,0,409,1
CAL-09102,CALI,SUSTANCIAS,Juzgado_Penal_Municipal_2_Cali,2021,70.0,1.15,5,0,448,1
CAL-09103,CALI,VIF,Comisaria_2_Familia_Cali,2024,70.0,1.1,6,0,443,1
CAL-09104,CALI,ALIMENTOS,Juzgado_Penal_Municipal_1_Cali,2024,70.0,1.35,6,0,384,0
CAL-09105,CALI,VIF,Juzgado_2_Familia_Cali,2023,70.0,1.3,6,0,454,1
CAL-09106,CALI,VIF,Juzgado_1_Familia_Cali,2024,70.0,1.45,2,0,426,1
CAL-09107,CALI,ALIMENTOS,Juzgado_Penal_Municipal_1_Cali,2023,70.0,1.35,8,0,367,0
CAL-09108,CALI,HURTO_PATRIMONIAL,Comisaria_3_Familia_Cali,2022,70.0,0.9,7,0,515,1
CAL-09109,CALI,HURTO_PATRIMONIAL,Juzgado_Penal_Municipal_2_Cali,2022,70.0,1.15,1,0,490,1
CAL-09110,CALI,ALIMENTOS,Juzgado_4_Familia_Cali,2021,70.0,1.1,4,1,617,1
CAL-09111,CALI,HURTO_PATRIMONIAL,Juzgado_5_Familia_Cali,2023,70.0,0.95,8,0,530,1
CAL-09112,CALI,ALIMENTOS,Comisaria_2_Familia_Cali,2020,70.0,1.1,2,1,635,1
CAL-09113,CALI,ALIMENTOS,Comisaria_2_Familia_Cali,2021,70.0,1.1,11,0,559,1
CAL-09114,CALI,VIF,Juzgado_Penal_Municipal_2_Cali,2022,70.0,1.15,10,1,500,0
CAL-09115,CALI,VIF,Juzgado_3_Familia_Cali,2024,70.0,1.2,5,0,443,1
CAL-09116,CALI,ALIMENTOS,Comisaria_3_Familia_Cali,2024,70.0,0.9,14,0,516,1
CAL-09117,CALI,VIF,Juzgado_Penal_Municipal_2_Cali,2024,70.0,1.15,4,0,456,1
CAL-09118,CALI,ALIMENTOS,Juzgado_Penal_Municipal_1_Cali,2023,70.0,1.35,12,0,439,0
CAL-09119,CALI,VIF,Juzgado_4_Familia_Cali,2021,70.0,1.1,2,0,382,1
CAL-09120,CALI,VIF,Juzgado_4_Familia_Cali,2021,70.0,1.1,5,0,409,1
CAL-09121,CALI,HURTO_PATRIMONIAL,Juzgado_4_Familia_Cali,2024,70.0,1.1,6,0,598,1
CAL-09122,CALI,VIF,Comisaria_2_Familia_Cali,2024,70.0,1.1,3,0,205,0
CAL-09123,CALI,ALIMENTOS,Comisaria_1_Familia_Cali,2020,70.0,1.25,2,1,666,1
CAL-09124,CALI,ALIMENTOS,Comisaria_2_Familia_Cali,2024,70.0,1.1,3,1,621,1
CAL-09125,CALI,VIF,Juzgado_2_Familia_Cali,2023,70.0,1.3,5,0,451,1
CAL-09126,CALI,VIF,Juzgado_Penal_Municipal_1_Cali,2024,70.0,1.35,9,0,534,1
CAL-09127,CALI,HURTO_PATRIMONIAL,Juzgado_2_Familia_Cali,2020,70.0,1.3,3,0,599,1
CAL-09128,CALI,HURTO_PATRIMONIAL,Comisaria_3_Familia_Cali,2024,70.0,0.9,4,0,507,1
CAL-09129,CALI,ALIMENTOS,Comisaria_2_Familia_Cali,2024,70.0,1.1,9,1,706,1
CAL-09130,CALI,ALIMENTOS,Juzgado_1_Familia_Cali,2024,70.0,1.45,7,1,470,0
CAL-09131,CALI,HURTO_PATRIMONIAL,Comisaria_2_Familia_Cali,2024,70.0,1.1,1,0,533,1
CAL-09132,CALI,HURTO_PATRIMONIAL,Comisaria_3_Familia_Cali,2022,70.0,0.9,9,1,479,0
CAL-09133,CALI,SUSTANCIAS,Comisaria_3_Familia_Cali,2023,70.0,0.9,2,0,401,1
CAL-09134,CALI,VIF,Juzgado_4_Familia_Cali,2021,70.0,1.1,7,0,426,1
CAL-09135,CALI,ALIMENTOS,Juzgado_1_Familia_Cali,2023,70.0,1.45,5,1,396,0
CAL-09136,CALI,VIF,Comisaria_2_Familia_Cali,2022,70.0,1.1,2,0,388,1
CAL-09137,CALI,ALIMENTOS,Juzgado_Penal_Municipal_1_Cali,2024,70.0,1.35,4,0,542,1
CAL-09138,CALI,SUSTANCIAS,Juzgado_5_Familia_Cali,2021,70.0,0.95,6,0,432,1
CAL-09139,CALI,ALIMENTOS,Comisaria_2_Familia_Cali,2024,70.0,1.1,2,0,474,1
CAL-09140,CALI,SUSTANCIAS,Juzgado_Penal_Municipal_2_Cali,2021,70.0,1.15,7,1,624,1
CAL-09141,CALI,HURTO_PATRIMONIAL,Juzgado_1_Familia_Cali,2022,70.0,1.45,1,0,603,1
CAL-09142,CALI,VIF,Juzgado_3_Familia_Cali,2021,70.0,1.2,1,0,402,1
CAL-09143,CALI,HURTO_PATRIMONIAL,Juzgado_4_Familia_Cali,2022,70.0,1.1,3,0,536,1
CAL-09144,CALI,ALIMENTOS,Comisaria_3_Familia_Cali,2022,70.0,0.9,9,0,491,1
CAL-09145,CALI,VIF,Juzgado_3_Familia_Cali,2023,70.0,1.2,5,1,602,1
CAL-09146,CALI,ALIMENTOS,Juzgado_3_Familia_Cali,2020,70.0,1.2,3,1,642,1
CAL-09147,CALI,VIF,Juzgado_3_Familia_Cali,2024,70.0,1.2,12,1,649,1
CAL-09148,CALI,SUSTANCIAS,Juzgado_4_Familia_Cali,2020,70.0,1.1,3,0,415,1
CAL-09149,CALI,SUSTANCIAS,Juzgado_3_Familia_Cali,2020,70.0,1.2,1,0,310,0
CAL-09150,CALI,ALIMENTOS,Comisaria_2_Familia_Cali,2023,70.0,1.1,2,0,477,1
CAL-09151,CALI,ALIMENTOS,Comisaria_1_Familia_Cali,2024,70.0,1.25,4,0,552,1
CAL-09152,CALI,VIF,Comisaria_3_Familia_Cali,2020,70.0,0.9,2,0,349,1
CAL-09153,CALI,ALIMENTOS,Comisaria_3_Familia_Cali,2020,70.0,0.9,6,0,443,1
CAL-09154,CALI,HURTO_PATRIMONIAL,Juzgado_3_Familia_Cali,2022,70.0,1.2,2,1,717,1
CAL-09155,CALI,VIF,Juzgado_4_Familia_Cali,2021,70.0,1.1,1,0,373,1
CAL-09156,CALI,ALIMENTOS,Comisaria_3_Familia_Cali,2021,70.0,0.9,12,1,649,1
CAL-09157,CALI,VIF,Juzgado_5_Familia_Cali,2024,70.0,0.95,5,0,407,1
CAL-09158,CALI,VIF,Juzgado_3_Familia_Cali,2023,70.0,1.2,3,1,590,1
CAL-09159,CALI,VIF,Juzgado_1_Familia_Cali,2020,70.0,1.45,6,0,493,1
CAL-09160,CALI,ALIMENTOS,Juzgado_Penal_Municipal_1_Cali,2020,70.0,1.35,1,0,516,1
CAL-09161,CALI,HURTO_PATRIMONIAL,Comisaria_2_Familia_Cali,2022,70.0,1.1,2,1,675,1
CAL-09162,CALI,SUSTANCIAS,Juzgado_Penal_Municipal_2_Cali,2023,70.0,1.15,3,1,606,1
CAL-09163,CALI,ALIMENTOS,Juzgado_4_Familia_Cali,2024,70.0,1.1,11,0,567,1
CAL-09164,CALI,SUSTANCIAS,Juzgado_2_Familia_Cali,2022,70.0,1.3,7,0,443,0
CAL-09165,CALI,ALIMENTOS,Juzgado_Penal_Municipal_1_Cali,2022,70.0,1.35,6,1,594,0
CAL-09166,CALI,SUSTANCIAS,Juzgado_5_Familia_Cali,2023,70.0,0.95,6,0,460,1
CAL-09167,CALI,VIF,Juzgado_1_Familia_Cali,2024,70.0,1.45,4,0,493,1
CAL-09168,CALI,HURTO_PATRIMONIAL,Juzgado_5_Familia_Cali,2023,70.0,0.95,9,0,547,1
CAL-09169,CALI,ALIMENTOS,Comisaria_3_Familia_Cali,2024,70.0,0.9,5,0,452,1
CAL-09170,CALI,VIF,Juzgado_3_Familia_Cali,2022,70.0,1.2,7,0,452,1
CAL-09171,CALI,VIF,Comisaria_3_Familia_Cali,2022,70.0,0.9,3,0,353,1
CAL-09172,CALI,ALIMENTOS,Juzgado_3_Familia_Cali,2020,70.0,1.2,1,0,473,1
CAL-09173,CALI,VIF,Juzgado_Penal_Municipal_1_Cali,2023,70.0,1.35,3,0,445,1
CAL-09174,CALI,ALIMENTOS,Juzgado_3_Familia_Cali,2023,70.0,1.2,6,1,658,1
CAL-09175,CALI,ALIMENTOS,Comisaria_3_Familia_Cali,2021,70.0,0.9,3,1,593,1
CAL-09176,CALI,HURTO_PATRIMONIAL,Juzgado_2_Familia_Cali,2022,70.0,1.3,4,0,587,1
CAL-09177,CALI,VIF,Comisaria_3_Familia_Cali,2023,70.0,0.9,4,0,383,1
CAL-09178,CALI,VIF,Juzgado_Penal_Municipal_2_Cali,2024,70.0,1.15,2,1,586,1
CAL-09179,CALI,ALIMENTOS,Comisaria_3_Familia_Cali,2020,70.0,0.9,12,1,696,1
CAL-09180,CALI,VIF,Comisaria_2_Familia_Cali,2024,70.0,1.1,6,1,575,1
CAL-09181,CALI,VIF,Juzgado_1_Familia_Cali,2024,70.0,1.45,6,0,498,1
CAL-09182,CALI,ALIMENTOS,Comisaria_1_Familia_Cali,2024,70.0,1.25,5,0,544,1
CAL-09183,CALI,HURTO_PATRIMONIAL,Juzgado_2_Familia_Cali,2023,70.0,1.3,10,0,631,1
CAL-09184,CALI,VIF,Juzgado_1_Familia_Cali,2023,70.0,1.45,4,0,485,1
CAL-09185,CALI,VIF,Comisaria_2_Familia_Cali,2021,70.0,1.1,1,0,391,1
CAL-09186,CALI,VIF,Comisaria_1_Familia_Cali,2020,70.0,1.25,4,0,423,1
CAL-09187,CALI,ALIMENTOS,Comisaria_3_Familia_Cali,2024,70.0,0.9,2,1,587,1
CAL-09188,CALI,ALIMENTOS,Comisaria_1_Familia_Cali,2024,70.0,1.25,4,1,671,1
CAL-09189,CALI,ALIMENTOS,Juzgado_Penal_Municipal_1_Cali,2020,70.0,1.35,2,0,530,1
CAL-09190,CALI,VIF,Juzgado_5_Familia_Cali,2020,70.0,0.95,2,0,356,1
CAL-09191,CALI,ALIMENTOS,Juzgado_5_Familia_Cali,2023,70.0,0.95,9,1,664,1
CAL-09192,CALI,SUSTANCIAS,Juzgado_1_Familia_Cali,2021,70.0,1.45,3,0,300,0
CAL-09193,CALI,SUSTANCIAS,Juzgado_5_Familia_Cali,2024,70.0,0.95,7,1,614,1
CAL-09194,CALI,ALIMENTOS,Comisaria_2_Familia_Cali,2022,70.0,1.1,1,0,467,1
CAL-09195,CALI,SUSTANCIAS,Juzgado_5_Familia_Cali,2022,70.0,0.95,3,0,365,0
CAL-09196,CALI,VIF,Juzgado_2_Familia_Cali,2020,70.0,1.3,2,0,407,1
CAL-09197,CALI,HURTO_PATRIMONIAL,Juzgado_Penal_Municipal_2_Cali,2021,70.0,1.15,1,0,500,1
CAL-09198,CALI,HURTO_PATRIMONIAL,Juzgado_3_Familia_Cali,2024,70.0,1.2,9,1,573,0
CAL-09199,CALI,ALIMENTOS,Juzgado_2_Familia_Cali,2021,70.0,1.3,10,1,564,0
CAL-09200,CALI,VIF,Comisaria_2_Familia_Cali,2023,70.0,1.1,2,0,381,1
CAL-09201,CALI,ALIMENTOS,Comisaria_3_Familia_Cali,2020,70.0,0.9,1,0,406,1
CAL-09202,CALI,VIF,Comisaria_3_Familia_Cali,2022,70.0,0.9,8,0,400,1
CAL-09203,CALI,VIF,Juzgado_1_Familia_Cali,2022,70.0,1.45,5,0,472,1
CAL-09204,CALI,ALIMENTOS,Juzgado_4_Familia_Cali,2021,70.0,1.1,8,0,517,1
CAL-09205,CALI,VIF,Juzgado_Penal_Municipal_1_Cali,2024,70.0,1.35,6,0,465,1
CAL-09206,CALI,HURTO_PATRIMONIAL,Juzgado_3_Familia_Cali,2024,70.0,1.2,8,0,463,0
CAL-09207,CALI,HURTO_PATRIMONIAL,Juzgado_2_Familia_Cali,2021,70.0,1.3,3,0,609,1
CAL-09208,CALI,VIF,Juzgado_4_Familia_Cali,2023,70.0,1.1,2,0,371,1
CAL-09209,CALI,ALIMENTOS,Juzgado_3_Familia_Cali,2021,70.0,1.2,3,1,625,1
CAL-09210,CALI,VIF,Juzgado_5_Familia_Cali,2022,70.0,0.95,4,0,402,1
CAL-09211,CALI,ALIMENTOS,Juzgado_Penal_Municipal_2_Cali,2020,70.0,1.15,7,0,433,0
CAL-09212,CALI,VIF,Comisaria_1_Familia_Cali,2023,70.0,1.25,3,0,328,0
CAL-09213,CALI,VIF,Comisaria_1_Familia_Cali,2024,70.0,1.25,10,0,511,1
CAL-09214,CALI,VIF,Juzgado_Penal_Municipal_2_Cali,2024,70.0,1.15,4,0,411,1
CAL-09215,CALI,ALIMENTOS,Juzgado_3_Familia_Cali,2021,70.0,1.2,4,1,686,1
CAL-09216,CALI,VIF,Juzgado_4_Familia_Cali,2024,70.0,1.1,5,1,589,1
CAL-09217,CALI,HURTO_PATRIMONIAL,Juzgado_3_Familia_Cali,2020,70.0,1.2,13,1,439,0
CAL-09218,CALI,ALIMENTOS,Comisaria_3_Familia_Cali,2024,70.0,0.9,1,1,603,1
CAL-09219,CALI,ALIMENTOS,Juzgado_5_Familia_Cali,2023,70.0,0.95,10,1,658,1
CAL-09220,CALI,ALIMENTOS,Juzgado_4_Familia_Cali,2023,70.0,1.1,2,0,506,1
CAL-09221,CALI,ALIMENTOS,Juzgado_Penal_Municipal_2_Cali,2024,70.0,1.15,6,1,685,1
CAL-09222,CALI,ALIMENTOS,Juzgado_1_Familia_Cali,2022,70.0,1.45,14,0,676,1
CAL-09223,CALI,VIF,Juzgado_2_Familia_Cali,2022,70.0,1.3,1,0,409,1
CAL-09224,CALI,VIF,Comisaria_3_Familia_Cali,2023,70.0,0.9,14,1,628,1
CAL-09225,CALI,VIF,Juzgado_1_Familia_Cali,2023,70.0,1.45,3,0,475,1
CAL-09226,CALI,SUSTANCIAS,Juzgado_3_Familia_Cali,2021,70.0,1.2,5,0,341,0
CAL-09227,CALI,ALIMENTOS,Juzgado_1_Familia_Cali,2024,70.0,1.45,5,0,585,1
CAL-09228,CALI,HURTO_PATRIMONIAL,Juzgado_4_Familia_Cali,2021,70.0,1.1,1,1,673,1
CAL-09229,CALI,VIF,Juzgado_2_Familia_Cali,2020,70.0,1.3,5,1,603,1
CAL-09230,CALI,SUSTANCIAS,Comisaria_1_Familia_Cali,2023,70.0,1.25,1,1,596,1
CAL-09231,CALI,VIF,Comisaria_1_Familia_Cali,2024,70.0,1.25,1,0,409,1
CAL-09232,CALI,SUSTANCIAS,Juzgado_Penal_Municipal_2_Cali,2023,70.0,1.15,2,1,593,1
CAL-09233,CALI,HURTO_PATRIMONIAL,Juzgado_5_Familia_Cali,2021,70.0,0.95,1,0,443,1
CAL-09234,CALI,VIF,Juzgado_5_Familia_Cali,2020,70.0,0.95,10,1,580,1
CAL-09235,CALI,SUSTANCIAS,Comisaria_2_Familia_Cali,2021,70.0,1.1,6,0,453,1
CAL-09236,CALI,ALIMENTOS,Juzgado_5_Familia_Cali,2024,70.0,0.95,7,0,471,1
CAL-09237,CALI,VIF,Juzgado_1_Familia_Cali,2021,70.0,1.45,5,0,473,1
CAL-09238,CALI,ALIMENTOS,Comisaria_2_Familia_Cali,2022,70.0,1.1,2,0,452,1
CAL-09239,CALI,ALIMENTOS,Juzgado_Penal_Municipal_2_Cali,2024,70.0,1.15,1,1,626,1
CAL-09240,CALI,VIF,Comisaria_1_Familia_Cali,2023,70.0,1.25,7,0,490,1
CAL-09241,CALI,HURTO_PATRIMONIAL,Juzgado_Penal_Municipal_1_Cali,2024,70.0,1.35,5,0,631,1
CAL-09242,CALI,VIF,Juzgado_2_Familia_Cali,2023,70.0,1.3,10,0,507,1
CAL-09243,CALI,SUSTANCIAS,Juzgado_Penal_Municipal_1_Cali,2024,70.0,1.35,1,0,461,1
CAL-09244,CALI,SUSTANCIAS,Comisaria_2_Familia_Cali,2021,70.0,1.1,2,0,409,1
CAL-09245,CALI,ALIMENTOS,Juzgado_5_Familia_Cali,2023,70.0,0.95,5,0,295,0
CAL-09246,CALI,VIF,Juzgado_Penal_Municipal_1_Cali,2022,70.0,1.35,3,1,598,1
CAL-09247,CALI,ALIMENTOS,Juzgado_5_Familia_Cali,2023,70.0,0.95,3,1,566,1
CAL-09248,CALI,VIF,Juzgado_2_Familia_Cali,2021,70.0,1.3,5,0,455,1
CAL-09249,CALI,ALIMENTOS,Juzgado_Penal_Municipal_1_Cali,2024,70.0,1.35,3,0,587,1
CAL-09250,CALI,ALIMENTOS,Comisaria_2_Familia_Cali,2024,70.0,1.1,2,0,329,0
CAL-09251,CALI,VIF,Juzgado_3_Familia_Cali,2020,70.0,1.2,4,0,413,1
CAL-09252,CALI,ALIMENTOS,Juzgado_Penal_Municipal_2_Cali,2021,70.0,1.15,12,0,588,1
CAL-09253,CALI,HURTO_PATRIMONIAL,Juzgado_Penal_Municipal_2_Cali,2022,70.0,1.15,6,1,701,1
CAL-09254,CALI,ALIMENTOS,Juzgado_5_Familia_Cali,2024,70.0,0.95,3,1,624,1
CAL-09255,CALI,ALIMENTOS,Juzgado_Penal_Municipal_2_Cali,2023,70.0,1.15,3,1,622,1
CAL-09256,CALI,ALIMENTOS,Comisaria_1_Familia_Cali,2024,70.0,1.25,3,0,505,1
CAL-09257,CALI,VIF,Comisaria_1_Familia_Cali,2024,70.0,1.25,2,0,416,1
CAL-09258,CALI,HURTO_PATRIMONIAL,Comisaria_3_Familia_Cali,2020,70.0,0.9,2,0,442,1
CAL-09259,CALI,VIF,Juzgado_2_Familia_Cali,2022,70.0,1.3,4,0,437,1
CAL-09260,CALI,ALIMENTOS,Juzgado_5_Familia_Cali,2024,70.0,0.95,4,1,609,1
CAL-09261,CALI,VIF,Comisaria_1_Familia_Cali,2023,70.0,1.25,7,0,472,1
CAL-09262,CALI,SUSTANCIAS,Juzgado_Penal_Municipal_2_Cali,2021,70.0,1.15,4,1,602,1
CAL-09263,CALI,ALIMENTOS,Comisaria_3_Familia_Cali,2020,70.0,0.9,4,0,431,1
CAL-09264,CALI,HURTO_PATRIMONIAL,Comisaria_3_Familia_Cali,2024,70.0,0.9,5,1,642,1
CAL-09265,CALI,VIF,Juzgado_2_Familia_Cali,2024,70.0,1.3,6,0,491,1
CAL-09266,CALI,ALIMENTOS,Comisaria_3_Familia_Cali,2021,70.0,0.9,4,0,453,1
CAL-09267,CALI,SUSTANCIAS,Comisaria_1_Familia_Cali,2021,70.0,1.25,6,1,617,1
CAL-09268,CALI,HURTO_PATRIMONIAL,Juzgado_4_Familia_Cali,2023,70.0,1.1,11,1,412,0
CAL-09269,CALI,VIF,Juzgado_1_Familia_Cali,2024,70.0,1.45,3,0,447,1
CAL-09270,CALI,SUSTANCIAS,Juzgado_Penal_Municipal_2_Cali,2024,70.0,1.15,3,0,378,0
CAL-09271,CALI,ALIMENTOS,Juzgado_Penal_Municipal_2_Cali,2023,70.0,1.15,4,0,531,1
CAL-09272,CALI,HURTO_PATRIMONIAL,Juzgado_Penal_Municipal_1_Cali,2023,70.0,1.35,6,1,368,0
CAL-09273,CALI,ALIMENTOS,Comisaria_1_Familia_Cali,2020,70.0,1.25,5,0,505,1
CAL-09274,CALI,ALIMENTOS,Juzgado_Penal_Municipal_2_Cali,2023,70.0,1.15,14,0,461,0
CAL-09275,CALI,VIF,Juzgado_2_Familia_Cali,2022,70.0,1.3,2,0,433,1
CAL-09276,CALI,HURTO_PATRIMONIAL,Juzgado_4_Familia_Cali,2023,70.0,1.1,1,0,518,1
CAL-09277,CALI,VIF,Juzgado_2_Familia_Cali,2023,70.0,1.3,4,0,453,1
CAL-09278,CALI,VIF,Juzgado_4_Familia_Cali,2021,70.0,1.1,9,1,617,1
CAL-09279,CALI,VIF,Juzgado_Penal_Municipal_2_Cali,2023,70.0,1.15,7,0,452,1
CAL-09280,CALI,ALIMENTOS,Juzgado_1_Familia_Cali,2024,70.0,1.45,2,0,512,1
CAL-09281,CALI,HURTO_PATRIMONIAL,Juzgado_5_Familia_Cali,2023,70.0,0.95,2,0,496,1
CAL-09282,CALI,ALIMENTOS,Juzgado_1_Familia_Cali,2022,70.0,1.45,6,1,529,0
CAL-09283,CALI,ALIMENTOS,Juzgado_1_Familia_Cali,2023,70.0,1.45,12,0,653,1
CAL-09284,CALI,VIF,Juzgado_Penal_Municipal_1_Cali,2024,70.0,1.35,5,0,483,1
CAL-09285,CALI,VIF,Juzgado_5_Familia_Cali,2023,70.0,0.95,4,0,364,1
CAL-09286,CALI,VIF,Juzgado_Penal_Municipal_1_Cali,2021,70.0,1.35,1,0,408,1
CAL-09287,CALI,ALIMENTOS,Comisaria_1_Familia_Cali,2023,70.0,1.25,17,0,629,1
CAL-09288,CALI,VIF,Juzgado_3_Familia_Cali,2022,70.0,1.2,5,1,581,1
CAL-09289,CALI,ALIMENTOS,Comisaria_1_Familia_Cali,2021,70.0,1.25,16,0,612,1
CAL-09290,CALI,SUSTANCIAS,Juzgado_4_Familia_Cali,2022,70.0,1.1,4,1,592,1
CAL-09291,CALI,HURTO_PATRIMONIAL,Comisaria_2_Familia_Cali,2022,70.0,1.1,1,0,543,1
CAL-09292,CALI,HURTO_PATRIMONIAL,Juzgado_4_Familia_Cali,2023,70.0,1.1,12,1,531,0
CAL-09293,CALI,HURTO_PATRIMONIAL,Juzgado_3_Familia_Cali,2023,70.0,1.2,14,1,398,0
CAL-09294,CALI,SUSTANCIAS,Juzgado_1_Familia_Cali,2024,70.0,1.45,5,1,579,0
CAL-09295,CALI,VIF,Comisaria_3_Familia_Cali,2022,70.0,0.9,4,0,347,1
CAL-09296,CALI,VIF,Comisaria_1_Familia_Cali,2023,70.0,1.25,1,0,414,1
CAL-09297,CALI,VIF,Juzgado_1_Familia_Cali,2020,70.0,1.45,5,0,495,1
CAL-09298,CALI,ALIMENTOS,Comisaria_1_Familia_Cali,2022,70.0,1.25,3,1,688,1
CAL-09299,CALI,ALIMENTOS,Juzgado_Penal_Municipal_2_Cali,2022,70.0,1.15,5,0,280,0
CAL-09300,CALI,ALIMENTOS,Juzgado_3_Familia_Cali,2024,70.0,1.2,7,1,550,0
CAL-09301,CALI,ALIMENTOS,Juzgado_3_Familia_Cali,2023,70.0,1.2,7,0,548,1
CAL-09302,CALI,SUSTANCIAS,Comisaria_2_Familia_Cali,2021,70.0,1.1,10,0,509,1
CAL-09303,CALI,HURTO_PATRIMONIAL,Comisaria_2_Familia_Cali,2024,70.0,1.1,1,1,674,1
CAL-09304,CALI,ALIMENTOS,Juzgado_Penal_Municipal_1_Cali,2022,70.0,1.35,6,1,680,1
CAL-09305,CALI,ALIMENTOS,Juzgado_2_Familia_Cali,2024,70.0,1.3,3,1,685,1
CAL-09306,CALI,ALIMENTOS,Juzgado_2_Familia_Cali,2023,70.0,1.3,7,1,345,0
CAL-09307,CALI,ALIMENTOS,Juzgado_3_Familia_Cali,2021,70.0,1.2,8,1,702,1
CAL-09308,CALI,HURTO_PATRIMONIAL,Comisaria_3_Familia_Cali,2023,70.0,0.9,3,0,447,1
CAL-09309,CALI,VIF,Juzgado_1_Familia_Cali,2024,70.0,1.45,8,1,688,1
CAL-09310,CALI,ALIMENTOS,Juzgado_4_Familia_Cali,2023,70.0,1.1,1,0,473,1
CAL-09311,CALI,VIF,Juzgado_3_Familia_Cali,2024,70.0,1.2,5,0,434,1
CAL-09312,CALI,ALIMENTOS,Juzgado_5_Familia_Cali,2024,70.0,0.95,14,0,563,1
CAL-09313,CALI,ALIMENTOS,Comisaria_1_Familia_Cali,2021,70.0,1.25,1,1,616,1
CAL-09314,CALI,VIF,Juzgado_4_Familia_Cali,2023,70.0,1.1,8,0,428,1
CAL-09315,CALI,ALIMENTOS,Juzgado_Penal_Municipal_1_Cali,2022,70.0,1.35,3,0,513,1
CAL-09316,CALI,HURTO_PATRIMONIAL,Juzgado_1_Familia_Cali,2021,70.0,1.45,3,1,554,0
CAL-09317,CALI,VIF,Juzgado_1_Familia_Cali,2022,70.0,1.45,2,0,469,1
CAL-09318,CALI,HURTO_PATRIMONIAL,Juzgado_2_Familia_Cali,2023,70.0,1.3,3,0,500,0
CAL-09319,CALI,ALIMENTOS,Comisaria_2_Familia_Cali,2023,70.0,1.1,9,1,713,1
CAL-09320,CALI,HURTO_PATRIMONIAL,Juzgado_Penal_Municipal_1_Cali,2022,70.0,1.35,4,0,606,1
CAL-09321,CALI,ALIMENTOS,Juzgado_4_Familia_Cali,2024,70.0,1.1,9,0,549,1
CAL-09322,CALI,VIF,Juzgado_5_Familia_Cali,2024,70.0,0.95,6,0,406,1
CAL-09323,CALI,HURTO_PATRIMONIAL,Juzgado_Penal_Municipal_2_Cali,2024,70.0,1.15,2,1,394,0
CAL-09324,CALI,HURTO_PATRIMONIAL,Juzgado_3_Familia_Cali,2024,70.0,1.2,16,0,660,1
CAL-09325,CALI,HURTO_PATRIMONIAL,Comisaria_1_Familia_Cali,2023,70.0,1.25,2,1,723,1
CAL-09326,CALI,ALIMENTOS,Comisaria_3_Familia_Cali,2023,70.0,0.9,6,0,446,1
CAL-09327,CALI,HURTO_PATRIMONIAL,Juzgado_Penal_Municipal_1_Cali,2024,70.0,1.35,2,0,572,1
CAL-09328,CALI,ALIMENTOS,Juzgado_3_Familia_Cali,2023,70.0,1.2,5,1,663,1
CAL-09329,CALI,HURTO_PATRIMONIAL,Juzgado_4_Familia_Cali,2024,70.0,1.1,3,0,516,1
CAL-09330,CALI,VIF,Juzgado_5_Familia_Cali,2024,70.0,0.95,7,0,413,1
CAL-09331,CALI,VIF,Juzgado_4_Familia_Cali,2024,70.0,1.1,3,1,578,1
CAL-09332,CALI,ALIMENTOS,Comisaria_2_Familia_Cali,2023,70.0,1.1,6,0,494,1
CAL-09333,CALI,HURTO_PATRIMONIAL,Juzgado_3_Familia_Cali,2021,70.0,1.2,12,0,505,0
CAL-09334,CALI,ALIMENTOS,Juzgado_3_Familia_Cali,2023,70.0,1.2,2,1,599,0
CAL-09335,CALI,VIF,Juzgado_3_Familia_Cali,2023,70.0,1.2,14,0,503,1
CAL-09336,CALI,ALIMENTOS,Juzgado_1_Familia_Cali,2022,70.0,1.45,2,0,564,1
CAL-09337,CALI,ALIMENTOS,Juzgado_Penal_Municipal_1_Cali,2024,70.0,1.35,6,1,716,1
CAL-09338,CALI,VIF,Comisaria_2_Familia_Cali,2022,70.0,1.1,8,0,449,1
CAL-09339,CALI,ALIMENTOS,Comisaria_3_Familia_Cali,2021,70.0,0.9,5,0,434,1
CAL-09340,CALI,VIF,Juzgado_3_Familia_Cali,2023,70.0,1.2,3,1,575,1
CAL-09341,CALI,ALIMENTOS,Comisaria_3_Familia_Cali,2023,70.0,0.9,9,0,507,1
CAL-09342,CALI,VIF,Juzgado_Penal_Municipal_2_Cali,2022,70.0,1.15,8,0,467,1
CAL-09343,CALI,VIF,Juzgado_5_Familia_Cali,2024,70.0,0.95,4,0,392,1
CAL-09344,CALI,VIF,Juzgado_4_Familia_Cali,2022,70.0,1.1,3,0,390,1
CAL-09345,CALI,HURTO_PATRIMONIAL,Comisaria_3_Familia_Cali,2024,70.0,0.9,4,1,643,1
CAL-09346,CALI,VIF,Comisaria_3_Familia_Cali,2023,70.0,0.9,1,0,345,1
CAL-09347,CALI,ALIMENTOS,Juzgado_2_Familia_Cali,2024,70.0,1.3,4,1,707,1
CAL-09348,CALI,HURTO_PATRIMONIAL,Juzgado_1_Familia_Cali,2023,70.0,1.45,16,0,340,0
CAL-09349,CALI,HURTO_PATRIMONIAL,Juzgado_Penal_Municipal_2_Cali,2022,70.0,1.15,6,1,711,1
CAL-09350,CALI,SUSTANCIAS,Comisaria_2_Familia_Cali,2022,70.0,1.1,3,0,410,1
CAL-09351,CALI,VIF,Juzgado_Penal_Municipal_1_Cali,2022,70.0,1.35,5,0,445,1
CAL-09352,CALI,VIF,Comisaria_2_Familia_Cali,2023,70.0,1.1,5,1,561,1
CAL-09353,CALI,ALIMENTOS,Comisaria_2_Familia_Cali,2022,70.0,1.1,1,0,492,1
CAL-09354,CALI,ALIMENTOS,Comisaria_2_Familia_Cali,2022,70.0,1.1,4,1,604,1
CAL-09355,CALI,ALIMENTOS,Juzgado_Penal_Municipal_1_Cali,2024,70.0,1.35,5,0,295,0
CAL-09356,CALI,ALIMENTOS,Comisaria_2_Familia_Cali,2023,70.0,1.1,5,0,473,1
CAL-09357,CALI,HURTO_PATRIMONIAL,Comisaria_1_Familia_Cali,2022,70.0,1.25,2,0,585,1
CAL-09358,CALI,VIF,Comisaria_2_Familia_Cali,2024,70.0,1.1,7,1,587,1
CAL-09359,CALI,ALIMENTOS,Comisaria_3_Familia_Cali,2022,70.0,0.9,4,0,449,1
CAL-09360,CALI,ALIMENTOS,Juzgado_1_Familia_Cali,2021,70.0,1.45,6,0,602,1
CAL-09361,CALI,HURTO_PATRIMONIAL,Juzgado_5_Familia_Cali,2023,70.0,0.95,13,0,587,1
CAL-09362,CALI,ALIMENTOS,Comisaria_1_Familia_Cali,2023,70.0,1.25,7,1,712,1
CAL-09363,CALI,ALIMENTOS,Juzgado_5_Familia_Cali,2020,70.0,0.95,5,0,468,1
CAL-09364,CALI,VIF,Juzgado_2_Familia_Cali,2022,70.0,1.3,1,0,424,1
CAL-09365,CALI,ALIMENTOS,Juzgado_2_Familia_Cali,2024,70.0,1.3,2,0,519,1
CAL-09366,CALI,ALIMENTOS,Comisaria_2_Familia_Cali,2022,70.0,1.1,3,1,641,1
CAL-09367,CALI,VIF,Juzgado_Penal_Municipal_1_Cali,2023,70.0,1.35,2,0,446,1
CAL-09368,CALI,SUSTANCIAS,Comisaria_1_Familia_Cali,2024,70.0,1.25,7,0,514,1
CAL-09369,CALI,VIF,Comisaria_3_Familia_Cali,2024,70.0,0.9,2,0,363,1
CAL-09370,CALI,VIF,Juzgado_5_Familia_Cali,2023,70.0,0.95,5,0,398,1
CAL-09371,CALI,VIF,Juzgado_Penal_Municipal_1_Cali,2022,70.0,1.35,4,0,451,1
CAL-09372,CALI,VIF,Juzgado_2_Familia_Cali,2023,70.0,1.3,9,0,317,0
CAL-09373,CALI,HURTO_PATRIMONIAL,Juzgado_3_Familia_Cali,2021,70.0,1.2,3,0,529,1
CAL-09374,CALI,HURTO_PATRIMONIAL,Juzgado_Penal_Municipal_1_Cali,2024,70.0,1.35,6,0,639,1
CAL-09375,CALI,ALIMENTOS,Comisaria_1_Familia_Cali,2022,70.0,1.25,1,0,515,1
CAL-09376,CALI,ALIMENTOS,Comisaria_2_Familia_Cali,2024,70.0,1.1,1,1,614,1
CAL-09377,CALI,HURTO_PATRIMONIAL,Comisaria_2_Familia_Cali,2022,70.0,1.1,16,0,645,1
CAL-09378,CALI,ALIMENTOS,Juzgado_Penal_Municipal_1_Cali,2023,70.0,1.35,5,0,593,1
CAL-09379,CALI,HURTO_PATRIMONIAL,Juzgado_3_Familia_Cali,2024,70.0,1.2,1,1,380,0
CAL-09380,CALI,ALIMENTOS,Juzgado_3_Familia_Cali,2022,70.0,1.2,5,0,528,1
CAL-09381,CALI,VIF,Comisaria_2_Familia_Cali,2024,70.0,1.1,4,1,577,1
CAL-09382,CALI,ALIMENTOS,Juzgado_2_Familia_Cali,2020,70.0,1.3,15,0,409,0
CAL-09383,CALI,HURTO_PATRIMONIAL,Juzgado_Penal_Municipal_2_Cali,2024,70.0,1.15,1,0,532,1
CAL-09384,CALI,HURTO_PATRIMONIAL,Juzgado_4_Familia_Cali,2023,70.0,1.1,1,1,666,1
CAL-09385,CALI,ALIMENTOS,Comisaria_1_Familia_Cali,2023,70.0,1.25,2,1,676,1
CAL-09386,CALI,HURTO_PATRIMONIAL,Juzgado_5_Familia_Cali,2022,70.0,0.95,1,0,476,1
CAL-09387,CALI,SUSTANCIAS,Juzgado_Penal_Municipal_2_Cali,2021,70.0,1.15,4,0,416,1
CAL-09388,CALI,ALIMENTOS,Comisaria_1_Familia_Cali,2021,70.0,1.25,4,0,533,1
CAL-09389,CALI,SUSTANCIAS,Juzgado_5_Familia_Cali,2022,70.0,0.95,1,0,363,1
CAL-09390,CALI,HURTO_PATRIMONIAL,Comisaria_2_Familia_Cali,2024,70.0,1.1,3,0,524,1
CAL-09391,CALI,ALIMENTOS,Juzgado_1_Familia_Cali,2024,70.0,1.45,10,0,636,1
CAL-09392,CALI,VIF,Juzgado_4_Familia_Cali,2023,70.0,1.1,3,0,423,1
CAL-09393,CALI,HURTO_PATRIMONIAL,Juzgado_2_Familia_Cali,2023,70.0,1.3,1,1,726,1
CAL-09394,CALI,HURTO_PATRIMONIAL,Juzgado_4_Familia_Cali,2024,70.0,1.1,3,0,505,1
CAL-09395,CALI,VIF,Comisaria_2_Familia_Cali,2024,70.0,1.1,10,0,499,1
CAL-09396,CALI,HURTO_PATRIMONIAL,Juzgado_Penal_Municipal_2_Cali,2020,70.0,1.15,5,0,571,1
CAL-09397,CALI,VIF,Juzgado_5_Familia_Cali,2020,70.0,0.95,2,0,374,1
CAL-09398,CALI,ALIMENTOS,Juzgado_Penal_Municipal_1_Cali,2024,70.0,1.35,9,0,592,1
CAL-09399,CALI,ALIMENTOS,Comisaria_3_Familia_Cali,2022,70.0,0.9,1,0,393,1
CAL-09400,CALI,ALIMENTOS,Comisaria_1_Familia_Cali,2022,70.0,1.25,12,0,564,1
CAL-09401,CALI,VIF,Juzgado_1_Familia_Cali,2022,70.0,1.45,4,1,648,1
CAL-09402,CALI,SUSTANCIAS,Juzgado_2_Familia_Cali,2020,70.0,1.3,5,1,639,1
CAL-09403,CALI,ALIMENTOS,Juzgado_1_Familia_Cali,2023,70.0,1.45,3,0,555,1
CAL-09404,CALI,ALIMENTOS,Juzgado_1_Familia_Cali,2022,70.0,1.45,5,0,558,1
CAL-09405,CALI,ALIMENTOS,Juzgado_3_Familia_Cali,2020,70.0,1.2,3,1,678,1
CAL-09406,CALI,ALIMENTOS,Juzgado_3_Familia_Cali,2024,70.0,1.2,12,1,337,0
CAL-09407,CALI,ALIMENTOS,Comisaria_2_Familia_Cali,2022,70.0,1.1,4,0,521,1
CAL-09408,CALI,ALIMENTOS,Juzgado_Penal_Municipal_2_Cali,2023,70.0,1.15,1,0,518,1
CAL-09409,CALI,ALIMENTOS,Comisaria_2_Familia_Cali,2022,70.0,1.1,12,0,556,1
CAL-09410,CALI,ALIMENTOS,Juzgado_1_Familia_Cali,2024,70.0,1.45,3,0,498,0
CAL-09411,CALI,VIF,Juzgado_4_Familia_Cali,2023,70.0,1.1,1,0,374,1
CAL-09412,CALI,HURTO_PATRIMONIAL,Comisaria_1_Familia_Cali,2022,70.0,1.25,13,1,684,0
CAL-09413,CALI,HURTO_PATRIMONIAL,Juzgado_3_Familia_Cali,2024,70.0,1.2,9,1,400,0
CAL-09414,CALI,HURTO_PATRIMONIAL,Juzgado_2_Familia_Cali,2023,70.0,1.3,2,0,622,1
CAL-09415,CALI,ALIMENTOS,Juzgado_5_Familia_Cali,2023,70.0,0.95,5,1,609,1
CAL-09416,CALI,HURTO_PATRIMONIAL,Comisaria_3_Familia_Cali,2024,70.0,0.9,1,1,629,1
CAL-09417,CALI,VIF,Comisaria_1_Familia_Cali,2023,70.0,1.25,5,0,466,1
CAL-09418,CALI,ALIMENTOS,Comisaria_2_Familia_Cali,2023,70.0,1.1,3,1,652,1
CAL-09419,CALI,SUSTANCIAS,Juzgado_Penal_Municipal_2_Cali,2020,70.0,1.15,7,0,487,1
CAL-09420,CALI,ALIMENTOS,Juzgado_3_Familia_Cali,2022,70.0,1.2,5,0,549,1
CAL-09421,CALI,VIF,Juzgado_Penal_Municipal_1_Cali,2021,70.0,1.35,8,0,513,1
CAL-09422,CALI,VIF,Comisaria_1_Familia_Cali,2022,70.0,1.25,3,0,444,1
CAL-09423,CALI,HURTO_PATRIMONIAL,Juzgado_5_Familia_Cali,2024,70.0,0.95,1,0,320,0
CAL-09424,CALI,HURTO_PATRIMONIAL,Juzgado_2_Familia_Cali,2022,70.0,1.3,3,1,437,0
CAL-09425,CALI,VIF,Juzgado_2_Familia_Cali,2022,70.0,1.3,11,0,506,1
CAL-09426,CALI,VIF,Juzgado_Penal_Municipal_2_Cali,2023,70.0,1.15,11,0,465,1
CAL-09427,CALI,VIF,Juzgado_5_Familia_Cali,2023,70.0,0.95,11,0,479,1
CAL-09428,CALI,ALIMENTOS,Juzgado_4_Familia_Cali,2021,70.0,1.1,2,0,454,1
CAL-09429,CALI,VIF,Juzgado_5_Familia_Cali,2024,70.0,0.95,2,0,354,1
CAL-09430,CALI,VIF,Juzgado_3_Familia_Cali,2022,70.0,1.2,8,1,621,1
CAL-09431,CALI,HURTO_PATRIMONIAL,Comisaria_2_Familia_Cali,2022,70.0,1.1,8,0,404,0
CAL-09432,CALI,VIF,Juzgado_3_Familia_Cali,2024,70.0,1.2,1,0,408,1
CAL-09433,CALI,SUSTANCIAS,Comisaria_3_Familia_Cali,2024,70.0,0.9,5,0,393,1
CAL-09434,CALI,ALIMENTOS,Juzgado_Penal_Municipal_2_Cali,2023,70.0,1.15,1,0,502,1
CAL-09435,CALI,VIF,Juzgado_5_Familia_Cali,2023,70.0,0.95,1,0,261,0
CAL-09436,CALI,VIF,Comisaria_1_Familia_Cali,2021,70.0,1.25,9,0,475,1
CAL-09437,CALI,ALIMENTOS,Juzgado_Penal_Municipal_2_Cali,2023,70.0,1.15,6,0,544,1
CAL-09438,CALI,ALIMENTOS,Juzgado_2_Familia_Cali,2020,70.0,1.3,13,0,622,1
CAL-09439,CALI,SUSTANCIAS,Juzgado_Penal_Municipal_2_Cali,2024,70.0,1.15,7,1,623,1
CAL-09440,CALI,ALIMENTOS,Juzgado_4_Familia_Cali,2024,70.0,1.1,4,0,494,1
CAL-09441,CALI,ALIMENTOS,Juzgado_4_Familia_Cali,2020,70.0,1.1,6,1,652,1
CAL-09442,CALI,ALIMENTOS,Juzgado_1_Familia_Cali,2023,70.0,1.45,10,0,636,1
CAL-09443,CALI,VIF,Juzgado_4_Familia_Cali,2022,70.0,1.1,1,1,532,1
CAL-09444,CALI,SUSTANCIAS,Comisaria_1_Familia_Cali,2021,70.0,1.25,2,1,280,0
CAL-09445,CALI,SUSTANCIAS,Comisaria_1_Familia_Cali,2022,70.0,1.25,4,0,476,1
CAL-09446,CALI,VIF,Juzgado_5_Familia_Cali,2023,70.0,0.95,8,0,416,1
CAL-09447,CALI,ALIMENTOS,Comisaria_3_Familia_Cali,2023,70.0,0.9,2,0,423,1
CAL-09448,CALI,SUSTANCIAS,Juzgado_5_Familia_Cali,2021,70.0,0.95,5,0,230,0
CAL-09449,CALI,ALIMENTOS,Comisaria_3_Familia_Cali,2024,70.0,0.9,3,1,580,1
CAL-09450,CALI,SUSTANCIAS,Juzgado_5_Familia_Cali,2024,70.0,0.95,6,1,598,1
CAL-09451,CALI,VIF,Juzgado_4_Familia_Cali,2024,70.0,1.1,1,0,377,1
CAL-09452,CALI,ALIMENTOS,Comisaria_3_Familia_Cali,2024,70.0,0.9,5,0,452,1
CAL-09453,CALI,ALIMENTOS,Juzgado_2_Familia_Cali,2022,70.0,1.3,4,0,521,1
CAL-09454,CALI,VIF,Comisaria_3_Familia_Cali,2023,70.0,0.9,8,1,549,1
CAL-09455,CALI,VIF,Juzgado_3_Familia_Cali,2020,70.0,1.2,10,1,645,1
CAL-09456,CALI,VIF,Juzgado_4_Familia_Cali,2022,70.0,1.1,1,0,401,1
CAL-09457,CALI,VIF,Comisaria_2_Familia_Cali,2022,70.0,1.1,1,0,367,1
CAL-09458,CALI,ALIMENTOS,Juzgado_Penal_Municipal_2_Cali,2022,70.0,1.15,2,0,484,1
CAL-09459,CALI,ALIMENTOS,Juzgado_Penal_Municipal_2_Cali,2022,70.0,1.15,9,1,719,1
CAL-09460,CALI,HURTO_PATRIMONIAL,Comisaria_3_Familia_Cali,2024,70.0,0.9,3,0,483,1
CAL-09461,CALI,HURTO_PATRIMONIAL,Juzgado_4_Familia_Cali,2024,70.0,1.1,4,0,549,1
CAL-09462,CALI,VIF,Comisaria_3_Familia_Cali,2024,70.0,0.9,2,1,506,1
CAL-09463,CALI,ALIMENTOS,Comisaria_3_Familia_Cali,2020,70.0,0.9,2,0,422,1
CAL-09464,CALI,ALIMENTOS,Juzgado_Penal_Municipal_2_Cali,2024,70.0,1.15,5,0,561,1
CAL-09465,CALI,ALIMENTOS,Juzgado_3_Familia_Cali,2023,70.0,1.2,1,1,647,1
CAL-09466,CALI,ALIMENTOS,Comisaria_3_Familia_Cali,2024,70.0,0.9,2,1,611,1
CAL-09467,CALI,VIF,Juzgado_2_Familia_Cali,2023,70.0,1.3,7,0,484,1
CAL-09468,CALI,VIF,Juzgado_Penal_Municipal_1_Cali,2023,70.0,1.35,5,0,485,1
CAL-09469,CALI,VIF,Juzgado_Penal_Municipal_1_Cali,2023,70.0,1.35,3,0,443,1
CAL-09470,CALI,SUSTANCIAS,Juzgado_Penal_Municipal_1_Cali,2020,70.0,1.35,2,1,602,1
CAL-09471,CALI,VIF,Juzgado_5_Familia_Cali,2020,70.0,0.95,4,0,395,1
CAL-09472,CALI,ALIMENTOS,Juzgado_4_Familia_Cali,2020,70.0,1.1,13,0,472,0
CAL-09473,CALI,ALIMENTOS,Juzgado_5_Familia_Cali,2021,70.0,0.95,1,0,385,1
CAL-09474,CALI,HURTO_PATRIMONIAL,Juzgado_3_Familia_Cali,2023,70.0,1.2,2,1,696,1
CAL-09475,CALI,SUSTANCIAS,Comisaria_2_Familia_Cali,2020,70.0,1.1,3,0,421,1
CAL-09476,CALI,SUSTANCIAS,Juzgado_Penal_Municipal_1_Cali,2021,70.0,1.35,3,0,470,1
CAL-09477,CALI,ALIMENTOS,Comisaria_3_Familia_Cali,2021,70.0,0.9,5,0,447,1
CAL-09478,CALI,ALIMENTOS,Juzgado_Penal_Municipal_2_Cali,2023,70.0,1.15,3,1,676,1
CAL-09479,CALI,ALIMENTOS,Comisaria_2_Familia_Cali,2021,70.0,1.1,6,0,528,1
CAL-09480,CALI,ALIMENTOS,Comisaria_1_Familia_Cali,2023,70.0,1.25,11,1,419,0
CAL-09481,CALI,HURTO_PATRIMONIAL,Juzgado_Penal_Municipal_2_Cali,2022,70.0,1.15,2,0,509,1
CAL-09482,CALI,ALIMENTOS,Juzgado_1_Familia_Cali,2024,70.0,1.45,5,0,538,0
CAL-09483,CALI,VIF,Juzgado_2_Familia_Cali,2024,70.0,1.3,3,1,601,1
CAL-09484,CALI,HURTO_PATRIMONIAL,Comisaria_3_Familia_Cali,2023,70.0,0.9,7,0,537,1
CAL-09485,CALI,ALIMENTOS,Juzgado_Penal_Municipal_1_Cali,2021,70.0,1.35,11,0,604,1
CAL-09486,CALI,ALIMENTOS,Juzgado_2_Familia_Cali,2022,70.0,1.3,13,0,629,1
CAL-09487,CALI,ALIMENTOS,Comisaria_3_Familia_Cali,2022,70.0,0.9,5,0,306,0
CAL-09488,CALI,ALIMENTOS,Juzgado_4_Familia_Cali,2021,70.0,1.1,1,0,458,1
CAL-09489,CALI,VIF,Juzgado_1_Familia_Cali,2023,70.0,1.45,1,0,373,0
CAL-09490,CALI,ALIMENTOS,Juzgado_1_Familia_Cali,2022,70.0,1.45,6,0,566,1
CAL-09491,CALI,HURTO_PATRIMONIAL,Juzgado_1_Familia_Cali,2023,70.0,1.45,2,1,553,0
CAL-09492,CALI,HURTO_PATRIMONIAL,Juzgado_1_Familia_Cali,2022,70.0,1.45,5,0,630,1
CAL-09493,CALI,VIF,Juzgado_3_Familia_Cali,2021,70.0,1.2,1,0,364,1
CAL-09494,CALI,HURTO_PATRIMONIAL,Juzgado_1_Familia_Cali,2023,70.0,1.45,3,0,621,1
CAL-09495,CALI,ALIMENTOS,Comisaria_2_Familia_Cali,2023,70.0,1.1,3,1,664,1
CAL-09496,CALI,VIF,Comisaria_2_Familia_Cali,2020,70.0,1.1,5,0,425,1
CAL-09497,CALI,VIF,Comisaria_3_Familia_Cali,2020,70.0,0.9,2,1,505,1
CAL-09498,CALI,VIF,Comisaria_1_Familia_Cali,2023,70.0,1.25,3,0,448,1
CAL-09499,CALI,ALIMENTOS,Comisaria_3_Familia_Cali,2024,70.0,0.9,3,1,560,1
CAL-09500,CALI,SUSTANCIAS,Juzgado_5_Familia_Cali,2023,70.0,0.95,1,0,361,1
CAL-09501,CALI,VIF,Juzgado_5_Familia_Cali,2023,70.0,0.95,8,0,444,1
CAL-09502,CALI,SUSTANCIAS,Juzgado_1_Familia_Cali,2024,70.0,1.45,6,0,538,1
CAL-09503,CALI,ALIMENTOS,Juzgado_2_Familia_Cali,2023,70.0,1.3,9,0,599,1
CAL-09504,CALI,ALIMENTOS,Juzgado_2_Familia_Cali,2022,70.0,1.3,5,1,687,1
CAL-09505,CALI,VIF,Juzgado_2_Familia_Cali,2022,70.0,1.3,9,0,519,1
CAL-09506,CALI,VIF,Juzgado_1_Familia_Cali,2024,70.0,1.45,1,0,404,0
CAL-09507,CALI,ALIMENTOS,Comisaria_3_Familia_Cali,2020,70.0,0.9,8,0,487,1
CAL-09508,CALI,ALIMENTOS,Comisaria_2_Familia_Cali,2020,70.0,1.1,3,1,614,1
CAL-09509,CALI,HURTO_PATRIMONIAL,Juzgado_1_Familia_Cali,2023,70.0,1.45,1,0,651,1
CAL-09510,CALI,ALIMENTOS,Comisaria_3_Familia_Cali,2024,70.0,0.9,3,1,499,0
CAL-09511,CALI,HURTO_PATRIMONIAL,Juzgado_5_Familia_Cali,2024,70.0,0.95,2,0,500,1
CAL-09512,CALI,VIF,Juzgado_Penal_Municipal_2_Cali,2024,70.0,1.15,2,0,431,1
CAL-09513,CALI,HURTO_PATRIMONIAL,Comisaria_3_Familia_Cali,2023,70.0,0.9,9,0,523,1
CAL-09514,CALI,ALIMENTOS,Juzgado_1_Familia_Cali,2021,70.0,1.45,1,1,722,1
CAL-09515,CALI,ALIMENTOS,Juzgado_Penal_Municipal_1_Cali,2024,70.0,1.35,8,0,433,0
CAL-09516,CALI,ALIMENTOS,Juzgado_Penal_Municipal_1_Cali,2022,70.0,1.35,14,0,612,1
CAL-09517,CALI,ALIMENTOS,Juzgado_2_Familia_Cali,2024,70.0,1.3,7,1,435,0
CAL-09518,CALI,VIF,Juzgado_Penal_Municipal_1_Cali,2022,70.0,1.35,8,0,476,1
CAL-09519,CALI,ALIMENTOS,Juzgado_2_Familia_Cali,2022,70.0,1.3,5,0,558,1
CAL-09520,CALI,SUSTANCIAS,Juzgado_Penal_Municipal_2_Cali,2021,70.0,1.15,4,0,439,1
CAL-09521,CALI,ALIMENTOS,Juzgado_3_Familia_Cali,2024,70.0,1.2,9,1,691,1
CAL-09522,CALI,ALIMENTOS,Juzgado_3_Familia_Cali,2023,70.0,1.2,3,1,665,1
CAL-09523,CALI,ALIMENTOS,Comisaria_1_Familia_Cali,2022,70.0,1.25,4,1,656,1
CAL-09524,CALI,ALIMENTOS,Comisaria_3_Familia_Cali,2022,70.0,0.9,7,0,472,1
CAL-09525,CALI,VIF,Comisaria_3_Familia_Cali,2020,70.0,0.9,11,0,420,1
CAL-09526,CALI,VIF,Juzgado_1_Familia_Cali,2024,70.0,1.45,2,0,474,1
CAL-09527,CALI,ALIMENTOS,Juzgado_3_Familia_Cali,2023,70.0,1.2,16,1,455,0
CAL-09528,CALI,ALIMENTOS,Comisaria_3_Familia_Cali,2021,70.0,0.9,4,1,613,1
CAL-09529,CALI,VIF,Juzgado_4_Familia_Cali,2022,70.0,1.1,4,0,436,1
CAL-09530,CALI,VIF,Juzgado_4_Familia_Cali,2024,70.0,1.1,8,0,432,1
CAL-09531,CALI,VIF,Juzgado_Penal_Municipal_2_Cali,2022,70.0,1.15,3,1,573,1
CAL-09532,CALI,VIF,Juzgado_Penal_Municipal_1_Cali,2024,70.0,1.35,6,0,495,1
CAL-09533,CALI,VIF,Comisaria_1_Familia_Cali,2024,70.0,1.25,13,0,537,1
CAL-09534,CALI,VIF,Comisaria_2_Familia_Cali,2024,70.0,1.1,6,1,569,1
CAL-09535,CALI,VIF,Juzgado_Penal_Municipal_2_Cali,2021,70.0,1.15,7,1,595,1
CAL-09536,CALI,ALIMENTOS,Juzgado_Penal_Municipal_2_Cali,2023,70.0,1.15,6,0,545,1
CAL-09537,CALI,ALIMENTOS,Juzgado_3_Familia_Cali,2024,70.0,1.2,3,0,516,1
CAL-09538,CALI,HURTO_PATRIMONIAL,Comisaria_3_Familia_Cali,2024,70.0,0.9,19,0,651,1
CAL-09539,CALI,VIF,Comisaria_3_Familia_Cali,2022,70.0,0.9,8,1,559,1
CAL-09540,CALI,HURTO_PATRIMONIAL,Juzgado_Penal_Municipal_2_Cali,2024,70.0,1.15,7,1,723,1
CAL-09541,CALI,ALIMENTOS,Juzgado_4_Familia_Cali,2024,70.0,1.1,2,1,625,1
CAL-09542,CALI,SUSTANCIAS,Juzgado_2_Familia_Cali,2024,70.0,1.3,6,0,493,1
CAL-09543,CALI,VIF,Comisaria_2_Familia_Cali,2023,70.0,1.1,2,1,544,1
CAL-09544,CALI,VIF,Juzgado_3_Familia_Cali,2023,70.0,1.2,8,0,481,1
CAL-09545,CALI,ALIMENTOS,Comisaria_3_Familia_Cali,2024,70.0,0.9,1,0,418,1
CAL-09546,CALI,ALIMENTOS,Comisaria_3_Familia_Cali,2024,70.0,0.9,1,0,390,1
CAL-09547,CALI,VIF,Juzgado_Penal_Municipal_1_Cali,2024,70.0,1.35,6,0,493,1
CAL-09548,CALI,HURTO_PATRIMONIAL,Comisaria_1_Familia_Cali,2021,70.0,1.25,3,0,571,1
CAL-09549,CALI,VIF,Juzgado_3_Familia_Cali,2023,70.0,1.2,2,0,435,1
CAL-09550,CALI,SUSTANCIAS,Juzgado_5_Familia_Cali,2023,70.0,0.95,5,0,422,1
CAL-09551,CALI,VIF,Juzgado_4_Familia_Cali,2024,70.0,1.1,5,0,426,1
CAL-09552,CALI,HURTO_PATRIMONIAL,Juzgado_Penal_Municipal_2_Cali,2020,70.0,1.15,6,1,697,1
CAL-09553,CALI,ALIMENTOS,Juzgado_Penal_Municipal_2_Cali,2020,70.0,1.15,7,0,521,1
CAL-09554,CALI,ALIMENTOS,Juzgado_Penal_Municipal_1_Cali,2024,70.0,1.35,3,0,589,1
CAL-09555,CALI,HURTO_PATRIMONIAL,Juzgado_Penal_Municipal_2_Cali,2020,70.0,1.15,4,1,673,1
CAL-09556,CALI,HURTO_PATRIMONIAL,Juzgado_1_Familia_Cali,2024,70.0,1.45,3,1,639,0
CAL-09557,CALI,VIF,Comisaria_1_Familia_Cali,2020,70.0,1.25,3,0,223,0
CAL-09558,CALI,VIF,Comisaria_2_Familia_Cali,2021,70.0,1.1,2,0,381,1
CAL-09559,CALI,SUSTANCIAS,Juzgado_Penal_Municipal_2_Cali,2020,70.0,1.15,6,0,463,1
CAL-09560,CALI,VIF,Comisaria_1_Familia_Cali,2021,70.0,1.25,3,1,582,1
CAL-09561,CALI,ALIMENTOS,Comisaria_2_Familia_Cali,2024,70.0,1.1,1,0,330,0
CAL-09562,CALI,VIF,Juzgado_5_Familia_Cali,2024,70.0,0.95,1,0,384,1
CAL-09563,CALI,SUSTANCIAS,Juzgado_Penal_Municipal_1_Cali,2023,70.0,1.35,9,1,698,1
CAL-09564,CALI,VIF,Juzgado_2_Familia_Cali,2024,70.0,1.3,3,0,452,1
CAL-09565,CALI,ALIMENTOS,Comisaria_3_Familia_Cali,2024,70.0,0.9,2,0,425,1
CAL-09566,CALI,VIF,Juzgado_4_Familia_Cali,2024,70.0,1.1,6,0,422,1
CAL-09567,CALI,VIF,Comisaria_2_Familia_Cali,2020,70.0,1.1,9,0,435,1
CAL-09568,CALI,HURTO_PATRIMONIAL,Juzgado_Penal_Municipal_1_Cali,2022,70.0,1.35,2,0,582,1
CAL-09569,CALI,ALIMENTOS,Juzgado_Penal_Municipal_1_Cali,2021,70.0,1.35,2,1,709,1
CAL-09570,CALI,ALIMENTOS,Juzgado_3_Familia_Cali,2022,70.0,1.2,4,1,632,1
CAL-09571,CALI,ALIMENTOS,Juzgado_3_Familia_Cali,2022,70.0,1.2,5,0,522,1
CAL-09572,CALI,SUSTANCIAS,Juzgado_3_Familia_Cali,2023,70.0,1.2,10,0,506,1
CAL-09573,CALI,ALIMENTOS,Juzgado_5_Familia_Cali,2024,70.0,0.95,12,0,534,1
CAL-09574,CALI,SUSTANCIAS,Comisaria_1_Familia_Cali,2021,70.0,1.25,3,0,435,1
CAL-09575,CALI,ALIMENTOS,Comisaria_1_Familia_Cali,2024,70.0,1.25,1,0,530,1
CAL-09576,CALI,ALIMENTOS,Juzgado_4_Familia_Cali,2023,70.0,1.1,3,1,632,1
CAL-09577,CALI,ALIMENTOS,Juzgado_1_Familia_Cali,2021,70.0,1.45,6,0,569,1
CAL-09578,CALI,HURTO_PATRIMONIAL,Juzgado_5_Familia_Cali,2024,70.0,0.95,2,1,601,1
CAL-09579,CALI,HURTO_PATRIMONIAL,Comisaria_1_Familia_Cali,2023,70.0,1.25,2,1,682,1
CAL-09580,CALI,VIF,Comisaria_1_Familia_Cali,2020,70.0,1.25,5,0,420,1
CAL-09581,CALI,ALIMENTOS,Juzgado_4_Familia_Cali,2022,70.0,1.1,3,1,633,1
CAL-09582,CALI,ALIMENTOS,Juzgado_3_Familia_Cali,2023,70.0,1.2,5,1,682,1
CAL-09583,CALI,ALIMENTOS,Juzgado_5_Familia_Cali,2024,70.0,0.95,4,1,633,1
CAL-09584,CALI,HURTO_PATRIMONIAL,Comisaria_1_Familia_Cali,2023,70.0,1.25,5,0,627,1
CAL-09585,CALI,VIF,Comisaria_1_Familia_Cali,2023,70.0,1.25,2,0,444,1
CAL-09586,CALI,VIF,Comisaria_3_Familia_Cali,2024,70.0,0.9,3,1,538,1
CAL-09587,CALI,ALIMENTOS,Comisaria_3_Familia_Cali,2021,70.0,0.9,14,0,520,1
CAL-09588,CALI,VIF,Juzgado_Penal_Municipal_1_Cali,2024,70.0,1.35,6,0,452,1
CAL-09589,CALI,VIF,Juzgado_5_Familia_Cali,2024,70.0,0.95,6,0,402,1
CAL-09590,CALI,VIF,Juzgado_3_Familia_Cali,2023,70.0,1.2,16,1,494,0
CAL-09591,CALI,VIF,Juzgado_3_Familia_Cali,2022,70.0,1.2,4,0,330,0
CAL-09592,CALI,HURTO_PATRIMONIAL,Juzgado_3_Familia_Cali,2023,70.0,1.2,10,0,620,1
CAL-09593,CALI,HURTO_PATRIMONIAL,Comisaria_1_Familia_Cali,2022,70.0,1.25,5,0,547,1
CAL-09594,CALI,HURTO_PATRIMONIAL,Comisaria_1_Familia_Cali,2022,70.0,1.25,1,0,598,1
CAL-09595,CALI,ALIMENTOS,Juzgado_1_Familia_Cali,2023,70.0,1.45,5,1,444,0
CAL-09596,CALI,SUSTANCIAS,Comisaria_1_Familia_Cali,2022,70.0,1.25,4,0,462,1
CAL-09597,CALI,VIF,Juzgado_1_Familia_Cali,2024,70.0,1.45,2,1,621,1
CAL-09598,CALI,ALIMENTOS,Comisaria_2_Familia_Cali,2021,70.0,1.1,3,1,629,1
CAL-09599,CALI,VIF,Juzgado_Penal_Municipal_1_Cali,2023,70.0,1.35,2,1,607,1
CAL-09600,CALI,VIF,Comisaria_3_Familia_Cali,2024,70.0,0.9,1,1,500,1
CAL-09601,CALI,VIF,Juzgado_Penal_Municipal_2_Cali,2023,70.0,1.15,1,0,396,1
CAL-09602,CALI,HURTO_PATRIMONIAL,Comisaria_2_Familia_Cali,2023,70.0,1.1,2,1,715,1
CAL-09603,CALI,ALIMENTOS,Juzgado_5_Familia_Cali,2021,70.0,0.95,5,0,452,1
CAL-09604,CALI,SUSTANCIAS,Juzgado_Penal_Municipal_2_Cali,2023,70.0,1.15,4,1,585,1
CAL-09605,CALI,VIF,Juzgado_4_Familia_Cali,2022,70.0,1.1,8,0,434,1
CAL-09606,CALI,ALIMENTOS,Juzgado_1_Familia_Cali,2021,70.0,1.45,2,0,550,1
CAL-09607,CALI,ALIMENTOS,Juzgado_Penal_Municipal_1_Cali,2023,70.0,1.35,2,0,530,1
CAL-09608,CALI,ALIMENTOS,Juzgado_4_Familia_Cali,2021,70.0,1.1,3,1,623,1
CAL-09609,CALI,ALIMENTOS,Comisaria_2_Familia_Cali,2024,70.0,1.1,4,0,456,1
CAL-09610,CALI,VIF,Juzgado_5_Familia_Cali,2022,70.0,0.95,6,0,407,1
CAL-09611,CALI,ALIMENTOS,Comisaria_1_Familia_Cali,2023,70.0,1.25,3,1,688,1
CAL-09612,CALI,ALIMENTOS,Juzgado_Penal_Municipal_2_Cali,2023,70.0,1.15,2,0,479,1
CAL-09613,CALI,VIF,Comisaria_2_Familia_Cali,2023,70.0,1.1,5,1,583,1
CAL-09614,CALI,SUSTANCIAS,Juzgado_Penal_Municipal_1_Cali,2024,70.0,1.35,1,1,633,1
CAL-09615,CALI,VIF,Juzgado_1_Familia_Cali,2024,70.0,1.45,3,0,483,1
CAL-09616,CALI,VIF,Juzgado_1_Familia_Cali,2020,70.0,1.45,6,0,503,1
CAL-09617,CALI,ALIMENTOS,Juzgado_2_Familia_Cali,2022,70.0,1.3,4,0,537,1
CAL-09618,CALI,VIF,Juzgado_1_Familia_Cali,2024,70.0,1.45,8,0,462,0
CAL-09619,CALI,SUSTANCIAS,Juzgado_4_Familia_Cali,2024,70.0,1.1,6,0,302,0
CAL-09620,CALI,VIF,Juzgado_1_Familia_Cali,2020,70.0,1.45,8,0,522,1
CAL-09621,CALI,SUSTANCIAS,Comisaria_1_Familia_Cali,2023,70.0,1.25,2,0,449,1
CAL-09622,CALI,SUSTANCIAS,Comisaria_1_Familia_Cali,2022,70.0,1.25,1,0,426,1
CAL-09623,CALI,ALIMENTOS,Comisaria_3_Familia_Cali,2024,70.0,0.9,3,0,427,1
CAL-09624,CALI,VIF,Juzgado_3_Familia_Cali,2023,70.0,1.2,4,0,442,1
CAL-09625,CALI,VIF,Comisaria_1_Familia_Cali,2023,70.0,1.25,12,0,520,1
CAL-09626,CALI,VIF,Juzgado_Penal_Municipal_1_Cali,2023,70.0,1.35,3,0,452,1
CAL-09627,CALI,ALIMENTOS,Juzgado_1_Familia_Cali,2023,70.0,1.45,8,0,635,1
CAL-09628,CALI,HURTO_PATRIMONIAL,Juzgado_2_Familia_Cali,2024,70.0,1.3,1,0,581,1
CAL-09629,CALI,ALIMENTOS,Juzgado_Penal_Municipal_1_Cali,2021,70.0,1.35,4,0,521,1
CAL-09630,CALI,HURTO_PATRIMONIAL,Comisaria_1_Familia_Cali,2023,70.0,1.25,8,0,638,1
CAL-09631,CALI,VIF,Comisaria_1_Familia_Cali,2023,70.0,1.25,6,0,455,1
CAL-09632,CALI,VIF,Juzgado_1_Familia_Cali,2024,70.0,1.45,2,0,443,1
CAL-09633,CALI,ALIMENTOS,Juzgado_Penal_Municipal_2_Cali,2024,70.0,1.15,1,0,498,1
CAL-09634,CALI,HURTO_PATRIMONIAL,Comisaria_1_Familia_Cali,2024,70.0,1.25,7,0,612,1
CAL-09635,CALI,HURTO_PATRIMONIAL,Juzgado_4_Familia_Cali,2024,70.0,1.1,7,1,726,1
CAL-09636,CALI,SUSTANCIAS,Juzgado_5_Familia_Cali,2021,70.0,0.95,4,0,391,1
CAL-09637,CALI,VIF,Juzgado_5_Familia_Cali,2020,70.0,0.95,21,0,520,1
CAL-09638,CALI,ALIMENTOS,Comisaria_3_Familia_Cali,2024,70.0,0.9,3,1,582,1
CAL-09639,CALI,ALIMENTOS,Juzgado_Penal_Municipal_2_Cali,2024,70.0,1.15,6,0,512,1
CAL-09640,CALI,ALIMENTOS,Juzgado_Penal_Municipal_1_Cali,2024,70.0,1.35,5,0,604,1
CAL-09641,CALI,ALIMENTOS,Comisaria_1_Familia_Cali,2024,70.0,1.25,3,1,646,1
CAL-09642,CALI,VIF,Juzgado_5_Familia_Cali,2023,70.0,0.95,2,0,366,1
CAL-09643,CALI,ALIMENTOS,Juzgado_3_Familia_Cali,2021,70.0,1.2,6,1,699,1
CAL-09644,CALI,VIF,Juzgado_Penal_Municipal_2_Cali,2020,70.0,1.15,1,1,523,1
CAL-09645,CALI,ALIMENTOS,Juzgado_Penal_Municipal_2_Cali,2024,70.0,1.15,7,0,323,0
CAL-09646,CALI,ALIMENTOS,Comisaria_1_Familia_Cali,2022,70.0,1.25,3,0,525,1
CAL-09647,CALI,ALIMENTOS,Juzgado_5_Familia_Cali,2020,70.0,0.95,6,0,452,1
CAL-09648,CALI,VIF,Comisaria_2_Familia_Cali,2020,70.0,1.1,12,0,482,1
CAL-09649,CALI,ALIMENTOS,Comisaria_3_Familia_Cali,2023,70.0,0.9,3,0,465,1
CAL-09650,CALI,HURTO_PATRIMONIAL,Juzgado_3_Familia_Cali,2023,70.0,1.2,11,1,454,0
CAL-09651,CALI,VIF,Juzgado_4_Familia_Cali,2021,70.0,1.1,5,0,434,1
CAL-09652,CALI,HURTO_PATRIMONIAL,Juzgado_5_Familia_Cali,2023,70.0,0.95,13,0,524,1
CAL-09653,CALI,VIF,Juzgado_5_Familia_Cali,2021,70.0,0.95,7,0,402,1
CAL-09654,CALI,HURTO_PATRIMONIAL,Juzgado_1_Familia_Cali,2024,70.0,1.45,7,0,681,1
CAL-09655,CALI,ALIMENTOS,Comisaria_2_Familia_Cali,2024,70.0,1.1,6,0,506,1
CAL-09656,CALI,HURTO_PATRIMONIAL,Juzgado_1_Familia_Cali,2022,70.0,1.45,9,0,650,1
CAL-09657,CALI,VIF,Comisaria_2_Familia_Cali,2020,70.0,1.1,2,0,372,1
CAL-09658,CALI,VIF,Juzgado_3_Familia_Cali,2023,70.0,1.2,8,0,495,1
CAL-09659,CALI,HURTO_PATRIMONIAL,Juzgado_5_Familia_Cali,2023,70.0,0.95,4,1,621,1
CAL-09660,CALI,SUSTANCIAS,Juzgado_4_Familia_Cali,2024,70.0,1.1,8,0,444,1
CAL-09661,CALI,VIF,Juzgado_4_Familia_Cali,2022,70.0,1.1,7,0,421,1
CAL-09662,CALI,VIF,Comisaria_3_Familia_Cali,2023,70.0,0.9,6,0,373,1
CAL-09663,CALI,VIF,Juzgado_2_Familia_Cali,2021,70.0,1.3,4,1,622,1
CAL-09664,CALI,ALIMENTOS,Juzgado_5_Familia_Cali,2024,70.0,0.95,4,0,427,1
CAL-09665,CALI,HURTO_PATRIMONIAL,Juzgado_2_Familia_Cali,2022,70.0,1.3,1,1,719,1
CAL-09666,CALI,VIF,Juzgado_3_Familia_Cali,2024,70.0,1.2,6,0,461,1
CAL-09667,CALI,VIF,Comisaria_3_Familia_Cali,2024,70.0,0.9,1,0,334,1
CAL-09668,CALI,ALIMENTOS,Juzgado_4_Familia_Cali,2024,70.0,1.1,6,0,516,1
CAL-09669,CALI,VIF,Comisaria_2_Familia_Cali,2022,70.0,1.1,5,0,435,1
CAL-09670,CALI,HURTO_PATRIMONIAL,Comisaria_2_Familia_Cali,2023,70.0,1.1,4,0,527,1
CAL-09671,CALI,HURTO_PATRIMONIAL,Juzgado_2_Familia_Cali,2020,70.0,1.3,1,0,601,1
CAL-09672,CALI,ALIMENTOS,Juzgado_2_Familia_Cali,2023,70.0,1.3,5,1,728,1
CAL-09673,CALI,VIF,Comisaria_3_Familia_Cali,2023,70.0,0.9,2,1,518,1
CAL-09674,CALI,ALIMENTOS,Comisaria_3_Familia_Cali,2020,70.0,0.9,2,1,602,1
CAL-09675,CALI,ALIMENTOS,Juzgado_Penal_Municipal_1_Cali,2024,70.0,1.35,2,0,559,1
CAL-09676,CALI,VIF,Juzgado_1_Familia_Cali,2022,70.0,1.45,4,0,455,1
CAL-09677,CALI,VIF,Juzgado_Penal_Municipal_2_Cali,2024,70.0,1.15,3,0,426,1
CAL-09678,CALI,VIF,Comisaria_1_Familia_Cali,2020,70.0,1.25,15,1,334,0
CAL-09679,CALI,VIF,Juzgado_5_Familia_Cali,2020,70.0,0.95,10,0,420,1
CAL-09680,CALI,VIF,Juzgado_5_Familia_Cali,2020,70.0,0.95,4,0,366,1
CAL-09681,CALI,HURTO_PATRIMONIAL,Juzgado_1_Familia_Cali,2021,70.0,1.45,2,0,638,1
CAL-09682,CALI,HURTO_PATRIMONIAL,Comisaria_3_Familia_Cali,2023,70.0,0.9,8,0,541,1
CAL-09683,CALI,HURTO_PATRIMONIAL,Juzgado_1_Familia_Cali,2024,70.0,1.45,1,0,590,1
CAL-09684,CALI,VIF,Comisaria_3_Familia_Cali,2022,70.0,0.9,13,0,449,1
CAL-09685,CALI,ALIMENTOS,Juzgado_1_Familia_Cali,2024,70.0,1.45,10,0,660,1
CAL-09686,CALI,SUSTANCIAS,Juzgado_1_Familia_Cali,2024,70.0,1.45,9,0,592,1
CAL-09687,CALI,VIF,Comisaria_3_Familia_Cali,2022,70.0,0.9,9,1,583,1
CAL-09688,CALI,VIF,Juzgado_3_Familia_Cali,2022,70.0,1.2,4,0,441,1
CAL-09689,CALI,HURTO_PATRIMONIAL,Juzgado_1_Familia_Cali,2022,70.0,1.45,3,0,624,1
CAL-09690,CALI,HURTO_PATRIMONIAL,Juzgado_Penal_Municipal_2_Cali,2024,70.0,1.15,16,1,491,0
CAL-09691,CALI,ALIMENTOS,Juzgado_Penal_Municipal_1_Cali,2023,70.0,1.35,13,1,696,0
CAL-09692,CALI,HURTO_PATRIMONIAL,Comisaria_1_Familia_Cali,2024,70.0,1.25,8,0,608,1
CAL-09693,CALI,SUSTANCIAS,Comisaria_3_Familia_Cali,2024,70.0,0.9,3,0,395,1
CAL-09694,CALI,HURTO_PATRIMONIAL,Comisaria_2_Familia_Cali,2022,70.0,1.1,3,0,503,1
CAL-09695,CALI,ALIMENTOS,Comisaria_1_Familia_Cali,2021,70.0,1.25,5,1,669,1
CAL-09696,CALI,ALIMENTOS,Juzgado_Penal_Municipal_2_Cali,2024,70.0,1.15,2,1,645,1
CAL-09697,CALI,SUSTANCIAS,Juzgado_2_Familia_Cali,2020,70.0,1.3,7,0,513,1
CAL-09698,CALI,VIF,Juzgado_Penal_Municipal_2_Cali,2023,70.0,1.15,4,0,439,1
CAL-09699,CALI,ALIMENTOS,Juzgado_4_Familia_Cali,2023,70.0,1.1,4,1,322,0
CAL-09700,CALI,ALIMENTOS,Juzgado_4_Familia_Cali,2023,70.0,1.1,14,0,583,1
CAL-09701,CALI,VIF,Juzgado_Penal_Municipal_2_Cali,2024,70.0,1.15,4,0,319,0
CAL-09702,CALI,VIF,Comisaria_3_Familia_Cali,2024,70.0,0.9,1,0,364,1
CAL-09703,CALI,ALIMENTOS,Juzgado_2_Familia_Cali,2024,70.0,1.3,5,0,548,1
CAL-09704,CALI,ALIMENTOS,Juzgado_4_Familia_Cali,2021,70.0,1.1,3,0,481,1
CAL-09705,CALI,ALIMENTOS,Juzgado_5_Familia_Cali,2022,70.0,0.95,3,0,273,0
CAL-09706,CALI,ALIMENTOS,Juzgado_4_Familia_Cali,2022,70.0,1.1,6,0,483,1
CAL-09707,CALI,VIF,Juzgado_3_Familia_Cali,2024,70.0,1.2,14,0,536,1
CAL-09708,CALI,ALIMENTOS,Juzgado_5_Familia_Cali,2023,70.0,0.95,3,0,455,1
CAL-09709,CALI,HURTO_PATRIMONIAL,Juzgado_5_Familia_Cali,2024,70.0,0.95,4,0,517,1
CAL-09710,CALI,SUSTANCIAS,Juzgado_5_Familia_Cali,2020,70.0,0.95,3,0,385,1
CAL-09711,CALI,ALIMENTOS,Juzgado_Penal_Municipal_2_Cali,2020,70.0,1.15,3,0,493,1
CAL-09712,CALI,VIF,Juzgado_2_Familia_Cali,2024,70.0,1.3,11,0,528,1
CAL-09713,CALI,ALIMENTOS,Juzgado_1_Familia_Cali,2023,70.0,1.45,2,1,721,1
CAL-09714,CALI,VIF,Juzgado_4_Familia_Cali,2021,70.0,1.1,4,0,218,0
CAL-09715,CALI,HURTO_PATRIMONIAL,Comisaria_2_Familia_Cali,2021,70.0,1.1,2,0,514,1
CAL-09716,CALI,SUSTANCIAS,Comisaria_1_Familia_Cali,2021,70.0,1.25,4,0,468,1
CAL-09717,CALI,SUSTANCIAS,Juzgado_Penal_Municipal_2_Cali,2024,70.0,1.15,7,1,637,1
CAL-09718,CALI,VIF,Comisaria_2_Familia_Cali,2023,70.0,1.1,3,1,566,1
CAL-09719,CALI,ALIMENTOS,Juzgado_Penal_Municipal_1_Cali,2023,70.0,1.35,2,1,327,0
CAL-09720,CALI,VIF,Juzgado_Penal_Municipal_2_Cali,2020,70.0,1.15,4,0,436,1
CAL-09721,CALI,ALIMENTOS,Juzgado_Penal_Municipal_1_Cali,2024,70.0,1.35,5,0,588,1
CAL-09722,CALI,HURTO_PATRIMONIAL,Juzgado_Penal_Municipal_1_Cali,2020,70.0,1.35,1,0,553,1
CAL-09723,CALI,VIF,Juzgado_5_Familia_Cali,2024,70.0,0.95,1,0,361,1
CAL-09724,CALI,ALIMENTOS,Comisaria_2_Familia_Cali,2023,70.0,1.1,7,1,687,1
CAL-09725,CALI,HURTO_PATRIMONIAL,Juzgado_4_Familia_Cali,2022,70.0,1.1,2,0,491,1
CAL-09726,CALI,ALIMENTOS,Comisaria_2_Familia_Cali,2024,70.0,1.1,8,0,525,1
CAL-09727,CALI,SUSTANCIAS,Juzgado_4_Familia_Cali,2024,70.0,1.1,1,1,582,1
CAL-09728,CALI,ALIMENTOS,Comisaria_1_Familia_Cali,2020,70.0,1.25,1,0,455,1
CAL-09729,CALI,ALIMENTOS,Juzgado_Penal_Municipal_2_Cali,2024,70.0,1.15,1,1,616,1
CAL-09730,CALI,HURTO_PATRIMONIAL,Comisaria_2_Familia_Cali,2023,70.0,1.1,4,0,509,1
CAL-09731,CALI,VIF,Juzgado_5_Familia_Cali,2024,70.0,0.95,5,0,281,0
CAL-09732,CALI,ALIMENTOS,Comisaria_3_Familia_Cali,2023,70.0,0.9,4,0,478,1
CAL-09733,CALI,VIF,Comisaria_3_Familia_Cali,2022,70.0,0.9,5,0,381,1
CAL-09734,CALI,VIF,Juzgado_Penal_Municipal_2_Cali,2024,70.0,1.15,1,0,405,1
CAL-09735,CALI,VIF,Comisaria_1_Familia_Cali,2020,70.0,1.25,12,0,510,1
CAL-09736,CALI,ALIMENTOS,Juzgado_Penal_Municipal_2_Cali,2023,70.0,1.15,3,1,644,1
CAL-09737,CALI,ALIMENTOS,Juzgado_1_Familia_Cali,2024,70.0,1.45,4,1,706,1
CAL-09738,CALI,ALIMENTOS,Juzgado_2_Familia_Cali,2023,70.0,1.3,2,1,673,1
CAL-09739,CALI,VIF,Juzgado_4_Familia_Cali,2021,70.0,1.1,5,0,420,1
CAL-09740,CALI,VIF,Juzgado_3_Familia_Cali,2024,70.0,1.2,2,0,438,1
CAL-09741,CALI,VIF,Juzgado_3_Familia_Cali,2023,70.0,1.2,4,0,430,1
CAL-09742,CALI,ALIMENTOS,Comisaria_1_Familia_Cali,2022,70.0,1.25,5,0,544,1
CAL-09743,CALI,VIF,Juzgado_Penal_Municipal_1_Cali,2020,70.0,1.35,3,0,426,1
CAL-09744,CALI,ALIMENTOS,Comisaria_2_Familia_Cali,2022,70.0,1.1,2,1,606,1
CAL-09745,CALI,ALIMENTOS,Juzgado_3_Familia_Cali,2021,70.0,1.2,15,0,610,1
CAL-09746,CALI,SUSTANCIAS,Juzgado_Penal_Municipal_1_Cali,2023,70.0,1.35,6,0,539,1
CAL-09747,CALI,VIF,Juzgado_4_Familia_Cali,2021,70.0,1.1,13,0,481,1
CAL-09748,CALI,VIF,Comisaria_2_Familia_Cali,2022,70.0,1.1,8,0,452,1
CAL-09749,CALI,ALIMENTOS,Juzgado_5_Familia_Cali,2024,70.0,0.95,5,0,473,1
CAL-09750,CALI,SUSTANCIAS,Comisaria_1_Familia_Cali,2023,70.0,1.25,5,0,460,1
CAL-09751,CALI,HURTO_PATRIMONIAL,Juzgado_Penal_Municipal_2_Cali,2024,70.0,1.15,2,1,584,0
CAL-09752,CALI,VIF,Juzgado_1_Familia_Cali,2024,70.0,1.45,13,1,713,1
CAL-09753,CALI,HURTO_PATRIMONIAL,Juzgado_3_Familia_Cali,2024,70.0,1.2,1,0,537,1
CAL-09754,CALI,VIF,Comisaria_3_Familia_Cali,2021,70.0,0.9,3,0,361,1
CAL-09755,CALI,SUSTANCIAS,Comisaria_2_Familia_Cali,2022,70.0,1.1,12,0,375,0
CAL-09756,CALI,ALIMENTOS,Juzgado_4_Familia_Cali,2024,70.0,1.1,10,1,718,1
CAL-09757,CALI,ALIMENTOS,Comisaria_3_Familia_Cali,2023,70.0,0.9,7,0,212,0
CAL-09758,CALI,ALIMENTOS,Comisaria_3_Familia_Cali,2020,70.0,0.9,4,1,583,1
CAL-09759,CALI,ALIMENTOS,Juzgado_Penal_Municipal_1_Cali,2024,70.0,1.35,1,1,730,1
CAL-09760,CALI,SUSTANCIAS,Comisaria_3_Familia_Cali,2022,70.0,0.9,6,0,383,1
CAL-09761,CALI,ALIMENTOS,Comisaria_3_Familia_Cali,2020,70.0,0.9,8,0,461,1
CAL-09762,CALI,ALIMENTOS,Juzgado_2_Familia_Cali,2024,70.0,1.3,5,1,718,1
CAL-09763,CALI,VIF,Comisaria_3_Familia_Cali,2024,70.0,0.9,6,1,553,1
CAL-09764,CALI,ALIMENTOS,Juzgado_5_Familia_Cali,2020,70.0,0.95,9,0,500,1
CAL-09765,CALI,ALIMENTOS,Juzgado_Penal_Municipal_1_Cali,2021,70.0,1.35,3,0,541,1
CAL-09766,CALI,ALIMENTOS,Juzgado_1_Familia_Cali,2023,70.0,1.45,2,0,544,1
CAL-09767,CALI,VIF,Juzgado_Penal_Municipal_2_Cali,2022,70.0,1.15,2,0,402,1
CAL-09768,CALI,ALIMENTOS,Juzgado_4_Familia_Cali,2024,70.0,1.1,8,0,514,1
CAL-09769,CALI,ALIMENTOS,Comisaria_1_Familia_Cali,2023,70.0,1.25,1,0,497,1
CAL-09770,CALI,VIF,Juzgado_3_Familia_Cali,2024,70.0,1.2,6,0,465,1
CAL-09771,CALI,ALIMENTOS,Juzgado_3_Familia_Cali,2024,70.0,1.2,1,0,492,1
CAL-09772,CALI,ALIMENTOS,Comisaria_3_Familia_Cali,2024,70.0,0.9,1,0,413,1
CAL-09773,CALI,SUSTANCIAS,Juzgado_4_Familia_Cali,2021,70.0,1.1,7,0,466,1
CAL-09774,CALI,VIF,Juzgado_Penal_Municipal_2_Cali,2024,70.0,1.15,7,0,459,1
CAL-09775,CALI,ALIMENTOS,Juzgado_5_Familia_Cali,2024,70.0,0.95,12,0,531,1
CAL-09776,CALI,HURTO_PATRIMONIAL,Comisaria_1_Familia_Cali,2024,70.0,1.25,6,0,625,1
CAL-09777,CALI,HURTO_PATRIMONIAL,Comisaria_1_Familia_Cali,2023,70.0,1.25,4,0,576,1
CAL-09778,CALI,ALIMENTOS,Juzgado_5_Familia_Cali,2022,70.0,0.95,3,1,572,1
CAL-09779,CALI,VIF,Juzgado_1_Familia_Cali,2022,70.0,1.45,3,1,520,0
CAL-09780,CALI,VIF,Comisaria_3_Familia_Cali,2023,70.0,0.9,5,0,409,1
CAL-09781,CALI,VIF,Juzgado_5_Familia_Cali,2022,70.0,0.95,3,1,518,1
CAL-09782,CALI,VIF,Juzgado_1_Familia_Cali,2022,70.0,1.45,6,1,648,1
CAL-09783,CALI,VIF,Juzgado_Penal_Municipal_2_Cali,2024,70.0,1.15,3,0,433,1
CAL-09784,CALI,ALIMENTOS,Juzgado_5_Familia_Cali,2022,70.0,0.95,1,0,431,1
CAL-09785,CALI,HURTO_PATRIMONIAL,Juzgado_Penal_Municipal_2_Cali,2021,70.0,1.15,2,1,688,1
CAL-09786,CALI,VIF,Juzgado_4_Familia_Cali,2021,70.0,1.1,2,0,186,0
CAL-09787,CALI,VIF,Juzgado_5_Familia_Cali,2024,70.0,0.95,1,0,360,1
CAL-09788,CALI,ALIMENTOS,Juzgado_1_Familia_Cali,2023,70.0,1.45,8,1,604,0
CAL-09789,CALI,VIF,Comisaria_1_Familia_Cali,2024,70.0,1.25,4,0,315,0
CAL-09790,CALI,SUSTANCIAS,Juzgado_Penal_Municipal_2_Cali,2021,70.0,1.15,5,0,337,0
CAL-09791,CALI,VIF,Juzgado_5_Familia_Cali,2024,70.0,0.95,1,0,373,1
CAL-09792,CALI,ALIMENTOS,Comisaria_2_Familia_Cali,2024,70.0,1.1,5,0,500,1
CAL-09793,CALI,SUSTANCIAS,Comisaria_3_Familia_Cali,2022,70.0,0.9,5,0,393,1
CAL-09794,CALI,VIF,Juzgado_4_Familia_Cali,2022,70.0,1.1,3,0,405,1
CAL-09795,CALI,VIF,Comisaria_3_Familia_Cali,2024,70.0,0.9,2,0,352,1
CAL-09796,CALI,VIF,Comisaria_2_Familia_Cali,2024,70.0,1.1,3,0,409,1
CAL-09797,CALI,HURTO_PATRIMONIAL,Juzgado_3_Familia_Cali,2021,70.0,1.2,7,1,666,0
CAL-09798,CALI,ALIMENTOS,Juzgado_1_Familia_Cali,2021,70.0,1.45,3,0,574,1
CAL-09799,CALI,ALIMENTOS,Juzgado_4_Familia_Cali,2021,70.0,1.1,1,1,636,1
CAL-09800,CALI,VIF,Juzgado_Penal_Municipal_1_Cali,2022,70.0,1.35,2,0,295,0
CAL-09801,CALI,ALIMENTOS,Juzgado_4_Familia_Cali,2021,70.0,1.1,1,0,448,1
CAL-09802,CALI,SUSTANCIAS,Juzgado_3_Familia_Cali,2020,70.0,1.2,4,0,457,1
CAL-09803,CALI,ALIMENTOS,Juzgado_5_Familia_Cali,2023,70.0,0.95,1,1,575,1
CAL-09804,CALI,ALIMENTOS,Comisaria_2_Familia_Cali,2022,70.0,1.1,8,0,490,1
CAL-09805,CALI,ALIMENTOS,Juzgado_Penal_Municipal_1_Cali,2020,70.0,1.35,4,1,720,1
CAL-09806,CALI,VIF,Juzgado_Penal_Municipal_2_Cali,2022,70.0,1.15,9,0,456,1
CAL-09807,CALI,VIF,Comisaria_2_Familia_Cali,2023,70.0,1.1,2,0,392,1
CAL-09808,CALI,VIF,Juzgado_Penal_Municipal_2_Cali,2021,70.0,1.15,8,0,449,1
CAL-09809,CALI,HURTO_PATRIMONIAL,Juzgado_Penal_Municipal_1_Cali,2024,70.0,1.35,3,0,610,1
CAL-09810,CALI,ALIMENTOS,Comisaria_3_Familia_Cali,2024,70.0,0.9,3,0,433,1
CAL-09811,CALI,ALIMENTOS,Juzgado_Penal_Municipal_2_Cali,2022,70.0,1.15,1,0,475,1
CAL-09812,CALI,VIF,Juzgado_5_Familia_Cali,2023,70.0,0.95,5,1,557,1
CAL-09813,CALI,ALIMENTOS,Comisaria_1_Familia_Cali,2024,70.0,1.25,3,0,540,1
CAL-09814,CALI,HURTO_PATRIMONIAL,Comisaria_1_Familia_Cali,2024,70.0,1.25,5,0,614,1
CAL-09815,CALI,ALIMENTOS,Juzgado_2_Familia_Cali,2022,70.0,1.3,3,0,520,1
CAL-09816,CALI,VIF,Juzgado_5_Familia_Cali,2021,70.0,0.95,5,0,370,1
CAL-09817,CALI,ALIMENTOS,Juzgado_1_Familia_Cali,2022,70.0,1.45,3,0,586,1
CAL-09818,CALI,VIF,Comisaria_2_Familia_Cali,2020,70.0,1.1,4,0,388,1
CAL-09819,CALI,ALIMENTOS,Juzgado_1_Familia_Cali,2024,70.0,1.45,1,1,715,1
CAL-09820,CALI,VIF,Juzgado_5_Familia_Cali,2024,70.0,0.95,2,0,374,1
CAL-09821,CALI,ALIMENTOS,Comisaria_1_Familia_Cali,2021,70.0,1.25,5,0,508,1
CAL-09822,CALI,VIF,Comisaria_2_Familia_Cali,2023,70.0,1.1,1,1,577,1
CAL-09823,CALI,ALIMENTOS,Juzgado_1_Familia_Cali,2022,70.0,1.45,1,0,560,1
CAL-09824,CALI,ALIMENTOS,Juzgado_3_Familia_Cali,2023,70.0,1.2,9,0,571,1
CAL-09825,CALI,ALIMENTOS,Comisaria_3_Familia_Cali,2024,70.0,0.9,4,1,625,1
CAL-09826,CALI,HURTO_PATRIMONIAL,Comisaria_2_Familia_Cali,2024,70.0,1.1,7,0,545,1
CAL-09827,CALI,VIF,Comisaria_1_Familia_Cali,2023,70.0,1.25,3,1,601,1
CAL-09828,CALI,VIF,Comisaria_2_Familia_Cali,2024,70.0,1.1,5,1,594,1
CAL-09829,CALI,VIF,Juzgado_4_Familia_Cali,2023,70.0,1.1,6,0,454,1
CAL-09830,CALI,ALIMENTOS,Comisaria_1_Familia_Cali,2024,70.0,1.25,5,0,539,1
CAL-09831,CALI,VIF,Juzgado_4_Familia_Cali,2024,70.0,1.1,3,0,413,1
CAL-09832,CALI,ALIMENTOS,Juzgado_5_Familia_Cali,2022,70.0,0.95,2,1,588,1
CAL-09833,CALI,ALIMENTOS,Juzgado_Penal_Municipal_1_Cali,2020,70.0,1.35,1,1,326,0
CAL-09834,CALI,ALIMENTOS,Comisaria_2_Familia_Cali,2024,70.0,1.1,16,0,586,1
CAL-09835,CALI,ALIMENTOS,Comisaria_2_Familia_Cali,2023,70.0,1.1,10,0,519,1
CAL-09836,CALI,ALIMENTOS,Juzgado_3_Familia_Cali,2024,70.0,1.2,4,0,532,1
CAL-09837,CALI,HURTO_PATRIMONIAL,Comisaria_2_Familia_Cali,2024,70.0,1.1,1,0,526,1
CAL-09838,CALI,VIF,Juzgado_Penal_Municipal_1_Cali,2024,70.0,1.35,3,0,473,1
CAL-09839,CALI,ALIMENTOS,Juzgado_4_Familia_Cali,2022,70.0,1.1,3,1,420,0
CAL-09840,CALI,SUSTANCIAS,Juzgado_5_Familia_Cali,2024,70.0,0.95,3,1,546,1
CAL-09841,CALI,HURTO_PATRIMONIAL,Juzgado_5_Familia_Cali,2024,70.0,0.95,4,0,541,1
CAL-09842,CALI,VIF,Juzgado_5_Familia_Cali,2021,70.0,0.95,8,1,587,1
CAL-09843,CALI,HURTO_PATRIMONIAL,Comisaria_3_Familia_Cali,2022,70.0,0.9,4,1,553,0
CAL-09844,CALI,ALIMENTOS,Juzgado_1_Familia_Cali,2022,70.0,1.45,2,1,332,0
CAL-09845,CALI,VIF,Juzgado_5_Familia_Cali,2023,70.0,0.95,7,0,385,1
CAL-09846,CALI,ALIMENTOS,Juzgado_5_Familia_Cali,2023,70.0,0.95,6,1,595,1
CAL-09847,CALI,ALIMENTOS,Juzgado_Penal_Municipal_2_Cali,2023,70.0,1.15,4,1,640,1
CAL-09848,CALI,HURTO_PATRIMONIAL,Juzgado_Penal_Municipal_2_Cali,2022,70.0,1.15,15,1,640,0
CAL-09849,CALI,ALIMENTOS,Juzgado_5_Familia_Cali,2024,70.0,0.95,4,1,611,1
CAL-09850,CALI,VIF,Juzgado_5_Familia_Cali,2024,70.0,0.95,4,0,305,0
CAL-09851,CALI,VIF,Comisaria_1_Familia_Cali,2020,70.0,1.25,1,0,418,1
CAL-09852,CALI,VIF,Comisaria_3_Familia_Cali,2024,70.0,0.9,3,1,539,1
CAL-09853,CALI,ALIMENTOS,Juzgado_Penal_Municipal_1_Cali,2021,70.0,1.35,2,0,536,1
CAL-09854,CALI,ALIMENTOS,Comisaria_3_Familia_Cali,2023,70.0,0.9,4,0,466,1
CAL-09855,CALI,VIF,Juzgado_1_Familia_Cali,2022,70.0,1.45,2,0,453,1
CAL-09856,CALI,SUSTANCIAS,Juzgado_Penal_Municipal_2_Cali,2024,70.0,1.15,4,0,364,0
CAL-09857,CALI,ALIMENTOS,Comisaria_2_Familia_Cali,2022,70.0,1.1,4,0,475,1
CAL-09858,CALI,HURTO_PATRIMONIAL,Juzgado_4_Familia_Cali,2024,70.0,1.1,4,1,695,1
CAL-09859,CALI,VIF,Juzgado_5_Familia_Cali,2021,70.0,0.95,16,0,463,1
CAL-09860,CALI,VIF,Comisaria_2_Familia_Cali,2023,70.0,1.1,2,0,391,1
CAL-09861,CALI,HURTO_PATRIMONIAL,Juzgado_Penal_Municipal_2_Cali,2022,70.0,1.15,5,1,722,1
CAL-09862,CALI,VIF,Juzgado_5_Familia_Cali,2020,70.0,0.95,3,0,358,1
CAL-09863,CALI,ALIMENTOS,Juzgado_3_Familia_Cali,2020,70.0,1.2,3,1,658,1
CAL-09864,CALI,HURTO_PATRIMONIAL,Juzgado_3_Familia_Cali,2024,70.0,1.2,2,1,671,1
CAL-09865,CALI,ALIMENTOS,Juzgado_5_Familia_Cali,2024,70.0,0.95,6,1,623,1
CAL-09866,CALI,VIF,Comisaria_2_Familia_Cali,2023,70.0,1.1,3,0,399,1
CAL-09867,CALI,VIF,Juzgado_2_Familia_Cali,2021,70.0,1.3,13,1,666,1
CAL-09868,CALI,ALIMENTOS,Comisaria_3_Familia_Cali,2021,70.0,0.9,8,0,474,1
CAL-09869,CALI,ALIMENTOS,Juzgado_5_Familia_Cali,2020,70.0,0.95,7,0,471,1
CAL-09870,CALI,ALIMENTOS,Comisaria_2_Familia_Cali,2022,70.0,1.1,4,0,465,1
CAL-09871,CALI,ALIMENTOS,Juzgado_Penal_Municipal_2_Cali,2021,70.0,1.15,7,1,666,1
CAL-09872,CALI,VIF,Juzgado_4_Familia_Cali,2022,70.0,1.1,3,1,568,1
CAL-09873,CALI,VIF,Juzgado_3_Familia_Cali,2023,70.0,1.2,5,0,450,1
CAL-09874,CALI,SUSTANCIAS,Comisaria_1_Familia_Cali,2021,70.0,1.25,4,1,607,1
CAL-09875,CALI,VIF,Comisaria_1_Familia_Cali,2022,70.0,1.25,9,0,486,1
CAL-09876,CALI,ALIMENTOS,Comisaria_3_Familia_Cali,2023,70.0,0.9,1,0,413,1
CAL-09877,CALI,VIF,Juzgado_2_Familia_Cali,2022,70.0,1.3,2,0,441,1
CAL-09878,CALI,ALIMENTOS,Juzgado_Penal_Municipal_2_Cali,2023,70.0,1.15,3,1,649,1
CAL-09879,CALI,VIF,Juzgado_4_Familia_Cali,2023,70.0,1.1,11,0,460,1
CAL-09880,CALI,ALIMENTOS,Comisaria_1_Familia_Cali,2023,70.0,1.25,3,0,508,1
CAL-09881,CALI,ALIMENTOS,Juzgado_3_Familia_Cali,2024,70.0,1.2,10,1,712,1
CAL-09882,CALI,SUSTANCIAS,Comisaria_2_Familia_Cali,2024,70.0,1.1,4,0,470,1
CAL-09883,CALI,ALIMENTOS,Comisaria_3_Familia_Cali,2024,70.0,0.9,6,1,398,0
CAL-09884,CALI,ALIMENTOS,Juzgado_Penal_Municipal_1_Cali,2022,70.0,1.35,2,1,704,1
CAL-09885,CALI,ALIMENTOS,Juzgado_Penal_Municipal_2_Cali,2024,70.0,1.15,4,0,509,1
CAL-09886,CALI,VIF,Comisaria_3_Familia_Cali,2021,70.0,0.9,3,0,348,1
CAL-09887,CALI,HURTO_PATRIMONIAL,Comisaria_1_Familia_Cali,2024,70.0,1.25,3,0,587,1
CAL-09888,CALI,VIF,Juzgado_Penal_Municipal_2_Cali,2024,70.0,1.15,1,0,402,1
CAL-09889,CALI,HURTO_PATRIMONIAL,Juzgado_3_Familia_Cali,2023,70.0,1.2,4,0,549,1
CAL-09890,CALI,ALIMENTOS,Comisaria_1_Familia_Cali,2024,70.0,1.25,4,0,548,1
CAL-09891,CALI,ALIMENTOS,Juzgado_Penal_Municipal_1_Cali,2024,70.0,1.35,3,1,709,1
CAL-09892,CALI,ALIMENTOS,Comisaria_2_Familia_Cali,2022,70.0,1.1,4,1,655,1
CAL-09893,CALI,ALIMENTOS,Juzgado_4_Familia_Cali,2021,70.0,1.1,5,0,492,1
CAL-09894,CALI,VIF,Juzgado_Penal_Municipal_2_Cali,2022,70.0,1.15,6,0,465,1
CAL-09895,CALI,HURTO_PATRIMONIAL,Juzgado_Penal_Municipal_2_Cali,2023,70.0,1.15,3,1,717,1
CAL-09896,CALI,VIF,Juzgado_Penal_Municipal_2_Cali,2020,70.0,1.15,12,0,476,1
CAL-09897,CALI,ALIMENTOS,Comisaria_2_Familia_Cali,2021,70.0,1.1,3,1,621,1
CAL-09898,CALI,ALIMENTOS,Juzgado_1_Familia_Cali,2024,70.0,1.45,1,1,713,1
CAL-09899,CALI,HURTO_PATRIMONIAL,Juzgado_2_Familia_Cali,2022,70.0,1.3,3,0,617,1
CAL-09900,CALI,ALIMENTOS,Comisaria_3_Familia_Cali,2020,70.0,0.9,1,0,394,1
CAL-09901,CALI,VIF,Comisaria_2_Familia_Cali,2023,70.0,1.1,1,0,378,1
CAL-09902,CALI,SUSTANCIAS,Comisaria_1_Familia_Cali,2023,70.0,1.25,7,0,494,1
CAL-09903,CALI,ALIMENTOS,Juzgado_1_Familia_Cali,2022,70.0,1.45,4,0,590,1
CAL-09904,CALI,ALIMENTOS,Comisaria_2_Familia_Cali,2022,70.0,1.1,6,0,511,1
CAL-09905,CALI,SUSTANCIAS,Juzgado_5_Familia_Cali,2023,70.0,0.95,5,0,393,0
CAL-09906,CALI,VIF,Juzgado_Penal_Municipal_2_Cali,2024,70.0,1.15,3,0,294,0
CAL-09907,CALI,VIF,Juzgado_Penal_Municipal_1_Cali,2023,70.0,1.35,1,0,279,0
CAL-09908,CALI,ALIMENTOS,Juzgado_Penal_Municipal_1_Cali,2023,70.0,1.35,2,1,699,1
CAL-09909,CALI,ALIMENTOS,Comisaria_1_Familia_Cali,2020,70.0,1.25,7,0,546,1
CAL-09910,CALI,ALIMENTOS,Comisaria_2_Familia_Cali,2023,70.0,1.1,11,0,387,0
CAL-09911,CALI,SUSTANCIAS,Comisaria_3_Familia_Cali,2024,70.0,0.9,5,0,370,1
CAL-09912,CALI,ALIMENTOS,Juzgado_4_Familia_Cali,2020,70.0,1.1,3,0,445,1
CAL-09913,CALI,ALIMENTOS,Juzgado_4_Familia_Cali,2021,70.0,1.1,13,1,709,1
CAL-09914,CALI,ALIMENTOS,Comisaria_2_Familia_Cali,2024,70.0,1.1,1,1,631,1
CAL-09915,CALI,VIF,Juzgado_2_Familia_Cali,2021,70.0,1.3,2,0,418,1
CAL-09916,CALI,VIF,Comisaria_2_Familia_Cali,2022,70.0,1.1,3,0,423,1
CAL-09917,CALI,VIF,Comisaria_1_Familia_Cali,2022,70.0,1.25,1,0,435,1
CAL-09918,CALI,VIF,Juzgado_Penal_Municipal_2_Cali,2024,70.0,1.15,2,0,422,1
CAL-09919,CALI,VIF,Juzgado_Penal_Municipal_1_Cali,2022,70.0,1.35,2,1,598,1
CAL-09920,CALI,SUSTANCIAS,Juzgado_5_Familia_Cali,2023,70.0,0.95,11,0,456,1
CAL-09921,CALI,ALIMENTOS,Comisaria_2_Familia_Cali,2021,70.0,1.1,3,0,484,1
CAL-09922,CALI,VIF,Juzgado_2_Familia_Cali,2021,70.0,1.3,2,0,407,1
CAL-09923,CALI,ALIMENTOS,Comisaria_3_Familia_Cali,2021,70.0,0.9,3,1,592,1
CAL-09924,CALI,VIF,Juzgado_4_Familia_Cali,2021,70.0,1.1,2,0,369,1
CAL-09925,CALI,ALIMENTOS,Juzgado_5_Familia_Cali,2024,70.0,0.95,5,1,619,1
CAL-09926,CALI,HURTO_PATRIMONIAL,Juzgado_3_Familia_Cali,2021,70.0,1.2,2,1,712,1
CAL-09927,CALI,SUSTANCIAS,Juzgado_5_Familia_Cali,2022,70.0,0.95,1,0,370,1
CAL-09928,CALI,HURTO_PATRIMONIAL,Juzgado_4_Familia_Cali,2021,70.0,1.1,4,1,670,1
CAL-09929,CALI,VIF,Juzgado_1_Familia_Cali,2021,70.0,1.45,2,1,329,0
CAL-09930,CALI,ALIMENTOS,Juzgado_3_Familia_Cali,2023,70.0,1.2,5,0,497,1
CAL-09931,CALI,ALIMENTOS,Juzgado_4_Familia_Cali,2020,70.0,1.1,3,0,450,1
CAL-09932,CALI,VIF,Juzgado_1_Familia_Cali,2021,70.0,1.45,4,0,469,1
CAL-09933,CALI,VIF,Juzgado_Penal_Municipal_1_Cali,2024,70.0,1.35,3,0,459,1
CAL-09934,CALI,VIF,Juzgado_4_Familia_Cali,2021,70.0,1.1,3,0,286,0
CAL-09935,CALI,VIF,Juzgado_1_Familia_Cali,2024,70.0,1.45,9,0,538,1
CAL-09936,CALI,VIF,Juzgado_4_Familia_Cali,2024,70.0,1.1,5,1,597,1
CAL-09937,CALI,ALIMENTOS,Comisaria_3_Familia_Cali,2024,70.0,0.9,3,1,607,1
CAL-09938,CALI,ALIMENTOS,Juzgado_1_Familia_Cali,2021,70.0,1.45,6,1,399,0
CAL-09939,CALI,ALIMENTOS,Juzgado_5_Familia_Cali,2023,70.0,0.95,5,0,447,1
CAL-09940,CALI,ALIMENTOS,Juzgado_3_Familia_Cali,2023,70.0,1.2,5,1,394,0
CAL-09941,CALI,ALIMENTOS,Juzgado_4_Familia_Cali,2024,70.0,1.1,3,0,453,1
CAL-09942,CALI,ALIMENTOS,Juzgado_4_Familia_Cali,2024,70.0,1.1,5,1,656,1
CAL-09943,CALI,ALIMENTOS,Juzgado_1_Familia_Cali,2023,70.0,1.45,13,0,693,1
CAL-09944,CALI,HURTO_PATRIMONIAL,Juzgado_Penal_Municipal_2_Cali,2024,70.0,1.15,8,0,582,1
CAL-09945,CALI,VIF,Juzgado_3_Familia_Cali,2024,70.0,1.2,1,0,398,1
CAL-09946,CALI,VIF,Comisaria_1_Familia_Cali,2024,70.0,1.25,5,0,443,1
CAL-09947,CALI,VIF,Juzgado_Penal_Municipal_2_Cali,2024,70.0,1.15,5,1,586,1
CAL-09948,CALI,SUSTANCIAS,Juzgado_2_Familia_Cali,2024,70.0,1.3,10,0,536,1
CAL-09949,CALI,ALIMENTOS,Juzgado_5_Familia_Cali,2022,70.0,0.95,1,0,373,1
CAL-09950,CALI,ALIMENTOS,Juzgado_2_Familia_Cali,2023,70.0,1.3,2,1,662,1
CAL-09951,CALI,ALIMENTOS,Juzgado_4_Familia_Cali,2024,70.0,1.1,1,1,625,1
CAL-09952,CALI,ALIMENTOS,Juzgado_2_Familia_Cali,2020,70.0,1.3,2,0,539,1
CAL-09953,CALI,VIF,Comisaria_1_Familia_Cali,2024,70.0,1.25,2,1,564,1
CAL-09954,CALI,SUSTANCIAS,Juzgado_2_Familia_Cali,2024,70.0,1.3,8,0,516,1
CAL-09955,CALI,VIF,Juzgado_5_Familia_Cali,2024,70.0,0.95,1,0,380,1
CAL-09956,CALI,VIF,Juzgado_5_Familia_Cali,2024,70.0,0.95,4,0,389,1
CAL-09957,CALI,VIF,Comisaria_3_Familia_Cali,2021,70.0,0.9,1,1,479,1
CAL-09958,CALI,ALIMENTOS,Juzgado_1_Familia_Cali,2024,70.0,1.45,6,0,604,1
CAL-09959,CALI,VIF,Juzgado_Penal_Municipal_2_Cali,2023,70.0,1.15,4,0,446,1
CAL-09960,CALI,VIF,Juzgado_2_Familia_Cali,2023,70.0,1.3,4,0,443,1
CAL-09961,CALI,VIF,Comisaria_1_Familia_Cali,2023,70.0,1.25,1,0,414,1
CAL-09962,CALI,ALIMENTOS,Juzgado_4_Familia_Cali,2024,70.0,1.1,11,0,576,1
CAL-09963,CALI,HURTO_PATRIMONIAL,Juzgado_Penal_Municipal_2_Cali,2023,70.0,1.15,7,0,555,1
CAL-09964,CALI,ALIMENTOS,Juzgado_3_Familia_Cali,2024,70.0,1.2,4,0,521,1
CAL-09965,CALI,VIF,Comisaria_2_Familia_Cali,2020,70.0,1.1,3,0,405,1
CAL-09966,CALI,VIF,Comisaria_1_Familia_Cali,2024,70.0,1.25,3,0,449,1
CAL-09967,CALI,HURTO_PATRIMONIAL,Comisaria_2_Familia_Cali,2024,70.0,1.1,2,1,708,1
CAL-09968,CALI,VIF,Comisaria_2_Familia_Cali,2020,70.0,1.1,14,0,492,1
CAL-09969,CALI,VIF,Comisaria_3_Familia_Cali,2020,70.0,0.9,6,0,318,0
CAL-09970,CALI,HURTO_PATRIMONIAL,Juzgado_1_Familia_Cali,2022,70.0,1.45,1,1,565,0
CAL-09971,CALI,ALIMENTOS,Juzgado_3_Familia_Cali,2022,70.0,1.2,4,0,502,1
CAL-09972,CALI,ALIMENTOS,Comisaria_2_Familia_Cali,2022,70.0,1.1,12,1,685,1
CAL-09973,CALI,SUSTANCIAS,Juzgado_4_Familia_Cali,2022,70.0,1.1,7,0,433,1
CAL-09974,CALI,VIF,Comisaria_3_Familia_Cali,2022,70.0,0.9,4,1,520,1
CAL-09975,CALI,ALIMENTOS,Comisaria_1_Familia_Cali,2024,70.0,1.25,6,0,556,1
CAL-09976,CALI,SUSTANCIAS,Juzgado_Penal_Municipal_2_Cali,2023,70.0,1.15,6,0,472,1
CAL-09977,CALI,VIF,Juzgado_2_Familia_Cali,2020,70.0,1.3,4,0,431,1
CAL-09978,CALI,VIF,Comisaria_2_Familia_Cali,2023,70.0,1.1,3,0,425,1
CAL-09979,CALI,SUSTANCIAS,Juzgado_2_Familia_Cali,2022,70.0,1.3,6,0,518,1
CAL-09980,CALI,VIF,Comisaria_3_Familia_Cali,2024,70.0,0.9,8,0,416,1
CAL-09981,CALI,VIF,Juzgado_3_Familia_Cali,2023,70.0,1.2,16,0,550,1
CAL-09982,CALI,HURTO_PATRIMONIAL,Juzgado_2_Familia_Cali,2022,70.0,1.3,9,0,639,1
CAL-09983,CALI,SUSTANCIAS,Juzgado_4_Familia_Cali,2021,70.0,1.1,3,0,428,1
CAL-09984,CALI,ALIMENTOS,Juzgado_5_Familia_Cali,2022,70.0,0.95,5,0,253,0
CAL-09985,CALI,ALIMENTOS,Juzgado_Penal_Municipal_1_Cali,2024,70.0,1.35,18,1,690,0
CAL-09986,CALI,HURTO_PATRIMONIAL,Juzgado_3_Familia_Cali,2021,70.0,1.2,2,1,555,0
CAL-09987,CALI,ALIMENTOS,Juzgado_4_Familia_Cali,2020,70.0,1.1,4,1,615,1
CAL-09988,CALI,ALIMENTOS,Juzgado_Penal_Municipal_2_Cali,2023,70.0,1.15,3,0,492,1
CAL-09989,CALI,ALIMENTOS,Comisaria_3_Familia_Cali,2024,70.0,0.9,9,1,640,1
CAL-09990,CALI,HURTO_PATRIMONIAL,Juzgado_Penal_Municipal_1_Cali,2022,70.0,1.35,1,0,590,1
CAL-09991,CALI,HURTO_PATRIMONIAL,Comisaria_1_Familia_Cali,2023,70.0,1.25,12,0,610,1
CAL-09992,CALI,ALIMENTOS,Comisaria_2_Familia_Cali,2024,70.0,1.1,5,0,521,1
CAL-09993,CALI,ALIMENTOS,Comisaria_2_Familia_Cali,2020,70.0,1.1,4,0,505,1
CAL-09994,CALI,VIF,Juzgado_Penal_Municipal_1_Cali,2024,70.0,1.35,5,1,621,1
CAL-09995,CALI,VIF,Comisaria_2_Familia_Cali,2022,70.0,1.1,13,0,513,1
CAL-09996,CALI,VIF,Comisaria_1_Familia_Cali,2023,70.0,1.25,12,0,523,1
CAL-09997,CALI,ALIMENTOS,Juzgado_1_Familia_Cali,2023,70.0,1.45,3,1,723,1
CAL-09998,CALI,ALIMENTOS,Juzgado_Penal_Municipal_2_Cali,2022,70.0,1.15,1,1,629,1
CAL-09999,CALI,HURTO_PATRIMONIAL,Comisaria_2_Familia_Cali,2021,70.0,1.1,10,0,560,1
CAL-10000,CALI,ALIMENTOS,Comisaria_2_Familia_Cali,2021,70.0,1.1,6,0,463,1
