expediente_id,municipio,tipo_proceso,despacho,anio_radicacion,ivf_score,carga_despacho,n_audiencias,apelacion,duracion_dias,terminado,tipo_proceso_enc,despacho_enc,duracion_estimada,p75_duracion,riesgo
CAL-00389,CALI,VIF,Juzgado_1_Familia_Cali,2022,70.0,1.45,13,1,720,1,3,3,684,525.5,Medio
CAL-06011,CALI,VIF,Juzgado_1_Familia_Cali,2022,70.0,1.45,13,1,707,1,3,3,684,525.5,Medio
CAL-01378,CALI,VIF,Juzgado_2_Familia_Cali,2022,70.0,1.3,12,1,683,1,3,4,674,506.0,Medio
CAL-05644,CALI,VIF,Juzgado_Penal_Municipal_1_Cali,2022,70.0,1.35,13,1,710,1,3,8,674,508.0,Medio
CAL-03031,CALI,ALIMENTOS,Comisaria_2_Familia_Cali,2021,70.0,1.1,10,1,700,1,0,1,673,622.75,Medio
CAL-06170,CALI,ALIMENTOS,Comisaria_2_Familia_Cali,2021,70.0,1.1,10,1,696,1,0,1,673,622.75,Medio
CAL-04490,CALI,ALIMENTOS,Comisaria_2_Familia_Cali,2021,70.0,1.1,11,1,693,1,0,1,665,622.75,Medio
CAL-08567,CALI,VIF,Juzgado_Penal_Municipal_1_Cali,2022,70.0,1.35,12,1,683,1,3,8,664,508.0,Medio
CAL-04563,CALI,VIF,Juzgado_1_Familia_Cali,2021,70.0,1.45,10,1,702,1,3,3,663,525.5,Medio
CAL-09752,CALI,VIF,Juzgado_1_Familia_Cali,2024,70.0,1.45,13,1,713,1,3,3,663,525.5,Medio
CAL-09972,CALI,ALIMENTOS,Comisaria_2_Familia_Cali,2022,70.0,1.1,12,1,685,1,0,1,663,622.75,Medio
CAL-09867,CALI,VIF,Juzgado_2_Familia_Cali,2021,70.0,1.3,13,1,666,1,3,4,662,506.0,Medio
CAL-03605,CALI,VIF,Juzgado_2_Familia_Cali,2023,70.0,1.3,12,1,689,1,3,4,661,506.0,Medio
CAL-01266,CALI,VIF,Juzgado_2_Familia_Cali,2024,70.0,1.3,13,1,680,1,3,4,660,506.0,Medio
CAL-07567,CALI,ALIMENTOS,Juzgado_4_Familia_Cali,2021,70.0,1.1,11,1,708,1,0,6,659,624.0,Medio
CAL-00071,CALI,VIF,Juzgado_Penal_Municipal_1_Cali,2024,70.0,1.35,14,1,369,0,3,8,657,508.0,Medio
CAL-00536,CALI,ALIMENTOS,Comisaria_1_Familia_Cali,2024,70.0,1.25,3,1,678,1,0,0,657,656.75,Medio
CAL-02031,CALI,ALIMENTOS,Comisaria_1_Familia_Cali,2024,70.0,1.25,3,1,369,0,0,0,657,656.75,Medio
CAL-02120,CALI,ALIMENTOS,Comisaria_1_Familia_Cali,2024,70.0,1.25,3,1,678,1,0,0,657,656.75,Medio
CAL-02692,CALI,VIF,Comisaria_2_Familia_Cali,2024,70.0,1.1,13,1,669,1,3,1,657,482.0,Medio
CAL-02869,CALI,ALIMENTOS,Comisaria_1_Familia_Cali,2024,70.0,1.25,3,1,668,1,0,0,657,656.75,Medio
CAL-03315,CALI,ALIMENTOS,Comisaria_1_Familia_Cali,2024,70.0,1.25,3,1,712,1,0,0,657,656.75,Medio
CAL-05196,CALI,ALIMENTOS,Comisaria_1_Familia_Cali,2023,70.0,1.25,3,1,673,1,0,0,657,656.75,Medio
CAL-05343,CALI,ALIMENTOS,Comisaria_1_Familia_Cali,2024,70.0,1.25,3,1,433,0,0,0,657,656.75,Medio
CAL-05677,CALI,ALIMENTOS,Comisaria_1_Familia_Cali,2024,70.0,1.25,3,1,540,0,0,0,657,656.75,Medio
CAL-06955,CALI,ALIMENTOS,Comisaria_1_Familia_Cali,2024,70.0,1.25,3,1,685,1,0,0,657,656.75,Medio
CAL-07979,CALI,ALIMENTOS,Comisaria_1_Familia_Cali,2024,70.0,1.25,3,1,707,1,0,0,657,656.75,Medio
CAL-08021,CALI,ALIMENTOS,Comisaria_1_Familia_Cali,2023,70.0,1.25,3,1,687,1,0,0,657,656.75,Medio
CAL-08147,CALI,ALIMENTOS,Comisaria_1_Familia_Cali,2024,70.0,1.25,3,1,687,1,0,0,657,656.75,Medio
CAL-08885,CALI,ALIMENTOS,Comisaria_1_Familia_Cali,2023,70.0,1.25,3,1,696,1,0,0,657,656.75,Medio
CAL-09611,CALI,ALIMENTOS,Comisaria_1_Familia_Cali,2023,70.0,1.25,3,1,688,1,0,0,657,656.75,Medio
CAL-09641,CALI,ALIMENTOS,Comisaria_1_Familia_Cali,2024,70.0,1.25,3,1,646,1,0,0,657,656.75,Medio
CAL-02051,CALI,ALIMENTOS,Juzgado_Penal_Municipal_2_Cali,2021,70.0,1.15,10,1,690,1,0,9,656,633.0,Medio
CAL-03652,CALI,ALIMENTOS,Comisaria_3_Familia_Cali,2023,70.0,0.9,11,1,637,1,0,2,656,582.0,Medio
CAL-04475,CALI,ALIMENTOS,Juzgado_Penal_Municipal_2_Cali,2022,70.0,1.15,10,1,709,1,0,9,656,633.0,Medio
CAL-04979,CALI,ALIMENTOS,Comisaria_3_Familia_Cali,2024,70.0,0.9,11,1,660,1,0,2,656,582.0,Medio
CAL-05951,CALI,VIF,Juzgado_Penal_Municipal_1_Cali,2021,70.0,1.35,10,1,685,1,3,8,656,508.0,Medio
CAL-08362,CALI,ALIMENTOS,Comisaria_3_Familia_Cali,2024,70.0,0.9,11,1,629,1,0,2,656,582.0,Medio
CAL-07098,CALI,HURTO_PATRIMONIAL,Juzgado_1_Familia_Cali,2021,70.0,1.45,12,0,725,1,1,3,653,648.75,Medio
CAL-00797,CALI,ALIMENTOS,Comisaria_3_Familia_Cali,2024,70.0,0.9,10,1,678,1,0,2,652,582.0,Medio
CAL-04498,CALI,ALIMENTOS,Comisaria_3_Familia_Cali,2024,70.0,0.9,10,1,672,1,0,2,652,582.0,Medio
CAL-07002,CALI,ALIMENTOS,Juzgado_Penal_Municipal_2_Cali,2022,70.0,1.15,11,1,708,1,0,9,652,633.0,Medio
CAL-09035,CALI,ALIMENTOS,Comisaria_3_Familia_Cali,2023,70.0,0.9,10,1,694,1,0,2,652,582.0,Medio
CAL-00986,CALI,ALIMENTOS,Juzgado_4_Familia_Cali,2021,70.0,1.1,7,1,653,1,0,6,651,624.0,Medio
CAL-04448,CALI,VIF,Juzgado_1_Familia_Cali,2024,70.0,1.45,12,1,573,0,3,3,651,525.5,Medio
CAL-09219,CALI,ALIMENTOS,Juzgado_5_Familia_Cali,2023,70.0,0.95,10,1,658,1,0,7,651,594.0,Medio
CAL-00195,CALI,VIF,Comisaria_1_Familia_Cali,2023,70.0,1.25,12,1,677,1,3,0,650,486.0,Medio
CAL-00954,CALI,ALIMENTOS,Comisaria_3_Familia_Cali,2024,70.0,0.9,13,1,690,1,0,2,650,582.0,Medio
CAL-01764,CALI,ALIMENTOS,Juzgado_Penal_Municipal_2_Cali,2022,70.0,1.15,7,1,686,1,0,9,650,633.0,Medio
CAL-03158,CALI,HURTO_PATRIMONIAL,Juzgado_1_Familia_Cali,2020,70.0,1.45,13,0,714,1,1,3,650,648.75,Medio
CAL-04088,CALI,ALIMENTOS,Juzgado_Penal_Municipal_2_Cali,2022,70.0,1.15,7,1,693,1,0,9,650,633.0,Medio
CAL-04210,CALI,ALIMENTOS,Juzgado_4_Familia_Cali,2022,70.0,1.1,11,1,679,1,0,6,650,624.0,Medio
CAL-04463,CALI,ALIMENTOS,Juzgado_4_Familia_Cali,2022,70.0,1.1,11,1,698,1,0,6,650,624.0,Medio
CAL-05499,CALI,ALIMENTOS,Juzgado_Penal_Municipal_2_Cali,2022,70.0,1.15,7,1,713,1,0,9,650,633.0,Medio
CAL-06309,CALI,VIF,Comisaria_1_Familia_Cali,2024,70.0,1.25,12,1,679,1,3,0,650,486.0,Medio
CAL-07545,CALI,ALIMENTOS,Juzgado_Penal_Municipal_2_Cali,2022,70.0,1.15,7,1,676,1,0,9,650,633.0,Medio
CAL-05818,CALI,VIF,Juzgado_Penal_Municipal_2_Cali,2021,70.0,1.15,14,1,666,1,3,9,649,483.0,Medio
CAL-09059,CALI,ALIMENTOS,Comisaria_3_Familia_Cali,2021,70.0,0.9,13,1,673,1,0,2,649,582.0,Medio
CAL-00781,CALI,VIF,Juzgado_1_Familia_Cali,2020,70.0,1.45,10,1,686,1,3,3,648,525.5,Medio
CAL-01441,CALI,ALIMENTOS,Juzgado_2_Familia_Cali,2020,70.0,1.3,4,1,715,1,0,4,648,641.0,Medio
CAL-03104,CALI,ALIMENTOS,Juzgado_Penal_Municipal_2_Cali,2020,70.0,1.15,11,1,719,1,0,9,648,633.0,Medio
CAL-03223,CALI,ALIMENTOS,Juzgado_2_Familia_Cali,2020,70.0,1.3,4,1,675,1,0,4,648,641.0,Medio
CAL-03733,CALI,ALIMENTOS,Juzgado_Penal_Municipal_2_Cali,2020,70.0,1.15,11,1,711,1,0,9,648,633.0,Medio
CAL-04767,CALI,SUSTANCIAS,Juzgado_1_Familia_Cali,2021,70.0,1.45,8,1,678,1,2,3,648,558.75,Medio
CAL-06061,CALI,ALIMENTOS,Comisaria_2_Familia_Cali,2021,70.0,1.1,9,1,688,1,0,1,648,622.75,Medio
CAL-09913,CALI,ALIMENTOS,Juzgado_4_Familia_Cali,2021,70.0,1.1,13,1,709,1,0,6,648,624.0,Medio
CAL-02824,CALI,ALIMENTOS,Juzgado_2_Familia_Cali,2020,70.0,1.3,3,1,680,1,0,4,647,641.0,Medio
CAL-05711,CALI,ALIMENTOS,Juzgado_2_Familia_Cali,2020,70.0,1.3,3,1,682,1,0,4,647,641.0,Medio
CAL-08364,CALI,ALIMENTOS,Comisaria_3_Familia_Cali,2022,70.0,0.9,11,1,696,1,0,2,647,582.0,Medio
CAL-03750,CALI,ALIMENTOS,Juzgado_4_Familia_Cali,2020,70.0,1.1,7,1,644,1,0,6,645,624.0,Medio
CAL-00311,CALI,HURTO_PATRIMONIAL,Juzgado_Penal_Municipal_2_Cali,2023,70.0,1.15,2,1,693,1,1,9,644,620.5,Medio
CAL-00697,CALI,HURTO_PATRIMONIAL,Juzgado_Penal_Municipal_2_Cali,2023,70.0,1.15,2,1,690,1,1,9,644,620.5,Medio
CAL-01722,CALI,VIF,Juzgado_4_Familia_Cali,2023,70.0,1.1,14,1,672,1,3,6,644,471.5,Medio
CAL-02461,CALI,HURTO_PATRIMONIAL,Juzgado_Penal_Municipal_2_Cali,2023,70.0,1.15,2,1,694,1,1,9,644,620.5,Medio
CAL-03498,CALI,HURTO_PATRIMONIAL,Juzgado_Penal_Municipal_2_Cali,2024,70.0,1.15,2,1,610,0,1,9,644,620.5,Medio
CAL-04482,CALI,VIF,Juzgado_4_Familia_Cali,2024,70.0,1.1,14,1,640,1,3,6,644,471.5,Medio
CAL-05308,CALI,VIF,Comisaria_1_Familia_Cali,2021,70.0,1.25,12,1,669,1,3,0,644,486.0,Medio
CAL-07461,CALI,ALIMENTOS,Juzgado_4_Familia_Cali,2022,70.0,1.1,12,1,725,1,0,6,644,624.0,Medio
CAL-09088,CALI,HURTO_PATRIMONIAL,Juzgado_Penal_Municipal_2_Cali,2024,70.0,1.15,2,1,692,1,1,9,644,620.5,Medio
CAL-09156,CALI,ALIMENTOS,Comisaria_3_Familia_Cali,2021,70.0,0.9,12,1,649,1,0,2,644,582.0,Medio
CAL-09323,CALI,HURTO_PATRIMONIAL,Juzgado_Penal_Municipal_2_Cali,2024,70.0,1.15,2,1,394,0,1,9,644,620.5,Medio
CAL-09751,CALI,HURTO_PATRIMONIAL,Juzgado_Penal_Municipal_2_Cali,2024,70.0,1.15,2,1,584,0,1,9,644,620.5,Medio
CAL-00130,CALI,ALIMENTOS,Juzgado_4_Familia_Cali,2024,70.0,1.1,7,1,669,1,0,6,643,624.0,Medio
CAL-00983,CALI,HURTO_PATRIMONIAL,Juzgado_Penal_Municipal_2_Cali,2023,70.0,1.15,3,1,709,1,1,9,643,620.5,Medio
CAL-01232,CALI,ALIMENTOS,Juzgado_4_Familia_Cali,2024,70.0,1.1,7,1,691,1,0,6,643,624.0,Medio
CAL-01434,CALI,HURTO_PATRIMONIAL,Juzgado_Penal_Municipal_2_Cali,2023,70.0,1.15,3,1,708,1,1,9,643,620.5,Medio
CAL-02397,CALI,ALIMENTOS,Juzgado_4_Familia_Cali,2024,70.0,1.1,7,1,696,1,0,6,643,624.0,Medio
CAL-02713,CALI,ALIMENTOS,Juzgado_4_Familia_Cali,2023,70.0,1.1,7,1,683,1,0,6,643,624.0,Medio
CAL-03290,CALI,HURTO_PATRIMONIAL,Juzgado_Penal_Municipal_2_Cali,2024,70.0,1.15,3,1,706,1,1,9,643,620.5,Medio
CAL-03332,CALI,HURTO_PATRIMONIAL,Juzgado_Penal_Municipal_2_Cali,2024,70.0,1.15,3,1,391,0,1,9,643,620.5,Medio
CAL-04188,CALI,ALIMENTOS,Juzgado_4_Familia_Cali,2023,70.0,1.1,7,1,692,1,0,6,643,624.0,Medio
CAL-04300,CALI,ALIMENTOS,Juzgado_Penal_Municipal_2_Cali,2022,70.0,1.15,6,1,673,1,0,9,643,633.0,Medio
CAL-04647,CALI,SUSTANCIAS,Juzgado_1_Familia_Cali,2020,70.0,1.45,9,1,723,1,2,3,643,558.75,Medio
CAL-04700,CALI,ALIMENTOS,Juzgado_4_Familia_Cali,2023,70.0,1.1,7,1,667,1,0,6,643,624.0,Medio
CAL-05820,CALI,ALIMENTOS,Juzgado_4_Familia_Cali,2024,70.0,1.1,7,1,680,1,0,6,643,624.0,Medio
CAL-06084,CALI,HURTO_PATRIMONIAL,Juzgado_Penal_Municipal_2_Cali,2023,70.0,1.15,3,1,692,1,1,9,643,620.5,Medio
CAL-06393,CALI,ALIMENTOS,Juzgado_4_Familia_Cali,2024,70.0,1.1,7,1,654,1,0,6,643,624.0,Medio
CAL-08295,CALI,ALIMENTOS,Juzgado_Penal_Municipal_2_Cali,2022,70.0,1.15,6,1,681,1,0,9,643,633.0,Medio
CAL-09895,CALI,HURTO_PATRIMONIAL,Juzgado_Penal_Municipal_2_Cali,2023,70.0,1.15,3,1,717,1,1,9,643,620.5,Medio
CAL-00358,CALI,ALIMENTOS,Juzgado_4_Familia_Cali,2021,70.0,1.1,6,1,681,1,0,6,641,624.0,Medio
CAL-00483,CALI,ALIMENTOS,Comisaria_2_Familia_Cali,2021,70.0,1.1,8,1,676,1,0,1,641,622.75,Medio
CAL-00553,CALI,ALIMENTOS,Comisaria_2_Familia_Cali,2021,70.0,1.1,8,1,692,1,0,1,641,622.75,Medio
CAL-03183,CALI,VIF,Comisaria_2_Familia_Cali,2021,70.0,1.1,12,1,632,1,3,1,641,482.0,Medio
CAL-07000,CALI,ALIMENTOS,Comisaria_2_Familia_Cali,2021,70.0,1.1,8,1,687,1,0,1,641,622.75,Medio
CAL-08013,CALI,SUSTANCIAS,Juzgado_2_Familia_Cali,2022,70.0,1.3,10,1,676,1,2,4,641,526.5,Medio
CAL-00456,CALI,ALIMENTOS,Juzgado_4_Familia_Cali,2020,70.0,1.1,6,1,654,1,0,6,640,624.0,Medio
CAL-02267,CALI,ALIMENTOS,Juzgado_4_Familia_Cali,2020,70.0,1.1,6,1,687,1,0,6,640,624.0,Medio
CAL-03023,CALI,ALIMENTOS,Comisaria_2_Familia_Cali,2024,70.0,1.1,10,1,718,1,0,1,640,622.75,Medio
CAL-04286,CALI,ALIMENTOS,Juzgado_5_Familia_Cali,2024,70.0,0.95,11,1,697,1,0,7,640,594.0,Medio
CAL-04310,CALI,VIF,Comisaria_1_Familia_Cali,2022,70.0,1.25,12,1,663,1,3,0,640,486.0,Medio
CAL-05889,CALI,ALIMENTOS,Comisaria_2_Familia_Cali,2023,70.0,1.1,10,1,713,1,0,1,640,622.75,Medio
CAL-06423,CALI,HURTO_PATRIMONIAL,Juzgado_Penal_Municipal_2_Cali,2022,70.0,1.15,2,1,692,1,1,9,640,620.5,Medio
CAL-09441,CALI,ALIMENTOS,Juzgado_4_Familia_Cali,2020,70.0,1.1,6,1,652,1,0,6,640,624.0,Medio
CAL-00015,CALI,ALIMENTOS,Juzgado_4_Familia_Cali,2024,70.0,1.1,10,1,388,0,0,6,639,624.0,Medio
CAL-00359,CALI,VIF,Comisaria_1_Familia_Cali,2023,70.0,1.25,13,1,681,1,3,0,639,486.0,Medio
CAL-00411,CALI,VIF,Juzgado_Penal_Municipal_1_Cali,2020,70.0,1.35,10,1,671,1,3,8,639,508.0,Medio
CAL-00511,CALI,ALIMENTOS,Juzgado_4_Familia_Cali,2020,70.0,1.1,8,1,674,1,0,6,639,624.0,Medio
CAL-01068,CALI,SUSTANCIAS,Juzgado_1_Familia_Cali,2022,70.0,1.45,8,1,712,1,2,3,639,558.75,Medio
CAL-01740,CALI,ALIMENTOS,Juzgado_4_Familia_Cali,2022,70.0,1.1,6,1,640,1,0,6,639,624.0,Medio
CAL-03241,CALI,ALIMENTOS,Juzgado_4_Familia_Cali,2022,70.0,1.1,6,1,679,1,0,6,639,624.0,Medio
CAL-04296,CALI,VIF,Juzgado_Penal_Municipal_1_Cali,2022,70.0,1.35,10,1,663,1,3,8,639,508.0,Medio
CAL-05766,CALI,ALIMENTOS,Juzgado_4_Familia_Cali,2023,70.0,1.1,10,1,695,1,0,6,639,624.0,Medio
CAL-06511,CALI,VIF,Comisaria_1_Familia_Cali,2024,70.0,1.25,13,1,671,1,3,0,639,486.0,Medio
CAL-08934,CALI,VIF,Juzgado_Penal_Municipal_2_Cali,2023,70.0,1.15,13,1,648,1,3,9,639,483.0,Medio
CAL-09756,CALI,ALIMENTOS,Juzgado_4_Familia_Cali,2024,70.0,1.1,10,1,718,1,0,6,639,624.0,Medio
CAL-00027,CALI,ALIMENTOS,Juzgado_5_Familia_Cali,2021,70.0,0.95,10,1,641,1,0,7,638,594.0,Medio
CAL-00473,CALI,HURTO_PATRIMONIAL,Comisaria_1_Familia_Cali,2024,70.0,1.25,2,1,494,0,1,0,638,627.0,Medio
CAL-00707,CALI,ALIMENTOS,Juzgado_Penal_Municipal_2_Cali,2021,70.0,1.15,7,1,684,1,0,9,638,633.0,Medio
CAL-01758,CALI,HURTO_PATRIMONIAL,Comisaria_1_Familia_Cali,2024,70.0,1.25,2,1,707,1,1,0,638,627.0,Medio
CAL-02730,CALI,ALIMENTOS,Juzgado_Penal_Municipal_2_Cali,2021,70.0,1.15,7,1,675,1,0,9,638,633.0,Medio
CAL-03535,CALI,HURTO_PATRIMONIAL,Comisaria_1_Familia_Cali,2024,70.0,1.25,2,1,708,1,1,0,638,627.0,Medio
CAL-04724,CALI,HURTO_PATRIMONIAL,Comisaria_1_Familia_Cali,2024,70.0,1.25,2,1,694,1,1,0,638,627.0,Medio
CAL-05449,CALI,HURTO_PATRIMONIAL,Juzgado_Penal_Municipal_2_Cali,2022,70.0,1.15,5,1,617,0,1,9,638,620.5,Medio
CAL-05996,CALI,ALIMENTOS,Juzgado_5_Familia_Cali,2021,70.0,0.95,10,1,660,1,0,7,638,594.0,Medio
CAL-08492,CALI,HURTO_PATRIMONIAL,Comisaria_1_Familia_Cali,2023,70.0,1.25,2,1,698,1,1,0,638,627.0,Medio
CAL-09325,CALI,HURTO_PATRIMONIAL,Comisaria_1_Familia_Cali,2023,70.0,1.25,2,1,723,1,1,0,638,627.0,Medio
CAL-09579,CALI,HURTO_PATRIMONIAL,Comisaria_1_Familia_Cali,2023,70.0,1.25,2,1,682,1,1,0,638,627.0,Medio
CAL-09861,CALI,HURTO_PATRIMONIAL,Juzgado_Penal_Municipal_2_Cali,2022,70.0,1.15,5,1,722,1,1,9,638,620.5,Medio
CAL-09871,CALI,ALIMENTOS,Juzgado_Penal_Municipal_2_Cali,2021,70.0,1.15,7,1,666,1,0,9,638,633.0,Medio
CAL-05713,CALI,ALIMENTOS,Juzgado_Penal_Municipal_2_Cali,2020,70.0,1.15,7,1,668,1,0,9,637,633.0,Medio
CAL-06367,CALI,ALIMENTOS,Juzgado_5_Familia_Cali,2022,70.0,0.95,10,1,674,1,0,7,637,594.0,Medio
CAL-07349,CALI,ALIMENTOS,Juzgado_Penal_Municipal_2_Cali,2020,70.0,1.15,7,1,443,0,0,9,637,633.0,Medio
CAL-09019,CALI,ALIMENTOS,Juzgado_5_Familia_Cali,2022,70.0,0.95,10,1,674,1,0,7,637,594.0,Medio
CAL-09253,CALI,HURTO_PATRIMONIAL,Juzgado_Penal_Municipal_2_Cali,2022,70.0,1.15,6,1,701,1,1,9,637,620.5,Medio
CAL-09349,CALI,HURTO_PATRIMONIAL,Juzgado_Penal_Municipal_2_Cali,2022,70.0,1.15,6,1,711,1,1,9,637,620.5,Medio
CAL-00846,CALI,ALIMENTOS,Juzgado_1_Familia_Cali,2020,70.0,1.45,4,1,725,1,0,3,635,622.0,Medio
CAL-01655,CALI,HURTO_PATRIMONIAL,Juzgado_Penal_Municipal_2_Cali,2022,70.0,1.15,3,1,696,1,1,9,635,620.5,Medio
CAL-02111,CALI,ALIMENTOS,Juzgado_Penal_Municipal_2_Cali,2024,70.0,1.15,7,1,664,1,0,9,635,633.0,Medio
CAL-03028,CALI,HURTO_PATRIMONIAL,Juzgado_Penal_Municipal_2_Cali,2022,70.0,1.15,3,1,642,1,1,9,635,620.5,Medio
CAL-03073,CALI,ALIMENTOS,Juzgado_1_Familia_Cali,2022,70.0,1.45,14,0,678,1,0,3,635,622.0,Medio
CAL-03567,CALI,ALIMENTOS,Juzgado_Penal_Municipal_2_Cali,2020,70.0,1.15,6,1,646,1,0,9,635,633.0,Medio
CAL-03873,CALI,ALIMENTOS,Juzgado_1_Familia_Cali,2020,70.0,1.45,4,1,679,1,0,3,635,622.0,Medio
CAL-03959,CALI,ALIMENTOS,Juzgado_1_Familia_Cali,2020,70.0,1.45,4,1,714,1,0,3,635,622.0,Medio
CAL-03982,CALI,ALIMENTOS,Juzgado_Penal_Municipal_2_Cali,2023,70.0,1.15,7,1,703,1,0,9,635,633.0,Medio
CAL-04175,CALI,ALIMENTOS,Juzgado_Penal_Municipal_2_Cali,2024,70.0,1.15,7,1,690,1,0,9,635,633.0,Medio
CAL-05009,CALI,ALIMENTOS,Juzgado_1_Familia_Cali,2020,70.0,1.45,4,1,722,1,0,3,635,622.0,Medio
CAL-07405,CALI,ALIMENTOS,Juzgado_Penal_Municipal_2_Cali,2020,70.0,1.15,6,1,664,1,0,9,635,633.0,Medio
CAL-07748,CALI,HURTO_PATRIMONIAL,Juzgado_Penal_Municipal_2_Cali,2022,70.0,1.15,1,1,659,1,1,9,635,620.5,Medio
CAL-08875,CALI,ALIMENTOS,Juzgado_Penal_Municipal_2_Cali,2023,70.0,1.15,7,1,681,1,0,9,635,633.0,Medio
CAL-08897,CALI,HURTO_PATRIMONIAL,Juzgado_2_Familia_Cali,2022,70.0,1.3,13,0,680,1,1,4,635,625.0,Medio
CAL-09179,CALI,ALIMENTOS,Comisaria_3_Familia_Cali,2020,70.0,0.9,12,1,696,1,0,2,635,582.0,Medio
CAL-09222,CALI,ALIMENTOS,Juzgado_1_Familia_Cali,2022,70.0,1.45,14,0,676,1,0,3,635,622.0,Medio
CAL-02050,CALI,ALIMENTOS,Juzgado_5_Familia_Cali,2020,70.0,0.95,10,1,651,1,0,7,634,594.0,Medio
CAL-05770,CALI,VIF,Juzgado_Penal_Municipal_2_Cali,2024,70.0,1.15,12,1,434,0,3,9,634,483.0,Medio
CAL-07217,CALI,VIF,Juzgado_Penal_Municipal_2_Cali,2024,70.0,1.15,12,1,657,1,3,9,634,483.0,Medio
CAL-00073,CALI,VIF,Juzgado_Penal_Municipal_1_Cali,2020,70.0,1.35,14,1,693,1,3,8,633,508.0,Medio
CAL-01323,CALI,ALIMENTOS,Juzgado_4_Familia_Cali,2023,70.0,1.1,6,1,675,1,0,6,633,624.0,Medio
CAL-01591,CALI,HURTO_PATRIMONIAL,Juzgado_5_Familia_Cali,2024,70.0,0.95,7,1,687,1,1,7,633,607.0,Medio
CAL-01863,CALI,HURTO_PATRIMONIAL,Juzgado_5_Familia_Cali,2024,70.0,0.95,7,1,674,1,1,7,633,607.0,Medio
CAL-02753,CALI,ALIMENTOS,Juzgado_4_Familia_Cali,2024,70.0,1.1,6,1,645,1,0,6,633,624.0,Medio
CAL-03493,CALI,ALIMENTOS,Juzgado_4_Familia_Cali,2023,70.0,1.1,6,1,659,1,0,6,633,624.0,Medio
CAL-03660,CALI,VIF,Juzgado_Penal_Municipal_1_Cali,2023,70.0,1.35,10,1,559,0,3,8,633,508.0,Medio
CAL-03994,CALI,ALIMENTOS,Juzgado_4_Familia_Cali,2023,70.0,1.1,6,1,678,1,0,6,633,624.0,Medio
CAL-04084,CALI,HURTO_PATRIMONIAL,Juzgado_Penal_Municipal_2_Cali,2024,70.0,1.15,5,1,726,1,1,9,633,620.5,Medio
CAL-04099,CALI,ALIMENTOS,Juzgado_4_Familia_Cali,2024,70.0,1.1,6,1,699,1,0,6,633,624.0,Medio
CAL-05135,CALI,HURTO_PATRIMONIAL,Juzgado_Penal_Municipal_2_Cali,2023,70.0,1.15,5,1,708,1,1,9,633,620.5,Medio
CAL-05520,CALI,HURTO_PATRIMONIAL,Juzgado_Penal_Municipal_2_Cali,2024,70.0,1.15,5,1,404,0,1,9,633,620.5,Medio
CAL-06749,CALI,VIF,Juzgado_Penal_Municipal_1_Cali,2023,70.0,1.35,10,1,665,1,3,8,633,508.0,Medio
CAL-07443,CALI,ALIMENTOS,Comisaria_2_Familia_Cali,2024,70.0,1.1,14,1,708,1,0,1,633,622.75,Medio
CAL-07610,CALI,ALIMENTOS,Juzgado_4_Familia_Cali,2023,70.0,1.1,6,1,642,1,0,6,633,624.0,Medio
CAL-07949,CALI,HURTO_PATRIMONIAL,Juzgado_5_Familia_Cali,2024,70.0,0.95,7,1,677,1,1,7,633,607.0,Medio
CAL-08453,CALI,HURTO_PATRIMONIAL,Juzgado_5_Familia_Cali,2023,70.0,0.95,7,1,687,1,1,7,633,607.0,Medio
CAL-09224,CALI,VIF,Comisaria_3_Familia_Cali,2023,70.0,0.9,14,1,628,1,3,2,633,441.0,Medio
CAL-05448,CALI,VIF,Juzgado_2_Familia_Cali,2022,70.0,1.3,17,1,724,1,3,4,632,506.0,Medio
CAL-07529,CALI,ALIMENTOS,Comisaria_2_Familia_Cali,2020,70.0,1.1,8,1,667,1,0,1,632,622.75,Medio
CAL-00009,CALI,ALIMENTOS,Juzgado_1_Familia_Cali,2020,70.0,1.45,1,1,674,1,0,3,631,622.0,Medio
CAL-01056,CALI,ALIMENTOS,Juzgado_1_Familia_Cali,2020,70.0,1.45,1,1,700,1,0,3,631,622.0,Medio
CAL-02580,CALI,VIF,Juzgado_3_Familia_Cali,2022,70.0,1.2,12,1,649,1,3,5,631,514.0,Medio
CAL-03506,CALI,VIF,Juzgado_3_Familia_Cali,2022,70.0,1.2,12,1,665,1,3,5,631,514.0,Medio
CAL-01642,CALI,HURTO_PATRIMONIAL,Juzgado_Penal_Municipal_2_Cali,2024,70.0,1.15,6,1,544,0,1,9,630,620.5,Medio
CAL-01960,CALI,HURTO_PATRIMONIAL,Juzgado_Penal_Municipal_2_Cali,2023,70.0,1.15,6,1,714,1,1,9,630,620.5,Medio
CAL-03985,CALI,HURTO_PATRIMONIAL,Juzgado_Penal_Municipal_2_Cali,2023,70.0,1.15,6,1,489,0,1,9,630,620.5,Medio
CAL-04955,CALI,ALIMENTOS,Juzgado_5_Familia_Cali,2021,70.0,0.95,11,1,681,1,0,7,630,594.0,Medio
CAL-00649,CALI,HURTO_PATRIMONIAL,Comisaria_1_Familia_Cali,2023,70.0,1.25,3,1,724,1,1,0,629,627.0,Medio
CAL-01587,CALI,HURTO_PATRIMONIAL,Juzgado_Penal_Municipal_2_Cali,2023,70.0,1.15,1,1,663,1,1,9,629,620.5,Medio
CAL-01929,CALI,ALIMENTOS,Comisaria_2_Familia_Cali,2022,70.0,1.1,9,1,721,1,0,1,629,622.75,Medio
CAL-01979,CALI,ALIMENTOS,Comisaria_2_Familia_Cali,2023,70.0,1.1,7,1,545,0,0,1,629,622.75,Medio
CAL-03261,CALI,ALIMENTOS,Comisaria_2_Familia_Cali,2022,70.0,1.1,9,1,679,1,0,1,629,622.75,Medio
CAL-03441,CALI,ALIMENTOS,Comisaria_2_Familia_Cali,2024,70.0,1.1,7,1,707,1,0,1,629,622.75,Medio
CAL-05144,CALI,HURTO_PATRIMONIAL,Comisaria_1_Familia_Cali,2024,70.0,1.25,3,1,572,0,1,0,629,627.0,Medio
CAL-05366,CALI,HURTO_PATRIMONIAL,Comisaria_1_Familia_Cali,2024,70.0,1.25,3,1,711,1,1,0,629,627.0,Medio
CAL-05670,CALI,HURTO_PATRIMONIAL,Comisaria_1_Familia_Cali,2024,70.0,1.25,3,1,719,1,1,0,629,627.0,Medio
CAL-06123,CALI,ALIMENTOS,Comisaria_2_Familia_Cali,2023,70.0,1.1,7,1,639,1,0,1,629,622.75,Medio
CAL-06406,CALI,HURTO_PATRIMONIAL,Comisaria_1_Familia_Cali,2023,70.0,1.25,3,1,715,1,1,0,629,627.0,Medio
CAL-06746,CALI,HURTO_PATRIMONIAL,Juzgado_Penal_Municipal_2_Cali,2023,70.0,1.15,1,1,639,1,1,9,629,620.5,Medio
CAL-06768,CALI,ALIMENTOS,Comisaria_2_Familia_Cali,2024,70.0,1.1,7,1,666,1,0,1,629,622.75,Medio
CAL-07653,CALI,HURTO_PATRIMONIAL,Comisaria_1_Familia_Cali,2024,70.0,1.25,3,1,679,1,1,0,629,627.0,Medio
CAL-08617,CALI,HURTO_PATRIMONIAL,Comisaria_1_Familia_Cali,2023,70.0,1.25,3,1,488,0,1,0,629,627.0,Medio
CAL-08753,CALI,HURTO_PATRIMONIAL,Comisaria_1_Familia_Cali,2024,70.0,1.25,3,1,717,1,1,0,629,627.0,Medio
CAL-08822,CALI,VIF,Comisaria_3_Familia_Cali,2023,70.0,0.9,13,1,597,1,3,2,629,441.0,Medio
CAL-09724,CALI,ALIMENTOS,Comisaria_2_Familia_Cali,2023,70.0,1.1,7,1,687,1,0,1,629,622.75,Medio
CAL-09785,CALI,HURTO_PATRIMONIAL,Juzgado_Penal_Municipal_2_Cali,2021,70.0,1.15,2,1,688,1,1,9,629,620.5,Medio
CAL-00179,CALI,ALIMENTOS,Juzgado_1_Familia_Cali,2022,70.0,1.45,12,0,636,1,0,3,628,622.0,Medio
CAL-01049,CALI,ALIMENTOS,Juzgado_4_Familia_Cali,2022,70.0,1.1,5,1,653,1,0,6,628,624.0,Medio
CAL-01640,CALI,HURTO_PATRIMONIAL,Juzgado_Penal_Municipal_2_Cali,2022,70.0,1.15,4,1,687,1,1,9,628,620.5,Medio
CAL-01965,CALI,ALIMENTOS,Juzgado_4_Familia_Cali,2022,70.0,1.1,5,1,685,1,0,6,628,624.0,Medio
CAL-02252,CALI,ALIMENTOS,Comisaria_2_Familia_Cali,2023,70.0,1.1,8,1,664,1,0,1,628,622.75,Medio
CAL-03621,CALI,HURTO_PATRIMONIAL,Juzgado_Penal_Municipal_2_Cali,2021,70.0,1.15,4,1,710,1,1,9,628,620.5,Medio
CAL-04453,CALI,HURTO_PATRIMONIAL,Juzgado_Penal_Municipal_2_Cali,2022,70.0,1.15,4,1,604,0,1,9,628,620.5,Medio
CAL-04460,CALI,HURTO_PATRIMONIAL,Juzgado_Penal_Municipal_2_Cali,2022,70.0,1.15,4,1,693,1,1,9,628,620.5,Medio
CAL-04553,CALI,ALIMENTOS,Juzgado_4_Familia_Cali,2022,70.0,1.1,5,1,689,1,0,6,628,624.0,Medio
CAL-04852,CALI,ALIMENTOS,Juzgado_4_Familia_Cali,2022,70.0,1.1,5,1,651,1,0,6,628,624.0,Medio
CAL-05884,CALI,SUSTANCIAS,Juzgado_1_Familia_Cali,2022,70.0,1.45,7,1,686,1,2,3,628,558.75,Medio
CAL-07264,CALI,ALIMENTOS,Juzgado_4_Familia_Cali,2022,70.0,1.1,5,1,642,1,0,6,628,624.0,Medio
CAL-07416,CALI,ALIMENTOS,Juzgado_4_Familia_Cali,2022,70.0,1.1,5,1,623,1,0,6,628,624.0,Medio
CAL-08238,CALI,ALIMENTOS,Comisaria_2_Familia_Cali,2024,70.0,1.1,8,1,680,1,0,1,628,622.75,Medio
CAL-08277,CALI,HURTO_PATRIMONIAL,Juzgado_Penal_Municipal_2_Cali,2021,70.0,1.15,4,1,706,1,1,9,628,620.5,Medio
CAL-08545,CALI,ALIMENTOS,Juzgado_4_Familia_Cali,2022,70.0,1.1,5,1,650,1,0,6,628,624.0,Medio
CAL-08576,CALI,ALIMENTOS,Comisaria_2_Familia_Cali,2024,70.0,1.1,8,1,711,1,0,1,628,622.75,Medio
CAL-08646,CALI,HURTO_PATRIMONIAL,Juzgado_Penal_Municipal_2_Cali,2022,70.0,1.15,4,1,388,0,1,9,628,620.5,Medio
CAL-00289,CALI,VIF,Juzgado_2_Familia_Cali,2024,70.0,1.3,11,1,705,1,3,4,627,506.0,Medio
CAL-03014,CALI,ALIMENTOS,Juzgado_4_Familia_Cali,2023,70.0,1.1,8,1,656,1,0,6,627,624.0,Medio
CAL-03639,CALI,ALIMENTOS,Juzgado_4_Familia_Cali,2023,70.0,1.1,8,1,675,1,0,6,627,624.0,Medio
CAL-04808,CALI,ALIMENTOS,Juzgado_4_Familia_Cali,2024,70.0,1.1,8,1,465,0,0,6,627,624.0,Medio
CAL-05562,CALI,ALIMENTOS,Juzgado_4_Familia_Cali,2023,70.0,1.1,8,1,704,1,0,6,627,624.0,Medio
CAL-06964,CALI,ALIMENTOS,Juzgado_4_Familia_Cali,2024,70.0,1.1,8,1,685,1,0,6,627,624.0,Medio
CAL-07220,CALI,VIF,Juzgado_2_Familia_Cali,2024,70.0,1.3,11,1,656,1,3,4,627,506.0,Medio
CAL-08726,CALI,ALIMENTOS,Juzgado_4_Familia_Cali,2023,70.0,1.1,8,1,680,1,0,6,627,624.0,Medio
CAL-09147,CALI,VIF,Juzgado_3_Familia_Cali,2024,70.0,1.2,12,1,649,1,3,5,627,514.0,Medio
CAL-01446,CALI,HURTO_PATRIMONIAL,Juzgado_5_Familia_Cali,2022,70.0,0.95,7,1,661,1,1,7,626,607.0,Medio
CAL-02744,CALI,ALIMENTOS,Comisaria_2_Familia_Cali,2022,70.0,1.1,8,1,693,1,0,1,625,622.75,Medio
CAL-05368,CALI,HURTO_PATRIMONIAL,Juzgado_5_Familia_Cali,2022,70.0,0.95,6,1,644,1,1,7,625,607.0,Medio
CAL-05645,CALI,ALIMENTOS,Comisaria_2_Familia_Cali,2022,70.0,1.1,7,1,654,1,0,1,625,622.75,Medio
CAL-05997,CALI,ALIMENTOS,Comisaria_2_Familia_Cali,2022,70.0,1.1,7,1,705,1,0,1,625,622.75,Medio
CAL-06317,CALI,ALIMENTOS,Comisaria_2_Familia_Cali,2022,70.0,1.1,7,1,667,1,0,1,625,622.75,Medio
CAL-06844,CALI,HURTO_PATRIMONIAL,Juzgado_5_Familia_Cali,2022,70.0,0.95,6,1,665,1,1,7,625,607.0,Medio
CAL-08250,CALI,ALIMENTOS,Comisaria_2_Familia_Cali,2022,70.0,1.1,8,1,372,0,0,1,625,622.75,Medio
CAL-00925,CALI,HURTO_PATRIMONIAL,Juzgado_5_Familia_Cali,2024,70.0,0.95,6,1,676,1,1,7,624,607.0,Medio
CAL-01956,CALI,HURTO_PATRIMONIAL,Juzgado_5_Familia_Cali,2023,70.0,0.95,6,1,674,1,1,7,624,607.0,Medio
CAL-03730,CALI,VIF,Juzgado_1_Familia_Cali,2022,70.0,1.45,17,1,561,0,3,3,624,525.5,Medio
CAL-05839,CALI,HURTO_PATRIMONIAL,Juzgado_5_Familia_Cali,2024,70.0,0.95,6,1,658,1,1,7,624,607.0,Medio
CAL-00102,CALI,ALIMENTOS,Juzgado_1_Familia_Cali,2020,70.0,1.45,18,0,677,1,0,3,623,622.0,Medio
CAL-02133,CALI,ALIMENTOS,Comisaria_2_Familia_Cali,2024,70.0,1.1,6,1,637,1,0,1,623,622.75,Medio
CAL-02223,CALI,ALIMENTOS,Comisaria_2_Familia_Cali,2024,70.0,1.1,6,1,672,1,0,1,623,622.75,Medio
CAL-02748,CALI,SUSTANCIAS,Juzgado_Penal_Municipal_2_Cali,2021,70.0,1.15,10,1,654,1,2,9,623,579.75,Medio
CAL-04556,CALI,ALIMENTOS,Comisaria_2_Familia_Cali,2024,70.0,1.1,6,1,667,1,0,1,623,622.75,Medio
CAL-04773,CALI,ALIMENTOS,Comisaria_2_Familia_Cali,2023,70.0,1.1,6,1,680,1,0,1,623,622.75,Medio
CAL-05404,CALI,ALIMENTOS,Juzgado_5_Familia_Cali,2023,70.0,0.95,9,1,632,1,0,7,623,594.0,Medio
CAL-06164,CALI,ALIMENTOS,Juzgado_5_Familia_Cali,2023,70.0,0.95,9,1,679,1,0,7,623,594.0,Medio
CAL-07125,CALI,ALIMENTOS,Juzgado_5_Familia_Cali,2024,70.0,0.95,9,1,647,1,0,7,623,594.0,Medio
CAL-07754,CALI,ALIMENTOS,Juzgado_1_Familia_Cali,2020,70.0,1.45,2,1,684,1,0,3,623,622.0,Medio
CAL-09191,CALI,ALIMENTOS,Juzgado_5_Familia_Cali,2023,70.0,0.95,9,1,664,1,0,7,623,594.0,Medio
CAL-01594,CALI,HURTO_PATRIMONIAL,Comisaria_3_Familia_Cali,2024,70.0,0.9,10,1,646,1,1,2,622,570.0,Medio
CAL-02771,CALI,HURTO_PATRIMONIAL,Comisaria_3_Familia_Cali,2023,70.0,0.9,10,1,689,1,1,2,622,570.0,Medio
CAL-04583,CALI,HURTO_PATRIMONIAL,Comisaria_3_Familia_Cali,2023,70.0,0.9,10,1,665,1,1,2,622,570.0,Medio
CAL-05288,CALI,SUSTANCIAS,Juzgado_1_Familia_Cali,2024,70.0,1.45,8,1,684,1,2,3,622,558.75,Medio
CAL-08925,CALI,SUSTANCIAS,Juzgado_1_Familia_Cali,2024,70.0,1.45,8,1,700,1,2,3,622,558.75,Medio
CAL-08930,CALI,SUSTANCIAS,Juzgado_1_Familia_Cali,2024,70.0,1.45,8,1,486,0,2,3,622,558.75,Medio
CAL-09555,CALI,HURTO_PATRIMONIAL,Juzgado_Penal_Municipal_2_Cali,2020,70.0,1.15,4,1,673,1,1,9,622,620.5,Medio
CAL-00318,CALI,ALIMENTOS,Juzgado_5_Familia_Cali,2023,70.0,0.95,8,1,639,1,0,7,621,594.0,Medio
CAL-01086,CALI,HURTO_PATRIMONIAL,Juzgado_Penal_Municipal_2_Cali,2023,70.0,1.15,4,1,681,1,1,9,621,620.5,Medio
CAL-01215,CALI,ALIMENTOS,Juzgado_5_Familia_Cali,2024,70.0,0.95,13,1,701,1,0,7,621,594.0,Medio
CAL-02187,CALI,ALIMENTOS,Juzgado_5_Familia_Cali,2024,70.0,0.95,8,1,404,0,0,7,621,594.0,Medio
CAL-02783,CALI,ALIMENTOS,Juzgado_5_Familia_Cali,2023,70.0,0.95,8,1,658,1,0,7,621,594.0,Medio
CAL-02860,CALI,ALIMENTOS,Juzgado_5_Familia_Cali,2024,70.0,0.95,8,1,652,1,0,7,621,594.0,Medio
CAL-04225,CALI,ALIMENTOS,Juzgado_5_Familia_Cali,2024,70.0,0.95,8,1,560,0,0,7,621,594.0,Medio
CAL-05519,CALI,ALIMENTOS,Juzgado_5_Familia_Cali,2024,70.0,0.95,8,1,626,1,0,7,621,594.0,Medio
CAL-06912,CALI,HURTO_PATRIMONIAL,Comisaria_3_Familia_Cali,2021,70.0,0.9,10,1,655,1,1,2,621,570.0,Medio
CAL-08255,CALI,SUSTANCIAS,Juzgado_2_Familia_Cali,2021,70.0,1.3,8,1,633,1,2,4,621,526.5,Medio
CAL-08715,CALI,ALIMENTOS,Juzgado_5_Familia_Cali,2024,70.0,0.95,8,1,661,1,0,7,621,594.0,Medio
CAL-09552,CALI,HURTO_PATRIMONIAL,Juzgado_Penal_Municipal_2_Cali,2020,70.0,1.15,6,1,697,1,1,9,621,620.5,Medio
CAL-02571,CALI,HURTO_PATRIMONIAL,Comisaria_3_Familia_Cali,2023,70.0,0.9,12,1,695,1,1,2,620,570.0,Medio
CAL-01751,CALI,ALIMENTOS,Juzgado_5_Familia_Cali,2022,70.0,0.95,13,1,678,1,0,7,619,594.0,Medio
CAL-04011,CALI,ALIMENTOS,Comisaria_3_Familia_Cali,2024,70.0,0.9,9,1,640,1,0,2,619,582.0,Medio
CAL-08948,CALI,ALIMENTOS,Juzgado_5_Familia_Cali,2022,70.0,0.95,13,1,677,1,0,7,619,594.0,Medio
CAL-09989,CALI,ALIMENTOS,Comisaria_3_Familia_Cali,2024,70.0,0.9,9,1,640,1,0,2,619,582.0,Medio
CAL-00405,CALI,ALIMENTOS,Juzgado_5_Familia_Cali,2024,70.0,0.95,7,1,654,1,0,7,618,594.0,Medio
CAL-01134,CALI,VIF,Juzgado_Penal_Municipal_2_Cali,2023,70.0,1.15,10,1,653,1,3,9,618,483.0,Medio
CAL-01412,CALI,ALIMENTOS,Juzgado_5_Familia_Cali,2024,70.0,0.95,7,1,549,0,0,7,618,594.0,Medio
CAL-03420,CALI,VIF,Juzgado_1_Familia_Cali,2021,70.0,1.45,9,1,676,1,3,3,618,525.5,Medio
CAL-05500,CALI,ALIMENTOS,Juzgado_5_Familia_Cali,2023,70.0,0.95,7,1,640,1,0,7,618,594.0,Medio
CAL-08680,CALI,ALIMENTOS,Juzgado_5_Familia_Cali,2023,70.0,0.95,7,1,673,1,0,7,618,594.0,Medio
CAL-01526,CALI,HURTO_PATRIMONIAL,Juzgado_5_Familia_Cali,2024,70.0,0.95,10,1,707,1,1,7,617,607.0,Medio
CAL-05957,CALI,VIF,Comisaria_2_Familia_Cali,2024,70.0,1.1,10,1,627,1,3,1,617,482.0,Medio
CAL-08508,CALI,HURTO_PATRIMONIAL,Juzgado_5_Familia_Cali,2023,70.0,0.95,10,1,716,1,1,7,617,607.0,Medio
CAL-00939,CALI,VIF,Juzgado_1_Familia_Cali,2021,70.0,1.45,8,1,662,1,3,3,616,525.5,Medio
CAL-03313,CALI,HURTO_PATRIMONIAL,Juzgado_5_Familia_Cali,2021,70.0,0.95,6,1,637,1,1,7,616,607.0,Medio
CAL-00879,CALI,HURTO_PATRIMONIAL,Juzgado_5_Familia_Cali,2023,70.0,0.95,3,1,655,1,1,7,614,607.0,Medio
CAL-01806,CALI,VIF,Juzgado_4_Familia_Cali,2023,70.0,1.1,15,1,662,1,3,6,614,471.5,Medio
CAL-02706,CALI,VIF,Juzgado_2_Familia_Cali,2021,70.0,1.3,9,1,638,1,3,4,614,506.0,Medio
CAL-02834,CALI,HURTO_PATRIMONIAL,Juzgado_5_Familia_Cali,2024,70.0,0.95,3,1,641,1,1,7,614,607.0,Medio
CAL-03329,CALI,HURTO_PATRIMONIAL,Juzgado_5_Familia_Cali,2024,70.0,0.95,3,1,287,0,1,7,614,607.0,Medio
CAL-04782,CALI,HURTO_PATRIMONIAL,Juzgado_5_Familia_Cali,2022,70.0,0.95,3,1,645,1,1,7,614,607.0,Medio
CAL-07120,CALI,HURTO_PATRIMONIAL,Juzgado_5_Familia_Cali,2024,70.0,0.95,3,1,633,1,1,7,614,607.0,Medio
CAL-00078,CALI,VIF,Juzgado_4_Familia_Cali,2023,70.0,1.1,11,1,641,1,3,6,613,471.5,Medio
CAL-00176,CALI,HURTO_PATRIMONIAL,Juzgado_5_Familia_Cali,2023,70.0,0.95,2,1,618,1,1,7,613,607.0,Medio
CAL-00560,CALI,HURTO_PATRIMONIAL,Juzgado_5_Familia_Cali,2024,70.0,0.95,2,1,675,1,1,7,613,607.0,Medio
CAL-00894,CALI,HURTO_PATRIMONIAL,Juzgado_5_Familia_Cali,2024,70.0,0.95,2,1,417,0,1,7,613,607.0,Medio
CAL-02896,CALI,VIF,Juzgado_4_Familia_Cali,2023,70.0,1.1,11,1,651,1,3,6,613,471.5,Medio
CAL-03638,CALI,VIF,Juzgado_3_Familia_Cali,2024,70.0,1.2,13,1,667,1,3,5,613,514.0,Medio
CAL-04632,CALI,HURTO_PATRIMONIAL,Juzgado_5_Familia_Cali,2023,70.0,0.95,2,1,634,1,1,7,613,607.0,Medio
CAL-05563,CALI,HURTO_PATRIMONIAL,Juzgado_5_Familia_Cali,2024,70.0,0.95,2,1,637,1,1,7,613,607.0,Medio
CAL-09578,CALI,HURTO_PATRIMONIAL,Juzgado_5_Familia_Cali,2024,70.0,0.95,2,1,601,1,1,7,613,607.0,Medio
CAL-00917,CALI,SUSTANCIAS,Juzgado_Penal_Municipal_1_Cali,2024,70.0,1.35,5,1,646,1,2,8,612,542.0,Medio
CAL-01728,CALI,ALIMENTOS,Juzgado_5_Familia_Cali,2022,70.0,0.95,7,1,624,1,0,7,612,594.0,Medio
CAL-02175,CALI,SUSTANCIAS,Juzgado_Penal_Municipal_2_Cali,2023,70.0,1.15,10,1,645,1,2,9,612,579.75,Medio
CAL-02813,CALI,ALIMENTOS,Comisaria_3_Familia_Cali,2021,70.0,0.9,9,1,625,1,0,2,612,582.0,Medio
CAL-03534,CALI,VIF,Juzgado_4_Familia_Cali,2022,70.0,1.1,12,1,628,1,3,6,612,471.5,Medio
CAL-03923,CALI,ALIMENTOS,Comisaria_3_Familia_Cali,2021,70.0,0.9,9,1,618,1,0,2,612,582.0,Medio
CAL-04215,CALI,VIF,Juzgado_Penal_Municipal_2_Cali,2022,70.0,1.15,10,1,623,1,3,9,612,483.0,Medio
CAL-04516,CALI,ALIMENTOS,Juzgado_5_Familia_Cali,2021,70.0,0.95,8,1,663,1,0,7,612,594.0,Medio
CAL-08273,CALI,ALIMENTOS,Comisaria_3_Familia_Cali,2021,70.0,0.9,9,1,617,1,0,2,612,582.0,Medio
CAL-08368,CALI,SUSTANCIAS,Juzgado_Penal_Municipal_1_Cali,2022,70.0,1.35,5,1,674,1,2,8,612,542.0,Medio
CAL-09114,CALI,VIF,Juzgado_Penal_Municipal_2_Cali,2022,70.0,1.15,10,1,500,0,3,9,612,483.0,Medio
CAL-00087,CALI,ALIMENTOS,Juzgado_5_Familia_Cali,2021,70.0,0.95,7,1,603,1,0,7,611,594.0,Medio
CAL-03931,CALI,SUSTANCIAS,Juzgado_Penal_Municipal_1_Cali,2024,70.0,1.35,3,1,626,1,2,8,611,542.0,Medio
CAL-04863,CALI,VIF,Comisaria_1_Familia_Cali,2024,70.0,1.25,11,1,403,0,3,0,611,486.0,Medio
CAL-07061,CALI,ALIMENTOS,Juzgado_5_Familia_Cali,2021,70.0,0.95,7,1,664,1,0,7,611,594.0,Medio
CAL-07342,CALI,ALIMENTOS,Juzgado_5_Familia_Cali,2021,70.0,0.95,7,1,662,1,0,7,611,594.0,Medio
CAL-00488,CALI,SUSTANCIAS,Juzgado_1_Familia_Cali,2023,70.0,1.45,3,1,516,0,2,3,610,558.75,Medio
CAL-01010,CALI,SUSTANCIAS,Juzgado_2_Familia_Cali,2022,70.0,1.3,9,1,700,1,2,4,610,526.5,Medio
CAL-03512,CALI,VIF,Comisaria_3_Familia_Cali,2024,70.0,0.9,11,1,605,1,3,2,610,441.0,Medio
CAL-03805,CALI,VIF,Comisaria_3_Familia_Cali,2023,70.0,0.9,11,1,592,1,3,2,610,441.0,Medio
CAL-08069,CALI,SUSTANCIAS,Juzgado_1_Familia_Cali,2024,70.0,1.45,3,1,669,1,2,3,610,558.75,Medio
CAL-08498,CALI,SUSTANCIAS,Juzgado_1_Familia_Cali,2023,70.0,1.45,3,1,671,1,2,3,610,558.75,Medio
CAL-01309,CALI,SUSTANCIAS,Comisaria_1_Familia_Cali,2023,70.0,1.25,3,1,606,1,2,0,609,559.5,Medio
CAL-01451,CALI,SUSTANCIAS,Comisaria_1_Familia_Cali,2023,70.0,1.25,3,1,601,1,2,0,609,559.5,Medio
CAL-03064,CALI,SUSTANCIAS,Comisaria_1_Familia_Cali,2024,70.0,1.25,3,1,652,1,2,0,609,559.5,Medio
CAL-04105,CALI,ALIMENTOS,Comisaria_3_Familia_Cali,2021,70.0,0.9,18,1,678,1,0,2,609,582.0,Medio
CAL-05630,CALI,VIF,Juzgado_1_Familia_Cali,2020,70.0,1.45,4,1,650,1,3,3,609,525.5,Medio
CAL-07276,CALI,SUSTANCIAS,Comisaria_1_Familia_Cali,2024,70.0,1.25,5,1,655,1,2,0,609,559.5,Medio
CAL-08372,CALI,ALIMENTOS,Juzgado_5_Familia_Cali,2020,70.0,0.95,8,1,606,1,0,7,609,594.0,Medio
CAL-00636,CALI,VIF,Juzgado_3_Familia_Cali,2024,70.0,1.2,14,1,716,1,3,5,608,514.0,Medio
CAL-01392,CALI,ALIMENTOS,Juzgado_5_Familia_Cali,2020,70.0,0.95,7,1,625,1,0,7,608,594.0,Medio
CAL-03118,CALI,HURTO_PATRIMONIAL,Juzgado_5_Familia_Cali,2021,70.0,0.95,4,1,635,1,1,7,608,607.0,Medio
CAL-03179,CALI,SUSTANCIAS,Juzgado_4_Familia_Cali,2024,70.0,1.1,7,1,646,1,2,6,608,498.5,Medio
CAL-03207,CALI,ALIMENTOS,Juzgado_5_Familia_Cali,2020,70.0,0.95,7,1,610,1,0,7,608,594.0,Medio
CAL-04199,CALI,SUSTANCIAS,Juzgado_Penal_Municipal_2_Cali,2020,70.0,1.15,12,1,666,1,2,9,608,579.75,Medio
CAL-05200,CALI,SUSTANCIAS,Juzgado_4_Familia_Cali,2024,70.0,1.1,7,1,634,1,2,6,608,498.5,Medio
CAL-05854,CALI,SUSTANCIAS,Juzgado_Penal_Municipal_1_Cali,2022,70.0,1.35,7,1,685,1,2,8,608,542.0,Medio
CAL-07644,CALI,VIF,Juzgado_2_Familia_Cali,2021,70.0,1.3,8,1,622,1,3,4,608,506.0,Medio
CAL-00558,CALI,SUSTANCIAS,Juzgado_Penal_Municipal_1_Cali,2021,70.0,1.35,4,1,616,1,2,8,607,542.0,Medio
CAL-00597,CALI,ALIMENTOS,Juzgado_5_Familia_Cali,2024,70.0,0.95,6,1,634,1,0,7,607,594.0,Medio
CAL-01161,CALI,ALIMENTOS,Juzgado_5_Familia_Cali,2024,70.0,0.95,6,1,618,1,0,7,607,594.0,Medio
CAL-02088,CALI,ALIMENTOS,Juzgado_5_Familia_Cali,2024,70.0,0.95,6,1,614,1,0,7,607,594.0,Medio
CAL-03952,CALI,VIF,Comisaria_2_Familia_Cali,2024,70.0,1.1,16,1,673,1,3,1,607,482.0,Medio
CAL-04073,CALI,ALIMENTOS,Juzgado_5_Familia_Cali,2024,70.0,0.95,6,1,681,1,0,7,607,594.0,Medio
CAL-04235,CALI,ALIMENTOS,Juzgado_5_Familia_Cali,2024,70.0,0.95,6,1,340,0,0,7,607,594.0,Medio
CAL-05503,CALI,ALIMENTOS,Juzgado_5_Familia_Cali,2021,70.0,0.95,9,1,490,0,0,7,607,594.0,Medio
CAL-05589,CALI,ALIMENTOS,Juzgado_5_Familia_Cali,2024,70.0,0.95,6,1,616,1,0,7,607,594.0,Medio
CAL-06243,CALI,ALIMENTOS,Juzgado_5_Familia_Cali,2021,70.0,0.95,9,1,545,0,0,7,607,594.0,Medio
CAL-06966,CALI,ALIMENTOS,Juzgado_5_Familia_Cali,2024,70.0,0.95,6,1,621,1,0,7,607,594.0,Medio
CAL-07277,CALI,ALIMENTOS,Juzgado_5_Familia_Cali,2024,70.0,0.95,6,1,622,1,0,7,607,594.0,Medio
CAL-07440,CALI,ALIMENTOS,Juzgado_5_Familia_Cali,2024,70.0,0.95,6,1,633,1,0,7,607,594.0,Medio
CAL-08084,CALI,ALIMENTOS,Juzgado_5_Familia_Cali,2024,70.0,0.95,6,1,594,1,0,7,607,594.0,Medio
CAL-08441,CALI,ALIMENTOS,Juzgado_5_Familia_Cali,2023,70.0,0.95,6,1,630,1,0,7,607,594.0,Medio
CAL-09846,CALI,ALIMENTOS,Juzgado_5_Familia_Cali,2023,70.0,0.95,6,1,595,1,0,7,607,594.0,Medio
CAL-09865,CALI,ALIMENTOS,Juzgado_5_Familia_Cali,2024,70.0,0.95,6,1,623,1,0,7,607,594.0,Medio
CAL-00844,CALI,VIF,Juzgado_5_Familia_Cali,2024,70.0,0.95,15,1,658,1,3,7,606,431.75,Medio
CAL-03124,CALI,ALIMENTOS,Juzgado_5_Familia_Cali,2024,70.0,0.95,12,1,328,0,0,7,606,594.0,Medio
CAL-05441,CALI,ALIMENTOS,Juzgado_5_Familia_Cali,2023,70.0,0.95,12,1,671,1,0,7,606,594.0,Medio
CAL-07393,CALI,ALIMENTOS,Juzgado_5_Familia_Cali,2024,70.0,0.95,12,1,702,1,0,7,606,594.0,Medio
CAL-01122,CALI,HURTO_PATRIMONIAL,Comisaria_3_Familia_Cali,2023,70.0,0.9,3,1,614,1,1,2,605,570.0,Medio
CAL-01491,CALI,ALIMENTOS,Juzgado_5_Familia_Cali,2020,70.0,0.95,9,1,635,1,0,7,605,594.0,Medio
CAL-01888,CALI,ALIMENTOS,Juzgado_5_Familia_Cali,2022,70.0,0.95,6,1,639,1,0,7,605,594.0,Medio
CAL-02242,CALI,HURTO_PATRIMONIAL,Comisaria_3_Familia_Cali,2023,70.0,0.9,3,1,593,1,1,2,605,570.0,Medio
CAL-02686,CALI,ALIMENTOS,Juzgado_5_Familia_Cali,2022,70.0,0.95,8,1,637,1,0,7,605,594.0,Medio
CAL-04854,CALI,VIF,Comisaria_2_Familia_Cali,2022,70.0,1.1,15,1,647,1,3,1,605,482.0,Medio
CAL-05237,CALI,HURTO_PATRIMONIAL,Comisaria_3_Familia_Cali,2023,70.0,0.9,3,1,640,1,1,2,605,570.0,Medio
CAL-06139,CALI,SUSTANCIAS,Juzgado_5_Familia_Cali,2024,70.0,0.95,14,1,418,0,2,7,605,518.5,Medio
CAL-07292,CALI,HURTO_PATRIMONIAL,Comisaria_3_Familia_Cali,2023,70.0,0.9,3,1,636,1,1,2,605,570.0,Medio
CAL-07523,CALI,ALIMENTOS,Juzgado_5_Familia_Cali,2022,70.0,0.95,6,1,632,1,0,7,605,594.0,Medio
CAL-08036,CALI,SUSTANCIAS,Juzgado_Penal_Municipal_1_Cali,2024,70.0,1.35,2,1,644,1,2,8,605,542.0,Medio
CAL-08267,CALI,ALIMENTOS,Juzgado_5_Familia_Cali,2022,70.0,0.95,8,1,439,0,0,7,605,594.0,Medio
CAL-08706,CALI,SUSTANCIAS,Juzgado_Penal_Municipal_2_Cali,2023,70.0,1.15,7,1,626,1,2,9,605,579.75,Medio
CAL-09439,CALI,SUSTANCIAS,Juzgado_Penal_Municipal_2_Cali,2024,70.0,1.15,7,1,623,1,2,9,605,579.75,Medio
CAL-09717,CALI,SUSTANCIAS,Juzgado_Penal_Municipal_2_Cali,2024,70.0,1.15,7,1,637,1,2,9,605,579.75,Medio
CAL-02911,CALI,ALIMENTOS,Juzgado_5_Familia_Cali,2020,70.0,0.95,6,1,630,1,0,7,604,594.0,Medio
CAL-04044,CALI,VIF,Juzgado_1_Familia_Cali,2024,70.0,1.45,7,1,664,1,3,3,604,525.5,Medio
CAL-04560,CALI,SUSTANCIAS,Juzgado_Penal_Municipal_1_Cali,2022,70.0,1.35,2,1,657,1,2,8,604,542.0,Medio
CAL-05044,CALI,SUSTANCIAS,Comisaria_1_Familia_Cali,2022,70.0,1.25,5,1,629,1,2,0,604,559.5,Medio
CAL-06917,CALI,VIF,Comisaria_3_Familia_Cali,2024,70.0,0.9,10,1,585,1,3,2,604,441.0,Medio
CAL-07131,CALI,ALIMENTOS,Juzgado_5_Familia_Cali,2020,70.0,0.95,6,1,633,1,0,7,604,594.0,Medio
CAL-08769,CALI,SUSTANCIAS,Juzgado_Penal_Municipal_1_Cali,2022,70.0,1.35,3,1,664,1,2,8,604,542.0,Medio
CAL-00482,CALI,ALIMENTOS,Juzgado_5_Familia_Cali,2021,70.0,0.95,6,1,522,0,0,7,603,594.0,Medio
CAL-03802,CALI,SUSTANCIAS,Comisaria_2_Familia_Cali,2023,70.0,1.1,14,1,677,1,2,1,603,557.5,Medio
CAL-04511,CALI,VIF,Juzgado_3_Familia_Cali,2024,70.0,1.2,11,1,635,1,3,5,603,514.0,Medio
CAL-04812,CALI,ALIMENTOS,Juzgado_5_Familia_Cali,2021,70.0,0.95,6,1,606,1,0,7,603,594.0,Medio
CAL-09294,CALI,SUSTANCIAS,Juzgado_1_Familia_Cali,2024,70.0,1.45,5,1,579,0,2,3,603,558.75,Medio
CAL-00626,CALI,ALIMENTOS,Juzgado_5_Familia_Cali,2022,70.0,0.95,9,1,648,1,0,7,602,594.0,Medio
CAL-01066,CALI,HURTO_PATRIMONIAL,Comisaria_3_Familia_Cali,2023,70.0,0.9,11,1,673,1,1,2,602,570.0,Medio
CAL-01895,CALI,SUSTANCIAS,Comisaria_1_Familia_Cali,2023,70.0,1.25,4,1,646,1,2,0,602,559.5,Medio
CAL-03401,CALI,SUSTANCIAS,Juzgado_1_Familia_Cali,2024,70.0,1.45,2,1,636,1,2,3,602,558.75,Medio
CAL-05085,CALI,SUSTANCIAS,Comisaria_1_Familia_Cali,2024,70.0,1.25,4,1,648,1,2,0,602,559.5,Medio
CAL-06364,CALI,SUSTANCIAS,Juzgado_1_Familia_Cali,2024,70.0,1.45,2,1,632,1,2,3,602,558.75,Medio
CAL-06666,CALI,SUSTANCIAS,Comisaria_1_Familia_Cali,2024,70.0,1.25,4,1,623,1,2,0,602,559.5,Medio
CAL-07852,CALI,SUSTANCIAS,Comisaria_1_Familia_Cali,2024,70.0,1.25,4,1,619,1,2,0,602,559.5,Medio
CAL-09470,CALI,SUSTANCIAS,Juzgado_Penal_Municipal_1_Cali,2020,70.0,1.35,2,1,602,1,2,8,602,542.0,Medio
CAL-01566,CALI,SUSTANCIAS,Juzgado_4_Familia_Cali,2021,70.0,1.1,7,1,616,1,2,6,601,498.5,Medio
CAL-03306,CALI,VIF,Comisaria_3_Familia_Cali,2024,70.0,0.9,15,1,624,1,3,2,601,441.0,Medio
CAL-08331,CALI,VIF,Juzgado_5_Familia_Cali,2023,70.0,0.95,10,1,603,1,3,7,601,431.75,Medio
CAL-08430,CALI,HURTO_PATRIMONIAL,Comisaria_3_Familia_Cali,2021,70.0,0.9,3,1,659,1,1,2,601,570.0,Medio
CAL-00476,CALI,ALIMENTOS,Comisaria_3_Familia_Cali,2020,70.0,0.9,8,1,606,1,0,2,600,582.0,Medio
CAL-00815,CALI,VIF,Juzgado_Penal_Municipal_1_Cali,2024,70.0,1.35,5,1,632,1,3,8,600,508.0,Medio
CAL-01285,CALI,VIF,Juzgado_Penal_Municipal_1_Cali,2024,70.0,1.35,5,1,648,1,3,8,600,508.0,Medio
CAL-01523,CALI,VIF,Juzgado_Penal_Municipal_1_Cali,2024,70.0,1.35,5,1,652,1,3,8,600,508.0,Medio
CAL-03955,CALI,VIF,Juzgado_Penal_Municipal_1_Cali,2024,70.0,1.35,5,1,622,1,3,8,600,508.0,Medio
CAL-04308,CALI,ALIMENTOS,Comisaria_3_Familia_Cali,2020,70.0,0.9,8,1,629,1,0,2,600,582.0,Medio
CAL-05990,CALI,VIF,Juzgado_Penal_Municipal_1_Cali,2024,70.0,1.35,5,1,623,1,3,8,600,508.0,Medio
CAL-06116,CALI,SUSTANCIAS,Juzgado_2_Familia_Cali,2022,70.0,1.3,5,1,647,1,2,4,600,526.5,Medio
CAL-06968,CALI,HURTO_PATRIMONIAL,Comisaria_3_Familia_Cali,2023,70.0,0.9,2,1,620,1,1,2,600,570.0,Medio
CAL-08768,CALI,VIF,Juzgado_Penal_Municipal_1_Cali,2023,70.0,1.35,5,1,638,1,3,8,600,508.0,Medio
CAL-08863,CALI,ALIMENTOS,Comisaria_3_Familia_Cali,2020,70.0,0.9,8,1,637,1,0,2,600,582.0,Medio
CAL-09994,CALI,VIF,Juzgado_Penal_Municipal_1_Cali,2024,70.0,1.35,5,1,621,1,3,8,600,508.0,Medio
CAL-01324,CALI,VIF,Juzgado_1_Familia_Cali,2021,70.0,1.45,7,1,663,1,3,3,599,525.5,Medio
CAL-02540,CALI,SUSTANCIAS,Comisaria_2_Familia_Cali,2024,70.0,1.1,7,1,621,1,2,1,599,557.5,Medio
CAL-03797,CALI,SUSTANCIAS,Juzgado_Penal_Municipal_1_Cali,2021,70.0,1.35,2,1,606,1,2,8,599,542.0,Medio
CAL-04163,CALI,VIF,Juzgado_2_Familia_Cali,2023,70.0,1.3,5,1,625,1,3,4,599,506.0,Medio
CAL-04906,CALI,VIF,Juzgado_1_Familia_Cali,2023,70.0,1.45,8,1,662,1,3,3,599,525.5,Medio
CAL-06618,CALI,SUSTANCIAS,Juzgado_Penal_Municipal_1_Cali,2021,70.0,1.35,2,1,611,1,2,8,599,542.0,Medio
CAL-07428,CALI,SUSTANCIAS,Juzgado_1_Familia_Cali,2022,70.0,1.45,5,1,672,1,2,3,599,558.75,Medio
CAL-08082,CALI,VIF,Juzgado_1_Familia_Cali,2024,70.0,1.45,8,1,665,1,3,3,599,525.5,Medio
CAL-08244,CALI,VIF,Juzgado_2_Familia_Cali,2024,70.0,1.3,5,1,614,1,3,4,599,506.0,Medio
CAL-08939,CALI,VIF,Juzgado_2_Familia_Cali,2024,70.0,1.3,5,1,632,1,3,4,599,506.0,Medio
CAL-09309,CALI,VIF,Juzgado_1_Familia_Cali,2024,70.0,1.45,8,1,688,1,3,3,599,525.5,Medio
CAL-01975,CALI,VIF,Juzgado_2_Familia_Cali,2022,70.0,1.3,7,1,641,1,3,4,598,506.0,Medio
CAL-03466,CALI,ALIMENTOS,Comisaria_3_Familia_Cali,2022,70.0,0.9,9,1,643,1,0,2,598,582.0,Medio
CAL-03667,CALI,VIF,Juzgado_2_Familia_Cali,2022,70.0,1.3,7,1,643,1,3,4,598,506.0,Medio
CAL-04076,CALI,SUSTANCIAS,Juzgado_5_Familia_Cali,2021,70.0,0.95,10,1,601,1,2,7,598,518.5,Medio
CAL-07912,CALI,VIF,Juzgado_2_Familia_Cali,2023,70.0,1.3,7,1,635,1,3,4,598,506.0,Medio
CAL-08708,CALI,ALIMENTOS,Comisaria_3_Familia_Cali,2022,70.0,0.9,9,1,636,1,0,2,598,582.0,Medio
CAL-09016,CALI,ALIMENTOS,Comisaria_3_Familia_Cali,2022,70.0,0.9,9,1,654,1,0,2,598,582.0,Medio
CAL-09193,CALI,SUSTANCIAS,Juzgado_5_Familia_Cali,2024,70.0,0.95,7,1,614,1,2,7,598,518.5,Medio
CAL-00105,CALI,VIF,Juzgado_Penal_Municipal_1_Cali,2021,70.0,1.35,7,1,621,1,3,8,597,508.0,Medio
CAL-02370,CALI,HURTO_PATRIMONIAL,Comisaria_3_Familia_Cali,2022,70.0,0.9,2,1,613,1,1,2,597,570.0,Medio
CAL-05027,CALI,SUSTANCIAS,Juzgado_2_Familia_Cali,2024,70.0,1.3,4,1,656,1,2,4,597,526.5,Medio
CAL-06524,CALI,SUSTANCIAS,Juzgado_2_Familia_Cali,2024,70.0,1.3,4,1,640,1,2,4,597,526.5,Medio
CAL-08248,CALI,HURTO_PATRIMONIAL,Comisaria_3_Familia_Cali,2022,70.0,0.9,3,1,565,1,1,2,597,570.0,Medio
CAL-00279,CALI,VIF,Juzgado_1_Familia_Cali,2024,70.0,1.45,5,1,641,1,3,3,596,525.5,Medio
CAL-00625,CALI,SUSTANCIAS,Juzgado_1_Familia_Cali,2021,70.0,1.45,3,1,656,1,2,3,596,558.75,Medio
CAL-02981,CALI,VIF,Juzgado_1_Familia_Cali,2023,70.0,1.45,5,1,658,1,3,3,596,525.5,Medio
CAL-02996,CALI,SUSTANCIAS,Juzgado_1_Familia_Cali,2022,70.0,1.45,6,1,683,1,2,3,596,558.75,Medio
CAL-03273,CALI,VIF,Juzgado_3_Familia_Cali,2021,70.0,1.2,9,1,614,1,3,5,596,514.0,Medio
CAL-03308,CALI,ALIMENTOS,Comisaria_3_Familia_Cali,2023,70.0,0.9,8,1,618,1,0,2,596,582.0,Medio
CAL-03585,CALI,ALIMENTOS,Comisaria_3_Familia_Cali,2023,70.0,0.9,8,1,653,1,0,2,596,582.0,Medio
CAL-05487,CALI,VIF,Juzgado_1_Familia_Cali,2023,70.0,1.45,5,1,647,1,3,3,596,525.5,Medio
CAL-07039,CALI,ALIMENTOS,Comisaria_3_Familia_Cali,2024,70.0,0.9,8,1,622,1,0,2,596,582.0,Medio
CAL-07514,CALI,VIF,Juzgado_1_Familia_Cali,2024,70.0,1.45,5,1,306,0,3,3,596,525.5,Medio
CAL-08874,CALI,VIF,Juzgado_1_Familia_Cali,2024,70.0,1.45,5,1,656,1,3,3,596,525.5,Medio
CAL-09563,CALI,SUSTANCIAS,Juzgado_Penal_Municipal_1_Cali,2023,70.0,1.35,9,1,698,1,2,8,596,542.0,Medio
CAL-00056,CALI,VIF,Juzgado_1_Familia_Cali,2023,70.0,1.45,3,1,608,1,3,3,595,525.5,Medio
CAL-00487,CALI,VIF,Juzgado_2_Familia_Cali,2024,70.0,1.3,8,1,411,0,3,4,595,506.0,Medio
CAL-00508,CALI,VIF,Comisaria_1_Familia_Cali,2023,70.0,1.25,5,1,615,1,3,0,595,486.0,Medio
CAL-00561,CALI,VIF,Juzgado_2_Familia_Cali,2024,70.0,1.3,8,1,642,1,3,4,595,506.0,Medio
CAL-00633,CALI,ALIMENTOS,Juzgado_5_Familia_Cali,2022,70.0,0.95,12,1,334,0,0,7,595,594.0,Medio
CAL-01913,CALI,SUSTANCIAS,Comisaria_1_Familia_Cali,2024,70.0,1.25,2,1,601,1,2,0,595,559.5,Medio
CAL-02135,CALI,VIF,Juzgado_Penal_Municipal_1_Cali,2022,70.0,1.35,7,1,657,1,3,8,595,508.0,Medio
CAL-02964,CALI,VIF,Comisaria_1_Familia_Cali,2023,70.0,1.25,5,1,600,1,3,0,595,486.0,Medio
CAL-02995,CALI,HURTO_PATRIMONIAL,Comisaria_3_Familia_Cali,2023,70.0,0.9,6,1,641,1,1,2,595,570.0,Medio
CAL-03105,CALI,HURTO_PATRIMONIAL,Comisaria_3_Familia_Cali,2024,70.0,0.9,6,1,661,1,1,2,595,570.0,Medio
CAL-03275,CALI,VIF,Comisaria_2_Familia_Cali,2022,70.0,1.1,10,1,632,1,3,1,595,482.0,Medio
CAL-03294,CALI,HURTO_PATRIMONIAL,Comisaria_3_Familia_Cali,2023,70.0,0.9,5,1,556,0,1,2,595,570.0,Medio
CAL-03439,CALI,VIF,Juzgado_1_Familia_Cali,2023,70.0,1.45,3,1,623,1,3,3,595,525.5,Medio
CAL-03536,CALI,VIF,Juzgado_1_Familia_Cali,2024,70.0,1.45,3,1,635,1,3,3,595,525.5,Medio
CAL-04115,CALI,VIF,Comisaria_1_Familia_Cali,2024,70.0,1.25,5,1,600,1,3,0,595,486.0,Medio
CAL-04262,CALI,VIF,Juzgado_2_Familia_Cali,2024,70.0,1.3,8,1,658,1,3,4,595,506.0,Medio
CAL-04675,CALI,SUSTANCIAS,Juzgado_1_Familia_Cali,2024,70.0,1.45,9,1,513,0,2,3,595,558.75,Medio
CAL-04759,CALI,SUSTANCIAS,Juzgado_2_Familia_Cali,2021,70.0,1.3,5,1,606,1,2,4,595,526.5,Medio
CAL-05003,CALI,VIF,Comisaria_1_Familia_Cali,2023,70.0,1.25,5,1,609,1,3,0,595,486.0,Medio
CAL-05597,CALI,SUSTANCIAS,Comisaria_1_Familia_Cali,2023,70.0,1.25,2,1,628,1,2,0,595,559.5,Medio
CAL-05812,CALI,VIF,Juzgado_1_Familia_Cali,2023,70.0,1.45,3,1,636,1,3,3,595,525.5,Medio
CAL-06733,CALI,HURTO_PATRIMONIAL,Comisaria_3_Familia_Cali,2023,70.0,0.9,5,1,621,1,1,2,595,570.0,Medio
CAL-06914,CALI,HURTO_PATRIMONIAL,Comisaria_3_Familia_Cali,2023,70.0,0.9,6,1,627,1,1,2,595,570.0,Medio
CAL-07104,CALI,SUSTANCIAS,Juzgado_Penal_Municipal_2_Cali,2022,70.0,1.15,5,1,623,1,2,9,595,579.75,Medio
CAL-07727,CALI,HURTO_PATRIMONIAL,Comisaria_3_Familia_Cali,2021,70.0,0.9,6,1,653,1,1,2,595,570.0,Medio
CAL-08057,CALI,VIF,Comisaria_1_Familia_Cali,2023,70.0,1.25,5,1,630,1,3,0,595,486.0,Medio
CAL-08090,CALI,VIF,Juzgado_Penal_Municipal_1_Cali,2022,70.0,1.35,7,1,641,1,3,8,595,508.0,Medio
CAL-08091,CALI,VIF,Juzgado_1_Familia_Cali,2023,70.0,1.45,3,1,610,1,3,3,595,525.5,Medio
CAL-09140,CALI,SUSTANCIAS,Juzgado_Penal_Municipal_2_Cali,2021,70.0,1.15,7,1,624,1,2,9,595,579.75,Medio
CAL-09264,CALI,HURTO_PATRIMONIAL,Comisaria_3_Familia_Cali,2024,70.0,0.9,5,1,642,1,1,2,595,570.0,Medio
CAL-02802,CALI,VIF,Juzgado_Penal_Municipal_1_Cali,2023,70.0,1.35,4,1,632,1,3,8,594,508.0,Medio
CAL-03144,CALI,HURTO_PATRIMONIAL,Comisaria_3_Familia_Cali,2022,70.0,0.9,6,1,696,1,1,2,594,570.0,Medio
CAL-04722,CALI,SUSTANCIAS,Juzgado_Penal_Municipal_2_Cali,2024,70.0,1.15,6,1,650,1,2,9,594,579.75,Medio
CAL-06466,CALI,VIF,Juzgado_Penal_Municipal_1_Cali,2023,70.0,1.35,4,1,634,1,3,8,594,508.0,Medio
CAL-08895,CALI,VIF,Juzgado_1_Familia_Cali,2020,70.0,1.45,8,1,682,1,3,3,594,525.5,Medio
CAL-09230,CALI,SUSTANCIAS,Comisaria_1_Familia_Cali,2023,70.0,1.25,1,1,596,1,2,0,594,559.5,Medio
CAL-00518,CALI,VIF,Juzgado_1_Familia_Cali,2023,70.0,1.45,4,1,647,1,3,3,593,525.5,Medio
CAL-00525,CALI,VIF,Juzgado_Penal_Municipal_1_Cali,2021,70.0,1.35,8,1,616,1,3,8,593,508.0,Medio
CAL-01818,CALI,VIF,Juzgado_1_Familia_Cali,2024,70.0,1.45,4,1,641,1,3,3,593,525.5,Medio
CAL-07324,CALI,VIF,Juzgado_1_Familia_Cali,2023,70.0,1.45,4,1,654,1,3,3,593,525.5,Medio
CAL-02360,CALI,SUSTANCIAS,Juzgado_Penal_Municipal_2_Cali,2024,70.0,1.15,3,1,601,1,2,9,592,579.75,Medio
CAL-03357,CALI,SUSTANCIAS,Juzgado_3_Familia_Cali,2024,70.0,1.2,7,1,628,1,2,5,592,501.0,Medio
CAL-03390,CALI,SUSTANCIAS,Juzgado_1_Familia_Cali,2024,70.0,1.45,4,1,670,1,2,3,592,558.75,Medio
CAL-06179,CALI,SUSTANCIAS,Juzgado_Penal_Municipal_2_Cali,2024,70.0,1.15,3,1,585,1,2,9,592,579.75,Medio
CAL-06833,CALI,SUSTANCIAS,Juzgado_Penal_Municipal_2_Cali,2023,70.0,1.15,3,1,612,1,2,9,592,579.75,Medio
CAL-09054,CALI,SUSTANCIAS,Juzgado_3_Familia_Cali,2024,70.0,1.2,7,1,648,1,2,5,592,501.0,Medio
CAL-09162,CALI,SUSTANCIAS,Juzgado_Penal_Municipal_2_Cali,2023,70.0,1.15,3,1,606,1,2,9,592,579.75,Medio
CAL-09262,CALI,SUSTANCIAS,Juzgado_Penal_Municipal_2_Cali,2021,70.0,1.15,4,1,602,1,2,9,592,579.75,Medio
CAL-00346,CALI,ALIMENTOS,Comisaria_3_Familia_Cali,2021,70.0,0.9,8,1,526,0,0,2,591,582.0,Medio
CAL-03166,CALI,SUSTANCIAS,Juzgado_3_Familia_Cali,2023,70.0,1.2,3,1,632,1,2,5,591,501.0,Medio
CAL-04222,CALI,SUSTANCIAS,Juzgado_3_Familia_Cali,2024,70.0,1.2,3,1,614,1,2,5,591,501.0,Medio
CAL-04673,CALI,VIF,Juzgado_Penal_Municipal_1_Cali,2020,70.0,1.35,9,1,649,1,3,8,591,508.0,Medio
CAL-00306,CALI,VIF,Juzgado_1_Familia_Cali,2024,70.0,1.45,2,1,626,1,3,3,590,525.5,Medio
CAL-00543,CALI,SUSTANCIAS,Juzgado_Penal_Municipal_2_Cali,2021,70.0,1.15,5,1,589,1,2,9,590,579.75,Medio
CAL-00800,CALI,VIF,Juzgado_1_Familia_Cali,2023,70.0,1.45,2,1,635,1,3,3,590,525.5,Medio
CAL-01674,CALI,VIF,Juzgado_1_Familia_Cali,2023,70.0,1.45,2,1,635,1,3,3,590,525.5,Medio
CAL-02245,CALI,VIF,Juzgado_2_Familia_Cali,2024,70.0,1.3,4,1,597,1,3,4,590,506.0,Medio
CAL-04411,CALI,VIF,Juzgado_1_Familia_Cali,2023,70.0,1.45,2,1,613,1,3,3,590,525.5,Medio
CAL-05082,CALI,SUSTANCIAS,Juzgado_2_Familia_Cali,2023,70.0,1.3,2,1,617,1,2,4,590,526.5,Medio
CAL-05268,CALI,SUSTANCIAS,Juzgado_3_Familia_Cali,2024,70.0,1.2,12,1,684,1,2,5,590,501.0,Medio
CAL-06591,CALI,SUSTANCIAS,Juzgado_Penal_Municipal_2_Cali,2021,70.0,1.15,5,1,602,1,2,9,590,579.75,Medio
CAL-06909,CALI,VIF,Juzgado_1_Familia_Cali,2023,70.0,1.45,2,1,599,1,3,3,590,525.5,Medio
CAL-07411,CALI,VIF,Juzgado_2_Familia_Cali,2024,70.0,1.3,4,1,607,1,3,4,590,506.0,Medio
CAL-07701,CALI,VIF,Juzgado_2_Familia_Cali,2024,70.0,1.3,4,1,624,1,3,4,590,506.0,Medio
CAL-08903,CALI,HURTO_PATRIMONIAL,Comisaria_3_Familia_Cali,2021,70.0,0.9,4,1,635,1,1,2,590,570.0,Medio
CAL-09051,CALI,SUSTANCIAS,Juzgado_4_Familia_Cali,2021,70.0,1.1,5,1,596,1,2,6,590,498.5,Medio
CAL-09597,CALI,VIF,Juzgado_1_Familia_Cali,2024,70.0,1.45,2,1,621,1,3,3,590,525.5,Medio
CAL-00116,CALI,SUSTANCIAS,Comisaria_2_Familia_Cali,2023,70.0,1.1,5,1,604,1,2,1,589,557.5,Medio
CAL-02155,CALI,VIF,Juzgado_Penal_Municipal_1_Cali,2021,70.0,1.35,5,1,603,1,3,8,589,508.0,Medio
CAL-03337,CALI,VIF,Juzgado_Penal_Municipal_1_Cali,2022,70.0,1.35,5,1,622,1,3,8,589,508.0,Medio
CAL-04271,CALI,SUSTANCIAS,Juzgado_2_Familia_Cali,2021,70.0,1.3,3,1,637,1,2,4,589,526.5,Medio
CAL-05402,CALI,VIF,Juzgado_1_Familia_Cali,2020,70.0,1.45,3,1,621,1,3,3,589,525.5,Medio
CAL-05550,CALI,VIF,Juzgado_Penal_Municipal_1_Cali,2021,70.0,1.35,4,1,615,1,3,8,589,508.0,Medio
CAL-06185,CALI,SUSTANCIAS,Juzgado_Penal_Municipal_2_Cali,2023,70.0,1.15,4,1,595,1,2,9,589,579.75,Medio
CAL-07510,CALI,SUSTANCIAS,Juzgado_Penal_Municipal_2_Cali,2022,70.0,1.15,4,1,616,1,2,9,589,579.75,Medio
CAL-07775,CALI,SUSTANCIAS,Juzgado_2_Familia_Cali,2020,70.0,1.3,3,1,609,1,2,4,589,526.5,Medio
CAL-09604,CALI,SUSTANCIAS,Juzgado_Penal_Municipal_2_Cali,2023,70.0,1.15,4,1,585,1,2,9,589,579.75,Medio
CAL-00635,CALI,SUSTANCIAS,Comisaria_2_Familia_Cali,2023,70.0,1.1,6,1,613,1,2,1,588,557.5,Medio
CAL-00642,CALI,VIF,Juzgado_4_Familia_Cali,2024,70.0,1.1,7,1,597,1,3,6,588,471.5,Medio
CAL-00732,CALI,VIF,Juzgado_2_Familia_Cali,2020,70.0,1.3,4,1,597,1,3,4,588,506.0,Medio
CAL-00990,CALI,SUSTANCIAS,Juzgado_4_Familia_Cali,2024,70.0,1.1,6,1,596,1,2,6,588,498.5,Medio
CAL-01468,CALI,VIF,Comisaria_1_Familia_Cali,2023,70.0,1.25,4,1,600,1,3,0,588,486.0,Medio
CAL-01482,CALI,VIF,Comisaria_1_Familia_Cali,2024,70.0,1.25,4,1,581,1,3,0,588,486.0,Medio
CAL-01699,CALI,VIF,Juzgado_4_Familia_Cali,2023,70.0,1.1,7,1,607,1,3,6,588,471.5,Medio
CAL-02312,CALI,VIF,Juzgado_Penal_Municipal_2_Cali,2021,70.0,1.15,7,1,605,1,3,9,588,483.0,Medio
CAL-02472,CALI,VIF,Juzgado_4_Familia_Cali,2023,70.0,1.1,7,1,612,1,3,6,588,471.5,Medio
CAL-03191,CALI,VIF,Juzgado_4_Familia_Cali,2024,70.0,1.1,7,1,610,1,3,6,588,471.5,Medio
CAL-03258,CALI,VIF,Comisaria_1_Familia_Cali,2023,70.0,1.25,4,1,591,1,3,0,588,486.0,Medio
CAL-03649,CALI,VIF,Comisaria_1_Familia_Cali,2023,70.0,1.25,4,1,593,1,3,0,588,486.0,Medio
CAL-03957,CALI,HURTO_PATRIMONIAL,Comisaria_3_Familia_Cali,2020,70.0,0.9,1,1,575,1,1,2,588,570.0,Medio
CAL-04668,CALI,SUSTANCIAS,Juzgado_3_Familia_Cali,2023,70.0,1.2,5,1,610,1,2,5,588,501.0,Medio
CAL-04753,CALI,VIF,Juzgado_2_Familia_Cali,2020,70.0,1.3,4,1,597,1,3,4,588,506.0,Medio
CAL-05042,CALI,VIF,Juzgado_Penal_Municipal_2_Cali,2021,70.0,1.15,7,1,607,1,3,9,588,483.0,Medio
CAL-06259,CALI,SUSTANCIAS,Comisaria_2_Familia_Cali,2024,70.0,1.1,6,1,626,1,2,1,588,557.5,Medio
CAL-06349,CALI,VIF,Comisaria_1_Familia_Cali,2024,70.0,1.25,4,1,526,0,3,0,588,486.0,Medio
CAL-07330,CALI,HURTO_PATRIMONIAL,Comisaria_3_Familia_Cali,2020,70.0,0.9,1,1,638,1,1,2,588,570.0,Medio
CAL-09077,CALI,SUSTANCIAS,Juzgado_3_Familia_Cali,2024,70.0,1.2,5,1,354,0,2,5,588,501.0,Medio
CAL-09535,CALI,VIF,Juzgado_Penal_Municipal_2_Cali,2021,70.0,1.15,7,1,595,1,3,9,588,483.0,Medio
CAL-09874,CALI,SUSTANCIAS,Comisaria_1_Familia_Cali,2021,70.0,1.25,4,1,607,1,2,0,588,559.5,Medio
CAL-00367,CALI,VIF,Juzgado_2_Familia_Cali,2022,70.0,1.3,5,1,527,0,3,4,587,506.0,Medio
CAL-01825,CALI,VIF,Juzgado_2_Familia_Cali,2022,70.0,1.3,5,1,602,1,3,4,587,506.0,Medio
CAL-01835,CALI,VIF,Juzgado_Penal_Municipal_1_Cali,2024,70.0,1.35,3,1,602,1,3,8,587,508.0,Medio
CAL-03799,CALI,SUSTANCIAS,Juzgado_4_Familia_Cali,2022,70.0,1.1,5,1,589,1,2,6,587,498.5,Medio
CAL-04604,CALI,SUSTANCIAS,Juzgado_4_Familia_Cali,2023,70.0,1.1,5,1,611,1,2,6,587,498.5,Medio
CAL-04711,CALI,VIF,Juzgado_2_Familia_Cali,2021,70.0,1.3,5,1,628,1,3,4,587,506.0,Medio
CAL-04988,CALI,SUSTANCIAS,Juzgado_4_Familia_Cali,2024,70.0,1.1,5,1,593,1,2,6,587,498.5,Medio
CAL-05668,CALI,VIF,Juzgado_Penal_Municipal_2_Cali,2024,70.0,1.15,7,1,608,1,3,9,587,483.0,Medio
CAL-07742,CALI,VIF,Juzgado_Penal_Municipal_1_Cali,2024,70.0,1.35,3,1,593,1,3,8,587,508.0,Medio
CAL-08159,CALI,SUSTANCIAS,Juzgado_Penal_Municipal_1_Cali,2024,70.0,1.35,8,1,712,1,2,8,587,542.0,Medio
CAL-08965,CALI,VIF,Juzgado_Penal_Municipal_1_Cali,2024,70.0,1.35,3,1,631,1,3,8,587,508.0,Medio
CAL-09455,CALI,VIF,Juzgado_3_Familia_Cali,2020,70.0,1.2,10,1,645,1,3,5,587,514.0,Medio
CAL-00204,CALI,SUSTANCIAS,Comisaria_1_Familia_Cali,2021,70.0,1.25,3,1,604,1,2,0,586,559.5,Medio
CAL-00941,CALI,HURTO_PATRIMONIAL,Comisaria_3_Familia_Cali,2020,70.0,0.9,6,1,683,1,1,2,586,570.0,Medio
CAL-00971,CALI,SUSTANCIAS,Juzgado_Penal_Municipal_2_Cali,2022,70.0,1.15,3,1,578,1,2,9,586,579.75,Medio
CAL-01278,CALI,VIF,Juzgado_1_Familia_Cali,2021,70.0,1.45,4,1,630,1,3,3,586,525.5,Medio
CAL-01602,CALI,SUSTANCIAS,Comisaria_1_Familia_Cali,2022,70.0,1.25,6,1,632,1,2,0,586,559.5,Medio
CAL-02518,CALI,SUSTANCIAS,Comisaria_1_Familia_Cali,2021,70.0,1.25,3,1,601,1,2,0,586,559.5,Medio
CAL-03465,CALI,SUSTANCIAS,Comisaria_1_Familia_Cali,2021,70.0,1.25,3,1,609,1,2,0,586,559.5,Medio
CAL-04424,CALI,VIF,Juzgado_4_Familia_Cali,2023,70.0,1.1,8,1,602,1,3,6,586,471.5,Medio
CAL-05959,CALI,SUSTANCIAS,Comisaria_2_Familia_Cali,2021,70.0,1.1,4,1,603,1,2,1,586,557.5,Medio
CAL-06398,CALI,VIF,Juzgado_4_Familia_Cali,2024,70.0,1.1,8,1,597,1,3,6,586,471.5,Medio
CAL-07016,CALI,HURTO_PATRIMONIAL,Comisaria_3_Familia_Cali,2023,70.0,0.9,1,1,593,1,1,2,586,570.0,Medio
CAL-07056,CALI,SUSTANCIAS,Comisaria_1_Familia_Cali,2021,70.0,1.25,3,1,590,1,2,0,586,559.5,Medio
CAL-07907,CALI,VIF,Juzgado_Penal_Municipal_1_Cali,2020,70.0,1.35,5,1,619,1,3,8,586,508.0,Medio
CAL-07991,CALI,SUSTANCIAS,Comisaria_2_Familia_Cali,2021,70.0,1.1,7,1,602,1,2,1,586,557.5,Medio
CAL-08254,CALI,VIF,Juzgado_4_Familia_Cali,2023,70.0,1.1,8,1,624,1,3,6,586,471.5,Medio
CAL-09416,CALI,HURTO_PATRIMONIAL,Comisaria_3_Familia_Cali,2024,70.0,0.9,1,1,629,1,1,2,586,570.0,Medio
CAL-00196,CALI,SUSTANCIAS,Juzgado_Penal_Municipal_1_Cali,2021,70.0,1.35,1,1,580,1,2,8,585,542.0,Medio
CAL-00255,CALI,VIF,Juzgado_2_Familia_Cali,2021,70.0,1.3,4,1,615,1,3,4,585,506.0,Medio
CAL-00453,CALI,SUSTANCIAS,Comisaria_3_Familia_Cali,2024,70.0,0.9,12,1,529,0,2,2,585,460.0,Medio
CAL-01384,CALI,SUSTANCIAS,Juzgado_Penal_Municipal_1_Cali,2021,70.0,1.35,1,1,638,1,2,8,585,542.0,Medio
CAL-01802,CALI,SUSTANCIAS,Juzgado_4_Familia_Cali,2021,70.0,1.1,8,1,613,1,2,6,585,498.5,Medio
CAL-02493,CALI,VIF,Juzgado_5_Familia_Cali,2024,70.0,0.95,16,1,650,1,3,7,585,431.75,Medio
CAL-02499,CALI,VIF,Juzgado_2_Familia_Cali,2021,70.0,1.3,4,1,580,1,3,4,585,506.0,Medio
CAL-02900,CALI,VIF,Comisaria_1_Familia_Cali,2023,70.0,1.25,7,1,621,1,3,0,585,486.0,Medio
CAL-04374,CALI,VIF,Juzgado_Penal_Municipal_1_Cali,2023,70.0,1.35,2,1,597,1,3,8,585,508.0,Medio
CAL-05879,CALI,VIF,Juzgado_1_Familia_Cali,2024,70.0,1.45,6,1,656,1,3,3,585,525.5,Medio
CAL-06579,CALI,VIF,Comisaria_1_Familia_Cali,2023,70.0,1.25,7,1,614,1,3,0,585,486.0,Medio
CAL-06741,CALI,VIF,Juzgado_Penal_Municipal_1_Cali,2023,70.0,1.35,2,1,609,1,3,8,585,508.0,Medio
CAL-06948,CALI,VIF,Juzgado_3_Familia_Cali,2021,70.0,1.2,8,1,630,1,3,5,585,514.0,Medio
CAL-07149,CALI,VIF,Juzgado_2_Familia_Cali,2021,70.0,1.3,4,1,585,1,3,4,585,506.0,Medio
CAL-08270,CALI,VIF,Juzgado_1_Familia_Cali,2024,70.0,1.45,6,1,652,1,3,3,585,525.5,Medio
CAL-08366,CALI,VIF,Comisaria_1_Familia_Cali,2024,70.0,1.25,7,1,619,1,3,0,585,486.0,Medio
CAL-08370,CALI,VIF,Juzgado_Penal_Municipal_1_Cali,2024,70.0,1.35,2,1,622,1,3,8,585,508.0,Medio
CAL-09599,CALI,VIF,Juzgado_Penal_Municipal_1_Cali,2023,70.0,1.35,2,1,607,1,3,8,585,508.0,Medio
CAL-09663,CALI,VIF,Juzgado_2_Familia_Cali,2021,70.0,1.3,4,1,622,1,3,4,585,506.0,Medio
CAL-00017,CALI,ALIMENTOS,Comisaria_3_Familia_Cali,2024,70.0,0.9,5,1,571,1,0,2,584,582.0,Medio
CAL-00437,CALI,SUSTANCIAS,Juzgado_2_Familia_Cali,2022,70.0,1.3,3,1,624,1,2,4,584,526.5,Medio
CAL-01465,CALI,HURTO_PATRIMONIAL,Comisaria_3_Familia_Cali,2024,70.0,0.9,4,1,623,1,1,2,584,570.0,Medio
CAL-02123,CALI,ALIMENTOS,Comisaria_3_Familia_Cali,2023,70.0,0.9,5,1,613,1,0,2,584,582.0,Medio
CAL-02143,CALI,ALIMENTOS,Comisaria_3_Familia_Cali,2024,70.0,0.9,5,1,634,1,0,2,584,582.0,Medio
CAL-02244,CALI,ALIMENTOS,Comisaria_3_Familia_Cali,2024,70.0,0.9,5,1,613,1,0,2,584,582.0,Medio
CAL-02315,CALI,VIF,Juzgado_Penal_Municipal_2_Cali,2021,70.0,1.15,8,1,606,1,3,9,584,483.0,Medio
CAL-04013,CALI,SUSTANCIAS,Juzgado_3_Familia_Cali,2021,70.0,1.2,3,1,575,1,2,5,584,501.0,Medio
CAL-04036,CALI,ALIMENTOS,Comisaria_3_Familia_Cali,2024,70.0,0.9,5,1,597,1,0,2,584,582.0,Medio
CAL-04290,CALI,SUSTANCIAS,Juzgado_2_Familia_Cali,2022,70.0,1.3,3,1,649,1,2,4,584,526.5,Medio
CAL-04555,CALI,ALIMENTOS,Comisaria_3_Familia_Cali,2023,70.0,0.9,5,1,654,1,0,2,584,582.0,Medio
CAL-05272,CALI,ALIMENTOS,Comisaria_3_Familia_Cali,2023,70.0,0.9,5,1,633,1,0,2,584,582.0,Medio
CAL-06103,CALI,SUSTANCIAS,Juzgado_Penal_Municipal_2_Cali,2020,70.0,1.15,6,1,601,1,2,9,584,579.75,Medio
CAL-06756,CALI,ALIMENTOS,Comisaria_3_Familia_Cali,2023,70.0,0.9,5,1,613,1,0,2,584,582.0,Medio
CAL-07051,CALI,VIF,Juzgado_5_Familia_Cali,2024,70.0,0.95,17,1,424,0,3,7,584,431.75,Medio
CAL-07500,CALI,HURTO_PATRIMONIAL,Comisaria_3_Familia_Cali,2024,70.0,0.9,4,1,643,1,1,2,584,570.0,Medio
CAL-08109,CALI,ALIMENTOS,Comisaria_3_Familia_Cali,2024,70.0,0.9,5,1,601,1,0,2,584,582.0,Medio
CAL-08253,CALI,ALIMENTOS,Comisaria_3_Familia_Cali,2024,70.0,0.9,5,1,583,1,0,2,584,582.0,Medio
CAL-08606,CALI,ALIMENTOS,Comisaria_3_Familia_Cali,2024,70.0,0.9,5,1,622,1,0,2,584,582.0,Medio
CAL-09345,CALI,HURTO_PATRIMONIAL,Comisaria_3_Familia_Cali,2024,70.0,0.9,4,1,643,1,1,2,584,570.0,Medio
CAL-05068,CALI,VIF,Comisaria_3_Familia_Cali,2023,70.0,0.9,16,1,619,1,3,2,583,441.0,Medio
CAL-08521,CALI,ALIMENTOS,Comisaria_3_Familia_Cali,2023,70.0,0.9,17,1,529,0,0,2,583,582.0,Medio
CAL-00759,CALI,SUSTANCIAS,Comisaria_2_Familia_Cali,2022,70.0,1.1,6,1,631,1,2,1,582,557.5,Medio
CAL-03278,CALI,VIF,Juzgado_2_Familia_Cali,2024,70.0,1.3,9,1,483,0,3,4,582,506.0,Medio
CAL-03471,CALI,SUSTANCIAS,Juzgado_Penal_Municipal_2_Cali,2020,70.0,1.15,7,1,622,1,2,9,582,579.75,Medio
CAL-04421,CALI,VIF,Comisaria_2_Familia_Cali,2023,70.0,1.1,7,1,633,1,3,1,582,482.0,Medio
CAL-04890,CALI,VIF,Juzgado_1_Familia_Cali,2020,70.0,1.45,2,1,618,1,3,3,582,525.5,Medio
CAL-05682,CALI,VIF,Juzgado_1_Familia_Cali,2020,70.0,1.45,2,1,602,1,3,3,582,525.5,Medio
CAL-05961,CALI,VIF,Juzgado_Penal_Municipal_2_Cali,2023,70.0,1.15,9,1,644,1,3,9,582,483.0,Medio
CAL-06102,CALI,VIF,Juzgado_1_Familia_Cali,2020,70.0,1.45,2,1,648,1,3,3,582,525.5,Medio
CAL-06391,CALI,VIF,Comisaria_2_Familia_Cali,2024,70.0,1.1,7,1,585,1,3,1,582,482.0,Medio
CAL-06662,CALI,SUSTANCIAS,Juzgado_Penal_Municipal_2_Cali,2020,70.0,1.15,3,1,569,1,2,9,582,579.75,Medio
CAL-07188,CALI,SUSTANCIAS,Comisaria_2_Familia_Cali,2022,70.0,1.1,6,1,601,1,2,1,582,557.5,Medio
CAL-08198,CALI,VIF,Comisaria_2_Familia_Cali,2023,70.0,1.1,7,1,603,1,3,1,582,482.0,Medio
CAL-09358,CALI,VIF,Comisaria_2_Familia_Cali,2024,70.0,1.1,7,1,587,1,3,1,582,482.0,Medio
CAL-00913,CALI,VIF,Juzgado_Penal_Municipal_2_Cali,2024,70.0,1.15,8,1,606,1,3,9,581,483.0,Medio
CAL-02101,CALI,SUSTANCIAS,Juzgado_5_Familia_Cali,2023,70.0,0.95,8,1,617,1,2,7,581,518.5,Medio
CAL-02628,CALI,VIF,Juzgado_Penal_Municipal_2_Cali,2024,70.0,1.15,8,1,617,1,3,9,581,483.0,Medio
CAL-03004,CALI,VIF,Juzgado_Penal_Municipal_1_Cali,2020,70.0,1.35,2,1,606,1,3,8,581,508.0,Medio
CAL-05123,CALI,VIF,Juzgado_1_Familia_Cali,2022,70.0,1.45,5,1,644,1,3,3,581,525.5,Medio
CAL-05147,CALI,VIF,Juzgado_Penal_Municipal_2_Cali,2024,70.0,1.15,8,1,623,1,3,9,581,483.0,Medio
CAL-05180,CALI,SUSTANCIAS,Comisaria_1_Familia_Cali,2024,70.0,1.25,8,1,632,1,2,0,581,559.5,Medio
CAL-05379,CALI,SUSTANCIAS,Juzgado_2_Familia_Cali,2023,70.0,1.3,6,1,674,1,2,4,581,526.5,Medio
CAL-06058,CALI,VIF,Juzgado_3_Familia_Cali,2023,70.0,1.2,7,1,597,1,3,5,581,514.0,Medio
CAL-06252,CALI,VIF,Juzgado_Penal_Municipal_1_Cali,2020,70.0,1.35,3,1,419,0,3,8,581,508.0,Medio
CAL-06434,CALI,VIF,Juzgado_1_Familia_Cali,2023,70.0,1.45,19,0,605,1,3,3,581,525.5,Medio
CAL-06786,CALI,VIF,Juzgado_Penal_Municipal_1_Cali,2020,70.0,1.35,3,1,601,1,3,8,581,508.0,Medio
CAL-06854,CALI,VIF,Juzgado_1_Familia_Cali,2022,70.0,1.45,5,1,631,1,3,3,581,525.5,Medio
CAL-07109,CALI,VIF,Juzgado_5_Familia_Cali,2023,70.0,0.95,8,1,570,1,3,7,581,431.75,Medio
CAL-08289,CALI,VIF,Juzgado_5_Familia_Cali,2023,70.0,0.95,8,1,598,1,3,7,581,431.75,Medio
CAL-08290,CALI,VIF,Juzgado_3_Familia_Cali,2024,70.0,1.2,7,1,594,1,3,5,581,514.0,Medio
CAL-08552,CALI,VIF,Juzgado_Penal_Municipal_1_Cali,2020,70.0,1.35,2,1,578,1,3,8,581,508.0,Medio
CAL-01858,CALI,VIF,Juzgado_3_Familia_Cali,2021,70.0,1.2,7,1,604,1,3,5,580,514.0,Medio
CAL-05173,CALI,SUSTANCIAS,Juzgado_Penal_Municipal_2_Cali,2024,70.0,1.15,2,1,599,1,2,9,580,579.75,Medio
CAL-07867,CALI,SUSTANCIAS,Juzgado_Penal_Municipal_2_Cali,2023,70.0,1.15,2,1,563,1,2,9,580,579.75,Medio
CAL-09232,CALI,SUSTANCIAS,Juzgado_Penal_Municipal_2_Cali,2023,70.0,1.15,2,1,593,1,2,9,580,579.75,Medio
CAL-09267,CALI,SUSTANCIAS,Comisaria_1_Familia_Cali,2021,70.0,1.25,6,1,617,1,2,0,580,559.5,Medio
CAL-00524,CALI,HURTO_PATRIMONIAL,Comisaria_3_Familia_Cali,2023,70.0,0.9,7,1,504,0,1,2,579,570.0,Medio
CAL-00998,CALI,HURTO_PATRIMONIAL,Comisaria_3_Familia_Cali,2023,70.0,0.9,7,1,622,1,1,2,579,570.0,Medio
CAL-02945,CALI,HURTO_PATRIMONIAL,Comisaria_3_Familia_Cali,2023,70.0,0.9,7,1,719,1,1,2,579,570.0,Medio
CAL-03187,CALI,HURTO_PATRIMONIAL,Comisaria_3_Familia_Cali,2021,70.0,0.9,5,1,383,0,1,2,579,570.0,Medio
CAL-08723,CALI,SUSTANCIAS,Juzgado_Penal_Municipal_1_Cali,2024,70.0,1.35,1,1,632,1,2,8,579,542.0,Medio
CAL-09402,CALI,SUSTANCIAS,Juzgado_2_Familia_Cali,2020,70.0,1.3,5,1,639,1,2,4,579,526.5,Medio
CAL-09614,CALI,SUSTANCIAS,Juzgado_Penal_Municipal_1_Cali,2024,70.0,1.35,1,1,633,1,2,8,579,542.0,Medio
CAL-02264,CALI,SUSTANCIAS,Juzgado_4_Familia_Cali,2022,70.0,1.1,4,1,602,1,2,6,578,498.5,Medio
CAL-04168,CALI,VIF,Juzgado_2_Familia_Cali,2024,70.0,1.3,6,1,457,0,3,4,578,506.0,Medio
CAL-04662,CALI,VIF,Juzgado_2_Familia_Cali,2020,70.0,1.3,5,1,593,1,3,4,578,506.0,Medio
CAL-04932,CALI,SUSTANCIAS,Comisaria_2_Familia_Cali,2023,70.0,1.1,4,1,584,1,2,1,578,557.5,Medio
CAL-06037,CALI,VIF,Juzgado_2_Familia_Cali,2024,70.0,1.3,6,1,601,1,3,4,578,506.0,Medio
CAL-06096,CALI,SUSTANCIAS,Comisaria_2_Familia_Cali,2024,70.0,1.1,4,1,596,1,2,1,578,557.5,Medio
CAL-08212,CALI,VIF,Juzgado_2_Familia_Cali,2020,70.0,1.3,5,1,580,1,3,4,578,506.0,Medio
CAL-08317,CALI,SUSTANCIAS,Juzgado_4_Familia_Cali,2022,70.0,1.1,4,1,575,1,2,6,578,498.5,Medio
CAL-08936,CALI,VIF,Juzgado_2_Familia_Cali,2020,70.0,1.3,5,1,588,1,3,4,578,506.0,Medio
CAL-09229,CALI,VIF,Juzgado_2_Familia_Cali,2020,70.0,1.3,5,1,603,1,3,4,578,506.0,Medio
CAL-09290,CALI,SUSTANCIAS,Juzgado_4_Familia_Cali,2022,70.0,1.1,4,1,592,1,2,6,578,498.5,Medio
CAL-01718,CALI,VIF,Juzgado_Penal_Municipal_1_Cali,2024,70.0,1.35,8,1,653,1,3,8,577,508.0,Medio
CAL-03557,CALI,VIF,Juzgado_Penal_Municipal_1_Cali,2023,70.0,1.35,9,1,471,0,3,8,577,508.0,Medio
CAL-06107,CALI,VIF,Juzgado_Penal_Municipal_1_Cali,2024,70.0,1.35,8,1,669,1,3,8,577,508.0,Medio
CAL-06436,CALI,SUSTANCIAS,Juzgado_3_Familia_Cali,2024,70.0,1.2,2,1,616,1,2,5,577,501.0,Medio
CAL-08431,CALI,VIF,Juzgado_Penal_Municipal_1_Cali,2024,70.0,1.35,9,1,675,1,3,8,577,508.0,Medio
CAL-00148,CALI,HURTO_PATRIMONIAL,Comisaria_3_Familia_Cali,2022,70.0,0.9,4,1,653,1,1,2,576,570.0,Medio
CAL-00178,CALI,VIF,Juzgado_2_Familia_Cali,2024,70.0,1.3,3,1,623,1,3,4,576,506.0,Medio
CAL-00321,CALI,VIF,Juzgado_2_Familia_Cali,2024,70.0,1.3,3,1,465,0,3,4,576,506.0,Medio
CAL-02087,CALI,VIF,Juzgado_2_Familia_Cali,2023,70.0,1.3,3,1,594,1,3,4,576,506.0,Medio
CAL-02321,CALI,VIF,Juzgado_5_Familia_Cali,2023,70.0,0.95,9,1,606,1,3,7,576,431.75,Medio
CAL-02955,CALI,VIF,Comisaria_1_Familia_Cali,2021,70.0,1.25,4,1,593,1,3,0,576,486.0,Medio
CAL-03299,CALI,VIF,Juzgado_2_Familia_Cali,2024,70.0,1.3,3,1,605,1,3,4,576,506.0,Medio
CAL-03368,CALI,VIF,Comisaria_1_Familia_Cali,2021,70.0,1.25,4,1,573,1,3,0,576,486.0,Medio
CAL-05117,CALI,VIF,Juzgado_1_Familia_Cali,2021,70.0,1.45,5,1,465,0,3,3,576,525.5,Medio
CAL-05716,CALI,VIF,Juzgado_2_Familia_Cali,2024,70.0,1.3,3,1,613,1,3,4,576,506.0,Medio
CAL-06495,CALI,VIF,Juzgado_2_Familia_Cali,2023,70.0,1.3,3,1,577,1,3,4,576,506.0,Medio
CAL-07859,CALI,SUSTANCIAS,Juzgado_1_Familia_Cali,2024,70.0,1.45,1,1,651,1,2,3,576,558.75,Medio
CAL-08626,CALI,VIF,Juzgado_3_Familia_Cali,2023,70.0,1.2,8,1,608,1,3,5,576,514.0,Medio
CAL-09483,CALI,VIF,Juzgado_2_Familia_Cali,2024,70.0,1.3,3,1,601,1,3,4,576,506.0,Medio
CAL-09843,CALI,HURTO_PATRIMONIAL,Comisaria_3_Familia_Cali,2022,70.0,0.9,4,1,553,0,1,2,576,570.0,Medio
CAL-00402,CALI,VIF,Juzgado_2_Familia_Cali,2022,70.0,1.3,4,1,617,1,3,4,575,506.0,Medio
CAL-02527,CALI,SUSTANCIAS,Juzgado_5_Familia_Cali,2023,70.0,0.95,9,1,615,1,2,7,575,518.5,Medio
CAL-03690,CALI,SUSTANCIAS,Comisaria_3_Familia_Cali,2024,70.0,0.9,10,1,595,1,2,2,575,460.0,Medio
CAL-03834,CALI,VIF,Juzgado_3_Familia_Cali,2023,70.0,1.2,5,1,582,1,3,5,575,514.0,Medio
CAL-05304,CALI,VIF,Juzgado_2_Familia_Cali,2022,70.0,1.3,4,1,605,1,3,4,575,506.0,Medio
CAL-06932,CALI,VIF,Juzgado_3_Familia_Cali,2024,70.0,1.2,5,1,623,1,3,5,575,514.0,Medio
CAL-06954,CALI,SUSTANCIAS,Juzgado_5_Familia_Cali,2024,70.0,0.95,9,1,635,1,2,7,575,518.5,Medio
CAL-07006,CALI,VIF,Juzgado_2_Familia_Cali,2022,70.0,1.3,4,1,594,1,3,4,575,506.0,Medio
CAL-07254,CALI,SUSTANCIAS,Juzgado_2_Familia_Cali,2022,70.0,1.3,6,1,302,0,2,4,575,526.5,Medio
CAL-07301,CALI,VIF,Juzgado_2_Familia_Cali,2022,70.0,1.3,4,1,613,1,3,4,575,506.0,Medio
CAL-07789,CALI,VIF,Juzgado_2_Familia_Cali,2022,70.0,1.3,4,1,377,0,3,4,575,506.0,Medio
CAL-08052,CALI,VIF,Juzgado_3_Familia_Cali,2023,70.0,1.2,5,1,598,1,3,5,575,514.0,Medio
CAL-09145,CALI,VIF,Juzgado_3_Familia_Cali,2023,70.0,1.2,5,1,602,1,3,5,575,514.0,Medio
CAL-09450,CALI,SUSTANCIAS,Juzgado_5_Familia_Cali,2024,70.0,0.95,6,1,598,1,2,7,575,518.5,Medio
CAL-09782,CALI,VIF,Juzgado_1_Familia_Cali,2022,70.0,1.45,6,1,648,1,3,3,575,525.5,Medio
CAL-02596,CALI,VIF,Comisaria_2_Familia_Cali,2024,70.0,1.1,5,1,477,0,3,1,574,482.0,Medio
CAL-04298,CALI,VIF,Juzgado_3_Familia_Cali,2021,70.0,1.2,4,1,603,1,3,5,574,514.0,Medio
CAL-07139,CALI,VIF,Comisaria_2_Familia_Cali,2024,70.0,1.1,5,1,379,0,3,1,574,482.0,Medio
CAL-08262,CALI,VIF,Juzgado_1_Familia_Cali,2022,70.0,1.45,4,1,344,0,3,3,574,525.5,Medio
CAL-08494,CALI,VIF,Comisaria_2_Familia_Cali,2024,70.0,1.1,5,1,604,1,3,1,574,482.0,Medio
CAL-09234,CALI,VIF,Juzgado_5_Familia_Cali,2020,70.0,0.95,10,1,580,1,3,7,574,431.75,Medio
CAL-09352,CALI,VIF,Comisaria_2_Familia_Cali,2023,70.0,1.1,5,1,561,1,3,1,574,482.0,Medio
CAL-09401,CALI,VIF,Juzgado_1_Familia_Cali,2022,70.0,1.45,4,1,648,1,3,3,574,525.5,Medio
CAL-09613,CALI,VIF,Comisaria_2_Familia_Cali,2023,70.0,1.1,5,1,583,1,3,1,574,482.0,Medio
CAL-09828,CALI,VIF,Comisaria_2_Familia_Cali,2024,70.0,1.1,5,1,594,1,3,1,574,482.0,Medio
CAL-00095,CALI,VIF,Juzgado_4_Familia_Cali,2024,70.0,1.1,9,1,311,0,3,6,573,471.5,Medio
CAL-00281,CALI,VIF,Juzgado_2_Familia_Cali,2023,70.0,1.3,2,1,611,1,3,4,573,506.0,Medio
CAL-00343,CALI,VIF,Juzgado_2_Familia_Cali,2024,70.0,1.3,2,1,605,1,3,4,573,506.0,Medio
CAL-00594,CALI,VIF,Juzgado_2_Familia_Cali,2024,70.0,1.3,2,1,647,1,3,4,573,506.0,Medio
CAL-01239,CALI,VIF,Juzgado_2_Familia_Cali,2023,70.0,1.3,2,1,611,1,3,4,573,506.0,Medio
CAL-02336,CALI,VIF,Comisaria_2_Familia_Cali,2020,70.0,1.1,13,1,630,1,3,1,573,482.0,Medio
CAL-02907,CALI,VIF,Comisaria_2_Familia_Cali,2024,70.0,1.1,8,1,620,1,3,1,573,482.0,Medio
CAL-03814,CALI,VIF,Comisaria_2_Familia_Cali,2023,70.0,1.1,8,1,624,1,3,1,573,482.0,Medio
CAL-05635,CALI,VIF,Juzgado_4_Familia_Cali,2023,70.0,1.1,9,1,607,1,3,6,573,471.5,Medio
CAL-06062,CALI,VIF,Juzgado_2_Familia_Cali,2023,70.0,1.3,2,1,608,1,3,4,573,506.0,Medio
CAL-08133,CALI,VIF,Juzgado_4_Familia_Cali,2021,70.0,1.1,9,1,614,1,3,6,573,471.5,Medio
CAL-08651,CALI,VIF,Juzgado_2_Familia_Cali,2024,70.0,1.3,2,1,607,1,3,4,573,506.0,Medio
CAL-08796,CALI,SUSTANCIAS,Comisaria_1_Familia_Cali,2022,70.0,1.25,8,1,628,1,2,0,573,559.5,Medio
CAL-09278,CALI,VIF,Juzgado_4_Familia_Cali,2021,70.0,1.1,9,1,617,1,3,6,573,471.5,Medio
CAL-00562,CALI,VIF,Juzgado_Penal_Municipal_1_Cali,2022,70.0,1.35,2,1,603,1,3,8,572,508.0,Medio
CAL-00945,CALI,VIF,Juzgado_3_Familia_Cali,2024,70.0,1.2,4,1,595,1,3,5,572,514.0,Medio
CAL-01761,CALI,VIF,Juzgado_3_Familia_Cali,2024,70.0,1.2,4,1,588,1,3,5,572,514.0,Medio
CAL-04139,CALI,VIF,Juzgado_Penal_Municipal_2_Cali,2021,70.0,1.15,4,1,548,1,3,9,572,483.0,Medio
CAL-04650,CALI,VIF,Juzgado_Penal_Municipal_1_Cali,2022,70.0,1.35,2,1,587,1,3,8,572,508.0,Medio
CAL-05786,CALI,VIF,Juzgado_3_Familia_Cali,2023,70.0,1.2,4,1,591,1,3,5,572,514.0,Medio
CAL-06787,CALI,VIF,Juzgado_3_Familia_Cali,2023,70.0,1.2,4,1,590,1,3,5,572,514.0,Medio
CAL-07372,CALI,SUSTANCIAS,Comisaria_3_Familia_Cali,2021,70.0,0.9,12,1,621,1,2,2,572,460.0,Medio
CAL-08660,CALI,VIF,Juzgado_3_Familia_Cali,2024,70.0,1.2,4,1,581,1,3,5,572,514.0,Medio
CAL-08978,CALI,VIF,Juzgado_2_Familia_Cali,2023,70.0,1.3,19,0,590,1,3,4,572,506.0,Medio
CAL-09919,CALI,VIF,Juzgado_Penal_Municipal_1_Cali,2022,70.0,1.35,2,1,598,1,3,8,572,508.0,Medio
CAL-00119,CALI,VIF,Juzgado_3_Familia_Cali,2022,70.0,1.2,7,1,627,1,3,5,571,514.0,Medio
CAL-01170,CALI,SUSTANCIAS,Juzgado_4_Familia_Cali,2024,70.0,1.1,9,1,652,1,2,6,571,498.5,Medio
CAL-03907,CALI,VIF,Juzgado_Penal_Municipal_1_Cali,2022,70.0,1.35,3,1,604,1,3,8,571,508.0,Medio
CAL-04589,CALI,VIF,Juzgado_3_Familia_Cali,2024,70.0,1.2,9,1,631,1,3,5,571,514.0,Medio
CAL-05178,CALI,VIF,Juzgado_3_Familia_Cali,2023,70.0,1.2,9,1,610,1,3,5,571,514.0,Medio
CAL-06396,CALI,VIF,Juzgado_Penal_Municipal_2_Cali,2021,70.0,1.15,5,1,590,1,3,9,571,483.0,Medio
CAL-08499,CALI,VIF,Juzgado_Penal_Municipal_2_Cali,2022,70.0,1.15,9,1,639,1,3,9,571,483.0,Medio
CAL-09246,CALI,VIF,Juzgado_Penal_Municipal_1_Cali,2022,70.0,1.35,3,1,598,1,3,8,571,508.0,Medio
CAL-00806,CALI,VIF,Comisaria_1_Familia_Cali,2023,70.0,1.25,3,1,575,1,3,0,570,486.0,Medio
CAL-02372,CALI,VIF,Comisaria_1_Familia_Cali,2024,70.0,1.25,3,1,599,1,3,0,570,486.0,Medio
CAL-03788,CALI,SUSTANCIAS,Juzgado_2_Familia_Cali,2024,70.0,1.3,1,1,652,1,2,4,570,526.5,Medio
CAL-03803,CALI,VIF,Comisaria_1_Familia_Cali,2024,70.0,1.25,3,1,603,1,3,0,570,486.0,Medio
CAL-04336,CALI,VIF,Comisaria_1_Familia_Cali,2023,70.0,1.25,3,1,428,0,3,0,570,486.0,Medio
CAL-04433,CALI,VIF,Juzgado_Penal_Municipal_2_Cali,2022,70.0,1.15,8,1,605,1,3,9,570,483.0,Medio
CAL-06777,CALI,VIF,Comisaria_1_Familia_Cali,2024,70.0,1.25,3,1,529,0,3,0,570,486.0,Medio
CAL-07951,CALI,VIF,Juzgado_Penal_Municipal_1_Cali,2021,70.0,1.35,2,1,592,1,3,8,570,508.0,Medio
CAL-09827,CALI,VIF,Comisaria_1_Familia_Cali,2023,70.0,1.25,3,1,601,1,3,0,570,486.0,Medio
CAL-00905,CALI,SUSTANCIAS,Juzgado_3_Familia_Cali,2020,70.0,1.2,9,1,622,1,2,5,569,501.0,Medio
CAL-02235,CALI,SUSTANCIAS,Juzgado_4_Familia_Cali,2024,70.0,1.1,3,1,562,1,2,6,569,498.5,Medio
CAL-03563,CALI,VIF,Juzgado_3_Familia_Cali,2022,70.0,1.2,5,1,589,1,3,5,569,514.0,Medio
CAL-04630,CALI,SUSTANCIAS,Comisaria_2_Familia_Cali,2022,70.0,1.1,3,1,577,1,2,1,569,557.5,Medio
CAL-06080,CALI,SUSTANCIAS,Juzgado_4_Familia_Cali,2020,70.0,1.1,5,1,600,1,2,6,569,498.5,Medio
CAL-07355,CALI,SUSTANCIAS,Juzgado_Penal_Municipal_1_Cali,2024,70.0,1.35,6,1,313,0,2,8,569,542.0,Medio
CAL-07397,CALI,VIF,Juzgado_Penal_Municipal_1_Cali,2020,70.0,1.35,8,1,445,0,3,8,569,508.0,Medio
CAL-08454,CALI,SUSTANCIAS,Comisaria_3_Familia_Cali,2024,70.0,0.9,11,1,586,1,2,2,569,460.0,Medio
CAL-09288,CALI,VIF,Juzgado_3_Familia_Cali,2022,70.0,1.2,5,1,581,1,3,5,569,514.0,Medio
CAL-00057,CALI,VIF,Juzgado_Penal_Municipal_2_Cali,2020,70.0,1.15,4,1,582,1,3,9,568,483.0,Medio
CAL-00618,CALI,VIF,Comisaria_2_Familia_Cali,2024,70.0,1.1,6,1,584,1,3,1,568,482.0,Medio
CAL-00689,CALI,SUSTANCIAS,Juzgado_4_Familia_Cali,2022,70.0,1.1,3,1,593,1,2,6,568,498.5,Medio
CAL-01763,CALI,VIF,Juzgado_Penal_Municipal_2_Cali,2022,70.0,1.15,5,1,593,1,3,9,568,483.0,Medio
CAL-03001,CALI,VIF,Juzgado_Penal_Municipal_2_Cali,2020,70.0,1.15,4,1,599,1,3,9,568,483.0,Medio
CAL-03081,CALI,VIF,Juzgado_Penal_Municipal_2_Cali,2020,70.0,1.15,4,1,563,1,3,9,568,483.0,Medio
CAL-03581,CALI,SUSTANCIAS,Juzgado_3_Familia_Cali,2024,70.0,1.2,6,1,468,0,2,5,568,501.0,Medio
CAL-04822,CALI,VIF,Comisaria_2_Familia_Cali,2024,70.0,1.1,6,1,590,1,3,1,568,482.0,Medio
CAL-04948,CALI,VIF,Juzgado_Penal_Municipal_2_Cali,2022,70.0,1.15,5,1,582,1,3,9,568,483.0,Medio
CAL-05078,CALI,VIF,Comisaria_2_Familia_Cali,2023,70.0,1.1,6,1,605,1,3,1,568,482.0,Medio
CAL-05252,CALI,VIF,Juzgado_Penal_Municipal_2_Cali,2022,70.0,1.15,5,1,586,1,3,9,568,483.0,Medio
CAL-08522,CALI,VIF,Juzgado_4_Familia_Cali,2023,70.0,1.1,5,1,575,1,3,6,568,471.5,Medio
CAL-08526,CALI,VIF,Juzgado_Penal_Municipal_2_Cali,2022,70.0,1.15,5,1,599,1,3,9,568,483.0,Medio
CAL-08696,CALI,VIF,Juzgado_Penal_Municipal_2_Cali,2020,70.0,1.15,4,1,547,1,3,9,568,483.0,Medio
CAL-08780,CALI,VIF,Juzgado_2_Familia_Cali,2023,70.0,1.3,18,0,576,1,3,4,568,506.0,Medio
CAL-09004,CALI,VIF,Juzgado_4_Familia_Cali,2023,70.0,1.1,5,1,575,1,3,6,568,471.5,Medio
CAL-09180,CALI,VIF,Comisaria_2_Familia_Cali,2024,70.0,1.1,6,1,575,1,3,1,568,482.0,Medio
CAL-09216,CALI,VIF,Juzgado_4_Familia_Cali,2024,70.0,1.1,5,1,589,1,3,6,568,471.5,Medio
CAL-09534,CALI,VIF,Comisaria_2_Familia_Cali,2024,70.0,1.1,6,1,569,1,3,1,568,482.0,Medio
CAL-09936,CALI,VIF,Juzgado_4_Familia_Cali,2024,70.0,1.1,5,1,597,1,3,6,568,471.5,Medio
CAL-01939,CALI,VIF,Juzgado_4_Familia_Cali,2021,70.0,1.1,5,1,568,1,3,6,567,471.5,Medio
CAL-02409,CALI,VIF,Juzgado_2_Familia_Cali,2022,70.0,1.3,6,1,629,1,3,4,567,506.0,Medio
CAL-02664,CALI,VIF,Juzgado_4_Familia_Cali,2021,70.0,1.1,5,1,583,1,3,6,567,471.5,Medio
CAL-03768,CALI,VIF,Juzgado_4_Familia_Cali,2021,70.0,1.1,4,1,566,1,3,6,567,471.5,Medio
CAL-04449,CALI,VIF,Comisaria_1_Familia_Cali,2023,70.0,1.25,9,1,662,1,3,0,567,486.0,Medio
CAL-04738,CALI,VIF,Comisaria_3_Familia_Cali,2022,70.0,0.9,11,1,605,1,3,2,567,441.0,Medio
CAL-05827,CALI,SUSTANCIAS,Comisaria_2_Familia_Cali,2023,70.0,1.1,8,1,589,1,2,1,567,557.5,Medio
CAL-05958,CALI,VIF,Juzgado_5_Familia_Cali,2023,70.0,0.95,7,1,584,1,3,7,567,431.75,Medio
CAL-07227,CALI,SUSTANCIAS,Comisaria_2_Familia_Cali,2024,70.0,1.1,8,1,626,1,2,1,567,557.5,Medio
CAL-07418,CALI,VIF,Juzgado_5_Familia_Cali,2022,70.0,0.95,10,1,476,0,3,7,567,431.75,Medio
CAL-01208,CALI,SUSTANCIAS,Juzgado_1_Familia_Cali,2022,70.0,1.45,17,0,645,1,2,3,566,558.75,Medio
CAL-03342,CALI,SUSTANCIAS,Juzgado_5_Familia_Cali,2023,70.0,0.95,5,1,571,1,2,7,566,518.5,Medio
CAL-00129,CALI,VIF,Comisaria_2_Familia_Cali,2024,70.0,1.1,4,1,584,1,3,1,565,482.0,Medio
CAL-00730,CALI,SUSTANCIAS,Juzgado_3_Familia_Cali,2020,70.0,1.2,5,1,599,1,2,5,565,501.0,Medio
CAL-01268,CALI,VIF,Comisaria_2_Familia_Cali,2024,70.0,1.1,4,1,575,1,3,1,565,482.0,Medio
CAL-01744,CALI,VIF,Juzgado_2_Familia_Cali,2021,70.0,1.3,6,1,503,0,3,4,565,506.0,Medio
CAL-01844,CALI,VIF,Comisaria_1_Familia_Cali,2024,70.0,1.25,1,1,580,1,3,0,565,486.0,Medio
CAL-02000,CALI,SUSTANCIAS,Juzgado_3_Familia_Cali,2020,70.0,1.2,5,1,406,0,2,5,565,501.0,Medio
CAL-02114,CALI,VIF,Comisaria_1_Familia_Cali,2023,70.0,1.25,1,1,561,1,3,0,565,486.0,Medio
CAL-02249,CALI,VIF,Juzgado_2_Familia_Cali,2021,70.0,1.3,6,1,621,1,3,4,565,506.0,Medio
CAL-02564,CALI,VIF,Comisaria_1_Familia_Cali,2023,70.0,1.25,1,1,581,1,3,0,565,486.0,Medio
CAL-02883,CALI,VIF,Comisaria_1_Familia_Cali,2024,70.0,1.25,1,1,585,1,3,0,565,486.0,Medio
CAL-03738,CALI,VIF,Comisaria_2_Familia_Cali,2023,70.0,1.1,4,1,601,1,3,1,565,482.0,Medio
CAL-04065,CALI,VIF,Comisaria_1_Familia_Cali,2021,70.0,1.25,6,1,594,1,3,0,565,486.0,Medio
CAL-04427,CALI,VIF,Comisaria_1_Familia_Cali,2023,70.0,1.25,1,1,571,1,3,0,565,486.0,Medio
CAL-04444,CALI,VIF,Juzgado_Penal_Municipal_2_Cali,2022,70.0,1.15,4,1,594,1,3,9,565,483.0,Medio
CAL-04848,CALI,VIF,Juzgado_Penal_Municipal_2_Cali,2022,70.0,1.15,21,0,580,1,3,9,565,483.0,Medio
CAL-04965,CALI,VIF,Comisaria_1_Familia_Cali,2023,70.0,1.25,1,1,585,1,3,0,565,486.0,Medio
CAL-05312,CALI,VIF,Comisaria_2_Familia_Cali,2024,70.0,1.1,4,1,552,1,3,1,565,482.0,Medio
CAL-06144,CALI,VIF,Comisaria_1_Familia_Cali,2023,70.0,1.25,1,1,596,1,3,0,565,486.0,Medio
CAL-06493,CALI,VIF,Comisaria_2_Familia_Cali,2024,70.0,1.1,4,1,379,0,3,1,565,482.0,Medio
CAL-06595,CALI,VIF,Juzgado_Penal_Municipal_2_Cali,2022,70.0,1.15,4,1,574,1,3,9,565,483.0,Medio
CAL-06873,CALI,VIF,Comisaria_2_Familia_Cali,2023,70.0,1.1,4,1,584,1,3,1,565,482.0,Medio
CAL-06950,CALI,VIF,Comisaria_1_Familia_Cali,2023,70.0,1.25,1,1,577,1,3,0,565,486.0,Medio
CAL-08597,CALI,VIF,Juzgado_Penal_Municipal_2_Cali,2022,70.0,1.15,4,1,591,1,3,9,565,483.0,Medio
CAL-08741,CALI,VIF,Comisaria_2_Familia_Cali,2024,70.0,1.1,4,1,250,0,3,1,565,482.0,Medio
CAL-09381,CALI,VIF,Comisaria_2_Familia_Cali,2024,70.0,1.1,4,1,577,1,3,1,565,482.0,Medio
CAL-09590,CALI,VIF,Juzgado_3_Familia_Cali,2023,70.0,1.2,16,1,494,0,3,5,565,514.0,Medio
CAL-00549,CALI,VIF,Juzgado_3_Familia_Cali,2024,70.0,1.2,3,1,591,1,3,5,564,514.0,Medio
CAL-00825,CALI,VIF,Juzgado_2_Familia_Cali,2021,70.0,1.3,3,1,606,1,3,4,564,506.0,Medio
CAL-01366,CALI,VIF,Juzgado_1_Familia_Cali,2021,70.0,1.45,6,1,638,1,3,3,564,525.5,Medio
CAL-02150,CALI,VIF,Comisaria_1_Familia_Cali,2022,70.0,1.25,6,1,621,1,3,0,564,486.0,Medio
CAL-02327,CALI,VIF,Comisaria_1_Familia_Cali,2022,70.0,1.25,6,1,617,1,3,0,564,486.0,Medio
CAL-03050,CALI,VIF,Juzgado_3_Familia_Cali,2022,70.0,1.2,8,1,597,1,3,5,564,514.0,Medio
CAL-03077,CALI,VIF,Juzgado_3_Familia_Cali,2022,70.0,1.2,8,1,628,1,3,5,564,514.0,Medio
CAL-03566,CALI,VIF,Juzgado_3_Familia_Cali,2022,70.0,1.2,4,1,583,1,3,5,564,514.0,Medio
CAL-03755,CALI,VIF,Juzgado_3_Familia_Cali,2024,70.0,1.2,3,1,611,1,3,5,564,514.0,Medio
CAL-03892,CALI,VIF,Juzgado_2_Familia_Cali,2021,70.0,1.3,3,1,464,0,3,4,564,506.0,Medio
CAL-04790,CALI,VIF,Juzgado_3_Familia_Cali,2024,70.0,1.2,3,1,534,1,3,5,564,514.0,Medio
CAL-05317,CALI,VIF,Juzgado_2_Familia_Cali,2021,70.0,1.3,3,1,608,1,3,4,564,506.0,Medio
CAL-05573,CALI,VIF,Juzgado_3_Familia_Cali,2024,70.0,1.2,3,1,574,1,3,5,564,514.0,Medio
CAL-06224,CALI,VIF,Juzgado_3_Familia_Cali,2023,70.0,1.2,3,1,578,1,3,5,564,514.0,Medio
CAL-06693,CALI,VIF,Juzgado_1_Familia_Cali,2023,70.0,1.45,9,1,341,0,3,3,564,525.5,Medio
CAL-07339,CALI,VIF,Juzgado_1_Familia_Cali,2021,70.0,1.45,6,1,636,1,3,3,564,525.5,Medio
CAL-07358,CALI,VIF,Juzgado_1_Familia_Cali,2021,70.0,1.45,6,1,397,0,3,3,564,525.5,Medio
CAL-07412,CALI,VIF,Juzgado_3_Familia_Cali,2024,70.0,1.2,3,1,593,1,3,5,564,514.0,Medio
CAL-07679,CALI,VIF,Juzgado_3_Familia_Cali,2024,70.0,1.2,3,1,604,1,3,5,564,514.0,Medio
CAL-08598,CALI,VIF,Juzgado_3_Familia_Cali,2023,70.0,1.2,3,1,578,1,3,5,564,514.0,Medio
CAL-09158,CALI,VIF,Juzgado_3_Familia_Cali,2023,70.0,1.2,3,1,590,1,3,5,564,514.0,Medio
CAL-09340,CALI,VIF,Juzgado_3_Familia_Cali,2023,70.0,1.2,3,1,575,1,3,5,564,514.0,Medio
CAL-09430,CALI,VIF,Juzgado_3_Familia_Cali,2022,70.0,1.2,8,1,621,1,3,5,564,514.0,Medio
CAL-00166,CALI,VIF,Comisaria_1_Familia_Cali,2023,70.0,1.25,2,1,558,1,3,0,563,486.0,Medio
CAL-00887,CALI,VIF,Juzgado_Penal_Municipal_2_Cali,2023,70.0,1.15,5,1,446,0,3,9,563,483.0,Medio
CAL-02720,CALI,SUSTANCIAS,Juzgado_5_Familia_Cali,2021,70.0,0.95,8,1,551,1,2,7,563,518.5,Medio
CAL-04416,CALI,VIF,Juzgado_Penal_Municipal_2_Cali,2024,70.0,1.15,5,1,582,1,3,9,563,483.0,Medio
CAL-05246,CALI,VIF,Juzgado_Penal_Municipal_2_Cali,2023,70.0,1.15,5,1,358,0,3,9,563,483.0,Medio
CAL-05502,CALI,VIF,Comisaria_1_Familia_Cali,2024,70.0,1.25,2,1,594,1,3,0,563,486.0,Medio
CAL-05593,CALI,SUSTANCIAS,Juzgado_2_Familia_Cali,2020,70.0,1.3,1,1,575,1,2,4,563,526.5,Medio
CAL-05614,CALI,VIF,Juzgado_Penal_Municipal_2_Cali,2023,70.0,1.15,5,1,587,1,3,9,563,483.0,Medio
CAL-08221,CALI,VIF,Comisaria_1_Familia_Cali,2024,70.0,1.25,2,1,592,1,3,0,563,486.0,Medio
CAL-09947,CALI,VIF,Juzgado_Penal_Municipal_2_Cali,2024,70.0,1.15,5,1,586,1,3,9,563,483.0,Medio
CAL-09953,CALI,VIF,Comisaria_1_Familia_Cali,2024,70.0,1.25,2,1,564,1,3,0,563,486.0,Medio
CAL-00774,CALI,VIF,Comisaria_2_Familia_Cali,2021,70.0,1.1,5,1,591,1,3,1,562,482.0,Medio
CAL-01062,CALI,VIF,Juzgado_1_Familia_Cali,2022,70.0,1.45,3,1,597,1,3,3,562,525.5,Medio
CAL-01730,CALI,VIF,Juzgado_4_Familia_Cali,2022,70.0,1.1,7,1,569,1,3,6,562,471.5,Medio
CAL-01799,CALI,VIF,Juzgado_4_Familia_Cali,2023,70.0,1.1,4,1,567,1,3,6,562,471.5,Medio
CAL-01935,CALI,VIF,Juzgado_4_Familia_Cali,2023,70.0,1.1,4,1,579,1,3,6,562,471.5,Medio
CAL-02346,CALI,VIF,Juzgado_4_Familia_Cali,2023,70.0,1.1,4,1,548,1,3,6,562,471.5,Medio
CAL-03239,CALI,VIF,Juzgado_Penal_Municipal_1_Cali,2023,70.0,1.35,6,1,650,1,3,8,562,508.0,Medio
CAL-03617,CALI,VIF,Comisaria_1_Familia_Cali,2022,70.0,1.25,7,1,614,1,3,0,562,486.0,Medio
CAL-04239,CALI,VIF,Juzgado_4_Familia_Cali,2023,70.0,1.1,4,1,551,1,3,6,562,471.5,Medio
CAL-04447,CALI,VIF,Comisaria_1_Familia_Cali,2022,70.0,1.25,7,1,357,0,3,0,562,486.0,Medio
CAL-04882,CALI,VIF,Comisaria_2_Familia_Cali,2021,70.0,1.1,5,1,580,1,3,1,562,482.0,Medio
CAL-04994,CALI,VIF,Juzgado_4_Familia_Cali,2023,70.0,1.1,4,1,595,1,3,6,562,471.5,Medio
CAL-05291,CALI,VIF,Juzgado_4_Familia_Cali,2024,70.0,1.1,4,1,566,1,3,6,562,471.5,Medio
CAL-05369,CALI,VIF,Comisaria_2_Familia_Cali,2021,70.0,1.1,4,1,560,1,3,1,562,482.0,Medio
CAL-06362,CALI,VIF,Comisaria_2_Familia_Cali,2021,70.0,1.1,4,1,591,1,3,1,562,482.0,Medio
CAL-06527,CALI,VIF,Comisaria_2_Familia_Cali,2021,70.0,1.1,4,1,558,1,3,1,562,482.0,Medio
CAL-06870,CALI,VIF,Juzgado_4_Familia_Cali,2023,70.0,1.1,4,1,555,1,3,6,562,471.5,Medio
CAL-07621,CALI,VIF,Juzgado_4_Familia_Cali,2023,70.0,1.1,4,1,559,1,3,6,562,471.5,Medio
CAL-08182,CALI,VIF,Juzgado_4_Familia_Cali,2024,70.0,1.1,4,1,602,1,3,6,562,471.5,Medio
CAL-08194,CALI,VIF,Juzgado_1_Familia_Cali,2022,70.0,1.45,2,1,620,1,3,3,562,525.5,Medio
CAL-08554,CALI,VIF,Juzgado_3_Familia_Cali,2021,70.0,1.2,18,0,577,1,3,5,562,514.0,Medio
CAL-09014,CALI,VIF,Comisaria_1_Familia_Cali,2022,70.0,1.25,7,1,496,0,3,0,562,486.0,Medio
CAL-09779,CALI,VIF,Juzgado_1_Familia_Cali,2022,70.0,1.45,3,1,520,0,3,3,562,525.5,Medio
CAL-00717,CALI,VIF,Juzgado_Penal_Municipal_2_Cali,2024,70.0,1.15,4,1,603,1,3,9,561,483.0,Medio
CAL-01573,CALI,VIF,Juzgado_Penal_Municipal_2_Cali,2024,70.0,1.15,4,1,587,1,3,9,561,483.0,Medio
CAL-01932,CALI,SUSTANCIAS,Comisaria_2_Familia_Cali,2024,70.0,1.1,9,1,639,1,2,1,561,557.5,Medio
CAL-02180,CALI,SUSTANCIAS,Juzgado_5_Familia_Cali,2022,70.0,0.95,6,1,597,1,2,7,561,518.5,Medio
CAL-02294,CALI,VIF,Juzgado_Penal_Municipal_2_Cali,2023,70.0,1.15,4,1,557,1,3,9,561,483.0,Medio
CAL-02912,CALI,VIF,Juzgado_Penal_Municipal_2_Cali,2024,70.0,1.15,4,1,596,1,3,9,561,483.0,Medio
CAL-04328,CALI,VIF,Juzgado_Penal_Municipal_2_Cali,2020,70.0,1.15,6,1,587,1,3,9,561,483.0,Medio
CAL-05107,CALI,VIF,Juzgado_Penal_Municipal_2_Cali,2024,70.0,1.15,4,1,590,1,3,9,561,483.0,Medio
CAL-05149,CALI,VIF,Juzgado_Penal_Municipal_2_Cali,2020,70.0,1.15,8,1,576,1,3,9,561,483.0,Medio
CAL-05876,CALI,VIF,Juzgado_Penal_Municipal_2_Cali,2024,70.0,1.15,4,1,589,1,3,9,561,483.0,Medio
CAL-06227,CALI,VIF,Juzgado_Penal_Municipal_2_Cali,2023,70.0,1.15,4,1,597,1,3,9,561,483.0,Medio
CAL-06767,CALI,VIF,Juzgado_Penal_Municipal_2_Cali,2023,70.0,1.15,4,1,605,1,3,9,561,483.0,Medio
CAL-08971,CALI,VIF,Juzgado_Penal_Municipal_2_Cali,2023,70.0,1.15,4,1,579,1,3,9,561,483.0,Medio
CAL-00711,CALI,SUSTANCIAS,Juzgado_5_Familia_Cali,2023,70.0,0.95,3,1,553,1,2,7,560,518.5,Medio
CAL-03131,CALI,VIF,Juzgado_4_Familia_Cali,2023,70.0,1.1,6,1,577,1,3,6,560,471.5,Medio
CAL-05341,CALI,VIF,Comisaria_2_Familia_Cali,2022,70.0,1.1,5,1,581,1,3,1,560,482.0,Medio
CAL-05740,CALI,VIF,Juzgado_4_Familia_Cali,2023,70.0,1.1,6,1,588,1,3,6,560,471.5,Medio
CAL-06539,CALI,VIF,Comisaria_2_Familia_Cali,2022,70.0,1.1,5,1,570,1,3,1,560,482.0,Medio
CAL-07352,CALI,VIF,Juzgado_4_Familia_Cali,2023,70.0,1.1,6,1,484,0,3,6,560,471.5,Medio
CAL-09840,CALI,SUSTANCIAS,Juzgado_5_Familia_Cali,2024,70.0,0.95,3,1,546,1,2,7,560,518.5,Medio
CAL-04776,CALI,VIF,Comisaria_2_Familia_Cali,2021,70.0,1.1,7,1,590,1,3,1,559,482.0,Medio
CAL-05459,CALI,SUSTANCIAS,Juzgado_4_Familia_Cali,2021,70.0,1.1,2,1,564,1,2,6,559,498.5,Medio
CAL-08344,CALI,VIF,Comisaria_2_Familia_Cali,2021,70.0,1.1,7,1,587,1,3,1,559,482.0,Medio
CAL-01693,CALI,VIF,Juzgado_3_Familia_Cali,2023,70.0,1.2,2,1,578,1,3,5,558,514.0,Medio
CAL-02158,CALI,VIF,Juzgado_Penal_Municipal_1_Cali,2021,70.0,1.35,6,1,639,1,3,8,558,508.0,Medio
CAL-02435,CALI,VIF,Juzgado_Penal_Municipal_2_Cali,2021,70.0,1.15,3,1,583,1,3,9,558,483.0,Medio
CAL-02864,CALI,VIF,Juzgado_3_Familia_Cali,2023,70.0,1.2,2,1,573,1,3,5,558,514.0,Medio
CAL-04053,CALI,VIF,Juzgado_Penal_Municipal_2_Cali,2021,70.0,1.15,3,1,566,1,3,9,558,483.0,Medio
CAL-05328,CALI,VIF,Juzgado_4_Familia_Cali,2022,70.0,1.1,5,1,588,1,3,6,558,471.5,Medio
CAL-07327,CALI,VIF,Juzgado_3_Familia_Cali,2023,70.0,1.2,2,1,580,1,3,5,558,514.0,Medio
CAL-08735,CALI,VIF,Juzgado_Penal_Municipal_2_Cali,2022,70.0,1.15,6,1,509,0,3,9,558,483.0,Medio
CAL-01006,CALI,VIF,Juzgado_Penal_Municipal_1_Cali,2022,70.0,1.35,6,1,543,0,3,8,557,508.0,Medio
CAL-01020,CALI,VIF,Juzgado_Penal_Municipal_1_Cali,2022,70.0,1.35,6,1,656,1,3,8,557,508.0,Medio
CAL-01438,CALI,VIF,Juzgado_Penal_Municipal_1_Cali,2022,70.0,1.35,6,1,649,1,3,8,557,508.0,Medio
CAL-02711,CALI,VIF,Juzgado_Penal_Municipal_2_Cali,2024,70.0,1.15,6,1,604,1,3,9,557,483.0,Medio
CAL-02915,CALI,SUSTANCIAS,Juzgado_4_Familia_Cali,2022,70.0,1.1,11,1,400,0,2,6,557,498.5,Medio
CAL-06514,CALI,VIF,Juzgado_Penal_Municipal_1_Cali,2022,70.0,1.35,6,1,344,0,3,8,557,508.0,Medio
CAL-07122,CALI,SUSTANCIAS,Juzgado_4_Familia_Cali,2021,70.0,1.1,1,1,586,1,2,6,557,498.5,Medio
CAL-07157,CALI,VIF,Juzgado_4_Familia_Cali,2020,70.0,1.1,4,1,559,1,3,6,557,471.5,Medio
CAL-07485,CALI,VIF,Juzgado_2_Familia_Cali,2020,70.0,1.3,6,1,603,1,3,4,557,506.0,Medio
CAL-07585,CALI,VIF,Juzgado_2_Familia_Cali,2022,70.0,1.3,3,1,291,0,3,4,557,506.0,Medio
CAL-01126,CALI,VIF,Juzgado_Penal_Municipal_2_Cali,2020,70.0,1.15,3,1,563,1,3,9,556,483.0,Medio
CAL-01389,CALI,VIF,Juzgado_Penal_Municipal_2_Cali,2020,70.0,1.15,3,1,563,1,3,9,556,483.0,Medio
CAL-02602,CALI,SUSTANCIAS,Juzgado_Penal_Municipal_1_Cali,2020,70.0,1.35,6,1,465,0,2,8,556,542.0,Medio
CAL-08996,CALI,VIF,Juzgado_Penal_Municipal_2_Cali,2020,70.0,1.15,3,1,564,1,3,9,556,483.0,Medio
CAL-00189,CALI,VIF,Juzgado_Penal_Municipal_2_Cali,2024,70.0,1.15,3,1,581,1,3,9,555,483.0,Medio
CAL-04170,CALI,VIF,Juzgado_Penal_Municipal_2_Cali,2023,70.0,1.15,3,1,340,0,3,9,555,483.0,Medio
CAL-04430,CALI,SUSTANCIAS,Juzgado_5_Familia_Cali,2023,70.0,0.95,4,1,528,1,2,7,555,518.5,Medio
CAL-04532,CALI,VIF,Juzgado_Penal_Municipal_2_Cali,2024,70.0,1.15,3,1,555,1,3,9,555,483.0,Medio
CAL-05554,CALI,VIF,Juzgado_Penal_Municipal_2_Cali,2023,70.0,1.15,3,1,585,1,3,9,555,483.0,Medio
CAL-08207,CALI,SUSTANCIAS,Juzgado_5_Familia_Cali,2024,70.0,0.95,4,1,576,1,2,7,555,518.5,Medio
CAL-00117,CALI,VIF,Juzgado_1_Familia_Cali,2023,70.0,1.45,1,1,476,0,3,3,554,525.5,Medio
CAL-01924,CALI,VIF,Juzgado_1_Familia_Cali,2023,70.0,1.45,1,1,592,1,3,3,554,525.5,Medio
CAL-03185,CALI,VIF,Juzgado_1_Familia_Cali,2023,70.0,1.45,1,1,618,1,3,3,554,525.5,Medio
CAL-04477,CALI,VIF,Comisaria_3_Familia_Cali,2023,70.0,0.9,9,1,601,1,3,2,554,441.0,Medio
CAL-05299,CALI,VIF,Comisaria_2_Familia_Cali,2021,70.0,1.1,6,1,483,0,3,1,554,482.0,Medio
CAL-05944,CALI,VIF,Juzgado_3_Familia_Cali,2022,70.0,1.2,3,1,595,1,3,5,554,514.0,Medio
CAL-06505,CALI,VIF,Juzgado_1_Familia_Cali,2024,70.0,1.45,1,1,597,1,3,3,554,525.5,Medio
CAL-06703,CALI,VIF,Juzgado_Penal_Municipal_2_Cali,2022,70.0,1.15,3,1,554,1,3,9,554,483.0,Medio
CAL-07425,CALI,VIF,Juzgado_3_Familia_Cali,2022,70.0,1.2,3,1,601,1,3,5,554,514.0,Medio
CAL-07427,CALI,VIF,Juzgado_3_Familia_Cali,2022,70.0,1.2,3,1,581,1,3,5,554,514.0,Medio
CAL-07454,CALI,VIF,Comisaria_3_Familia_Cali,2023,70.0,0.9,9,1,578,1,3,2,554,441.0,Medio
CAL-08148,CALI,VIF,Juzgado_Penal_Municipal_2_Cali,2022,70.0,1.15,3,1,582,1,3,9,554,483.0,Medio
CAL-08421,CALI,VIF,Juzgado_1_Familia_Cali,2024,70.0,1.45,1,1,607,1,3,3,554,525.5,Medio
CAL-09531,CALI,VIF,Juzgado_Penal_Municipal_2_Cali,2022,70.0,1.15,3,1,573,1,3,9,554,483.0,Medio
CAL-09929,CALI,VIF,Juzgado_1_Familia_Cali,2021,70.0,1.45,2,1,329,0,3,3,554,525.5,Medio
CAL-00509,CALI,VIF,Juzgado_2_Familia_Cali,2022,70.0,1.3,2,1,581,1,3,4,553,506.0,Medio
CAL-02164,CALI,SUSTANCIAS,Juzgado_5_Familia_Cali,2021,70.0,0.95,5,1,527,1,2,7,553,518.5,Medio
CAL-06513,CALI,VIF,Juzgado_2_Familia_Cali,2022,70.0,1.3,2,1,582,1,3,4,553,506.0,Medio
CAL-07699,CALI,VIF,Comisaria_1_Familia_Cali,2021,70.0,1.25,3,1,579,1,3,0,553,486.0,Medio
CAL-09560,CALI,VIF,Comisaria_1_Familia_Cali,2021,70.0,1.25,3,1,582,1,3,0,553,486.0,Medio
CAL-00170,CALI,VIF,Juzgado_4_Familia_Cali,2022,70.0,1.1,4,1,557,1,3,6,552,471.5,Medio
CAL-01260,CALI,VIF,Juzgado_4_Familia_Cali,2022,70.0,1.1,4,1,577,1,3,6,552,471.5,Medio
CAL-02544,CALI,SUSTANCIAS,Juzgado_5_Familia_Cali,2022,70.0,0.95,3,1,575,1,2,7,552,518.5,Medio
CAL-02928,CALI,SUSTANCIAS,Juzgado_5_Familia_Cali,2022,70.0,0.95,3,1,562,1,2,7,552,518.5,Medio
CAL-04571,CALI,VIF,Juzgado_4_Familia_Cali,2022,70.0,1.1,4,1,579,1,3,6,552,471.5,Medio
CAL-05418,CALI,VIF,Juzgado_3_Familia_Cali,2020,70.0,1.2,5,1,584,1,3,5,552,514.0,Medio
CAL-06230,CALI,VIF,Juzgado_4_Familia_Cali,2022,70.0,1.1,4,1,554,1,3,6,552,471.5,Medio
CAL-09842,CALI,VIF,Juzgado_5_Familia_Cali,2021,70.0,0.95,8,1,587,1,3,7,552,431.75,Medio
CAL-09085,CALI,SUSTANCIAS,Juzgado_5_Familia_Cali,2022,70.0,0.95,4,1,539,1,2,7,551,518.5,Medio
CAL-00229,CALI,SUSTANCIAS,Juzgado_4_Familia_Cali,2022,70.0,1.1,9,1,644,1,2,6,550,498.5,Medio
CAL-03938,CALI,VIF,Comisaria_2_Familia_Cali,2022,70.0,1.1,6,1,597,1,3,1,550,482.0,Medio
CAL-07344,CALI,VIF,Juzgado_4_Familia_Cali,2020,70.0,1.1,7,1,591,1,3,6,550,471.5,Medio
CAL-00037,CALI,VIF,Juzgado_4_Familia_Cali,2024,70.0,1.1,3,1,547,1,3,6,549,471.5,Medio
CAL-01116,CALI,VIF,Juzgado_3_Familia_Cali,2023,70.0,1.2,6,1,582,1,3,5,549,514.0,Medio
CAL-01163,CALI,VIF,Juzgado_4_Familia_Cali,2023,70.0,1.1,3,1,563,1,3,6,549,471.5,Medio
CAL-01222,CALI,VIF,Juzgado_Penal_Municipal_2_Cali,2024,70.0,1.15,2,1,564,1,3,9,549,483.0,Medio
CAL-01506,CALI,VIF,Juzgado_Penal_Municipal_2_Cali,2024,70.0,1.15,2,1,572,1,3,9,549,483.0,Medio
CAL-01854,CALI,VIF,Juzgado_4_Familia_Cali,2024,70.0,1.1,3,1,566,1,3,6,549,471.5,Medio
CAL-02808,CALI,VIF,Comisaria_2_Familia_Cali,2022,70.0,1.1,4,1,568,1,3,1,549,482.0,Medio
CAL-02886,CALI,VIF,Juzgado_3_Familia_Cali,2023,70.0,1.2,6,1,592,1,3,5,549,514.0,Medio
CAL-03414,CALI,VIF,Juzgado_Penal_Municipal_2_Cali,2023,70.0,1.15,2,1,576,1,3,9,549,483.0,Medio
CAL-03546,CALI,VIF,Juzgado_3_Familia_Cali,2023,70.0,1.2,6,1,335,0,3,5,549,514.0,Medio
CAL-03693,CALI,VIF,Juzgado_4_Familia_Cali,2023,70.0,1.1,3,1,542,1,3,6,549,471.5,Medio
CAL-04015,CALI,VIF,Juzgado_4_Familia_Cali,2023,70.0,1.1,3,1,568,1,3,6,549,471.5,Medio
CAL-05542,CALI,VIF,Juzgado_Penal_Municipal_2_Cali,2024,70.0,1.15,2,1,566,1,3,9,549,483.0,Medio
CAL-06729,CALI,VIF,Juzgado_3_Familia_Cali,2023,70.0,1.2,6,1,624,1,3,5,549,514.0,Medio
CAL-06782,CALI,VIF,Juzgado_4_Familia_Cali,2023,70.0,1.1,3,1,585,1,3,6,549,471.5,Medio
CAL-06877,CALI,VIF,Juzgado_4_Familia_Cali,2023,70.0,1.1,3,1,554,1,3,6,549,471.5,Medio
CAL-06881,CALI,VIF,Juzgado_Penal_Municipal_2_Cali,2024,70.0,1.15,2,1,561,1,3,9,549,483.0,Medio
CAL-07110,CALI,VIF,Juzgado_Penal_Municipal_2_Cali,2024,70.0,1.15,2,1,591,1,3,9,549,483.0,Medio
CAL-07600,CALI,VIF,Juzgado_Penal_Municipal_2_Cali,2024,70.0,1.15,2,1,572,1,3,9,549,483.0,Medio
CAL-08771,CALI,VIF,Juzgado_Penal_Municipal_2_Cali,2023,70.0,1.15,2,1,545,1,3,9,549,483.0,Medio
CAL-09178,CALI,VIF,Juzgado_Penal_Municipal_2_Cali,2024,70.0,1.15,2,1,586,1,3,9,549,483.0,Medio
CAL-09331,CALI,VIF,Juzgado_4_Familia_Cali,2024,70.0,1.1,3,1,578,1,3,6,549,471.5,Medio
CAL-05722,CALI,VIF,Juzgado_Penal_Municipal_2_Cali,2021,70.0,1.15,25,0,630,1,3,9,548,483.0,Medio
CAL-00981,CALI,VIF,Juzgado_1_Familia_Cali,2022,70.0,1.45,18,0,617,1,3,3,547,525.5,Medio
CAL-01532,CALI,VIF,Juzgado_Penal_Municipal_1_Cali,2024,70.0,1.35,1,1,595,1,3,8,547,508.0,Medio
CAL-03669,CALI,VIF,Juzgado_Penal_Municipal_1_Cali,2024,70.0,1.35,1,1,585,1,3,8,547,508.0,Medio
CAL-04488,CALI,VIF,Juzgado_Penal_Municipal_1_Cali,2024,70.0,1.35,1,1,590,1,3,8,547,508.0,Medio
CAL-04693,CALI,VIF,Juzgado_Penal_Municipal_1_Cali,2023,70.0,1.35,1,1,605,1,3,8,547,508.0,Medio
CAL-02612,CALI,VIF,Juzgado_Penal_Municipal_1_Cali,2022,70.0,1.35,1,1,586,1,3,8,546,508.0,Medio
CAL-04456,CALI,VIF,Juzgado_1_Familia_Cali,2022,70.0,1.45,1,1,601,1,3,3,546,525.5,Medio
CAL-04760,CALI,VIF,Juzgado_Penal_Municipal_1_Cali,2022,70.0,1.35,1,1,382,0,3,8,546,508.0,Medio
CAL-00075,CALI,VIF,Comisaria_2_Familia_Cali,2023,70.0,1.1,3,1,563,1,3,1,545,482.0,Medio
CAL-01181,CALI,VIF,Comisaria_2_Familia_Cali,2024,70.0,1.1,3,1,550,1,3,1,545,482.0,Medio
CAL-01360,CALI,VIF,Comisaria_2_Familia_Cali,2024,70.0,1.1,3,1,370,0,3,1,545,482.0,Medio
CAL-01559,CALI,VIF,Comisaria_2_Familia_Cali,2023,70.0,1.1,3,1,536,1,3,1,545,482.0,Medio
CAL-05254,CALI,VIF,Comisaria_2_Familia_Cali,2024,70.0,1.1,3,1,578,1,3,1,545,482.0,Medio
CAL-07317,CALI,SUSTANCIAS,Juzgado_5_Familia_Cali,2020,70.0,0.95,3,1,538,1,2,7,545,518.5,Medio
CAL-09718,CALI,VIF,Comisaria_2_Familia_Cali,2023,70.0,1.1,3,1,566,1,3,1,545,482.0,Medio
CAL-01359,CALI,SUSTANCIAS,Juzgado_5_Familia_Cali,2021,70.0,0.95,1,1,555,1,2,7,543,518.5,Medio
CAL-03734,CALI,SUSTANCIAS,Juzgado_5_Familia_Cali,2021,70.0,0.95,1,1,530,1,2,7,543,518.5,Medio
CAL-00107,CALI,SUSTANCIAS,Juzgado_4_Familia_Cali,2023,70.0,1.1,2,1,301,0,2,6,542,498.5,Medio
CAL-03057,CALI,VIF,Juzgado_3_Familia_Cali,2020,70.0,1.2,7,1,605,1,3,5,542,514.0,Medio
CAL-05481,CALI,SUSTANCIAS,Juzgado_4_Familia_Cali,2024,70.0,1.1,2,1,305,0,2,6,542,498.5,Medio
CAL-08051,CALI,VIF,Comisaria_3_Familia_Cali,2021,70.0,0.9,9,1,573,1,3,2,542,441.0,Medio
CAL-00436,CALI,VIF,Juzgado_5_Familia_Cali,2023,70.0,0.95,5,1,512,1,3,7,541,431.75,Medio
CAL-01352,CALI,VIF,Juzgado_4_Familia_Cali,2022,70.0,1.1,6,1,440,0,3,6,541,471.5,Medio
CAL-02476,CALI,VIF,Juzgado_4_Familia_Cali,2020,70.0,1.1,8,1,608,1,3,6,541,471.5,Medio
CAL-03019,CALI,VIF,Juzgado_4_Familia_Cali,2020,70.0,1.1,3,1,553,1,3,6,541,471.5,Medio
CAL-03866,CALI,VIF,Juzgado_2_Familia_Cali,2024,70.0,1.3,1,1,564,1,3,4,541,506.0,Medio
CAL-04548,CALI,VIF,Juzgado_5_Familia_Cali,2024,70.0,0.95,5,1,551,1,3,7,541,431.75,Medio
CAL-04616,CALI,VIF,Juzgado_4_Familia_Cali,2022,70.0,1.1,6,1,320,0,3,6,541,471.5,Medio
CAL-04829,CALI,VIF,Juzgado_2_Familia_Cali,2024,70.0,1.3,1,1,582,1,3,4,541,506.0,Medio
CAL-06332,CALI,VIF,Juzgado_5_Familia_Cali,2023,70.0,0.95,5,1,556,1,3,7,541,431.75,Medio
CAL-06946,CALI,VIF,Juzgado_4_Familia_Cali,2020,70.0,1.1,3,1,540,1,3,6,541,471.5,Medio
CAL-07921,CALI,VIF,Juzgado_2_Familia_Cali,2023,70.0,1.3,1,1,455,0,3,4,541,506.0,Medio
CAL-08241,CALI,VIF,Juzgado_4_Familia_Cali,2022,70.0,1.1,6,1,601,1,3,6,541,471.5,Medio
CAL-09812,CALI,VIF,Juzgado_5_Familia_Cali,2023,70.0,0.95,5,1,557,1,3,7,541,431.75,Medio
CAL-00272,CALI,VIF,Juzgado_3_Familia_Cali,2022,70.0,1.2,6,1,621,1,3,5,540,514.0,Medio
CAL-01542,CALI,VIF,Juzgado_4_Familia_Cali,2024,70.0,1.1,19,0,545,1,3,6,540,471.5,Medio
CAL-03698,CALI,VIF,Juzgado_4_Familia_Cali,2020,70.0,1.1,6,1,568,1,3,6,540,471.5,Medio
CAL-06397,CALI,VIF,Juzgado_3_Familia_Cali,2022,70.0,1.2,6,1,293,0,3,5,540,514.0,Medio
CAL-06653,CALI,VIF,Juzgado_3_Familia_Cali,2022,70.0,1.2,6,1,597,1,3,5,540,514.0,Medio
CAL-00882,CALI,VIF,Juzgado_3_Familia_Cali,2021,70.0,1.2,2,1,558,1,3,5,539,514.0,Medio
CAL-02710,CALI,VIF,Juzgado_3_Familia_Cali,2021,70.0,1.2,2,1,563,1,3,5,539,514.0,Medio
CAL-03425,CALI,VIF,Juzgado_Penal_Municipal_1_Cali,2024,70.0,1.35,18,0,616,1,3,8,539,508.0,Medio
CAL-00093,CALI,VIF,Juzgado_3_Familia_Cali,2023,70.0,1.2,1,1,567,1,3,5,538,514.0,Medio
CAL-00258,CALI,VIF,Juzgado_3_Familia_Cali,2024,70.0,1.2,1,1,569,1,3,5,538,514.0,Medio
CAL-01369,CALI,VIF,Juzgado_5_Familia_Cali,2024,70.0,0.95,6,1,560,1,3,7,538,431.75,Medio
CAL-02182,CALI,VIF,Juzgado_5_Familia_Cali,2024,70.0,0.95,6,1,583,1,3,7,538,431.75,Medio
CAL-02313,CALI,VIF,Juzgado_3_Familia_Cali,2024,70.0,1.2,1,1,547,1,3,5,538,514.0,Medio
CAL-02725,CALI,VIF,Juzgado_3_Familia_Cali,2024,70.0,1.2,1,1,570,1,3,5,538,514.0,Medio
CAL-03630,CALI,VIF,Juzgado_3_Familia_Cali,2024,70.0,1.2,1,1,564,1,3,5,538,514.0,Medio
CAL-03953,CALI,VIF,Juzgado_3_Familia_Cali,2023,70.0,1.2,1,1,567,1,3,5,538,514.0,Medio
CAL-04184,CALI,VIF,Juzgado_3_Familia_Cali,2023,70.0,1.2,1,1,554,1,3,5,538,514.0,Medio
CAL-04260,CALI,VIF,Juzgado_5_Familia_Cali,2024,70.0,0.95,6,1,589,1,3,7,538,431.75,Medio
CAL-05005,CALI,VIF,Juzgado_5_Familia_Cali,2024,70.0,0.95,6,1,587,1,3,7,538,431.75,Medio
CAL-06013,CALI,VIF,Juzgado_3_Familia_Cali,2023,70.0,1.2,1,1,576,1,3,5,538,514.0,Medio
CAL-06359,CALI,VIF,Juzgado_4_Familia_Cali,2024,70.0,1.1,18,0,556,1,3,6,538,471.5,Medio
CAL-06772,CALI,VIF,Juzgado_3_Familia_Cali,2023,70.0,1.2,1,1,294,0,3,5,538,514.0,Medio
CAL-08772,CALI,VIF,Juzgado_3_Familia_Cali,2023,70.0,1.2,1,1,549,1,3,5,538,514.0,Medio
CAL-08946,CALI,VIF,Juzgado_3_Familia_Cali,2023,70.0,1.2,1,1,532,1,3,5,538,514.0,Medio
CAL-00700,CALI,VIF,Juzgado_3_Familia_Cali,2021,70.0,1.2,1,1,541,1,3,5,537,514.0,Medio
CAL-02762,CALI,VIF,Juzgado_5_Familia_Cali,2021,70.0,0.95,7,1,569,1,3,7,537,431.75,Medio
CAL-04342,CALI,VIF,Juzgado_4_Familia_Cali,2022,70.0,1.1,3,1,554,1,3,6,537,471.5,Medio
CAL-06847,CALI,VIF,Juzgado_3_Familia_Cali,2021,70.0,1.2,1,1,533,1,3,5,537,514.0,Medio
CAL-07042,CALI,VIF,Juzgado_1_Familia_Cali,2021,70.0,1.45,1,1,444,0,3,3,537,525.5,Medio
CAL-07221,CALI,VIF,Juzgado_1_Familia_Cali,2021,70.0,1.45,1,1,613,1,3,3,537,525.5,Medio
CAL-07989,CALI,VIF,Comisaria_2_Familia_Cali,2022,70.0,1.1,9,1,430,0,3,1,537,482.0,Medio
CAL-08358,CALI,VIF,Juzgado_1_Familia_Cali,2021,70.0,1.45,1,1,599,1,3,3,537,525.5,Medio
CAL-08378,CALI,VIF,Juzgado_4_Familia_Cali,2022,70.0,1.1,9,1,298,0,3,6,537,471.5,Medio
CAL-08737,CALI,VIF,Juzgado_3_Familia_Cali,2021,70.0,1.2,1,1,539,1,3,5,537,514.0,Medio
CAL-09072,CALI,VIF,Juzgado_3_Familia_Cali,2021,70.0,1.2,1,1,557,1,3,5,537,514.0,Medio
CAL-09872,CALI,VIF,Juzgado_4_Familia_Cali,2022,70.0,1.1,3,1,568,1,3,6,537,471.5,Medio
CAL-01689,CALI,VIF,Comisaria_2_Familia_Cali,2021,70.0,1.1,3,1,568,1,3,1,536,482.0,Medio
CAL-02127,CALI,SUSTANCIAS,Juzgado_5_Familia_Cali,2022,70.0,0.95,2,1,523,1,2,7,536,518.5,Medio
CAL-03032,CALI,SUSTANCIAS,Juzgado_5_Familia_Cali,2022,70.0,0.95,2,1,569,1,2,7,536,518.5,Medio
CAL-03245,CALI,VIF,Juzgado_Penal_Municipal_2_Cali,2020,70.0,1.15,1,1,532,1,3,9,536,483.0,Medio
CAL-06285,CALI,SUSTANCIAS,Juzgado_5_Familia_Cali,2022,70.0,0.95,2,1,558,1,2,7,536,518.5,Medio
CAL-07124,CALI,VIF,Juzgado_Penal_Municipal_2_Cali,2022,70.0,1.15,1,1,555,1,3,9,536,483.0,Medio
CAL-08010,CALI,VIF,Juzgado_Penal_Municipal_2_Cali,2020,70.0,1.15,2,1,555,1,3,9,536,483.0,Medio
CAL-09644,CALI,VIF,Juzgado_Penal_Municipal_2_Cali,2020,70.0,1.15,1,1,523,1,3,9,536,483.0,Medio
CAL-01053,CALI,VIF,Juzgado_5_Familia_Cali,2024,70.0,0.95,4,1,552,1,3,7,535,431.75,Medio
CAL-01497,CALI,VIF,Juzgado_5_Familia_Cali,2023,70.0,0.95,4,1,567,1,3,7,535,431.75,Medio
CAL-02004,CALI,VIF,Juzgado_5_Familia_Cali,2024,70.0,0.95,4,1,541,1,3,7,535,431.75,Medio
CAL-03602,CALI,VIF,Juzgado_5_Familia_Cali,2024,70.0,0.95,4,1,549,1,3,7,535,431.75,Medio
CAL-03869,CALI,VIF,Juzgado_5_Familia_Cali,2023,70.0,0.95,4,1,531,1,3,7,535,431.75,Medio
CAL-05795,CALI,VIF,Juzgado_5_Familia_Cali,2023,70.0,0.95,4,1,525,1,3,7,535,431.75,Medio
CAL-08794,CALI,VIF,Juzgado_5_Familia_Cali,2023,70.0,0.95,4,1,563,1,3,7,535,431.75,Medio
CAL-01184,CALI,VIF,Juzgado_5_Familia_Cali,2024,70.0,0.95,20,0,534,1,3,7,534,431.75,Medio
CAL-01472,CALI,VIF,Juzgado_1_Familia_Cali,2023,70.0,1.45,13,0,569,1,3,3,534,525.5,Medio
CAL-05595,CALI,VIF,Juzgado_1_Familia_Cali,2023,70.0,1.45,13,0,571,1,3,3,534,525.5,Medio
CAL-08156,CALI,VIF,Juzgado_1_Familia_Cali,2024,70.0,1.45,13,0,581,1,3,3,534,525.5,Medio
CAL-00233,CALI,VIF,Juzgado_4_Familia_Cali,2021,70.0,1.1,2,1,556,1,3,6,533,471.5,Medio
CAL-00238,CALI,SUSTANCIAS,Comisaria_3_Familia_Cali,2024,70.0,0.9,3,1,553,1,2,2,533,460.0,Medio
CAL-02220,CALI,SUSTANCIAS,Comisaria_3_Familia_Cali,2023,70.0,0.9,3,1,547,1,2,2,533,460.0,Medio
CAL-03020,CALI,SUSTANCIAS,Comisaria_3_Familia_Cali,2023,70.0,0.9,3,1,512,1,2,2,533,460.0,Medio
CAL-04119,CALI,SUSTANCIAS,Comisaria_3_Familia_Cali,2024,70.0,0.9,3,1,538,1,2,2,533,460.0,Medio
CAL-04278,CALI,SUSTANCIAS,Comisaria_3_Familia_Cali,2024,70.0,0.9,3,1,572,1,2,2,533,460.0,Medio
CAL-08078,CALI,SUSTANCIAS,Comisaria_3_Familia_Cali,2024,70.0,0.9,3,1,567,1,2,2,533,460.0,Medio
CAL-01400,CALI,VIF,Juzgado_4_Familia_Cali,2021,70.0,1.1,20,0,560,1,3,6,532,471.5,Medio
CAL-04020,CALI,VIF,Juzgado_5_Familia_Cali,2022,70.0,0.95,7,1,553,1,3,7,532,431.75,Medio
CAL-05935,CALI,VIF,Juzgado_5_Familia_Cali,2022,70.0,0.95,7,1,613,1,3,7,532,431.75,Medio
CAL-07734,CALI,VIF,Juzgado_4_Familia_Cali,2021,70.0,1.1,1,1,543,1,3,6,532,471.5,Medio
CAL-00958,CALI,VIF,Juzgado_Penal_Municipal_2_Cali,2023,70.0,1.15,1,1,549,1,3,9,531,483.0,Medio
CAL-00960,CALI,VIF,Juzgado_Penal_Municipal_2_Cali,2023,70.0,1.15,1,1,549,1,3,9,531,483.0,Medio
CAL-01050,CALI,VIF,Juzgado_Penal_Municipal_2_Cali,2024,70.0,1.15,1,1,554,1,3,9,531,483.0,Medio
CAL-01085,CALI,VIF,Juzgado_Penal_Municipal_2_Cali,2023,70.0,1.15,1,1,579,1,3,9,531,483.0,Medio
CAL-01168,CALI,SUSTANCIAS,Juzgado_4_Familia_Cali,2024,70.0,1.1,1,1,592,1,2,6,531,498.5,Medio
CAL-01947,CALI,VIF,Juzgado_Penal_Municipal_2_Cali,2024,70.0,1.15,1,1,569,1,3,9,531,483.0,Medio
CAL-02786,CALI,VIF,Juzgado_Penal_Municipal_2_Cali,2023,70.0,1.15,1,1,542,1,3,9,531,483.0,Medio
CAL-03103,CALI,VIF,Juzgado_1_Familia_Cali,2024,70.0,1.45,12,0,554,1,3,3,531,525.5,Medio
CAL-03551,CALI,SUSTANCIAS,Juzgado_4_Familia_Cali,2023,70.0,1.1,1,1,590,1,2,6,531,498.5,Medio
CAL-04116,CALI,VIF,Juzgado_Penal_Municipal_2_Cali,2024,70.0,1.15,1,1,560,1,3,9,531,483.0,Medio
CAL-04544,CALI,VIF,Juzgado_1_Familia_Cali,2023,70.0,1.45,12,0,570,1,3,3,531,525.5,Medio
CAL-04843,CALI,SUSTANCIAS,Juzgado_4_Familia_Cali,2023,70.0,1.1,1,1,565,1,2,6,531,498.5,Medio
CAL-05150,CALI,VIF,Juzgado_Penal_Municipal_2_Cali,2023,70.0,1.15,1,1,561,1,3,9,531,483.0,Medio
CAL-05186,CALI,VIF,Juzgado_1_Familia_Cali,2023,70.0,1.45,12,0,557,1,3,3,531,525.5,Medio
CAL-05725,CALI,VIF,Juzgado_Penal_Municipal_2_Cali,2023,70.0,1.15,1,1,546,1,3,9,531,483.0,Medio
CAL-07214,CALI,VIF,Juzgado_Penal_Municipal_2_Cali,2024,70.0,1.15,1,1,548,1,3,9,531,483.0,Medio
CAL-07811,CALI,VIF,Juzgado_Penal_Municipal_2_Cali,2023,70.0,1.15,1,1,549,1,3,9,531,483.0,Medio
CAL-09065,CALI,VIF,Juzgado_1_Familia_Cali,2023,70.0,1.45,12,0,528,1,3,3,531,525.5,Medio
CAL-09073,CALI,SUSTANCIAS,Juzgado_4_Familia_Cali,2023,70.0,1.1,1,1,315,0,2,6,531,498.5,Medio
CAL-09091,CALI,VIF,Juzgado_Penal_Municipal_2_Cali,2024,70.0,1.15,1,1,547,1,3,9,531,483.0,Medio
CAL-09727,CALI,SUSTANCIAS,Juzgado_4_Familia_Cali,2024,70.0,1.1,1,1,582,1,2,6,531,498.5,Medio
CAL-03161,CALI,VIF,Comisaria_1_Familia_Cali,2021,70.0,1.25,1,1,541,1,3,0,530,486.0,Medio
CAL-07881,CALI,VIF,Juzgado_1_Familia_Cali,2023,70.0,1.45,14,0,496,0,3,3,530,525.5,Medio
CAL-08716,CALI,VIF,Comisaria_1_Familia_Cali,2021,70.0,1.25,1,1,563,1,3,0,530,486.0,Medio
CAL-00679,CALI,VIF,Juzgado_4_Familia_Cali,2024,70.0,1.1,2,1,558,1,3,6,529,471.5,Medio
CAL-01725,CALI,VIF,Juzgado_4_Familia_Cali,2023,70.0,1.1,2,1,525,1,3,6,529,471.5,Medio
CAL-04258,CALI,VIF,Juzgado_4_Familia_Cali,2024,70.0,1.1,2,1,544,1,3,6,529,471.5,Medio
CAL-06975,CALI,VIF,Juzgado_3_Familia_Cali,2020,70.0,1.2,8,1,322,0,3,5,529,514.0,Medio
CAL-07078,CALI,VIF,Juzgado_4_Familia_Cali,2024,70.0,1.1,2,1,566,1,3,6,529,471.5,Medio
CAL-01212,CALI,VIF,Juzgado_5_Familia_Cali,2024,70.0,0.95,3,1,527,1,3,7,528,431.75,Medio
CAL-01313,CALI,VIF,Juzgado_5_Familia_Cali,2024,70.0,0.95,3,1,541,1,3,7,528,431.75,Medio
CAL-04422,CALI,VIF,Comisaria_2_Familia_Cali,2022,70.0,1.1,3,1,573,1,3,1,528,482.0,Medio
CAL-04492,CALI,VIF,Juzgado_5_Familia_Cali,2023,70.0,0.95,3,1,508,1,3,7,528,431.75,Medio
CAL-04602,CALI,VIF,Juzgado_5_Familia_Cali,2023,70.0,0.95,3,1,533,1,3,7,528,431.75,Medio
CAL-05351,CALI,VIF,Juzgado_5_Familia_Cali,2023,70.0,0.95,3,1,528,1,3,7,528,431.75,Medio
CAL-06299,CALI,VIF,Comisaria_2_Familia_Cali,2022,70.0,1.1,3,1,310,0,3,1,528,482.0,Medio
CAL-08123,CALI,VIF,Juzgado_5_Familia_Cali,2023,70.0,0.95,3,1,535,1,3,7,528,431.75,Medio
CAL-08961,CALI,VIF,Juzgado_5_Familia_Cali,2023,70.0,0.95,3,1,533,1,3,7,528,431.75,Medio
CAL-00710,CALI,VIF,Comisaria_2_Familia_Cali,2022,70.0,1.1,1,1,541,1,3,1,526,482.0,Medio
CAL-00729,CALI,VIF,Comisaria_3_Familia_Cali,2024,70.0,0.9,8,1,354,0,3,2,526,441.0,Medio
CAL-01793,CALI,VIF,Comisaria_3_Familia_Cali,2024,70.0,0.9,8,1,584,1,3,2,526,441.0,Medio
CAL-03279,CALI,VIF,Juzgado_2_Familia_Cali,2024,70.0,1.3,13,0,533,1,3,4,526,506.0,Medio
CAL-06168,CALI,VIF,Comisaria_2_Familia_Cali,2024,70.0,1.1,19,0,533,1,3,1,526,482.0,Medio
CAL-07791,CALI,VIF,Juzgado_5_Familia_Cali,2022,70.0,0.95,5,1,566,1,3,7,526,431.75,Medio
CAL-07887,CALI,VIF,Juzgado_2_Familia_Cali,2023,70.0,1.3,13,0,520,1,3,4,526,506.0,Medio
CAL-09454,CALI,VIF,Comisaria_3_Familia_Cali,2023,70.0,0.9,8,1,549,1,3,2,526,441.0,Medio
CAL-00880,CALI,VIF,Juzgado_4_Familia_Cali,2022,70.0,1.1,2,1,513,1,3,6,525,471.5,Medio
CAL-01245,CALI,VIF,Comisaria_2_Familia_Cali,2021,70.0,1.1,1,1,551,1,3,1,525,482.0,Medio
CAL-02574,CALI,VIF,Comisaria_2_Familia_Cali,2023,70.0,1.1,1,1,559,1,3,1,525,482.0,Medio
CAL-03268,CALI,VIF,Comisaria_2_Familia_Cali,2021,70.0,1.1,1,1,533,1,3,1,525,482.0,Medio
CAL-03696,CALI,VIF,Comisaria_2_Familia_Cali,2024,70.0,1.1,1,1,546,1,3,1,525,482.0,Medio
CAL-05376,CALI,SUSTANCIAS,Comisaria_3_Familia_Cali,2024,70.0,0.9,4,1,554,1,2,2,525,460.0,Medio
CAL-05803,CALI,VIF,Comisaria_2_Familia_Cali,2023,70.0,1.1,1,1,531,1,3,1,525,482.0,Medio
CAL-05939,CALI,VIF,Juzgado_4_Familia_Cali,2022,70.0,1.1,2,1,540,1,3,6,525,471.5,Medio
CAL-06695,CALI,SUSTANCIAS,Comisaria_3_Familia_Cali,2024,70.0,0.9,4,1,571,1,2,2,525,460.0,Medio
CAL-06808,CALI,SUSTANCIAS,Comisaria_3_Familia_Cali,2024,70.0,0.9,4,1,552,1,2,2,525,460.0,Medio
CAL-08953,CALI,VIF,Comisaria_2_Familia_Cali,2024,70.0,1.1,1,1,543,1,3,1,525,482.0,Medio
CAL-09822,CALI,VIF,Comisaria_2_Familia_Cali,2023,70.0,1.1,1,1,577,1,3,1,525,482.0,Medio
CAL-00266,CALI,VIF,Comisaria_2_Familia_Cali,2023,70.0,1.1,2,1,327,0,3,1,524,482.0,Medio
CAL-00577,CALI,VIF,Juzgado_2_Familia_Cali,2023,70.0,1.3,12,0,529,1,3,4,524,506.0,Medio
CAL-01574,CALI,VIF,Comisaria_2_Familia_Cali,2024,70.0,1.1,2,1,561,1,3,1,524,482.0,Medio
CAL-02734,CALI,VIF,Juzgado_2_Familia_Cali,2024,70.0,1.3,12,0,531,1,3,4,524,506.0,Medio
CAL-05752,CALI,VIF,Juzgado_2_Familia_Cali,2023,70.0,1.3,12,0,522,1,3,4,524,506.0,Medio
CAL-05801,CALI,VIF,Comisaria_2_Familia_Cali,2023,70.0,1.1,2,1,559,1,3,1,524,482.0,Medio
CAL-07014,CALI,VIF,Juzgado_2_Familia_Cali,2024,70.0,1.3,12,0,540,1,3,4,524,506.0,Medio
CAL-07351,CALI,VIF,Comisaria_2_Familia_Cali,2023,70.0,1.1,2,1,556,1,3,1,524,482.0,Medio
CAL-07459,CALI,VIF,Comisaria_2_Familia_Cali,2024,70.0,1.1,2,1,558,1,3,1,524,482.0,Medio
CAL-07519,CALI,VIF,Comisaria_3_Familia_Cali,2024,70.0,0.9,5,1,552,1,3,2,524,441.0,Medio
CAL-08075,CALI,VIF,Comisaria_2_Familia_Cali,2024,70.0,1.1,2,1,555,1,3,1,524,482.0,Medio
CAL-09039,CALI,VIF,Comisaria_2_Familia_Cali,2023,70.0,1.1,2,1,544,1,3,1,524,482.0,Medio
CAL-09064,CALI,VIF,Comisaria_3_Familia_Cali,2023,70.0,0.9,5,1,567,1,3,2,524,441.0,Medio
CAL-09543,CALI,VIF,Comisaria_2_Familia_Cali,2023,70.0,1.1,2,1,544,1,3,1,524,482.0,Medio
CAL-07341,CALI,VIF,Juzgado_4_Familia_Cali,2022,70.0,1.1,1,1,538,1,3,6,522,471.5,Medio
CAL-09443,CALI,VIF,Juzgado_4_Familia_Cali,2022,70.0,1.1,1,1,532,1,3,6,522,471.5,Medio
CAL-05561,CALI,VIF,Juzgado_5_Familia_Cali,2022,70.0,0.95,4,1,549,1,3,7,520,431.75,Medio
CAL-05486,CALI,VIF,Juzgado_5_Familia_Cali,2020,70.0,0.95,4,1,504,1,3,7,519,431.75,Medio
CAL-00712,CALI,VIF,Juzgado_Penal_Municipal_1_Cali,2024,70.0,1.35,14,0,409,0,3,8,518,508.0,Medio
CAL-02277,CALI,VIF,Juzgado_Penal_Municipal_1_Cali,2023,70.0,1.35,14,0,556,1,3,8,518,508.0,Medio
CAL-02354,CALI,VIF,Comisaria_2_Familia_Cali,2020,70.0,1.1,4,1,566,1,3,1,518,482.0,Medio
CAL-02511,CALI,SUSTANCIAS,Comisaria_3_Familia_Cali,2024,70.0,0.9,7,1,606,1,2,2,518,460.0,Medio
CAL-01787,CALI,VIF,Comisaria_3_Familia_Cali,2023,70.0,0.9,6,1,525,1,3,2,517,441.0,Medio
CAL-02053,CALI,VIF,Juzgado_Penal_Municipal_1_Cali,2023,70.0,1.35,16,0,569,1,3,8,517,508.0,Medio
CAL-04639,CALI,VIF,Comisaria_3_Familia_Cali,2023,70.0,0.9,6,1,424,0,3,2,517,441.0,Medio
CAL-05591,CALI,VIF,Comisaria_3_Familia_Cali,2023,70.0,0.9,6,1,558,1,3,2,517,441.0,Medio
CAL-06836,CALI,VIF,Juzgado_5_Familia_Cali,2021,70.0,0.95,3,1,511,1,3,7,517,431.75,Medio
CAL-08166,CALI,VIF,Comisaria_3_Familia_Cali,2024,70.0,0.9,6,1,556,1,3,2,517,441.0,Medio
CAL-09763,CALI,VIF,Comisaria_3_Familia_Cali,2024,70.0,0.9,6,1,553,1,3,2,517,441.0,Medio
CAL-03340,CALI,VIF,Comisaria_2_Familia_Cali,2022,70.0,1.1,2,1,540,1,3,1,516,482.0,Medio
CAL-04312,CALI,VIF,Comisaria_2_Familia_Cali,2022,70.0,1.1,2,1,570,1,3,1,516,482.0,Medio
CAL-04464,CALI,VIF,Comisaria_2_Familia_Cali,2022,70.0,1.1,2,1,547,1,3,1,516,482.0,Medio
CAL-04535,CALI,VIF,Comisaria_2_Familia_Cali,2022,70.0,1.1,2,1,558,1,3,1,516,482.0,Medio
CAL-09637,CALI,VIF,Juzgado_5_Familia_Cali,2020,70.0,0.95,21,0,520,1,3,7,516,431.75,Medio
CAL-00245,CALI,VIF,Juzgado_Penal_Municipal_1_Cali,2024,70.0,1.35,15,0,579,1,3,8,515,508.0,Medio
CAL-02695,CALI,VIF,Comisaria_3_Familia_Cali,2023,70.0,0.9,4,1,538,1,3,2,515,441.0,Medio
CAL-03088,CALI,VIF,Comisaria_3_Familia_Cali,2024,70.0,0.9,4,1,578,1,3,2,515,441.0,Medio
CAL-03887,CALI,VIF,Comisaria_3_Familia_Cali,2023,70.0,0.9,4,1,527,1,3,2,515,441.0,Medio
CAL-04182,CALI,VIF,Juzgado_Penal_Municipal_1_Cali,2023,70.0,1.35,13,0,546,1,3,8,515,508.0,Medio
CAL-05053,CALI,VIF,Comisaria_3_Familia_Cali,2024,70.0,0.9,4,1,555,1,3,2,515,441.0,Medio
CAL-05893,CALI,VIF,Juzgado_5_Familia_Cali,2022,70.0,0.95,6,1,537,1,3,7,515,431.75,Medio
CAL-05920,CALI,VIF,Comisaria_3_Familia_Cali,2023,70.0,0.9,4,1,529,1,3,2,515,441.0,Medio
CAL-06127,CALI,VIF,Juzgado_3_Familia_Cali,2022,70.0,1.2,14,0,535,1,3,5,515,514.0,Medio
CAL-06171,CALI,VIF,Comisaria_3_Familia_Cali,2024,70.0,0.9,4,1,538,1,3,2,515,441.0,Medio
CAL-06217,CALI,VIF,Juzgado_Penal_Municipal_1_Cali,2023,70.0,1.35,13,0,372,0,3,8,515,508.0,Medio
CAL-06276,CALI,VIF,Comisaria_3_Familia_Cali,2024,70.0,0.9,4,1,554,1,3,2,515,441.0,Medio
CAL-06352,CALI,VIF,Comisaria_3_Familia_Cali,2023,70.0,0.9,4,1,522,1,3,2,515,441.0,Medio
CAL-06450,CALI,VIF,Comisaria_3_Familia_Cali,2024,70.0,0.9,4,1,529,1,3,2,515,441.0,Medio
CAL-07319,CALI,VIF,Juzgado_Penal_Municipal_1_Cali,2023,70.0,1.35,15,0,545,1,3,8,515,508.0,Medio
CAL-07815,CALI,VIF,Juzgado_5_Familia_Cali,2022,70.0,0.95,6,1,577,1,3,7,515,431.75,Medio
CAL-07992,CALI,VIF,Comisaria_3_Familia_Cali,2024,70.0,0.9,4,1,533,1,3,2,515,441.0,Medio
CAL-03541,CALI,VIF,Comisaria_2_Familia_Cali,2021,70.0,1.1,2,1,393,0,3,1,514,482.0,Medio
CAL-05217,CALI,VIF,Juzgado_Penal_Municipal_1_Cali,2024,70.0,1.35,12,0,542,1,3,8,514,508.0,Medio
CAL-00167,CALI,VIF,Juzgado_4_Familia_Cali,2024,70.0,1.1,1,1,544,1,3,6,513,471.5,Medio
CAL-01547,CALI,VIF,Juzgado_4_Familia_Cali,2024,70.0,1.1,1,1,540,1,3,6,513,471.5,Medio
CAL-01578,CALI,VIF,Juzgado_4_Familia_Cali,2023,70.0,1.1,1,1,545,1,3,6,513,471.5,Medio
CAL-02368,CALI,VIF,Juzgado_4_Familia_Cali,2024,70.0,1.1,1,1,570,1,3,6,513,471.5,Medio
CAL-02636,CALI,SUSTANCIAS,Comisaria_3_Familia_Cali,2020,70.0,0.9,1,1,504,1,2,2,513,460.0,Medio
CAL-00259,CALI,VIF,Juzgado_2_Familia_Cali,2022,70.0,1.3,12,0,517,1,3,4,512,506.0,Medio
CAL-00310,CALI,VIF,Juzgado_5_Familia_Cali,2020,70.0,0.95,3,1,501,1,3,7,512,431.75,Medio
CAL-01714,CALI,VIF,Juzgado_5_Familia_Cali,2020,70.0,0.95,3,1,522,1,3,7,512,431.75,Medio
CAL-01836,CALI,VIF,Juzgado_Penal_Municipal_2_Cali,2022,70.0,1.15,16,0,518,1,3,9,512,483.0,Medio
CAL-03508,CALI,VIF,Juzgado_5_Familia_Cali,2021,70.0,0.95,6,1,551,1,3,7,511,431.75,Medio
CAL-03870,CALI,VIF,Comisaria_2_Familia_Cali,2020,70.0,1.1,5,1,574,1,3,1,511,482.0,Medio
CAL-07541,CALI,SUSTANCIAS,Comisaria_3_Familia_Cali,2024,70.0,0.9,2,1,548,1,2,2,511,460.0,Medio
CAL-08944,CALI,VIF,Juzgado_5_Familia_Cali,2021,70.0,0.95,6,1,285,0,3,7,511,431.75,Medio
CAL-09781,CALI,VIF,Juzgado_5_Familia_Cali,2022,70.0,0.95,3,1,518,1,3,7,510,431.75,Medio
CAL-02018,CALI,VIF,Comisaria_3_Familia_Cali,2023,70.0,0.9,3,1,523,1,3,2,509,441.0,Medio
CAL-02949,CALI,VIF,Comisaria_3_Familia_Cali,2023,70.0,0.9,3,1,526,1,3,2,509,441.0,Medio
CAL-04946,CALI,VIF,Comisaria_3_Familia_Cali,2024,70.0,0.9,3,1,538,1,3,2,509,441.0,Medio
CAL-05557,CALI,VIF,Comisaria_3_Familia_Cali,2024,70.0,0.9,3,1,381,0,3,2,509,441.0,Medio
CAL-06339,CALI,VIF,Comisaria_3_Familia_Cali,2024,70.0,0.9,3,1,522,1,3,2,509,441.0,Medio
CAL-06348,CALI,VIF,Comisaria_3_Familia_Cali,2023,70.0,0.9,3,1,519,1,3,2,509,441.0,Medio
CAL-07076,CALI,VIF,Comisaria_3_Familia_Cali,2024,70.0,0.9,3,1,530,1,3,2,509,441.0,Medio
CAL-08520,CALI,VIF,Comisaria_3_Familia_Cali,2024,70.0,0.9,3,1,531,1,3,2,509,441.0,Medio
CAL-09586,CALI,VIF,Comisaria_3_Familia_Cali,2024,70.0,0.9,3,1,538,1,3,2,509,441.0,Medio
CAL-09852,CALI,VIF,Comisaria_3_Familia_Cali,2024,70.0,0.9,3,1,539,1,3,2,509,441.0,Medio
CAL-07550,CALI,VIF,Juzgado_2_Familia_Cali,2020,70.0,1.3,12,0,517,1,3,4,508,506.0,Medio
CAL-01084,CALI,VIF,Juzgado_Penal_Municipal_2_Cali,2024,70.0,1.15,14,0,528,1,3,9,507,483.0,Medio
CAL-04259,CALI,VIF,Juzgado_2_Familia_Cali,2024,70.0,1.3,11,0,519,1,3,4,507,506.0,Medio
CAL-08845,CALI,VIF,Juzgado_2_Familia_Cali,2023,70.0,1.3,11,0,513,1,3,4,507,506.0,Medio
CAL-09712,CALI,VIF,Juzgado_2_Familia_Cali,2024,70.0,1.3,11,0,528,1,3,4,507,506.0,Medio
CAL-01129,CALI,VIF,Comisaria_1_Familia_Cali,2021,70.0,1.25,2,1,575,1,3,0,506,486.0,Medio
CAL-03184,CALI,SUSTANCIAS,Comisaria_3_Familia_Cali,2022,70.0,0.9,1,1,509,1,2,2,506,460.0,Medio
CAL-07665,CALI,SUSTANCIAS,Comisaria_3_Familia_Cali,2022,70.0,0.9,1,1,513,1,2,2,506,460.0,Medio
CAL-07943,CALI,VIF,Comisaria_3_Familia_Cali,2024,70.0,0.9,7,1,563,1,3,2,506,441.0,Medio
CAL-08382,CALI,VIF,Comisaria_2_Familia_Cali,2020,70.0,1.1,9,1,607,1,3,1,505,482.0,Medio
CAL-01627,CALI,SUSTANCIAS,Comisaria_3_Familia_Cali,2024,70.0,0.9,8,1,358,0,2,2,504,460.0,Medio
CAL-04216,CALI,VIF,Comisaria_3_Familia_Cali,2022,70.0,0.9,9,1,601,1,3,2,504,441.0,Medio
CAL-05226,CALI,VIF,Comisaria_3_Familia_Cali,2022,70.0,0.9,9,1,545,1,3,2,504,441.0,Medio
CAL-05460,CALI,VIF,Juzgado_Penal_Municipal_2_Cali,2023,70.0,1.15,13,0,511,1,3,9,504,483.0,Medio
CAL-05659,CALI,VIF,Juzgado_Penal_Municipal_2_Cali,2023,70.0,1.15,13,0,499,1,3,9,504,483.0,Medio
CAL-06446,CALI,SUSTANCIAS,Comisaria_3_Familia_Cali,2024,70.0,0.9,8,1,589,1,2,2,504,460.0,Medio
CAL-09687,CALI,VIF,Comisaria_3_Familia_Cali,2022,70.0,0.9,9,1,583,1,3,2,504,441.0,Medio
CAL-00984,CALI,VIF,Juzgado_5_Familia_Cali,2020,70.0,0.95,6,1,535,1,3,7,503,431.75,Medio
CAL-07980,CALI,SUSTANCIAS,Juzgado_3_Familia_Cali,2022,70.0,1.2,13,0,546,1,2,5,503,501.0,Medio
CAL-00139,CALI,VIF,Comisaria_2_Familia_Cali,2020,70.0,1.1,3,1,559,1,3,1,501,482.0,Medio
CAL-04419,CALI,VIF,Comisaria_2_Familia_Cali,2020,70.0,1.1,3,1,539,1,3,1,501,482.0,Medio
CAL-04450,CALI,VIF,Comisaria_3_Familia_Cali,2021,70.0,0.9,8,1,573,1,3,2,501,441.0,Medio
CAL-05310,CALI,SUSTANCIAS,Comisaria_3_Familia_Cali,2022,70.0,0.9,5,1,586,1,2,2,501,460.0,Medio
CAL-08381,CALI,VIF,Comisaria_2_Familia_Cali,2020,70.0,1.1,3,1,329,0,3,1,501,482.0,Medio
CAL-08512,CALI,VIF,Comisaria_3_Familia_Cali,2021,70.0,0.9,8,1,567,1,3,2,501,441.0,Medio
CAL-03168,CALI,VIF,Comisaria_3_Familia_Cali,2023,70.0,0.9,19,0,528,1,3,2,499,441.0,Medio
CAL-03320,CALI,VIF,Comisaria_2_Familia_Cali,2020,70.0,1.1,1,1,529,1,3,1,498,482.0,Medio
CAL-02166,CALI,VIF,Juzgado_Penal_Municipal_2_Cali,2024,70.0,1.15,12,0,503,1,3,9,497,483.0,Medio
CAL-05608,CALI,VIF,Juzgado_Penal_Municipal_2_Cali,2023,70.0,1.15,12,0,510,1,3,9,497,483.0,Medio
CAL-00401,CALI,VIF,Juzgado_Penal_Municipal_2_Cali,2022,70.0,1.15,12,0,484,1,3,9,495,483.0,Medio
CAL-03381,CALI,VIF,Comisaria_3_Familia_Cali,2024,70.0,0.9,17,0,481,1,3,2,492,441.0,Medio
CAL-01643,CALI,VIF,Juzgado_5_Familia_Cali,2021,70.0,0.95,2,1,502,1,3,7,490,431.75,Medio
CAL-05142,CALI,SUSTANCIAS,Comisaria_3_Familia_Cali,2022,70.0,0.9,4,1,378,0,2,2,489,460.0,Medio
CAL-05505,CALI,VIF,Comisaria_3_Familia_Cali,2022,70.0,0.9,18,0,504,1,3,2,489,441.0,Medio
CAL-00780,CALI,VIF,Juzgado_5_Familia_Cali,2021,70.0,0.95,1,1,489,1,3,7,488,431.75,Medio
CAL-03840,CALI,VIF,Juzgado_5_Familia_Cali,2021,70.0,0.95,1,1,521,1,3,7,488,431.75,Medio
CAL-08840,CALI,VIF,Juzgado_5_Familia_Cali,2021,70.0,0.95,1,1,501,1,3,7,488,431.75,Medio
CAL-00617,CALI,VIF,Comisaria_3_Familia_Cali,2021,70.0,0.9,3,1,474,1,3,2,487,441.0,Medio
CAL-05242,CALI,VIF,Comisaria_1_Familia_Cali,2023,70.0,1.25,14,0,515,1,3,0,487,486.0,Medio
CAL-02073,CALI,VIF,Juzgado_Penal_Municipal_2_Cali,2020,70.0,1.15,12,0,477,1,3,9,486,483.0,Medio
CAL-02369,CALI,VIF,Comisaria_3_Familia_Cali,2021,70.0,0.9,5,1,528,1,3,2,486,441.0,Medio
CAL-09896,CALI,VIF,Juzgado_Penal_Municipal_2_Cali,2020,70.0,1.15,12,0,476,1,3,9,486,483.0,Medio
CAL-05922,CALI,VIF,Comisaria_3_Familia_Cali,2022,70.0,0.9,5,1,542,1,3,2,485,441.0,Medio
CAL-00386,CALI,VIF,Comisaria_2_Familia_Cali,2020,70.0,1.1,8,1,278,0,3,1,484,482.0,Medio
CAL-05167,CALI,VIF,Comisaria_3_Familia_Cali,2022,70.0,0.9,17,0,482,1,3,2,483,441.0,Medio
CAL-03349,CALI,VIF,Comisaria_3_Familia_Cali,2021,70.0,0.9,1,1,518,1,3,2,482,441.0,Medio
CAL-05746,CALI,VIF,Comisaria_3_Familia_Cali,2021,70.0,0.9,1,1,492,1,3,2,482,441.0,Medio
CAL-07685,CALI,VIF,Juzgado_5_Familia_Cali,2020,70.0,0.95,1,1,502,1,3,7,482,431.75,Medio
CAL-09957,CALI,VIF,Comisaria_3_Familia_Cali,2021,70.0,0.9,1,1,479,1,3,2,482,441.0,Medio
CAL-07929,CALI,VIF,Comisaria_3_Familia_Cali,2021,70.0,0.9,6,1,556,1,3,2,480,441.0,Medio
CAL-01216,CALI,VIF,Juzgado_5_Familia_Cali,2023,70.0,0.95,2,1,553,1,3,7,479,431.75,Medio
CAL-02036,CALI,VIF,Juzgado_5_Familia_Cali,2024,70.0,0.95,2,1,406,0,3,7,479,431.75,Medio
CAL-02999,CALI,VIF,Juzgado_5_Familia_Cali,2024,70.0,0.95,2,1,535,1,3,7,479,431.75,Medio
CAL-03855,CALI,VIF,Juzgado_5_Familia_Cali,2024,70.0,0.95,2,1,531,1,3,7,479,431.75,Medio
CAL-05375,CALI,VIF,Juzgado_5_Familia_Cali,2024,70.0,0.95,2,1,529,1,3,7,479,431.75,Medio
CAL-08493,CALI,VIF,Juzgado_5_Familia_Cali,2023,70.0,0.95,2,1,527,1,3,7,479,431.75,Medio
CAL-00652,CALI,VIF,Comisaria_3_Familia_Cali,2020,70.0,0.9,1,1,487,1,3,2,478,441.0,Medio
CAL-07528,CALI,SUSTANCIAS,Comisaria_3_Familia_Cali,2022,70.0,0.9,9,1,299,0,2,2,478,460.0,Medio
CAL-08491,CALI,VIF,Comisaria_3_Familia_Cali,2020,70.0,0.9,1,1,525,1,3,2,478,441.0,Medio
CAL-05590,CALI,VIF,Comisaria_3_Familia_Cali,2022,70.0,0.9,3,1,497,1,3,2,476,441.0,Medio
CAL-08040,CALI,VIF,Comisaria_3_Familia_Cali,2022,70.0,0.9,3,1,539,1,3,2,476,441.0,Medio
CAL-09974,CALI,VIF,Comisaria_3_Familia_Cali,2022,70.0,0.9,4,1,520,1,3,2,476,441.0,Medio
CAL-01185,CALI,VIF,Juzgado_5_Familia_Cali,2022,70.0,0.95,2,1,546,1,3,7,474,431.75,Medio
CAL-06974,CALI,VIF,Juzgado_5_Familia_Cali,2022,70.0,0.95,2,1,223,0,3,7,474,431.75,Medio
CAL-08379,CALI,VIF,Juzgado_5_Familia_Cali,2022,70.0,0.95,2,1,512,1,3,7,474,431.75,Medio
CAL-07668,CALI,VIF,Juzgado_4_Familia_Cali,2024,70.0,1.1,14,0,494,1,3,6,473,471.5,Medio
CAL-02764,CALI,VIF,Juzgado_5_Familia_Cali,2023,70.0,0.95,14,0,452,1,3,7,472,431.75,Medio
CAL-03543,CALI,VIF,Juzgado_5_Familia_Cali,2024,70.0,0.95,14,0,472,1,3,7,472,431.75,Medio
CAL-03940,CALI,VIF,Juzgado_5_Familia_Cali,2024,70.0,0.95,15,0,517,1,3,7,472,431.75,Medio
CAL-02202,CALI,VIF,Juzgado_5_Familia_Cali,2022,70.0,0.95,14,0,486,1,3,7,469,431.75,Medio
CAL-04960,CALI,VIF,Comisaria_3_Familia_Cali,2022,70.0,0.9,8,1,340,0,3,2,469,441.0,Medio
CAL-06728,CALI,VIF,Juzgado_5_Familia_Cali,2022,70.0,0.95,14,0,482,1,3,7,469,431.75,Medio
CAL-09539,CALI,VIF,Comisaria_3_Familia_Cali,2022,70.0,0.9,8,1,559,1,3,2,469,441.0,Medio
CAL-00123,CALI,VIF,Comisaria_3_Familia_Cali,2021,70.0,0.9,2,1,525,1,3,2,468,441.0,Medio
CAL-01990,CALI,VIF,Comisaria_3_Familia_Cali,2021,70.0,0.9,2,1,348,0,3,2,468,441.0,Medio
CAL-01586,CALI,VIF,Juzgado_5_Familia_Cali,2022,70.0,0.95,15,0,488,1,3,7,467,431.75,Medio
CAL-04178,CALI,VIF,Comisaria_3_Familia_Cali,2023,70.0,0.9,2,1,307,0,3,2,467,441.0,Medio
CAL-05002,CALI,VIF,Comisaria_3_Familia_Cali,2023,70.0,0.9,2,1,522,1,3,2,467,441.0,Medio
CAL-05955,CALI,VIF,Comisaria_3_Familia_Cali,2024,70.0,0.9,2,1,266,0,3,2,467,441.0,Medio
CAL-06952,CALI,VIF,Comisaria_3_Familia_Cali,2024,70.0,0.9,2,1,529,1,3,2,467,441.0,Medio
CAL-07123,CALI,VIF,Comisaria_3_Familia_Cali,2024,70.0,0.9,2,1,530,1,3,2,467,441.0,Medio
CAL-09462,CALI,VIF,Comisaria_3_Familia_Cali,2024,70.0,0.9,2,1,506,1,3,2,467,441.0,Medio
CAL-09673,CALI,VIF,Comisaria_3_Familia_Cali,2023,70.0,0.9,2,1,518,1,3,2,467,441.0,Medio
CAL-06029,CALI,VIF,Juzgado_5_Familia_Cali,2024,70.0,0.95,13,0,467,1,3,7,466,431.75,Medio
CAL-06333,CALI,VIF,Juzgado_5_Familia_Cali,2023,70.0,0.95,13,0,495,1,3,7,466,431.75,Medio
CAL-05389,CALI,VIF,Comisaria_3_Familia_Cali,2024,70.0,0.9,1,1,497,1,3,2,465,441.0,Medio
CAL-09600,CALI,VIF,Comisaria_3_Familia_Cali,2024,70.0,0.9,1,1,500,1,3,2,465,441.0,Medio
CAL-09497,CALI,VIF,Comisaria_3_Familia_Cali,2020,70.0,0.9,2,1,505,1,3,2,462,441.0,Medio
CAL-00252,CALI,VIF,Comisaria_3_Familia_Cali,2023,70.0,0.9,14,0,441,1,3,2,461,441.0,Medio
CAL-09044,CALI,VIF,Comisaria_3_Familia_Cali,2024,70.0,0.9,14,0,478,1,3,2,461,441.0,Medio
CAL-00867,CALI,VIF,Juzgado_5_Familia_Cali,2024,70.0,0.95,1,1,523,1,3,7,460,431.75,Medio
CAL-00928,CALI,VIF,Juzgado_5_Familia_Cali,2024,70.0,0.95,1,1,490,1,3,7,460,431.75,Medio
CAL-07470,CALI,VIF,Juzgado_5_Familia_Cali,2023,70.0,0.95,1,1,279,0,3,7,460,431.75,Medio
CAL-09859,CALI,VIF,Juzgado_5_Familia_Cali,2021,70.0,0.95,16,0,463,1,3,7,458,431.75,Medio
CAL-01695,CALI,VIF,Comisaria_3_Familia_Cali,2020,70.0,0.9,6,1,541,1,3,2,457,441.0,Medio
CAL-02737,CALI,VIF,Juzgado_5_Familia_Cali,2020,70.0,0.95,15,0,481,1,3,7,456,431.75,Medio
CAL-07648,CALI,VIF,Juzgado_5_Familia_Cali,2020,70.0,0.95,15,0,458,1,3,7,456,431.75,Medio
CAL-01531,CALI,VIF,Comisaria_3_Familia_Cali,2024,70.0,0.9,13,0,475,1,3,2,455,441.0,Medio
CAL-01995,CALI,VIF,Comisaria_3_Familia_Cali,2024,70.0,0.9,13,0,262,0,3,2,455,441.0,Medio
CAL-02669,CALI,VIF,Comisaria_3_Familia_Cali,2024,70.0,0.9,13,0,447,1,3,2,455,441.0,Medio
CAL-08208,CALI,VIF,Comisaria_3_Familia_Cali,2024,70.0,0.9,13,0,482,1,3,2,455,441.0,Medio
CAL-02914,CALI,VIF,Comisaria_3_Familia_Cali,2024,70.0,0.9,12,0,468,1,3,2,453,441.0,Medio
CAL-06249,CALI,VIF,Comisaria_3_Familia_Cali,2023,70.0,0.9,12,0,457,1,3,2,453,441.0,Medio
CAL-02806,CALI,VIF,Juzgado_5_Familia_Cali,2024,70.0,0.95,11,0,454,1,3,7,452,431.75,Medio
CAL-03041,CALI,VIF,Juzgado_5_Familia_Cali,2023,70.0,0.95,11,0,337,0,3,7,452,431.75,Medio
CAL-03119,CALI,VIF,Juzgado_5_Familia_Cali,2023,70.0,0.95,11,0,465,1,3,7,452,431.75,Medio
CAL-03752,CALI,VIF,Juzgado_5_Familia_Cali,2021,70.0,0.95,14,0,470,1,3,7,452,431.75,Medio
CAL-05241,CALI,VIF,Juzgado_5_Familia_Cali,2024,70.0,0.95,11,0,468,1,3,7,452,431.75,Medio
CAL-06000,CALI,VIF,Juzgado_5_Familia_Cali,2023,70.0,0.95,11,0,453,1,3,7,452,431.75,Medio
CAL-08585,CALI,VIF,Comisaria_3_Familia_Cali,2020,70.0,0.9,7,1,539,1,3,2,452,441.0,Medio
CAL-09427,CALI,VIF,Juzgado_5_Familia_Cali,2023,70.0,0.95,11,0,479,1,3,7,452,431.75,Medio
CAL-06779,CALI,VIF,Comisaria_3_Familia_Cali,2020,70.0,0.9,5,1,344,0,3,2,451,441.0,Medio
CAL-08474,CALI,VIF,Comisaria_3_Familia_Cali,2020,70.0,0.9,5,1,290,0,3,2,451,441.0,Medio
CAL-04549,CALI,VIF,Comisaria_3_Familia_Cali,2022,70.0,0.9,15,0,470,1,3,2,450,441.0,Medio
CAL-00094,CALI,VIF,Comisaria_3_Familia_Cali,2022,70.0,0.9,7,1,299,0,3,2,449,441.0,Medio
CAL-03913,CALI,VIF,Comisaria_3_Familia_Cali,2022,70.0,0.9,7,1,323,0,3,2,449,441.0,Medio
CAL-09684,CALI,VIF,Comisaria_3_Familia_Cali,2022,70.0,0.9,13,0,449,1,3,2,446,441.0,Medio
CAL-00841,CALI,VIF,Comisaria_3_Familia_Cali,2023,70.0,0.9,11,0,464,1,3,2,443,441.0,Medio
CAL-01610,CALI,VIF,Comisaria_3_Familia_Cali,2024,70.0,0.9,11,0,439,1,3,2,443,441.0,Medio
CAL-05497,CALI,VIF,Comisaria_3_Familia_Cali,2023,70.0,0.9,11,0,447,1,3,2,443,441.0,Medio
CAL-05788,CALI,VIF,Comisaria_3_Familia_Cali,2024,70.0,0.9,11,0,448,1,3,2,443,441.0,Medio
CAL-01038,CALI,VIF,Juzgado_5_Familia_Cali,2021,70.0,0.95,12,0,434,1,3,7,437,431.75,Medio
CAL-01157,CALI,VIF,Juzgado_5_Familia_Cali,2023,70.0,0.95,10,0,433,1,3,7,436,431.75,Medio
CAL-04179,CALI,VIF,Juzgado_5_Familia_Cali,2023,70.0,0.95,10,0,449,1,3,7,436,431.75,Medio
CAL-07439,CALI,VIF,Juzgado_5_Familia_Cali,2023,70.0,0.95,10,0,419,1,3,7,436,431.75,Medio
